source,period,vehicle,from_store,to_store,sku,lt_qty,lt_unit_cost,lt_fixed_cost,lt_total_cost,pattern_id,lambda_value
CG_LT,100,,MM BIEN HOA,MM DA NANG,AN RICE CRACKER SEAWEED 111.3G,2.967682,0.6,0.680154,2.460763,LT_AN RICE CRACKER SEAWEED 111.3G_T100_1,0.340077
CG_LT,100,,MM BINH DUONG,MM BINH PHU,AN RICE CRACKER SEAWEED 111.3G,2.691155,0.6,0.680154,2.294846,LT_AN RICE CRACKER SEAWEED 111.3G_T100_1,0.340077
CG_LT,100,,MM HIEP PHU,MM AN PHU,AN RICE CRACKER SEAWEED 111.3G,1.962706,0.6,0.680154,1.857777,LT_AN RICE CRACKER SEAWEED 111.3G_T100_1,0.340077
CG_LT,100,,MM BIEN HOA,MM AN PHU,AN RICE CRACKER SEAWEED 111.3G,6.297912,0.6,2.0,5.778747,LT_AN RICE CRACKER SEAWEED 111.3G_T100_3,1.0
CG_LT,100,,MM HIEP PHU,MM BINH PHU,AN RICE CRACKER SEAWEED 111.3G,6.913239,0.6,2.0,6.147943,LT_AN RICE CRACKER SEAWEED 111.3G_T100_3,1.0
CG_LT,100,,MM BIEN HOA,MM DA NANG,AN RICE CRACKER SEAWEED 111.3G,7.426544,0.6,2.0,6.455926,LT_AN RICE CRACKER SEAWEED 111.3G_T100_4,1.0
CG_LT,100,,MM BINH DUONG,MM BINH PHU,AN RICE CRACKER SEAWEED 111.3G,9.455505,0.6,2.0,7.673303,LT_AN RICE CRACKER SEAWEED 111.3G_T100_4,1.0
CG_LT,100,,MM BINH DUONG,MM DA NANG,AN RICE CRACKER SEAWEED 111.3G,4.534903,0.6,2.0,4.720942,LT_AN RICE CRACKER SEAWEED 111.3G_T100_4,1.0
CG_LT,101,,MM BIEN HOA,MM AN PHU,AN RICE CRACKER SEAWEED 111.3G,2.583089,0.6,0.847439,2.397292,LT_AN RICE CRACKER SEAWEED 111.3G_T101_4,0.423719
CG_LT,101,,MM BINH DUONG,MM AN PHU,AN RICE CRACKER SEAWEED 111.3G,1.347672,0.6,0.847439,1.656042,LT_AN RICE CRACKER SEAWEED 111.3G_T101_4,0.423719
CG_LT,101,,MM BINH DUONG,MM BINH PHU,AN RICE CRACKER SEAWEED 111.3G,1.823823,0.6,0.847439,1.941733,LT_AN RICE CRACKER SEAWEED 111.3G_T101_4,0.423719
CG_LT,103,,MM BIEN HOA,MM AN PHU,AN RICE CRACKER SEAWEED 111.3G,5.391402,0.6,2.0,5.234841,LT_AN RICE CRACKER SEAWEED 111.3G_T103_1,1.0
CG_LT,103,,MM DA NANG,MM BINH PHU,AN RICE CRACKER SEAWEED 111.3G,1.061762,0.6,2.0,2.637057,LT_AN RICE CRACKER SEAWEED 111.3G_T103_1,1.0
CG_LT,103,,MM BIEN HOA,MM BINH PHU,AN RICE CRACKER SEAWEED 111.3G,6.411959,0.6,1.898445,5.745621,LT_AN RICE CRACKER SEAWEED 111.3G_T103_2,0.949223
CG_LT,103,,MM BINH DUONG,MM BINH PHU,AN RICE CRACKER SEAWEED 111.3G,2.307452,0.6,1.898445,3.282917,LT_AN RICE CRACKER SEAWEED 111.3G_T103_2,0.949223
CG_LT,103,,MM HIEP PHU,MM AN PHU,AN RICE CRACKER SEAWEED 111.3G,3.511185,0.6,1.898445,4.005156,LT_AN RICE CRACKER SEAWEED 111.3G_T103_2,0.949223
CG_LT,103,,MM BIEN HOA,MM AN PHU,AN RICE CRACKER SEAWEED 111.3G,9.249986,0.6,2.0,7.549991,LT_AN RICE CRACKER SEAWEED 111.3G_T103_5,1.0
CG_LT,103,,MM BIEN HOA,MM BINH PHU,AN RICE CRACKER SEAWEED 111.3G,3.710862,0.6,2.0,4.226517,LT_AN RICE CRACKER SEAWEED 111.3G_T103_5,1.0
CG_LT,103,,MM BINH DUONG,MM AN PHU,AN RICE CRACKER SEAWEED 111.3G,1.775168,0.6,2.0,3.065101,LT_AN RICE CRACKER SEAWEED 111.3G_T103_5,1.0
CG_LT,103,,MM HIEP PHU,MM AN PHU,AN RICE CRACKER SEAWEED 111.3G,7.072258,0.6,2.0,6.243355,LT_AN RICE CRACKER SEAWEED 111.3G_T103_5,1.0
CG_LT,104,,MM BIEN HOA,MM BINH PHU,AN RICE CRACKER SEAWEED 111.3G,4.151274,0.6,1.812275,4.30304,LT_AN RICE CRACKER SEAWEED 111.3G_T104_2,0.906138
CG_LT,104,,MM BINH DUONG,MM BINH PHU,AN RICE CRACKER SEAWEED 111.3G,8.208129,0.6,1.812275,6.737153,LT_AN RICE CRACKER SEAWEED 111.3G_T104_2,0.906138
CG_LT,105,,MM BIEN HOA,MM AN PHU,AN RICE CRACKER SEAWEED 111.3G,7.482786,0.6,2.0,6.489672,LT_AN RICE CRACKER SEAWEED 111.3G_T105_1,1.0
CG_LT,105,,MM BIEN HOA,MM BINH PHU,AN RICE CRACKER SEAWEED 111.3G,8.144019,0.6,2.0,6.886412,LT_AN RICE CRACKER SEAWEED 111.3G_T105_1,1.0
CG_LT,105,,MM BINH DUONG,MM BINH PHU,AN RICE CRACKER SEAWEED 111.3G,3.5724,0.6,2.0,4.14344,LT_AN RICE CRACKER SEAWEED 111.3G_T105_1,1.0
CG_LT,105,,MM HIEP PHU,MM AN PHU,AN RICE CRACKER SEAWEED 111.3G,1.252805,0.6,2.0,2.751683,LT_AN RICE CRACKER SEAWEED 111.3G_T105_1,1.0
CG_LT,105,,MM BINH DUONG,MM AN PHU,AN RICE CRACKER SEAWEED 111.3G,2.475678,0.6,2.0,3.485407,LT_AN RICE CRACKER SEAWEED 111.3G_T105_2,1.0
CG_LT,105,,MM BINH DUONG,MM BINH PHU,AN RICE CRACKER SEAWEED 111.3G,6.538031,0.6,2.0,5.922818,LT_AN RICE CRACKER SEAWEED 111.3G_T105_2,1.0
CG_LT,105,,MM HIEP PHU,MM BINH PHU,AN RICE CRACKER SEAWEED 111.3G,2.786761,0.6,2.0,3.672056,LT_AN RICE CRACKER SEAWEED 111.3G_T105_2,1.0
CG_LT,105,,MM BIEN HOA,MM BINH PHU,AN RICE CRACKER SEAWEED 111.3G,2.865651,0.6,2.0,3.719391,LT_AN RICE CRACKER SEAWEED 111.3G_T105_3,1.0
CG_LT,105,,MM BIEN HOA,MM BINH PHU,AN RICE CRACKER SEAWEED 111.3G,8.92096,0.6,2.0,7.352576,LT_AN RICE CRACKER SEAWEED 111.3G_T105_4,1.0
CG_LT,105,,MM BINH DUONG,MM AN PHU,AN RICE CRACKER SEAWEED 111.3G,3.008981,0.6,2.0,3.805389,LT_AN RICE CRACKER SEAWEED 111.3G_T105_4,1.0
CG_LT,105,,MM HIEP PHU,MM AN PHU,AN RICE CRACKER SEAWEED 111.3G,3.040287,0.6,2.0,3.824172,LT_AN RICE CRACKER SEAWEED 111.3G_T105_4,1.0
CG_LT,105,,MM HIEP PHU,MM BINH PHU,AN RICE CRACKER SEAWEED 111.3G,7.846692,0.6,2.0,6.708015,LT_AN RICE CRACKER SEAWEED 111.3G_T105_4,1.0
CG_LT,105,,MM BINH DUONG,MM AN PHU,AN RICE CRACKER SEAWEED 111.3G,6.451777,0.6,2.0,5.871066,LT_AN RICE CRACKER SEAWEED 111.3G_T105_5,1.0
CG_LT,105,,MM BINH DUONG,MM BINH PHU,AN RICE CRACKER SEAWEED 111.3G,4.433245,0.6,2.0,4.659947,LT_AN RICE CRACKER SEAWEED 111.3G_T105_5,1.0
CG_LT,105,,MM DA NANG,MM BINH PHU,AN RICE CRACKER SEAWEED 111.3G,9.79928,0.6,2.0,7.879568,LT_AN RICE CRACKER SEAWEED 111.3G_T105_5,1.0
CG_LT,105,,MM HIEP PHU,MM BINH PHU,AN RICE CRACKER SEAWEED 111.3G,2.229009,0.6,2.0,3.337405,LT_AN RICE CRACKER SEAWEED 111.3G_T105_5,1.0
CG_LT,106,,MM DA NANG,MM BINH PHU,AN RICE CRACKER SEAWEED 111.3G,6.332437,0.6,2.0,5.799462,LT_AN RICE CRACKER SEAWEED 111.3G_T106_2,1.0
CG_LT,107,,MM DA NANG,MM BINH PHU,AN RICE CRACKER SEAWEED 111.3G,7.881276,0.6,2.0,6.728765,LT_AN RICE CRACKER SEAWEED 111.3G_T107_1,1.0
CG_LT,107,,MM BINH DUONG,MM AN PHU,AN RICE CRACKER SEAWEED 111.3G,2.379299,0.6,2.0,3.427579,LT_AN RICE CRACKER SEAWEED 111.3G_T107_2,1.0
CG_LT,107,,MM DA NANG,MM BINH PHU,AN RICE CRACKER SEAWEED 111.3G,9.885939,0.6,2.0,7.931564,LT_AN RICE CRACKER SEAWEED 111.3G_T107_2,1.0
CG_LT,107,,MM BIEN HOA,MM AN PHU,AN RICE CRACKER SEAWEED 111.3G,5.365615,0.6,2.0,5.219369,LT_AN RICE CRACKER SEAWEED 111.3G_T107_3,1.0
CG_LT,107,,MM BINH DUONG,MM BINH PHU,AN RICE CRACKER SEAWEED 111.3G,8.132541,0.6,2.0,6.879524,LT_AN RICE CRACKER SEAWEED 111.3G_T107_3,1.0
CG_LT,107,,MM DA NANG,MM AN PHU,AN RICE CRACKER SEAWEED 111.3G,5.236385,0.6,2.0,5.141831,LT_AN RICE CRACKER SEAWEED 111.3G_T107_3,1.0
CG_LT,107,,MM HIEP PHU,MM AN PHU,AN RICE CRACKER SEAWEED 111.3G,1.243315,0.6,2.0,2.745989,LT_AN RICE CRACKER SEAWEED 111.3G_T107_3,1.0
CG_LT,107,,MM BIEN HOA,MM AN PHU,AN RICE CRACKER SEAWEED 111.3G,3.397604,0.6,2.0,4.038563,LT_AN RICE CRACKER SEAWEED 111.3G_T107_4,1.0
CG_LT,107,,MM BINH DUONG,MM BINH PHU,AN RICE CRACKER SEAWEED 111.3G,4.585987,0.6,2.0,4.751592,LT_AN RICE CRACKER SEAWEED 111.3G_T107_4,1.0
CG_LT,107,,MM HIEP PHU,MM BINH PHU,AN RICE CRACKER SEAWEED 111.3G,4.48465,0.6,2.0,4.69079,LT_AN RICE CRACKER SEAWEED 111.3G_T107_4,1.0
CG_LT,108,,MM BIEN HOA,MM AN PHU,AN RICE CRACKER SEAWEED 111.3G,1.776562,0.6,2.0,3.065937,LT_AN RICE CRACKER SEAWEED 111.3G_T108_1,1.0
CG_LT,108,,MM HIEP PHU,MM AN PHU,AN RICE CRACKER SEAWEED 111.3G,5.854986,0.6,2.0,5.512992,LT_AN RICE CRACKER SEAWEED 111.3G_T108_1,1.0
CG_LT,108,,MM HIEP PHU,MM BINH PHU,AN RICE CRACKER SEAWEED 111.3G,7.256462,0.6,2.0,6.353877,LT_AN RICE CRACKER SEAWEED 111.3G_T108_1,1.0
CG_LT,108,,MM BIEN HOA,MM BINH PHU,AN RICE CRACKER SEAWEED 111.3G,8.157774,0.6,2.0,6.894665,LT_AN RICE CRACKER SEAWEED 111.3G_T108_2,1.0
CG_LT,108,,MM HIEP PHU,MM AN PHU,AN RICE CRACKER SEAWEED 111.3G,1.553524,0.6,2.0,2.932114,LT_AN RICE CRACKER SEAWEED 111.3G_T108_3,1.0
CG_LT,108,,MM HIEP PHU,MM BINH PHU,AN RICE CRACKER SEAWEED 111.3G,9.771958,0.6,2.0,7.863175,LT_AN RICE CRACKER SEAWEED 111.3G_T108_3,1.0
CG_LT,108,,MM BIEN HOA,MM AN PHU,AN RICE CRACKER SEAWEED 111.3G,8.441269,0.6,2.0,7.064761,LT_AN RICE CRACKER SEAWEED 111.3G_T108_4,1.0
CG_LT,108,,MM BINH DUONG,MM BINH PHU,AN RICE CRACKER SEAWEED 111.3G,6.16083,0.6,2.0,5.696498,LT_AN RICE CRACKER SEAWEED 111.3G_T108_4,1.0
CG_LT,108,,MM DA NANG,MM AN PHU,AN RICE CRACKER SEAWEED 111.3G,6.327506,0.6,2.0,5.796503,LT_AN RICE CRACKER SEAWEED 111.3G_T108_4,1.0
CG_LT,108,,MM DA NANG,MM BINH PHU,AN RICE CRACKER SEAWEED 111.3G,3.748318,0.6,2.0,4.248991,LT_AN RICE CRACKER SEAWEED 111.3G_T108_4,1.0
CG_LT,108,,MM BIEN HOA,MM BINH PHU,AN RICE CRACKER SEAWEED 111.3G,4.028351,0.6,2.0,4.41701,LT_AN RICE CRACKER SEAWEED 111.3G_T108_5,1.0
CG_LT,108,,MM DA NANG,MM AN PHU,AN RICE CRACKER SEAWEED 111.3G,3.086699,0.6,2.0,3.85202,LT_AN RICE CRACKER SEAWEED 111.3G_T108_5,1.0
CG_LT,109,,MM BINH DUONG,MM BINH PHU,AN RICE CRACKER SEAWEED 111.3G,5.544698,0.6,1.599981,4.9268,LT_AN RICE CRACKER SEAWEED 111.3G_T109_1,0.799991
CG_LT,109,,MM DA NANG,MM AN PHU,AN RICE CRACKER SEAWEED 111.3G,1.030997,0.6,1.599981,2.218579,LT_AN RICE CRACKER SEAWEED 111.3G_T109_1,0.799991
CG_LT,109,,MM HIEP PHU,MM AN PHU,AN RICE CRACKER SEAWEED 111.3G,5.699771,0.6,1.599981,5.019844,LT_AN RICE CRACKER SEAWEED 111.3G_T109_1,0.799991
CG_LT,109,,MM BINH DUONG,MM AN PHU,AN RICE CRACKER SEAWEED 111.3G,1.977149,0.6,2.0,3.18629,LT_AN RICE CRACKER SEAWEED 111.3G_T109_3,1.0
CG_LT,109,,MM BINH DUONG,MM BINH PHU,AN RICE CRACKER SEAWEED 111.3G,6.034607,0.6,2.0,5.620764,LT_AN RICE CRACKER SEAWEED 111.3G_T109_3,1.0
CG_LT,109,,MM DA NANG,MM AN PHU,AN RICE CRACKER SEAWEED 111.3G,3.012494,0.6,2.0,3.807497,LT_AN RICE CRACKER SEAWEED 111.3G_T109_3,1.0
CG_LT,109,,MM DA NANG,MM BINH PHU,AN RICE CRACKER SEAWEED 111.3G,5.867224,0.6,2.0,5.520334,LT_AN RICE CRACKER SEAWEED 111.3G_T109_3,1.0
CG_LT,109,,MM BIEN HOA,MM AN PHU,AN RICE CRACKER SEAWEED 111.3G,9.555407,0.6,2.0,7.733244,LT_AN RICE CRACKER SEAWEED 111.3G_T109_5,1.0
CG_LT,109,,MM HIEP PHU,MM BINH PHU,AN RICE CRACKER SEAWEED 111.3G,8.983295,0.6,2.0,7.389977,LT_AN RICE CRACKER SEAWEED 111.3G_T109_5,1.0
CG_LT,110,,MM BIEN HOA,MM BINH PHU,AN RICE CRACKER SEAWEED 111.3G,3.053696,0.6,1.116677,2.948895,LT_AN RICE CRACKER SEAWEED 111.3G_T110_5,0.558339
CG_LT,110,,MM BINH DUONG,MM BINH PHU,AN RICE CRACKER SEAWEED 111.3G,4.977384,0.6,1.116677,4.103108,LT_AN RICE CRACKER SEAWEED 111.3G_T110_5,0.558339
CG_LT,110,,MM HIEP PHU,MM BINH PHU,AN RICE CRACKER SEAWEED 111.3G,4.251361,0.6,1.116677,3.667494,LT_AN RICE CRACKER SEAWEED 111.3G_T110_5,0.558339
CG_LT,111,,MM BINH DUONG,MM AN PHU,AN RICE CRACKER SEAWEED 111.3G,2.74175,0.6,0.841492,2.486542,LT_AN RICE CRACKER SEAWEED 111.3G_T111_3,0.420746
CG_LT,111,,MM DA NANG,MM AN PHU,AN RICE CRACKER SEAWEED 111.3G,2.631202,0.6,0.841492,2.420214,LT_AN RICE CRACKER SEAWEED 111.3G_T111_3,0.420746
CG_LT,111,,MM DA NANG,MM BINH PHU,AN RICE CRACKER SEAWEED 111.3G,0.967158,0.6,0.841492,1.421787,LT_AN RICE CRACKER SEAWEED 111.3G_T111_3,0.420746
CG_LT,111,,MM HIEP PHU,MM AN PHU,AN RICE CRACKER SEAWEED 111.3G,3.24538,0.6,0.841492,2.78872,LT_AN RICE CRACKER SEAWEED 111.3G_T111_3,0.420746
CG_LT,112,,MM BIEN HOA,MM BINH PHU,AN RICE CRACKER SEAWEED 111.3G,8.877319,0.6,2.0,7.326391,LT_AN RICE CRACKER SEAWEED 111.3G_T112_1,1.0
CG_LT,112,,MM BIEN HOA,MM BINH PHU,AN RICE CRACKER SEAWEED 111.3G,5.830777,0.6,1.674481,5.172947,LT_AN RICE CRACKER SEAWEED 111.3G_T112_4,0.83724
CG_LT,112,,MM BINH DUONG,MM AN PHU,AN RICE CRACKER SEAWEED 111.3G,7.809454,0.6,1.674481,6.360153,LT_AN RICE CRACKER SEAWEED 111.3G_T112_4,0.83724
CG_LT,112,,MM DA NANG,MM BINH PHU,AN RICE CRACKER SEAWEED 111.3G,7.330055,0.6,1.674481,6.072514,LT_AN RICE CRACKER SEAWEED 111.3G_T112_4,0.83724
CG_LT,112,,MM HIEP PHU,MM BINH PHU,AN RICE CRACKER SEAWEED 111.3G,7.270974,0.6,1.674481,6.037065,LT_AN RICE CRACKER SEAWEED 111.3G_T112_4,0.83724
CG_LT,112,,MM BIEN HOA,MM AN PHU,AN RICE CRACKER SEAWEED 111.3G,5.033012,0.6,2.0,5.019807,LT_AN RICE CRACKER SEAWEED 111.3G_T112_5,1.0
CG_LT,112,,MM BIEN HOA,MM BINH PHU,AN RICE CRACKER SEAWEED 111.3G,7.461401,0.6,2.0,6.47684,LT_AN RICE CRACKER SEAWEED 111.3G_T112_5,1.0
CG_LT,112,,MM DA NANG,MM BINH PHU,AN RICE CRACKER SEAWEED 111.3G,8.863893,0.6,2.0,7.318336,LT_AN RICE CRACKER SEAWEED 111.3G_T112_5,1.0
CG_LT,112,,MM HIEP PHU,MM BINH PHU,AN RICE CRACKER SEAWEED 111.3G,9.917873,0.6,2.0,7.950724,LT_AN RICE CRACKER SEAWEED 111.3G_T112_5,1.0
CG_LT,113,,MM BIEN HOA,MM HIEP PHU,AN RICE CRACKER SEAWEED 111.3G,1.638138,0.6,2.0,2.982883,LT_AN RICE CRACKER SEAWEED 111.3G_T113_4,1.0
CG_LT,113,,MM BINH DUONG,MM AN PHU,AN RICE CRACKER SEAWEED 111.3G,6.37569,0.6,2.0,5.825414,LT_AN RICE CRACKER SEAWEED 111.3G_T113_4,1.0
CG_LT,114,,MM BINH DUONG,MM AN PHU,AN RICE CRACKER SEAWEED 111.3G,8.20637,0.6,1.911378,6.8352,LT_AN RICE CRACKER SEAWEED 111.3G_T114_1,0.955689
CG_LT,114,,MM BINH DUONG,MM BIEN HOA,AN RICE CRACKER SEAWEED 111.3G,1.079144,0.6,1.911378,2.558864,LT_AN RICE CRACKER SEAWEED 111.3G_T114_1,0.955689
CG_LT,114,,MM DA NANG,MM BINH PHU,AN RICE CRACKER SEAWEED 111.3G,9.013272,0.6,1.911378,7.319341,LT_AN RICE CRACKER SEAWEED 111.3G_T114_1,0.955689
CG_LT,114,,MM BINH DUONG,MM BINH PHU,AN RICE CRACKER SEAWEED 111.3G,9.758497,0.6,2.0,7.855098,LT_AN RICE CRACKER SEAWEED 111.3G_T114_2,1.0
CG_LT,114,,MM BINH DUONG,MM HIEP PHU,AN RICE CRACKER SEAWEED 111.3G,5.684095,0.6,2.0,5.410457,LT_AN RICE CRACKER SEAWEED 111.3G_T114_2,1.0
CG_LT,114,,MM DA NANG,MM AN PHU,AN RICE CRACKER SEAWEED 111.3G,1.672396,0.6,2.0,3.003438,LT_AN RICE CRACKER SEAWEED 111.3G_T114_2,1.0
CG_LT,114,,MM BINH DUONG,MM AN PHU,AN RICE CRACKER SEAWEED 111.3G,9.726359,0.6,2.0,7.835815,LT_AN RICE CRACKER SEAWEED 111.3G_T114_3,1.0
CG_LT,114,,MM BINH DUONG,MM HIEP PHU,AN RICE CRACKER SEAWEED 111.3G,3.152566,0.6,2.0,3.891539,LT_AN RICE CRACKER SEAWEED 111.3G_T114_3,1.0
CG_LT,114,,MM BINH DUONG,MM BINH PHU,AN RICE CRACKER SEAWEED 111.3G,2.100002,0.6,2.0,3.260001,LT_AN RICE CRACKER SEAWEED 111.3G_T114_5,1.0
CG_LT,115,,MM BINH DUONG,MM BIEN HOA,AN RICE CRACKER SEAWEED 111.3G,1.139633,0.6,1.020283,1.704063,LT_AN RICE CRACKER SEAWEED 111.3G_T115_2,0.510141
CG_LT,115,,MM BINH DUONG,MM BINH PHU,AN RICE CRACKER SEAWEED 111.3G,2.236071,0.6,1.020283,2.361925,LT_AN RICE CRACKER SEAWEED 111.3G_T115_2,0.510141
CG_LT,115,,MM BINH DUONG,MM HIEP PHU,AN RICE CRACKER SEAWEED 111.3G,4.740543,0.6,1.020283,3.864609,LT_AN RICE CRACKER SEAWEED 111.3G_T115_2,0.510141
CG_LT,116,,MM BIEN HOA,MM AN PHU,AN RICE CRACKER SEAWEED 111.3G,2.943679,0.6,2.0,3.766207,LT_AN RICE CRACKER SEAWEED 111.3G_T116_1,1.0
CG_LT,116,,MM BIEN HOA,MM BINH PHU,AN RICE CRACKER SEAWEED 111.3G,1.862483,0.6,2.0,3.11749,LT_AN RICE CRACKER SEAWEED 111.3G_T116_1,1.0
CG_LT,116,,MM HIEP PHU,MM BINH DUONG,AN RICE CRACKER SEAWEED 111.3G,9.954501,0.6,2.0,7.9727,LT_AN RICE CRACKER SEAWEED 111.3G_T116_1,1.0
CG_LT,116,,MM DA NANG,MM BINH DUONG,AN RICE CRACKER SEAWEED 111.3G,7.251627,0.6,2.0,6.350976,LT_AN RICE CRACKER SEAWEED 111.3G_T116_3,1.0
CG_LT,116,,MM HIEP PHU,MM AN PHU,AN RICE CRACKER SEAWEED 111.3G,2.167767,0.6,2.0,3.30066,LT_AN RICE CRACKER SEAWEED 111.3G_T116_3,1.0
CG_LT,116,,MM HIEP PHU,MM BINH DUONG,AN RICE CRACKER SEAWEED 111.3G,8.309553,0.6,2.0,6.985732,LT_AN RICE CRACKER SEAWEED 111.3G_T116_3,1.0
CG_LT,116,,MM BIEN HOA,MM BINH DUONG,AN RICE CRACKER SEAWEED 111.3G,6.600147,0.6,2.0,5.960088,LT_AN RICE CRACKER SEAWEED 111.3G_T116_5,1.0
CG_LT,116,,MM BIEN HOA,MM BINH PHU,AN RICE CRACKER SEAWEED 111.3G,1.292618,0.6,2.0,2.775571,LT_AN RICE CRACKER SEAWEED 111.3G_T116_5,1.0
CG_LT,116,,MM DA NANG,MM BINH DUONG,AN RICE CRACKER SEAWEED 111.3G,7.619914,0.6,2.0,6.571949,LT_AN RICE CRACKER SEAWEED 111.3G_T116_5,1.0
CG_LT,116,,MM HIEP PHU,MM AN PHU,AN RICE CRACKER SEAWEED 111.3G,9.186014,0.6,2.0,7.511608,LT_AN RICE CRACKER SEAWEED 111.3G_T116_5,1.0
CG_LT,117,,MM BIEN HOA,MM BINH DUONG,AN RICE CRACKER SEAWEED 111.3G,4.616031,0.6,1.470819,4.240438,LT_AN RICE CRACKER SEAWEED 111.3G_T117_1,0.73541
CG_LT,117,,MM HIEP PHU,MM AN PHU,AN RICE CRACKER SEAWEED 111.3G,6.11123,0.6,1.470819,5.137557,LT_AN RICE CRACKER SEAWEED 111.3G_T117_1,0.73541
CG_LT,117,,MM HIEP PHU,MM BINH PHU,AN RICE CRACKER SEAWEED 111.3G,5.308424,0.6,1.470819,4.655874,LT_AN RICE CRACKER SEAWEED 111.3G_T117_1,0.73541
CG_LT,117,,MM BIEN HOA,MM BINH DUONG,AN RICE CRACKER SEAWEED 111.3G,4.293189,0.6,2.0,4.575913,LT_AN RICE CRACKER SEAWEED 111.3G_T117_4,1.0
CG_LT,117,,MM HIEP PHU,MM BINH PHU,AN RICE CRACKER SEAWEED 111.3G,1.022826,0.6,2.0,2.613696,LT_AN RICE CRACKER SEAWEED 111.3G_T117_4,1.0
CG_LT,117,,MM BIEN HOA,MM AN PHU,AN RICE CRACKER SEAWEED 111.3G,6.859883,0.6,1.438824,5.554754,LT_AN RICE CRACKER SEAWEED 111.3G_T117_5,0.719412
CG_LT,117,,MM BIEN HOA,MM BINH PHU,AN RICE CRACKER SEAWEED 111.3G,1.151309,0.6,1.438824,2.12961,LT_AN RICE CRACKER SEAWEED 111.3G_T117_5,0.719412
CG_LT,117,,MM DA NANG,MM AN PHU,AN RICE CRACKER SEAWEED 111.3G,5.934148,0.6,1.438824,4.999313,LT_AN RICE CRACKER SEAWEED 111.3G_T117_5,0.719412
CG_LT,117,,MM DA NANG,MM BINH DUONG,AN RICE CRACKER SEAWEED 111.3G,4.433475,0.6,1.438824,4.098909,LT_AN RICE CRACKER SEAWEED 111.3G_T117_5,0.719412
CG_LT,118,,MM BIEN HOA,MM AN PHU,AN RICE CRACKER SEAWEED 111.3G,2.651061,0.6,1.673357,3.263994,LT_AN RICE CRACKER SEAWEED 111.3G_T118_3,0.836679
CG_LT,118,,MM BIEN HOA,MM BINH DUONG,AN RICE CRACKER SEAWEED 111.3G,1.542433,0.6,1.673357,2.598817,LT_AN RICE CRACKER SEAWEED 111.3G_T118_3,0.836679
CG_LT,118,,MM DA NANG,MM BINH DUONG,AN RICE CRACKER SEAWEED 111.3G,3.306327,0.6,1.673357,3.657153,LT_AN RICE CRACKER SEAWEED 111.3G_T118_3,0.836679
CG_LT,118,,MM HIEP PHU,MM BINH DUONG,AN RICE CRACKER SEAWEED 111.3G,0.738247,0.6,1.673357,2.116305,LT_AN RICE CRACKER SEAWEED 111.3G_T118_3,0.836679
CG_LT,118,,MM BIEN HOA,MM AN PHU,AN RICE CRACKER SEAWEED 111.3G,0.646886,0.6,0.279234,0.667365,LT_AN RICE CRACKER SEAWEED 111.3G_T118_4,0.139617
CG_LT,118,,MM DA NANG,MM AN PHU,AN RICE CRACKER SEAWEED 111.3G,1.240357,0.6,0.279234,1.023448,LT_AN RICE CRACKER SEAWEED 111.3G_T118_4,0.139617
CG_LT,118,,MM DA NANG,MM BINH DUONG,AN RICE CRACKER SEAWEED 111.3G,0.412993,0.6,0.279234,0.52703,LT_AN RICE CRACKER SEAWEED 111.3G_T118_4,0.139617
CG_LT,118,,MM HIEP PHU,MM AN PHU,AN RICE CRACKER SEAWEED 111.3G,0.656837,0.6,0.279234,0.673336,LT_AN RICE CRACKER SEAWEED 111.3G_T118_4,0.139617
CG_LT,118,,MM BIEN HOA,MM BINH PHU,AN RICE CRACKER SEAWEED 111.3G,2.371704,0.6,1.210613,2.633635,LT_AN RICE CRACKER SEAWEED 111.3G_T118_5,0.605307
CG_LT,118,,MM HIEP PHU,MM AN PHU,AN RICE CRACKER SEAWEED 111.3G,4.798856,0.6,1.210613,4.089927,LT_AN RICE CRACKER SEAWEED 111.3G_T118_5,0.605307
CG_LT,118,,MM HIEP PHU,MM BINH PHU,AN RICE CRACKER SEAWEED 111.3G,2.055357,0.6,1.210613,2.443827,LT_AN RICE CRACKER SEAWEED 111.3G_T118_5,0.605307
CG_LT,11,,MM BINH PHU,MM AN PHU,AN RICE CRACKER SEAWEED 111.3G,4.073116,0.6,2.0,4.44387,LT_AN RICE CRACKER SEAWEED 111.3G_T11_1,1.0
CG_LT,11,,MM HIEP PHU,MM BINH DUONG,AN RICE CRACKER SEAWEED 111.3G,8.062976,0.6,2.0,6.837785,LT_AN RICE CRACKER SEAWEED 111.3G_T11_1,1.0
CG_LT,11,,MM BIEN HOA,MM AN PHU,AN RICE CRACKER SEAWEED 111.3G,5.122404,0.6,1.544103,4.617545,LT_AN RICE CRACKER SEAWEED 111.3G_T11_3,0.772051
CG_LT,11,,MM BIEN HOA,MM BINH DUONG,AN RICE CRACKER SEAWEED 111.3G,6.864537,0.6,1.544103,5.662825,LT_AN RICE CRACKER SEAWEED 111.3G_T11_3,0.772051
CG_LT,11,,MM HIEP PHU,MM BINH PHU,AN RICE CRACKER SEAWEED 111.3G,6.653946,0.6,1.544103,5.536471,LT_AN RICE CRACKER SEAWEED 111.3G_T11_3,0.772051
CG_LT,11,,MM HIEP PHU,MM DA NANG,AN RICE CRACKER SEAWEED 111.3G,2.166823,0.6,0.983422,2.283516,LT_AN RICE CRACKER SEAWEED 111.3G_T11_4,0.491711
CG_LT,11,,MM BINH PHU,MM BINH DUONG,AN RICE CRACKER SEAWEED 111.3G,2.848083,0.6,2.0,3.70885,LT_AN RICE CRACKER SEAWEED 111.3G_T11_5,1.0
CG_LT,11,,MM HIEP PHU,MM BINH DUONG,AN RICE CRACKER SEAWEED 111.3G,4.224405,0.6,2.0,4.534643,LT_AN RICE CRACKER SEAWEED 111.3G_T11_5,1.0
CG_LT,120,,MM HIEP PHU,MM AN PHU,AN RICE CRACKER SEAWEED 111.3G,3.589853,0.6,2.0,4.153912,LT_AN RICE CRACKER SEAWEED 111.3G_T120_1,1.0
CG_LT,120,,MM HIEP PHU,MM AN PHU,AN RICE CRACKER SEAWEED 111.3G,1.671794,0.6,0.962096,1.965172,LT_AN RICE CRACKER SEAWEED 111.3G_T120_2,0.481048
CG_LT,120,,MM HIEP PHU,MM BIEN HOA,AN RICE CRACKER SEAWEED 111.3G,1.584399,0.6,0.962096,1.912735,LT_AN RICE CRACKER SEAWEED 111.3G_T120_2,0.481048
CG_LT,120,,MM HIEP PHU,MM BINH DUONG,AN RICE CRACKER SEAWEED 111.3G,2.940713,0.6,0.962096,2.726524,LT_AN RICE CRACKER SEAWEED 111.3G_T120_2,0.481048
CG_LT,120,,MM DA NANG,MM BINH PHU,AN RICE CRACKER SEAWEED 111.3G,6.546353,0.6,2.0,5.927812,LT_AN RICE CRACKER SEAWEED 111.3G_T120_3,1.0
CG_LT,120,,MM HIEP PHU,MM AN PHU,AN RICE CRACKER SEAWEED 111.3G,3.584729,0.6,2.0,4.150837,LT_AN RICE CRACKER SEAWEED 111.3G_T120_3,1.0
CG_LT,120,,MM HIEP PHU,MM BIEN HOA,AN RICE CRACKER SEAWEED 111.3G,1.357549,0.6,2.0,2.81453,LT_AN RICE CRACKER SEAWEED 111.3G_T120_3,1.0
CG_LT,120,,MM HIEP PHU,MM BINH DUONG,AN RICE CRACKER SEAWEED 111.3G,8.273653,0.6,2.0,6.964192,LT_AN RICE CRACKER SEAWEED 111.3G_T120_3,1.0
CG_LT,120,,MM DA NANG,MM BINH PHU,AN RICE CRACKER SEAWEED 111.3G,4.485053,0.6,2.0,4.691032,LT_AN RICE CRACKER SEAWEED 111.3G_T120_4,1.0
CG_LT,120,,MM HIEP PHU,MM BINH DUONG,AN RICE CRACKER SEAWEED 111.3G,5.758467,0.6,2.0,5.45508,LT_AN RICE CRACKER SEAWEED 111.3G_T120_4,1.0
CG_LT,121,,MM HIEP PHU,MM BINH PHU,AN RICE CRACKER SEAWEED 111.3G,3.298452,0.6,0.876201,2.855272,LT_AN RICE CRACKER SEAWEED 111.3G_T121_2,0.4381
CG_LT,122,,MM BIEN HOA,MM BINH PHU,AN RICE CRACKER SEAWEED 111.3G,8.993381,0.6,1.870653,7.266682,LT_AN RICE CRACKER SEAWEED 111.3G_T122_3,0.935327
CG_LT,122,,MM BINH DUONG,MM BINH PHU,AN RICE CRACKER SEAWEED 111.3G,2.486401,0.6,1.870653,3.362494,LT_AN RICE CRACKER SEAWEED 111.3G_T122_3,0.935327
CG_LT,122,,MM BINH DUONG,MM HIEP PHU,AN RICE CRACKER SEAWEED 111.3G,2.46889,0.6,1.870653,3.351987,LT_AN RICE CRACKER SEAWEED 111.3G_T122_3,0.935327
CG_LT,123,,MM BIEN HOA,MM AN PHU,AN RICE CRACKER SEAWEED 111.3G,6.14995,0.6,2.0,5.68997,LT_AN RICE CRACKER SEAWEED 111.3G_T123_1,1.0
CG_LT,123,,MM BIEN HOA,MM BINH PHU,AN RICE CRACKER SEAWEED 111.3G,8.197495,0.6,2.0,6.918497,LT_AN RICE CRACKER SEAWEED 111.3G_T123_1,1.0
CG_LT,123,,MM DA NANG,MM HIEP PHU,AN RICE CRACKER SEAWEED 111.3G,1.356034,0.6,2.0,2.81362,LT_AN RICE CRACKER SEAWEED 111.3G_T123_1,1.0
CG_LT,123,,MM BIEN HOA,MM AN PHU,AN RICE CRACKER SEAWEED 111.3G,8.108481,0.6,2.0,6.865089,LT_AN RICE CRACKER SEAWEED 111.3G_T123_2,1.0
CG_LT,123,,MM BIEN HOA,MM HIEP PHU,AN RICE CRACKER SEAWEED 111.3G,7.42253,0.6,2.0,6.453518,LT_AN RICE CRACKER SEAWEED 111.3G_T123_2,1.0
CG_LT,123,,MM BIEN HOA,MM AN PHU,AN RICE CRACKER SEAWEED 111.3G,6.948503,0.6,2.0,6.169102,LT_AN RICE CRACKER SEAWEED 111.3G_T123_4,1.0
CG_LT,123,,MM BINH DUONG,MM BINH PHU,AN RICE CRACKER SEAWEED 111.3G,7.869505,0.6,2.0,6.721703,LT_AN RICE CRACKER SEAWEED 111.3G_T123_4,1.0
CG_LT,123,,MM DA NANG,MM HIEP PHU,AN RICE CRACKER SEAWEED 111.3G,6.075577,0.6,2.0,5.645346,LT_AN RICE CRACKER SEAWEED 111.3G_T123_4,1.0
CG_LT,123,,MM BINH DUONG,MM AN PHU,AN RICE CRACKER SEAWEED 111.3G,1.130495,0.6,0.412107,1.090404,LT_AN RICE CRACKER SEAWEED 111.3G_T123_5,0.206053
CG_LT,123,,MM DA NANG,MM HIEP PHU,AN RICE CRACKER SEAWEED 111.3G,0.615209,0.6,0.412107,0.781232,LT_AN RICE CRACKER SEAWEED 111.3G_T123_5,0.206053
CG_LT,124,,MM DA NANG,MM BINH PHU,AN RICE CRACKER SEAWEED 111.3G,7.516667,0.6,2.0,6.51,LT_AN RICE CRACKER SEAWEED 111.3G_T124_1,1.0
CG_LT,124,,MM BIEN HOA,MM HIEP PHU,AN RICE CRACKER SEAWEED 111.3G,2.34785,0.6,0.56773,1.976441,LT_AN RICE CRACKER SEAWEED 111.3G_T124_2,0.283865
CG_LT,124,,MM BINH DUONG,MM BINH PHU,AN RICE CRACKER SEAWEED 111.3G,2.463662,0.6,0.56773,2.045928,LT_AN RICE CRACKER SEAWEED 111.3G_T124_2,0.283865
CG_LT,124,,MM DA NANG,MM AN PHU,AN RICE CRACKER SEAWEED 111.3G,2.800352,0.6,0.56773,2.247942,LT_AN RICE CRACKER SEAWEED 111.3G_T124_2,0.283865
CG_LT,124,,MM DA NANG,MM BINH PHU,AN RICE CRACKER SEAWEED 111.3G,2.196852,0.6,0.56773,1.885841,LT_AN RICE CRACKER SEAWEED 111.3G_T124_2,0.283865
CG_LT,124,,MM BIEN HOA,MM AN PHU,AN RICE CRACKER SEAWEED 111.3G,3.613906,0.6,1.334036,3.502379,LT_AN RICE CRACKER SEAWEED 111.3G_T124_3,0.667018
CG_LT,124,,MM BIEN HOA,MM HIEP PHU,AN RICE CRACKER SEAWEED 111.3G,1.094201,0.6,1.334036,1.990556,LT_AN RICE CRACKER SEAWEED 111.3G_T124_3,0.667018
CG_LT,124,,MM DA NANG,MM BINH PHU,AN RICE CRACKER SEAWEED 111.3G,4.058609,0.6,1.334036,3.769201,LT_AN RICE CRACKER SEAWEED 111.3G_T124_3,0.667018
CG_LT,124,,MM BINH DUONG,MM AN PHU,AN RICE CRACKER SEAWEED 111.3G,6.536338,0.6,1.623942,5.545745,LT_AN RICE CRACKER SEAWEED 111.3G_T124_4,0.811971
CG_LT,124,,MM BIEN HOA,MM BINH PHU,AN RICE CRACKER SEAWEED 111.3G,4.76421,0.6,2.0,4.858526,LT_AN RICE CRACKER SEAWEED 111.3G_T124_5,1.0
CG_LT,124,,MM DA NANG,MM AN PHU,AN RICE CRACKER SEAWEED 111.3G,4.33601,0.6,2.0,4.601606,LT_AN RICE CRACKER SEAWEED 111.3G_T124_5,1.0
CG_LT,125,,MM BINH DUONG,MM BIEN HOA,AN RICE CRACKER SEAWEED 111.3G,0.000327,0.6,0.000835,0.001032,LT_AN RICE CRACKER SEAWEED 111.3G_T125_1,0.000418
CG_LT,125,,MM BINH DUONG,MM HIEP PHU,AN RICE CRACKER SEAWEED 111.3G,0.00355,0.6,0.000835,0.002965,LT_AN RICE CRACKER SEAWEED 111.3G_T125_1,0.000418
CG_LT,125,,MM BINH DUONG,MM AN PHU,AN RICE CRACKER SEAWEED 111.3G,9.100123,0.6,2.0,7.460074,LT_AN RICE CRACKER SEAWEED 111.3G_T125_4,1.0
CG_LT,127,,MM BINH DUONG,MM BINH PHU,AN RICE CRACKER SEAWEED 111.3G,0.107557,0.6,0.02942,0.093954,LT_AN RICE CRACKER SEAWEED 111.3G_T127_1,0.01471
CG_LT,127,,MM BINH DUONG,MM HIEP PHU,AN RICE CRACKER SEAWEED 111.3G,0.137562,0.6,0.02942,0.111958,LT_AN RICE CRACKER SEAWEED 111.3G_T127_1,0.01471
CG_LT,127,,MM DA NANG,MM HIEP PHU,AN RICE CRACKER SEAWEED 111.3G,0.07161,0.6,0.02942,0.072386,LT_AN RICE CRACKER SEAWEED 111.3G_T127_1,0.01471
CG_LT,127,,MM BIEN HOA,MM AN PHU,AN RICE CRACKER SEAWEED 111.3G,8.20462,0.6,1.907009,6.829781,LT_AN RICE CRACKER SEAWEED 111.3G_T127_2,0.953504
CG_LT,127,,MM BIEN HOA,MM BINH PHU,AN RICE CRACKER SEAWEED 111.3G,2.575414,0.6,1.907009,3.452257,LT_AN RICE CRACKER SEAWEED 111.3G_T127_2,0.953504
CG_LT,127,,MM BINH DUONG,MM BINH PHU,AN RICE CRACKER SEAWEED 111.3G,7.264342,0.6,1.907009,6.265614,LT_AN RICE CRACKER SEAWEED 111.3G_T127_2,0.953504
CG_LT,127,,MM DA NANG,MM BINH PHU,AN RICE CRACKER SEAWEED 111.3G,1.047328,0.6,1.907009,2.535406,LT_AN RICE CRACKER SEAWEED 111.3G_T127_2,0.953504
CG_LT,127,,MM BINH DUONG,MM BINH PHU,AN RICE CRACKER SEAWEED 111.3G,6.468331,0.6,2.0,5.880999,LT_AN RICE CRACKER SEAWEED 111.3G_T127_3,1.0
CG_LT,127,,MM BINH DUONG,MM BINH PHU,AN RICE CRACKER SEAWEED 111.3G,6.537028,0.6,2.0,5.922217,LT_AN RICE CRACKER SEAWEED 111.3G_T127_4,1.0
CG_LT,128,,MM BIEN HOA,MM HIEP PHU,AN RICE CRACKER SEAWEED 111.3G,0.955826,0.6,0.977798,1.551293,LT_AN RICE CRACKER SEAWEED 111.3G_T128_1,0.488899
CG_LT,128,,MM DA NANG,MM AN PHU,AN RICE CRACKER SEAWEED 111.3G,4.539852,0.6,0.977798,3.701709,LT_AN RICE CRACKER SEAWEED 111.3G_T128_1,0.488899
CG_LT,128,,MM DA NANG,MM BINH PHU,AN RICE CRACKER SEAWEED 111.3G,4.762737,0.6,0.977798,3.83544,LT_AN RICE CRACKER SEAWEED 111.3G_T128_1,0.488899
CG_LT,128,,MM DA NANG,MM AN PHU,AN RICE CRACKER SEAWEED 111.3G,6.661108,0.6,2.0,5.996665,LT_AN RICE CRACKER SEAWEED 111.3G_T128_3,1.0
CG_LT,129,,MM BIEN HOA,MM AN PHU,AN RICE CRACKER SEAWEED 111.3G,8.116629,0.6,2.0,6.869977,LT_AN RICE CRACKER SEAWEED 111.3G_T129_2,1.0
CG_LT,129,,MM BIEN HOA,MM HIEP PHU,AN RICE CRACKER SEAWEED 111.3G,3.067244,0.6,2.0,3.840346,LT_AN RICE CRACKER SEAWEED 111.3G_T129_2,1.0
CG_LT,129,,MM BINH DUONG,MM AN PHU,AN RICE CRACKER SEAWEED 111.3G,6.489939,0.6,2.0,5.893964,LT_AN RICE CRACKER SEAWEED 111.3G_T129_2,1.0
CG_LT,129,,MM BIEN HOA,MM AN PHU,AN RICE CRACKER SEAWEED 111.3G,7.798813,0.6,1.593504,6.272791,LT_AN RICE CRACKER SEAWEED 111.3G_T129_3,0.796752
CG_LT,129,,MM BINH DUONG,MM AN PHU,AN RICE CRACKER SEAWEED 111.3G,2.742061,0.6,1.593504,3.23874,LT_AN RICE CRACKER SEAWEED 111.3G_T129_3,0.796752
CG_LT,129,,MM DA NANG,MM BINH PHU,AN RICE CRACKER SEAWEED 111.3G,7.842766,0.6,1.593504,6.299163,LT_AN RICE CRACKER SEAWEED 111.3G_T129_3,0.796752
CG_LT,129,,MM DA NANG,MM HIEP PHU,AN RICE CRACKER SEAWEED 111.3G,3.50118,0.6,1.593504,3.694212,LT_AN RICE CRACKER SEAWEED 111.3G_T129_3,0.796752
CG_LT,129,,MM BIEN HOA,MM AN PHU,AN RICE CRACKER SEAWEED 111.3G,5.96455,0.6,2.0,5.57873,LT_AN RICE CRACKER SEAWEED 111.3G_T129_4,1.0
CG_LT,129,,MM DA NANG,MM AN PHU,AN RICE CRACKER SEAWEED 111.3G,5.630976,0.6,2.0,5.378586,LT_AN RICE CRACKER SEAWEED 111.3G_T129_4,1.0
CG_LT,129,,MM BIEN HOA,MM AN PHU,AN RICE CRACKER SEAWEED 111.3G,1.20875,0.6,1.801016,2.526266,LT_AN RICE CRACKER SEAWEED 111.3G_T129_5,0.900508
CG_LT,129,,MM BIEN HOA,MM HIEP PHU,AN RICE CRACKER SEAWEED 111.3G,5.774105,0.6,1.801016,5.265479,LT_AN RICE CRACKER SEAWEED 111.3G_T129_5,0.900508
CG_LT,129,,MM DA NANG,MM AN PHU,AN RICE CRACKER SEAWEED 111.3G,8.94799,0.6,1.801016,7.16981,LT_AN RICE CRACKER SEAWEED 111.3G_T129_5,0.900508
CG_LT,129,,MM DA NANG,MM BINH PHU,AN RICE CRACKER SEAWEED 111.3G,5.369123,0.6,1.801016,5.02249,LT_AN RICE CRACKER SEAWEED 111.3G_T129_5,0.900508
CG_LT,12,,MM BIEN HOA,MM AN PHU,AN RICE CRACKER SEAWEED 111.3G,7.879353,0.6,2.0,6.727612,LT_AN RICE CRACKER SEAWEED 111.3G_T12_1,1.0
CG_LT,12,,MM BIEN HOA,MM DA NANG,AN RICE CRACKER SEAWEED 111.3G,9.1083,0.6,2.0,7.46498,LT_AN RICE CRACKER SEAWEED 111.3G_T12_1,1.0
CG_LT,12,,MM HIEP PHU,MM BINH PHU,AN RICE CRACKER SEAWEED 111.3G,7.558486,0.6,2.0,6.535092,LT_AN RICE CRACKER SEAWEED 111.3G_T12_1,1.0
CG_LT,12,,MM BIEN HOA,MM AN PHU,AN RICE CRACKER SEAWEED 111.3G,6.009569,0.6,1.478044,5.083785,LT_AN RICE CRACKER SEAWEED 111.3G_T12_3,0.739022
CG_LT,12,,MM BIEN HOA,MM DA NANG,AN RICE CRACKER SEAWEED 111.3G,2.46822,0.6,1.478044,2.958976,LT_AN RICE CRACKER SEAWEED 111.3G_T12_3,0.739022
CG_LT,12,,MM HIEP PHU,MM BINH DUONG,AN RICE CRACKER SEAWEED 111.3G,1.356026,0.6,1.478044,2.29166,LT_AN RICE CRACKER SEAWEED 111.3G_T12_3,0.739022
CG_LT,12,,MM HIEP PHU,MM DA NANG,AN RICE CRACKER SEAWEED 111.3G,6.486219,0.6,1.478044,5.369776,LT_AN RICE CRACKER SEAWEED 111.3G_T12_3,0.739022
CG_LT,12,,MM HIEP PHU,MM AN PHU,AN RICE CRACKER SEAWEED 111.3G,8.549259,0.6,2.0,7.129555,LT_AN RICE CRACKER SEAWEED 111.3G_T12_4,1.0
CG_LT,12,,MM BIEN HOA,MM DA NANG,AN RICE CRACKER SEAWEED 111.3G,4.486749,0.6,2.0,4.69205,LT_AN RICE CRACKER SEAWEED 111.3G_T12_5,1.0
CG_LT,12,,MM HIEP PHU,MM AN PHU,AN RICE CRACKER SEAWEED 111.3G,4.738235,0.6,2.0,4.842941,LT_AN RICE CRACKER SEAWEED 111.3G_T12_5,1.0
CG_LT,130,,MM BIEN HOA,MM AN PHU,AN RICE CRACKER SEAWEED 111.3G,7.664109,0.6,2.0,6.598465,LT_AN RICE CRACKER SEAWEED 111.3G_T130_1,1.0
CG_LT,130,,MM DA NANG,MM AN PHU,AN RICE CRACKER SEAWEED 111.3G,7.339654,0.6,2.0,6.403792,LT_AN RICE CRACKER SEAWEED 111.3G_T130_1,1.0
CG_LT,130,,MM DA NANG,MM AN PHU,AN RICE CRACKER SEAWEED 111.3G,1.467708,0.6,0.982137,1.862762,LT_AN RICE CRACKER SEAWEED 111.3G_T130_2,0.491068
CG_LT,130,,MM DA NANG,MM BINH PHU,AN RICE CRACKER SEAWEED 111.3G,3.903528,0.6,0.982137,3.324254,LT_AN RICE CRACKER SEAWEED 111.3G_T130_2,0.491068
CG_LT,130,,MM DA NANG,MM HIEP PHU,AN RICE CRACKER SEAWEED 111.3G,2.514221,0.6,0.982137,2.49067,LT_AN RICE CRACKER SEAWEED 111.3G_T130_2,0.491068
CG_LT,130,,MM DA NANG,MM AN PHU,AN RICE CRACKER SEAWEED 111.3G,4.283193,0.6,2.0,4.569916,LT_AN RICE CRACKER SEAWEED 111.3G_T130_3,1.0
CG_LT,130,,MM BIEN HOA,MM BINH PHU,AN RICE CRACKER SEAWEED 111.3G,2.232203,0.6,1.140551,2.479873,LT_AN RICE CRACKER SEAWEED 111.3G_T130_5,0.570275
CG_LT,130,,MM BINH DUONG,MM AN PHU,AN RICE CRACKER SEAWEED 111.3G,3.791316,0.6,1.140551,3.41534,LT_AN RICE CRACKER SEAWEED 111.3G_T130_5,0.570275
CG_LT,130,,MM BINH DUONG,MM BINH PHU,AN RICE CRACKER SEAWEED 111.3G,0.910931,0.6,1.140551,1.687109,LT_AN RICE CRACKER SEAWEED 111.3G_T130_5,0.570275
CG_LT,130,,MM DA NANG,MM HIEP PHU,AN RICE CRACKER SEAWEED 111.3G,3.047286,0.6,1.140551,2.968922,LT_AN RICE CRACKER SEAWEED 111.3G_T130_5,0.570275
CG_LT,132,,MM BIEN HOA,MM BINH PHU,AN RICE CRACKER SEAWEED 111.3G,7.913598,0.6,2.0,6.748159,LT_AN RICE CRACKER SEAWEED 111.3G_T132_1,1.0
CG_LT,132,,MM BIEN HOA,MM BINH PHU,AN RICE CRACKER SEAWEED 111.3G,5.437552,0.6,1.385505,4.648036,LT_AN RICE CRACKER SEAWEED 111.3G_T132_3,0.692753
CG_LT,132,,MM BINH DUONG,MM AN PHU,AN RICE CRACKER SEAWEED 111.3G,6.159946,0.6,1.385505,5.081473,LT_AN RICE CRACKER SEAWEED 111.3G_T132_3,0.692753
CG_LT,132,,MM HIEP PHU,MM AN PHU,AN RICE CRACKER SEAWEED 111.3G,1.9506,0.6,1.385505,2.555865,LT_AN RICE CRACKER SEAWEED 111.3G_T132_3,0.692753
CG_LT,132,,MM HIEP PHU,MM BINH PHU,AN RICE CRACKER SEAWEED 111.3G,4.338384,0.6,1.385505,3.988535,LT_AN RICE CRACKER SEAWEED 111.3G_T132_3,0.692753
CG_LT,132,,MM HIEP PHU,MM BINH PHU,AN RICE CRACKER SEAWEED 111.3G,5.310466,0.6,2.0,5.18628,LT_AN RICE CRACKER SEAWEED 111.3G_T132_5,1.0
CG_LT,133,,MM BIEN HOA,MM BINH PHU,AN RICE CRACKER SEAWEED 111.3G,3.726964,0.6,1.41741,3.653588,LT_AN RICE CRACKER SEAWEED 111.3G_T133_3,0.708705
CG_LT,133,,MM BINH DUONG,MM AN PHU,AN RICE CRACKER SEAWEED 111.3G,3.005948,0.6,1.41741,3.220978,LT_AN RICE CRACKER SEAWEED 111.3G_T133_3,0.708705
CG_LT,133,,MM BINH DUONG,MM BINH PHU,AN RICE CRACKER SEAWEED 111.3G,6.357643,0.6,1.41741,5.231995,LT_AN RICE CRACKER SEAWEED 111.3G_T133_3,0.708705
CG_LT,133,,MM DA NANG,MM BINH PHU,AN RICE CRACKER SEAWEED 111.3G,5.788306,0.6,1.41741,4.890393,LT_AN RICE CRACKER SEAWEED 111.3G_T133_3,0.708705
CG_LT,134,,MM BIEN HOA,MM BINH PHU,AN RICE CRACKER SEAWEED 111.3G,5.001461,0.6,2.0,5.000877,LT_AN RICE CRACKER SEAWEED 111.3G_T134_1,1.0
CG_LT,134,,MM DA NANG,MM BINH PHU,AN RICE CRACKER SEAWEED 111.3G,7.571096,0.6,2.0,6.542658,LT_AN RICE CRACKER SEAWEED 111.3G_T134_1,1.0
CG_LT,134,,MM BIEN HOA,MM BINH PHU,AN RICE CRACKER SEAWEED 111.3G,5.803305,0.6,1.511028,4.993011,LT_AN RICE CRACKER SEAWEED 111.3G_T134_5,0.755514
CG_LT,134,,MM BINH DUONG,MM AN PHU,AN RICE CRACKER SEAWEED 111.3G,2.953679,0.6,1.511028,3.283235,LT_AN RICE CRACKER SEAWEED 111.3G_T134_5,0.755514
CG_LT,134,,MM BINH DUONG,MM BINH PHU,AN RICE CRACKER SEAWEED 111.3G,6.789135,0.6,1.511028,5.584509,LT_AN RICE CRACKER SEAWEED 111.3G_T134_5,0.755514
CG_LT,134,,MM DA NANG,MM BINH PHU,AN RICE CRACKER SEAWEED 111.3G,5.835003,0.6,1.511028,5.012029,LT_AN RICE CRACKER SEAWEED 111.3G_T134_5,0.755514
CG_LT,135,,MM DA NANG,MM BINH PHU,AN RICE CRACKER SEAWEED 111.3G,6.564606,0.6,1.648097,5.58686,LT_AN RICE CRACKER SEAWEED 111.3G_T135_1,0.824048
CG_LT,135,,MM HIEP PHU,MM AN PHU,AN RICE CRACKER SEAWEED 111.3G,2.033947,0.6,1.648097,2.868465,LT_AN RICE CRACKER SEAWEED 111.3G_T135_1,0.824048
CG_LT,135,,MM HIEP PHU,MM BINH PHU,AN RICE CRACKER SEAWEED 111.3G,1.905868,0.6,1.648097,2.791617,LT_AN RICE CRACKER SEAWEED 111.3G_T135_1,0.824048
CG_LT,135,,MM BIEN HOA,MM BINH PHU,AN RICE CRACKER SEAWEED 111.3G,1.346931,0.6,2.0,2.808159,LT_AN RICE CRACKER SEAWEED 111.3G_T135_2,1.0
CG_LT,135,,MM DA NANG,MM AN PHU,AN RICE CRACKER SEAWEED 111.3G,9.475394,0.6,2.0,7.685236,LT_AN RICE CRACKER SEAWEED 111.3G_T135_2,1.0
CG_LT,135,,MM BIEN HOA,MM BINH DUONG,AN RICE CRACKER SEAWEED 111.3G,1.771021,0.6,0.388383,1.450996,LT_AN RICE CRACKER SEAWEED 111.3G_T135_4,0.194191
CG_LT,136,,MM BIEN HOA,MM BINH PHU,AN RICE CRACKER SEAWEED 111.3G,3.222544,0.6,1.417955,3.351481,LT_AN RICE CRACKER SEAWEED 111.3G_T136_3,0.708977
CG_LT,136,,MM BINH DUONG,MM BINH PHU,AN RICE CRACKER SEAWEED 111.3G,3.621601,0.6,1.417955,3.590915,LT_AN RICE CRACKER SEAWEED 111.3G_T136_3,0.708977
CG_LT,136,,MM HIEP PHU,MM BINH PHU,AN RICE CRACKER SEAWEED 111.3G,4.78956,0.6,1.417955,4.29169,LT_AN RICE CRACKER SEAWEED 111.3G_T136_3,0.708977
CG_LT,136,,MM BIEN HOA,MM BINH PHU,AN RICE CRACKER SEAWEED 111.3G,3.685052,0.6,0.914546,3.125578,LT_AN RICE CRACKER SEAWEED 111.3G_T136_4,0.457273
CG_LT,136,,MM DA NANG,MM AN PHU,AN RICE CRACKER SEAWEED 111.3G,0.781115,0.6,0.914546,1.383216,LT_AN RICE CRACKER SEAWEED 111.3G_T136_4,0.457273
CG_LT,136,,MM HIEP PHU,MM BINH PHU,AN RICE CRACKER SEAWEED 111.3G,3.681244,0.6,0.914546,3.123293,LT_AN RICE CRACKER SEAWEED 111.3G_T136_4,0.457273
CG_LT,136,,MM BINH DUONG,MM DA NANG,AN RICE CRACKER SEAWEED 111.3G,5.610399,0.6,1.895267,5.261506,LT_AN RICE CRACKER SEAWEED 111.3G_T136_5,0.947633
CG_LT,136,,MM HIEP PHU,MM DA NANG,AN RICE CRACKER SEAWEED 111.3G,9.209471,0.6,1.895267,7.420949,LT_AN RICE CRACKER SEAWEED 111.3G_T136_5,0.947633
CG_LT,137,,MM BIEN HOA,MM BINH PHU,AN RICE CRACKER SEAWEED 111.3G,0.345907,0.6,0.331041,0.538586,LT_AN RICE CRACKER SEAWEED 111.3G_T137_1,0.165521
CG_LT,137,,MM BINH DUONG,MM AN PHU,AN RICE CRACKER SEAWEED 111.3G,0.821554,0.6,0.331041,0.823974,LT_AN RICE CRACKER SEAWEED 111.3G_T137_1,0.165521
CG_LT,137,,MM HIEP PHU,MM DA NANG,AN RICE CRACKER SEAWEED 111.3G,1.593923,0.6,0.331041,1.287395,LT_AN RICE CRACKER SEAWEED 111.3G_T137_1,0.165521
CG_LT,137,,MM BIEN HOA,MM DA NANG,AN RICE CRACKER SEAWEED 111.3G,1.316275,0.6,0.641848,1.431613,LT_AN RICE CRACKER SEAWEED 111.3G_T137_2,0.320924
CG_LT,137,,MM BINH DUONG,MM AN PHU,AN RICE CRACKER SEAWEED 111.3G,0.780104,0.6,0.641848,1.109911,LT_AN RICE CRACKER SEAWEED 111.3G_T137_2,0.320924
CG_LT,137,,MM BINH DUONG,MM BINH PHU,AN RICE CRACKER SEAWEED 111.3G,2.334891,0.6,0.641848,2.042783,LT_AN RICE CRACKER SEAWEED 111.3G_T137_2,0.320924
CG_LT,137,,MM BIEN HOA,MM BINH PHU,AN RICE CRACKER SEAWEED 111.3G,5.936393,0.6,2.0,5.561836,LT_AN RICE CRACKER SEAWEED 111.3G_T137_4,1.0
CG_LT,137,,MM BIEN HOA,MM DA NANG,AN RICE CRACKER SEAWEED 111.3G,7.234339,0.6,2.0,6.340603,LT_AN RICE CRACKER SEAWEED 111.3G_T137_4,1.0
CG_LT,137,,MM BINH DUONG,MM DA NANG,AN RICE CRACKER SEAWEED 111.3G,2.37329,0.6,2.0,3.423974,LT_AN RICE CRACKER SEAWEED 111.3G_T137_4,1.0
CG_LT,137,,MM HIEP PHU,MM AN PHU,AN RICE CRACKER SEAWEED 111.3G,5.307248,0.6,2.0,5.184349,LT_AN RICE CRACKER SEAWEED 111.3G_T137_4,1.0
CG_LT,138,,MM BINH DUONG,MM BINH PHU,AN RICE CRACKER SEAWEED 111.3G,1.70351,0.6,0.645584,1.66769,LT_AN RICE CRACKER SEAWEED 111.3G_T138_1,0.322792
CG_LT,138,,MM HIEP PHU,MM AN PHU,AN RICE CRACKER SEAWEED 111.3G,0.798394,0.6,0.645584,1.124621,LT_AN RICE CRACKER SEAWEED 111.3G_T138_1,0.322792
CG_LT,138,,MM HIEP PHU,MM BINH PHU,AN RICE CRACKER SEAWEED 111.3G,1.060293,0.6,0.645584,1.28176,LT_AN RICE CRACKER SEAWEED 111.3G_T138_1,0.322792
CG_LT,138,,MM HIEP PHU,MM DA NANG,AN RICE CRACKER SEAWEED 111.3G,1.126962,0.6,0.645584,1.321761,LT_AN RICE CRACKER SEAWEED 111.3G_T138_1,0.322792
CG_LT,138,,MM BINH DUONG,MM BINH PHU,AN RICE CRACKER SEAWEED 111.3G,6.407058,0.6,2.0,5.844235,LT_AN RICE CRACKER SEAWEED 111.3G_T138_2,1.0
CG_LT,138,,MM HIEP PHU,MM AN PHU,AN RICE CRACKER SEAWEED 111.3G,9.558549,0.6,2.0,7.73513,LT_AN RICE CRACKER SEAWEED 111.3G_T138_2,1.0
CG_LT,138,,MM BIEN HOA,MM DA NANG,AN RICE CRACKER SEAWEED 111.3G,8.587598,0.6,1.954897,7.107456,LT_AN RICE CRACKER SEAWEED 111.3G_T138_4,0.977449
CG_LT,138,,MM BINH DUONG,MM BINH PHU,AN RICE CRACKER SEAWEED 111.3G,1.829138,0.6,1.202852,2.300335,LT_AN RICE CRACKER SEAWEED 111.3G_T138_5,0.601426
CG_LT,138,,MM BINH DUONG,MM DA NANG,AN RICE CRACKER SEAWEED 111.3G,4.28544,0.6,1.202852,3.774116,LT_AN RICE CRACKER SEAWEED 111.3G_T138_5,0.601426
CG_LT,139,,MM BIEN HOA,MM AN PHU,AN RICE CRACKER SEAWEED 111.3G,8.155626,0.6,1.684669,6.578045,LT_AN RICE CRACKER SEAWEED 111.3G_T139_1,0.842334
CG_LT,139,,MM BIEN HOA,MM DA NANG,AN RICE CRACKER SEAWEED 111.3G,7.441846,0.6,1.684669,6.149776,LT_AN RICE CRACKER SEAWEED 111.3G_T139_1,0.842334
CG_LT,139,,MM BINH DUONG,MM DA NANG,AN RICE CRACKER SEAWEED 111.3G,1.73187,0.6,1.684669,2.723791,LT_AN RICE CRACKER SEAWEED 111.3G_T139_1,0.842334
CG_LT,139,,MM HIEP PHU,MM DA NANG,AN RICE CRACKER SEAWEED 111.3G,8.299522,0.6,1.684669,6.664382,LT_AN RICE CRACKER SEAWEED 111.3G_T139_1,0.842334
CG_LT,139,,MM BIEN HOA,MM AN PHU,AN RICE CRACKER SEAWEED 111.3G,4.009327,0.6,1.178173,3.583769,LT_AN RICE CRACKER SEAWEED 111.3G_T139_4,0.589086
CG_LT,139,,MM BINH DUONG,MM BINH PHU,AN RICE CRACKER SEAWEED 111.3G,1.67999,0.6,1.178173,2.186167,LT_AN RICE CRACKER SEAWEED 111.3G_T139_4,0.589086
CG_LT,139,,MM HIEP PHU,MM BINH PHU,AN RICE CRACKER SEAWEED 111.3G,3.563095,0.6,1.178173,3.316029,LT_AN RICE CRACKER SEAWEED 111.3G_T139_4,0.589086
CG_LT,139,,MM BIEN HOA,MM AN PHU,AN RICE CRACKER SEAWEED 111.3G,6.589355,0.6,2.0,5.953613,LT_AN RICE CRACKER SEAWEED 111.3G_T139_5,1.0
CG_LT,139,,MM BIEN HOA,MM BINH PHU,AN RICE CRACKER SEAWEED 111.3G,8.756915,0.6,2.0,7.254149,LT_AN RICE CRACKER SEAWEED 111.3G_T139_5,1.0
CG_LT,139,,MM BIEN HOA,MM DA NANG,AN RICE CRACKER SEAWEED 111.3G,4.526762,0.6,2.0,4.716057,LT_AN RICE CRACKER SEAWEED 111.3G_T139_5,1.0
CG_LT,13,,MM BIEN HOA,MM AN PHU,AN RICE CRACKER SEAWEED 111.3G,2.82878,0.6,1.487793,3.185061,LT_AN RICE CRACKER SEAWEED 111.3G_T13_2,0.743896
CG_LT,13,,MM HIEP PHU,MM AN PHU,AN RICE CRACKER SEAWEED 111.3G,6.602261,0.6,1.487793,5.449149,LT_AN RICE CRACKER SEAWEED 111.3G_T13_2,0.743896
CG_LT,13,,MM BIEN HOA,MM BINH DUONG,AN RICE CRACKER SEAWEED 111.3G,4.606468,0.6,2.0,4.763881,LT_AN RICE CRACKER SEAWEED 111.3G_T13_4,1.0
CG_LT,13,,MM HIEP PHU,MM DA NANG,AN RICE CRACKER SEAWEED 111.3G,7.465067,0.6,2.0,6.47904,LT_AN RICE CRACKER SEAWEED 111.3G_T13_4,1.0
CG_LT,140,,MM BIEN HOA,MM AN PHU,AN RICE CRACKER SEAWEED 111.3G,4.991141,0.6,2.0,4.994685,LT_AN RICE CRACKER SEAWEED 111.3G_T140_2,1.0
CG_LT,140,,MM BIEN HOA,MM BINH PHU,AN RICE CRACKER SEAWEED 111.3G,8.874698,0.6,2.0,7.324819,LT_AN RICE CRACKER SEAWEED 111.3G_T140_2,1.0
CG_LT,140,,MM HIEP PHU,MM AN PHU,AN RICE CRACKER SEAWEED 111.3G,5.919943,0.6,2.0,5.551966,LT_AN RICE CRACKER SEAWEED 111.3G_T140_2,1.0
CG_LT,140,,MM HIEP PHU,MM DA NANG,AN RICE CRACKER SEAWEED 111.3G,7.116195,0.6,2.0,6.269717,LT_AN RICE CRACKER SEAWEED 111.3G_T140_2,1.0
CG_LT,140,,MM BIEN HOA,MM AN PHU,AN RICE CRACKER SEAWEED 111.3G,3.616865,0.6,2.0,4.170119,LT_AN RICE CRACKER SEAWEED 111.3G_T140_3,1.0
CG_LT,140,,MM BIEN HOA,MM BINH PHU,AN RICE CRACKER SEAWEED 111.3G,2.003987,0.6,2.0,3.202392,LT_AN RICE CRACKER SEAWEED 111.3G_T140_3,1.0
CG_LT,140,,MM BINH DUONG,MM BINH PHU,AN RICE CRACKER SEAWEED 111.3G,4.181369,0.6,2.0,4.508822,LT_AN RICE CRACKER SEAWEED 111.3G_T140_3,1.0
CG_LT,140,,MM HIEP PHU,MM AN PHU,AN RICE CRACKER SEAWEED 111.3G,9.273738,0.6,2.0,7.564243,LT_AN RICE CRACKER SEAWEED 111.3G_T140_3,1.0
CG_LT,140,,MM BIEN HOA,MM BINH PHU,AN RICE CRACKER SEAWEED 111.3G,2.294879,0.6,2.0,3.376927,LT_AN RICE CRACKER SEAWEED 111.3G_T140_4,1.0
CG_LT,140,,MM HIEP PHU,MM AN PHU,AN RICE CRACKER SEAWEED 111.3G,5.151245,0.6,2.0,5.090747,LT_AN RICE CRACKER SEAWEED 111.3G_T140_4,1.0
CG_LT,140,,MM HIEP PHU,MM BINH PHU,AN RICE CRACKER SEAWEED 111.3G,4.412865,0.6,2.0,4.647719,LT_AN RICE CRACKER SEAWEED 111.3G_T140_4,1.0
CG_LT,140,,MM HIEP PHU,MM DA NANG,AN RICE CRACKER SEAWEED 111.3G,5.198862,0.6,2.0,5.119317,LT_AN RICE CRACKER SEAWEED 111.3G_T140_4,1.0
CG_LT,140,,MM BINH DUONG,MM AN PHU,AN RICE CRACKER SEAWEED 111.3G,5.416995,0.6,1.615048,4.865245,LT_AN RICE CRACKER SEAWEED 111.3G_T140_5,0.807524
CG_LT,140,,MM BINH DUONG,MM BINH PHU,AN RICE CRACKER SEAWEED 111.3G,3.633635,0.6,1.615048,3.795229,LT_AN RICE CRACKER SEAWEED 111.3G_T140_5,0.807524
CG_LT,140,,MM HIEP PHU,MM BINH PHU,AN RICE CRACKER SEAWEED 111.3G,6.227382,0.6,1.615048,5.351477,LT_AN RICE CRACKER SEAWEED 111.3G_T140_5,0.807524
CG_LT,141,,MM BINH DUONG,MM AN PHU,AN RICE CRACKER SEAWEED 111.3G,8.290381,0.6,2.0,6.974228,LT_AN RICE CRACKER SEAWEED 111.3G_T141_1,1.0
CG_LT,141,,MM HIEP PHU,MM BINH PHU,AN RICE CRACKER SEAWEED 111.3G,8.581813,0.6,2.0,7.149088,LT_AN RICE CRACKER SEAWEED 111.3G_T141_1,1.0
CG_LT,141,,MM BIEN HOA,MM BINH PHU,AN RICE CRACKER SEAWEED 111.3G,0.589607,0.6,0.265359,0.619123,LT_AN RICE CRACKER SEAWEED 111.3G_T141_3,0.13268
CG_LT,141,,MM BIEN HOA,MM DA NANG,AN RICE CRACKER SEAWEED 111.3G,1.116389,0.6,0.265359,0.935193,LT_AN RICE CRACKER SEAWEED 111.3G_T141_3,0.13268
CG_LT,141,,MM BINH DUONG,MM AN PHU,AN RICE CRACKER SEAWEED 111.3G,0.736271,0.6,0.265359,0.707122,LT_AN RICE CRACKER SEAWEED 111.3G_T141_3,0.13268
CG_LT,141,,MM BINH DUONG,MM BINH PHU,AN RICE CRACKER SEAWEED 111.3G,0.205349,0.6,0.265359,0.388569,LT_AN RICE CRACKER SEAWEED 111.3G_T141_3,0.13268
CG_LT,141,,MM HIEP PHU,MM DA NANG,AN RICE CRACKER SEAWEED 111.3G,9.307122,0.6,2.0,7.584273,LT_AN RICE CRACKER SEAWEED 111.3G_T141_5,1.0
CG_LT,142,,MM BIEN HOA,MM BINH PHU,AN RICE CRACKER SEAWEED 111.3G,9.740451,0.6,2.0,7.844271,LT_AN RICE CRACKER SEAWEED 111.3G_T142_2,1.0
CG_LT,142,,MM HIEP PHU,MM BINH PHU,AN RICE CRACKER SEAWEED 111.3G,3.348382,0.6,2.0,4.009029,LT_AN RICE CRACKER SEAWEED 111.3G_T142_2,1.0
CG_LT,142,,MM BIEN HOA,MM BINH PHU,AN RICE CRACKER SEAWEED 111.3G,9.492008,0.6,2.0,7.695205,LT_AN RICE CRACKER SEAWEED 111.3G_T142_3,1.0
CG_LT,142,,MM HIEP PHU,MM AN PHU,AN RICE CRACKER SEAWEED 111.3G,6.440522,0.6,2.0,5.864313,LT_AN RICE CRACKER SEAWEED 111.3G_T142_3,1.0
CG_LT,142,,MM HIEP PHU,MM BINH DUONG,AN RICE CRACKER SEAWEED 111.3G,8.572865,0.6,2.0,7.143719,LT_AN RICE CRACKER SEAWEED 111.3G_T142_3,1.0
CG_LT,142,,MM BIEN HOA,MM BINH PHU,AN RICE CRACKER SEAWEED 111.3G,1.963367,0.6,1.958614,3.136634,LT_AN RICE CRACKER SEAWEED 111.3G_T142_4,0.979307
CG_LT,142,,MM BIEN HOA,MM DA NANG,AN RICE CRACKER SEAWEED 111.3G,4.906239,0.6,1.958614,4.902358,LT_AN RICE CRACKER SEAWEED 111.3G_T142_4,0.979307
CG_LT,142,,MM HIEP PHU,MM BINH PHU,AN RICE CRACKER SEAWEED 111.3G,7.128693,0.6,1.958614,6.23583,LT_AN RICE CRACKER SEAWEED 111.3G_T142_4,0.979307
CG_LT,142,,MM BIEN HOA,MM AN PHU,AN RICE CRACKER SEAWEED 111.3G,6.545972,0.6,2.0,5.927583,LT_AN RICE CRACKER SEAWEED 111.3G_T142_5,1.0
CG_LT,142,,MM HIEP PHU,MM AN PHU,AN RICE CRACKER SEAWEED 111.3G,8.832221,0.6,2.0,7.299332,LT_AN RICE CRACKER SEAWEED 111.3G_T142_5,1.0
CG_LT,143,,MM BIEN HOA,MM AN PHU,AN RICE CRACKER SEAWEED 111.3G,7.192053,0.6,2.0,6.315232,LT_AN RICE CRACKER SEAWEED 111.3G_T143_1,1.0
CG_LT,143,,MM BIEN HOA,MM BINH DUONG,AN RICE CRACKER SEAWEED 111.3G,2.036803,0.6,2.0,3.222082,LT_AN RICE CRACKER SEAWEED 111.3G_T143_1,1.0
CG_LT,143,,MM BIEN HOA,MM DA NANG,AN RICE CRACKER SEAWEED 111.3G,5.263054,0.6,2.0,5.157832,LT_AN RICE CRACKER SEAWEED 111.3G_T143_1,1.0
CG_LT,143,,MM BIEN HOA,MM BINH PHU,AN RICE CRACKER SEAWEED 111.3G,1.056283,0.6,0.905918,1.539688,LT_AN RICE CRACKER SEAWEED 111.3G_T143_3,0.452959
CG_LT,143,,MM BIEN HOA,MM DA NANG,AN RICE CRACKER SEAWEED 111.3G,3.763807,0.6,0.905918,3.164202,LT_AN RICE CRACKER SEAWEED 111.3G_T143_3,0.452959
CG_LT,143,,MM HIEP PHU,MM BINH DUONG,AN RICE CRACKER SEAWEED 111.3G,1.123805,0.6,0.905918,1.5802,LT_AN RICE CRACKER SEAWEED 111.3G_T143_3,0.452959
CG_LT,143,,MM HIEP PHU,MM BINH PHU,AN RICE CRACKER SEAWEED 111.3G,2.819392,0.6,0.905918,2.597553,LT_AN RICE CRACKER SEAWEED 111.3G_T143_3,0.452959
CG_LT,144,,MM BIEN HOA,MM BINH DUONG,AN RICE CRACKER SEAWEED 111.3G,1.468316,0.6,0.793665,1.674655,LT_AN RICE CRACKER SEAWEED 111.3G_T144_2,0.396833
CG_LT,144,,MM BIEN HOA,MM DA NANG,AN RICE CRACKER SEAWEED 111.3G,8.210641,0.6,2.0,6.926385,LT_AN RICE CRACKER SEAWEED 111.3G_T144_3,1.0
CG_LT,144,,MM HIEP PHU,MM BINH PHU,AN RICE CRACKER SEAWEED 111.3G,2.686095,0.6,1.417287,3.028944,LT_AN RICE CRACKER SEAWEED 111.3G_T144_4,0.708644
CG_LT,145,,MM BIEN HOA,MM DA NANG,AN RICE CRACKER SEAWEED 111.3G,6.831129,0.6,2.0,6.098677,LT_AN RICE CRACKER SEAWEED 111.3G_T145_1,1.0
CG_LT,145,,MM HIEP PHU,MM AN PHU,AN RICE CRACKER SEAWEED 111.3G,9.787684,0.6,2.0,7.872611,LT_AN RICE CRACKER SEAWEED 111.3G_T145_1,1.0
CG_LT,145,,MM HIEP PHU,MM BINH DUONG,AN RICE CRACKER SEAWEED 111.3G,3.070112,0.6,2.0,3.842067,LT_AN RICE CRACKER SEAWEED 111.3G_T145_1,1.0
CG_LT,145,,MM HIEP PHU,MM DA NANG,AN RICE CRACKER SEAWEED 111.3G,4.201104,0.6,2.0,4.520662,LT_AN RICE CRACKER SEAWEED 111.3G_T145_1,1.0
CG_LT,145,,MM BIEN HOA,MM DA NANG,AN RICE CRACKER SEAWEED 111.3G,3.178328,0.6,2.0,3.906997,LT_AN RICE CRACKER SEAWEED 111.3G_T145_2,1.0
CG_LT,145,,MM HIEP PHU,MM AN PHU,AN RICE CRACKER SEAWEED 111.3G,1.597664,0.6,2.0,2.958599,LT_AN RICE CRACKER SEAWEED 111.3G_T145_2,1.0
CG_LT,145,,MM HIEP PHU,MM BINH PHU,AN RICE CRACKER SEAWEED 111.3G,7.384528,0.6,2.0,6.430717,LT_AN RICE CRACKER SEAWEED 111.3G_T145_2,1.0
CG_LT,145,,MM HIEP PHU,MM DA NANG,AN RICE CRACKER SEAWEED 111.3G,7.508011,0.6,2.0,6.504807,LT_AN RICE CRACKER SEAWEED 111.3G_T145_2,1.0
CG_LT,145,,MM BIEN HOA,MM AN PHU,AN RICE CRACKER SEAWEED 111.3G,6.822146,0.6,2.0,6.093288,LT_AN RICE CRACKER SEAWEED 111.3G_T145_3,1.0
CG_LT,145,,MM HIEP PHU,MM BINH PHU,AN RICE CRACKER SEAWEED 111.3G,8.642222,0.6,2.0,7.185333,LT_AN RICE CRACKER SEAWEED 111.3G_T145_3,1.0
CG_LT,145,,MM BIEN HOA,MM AN PHU,AN RICE CRACKER SEAWEED 111.3G,8.653733,0.6,2.0,7.19224,LT_AN RICE CRACKER SEAWEED 111.3G_T145_4,1.0
CG_LT,145,,MM BIEN HOA,MM BINH PHU,AN RICE CRACKER SEAWEED 111.3G,5.035537,0.6,2.0,5.021322,LT_AN RICE CRACKER SEAWEED 111.3G_T145_4,1.0
CG_LT,145,,MM BIEN HOA,MM DA NANG,AN RICE CRACKER SEAWEED 111.3G,8.28241,0.6,2.0,6.969446,LT_AN RICE CRACKER SEAWEED 111.3G_T145_4,1.0
CG_LT,145,,MM HIEP PHU,MM AN PHU,AN RICE CRACKER SEAWEED 111.3G,1.553065,0.6,2.0,2.931839,LT_AN RICE CRACKER SEAWEED 111.3G_T145_4,1.0
CG_LT,145,,MM HIEP PHU,MM BINH DUONG,AN RICE CRACKER SEAWEED 111.3G,3.305127,0.6,2.0,3.983076,LT_AN RICE CRACKER SEAWEED 111.3G_T145_5,1.0
CG_LT,145,,MM HIEP PHU,MM BINH PHU,AN RICE CRACKER SEAWEED 111.3G,7.548522,0.6,2.0,6.529113,LT_AN RICE CRACKER SEAWEED 111.3G_T145_5,1.0
CG_LT,146,,MM BIEN HOA,MM BINH DUONG,AN RICE CRACKER SEAWEED 111.3G,4.673484,0.6,1.229365,4.033455,LT_AN RICE CRACKER SEAWEED 111.3G_T146_1,0.614683
CG_LT,146,,MM BINH DUONG,MM BINH PHU,AN RICE CRACKER SEAWEED 111.3G,0.952466,0.6,1.229365,1.800845,LT_AN RICE CRACKER SEAWEED 111.3G_T146_1,0.614683
CG_LT,146,,MM BINH DUONG,MM DA NANG,AN RICE CRACKER SEAWEED 111.3G,6.095455,0.6,1.229365,4.886638,LT_AN RICE CRACKER SEAWEED 111.3G_T146_1,0.614683
CG_LT,146,,MM BINH DUONG,MM DA NANG,AN RICE CRACKER SEAWEED 111.3G,4.788231,0.6,2.0,4.872938,LT_AN RICE CRACKER SEAWEED 111.3G_T146_3,1.0
CG_LT,146,,MM BIEN HOA,MM AN PHU,AN RICE CRACKER SEAWEED 111.3G,7.951999,0.6,2.0,6.771199,LT_AN RICE CRACKER SEAWEED 111.3G_T146_4,1.0
CG_LT,146,,MM BIEN HOA,MM DA NANG,AN RICE CRACKER SEAWEED 111.3G,9.950614,0.6,2.0,7.970369,LT_AN RICE CRACKER SEAWEED 111.3G_T146_4,1.0
CG_LT,146,,MM BINH DUONG,MM DA NANG,AN RICE CRACKER SEAWEED 111.3G,4.1657,0.6,2.0,4.49942,LT_AN RICE CRACKER SEAWEED 111.3G_T146_4,1.0
CG_LT,146,,MM HIEP PHU,MM BINH PHU,AN RICE CRACKER SEAWEED 111.3G,3.438347,0.6,2.0,4.063008,LT_AN RICE CRACKER SEAWEED 111.3G_T146_4,1.0
CG_LT,147,,MM BIEN HOA,MM BINH DUONG,AN RICE CRACKER SEAWEED 111.3G,5.366621,0.6,2.0,5.219972,LT_AN RICE CRACKER SEAWEED 111.3G_T147_2,1.0
CG_LT,147,,MM BIEN HOA,MM DA NANG,AN RICE CRACKER SEAWEED 111.3G,3.006284,0.6,1.621483,3.425254,LT_AN RICE CRACKER SEAWEED 111.3G_T147_3,0.810742
CG_LT,147,,MM HIEP PHU,MM BINH DUONG,AN RICE CRACKER SEAWEED 111.3G,4.810857,0.6,1.621483,4.507997,LT_AN RICE CRACKER SEAWEED 111.3G_T147_3,0.810742
CG_LT,147,,MM HIEP PHU,MM BINH PHU,AN RICE CRACKER SEAWEED 111.3G,4.32997,0.6,1.621483,4.219465,LT_AN RICE CRACKER SEAWEED 111.3G_T147_3,0.810742
CG_LT,147,,MM HIEP PHU,MM DA NANG,AN RICE CRACKER SEAWEED 111.3G,6.450064,0.6,1.621483,5.491522,LT_AN RICE CRACKER SEAWEED 111.3G_T147_3,0.810742
CG_LT,147,,MM HIEP PHU,MM BINH DUONG,AN RICE CRACKER SEAWEED 111.3G,9.990691,0.6,2.0,7.994415,LT_AN RICE CRACKER SEAWEED 111.3G_T147_4,1.0
CG_LT,147,,MM BIEN HOA,MM BINH DUONG,AN RICE CRACKER SEAWEED 111.3G,6.13203,0.6,1.459028,5.138246,LT_AN RICE CRACKER SEAWEED 111.3G_T147_5,0.729514
CG_LT,147,,MM HIEP PHU,MM AN PHU,AN RICE CRACKER SEAWEED 111.3G,2.929336,0.6,1.459028,3.21663,LT_AN RICE CRACKER SEAWEED 111.3G_T147_5,0.729514
CG_LT,148,,MM BIEN HOA,MM DA NANG,AN RICE CRACKER SEAWEED 111.3G,1.438593,0.6,2.0,2.863156,LT_AN RICE CRACKER SEAWEED 111.3G_T148_1,1.0
CG_LT,148,,MM HIEP PHU,MM BINH DUONG,AN RICE CRACKER SEAWEED 111.3G,1.0,0.6,2.0,2.6,LT_AN RICE CRACKER SEAWEED 111.3G_T148_1,1.0
CG_LT,148,,MM HIEP PHU,MM DA NANG,AN RICE CRACKER SEAWEED 111.3G,6.591243,0.6,2.0,5.954746,LT_AN RICE CRACKER SEAWEED 111.3G_T148_1,1.0
CG_LT,148,,MM BIEN HOA,MM BINH DUONG,AN RICE CRACKER SEAWEED 111.3G,0.405288,0.6,0.810575,1.053748,LT_AN RICE CRACKER SEAWEED 111.3G_T148_2,0.405288
CG_LT,148,,MM BIEN HOA,MM DA NANG,AN RICE CRACKER SEAWEED 111.3G,2.054733,0.6,0.810575,2.043416,LT_AN RICE CRACKER SEAWEED 111.3G_T148_2,0.405288
CG_LT,148,,MM BIEN HOA,MM BINH PHU,AN RICE CRACKER SEAWEED 111.3G,9.905494,0.6,2.0,7.943296,LT_AN RICE CRACKER SEAWEED 111.3G_T148_3,1.0
CG_LT,148,,MM HIEP PHU,MM AN PHU,AN RICE CRACKER SEAWEED 111.3G,7.559239,0.6,2.0,6.535544,LT_AN RICE CRACKER SEAWEED 111.3G_T148_3,1.0
CG_LT,148,,MM HIEP PHU,MM DA NANG,AN RICE CRACKER SEAWEED 111.3G,9.463031,0.6,2.0,7.677819,LT_AN RICE CRACKER SEAWEED 111.3G_T148_3,1.0
CG_LT,148,,MM BIEN HOA,MM AN PHU,AN RICE CRACKER SEAWEED 111.3G,7.012852,0.6,2.0,6.207711,LT_AN RICE CRACKER SEAWEED 111.3G_T148_5,1.0
CG_LT,148,,MM BIEN HOA,MM DA NANG,AN RICE CRACKER SEAWEED 111.3G,5.783746,0.6,2.0,5.470247,LT_AN RICE CRACKER SEAWEED 111.3G_T148_5,1.0
CG_LT,148,,MM HIEP PHU,MM DA NANG,AN RICE CRACKER SEAWEED 111.3G,9.668654,0.6,2.0,7.801192,LT_AN RICE CRACKER SEAWEED 111.3G_T148_5,1.0
CG_LT,149,,MM BIEN HOA,MM AN PHU,AN RICE CRACKER SEAWEED 111.3G,8.343895,0.6,2.0,7.006337,LT_AN RICE CRACKER SEAWEED 111.3G_T149_2,1.0
CG_LT,149,,MM BIEN HOA,MM BINH PHU,AN RICE CRACKER SEAWEED 111.3G,7.670243,0.6,2.0,6.602146,LT_AN RICE CRACKER SEAWEED 111.3G_T149_2,1.0
CG_LT,149,,MM HIEP PHU,MM BINH PHU,AN RICE CRACKER SEAWEED 111.3G,6.298004,0.6,2.0,5.778802,LT_AN RICE CRACKER SEAWEED 111.3G_T149_2,1.0
CG_LT,149,,MM HIEP PHU,MM DA NANG,AN RICE CRACKER SEAWEED 111.3G,3.287731,0.6,2.0,3.972639,LT_AN RICE CRACKER SEAWEED 111.3G_T149_2,1.0
CG_LT,149,,MM BIEN HOA,MM BINH PHU,AN RICE CRACKER SEAWEED 111.3G,9.485479,0.6,2.0,7.691287,LT_AN RICE CRACKER SEAWEED 111.3G_T149_3,1.0
CG_LT,149,,MM BIEN HOA,MM DA NANG,AN RICE CRACKER SEAWEED 111.3G,3.074706,0.6,2.0,3.844823,LT_AN RICE CRACKER SEAWEED 111.3G_T149_3,1.0
CG_LT,149,,MM HIEP PHU,MM BINH PHU,AN RICE CRACKER SEAWEED 111.3G,6.033032,0.6,2.0,5.619819,LT_AN RICE CRACKER SEAWEED 111.3G_T149_3,1.0
CG_LT,149,,MM BIEN HOA,MM BINH DUONG,AN RICE CRACKER SEAWEED 111.3G,1.00493,0.6,2.0,2.602958,LT_AN RICE CRACKER SEAWEED 111.3G_T149_4,1.0
CG_LT,149,,MM BIEN HOA,MM DA NANG,AN RICE CRACKER SEAWEED 111.3G,9.374029,0.6,2.0,7.624417,LT_AN RICE CRACKER SEAWEED 111.3G_T149_4,1.0
CG_LT,149,,MM HIEP PHU,MM BINH DUONG,AN RICE CRACKER SEAWEED 111.3G,1.748582,0.6,2.0,3.049149,LT_AN RICE CRACKER SEAWEED 111.3G_T149_4,1.0
CG_LT,149,,MM HIEP PHU,MM BINH PHU,AN RICE CRACKER SEAWEED 111.3G,4.942176,0.6,2.0,4.965306,LT_AN RICE CRACKER SEAWEED 111.3G_T149_4,1.0
CG_LT,149,,MM BIEN HOA,MM BINH PHU,AN RICE CRACKER SEAWEED 111.3G,7.358718,0.6,1.598139,6.013369,LT_AN RICE CRACKER SEAWEED 111.3G_T149_5,0.799069
CG_LT,150,,MM BIEN HOA,MM BINH DUONG,AN RICE CRACKER SEAWEED 111.3G,2.024427,0.6,1.985849,3.200505,LT_AN RICE CRACKER SEAWEED 111.3G_T150_1,0.992924
CG_LT,150,,MM BIEN HOA,MM BINH PHU,AN RICE CRACKER SEAWEED 111.3G,6.408868,0.6,1.985849,5.831169,LT_AN RICE CRACKER SEAWEED 111.3G_T150_1,0.992924
CG_LT,150,,MM BIEN HOA,MM DA NANG,AN RICE CRACKER SEAWEED 111.3G,5.456872,0.6,1.985849,5.259972,LT_AN RICE CRACKER SEAWEED 111.3G_T150_1,0.992924
CG_LT,150,,MM HIEP PHU,MM AN PHU,AN RICE CRACKER SEAWEED 111.3G,5.365895,0.6,1.985849,5.205386,LT_AN RICE CRACKER SEAWEED 111.3G_T150_1,0.992924
CG_LT,150,,MM BIEN HOA,MM AN PHU,AN RICE CRACKER SEAWEED 111.3G,1.410669,0.6,2.0,2.846401,LT_AN RICE CRACKER SEAWEED 111.3G_T150_4,1.0
CG_LT,150,,MM BIEN HOA,MM DA NANG,AN RICE CRACKER SEAWEED 111.3G,9.878388,0.6,2.0,7.927033,LT_AN RICE CRACKER SEAWEED 111.3G_T150_4,1.0
CG_LT,150,,MM HIEP PHU,MM BINH DUONG,AN RICE CRACKER SEAWEED 111.3G,2.140899,0.6,2.0,3.28454,LT_AN RICE CRACKER SEAWEED 111.3G_T150_4,1.0
CG_LT,150,,MM HIEP PHU,MM BINH PHU,AN RICE CRACKER SEAWEED 111.3G,4.32109,0.6,2.0,4.592654,LT_AN RICE CRACKER SEAWEED 111.3G_T150_4,1.0
CG_LT,150,,MM BIEN HOA,MM BINH PHU,AN RICE CRACKER SEAWEED 111.3G,5.197511,0.6,2.0,5.118506,LT_AN RICE CRACKER SEAWEED 111.3G_T150_5,1.0
CG_LT,150,,MM BIEN HOA,MM DA NANG,AN RICE CRACKER SEAWEED 111.3G,6.935266,0.6,2.0,6.161159,LT_AN RICE CRACKER SEAWEED 111.3G_T150_5,1.0
CG_LT,150,,MM HIEP PHU,MM AN PHU,AN RICE CRACKER SEAWEED 111.3G,9.26354,0.6,2.0,7.558124,LT_AN RICE CRACKER SEAWEED 111.3G_T150_5,1.0
CG_LT,150,,MM HIEP PHU,MM DA NANG,AN RICE CRACKER SEAWEED 111.3G,7.138425,0.6,2.0,6.283055,LT_AN RICE CRACKER SEAWEED 111.3G_T150_5,1.0
CG_LT,151,,MM BIEN HOA,MM BINH PHU,AN RICE CRACKER SEAWEED 111.3G,4.474506,0.6,0.920417,3.605121,LT_AN RICE CRACKER SEAWEED 111.3G_T151_3,0.460209
CG_LT,151,,MM HIEP PHU,MM DA NANG,AN RICE CRACKER SEAWEED 111.3G,3.229754,0.6,0.920417,2.85827,LT_AN RICE CRACKER SEAWEED 111.3G_T151_3,0.460209
CG_LT,151,,MM AN PHU,MM BINH PHU,AN RICE CRACKER SEAWEED 111.3G,6.525494,0.6,2.0,5.915296,LT_AN RICE CRACKER SEAWEED 111.3G_T151_5,1.0
CG_LT,16,,MM BIEN HOA,MM AN PHU,AN RICE CRACKER SEAWEED 111.3G,1.033991,0.6,0.498112,1.118506,LT_AN RICE CRACKER SEAWEED 111.3G_T16_1,0.249056
CG_LT,16,,MM BIEN HOA,MM DA NANG,AN RICE CRACKER SEAWEED 111.3G,1.740325,0.6,0.498112,1.542307,LT_AN RICE CRACKER SEAWEED 111.3G_T16_1,0.249056
CG_LT,16,,MM HIEP PHU,MM BIEN HOA,AN RICE CRACKER SEAWEED 111.3G,0.249056,0.6,0.498112,0.647546,LT_AN RICE CRACKER SEAWEED 111.3G_T16_1,0.249056
CG_LT,16,,MM HIEP PHU,MM BINH PHU,AN RICE CRACKER SEAWEED 111.3G,0.598207,0.6,0.498112,0.857036,LT_AN RICE CRACKER SEAWEED 111.3G_T16_1,0.249056
CG_LT,17,,MM HIEP PHU,MM AN PHU,AN RICE CRACKER SEAWEED 111.3G,4.697376,0.6,1.681534,4.49996,LT_AN RICE CRACKER SEAWEED 111.3G_T17_2,0.840767
CG_LT,17,,MM HIEP PHU,MM BINH DUONG,AN RICE CRACKER SEAWEED 111.3G,3.682637,0.6,1.681534,3.891116,LT_AN RICE CRACKER SEAWEED 111.3G_T17_2,0.840767
CG_LT,17,,MM HIEP PHU,MM BINH PHU,AN RICE CRACKER SEAWEED 111.3G,1.725827,0.6,1.681534,2.71703,LT_AN RICE CRACKER SEAWEED 111.3G_T17_2,0.840767
CG_LT,17,,MM HIEP PHU,MM DA NANG,AN RICE CRACKER SEAWEED 111.3G,1.395005,0.6,1.681534,2.518537,LT_AN RICE CRACKER SEAWEED 111.3G_T17_2,0.840767
CG_LT,18,,MM HIEP PHU,MM AN PHU,AN RICE CRACKER SEAWEED 111.3G,3.6493,0.6,1.881993,4.071573,LT_AN RICE CRACKER SEAWEED 111.3G_T18_1,0.940996
CG_LT,18,,MM HIEP PHU,MM BIEN HOA,AN RICE CRACKER SEAWEED 111.3G,3.61785,0.6,1.881993,4.052703,LT_AN RICE CRACKER SEAWEED 111.3G_T18_1,0.940996
CG_LT,18,,MM HIEP PHU,MM BINH PHU,AN RICE CRACKER SEAWEED 111.3G,3.372113,0.6,1.881993,3.905261,LT_AN RICE CRACKER SEAWEED 111.3G_T18_1,0.940996
CG_LT,18,,MM HIEP PHU,MM AN PHU,AN RICE CRACKER SEAWEED 111.3G,5.282797,0.6,2.0,5.169678,LT_AN RICE CRACKER SEAWEED 111.3G_T18_2,1.0
CG_LT,18,,MM HIEP PHU,MM BIEN HOA,AN RICE CRACKER SEAWEED 111.3G,3.166506,0.6,2.0,3.899904,LT_AN RICE CRACKER SEAWEED 111.3G_T18_2,1.0
CG_LT,18,,MM HIEP PHU,MM BINH PHU,AN RICE CRACKER SEAWEED 111.3G,8.545382,0.6,2.0,7.127229,LT_AN RICE CRACKER SEAWEED 111.3G_T18_2,1.0
CG_LT,18,,MM HIEP PHU,MM DA NANG,AN RICE CRACKER SEAWEED 111.3G,2.871908,0.6,2.0,3.723145,LT_AN RICE CRACKER SEAWEED 111.3G_T18_2,1.0
CG_LT,18,,MM HIEP PHU,MM AN PHU,AN RICE CRACKER SEAWEED 111.3G,1.436347,0.6,0.72226,1.584068,LT_AN RICE CRACKER SEAWEED 111.3G_T18_3,0.36113
CG_LT,18,,MM HIEP PHU,MM BIEN HOA,AN RICE CRACKER SEAWEED 111.3G,1.866744,0.6,0.72226,1.842306,LT_AN RICE CRACKER SEAWEED 111.3G_T18_3,0.36113
CG_LT,18,,MM HIEP PHU,MM BINH DUONG,AN RICE CRACKER SEAWEED 111.3G,1.580362,0.6,0.72226,1.670477,LT_AN RICE CRACKER SEAWEED 111.3G_T18_3,0.36113
CG_LT,18,,MM HIEP PHU,MM BINH PHU,AN RICE CRACKER SEAWEED 111.3G,2.397174,0.6,0.72226,2.160564,LT_AN RICE CRACKER SEAWEED 111.3G_T18_3,0.36113
CG_LT,18,,MM HIEP PHU,MM AN PHU,AN RICE CRACKER SEAWEED 111.3G,6.514239,0.6,2.0,5.908543,LT_AN RICE CRACKER SEAWEED 111.3G_T18_5,1.0
CG_LT,18,,MM HIEP PHU,MM BINH DUONG,AN RICE CRACKER SEAWEED 111.3G,6.419638,0.6,2.0,5.851783,LT_AN RICE CRACKER SEAWEED 111.3G_T18_5,1.0
CG_LT,18,,MM HIEP PHU,MM BINH PHU,AN RICE CRACKER SEAWEED 111.3G,6.096065,0.6,2.0,5.657639,LT_AN RICE CRACKER SEAWEED 111.3G_T18_5,1.0
CG_LT,18,,MM HIEP PHU,MM DA NANG,AN RICE CRACKER SEAWEED 111.3G,2.163853,0.6,2.0,3.298312,LT_AN RICE CRACKER SEAWEED 111.3G_T18_5,1.0
CG_LT,19,,MM HIEP PHU,MM AN PHU,AN RICE CRACKER SEAWEED 111.3G,6.466579,0.6,2.0,5.879947,LT_AN RICE CRACKER SEAWEED 111.3G_T19_1,1.0
CG_LT,19,,MM HIEP PHU,MM BINH DUONG,AN RICE CRACKER SEAWEED 111.3G,2.224778,0.6,2.0,3.334867,LT_AN RICE CRACKER SEAWEED 111.3G_T19_1,1.0
CG_LT,19,,MM HIEP PHU,MM DA NANG,AN RICE CRACKER SEAWEED 111.3G,7.993684,0.6,2.0,6.79621,LT_AN RICE CRACKER SEAWEED 111.3G_T19_1,1.0
CG_LT,19,,MM HIEP PHU,MM AN PHU,AN RICE CRACKER SEAWEED 111.3G,6.24918,0.6,2.0,5.749508,LT_AN RICE CRACKER SEAWEED 111.3G_T19_2,1.0
CG_LT,19,,MM HIEP PHU,MM BINH DUONG,AN RICE CRACKER SEAWEED 111.3G,3.410037,0.6,2.0,4.046022,LT_AN RICE CRACKER SEAWEED 111.3G_T19_3,1.0
CG_LT,19,,MM HIEP PHU,MM DA NANG,AN RICE CRACKER SEAWEED 111.3G,9.896365,0.6,2.0,7.937819,LT_AN RICE CRACKER SEAWEED 111.3G_T19_3,1.0
CG_LT,19,,MM HIEP PHU,MM AN PHU,AN RICE CRACKER SEAWEED 111.3G,5.087651,0.6,2.0,5.052591,LT_AN RICE CRACKER SEAWEED 111.3G_T19_4,1.0
CG_LT,19,,MM HIEP PHU,MM BINH DUONG,AN RICE CRACKER SEAWEED 111.3G,5.292794,0.6,2.0,5.175676,LT_AN RICE CRACKER SEAWEED 111.3G_T19_4,1.0
CG_LT,19,,MM HIEP PHU,MM BINH PHU,AN RICE CRACKER SEAWEED 111.3G,2.390342,0.6,2.0,3.434205,LT_AN RICE CRACKER SEAWEED 111.3G_T19_4,1.0
CG_LT,19,,MM HIEP PHU,MM DA NANG,AN RICE CRACKER SEAWEED 111.3G,6.551658,0.6,2.0,5.930995,LT_AN RICE CRACKER SEAWEED 111.3G_T19_4,1.0
CG_LT,19,,MM HIEP PHU,MM BIEN HOA,AN RICE CRACKER SEAWEED 111.3G,4.83681,0.6,2.0,4.902086,LT_AN RICE CRACKER SEAWEED 111.3G_T19_5,1.0
CG_LT,19,,MM HIEP PHU,MM BINH DUONG,AN RICE CRACKER SEAWEED 111.3G,6.375236,0.6,2.0,5.825142,LT_AN RICE CRACKER SEAWEED 111.3G_T19_5,1.0
CG_LT,19,,MM HIEP PHU,MM BINH PHU,AN RICE CRACKER SEAWEED 111.3G,6.500014,0.6,2.0,5.900009,LT_AN RICE CRACKER SEAWEED 111.3G_T19_5,1.0
CG_LT,20,,MM HIEP PHU,MM BINH DUONG,AN RICE CRACKER SEAWEED 111.3G,3.932078,0.6,2.0,4.359247,LT_AN RICE CRACKER SEAWEED 111.3G_T20_1,1.0
CG_LT,20,,MM HIEP PHU,MM BINH PHU,AN RICE CRACKER SEAWEED 111.3G,1.905083,0.6,2.0,3.14305,LT_AN RICE CRACKER SEAWEED 111.3G_T20_1,1.0
CG_LT,20,,MM HIEP PHU,MM BIEN HOA,AN RICE CRACKER SEAWEED 111.3G,1.925952,0.6,2.0,3.155571,LT_AN RICE CRACKER SEAWEED 111.3G_T20_2,1.0
CG_LT,20,,MM HIEP PHU,MM BINH PHU,AN RICE CRACKER SEAWEED 111.3G,9.215093,0.6,2.0,7.529056,LT_AN RICE CRACKER SEAWEED 111.3G_T20_2,1.0
CG_LT,20,,MM HIEP PHU,MM BIEN HOA,AN RICE CRACKER SEAWEED 111.3G,1.958803,0.6,2.0,3.175282,LT_AN RICE CRACKER SEAWEED 111.3G_T20_4,1.0
CG_LT,20,,MM HIEP PHU,MM BINH DUONG,AN RICE CRACKER SEAWEED 111.3G,2.150613,0.6,2.0,3.290368,LT_AN RICE CRACKER SEAWEED 111.3G_T20_4,1.0
CG_LT,20,,MM HIEP PHU,MM BIEN HOA,AN RICE CRACKER SEAWEED 111.3G,1.339894,0.6,2.0,2.803936,LT_AN RICE CRACKER SEAWEED 111.3G_T20_5,1.0
CG_LT,20,,MM HIEP PHU,MM BINH DUONG,AN RICE CRACKER SEAWEED 111.3G,7.529729,0.6,2.0,6.517838,LT_AN RICE CRACKER SEAWEED 111.3G_T20_5,1.0
CG_LT,20,,MM HIEP PHU,MM DA NANG,AN RICE CRACKER SEAWEED 111.3G,4.89884,0.6,2.0,4.939304,LT_AN RICE CRACKER SEAWEED 111.3G_T20_5,1.0
CG_LT,21,,MM BIEN HOA,MM AN PHU,AN RICE CRACKER SEAWEED 111.3G,5.489629,0.6,2.0,5.293777,LT_AN RICE CRACKER SEAWEED 111.3G_T21_2,1.0
CG_LT,22,,MM BIEN HOA,MM BINH DUONG,AN RICE CRACKER SEAWEED 111.3G,4.198097,0.6,2.0,4.518858,LT_AN RICE CRACKER SEAWEED 111.3G_T22_1,1.0
CG_LT,22,,MM HIEP PHU,MM AN PHU,AN RICE CRACKER SEAWEED 111.3G,8.660267,0.6,2.0,7.19616,LT_AN RICE CRACKER SEAWEED 111.3G_T22_1,1.0
CG_LT,22,,MM HIEP PHU,MM BINH DUONG,AN RICE CRACKER SEAWEED 111.3G,3.077063,0.6,2.0,3.846238,LT_AN RICE CRACKER SEAWEED 111.3G_T22_1,1.0
CG_LT,22,,MM BIEN HOA,MM DA NANG,AN RICE CRACKER SEAWEED 111.3G,4.486593,0.6,2.0,4.691956,LT_AN RICE CRACKER SEAWEED 111.3G_T22_2,1.0
CG_LT,22,,MM HIEP PHU,MM BINH DUONG,AN RICE CRACKER SEAWEED 111.3G,4.36768,0.6,2.0,4.620608,LT_AN RICE CRACKER SEAWEED 111.3G_T22_2,1.0
CG_LT,22,,MM HIEP PHU,MM BINH PHU,AN RICE CRACKER SEAWEED 111.3G,5.051888,0.6,2.0,5.031133,LT_AN RICE CRACKER SEAWEED 111.3G_T22_2,1.0
CG_LT,22,,MM HIEP PHU,MM AN PHU,AN RICE CRACKER SEAWEED 111.3G,7.077317,0.6,2.0,6.24639,LT_AN RICE CRACKER SEAWEED 111.3G_T22_3,1.0
CG_LT,22,,MM HIEP PHU,MM BINH DUONG,AN RICE CRACKER SEAWEED 111.3G,8.344033,0.6,2.0,7.00642,LT_AN RICE CRACKER SEAWEED 111.3G_T22_3,1.0
CG_LT,22,,MM BIEN HOA,MM AN PHU,AN RICE CRACKER SEAWEED 111.3G,8.523162,0.6,2.0,7.113897,LT_AN RICE CRACKER SEAWEED 111.3G_T22_4,1.0
CG_LT,22,,MM HIEP PHU,MM AN PHU,AN RICE CRACKER SEAWEED 111.3G,9.750373,0.6,2.0,7.850224,LT_AN RICE CRACKER SEAWEED 111.3G_T22_4,1.0
CG_LT,22,,MM HIEP PHU,MM BINH DUONG,AN RICE CRACKER SEAWEED 111.3G,4.559495,0.6,2.0,4.735697,LT_AN RICE CRACKER SEAWEED 111.3G_T22_4,1.0
CG_LT,22,,MM BIEN HOA,MM BINH PHU,AN RICE CRACKER SEAWEED 111.3G,4.792148,0.6,1.49951,4.374799,LT_AN RICE CRACKER SEAWEED 111.3G_T22_5,0.749755
CG_LT,22,,MM HIEP PHU,MM BINH DUONG,AN RICE CRACKER SEAWEED 111.3G,1.794084,0.6,1.49951,2.575961,LT_AN RICE CRACKER SEAWEED 111.3G_T22_5,0.749755
CG_LT,23,,MM HIEP PHU,MM AN PHU,AN RICE CRACKER SEAWEED 111.3G,3.177577,0.6,2.0,3.906546,LT_AN RICE CRACKER SEAWEED 111.3G_T23_2,1.0
CG_LT,23,,MM HIEP PHU,MM DA NANG,AN RICE CRACKER SEAWEED 111.3G,2.12767,0.6,2.0,3.276602,LT_AN RICE CRACKER SEAWEED 111.3G_T23_2,1.0
CG_LT,23,,MM BIEN HOA,MM AN PHU,AN RICE CRACKER SEAWEED 111.3G,7.082406,0.6,2.0,6.249444,LT_AN RICE CRACKER SEAWEED 111.3G_T23_3,1.0
CG_LT,23,,MM BIEN HOA,MM BINH PHU,AN RICE CRACKER SEAWEED 111.3G,3.336814,0.6,2.0,4.002088,LT_AN RICE CRACKER SEAWEED 111.3G_T23_3,1.0
CG_LT,23,,MM HIEP PHU,MM AN PHU,AN RICE CRACKER SEAWEED 111.3G,6.945235,0.6,2.0,6.167141,LT_AN RICE CRACKER SEAWEED 111.3G_T23_3,1.0
CG_LT,23,,MM HIEP PHU,MM DA NANG,AN RICE CRACKER SEAWEED 111.3G,8.031773,0.6,2.0,6.819064,LT_AN RICE CRACKER SEAWEED 111.3G_T23_3,1.0
CG_LT,23,,MM BIEN HOA,MM BINH DUONG,AN RICE CRACKER SEAWEED 111.3G,1.385225,0.6,0.286196,1.117331,LT_AN RICE CRACKER SEAWEED 111.3G_T23_4,0.143098
CG_LT,23,,MM BIEN HOA,MM DA NANG,AN RICE CRACKER SEAWEED 111.3G,0.195555,0.6,0.286196,0.403528,LT_AN RICE CRACKER SEAWEED 111.3G_T23_4,0.143098
CG_LT,24,,MM HIEP PHU,MM BIEN HOA,AN RICE CRACKER SEAWEED 111.3G,2.99903,0.6,2.0,3.799418,LT_AN RICE CRACKER SEAWEED 111.3G_T24_1,1.0
CG_LT,24,,MM HIEP PHU,MM BINH DUONG,AN RICE CRACKER SEAWEED 111.3G,8.582564,0.6,2.0,7.149538,LT_AN RICE CRACKER SEAWEED 111.3G_T24_1,1.0
CG_LT,24,,MM HIEP PHU,MM AN PHU,AN RICE CRACKER SEAWEED 111.3G,4.53054,0.6,2.0,4.718324,LT_AN RICE CRACKER SEAWEED 111.3G_T24_2,1.0
CG_LT,24,,MM HIEP PHU,MM BIEN HOA,AN RICE CRACKER SEAWEED 111.3G,9.392317,0.6,2.0,7.63539,LT_AN RICE CRACKER SEAWEED 111.3G_T24_2,1.0
CG_LT,24,,MM HIEP PHU,MM BINH PHU,AN RICE CRACKER SEAWEED 111.3G,3.619547,0.6,2.0,4.171728,LT_AN RICE CRACKER SEAWEED 111.3G_T24_2,1.0
CG_LT,24,,MM HIEP PHU,MM DA NANG,AN RICE CRACKER SEAWEED 111.3G,3.918611,0.6,2.0,4.351167,LT_AN RICE CRACKER SEAWEED 111.3G_T24_2,1.0
CG_LT,24,,MM HIEP PHU,MM AN PHU,AN RICE CRACKER SEAWEED 111.3G,6.636858,0.6,2.0,5.982115,LT_AN RICE CRACKER SEAWEED 111.3G_T24_3,1.0
CG_LT,24,,MM HIEP PHU,MM DA NANG,AN RICE CRACKER SEAWEED 111.3G,3.693814,0.6,2.0,4.216289,LT_AN RICE CRACKER SEAWEED 111.3G_T24_3,1.0
CG_LT,24,,MM HIEP PHU,MM AN PHU,AN RICE CRACKER SEAWEED 111.3G,9.548151,0.6,2.0,7.728891,LT_AN RICE CRACKER SEAWEED 111.3G_T24_4,1.0
CG_LT,24,,MM HIEP PHU,MM BIEN HOA,AN RICE CRACKER SEAWEED 111.3G,2.13748,0.6,2.0,3.282488,LT_AN RICE CRACKER SEAWEED 111.3G_T24_4,1.0
CG_LT,24,,MM HIEP PHU,MM DA NANG,AN RICE CRACKER SEAWEED 111.3G,2.37366,0.6,2.0,3.424196,LT_AN RICE CRACKER SEAWEED 111.3G_T24_4,1.0
CG_LT,24,,MM HIEP PHU,MM BINH PHU,AN RICE CRACKER SEAWEED 111.3G,7.411677,0.6,2.0,6.447006,LT_AN RICE CRACKER SEAWEED 111.3G_T24_5,1.0
CG_LT,25,,MM HIEP PHU,MM BIEN HOA,AN RICE CRACKER SEAWEED 111.3G,9.599184,0.6,2.0,7.75951,LT_AN RICE CRACKER SEAWEED 111.3G_T25_1,1.0
CG_LT,25,,MM HIEP PHU,MM BINH DUONG,AN RICE CRACKER SEAWEED 111.3G,1.0,0.6,2.0,2.6,LT_AN RICE CRACKER SEAWEED 111.3G_T25_1,1.0
CG_LT,25,,MM HIEP PHU,MM BINH PHU,AN RICE CRACKER SEAWEED 111.3G,4.051463,0.6,2.0,4.430878,LT_AN RICE CRACKER SEAWEED 111.3G_T25_1,1.0
CG_LT,25,,MM HIEP PHU,MM DA NANG,AN RICE CRACKER SEAWEED 111.3G,7.962009,0.6,2.0,6.777205,LT_AN RICE CRACKER SEAWEED 111.3G_T25_1,1.0
CG_LT,25,,MM HIEP PHU,MM AN PHU,AN RICE CRACKER SEAWEED 111.3G,6.631243,0.6,2.0,5.978746,LT_AN RICE CRACKER SEAWEED 111.3G_T25_2,1.0
CG_LT,25,,MM HIEP PHU,MM BIEN HOA,AN RICE CRACKER SEAWEED 111.3G,4.98526,0.6,2.0,4.991156,LT_AN RICE CRACKER SEAWEED 111.3G_T25_2,1.0
CG_LT,25,,MM HIEP PHU,MM BIEN HOA,AN RICE CRACKER SEAWEED 111.3G,9.197643,0.6,2.0,7.518586,LT_AN RICE CRACKER SEAWEED 111.3G_T25_3,1.0
CG_LT,25,,MM HIEP PHU,MM BINH PHU,AN RICE CRACKER SEAWEED 111.3G,5.370083,0.6,2.0,5.22205,LT_AN RICE CRACKER SEAWEED 111.3G_T25_3,1.0
CG_LT,25,,MM HIEP PHU,MM DA NANG,AN RICE CRACKER SEAWEED 111.3G,5.584058,0.6,2.0,5.350435,LT_AN RICE CRACKER SEAWEED 111.3G_T25_3,1.0
CG_LT,26,,MM BIEN HOA,MM BINH PHU,AN RICE CRACKER SEAWEED 111.3G,8.765694,0.6,2.0,7.259417,LT_AN RICE CRACKER SEAWEED 111.3G_T26_2,1.0
CG_LT,26,,MM HIEP PHU,MM DA NANG,AN RICE CRACKER SEAWEED 111.3G,3.221839,0.6,2.0,3.933103,LT_AN RICE CRACKER SEAWEED 111.3G_T26_2,1.0
CG_LT,26,,MM BIEN HOA,MM AN PHU,AN RICE CRACKER SEAWEED 111.3G,6.836932,0.6,2.0,6.102159,LT_AN RICE CRACKER SEAWEED 111.3G_T26_3,1.0
CG_LT,26,,MM HIEP PHU,MM AN PHU,AN RICE CRACKER SEAWEED 111.3G,9.573801,0.6,2.0,7.74428,LT_AN RICE CRACKER SEAWEED 111.3G_T26_3,1.0
CG_LT,26,,MM HIEP PHU,MM DA NANG,AN RICE CRACKER SEAWEED 111.3G,4.422448,0.6,2.0,4.653469,LT_AN RICE CRACKER SEAWEED 111.3G_T26_3,1.0
CG_LT,26,,MM BIEN HOA,MM AN PHU,AN RICE CRACKER SEAWEED 111.3G,4.747102,0.6,1.517681,4.365942,LT_AN RICE CRACKER SEAWEED 111.3G_T26_4,0.758841
CG_LT,26,,MM BIEN HOA,MM BINH DUONG,AN RICE CRACKER SEAWEED 111.3G,0.758841,0.6,1.517681,1.972986,LT_AN RICE CRACKER SEAWEED 111.3G_T26_4,0.758841
CG_LT,26,,MM BIEN HOA,MM BINH PHU,AN RICE CRACKER SEAWEED 111.3G,5.412122,0.6,1.517681,4.764954,LT_AN RICE CRACKER SEAWEED 111.3G_T26_4,0.758841
CG_LT,26,,MM BIEN HOA,MM AN PHU,AN RICE CRACKER SEAWEED 111.3G,5.47931,0.6,2.0,5.287586,LT_AN RICE CRACKER SEAWEED 111.3G_T26_5,1.0
CG_LT,27,,MM BIEN HOA,MM BINH PHU,AN RICE CRACKER SEAWEED 111.3G,8.924202,0.6,2.0,7.354521,LT_AN RICE CRACKER SEAWEED 111.3G_T27_1,1.0
CG_LT,27,,MM HIEP PHU,MM AN PHU,AN RICE CRACKER SEAWEED 111.3G,3.178375,0.6,2.0,3.907025,LT_AN RICE CRACKER SEAWEED 111.3G_T27_1,1.0
CG_LT,27,,MM BIEN HOA,MM BINH DUONG,AN RICE CRACKER SEAWEED 111.3G,4.814401,0.6,2.0,4.88864,LT_AN RICE CRACKER SEAWEED 111.3G_T27_2,1.0
CG_LT,27,,MM BIEN HOA,MM DA NANG,AN RICE CRACKER SEAWEED 111.3G,2.241084,0.6,2.0,3.34465,LT_AN RICE CRACKER SEAWEED 111.3G_T27_2,1.0
CG_LT,27,,MM HIEP PHU,MM AN PHU,AN RICE CRACKER SEAWEED 111.3G,3.966232,0.6,2.0,4.379739,LT_AN RICE CRACKER SEAWEED 111.3G_T27_2,1.0
CG_LT,27,,MM HIEP PHU,MM BINH PHU,AN RICE CRACKER SEAWEED 111.3G,2.483004,0.6,2.0,3.489803,LT_AN RICE CRACKER SEAWEED 111.3G_T27_2,1.0
CG_LT,27,,MM HIEP PHU,MM BINH PHU,AN RICE CRACKER SEAWEED 111.3G,5.152401,0.6,2.0,5.091441,LT_AN RICE CRACKER SEAWEED 111.3G_T27_3,1.0
CG_LT,27,,MM BIEN HOA,MM AN PHU,AN RICE CRACKER SEAWEED 111.3G,3.207264,0.6,2.0,3.924358,LT_AN RICE CRACKER SEAWEED 111.3G_T27_4,1.0
CG_LT,27,,MM HIEP PHU,MM AN PHU,AN RICE CRACKER SEAWEED 111.3G,3.241737,0.6,2.0,3.945042,LT_AN RICE CRACKER SEAWEED 111.3G_T27_4,1.0
CG_LT,27,,MM BIEN HOA,MM BINH DUONG,AN RICE CRACKER SEAWEED 111.3G,1.199589,0.6,1.182756,1.90251,LT_AN RICE CRACKER SEAWEED 111.3G_T27_5,0.591378
CG_LT,27,,MM BIEN HOA,MM BINH PHU,AN RICE CRACKER SEAWEED 111.3G,0.613461,0.6,1.182756,1.550833,LT_AN RICE CRACKER SEAWEED 111.3G_T27_5,0.591378
CG_LT,28,,MM BIEN HOA,MM DA NANG,AN RICE CRACKER SEAWEED 111.3G,7.034242,0.6,2.0,6.220545,LT_AN RICE CRACKER SEAWEED 111.3G_T28_1,1.0
CG_LT,28,,MM HIEP PHU,MM BINH PHU,AN RICE CRACKER SEAWEED 111.3G,5.680973,0.6,2.0,5.408584,LT_AN RICE CRACKER SEAWEED 111.3G_T28_1,1.0
CG_LT,28,,MM HIEP PHU,MM DA NANG,AN RICE CRACKER SEAWEED 111.3G,1.709764,0.6,2.0,3.025858,LT_AN RICE CRACKER SEAWEED 111.3G_T28_1,1.0
CG_LT,28,,MM BIEN HOA,MM BINH PHU,AN RICE CRACKER SEAWEED 111.3G,8.528293,0.6,2.0,7.116976,LT_AN RICE CRACKER SEAWEED 111.3G_T28_2,1.0
CG_LT,28,,MM HIEP PHU,MM AN PHU,AN RICE CRACKER SEAWEED 111.3G,7.914047,0.6,2.0,6.748428,LT_AN RICE CRACKER SEAWEED 111.3G_T28_2,1.0
CG_LT,28,,MM HIEP PHU,MM BINH DUONG,AN RICE CRACKER SEAWEED 111.3G,4.883983,0.6,2.0,4.93039,LT_AN RICE CRACKER SEAWEED 111.3G_T28_2,1.0
CG_LT,28,,MM HIEP PHU,MM DA NANG,AN RICE CRACKER SEAWEED 111.3G,1.664584,0.6,2.0,2.99875,LT_AN RICE CRACKER SEAWEED 111.3G_T28_2,1.0
CG_LT,28,,MM BIEN HOA,MM BINH DUONG,AN RICE CRACKER SEAWEED 111.3G,4.437465,0.6,1.301026,3.963505,LT_AN RICE CRACKER SEAWEED 111.3G_T28_3,0.650513
CG_LT,28,,MM HIEP PHU,MM AN PHU,AN RICE CRACKER SEAWEED 111.3G,6.23329,0.6,1.301026,5.041,LT_AN RICE CRACKER SEAWEED 111.3G_T28_3,0.650513
CG_LT,28,,MM HIEP PHU,MM BINH PHU,AN RICE CRACKER SEAWEED 111.3G,1.544271,0.6,1.301026,2.227589,LT_AN RICE CRACKER SEAWEED 111.3G_T28_3,0.650513
CG_LT,29,,MM BIEN HOA,MM BINH PHU,AN RICE CRACKER SEAWEED 111.3G,4.292182,0.6,1.097354,3.672663,LT_AN RICE CRACKER SEAWEED 111.3G_T29_2,0.548677
CG_LT,29,,MM BIEN HOA,MM DA NANG,AN RICE CRACKER SEAWEED 111.3G,2.470942,0.6,1.097354,2.579919,LT_AN RICE CRACKER SEAWEED 111.3G_T29_2,0.548677
CG_LT,29,,MM HIEP PHU,MM BINH PHU,AN RICE CRACKER SEAWEED 111.3G,2.140437,0.6,1.097354,2.381616,LT_AN RICE CRACKER SEAWEED 111.3G_T29_2,0.548677
CG_LT,29,,MM HIEP PHU,MM DA NANG,AN RICE CRACKER SEAWEED 111.3G,1.707328,0.6,1.097354,2.121751,LT_AN RICE CRACKER SEAWEED 111.3G_T29_2,0.548677
CG_LT,29,,MM BIEN HOA,MM BINH PHU,AN RICE CRACKER SEAWEED 111.3G,2.090001,0.6,2.0,3.254,LT_AN RICE CRACKER SEAWEED 111.3G_T29_3,1.0
CG_LT,29,,MM BIEN HOA,MM DA NANG,AN RICE CRACKER SEAWEED 111.3G,7.146875,0.6,2.0,6.288125,LT_AN RICE CRACKER SEAWEED 111.3G_T29_3,1.0
CG_LT,29,,MM HIEP PHU,MM BINH PHU,AN RICE CRACKER SEAWEED 111.3G,8.974482,0.6,2.0,7.384689,LT_AN RICE CRACKER SEAWEED 111.3G_T29_3,1.0
CG_LT,29,,MM HIEP PHU,MM DA NANG,AN RICE CRACKER SEAWEED 111.3G,2.248868,0.6,2.0,3.349321,LT_AN RICE CRACKER SEAWEED 111.3G_T29_3,1.0
CG_LT,29,,MM HIEP PHU,MM BINH DUONG,AN RICE CRACKER SEAWEED 111.3G,9.23609,0.6,2.0,7.541654,LT_AN RICE CRACKER SEAWEED 111.3G_T29_5,1.0
CG_LT,29,,MM HIEP PHU,MM DA NANG,AN RICE CRACKER SEAWEED 111.3G,8.866734,0.6,2.0,7.32004,LT_AN RICE CRACKER SEAWEED 111.3G_T29_5,1.0
CG_LT,30,,MM HIEP PHU,MM DA NANG,AN RICE CRACKER SEAWEED 111.3G,3.357378,0.6,2.0,4.014427,LT_AN RICE CRACKER SEAWEED 111.3G_T30_1,1.0
CG_LT,30,,MM HIEP PHU,MM AN PHU,AN RICE CRACKER SEAWEED 111.3G,7.111987,0.6,2.0,6.267192,LT_AN RICE CRACKER SEAWEED 111.3G_T30_2,1.0
CG_LT,30,,MM HIEP PHU,MM BIEN HOA,AN RICE CRACKER SEAWEED 111.3G,5.610157,0.6,2.0,5.366094,LT_AN RICE CRACKER SEAWEED 111.3G_T30_2,1.0
CG_LT,30,,MM HIEP PHU,MM BINH PHU,AN RICE CRACKER SEAWEED 111.3G,1.64155,0.6,2.0,2.98493,LT_AN RICE CRACKER SEAWEED 111.3G_T30_2,1.0
CG_LT,30,,MM HIEP PHU,MM DA NANG,AN RICE CRACKER SEAWEED 111.3G,2.960959,0.6,2.0,3.776575,LT_AN RICE CRACKER SEAWEED 111.3G_T30_2,1.0
CG_LT,30,,MM HIEP PHU,MM BIEN HOA,AN RICE CRACKER SEAWEED 111.3G,3.118532,0.6,2.0,3.871119,LT_AN RICE CRACKER SEAWEED 111.3G_T30_3,1.0
CG_LT,30,,MM HIEP PHU,MM BINH DUONG,AN RICE CRACKER SEAWEED 111.3G,1.728304,0.6,2.0,3.036983,LT_AN RICE CRACKER SEAWEED 111.3G_T30_3,1.0
CG_LT,30,,MM HIEP PHU,MM BINH PHU,AN RICE CRACKER SEAWEED 111.3G,4.208426,0.6,2.0,4.525055,LT_AN RICE CRACKER SEAWEED 111.3G_T30_3,1.0
CG_LT,30,,MM HIEP PHU,MM BIEN HOA,AN RICE CRACKER SEAWEED 111.3G,7.927554,0.6,2.0,6.756532,LT_AN RICE CRACKER SEAWEED 111.3G_T30_5,1.0
CG_LT,30,,MM HIEP PHU,MM BINH DUONG,AN RICE CRACKER SEAWEED 111.3G,3.809919,0.6,2.0,4.285952,LT_AN RICE CRACKER SEAWEED 111.3G_T30_5,1.0
CG_LT,30,,MM HIEP PHU,MM DA NANG,AN RICE CRACKER SEAWEED 111.3G,8.025015,0.6,2.0,6.815009,LT_AN RICE CRACKER SEAWEED 111.3G_T30_5,1.0
CG_LT,31,,MM BINH DUONG,MM BINH PHU,AN RICE CRACKER SEAWEED 111.3G,4.809692,0.6,2.0,4.885815,LT_AN RICE CRACKER SEAWEED 111.3G_T31_1,1.0
CG_LT,31,,MM HIEP PHU,MM BINH PHU,AN RICE CRACKER SEAWEED 111.3G,8.877441,0.6,2.0,7.326464,LT_AN RICE CRACKER SEAWEED 111.3G_T31_1,1.0
CG_LT,31,,MM HIEP PHU,MM AN PHU,AN RICE CRACKER SEAWEED 111.3G,7.015423,0.6,1.93675,6.146004,LT_AN RICE CRACKER SEAWEED 111.3G_T31_3,0.968375
CG_LT,31,,MM HIEP PHU,MM BIEN HOA,AN RICE CRACKER SEAWEED 111.3G,8.574661,0.6,1.93675,7.081547,LT_AN RICE CRACKER SEAWEED 111.3G_T31_3,0.968375
CG_LT,31,,MM BINH DUONG,MM AN PHU,AN RICE CRACKER SEAWEED 111.3G,6.187089,0.6,2.0,5.712253,LT_AN RICE CRACKER SEAWEED 111.3G_T31_4,1.0
CG_LT,31,,MM BINH DUONG,MM BINH PHU,AN RICE CRACKER SEAWEED 111.3G,5.822649,0.6,2.0,5.493589,LT_AN RICE CRACKER SEAWEED 111.3G_T31_4,1.0
CG_LT,31,,MM HIEP PHU,MM BINH PHU,AN RICE CRACKER SEAWEED 111.3G,7.691008,0.6,2.0,6.614605,LT_AN RICE CRACKER SEAWEED 111.3G_T31_4,1.0
CG_LT,32,,MM BINH DUONG,MM DA NANG,AN RICE CRACKER SEAWEED 111.3G,4.339905,0.6,2.0,4.603943,LT_AN RICE CRACKER SEAWEED 111.3G_T32_1,1.0
CG_LT,32,,MM HIEP PHU,MM AN PHU,AN RICE CRACKER SEAWEED 111.3G,9.008325,0.6,2.0,7.404995,LT_AN RICE CRACKER SEAWEED 111.3G_T32_1,1.0
CG_LT,32,,MM HIEP PHU,MM BINH PHU,AN RICE CRACKER SEAWEED 111.3G,8.921077,0.6,2.0,7.352646,LT_AN RICE CRACKER SEAWEED 111.3G_T32_1,1.0
CG_LT,32,,MM BINH DUONG,MM BIEN HOA,AN RICE CRACKER SEAWEED 111.3G,5.964949,0.6,2.0,5.578969,LT_AN RICE CRACKER SEAWEED 111.3G_T32_2,1.0
CG_LT,32,,MM BINH DUONG,MM BINH PHU,AN RICE CRACKER SEAWEED 111.3G,2.996205,0.6,2.0,3.797723,LT_AN RICE CRACKER SEAWEED 111.3G_T32_2,1.0
CG_LT,32,,MM HIEP PHU,MM BIEN HOA,AN RICE CRACKER SEAWEED 111.3G,8.692857,0.6,2.0,7.215714,LT_AN RICE CRACKER SEAWEED 111.3G_T32_2,1.0
CG_LT,32,,MM HIEP PHU,MM DA NANG,AN RICE CRACKER SEAWEED 111.3G,2.083805,0.6,2.0,3.250283,LT_AN RICE CRACKER SEAWEED 111.3G_T32_2,1.0
CG_LT,32,,MM BINH DUONG,MM BIEN HOA,AN RICE CRACKER SEAWEED 111.3G,2.560872,0.6,2.0,3.536523,LT_AN RICE CRACKER SEAWEED 111.3G_T32_3,1.0
CG_LT,32,,MM HIEP PHU,MM BINH PHU,AN RICE CRACKER SEAWEED 111.3G,4.711506,0.6,2.0,4.826903,LT_AN RICE CRACKER SEAWEED 111.3G_T32_3,1.0
CG_LT,32,,MM BINH DUONG,MM AN PHU,AN RICE CRACKER SEAWEED 111.3G,7.001447,0.6,2.0,6.200868,LT_AN RICE CRACKER SEAWEED 111.3G_T32_4,1.0
CG_LT,32,,MM HIEP PHU,MM AN PHU,AN RICE CRACKER SEAWEED 111.3G,4.661922,0.6,2.0,4.797153,LT_AN RICE CRACKER SEAWEED 111.3G_T32_4,1.0
CG_LT,32,,MM HIEP PHU,MM BINH PHU,AN RICE CRACKER SEAWEED 111.3G,1.128001,0.6,2.0,2.6768,LT_AN RICE CRACKER SEAWEED 111.3G_T32_4,1.0
CG_LT,32,,MM HIEP PHU,MM DA NANG,AN RICE CRACKER SEAWEED 111.3G,6.991863,0.6,2.0,6.195118,LT_AN RICE CRACKER SEAWEED 111.3G_T32_4,1.0
CG_LT,32,,MM BINH DUONG,MM DA NANG,AN RICE CRACKER SEAWEED 111.3G,1.752622,0.6,0.369664,1.421237,LT_AN RICE CRACKER SEAWEED 111.3G_T32_5,0.184832
CG_LT,32,,MM HIEP PHU,MM DA NANG,AN RICE CRACKER SEAWEED 111.3G,1.710491,0.6,0.369664,1.395959,LT_AN RICE CRACKER SEAWEED 111.3G_T32_5,0.184832
CG_LT,33,,MM HIEP PHU,MM BINH PHU,AN RICE CRACKER SEAWEED 111.3G,2.995618,0.6,2.0,3.797371,LT_AN RICE CRACKER SEAWEED 111.3G_T33_1,1.0
CG_LT,33,,MM BINH DUONG,MM BIEN HOA,AN RICE CRACKER SEAWEED 111.3G,5.814937,0.6,1.165382,4.654344,LT_AN RICE CRACKER SEAWEED 111.3G_T33_2,0.582691
CG_LT,33,,MM BINH DUONG,MM DA NANG,AN RICE CRACKER SEAWEED 111.3G,2.072854,0.6,1.165382,2.409094,LT_AN RICE CRACKER SEAWEED 111.3G_T33_2,0.582691
CG_LT,33,,MM HIEP PHU,MM AN PHU,AN RICE CRACKER SEAWEED 111.3G,2.162459,0.6,1.165382,2.462857,LT_AN RICE CRACKER SEAWEED 111.3G_T33_2,0.582691
CG_LT,33,,MM HIEP PHU,MM BINH PHU,AN RICE CRACKER SEAWEED 111.3G,3.462379,0.6,1.165382,3.242809,LT_AN RICE CRACKER SEAWEED 111.3G_T33_2,0.582691
CG_LT,33,,MM BINH DUONG,MM DA NANG,AN RICE CRACKER SEAWEED 111.3G,5.869565,0.6,2.0,5.521739,LT_AN RICE CRACKER SEAWEED 111.3G_T33_3,1.0
CG_LT,33,,MM HIEP PHU,MM AN PHU,AN RICE CRACKER SEAWEED 111.3G,9.162488,0.6,2.0,7.497493,LT_AN RICE CRACKER SEAWEED 111.3G_T33_3,1.0
CG_LT,33,,MM HIEP PHU,MM BINH PHU,AN RICE CRACKER SEAWEED 111.3G,1.390584,0.6,2.0,2.834351,LT_AN RICE CRACKER SEAWEED 111.3G_T33_3,1.0
CG_LT,33,,MM BINH DUONG,MM AN PHU,AN RICE CRACKER SEAWEED 111.3G,2.623443,0.6,2.0,3.574066,LT_AN RICE CRACKER SEAWEED 111.3G_T33_4,1.0
CG_LT,33,,MM HIEP PHU,MM BIEN HOA,AN RICE CRACKER SEAWEED 111.3G,2.713754,0.6,2.0,3.628252,LT_AN RICE CRACKER SEAWEED 111.3G_T33_4,1.0
CG_LT,33,,MM HIEP PHU,MM BINH PHU,AN RICE CRACKER SEAWEED 111.3G,8.134431,0.6,2.0,6.880659,LT_AN RICE CRACKER SEAWEED 111.3G_T33_4,1.0
CG_LT,33,,MM HIEP PHU,MM DA NANG,AN RICE CRACKER SEAWEED 111.3G,3.451718,0.6,2.0,4.071031,LT_AN RICE CRACKER SEAWEED 111.3G_T33_4,1.0
CG_LT,33,,MM BINH DUONG,MM BINH PHU,AN RICE CRACKER SEAWEED 111.3G,5.67592,0.6,2.0,5.405552,LT_AN RICE CRACKER SEAWEED 111.3G_T33_5,1.0
CG_LT,33,,MM BINH DUONG,MM DA NANG,AN RICE CRACKER SEAWEED 111.3G,1.47128,0.6,2.0,2.882768,LT_AN RICE CRACKER SEAWEED 111.3G_T33_5,1.0
CG_LT,33,,MM HIEP PHU,MM AN PHU,AN RICE CRACKER SEAWEED 111.3G,1.283669,0.6,2.0,2.770201,LT_AN RICE CRACKER SEAWEED 111.3G_T33_5,1.0
CG_LT,33,,MM HIEP PHU,MM BIEN HOA,AN RICE CRACKER SEAWEED 111.3G,4.043064,0.6,2.0,4.425838,LT_AN RICE CRACKER SEAWEED 111.3G_T33_5,1.0
CG_LT,34,,MM BINH DUONG,MM AN PHU,AN RICE CRACKER SEAWEED 111.3G,5.523124,0.6,1.251568,4.565442,LT_AN RICE CRACKER SEAWEED 111.3G_T34_1,0.625784
CG_LT,34,,MM BINH DUONG,MM DA NANG,AN RICE CRACKER SEAWEED 111.3G,6.094607,0.6,1.251568,4.908332,LT_AN RICE CRACKER SEAWEED 111.3G_T34_1,0.625784
CG_LT,34,,MM HIEP PHU,MM BINH PHU,AN RICE CRACKER SEAWEED 111.3G,0.889591,0.6,1.251568,1.785322,LT_AN RICE CRACKER SEAWEED 111.3G_T34_1,0.625784
CG_LT,34,,MM BINH DUONG,MM AN PHU,AN RICE CRACKER SEAWEED 111.3G,5.863162,0.6,2.0,5.517897,LT_AN RICE CRACKER SEAWEED 111.3G_T34_2,1.0
CG_LT,34,,MM BINH DUONG,MM BINH PHU,AN RICE CRACKER SEAWEED 111.3G,3.570289,0.6,2.0,4.142174,LT_AN RICE CRACKER SEAWEED 111.3G_T34_2,1.0
CG_LT,34,,MM HIEP PHU,MM AN PHU,AN RICE CRACKER SEAWEED 111.3G,8.735504,0.6,2.0,7.241303,LT_AN RICE CRACKER SEAWEED 111.3G_T34_2,1.0
CG_LT,34,,MM HIEP PHU,MM BIEN HOA,AN RICE CRACKER SEAWEED 111.3G,8.910834,0.6,2.0,7.346501,LT_AN RICE CRACKER SEAWEED 111.3G_T34_2,1.0
CG_LT,34,,MM BINH DUONG,MM BINH PHU,AN RICE CRACKER SEAWEED 111.3G,2.117843,0.6,2.0,3.270706,LT_AN RICE CRACKER SEAWEED 111.3G_T34_4,1.0
CG_LT,34,,MM HIEP PHU,MM AN PHU,AN RICE CRACKER SEAWEED 111.3G,9.634678,0.6,2.0,7.780807,LT_AN RICE CRACKER SEAWEED 111.3G_T34_4,1.0
CG_LT,34,,MM HIEP PHU,MM DA NANG,AN RICE CRACKER SEAWEED 111.3G,3.583576,0.6,2.0,4.150146,LT_AN RICE CRACKER SEAWEED 111.3G_T34_4,1.0
CG_LT,34,,MM BINH DUONG,MM BIEN HOA,AN RICE CRACKER SEAWEED 111.3G,0.341178,0.6,0.40248,0.607186,LT_AN RICE CRACKER SEAWEED 111.3G_T34_5,0.20124
CG_LT,34,,MM BINH DUONG,MM DA NANG,AN RICE CRACKER SEAWEED 111.3G,0.401797,0.6,0.40248,0.643558,LT_AN RICE CRACKER SEAWEED 111.3G_T34_5,0.20124
CG_LT,34,,MM HIEP PHU,MM BIEN HOA,AN RICE CRACKER SEAWEED 111.3G,1.747988,0.6,0.40248,1.451273,LT_AN RICE CRACKER SEAWEED 111.3G_T34_5,0.20124
CG_LT,35,,MM BINH DUONG,MM BIEN HOA,AN RICE CRACKER SEAWEED 111.3G,1.180756,0.6,2.0,2.708453,LT_AN RICE CRACKER SEAWEED 111.3G_T35_2,1.0
CG_LT,35,,MM BINH DUONG,MM DA NANG,AN RICE CRACKER SEAWEED 111.3G,9.1123,0.6,2.0,7.46738,LT_AN RICE CRACKER SEAWEED 111.3G_T35_2,1.0
CG_LT,35,,MM HIEP PHU,MM BINH PHU,AN RICE CRACKER SEAWEED 111.3G,7.557529,0.6,2.0,6.534517,LT_AN RICE CRACKER SEAWEED 111.3G_T35_2,1.0
CG_LT,35,,MM BINH DUONG,MM BIEN HOA,AN RICE CRACKER SEAWEED 111.3G,1.439095,0.6,2.0,2.863457,LT_AN RICE CRACKER SEAWEED 111.3G_T35_3,1.0
CG_LT,35,,MM HIEP PHU,MM BIEN HOA,AN RICE CRACKER SEAWEED 111.3G,3.145572,0.6,2.0,3.887343,LT_AN RICE CRACKER SEAWEED 111.3G_T35_3,1.0
CG_LT,35,,MM BINH DUONG,MM BINH PHU,AN RICE CRACKER SEAWEED 111.3G,3.208644,0.6,1.076858,3.002044,LT_AN RICE CRACKER SEAWEED 111.3G_T35_4,0.538429
CG_LT,35,,MM HIEP PHU,MM DA NANG,AN RICE CRACKER SEAWEED 111.3G,0.159694,0.6,0.104526,0.200342,LT_AN RICE CRACKER SEAWEED 111.3G_T35_5,0.052263
CG_LT,36,,MM BINH DUONG,MM DA NANG,AN RICE CRACKER SEAWEED 111.3G,6.408134,0.6,2.0,5.844881,LT_AN RICE CRACKER SEAWEED 111.3G_T36_1,1.0
CG_LT,36,,MM HIEP PHU,MM BINH PHU,AN RICE CRACKER SEAWEED 111.3G,4.607215,0.6,2.0,4.764329,LT_AN RICE CRACKER SEAWEED 111.3G_T36_1,1.0
CG_LT,36,,MM HIEP PHU,MM DA NANG,AN RICE CRACKER SEAWEED 111.3G,8.016472,0.6,2.0,6.809883,LT_AN RICE CRACKER SEAWEED 111.3G_T36_1,1.0
CG_LT,36,,MM BIEN HOA,MM AN PHU,AN RICE CRACKER SEAWEED 111.3G,1.922076,0.6,2.0,3.153246,LT_AN RICE CRACKER SEAWEED 111.3G_T36_3,1.0
CG_LT,36,,MM BIEN HOA,MM DA NANG,AN RICE CRACKER SEAWEED 111.3G,7.960861,0.6,2.0,6.776517,LT_AN RICE CRACKER SEAWEED 111.3G_T36_3,1.0
CG_LT,36,,MM HIEP PHU,MM AN PHU,AN RICE CRACKER SEAWEED 111.3G,1.554163,0.6,2.0,2.932498,LT_AN RICE CRACKER SEAWEED 111.3G_T36_3,1.0
CG_LT,36,,MM HIEP PHU,MM AN PHU,AN RICE CRACKER SEAWEED 111.3G,1.747383,0.6,0.418687,1.467117,LT_AN RICE CRACKER SEAWEED 111.3G_T36_5,0.209343
CG_LT,36,,MM HIEP PHU,MM BINH PHU,AN RICE CRACKER SEAWEED 111.3G,1.651323,0.6,0.418687,1.40948,LT_AN RICE CRACKER SEAWEED 111.3G_T36_5,0.209343
CG_LT,36,,MM HIEP PHU,MM DA NANG,AN RICE CRACKER SEAWEED 111.3G,0.909447,0.6,0.418687,0.964355,LT_AN RICE CRACKER SEAWEED 111.3G_T36_5,0.209343
CG_LT,37,,MM BIEN HOA,MM AN PHU,AN RICE CRACKER SEAWEED 111.3G,9.335352,0.6,2.0,7.601211,LT_AN RICE CRACKER SEAWEED 111.3G_T37_1,1.0
CG_LT,37,,MM BIEN HOA,MM BINH PHU,AN RICE CRACKER SEAWEED 111.3G,7.924776,0.6,2.0,6.754865,LT_AN RICE CRACKER SEAWEED 111.3G_T37_1,1.0
CG_LT,37,,MM HIEP PHU,MM AN PHU,AN RICE CRACKER SEAWEED 111.3G,3.13917,0.6,2.0,3.883502,LT_AN RICE CRACKER SEAWEED 111.3G_T37_1,1.0
CG_LT,37,,MM BIEN HOA,MM AN PHU,AN RICE CRACKER SEAWEED 111.3G,1.471117,0.6,0.315107,1.197777,LT_AN RICE CRACKER SEAWEED 111.3G_T37_2,0.157553
CG_LT,37,,MM BIEN HOA,MM BINH PHU,AN RICE CRACKER SEAWEED 111.3G,0.799881,0.6,0.315107,0.795035,LT_AN RICE CRACKER SEAWEED 111.3G_T37_2,0.157553
CG_LT,37,,MM BINH DUONG,MM BINH PHU,AN RICE CRACKER SEAWEED 111.3G,0.245485,0.6,0.315107,0.462397,LT_AN RICE CRACKER SEAWEED 111.3G_T37_2,0.157553
CG_LT,37,,MM HIEP PHU,MM AN PHU,AN RICE CRACKER SEAWEED 111.3G,0.593922,0.6,0.315107,0.67146,LT_AN RICE CRACKER SEAWEED 111.3G_T37_2,0.157553
CG_LT,37,,MM BINH DUONG,MM BINH PHU,AN RICE CRACKER SEAWEED 111.3G,8.274248,0.6,2.0,6.964549,LT_AN RICE CRACKER SEAWEED 111.3G_T37_5,1.0
CG_LT,37,,MM HIEP PHU,MM AN PHU,AN RICE CRACKER SEAWEED 111.3G,6.583584,0.6,2.0,5.95015,LT_AN RICE CRACKER SEAWEED 111.3G_T37_5,1.0
CG_LT,38,,MM BINH DUONG,MM DA NANG,AN RICE CRACKER SEAWEED 111.3G,3.608778,0.6,2.0,4.165267,LT_AN RICE CRACKER SEAWEED 111.3G_T38_1,1.0
CG_LT,38,,MM BIEN HOA,MM AN PHU,AN RICE CRACKER SEAWEED 111.3G,6.56778,0.6,1.692038,5.632706,LT_AN RICE CRACKER SEAWEED 111.3G_T38_4,0.846019
CG_LT,38,,MM BIEN HOA,MM BINH PHU,AN RICE CRACKER SEAWEED 111.3G,4.031192,0.6,1.692038,4.110753,LT_AN RICE CRACKER SEAWEED 111.3G_T38_4,0.846019
CG_LT,38,,MM BINH DUONG,MM BINH PHU,AN RICE CRACKER SEAWEED 111.3G,7.419674,0.6,1.692038,6.143842,LT_AN RICE CRACKER SEAWEED 111.3G_T38_4,0.846019
CG_LT,38,,MM BINH DUONG,MM DA NANG,AN RICE CRACKER SEAWEED 111.3G,1.606774,0.6,2.0,2.964064,LT_AN RICE CRACKER SEAWEED 111.3G_T38_5,1.0
CG_LT,38,,MM HIEP PHU,MM DA NANG,AN RICE CRACKER SEAWEED 111.3G,6.788151,0.6,2.0,6.072891,LT_AN RICE CRACKER SEAWEED 111.3G_T38_5,1.0
CG_LT,39,,MM BINH DUONG,MM BIEN HOA,AN RICE CRACKER SEAWEED 111.3G,0.335786,0.6,0.182129,0.383601,LT_AN RICE CRACKER SEAWEED 111.3G_T39_1,0.091065
CG_LT,39,,MM HIEP PHU,MM DA NANG,AN RICE CRACKER SEAWEED 111.3G,0.414009,0.6,0.182129,0.430534,LT_AN RICE CRACKER SEAWEED 111.3G_T39_1,0.091065
CG_LT,39,,MM BIEN HOA,MM BINH PHU,AN RICE CRACKER SEAWEED 111.3G,1.841913,0.6,2.0,3.105148,LT_AN RICE CRACKER SEAWEED 111.3G_T39_2,1.0
CG_LT,39,,MM BINH DUONG,MM DA NANG,AN RICE CRACKER SEAWEED 111.3G,7.345583,0.6,2.0,6.40735,LT_AN RICE CRACKER SEAWEED 111.3G_T39_2,1.0
CG_LT,39,,MM BIEN HOA,MM BINH PHU,AN RICE CRACKER SEAWEED 111.3G,6.065867,0.6,2.0,5.63952,LT_AN RICE CRACKER SEAWEED 111.3G_T39_3,1.0
CG_LT,39,,MM BIEN HOA,MM DA NANG,AN RICE CRACKER SEAWEED 111.3G,5.338216,0.6,2.0,5.20293,LT_AN RICE CRACKER SEAWEED 111.3G_T39_3,1.0
CG_LT,39,,MM HIEP PHU,MM BINH PHU,AN RICE CRACKER SEAWEED 111.3G,9.278073,0.6,2.0,7.566844,LT_AN RICE CRACKER SEAWEED 111.3G_T39_3,1.0
CG_LT,39,,MM BIEN HOA,MM DA NANG,AN RICE CRACKER SEAWEED 111.3G,3.754003,0.6,1.602025,3.854427,LT_AN RICE CRACKER SEAWEED 111.3G_T39_4,0.801013
CG_LT,39,,MM BINH DUONG,MM DA NANG,AN RICE CRACKER SEAWEED 111.3G,3.448489,0.6,1.602025,3.671119,LT_AN RICE CRACKER SEAWEED 111.3G_T39_4,0.801013
CG_LT,39,,MM HIEP PHU,MM BIEN HOA,AN RICE CRACKER SEAWEED 111.3G,1.635088,0.6,1.602025,2.583078,LT_AN RICE CRACKER SEAWEED 111.3G_T39_4,0.801013
CG_LT,39,,MM HIEP PHU,MM BINH PHU,AN RICE CRACKER SEAWEED 111.3G,1.71081,0.6,1.602025,2.628512,LT_AN RICE CRACKER SEAWEED 111.3G_T39_4,0.801013
CG_LT,39,,MM BINH DUONG,MM AN PHU,AN RICE CRACKER SEAWEED 111.3G,5.246267,0.6,1.424419,4.572179,LT_AN RICE CRACKER SEAWEED 111.3G_T39_5,0.712209
CG_LT,39,,MM BINH DUONG,MM BIEN HOA,AN RICE CRACKER SEAWEED 111.3G,3.029126,0.6,1.424419,3.241895,LT_AN RICE CRACKER SEAWEED 111.3G_T39_5,0.712209
CG_LT,39,,MM BINH DUONG,MM BINH PHU,AN RICE CRACKER SEAWEED 111.3G,3.754635,0.6,1.424419,3.6772,LT_AN RICE CRACKER SEAWEED 111.3G_T39_5,0.712209
CG_LT,40,,MM BINH DUONG,MM AN PHU,AN RICE CRACKER SEAWEED 111.3G,4.097569,0.6,1.43769,3.896231,LT_AN RICE CRACKER SEAWEED 111.3G_T40_1,0.718845
CG_LT,40,,MM BINH DUONG,MM BIEN HOA,AN RICE CRACKER SEAWEED 111.3G,6.336444,0.6,1.43769,5.239556,LT_AN RICE CRACKER SEAWEED 111.3G_T40_1,0.718845
CG_LT,40,,MM BINH DUONG,MM DA NANG,AN RICE CRACKER SEAWEED 111.3G,4.979976,0.6,1.43769,4.425675,LT_AN RICE CRACKER SEAWEED 111.3G_T40_1,0.718845
CG_LT,40,,MM BINH DUONG,MM BINH PHU,AN RICE CRACKER SEAWEED 111.3G,8.324138,0.6,2.0,6.994483,LT_AN RICE CRACKER SEAWEED 111.3G_T40_2,1.0
CG_LT,40,,MM BINH DUONG,MM DA NANG,AN RICE CRACKER SEAWEED 111.3G,8.148509,0.6,2.0,6.889105,LT_AN RICE CRACKER SEAWEED 111.3G_T40_2,1.0
CG_LT,40,,MM HIEP PHU,MM BIEN HOA,AN RICE CRACKER SEAWEED 111.3G,8.002124,0.6,2.0,6.801274,LT_AN RICE CRACKER SEAWEED 111.3G_T40_2,1.0
CG_LT,40,,MM BINH DUONG,MM BIEN HOA,AN RICE CRACKER SEAWEED 111.3G,4.5012,0.6,1.923076,4.623797,LT_AN RICE CRACKER SEAWEED 111.3G_T40_4,0.961538
CG_LT,40,,MM BINH DUONG,MM BINH PHU,AN RICE CRACKER SEAWEED 111.3G,2.214492,0.6,1.923076,3.251772,LT_AN RICE CRACKER SEAWEED 111.3G_T40_4,0.961538
CG_LT,40,,MM HIEP PHU,MM DA NANG,AN RICE CRACKER SEAWEED 111.3G,1.445146,0.6,1.923076,2.790164,LT_AN RICE CRACKER SEAWEED 111.3G_T40_4,0.961538
CG_LT,40,,MM BINH DUONG,MM BIEN HOA,AN RICE CRACKER SEAWEED 111.3G,6.160232,0.6,2.0,5.696139,LT_AN RICE CRACKER SEAWEED 111.3G_T40_5,1.0
CG_LT,40,,MM HIEP PHU,MM BINH PHU,AN RICE CRACKER SEAWEED 111.3G,6.885646,0.6,2.0,6.131387,LT_AN RICE CRACKER SEAWEED 111.3G_T40_5,1.0
CG_LT,41,,MM BIEN HOA,MM AN PHU,AN RICE CRACKER SEAWEED 111.3G,1.755053,0.6,1.146618,2.199649,LT_AN RICE CRACKER SEAWEED 111.3G_T41_2,0.573309
CG_LT,41,,MM BIEN HOA,MM DA NANG,AN RICE CRACKER SEAWEED 111.3G,5.592942,0.6,1.146618,4.502383,LT_AN RICE CRACKER SEAWEED 111.3G_T41_2,0.573309
CG_LT,41,,MM BINH DUONG,MM BINH PHU,AN RICE CRACKER SEAWEED 111.3G,2.480778,0.6,1.146618,2.635084,LT_AN RICE CRACKER SEAWEED 111.3G_T41_2,0.573309
CG_LT,41,,MM HIEP PHU,MM BINH PHU,AN RICE CRACKER SEAWEED 111.3G,0.612478,0.6,1.146618,1.514104,LT_AN RICE CRACKER SEAWEED 111.3G_T41_2,0.573309
CG_LT,41,,MM BINH DUONG,MM DA NANG,AN RICE CRACKER SEAWEED 111.3G,4.377497,0.6,2.0,4.626498,LT_AN RICE CRACKER SEAWEED 111.3G_T41_4,1.0
CG_LT,41,,MM HIEP PHU,MM DA NANG,AN RICE CRACKER SEAWEED 111.3G,9.825956,0.6,2.0,7.895573,LT_AN RICE CRACKER SEAWEED 111.3G_T41_4,1.0
CG_LT,41,,MM HIEP PHU,MM BINH PHU,AN RICE CRACKER SEAWEED 111.3G,2.906744,0.6,2.0,3.744047,LT_AN RICE CRACKER SEAWEED 111.3G_T41_5,1.0
CG_LT,41,,MM HIEP PHU,MM DA NANG,AN RICE CRACKER SEAWEED 111.3G,5.145014,0.6,2.0,5.087009,LT_AN RICE CRACKER SEAWEED 111.3G_T41_5,1.0
CG_LT,42,,MM BIEN HOA,MM AN PHU,AN RICE CRACKER SEAWEED 111.3G,1.423421,0.6,0.956586,1.810638,LT_AN RICE CRACKER SEAWEED 111.3G_T42_1,0.478293
CG_LT,42,,MM BIEN HOA,MM BINH PHU,AN RICE CRACKER SEAWEED 111.3G,3.090114,0.6,0.956586,2.810654,LT_AN RICE CRACKER SEAWEED 111.3G_T42_1,0.478293
CG_LT,42,,MM BINH DUONG,MM BINH PHU,AN RICE CRACKER SEAWEED 111.3G,2.546936,0.6,0.956586,2.484747,LT_AN RICE CRACKER SEAWEED 111.3G_T42_1,0.478293
CG_LT,42,,MM HIEP PHU,MM AN PHU,AN RICE CRACKER SEAWEED 111.3G,3.240148,0.6,0.956586,2.900675,LT_AN RICE CRACKER SEAWEED 111.3G_T42_1,0.478293
CG_LT,42,,MM BIEN HOA,MM AN PHU,AN RICE CRACKER SEAWEED 111.3G,2.930702,0.6,1.750082,3.508504,LT_AN RICE CRACKER SEAWEED 111.3G_T42_2,0.875041
CG_LT,42,,MM BIEN HOA,MM DA NANG,AN RICE CRACKER SEAWEED 111.3G,3.846408,0.6,1.750082,4.057927,LT_AN RICE CRACKER SEAWEED 111.3G_T42_2,0.875041
CG_LT,42,,MM BINH DUONG,MM DA NANG,AN RICE CRACKER SEAWEED 111.3G,8.711551,0.6,1.750082,6.977013,LT_AN RICE CRACKER SEAWEED 111.3G_T42_2,0.875041
CG_LT,42,,MM HIEP PHU,MM BINH PHU,AN RICE CRACKER SEAWEED 111.3G,8.36295,0.6,2.0,7.01777,LT_AN RICE CRACKER SEAWEED 111.3G_T42_4,1.0
CG_LT,43,,MM BINH DUONG,MM BINH PHU,AN RICE CRACKER SEAWEED 111.3G,4.014327,0.6,2.0,4.408596,LT_AN RICE CRACKER SEAWEED 111.3G_T43_1,1.0
CG_LT,43,,MM HIEP PHU,MM DA NANG,AN RICE CRACKER SEAWEED 111.3G,7.023155,0.6,2.0,6.213893,LT_AN RICE CRACKER SEAWEED 111.3G_T43_1,1.0
CG_LT,43,,MM BIEN HOA,MM AN PHU,AN RICE CRACKER SEAWEED 111.3G,0.611333,0.6,0.34357,0.71037,LT_AN RICE CRACKER SEAWEED 111.3G_T43_2,0.171785
CG_LT,43,,MM BINH DUONG,MM DA NANG,AN RICE CRACKER SEAWEED 111.3G,1.116755,0.6,0.34357,1.013623,LT_AN RICE CRACKER SEAWEED 111.3G_T43_2,0.171785
CG_LT,43,,MM BIEN HOA,MM DA NANG,AN RICE CRACKER SEAWEED 111.3G,4.057009,0.6,2.0,4.434205,LT_AN RICE CRACKER SEAWEED 111.3G_T43_3,1.0
CG_LT,43,,MM BINH DUONG,MM AN PHU,AN RICE CRACKER SEAWEED 111.3G,4.607657,0.6,2.0,4.764594,LT_AN RICE CRACKER SEAWEED 111.3G_T43_3,1.0
CG_LT,43,,MM BINH DUONG,MM BINH PHU,AN RICE CRACKER SEAWEED 111.3G,2.852132,0.6,2.0,3.711279,LT_AN RICE CRACKER SEAWEED 111.3G_T43_3,1.0
CG_LT,43,,MM BIEN HOA,MM DA NANG,AN RICE CRACKER SEAWEED 111.3G,6.331659,0.6,2.0,5.798995,LT_AN RICE CRACKER SEAWEED 111.3G_T43_4,1.0
CG_LT,43,,MM BINH DUONG,MM AN PHU,AN RICE CRACKER SEAWEED 111.3G,7.036924,0.6,2.0,6.222154,LT_AN RICE CRACKER SEAWEED 111.3G_T43_4,1.0
CG_LT,43,,MM HIEP PHU,MM AN PHU,AN RICE CRACKER SEAWEED 111.3G,9.985329,0.6,2.0,7.991197,LT_AN RICE CRACKER SEAWEED 111.3G_T43_4,1.0
CG_LT,43,,MM HIEP PHU,MM BINH PHU,AN RICE CRACKER SEAWEED 111.3G,8.769414,0.6,2.0,7.261648,LT_AN RICE CRACKER SEAWEED 111.3G_T43_4,1.0
CG_LT,43,,MM BINH DUONG,MM BINH PHU,AN RICE CRACKER SEAWEED 111.3G,6.317436,0.6,2.0,5.790461,LT_AN RICE CRACKER SEAWEED 111.3G_T43_5,1.0
CG_LT,43,,MM BINH DUONG,MM DA NANG,AN RICE CRACKER SEAWEED 111.3G,5.306184,0.6,2.0,5.183711,LT_AN RICE CRACKER SEAWEED 111.3G_T43_5,1.0
CG_LT,44,,MM BIEN HOA,MM AN PHU,AN RICE CRACKER SEAWEED 111.3G,6.484256,0.6,1.571184,5.461738,LT_AN RICE CRACKER SEAWEED 111.3G_T44_1,0.785592
CG_LT,44,,MM BIEN HOA,MM BINH PHU,AN RICE CRACKER SEAWEED 111.3G,2.408231,0.6,1.571184,3.016123,LT_AN RICE CRACKER SEAWEED 111.3G_T44_1,0.785592
CG_LT,44,,MM BINH DUONG,MM BINH PHU,AN RICE CRACKER SEAWEED 111.3G,6.098836,0.6,1.571184,5.230486,LT_AN RICE CRACKER SEAWEED 111.3G_T44_1,0.785592
CG_LT,44,,MM HIEP PHU,MM DA NANG,AN RICE CRACKER SEAWEED 111.3G,6.328041,0.6,1.571184,5.368008,LT_AN RICE CRACKER SEAWEED 111.3G_T44_1,0.785592
CG_LT,44,,MM BINH DUONG,MM BINH PHU,AN RICE CRACKER SEAWEED 111.3G,6.997637,0.6,2.0,6.198582,LT_AN RICE CRACKER SEAWEED 111.3G_T44_3,1.0
CG_LT,44,,MM BINH DUONG,MM DA NANG,AN RICE CRACKER SEAWEED 111.3G,3.309148,0.6,2.0,3.985489,LT_AN RICE CRACKER SEAWEED 111.3G_T44_3,1.0
CG_LT,44,,MM BIEN HOA,MM BINH PHU,AN RICE CRACKER SEAWEED 111.3G,0.919281,0.6,0.739251,1.290819,LT_AN RICE CRACKER SEAWEED 111.3G_T44_5,0.369625
CG_LT,44,,MM BINH DUONG,MM DA NANG,AN RICE CRACKER SEAWEED 111.3G,1.187246,0.6,0.739251,1.451598,LT_AN RICE CRACKER SEAWEED 111.3G_T44_5,0.369625
CG_LT,44,,MM HIEP PHU,MM DA NANG,AN RICE CRACKER SEAWEED 111.3G,3.175566,0.6,0.739251,2.64459,LT_AN RICE CRACKER SEAWEED 111.3G_T44_5,0.369625
CG_LT,45,,MM BINH DUONG,MM BIEN HOA,AN RICE CRACKER SEAWEED 111.3G,5.081599,0.6,2.0,5.048959,LT_AN RICE CRACKER SEAWEED 111.3G_T45_1,1.0
CG_LT,45,,MM BINH DUONG,MM BINH PHU,AN RICE CRACKER SEAWEED 111.3G,4.980138,0.6,2.0,4.988083,LT_AN RICE CRACKER SEAWEED 111.3G_T45_1,1.0
CG_LT,45,,MM BINH DUONG,MM DA NANG,AN RICE CRACKER SEAWEED 111.3G,1.262487,0.6,2.0,2.757492,LT_AN RICE CRACKER SEAWEED 111.3G_T45_1,1.0
CG_LT,45,,MM HIEP PHU,MM BINH PHU,AN RICE CRACKER SEAWEED 111.3G,6.920306,0.6,2.0,6.152183,LT_AN RICE CRACKER SEAWEED 111.3G_T45_1,1.0
CG_LT,45,,MM BINH DUONG,MM BIEN HOA,AN RICE CRACKER SEAWEED 111.3G,7.122303,0.6,2.0,6.273382,LT_AN RICE CRACKER SEAWEED 111.3G_T45_2,1.0
CG_LT,45,,MM BINH DUONG,MM DA NANG,AN RICE CRACKER SEAWEED 111.3G,2.286209,0.6,2.0,3.371725,LT_AN RICE CRACKER SEAWEED 111.3G_T45_2,1.0
CG_LT,45,,MM HIEP PHU,MM BINH PHU,AN RICE CRACKER SEAWEED 111.3G,9.969349,0.6,2.0,7.981609,LT_AN RICE CRACKER SEAWEED 111.3G_T45_2,1.0
CG_LT,45,,MM HIEP PHU,MM DA NANG,AN RICE CRACKER SEAWEED 111.3G,9.610816,0.6,2.0,7.76649,LT_AN RICE CRACKER SEAWEED 111.3G_T45_2,1.0
CG_LT,45,,MM BINH DUONG,MM BINH PHU,AN RICE CRACKER SEAWEED 111.3G,7.291827,0.6,1.911981,6.287077,LT_AN RICE CRACKER SEAWEED 111.3G_T45_4,0.95599
CG_LT,45,,MM BINH DUONG,MM DA NANG,AN RICE CRACKER SEAWEED 111.3G,8.127748,0.6,1.911981,6.78863,LT_AN RICE CRACKER SEAWEED 111.3G_T45_4,0.95599
CG_LT,45,,MM HIEP PHU,MM BIEN HOA,AN RICE CRACKER SEAWEED 111.3G,6.204097,0.6,1.911981,5.634439,LT_AN RICE CRACKER SEAWEED 111.3G_T45_4,0.95599
CG_LT,45,,MM HIEP PHU,MM DA NANG,AN RICE CRACKER SEAWEED 111.3G,4.400387,0.6,1.911981,4.552213,LT_AN RICE CRACKER SEAWEED 111.3G_T45_4,0.95599
CG_LT,46,,MM BINH DUONG,MM DA NANG,AN RICE CRACKER SEAWEED 111.3G,9.74173,0.6,2.0,7.845038,LT_AN RICE CRACKER SEAWEED 111.3G_T46_1,1.0
CG_LT,46,,MM HIEP PHU,MM AN PHU,AN RICE CRACKER SEAWEED 111.3G,7.935974,0.6,2.0,6.761585,LT_AN RICE CRACKER SEAWEED 111.3G_T46_1,1.0
CG_LT,46,,MM BIEN HOA,MM BINH PHU,AN RICE CRACKER SEAWEED 111.3G,7.844531,0.6,2.0,6.706719,LT_AN RICE CRACKER SEAWEED 111.3G_T46_2,1.0
CG_LT,46,,MM BIEN HOA,MM DA NANG,AN RICE CRACKER SEAWEED 111.3G,6.962402,0.6,2.0,6.177441,LT_AN RICE CRACKER SEAWEED 111.3G_T46_2,1.0
CG_LT,46,,MM HIEP PHU,MM AN PHU,AN RICE CRACKER SEAWEED 111.3G,2.055616,0.6,2.0,3.233369,LT_AN RICE CRACKER SEAWEED 111.3G_T46_2,1.0
CG_LT,46,,MM HIEP PHU,MM DA NANG,AN RICE CRACKER SEAWEED 111.3G,2.989665,0.6,2.0,3.793799,LT_AN RICE CRACKER SEAWEED 111.3G_T46_2,1.0
CG_LT,46,,MM BIEN HOA,MM BINH PHU,AN RICE CRACKER SEAWEED 111.3G,8.010383,0.6,2.0,6.80623,LT_AN RICE CRACKER SEAWEED 111.3G_T46_4,1.0
CG_LT,46,,MM BIEN HOA,MM DA NANG,AN RICE CRACKER SEAWEED 111.3G,8.94246,0.6,2.0,7.365476,LT_AN RICE CRACKER SEAWEED 111.3G_T46_4,1.0
CG_LT,46,,MM BINH DUONG,MM AN PHU,AN RICE CRACKER SEAWEED 111.3G,1.247809,0.6,2.0,2.748686,LT_AN RICE CRACKER SEAWEED 111.3G_T46_4,1.0
CG_LT,46,,MM BINH DUONG,MM BINH PHU,AN RICE CRACKER SEAWEED 111.3G,6.692038,0.6,2.0,6.015223,LT_AN RICE CRACKER SEAWEED 111.3G_T46_4,1.0
CG_LT,46,,MM HIEP PHU,MM AN PHU,AN RICE CRACKER SEAWEED 111.3G,8.290386,0.6,2.0,6.974231,LT_AN RICE CRACKER SEAWEED 111.3G_T46_5,1.0
CG_LT,46,,MM HIEP PHU,MM DA NANG,AN RICE CRACKER SEAWEED 111.3G,5.415804,0.6,2.0,5.249482,LT_AN RICE CRACKER SEAWEED 111.3G_T46_5,1.0
CG_LT,47,,MM BIEN HOA,MM DA NANG,AN RICE CRACKER SEAWEED 111.3G,8.33108,0.6,1.678378,6.677025,LT_AN RICE CRACKER SEAWEED 111.3G_T47_2,0.839189
CG_LT,47,,MM HIEP PHU,MM AN PHU,AN RICE CRACKER SEAWEED 111.3G,6.555963,0.6,1.678378,5.611955,LT_AN RICE CRACKER SEAWEED 111.3G_T47_2,0.839189
CG_LT,47,,MM HIEP PHU,MM DA NANG,AN RICE CRACKER SEAWEED 111.3G,2.84446,0.6,1.678378,3.385054,LT_AN RICE CRACKER SEAWEED 111.3G_T47_2,0.839189
CG_LT,48,,MM BIEN HOA,MM AN PHU,AN RICE CRACKER SEAWEED 111.3G,1.159269,0.6,1.954401,2.649962,LT_AN RICE CRACKER SEAWEED 111.3G_T48_2,0.9772
CG_LT,48,,MM BINH DUONG,MM DA NANG,AN RICE CRACKER SEAWEED 111.3G,2.907543,0.6,1.954401,3.698927,LT_AN RICE CRACKER SEAWEED 111.3G_T48_2,0.9772
CG_LT,48,,MM HIEP PHU,MM BINH PHU,AN RICE CRACKER SEAWEED 111.3G,1.496891,0.6,1.954401,2.852535,LT_AN RICE CRACKER SEAWEED 111.3G_T48_2,0.9772
CG_LT,48,,MM HIEP PHU,MM DA NANG,AN RICE CRACKER SEAWEED 111.3G,9.627192,0.6,1.954401,7.730716,LT_AN RICE CRACKER SEAWEED 111.3G_T48_2,0.9772
CG_LT,48,,MM BINH DUONG,MM DA NANG,AN RICE CRACKER SEAWEED 111.3G,6.075318,0.6,2.0,5.645191,LT_AN RICE CRACKER SEAWEED 111.3G_T48_3,1.0
CG_LT,48,,MM HIEP PHU,MM DA NANG,AN RICE CRACKER SEAWEED 111.3G,5.680274,0.6,2.0,5.408164,LT_AN RICE CRACKER SEAWEED 111.3G_T48_3,1.0
CG_LT,48,,MM BINH DUONG,MM BINH PHU,AN RICE CRACKER SEAWEED 111.3G,3.67698,0.6,1.57156,3.777748,LT_AN RICE CRACKER SEAWEED 111.3G_T48_5,0.78578
CG_LT,49,,MM BIEN HOA,MM BINH PHU,AN RICE CRACKER SEAWEED 111.3G,1.143728,0.6,0.527119,1.213356,LT_AN RICE CRACKER SEAWEED 111.3G_T49_1,0.263559
CG_LT,49,,MM BIEN HOA,MM BINH PHU,AN RICE CRACKER SEAWEED 111.3G,9.943449,0.6,2.0,7.96607,LT_AN RICE CRACKER SEAWEED 111.3G_T49_5,1.0
CG_LT,4,,MM BINH PHU,MM BINH DUONG,AN RICE CRACKER SEAWEED 111.3G,7.071013,0.6,1.68529,5.927898,LT_AN RICE CRACKER SEAWEED 111.3G_T4_1,0.842645
CG_LT,4,,MM DA NANG,MM AN PHU,AN RICE CRACKER SEAWEED 111.3G,3.219535,0.6,1.68529,3.617011,LT_AN RICE CRACKER SEAWEED 111.3G_T4_1,0.842645
CG_LT,4,,MM HIEP PHU,MM BINH DUONG,AN RICE CRACKER SEAWEED 111.3G,9.065346,0.6,2.0,7.439208,LT_AN RICE CRACKER SEAWEED 111.3G_T4_4,1.0
CG_LT,50,,MM BINH DUONG,MM DA NANG,AN RICE CRACKER SEAWEED 111.3G,2.946409,0.6,2.0,3.767845,LT_AN RICE CRACKER SEAWEED 111.3G_T50_1,1.0
CG_LT,50,,MM HIEP PHU,MM BIEN HOA,AN RICE CRACKER SEAWEED 111.3G,7.725503,0.6,2.0,6.635302,LT_AN RICE CRACKER SEAWEED 111.3G_T50_1,1.0
CG_LT,50,,MM HIEP PHU,MM BINH PHU,AN RICE CRACKER SEAWEED 111.3G,6.227819,0.6,2.0,5.736691,LT_AN RICE CRACKER SEAWEED 111.3G_T50_1,1.0
CG_LT,50,,MM HIEP PHU,MM BINH PHU,AN RICE CRACKER SEAWEED 111.3G,9.631311,0.6,2.0,7.778787,LT_AN RICE CRACKER SEAWEED 111.3G_T50_2,1.0
CG_LT,50,,MM BINH DUONG,MM BIEN HOA,AN RICE CRACKER SEAWEED 111.3G,1.818674,0.6,2.0,3.091205,LT_AN RICE CRACKER SEAWEED 111.3G_T50_3,1.0
CG_LT,50,,MM BINH DUONG,MM BINH PHU,AN RICE CRACKER SEAWEED 111.3G,9.899522,0.6,2.0,7.939713,LT_AN RICE CRACKER SEAWEED 111.3G_T50_3,1.0
CG_LT,50,,MM HIEP PHU,MM BIEN HOA,AN RICE CRACKER SEAWEED 111.3G,8.594647,0.6,2.0,7.156788,LT_AN RICE CRACKER SEAWEED 111.3G_T50_3,1.0
CG_LT,50,,MM BINH DUONG,MM BINH PHU,AN RICE CRACKER SEAWEED 111.3G,4.806566,0.6,2.0,4.883939,LT_AN RICE CRACKER SEAWEED 111.3G_T50_4,1.0
CG_LT,50,,MM BINH DUONG,MM DA NANG,AN RICE CRACKER SEAWEED 111.3G,2.364937,0.6,2.0,3.418962,LT_AN RICE CRACKER SEAWEED 111.3G_T50_4,1.0
CG_LT,50,,MM BINH DUONG,MM AN PHU,AN RICE CRACKER SEAWEED 111.3G,3.877951,0.6,2.0,4.326771,LT_AN RICE CRACKER SEAWEED 111.3G_T50_5,1.0
CG_LT,50,,MM HIEP PHU,MM BIEN HOA,AN RICE CRACKER SEAWEED 111.3G,7.794301,0.6,2.0,6.676581,LT_AN RICE CRACKER SEAWEED 111.3G_T50_5,1.0
CG_LT,50,,MM HIEP PHU,MM BINH PHU,AN RICE CRACKER SEAWEED 111.3G,4.623055,0.6,2.0,4.773833,LT_AN RICE CRACKER SEAWEED 111.3G_T50_5,1.0
CG_LT,51,,MM BIEN HOA,MM DA NANG,AN RICE CRACKER SEAWEED 111.3G,7.080003,0.6,1.530169,5.778171,LT_AN RICE CRACKER SEAWEED 111.3G_T51_1,0.765085
CG_LT,51,,MM BINH DUONG,MM BINH PHU,AN RICE CRACKER SEAWEED 111.3G,2.144028,0.6,1.530169,2.816586,LT_AN RICE CRACKER SEAWEED 111.3G_T51_1,0.765085
CG_LT,51,,MM HIEP PHU,MM BINH PHU,AN RICE CRACKER SEAWEED 111.3G,3.528223,0.6,1.530169,3.647103,LT_AN RICE CRACKER SEAWEED 111.3G_T51_1,0.765085
CG_LT,51,,MM BINH DUONG,MM BINH PHU,AN RICE CRACKER SEAWEED 111.3G,6.433371,0.6,2.0,5.860023,LT_AN RICE CRACKER SEAWEED 111.3G_T51_2,1.0
CG_LT,51,,MM BIEN HOA,MM BINH PHU,AN RICE CRACKER SEAWEED 111.3G,4.682184,0.6,2.0,4.80931,LT_AN RICE CRACKER SEAWEED 111.3G_T51_5,1.0
CG_LT,52,,MM BINH DUONG,MM DA NANG,AN RICE CRACKER SEAWEED 111.3G,2.908063,0.6,1.556634,3.301471,LT_AN RICE CRACKER SEAWEED 111.3G_T52_1,0.778317
CG_LT,52,,MM BIEN HOA,MM BINH PHU,AN RICE CRACKER SEAWEED 111.3G,6.976077,0.6,1.410807,5.596453,LT_AN RICE CRACKER SEAWEED 111.3G_T52_4,0.705403
CG_LT,52,,MM HIEP PHU,MM DA NANG,AN RICE CRACKER SEAWEED 111.3G,4.552947,0.6,1.410807,4.142575,LT_AN RICE CRACKER SEAWEED 111.3G_T52_4,0.705403
CG_LT,52,,MM BIEN HOA,MM BINH PHU,AN RICE CRACKER SEAWEED 111.3G,7.023923,0.6,2.0,6.214354,LT_AN RICE CRACKER SEAWEED 111.3G_T52_5,1.0
CG_LT,52,,MM BINH DUONG,MM DA NANG,AN RICE CRACKER SEAWEED 111.3G,9.166847,0.6,2.0,7.500108,LT_AN RICE CRACKER SEAWEED 111.3G_T52_5,1.0
CG_LT,52,,MM HIEP PHU,MM BINH PHU,AN RICE CRACKER SEAWEED 111.3G,2.966571,0.6,2.0,3.779942,LT_AN RICE CRACKER SEAWEED 111.3G_T52_5,1.0
CG_LT,53,,MM BIEN HOA,MM BINH PHU,AN RICE CRACKER SEAWEED 111.3G,1.55521,0.6,0.336347,1.269473,LT_AN RICE CRACKER SEAWEED 111.3G_T53_2,0.168173
CG_LT,53,,MM BIEN HOA,MM DA NANG,AN RICE CRACKER SEAWEED 111.3G,0.754358,0.6,0.336347,0.788961,LT_AN RICE CRACKER SEAWEED 111.3G_T53_2,0.168173
CG_LT,53,,MM BINH DUONG,MM AN PHU,AN RICE CRACKER SEAWEED 111.3G,0.547726,0.6,0.336347,0.664982,LT_AN RICE CRACKER SEAWEED 111.3G_T53_2,0.168173
CG_LT,53,,MM BIEN HOA,MM AN PHU,AN RICE CRACKER SEAWEED 111.3G,9.965429,0.6,2.0,7.979258,LT_AN RICE CRACKER SEAWEED 111.3G_T53_3,1.0
CG_LT,53,,MM BINH DUONG,MM BINH PHU,AN RICE CRACKER SEAWEED 111.3G,7.062311,0.6,2.0,6.237386,LT_AN RICE CRACKER SEAWEED 111.3G_T53_3,1.0
CG_LT,53,,MM BIEN HOA,MM AN PHU,AN RICE CRACKER SEAWEED 111.3G,3.920101,0.6,2.0,4.352061,LT_AN RICE CRACKER SEAWEED 111.3G_T53_5,1.0
CG_LT,53,,MM BINH DUONG,MM BINH PHU,AN RICE CRACKER SEAWEED 111.3G,5.584228,0.6,2.0,5.350537,LT_AN RICE CRACKER SEAWEED 111.3G_T53_5,1.0
CG_LT,54,,MM BIEN HOA,MM AN PHU,AN RICE CRACKER SEAWEED 111.3G,1.401747,0.6,2.0,2.841048,LT_AN RICE CRACKER SEAWEED 111.3G_T54_1,1.0
CG_LT,54,,MM BINH DUONG,MM BINH PHU,AN RICE CRACKER SEAWEED 111.3G,1.145475,0.6,2.0,2.687285,LT_AN RICE CRACKER SEAWEED 111.3G_T54_1,1.0
CG_LT,54,,MM BIEN HOA,MM AN PHU,AN RICE CRACKER SEAWEED 111.3G,4.363852,0.6,1.992283,4.610594,LT_AN RICE CRACKER SEAWEED 111.3G_T54_4,0.996141
CG_LT,54,,MM BIEN HOA,MM DA NANG,AN RICE CRACKER SEAWEED 111.3G,4.772685,0.6,1.992283,4.855894,LT_AN RICE CRACKER SEAWEED 111.3G_T54_4,0.996141
CG_LT,54,,MM BINH DUONG,MM DA NANG,AN RICE CRACKER SEAWEED 111.3G,7.278646,0.6,1.992283,6.35947,LT_AN RICE CRACKER SEAWEED 111.3G_T54_4,0.996141
CG_LT,54,,MM HIEP PHU,MM BINH PHU,AN RICE CRACKER SEAWEED 111.3G,6.901983,0.6,1.992283,6.133473,LT_AN RICE CRACKER SEAWEED 111.3G_T54_4,0.996141
CG_LT,54,,MM BINH DUONG,MM AN PHU,AN RICE CRACKER SEAWEED 111.3G,6.234402,0.6,2.0,5.740641,LT_AN RICE CRACKER SEAWEED 111.3G_T54_5,1.0
CG_LT,55,,MM BINH DUONG,MM BINH PHU,AN RICE CRACKER SEAWEED 111.3G,6.696622,0.6,2.0,6.017973,LT_AN RICE CRACKER SEAWEED 111.3G_T55_1,1.0
CG_LT,55,,MM BINH DUONG,MM BINH PHU,AN RICE CRACKER SEAWEED 111.3G,8.975671,0.6,2.0,7.385403,LT_AN RICE CRACKER SEAWEED 111.3G_T55_3,1.0
CG_LT,55,,MM BINH DUONG,MM DA NANG,AN RICE CRACKER SEAWEED 111.3G,8.73471,0.6,2.0,7.240826,LT_AN RICE CRACKER SEAWEED 111.3G_T55_3,1.0
CG_LT,55,,MM HIEP PHU,MM BINH PHU,AN RICE CRACKER SEAWEED 111.3G,2.52627,0.6,2.0,3.515762,LT_AN RICE CRACKER SEAWEED 111.3G_T55_3,1.0
CG_LT,55,,MM HIEP PHU,MM DA NANG,AN RICE CRACKER SEAWEED 111.3G,2.599497,0.6,2.0,3.559698,LT_AN RICE CRACKER SEAWEED 111.3G_T55_3,1.0
CG_LT,55,,MM BINH DUONG,MM BINH PHU,AN RICE CRACKER SEAWEED 111.3G,5.887427,0.6,1.902316,5.434772,LT_AN RICE CRACKER SEAWEED 111.3G_T55_4,0.951158
CG_LT,55,,MM BINH DUONG,MM DA NANG,AN RICE CRACKER SEAWEED 111.3G,5.665792,0.6,1.902316,5.301791,LT_AN RICE CRACKER SEAWEED 111.3G_T55_4,0.951158
CG_LT,55,,MM HIEP PHU,MM BIEN HOA,AN RICE CRACKER SEAWEED 111.3G,2.59298,0.6,1.902316,3.458104,LT_AN RICE CRACKER SEAWEED 111.3G_T55_4,0.951158
CG_LT,55,,MM HIEP PHU,MM BINH PHU,AN RICE CRACKER SEAWEED 111.3G,6.69219,0.6,1.902316,5.91763,LT_AN RICE CRACKER SEAWEED 111.3G_T55_4,0.951158
CG_LT,56,,MM HIEP PHU,MM AN PHU,AN RICE CRACKER SEAWEED 111.3G,0.57606,0.6,1.15212,1.497755,LT_AN RICE CRACKER SEAWEED 111.3G_T56_1,0.57606
CG_LT,56,,MM HIEP PHU,MM BINH PHU,AN RICE CRACKER SEAWEED 111.3G,2.965514,0.6,1.15212,2.931428,LT_AN RICE CRACKER SEAWEED 111.3G_T56_1,0.57606
CG_LT,56,,MM HIEP PHU,MM DA NANG,AN RICE CRACKER SEAWEED 111.3G,2.054175,0.6,1.15212,2.384625,LT_AN RICE CRACKER SEAWEED 111.3G_T56_1,0.57606
CG_LT,56,,MM BINH DUONG,MM BINH PHU,AN RICE CRACKER SEAWEED 111.3G,9.377456,0.6,2.0,7.626474,LT_AN RICE CRACKER SEAWEED 111.3G_T56_3,1.0
CG_LT,56,,MM HIEP PHU,MM AN PHU,AN RICE CRACKER SEAWEED 111.3G,1.0,0.6,2.0,2.6,LT_AN RICE CRACKER SEAWEED 111.3G_T56_3,1.0
CG_LT,56,,MM HIEP PHU,MM DA NANG,AN RICE CRACKER SEAWEED 111.3G,8.96857,0.6,2.0,7.381142,LT_AN RICE CRACKER SEAWEED 111.3G_T56_3,1.0
CG_LT,56,,MM BINH DUONG,MM BINH PHU,AN RICE CRACKER SEAWEED 111.3G,2.602868,0.6,2.0,3.561721,LT_AN RICE CRACKER SEAWEED 111.3G_T56_4,1.0
CG_LT,56,,MM BINH DUONG,MM DA NANG,AN RICE CRACKER SEAWEED 111.3G,1.385156,0.6,2.0,2.831094,LT_AN RICE CRACKER SEAWEED 111.3G_T56_4,1.0
CG_LT,56,,MM HIEP PHU,MM BINH PHU,AN RICE CRACKER SEAWEED 111.3G,9.670162,0.6,2.0,7.802097,LT_AN RICE CRACKER SEAWEED 111.3G_T56_4,1.0
CG_LT,57,,MM BINH DUONG,MM BINH PHU,AN RICE CRACKER SEAWEED 111.3G,3.352991,0.6,0.83911,2.850905,LT_AN RICE CRACKER SEAWEED 111.3G_T57_1,0.419555
CG_LT,57,,MM BINH DUONG,MM DA NANG,AN RICE CRACKER SEAWEED 111.3G,1.506144,0.6,0.83911,1.742797,LT_AN RICE CRACKER SEAWEED 111.3G_T57_1,0.419555
CG_LT,57,,MM HIEP PHU,MM AN PHU,AN RICE CRACKER SEAWEED 111.3G,0.750455,0.6,0.83911,1.289383,LT_AN RICE CRACKER SEAWEED 111.3G_T57_1,0.419555
CG_LT,57,,MM HIEP PHU,MM BINH PHU,AN RICE CRACKER SEAWEED 111.3G,1.48895,0.6,0.83911,1.73248,LT_AN RICE CRACKER SEAWEED 111.3G_T57_1,0.419555
CG_LT,57,,MM BIEN HOA,MM AN PHU,AN RICE CRACKER SEAWEED 111.3G,2.122062,0.6,0.603735,1.876972,LT_AN RICE CRACKER SEAWEED 111.3G_T57_3,0.301867
CG_LT,57,,MM BIEN HOA,MM BINH PHU,AN RICE CRACKER SEAWEED 111.3G,0.769665,0.6,0.603735,1.065534,LT_AN RICE CRACKER SEAWEED 111.3G_T57_3,0.301867
CG_LT,57,,MM BIEN HOA,MM DA NANG,AN RICE CRACKER SEAWEED 111.3G,1.13025,0.6,0.603735,1.281885,LT_AN RICE CRACKER SEAWEED 111.3G_T57_3,0.301867
CG_LT,57,,MM BINH DUONG,MM DA NANG,AN RICE CRACKER SEAWEED 111.3G,1.050562,0.6,0.603735,1.234072,LT_AN RICE CRACKER SEAWEED 111.3G_T57_3,0.301867
CG_LT,57,,MM BIEN HOA,MM DA NANG,AN RICE CRACKER SEAWEED 111.3G,4.656414,0.6,2.0,4.793849,LT_AN RICE CRACKER SEAWEED 111.3G_T57_4,1.0
CG_LT,57,,MM BINH DUONG,MM BINH PHU,AN RICE CRACKER SEAWEED 111.3G,9.388394,0.6,2.0,7.633037,LT_AN RICE CRACKER SEAWEED 111.3G_T57_4,1.0
CG_LT,57,,MM HIEP PHU,MM DA NANG,AN RICE CRACKER SEAWEED 111.3G,1.393097,0.6,2.0,2.835858,LT_AN RICE CRACKER SEAWEED 111.3G_T57_4,1.0
CG_LT,58,,MM BIEN HOA,MM DA NANG,AN RICE CRACKER SEAWEED 111.3G,4.07545,0.6,2.0,4.44527,LT_AN RICE CRACKER SEAWEED 111.3G_T58_1,1.0
CG_LT,58,,MM HIEP PHU,MM DA NANG,AN RICE CRACKER SEAWEED 111.3G,8.975627,0.6,2.0,7.385376,LT_AN RICE CRACKER SEAWEED 111.3G_T58_1,1.0
CG_LT,58,,MM BIEN HOA,MM AN PHU,AN RICE CRACKER SEAWEED 111.3G,3.27913,0.6,1.820047,3.787525,LT_AN RICE CRACKER SEAWEED 111.3G_T58_2,0.910024
CG_LT,58,,MM BIEN HOA,MM BINH PHU,AN RICE CRACKER SEAWEED 111.3G,8.328349,0.6,1.820047,6.817057,LT_AN RICE CRACKER SEAWEED 111.3G_T58_2,0.910024
CG_LT,58,,MM BINH DUONG,MM DA NANG,AN RICE CRACKER SEAWEED 111.3G,7.048537,0.6,1.820047,6.04917,LT_AN RICE CRACKER SEAWEED 111.3G_T58_2,0.910024
CG_LT,58,,MM HIEP PHU,MM AN PHU,AN RICE CRACKER SEAWEED 111.3G,2.505821,0.6,1.820047,3.32354,LT_AN RICE CRACKER SEAWEED 111.3G_T58_2,0.910024
CG_LT,59,,MM BINH DUONG,MM BINH PHU,AN RICE CRACKER SEAWEED 111.3G,6.363343,0.6,2.0,5.818006,LT_AN RICE CRACKER SEAWEED 111.3G_T59_1,1.0
CG_LT,59,,MM HIEP PHU,MM BIEN HOA,AN RICE CRACKER SEAWEED 111.3G,2.226618,0.6,2.0,3.335971,LT_AN RICE CRACKER SEAWEED 111.3G_T59_1,1.0
CG_LT,59,,MM BINH DUONG,MM AN PHU,AN RICE CRACKER SEAWEED 111.3G,2.980801,0.6,2.0,3.788481,LT_AN RICE CRACKER SEAWEED 111.3G_T59_2,1.0
CG_LT,59,,MM HIEP PHU,MM BIEN HOA,AN RICE CRACKER SEAWEED 111.3G,2.626514,0.6,2.0,3.575909,LT_AN RICE CRACKER SEAWEED 111.3G_T59_2,1.0
CG_LT,59,,MM HIEP PHU,MM BINH PHU,AN RICE CRACKER SEAWEED 111.3G,6.512114,0.6,2.0,5.907269,LT_AN RICE CRACKER SEAWEED 111.3G_T59_2,1.0
CG_LT,59,,MM HIEP PHU,MM AN PHU,AN RICE CRACKER SEAWEED 111.3G,1.044872,0.6,1.275163,1.902086,LT_AN RICE CRACKER SEAWEED 111.3G_T59_3,0.637582
CG_LT,59,,MM HIEP PHU,MM BIEN HOA,AN RICE CRACKER SEAWEED 111.3G,3.663144,0.6,1.275163,3.47305,LT_AN RICE CRACKER SEAWEED 111.3G_T59_3,0.637582
CG_LT,59,,MM HIEP PHU,MM BINH PHU,AN RICE CRACKER SEAWEED 111.3G,4.862754,0.6,1.275163,4.192816,LT_AN RICE CRACKER SEAWEED 111.3G_T59_3,0.637582
CG_LT,59,,MM BINH DUONG,MM AN PHU,AN RICE CRACKER SEAWEED 111.3G,7.522598,0.6,2.0,6.513559,LT_AN RICE CRACKER SEAWEED 111.3G_T59_4,1.0
CG_LT,59,,MM HIEP PHU,MM BINH PHU,AN RICE CRACKER SEAWEED 111.3G,9.197931,0.6,2.0,7.518759,LT_AN RICE CRACKER SEAWEED 111.3G_T59_4,1.0
CG_LT,59,,MM BINH DUONG,MM BINH PHU,AN RICE CRACKER SEAWEED 111.3G,1.434496,0.6,1.975688,2.836385,LT_AN RICE CRACKER SEAWEED 111.3G_T59_5,0.987844
CG_LT,59,,MM BINH DUONG,MM DA NANG,AN RICE CRACKER SEAWEED 111.3G,7.098237,0.6,1.975688,6.23463,LT_AN RICE CRACKER SEAWEED 111.3G_T59_5,0.987844
CG_LT,59,,MM HIEP PHU,MM BINH PHU,AN RICE CRACKER SEAWEED 111.3G,1.629361,0.6,1.975688,2.953305,LT_AN RICE CRACKER SEAWEED 111.3G_T59_5,0.987844
CG_LT,59,,MM HIEP PHU,MM DA NANG,AN RICE CRACKER SEAWEED 111.3G,5.397136,0.6,1.975688,5.21397,LT_AN RICE CRACKER SEAWEED 111.3G_T59_5,0.987844
CG_LT,5,,MM BINH DUONG,MM AN PHU,AN RICE CRACKER SEAWEED 111.3G,1.979139,0.6,0.469947,1.657431,LT_AN RICE CRACKER SEAWEED 111.3G_T5_5,0.234974
CG_LT,5,,MM DA NANG,MM AN PHU,AN RICE CRACKER SEAWEED 111.3G,1.649244,0.6,0.469947,1.459494,LT_AN RICE CRACKER SEAWEED 111.3G_T5_5,0.234974
CG_LT,5,,MM HIEP PHU,MM AN PHU,AN RICE CRACKER SEAWEED 111.3G,1.808598,0.6,0.469947,1.555106,LT_AN RICE CRACKER SEAWEED 111.3G_T5_5,0.234974
CG_LT,60,,MM BIEN HOA,MM DA NANG,AN RICE CRACKER SEAWEED 111.3G,0.082821,0.6,0.159096,0.208789,LT_AN RICE CRACKER SEAWEED 111.3G_T60_1,0.079548
CG_LT,60,,MM BINH DUONG,MM BINH PHU,AN RICE CRACKER SEAWEED 111.3G,0.116601,0.6,0.159096,0.229057,LT_AN RICE CRACKER SEAWEED 111.3G_T60_1,0.079548
CG_LT,60,,MM HIEP PHU,MM BIEN HOA,AN RICE CRACKER SEAWEED 111.3G,0.109625,0.6,0.159096,0.224872,LT_AN RICE CRACKER SEAWEED 111.3G_T60_1,0.079548
CG_LT,60,,MM BIEN HOA,MM DA NANG,AN RICE CRACKER SEAWEED 111.3G,1.469179,0.6,2.0,2.881507,LT_AN RICE CRACKER SEAWEED 111.3G_T60_2,1.0
CG_LT,60,,MM HIEP PHU,MM AN PHU,AN RICE CRACKER SEAWEED 111.3G,7.110969,0.6,2.0,6.266581,LT_AN RICE CRACKER SEAWEED 111.3G_T60_2,1.0
CG_LT,60,,MM HIEP PHU,MM BIEN HOA,AN RICE CRACKER SEAWEED 111.3G,1.351267,0.6,2.0,2.81076,LT_AN RICE CRACKER SEAWEED 111.3G_T60_2,1.0
CG_LT,60,,MM BINH DUONG,MM AN PHU,AN RICE CRACKER SEAWEED 111.3G,4.148242,0.6,2.0,4.488945,LT_AN RICE CRACKER SEAWEED 111.3G_T60_3,1.0
CG_LT,60,,MM BINH DUONG,MM BIEN HOA,AN RICE CRACKER SEAWEED 111.3G,1.200367,0.6,2.0,2.72022,LT_AN RICE CRACKER SEAWEED 111.3G_T60_4,1.0
CG_LT,60,,MM HIEP PHU,MM AN PHU,AN RICE CRACKER SEAWEED 111.3G,6.030889,0.6,2.0,5.618534,LT_AN RICE CRACKER SEAWEED 111.3G_T60_4,1.0
CG_LT,60,,MM BINH DUONG,MM DA NANG,AN RICE CRACKER SEAWEED 111.3G,2.765976,0.6,2.0,3.659586,LT_AN RICE CRACKER SEAWEED 111.3G_T60_5,1.0
CG_LT,61,,MM BINH DUONG,MM AN PHU,AN RICE CRACKER SEAWEED 111.3G,7.464342,0.6,2.0,6.478605,LT_AN RICE CRACKER SEAWEED 111.3G_T61_3,1.0
CG_LT,62,,MM BIEN HOA,MM AN PHU,AN RICE CRACKER SEAWEED 111.3G,2.427538,0.6,2.0,3.456523,LT_AN RICE CRACKER SEAWEED 111.3G_T62_2,1.0
CG_LT,62,,MM BIEN HOA,MM BINH PHU,AN RICE CRACKER SEAWEED 111.3G,1.545122,0.6,2.0,2.927073,LT_AN RICE CRACKER SEAWEED 111.3G_T62_2,1.0
CG_LT,62,,MM BINH DUONG,MM AN PHU,AN RICE CRACKER SEAWEED 111.3G,5.207683,0.6,2.0,5.12461,LT_AN RICE CRACKER SEAWEED 111.3G_T62_2,1.0
CG_LT,62,,MM BIEN HOA,MM AN PHU,AN RICE CRACKER SEAWEED 111.3G,7.705208,0.6,2.0,6.623125,LT_AN RICE CRACKER SEAWEED 111.3G_T62_3,1.0
CG_LT,62,,MM BINH DUONG,MM AN PHU,AN RICE CRACKER SEAWEED 111.3G,2.205552,0.6,2.0,3.323331,LT_AN RICE CRACKER SEAWEED 111.3G_T62_3,1.0
CG_LT,62,,MM BIEN HOA,MM DA NANG,AN RICE CRACKER SEAWEED 111.3G,0.196112,0.6,0.190714,0.308381,LT_AN RICE CRACKER SEAWEED 111.3G_T62_5,0.095357
CG_LT,62,,MM HIEP PHU,MM AN PHU,AN RICE CRACKER SEAWEED 111.3G,0.388262,0.6,0.190714,0.423671,LT_AN RICE CRACKER SEAWEED 111.3G_T62_5,0.095357
CG_LT,63,,MM BINH DUONG,MM AN PHU,AN RICE CRACKER SEAWEED 111.3G,2.285034,0.6,0.732058,2.103079,LT_AN RICE CRACKER SEAWEED 111.3G_T63_2,0.366029
CG_LT,63,,MM BINH DUONG,MM BINH PHU,AN RICE CRACKER SEAWEED 111.3G,1.445073,0.6,0.732058,1.599102,LT_AN RICE CRACKER SEAWEED 111.3G_T63_2,0.366029
CG_LT,63,,MM BINH DUONG,MM DA NANG,AN RICE CRACKER SEAWEED 111.3G,1.178518,0.6,0.732058,1.439169,LT_AN RICE CRACKER SEAWEED 111.3G_T63_2,0.366029
CG_LT,63,,MM HIEP PHU,MM DA NANG,AN RICE CRACKER SEAWEED 111.3G,2.0373,0.6,0.732058,1.954439,LT_AN RICE CRACKER SEAWEED 111.3G_T63_2,0.366029
CG_LT,63,,MM BIEN HOA,MM AN PHU,AN RICE CRACKER SEAWEED 111.3G,3.53235,0.6,1.82843,3.94784,LT_AN RICE CRACKER SEAWEED 111.3G_T63_3,0.914215
CG_LT,63,,MM BINH DUONG,MM BINH PHU,AN RICE CRACKER SEAWEED 111.3G,1.440944,0.6,1.82843,2.692996,LT_AN RICE CRACKER SEAWEED 111.3G_T63_3,0.914215
CG_LT,63,,MM HIEP PHU,MM AN PHU,AN RICE CRACKER SEAWEED 111.3G,7.384679,0.6,1.82843,6.259237,LT_AN RICE CRACKER SEAWEED 111.3G_T63_3,0.914215
CG_LT,63,,MM HIEP PHU,MM DA NANG,AN RICE CRACKER SEAWEED 111.3G,6.166837,0.6,1.82843,5.528532,LT_AN RICE CRACKER SEAWEED 111.3G_T63_3,0.914215
CG_LT,63,,MM BIEN HOA,MM DA NANG,AN RICE CRACKER SEAWEED 111.3G,1.69134,0.6,2.0,3.014804,LT_AN RICE CRACKER SEAWEED 111.3G_T63_4,1.0
CG_LT,63,,MM HIEP PHU,MM BINH PHU,AN RICE CRACKER SEAWEED 111.3G,9.638585,0.6,2.0,7.783151,LT_AN RICE CRACKER SEAWEED 111.3G_T63_4,1.0
CG_LT,63,,MM HIEP PHU,MM DA NANG,AN RICE CRACKER SEAWEED 111.3G,4.670856,0.6,2.0,4.802513,LT_AN RICE CRACKER SEAWEED 111.3G_T63_4,1.0
CG_LT,63,,MM BINH DUONG,MM AN PHU,AN RICE CRACKER SEAWEED 111.3G,6.418226,0.6,2.0,5.850936,LT_AN RICE CRACKER SEAWEED 111.3G_T63_5,1.0
CG_LT,64,,MM BIEN HOA,MM AN PHU,AN RICE CRACKER SEAWEED 111.3G,5.623219,0.6,2.0,5.373932,LT_AN RICE CRACKER SEAWEED 111.3G_T64_2,1.0
CG_LT,64,,MM BINH DUONG,MM BINH PHU,AN RICE CRACKER SEAWEED 111.3G,7.393536,0.6,2.0,6.436121,LT_AN RICE CRACKER SEAWEED 111.3G_T64_2,1.0
CG_LT,64,,MM HIEP PHU,MM BINH PHU,AN RICE CRACKER SEAWEED 111.3G,4.669662,0.6,2.0,4.801797,LT_AN RICE CRACKER SEAWEED 111.3G_T64_2,1.0
CG_LT,64,,MM HIEP PHU,MM DA NANG,AN RICE CRACKER SEAWEED 111.3G,1.0,0.6,2.0,2.6,LT_AN RICE CRACKER SEAWEED 111.3G_T64_2,1.0
CG_LT,65,,MM BINH DUONG,MM AN PHU,AN RICE CRACKER SEAWEED 111.3G,6.557403,0.6,2.0,5.934442,LT_AN RICE CRACKER SEAWEED 111.3G_T65_1,1.0
CG_LT,65,,MM BINH DUONG,MM BIEN HOA,AN RICE CRACKER SEAWEED 111.3G,0.930881,0.6,2.0,2.558528,LT_AN RICE CRACKER SEAWEED 111.3G_T65_1,1.0
CG_LT,65,,MM HIEP PHU,MM AN PHU,AN RICE CRACKER SEAWEED 111.3G,7.558984,0.6,2.0,6.53539,LT_AN RICE CRACKER SEAWEED 111.3G_T65_2,1.0
CG_LT,65,,MM BIEN HOA,MM AN PHU,AN RICE CRACKER SEAWEED 111.3G,4.326183,0.6,2.0,4.59571,LT_AN RICE CRACKER SEAWEED 111.3G_T65_3,1.0
CG_LT,65,,MM HIEP PHU,MM AN PHU,AN RICE CRACKER SEAWEED 111.3G,9.227659,0.6,2.0,7.536595,LT_AN RICE CRACKER SEAWEED 111.3G_T65_4,1.0
CG_LT,65,,MM BINH DUONG,MM BINH PHU,AN RICE CRACKER SEAWEED 111.3G,3.301041,0.6,2.0,3.980625,LT_AN RICE CRACKER SEAWEED 111.3G_T65_5,1.0
CG_LT,65,,MM HIEP PHU,MM AN PHU,AN RICE CRACKER SEAWEED 111.3G,2.234445,0.6,2.0,3.340667,LT_AN RICE CRACKER SEAWEED 111.3G_T65_5,1.0
CG_LT,66,,MM BINH DUONG,MM BINH PHU,AN RICE CRACKER SEAWEED 111.3G,8.326253,0.6,2.0,6.995752,LT_AN RICE CRACKER SEAWEED 111.3G_T66_1,1.0
CG_LT,66,,MM BINH DUONG,MM BINH PHU,AN RICE CRACKER SEAWEED 111.3G,9.288916,0.6,2.0,7.57335,LT_AN RICE CRACKER SEAWEED 111.3G_T66_2,1.0
CG_LT,66,,MM HIEP PHU,MM BINH PHU,AN RICE CRACKER SEAWEED 111.3G,8.731794,0.6,2.0,7.239076,LT_AN RICE CRACKER SEAWEED 111.3G_T66_2,1.0
CG_LT,66,,MM HIEP PHU,MM DA NANG,AN RICE CRACKER SEAWEED 111.3G,2.920351,0.6,2.0,3.752211,LT_AN RICE CRACKER SEAWEED 111.3G_T66_2,1.0
CG_LT,66,,MM HIEP PHU,MM BINH PHU,AN RICE CRACKER SEAWEED 111.3G,0.403258,0.6,0.161129,0.403084,LT_AN RICE CRACKER SEAWEED 111.3G_T66_3,0.080565
CG_LT,66,,MM BIEN HOA,MM AN PHU,AN RICE CRACKER SEAWEED 111.3G,4.419242,0.6,2.0,4.651545,LT_AN RICE CRACKER SEAWEED 111.3G_T66_4,1.0
CG_LT,66,,MM HIEP PHU,MM AN PHU,AN RICE CRACKER SEAWEED 111.3G,8.76093,0.6,2.0,7.256558,LT_AN RICE CRACKER SEAWEED 111.3G_T66_4,1.0
CG_LT,66,,MM BINH DUONG,MM AN PHU,AN RICE CRACKER SEAWEED 111.3G,1.094091,0.6,2.0,2.656455,LT_AN RICE CRACKER SEAWEED 111.3G_T66_5,1.0
CG_LT,66,,MM HIEP PHU,MM BINH PHU,AN RICE CRACKER SEAWEED 111.3G,4.249779,0.6,2.0,4.549868,LT_AN RICE CRACKER SEAWEED 111.3G_T66_5,1.0
CG_LT,67,,MM BIEN HOA,MM DA NANG,AN RICE CRACKER SEAWEED 111.3G,9.01362,0.6,2.0,7.408172,LT_AN RICE CRACKER SEAWEED 111.3G_T67_1,1.0
CG_LT,67,,MM BINH DUONG,MM BINH PHU,AN RICE CRACKER SEAWEED 111.3G,3.937432,0.6,2.0,4.362459,LT_AN RICE CRACKER SEAWEED 111.3G_T67_1,1.0
CG_LT,67,,MM HIEP PHU,MM BINH PHU,AN RICE CRACKER SEAWEED 111.3G,7.25079,0.6,2.0,6.350474,LT_AN RICE CRACKER SEAWEED 111.3G_T67_1,1.0
CG_LT,67,,MM HIEP PHU,MM DA NANG,AN RICE CRACKER SEAWEED 111.3G,2.836603,0.6,2.0,3.701962,LT_AN RICE CRACKER SEAWEED 111.3G_T67_1,1.0
CG_LT,67,,MM BIEN HOA,MM BINH PHU,AN RICE CRACKER SEAWEED 111.3G,0.347142,0.6,0.161005,0.36929,LT_AN RICE CRACKER SEAWEED 111.3G_T67_3,0.080503
CG_LT,67,,MM HIEP PHU,MM BINH PHU,AN RICE CRACKER SEAWEED 111.3G,0.464636,0.6,0.161005,0.439787,LT_AN RICE CRACKER SEAWEED 111.3G_T67_3,0.080503
CG_LT,68,,MM BIEN HOA,MM BINH PHU,AN RICE CRACKER SEAWEED 111.3G,4.131421,0.6,1.818615,4.297467,LT_AN RICE CRACKER SEAWEED 111.3G_T68_1,0.909307
CG_LT,68,,MM HIEP PHU,MM BINH PHU,AN RICE CRACKER SEAWEED 111.3G,2.552665,0.6,1.818615,3.350214,LT_AN RICE CRACKER SEAWEED 111.3G_T68_1,0.909307
CG_LT,68,,MM BIEN HOA,MM AN PHU,AN RICE CRACKER SEAWEED 111.3G,4.145887,0.6,1.791092,4.278624,LT_AN RICE CRACKER SEAWEED 111.3G_T68_2,0.895546
CG_LT,68,,MM BIEN HOA,MM BINH PHU,AN RICE CRACKER SEAWEED 111.3G,4.542084,0.6,1.791092,4.516343,LT_AN RICE CRACKER SEAWEED 111.3G_T68_2,0.895546
CG_LT,68,,MM BINH DUONG,MM AN PHU,AN RICE CRACKER SEAWEED 111.3G,7.667371,0.6,1.791092,6.391515,LT_AN RICE CRACKER SEAWEED 111.3G_T68_2,0.895546
CG_LT,68,,MM HIEP PHU,MM BINH PHU,AN RICE CRACKER SEAWEED 111.3G,3.77383,0.6,1.791092,4.05539,LT_AN RICE CRACKER SEAWEED 111.3G_T68_2,0.895546
CG_LT,68,,MM HIEP PHU,MM AN PHU,AN RICE CRACKER SEAWEED 111.3G,9.514733,0.6,2.0,7.70884,LT_AN RICE CRACKER SEAWEED 111.3G_T68_4,1.0
CG_LT,69,,MM BIEN HOA,MM AN PHU,AN RICE CRACKER SEAWEED 111.3G,6.55252,0.6,1.999493,5.931005,LT_AN RICE CRACKER SEAWEED 111.3G_T69_1,0.999746
CG_LT,69,,MM BIEN HOA,MM BINH PHU,AN RICE CRACKER SEAWEED 111.3G,0.99948,0.6,1.999493,2.599181,LT_AN RICE CRACKER SEAWEED 111.3G_T69_1,0.999746
CG_LT,69,,MM HIEP PHU,MM BINH PHU,AN RICE CRACKER SEAWEED 111.3G,6.174355,0.6,1.999493,5.704106,LT_AN RICE CRACKER SEAWEED 111.3G_T69_1,0.999746
CG_LT,69,,MM HIEP PHU,MM BINH PHU,AN RICE CRACKER SEAWEED 111.3G,3.622105,0.6,2.0,4.173263,LT_AN RICE CRACKER SEAWEED 111.3G_T69_2,1.0
CG_LT,70,,MM BIEN HOA,MM BINH PHU,AN RICE CRACKER SEAWEED 111.3G,1.033006,0.6,1.09267,1.712474,LT_AN RICE CRACKER SEAWEED 111.3G_T70_1,0.546335
CG_LT,70,,MM BINH DUONG,MM DA NANG,AN RICE CRACKER SEAWEED 111.3G,2.420176,0.6,1.09267,2.544776,LT_AN RICE CRACKER SEAWEED 111.3G_T70_1,0.546335
CG_LT,70,,MM HIEP PHU,MM AN PHU,AN RICE CRACKER SEAWEED 111.3G,3.25461,0.6,1.09267,3.045436,LT_AN RICE CRACKER SEAWEED 111.3G_T70_1,0.546335
CG_LT,70,,MM BIEN HOA,MM BINH PHU,AN RICE CRACKER SEAWEED 111.3G,1.190293,0.6,0.367031,1.081206,LT_AN RICE CRACKER SEAWEED 111.3G_T70_2,0.183515
CG_LT,70,,MM BINH DUONG,MM BINH PHU,AN RICE CRACKER SEAWEED 111.3G,1.725028,0.6,0.367031,1.402047,LT_AN RICE CRACKER SEAWEED 111.3G_T70_2,0.183515
CG_LT,70,,MM BIEN HOA,MM AN PHU,AN RICE CRACKER SEAWEED 111.3G,1.649016,0.6,2.0,2.98941,LT_AN RICE CRACKER SEAWEED 111.3G_T70_3,1.0
CG_LT,70,,MM BIEN HOA,MM BINH PHU,AN RICE CRACKER SEAWEED 111.3G,5.75104,0.6,2.0,5.450624,LT_AN RICE CRACKER SEAWEED 111.3G_T70_3,1.0
CG_LT,70,,MM HIEP PHU,MM BINH PHU,AN RICE CRACKER SEAWEED 111.3G,6.473363,0.6,2.0,5.884018,LT_AN RICE CRACKER SEAWEED 111.3G_T70_3,1.0
CG_LT,70,,MM HIEP PHU,MM DA NANG,AN RICE CRACKER SEAWEED 111.3G,6.195654,0.6,2.0,5.717392,LT_AN RICE CRACKER SEAWEED 111.3G_T70_3,1.0
CG_LT,71,,MM BIEN HOA,MM AN PHU,AN RICE CRACKER SEAWEED 111.3G,6.635237,0.6,1.336928,5.31807,LT_AN RICE CRACKER SEAWEED 111.3G_T71_1,0.668464
CG_LT,71,,MM BINH DUONG,MM AN PHU,AN RICE CRACKER SEAWEED 111.3G,5.250977,0.6,1.336928,4.487514,LT_AN RICE CRACKER SEAWEED 111.3G_T71_1,0.668464
CG_LT,71,,MM BINH DUONG,MM BINH PHU,AN RICE CRACKER SEAWEED 111.3G,1.000597,0.6,1.336928,1.937286,LT_AN RICE CRACKER SEAWEED 111.3G_T71_1,0.668464
CG_LT,71,,MM HIEP PHU,MM DA NANG,AN RICE CRACKER SEAWEED 111.3G,6.444664,0.6,1.336928,5.203726,LT_AN RICE CRACKER SEAWEED 111.3G_T71_1,0.668464
CG_LT,71,,MM BIEN HOA,MM AN PHU,AN RICE CRACKER SEAWEED 111.3G,8.382094,0.6,2.0,7.029257,LT_AN RICE CRACKER SEAWEED 111.3G_T71_2,1.0
CG_LT,71,,MM BIEN HOA,MM DA NANG,AN RICE CRACKER SEAWEED 111.3G,9.235695,0.6,2.0,7.541417,LT_AN RICE CRACKER SEAWEED 111.3G_T71_2,1.0
CG_LT,71,,MM HIEP PHU,MM BINH PHU,AN RICE CRACKER SEAWEED 111.3G,4.558293,0.6,2.0,4.734976,LT_AN RICE CRACKER SEAWEED 111.3G_T71_2,1.0
CG_LT,71,,MM BIEN HOA,MM BINH PHU,AN RICE CRACKER SEAWEED 111.3G,3.298974,0.6,1.187663,3.167047,LT_AN RICE CRACKER SEAWEED 111.3G_T71_5,0.593831
CG_LT,71,,MM HIEP PHU,MM DA NANG,AN RICE CRACKER SEAWEED 111.3G,0.765695,0.6,1.187663,1.64708,LT_AN RICE CRACKER SEAWEED 111.3G_T71_5,0.593831
CG_LT,72,,MM BIEN HOA,MM DA NANG,AN RICE CRACKER SEAWEED 111.3G,6.572794,0.6,2.0,5.943676,LT_AN RICE CRACKER SEAWEED 111.3G_T72_1,1.0
CG_LT,72,,MM BINH DUONG,MM DA NANG,AN RICE CRACKER SEAWEED 111.3G,8.855745,0.6,2.0,7.313447,LT_AN RICE CRACKER SEAWEED 111.3G_T72_1,1.0
CG_LT,72,,MM BIEN HOA,MM BINH PHU,AN RICE CRACKER SEAWEED 111.3G,5.097889,0.6,2.0,5.058733,LT_AN RICE CRACKER SEAWEED 111.3G_T72_2,1.0
CG_LT,72,,MM BIEN HOA,MM DA NANG,AN RICE CRACKER SEAWEED 111.3G,4.185746,0.6,2.0,4.511447,LT_AN RICE CRACKER SEAWEED 111.3G_T72_2,1.0
CG_LT,72,,MM HIEP PHU,MM DA NANG,AN RICE CRACKER SEAWEED 111.3G,8.465697,0.6,2.0,7.079418,LT_AN RICE CRACKER SEAWEED 111.3G_T72_2,1.0
CG_LT,72,,MM BIEN HOA,MM DA NANG,AN RICE CRACKER SEAWEED 111.3G,4.123994,0.6,2.0,4.474396,LT_AN RICE CRACKER SEAWEED 111.3G_T72_3,1.0
CG_LT,72,,MM HIEP PHU,MM AN PHU,AN RICE CRACKER SEAWEED 111.3G,8.63371,0.6,2.0,7.180226,LT_AN RICE CRACKER SEAWEED 111.3G_T72_3,1.0
CG_LT,72,,MM HIEP PHU,MM DA NANG,AN RICE CRACKER SEAWEED 111.3G,8.118258,0.6,2.0,6.870955,LT_AN RICE CRACKER SEAWEED 111.3G_T72_3,1.0
CG_LT,72,,MM BINH DUONG,MM DA NANG,AN RICE CRACKER SEAWEED 111.3G,7.757277,0.6,2.0,6.654366,LT_AN RICE CRACKER SEAWEED 111.3G_T72_4,1.0
CG_LT,72,,MM BIEN HOA,MM DA NANG,AN RICE CRACKER SEAWEED 111.3G,1.542907,0.6,2.0,2.925744,LT_AN RICE CRACKER SEAWEED 111.3G_T72_5,1.0
CG_LT,72,,MM BINH DUONG,MM AN PHU,AN RICE CRACKER SEAWEED 111.3G,9.62606,0.6,2.0,7.775636,LT_AN RICE CRACKER SEAWEED 111.3G_T72_5,1.0
CG_LT,72,,MM HIEP PHU,MM AN PHU,AN RICE CRACKER SEAWEED 111.3G,3.061084,0.6,2.0,3.83665,LT_AN RICE CRACKER SEAWEED 111.3G_T72_5,1.0
CG_LT,73,,MM BINH DUONG,MM DA NANG,AN RICE CRACKER SEAWEED 111.3G,9.861437,0.6,2.0,7.916862,LT_AN RICE CRACKER SEAWEED 111.3G_T73_1,1.0
CG_LT,73,,MM HIEP PHU,MM DA NANG,AN RICE CRACKER SEAWEED 111.3G,3.416558,0.6,2.0,4.049935,LT_AN RICE CRACKER SEAWEED 111.3G_T73_1,1.0
CG_LT,73,,MM BIEN HOA,MM BINH PHU,AN RICE CRACKER SEAWEED 111.3G,0.774755,0.6,1.972988,2.437841,LT_AN RICE CRACKER SEAWEED 111.3G_T73_3,0.986494
CG_LT,73,,MM BIEN HOA,MM DA NANG,AN RICE CRACKER SEAWEED 111.3G,6.777245,0.6,1.972988,6.039335,LT_AN RICE CRACKER SEAWEED 111.3G_T73_3,0.986494
CG_LT,73,,MM HIEP PHU,MM BINH PHU,AN RICE CRACKER SEAWEED 111.3G,6.832445,0.6,1.972988,6.072455,LT_AN RICE CRACKER SEAWEED 111.3G_T73_3,0.986494
CG_LT,73,,MM BINH DUONG,MM BINH PHU,AN RICE CRACKER SEAWEED 111.3G,4.621935,0.6,2.0,4.773161,LT_AN RICE CRACKER SEAWEED 111.3G_T73_4,1.0
CG_LT,73,,MM BINH DUONG,MM DA NANG,AN RICE CRACKER SEAWEED 111.3G,1.969997,0.6,2.0,3.181998,LT_AN RICE CRACKER SEAWEED 111.3G_T73_4,1.0
CG_LT,73,,MM HIEP PHU,MM DA NANG,AN RICE CRACKER SEAWEED 111.3G,5.498097,0.6,2.0,5.298858,LT_AN RICE CRACKER SEAWEED 111.3G_T73_4,1.0
CG_LT,73,,MM HIEP PHU,MM AN PHU,AN RICE CRACKER SEAWEED 111.3G,1.451414,0.6,2.0,2.870849,LT_AN RICE CRACKER SEAWEED 111.3G_T73_5,1.0
CG_LT,73,,MM HIEP PHU,MM DA NANG,AN RICE CRACKER SEAWEED 111.3G,7.132151,0.6,2.0,6.279291,LT_AN RICE CRACKER SEAWEED 111.3G_T73_5,1.0
CG_LT,74,,MM BIEN HOA,MM BINH PHU,AN RICE CRACKER SEAWEED 111.3G,4.910897,0.6,1.786566,4.733105,LT_AN RICE CRACKER SEAWEED 111.3G_T74_1,0.893283
CG_LT,74,,MM BINH DUONG,MM AN PHU,AN RICE CRACKER SEAWEED 111.3G,4.51377,0.6,1.786566,4.494828,LT_AN RICE CRACKER SEAWEED 111.3G_T74_1,0.893283
CG_LT,74,,MM HIEP PHU,MM AN PHU,AN RICE CRACKER SEAWEED 111.3G,5.625788,0.6,1.786566,5.162039,LT_AN RICE CRACKER SEAWEED 111.3G_T74_1,0.893283
CG_LT,74,,MM HIEP PHU,MM DA NANG,AN RICE CRACKER SEAWEED 111.3G,1.504831,0.6,1.786566,2.689465,LT_AN RICE CRACKER SEAWEED 111.3G_T74_1,0.893283
CG_LT,74,,MM BINH DUONG,MM AN PHU,AN RICE CRACKER SEAWEED 111.3G,0.876552,0.6,0.9533,1.479231,LT_AN RICE CRACKER SEAWEED 111.3G_T74_2,0.47665
CG_LT,74,,MM BINH DUONG,MM BINH PHU,AN RICE CRACKER SEAWEED 111.3G,1.232704,0.6,0.9533,1.692922,LT_AN RICE CRACKER SEAWEED 111.3G_T74_2,0.47665
CG_LT,74,,MM BINH DUONG,MM DA NANG,AN RICE CRACKER SEAWEED 111.3G,1.122735,0.6,0.9533,1.626941,LT_AN RICE CRACKER SEAWEED 111.3G_T74_2,0.47665
CG_LT,74,,MM HIEP PHU,MM BINH PHU,AN RICE CRACKER SEAWEED 111.3G,0.642448,0.6,0.9533,1.338768,LT_AN RICE CRACKER SEAWEED 111.3G_T74_2,0.47665
CG_LT,74,,MM BIEN HOA,MM BINH PHU,AN RICE CRACKER SEAWEED 111.3G,0.213951,0.6,0.466602,0.594973,LT_AN RICE CRACKER SEAWEED 111.3G_T74_3,0.233301
CG_LT,74,,MM BIEN HOA,MM DA NANG,AN RICE CRACKER SEAWEED 111.3G,1.427151,0.6,0.466602,1.322893,LT_AN RICE CRACKER SEAWEED 111.3G_T74_3,0.233301
CG_LT,74,,MM BINH DUONG,MM DA NANG,AN RICE CRACKER SEAWEED 111.3G,1.521965,0.6,0.466602,1.379781,LT_AN RICE CRACKER SEAWEED 111.3G_T74_3,0.233301
CG_LT,75,,MM BINH DUONG,MM DA NANG,AN RICE CRACKER SEAWEED 111.3G,0.873912,0.6,1.072817,1.597164,LT_AN RICE CRACKER SEAWEED 111.3G_T75_2,0.536408
CG_LT,75,,MM HIEP PHU,MM BINH PHU,AN RICE CRACKER SEAWEED 111.3G,1.758007,0.6,1.072817,2.127621,LT_AN RICE CRACKER SEAWEED 111.3G_T75_2,0.536408
CG_LT,75,,MM BIEN HOA,MM DA NANG,AN RICE CRACKER SEAWEED 111.3G,5.762754,0.6,1.762197,5.21985,LT_AN RICE CRACKER SEAWEED 111.3G_T75_4,0.881099
CG_LT,75,,MM BINH DUONG,MM AN PHU,AN RICE CRACKER SEAWEED 111.3G,8.547991,0.6,1.762197,6.890992,LT_AN RICE CRACKER SEAWEED 111.3G_T75_4,0.881099
CG_LT,75,,MM HIEP PHU,MM BINH PHU,AN RICE CRACKER SEAWEED 111.3G,1.561993,0.6,1.762197,2.699393,LT_AN RICE CRACKER SEAWEED 111.3G_T75_4,0.881099
CG_LT,77,,MM BIEN HOA,MM AN PHU,AN RICE CRACKER SEAWEED 111.3G,7.776479,0.6,2.0,6.665888,LT_AN RICE CRACKER SEAWEED 111.3G_T77_1,1.0
CG_LT,77,,MM BINH DUONG,MM DA NANG,AN RICE CRACKER SEAWEED 111.3G,7.359025,0.6,2.0,6.415415,LT_AN RICE CRACKER SEAWEED 111.3G_T77_1,1.0
CG_LT,77,,MM HIEP PHU,MM AN PHU,AN RICE CRACKER SEAWEED 111.3G,5.129091,0.6,2.0,5.077455,LT_AN RICE CRACKER SEAWEED 111.3G_T77_1,1.0
CG_LT,77,,MM BIEN HOA,MM AN PHU,AN RICE CRACKER SEAWEED 111.3G,3.774319,0.6,2.0,4.264592,LT_AN RICE CRACKER SEAWEED 111.3G_T77_2,1.0
CG_LT,77,,MM BINH DUONG,MM AN PHU,AN RICE CRACKER SEAWEED 111.3G,6.328256,0.6,2.0,5.796954,LT_AN RICE CRACKER SEAWEED 111.3G_T77_2,1.0
CG_LT,77,,MM BINH DUONG,MM DA NANG,AN RICE CRACKER SEAWEED 111.3G,4.387178,0.6,2.0,4.632307,LT_AN RICE CRACKER SEAWEED 111.3G_T77_2,1.0
CG_LT,77,,MM BINH PHU,MM DA NANG,AN RICE CRACKER SEAWEED 111.3G,6.244992,0.6,2.0,5.746995,LT_AN RICE CRACKER SEAWEED 111.3G_T77_2,1.0
CG_LT,77,,MM BINH DUONG,MM DA NANG,AN RICE CRACKER SEAWEED 111.3G,6.627768,0.6,2.0,5.976661,LT_AN RICE CRACKER SEAWEED 111.3G_T77_3,1.0
CG_LT,77,,MM HIEP PHU,MM DA NANG,AN RICE CRACKER SEAWEED 111.3G,5.20944,0.6,2.0,5.125664,LT_AN RICE CRACKER SEAWEED 111.3G_T77_3,1.0
CG_LT,77,,MM BINH DUONG,MM AN PHU,AN RICE CRACKER SEAWEED 111.3G,1.37174,0.6,0.837799,1.660843,LT_AN RICE CRACKER SEAWEED 111.3G_T77_4,0.418899
CG_LT,77,,MM BINH DUONG,MM DA NANG,AN RICE CRACKER SEAWEED 111.3G,3.171597,0.6,0.837799,2.740757,LT_AN RICE CRACKER SEAWEED 111.3G_T77_4,0.418899
CG_LT,77,,MM BINH PHU,MM AN PHU,AN RICE CRACKER SEAWEED 111.3G,2.133666,0.6,0.837799,2.117999,LT_AN RICE CRACKER SEAWEED 111.3G_T77_4,0.418899
CG_LT,77,,MM HIEP PHU,MM AN PHU,AN RICE CRACKER SEAWEED 111.3G,1.058626,0.6,0.837799,1.472975,LT_AN RICE CRACKER SEAWEED 111.3G_T77_4,0.418899
CG_LT,78,,MM BIEN HOA,MM AN PHU,AN RICE CRACKER SEAWEED 111.3G,2.972373,0.6,1.325977,3.109401,LT_AN RICE CRACKER SEAWEED 111.3G_T78_1,0.662989
CG_LT,78,,MM BINH DUONG,MM DA NANG,AN RICE CRACKER SEAWEED 111.3G,5.72145,0.6,1.325977,4.758847,LT_AN RICE CRACKER SEAWEED 111.3G_T78_1,0.662989
CG_LT,78,,MM BINH PHU,MM DA NANG,AN RICE CRACKER SEAWEED 111.3G,2.535974,0.6,2.0,3.521584,LT_AN RICE CRACKER SEAWEED 111.3G_T78_3,1.0
CG_LT,78,,MM BIEN HOA,MM DA NANG,AN RICE CRACKER SEAWEED 111.3G,9.579627,0.6,2.0,7.747776,LT_AN RICE CRACKER SEAWEED 111.3G_T78_4,1.0
CG_LT,78,,MM BINH DUONG,MM AN PHU,AN RICE CRACKER SEAWEED 111.3G,7.093226,0.6,2.0,6.255936,LT_AN RICE CRACKER SEAWEED 111.3G_T78_4,1.0
CG_LT,78,,MM BINH DUONG,MM DA NANG,AN RICE CRACKER SEAWEED 111.3G,9.535597,0.6,2.0,7.721358,LT_AN RICE CRACKER SEAWEED 111.3G_T78_4,1.0
CG_LT,78,,MM HIEP PHU,MM AN PHU,AN RICE CRACKER SEAWEED 111.3G,6.098652,0.6,2.0,5.659191,LT_AN RICE CRACKER SEAWEED 111.3G_T78_4,1.0
CG_LT,79,,MM BIEN HOA,MM DA NANG,AN RICE CRACKER SEAWEED 111.3G,5.6892,0.6,2.0,5.41352,LT_AN RICE CRACKER SEAWEED 111.3G_T79_1,1.0
CG_LT,79,,MM BINH DUONG,MM DA NANG,AN RICE CRACKER SEAWEED 111.3G,1.284693,0.6,2.0,2.770816,LT_AN RICE CRACKER SEAWEED 111.3G_T79_1,1.0
CG_LT,79,,MM HIEP PHU,MM AN PHU,AN RICE CRACKER SEAWEED 111.3G,5.453634,0.6,2.0,5.27218,LT_AN RICE CRACKER SEAWEED 111.3G_T79_1,1.0
CG_LT,79,,MM HIEP PHU,MM DA NANG,AN RICE CRACKER SEAWEED 111.3G,2.708661,0.6,2.0,3.625197,LT_AN RICE CRACKER SEAWEED 111.3G_T79_1,1.0
CG_LT,79,,MM BINH PHU,MM DA NANG,AN RICE CRACKER SEAWEED 111.3G,8.997548,0.6,2.0,7.398529,LT_AN RICE CRACKER SEAWEED 111.3G_T79_2,1.0
CG_LT,79,,MM BIEN HOA,MM AN PHU,AN RICE CRACKER SEAWEED 111.3G,0.297711,0.6,0.255302,0.433929,LT_AN RICE CRACKER SEAWEED 111.3G_T79_4,0.127651
CG_LT,79,,MM BIEN HOA,MM DA NANG,AN RICE CRACKER SEAWEED 111.3G,0.418894,0.6,0.255302,0.506639,LT_AN RICE CRACKER SEAWEED 111.3G_T79_4,0.127651
CG_LT,79,,MM BINH DUONG,MM DA NANG,AN RICE CRACKER SEAWEED 111.3G,0.567232,0.6,0.255302,0.595642,LT_AN RICE CRACKER SEAWEED 111.3G_T79_4,0.127651
CG_LT,79,,MM BIEN HOA,MM DA NANG,AN RICE CRACKER SEAWEED 111.3G,3.146195,0.6,2.0,3.887717,LT_AN RICE CRACKER SEAWEED 111.3G_T79_5,1.0
CG_LT,79,,MM BINH DUONG,MM AN PHU,AN RICE CRACKER SEAWEED 111.3G,3.723705,0.6,2.0,4.234223,LT_AN RICE CRACKER SEAWEED 111.3G_T79_5,1.0
CG_LT,79,,MM BINH PHU,MM DA NANG,AN RICE CRACKER SEAWEED 111.3G,7.08084,0.6,2.0,6.248504,LT_AN RICE CRACKER SEAWEED 111.3G_T79_5,1.0
CG_LT,79,,MM HIEP PHU,MM AN PHU,AN RICE CRACKER SEAWEED 111.3G,7.354233,0.6,2.0,6.41254,LT_AN RICE CRACKER SEAWEED 111.3G_T79_5,1.0
CG_LT,7,,MM BIEN HOA,MM AN PHU,AN RICE CRACKER SEAWEED 111.3G,3.311666,0.6,2.0,3.986999,LT_AN RICE CRACKER SEAWEED 111.3G_T7_1,1.0
CG_LT,7,,MM BINH DUONG,MM AN PHU,AN RICE CRACKER SEAWEED 111.3G,1.756868,0.6,0.48385,1.537971,LT_AN RICE CRACKER SEAWEED 111.3G_T7_2,0.241925
CG_LT,7,,MM DA NANG,MM AN PHU,AN RICE CRACKER SEAWEED 111.3G,0.508247,0.6,0.48385,0.788798,LT_AN RICE CRACKER SEAWEED 111.3G_T7_2,0.241925
CG_LT,7,,MM DA NANG,MM HIEP PHU,AN RICE CRACKER SEAWEED 111.3G,0.356094,0.6,0.48385,0.697506,LT_AN RICE CRACKER SEAWEED 111.3G_T7_2,0.241925
CG_LT,7,,MM BINH DUONG,MM AN PHU,AN RICE CRACKER SEAWEED 111.3G,4.732546,0.6,2.0,4.839528,LT_AN RICE CRACKER SEAWEED 111.3G_T7_3,1.0
CG_LT,7,,MM BINH DUONG,MM DA NANG,AN RICE CRACKER SEAWEED 111.3G,0.691708,0.6,2.0,2.415025,LT_AN RICE CRACKER SEAWEED 111.3G_T7_3,1.0
CG_LT,7,,MM BINH DUONG,MM HIEP PHU,AN RICE CRACKER SEAWEED 111.3G,1.56198,0.6,2.0,2.937188,LT_AN RICE CRACKER SEAWEED 111.3G_T7_3,1.0
CG_LT,7,,MM BINH PHU,MM HIEP PHU,AN RICE CRACKER SEAWEED 111.3G,9.795074,0.6,2.0,7.877044,LT_AN RICE CRACKER SEAWEED 111.3G_T7_3,1.0
CG_LT,7,,MM BIEN HOA,MM AN PHU,AN RICE CRACKER SEAWEED 111.3G,9.497989,0.6,2.0,7.698794,LT_AN RICE CRACKER SEAWEED 111.3G_T7_4,1.0
CG_LT,7,,MM BINH DUONG,MM HIEP PHU,AN RICE CRACKER SEAWEED 111.3G,6.064899,0.6,2.0,5.638939,LT_AN RICE CRACKER SEAWEED 111.3G_T7_5,1.0
CG_LT,7,,MM BINH PHU,MM AN PHU,AN RICE CRACKER SEAWEED 111.3G,8.567647,0.6,2.0,7.140588,LT_AN RICE CRACKER SEAWEED 111.3G_T7_5,1.0
CG_LT,7,,MM DA NANG,MM HIEP PHU,AN RICE CRACKER SEAWEED 111.3G,4.09648,0.6,2.0,4.457888,LT_AN RICE CRACKER SEAWEED 111.3G_T7_5,1.0
CG_LT,80,,MM BINH DUONG,MM AN PHU,AN RICE CRACKER SEAWEED 111.3G,7.193002,0.6,1.775579,6.091381,LT_AN RICE CRACKER SEAWEED 111.3G_T80_2,0.88779
CG_LT,80,,MM BINH DUONG,MM DA NANG,AN RICE CRACKER SEAWEED 111.3G,2.794993,0.6,1.775579,3.452575,LT_AN RICE CRACKER SEAWEED 111.3G_T80_2,0.88779
CG_LT,80,,MM BINH DUONG,MM DA NANG,AN RICE CRACKER SEAWEED 111.3G,9.165346,0.6,2.0,7.499208,LT_AN RICE CRACKER SEAWEED 111.3G_T80_4,1.0
CG_LT,80,,MM BINH DUONG,MM BIEN HOA,AN RICE CRACKER SEAWEED 111.3G,3.815444,0.6,2.0,4.289267,LT_AN RICE CRACKER SEAWEED 111.3G_T80_5,1.0
CG_LT,80,,MM BINH DUONG,MM DA NANG,AN RICE CRACKER SEAWEED 111.3G,4.336127,0.6,2.0,4.601676,LT_AN RICE CRACKER SEAWEED 111.3G_T80_5,1.0
CG_LT,80,,MM BINH PHU,MM DA NANG,AN RICE CRACKER SEAWEED 111.3G,6.701602,0.6,2.0,6.020961,LT_AN RICE CRACKER SEAWEED 111.3G_T80_5,1.0
CG_LT,80,,MM HIEP PHU,MM DA NANG,AN RICE CRACKER SEAWEED 111.3G,9.632964,0.6,2.0,7.779778,LT_AN RICE CRACKER SEAWEED 111.3G_T80_5,1.0
CG_LT,82,,MM BIEN HOA,MM DA NANG,AN RICE CRACKER SEAWEED 111.3G,7.72381,0.6,1.841038,6.475324,LT_AN RICE CRACKER SEAWEED 111.3G_T82_2,0.920519
CG_LT,82,,MM BINH DUONG,MM AN PHU,AN RICE CRACKER SEAWEED 111.3G,5.797771,0.6,1.841038,5.319701,LT_AN RICE CRACKER SEAWEED 111.3G_T82_2,0.920519
CG_LT,82,,MM BINH DUONG,MM DA NANG,AN RICE CRACKER SEAWEED 111.3G,3.260692,0.6,1.841038,3.797454,LT_AN RICE CRACKER SEAWEED 111.3G_T82_2,0.920519
CG_LT,82,,MM BINH PHU,MM AN PHU,AN RICE CRACKER SEAWEED 111.3G,7.760339,0.6,1.841038,6.497242,LT_AN RICE CRACKER SEAWEED 111.3G_T82_2,0.920519
CG_LT,82,,MM BIEN HOA,MM AN PHU,AN RICE CRACKER SEAWEED 111.3G,1.211868,0.6,2.0,2.727121,LT_AN RICE CRACKER SEAWEED 111.3G_T82_3,1.0
CG_LT,82,,MM BINH PHU,MM AN PHU,AN RICE CRACKER SEAWEED 111.3G,6.477157,0.6,2.0,5.886294,LT_AN RICE CRACKER SEAWEED 111.3G_T82_3,1.0
CG_LT,82,,MM BINH DUONG,MM AN PHU,AN RICE CRACKER SEAWEED 111.3G,4.350341,0.6,2.0,4.610205,LT_AN RICE CRACKER SEAWEED 111.3G_T82_4,1.0
CG_LT,82,,MM BINH DUONG,MM AN PHU,AN RICE CRACKER SEAWEED 111.3G,7.37442,0.6,2.0,6.424652,LT_AN RICE CRACKER SEAWEED 111.3G_T82_5,1.0
CG_LT,83,,MM BIEN HOA,MM AN PHU,AN RICE CRACKER SEAWEED 111.3G,1.160888,0.6,0.436162,1.132695,LT_AN RICE CRACKER SEAWEED 111.3G_T83_3,0.218081
CG_LT,83,,MM BINH DUONG,MM AN PHU,AN RICE CRACKER SEAWEED 111.3G,9.914648,0.6,2.0,7.948789,LT_AN RICE CRACKER SEAWEED 111.3G_T83_5,1.0
CG_LT,84,,MM BINH DUONG,MM AN PHU,AN RICE CRACKER SEAWEED 111.3G,3.196612,0.6,1.096375,3.014342,LT_AN RICE CRACKER SEAWEED 111.3G_T84_1,0.548187
CG_LT,84,,MM BINH DUONG,MM DA NANG,AN RICE CRACKER SEAWEED 111.3G,2.008696,0.6,1.096375,2.301592,LT_AN RICE CRACKER SEAWEED 111.3G_T84_1,0.548187
CG_LT,84,,MM BINH PHU,MM DA NANG,AN RICE CRACKER SEAWEED 111.3G,2.225027,0.6,1.096375,2.431391,LT_AN RICE CRACKER SEAWEED 111.3G_T84_1,0.548187
CG_LT,84,,MM HIEP PHU,MM AN PHU,AN RICE CRACKER SEAWEED 111.3G,0.557771,0.6,1.096375,1.431037,LT_AN RICE CRACKER SEAWEED 111.3G_T84_1,0.548187
CG_LT,84,,MM BINH PHU,MM DA NANG,AN RICE CRACKER SEAWEED 111.3G,6.560736,0.6,2.0,5.936441,LT_AN RICE CRACKER SEAWEED 111.3G_T84_3,1.0
CG_LT,84,,MM BINH DUONG,MM DA NANG,AN RICE CRACKER SEAWEED 111.3G,6.205542,0.6,2.0,5.723325,LT_AN RICE CRACKER SEAWEED 111.3G_T84_5,1.0
CG_LT,85,,MM BINH DUONG,MM BIEN HOA,AN RICE CRACKER SEAWEED 111.3G,1.39134,0.6,2.0,2.834804,LT_AN RICE CRACKER SEAWEED 111.3G_T85_2,1.0
CG_LT,85,,MM BINH PHU,MM DA NANG,AN RICE CRACKER SEAWEED 111.3G,4.49983,0.6,2.0,4.699898,LT_AN RICE CRACKER SEAWEED 111.3G_T85_2,1.0
CG_LT,85,,MM BIEN HOA,MM AN PHU,AN RICE CRACKER SEAWEED 111.3G,4.556792,0.6,1.32873,4.062805,LT_AN RICE CRACKER SEAWEED 111.3G_T85_3,0.664365
CG_LT,85,,MM BINH DUONG,MM AN PHU,AN RICE CRACKER SEAWEED 111.3G,0.92872,0.6,1.32873,1.885962,LT_AN RICE CRACKER SEAWEED 111.3G_T85_3,0.664365
CG_LT,85,,MM BINH PHU,MM DA NANG,AN RICE CRACKER SEAWEED 111.3G,4.25904,0.6,1.32873,3.884154,LT_AN RICE CRACKER SEAWEED 111.3G_T85_3,0.664365
CG_LT,85,,MM BIEN HOA,MM DA NANG,AN RICE CRACKER SEAWEED 111.3G,3.258095,0.6,2.0,3.954857,LT_AN RICE CRACKER SEAWEED 111.3G_T85_4,1.0
CG_LT,87,,MM BIEN HOA,MM DA NANG,AN RICE CRACKER SEAWEED 111.3G,6.473788,0.6,2.0,5.884273,LT_AN RICE CRACKER SEAWEED 111.3G_T87_1,1.0
CG_LT,87,,MM BINH DUONG,MM DA NANG,AN RICE CRACKER SEAWEED 111.3G,9.739965,0.6,2.0,7.843979,LT_AN RICE CRACKER SEAWEED 111.3G_T87_1,1.0
CG_LT,87,,MM BINH PHU,MM AN PHU,AN RICE CRACKER SEAWEED 111.3G,4.385676,0.6,2.0,4.631406,LT_AN RICE CRACKER SEAWEED 111.3G_T87_1,1.0
CG_LT,87,,MM BIEN HOA,MM DA NANG,AN RICE CRACKER SEAWEED 111.3G,2.10391,0.6,0.638972,1.901318,LT_AN RICE CRACKER SEAWEED 111.3G_T87_5,0.319486
CG_LT,87,,MM BINH DUONG,MM AN PHU,AN RICE CRACKER SEAWEED 111.3G,2.260503,0.6,0.638972,1.995274,LT_AN RICE CRACKER SEAWEED 111.3G_T87_5,0.319486
CG_LT,87,,MM BINH DUONG,MM DA NANG,AN RICE CRACKER SEAWEED 111.3G,2.327927,0.6,0.638972,2.035728,LT_AN RICE CRACKER SEAWEED 111.3G_T87_5,0.319486
CG_LT,87,,MM HIEP PHU,MM DA NANG,AN RICE CRACKER SEAWEED 111.3G,1.354411,0.6,0.638972,1.451618,LT_AN RICE CRACKER SEAWEED 111.3G_T87_5,0.319486
CG_LT,88,,MM HIEP PHU,MM DA NANG,AN RICE CRACKER SEAWEED 111.3G,3.466695,0.6,1.846685,3.926702,LT_AN RICE CRACKER SEAWEED 111.3G_T88_1,0.923343
CG_LT,88,,MM BIEN HOA,MM DA NANG,AN RICE CRACKER SEAWEED 111.3G,2.18753,0.6,2.0,3.312518,LT_AN RICE CRACKER SEAWEED 111.3G_T88_3,1.0
CG_LT,88,,MM BINH DUONG,MM AN PHU,AN RICE CRACKER SEAWEED 111.3G,1.630996,0.6,2.0,2.978597,LT_AN RICE CRACKER SEAWEED 111.3G_T88_3,1.0
CG_LT,88,,MM HIEP PHU,MM DA NANG,AN RICE CRACKER SEAWEED 111.3G,9.113515,0.6,2.0,7.468109,LT_AN RICE CRACKER SEAWEED 111.3G_T88_3,1.0
CG_LT,88,,MM BINH PHU,MM DA NANG,AN RICE CRACKER SEAWEED 111.3G,9.26913,0.6,2.0,7.561478,LT_AN RICE CRACKER SEAWEED 111.3G_T88_4,1.0
CG_LT,89,,MM HIEP PHU,MM AN PHU,AN RICE CRACKER SEAWEED 111.3G,3.054728,0.6,1.312442,3.145279,LT_AN RICE CRACKER SEAWEED 111.3G_T89_2,0.656221
CG_LT,8,,MM BIEN HOA,MM DA NANG,AN RICE CRACKER SEAWEED 111.3G,1.384841,0.6,2.0,2.830904,LT_AN RICE CRACKER SEAWEED 111.3G_T8_1,1.0
CG_LT,8,,MM BIEN HOA,MM HIEP PHU,AN RICE CRACKER SEAWEED 111.3G,5.295896,0.6,2.0,5.177537,LT_AN RICE CRACKER SEAWEED 111.3G_T8_1,1.0
CG_LT,8,,MM BIEN HOA,MM AN PHU,AN RICE CRACKER SEAWEED 111.3G,0.079772,0.6,0.017748,0.065611,LT_AN RICE CRACKER SEAWEED 111.3G_T8_2,0.008874
CG_LT,8,,MM BIEN HOA,MM DA NANG,AN RICE CRACKER SEAWEED 111.3G,0.067163,0.6,0.017748,0.058045,LT_AN RICE CRACKER SEAWEED 111.3G_T8_2,0.008874
CG_LT,8,,MM BINH DUONG,MM BIEN HOA,AN RICE CRACKER SEAWEED 111.3G,0.014545,0.6,0.017748,0.026475,LT_AN RICE CRACKER SEAWEED 111.3G_T8_2,0.008874
CG_LT,8,,MM BIEN HOA,MM AN PHU,AN RICE CRACKER SEAWEED 111.3G,4.984412,0.6,2.0,4.990647,LT_AN RICE CRACKER SEAWEED 111.3G_T8_4,1.0
CG_LT,8,,MM BIEN HOA,MM AN PHU,AN RICE CRACKER SEAWEED 111.3G,4.208196,0.6,2.0,4.524918,LT_AN RICE CRACKER SEAWEED 111.3G_T8_5,1.0
CG_LT,8,,MM BINH DUONG,MM DA NANG,AN RICE CRACKER SEAWEED 111.3G,2.384958,0.6,2.0,3.430975,LT_AN RICE CRACKER SEAWEED 111.3G_T8_5,1.0
CG_LT,8,,MM BINH PHU,MM AN PHU,AN RICE CRACKER SEAWEED 111.3G,7.855266,0.6,2.0,6.71316,LT_AN RICE CRACKER SEAWEED 111.3G_T8_5,1.0
CG_LT,8,,MM BINH PHU,MM HIEP PHU,AN RICE CRACKER SEAWEED 111.3G,4.924106,0.6,2.0,4.954463,LT_AN RICE CRACKER SEAWEED 111.3G_T8_5,1.0
CG_LT,90,,MM BINH PHU,MM AN PHU,AN RICE CRACKER SEAWEED 111.3G,3.421244,0.6,2.0,4.052747,LT_AN RICE CRACKER SEAWEED 111.3G_T90_1,1.0
CG_LT,90,,MM BINH DUONG,MM AN PHU,AN RICE CRACKER SEAWEED 111.3G,6.926026,0.6,2.0,6.155615,LT_AN RICE CRACKER SEAWEED 111.3G_T90_2,1.0
CG_LT,90,,MM BIEN HOA,MM DA NANG,AN RICE CRACKER SEAWEED 111.3G,2.554951,0.6,0.724665,2.257636,LT_AN RICE CRACKER SEAWEED 111.3G_T90_3,0.362332
CG_LT,90,,MM HIEP PHU,MM AN PHU,AN RICE CRACKER SEAWEED 111.3G,2.759619,0.6,0.724665,2.380437,LT_AN RICE CRACKER SEAWEED 111.3G_T90_3,0.362332
CG_LT,90,,MM BIEN HOA,MM AN PHU,AN RICE CRACKER SEAWEED 111.3G,6.997049,0.6,2.0,6.198229,LT_AN RICE CRACKER SEAWEED 111.3G_T90_4,1.0
CG_LT,90,,MM BINH DUONG,MM AN PHU,AN RICE CRACKER SEAWEED 111.3G,5.696446,0.6,2.0,5.417868,LT_AN RICE CRACKER SEAWEED 111.3G_T90_4,1.0
CG_LT,90,,MM BINH DUONG,MM DA NANG,AN RICE CRACKER SEAWEED 111.3G,9.681408,0.6,2.0,7.808845,LT_AN RICE CRACKER SEAWEED 111.3G_T90_4,1.0
CG_LT,90,,MM BINH DUONG,MM AN PHU,AN RICE CRACKER SEAWEED 111.3G,8.588906,0.6,2.0,7.153344,LT_AN RICE CRACKER SEAWEED 111.3G_T90_5,1.0
CG_LT,90,,MM HIEP PHU,MM DA NANG,AN RICE CRACKER SEAWEED 111.3G,3.448508,0.6,2.0,4.069105,LT_AN RICE CRACKER SEAWEED 111.3G_T90_5,1.0
CG_LT,91,,MM BINH DUONG,MM AN PHU,AN RICE CRACKER SEAWEED 111.3G,2.171326,0.6,1.908172,3.210968,LT_AN RICE CRACKER SEAWEED 111.3G_T91_2,0.954086
CG_LT,91,,MM BINH PHU,MM AN PHU,AN RICE CRACKER SEAWEED 111.3G,5.31178,0.6,1.908172,5.09524,LT_AN RICE CRACKER SEAWEED 111.3G_T91_2,0.954086
CG_LT,91,,MM HIEP PHU,MM AN PHU,AN RICE CRACKER SEAWEED 111.3G,8.696532,0.6,1.908172,7.126091,LT_AN RICE CRACKER SEAWEED 111.3G_T91_2,0.954086
CG_LT,92,,MM BINH PHU,MM AN PHU,AN RICE CRACKER SEAWEED 111.3G,1.860583,0.6,0.460962,1.577312,LT_AN RICE CRACKER SEAWEED 111.3G_T92_1,0.230481
CG_LT,92,,MM BINH PHU,MM BIEN HOA,AN RICE CRACKER SEAWEED 111.3G,1.358589,0.6,0.460962,1.276115,LT_AN RICE CRACKER SEAWEED 111.3G_T92_1,0.230481
CG_LT,92,,MM BINH PHU,MM DA NANG,AN RICE CRACKER SEAWEED 111.3G,1.87913,0.6,0.460962,1.58844,LT_AN RICE CRACKER SEAWEED 111.3G_T92_1,0.230481
CG_LT,92,,MM HIEP PHU,MM AN PHU,AN RICE CRACKER SEAWEED 111.3G,1.767797,0.6,0.460962,1.52164,LT_AN RICE CRACKER SEAWEED 111.3G_T92_1,0.230481
CG_LT,92,,MM HIEP PHU,MM DA NANG,AN RICE CRACKER SEAWEED 111.3G,4.943966,0.6,2.0,4.96638,LT_AN RICE CRACKER SEAWEED 111.3G_T92_3,1.0
CG_LT,92,,MM BINH DUONG,MM BIEN HOA,AN RICE CRACKER SEAWEED 111.3G,3.94053,0.6,2.0,4.364318,LT_AN RICE CRACKER SEAWEED 111.3G_T92_4,1.0
CG_LT,92,,MM BINH PHU,MM DA NANG,AN RICE CRACKER SEAWEED 111.3G,5.176903,0.6,2.0,5.106142,LT_AN RICE CRACKER SEAWEED 111.3G_T92_4,1.0
CG_LT,93,,MM BINH DUONG,MM BIEN HOA,AN RICE CRACKER SEAWEED 111.3G,3.344055,0.6,2.0,4.006433,LT_AN RICE CRACKER SEAWEED 111.3G_T93_1,1.0
CG_LT,93,,MM BINH DUONG,MM DA NANG,AN RICE CRACKER SEAWEED 111.3G,8.849335,0.6,2.0,7.309601,LT_AN RICE CRACKER SEAWEED 111.3G_T93_1,1.0
CG_LT,93,,MM BINH DUONG,MM AN PHU,AN RICE CRACKER SEAWEED 111.3G,2.440172,0.6,2.0,3.464103,LT_AN RICE CRACKER SEAWEED 111.3G_T93_2,1.0
CG_LT,93,,MM BINH DUONG,MM BIEN HOA,AN RICE CRACKER SEAWEED 111.3G,9.818905,0.6,2.0,7.891343,LT_AN RICE CRACKER SEAWEED 111.3G_T93_2,1.0
CG_LT,93,,MM BINH PHU,MM DA NANG,AN RICE CRACKER SEAWEED 111.3G,9.275144,0.6,2.0,7.565086,LT_AN RICE CRACKER SEAWEED 111.3G_T93_2,1.0
CG_LT,93,,MM HIEP PHU,MM BIEN HOA,AN RICE CRACKER SEAWEED 111.3G,6.058819,0.6,2.0,5.635291,LT_AN RICE CRACKER SEAWEED 111.3G_T93_2,1.0
CG_LT,93,,MM BINH DUONG,MM DA NANG,AN RICE CRACKER SEAWEED 111.3G,6.47827,0.6,2.0,5.886962,LT_AN RICE CRACKER SEAWEED 111.3G_T93_3,1.0
CG_LT,93,,MM BINH PHU,MM AN PHU,AN RICE CRACKER SEAWEED 111.3G,5.714355,0.6,2.0,5.428613,LT_AN RICE CRACKER SEAWEED 111.3G_T93_3,1.0
CG_LT,93,,MM HIEP PHU,MM DA NANG,AN RICE CRACKER SEAWEED 111.3G,4.881857,0.6,2.0,4.929114,LT_AN RICE CRACKER SEAWEED 111.3G_T93_3,1.0
CG_LT,93,,MM BINH DUONG,MM DA NANG,AN RICE CRACKER SEAWEED 111.3G,0.047749,0.6,0.083966,0.112616,LT_AN RICE CRACKER SEAWEED 111.3G_T93_4,0.041983
CG_LT,93,,MM BINH PHU,MM BIEN HOA,AN RICE CRACKER SEAWEED 111.3G,0.242496,0.6,0.083966,0.229464,LT_AN RICE CRACKER SEAWEED 111.3G_T93_4,0.041983
CG_LT,93,,MM BINH DUONG,MM AN PHU,AN RICE CRACKER SEAWEED 111.3G,7.846455,0.6,2.0,6.707873,LT_AN RICE CRACKER SEAWEED 111.3G_T93_5,1.0
CG_LT,93,,MM BINH PHU,MM AN PHU,AN RICE CRACKER SEAWEED 111.3G,2.664053,0.6,2.0,3.598432,LT_AN RICE CRACKER SEAWEED 111.3G_T93_5,1.0
CG_LT,93,,MM BINH PHU,MM BIEN HOA,AN RICE CRACKER SEAWEED 111.3G,3.535725,0.6,2.0,4.121435,LT_AN RICE CRACKER SEAWEED 111.3G_T93_5,1.0
CG_LT,93,,MM BINH PHU,MM DA NANG,AN RICE CRACKER SEAWEED 111.3G,4.116815,0.6,2.0,4.470089,LT_AN RICE CRACKER SEAWEED 111.3G_T93_5,1.0
CG_LT,94,,MM BINH DUONG,MM AN PHU,AN RICE CRACKER SEAWEED 111.3G,3.336265,0.6,2.0,4.001759,LT_AN RICE CRACKER SEAWEED 111.3G_T94_2,1.0
CG_LT,94,,MM BINH PHU,MM DA NANG,AN RICE CRACKER SEAWEED 111.3G,7.513741,0.6,2.0,6.508244,LT_AN RICE CRACKER SEAWEED 111.3G_T94_2,1.0
CG_LT,94,,MM BINH DUONG,MM BIEN HOA,AN RICE CRACKER SEAWEED 111.3G,8.861462,0.6,2.0,7.316877,LT_AN RICE CRACKER SEAWEED 111.3G_T94_3,1.0
CG_LT,94,,MM BINH DUONG,MM DA NANG,AN RICE CRACKER SEAWEED 111.3G,9.4395,0.6,2.0,7.6637,LT_AN RICE CRACKER SEAWEED 111.3G_T94_3,1.0
CG_LT,94,,MM BINH DUONG,MM DA NANG,AN RICE CRACKER SEAWEED 111.3G,9.248358,0.6,2.0,7.549015,LT_AN RICE CRACKER SEAWEED 111.3G_T94_4,1.0
CG_LT,94,,MM BINH PHU,MM BIEN HOA,AN RICE CRACKER SEAWEED 111.3G,8.709685,0.6,2.0,7.225811,LT_AN RICE CRACKER SEAWEED 111.3G_T94_4,1.0
CG_LT,94,,MM HIEP PHU,MM BIEN HOA,AN RICE CRACKER SEAWEED 111.3G,5.712791,0.6,2.0,5.427674,LT_AN RICE CRACKER SEAWEED 111.3G_T94_4,1.0
CG_LT,94,,MM HIEP PHU,MM DA NANG,AN RICE CRACKER SEAWEED 111.3G,6.364209,0.6,2.0,5.818525,LT_AN RICE CRACKER SEAWEED 111.3G_T94_4,1.0
CG_LT,96,,MM HIEP PHU,MM DA NANG,AN RICE CRACKER SEAWEED 111.3G,4.798544,0.6,2.0,4.879127,LT_AN RICE CRACKER SEAWEED 111.3G_T96_4,1.0
CG_LT,97,,MM BIEN HOA,MM DA NANG,AN RICE CRACKER SEAWEED 111.3G,0.423383,0.6,0.154921,0.408951,LT_AN RICE CRACKER SEAWEED 111.3G_T97_5,0.07746
CG_LT,98,,MM BINH DUONG,MM DA NANG,AN RICE CRACKER SEAWEED 111.3G,5.203161,0.6,2.0,5.121897,LT_AN RICE CRACKER SEAWEED 111.3G_T98_2,1.0
CG_LT,98,,MM BIEN HOA,MM BINH PHU,AN RICE CRACKER SEAWEED 111.3G,3.026973,0.6,1.124176,2.94036,LT_AN RICE CRACKER SEAWEED 111.3G_T98_4,0.562088
CG_LT,98,,MM BINH DUONG,MM DA NANG,AN RICE CRACKER SEAWEED 111.3G,4.758508,0.6,1.124176,3.979281,LT_AN RICE CRACKER SEAWEED 111.3G_T98_4,0.562088
CG_LT,99,,MM BIEN HOA,MM AN PHU,AN RICE CRACKER SEAWEED 111.3G,2.091206,0.6,2.0,3.254723,LT_AN RICE CRACKER SEAWEED 111.3G_T99_1,1.0
CG_LT,99,,MM BIEN HOA,MM DA NANG,AN RICE CRACKER SEAWEED 111.3G,7.625062,0.6,2.0,6.575037,LT_AN RICE CRACKER SEAWEED 111.3G_T99_1,1.0
CG_LT,99,,MM BINH DUONG,MM BINH PHU,AN RICE CRACKER SEAWEED 111.3G,4.833924,0.6,2.0,4.900354,LT_AN RICE CRACKER SEAWEED 111.3G_T99_1,1.0
CG_LT,99,,MM BINH DUONG,MM DA NANG,AN RICE CRACKER SEAWEED 111.3G,4.607901,0.6,2.0,4.76474,LT_AN RICE CRACKER SEAWEED 111.3G_T99_1,1.0
CG_LT,99,,MM BINH DUONG,MM BINH PHU,AN RICE CRACKER SEAWEED 111.3G,5.63668,0.6,2.0,5.382008,LT_AN RICE CRACKER SEAWEED 111.3G_T99_2,1.0
CG_LT,99,,MM HIEP PHU,MM DA NANG,AN RICE CRACKER SEAWEED 111.3G,7.139609,0.6,2.0,6.283766,LT_AN RICE CRACKER SEAWEED 111.3G_T99_2,1.0
CG_LT,100,,MM BIEN HOA,MM BINH PHU,BANH GAO AN TAO BIEN 174.9G,1.536224,0.6,0.340719,1.262453,LT_BANH GAO AN TAO BIEN 174.9G_T100_1,0.170359
CG_LT,100,,MM BINH DUONG,MM DA NANG,BANH GAO AN TAO BIEN 174.9G,0.10623,0.6,0.122931,0.186669,LT_BANH GAO AN TAO BIEN 174.9G_T100_4,0.061465
CG_LT,100,,MM HIEP PHU,MM BINH PHU,BANH GAO AN TAO BIEN 174.9G,0.509841,0.6,0.122931,0.428836,LT_BANH GAO AN TAO BIEN 174.9G_T100_4,0.061465
CG_LT,101,,MM BIEN HOA,MM AN PHU,BANH GAO AN TAO BIEN 174.9G,2.861656,0.6,0.669568,2.386561,LT_BANH GAO AN TAO BIEN 174.9G_T101_2,0.334784
CG_LT,101,,MM BINH PHU,MM DA NANG,BANH GAO AN TAO BIEN 174.9G,0.497262,0.6,0.669568,0.967925,LT_BANH GAO AN TAO BIEN 174.9G_T101_2,0.334784
CG_LT,101,,MM BINH PHU,MM AN PHU,BANH GAO AN TAO BIEN 174.9G,8.951898,0.6,2.0,7.371139,LT_BANH GAO AN TAO BIEN 174.9G_T101_3,1.0
CG_LT,101,,MM BINH PHU,MM DA NANG,BANH GAO AN TAO BIEN 174.9G,1.502738,0.6,2.0,2.901643,LT_BANH GAO AN TAO BIEN 174.9G_T101_3,1.0
CG_LT,101,,MM BINH DUONG,MM AN PHU,BANH GAO AN TAO BIEN 174.9G,0.030812,0.6,0.048996,0.067483,LT_BANH GAO AN TAO BIEN 174.9G_T101_5,0.024498
CG_LT,101,,MM BINH PHU,MM AN PHU,BANH GAO AN TAO BIEN 174.9G,0.114466,0.6,0.048996,0.117675,LT_BANH GAO AN TAO BIEN 174.9G_T101_5,0.024498
CG_LT,101,,MM HIEP PHU,MM AN PHU,BANH GAO AN TAO BIEN 174.9G,0.193914,0.6,0.048996,0.165344,LT_BANH GAO AN TAO BIEN 174.9G_T101_5,0.024498
CG_LT,103,,MM BIEN HOA,MM AN PHU,BANH GAO AN TAO BIEN 174.9G,6.973151,0.6,2.0,6.183891,LT_BANH GAO AN TAO BIEN 174.9G_T103_1,1.0
CG_LT,103,,MM BINH DUONG,MM AN PHU,BANH GAO AN TAO BIEN 174.9G,6.044117,0.6,2.0,5.62647,LT_BANH GAO AN TAO BIEN 174.9G_T103_1,1.0
CG_LT,103,,MM HIEP PHU,MM AN PHU,BANH GAO AN TAO BIEN 174.9G,8.270139,0.6,2.0,6.962084,LT_BANH GAO AN TAO BIEN 174.9G_T103_1,1.0
CG_LT,103,,MM HIEP PHU,MM AN PHU,BANH GAO AN TAO BIEN 174.9G,9.247281,0.6,2.0,7.548369,LT_BANH GAO AN TAO BIEN 174.9G_T103_2,1.0
CG_LT,103,,MM BIEN HOA,MM AN PHU,BANH GAO AN TAO BIEN 174.9G,8.159742,0.6,2.0,6.895845,LT_BANH GAO AN TAO BIEN 174.9G_T103_3,1.0
CG_LT,103,,MM BINH DUONG,MM AN PHU,BANH GAO AN TAO BIEN 174.9G,8.348156,0.6,2.0,7.008894,LT_BANH GAO AN TAO BIEN 174.9G_T103_3,1.0
CG_LT,103,,MM BINH PHU,MM AN PHU,BANH GAO AN TAO BIEN 174.9G,5.237549,0.6,2.0,5.142529,LT_BANH GAO AN TAO BIEN 174.9G_T103_3,1.0
CG_LT,103,,MM HIEP PHU,MM AN PHU,BANH GAO AN TAO BIEN 174.9G,4.44606,0.6,2.0,4.667636,LT_BANH GAO AN TAO BIEN 174.9G_T103_3,1.0
CG_LT,103,,MM BINH DUONG,MM AN PHU,BANH GAO AN TAO BIEN 174.9G,2.049874,0.6,0.764536,1.99446,LT_BANH GAO AN TAO BIEN 174.9G_T103_4,0.382268
CG_LT,103,,MM BINH PHU,MM AN PHU,BANH GAO AN TAO BIEN 174.9G,2.622936,0.6,0.764536,2.338298,LT_BANH GAO AN TAO BIEN 174.9G_T103_4,0.382268
CG_LT,103,,MM HIEP PHU,MM AN PHU,BANH GAO AN TAO BIEN 174.9G,1.550543,0.6,0.764536,1.694862,LT_BANH GAO AN TAO BIEN 174.9G_T103_4,0.382268
CG_LT,104,,MM BINH DUONG,MM AN PHU,BANH GAO AN TAO BIEN 174.9G,8.921211,0.6,2.0,7.352727,LT_BANH GAO AN TAO BIEN 174.9G_T104_1,1.0
CG_LT,104,,MM BINH DUONG,MM HIEP PHU,BANH GAO AN TAO BIEN 174.9G,7.920557,0.6,2.0,6.752334,LT_BANH GAO AN TAO BIEN 174.9G_T104_1,1.0
CG_LT,104,,MM BINH PHU,MM AN PHU,BANH GAO AN TAO BIEN 174.9G,7.549625,0.6,2.0,6.529775,LT_BANH GAO AN TAO BIEN 174.9G_T104_1,1.0
CG_LT,104,,MM BINH DUONG,MM AN PHU,BANH GAO AN TAO BIEN 174.9G,5.102243,0.6,1.458013,4.519359,LT_BANH GAO AN TAO BIEN 174.9G_T104_2,0.729007
CG_LT,104,,MM BINH PHU,MM AN PHU,BANH GAO AN TAO BIEN 174.9G,4.162994,0.6,1.458013,3.95581,LT_BANH GAO AN TAO BIEN 174.9G_T104_2,0.729007
CG_LT,104,,MM BINH PHU,MM HIEP PHU,BANH GAO AN TAO BIEN 174.9G,6.734544,0.6,1.458013,5.49874,LT_BANH GAO AN TAO BIEN 174.9G_T104_2,0.729007
CG_LT,104,,MM BIEN HOA,MM AN PHU,BANH GAO AN TAO BIEN 174.9G,8.585628,0.6,2.0,7.151377,LT_BANH GAO AN TAO BIEN 174.9G_T104_4,1.0
CG_LT,104,,MM BIEN HOA,MM HIEP PHU,BANH GAO AN TAO BIEN 174.9G,6.533699,0.6,2.0,5.92022,LT_BANH GAO AN TAO BIEN 174.9G_T104_4,1.0
CG_LT,104,,MM BINH PHU,MM AN PHU,BANH GAO AN TAO BIEN 174.9G,8.218564,0.6,2.0,6.931138,LT_BANH GAO AN TAO BIEN 174.9G_T104_4,1.0
CG_LT,104,,MM HIEP PHU,MM AN PHU,BANH GAO AN TAO BIEN 174.9G,1.331734,0.6,0.756095,1.555135,LT_BANH GAO AN TAO BIEN 174.9G_T104_5,0.378047
CG_LT,105,,MM BIEN HOA,MM AN PHU,BANH GAO AN TAO BIEN 174.9G,1.011163,0.6,1.366681,1.973379,LT_BANH GAO AN TAO BIEN 174.9G_T105_2,0.68334
CG_LT,105,,MM BIEN HOA,MM HIEP PHU,BANH GAO AN TAO BIEN 174.9G,4.031593,0.6,1.366681,3.785636,LT_BANH GAO AN TAO BIEN 174.9G_T105_2,0.68334
CG_LT,105,,MM BINH DUONG,MM AN PHU,BANH GAO AN TAO BIEN 174.9G,0.940841,0.6,1.366681,1.931185,LT_BANH GAO AN TAO BIEN 174.9G_T105_2,0.68334
CG_LT,105,,MM BINH PHU,MM AN PHU,BANH GAO AN TAO BIEN 174.9G,0.87925,0.6,1.366681,1.894231,LT_BANH GAO AN TAO BIEN 174.9G_T105_2,0.68334
CG_LT,105,,MM BINH DUONG,MM AN PHU,BANH GAO AN TAO BIEN 174.9G,2.416455,0.6,2.0,3.449873,LT_BANH GAO AN TAO BIEN 174.9G_T105_3,1.0
CG_LT,105,,MM BINH DUONG,MM AN PHU,BANH GAO AN TAO BIEN 174.9G,9.227741,0.6,2.0,7.536645,LT_BANH GAO AN TAO BIEN 174.9G_T105_4,1.0
CG_LT,105,,MM BINH PHU,MM AN PHU,BANH GAO AN TAO BIEN 174.9G,7.740067,0.6,2.0,6.64404,LT_BANH GAO AN TAO BIEN 174.9G_T105_4,1.0
CG_LT,105,,MM BIEN HOA,MM HIEP PHU,BANH GAO AN TAO BIEN 174.9G,5.358828,0.6,2.0,5.215297,LT_BANH GAO AN TAO BIEN 174.9G_T105_5,1.0
CG_LT,105,,MM BINH DUONG,MM AN PHU,BANH GAO AN TAO BIEN 174.9G,5.598685,0.6,2.0,5.359211,LT_BANH GAO AN TAO BIEN 174.9G_T105_5,1.0
CG_LT,106,,MM BINH DUONG,MM BINH PHU,BANH GAO AN TAO BIEN 174.9G,6.27663,0.6,1.336508,5.102486,LT_BANH GAO AN TAO BIEN 174.9G_T106_4,0.668254
CG_LT,106,,MM DA NANG,MM AN PHU,BANH GAO AN TAO BIEN 174.9G,5.326959,0.6,1.336508,4.532684,LT_BANH GAO AN TAO BIEN 174.9G_T106_4,0.668254
CG_LT,106,,MM DA NANG,MM BINH PHU,BANH GAO AN TAO BIEN 174.9G,4.366457,0.6,1.336508,3.956383,LT_BANH GAO AN TAO BIEN 174.9G_T106_4,0.668254
CG_LT,107,,MM BIEN HOA,MM HIEP PHU,BANH GAO AN TAO BIEN 174.9G,7.074995,0.6,2.0,6.244997,LT_BANH GAO AN TAO BIEN 174.9G_T107_1,1.0
CG_LT,107,,MM BINH DUONG,MM HIEP PHU,BANH GAO AN TAO BIEN 174.9G,5.449312,0.6,2.0,5.269587,LT_BANH GAO AN TAO BIEN 174.9G_T107_1,1.0
CG_LT,107,,MM DA NANG,MM HIEP PHU,BANH GAO AN TAO BIEN 174.9G,4.828397,0.6,2.0,4.897038,LT_BANH GAO AN TAO BIEN 174.9G_T107_1,1.0
CG_LT,107,,MM BIEN HOA,MM BINH PHU,BANH GAO AN TAO BIEN 174.9G,5.555129,0.6,1.813892,5.146969,LT_BANH GAO AN TAO BIEN 174.9G_T107_2,0.906946
CG_LT,107,,MM BIEN HOA,MM HIEP PHU,BANH GAO AN TAO BIEN 174.9G,5.490957,0.6,1.813892,5.108466,LT_BANH GAO AN TAO BIEN 174.9G_T107_2,0.906946
CG_LT,107,,MM BINH DUONG,MM HIEP PHU,BANH GAO AN TAO BIEN 174.9G,7.025531,0.6,1.813892,6.029211,LT_BANH GAO AN TAO BIEN 174.9G_T107_2,0.906946
CG_LT,107,,MM DA NANG,MM AN PHU,BANH GAO AN TAO BIEN 174.9G,1.906831,0.6,1.813892,2.957991,LT_BANH GAO AN TAO BIEN 174.9G_T107_2,0.906946
CG_LT,107,,MM BIEN HOA,MM HIEP PHU,BANH GAO AN TAO BIEN 174.9G,8.851459,0.6,2.0,7.310876,LT_BANH GAO AN TAO BIEN 174.9G_T107_3,1.0
CG_LT,107,,MM BINH DUONG,MM AN PHU,BANH GAO AN TAO BIEN 174.9G,7.390793,0.6,2.0,6.434476,LT_BANH GAO AN TAO BIEN 174.9G_T107_3,1.0
CG_LT,107,,MM BINH DUONG,MM BINH PHU,BANH GAO AN TAO BIEN 174.9G,3.905633,0.6,2.0,4.34338,LT_BANH GAO AN TAO BIEN 174.9G_T107_3,1.0
CG_LT,107,,MM BIEN HOA,MM AN PHU,BANH GAO AN TAO BIEN 174.9G,0.784567,0.6,0.433846,0.904586,LT_BANH GAO AN TAO BIEN 174.9G_T107_5,0.216923
CG_LT,107,,MM BIEN HOA,MM BINH PHU,BANH GAO AN TAO BIEN 174.9G,1.034156,0.6,0.433846,1.054339,LT_BANH GAO AN TAO BIEN 174.9G_T107_5,0.216923
CG_LT,107,,MM BINH DUONG,MM AN PHU,BANH GAO AN TAO BIEN 174.9G,1.427867,0.6,0.433846,1.290566,LT_BANH GAO AN TAO BIEN 174.9G_T107_5,0.216923
CG_LT,107,,MM BINH DUONG,MM HIEP PHU,BANH GAO AN TAO BIEN 174.9G,2.017225,0.6,0.433846,1.644181,LT_BANH GAO AN TAO BIEN 174.9G_T107_5,0.216923
CG_LT,108,,MM BIEN HOA,MM AN PHU,BANH GAO AN TAO BIEN 174.9G,8.467466,0.6,2.0,7.08048,LT_BANH GAO AN TAO BIEN 174.9G_T108_1,1.0
CG_LT,108,,MM BINH DUONG,MM BINH PHU,BANH GAO AN TAO BIEN 174.9G,7.90884,0.6,2.0,6.745304,LT_BANH GAO AN TAO BIEN 174.9G_T108_1,1.0
CG_LT,108,,MM DA NANG,MM AN PHU,BANH GAO AN TAO BIEN 174.9G,5.572413,0.6,2.0,5.343448,LT_BANH GAO AN TAO BIEN 174.9G_T108_1,1.0
CG_LT,108,,MM DA NANG,MM BINH PHU,BANH GAO AN TAO BIEN 174.9G,1.090857,0.6,0.357105,1.011619,LT_BANH GAO AN TAO BIEN 174.9G_T108_2,0.178552
CG_LT,108,,MM DA NANG,MM HIEP PHU,BANH GAO AN TAO BIEN 174.9G,1.460141,0.6,0.357105,1.233189,LT_BANH GAO AN TAO BIEN 174.9G_T108_2,0.178552
CG_LT,108,,MM BIEN HOA,MM BINH PHU,BANH GAO AN TAO BIEN 174.9G,2.928707,0.6,1.155599,2.912823,LT_BANH GAO AN TAO BIEN 174.9G_T108_3,0.577799
CG_LT,108,,MM BIEN HOA,MM HIEP PHU,BANH GAO AN TAO BIEN 174.9G,1.386185,0.6,1.155599,1.98731,LT_BANH GAO AN TAO BIEN 174.9G_T108_3,0.577799
CG_LT,108,,MM DA NANG,MM AN PHU,BANH GAO AN TAO BIEN 174.9G,1.222921,0.6,1.155599,1.889351,LT_BANH GAO AN TAO BIEN 174.9G_T108_3,0.577799
CG_LT,108,,MM BINH DUONG,MM BINH PHU,BANH GAO AN TAO BIEN 174.9G,9.071596,0.6,2.0,7.442958,LT_BANH GAO AN TAO BIEN 174.9G_T108_4,1.0
CG_LT,109,,MM BINH DUONG,MM AN PHU,BANH GAO AN TAO BIEN 174.9G,2.654509,0.6,0.909175,2.501881,LT_BANH GAO AN TAO BIEN 174.9G_T109_1,0.454588
CG_LT,109,,MM BINH DUONG,MM HIEP PHU,BANH GAO AN TAO BIEN 174.9G,0.644777,0.6,0.909175,1.296042,LT_BANH GAO AN TAO BIEN 174.9G_T109_1,0.454588
CG_LT,109,,MM DA NANG,MM BINH PHU,BANH GAO AN TAO BIEN 174.9G,4.425089,0.6,0.909175,3.564229,LT_BANH GAO AN TAO BIEN 174.9G_T109_1,0.454588
CG_LT,109,,MM BIEN HOA,MM BINH PHU,BANH GAO AN TAO BIEN 174.9G,0.697958,0.6,0.157525,0.5763,LT_BANH GAO AN TAO BIEN 174.9G_T109_2,0.078763
CG_LT,109,,MM BINH DUONG,MM HIEP PHU,BANH GAO AN TAO BIEN 174.9G,0.453431,0.6,0.157525,0.429584,LT_BANH GAO AN TAO BIEN 174.9G_T109_2,0.078763
CG_LT,109,,MM DA NANG,MM BINH PHU,BANH GAO AN TAO BIEN 174.9G,0.202098,0.6,0.157525,0.278784,LT_BANH GAO AN TAO BIEN 174.9G_T109_2,0.078763
CG_LT,109,,MM BIEN HOA,MM HIEP PHU,BANH GAO AN TAO BIEN 174.9G,6.11336,0.6,2.0,5.668016,LT_BANH GAO AN TAO BIEN 174.9G_T109_3,1.0
CG_LT,109,,MM BINH DUONG,MM AN PHU,BANH GAO AN TAO BIEN 174.9G,8.74322,0.6,2.0,7.245932,LT_BANH GAO AN TAO BIEN 174.9G_T109_3,1.0
CG_LT,109,,MM BINH DUONG,MM BINH PHU,BANH GAO AN TAO BIEN 174.9G,6.8278,0.6,2.0,6.09668,LT_BANH GAO AN TAO BIEN 174.9G_T109_3,1.0
CG_LT,109,,MM BINH DUONG,MM HIEP PHU,BANH GAO AN TAO BIEN 174.9G,3.788432,0.6,2.0,4.273059,LT_BANH GAO AN TAO BIEN 174.9G_T109_3,1.0
CG_LT,109,,MM BIEN HOA,MM BINH PHU,BANH GAO AN TAO BIEN 174.9G,2.707211,0.6,0.581809,2.206136,LT_BANH GAO AN TAO BIEN 174.9G_T109_5,0.290904
CG_LT,109,,MM DA NANG,MM AN PHU,BANH GAO AN TAO BIEN 174.9G,1.290295,0.6,0.581809,1.355986,LT_BANH GAO AN TAO BIEN 174.9G_T109_5,0.290904
CG_LT,109,,MM DA NANG,MM BINH PHU,BANH GAO AN TAO BIEN 174.9G,1.139843,0.6,0.581809,1.265715,LT_BANH GAO AN TAO BIEN 174.9G_T109_5,0.290904
CG_LT,10,,MM BINH PHU,MM AN PHU,BANH GAO AN TAO BIEN 174.9G,7.566119,0.6,2.0,6.539671,LT_BANH GAO AN TAO BIEN 174.9G_T10_1,1.0
CG_LT,10,,MM BINH PHU,MM BINH DUONG,BANH GAO AN TAO BIEN 174.9G,1.362058,0.6,2.0,2.817235,LT_BANH GAO AN TAO BIEN 174.9G_T10_1,1.0
CG_LT,10,,MM BINH PHU,MM HIEP PHU,BANH GAO AN TAO BIEN 174.9G,7.238538,0.6,2.0,6.343123,LT_BANH GAO AN TAO BIEN 174.9G_T10_1,1.0
CG_LT,10,,MM BINH PHU,MM AN PHU,BANH GAO AN TAO BIEN 174.9G,1.336932,0.6,0.82524,1.627399,LT_BANH GAO AN TAO BIEN 174.9G_T10_3,0.41262
CG_LT,10,,MM BINH PHU,MM BIEN HOA,BANH GAO AN TAO BIEN 174.9G,0.646137,0.6,0.82524,1.212922,LT_BANH GAO AN TAO BIEN 174.9G_T10_3,0.41262
CG_LT,10,,MM BINH PHU,MM BINH DUONG,BANH GAO AN TAO BIEN 174.9G,0.546538,0.6,0.82524,1.153163,LT_BANH GAO AN TAO BIEN 174.9G_T10_3,0.41262
CG_LT,10,,MM BINH PHU,MM DA NANG,BANH GAO AN TAO BIEN 174.9G,3.639197,0.6,0.82524,3.008758,LT_BANH GAO AN TAO BIEN 174.9G_T10_3,0.41262
CG_LT,10,,MM BINH PHU,MM DA NANG,BANH GAO AN TAO BIEN 174.9G,5.360803,0.6,1.30939,4.525871,LT_BANH GAO AN TAO BIEN 174.9G_T10_4,0.654695
CG_LT,110,,MM BIEN HOA,MM AN PHU,BANH GAO AN TAO BIEN 174.9G,2.706977,0.6,0.610866,2.235052,LT_BANH GAO AN TAO BIEN 174.9G_T110_1,0.305433
CG_LT,110,,MM BIEN HOA,MM HIEP PHU,BANH GAO AN TAO BIEN 174.9G,1.705847,0.6,0.610866,1.634374,LT_BANH GAO AN TAO BIEN 174.9G_T110_1,0.305433
CG_LT,110,,MM BINH DUONG,MM AN PHU,BANH GAO AN TAO BIEN 174.9G,0.673074,0.6,0.610866,1.01471,LT_BANH GAO AN TAO BIEN 174.9G_T110_1,0.305433
CG_LT,110,,MM DA NANG,MM BINH PHU,BANH GAO AN TAO BIEN 174.9G,0.352087,0.6,0.610866,0.822118,LT_BANH GAO AN TAO BIEN 174.9G_T110_1,0.305433
CG_LT,110,,MM DA NANG,MM BINH PHU,BANH GAO AN TAO BIEN 174.9G,9.768807,0.6,2.0,7.861284,LT_BANH GAO AN TAO BIEN 174.9G_T110_2,1.0
CG_LT,110,,MM BINH DUONG,MM AN PHU,BANH GAO AN TAO BIEN 174.9G,5.230297,0.6,2.0,5.138178,LT_BANH GAO AN TAO BIEN 174.9G_T110_3,1.0
CG_LT,110,,MM BINH DUONG,MM BINH PHU,BANH GAO AN TAO BIEN 174.9G,3.784453,0.6,2.0,4.270672,LT_BANH GAO AN TAO BIEN 174.9G_T110_3,1.0
CG_LT,110,,MM BINH DUONG,MM HIEP PHU,BANH GAO AN TAO BIEN 174.9G,5.820937,0.6,2.0,5.492562,LT_BANH GAO AN TAO BIEN 174.9G_T110_3,1.0
CG_LT,110,,MM DA NANG,MM AN PHU,BANH GAO AN TAO BIEN 174.9G,1.387795,0.6,2.0,2.832677,LT_BANH GAO AN TAO BIEN 174.9G_T110_3,1.0
CG_LT,110,,MM BINH DUONG,MM AN PHU,BANH GAO AN TAO BIEN 174.9G,4.430957,0.6,2.0,4.658574,LT_BANH GAO AN TAO BIEN 174.9G_T110_4,1.0
CG_LT,110,,MM DA NANG,MM HIEP PHU,BANH GAO AN TAO BIEN 174.9G,4.436632,0.6,2.0,4.661979,LT_BANH GAO AN TAO BIEN 174.9G_T110_4,1.0
CG_LT,110,,MM BIEN HOA,MM AN PHU,BANH GAO AN TAO BIEN 174.9G,0.072918,0.6,0.020442,0.064192,LT_BANH GAO AN TAO BIEN 174.9G_T110_5,0.010221
CG_LT,110,,MM BIEN HOA,MM HIEP PHU,BANH GAO AN TAO BIEN 174.9G,0.024654,0.6,0.020442,0.035234,LT_BANH GAO AN TAO BIEN 174.9G_T110_5,0.010221
CG_LT,110,,MM BINH DUONG,MM HIEP PHU,BANH GAO AN TAO BIEN 174.9G,0.01193,0.6,0.020442,0.0276,LT_BANH GAO AN TAO BIEN 174.9G_T110_5,0.010221
CG_LT,110,,MM DA NANG,MM BINH PHU,BANH GAO AN TAO BIEN 174.9G,0.094653,0.6,0.020442,0.077234,LT_BANH GAO AN TAO BIEN 174.9G_T110_5,0.010221
CG_LT,111,,MM BINH DUONG,MM BINH PHU,BANH GAO AN TAO BIEN 174.9G,2.277382,0.6,2.0,3.366429,LT_BANH GAO AN TAO BIEN 174.9G_T111_1,1.0
CG_LT,111,,MM DA NANG,MM AN PHU,BANH GAO AN TAO BIEN 174.9G,8.216348,0.6,2.0,6.929809,LT_BANH GAO AN TAO BIEN 174.9G_T111_1,1.0
CG_LT,111,,MM BIEN HOA,MM AN PHU,BANH GAO AN TAO BIEN 174.9G,6.321394,0.6,2.0,5.792836,LT_BANH GAO AN TAO BIEN 174.9G_T111_4,1.0
CG_LT,111,,MM BINH PHU,MM AN PHU,BANH GAO AN TAO BIEN 174.9G,1.005811,0.6,2.0,2.603486,LT_BANH GAO AN TAO BIEN 174.9G_T111_4,1.0
CG_LT,111,,MM DA NANG,MM AN PHU,BANH GAO AN TAO BIEN 174.9G,1.343015,0.6,2.0,2.805809,LT_BANH GAO AN TAO BIEN 174.9G_T111_4,1.0
CG_LT,111,,MM HIEP PHU,MM BINH PHU,BANH GAO AN TAO BIEN 174.9G,1.42201,0.6,2.0,2.853206,LT_BANH GAO AN TAO BIEN 174.9G_T111_4,1.0
CG_LT,111,,MM BIEN HOA,MM AN PHU,BANH GAO AN TAO BIEN 174.9G,8.40716,0.6,2.0,7.044296,LT_BANH GAO AN TAO BIEN 174.9G_T111_5,1.0
CG_LT,111,,MM BINH DUONG,MM AN PHU,BANH GAO AN TAO BIEN 174.9G,8.660746,0.6,2.0,7.196448,LT_BANH GAO AN TAO BIEN 174.9G_T111_5,1.0
CG_LT,112,,MM BINH DUONG,MM BINH PHU,BANH GAO AN TAO BIEN 174.9G,1.20633,0.6,1.839676,2.563474,LT_BANH GAO AN TAO BIEN 174.9G_T112_1,0.919838
CG_LT,112,,MM DA NANG,MM HIEP PHU,BANH GAO AN TAO BIEN 174.9G,8.954196,0.6,1.839676,7.212193,LT_BANH GAO AN TAO BIEN 174.9G_T112_1,0.919838
CG_LT,112,,MM DA NANG,MM BINH PHU,BANH GAO AN TAO BIEN 174.9G,3.285804,0.6,0.727376,2.698858,LT_BANH GAO AN TAO BIEN 174.9G_T112_3,0.363688
CG_LT,114,,MM BIEN HOA,MM HIEP PHU,BANH GAO AN TAO BIEN 174.9G,5.111438,0.6,2.0,5.066863,LT_BANH GAO AN TAO BIEN 174.9G_T114_1,1.0
CG_LT,114,,MM BIEN HOA,MM BINH PHU,BANH GAO AN TAO BIEN 174.9G,1.353838,0.6,0.879677,1.691981,LT_BANH GAO AN TAO BIEN 174.9G_T114_3,0.439839
CG_LT,114,,MM BIEN HOA,MM DA NANG,BANH GAO AN TAO BIEN 174.9G,1.318723,0.6,0.879677,1.670911,LT_BANH GAO AN TAO BIEN 174.9G_T114_3,0.439839
CG_LT,115,,MM BINH DUONG,MM BIEN HOA,BANH GAO AN TAO BIEN 174.9G,9.529395,0.6,2.0,7.717637,LT_BANH GAO AN TAO BIEN 174.9G_T115_2,1.0
CG_LT,115,,MM BINH DUONG,MM HIEP PHU,BANH GAO AN TAO BIEN 174.9G,9.293162,0.6,2.0,7.575897,LT_BANH GAO AN TAO BIEN 174.9G_T115_2,1.0
CG_LT,115,,MM BINH DUONG,MM BINH PHU,BANH GAO AN TAO BIEN 174.9G,1.234353,0.6,0.631663,1.372275,LT_BANH GAO AN TAO BIEN 174.9G_T115_3,0.315831
CG_LT,115,,MM BINH DUONG,MM DA NANG,BANH GAO AN TAO BIEN 174.9G,1.325261,0.6,0.631663,1.426819,LT_BANH GAO AN TAO BIEN 174.9G_T115_3,0.315831
CG_LT,115,,MM BINH DUONG,MM HIEP PHU,BANH GAO AN TAO BIEN 174.9G,2.410935,0.6,0.631663,2.078223,LT_BANH GAO AN TAO BIEN 174.9G_T115_3,0.315831
CG_LT,115,,MM BINH DUONG,MM BIEN HOA,BANH GAO AN TAO BIEN 174.9G,5.394013,0.6,2.0,5.236408,LT_BANH GAO AN TAO BIEN 174.9G_T115_4,1.0
CG_LT,115,,MM BINH DUONG,MM BINH PHU,BANH GAO AN TAO BIEN 174.9G,6.263679,0.6,2.0,5.758208,LT_BANH GAO AN TAO BIEN 174.9G_T115_4,1.0
CG_LT,115,,MM BINH DUONG,MM DA NANG,BANH GAO AN TAO BIEN 174.9G,1.331594,0.6,2.0,2.798956,LT_BANH GAO AN TAO BIEN 174.9G_T115_4,1.0
CG_LT,115,,MM BINH DUONG,MM HIEP PHU,BANH GAO AN TAO BIEN 174.9G,9.113609,0.6,2.0,7.468165,LT_BANH GAO AN TAO BIEN 174.9G_T115_4,1.0
CG_LT,117,,MM BIEN HOA,MM AN PHU,BANH GAO AN TAO BIEN 174.9G,0.972758,0.6,0.480874,1.064528,LT_BANH GAO AN TAO BIEN 174.9G_T117_3,0.240437
CG_LT,117,,MM HIEP PHU,MM BINH PHU,BANH GAO AN TAO BIEN 174.9G,0.283001,0.6,0.480874,0.650674,LT_BANH GAO AN TAO BIEN 174.9G_T117_3,0.240437
CG_LT,117,,MM HIEP PHU,MM DA NANG,BANH GAO AN TAO BIEN 174.9G,0.371975,0.6,0.480874,0.704058,LT_BANH GAO AN TAO BIEN 174.9G_T117_3,0.240437
CG_LT,117,,MM BIEN HOA,MM AN PHU,BANH GAO AN TAO BIEN 174.9G,7.617725,0.6,1.989038,6.559673,LT_BANH GAO AN TAO BIEN 174.9G_T117_5,0.994519
CG_LT,117,,MM BINH DUONG,MM AN PHU,BANH GAO AN TAO BIEN 174.9G,0.896,0.6,1.989038,2.526638,LT_BANH GAO AN TAO BIEN 174.9G_T117_5,0.994519
CG_LT,117,,MM HIEP PHU,MM BINH PHU,BANH GAO AN TAO BIEN 174.9G,6.375849,0.6,1.989038,5.814547,LT_BANH GAO AN TAO BIEN 174.9G_T117_5,0.994519
CG_LT,117,,MM HIEP PHU,MM DA NANG,BANH GAO AN TAO BIEN 174.9G,5.348481,0.6,1.989038,5.198127,LT_BANH GAO AN TAO BIEN 174.9G_T117_5,0.994519
CG_LT,118,,MM BIEN HOA,MM AN PHU,BANH GAO AN TAO BIEN 174.9G,1.701468,0.6,0.814143,1.835024,LT_BANH GAO AN TAO BIEN 174.9G_T118_1,0.407071
CG_LT,118,,MM BIEN HOA,MM DA NANG,BANH GAO AN TAO BIEN 174.9G,1.745719,0.6,0.814143,1.861574,LT_BANH GAO AN TAO BIEN 174.9G_T118_1,0.407071
CG_LT,118,,MM BIEN HOA,MM AN PHU,BANH GAO AN TAO BIEN 174.9G,1.442239,0.6,2.0,2.865343,LT_BANH GAO AN TAO BIEN 174.9G_T118_3,1.0
CG_LT,118,,MM BIEN HOA,MM BINH DUONG,BANH GAO AN TAO BIEN 174.9G,7.71256,0.6,2.0,6.627536,LT_BANH GAO AN TAO BIEN 174.9G_T118_3,1.0
CG_LT,118,,MM BIEN HOA,MM DA NANG,BANH GAO AN TAO BIEN 174.9G,7.572733,0.6,2.0,6.54364,LT_BANH GAO AN TAO BIEN 174.9G_T118_3,1.0
CG_LT,118,,MM HIEP PHU,MM AN PHU,BANH GAO AN TAO BIEN 174.9G,6.283491,0.6,2.0,5.770094,LT_BANH GAO AN TAO BIEN 174.9G_T118_3,1.0
CG_LT,118,,MM BIEN HOA,MM DA NANG,BANH GAO AN TAO BIEN 174.9G,9.825281,0.6,2.0,7.895169,LT_BANH GAO AN TAO BIEN 174.9G_T118_4,1.0
CG_LT,119,,MM BIEN HOA,MM AN PHU,BANH GAO AN TAO BIEN 174.9G,6.903533,0.6,2.0,6.14212,LT_BANH GAO AN TAO BIEN 174.9G_T119_2,1.0
CG_LT,119,,MM BIEN HOA,MM BINH PHU,BANH GAO AN TAO BIEN 174.9G,9.81979,0.6,2.0,7.891874,LT_BANH GAO AN TAO BIEN 174.9G_T119_2,1.0
CG_LT,119,,MM BIEN HOA,MM DA NANG,BANH GAO AN TAO BIEN 174.9G,8.337927,0.6,2.0,7.002756,LT_BANH GAO AN TAO BIEN 174.9G_T119_2,1.0
CG_LT,119,,MM HIEP PHU,MM BINH PHU,BANH GAO AN TAO BIEN 174.9G,2.231125,0.6,2.0,3.338675,LT_BANH GAO AN TAO BIEN 174.9G_T119_2,1.0
CG_LT,119,,MM BIEN HOA,MM DA NANG,BANH GAO AN TAO BIEN 174.9G,2.93875,0.6,0.654711,2.41796,LT_BANH GAO AN TAO BIEN 174.9G_T119_4,0.327355
CG_LT,119,,MM HIEP PHU,MM BINH PHU,BANH GAO AN TAO BIEN 174.9G,2.416529,0.6,0.654711,2.104628,LT_BANH GAO AN TAO BIEN 174.9G_T119_4,0.327355
CG_LT,11,,MM BIEN HOA,MM DA NANG,BANH GAO AN TAO BIEN 174.9G,4.942832,0.6,1.263452,4.229151,LT_BANH GAO AN TAO BIEN 174.9G_T11_5,0.631726
CG_LT,11,,MM HIEP PHU,MM BINH DUONG,BANH GAO AN TAO BIEN 174.9G,2.578973,0.6,1.263452,2.810836,LT_BANH GAO AN TAO BIEN 174.9G_T11_5,0.631726
CG_LT,120,,MM BIEN HOA,MM AN PHU,BANH GAO AN TAO BIEN 174.9G,0.140463,0.6,0.238166,0.322443,LT_BANH GAO AN TAO BIEN 174.9G_T120_4,0.119083
CG_LT,120,,MM BIEN HOA,MM DA NANG,BANH GAO AN TAO BIEN 174.9G,0.207946,0.6,0.238166,0.362934,LT_BANH GAO AN TAO BIEN 174.9G_T120_4,0.119083
CG_LT,120,,MM HIEP PHU,MM BINH PHU,BANH GAO AN TAO BIEN 174.9G,0.669013,0.6,0.238166,0.639573,LT_BANH GAO AN TAO BIEN 174.9G_T120_4,0.119083
CG_LT,120,,MM BIEN HOA,MM DA NANG,BANH GAO AN TAO BIEN 174.9G,2.651591,0.6,2.0,3.590954,LT_BANH GAO AN TAO BIEN 174.9G_T120_5,1.0
CG_LT,121,,MM BIEN HOA,MM AN PHU,BANH GAO AN TAO BIEN 174.9G,0.735877,0.6,1.374268,1.815794,LT_BANH GAO AN TAO BIEN 174.9G_T121_1,0.687134
CG_LT,121,,MM BINH DUONG,MM AN PHU,BANH GAO AN TAO BIEN 174.9G,1.39282,0.6,1.374268,2.20996,LT_BANH GAO AN TAO BIEN 174.9G_T121_1,0.687134
CG_LT,121,,MM BINH DUONG,MM BINH PHU,BANH GAO AN TAO BIEN 174.9G,5.143047,0.6,1.374268,4.460096,LT_BANH GAO AN TAO BIEN 174.9G_T121_1,0.687134
CG_LT,121,,MM HIEP PHU,MM DA NANG,BANH GAO AN TAO BIEN 174.9G,2.438607,0.6,1.374268,2.837432,LT_BANH GAO AN TAO BIEN 174.9G_T121_1,0.687134
CG_LT,121,,MM BIEN HOA,MM AN PHU,BANH GAO AN TAO BIEN 174.9G,1.798136,0.6,2.0,3.078881,LT_BANH GAO AN TAO BIEN 174.9G_T121_2,1.0
CG_LT,121,,MM BINH DUONG,MM BINH PHU,BANH GAO AN TAO BIEN 174.9G,4.913038,0.6,2.0,4.947823,LT_BANH GAO AN TAO BIEN 174.9G_T121_2,1.0
CG_LT,121,,MM BIEN HOA,MM BINH PHU,BANH GAO AN TAO BIEN 174.9G,9.286502,0.6,2.0,7.571901,LT_BANH GAO AN TAO BIEN 174.9G_T121_4,1.0
CG_LT,121,,MM BIEN HOA,MM DA NANG,BANH GAO AN TAO BIEN 174.9G,5.116104,0.6,2.0,5.069662,LT_BANH GAO AN TAO BIEN 174.9G_T121_4,1.0
CG_LT,121,,MM BINH DUONG,MM AN PHU,BANH GAO AN TAO BIEN 174.9G,6.638523,0.6,2.0,5.983114,LT_BANH GAO AN TAO BIEN 174.9G_T121_4,1.0
CG_LT,121,,MM BINH DUONG,MM BINH PHU,BANH GAO AN TAO BIEN 174.9G,6.09336,0.6,2.0,5.656016,LT_BANH GAO AN TAO BIEN 174.9G_T121_4,1.0
CG_LT,121,,MM BINH DUONG,MM DA NANG,BANH GAO AN TAO BIEN 174.9G,1.491727,0.6,0.37977,1.274806,LT_BANH GAO AN TAO BIEN 174.9G_T121_5,0.189885
CG_LT,122,,MM BIEN HOA,MM AN PHU,BANH GAO AN TAO BIEN 174.9G,0.922293,0.6,0.949279,1.502655,LT_BANH GAO AN TAO BIEN 174.9G_T122_1,0.47464
CG_LT,122,,MM BINH DUONG,MM BINH PHU,BANH GAO AN TAO BIEN 174.9G,0.706205,0.6,0.949279,1.373003,LT_BANH GAO AN TAO BIEN 174.9G_T122_1,0.47464
CG_LT,122,,MM BINH DUONG,MM DA NANG,BANH GAO AN TAO BIEN 174.9G,0.66095,0.6,0.949279,1.345849,LT_BANH GAO AN TAO BIEN 174.9G_T122_1,0.47464
CG_LT,122,,MM HIEP PHU,MM BINH PHU,BANH GAO AN TAO BIEN 174.9G,3.073319,0.6,0.949279,2.79327,LT_BANH GAO AN TAO BIEN 174.9G_T122_1,0.47464
CG_LT,122,,MM BIEN HOA,MM AN PHU,BANH GAO AN TAO BIEN 174.9G,4.497384,0.6,1.026915,3.725345,LT_BANH GAO AN TAO BIEN 174.9G_T122_2,0.513457
CG_LT,122,,MM BIEN HOA,MM BINH PHU,BANH GAO AN TAO BIEN 174.9G,1.312605,0.6,1.026915,1.814478,LT_BANH GAO AN TAO BIEN 174.9G_T122_2,0.513457
CG_LT,122,,MM BINH DUONG,MM DA NANG,BANH GAO AN TAO BIEN 174.9G,4.596859,0.6,1.026915,3.78503,LT_BANH GAO AN TAO BIEN 174.9G_T122_2,0.513457
CG_LT,122,,MM HIEP PHU,MM AN PHU,BANH GAO AN TAO BIEN 174.9G,3.098953,0.6,1.026915,2.886286,LT_BANH GAO AN TAO BIEN 174.9G_T122_2,0.513457
CG_LT,122,,MM BIEN HOA,MM AN PHU,BANH GAO AN TAO BIEN 174.9G,3.255055,0.6,2.0,3.953033,LT_BANH GAO AN TAO BIEN 174.9G_T122_3,1.0
CG_LT,122,,MM BINH DUONG,MM DA NANG,BANH GAO AN TAO BIEN 174.9G,2.952862,0.6,2.0,3.771717,LT_BANH GAO AN TAO BIEN 174.9G_T122_3,1.0
CG_LT,122,,MM HIEP PHU,MM DA NANG,BANH GAO AN TAO BIEN 174.9G,9.78933,0.6,2.0,7.873598,LT_BANH GAO AN TAO BIEN 174.9G_T122_3,1.0
CG_LT,123,,MM BINH DUONG,MM BINH PHU,BANH GAO AN TAO BIEN 174.9G,7.743239,0.6,2.0,6.645943,LT_BANH GAO AN TAO BIEN 174.9G_T123_1,1.0
CG_LT,123,,MM HIEP PHU,MM BINH PHU,BANH GAO AN TAO BIEN 174.9G,7.718573,0.6,2.0,6.631144,LT_BANH GAO AN TAO BIEN 174.9G_T123_1,1.0
CG_LT,123,,MM BIEN HOA,MM AN PHU,BANH GAO AN TAO BIEN 174.9G,8.292055,0.6,2.0,6.975233,LT_BANH GAO AN TAO BIEN 174.9G_T123_2,1.0
CG_LT,123,,MM BINH DUONG,MM AN PHU,BANH GAO AN TAO BIEN 174.9G,9.284704,0.6,2.0,7.570822,LT_BANH GAO AN TAO BIEN 174.9G_T123_2,1.0
CG_LT,123,,MM HIEP PHU,MM BINH PHU,BANH GAO AN TAO BIEN 174.9G,7.589745,0.6,2.0,6.553847,LT_BANH GAO AN TAO BIEN 174.9G_T123_2,1.0
CG_LT,123,,MM HIEP PHU,MM DA NANG,BANH GAO AN TAO BIEN 174.9G,1.531653,0.6,2.0,2.918992,LT_BANH GAO AN TAO BIEN 174.9G_T123_2,1.0
CG_LT,123,,MM BIEN HOA,MM BINH PHU,BANH GAO AN TAO BIEN 174.9G,6.093102,0.6,1.731898,5.387759,LT_BANH GAO AN TAO BIEN 174.9G_T123_4,0.865949
CG_LT,123,,MM BIEN HOA,MM DA NANG,BANH GAO AN TAO BIEN 174.9G,0.901407,0.6,1.731898,2.272742,LT_BANH GAO AN TAO BIEN 174.9G_T123_4,0.865949
CG_LT,123,,MM BINH DUONG,MM AN PHU,BANH GAO AN TAO BIEN 174.9G,2.16357,0.6,1.731898,3.03004,LT_BANH GAO AN TAO BIEN 174.9G_T123_4,0.865949
CG_LT,123,,MM BINH DUONG,MM DA NANG,BANH GAO AN TAO BIEN 174.9G,1.629129,0.6,1.731898,2.709375,LT_BANH GAO AN TAO BIEN 174.9G_T123_4,0.865949
CG_LT,123,,MM BIEN HOA,MM BINH PHU,BANH GAO AN TAO BIEN 174.9G,4.464685,0.6,2.0,4.678811,LT_BANH GAO AN TAO BIEN 174.9G_T123_5,1.0
CG_LT,123,,MM BINH DUONG,MM AN PHU,BANH GAO AN TAO BIEN 174.9G,6.719902,0.6,2.0,6.031941,LT_BANH GAO AN TAO BIEN 174.9G_T123_5,1.0
CG_LT,124,,MM HIEP PHU,MM AN PHU,BANH GAO AN TAO BIEN 174.9G,7.714393,0.6,2.0,6.628636,LT_BANH GAO AN TAO BIEN 174.9G_T124_1,1.0
CG_LT,124,,MM HIEP PHU,MM DA NANG,BANH GAO AN TAO BIEN 174.9G,1.108949,0.6,2.0,2.665369,LT_BANH GAO AN TAO BIEN 174.9G_T124_1,1.0
CG_LT,124,,MM BIEN HOA,MM AN PHU,BANH GAO AN TAO BIEN 174.9G,1.354105,0.6,2.0,2.812463,LT_BANH GAO AN TAO BIEN 174.9G_T124_2,1.0
CG_LT,124,,MM BINH DUONG,MM DA NANG,BANH GAO AN TAO BIEN 174.9G,0.437005,0.6,1.72009,1.982292,LT_BANH GAO AN TAO BIEN 174.9G_T124_4,0.860045
CG_LT,124,,MM HIEP PHU,MM AN PHU,BANH GAO AN TAO BIEN 174.9G,0.915686,0.6,1.72009,2.269501,LT_BANH GAO AN TAO BIEN 174.9G_T124_4,0.860045
CG_LT,124,,MM HIEP PHU,MM BINH PHU,BANH GAO AN TAO BIEN 174.9G,1.585688,0.6,1.72009,2.671502,LT_BANH GAO AN TAO BIEN 174.9G_T124_4,0.860045
CG_LT,124,,MM HIEP PHU,MM DA NANG,BANH GAO AN TAO BIEN 174.9G,2.324696,0.6,1.72009,3.114907,LT_BANH GAO AN TAO BIEN 174.9G_T124_4,0.860045
CG_LT,124,,MM BIEN HOA,MM BINH PHU,BANH GAO AN TAO BIEN 174.9G,7.96536,0.6,2.0,6.779216,LT_BANH GAO AN TAO BIEN 174.9G_T124_5,1.0
CG_LT,124,,MM HIEP PHU,MM AN PHU,BANH GAO AN TAO BIEN 174.9G,2.988464,0.6,2.0,3.793079,LT_BANH GAO AN TAO BIEN 174.9G_T124_5,1.0
CG_LT,124,,MM HIEP PHU,MM BINH PHU,BANH GAO AN TAO BIEN 174.9G,1.931271,0.6,2.0,3.158763,LT_BANH GAO AN TAO BIEN 174.9G_T124_5,1.0
CG_LT,125,,MM BIEN HOA,MM BINH PHU,BANH GAO AN TAO BIEN 174.9G,3.700944,0.6,2.0,4.220566,LT_BANH GAO AN TAO BIEN 174.9G_T125_2,1.0
CG_LT,125,,MM HIEP PHU,MM AN PHU,BANH GAO AN TAO BIEN 174.9G,6.379,0.6,2.0,5.8274,LT_BANH GAO AN TAO BIEN 174.9G_T125_2,1.0
CG_LT,125,,MM HIEP PHU,MM BINH PHU,BANH GAO AN TAO BIEN 174.9G,2.764598,0.6,2.0,3.658759,LT_BANH GAO AN TAO BIEN 174.9G_T125_2,1.0
CG_LT,125,,MM BIEN HOA,MM BINH PHU,BANH GAO AN TAO BIEN 174.9G,5.680818,0.6,1.574705,4.983196,LT_BANH GAO AN TAO BIEN 174.9G_T125_4,0.787353
CG_LT,125,,MM BIEN HOA,MM DA NANG,BANH GAO AN TAO BIEN 174.9G,6.200468,0.6,1.574705,5.294986,LT_BANH GAO AN TAO BIEN 174.9G_T125_4,0.787353
CG_LT,125,,MM BINH DUONG,MM BINH PHU,BANH GAO AN TAO BIEN 174.9G,2.951079,0.6,1.574705,3.345353,LT_BANH GAO AN TAO BIEN 174.9G_T125_4,0.787353
CG_LT,125,,MM HIEP PHU,MM BINH PHU,BANH GAO AN TAO BIEN 174.9G,7.056885,0.6,1.83489,6.069021,LT_BANH GAO AN TAO BIEN 174.9G_T125_5,0.917445
CG_LT,125,,MM HIEP PHU,MM DA NANG,BANH GAO AN TAO BIEN 174.9G,7.749136,0.6,1.83489,6.484372,LT_BANH GAO AN TAO BIEN 174.9G_T125_5,0.917445
CG_LT,126,,MM BIEN HOA,MM AN PHU,BANH GAO AN TAO BIEN 174.9G,0.544888,0.6,0.416232,0.743164,LT_BANH GAO AN TAO BIEN 174.9G_T126_1,0.208116
CG_LT,126,,MM BINH DUONG,MM AN PHU,BANH GAO AN TAO BIEN 174.9G,0.797855,0.6,0.416232,0.894944,LT_BANH GAO AN TAO BIEN 174.9G_T126_1,0.208116
CG_LT,126,,MM BIEN HOA,MM AN PHU,BANH GAO AN TAO BIEN 174.9G,7.001728,0.6,2.0,6.201037,LT_BANH GAO AN TAO BIEN 174.9G_T126_3,1.0
CG_LT,126,,MM BIEN HOA,MM BINH PHU,BANH GAO AN TAO BIEN 174.9G,1.982577,0.6,2.0,3.189546,LT_BANH GAO AN TAO BIEN 174.9G_T126_3,1.0
CG_LT,126,,MM BINH DUONG,MM BINH PHU,BANH GAO AN TAO BIEN 174.9G,6.651736,0.6,2.0,5.991042,LT_BANH GAO AN TAO BIEN 174.9G_T126_3,1.0
CG_LT,126,,MM BIEN HOA,MM AN PHU,BANH GAO AN TAO BIEN 174.9G,4.6615,0.6,1.783826,4.580726,LT_BANH GAO AN TAO BIEN 174.9G_T126_4,0.891913
CG_LT,126,,MM BIEN HOA,MM HIEP PHU,BANH GAO AN TAO BIEN 174.9G,7.13553,0.6,1.783826,6.065144,LT_BANH GAO AN TAO BIEN 174.9G_T126_4,0.891913
CG_LT,127,,MM BIEN HOA,MM AN PHU,BANH GAO AN TAO BIEN 174.9G,5.386313,0.6,1.908293,5.140081,LT_BANH GAO AN TAO BIEN 174.9G_T127_4,0.954147
CG_LT,128,,MM BIEN HOA,MM AN PHU,BANH GAO AN TAO BIEN 174.9G,1.962127,0.6,1.104476,2.281752,LT_BANH GAO AN TAO BIEN 174.9G_T128_2,0.552238
CG_LT,128,,MM BIEN HOA,MM BINH PHU,BANH GAO AN TAO BIEN 174.9G,3.420681,0.6,1.104476,3.156885,LT_BANH GAO AN TAO BIEN 174.9G_T128_2,0.552238
CG_LT,128,,MM BINH DUONG,MM BINH PHU,BANH GAO AN TAO BIEN 174.9G,1.302277,0.6,1.104476,1.885842,LT_BANH GAO AN TAO BIEN 174.9G_T128_2,0.552238
CG_LT,128,,MM BINH DUONG,MM HIEP PHU,BANH GAO AN TAO BIEN 174.9G,3.83728,0.6,1.104476,3.406844,LT_BANH GAO AN TAO BIEN 174.9G_T128_2,0.552238
CG_LT,128,,MM BIEN HOA,MM HIEP PHU,BANH GAO AN TAO BIEN 174.9G,5.838809,0.6,2.0,5.503286,LT_BANH GAO AN TAO BIEN 174.9G_T128_3,1.0
CG_LT,128,,MM BINH DUONG,MM BINH PHU,BANH GAO AN TAO BIEN 174.9G,9.200429,0.6,2.0,7.520257,LT_BANH GAO AN TAO BIEN 174.9G_T128_3,1.0
CG_LT,128,,MM BIEN HOA,MM AN PHU,BANH GAO AN TAO BIEN 174.9G,2.887795,0.6,2.0,3.732677,LT_BANH GAO AN TAO BIEN 174.9G_T128_4,1.0
CG_LT,128,,MM BINH DUONG,MM BINH PHU,BANH GAO AN TAO BIEN 174.9G,7.85616,0.6,2.0,6.713696,LT_BANH GAO AN TAO BIEN 174.9G_T128_4,1.0
CG_LT,128,,MM BINH DUONG,MM DA NANG,BANH GAO AN TAO BIEN 174.9G,2.752001,0.6,2.0,3.6512,LT_BANH GAO AN TAO BIEN 174.9G_T128_4,1.0
CG_LT,128,,MM BINH DUONG,MM HIEP PHU,BANH GAO AN TAO BIEN 174.9G,3.214943,0.6,2.0,3.928966,LT_BANH GAO AN TAO BIEN 174.9G_T128_4,1.0
CG_LT,128,,MM BIEN HOA,MM HIEP PHU,BANH GAO AN TAO BIEN 174.9G,6.050637,0.6,2.0,5.630382,LT_BANH GAO AN TAO BIEN 174.9G_T128_5,1.0
CG_LT,128,,MM BINH DUONG,MM BINH PHU,BANH GAO AN TAO BIEN 174.9G,9.717003,0.6,2.0,7.830202,LT_BANH GAO AN TAO BIEN 174.9G_T128_5,1.0
CG_LT,128,,MM BINH DUONG,MM HIEP PHU,BANH GAO AN TAO BIEN 174.9G,7.512241,0.6,2.0,6.507344,LT_BANH GAO AN TAO BIEN 174.9G_T128_5,1.0
CG_LT,129,,MM BINH DUONG,MM BINH PHU,BANH GAO AN TAO BIEN 174.9G,0.241315,0.6,0.111881,0.25667,LT_BANH GAO AN TAO BIEN 174.9G_T129_2,0.05594
CG_LT,129,,MM BINH DUONG,MM AN PHU,BANH GAO AN TAO BIEN 174.9G,7.24829,0.6,2.0,6.348974,LT_BANH GAO AN TAO BIEN 174.9G_T129_4,1.0
CG_LT,12,,MM BIEN HOA,MM BINH DUONG,BANH GAO AN TAO BIEN 174.9G,0.856913,0.6,0.231474,0.745622,LT_BANH GAO AN TAO BIEN 174.9G_T12_1,0.115737
CG_LT,12,,MM BINH PHU,MM AN PHU,BANH GAO AN TAO BIEN 174.9G,0.364462,0.6,0.231474,0.450151,LT_BANH GAO AN TAO BIEN 174.9G_T12_1,0.115737
CG_LT,12,,MM BINH PHU,MM BINH DUONG,BANH GAO AN TAO BIEN 174.9G,0.123658,0.6,0.231474,0.305668,LT_BANH GAO AN TAO BIEN 174.9G_T12_1,0.115737
CG_LT,12,,MM BINH PHU,MM DA NANG,BANH GAO AN TAO BIEN 174.9G,1.113873,0.6,0.231474,0.899797,LT_BANH GAO AN TAO BIEN 174.9G_T12_1,0.115737
CG_LT,12,,MM BIEN HOA,MM DA NANG,BANH GAO AN TAO BIEN 174.9G,2.965565,0.6,0.798597,2.577937,LT_BANH GAO AN TAO BIEN 174.9G_T12_2,0.399299
CG_LT,12,,MM BIEN HOA,MM DA NANG,BANH GAO AN TAO BIEN 174.9G,6.77851,0.6,2.0,6.067106,LT_BANH GAO AN TAO BIEN 174.9G_T12_5,1.0
CG_LT,12,,MM BINH PHU,MM AN PHU,BANH GAO AN TAO BIEN 174.9G,7.763963,0.6,2.0,6.658378,LT_BANH GAO AN TAO BIEN 174.9G_T12_5,1.0
CG_LT,12,,MM BINH PHU,MM BINH DUONG,BANH GAO AN TAO BIEN 174.9G,9.019429,0.6,2.0,7.411657,LT_BANH GAO AN TAO BIEN 174.9G_T12_5,1.0
CG_LT,12,,MM BINH PHU,MM DA NANG,BANH GAO AN TAO BIEN 174.9G,4.142051,0.6,2.0,4.485231,LT_BANH GAO AN TAO BIEN 174.9G_T12_5,1.0
CG_LT,130,,MM BIEN HOA,MM AN PHU,BANH GAO AN TAO BIEN 174.9G,8.243407,0.6,2.0,6.946044,LT_BANH GAO AN TAO BIEN 174.9G_T130_1,1.0
CG_LT,130,,MM BINH DUONG,MM BINH PHU,BANH GAO AN TAO BIEN 174.9G,5.223439,0.6,2.0,5.134063,LT_BANH GAO AN TAO BIEN 174.9G_T130_1,1.0
CG_LT,130,,MM BINH DUONG,MM DA NANG,BANH GAO AN TAO BIEN 174.9G,4.731911,0.6,2.0,4.839146,LT_BANH GAO AN TAO BIEN 174.9G_T130_1,1.0
CG_LT,130,,MM BIEN HOA,MM AN PHU,BANH GAO AN TAO BIEN 174.9G,4.409472,0.6,2.0,4.645683,LT_BANH GAO AN TAO BIEN 174.9G_T130_2,1.0
CG_LT,130,,MM BINH DUONG,MM AN PHU,BANH GAO AN TAO BIEN 174.9G,8.435327,0.6,2.0,7.061196,LT_BANH GAO AN TAO BIEN 174.9G_T130_2,1.0
CG_LT,130,,MM BINH DUONG,MM HIEP PHU,BANH GAO AN TAO BIEN 174.9G,3.33508,0.6,2.0,4.001048,LT_BANH GAO AN TAO BIEN 174.9G_T130_2,1.0
CG_LT,130,,MM BIEN HOA,MM HIEP PHU,BANH GAO AN TAO BIEN 174.9G,3.683091,0.6,2.0,4.209855,LT_BANH GAO AN TAO BIEN 174.9G_T130_3,1.0
CG_LT,130,,MM BINH DUONG,MM BINH PHU,BANH GAO AN TAO BIEN 174.9G,8.525032,0.6,2.0,7.115019,LT_BANH GAO AN TAO BIEN 174.9G_T130_3,1.0
CG_LT,130,,MM BINH DUONG,MM HIEP PHU,BANH GAO AN TAO BIEN 174.9G,1.318843,0.6,2.0,2.791306,LT_BANH GAO AN TAO BIEN 174.9G_T130_3,1.0
CG_LT,130,,MM BIEN HOA,MM HIEP PHU,BANH GAO AN TAO BIEN 174.9G,8.868362,0.6,2.0,7.321017,LT_BANH GAO AN TAO BIEN 174.9G_T130_4,1.0
CG_LT,130,,MM BINH DUONG,MM BINH PHU,BANH GAO AN TAO BIEN 174.9G,5.984759,0.6,2.0,5.590856,LT_BANH GAO AN TAO BIEN 174.9G_T130_4,1.0
CG_LT,130,,MM BINH DUONG,MM HIEP PHU,BANH GAO AN TAO BIEN 174.9G,6.942409,0.6,2.0,6.165445,LT_BANH GAO AN TAO BIEN 174.9G_T130_4,1.0
CG_LT,130,,MM BINH DUONG,MM AN PHU,BANH GAO AN TAO BIEN 174.9G,9.127061,0.6,2.0,7.476236,LT_BANH GAO AN TAO BIEN 174.9G_T130_5,1.0
CG_LT,131,,MM BINH DUONG,MM AN PHU,BANH GAO AN TAO BIEN 174.9G,2.474347,0.6,0.566861,2.051469,LT_BANH GAO AN TAO BIEN 174.9G_T131_2,0.28343
CG_LT,131,,MM BINH DUONG,MM DA NANG,BANH GAO AN TAO BIEN 174.9G,1.831453,0.6,0.566861,1.665733,LT_BANH GAO AN TAO BIEN 174.9G_T131_2,0.28343
CG_LT,131,,MM HIEP PHU,MM AN PHU,BANH GAO AN TAO BIEN 174.9G,8.906598,0.6,2.0,7.343959,LT_BANH GAO AN TAO BIEN 174.9G_T131_3,1.0
CG_LT,131,,MM HIEP PHU,MM DA NANG,BANH GAO AN TAO BIEN 174.9G,9.071656,0.6,2.0,7.442993,LT_BANH GAO AN TAO BIEN 174.9G_T131_3,1.0
CG_LT,131,,MM BIEN HOA,MM DA NANG,BANH GAO AN TAO BIEN 174.9G,5.207683,0.6,2.0,5.12461,LT_BANH GAO AN TAO BIEN 174.9G_T131_4,1.0
CG_LT,131,,MM BINH DUONG,MM DA NANG,BANH GAO AN TAO BIEN 174.9G,2.686966,0.6,2.0,3.61218,LT_BANH GAO AN TAO BIEN 174.9G_T131_4,1.0
CG_LT,131,,MM HIEP PHU,MM AN PHU,BANH GAO AN TAO BIEN 174.9G,4.397754,0.6,2.0,4.638652,LT_BANH GAO AN TAO BIEN 174.9G_T131_4,1.0
CG_LT,131,,MM BIEN HOA,MM BINH PHU,BANH GAO AN TAO BIEN 174.9G,2.400352,0.6,2.0,3.440211,LT_BANH GAO AN TAO BIEN 174.9G_T131_5,1.0
CG_LT,131,,MM BIEN HOA,MM DA NANG,BANH GAO AN TAO BIEN 174.9G,5.49682,0.6,2.0,5.298092,LT_BANH GAO AN TAO BIEN 174.9G_T131_5,1.0
CG_LT,131,,MM BINH DUONG,MM AN PHU,BANH GAO AN TAO BIEN 174.9G,1.156828,0.6,2.0,2.694097,LT_BANH GAO AN TAO BIEN 174.9G_T131_5,1.0
CG_LT,131,,MM BINH DUONG,MM DA NANG,BANH GAO AN TAO BIEN 174.9G,4.931712,0.6,2.0,4.959027,LT_BANH GAO AN TAO BIEN 174.9G_T131_5,1.0
CG_LT,132,,MM BIEN HOA,MM BINH PHU,BANH GAO AN TAO BIEN 174.9G,3.144541,0.6,2.0,3.886724,LT_BANH GAO AN TAO BIEN 174.9G_T132_2,1.0
CG_LT,132,,MM BINH DUONG,MM BINH PHU,BANH GAO AN TAO BIEN 174.9G,3.156653,0.6,2.0,3.893992,LT_BANH GAO AN TAO BIEN 174.9G_T132_2,1.0
CG_LT,132,,MM HIEP PHU,MM DA NANG,BANH GAO AN TAO BIEN 174.9G,5.451933,0.6,2.0,5.27116,LT_BANH GAO AN TAO BIEN 174.9G_T132_2,1.0
CG_LT,132,,MM BINH DUONG,MM DA NANG,BANH GAO AN TAO BIEN 174.9G,8.731521,0.6,2.0,7.238912,LT_BANH GAO AN TAO BIEN 174.9G_T132_3,1.0
CG_LT,133,,MM BINH DUONG,MM BINH PHU,BANH GAO AN TAO BIEN 174.9G,5.205041,0.6,1.412831,4.535855,LT_BANH GAO AN TAO BIEN 174.9G_T133_2,0.706416
CG_LT,133,,MM HIEP PHU,MM BINH PHU,BANH GAO AN TAO BIEN 174.9G,6.109309,0.6,1.412831,5.078417,LT_BANH GAO AN TAO BIEN 174.9G_T133_2,0.706416
CG_LT,133,,MM BINH DUONG,MM DA NANG,BANH GAO AN TAO BIEN 174.9G,3.279494,0.6,2.0,3.967696,LT_BANH GAO AN TAO BIEN 174.9G_T133_3,1.0
CG_LT,133,,MM HIEP PHU,MM AN PHU,BANH GAO AN TAO BIEN 174.9G,7.555753,0.6,2.0,6.533452,LT_BANH GAO AN TAO BIEN 174.9G_T133_3,1.0
CG_LT,133,,MM BIEN HOA,MM BINH PHU,BANH GAO AN TAO BIEN 174.9G,9.131713,0.6,2.0,7.479028,LT_BANH GAO AN TAO BIEN 174.9G_T133_4,1.0
CG_LT,133,,MM BIEN HOA,MM DA NANG,BANH GAO AN TAO BIEN 174.9G,7.99752,0.6,2.0,6.798512,LT_BANH GAO AN TAO BIEN 174.9G_T133_4,1.0
CG_LT,133,,MM HIEP PHU,MM AN PHU,BANH GAO AN TAO BIEN 174.9G,4.194477,0.6,2.0,4.516686,LT_BANH GAO AN TAO BIEN 174.9G_T133_4,1.0
CG_LT,133,,MM HIEP PHU,MM BINH PHU,BANH GAO AN TAO BIEN 174.9G,7.233937,0.6,2.0,6.340362,LT_BANH GAO AN TAO BIEN 174.9G_T133_4,1.0
CG_LT,134,,MM BIEN HOA,MM DA NANG,BANH GAO AN TAO BIEN 174.9G,3.897478,0.6,2.0,4.338487,LT_BANH GAO AN TAO BIEN 174.9G_T134_2,1.0
CG_LT,134,,MM HIEP PHU,MM BINH PHU,BANH GAO AN TAO BIEN 174.9G,6.097298,0.6,2.0,5.658379,LT_BANH GAO AN TAO BIEN 174.9G_T134_2,1.0
CG_LT,134,,MM BIEN HOA,MM DA NANG,BANH GAO AN TAO BIEN 174.9G,7.168339,0.6,2.0,6.301003,LT_BANH GAO AN TAO BIEN 174.9G_T134_3,1.0
CG_LT,134,,MM BINH DUONG,MM BINH PHU,BANH GAO AN TAO BIEN 174.9G,9.014955,0.6,2.0,7.408973,LT_BANH GAO AN TAO BIEN 174.9G_T134_3,1.0
CG_LT,134,,MM BIEN HOA,MM AN PHU,BANH GAO AN TAO BIEN 174.9G,3.560651,0.6,0.857915,2.994306,LT_BANH GAO AN TAO BIEN 174.9G_T134_4,0.428958
CG_LT,134,,MM BINH DUONG,MM BINH PHU,BANH GAO AN TAO BIEN 174.9G,3.887747,0.6,0.857915,3.190563,LT_BANH GAO AN TAO BIEN 174.9G_T134_4,0.428958
CG_LT,134,,MM BINH DUONG,MM DA NANG,BANH GAO AN TAO BIEN 174.9G,2.132611,0.6,0.857915,2.137482,LT_BANH GAO AN TAO BIEN 174.9G_T134_4,0.428958
CG_LT,134,,MM BINH DUONG,MM AN PHU,BANH GAO AN TAO BIEN 174.9G,3.678659,0.6,1.860774,4.06797,LT_BANH GAO AN TAO BIEN 174.9G_T134_5,0.930387
CG_LT,134,,MM HIEP PHU,MM DA NANG,BANH GAO AN TAO BIEN 174.9G,5.801572,0.6,1.860774,5.341717,LT_BANH GAO AN TAO BIEN 174.9G_T134_5,0.930387
CG_LT,135,,MM BIEN HOA,MM AN PHU,BANH GAO AN TAO BIEN 174.9G,8.07773,0.6,2.0,6.846638,LT_BANH GAO AN TAO BIEN 174.9G_T135_1,1.0
CG_LT,135,,MM BINH DUONG,MM AN PHU,BANH GAO AN TAO BIEN 174.9G,4.667215,0.6,2.0,4.800329,LT_BANH GAO AN TAO BIEN 174.9G_T135_1,1.0
CG_LT,135,,MM BINH DUONG,MM BINH PHU,BANH GAO AN TAO BIEN 174.9G,3.15354,0.6,2.0,3.892124,LT_BANH GAO AN TAO BIEN 174.9G_T135_1,1.0
CG_LT,135,,MM BINH DUONG,MM BINH PHU,BANH GAO AN TAO BIEN 174.9G,7.294241,0.6,2.0,6.376545,LT_BANH GAO AN TAO BIEN 174.9G_T135_2,1.0
CG_LT,135,,MM BINH DUONG,MM DA NANG,BANH GAO AN TAO BIEN 174.9G,1.046914,0.6,2.0,2.628149,LT_BANH GAO AN TAO BIEN 174.9G_T135_2,1.0
CG_LT,135,,MM HIEP PHU,MM BINH PHU,BANH GAO AN TAO BIEN 174.9G,9.225897,0.6,2.0,7.535538,LT_BANH GAO AN TAO BIEN 174.9G_T135_2,1.0
CG_LT,135,,MM BINH DUONG,MM AN PHU,BANH GAO AN TAO BIEN 174.9G,2.750067,0.6,0.645739,2.29578,LT_BANH GAO AN TAO BIEN 174.9G_T135_3,0.32287
CG_LT,135,,MM BINH DUONG,MM BINH PHU,BANH GAO AN TAO BIEN 174.9G,0.534843,0.6,0.645739,0.966645,LT_BANH GAO AN TAO BIEN 174.9G_T135_3,0.32287
CG_LT,135,,MM BINH DUONG,MM DA NANG,BANH GAO AN TAO BIEN 174.9G,0.783673,0.6,0.645739,1.115943,LT_BANH GAO AN TAO BIEN 174.9G_T135_3,0.32287
CG_LT,135,,MM HIEP PHU,MM BINH PHU,BANH GAO AN TAO BIEN 174.9G,2.429333,0.6,0.645739,2.103339,LT_BANH GAO AN TAO BIEN 174.9G_T135_3,0.32287
CG_LT,135,,MM HIEP PHU,MM BINH PHU,BANH GAO AN TAO BIEN 174.9G,5.362146,0.6,2.0,5.217288,LT_BANH GAO AN TAO BIEN 174.9G_T135_4,1.0
CG_LT,135,,MM HIEP PHU,MM AN PHU,BANH GAO AN TAO BIEN 174.9G,5.760336,0.6,2.0,5.456202,LT_BANH GAO AN TAO BIEN 174.9G_T135_5,1.0
CG_LT,136,,MM BIEN HOA,MM AN PHU,BANH GAO AN TAO BIEN 174.9G,9.596708,0.6,2.0,7.758025,LT_BANH GAO AN TAO BIEN 174.9G_T136_2,1.0
CG_LT,136,,MM BINH DUONG,MM AN PHU,BANH GAO AN TAO BIEN 174.9G,3.449261,0.6,2.0,4.069557,LT_BANH GAO AN TAO BIEN 174.9G_T136_2,1.0
CG_LT,136,,MM BINH DUONG,MM DA NANG,BANH GAO AN TAO BIEN 174.9G,7.514758,0.6,2.0,6.508855,LT_BANH GAO AN TAO BIEN 174.9G_T136_2,1.0
CG_LT,136,,MM BIEN HOA,MM AN PHU,BANH GAO AN TAO BIEN 174.9G,3.301766,0.6,1.007075,2.988135,LT_BANH GAO AN TAO BIEN 174.9G_T136_3,0.503538
CG_LT,136,,MM BINH DUONG,MM BINH PHU,BANH GAO AN TAO BIEN 174.9G,0.55034,0.6,1.007075,1.337279,LT_BANH GAO AN TAO BIEN 174.9G_T136_3,0.503538
CG_LT,136,,MM BINH DUONG,MM DA NANG,BANH GAO AN TAO BIEN 174.9G,2.994861,0.6,1.007075,2.803992,LT_BANH GAO AN TAO BIEN 174.9G_T136_3,0.503538
CG_LT,136,,MM HIEP PHU,MM AN PHU,BANH GAO AN TAO BIEN 174.9G,4.722888,0.6,1.007075,3.840808,LT_BANH GAO AN TAO BIEN 174.9G_T136_3,0.503538
CG_LT,137,,MM BINH DUONG,MM DA NANG,BANH GAO AN TAO BIEN 174.9G,4.099696,0.6,2.0,4.459817,LT_BANH GAO AN TAO BIEN 174.9G_T137_1,1.0
CG_LT,137,,MM BIEN HOA,MM DA NANG,BANH GAO AN TAO BIEN 174.9G,1.386864,0.6,1.042635,1.874753,LT_BANH GAO AN TAO BIEN 174.9G_T137_2,0.521317
CG_LT,137,,MM BINH DUONG,MM AN PHU,BANH GAO AN TAO BIEN 174.9G,4.965792,0.6,1.042635,4.02211,LT_BANH GAO AN TAO BIEN 174.9G_T137_2,0.521317
CG_LT,137,,MM BINH DUONG,MM BINH PHU,BANH GAO AN TAO BIEN 174.9G,4.8403,0.6,1.042635,3.946815,LT_BANH GAO AN TAO BIEN 174.9G_T137_2,0.521317
CG_LT,137,,MM BIEN HOA,MM AN PHU,BANH GAO AN TAO BIEN 174.9G,2.449412,0.6,2.0,3.469647,LT_BANH GAO AN TAO BIEN 174.9G_T137_3,1.0
CG_LT,137,,MM BIEN HOA,MM DA NANG,BANH GAO AN TAO BIEN 174.9G,9.722868,0.6,2.0,7.833721,LT_BANH GAO AN TAO BIEN 174.9G_T137_3,1.0
CG_LT,137,,MM HIEP PHU,MM DA NANG,BANH GAO AN TAO BIEN 174.9G,5.217046,0.6,2.0,5.130228,LT_BANH GAO AN TAO BIEN 174.9G_T137_3,1.0
CG_LT,137,,MM BINH DUONG,MM BINH PHU,BANH GAO AN TAO BIEN 174.9G,5.368174,0.6,2.0,5.220904,LT_BANH GAO AN TAO BIEN 174.9G_T137_4,1.0
CG_LT,137,,MM BINH DUONG,MM DA NANG,BANH GAO AN TAO BIEN 174.9G,1.720105,0.6,2.0,3.032063,LT_BANH GAO AN TAO BIEN 174.9G_T137_4,1.0
CG_LT,137,,MM HIEP PHU,MM BINH PHU,BANH GAO AN TAO BIEN 174.9G,5.791526,0.6,2.0,5.474915,LT_BANH GAO AN TAO BIEN 174.9G_T137_4,1.0
CG_LT,137,,MM HIEP PHU,MM DA NANG,BANH GAO AN TAO BIEN 174.9G,5.184338,0.6,2.0,5.110603,LT_BANH GAO AN TAO BIEN 174.9G_T137_4,1.0
CG_LT,138,,MM BIEN HOA,MM DA NANG,BANH GAO AN TAO BIEN 174.9G,9.064702,0.6,2.0,7.438821,LT_BANH GAO AN TAO BIEN 174.9G_T138_1,1.0
CG_LT,138,,MM BINH DUONG,MM BINH PHU,BANH GAO AN TAO BIEN 174.9G,9.168289,0.6,2.0,7.500973,LT_BANH GAO AN TAO BIEN 174.9G_T138_1,1.0
CG_LT,138,,MM BINH DUONG,MM DA NANG,BANH GAO AN TAO BIEN 174.9G,2.791905,0.6,2.0,3.675143,LT_BANH GAO AN TAO BIEN 174.9G_T138_1,1.0
CG_LT,138,,MM BIEN HOA,MM AN PHU,BANH GAO AN TAO BIEN 174.9G,1.820101,0.6,0.907129,1.999189,LT_BANH GAO AN TAO BIEN 174.9G_T138_2,0.453564
CG_LT,138,,MM BINH DUONG,MM BINH PHU,BANH GAO AN TAO BIEN 174.9G,1.221761,0.6,0.907129,1.640185,LT_BANH GAO AN TAO BIEN 174.9G_T138_2,0.453564
CG_LT,138,,MM HIEP PHU,MM BINH PHU,BANH GAO AN TAO BIEN 174.9G,3.389392,0.6,0.907129,2.940763,LT_BANH GAO AN TAO BIEN 174.9G_T138_2,0.453564
CG_LT,138,,MM HIEP PHU,MM DA NANG,BANH GAO AN TAO BIEN 174.9G,4.042993,0.6,0.907129,3.332925,LT_BANH GAO AN TAO BIEN 174.9G_T138_2,0.453564
CG_LT,138,,MM BINH DUONG,MM BINH PHU,BANH GAO AN TAO BIEN 174.9G,2.379918,0.6,2.0,3.427951,LT_BANH GAO AN TAO BIEN 174.9G_T138_4,1.0
CG_LT,138,,MM BINH DUONG,MM DA NANG,BANH GAO AN TAO BIEN 174.9G,8.258611,0.6,2.0,6.955167,LT_BANH GAO AN TAO BIEN 174.9G_T138_4,1.0
CG_LT,138,,MM HIEP PHU,MM DA NANG,BANH GAO AN TAO BIEN 174.9G,3.649789,0.6,2.0,4.189873,LT_BANH GAO AN TAO BIEN 174.9G_T138_4,1.0
CG_LT,139,,MM BINH DUONG,MM BINH PHU,BANH GAO AN TAO BIEN 174.9G,4.253761,0.6,2.0,4.552256,LT_BANH GAO AN TAO BIEN 174.9G_T139_1,1.0
CG_LT,139,,MM HIEP PHU,MM BINH PHU,BANH GAO AN TAO BIEN 174.9G,2.245384,0.6,2.0,3.34723,LT_BANH GAO AN TAO BIEN 174.9G_T139_1,1.0
CG_LT,139,,MM HIEP PHU,MM DA NANG,BANH GAO AN TAO BIEN 174.9G,7.773998,0.6,2.0,6.664399,LT_BANH GAO AN TAO BIEN 174.9G_T139_1,1.0
CG_LT,139,,MM BIEN HOA,MM AN PHU,BANH GAO AN TAO BIEN 174.9G,0.341038,0.6,0.240939,0.445562,LT_BANH GAO AN TAO BIEN 174.9G_T139_3,0.12047
CG_LT,139,,MM BINH DUONG,MM BINH PHU,BANH GAO AN TAO BIEN 174.9G,0.687015,0.6,0.240939,0.653148,LT_BANH GAO AN TAO BIEN 174.9G_T139_3,0.12047
CG_LT,139,,MM HIEP PHU,MM BINH PHU,BANH GAO AN TAO BIEN 174.9G,0.270988,0.6,0.240939,0.403532,LT_BANH GAO AN TAO BIEN 174.9G_T139_3,0.12047
CG_LT,139,,MM HIEP PHU,MM DA NANG,BANH GAO AN TAO BIEN 174.9G,0.425955,0.6,0.240939,0.496512,LT_BANH GAO AN TAO BIEN 174.9G_T139_3,0.12047
CG_LT,139,,MM BIEN HOA,MM DA NANG,BANH GAO AN TAO BIEN 174.9G,5.503488,0.6,1.221099,4.523192,LT_BANH GAO AN TAO BIEN 174.9G_T139_4,0.61055
CG_LT,139,,MM BIEN HOA,MM DA NANG,BANH GAO AN TAO BIEN 174.9G,1.296559,0.6,2.0,2.777935,LT_BANH GAO AN TAO BIEN 174.9G_T139_5,1.0
CG_LT,139,,MM BINH DUONG,MM BINH PHU,BANH GAO AN TAO BIEN 174.9G,6.542852,0.6,2.0,5.925711,LT_BANH GAO AN TAO BIEN 174.9G_T139_5,1.0
CG_LT,13,,MM HIEP PHU,MM AN PHU,BANH GAO AN TAO BIEN 174.9G,0.512272,0.6,0.228541,0.535904,LT_BANH GAO AN TAO BIEN 174.9G_T13_2,0.114271
CG_LT,13,,MM BINH PHU,MM AN PHU,BANH GAO AN TAO BIEN 174.9G,1.11864,0.6,2.0,2.671184,LT_BANH GAO AN TAO BIEN 174.9G_T13_3,1.0
CG_LT,13,,MM HIEP PHU,MM AN PHU,BANH GAO AN TAO BIEN 174.9G,8.487728,0.6,2.0,7.092637,LT_BANH GAO AN TAO BIEN 174.9G_T13_3,1.0
CG_LT,13,,MM BIEN HOA,MM BINH DUONG,BANH GAO AN TAO BIEN 174.9G,7.356812,0.6,2.0,6.414087,LT_BANH GAO AN TAO BIEN 174.9G_T13_4,1.0
CG_LT,13,,MM BINH PHU,MM BINH DUONG,BANH GAO AN TAO BIEN 174.9G,0.12936,0.6,0.238154,0.31577,LT_BANH GAO AN TAO BIEN 174.9G_T13_5,0.119077
CG_LT,140,,MM HIEP PHU,MM BINH PHU,BANH GAO AN TAO BIEN 174.9G,4.971587,0.6,2.0,4.982952,LT_BANH GAO AN TAO BIEN 174.9G_T140_1,1.0
CG_LT,140,,MM HIEP PHU,MM DA NANG,BANH GAO AN TAO BIEN 174.9G,9.454805,0.6,2.0,7.672883,LT_BANH GAO AN TAO BIEN 174.9G_T140_1,1.0
CG_LT,140,,MM BIEN HOA,MM BINH PHU,BANH GAO AN TAO BIEN 174.9G,0.372704,0.6,0.221034,0.444656,LT_BANH GAO AN TAO BIEN 174.9G_T140_2,0.110517
CG_LT,140,,MM HIEP PHU,MM DA NANG,BANH GAO AN TAO BIEN 174.9G,0.625171,0.6,0.221034,0.596136,LT_BANH GAO AN TAO BIEN 174.9G_T140_2,0.110517
CG_LT,140,,MM BINH DUONG,MM AN PHU,BANH GAO AN TAO BIEN 174.9G,4.858921,0.6,1.659539,4.574891,LT_BANH GAO AN TAO BIEN 174.9G_T140_4,0.829769
CG_LT,140,,MM BINH DUONG,MM DA NANG,BANH GAO AN TAO BIEN 174.9G,5.013725,0.6,1.659539,4.667774,LT_BANH GAO AN TAO BIEN 174.9G_T140_4,0.829769
CG_LT,140,,MM HIEP PHU,MM AN PHU,BANH GAO AN TAO BIEN 174.9G,1.919343,0.6,1.659539,2.811145,LT_BANH GAO AN TAO BIEN 174.9G_T140_4,0.829769
CG_LT,140,,MM HIEP PHU,MM DA NANG,BANH GAO AN TAO BIEN 174.9G,6.906299,0.6,1.659539,5.803318,LT_BANH GAO AN TAO BIEN 174.9G_T140_4,0.829769
CG_LT,141,,MM BIEN HOA,MM AN PHU,BANH GAO AN TAO BIEN 174.9G,9.042088,0.6,2.0,7.425253,LT_BANH GAO AN TAO BIEN 174.9G_T141_1,1.0
CG_LT,141,,MM BINH DUONG,MM AN PHU,BANH GAO AN TAO BIEN 174.9G,7.868818,0.6,2.0,6.721291,LT_BANH GAO AN TAO BIEN 174.9G_T141_1,1.0
CG_LT,141,,MM BIEN HOA,MM AN PHU,BANH GAO AN TAO BIEN 174.9G,5.268351,0.6,1.088636,4.249646,LT_BANH GAO AN TAO BIEN 174.9G_T141_2,0.544318
CG_LT,141,,MM HIEP PHU,MM DA NANG,BANH GAO AN TAO BIEN 174.9G,3.594954,0.6,1.088636,3.245609,LT_BANH GAO AN TAO BIEN 174.9G_T141_2,0.544318
CG_LT,142,,MM BIEN HOA,MM BINH PHU,BANH GAO AN TAO BIEN 174.9G,9.075413,0.6,2.0,7.445248,LT_BANH GAO AN TAO BIEN 174.9G_T142_4,1.0
CG_LT,142,,MM BIEN HOA,MM BINH PHU,BANH GAO AN TAO BIEN 174.9G,1.679167,0.6,1.306215,2.313715,LT_BANH GAO AN TAO BIEN 174.9G_T142_5,0.653108
CG_LT,142,,MM HIEP PHU,MM BINH DUONG,BANH GAO AN TAO BIEN 174.9G,0.917369,0.6,1.306215,1.856636,LT_BANH GAO AN TAO BIEN 174.9G_T142_5,0.653108
CG_LT,142,,MM HIEP PHU,MM BINH PHU,BANH GAO AN TAO BIEN 174.9G,1.621292,0.6,1.306215,2.27899,LT_BANH GAO AN TAO BIEN 174.9G_T142_5,0.653108
CG_LT,142,,MM HIEP PHU,MM DA NANG,BANH GAO AN TAO BIEN 174.9G,5.515679,0.6,1.306215,4.615623,LT_BANH GAO AN TAO BIEN 174.9G_T142_5,0.653108
CG_LT,143,,MM BIEN HOA,MM AN PHU,BANH GAO AN TAO BIEN 174.9G,1.084195,0.6,2.0,2.650517,LT_BANH GAO AN TAO BIEN 174.9G_T143_1,1.0
CG_LT,143,,MM BIEN HOA,MM DA NANG,BANH GAO AN TAO BIEN 174.9G,3.504053,0.6,2.0,4.102432,LT_BANH GAO AN TAO BIEN 174.9G_T143_1,1.0
CG_LT,143,,MM HIEP PHU,MM BINH DUONG,BANH GAO AN TAO BIEN 174.9G,4.611133,0.6,2.0,4.76668,LT_BANH GAO AN TAO BIEN 174.9G_T143_1,1.0
CG_LT,143,,MM HIEP PHU,MM BINH PHU,BANH GAO AN TAO BIEN 174.9G,6.648766,0.6,2.0,5.989259,LT_BANH GAO AN TAO BIEN 174.9G_T143_1,1.0
CG_LT,143,,MM BIEN HOA,MM AN PHU,BANH GAO AN TAO BIEN 174.9G,4.046662,0.6,1.535052,3.963049,LT_BANH GAO AN TAO BIEN 174.9G_T143_2,0.767526
CG_LT,143,,MM BIEN HOA,MM DA NANG,BANH GAO AN TAO BIEN 174.9G,6.563572,0.6,1.535052,5.473196,LT_BANH GAO AN TAO BIEN 174.9G_T143_2,0.767526
CG_LT,143,,MM HIEP PHU,MM AN PHU,BANH GAO AN TAO BIEN 174.9G,7.160334,0.6,1.535052,5.831253,LT_BANH GAO AN TAO BIEN 174.9G_T143_2,0.767526
CG_LT,143,,MM HIEP PHU,MM DA NANG,BANH GAO AN TAO BIEN 174.9G,3.908317,0.6,1.535052,3.880042,LT_BANH GAO AN TAO BIEN 174.9G_T143_2,0.767526
CG_LT,143,,MM BIEN HOA,MM AN PHU,BANH GAO AN TAO BIEN 174.9G,1.685154,0.6,0.841539,1.852631,LT_BANH GAO AN TAO BIEN 174.9G_T143_3,0.420769
CG_LT,143,,MM HIEP PHU,MM BINH PHU,BANH GAO AN TAO BIEN 174.9G,2.135858,0.6,0.841539,2.123054,LT_BANH GAO AN TAO BIEN 174.9G_T143_3,0.420769
CG_LT,143,,MM HIEP PHU,MM DA NANG,BANH GAO AN TAO BIEN 174.9G,2.024059,0.6,0.841539,2.055974,LT_BANH GAO AN TAO BIEN 174.9G_T143_3,0.420769
CG_LT,143,,MM HIEP PHU,MM BINH PHU,BANH GAO AN TAO BIEN 174.9G,4.216429,0.6,2.0,4.529858,LT_BANH GAO AN TAO BIEN 174.9G_T143_4,1.0
CG_LT,143,,MM BIEN HOA,MM AN PHU,BANH GAO AN TAO BIEN 174.9G,6.806844,0.6,1.84521,5.929316,LT_BANH GAO AN TAO BIEN 174.9G_T143_5,0.922605
CG_LT,143,,MM BIEN HOA,MM BINH PHU,BANH GAO AN TAO BIEN 174.9G,8.504904,0.6,1.84521,6.948153,LT_BANH GAO AN TAO BIEN 174.9G_T143_5,0.922605
CG_LT,143,,MM HIEP PHU,MM BINH DUONG,BANH GAO AN TAO BIEN 174.9G,5.956867,0.6,1.84521,5.419331,LT_BANH GAO AN TAO BIEN 174.9G_T143_5,0.922605
CG_LT,144,,MM BIEN HOA,MM BINH PHU,BANH GAO AN TAO BIEN 174.9G,2.552413,0.6,2.0,3.531448,LT_BANH GAO AN TAO BIEN 174.9G_T144_2,1.0
CG_LT,144,,MM HIEP PHU,MM AN PHU,BANH GAO AN TAO BIEN 174.9G,2.274532,0.6,2.0,3.364719,LT_BANH GAO AN TAO BIEN 174.9G_T144_2,1.0
CG_LT,144,,MM BIEN HOA,MM AN PHU,BANH GAO AN TAO BIEN 174.9G,8.85652,0.6,2.0,7.313912,LT_BANH GAO AN TAO BIEN 174.9G_T144_3,1.0
CG_LT,144,,MM HIEP PHU,MM BINH DUONG,BANH GAO AN TAO BIEN 174.9G,8.061285,0.6,2.0,6.836771,LT_BANH GAO AN TAO BIEN 174.9G_T144_3,1.0
CG_LT,144,,MM BIEN HOA,MM AN PHU,BANH GAO AN TAO BIEN 174.9G,5.45213,0.6,2.0,5.271278,LT_BANH GAO AN TAO BIEN 174.9G_T144_4,1.0
CG_LT,144,,MM HIEP PHU,MM AN PHU,BANH GAO AN TAO BIEN 174.9G,7.705558,0.6,2.0,6.623335,LT_BANH GAO AN TAO BIEN 174.9G_T144_4,1.0
CG_LT,144,,MM HIEP PHU,MM DA NANG,BANH GAO AN TAO BIEN 174.9G,7.691386,0.6,2.0,6.614832,LT_BANH GAO AN TAO BIEN 174.9G_T144_4,1.0
CG_LT,144,,MM HIEP PHU,MM DA NANG,BANH GAO AN TAO BIEN 174.9G,1.308614,0.6,0.419869,1.205038,LT_BANH GAO AN TAO BIEN 174.9G_T144_5,0.209935
CG_LT,145,,MM BIEN HOA,MM AN PHU,BANH GAO AN TAO BIEN 174.9G,4.826539,0.6,2.0,4.895923,LT_BANH GAO AN TAO BIEN 174.9G_T145_1,1.0
CG_LT,145,,MM BIEN HOA,MM DA NANG,BANH GAO AN TAO BIEN 174.9G,2.486294,0.6,2.0,3.491777,LT_BANH GAO AN TAO BIEN 174.9G_T145_1,1.0
CG_LT,145,,MM HIEP PHU,MM DA NANG,BANH GAO AN TAO BIEN 174.9G,4.191238,0.6,2.0,4.514743,LT_BANH GAO AN TAO BIEN 174.9G_T145_1,1.0
CG_LT,145,,MM HIEP PHU,MM BINH DUONG,BANH GAO AN TAO BIEN 174.9G,1.054188,0.6,1.968769,2.601282,LT_BANH GAO AN TAO BIEN 174.9G_T145_3,0.984385
CG_LT,145,,MM HIEP PHU,MM BINH PHU,BANH GAO AN TAO BIEN 174.9G,7.83317,0.6,1.968769,6.668671,LT_BANH GAO AN TAO BIEN 174.9G_T145_3,0.984385
CG_LT,145,,MM BIEN HOA,MM BINH DUONG,BANH GAO AN TAO BIEN 174.9G,2.516214,0.6,2.0,3.509729,LT_BANH GAO AN TAO BIEN 174.9G_T145_4,1.0
CG_LT,145,,MM BIEN HOA,MM DA NANG,BANH GAO AN TAO BIEN 174.9G,5.414802,0.6,2.0,5.248881,LT_BANH GAO AN TAO BIEN 174.9G_T145_4,1.0
CG_LT,145,,MM HIEP PHU,MM AN PHU,BANH GAO AN TAO BIEN 174.9G,2.882993,0.6,2.0,3.729796,LT_BANH GAO AN TAO BIEN 174.9G_T145_4,1.0
CG_LT,145,,MM HIEP PHU,MM BINH DUONG,BANH GAO AN TAO BIEN 174.9G,3.147895,0.6,2.0,3.888737,LT_BANH GAO AN TAO BIEN 174.9G_T145_4,1.0
CG_LT,145,,MM HIEP PHU,MM AN PHU,BANH GAO AN TAO BIEN 174.9G,5.648724,0.6,2.0,5.389234,LT_BANH GAO AN TAO BIEN 174.9G_T145_5,1.0
CG_LT,145,,MM HIEP PHU,MM DA NANG,BANH GAO AN TAO BIEN 174.9G,1.68499,0.6,2.0,3.010994,LT_BANH GAO AN TAO BIEN 174.9G_T145_5,1.0
CG_LT,146,,MM BINH DUONG,MM BINH PHU,BANH GAO AN TAO BIEN 174.9G,3.462725,0.6,2.0,4.077635,LT_BANH GAO AN TAO BIEN 174.9G_T146_1,1.0
CG_LT,146,,MM HIEP PHU,MM AN PHU,BANH GAO AN TAO BIEN 174.9G,6.633823,0.6,2.0,5.980294,LT_BANH GAO AN TAO BIEN 174.9G_T146_1,1.0
CG_LT,146,,MM HIEP PHU,MM DA NANG,BANH GAO AN TAO BIEN 174.9G,3.621815,0.6,2.0,4.173089,LT_BANH GAO AN TAO BIEN 174.9G_T146_1,1.0
CG_LT,146,,MM HIEP PHU,MM DA NANG,BANH GAO AN TAO BIEN 174.9G,7.995,0.6,2.0,6.797,LT_BANH GAO AN TAO BIEN 174.9G_T146_3,1.0
CG_LT,146,,MM HIEP PHU,MM DA NANG,BANH GAO AN TAO BIEN 174.9G,5.383185,0.6,1.370537,4.600448,LT_BANH GAO AN TAO BIEN 174.9G_T146_4,0.685268
CG_LT,146,,MM BIEN HOA,MM AN PHU,BANH GAO AN TAO BIEN 174.9G,2.604012,0.6,2.0,3.562407,LT_BANH GAO AN TAO BIEN 174.9G_T146_5,1.0
CG_LT,146,,MM BIEN HOA,MM BINH PHU,BANH GAO AN TAO BIEN 174.9G,8.507409,0.6,2.0,7.104445,LT_BANH GAO AN TAO BIEN 174.9G_T146_5,1.0
CG_LT,146,,MM BINH DUONG,MM AN PHU,BANH GAO AN TAO BIEN 174.9G,9.749807,0.6,2.0,7.849884,LT_BANH GAO AN TAO BIEN 174.9G_T146_5,1.0
CG_LT,147,,MM BIEN HOA,MM DA NANG,BANH GAO AN TAO BIEN 174.9G,2.345865,0.6,1.020544,2.428063,LT_BANH GAO AN TAO BIEN 174.9G_T147_1,0.510272
CG_LT,147,,MM BINH DUONG,MM AN PHU,BANH GAO AN TAO BIEN 174.9G,5.084439,0.6,1.020544,4.071207,LT_BANH GAO AN TAO BIEN 174.9G_T147_1,0.510272
CG_LT,147,,MM BINH DUONG,MM DA NANG,BANH GAO AN TAO BIEN 174.9G,1.261454,0.6,1.020544,1.777416,LT_BANH GAO AN TAO BIEN 174.9G_T147_1,0.510272
CG_LT,147,,MM HIEP PHU,MM DA NANG,BANH GAO AN TAO BIEN 174.9G,4.941045,0.6,1.020544,3.985171,LT_BANH GAO AN TAO BIEN 174.9G_T147_1,0.510272
CG_LT,147,,MM BIEN HOA,MM DA NANG,BANH GAO AN TAO BIEN 174.9G,9.451636,0.6,2.0,7.670982,LT_BANH GAO AN TAO BIEN 174.9G_T147_3,1.0
CG_LT,147,,MM BINH DUONG,MM BINH PHU,BANH GAO AN TAO BIEN 174.9G,2.61524,0.6,2.0,3.569144,LT_BANH GAO AN TAO BIEN 174.9G_T147_3,1.0
CG_LT,147,,MM BIEN HOA,MM AN PHU,BANH GAO AN TAO BIEN 174.9G,7.1454,0.6,1.665287,5.952527,LT_BANH GAO AN TAO BIEN 174.9G_T147_4,0.832644
CG_LT,147,,MM BIEN HOA,MM BINH PHU,BANH GAO AN TAO BIEN 174.9G,6.87134,0.6,1.665287,5.788091,LT_BANH GAO AN TAO BIEN 174.9G_T147_4,0.832644
CG_LT,147,,MM BINH DUONG,MM BINH PHU,BANH GAO AN TAO BIEN 174.9G,4.51342,0.6,1.665287,4.373339,LT_BANH GAO AN TAO BIEN 174.9G_T147_4,0.832644
CG_LT,148,,MM BINH DUONG,MM BINH PHU,BANH GAO AN TAO BIEN 174.9G,6.136596,0.6,2.0,5.681957,LT_BANH GAO AN TAO BIEN 174.9G_T148_1,1.0
CG_LT,148,,MM BINH DUONG,MM DA NANG,BANH GAO AN TAO BIEN 174.9G,4.083129,0.6,2.0,4.449878,LT_BANH GAO AN TAO BIEN 174.9G_T148_1,1.0
CG_LT,148,,MM HIEP PHU,MM AN PHU,BANH GAO AN TAO BIEN 174.9G,6.641932,0.6,2.0,5.985159,LT_BANH GAO AN TAO BIEN 174.9G_T148_1,1.0
CG_LT,148,,MM BIEN HOA,MM DA NANG,BANH GAO AN TAO BIEN 174.9G,9.805366,0.6,2.0,7.883219,LT_BANH GAO AN TAO BIEN 174.9G_T148_2,1.0
CG_LT,148,,MM HIEP PHU,MM BINH PHU,BANH GAO AN TAO BIEN 174.9G,3.362707,0.6,2.0,4.017624,LT_BANH GAO AN TAO BIEN 174.9G_T148_2,1.0
CG_LT,148,,MM BIEN HOA,MM DA NANG,BANH GAO AN TAO BIEN 174.9G,3.094308,0.6,0.748036,2.60462,LT_BANH GAO AN TAO BIEN 174.9G_T148_4,0.374018
CG_LT,148,,MM BINH DUONG,MM AN PHU,BANH GAO AN TAO BIEN 174.9G,2.72912,0.6,0.748036,2.385508,LT_BANH GAO AN TAO BIEN 174.9G_T148_4,0.374018
CG_LT,148,,MM HIEP PHU,MM AN PHU,BANH GAO AN TAO BIEN 174.9G,1.637179,0.6,0.748036,1.730343,LT_BANH GAO AN TAO BIEN 174.9G_T148_4,0.374018
CG_LT,148,,MM HIEP PHU,MM BINH PHU,BANH GAO AN TAO BIEN 174.9G,1.149573,0.6,0.748036,1.437779,LT_BANH GAO AN TAO BIEN 174.9G_T148_4,0.374018
CG_LT,148,,MM BIEN HOA,MM BINH DUONG,BANH GAO AN TAO BIEN 174.9G,1.550161,0.6,2.0,2.930096,LT_BANH GAO AN TAO BIEN 174.9G_T148_5,1.0
CG_LT,148,,MM BIEN HOA,MM DA NANG,BANH GAO AN TAO BIEN 174.9G,5.747087,0.6,2.0,5.448252,LT_BANH GAO AN TAO BIEN 174.9G_T148_5,1.0
CG_LT,148,,MM HIEP PHU,MM BINH PHU,BANH GAO AN TAO BIEN 174.9G,8.351125,0.6,2.0,7.010675,LT_BANH GAO AN TAO BIEN 174.9G_T148_5,1.0
CG_LT,149,,MM HIEP PHU,MM BINH DUONG,BANH GAO AN TAO BIEN 174.9G,0.68998,0.6,0.667938,1.081926,LT_BANH GAO AN TAO BIEN 174.9G_T149_2,0.333969
CG_LT,149,,MM HIEP PHU,MM BINH PHU,BANH GAO AN TAO BIEN 174.9G,2.11061,0.6,0.667938,1.934304,LT_BANH GAO AN TAO BIEN 174.9G_T149_2,0.333969
CG_LT,149,,MM HIEP PHU,MM DA NANG,BANH GAO AN TAO BIEN 174.9G,0.815235,0.6,0.667938,1.157079,LT_BANH GAO AN TAO BIEN 174.9G_T149_2,0.333969
CG_LT,149,,MM HIEP PHU,MM AN PHU,BANH GAO AN TAO BIEN 174.9G,0.187811,0.6,0.063939,0.176626,LT_BANH GAO AN TAO BIEN 174.9G_T149_5,0.03197
CG_LT,14,,MM BINH PHU,MM DA NANG,BANH GAO AN TAO BIEN 174.9G,7.248312,0.6,2.0,6.348987,LT_BANH GAO AN TAO BIEN 174.9G_T14_1,1.0
CG_LT,14,,MM BINH PHU,MM AN PHU,BANH GAO AN TAO BIEN 174.9G,2.743688,0.6,1.215555,2.861767,LT_BANH GAO AN TAO BIEN 174.9G_T14_4,0.607777
CG_LT,150,,MM BIEN HOA,MM BINH PHU,BANH GAO AN TAO BIEN 174.9G,4.427968,0.6,2.0,4.656781,LT_BANH GAO AN TAO BIEN 174.9G_T150_1,1.0
CG_LT,150,,MM HIEP PHU,MM AN PHU,BANH GAO AN TAO BIEN 174.9G,8.848618,0.6,2.0,7.309171,LT_BANH GAO AN TAO BIEN 174.9G_T150_1,1.0
CG_LT,150,,MM HIEP PHU,MM BINH DUONG,BANH GAO AN TAO BIEN 174.9G,4.137839,0.6,2.0,4.482704,LT_BANH GAO AN TAO BIEN 174.9G_T150_1,1.0
CG_LT,150,,MM HIEP PHU,MM DA NANG,BANH GAO AN TAO BIEN 174.9G,2.241432,0.6,2.0,3.344859,LT_BANH GAO AN TAO BIEN 174.9G_T150_1,1.0
CG_LT,150,,MM HIEP PHU,MM BINH PHU,BANH GAO AN TAO BIEN 174.9G,7.561726,0.6,2.0,6.537036,LT_BANH GAO AN TAO BIEN 174.9G_T150_2,1.0
CG_LT,150,,MM BIEN HOA,MM BINH DUONG,BANH GAO AN TAO BIEN 174.9G,0.873287,0.6,1.924292,2.448264,LT_BANH GAO AN TAO BIEN 174.9G_T150_3,0.962146
CG_LT,150,,MM BIEN HOA,MM BINH PHU,BANH GAO AN TAO BIEN 174.9G,7.054743,0.6,1.924292,6.157138,LT_BANH GAO AN TAO BIEN 174.9G_T150_3,0.962146
CG_LT,150,,MM HIEP PHU,MM BINH DUONG,BANH GAO AN TAO BIEN 174.9G,5.084291,0.6,1.924292,4.974866,LT_BANH GAO AN TAO BIEN 174.9G_T150_3,0.962146
CG_LT,150,,MM HIEP PHU,MM DA NANG,BANH GAO AN TAO BIEN 174.9G,6.517112,0.6,1.924292,5.83456,LT_BANH GAO AN TAO BIEN 174.9G_T150_3,0.962146
CG_LT,150,,MM BIEN HOA,MM AN PHU,BANH GAO AN TAO BIEN 174.9G,1.25383,0.6,2.0,2.752298,LT_BANH GAO AN TAO BIEN 174.9G_T150_5,1.0
CG_LT,150,,MM HIEP PHU,MM BINH DUONG,BANH GAO AN TAO BIEN 174.9G,3.380561,0.6,2.0,4.028337,LT_BANH GAO AN TAO BIEN 174.9G_T150_5,1.0
CG_LT,150,,MM HIEP PHU,MM BINH PHU,BANH GAO AN TAO BIEN 174.9G,4.955563,0.6,2.0,4.973338,LT_BANH GAO AN TAO BIEN 174.9G_T150_5,1.0
CG_LT,151,,MM AN PHU,MM DA NANG,BANH GAO AN TAO BIEN 174.9G,1.694234,0.6,1.021969,2.038509,LT_BANH GAO AN TAO BIEN 174.9G_T151_1,0.510984
CG_LT,151,,MM BIEN HOA,MM DA NANG,BANH GAO AN TAO BIEN 174.9G,4.300618,0.6,1.021969,3.602339,LT_BANH GAO AN TAO BIEN 174.9G_T151_1,0.510984
CG_LT,151,,MM BINH DUONG,MM DA NANG,BANH GAO AN TAO BIEN 174.9G,1.549128,0.6,1.021969,1.951445,LT_BANH GAO AN TAO BIEN 174.9G_T151_1,0.510984
CG_LT,151,,MM BINH PHU,MM DA NANG,BANH GAO AN TAO BIEN 174.9G,1.879912,0.6,1.021969,2.149916,LT_BANH GAO AN TAO BIEN 174.9G_T151_1,0.510984
CG_LT,151,,MM AN PHU,MM DA NANG,BANH GAO AN TAO BIEN 174.9G,6.857939,0.6,2.0,6.114763,LT_BANH GAO AN TAO BIEN 174.9G_T151_3,1.0
CG_LT,151,,MM BINH DUONG,MM DA NANG,BANH GAO AN TAO BIEN 174.9G,3.521032,0.6,2.0,4.112619,LT_BANH GAO AN TAO BIEN 174.9G_T151_3,1.0
CG_LT,151,,MM BINH PHU,MM DA NANG,BANH GAO AN TAO BIEN 174.9G,5.638855,0.6,2.0,5.383313,LT_BANH GAO AN TAO BIEN 174.9G_T151_3,1.0
CG_LT,151,,MM BIEN HOA,MM DA NANG,BANH GAO AN TAO BIEN 174.9G,6.741785,0.6,2.0,6.045071,LT_BANH GAO AN TAO BIEN 174.9G_T151_5,1.0
CG_LT,151,,MM BINH DUONG,MM DA NANG,BANH GAO AN TAO BIEN 174.9G,6.984498,0.6,2.0,6.190699,LT_BANH GAO AN TAO BIEN 174.9G_T151_5,1.0
CG_LT,152,,MM BINH DUONG,MM BINH PHU,BANH GAO AN TAO BIEN 174.9G,3.659968,0.6,2.0,4.195981,LT_BANH GAO AN TAO BIEN 174.9G_T152_1,1.0
CG_LT,152,,MM BINH DUONG,MM DA NANG,BANH GAO AN TAO BIEN 174.9G,3.781379,0.6,2.0,4.268827,LT_BANH GAO AN TAO BIEN 174.9G_T152_1,1.0
CG_LT,152,,MM BINH PHU,MM DA NANG,BANH GAO AN TAO BIEN 174.9G,6.954745,0.6,2.0,6.172847,LT_BANH GAO AN TAO BIEN 174.9G_T152_1,1.0
CG_LT,152,,MM HIEP PHU,MM DA NANG,BANH GAO AN TAO BIEN 174.9G,5.528394,0.6,2.0,5.317037,LT_BANH GAO AN TAO BIEN 174.9G_T152_1,1.0
CG_LT,152,,MM AN PHU,MM DA NANG,BANH GAO AN TAO BIEN 174.9G,5.174427,0.6,2.0,5.104656,LT_BANH GAO AN TAO BIEN 174.9G_T152_2,1.0
CG_LT,152,,MM HIEP PHU,MM DA NANG,BANH GAO AN TAO BIEN 174.9G,4.930773,0.6,2.0,4.958464,LT_BANH GAO AN TAO BIEN 174.9G_T152_2,1.0
CG_LT,152,,MM BINH DUONG,MM DA NANG,BANH GAO AN TAO BIEN 174.9G,7.078901,0.6,2.0,6.247341,LT_BANH GAO AN TAO BIEN 174.9G_T152_3,1.0
CG_LT,152,,MM HIEP PHU,MM BINH PHU,BANH GAO AN TAO BIEN 174.9G,5.617297,0.6,2.0,5.370378,LT_BANH GAO AN TAO BIEN 174.9G_T152_3,1.0
CG_LT,152,,MM AN PHU,MM DA NANG,BANH GAO AN TAO BIEN 174.9G,1.126997,0.6,1.283527,1.959725,LT_BANH GAO AN TAO BIEN 174.9G_T152_4,0.641763
CG_LT,152,,MM BIEN HOA,MM BINH PHU,BANH GAO AN TAO BIEN 174.9G,1.273778,0.6,1.283527,2.047794,LT_BANH GAO AN TAO BIEN 174.9G_T152_4,0.641763
CG_LT,152,,MM BINH DUONG,MM DA NANG,BANH GAO AN TAO BIEN 174.9G,5.912384,0.6,1.283527,4.830957,LT_BANH GAO AN TAO BIEN 174.9G_T152_4,0.641763
CG_LT,152,,MM HIEP PHU,MM BINH PHU,BANH GAO AN TAO BIEN 174.9G,4.332746,0.6,1.283527,3.883175,LT_BANH GAO AN TAO BIEN 174.9G_T152_4,0.641763
CG_LT,153,,MM AN PHU,MM DA NANG,BANH GAO AN TAO BIEN 174.9G,1.66907,0.6,2.0,3.001442,LT_BANH GAO AN TAO BIEN 174.9G_T153_1,1.0
CG_LT,153,,MM HIEP PHU,MM DA NANG,BANH GAO AN TAO BIEN 174.9G,4.82518,0.6,2.0,4.895108,LT_BANH GAO AN TAO BIEN 174.9G_T153_1,1.0
CG_LT,153,,MM AN PHU,MM BIEN HOA,BANH GAO AN TAO BIEN 174.9G,3.663545,0.6,2.0,4.198127,LT_BANH GAO AN TAO BIEN 174.9G_T153_2,1.0
CG_LT,153,,MM AN PHU,MM DA NANG,BANH GAO AN TAO BIEN 174.9G,4.348534,0.6,2.0,4.60912,LT_BANH GAO AN TAO BIEN 174.9G_T153_2,1.0
CG_LT,153,,MM BINH DUONG,MM BINH PHU,BANH GAO AN TAO BIEN 174.9G,6.933674,0.6,2.0,6.160204,LT_BANH GAO AN TAO BIEN 174.9G_T153_2,1.0
CG_LT,153,,MM HIEP PHU,MM BIEN HOA,BANH GAO AN TAO BIEN 174.9G,7.719168,0.6,2.0,6.631501,LT_BANH GAO AN TAO BIEN 174.9G_T153_2,1.0
CG_LT,153,,MM AN PHU,MM DA NANG,BANH GAO AN TAO BIEN 174.9G,4.659852,0.6,2.0,4.795911,LT_BANH GAO AN TAO BIEN 174.9G_T153_5,1.0
CG_LT,15,,MM BIEN HOA,MM BINH DUONG,BANH GAO AN TAO BIEN 174.9G,0.044198,0.6,0.073231,0.09975,LT_BANH GAO AN TAO BIEN 174.9G_T15_1,0.036616
CG_LT,15,,MM BINH PHU,MM DA NANG,BANH GAO AN TAO BIEN 174.9G,0.112948,0.6,0.073231,0.141,LT_BANH GAO AN TAO BIEN 174.9G_T15_1,0.036616
CG_LT,15,,MM BIEN HOA,MM DA NANG,BANH GAO AN TAO BIEN 174.9G,4.00728,0.6,2.0,4.404368,LT_BANH GAO AN TAO BIEN 174.9G_T15_3,1.0
CG_LT,15,,MM BINH PHU,MM AN PHU,BANH GAO AN TAO BIEN 174.9G,4.879052,0.6,2.0,4.927431,LT_BANH GAO AN TAO BIEN 174.9G_T15_3,1.0
CG_LT,16,,MM BIEN HOA,MM BINH DUONG,BANH GAO AN TAO BIEN 174.9G,7.290427,0.6,2.0,6.374256,LT_BANH GAO AN TAO BIEN 174.9G_T16_1,1.0
CG_LT,16,,MM HIEP PHU,MM BINH PHU,BANH GAO AN TAO BIEN 174.9G,9.645756,0.6,2.0,7.787453,LT_BANH GAO AN TAO BIEN 174.9G_T16_1,1.0
CG_LT,16,,MM BIEN HOA,MM BINH DUONG,BANH GAO AN TAO BIEN 174.9G,2.551247,0.6,0.527639,2.058387,LT_BANH GAO AN TAO BIEN 174.9G_T16_2,0.263819
CG_LT,16,,MM BIEN HOA,MM DA NANG,BANH GAO AN TAO BIEN 174.9G,0.577449,0.6,0.527639,0.874108,LT_BANH GAO AN TAO BIEN 174.9G_T16_2,0.263819
CG_LT,16,,MM HIEP PHU,MM BINH PHU,BANH GAO AN TAO BIEN 174.9G,2.362244,0.6,0.527639,1.944985,LT_BANH GAO AN TAO BIEN 174.9G_T16_2,0.263819
CG_LT,16,,MM BIEN HOA,MM BINH DUONG,BANH GAO AN TAO BIEN 174.9G,4.218749,0.6,2.0,4.53125,LT_BANH GAO AN TAO BIEN 174.9G_T16_3,1.0
CG_LT,16,,MM HIEP PHU,MM BINH DUONG,BANH GAO AN TAO BIEN 174.9G,8.520411,0.6,2.0,7.112247,LT_BANH GAO AN TAO BIEN 174.9G_T16_3,1.0
CG_LT,16,,MM HIEP PHU,MM DA NANG,BANH GAO AN TAO BIEN 174.9G,6.772623,0.6,2.0,6.063574,LT_BANH GAO AN TAO BIEN 174.9G_T16_3,1.0
CG_LT,16,,MM BIEN HOA,MM BINH DUONG,BANH GAO AN TAO BIEN 174.9G,1.715166,0.6,0.695627,1.724726,LT_BANH GAO AN TAO BIEN 174.9G_T16_4,0.347813
CG_LT,17,,MM BIEN HOA,MM BINH DUONG,BANH GAO AN TAO BIEN 174.9G,2.990541,0.6,1.640786,3.43511,LT_BANH GAO AN TAO BIEN 174.9G_T17_3,0.820393
CG_LT,17,,MM HIEP PHU,MM AN PHU,BANH GAO AN TAO BIEN 174.9G,7.940046,0.6,1.640786,6.404813,LT_BANH GAO AN TAO BIEN 174.9G_T17_3,0.820393
CG_LT,17,,MM HIEP PHU,MM BINH PHU,BANH GAO AN TAO BIEN 174.9G,1.841116,0.6,1.640786,2.745455,LT_BANH GAO AN TAO BIEN 174.9G_T17_3,0.820393
CG_LT,17,,MM HIEP PHU,MM DA NANG,BANH GAO AN TAO BIEN 174.9G,5.350732,0.6,1.640786,4.851225,LT_BANH GAO AN TAO BIEN 174.9G_T17_3,0.820393
CG_LT,17,,MM BIEN HOA,MM BINH DUONG,BANH GAO AN TAO BIEN 174.9G,0.335422,0.6,0.719985,0.921238,LT_BANH GAO AN TAO BIEN 174.9G_T17_4,0.359992
CG_LT,17,,MM BIEN HOA,MM BINH PHU,BANH GAO AN TAO BIEN 174.9G,2.960465,0.6,0.719985,2.496264,LT_BANH GAO AN TAO BIEN 174.9G_T17_4,0.359992
CG_LT,17,,MM HIEP PHU,MM BINH DUONG,BANH GAO AN TAO BIEN 174.9G,1.674038,0.6,0.719985,1.724407,LT_BANH GAO AN TAO BIEN 174.9G_T17_4,0.359992
CG_LT,17,,MM HIEP PHU,MM BINH PHU,BANH GAO AN TAO BIEN 174.9G,0.674015,0.6,0.719985,1.124394,LT_BANH GAO AN TAO BIEN 174.9G_T17_4,0.359992
CG_LT,17,,MM BIEN HOA,MM BINH PHU,BANH GAO AN TAO BIEN 174.9G,3.924675,0.6,0.994195,3.349,LT_BANH GAO AN TAO BIEN 174.9G_T17_5,0.497097
CG_LT,17,,MM HIEP PHU,MM AN PHU,BANH GAO AN TAO BIEN 174.9G,3.059954,0.6,0.994195,2.830167,LT_BANH GAO AN TAO BIEN 174.9G_T17_5,0.497097
CG_LT,18,,MM BIEN HOA,MM BINH PHU,BANH GAO AN TAO BIEN 174.9G,9.539912,0.6,2.0,7.723947,LT_BANH GAO AN TAO BIEN 174.9G_T18_1,1.0
CG_LT,18,,MM HIEP PHU,MM BINH PHU,BANH GAO AN TAO BIEN 174.9G,5.030175,0.6,2.0,5.018105,LT_BANH GAO AN TAO BIEN 174.9G_T18_1,1.0
CG_LT,18,,MM BIEN HOA,MM BINH DUONG,BANH GAO AN TAO BIEN 174.9G,1.872771,0.6,2.0,3.123663,LT_BANH GAO AN TAO BIEN 174.9G_T18_2,1.0
CG_LT,18,,MM HIEP PHU,MM BINH PHU,BANH GAO AN TAO BIEN 174.9G,7.470601,0.6,2.0,6.482361,LT_BANH GAO AN TAO BIEN 174.9G_T18_2,1.0
CG_LT,18,,MM BIEN HOA,MM BINH DUONG,BANH GAO AN TAO BIEN 174.9G,3.293324,0.6,2.0,3.975995,LT_BANH GAO AN TAO BIEN 174.9G_T18_3,1.0
CG_LT,18,,MM BIEN HOA,MM DA NANG,BANH GAO AN TAO BIEN 174.9G,3.036861,0.6,2.0,3.822116,LT_BANH GAO AN TAO BIEN 174.9G_T18_3,1.0
CG_LT,18,,MM HIEP PHU,MM BINH PHU,BANH GAO AN TAO BIEN 174.9G,8.258441,0.6,2.0,6.955065,LT_BANH GAO AN TAO BIEN 174.9G_T18_3,1.0
CG_LT,18,,MM BIEN HOA,MM AN PHU,BANH GAO AN TAO BIEN 174.9G,4.23245,0.6,2.0,4.53947,LT_BANH GAO AN TAO BIEN 174.9G_T18_4,1.0
CG_LT,18,,MM BIEN HOA,MM BINH PHU,BANH GAO AN TAO BIEN 174.9G,9.820464,0.6,2.0,7.892278,LT_BANH GAO AN TAO BIEN 174.9G_T18_4,1.0
CG_LT,18,,MM BIEN HOA,MM DA NANG,BANH GAO AN TAO BIEN 174.9G,5.711549,0.6,2.0,5.426929,LT_BANH GAO AN TAO BIEN 174.9G_T18_4,1.0
CG_LT,18,,MM HIEP PHU,MM AN PHU,BANH GAO AN TAO BIEN 174.9G,9.595004,0.6,2.0,7.757002,LT_BANH GAO AN TAO BIEN 174.9G_T18_4,1.0
CG_LT,18,,MM BIEN HOA,MM BINH PHU,BANH GAO AN TAO BIEN 174.9G,2.904454,0.6,2.0,3.742673,LT_BANH GAO AN TAO BIEN 174.9G_T18_5,1.0
CG_LT,19,,MM BIEN HOA,MM AN PHU,BANH GAO AN TAO BIEN 174.9G,2.046109,0.6,2.0,3.227666,LT_BANH GAO AN TAO BIEN 174.9G_T19_1,1.0
CG_LT,19,,MM BIEN HOA,MM BINH DUONG,BANH GAO AN TAO BIEN 174.9G,8.216351,0.6,2.0,6.929811,LT_BANH GAO AN TAO BIEN 174.9G_T19_1,1.0
CG_LT,19,,MM BIEN HOA,MM AN PHU,BANH GAO AN TAO BIEN 174.9G,3.171422,0.6,0.819324,2.722177,LT_BANH GAO AN TAO BIEN 174.9G_T19_2,0.409662
CG_LT,19,,MM BIEN HOA,MM DA NANG,BANH GAO AN TAO BIEN 174.9G,2.622369,0.6,0.819324,2.392746,LT_BANH GAO AN TAO BIEN 174.9G_T19_2,0.409662
CG_LT,19,,MM HIEP PHU,MM BINH DUONG,BANH GAO AN TAO BIEN 174.9G,0.456663,0.6,0.819324,1.093322,LT_BANH GAO AN TAO BIEN 174.9G_T19_2,0.409662
CG_LT,19,,MM HIEP PHU,MM BINH PHU,BANH GAO AN TAO BIEN 174.9G,1.93479,0.6,0.819324,1.980198,LT_BANH GAO AN TAO BIEN 174.9G_T19_2,0.409662
CG_LT,19,,MM BIEN HOA,MM BINH PHU,BANH GAO AN TAO BIEN 174.9G,3.511752,0.6,2.0,4.107051,LT_BANH GAO AN TAO BIEN 174.9G_T19_3,1.0
CG_LT,19,,MM BIEN HOA,MM DA NANG,BANH GAO AN TAO BIEN 174.9G,8.930788,0.6,2.0,7.358473,LT_BANH GAO AN TAO BIEN 174.9G_T19_3,1.0
CG_LT,19,,MM HIEP PHU,MM DA NANG,BANH GAO AN TAO BIEN 174.9G,4.529806,0.6,2.0,4.717884,LT_BANH GAO AN TAO BIEN 174.9G_T19_3,1.0
CG_LT,19,,MM BIEN HOA,MM BINH DUONG,BANH GAO AN TAO BIEN 174.9G,5.131069,0.6,2.0,5.078641,LT_BANH GAO AN TAO BIEN 174.9G_T19_4,1.0
CG_LT,20,,MM BIEN HOA,MM BINH DUONG,BANH GAO AN TAO BIEN 174.9G,3.443184,0.6,0.929457,2.995367,LT_BANH GAO AN TAO BIEN 174.9G_T20_3,0.464728
CG_LT,20,,MM HIEP PHU,MM AN PHU,BANH GAO AN TAO BIEN 174.9G,1.519556,0.6,0.929457,1.84119,LT_BANH GAO AN TAO BIEN 174.9G_T20_3,0.464728
CG_LT,20,,MM HIEP PHU,MM BINH DUONG,BANH GAO AN TAO BIEN 174.9G,4.098653,0.6,0.929457,3.388648,LT_BANH GAO AN TAO BIEN 174.9G_T20_3,0.464728
CG_LT,20,,MM HIEP PHU,MM DA NANG,BANH GAO AN TAO BIEN 174.9G,2.769329,0.6,0.929457,2.591054,LT_BANH GAO AN TAO BIEN 174.9G_T20_3,0.464728
CG_LT,20,,MM BIEN HOA,MM BINH PHU,BANH GAO AN TAO BIEN 174.9G,4.753566,0.6,2.0,4.852139,LT_BANH GAO AN TAO BIEN 174.9G_T20_4,1.0
CG_LT,20,,MM HIEP PHU,MM AN PHU,BANH GAO AN TAO BIEN 174.9G,8.6926,0.6,2.0,7.21556,LT_BANH GAO AN TAO BIEN 174.9G_T20_4,1.0
CG_LT,20,,MM HIEP PHU,MM BINH PHU,BANH GAO AN TAO BIEN 174.9G,1.869159,0.6,2.0,3.121495,LT_BANH GAO AN TAO BIEN 174.9G_T20_4,1.0
CG_LT,20,,MM HIEP PHU,MM DA NANG,BANH GAO AN TAO BIEN 174.9G,8.626704,0.6,2.0,7.176022,LT_BANH GAO AN TAO BIEN 174.9G_T20_4,1.0
CG_LT,21,,MM HIEP PHU,MM AN PHU,BANH GAO AN TAO BIEN 174.9G,1.308721,0.6,0.476194,1.261427,LT_BANH GAO AN TAO BIEN 174.9G_T21_1,0.238097
CG_LT,21,,MM HIEP PHU,MM BINH DUONG,BANH GAO AN TAO BIEN 174.9G,0.560179,0.6,0.476194,0.812302,LT_BANH GAO AN TAO BIEN 174.9G_T21_1,0.238097
CG_LT,21,,MM BIEN HOA,MM BINH DUONG,BANH GAO AN TAO BIEN 174.9G,9.535942,0.6,2.0,7.721565,LT_BANH GAO AN TAO BIEN 174.9G_T21_2,1.0
CG_LT,21,,MM BIEN HOA,MM BINH PHU,BANH GAO AN TAO BIEN 174.9G,6.22502,0.6,2.0,5.735012,LT_BANH GAO AN TAO BIEN 174.9G_T21_2,1.0
CG_LT,21,,MM BIEN HOA,MM DA NANG,BANH GAO AN TAO BIEN 174.9G,2.016929,0.6,2.0,3.210158,LT_BANH GAO AN TAO BIEN 174.9G_T21_2,1.0
CG_LT,21,,MM HIEP PHU,MM BINH DUONG,BANH GAO AN TAO BIEN 174.9G,3.173738,0.6,2.0,3.904243,LT_BANH GAO AN TAO BIEN 174.9G_T21_2,1.0
CG_LT,21,,MM BIEN HOA,MM AN PHU,BANH GAO AN TAO BIEN 174.9G,4.676275,0.6,1.012692,3.818458,LT_BANH GAO AN TAO BIEN 174.9G_T21_3,0.506346
CG_LT,21,,MM HIEP PHU,MM BINH DUONG,BANH GAO AN TAO BIEN 174.9G,1.440039,0.6,1.012692,1.876716,LT_BANH GAO AN TAO BIEN 174.9G_T21_3,0.506346
CG_LT,21,,MM HIEP PHU,MM BINH PHU,BANH GAO AN TAO BIEN 174.9G,1.000418,0.6,1.012692,1.612943,LT_BANH GAO AN TAO BIEN 174.9G_T21_3,0.506346
CG_LT,21,,MM HIEP PHU,MM DA NANG,BANH GAO AN TAO BIEN 174.9G,3.089022,0.6,1.012692,2.866105,LT_BANH GAO AN TAO BIEN 174.9G_T21_3,0.506346
CG_LT,22,,MM BIEN HOA,MM BINH PHU,BANH GAO AN TAO BIEN 174.9G,2.582243,0.6,2.0,3.549346,LT_BANH GAO AN TAO BIEN 174.9G_T22_1,1.0
CG_LT,22,,MM BIEN HOA,MM AN PHU,BANH GAO AN TAO BIEN 174.9G,7.289261,0.6,2.0,6.373557,LT_BANH GAO AN TAO BIEN 174.9G_T22_2,1.0
CG_LT,22,,MM HIEP PHU,MM BINH DUONG,BANH GAO AN TAO BIEN 174.9G,4.765879,0.6,2.0,4.859527,LT_BANH GAO AN TAO BIEN 174.9G_T22_2,1.0
CG_LT,22,,MM BIEN HOA,MM BINH DUONG,BANH GAO AN TAO BIEN 174.9G,3.601497,0.6,2.0,4.160898,LT_BANH GAO AN TAO BIEN 174.9G_T22_3,1.0
CG_LT,22,,MM BIEN HOA,MM BINH PHU,BANH GAO AN TAO BIEN 174.9G,7.585753,0.6,2.0,6.551452,LT_BANH GAO AN TAO BIEN 174.9G_T22_3,1.0
CG_LT,22,,MM BIEN HOA,MM DA NANG,BANH GAO AN TAO BIEN 174.9G,4.387501,0.6,2.0,4.632501,LT_BANH GAO AN TAO BIEN 174.9G_T22_3,1.0
CG_LT,22,,MM HIEP PHU,MM BINH DUONG,BANH GAO AN TAO BIEN 174.9G,9.41515,0.6,2.0,7.64909,LT_BANH GAO AN TAO BIEN 174.9G_T22_3,1.0
CG_LT,22,,MM BIEN HOA,MM BINH DUONG,BANH GAO AN TAO BIEN 174.9G,8.177807,0.6,2.0,6.906684,LT_BANH GAO AN TAO BIEN 174.9G_T22_4,1.0
CG_LT,22,,MM HIEP PHU,MM DA NANG,BANH GAO AN TAO BIEN 174.9G,9.502639,0.6,2.0,7.701583,LT_BANH GAO AN TAO BIEN 174.9G_T22_4,1.0
CG_LT,22,,MM BIEN HOA,MM BINH DUONG,BANH GAO AN TAO BIEN 174.9G,9.550081,0.6,2.0,7.730048,LT_BANH GAO AN TAO BIEN 174.9G_T22_5,1.0
CG_LT,22,,MM BIEN HOA,MM BINH PHU,BANH GAO AN TAO BIEN 174.9G,6.289105,0.6,2.0,5.773463,LT_BANH GAO AN TAO BIEN 174.9G_T22_5,1.0
CG_LT,22,,MM BIEN HOA,MM DA NANG,BANH GAO AN TAO BIEN 174.9G,8.034097,0.6,2.0,6.820458,LT_BANH GAO AN TAO BIEN 174.9G_T22_5,1.0
CG_LT,22,,MM HIEP PHU,MM DA NANG,BANH GAO AN TAO BIEN 174.9G,1.493432,0.6,2.0,2.896059,LT_BANH GAO AN TAO BIEN 174.9G_T22_5,1.0
CG_LT,23,,MM HIEP PHU,MM BINH DUONG,BANH GAO AN TAO BIEN 174.9G,5.078208,0.6,2.0,5.046925,LT_BANH GAO AN TAO BIEN 174.9G_T23_2,1.0
CG_LT,23,,MM HIEP PHU,MM DA NANG,BANH GAO AN TAO BIEN 174.9G,2.279725,0.6,2.0,3.367835,LT_BANH GAO AN TAO BIEN 174.9G_T23_3,1.0
CG_LT,23,,MM BIEN HOA,MM AN PHU,BANH GAO AN TAO BIEN 174.9G,3.190904,0.6,1.772433,3.686975,LT_BANH GAO AN TAO BIEN 174.9G_T23_5,0.886216
CG_LT,23,,MM HIEP PHU,MM BINH DUONG,BANH GAO AN TAO BIEN 174.9G,4.253746,0.6,1.772433,4.32468,LT_BANH GAO AN TAO BIEN 174.9G_T23_5,0.886216
CG_LT,23,,MM HIEP PHU,MM BINH PHU,BANH GAO AN TAO BIEN 174.9G,7.061216,0.6,1.772433,6.009162,LT_BANH GAO AN TAO BIEN 174.9G_T23_5,0.886216
CG_LT,24,,MM BIEN HOA,MM BINH DUONG,BANH GAO AN TAO BIEN 174.9G,4.607801,0.6,2.0,4.76468,LT_BANH GAO AN TAO BIEN 174.9G_T24_1,1.0
CG_LT,24,,MM BIEN HOA,MM DA NANG,BANH GAO AN TAO BIEN 174.9G,7.261059,0.6,2.0,6.356635,LT_BANH GAO AN TAO BIEN 174.9G_T24_1,1.0
CG_LT,24,,MM BIEN HOA,MM BINH DUONG,BANH GAO AN TAO BIEN 174.9G,7.685865,0.6,1.639488,6.251007,LT_BANH GAO AN TAO BIEN 174.9G_T24_5,0.819744
CG_LT,24,,MM BIEN HOA,MM DA NANG,BANH GAO AN TAO BIEN 174.9G,0.876164,0.6,1.639488,2.165186,LT_BANH GAO AN TAO BIEN 174.9G_T24_5,0.819744
CG_LT,24,,MM HIEP PHU,MM AN PHU,BANH GAO AN TAO BIEN 174.9G,4.274675,0.6,1.639488,4.204293,LT_BANH GAO AN TAO BIEN 174.9G_T24_5,0.819744
CG_LT,25,,MM BIEN HOA,MM BINH DUONG,BANH GAO AN TAO BIEN 174.9G,5.181253,0.6,2.0,5.108752,LT_BANH GAO AN TAO BIEN 174.9G_T25_1,1.0
CG_LT,25,,MM BIEN HOA,MM BINH PHU,BANH GAO AN TAO BIEN 174.9G,6.262608,0.6,2.0,5.757565,LT_BANH GAO AN TAO BIEN 174.9G_T25_1,1.0
CG_LT,25,,MM HIEP PHU,MM DA NANG,BANH GAO AN TAO BIEN 174.9G,3.187794,0.6,2.0,3.912676,LT_BANH GAO AN TAO BIEN 174.9G_T25_1,1.0
CG_LT,25,,MM BIEN HOA,MM AN PHU,BANH GAO AN TAO BIEN 174.9G,4.807279,0.6,1.80287,4.687238,LT_BANH GAO AN TAO BIEN 174.9G_T25_2,0.901435
CG_LT,25,,MM HIEP PHU,MM AN PHU,BANH GAO AN TAO BIEN 174.9G,2.594988,0.6,1.80287,3.359863,LT_BANH GAO AN TAO BIEN 174.9G_T25_2,0.901435
CG_LT,25,,MM HIEP PHU,MM BINH DUONG,BANH GAO AN TAO BIEN 174.9G,8.820002,0.6,1.80287,7.094872,LT_BANH GAO AN TAO BIEN 174.9G_T25_2,0.901435
CG_LT,25,,MM BIEN HOA,MM DA NANG,BANH GAO AN TAO BIEN 174.9G,5.882479,0.6,2.0,5.529487,LT_BANH GAO AN TAO BIEN 174.9G_T25_3,1.0
CG_LT,25,,MM HIEP PHU,MM BINH PHU,BANH GAO AN TAO BIEN 174.9G,4.59809,0.6,2.0,4.758854,LT_BANH GAO AN TAO BIEN 174.9G_T25_3,1.0
CG_LT,25,,MM HIEP PHU,MM DA NANG,BANH GAO AN TAO BIEN 174.9G,3.757182,0.6,2.0,4.254309,LT_BANH GAO AN TAO BIEN 174.9G_T25_3,1.0
CG_LT,25,,MM BIEN HOA,MM DA NANG,BANH GAO AN TAO BIEN 174.9G,8.968612,0.6,2.0,7.381167,LT_BANH GAO AN TAO BIEN 174.9G_T25_5,1.0
CG_LT,25,,MM HIEP PHU,MM AN PHU,BANH GAO AN TAO BIEN 174.9G,1.49634,0.6,2.0,2.897804,LT_BANH GAO AN TAO BIEN 174.9G_T25_5,1.0
CG_LT,26,,MM BIEN HOA,MM AN PHU,BANH GAO AN TAO BIEN 174.9G,2.71,0.6,1.854881,3.480881,LT_BANH GAO AN TAO BIEN 174.9G_T26_1,0.927441
CG_LT,26,,MM BIEN HOA,MM DA NANG,BANH GAO AN TAO BIEN 174.9G,7.823655,0.6,1.854881,6.549074,LT_BANH GAO AN TAO BIEN 174.9G_T26_1,0.927441
CG_LT,26,,MM HIEP PHU,MM AN PHU,BANH GAO AN TAO BIEN 174.9G,6.677567,0.6,1.854881,5.861421,LT_BANH GAO AN TAO BIEN 174.9G_T26_1,0.927441
CG_LT,26,,MM HIEP PHU,MM DA NANG,BANH GAO AN TAO BIEN 174.9G,2.096515,0.6,1.854881,3.11279,LT_BANH GAO AN TAO BIEN 174.9G_T26_1,0.927441
CG_LT,27,,MM BIEN HOA,MM DA NANG,BANH GAO AN TAO BIEN 174.9G,7.655879,0.6,2.0,6.593527,LT_BANH GAO AN TAO BIEN 174.9G_T27_1,1.0
CG_LT,27,,MM HIEP PHU,MM AN PHU,BANH GAO AN TAO BIEN 174.9G,3.062597,0.6,2.0,3.837558,LT_BANH GAO AN TAO BIEN 174.9G_T27_1,1.0
CG_LT,27,,MM HIEP PHU,MM BINH DUONG,BANH GAO AN TAO BIEN 174.9G,1.975393,0.6,2.0,3.185236,LT_BANH GAO AN TAO BIEN 174.9G_T27_1,1.0
CG_LT,27,,MM HIEP PHU,MM DA NANG,BANH GAO AN TAO BIEN 174.9G,8.382874,0.6,2.0,7.029725,LT_BANH GAO AN TAO BIEN 174.9G_T27_1,1.0
CG_LT,27,,MM BIEN HOA,MM AN PHU,BANH GAO AN TAO BIEN 174.9G,4.592056,0.6,2.0,4.755233,LT_BANH GAO AN TAO BIEN 174.9G_T27_2,1.0
CG_LT,27,,MM BIEN HOA,MM BINH DUONG,BANH GAO AN TAO BIEN 174.9G,4.96038,0.6,2.0,4.976228,LT_BANH GAO AN TAO BIEN 174.9G_T27_2,1.0
CG_LT,27,,MM BIEN HOA,MM BINH PHU,BANH GAO AN TAO BIEN 174.9G,4.336485,0.6,2.0,4.601891,LT_BANH GAO AN TAO BIEN 174.9G_T27_2,1.0
CG_LT,27,,MM BIEN HOA,MM DA NANG,BANH GAO AN TAO BIEN 174.9G,1.954478,0.6,2.0,3.172687,LT_BANH GAO AN TAO BIEN 174.9G_T27_2,1.0
CG_LT,27,,MM HIEP PHU,MM AN PHU,BANH GAO AN TAO BIEN 174.9G,6.050659,0.6,2.0,5.630396,LT_BANH GAO AN TAO BIEN 174.9G_T27_3,1.0
CG_LT,27,,MM HIEP PHU,MM BINH DUONG,BANH GAO AN TAO BIEN 174.9G,8.131834,0.6,2.0,6.8791,LT_BANH GAO AN TAO BIEN 174.9G_T27_3,1.0
CG_LT,27,,MM BIEN HOA,MM BINH PHU,BANH GAO AN TAO BIEN 174.9G,3.597175,0.6,2.0,4.158305,LT_BANH GAO AN TAO BIEN 174.9G_T27_4,1.0
CG_LT,27,,MM HIEP PHU,MM AN PHU,BANH GAO AN TAO BIEN 174.9G,8.343115,0.6,2.0,7.005869,LT_BANH GAO AN TAO BIEN 174.9G_T27_4,1.0
CG_LT,27,,MM BIEN HOA,MM AN PHU,BANH GAO AN TAO BIEN 174.9G,3.313013,0.6,2.0,3.987808,LT_BANH GAO AN TAO BIEN 174.9G_T27_5,1.0
CG_LT,27,,MM BIEN HOA,MM DA NANG,BANH GAO AN TAO BIEN 174.9G,3.869735,0.6,2.0,4.321841,LT_BANH GAO AN TAO BIEN 174.9G_T27_5,1.0
CG_LT,27,,MM HIEP PHU,MM DA NANG,BANH GAO AN TAO BIEN 174.9G,2.540392,0.6,2.0,3.524235,LT_BANH GAO AN TAO BIEN 174.9G_T27_5,1.0
CG_LT,28,,MM BIEN HOA,MM BINH PHU,BANH GAO AN TAO BIEN 174.9G,9.35673,0.6,2.0,7.614038,LT_BANH GAO AN TAO BIEN 174.9G_T28_2,1.0
CG_LT,28,,MM HIEP PHU,MM AN PHU,BANH GAO AN TAO BIEN 174.9G,5.007905,0.6,2.0,5.004743,LT_BANH GAO AN TAO BIEN 174.9G_T28_2,1.0
CG_LT,28,,MM BIEN HOA,MM BINH PHU,BANH GAO AN TAO BIEN 174.9G,4.808619,0.6,1.769011,4.654182,LT_BANH GAO AN TAO BIEN 174.9G_T28_3,0.884505
CG_LT,28,,MM HIEP PHU,MM AN PHU,BANH GAO AN TAO BIEN 174.9G,0.980528,0.6,1.769011,2.357328,LT_BANH GAO AN TAO BIEN 174.9G_T28_3,0.884505
CG_LT,28,,MM HIEP PHU,MM BINH DUONG,BANH GAO AN TAO BIEN 174.9G,4.903144,0.6,1.769011,4.710897,LT_BANH GAO AN TAO BIEN 174.9G_T28_3,0.884505
CG_LT,28,,MM HIEP PHU,MM BINH PHU,BANH GAO AN TAO BIEN 174.9G,4.33908,0.6,1.769011,4.372459,LT_BANH GAO AN TAO BIEN 174.9G_T28_3,0.884505
CG_LT,28,,MM BIEN HOA,MM BINH PHU,BANH GAO AN TAO BIEN 174.9G,6.287179,0.6,2.0,5.772307,LT_BANH GAO AN TAO BIEN 174.9G_T28_4,1.0
CG_LT,28,,MM BIEN HOA,MM AN PHU,BANH GAO AN TAO BIEN 174.9G,1.917662,0.6,0.671932,1.822529,LT_BANH GAO AN TAO BIEN 174.9G_T28_5,0.335966
CG_LT,28,,MM HIEP PHU,MM AN PHU,BANH GAO AN TAO BIEN 174.9G,1.093905,0.6,0.671932,1.328275,LT_BANH GAO AN TAO BIEN 174.9G_T28_5,0.335966
CG_LT,29,,MM BIEN HOA,MM BINH PHU,BANH GAO AN TAO BIEN 174.9G,3.952298,0.6,2.0,4.371379,LT_BANH GAO AN TAO BIEN 174.9G_T29_1,1.0
CG_LT,29,,MM HIEP PHU,MM AN PHU,BANH GAO AN TAO BIEN 174.9G,1.940825,0.6,2.0,3.164495,LT_BANH GAO AN TAO BIEN 174.9G_T29_1,1.0
CG_LT,29,,MM HIEP PHU,MM BINH DUONG,BANH GAO AN TAO BIEN 174.9G,5.070397,0.6,2.0,5.042238,LT_BANH GAO AN TAO BIEN 174.9G_T29_1,1.0
CG_LT,29,,MM BIEN HOA,MM BINH DUONG,BANH GAO AN TAO BIEN 174.9G,4.536244,0.6,2.0,4.721746,LT_BANH GAO AN TAO BIEN 174.9G_T29_2,1.0
CG_LT,29,,MM BIEN HOA,MM DA NANG,BANH GAO AN TAO BIEN 174.9G,5.045563,0.6,2.0,5.027338,LT_BANH GAO AN TAO BIEN 174.9G_T29_2,1.0
CG_LT,29,,MM HIEP PHU,MM AN PHU,BANH GAO AN TAO BIEN 174.9G,5.228597,0.6,2.0,5.137158,LT_BANH GAO AN TAO BIEN 174.9G_T29_2,1.0
CG_LT,29,,MM HIEP PHU,MM BINH DUONG,BANH GAO AN TAO BIEN 174.9G,6.143428,0.6,2.0,5.686057,LT_BANH GAO AN TAO BIEN 174.9G_T29_2,1.0
CG_LT,29,,MM BIEN HOA,MM BINH PHU,BANH GAO AN TAO BIEN 174.9G,1.36506,0.6,1.8474,2.666436,LT_BANH GAO AN TAO BIEN 174.9G_T29_3,0.9237
CG_LT,29,,MM HIEP PHU,MM BINH DUONG,BANH GAO AN TAO BIEN 174.9G,3.159793,0.6,1.8474,3.743275,LT_BANH GAO AN TAO BIEN 174.9G_T29_3,0.9237
CG_LT,29,,MM HIEP PHU,MM DA NANG,BANH GAO AN TAO BIEN 174.9G,1.429866,0.6,1.8474,2.705319,LT_BANH GAO AN TAO BIEN 174.9G_T29_3,0.9237
CG_LT,29,,MM BIEN HOA,MM AN PHU,BANH GAO AN TAO BIEN 174.9G,4.830578,0.6,1.340554,4.238901,LT_BANH GAO AN TAO BIEN 174.9G_T29_4,0.670277
CG_LT,29,,MM BIEN HOA,MM BINH DUONG,BANH GAO AN TAO BIEN 174.9G,3.090137,0.6,1.340554,3.194637,LT_BANH GAO AN TAO BIEN 174.9G_T29_4,0.670277
CG_LT,29,,MM BIEN HOA,MM BINH PHU,BANH GAO AN TAO BIEN 174.9G,0.727359,0.6,1.340554,1.77697,LT_BANH GAO AN TAO BIEN 174.9G_T29_4,0.670277
CG_LT,29,,MM BIEN HOA,MM DA NANG,BANH GAO AN TAO BIEN 174.9G,2.490269,0.6,1.340554,2.834716,LT_BANH GAO AN TAO BIEN 174.9G_T29_4,0.670277
CG_LT,29,,MM BIEN HOA,MM BINH PHU,BANH GAO AN TAO BIEN 174.9G,7.955282,0.6,1.714798,6.487967,LT_BANH GAO AN TAO BIEN 174.9G_T29_5,0.857399
CG_LT,2,,MM AN PHU,MM DA NANG,BANH GAO AN TAO BIEN 174.9G,1.154139,0.6,0.358622,1.051106,LT_BANH GAO AN TAO BIEN 174.9G_T2_2,0.179311
CG_LT,2,,MM BIEN HOA,MM DA NANG,BANH GAO AN TAO BIEN 174.9G,1.128572,0.6,0.358622,1.035765,LT_BANH GAO AN TAO BIEN 174.9G_T2_2,0.179311
CG_LT,2,,MM BINH DUONG,MM DA NANG,BANH GAO AN TAO BIEN 174.9G,1.429556,0.6,0.358622,1.216356,LT_BANH GAO AN TAO BIEN 174.9G_T2_2,0.179311
CG_LT,2,,MM BINH PHU,MM DA NANG,BANH GAO AN TAO BIEN 174.9G,0.465109,0.6,0.358622,0.637688,LT_BANH GAO AN TAO BIEN 174.9G_T2_2,0.179311
CG_LT,2,,MM AN PHU,MM DA NANG,BANH GAO AN TAO BIEN 174.9G,4.544526,0.6,2.0,4.726715,LT_BANH GAO AN TAO BIEN 174.9G_T2_4,1.0
CG_LT,2,,MM BINH PHU,MM DA NANG,BANH GAO AN TAO BIEN 174.9G,8.848682,0.6,2.0,7.309209,LT_BANH GAO AN TAO BIEN 174.9G_T2_4,1.0
CG_LT,2,,MM HIEP PHU,MM DA NANG,BANH GAO AN TAO BIEN 174.9G,9.735447,0.6,2.0,7.841268,LT_BANH GAO AN TAO BIEN 174.9G_T2_4,1.0
CG_LT,2,,MM AN PHU,MM DA NANG,BANH GAO AN TAO BIEN 174.9G,7.309107,0.6,2.0,6.385464,LT_BANH GAO AN TAO BIEN 174.9G_T2_5,1.0
CG_LT,2,,MM BIEN HOA,MM DA NANG,BANH GAO AN TAO BIEN 174.9G,6.08674,0.6,2.0,5.652044,LT_BANH GAO AN TAO BIEN 174.9G_T2_5,1.0
CG_LT,2,,MM BINH DUONG,MM DA NANG,BANH GAO AN TAO BIEN 174.9G,7.472596,0.6,2.0,6.483557,LT_BANH GAO AN TAO BIEN 174.9G_T2_5,1.0
CG_LT,2,,MM HIEP PHU,MM DA NANG,BANH GAO AN TAO BIEN 174.9G,4.705526,0.6,2.0,4.823316,LT_BANH GAO AN TAO BIEN 174.9G_T2_5,1.0
CG_LT,30,,MM BIEN HOA,MM AN PHU,BANH GAO AN TAO BIEN 174.9G,8.154533,0.6,2.0,6.89272,LT_BANH GAO AN TAO BIEN 174.9G_T30_1,1.0
CG_LT,30,,MM BIEN HOA,MM BINH DUONG,BANH GAO AN TAO BIEN 174.9G,6.539988,0.6,2.0,5.923993,LT_BANH GAO AN TAO BIEN 174.9G_T30_1,1.0
CG_LT,30,,MM HIEP PHU,MM AN PHU,BANH GAO AN TAO BIEN 174.9G,8.852192,0.6,2.0,7.311315,LT_BANH GAO AN TAO BIEN 174.9G_T30_1,1.0
CG_LT,30,,MM HIEP PHU,MM BINH PHU,BANH GAO AN TAO BIEN 174.9G,5.045229,0.6,2.0,5.027137,LT_BANH GAO AN TAO BIEN 174.9G_T30_1,1.0
CG_LT,30,,MM BIEN HOA,MM AN PHU,BANH GAO AN TAO BIEN 174.9G,0.394369,0.6,0.188285,0.424907,LT_BANH GAO AN TAO BIEN 174.9G_T30_3,0.094143
CG_LT,30,,MM HIEP PHU,MM AN PHU,BANH GAO AN TAO BIEN 174.9G,0.528084,0.6,0.188285,0.505135,LT_BANH GAO AN TAO BIEN 174.9G_T30_3,0.094143
CG_LT,30,,MM HIEP PHU,MM BINH DUONG,BANH GAO AN TAO BIEN 174.9G,0.652012,0.6,0.188285,0.579492,LT_BANH GAO AN TAO BIEN 174.9G_T30_3,0.094143
CG_LT,30,,MM HIEP PHU,MM DA NANG,BANH GAO AN TAO BIEN 174.9G,0.729579,0.6,0.188285,0.626033,LT_BANH GAO AN TAO BIEN 174.9G_T30_3,0.094143
CG_LT,30,,MM BIEN HOA,MM AN PHU,BANH GAO AN TAO BIEN 174.9G,5.043753,0.6,1.12779,4.154042,LT_BANH GAO AN TAO BIEN 174.9G_T30_4,0.563895
CG_LT,30,,MM BIEN HOA,MM BINH PHU,BANH GAO AN TAO BIEN 174.9G,1.353826,0.6,1.12779,1.940086,LT_BANH GAO AN TAO BIEN 174.9G_T30_4,0.563895
CG_LT,30,,MM HIEP PHU,MM BINH PHU,BANH GAO AN TAO BIEN 174.9G,3.548285,0.6,1.12779,3.256761,LT_BANH GAO AN TAO BIEN 174.9G_T30_4,0.563895
CG_LT,30,,MM HIEP PHU,MM DA NANG,BANH GAO AN TAO BIEN 174.9G,3.249869,0.6,1.12779,3.077712,LT_BANH GAO AN TAO BIEN 174.9G_T30_4,0.563895
CG_LT,30,,MM BIEN HOA,MM AN PHU,BANH GAO AN TAO BIEN 174.9G,7.097945,0.6,2.0,6.258767,LT_BANH GAO AN TAO BIEN 174.9G_T30_5,1.0
CG_LT,30,,MM BIEN HOA,MM BINH PHU,BANH GAO AN TAO BIEN 174.9G,1.839839,0.6,2.0,3.103903,LT_BANH GAO AN TAO BIEN 174.9G_T30_5,1.0
CG_LT,30,,MM HIEP PHU,MM BINH PHU,BANH GAO AN TAO BIEN 174.9G,8.896757,0.6,2.0,7.338054,LT_BANH GAO AN TAO BIEN 174.9G_T30_5,1.0
CG_LT,31,,MM BIEN HOA,MM AN PHU,BANH GAO AN TAO BIEN 174.9G,3.335395,0.6,2.0,4.001237,LT_BANH GAO AN TAO BIEN 174.9G_T31_2,1.0
CG_LT,31,,MM BIEN HOA,MM BINH PHU,BANH GAO AN TAO BIEN 174.9G,4.213483,0.6,2.0,4.52809,LT_BANH GAO AN TAO BIEN 174.9G_T31_2,1.0
CG_LT,31,,MM BINH DUONG,MM BINH PHU,BANH GAO AN TAO BIEN 174.9G,5.246527,0.6,2.0,5.147916,LT_BANH GAO AN TAO BIEN 174.9G_T31_2,1.0
CG_LT,31,,MM BINH DUONG,MM DA NANG,BANH GAO AN TAO BIEN 174.9G,1.0174,0.6,2.0,2.61044,LT_BANH GAO AN TAO BIEN 174.9G_T31_2,1.0
CG_LT,31,,MM BIEN HOA,MM AN PHU,BANH GAO AN TAO BIEN 174.9G,0.954768,0.6,1.303548,1.876409,LT_BANH GAO AN TAO BIEN 174.9G_T31_3,0.651774
CG_LT,31,,MM BINH DUONG,MM AN PHU,BANH GAO AN TAO BIEN 174.9G,4.709837,0.6,1.303548,4.12945,LT_BANH GAO AN TAO BIEN 174.9G_T31_3,0.651774
CG_LT,31,,MM BINH DUONG,MM BINH PHU,BANH GAO AN TAO BIEN 174.9G,2.50867,0.6,1.303548,2.80875,LT_BANH GAO AN TAO BIEN 174.9G_T31_3,0.651774
CG_LT,31,,MM HIEP PHU,MM BINH PHU,BANH GAO AN TAO BIEN 174.9G,0.894647,0.6,1.303548,1.840337,LT_BANH GAO AN TAO BIEN 174.9G_T31_3,0.651774
CG_LT,32,,MM BIEN HOA,MM BINH PHU,BANH GAO AN TAO BIEN 174.9G,0.318722,0.6,0.177218,0.368451,LT_BANH GAO AN TAO BIEN 174.9G_T32_1,0.088609
CG_LT,32,,MM BINH DUONG,MM DA NANG,BANH GAO AN TAO BIEN 174.9G,0.118118,0.6,0.177218,0.248089,LT_BANH GAO AN TAO BIEN 174.9G_T32_1,0.088609
CG_LT,32,,MM HIEP PHU,MM AN PHU,BANH GAO AN TAO BIEN 174.9G,0.180073,0.6,0.177218,0.285262,LT_BANH GAO AN TAO BIEN 174.9G_T32_1,0.088609
CG_LT,32,,MM BIEN HOA,MM AN PHU,BANH GAO AN TAO BIEN 174.9G,1.424606,0.6,2.0,2.854764,LT_BANH GAO AN TAO BIEN 174.9G_T32_2,1.0
CG_LT,32,,MM BINH DUONG,MM AN PHU,BANH GAO AN TAO BIEN 174.9G,2.298995,0.6,2.0,3.379397,LT_BANH GAO AN TAO BIEN 174.9G_T32_2,1.0
CG_LT,32,,MM BINH DUONG,MM BINH PHU,BANH GAO AN TAO BIEN 174.9G,3.112188,0.6,2.0,3.867313,LT_BANH GAO AN TAO BIEN 174.9G_T32_2,1.0
CG_LT,32,,MM HIEP PHU,MM DA NANG,BANH GAO AN TAO BIEN 174.9G,8.088861,0.6,2.0,6.853317,LT_BANH GAO AN TAO BIEN 174.9G_T32_2,1.0
CG_LT,32,,MM BINH DUONG,MM DA NANG,BANH GAO AN TAO BIEN 174.9G,9.213752,0.6,2.0,7.528251,LT_BANH GAO AN TAO BIEN 174.9G_T32_3,1.0
CG_LT,32,,MM HIEP PHU,MM DA NANG,BANH GAO AN TAO BIEN 174.9G,3.03046,0.6,2.0,3.818276,LT_BANH GAO AN TAO BIEN 174.9G_T32_3,1.0
CG_LT,32,,MM HIEP PHU,MM DA NANG,BANH GAO AN TAO BIEN 174.9G,2.582892,0.6,2.0,3.549735,LT_BANH GAO AN TAO BIEN 174.9G_T32_4,1.0
CG_LT,32,,MM HIEP PHU,MM AN PHU,BANH GAO AN TAO BIEN 174.9G,2.50122,0.6,2.0,3.500732,LT_BANH GAO AN TAO BIEN 174.9G_T32_5,1.0
CG_LT,32,,MM HIEP PHU,MM DA NANG,BANH GAO AN TAO BIEN 174.9G,8.773917,0.6,2.0,7.26435,LT_BANH GAO AN TAO BIEN 174.9G_T32_5,1.0
CG_LT,33,,MM BINH DUONG,MM BINH PHU,BANH GAO AN TAO BIEN 174.9G,2.824561,0.6,0.97653,2.671267,LT_BANH GAO AN TAO BIEN 174.9G_T33_1,0.488265
CG_LT,33,,MM HIEP PHU,MM AN PHU,BANH GAO AN TAO BIEN 174.9G,2.979399,0.6,0.97653,2.76417,LT_BANH GAO AN TAO BIEN 174.9G_T33_1,0.488265
CG_LT,33,,MM BINH DUONG,MM AN PHU,BANH GAO AN TAO BIEN 174.9G,0.043715,0.6,0.052525,0.078754,LT_BANH GAO AN TAO BIEN 174.9G_T33_2,0.026262
CG_LT,33,,MM BINH DUONG,MM DA NANG,BANH GAO AN TAO BIEN 174.9G,0.139267,0.6,0.052525,0.136085,LT_BANH GAO AN TAO BIEN 174.9G_T33_2,0.026262
CG_LT,33,,MM HIEP PHU,MM AN PHU,BANH GAO AN TAO BIEN 174.9G,0.153578,0.6,0.052525,0.144671,LT_BANH GAO AN TAO BIEN 174.9G_T33_2,0.026262
CG_LT,33,,MM HIEP PHU,MM BINH PHU,BANH GAO AN TAO BIEN 174.9G,0.079499,0.6,0.052525,0.100224,LT_BANH GAO AN TAO BIEN 174.9G_T33_2,0.026262
CG_LT,33,,MM BINH DUONG,MM BINH PHU,BANH GAO AN TAO BIEN 174.9G,2.672309,0.6,0.651403,2.254788,LT_BANH GAO AN TAO BIEN 174.9G_T33_4,0.325701
CG_LT,33,,MM HIEP PHU,MM DA NANG,BANH GAO AN TAO BIEN 174.9G,1.333911,0.6,0.651403,1.451749,LT_BANH GAO AN TAO BIEN 174.9G_T33_4,0.325701
CG_LT,33,,MM BIEN HOA,MM DA NANG,BANH GAO AN TAO BIEN 174.9G,8.828836,0.6,2.0,7.297302,LT_BANH GAO AN TAO BIEN 174.9G_T33_5,1.0
CG_LT,33,,MM BINH DUONG,MM AN PHU,BANH GAO AN TAO BIEN 174.9G,3.127392,0.6,2.0,3.876435,LT_BANH GAO AN TAO BIEN 174.9G_T33_5,1.0
CG_LT,33,,MM HIEP PHU,MM AN PHU,BANH GAO AN TAO BIEN 174.9G,1.695916,0.6,2.0,3.01755,LT_BANH GAO AN TAO BIEN 174.9G_T33_5,1.0
CG_LT,34,,MM BIEN HOA,MM AN PHU,BANH GAO AN TAO BIEN 174.9G,4.55237,0.6,1.029151,3.760573,LT_BANH GAO AN TAO BIEN 174.9G_T34_1,0.514575
CG_LT,34,,MM HIEP PHU,MM DA NANG,BANH GAO AN TAO BIEN 174.9G,2.361303,0.6,1.029151,2.445933,LT_BANH GAO AN TAO BIEN 174.9G_T34_1,0.514575
CG_LT,34,,MM BIEN HOA,MM DA NANG,BANH GAO AN TAO BIEN 174.9G,3.297276,0.6,1.291058,3.269424,LT_BANH GAO AN TAO BIEN 174.9G_T34_3,0.645529
CG_LT,34,,MM BIEN HOA,MM BINH PHU,BANH GAO AN TAO BIEN 174.9G,1.134354,0.6,1.908203,2.588815,LT_BANH GAO AN TAO BIEN 174.9G_T34_4,0.954101
CG_LT,34,,MM BINH DUONG,MM AN PHU,BANH GAO AN TAO BIEN 174.9G,4.44763,0.6,1.908203,4.576781,LT_BANH GAO AN TAO BIEN 174.9G_T34_4,0.954101
CG_LT,34,,MM BINH DUONG,MM BIEN HOA,BANH GAO AN TAO BIEN 174.9G,3.169667,0.6,1.908203,3.810003,LT_BANH GAO AN TAO BIEN 174.9G_T34_4,0.954101
CG_LT,34,,MM HIEP PHU,MM DA NANG,BANH GAO AN TAO BIEN 174.9G,2.64502,0.6,1.908203,3.495215,LT_BANH GAO AN TAO BIEN 174.9G_T34_4,0.954101
CG_LT,35,,MM BINH DUONG,MM BIEN HOA,BANH GAO AN TAO BIEN 174.9G,2.811109,0.6,1.136433,2.823098,LT_BANH GAO AN TAO BIEN 174.9G_T35_1,0.568216
CG_LT,35,,MM HIEP PHU,MM BIEN HOA,BANH GAO AN TAO BIEN 174.9G,2.973209,0.6,1.136433,2.920358,LT_BANH GAO AN TAO BIEN 174.9G_T35_1,0.568216
CG_LT,35,,MM BINH DUONG,MM BIEN HOA,BANH GAO AN TAO BIEN 174.9G,8.699142,0.6,1.928123,7.147608,LT_BANH GAO AN TAO BIEN 174.9G_T35_2,0.964061
CG_LT,35,,MM BINH DUONG,MM BINH PHU,BANH GAO AN TAO BIEN 174.9G,7.719758,0.6,1.928123,6.559977,LT_BANH GAO AN TAO BIEN 174.9G_T35_2,0.964061
CG_LT,35,,MM BINH DUONG,MM DA NANG,BANH GAO AN TAO BIEN 174.9G,9.24536,0.6,1.928123,7.475339,LT_BANH GAO AN TAO BIEN 174.9G_T35_2,0.964061
CG_LT,35,,MM HIEP PHU,MM BINH PHU,BANH GAO AN TAO BIEN 174.9G,9.503716,0.6,1.928123,7.630352,LT_BANH GAO AN TAO BIEN 174.9G_T35_2,0.964061
CG_LT,35,,MM BINH DUONG,MM DA NANG,BANH GAO AN TAO BIEN 174.9G,1.426628,0.6,1.419074,2.27505,LT_BANH GAO AN TAO BIEN 174.9G_T35_5,0.709537
CG_LT,35,,MM HIEP PHU,MM AN PHU,BANH GAO AN TAO BIEN 174.9G,4.39865,0.6,1.419074,4.058264,LT_BANH GAO AN TAO BIEN 174.9G_T35_5,0.709537
CG_LT,35,,MM HIEP PHU,MM BINH PHU,BANH GAO AN TAO BIEN 174.9G,4.021813,0.6,1.419074,3.832162,LT_BANH GAO AN TAO BIEN 174.9G_T35_5,0.709537
CG_LT,35,,MM HIEP PHU,MM DA NANG,BANH GAO AN TAO BIEN 174.9G,1.481653,0.6,1.419074,2.308066,LT_BANH GAO AN TAO BIEN 174.9G_T35_5,0.709537
CG_LT,36,,MM BIEN HOA,MM AN PHU,BANH GAO AN TAO BIEN 174.9G,8.936111,0.6,2.0,7.361667,LT_BANH GAO AN TAO BIEN 174.9G_T36_1,1.0
CG_LT,36,,MM HIEP PHU,MM AN PHU,BANH GAO AN TAO BIEN 174.9G,4.063889,0.6,0.990683,3.429016,LT_BANH GAO AN TAO BIEN 174.9G_T36_3,0.495341
CG_LT,36,,MM HIEP PHU,MM BINH PHU,BANH GAO AN TAO BIEN 174.9G,1.964855,0.6,0.990683,2.169596,LT_BANH GAO AN TAO BIEN 174.9G_T36_3,0.495341
CG_LT,37,,MM BINH DUONG,MM BIEN HOA,BANH GAO AN TAO BIEN 174.9G,5.677829,0.6,2.0,5.406697,LT_BANH GAO AN TAO BIEN 174.9G_T37_1,1.0
CG_LT,37,,MM BINH DUONG,MM BINH PHU,BANH GAO AN TAO BIEN 174.9G,3.742931,0.6,2.0,4.245758,LT_BANH GAO AN TAO BIEN 174.9G_T37_1,1.0
CG_LT,37,,MM BINH DUONG,MM DA NANG,BANH GAO AN TAO BIEN 174.9G,7.187411,0.6,2.0,6.312447,LT_BANH GAO AN TAO BIEN 174.9G_T37_1,1.0
CG_LT,37,,MM HIEP PHU,MM AN PHU,BANH GAO AN TAO BIEN 174.9G,7.78839,0.6,2.0,6.673034,LT_BANH GAO AN TAO BIEN 174.9G_T37_1,1.0
CG_LT,37,,MM BIEN HOA,MM BINH PHU,BANH GAO AN TAO BIEN 174.9G,2.185148,0.6,2.0,3.311089,LT_BANH GAO AN TAO BIEN 174.9G_T37_3,1.0
CG_LT,37,,MM BINH DUONG,MM BINH PHU,BANH GAO AN TAO BIEN 174.9G,5.25321,0.6,2.0,5.151926,LT_BANH GAO AN TAO BIEN 174.9G_T37_3,1.0
CG_LT,37,,MM HIEP PHU,MM AN PHU,BANH GAO AN TAO BIEN 174.9G,8.265621,0.6,2.0,6.959373,LT_BANH GAO AN TAO BIEN 174.9G_T37_3,1.0
CG_LT,37,,MM BIEN HOA,MM BINH PHU,BANH GAO AN TAO BIEN 174.9G,0.598951,0.6,1.102617,1.461988,LT_BANH GAO AN TAO BIEN 174.9G_T37_5,0.551309
CG_LT,37,,MM BINH DUONG,MM AN PHU,BANH GAO AN TAO BIEN 174.9G,1.068759,0.6,1.102617,1.743873,LT_BANH GAO AN TAO BIEN 174.9G_T37_5,0.551309
CG_LT,37,,MM BINH DUONG,MM BINH PHU,BANH GAO AN TAO BIEN 174.9G,5.232183,0.6,1.102617,4.241927,LT_BANH GAO AN TAO BIEN 174.9G_T37_5,0.551309
CG_LT,37,,MM HIEP PHU,MM BINH PHU,BANH GAO AN TAO BIEN 174.9G,2.987577,0.6,1.102617,2.895163,LT_BANH GAO AN TAO BIEN 174.9G_T37_5,0.551309
CG_LT,38,,MM BINH DUONG,MM DA NANG,BANH GAO AN TAO BIEN 174.9G,1.236863,0.6,0.600496,1.342614,LT_BANH GAO AN TAO BIEN 174.9G_T38_2,0.300248
CG_LT,38,,MM HIEP PHU,MM AN PHU,BANH GAO AN TAO BIEN 174.9G,1.626404,0.6,0.600496,1.576338,LT_BANH GAO AN TAO BIEN 174.9G_T38_2,0.300248
CG_LT,38,,MM HIEP PHU,MM BINH PHU,BANH GAO AN TAO BIEN 174.9G,1.66446,0.6,0.600496,1.599172,LT_BANH GAO AN TAO BIEN 174.9G_T38_2,0.300248
CG_LT,38,,MM BINH DUONG,MM AN PHU,BANH GAO AN TAO BIEN 174.9G,6.894927,0.6,2.0,6.136956,LT_BANH GAO AN TAO BIEN 174.9G_T38_3,1.0
CG_LT,38,,MM HIEP PHU,MM AN PHU,BANH GAO AN TAO BIEN 174.9G,9.783781,0.6,2.0,7.870269,LT_BANH GAO AN TAO BIEN 174.9G_T38_3,1.0
CG_LT,38,,MM HIEP PHU,MM BIEN HOA,BANH GAO AN TAO BIEN 174.9G,1.336763,0.6,2.0,2.802058,LT_BANH GAO AN TAO BIEN 174.9G_T38_3,1.0
CG_LT,38,,MM HIEP PHU,MM DA NANG,BANH GAO AN TAO BIEN 174.9G,3.068248,0.6,2.0,3.840949,LT_BANH GAO AN TAO BIEN 174.9G_T38_3,1.0
CG_LT,38,,MM BINH DUONG,MM BINH PHU,BANH GAO AN TAO BIEN 174.9G,2.980709,0.6,2.0,3.788425,LT_BANH GAO AN TAO BIEN 174.9G_T38_4,1.0
CG_LT,38,,MM HIEP PHU,MM AN PHU,BANH GAO AN TAO BIEN 174.9G,6.895691,0.6,2.0,6.137415,LT_BANH GAO AN TAO BIEN 174.9G_T38_4,1.0
CG_LT,38,,MM BINH DUONG,MM AN PHU,BANH GAO AN TAO BIEN 174.9G,0.415197,0.6,0.085329,0.334447,LT_BANH GAO AN TAO BIEN 174.9G_T38_5,0.042664
CG_LT,38,,MM HIEP PHU,MM BIEN HOA,BANH GAO AN TAO BIEN 174.9G,0.091053,0.6,0.085329,0.13996,LT_BANH GAO AN TAO BIEN 174.9G_T38_5,0.042664
CG_LT,38,,MM HIEP PHU,MM DA NANG,BANH GAO AN TAO BIEN 174.9G,0.352892,0.6,0.085329,0.297064,LT_BANH GAO AN TAO BIEN 174.9G_T38_5,0.042664
CG_LT,39,,MM HIEP PHU,MM AN PHU,BANH GAO AN TAO BIEN 174.9G,2.571203,0.6,2.0,3.542722,LT_BANH GAO AN TAO BIEN 174.9G_T39_1,1.0
CG_LT,39,,MM HIEP PHU,MM BIEN HOA,BANH GAO AN TAO BIEN 174.9G,9.474498,0.6,2.0,7.684699,LT_BANH GAO AN TAO BIEN 174.9G_T39_1,1.0
CG_LT,39,,MM HIEP PHU,MM BINH PHU,BANH GAO AN TAO BIEN 174.9G,7.097523,0.6,2.0,6.258514,LT_BANH GAO AN TAO BIEN 174.9G_T39_1,1.0
CG_LT,39,,MM BINH DUONG,MM AN PHU,BANH GAO AN TAO BIEN 174.9G,1.523591,0.6,0.968053,1.882208,LT_BANH GAO AN TAO BIEN 174.9G_T39_2,0.484027
CG_LT,39,,MM BINH DUONG,MM DA NANG,BANH GAO AN TAO BIEN 174.9G,4.545522,0.6,0.968053,3.695366,LT_BANH GAO AN TAO BIEN 174.9G_T39_2,0.484027
CG_LT,39,,MM HIEP PHU,MM DA NANG,BANH GAO AN TAO BIEN 174.9G,2.549752,0.6,0.968053,2.497904,LT_BANH GAO AN TAO BIEN 174.9G_T39_2,0.484027
CG_LT,39,,MM BINH DUONG,MM BIEN HOA,BANH GAO AN TAO BIEN 174.9G,3.525502,0.6,1.000619,3.115921,LT_BANH GAO AN TAO BIEN 174.9G_T39_3,0.50031
CG_LT,39,,MM BINH DUONG,MM DA NANG,BANH GAO AN TAO BIEN 174.9G,3.076643,0.6,1.000619,2.846605,LT_BANH GAO AN TAO BIEN 174.9G_T39_3,0.50031
CG_LT,39,,MM HIEP PHU,MM AN PHU,BANH GAO AN TAO BIEN 174.9G,1.224214,0.6,1.000619,1.735148,LT_BANH GAO AN TAO BIEN 174.9G_T39_3,0.50031
CG_LT,39,,MM HIEP PHU,MM DA NANG,BANH GAO AN TAO BIEN 174.9G,1.230709,0.6,1.000619,1.739045,LT_BANH GAO AN TAO BIEN 174.9G_T39_3,0.50031
CG_LT,39,,MM BINH DUONG,MM BINH PHU,BANH GAO AN TAO BIEN 174.9G,5.195549,0.6,1.923112,5.040442,LT_BANH GAO AN TAO BIEN 174.9G_T39_5,0.961556
CG_LT,3,,MM AN PHU,MM HIEP PHU,BANH GAO AN TAO BIEN 174.9G,7.56836,0.6,1.69448,6.235496,LT_BANH GAO AN TAO BIEN 174.9G_T3_1,0.84724
CG_LT,3,,MM BINH DUONG,MM DA NANG,BANH GAO AN TAO BIEN 174.9G,1.665652,0.6,1.69448,2.693871,LT_BANH GAO AN TAO BIEN 174.9G_T3_1,0.84724
CG_LT,3,,MM BINH PHU,MM HIEP PHU,BANH GAO AN TAO BIEN 174.9G,7.497397,0.6,1.69448,6.192918,LT_BANH GAO AN TAO BIEN 174.9G_T3_1,0.84724
CG_LT,3,,MM BINH PHU,MM DA NANG,BANH GAO AN TAO BIEN 174.9G,1.334348,0.6,1.207872,2.008481,LT_BANH GAO AN TAO BIEN 174.9G_T3_4,0.603936
CG_LT,3,,MM BINH PHU,MM HIEP PHU,BANH GAO AN TAO BIEN 174.9G,4.550243,0.6,1.207872,3.938018,LT_BANH GAO AN TAO BIEN 174.9G_T3_4,0.603936
CG_LT,40,,MM BINH DUONG,MM BIEN HOA,BANH GAO AN TAO BIEN 174.9G,1.212067,0.6,1.163333,1.890573,LT_BANH GAO AN TAO BIEN 174.9G_T40_3,0.581666
CG_LT,40,,MM BINH DUONG,MM AN PHU,BANH GAO AN TAO BIEN 174.9G,1.291884,0.6,1.989865,2.764995,LT_BANH GAO AN TAO BIEN 174.9G_T40_4,0.994933
CG_LT,40,,MM BINH DUONG,MM BINH PHU,BANH GAO AN TAO BIEN 174.9G,9.435407,0.6,1.989865,7.651109,LT_BANH GAO AN TAO BIEN 174.9G_T40_4,0.994933
CG_LT,40,,MM BINH DUONG,MM BINH PHU,BANH GAO AN TAO BIEN 174.9G,5.564593,0.6,1.658762,4.997518,LT_BANH GAO AN TAO BIEN 174.9G_T40_5,0.829381
CG_LT,40,,MM HIEP PHU,MM AN PHU,BANH GAO AN TAO BIEN 174.9G,7.065545,0.6,1.658762,5.898089,LT_BANH GAO AN TAO BIEN 174.9G_T40_5,0.829381
CG_LT,40,,MM HIEP PHU,MM BIEN HOA,BANH GAO AN TAO BIEN 174.9G,5.787933,0.6,1.658762,5.131522,LT_BANH GAO AN TAO BIEN 174.9G_T40_5,0.829381
CG_LT,40,,MM HIEP PHU,MM DA NANG,BANH GAO AN TAO BIEN 174.9G,4.504645,0.6,1.658762,4.361549,LT_BANH GAO AN TAO BIEN 174.9G_T40_5,0.829381
CG_LT,42,,MM HIEP PHU,MM BINH PHU,BANH GAO AN TAO BIEN 174.9G,4.415482,0.6,2.0,4.649289,LT_BANH GAO AN TAO BIEN 174.9G_T42_2,1.0
CG_LT,42,,MM BINH DUONG,MM BINH PHU,BANH GAO AN TAO BIEN 174.9G,4.306,0.6,2.0,4.5836,LT_BANH GAO AN TAO BIEN 174.9G_T42_3,1.0
CG_LT,42,,MM BIEN HOA,MM BINH PHU,BANH GAO AN TAO BIEN 174.9G,4.200833,0.6,2.0,4.5205,LT_BANH GAO AN TAO BIEN 174.9G_T42_4,1.0
CG_LT,42,,MM HIEP PHU,MM DA NANG,BANH GAO AN TAO BIEN 174.9G,5.026351,0.6,2.0,5.015811,LT_BANH GAO AN TAO BIEN 174.9G_T42_4,1.0
CG_LT,42,,MM BIEN HOA,MM AN PHU,BANH GAO AN TAO BIEN 174.9G,1.758968,0.6,1.53071,2.586091,LT_BANH GAO AN TAO BIEN 174.9G_T42_5,0.765355
CG_LT,42,,MM BINH DUONG,MM AN PHU,BANH GAO AN TAO BIEN 174.9G,7.474984,0.6,1.53071,6.015701,LT_BANH GAO AN TAO BIEN 174.9G_T42_5,0.765355
CG_LT,42,,MM HIEP PHU,MM DA NANG,BANH GAO AN TAO BIEN 174.9G,7.471586,0.6,1.53071,6.013662,LT_BANH GAO AN TAO BIEN 174.9G_T42_5,0.765355
CG_LT,43,,MM BINH DUONG,MM BIEN HOA,BANH GAO AN TAO BIEN 174.9G,0.789103,0.6,0.922711,1.396173,LT_BANH GAO AN TAO BIEN 174.9G_T43_4,0.461355
CG_LT,43,,MM BINH DUONG,MM BINH PHU,BANH GAO AN TAO BIEN 174.9G,2.430471,0.6,0.922711,2.380993,LT_BANH GAO AN TAO BIEN 174.9G_T43_4,0.461355
CG_LT,44,,MM BINH DUONG,MM BIEN HOA,BANH GAO AN TAO BIEN 174.9G,4.341143,0.6,0.918251,3.522936,LT_BANH GAO AN TAO BIEN 174.9G_T44_3,0.459125
CG_LT,44,,MM BINH DUONG,MM DA NANG,BANH GAO AN TAO BIEN 174.9G,3.222414,0.6,0.918251,2.851699,LT_BANH GAO AN TAO BIEN 174.9G_T44_3,0.459125
CG_LT,44,,MM HIEP PHU,MM BIEN HOA,BANH GAO AN TAO BIEN 174.9G,2.075586,0.6,0.918251,2.163602,LT_BANH GAO AN TAO BIEN 174.9G_T44_3,0.459125
CG_LT,44,,MM BINH DUONG,MM AN PHU,BANH GAO AN TAO BIEN 174.9G,7.759756,0.6,2.0,6.655854,LT_BANH GAO AN TAO BIEN 174.9G_T44_4,1.0
CG_LT,44,,MM HIEP PHU,MM BIEN HOA,BANH GAO AN TAO BIEN 174.9G,2.884599,0.6,2.0,3.730759,LT_BANH GAO AN TAO BIEN 174.9G_T44_4,1.0
CG_LT,44,,MM HIEP PHU,MM BINH PHU,BANH GAO AN TAO BIEN 174.9G,5.998023,0.6,2.0,5.598814,LT_BANH GAO AN TAO BIEN 174.9G_T44_4,1.0
CG_LT,44,,MM BINH DUONG,MM BIEN HOA,BANH GAO AN TAO BIEN 174.9G,2.998979,0.6,1.002768,2.802156,LT_BANH GAO AN TAO BIEN 174.9G_T44_5,0.501384
CG_LT,44,,MM HIEP PHU,MM BIEN HOA,BANH GAO AN TAO BIEN 174.9G,4.827693,0.6,1.002768,3.899384,LT_BANH GAO AN TAO BIEN 174.9G_T44_5,0.501384
CG_LT,45,,MM BINH DUONG,MM DA NANG,BANH GAO AN TAO BIEN 174.9G,5.122439,0.6,2.0,5.073464,LT_BANH GAO AN TAO BIEN 174.9G_T45_1,1.0
CG_LT,45,,MM HIEP PHU,MM AN PHU,BANH GAO AN TAO BIEN 174.9G,4.539471,0.6,2.0,4.723683,LT_BANH GAO AN TAO BIEN 174.9G_T45_1,1.0
CG_LT,45,,MM HIEP PHU,MM BINH PHU,BANH GAO AN TAO BIEN 174.9G,3.548734,0.6,2.0,4.129241,LT_BANH GAO AN TAO BIEN 174.9G_T45_1,1.0
CG_LT,45,,MM HIEP PHU,MM DA NANG,BANH GAO AN TAO BIEN 174.9G,1.124814,0.6,2.0,2.674889,LT_BANH GAO AN TAO BIEN 174.9G_T45_1,1.0
CG_LT,45,,MM BINH DUONG,MM BINH PHU,BANH GAO AN TAO BIEN 174.9G,9.866798,0.6,2.0,7.920079,LT_BANH GAO AN TAO BIEN 174.9G_T45_2,1.0
CG_LT,45,,MM HIEP PHU,MM AN PHU,BANH GAO AN TAO BIEN 174.9G,6.864586,0.6,2.0,6.118752,LT_BANH GAO AN TAO BIEN 174.9G_T45_2,1.0
CG_LT,45,,MM HIEP PHU,MM BIEN HOA,BANH GAO AN TAO BIEN 174.9G,1.264203,0.6,2.0,2.758522,LT_BANH GAO AN TAO BIEN 174.9G_T45_2,1.0
CG_LT,45,,MM BINH DUONG,MM AN PHU,BANH GAO AN TAO BIEN 174.9G,9.745245,0.6,2.0,7.847147,LT_BANH GAO AN TAO BIEN 174.9G_T45_3,1.0
CG_LT,45,,MM BINH DUONG,MM BINH PHU,BANH GAO AN TAO BIEN 174.9G,6.936166,0.6,2.0,6.1617,LT_BANH GAO AN TAO BIEN 174.9G_T45_3,1.0
CG_LT,45,,MM HIEP PHU,MM BIEN HOA,BANH GAO AN TAO BIEN 174.9G,6.816087,0.6,2.0,6.089652,LT_BANH GAO AN TAO BIEN 174.9G_T45_3,1.0
CG_LT,45,,MM HIEP PHU,MM AN PHU,BANH GAO AN TAO BIEN 174.9G,2.916755,0.6,2.0,3.750053,LT_BANH GAO AN TAO BIEN 174.9G_T45_5,1.0
CG_LT,45,,MM HIEP PHU,MM BINH PHU,BANH GAO AN TAO BIEN 174.9G,8.871048,0.6,2.0,7.322629,LT_BANH GAO AN TAO BIEN 174.9G_T45_5,1.0
CG_LT,45,,MM HIEP PHU,MM DA NANG,BANH GAO AN TAO BIEN 174.9G,5.384017,0.6,2.0,5.23041,LT_BANH GAO AN TAO BIEN 174.9G_T45_5,1.0
CG_LT,46,,MM BIEN HOA,MM BINH PHU,BANH GAO AN TAO BIEN 174.9G,8.542616,0.6,2.0,7.12557,LT_BANH GAO AN TAO BIEN 174.9G_T46_2,1.0
CG_LT,47,,MM BINH DUONG,MM AN PHU,BANH GAO AN TAO BIEN 174.9G,4.347221,0.6,2.0,4.608333,LT_BANH GAO AN TAO BIEN 174.9G_T47_1,1.0
CG_LT,47,,MM HIEP PHU,MM BINH PHU,BANH GAO AN TAO BIEN 174.9G,1.114458,0.6,2.0,2.668675,LT_BANH GAO AN TAO BIEN 174.9G_T47_1,1.0
CG_LT,47,,MM HIEP PHU,MM DA NANG,BANH GAO AN TAO BIEN 174.9G,9.333263,0.6,2.0,7.599958,LT_BANH GAO AN TAO BIEN 174.9G_T47_1,1.0
CG_LT,47,,MM BINH DUONG,MM DA NANG,BANH GAO AN TAO BIEN 174.9G,9.234251,0.6,2.0,7.54055,LT_BANH GAO AN TAO BIEN 174.9G_T47_2,1.0
CG_LT,47,,MM HIEP PHU,MM AN PHU,BANH GAO AN TAO BIEN 174.9G,6.256226,0.6,2.0,5.753736,LT_BANH GAO AN TAO BIEN 174.9G_T47_2,1.0
CG_LT,47,,MM HIEP PHU,MM BINH PHU,BANH GAO AN TAO BIEN 174.9G,6.866796,0.6,2.0,6.120078,LT_BANH GAO AN TAO BIEN 174.9G_T47_2,1.0
CG_LT,47,,MM BINH DUONG,MM AN PHU,BANH GAO AN TAO BIEN 174.9G,0.015101,0.6,0.006586,0.015646,LT_BANH GAO AN TAO BIEN 174.9G_T47_3,0.003293
CG_LT,47,,MM BINH DUONG,MM BINH PHU,BANH GAO AN TAO BIEN 174.9G,0.018746,0.6,0.006586,0.017833,LT_BANH GAO AN TAO BIEN 174.9G_T47_3,0.003293
CG_LT,47,,MM BINH DUONG,MM DA NANG,BANH GAO AN TAO BIEN 174.9G,0.01604,0.6,0.006586,0.01621,LT_BANH GAO AN TAO BIEN 174.9G_T47_3,0.003293
CG_LT,47,,MM HIEP PHU,MM DA NANG,BANH GAO AN TAO BIEN 174.9G,0.008973,0.6,0.006586,0.011969,LT_BANH GAO AN TAO BIEN 174.9G_T47_3,0.003293
CG_LT,47,,MM BINH DUONG,MM DA NANG,BANH GAO AN TAO BIEN 174.9G,0.023474,0.6,0.01275,0.026835,LT_BANH GAO AN TAO BIEN 174.9G_T47_5,0.006375
CG_LT,48,,MM BIEN HOA,MM BINH PHU,BANH GAO AN TAO BIEN 174.9G,0.284268,0.6,0.741193,0.911754,LT_BANH GAO AN TAO BIEN 174.9G_T48_1,0.370597
CG_LT,48,,MM BIEN HOA,MM DA NANG,BANH GAO AN TAO BIEN 174.9G,2.31963,0.6,0.741193,2.132971,LT_BANH GAO AN TAO BIEN 174.9G_T48_1,0.370597
CG_LT,48,,MM HIEP PHU,MM BINH PHU,BANH GAO AN TAO BIEN 174.9G,0.849009,0.6,0.741193,1.250599,LT_BANH GAO AN TAO BIEN 174.9G_T48_1,0.370597
CG_LT,48,,MM BIEN HOA,MM DA NANG,BANH GAO AN TAO BIEN 174.9G,8.655712,0.6,1.936846,7.130273,LT_BANH GAO AN TAO BIEN 174.9G_T48_2,0.968423
CG_LT,48,,MM BIEN HOA,MM DA NANG,BANH GAO AN TAO BIEN 174.9G,6.024658,0.6,2.0,5.614795,LT_BANH GAO AN TAO BIEN 174.9G_T48_3,1.0
CG_LT,48,,MM HIEP PHU,MM BINH PHU,BANH GAO AN TAO BIEN 174.9G,1.866723,0.6,2.0,3.120034,LT_BANH GAO AN TAO BIEN 174.9G_T48_3,1.0
CG_LT,49,,MM HIEP PHU,MM BINH PHU,BANH GAO AN TAO BIEN 174.9G,4.183684,0.6,0.937365,3.447575,LT_BANH GAO AN TAO BIEN 174.9G_T49_1,0.468682
CG_LT,49,,MM BINH DUONG,MM AN PHU,BANH GAO AN TAO BIEN 174.9G,7.872057,0.6,2.0,6.723234,LT_BANH GAO AN TAO BIEN 174.9G_T49_2,1.0
CG_LT,49,,MM BINH DUONG,MM BINH PHU,BANH GAO AN TAO BIEN 174.9G,3.68449,0.6,2.0,4.210694,LT_BANH GAO AN TAO BIEN 174.9G_T49_2,1.0
CG_LT,49,,MM HIEP PHU,MM DA NANG,BANH GAO AN TAO BIEN 174.9G,2.629033,0.6,2.0,3.57742,LT_BANH GAO AN TAO BIEN 174.9G_T49_2,1.0
CG_LT,49,,MM BINH DUONG,MM BINH PHU,BANH GAO AN TAO BIEN 174.9G,2.784588,0.6,2.0,3.670753,LT_BANH GAO AN TAO BIEN 174.9G_T49_3,1.0
CG_LT,49,,MM HIEP PHU,MM DA NANG,BANH GAO AN TAO BIEN 174.9G,6.392451,0.6,2.0,5.835471,LT_BANH GAO AN TAO BIEN 174.9G_T49_3,1.0
CG_LT,49,,MM BINH DUONG,MM AN PHU,BANH GAO AN TAO BIEN 174.9G,7.985131,0.6,2.0,6.791078,LT_BANH GAO AN TAO BIEN 174.9G_T49_5,1.0
CG_LT,49,,MM BINH DUONG,MM DA NANG,BANH GAO AN TAO BIEN 174.9G,6.583313,0.6,2.0,5.949988,LT_BANH GAO AN TAO BIEN 174.9G_T49_5,1.0
CG_LT,49,,MM HIEP PHU,MM AN PHU,BANH GAO AN TAO BIEN 174.9G,8.419799,0.6,2.0,7.05188,LT_BANH GAO AN TAO BIEN 174.9G_T49_5,1.0
CG_LT,49,,MM HIEP PHU,MM BINH PHU,BANH GAO AN TAO BIEN 174.9G,2.347238,0.6,2.0,3.408343,LT_BANH GAO AN TAO BIEN 174.9G_T49_5,1.0
CG_LT,4,,MM BIEN HOA,MM DA NANG,BANH GAO AN TAO BIEN 174.9G,0.879088,0.6,1.816555,2.344008,LT_BANH GAO AN TAO BIEN 174.9G_T4_1,0.908278
CG_LT,4,,MM BINH PHU,MM DA NANG,BANH GAO AN TAO BIEN 174.9G,1.120912,0.6,1.816555,2.489102,LT_BANH GAO AN TAO BIEN 174.9G_T4_1,0.908278
CG_LT,4,,MM HIEP PHU,MM BINH PHU,BANH GAO AN TAO BIEN 174.9G,1.759563,0.6,1.816555,2.872293,LT_BANH GAO AN TAO BIEN 174.9G_T4_1,0.908278
CG_LT,50,,MM HIEP PHU,MM BINH PHU,BANH GAO AN TAO BIEN 174.9G,3.318449,0.6,0.813098,2.804167,LT_BANH GAO AN TAO BIEN 174.9G_T50_2,0.406549
CG_LT,50,,MM BINH DUONG,MM DA NANG,BANH GAO AN TAO BIEN 174.9G,8.804472,0.6,2.0,7.282683,LT_BANH GAO AN TAO BIEN 174.9G_T50_3,1.0
CG_LT,50,,MM HIEP PHU,MM DA NANG,BANH GAO AN TAO BIEN 174.9G,1.672149,0.6,2.0,3.003289,LT_BANH GAO AN TAO BIEN 174.9G_T50_3,1.0
CG_LT,51,,MM BIEN HOA,MM AN PHU,BANH GAO AN TAO BIEN 174.9G,8.974634,0.6,2.0,7.38478,LT_BANH GAO AN TAO BIEN 174.9G_T51_4,1.0
CG_LT,51,,MM BIEN HOA,MM DA NANG,BANH GAO AN TAO BIEN 174.9G,8.086197,0.6,2.0,6.851718,LT_BANH GAO AN TAO BIEN 174.9G_T51_4,1.0
CG_LT,51,,MM BIEN HOA,MM BINH PHU,BANH GAO AN TAO BIEN 174.9G,4.217489,0.6,2.0,4.530494,LT_BANH GAO AN TAO BIEN 174.9G_T51_5,1.0
CG_LT,51,,MM BIEN HOA,MM DA NANG,BANH GAO AN TAO BIEN 174.9G,9.55625,0.6,2.0,7.73375,LT_BANH GAO AN TAO BIEN 174.9G_T51_5,1.0
CG_LT,51,,MM HIEP PHU,MM AN PHU,BANH GAO AN TAO BIEN 174.9G,9.330634,0.6,2.0,7.59838,LT_BANH GAO AN TAO BIEN 174.9G_T51_5,1.0
CG_LT,51,,MM HIEP PHU,MM DA NANG,BANH GAO AN TAO BIEN 174.9G,4.844252,0.6,2.0,4.906551,LT_BANH GAO AN TAO BIEN 174.9G_T51_5,1.0
CG_LT,52,,MM BIEN HOA,MM AN PHU,BANH GAO AN TAO BIEN 174.9G,9.511541,0.6,2.0,7.706924,LT_BANH GAO AN TAO BIEN 174.9G_T52_1,1.0
CG_LT,52,,MM BINH DUONG,MM BINH PHU,BANH GAO AN TAO BIEN 174.9G,9.493716,0.6,2.0,7.69623,LT_BANH GAO AN TAO BIEN 174.9G_T52_1,1.0
CG_LT,52,,MM HIEP PHU,MM AN PHU,BANH GAO AN TAO BIEN 174.9G,5.873677,0.6,2.0,5.524206,LT_BANH GAO AN TAO BIEN 174.9G_T52_1,1.0
CG_LT,52,,MM HIEP PHU,MM BINH PHU,BANH GAO AN TAO BIEN 174.9G,5.060236,0.6,2.0,5.036142,LT_BANH GAO AN TAO BIEN 174.9G_T52_1,1.0
CG_LT,52,,MM BINH DUONG,MM AN PHU,BANH GAO AN TAO BIEN 174.9G,6.289819,0.6,2.0,5.773892,LT_BANH GAO AN TAO BIEN 174.9G_T52_2,1.0
CG_LT,52,,MM HIEP PHU,MM DA NANG,BANH GAO AN TAO BIEN 174.9G,1.52043,0.6,2.0,2.912258,LT_BANH GAO AN TAO BIEN 174.9G_T52_2,1.0
CG_LT,52,,MM BIEN HOA,MM AN PHU,BANH GAO AN TAO BIEN 174.9G,6.071339,0.6,2.0,5.642803,LT_BANH GAO AN TAO BIEN 174.9G_T52_3,1.0
CG_LT,52,,MM BINH DUONG,MM AN PHU,BANH GAO AN TAO BIEN 174.9G,1.989413,0.6,2.0,3.193648,LT_BANH GAO AN TAO BIEN 174.9G_T52_3,1.0
CG_LT,52,,MM HIEP PHU,MM AN PHU,BANH GAO AN TAO BIEN 174.9G,4.343023,0.6,2.0,4.605814,LT_BANH GAO AN TAO BIEN 174.9G_T52_3,1.0
CG_LT,52,,MM BIEN HOA,MM AN PHU,BANH GAO AN TAO BIEN 174.9G,8.873819,0.6,2.0,7.324291,LT_BANH GAO AN TAO BIEN 174.9G_T52_4,1.0
CG_LT,52,,MM BIEN HOA,MM DA NANG,BANH GAO AN TAO BIEN 174.9G,2.507456,0.6,2.0,3.504473,LT_BANH GAO AN TAO BIEN 174.9G_T52_4,1.0
CG_LT,52,,MM BINH DUONG,MM BINH PHU,BANH GAO AN TAO BIEN 174.9G,4.701203,0.6,2.0,4.820722,LT_BANH GAO AN TAO BIEN 174.9G_T52_4,1.0
CG_LT,52,,MM BIEN HOA,MM DA NANG,BANH GAO AN TAO BIEN 174.9G,1.504779,0.6,2.0,2.902867,LT_BANH GAO AN TAO BIEN 174.9G_T52_5,1.0
CG_LT,52,,MM BINH DUONG,MM AN PHU,BANH GAO AN TAO BIEN 174.9G,6.98909,0.6,2.0,6.193454,LT_BANH GAO AN TAO BIEN 174.9G_T52_5,1.0
CG_LT,52,,MM BINH DUONG,MM DA NANG,BANH GAO AN TAO BIEN 174.9G,5.184638,0.6,2.0,5.110783,LT_BANH GAO AN TAO BIEN 174.9G_T52_5,1.0
CG_LT,53,,MM BINH DUONG,MM AN PHU,BANH GAO AN TAO BIEN 174.9G,1.152574,0.6,0.248751,0.940295,LT_BANH GAO AN TAO BIEN 174.9G_T53_2,0.124375
CG_LT,53,,MM BINH DUONG,MM BINH PHU,BANH GAO AN TAO BIEN 174.9G,0.19484,0.6,0.248751,0.365655,LT_BANH GAO AN TAO BIEN 174.9G_T53_2,0.124375
CG_LT,53,,MM HIEP PHU,MM AN PHU,BANH GAO AN TAO BIEN 174.9G,0.316115,0.6,0.248751,0.43842,LT_BANH GAO AN TAO BIEN 174.9G_T53_2,0.124375
CG_LT,53,,MM HIEP PHU,MM BINH PHU,BANH GAO AN TAO BIEN 174.9G,0.427015,0.6,0.248751,0.50496,LT_BANH GAO AN TAO BIEN 174.9G_T53_2,0.124375
CG_LT,53,,MM BIEN HOA,MM AN PHU,BANH GAO AN TAO BIEN 174.9G,5.754617,0.6,2.0,5.45277,LT_BANH GAO AN TAO BIEN 174.9G_T53_3,1.0
CG_LT,53,,MM BIEN HOA,MM BINH PHU,BANH GAO AN TAO BIEN 174.9G,3.810727,0.6,2.0,4.286436,LT_BANH GAO AN TAO BIEN 174.9G_T53_3,1.0
CG_LT,53,,MM BINH DUONG,MM AN PHU,BANH GAO AN TAO BIEN 174.9G,5.694011,0.6,2.0,5.416407,LT_BANH GAO AN TAO BIEN 174.9G_T53_3,1.0
CG_LT,53,,MM HIEP PHU,MM DA NANG,BANH GAO AN TAO BIEN 174.9G,8.579314,0.6,2.0,7.147588,LT_BANH GAO AN TAO BIEN 174.9G_T53_3,1.0
CG_LT,53,,MM BIEN HOA,MM AN PHU,BANH GAO AN TAO BIEN 174.9G,3.786736,0.6,0.828152,3.100194,LT_BANH GAO AN TAO BIEN 174.9G_T53_4,0.414076
CG_LT,53,,MM BINH DUONG,MM DA NANG,BANH GAO AN TAO BIEN 174.9G,4.041984,0.6,0.828152,3.253342,LT_BANH GAO AN TAO BIEN 174.9G_T53_4,0.414076
CG_LT,53,,MM HIEP PHU,MM BINH PHU,BANH GAO AN TAO BIEN 174.9G,0.567419,0.6,0.828152,1.168603,LT_BANH GAO AN TAO BIEN 174.9G_T53_4,0.414076
CG_LT,53,,MM HIEP PHU,MM DA NANG,BANH GAO AN TAO BIEN 174.9G,1.378702,0.6,0.828152,1.655373,LT_BANH GAO AN TAO BIEN 174.9G_T53_4,0.414076
CG_LT,54,,MM HIEP PHU,MM BINH PHU,BANH GAO AN TAO BIEN 174.9G,3.022034,0.6,1.850407,3.663627,LT_BANH GAO AN TAO BIEN 174.9G_T54_2,0.925203
CG_LT,54,,MM BIEN HOA,MM AN PHU,BANH GAO AN TAO BIEN 174.9G,2.674888,0.6,1.210642,2.815575,LT_BANH GAO AN TAO BIEN 174.9G_T54_4,0.605321
CG_LT,54,,MM BIEN HOA,MM BINH PHU,BANH GAO AN TAO BIEN 174.9G,3.977966,0.6,1.210642,3.597422,LT_BANH GAO AN TAO BIEN 174.9G_T54_4,0.605321
CG_LT,54,,MM BIEN HOA,MM DA NANG,BANH GAO AN TAO BIEN 174.9G,1.183024,0.6,1.210642,1.920456,LT_BANH GAO AN TAO BIEN 174.9G_T54_4,0.605321
CG_LT,54,,MM HIEP PHU,MM AN PHU,BANH GAO AN TAO BIEN 174.9G,1.061426,0.6,1.210642,1.847497,LT_BANH GAO AN TAO BIEN 174.9G_T54_4,0.605321
CG_LT,54,,MM HIEP PHU,MM DA NANG,BANH GAO AN TAO BIEN 174.9G,2.552744,0.6,2.0,3.531647,LT_BANH GAO AN TAO BIEN 174.9G_T54_5,1.0
CG_LT,55,,MM BIEN HOA,MM DA NANG,BANH GAO AN TAO BIEN 174.9G,0.809336,0.6,1.837185,2.322786,LT_BANH GAO AN TAO BIEN 174.9G_T55_5,0.918592
CG_LT,55,,MM BINH DUONG,MM DA NANG,BANH GAO AN TAO BIEN 174.9G,8.54788,0.6,1.837185,6.965912,LT_BANH GAO AN TAO BIEN 174.9G_T55_5,0.918592
CG_LT,55,,MM HIEP PHU,MM BINH PHU,BANH GAO AN TAO BIEN 174.9G,2.031551,0.6,1.837185,3.056115,LT_BANH GAO AN TAO BIEN 174.9G_T55_5,0.918592
CG_LT,55,,MM HIEP PHU,MM DA NANG,BANH GAO AN TAO BIEN 174.9G,3.739421,0.6,1.837185,4.080837,LT_BANH GAO AN TAO BIEN 174.9G_T55_5,0.918592
CG_LT,56,,MM BINH DUONG,MM AN PHU,BANH GAO AN TAO BIEN 174.9G,9.35137,0.6,1.89228,7.503101,LT_BANH GAO AN TAO BIEN 174.9G_T56_1,0.94614
CG_LT,56,,MM BINH DUONG,MM BINH PHU,BANH GAO AN TAO BIEN 174.9G,1.056456,0.6,1.89228,2.526153,LT_BANH GAO AN TAO BIEN 174.9G_T56_1,0.94614
CG_LT,56,,MM HIEP PHU,MM BINH PHU,BANH GAO AN TAO BIEN 174.9G,9.180425,0.6,1.89228,7.400534,LT_BANH GAO AN TAO BIEN 174.9G_T56_1,0.94614
CG_LT,56,,MM HIEP PHU,MM DA NANG,BANH GAO AN TAO BIEN 174.9G,6.058655,0.6,1.89228,5.527473,LT_BANH GAO AN TAO BIEN 174.9G_T56_1,0.94614
CG_LT,56,,MM BINH DUONG,MM AN PHU,BANH GAO AN TAO BIEN 174.9G,8.115043,0.6,2.0,6.869026,LT_BANH GAO AN TAO BIEN 174.9G_T56_2,1.0
CG_LT,56,,MM BIEN HOA,MM DA NANG,BANH GAO AN TAO BIEN 174.9G,1.822273,0.6,0.371795,1.465159,LT_BANH GAO AN TAO BIEN 174.9G_T56_4,0.185898
CG_LT,56,,MM BINH DUONG,MM BINH PHU,BANH GAO AN TAO BIEN 174.9G,1.763119,0.6,0.371795,1.429667,LT_BANH GAO AN TAO BIEN 174.9G_T56_4,0.185898
CG_LT,56,,MM BINH DUONG,MM DA NANG,BANH GAO AN TAO BIEN 174.9G,0.61064,0.6,0.371795,0.738179,LT_BANH GAO AN TAO BIEN 174.9G_T56_4,0.185898
CG_LT,57,,MM BIEN HOA,MM DA NANG,BANH GAO AN TAO BIEN 174.9G,6.961612,0.6,1.982432,6.159399,LT_BANH GAO AN TAO BIEN 174.9G_T57_1,0.991216
CG_LT,57,,MM BINH DUONG,MM BINH PHU,BANH GAO AN TAO BIEN 174.9G,9.733281,0.6,1.982432,7.822401,LT_BANH GAO AN TAO BIEN 174.9G_T57_1,0.991216
CG_LT,57,,MM HIEP PHU,MM AN PHU,BANH GAO AN TAO BIEN 174.9G,2.457129,0.6,1.982432,3.45671,LT_BANH GAO AN TAO BIEN 174.9G_T57_1,0.991216
CG_LT,57,,MM BINH DUONG,MM AN PHU,BANH GAO AN TAO BIEN 174.9G,7.217367,0.6,2.0,6.33042,LT_BANH GAO AN TAO BIEN 174.9G_T57_2,1.0
CG_LT,57,,MM BINH DUONG,MM DA NANG,BANH GAO AN TAO BIEN 174.9G,5.519422,0.6,2.0,5.311653,LT_BANH GAO AN TAO BIEN 174.9G_T57_2,1.0
CG_LT,57,,MM HIEP PHU,MM BINH PHU,BANH GAO AN TAO BIEN 174.9G,4.136636,0.6,2.0,4.481981,LT_BANH GAO AN TAO BIEN 174.9G_T57_2,1.0
CG_LT,57,,MM HIEP PHU,MM DA NANG,BANH GAO AN TAO BIEN 174.9G,5.568015,0.6,2.0,5.340809,LT_BANH GAO AN TAO BIEN 174.9G_T57_2,1.0
CG_LT,57,,MM BIEN HOA,MM DA NANG,BANH GAO AN TAO BIEN 174.9G,9.771872,0.6,2.0,7.863123,LT_BANH GAO AN TAO BIEN 174.9G_T57_4,1.0
CG_LT,57,,MM BINH DUONG,MM DA NANG,BANH GAO AN TAO BIEN 174.9G,2.923079,0.6,2.0,3.753847,LT_BANH GAO AN TAO BIEN 174.9G_T57_4,1.0
CG_LT,57,,MM BIEN HOA,MM AN PHU,BANH GAO AN TAO BIEN 174.9G,2.325505,0.6,1.837499,3.232802,LT_BANH GAO AN TAO BIEN 174.9G_T57_5,0.91875
CG_LT,58,,MM BIEN HOA,MM BINH PHU,BANH GAO AN TAO BIEN 174.9G,7.695483,0.6,2.0,6.61729,LT_BANH GAO AN TAO BIEN 174.9G_T58_1,1.0
CG_LT,58,,MM BIEN HOA,MM DA NANG,BANH GAO AN TAO BIEN 174.9G,8.696617,0.6,2.0,7.21797,LT_BANH GAO AN TAO BIEN 174.9G_T58_1,1.0
CG_LT,58,,MM BINH DUONG,MM AN PHU,BANH GAO AN TAO BIEN 174.9G,1.063043,0.6,0.84569,1.483516,LT_BANH GAO AN TAO BIEN 174.9G_T58_3,0.422845
CG_LT,58,,MM BINH DUONG,MM BINH PHU,BANH GAO AN TAO BIEN 174.9G,0.823613,0.6,0.84569,1.339858,LT_BANH GAO AN TAO BIEN 174.9G_T58_3,0.422845
CG_LT,58,,MM BINH DUONG,MM DA NANG,BANH GAO AN TAO BIEN 174.9G,1.191439,0.6,0.84569,1.560554,LT_BANH GAO AN TAO BIEN 174.9G_T58_3,0.422845
CG_LT,58,,MM HIEP PHU,MM DA NANG,BANH GAO AN TAO BIEN 174.9G,2.403702,0.6,0.84569,2.287911,LT_BANH GAO AN TAO BIEN 174.9G_T58_3,0.422845
CG_LT,58,,MM BIEN HOA,MM BINH PHU,BANH GAO AN TAO BIEN 174.9G,6.137755,0.6,1.391449,5.074102,LT_BANH GAO AN TAO BIEN 174.9G_T58_4,0.695725
CG_LT,58,,MM BIEN HOA,MM DA NANG,BANH GAO AN TAO BIEN 174.9G,4.668183,0.6,1.391449,4.192359,LT_BANH GAO AN TAO BIEN 174.9G_T58_4,0.695725
CG_LT,58,,MM BINH DUONG,MM AN PHU,BANH GAO AN TAO BIEN 174.9G,1.597345,0.6,1.391449,2.349856,LT_BANH GAO AN TAO BIEN 174.9G_T58_4,0.695725
CG_LT,58,,MM HIEP PHU,MM AN PHU,BANH GAO AN TAO BIEN 174.9G,6.268874,0.6,1.391449,5.152774,LT_BANH GAO AN TAO BIEN 174.9G_T58_4,0.695725
CG_LT,58,,MM BIEN HOA,MM BINH PHU,BANH GAO AN TAO BIEN 174.9G,4.216461,0.6,2.0,4.529876,LT_BANH GAO AN TAO BIEN 174.9G_T58_5,1.0
CG_LT,58,,MM BINH DUONG,MM DA NANG,BANH GAO AN TAO BIEN 174.9G,7.737242,0.6,2.0,6.642345,LT_BANH GAO AN TAO BIEN 174.9G_T58_5,1.0
CG_LT,58,,MM HIEP PHU,MM BINH PHU,BANH GAO AN TAO BIEN 174.9G,9.362339,0.6,2.0,7.617403,LT_BANH GAO AN TAO BIEN 174.9G_T58_5,1.0
CG_LT,58,,MM HIEP PHU,MM DA NANG,BANH GAO AN TAO BIEN 174.9G,7.302817,0.6,2.0,6.38169,LT_BANH GAO AN TAO BIEN 174.9G_T58_5,1.0
CG_LT,59,,MM BIEN HOA,MM BINH PHU,BANH GAO AN TAO BIEN 174.9G,5.915835,0.6,2.0,5.549501,LT_BANH GAO AN TAO BIEN 174.9G_T59_2,1.0
CG_LT,59,,MM BIEN HOA,MM DA NANG,BANH GAO AN TAO BIEN 174.9G,6.217919,0.6,2.0,5.730751,LT_BANH GAO AN TAO BIEN 174.9G_T59_2,1.0
CG_LT,59,,MM HIEP PHU,MM AN PHU,BANH GAO AN TAO BIEN 174.9G,4.328237,0.6,2.0,4.596942,LT_BANH GAO AN TAO BIEN 174.9G_T59_2,1.0
CG_LT,59,,MM HIEP PHU,MM BINH PHU,BANH GAO AN TAO BIEN 174.9G,6.259989,0.6,2.0,5.755993,LT_BANH GAO AN TAO BIEN 174.9G_T59_2,1.0
CG_LT,59,,MM BIEN HOA,MM DA NANG,BANH GAO AN TAO BIEN 174.9G,2.339245,0.6,0.620759,2.024305,LT_BANH GAO AN TAO BIEN 174.9G_T59_3,0.310379
CG_LT,59,,MM BINH DUONG,MM DA NANG,BANH GAO AN TAO BIEN 174.9G,1.175399,0.6,0.620759,1.325998,LT_BANH GAO AN TAO BIEN 174.9G_T59_3,0.310379
CG_LT,59,,MM HIEP PHU,MM BINH PHU,BANH GAO AN TAO BIEN 174.9G,2.26104,0.6,0.620759,1.977382,LT_BANH GAO AN TAO BIEN 174.9G_T59_3,0.310379
CG_LT,5,,MM AN PHU,MM DA NANG,BANH GAO AN TAO BIEN 174.9G,1.29995,0.6,1.996612,2.776582,LT_BANH GAO AN TAO BIEN 174.9G_T5_1,0.998306
CG_LT,5,,MM HIEP PHU,MM BINH PHU,BANH GAO AN TAO BIEN 174.9G,7.78141,0.6,1.996612,6.665458,LT_BANH GAO AN TAO BIEN 174.9G_T5_1,0.998306
CG_LT,5,,MM HIEP PHU,MM DA NANG,BANH GAO AN TAO BIEN 174.9G,2.33156,0.6,1.996612,3.395548,LT_BANH GAO AN TAO BIEN 174.9G_T5_1,0.998306
CG_LT,5,,MM AN PHU,MM HIEP PHU,BANH GAO AN TAO BIEN 174.9G,0.190583,0.6,0.243197,0.357546,LT_BANH GAO AN TAO BIEN 174.9G_T5_5,0.121598
CG_LT,5,,MM BINH DUONG,MM DA NANG,BANH GAO AN TAO BIEN 174.9G,0.36849,0.6,0.243197,0.46429,LT_BANH GAO AN TAO BIEN 174.9G_T5_5,0.121598
CG_LT,60,,MM BINH DUONG,MM DA NANG,BANH GAO AN TAO BIEN 174.9G,2.376384,0.6,2.0,3.42583,LT_BANH GAO AN TAO BIEN 174.9G_T60_2,1.0
CG_LT,60,,MM HIEP PHU,MM DA NANG,BANH GAO AN TAO BIEN 174.9G,1.430932,0.6,2.0,2.858559,LT_BANH GAO AN TAO BIEN 174.9G_T60_2,1.0
CG_LT,60,,MM BINH DUONG,MM BIEN HOA,BANH GAO AN TAO BIEN 174.9G,1.80006,0.6,2.0,3.080036,LT_BANH GAO AN TAO BIEN 174.9G_T60_3,1.0
CG_LT,60,,MM BINH DUONG,MM BINH PHU,BANH GAO AN TAO BIEN 174.9G,9.470064,0.6,2.0,7.682039,LT_BANH GAO AN TAO BIEN 174.9G_T60_3,1.0
CG_LT,60,,MM BINH DUONG,MM DA NANG,BANH GAO AN TAO BIEN 174.9G,2.011705,0.6,2.0,3.207023,LT_BANH GAO AN TAO BIEN 174.9G_T60_3,1.0
CG_LT,60,,MM HIEP PHU,MM BINH PHU,BANH GAO AN TAO BIEN 174.9G,4.450198,0.6,2.0,4.670119,LT_BANH GAO AN TAO BIEN 174.9G_T60_3,1.0
CG_LT,60,,MM BINH DUONG,MM AN PHU,BANH GAO AN TAO BIEN 174.9G,8.943149,0.6,2.0,7.365889,LT_BANH GAO AN TAO BIEN 174.9G_T60_4,1.0
CG_LT,60,,MM HIEP PHU,MM BINH PHU,BANH GAO AN TAO BIEN 174.9G,5.968555,0.6,2.0,5.581133,LT_BANH GAO AN TAO BIEN 174.9G_T60_4,1.0
CG_LT,60,,MM HIEP PHU,MM DA NANG,BANH GAO AN TAO BIEN 174.9G,8.613917,0.6,2.0,7.16835,LT_BANH GAO AN TAO BIEN 174.9G_T60_4,1.0
CG_LT,60,,MM BINH DUONG,MM DA NANG,BANH GAO AN TAO BIEN 174.9G,9.590053,0.6,2.0,7.754032,LT_BANH GAO AN TAO BIEN 174.9G_T60_5,1.0
CG_LT,60,,MM HIEP PHU,MM AN PHU,BANH GAO AN TAO BIEN 174.9G,9.383466,0.6,2.0,7.630079,LT_BANH GAO AN TAO BIEN 174.9G_T60_5,1.0
CG_LT,60,,MM HIEP PHU,MM BIEN HOA,BANH GAO AN TAO BIEN 174.9G,1.260147,0.6,2.0,2.756088,LT_BANH GAO AN TAO BIEN 174.9G_T60_5,1.0
CG_LT,60,,MM HIEP PHU,MM DA NANG,BANH GAO AN TAO BIEN 174.9G,4.403137,0.6,2.0,4.641882,LT_BANH GAO AN TAO BIEN 174.9G_T60_5,1.0
CG_LT,62,,MM BIEN HOA,MM AN PHU,BANH GAO AN TAO BIEN 174.9G,1.740369,0.6,0.868406,1.912627,LT_BANH GAO AN TAO BIEN 174.9G_T62_1,0.434203
CG_LT,62,,MM BINH DUONG,MM DA NANG,BANH GAO AN TAO BIEN 174.9G,1.877856,0.6,0.868406,1.995119,LT_BANH GAO AN TAO BIEN 174.9G_T62_1,0.434203
CG_LT,62,,MM HIEP PHU,MM AN PHU,BANH GAO AN TAO BIEN 174.9G,3.04562,0.6,0.868406,2.695778,LT_BANH GAO AN TAO BIEN 174.9G_T62_1,0.434203
CG_LT,62,,MM HIEP PHU,MM DA NANG,BANH GAO AN TAO BIEN 174.9G,1.450829,0.6,0.868406,1.738903,LT_BANH GAO AN TAO BIEN 174.9G_T62_1,0.434203
CG_LT,62,,MM BIEN HOA,MM DA NANG,BANH GAO AN TAO BIEN 174.9G,7.766043,0.6,2.0,6.659626,LT_BANH GAO AN TAO BIEN 174.9G_T62_3,1.0
CG_LT,62,,MM BINH DUONG,MM BINH PHU,BANH GAO AN TAO BIEN 174.9G,5.566135,0.6,2.0,5.339681,LT_BANH GAO AN TAO BIEN 174.9G_T62_3,1.0
CG_LT,62,,MM BINH DUONG,MM DA NANG,BANH GAO AN TAO BIEN 174.9G,9.216157,0.6,2.0,7.529694,LT_BANH GAO AN TAO BIEN 174.9G_T62_3,1.0
CG_LT,62,,MM HIEP PHU,MM DA NANG,BANH GAO AN TAO BIEN 174.9G,8.032848,0.6,2.0,6.819709,LT_BANH GAO AN TAO BIEN 174.9G_T62_3,1.0
CG_LT,62,,MM BIEN HOA,MM DA NANG,BANH GAO AN TAO BIEN 174.9G,6.083624,0.6,2.0,5.650175,LT_BANH GAO AN TAO BIEN 174.9G_T62_4,1.0
CG_LT,62,,MM BINH DUONG,MM DA NANG,BANH GAO AN TAO BIEN 174.9G,6.627193,0.6,2.0,5.976316,LT_BANH GAO AN TAO BIEN 174.9G_T62_4,1.0
CG_LT,62,,MM BIEN HOA,MM DA NANG,BANH GAO AN TAO BIEN 174.9G,3.004999,0.6,2.0,3.803,LT_BANH GAO AN TAO BIEN 174.9G_T62_5,1.0
CG_LT,62,,MM BINH DUONG,MM DA NANG,BANH GAO AN TAO BIEN 174.9G,7.210069,0.6,2.0,6.326041,LT_BANH GAO AN TAO BIEN 174.9G_T62_5,1.0
CG_LT,62,,MM HIEP PHU,MM AN PHU,BANH GAO AN TAO BIEN 174.9G,4.412368,0.6,2.0,4.647421,LT_BANH GAO AN TAO BIEN 174.9G_T62_5,1.0
CG_LT,62,,MM HIEP PHU,MM DA NANG,BANH GAO AN TAO BIEN 174.9G,5.903802,0.6,2.0,5.542281,LT_BANH GAO AN TAO BIEN 174.9G_T62_5,1.0
CG_LT,63,,MM HIEP PHU,MM DA NANG,BANH GAO AN TAO BIEN 174.9G,2.422478,0.6,0.650771,2.104258,LT_BANH GAO AN TAO BIEN 174.9G_T63_4,0.325386
CG_LT,65,,MM BIEN HOA,MM BINH PHU,BANH GAO AN TAO BIEN 174.9G,7.412755,0.6,2.0,6.447653,LT_BANH GAO AN TAO BIEN 174.9G_T65_3,1.0
CG_LT,65,,MM BIEN HOA,MM DA NANG,BANH GAO AN TAO BIEN 174.9G,2.77235,0.6,2.0,3.66341,LT_BANH GAO AN TAO BIEN 174.9G_T65_3,1.0
CG_LT,65,,MM BINH DUONG,MM DA NANG,BANH GAO AN TAO BIEN 174.9G,5.330507,0.6,1.347466,4.54577,LT_BANH GAO AN TAO BIEN 174.9G_T65_4,0.673733
CG_LT,65,,MM HIEP PHU,MM DA NANG,BANH GAO AN TAO BIEN 174.9G,3.200445,0.6,1.347466,3.267732,LT_BANH GAO AN TAO BIEN 174.9G_T65_4,0.673733
CG_LT,65,,MM BIEN HOA,MM DA NANG,BANH GAO AN TAO BIEN 174.9G,6.345114,0.6,2.0,5.807069,LT_BANH GAO AN TAO BIEN 174.9G_T65_5,1.0
CG_LT,66,,MM BINH DUONG,MM AN PHU,BANH GAO AN TAO BIEN 174.9G,7.562613,0.6,1.705006,6.242575,LT_BANH GAO AN TAO BIEN 174.9G_T66_2,0.852503
CG_LT,66,,MM BINH DUONG,MM BINH PHU,BANH GAO AN TAO BIEN 174.9G,4.514388,0.6,1.705006,4.413639,LT_BANH GAO AN TAO BIEN 174.9G_T66_2,0.852503
CG_LT,66,,MM BINH DUONG,MM DA NANG,BANH GAO AN TAO BIEN 174.9G,2.153626,0.6,1.705006,2.997182,LT_BANH GAO AN TAO BIEN 174.9G_T66_2,0.852503
CG_LT,66,,MM BIEN HOA,MM AN PHU,BANH GAO AN TAO BIEN 174.9G,6.433952,0.6,2.0,5.860371,LT_BANH GAO AN TAO BIEN 174.9G_T66_3,1.0
CG_LT,66,,MM BIEN HOA,MM BINH PHU,BANH GAO AN TAO BIEN 174.9G,7.748323,0.6,2.0,6.648994,LT_BANH GAO AN TAO BIEN 174.9G_T66_3,1.0
CG_LT,66,,MM BINH DUONG,MM AN PHU,BANH GAO AN TAO BIEN 174.9G,3.362983,0.6,2.0,4.01779,LT_BANH GAO AN TAO BIEN 174.9G_T66_3,1.0
CG_LT,66,,MM BINH DUONG,MM BINH PHU,BANH GAO AN TAO BIEN 174.9G,7.445239,0.6,2.0,6.467144,LT_BANH GAO AN TAO BIEN 174.9G_T66_3,1.0
CG_LT,66,,MM BINH DUONG,MM BINH PHU,BANH GAO AN TAO BIEN 174.9G,2.193199,0.6,2.0,3.315919,LT_BANH GAO AN TAO BIEN 174.9G_T66_4,1.0
CG_LT,66,,MM BIEN HOA,MM BINH PHU,BANH GAO AN TAO BIEN 174.9G,2.779791,0.6,2.0,3.667875,LT_BANH GAO AN TAO BIEN 174.9G_T66_5,1.0
CG_LT,67,,MM BIEN HOA,MM AN PHU,BANH GAO AN TAO BIEN 174.9G,1.756046,0.6,0.360631,1.414259,LT_BANH GAO AN TAO BIEN 174.9G_T67_1,0.180316
CG_LT,67,,MM HIEP PHU,MM DA NANG,BANH GAO AN TAO BIEN 174.9G,3.751537,0.6,2.0,4.250922,LT_BANH GAO AN TAO BIEN 174.9G_T67_3,1.0
CG_LT,67,,MM BIEN HOA,MM AN PHU,BANH GAO AN TAO BIEN 174.9G,3.148227,0.6,0.922047,2.810983,LT_BANH GAO AN TAO BIEN 174.9G_T67_5,0.461023
CG_LT,67,,MM BIEN HOA,MM BINH PHU,BANH GAO AN TAO BIEN 174.9G,3.13982,0.6,0.922047,2.805938,LT_BANH GAO AN TAO BIEN 174.9G_T67_5,0.461023
CG_LT,67,,MM HIEP PHU,MM AN PHU,BANH GAO AN TAO BIEN 174.9G,2.255526,0.6,0.922047,2.275362,LT_BANH GAO AN TAO BIEN 174.9G_T67_5,0.461023
CG_LT,67,,MM HIEP PHU,MM DA NANG,BANH GAO AN TAO BIEN 174.9G,1.248463,0.6,0.922047,1.671125,LT_BANH GAO AN TAO BIEN 174.9G_T67_5,0.461023
CG_LT,68,,MM BINH DUONG,MM AN PHU,BANH GAO AN TAO BIEN 174.9G,6.646718,0.6,2.0,5.988031,LT_BANH GAO AN TAO BIEN 174.9G_T68_2,1.0
CG_LT,68,,MM HIEP PHU,MM DA NANG,BANH GAO AN TAO BIEN 174.9G,1.696657,0.6,2.0,3.017994,LT_BANH GAO AN TAO BIEN 174.9G_T68_2,1.0
CG_LT,68,,MM BIEN HOA,MM DA NANG,BANH GAO AN TAO BIEN 174.9G,3.071802,0.6,1.554101,3.397182,LT_BANH GAO AN TAO BIEN 174.9G_T68_3,0.777051
CG_LT,68,,MM BINH DUONG,MM AN PHU,BANH GAO AN TAO BIEN 174.9G,4.117794,0.6,1.554101,4.024778,LT_BANH GAO AN TAO BIEN 174.9G_T68_3,0.777051
CG_LT,68,,MM HIEP PHU,MM AN PHU,BANH GAO AN TAO BIEN 174.9G,1.851037,0.6,1.554101,2.664723,LT_BANH GAO AN TAO BIEN 174.9G_T68_3,0.777051
CG_LT,68,,MM BINH DUONG,MM AN PHU,BANH GAO AN TAO BIEN 174.9G,7.549056,0.6,2.0,6.529434,LT_BANH GAO AN TAO BIEN 174.9G_T68_4,1.0
CG_LT,68,,MM BINH DUONG,MM DA NANG,BANH GAO AN TAO BIEN 174.9G,4.282653,0.6,2.0,4.569592,LT_BANH GAO AN TAO BIEN 174.9G_T68_4,1.0
CG_LT,69,,MM BIEN HOA,MM AN PHU,BANH GAO AN TAO BIEN 174.9G,0.958203,0.6,0.60898,1.183902,LT_BANH GAO AN TAO BIEN 174.9G_T69_1,0.30449
CG_LT,69,,MM BIEN HOA,MM BINH PHU,BANH GAO AN TAO BIEN 174.9G,1.423686,0.6,0.60898,1.463192,LT_BANH GAO AN TAO BIEN 174.9G_T69_1,0.30449
CG_LT,69,,MM BIEN HOA,MM DA NANG,BANH GAO AN TAO BIEN 174.9G,1.1672,0.6,0.60898,1.3093,LT_BANH GAO AN TAO BIEN 174.9G_T69_1,0.30449
CG_LT,69,,MM BIEN HOA,MM DA NANG,BANH GAO AN TAO BIEN 174.9G,6.609706,0.6,2.0,5.965823,LT_BANH GAO AN TAO BIEN 174.9G_T69_3,1.0
CG_LT,69,,MM BINH DUONG,MM DA NANG,BANH GAO AN TAO BIEN 174.9G,6.23467,0.6,2.0,5.740802,LT_BANH GAO AN TAO BIEN 174.9G_T69_3,1.0
CG_LT,69,,MM HIEP PHU,MM AN PHU,BANH GAO AN TAO BIEN 174.9G,5.632254,0.6,2.0,5.379352,LT_BANH GAO AN TAO BIEN 174.9G_T69_3,1.0
CG_LT,69,,MM HIEP PHU,MM BINH PHU,BANH GAO AN TAO BIEN 174.9G,7.851855,0.6,2.0,6.711113,LT_BANH GAO AN TAO BIEN 174.9G_T69_3,1.0
CG_LT,69,,MM BIEN HOA,MM BINH PHU,BANH GAO AN TAO BIEN 174.9G,3.879745,0.6,2.0,4.327847,LT_BANH GAO AN TAO BIEN 174.9G_T69_4,1.0
CG_LT,69,,MM HIEP PHU,MM BINH PHU,BANH GAO AN TAO BIEN 174.9G,8.130257,0.6,2.0,6.878154,LT_BANH GAO AN TAO BIEN 174.9G_T69_4,1.0
CG_LT,69,,MM BIEN HOA,MM AN PHU,BANH GAO AN TAO BIEN 174.9G,7.425461,0.6,2.0,6.455277,LT_BANH GAO AN TAO BIEN 174.9G_T69_5,1.0
CG_LT,69,,MM HIEP PHU,MM AN PHU,BANH GAO AN TAO BIEN 174.9G,3.482969,0.6,2.0,4.089781,LT_BANH GAO AN TAO BIEN 174.9G_T69_5,1.0
CG_LT,69,,MM HIEP PHU,MM BINH PHU,BANH GAO AN TAO BIEN 174.9G,4.239414,0.6,2.0,4.543648,LT_BANH GAO AN TAO BIEN 174.9G_T69_5,1.0
CG_LT,69,,MM HIEP PHU,MM DA NANG,BANH GAO AN TAO BIEN 174.9G,2.825297,0.6,2.0,3.695178,LT_BANH GAO AN TAO BIEN 174.9G_T69_5,1.0
CG_LT,6,,MM AN PHU,MM HIEP PHU,BANH GAO AN TAO BIEN 174.9G,1.016488,0.6,0.729083,1.338976,LT_BANH GAO AN TAO BIEN 174.9G_T6_2,0.364541
CG_LT,6,,MM AN PHU,MM DA NANG,BANH GAO AN TAO BIEN 174.9G,0.146027,0.6,0.108272,0.195888,LT_BANH GAO AN TAO BIEN 174.9G_T6_3,0.054136
CG_LT,6,,MM BINH DUONG,MM DA NANG,BANH GAO AN TAO BIEN 174.9G,0.122948,0.6,0.108272,0.182041,LT_BANH GAO AN TAO BIEN 174.9G_T6_3,0.054136
CG_LT,6,,MM BINH PHU,MM BIEN HOA,BANH GAO AN TAO BIEN 174.9G,0.296032,0.6,0.108272,0.285891,LT_BANH GAO AN TAO BIEN 174.9G_T6_3,0.054136
CG_LT,6,,MM BINH PHU,MM DA NANG,BANH GAO AN TAO BIEN 174.9G,0.149102,0.6,0.108272,0.197734,LT_BANH GAO AN TAO BIEN 174.9G_T6_3,0.054136
CG_LT,6,,MM AN PHU,MM HIEP PHU,BANH GAO AN TAO BIEN 174.9G,1.941485,0.6,2.0,3.164891,LT_BANH GAO AN TAO BIEN 174.9G_T6_4,1.0
CG_LT,6,,MM BINH DUONG,MM BIEN HOA,BANH GAO AN TAO BIEN 174.9G,5.244796,0.6,2.0,5.146878,LT_BANH GAO AN TAO BIEN 174.9G_T6_4,1.0
CG_LT,6,,MM BINH DUONG,MM HIEP PHU,BANH GAO AN TAO BIEN 174.9G,4.655209,0.6,2.0,4.793126,LT_BANH GAO AN TAO BIEN 174.9G_T6_4,1.0
CG_LT,6,,MM BINH PHU,MM DA NANG,BANH GAO AN TAO BIEN 174.9G,7.581923,0.6,2.0,6.549154,LT_BANH GAO AN TAO BIEN 174.9G_T6_4,1.0
CG_LT,70,,MM BINH DUONG,MM AN PHU,BANH GAO AN TAO BIEN 174.9G,5.678736,0.6,2.0,5.407241,LT_BANH GAO AN TAO BIEN 174.9G_T70_1,1.0
CG_LT,70,,MM BINH DUONG,MM AN PHU,BANH GAO AN TAO BIEN 174.9G,4.943294,0.6,1.759236,4.725212,LT_BANH GAO AN TAO BIEN 174.9G_T70_3,0.879618
CG_LT,70,,MM HIEP PHU,MM DA NANG,BANH GAO AN TAO BIEN 174.9G,1.875335,0.6,1.759236,2.884437,LT_BANH GAO AN TAO BIEN 174.9G_T70_3,0.879618
CG_LT,70,,MM BIEN HOA,MM AN PHU,BANH GAO AN TAO BIEN 174.9G,1.60755,0.6,1.770482,2.735013,LT_BANH GAO AN TAO BIEN 174.9G_T70_4,0.885241
CG_LT,70,,MM BINH DUONG,MM DA NANG,BANH GAO AN TAO BIEN 174.9G,8.556098,0.6,1.770482,6.904141,LT_BANH GAO AN TAO BIEN 174.9G_T70_4,0.885241
CG_LT,70,,MM HIEP PHU,MM BINH PHU,BANH GAO AN TAO BIEN 174.9G,2.329089,0.6,1.770482,3.167936,LT_BANH GAO AN TAO BIEN 174.9G_T70_4,0.885241
CG_LT,70,,MM HIEP PHU,MM DA NANG,BANH GAO AN TAO BIEN 174.9G,3.503513,0.6,1.770482,3.87259,LT_BANH GAO AN TAO BIEN 174.9G_T70_4,0.885241
CG_LT,70,,MM BIEN HOA,MM BINH PHU,BANH GAO AN TAO BIEN 174.9G,6.188067,0.6,2.0,5.71284,LT_BANH GAO AN TAO BIEN 174.9G_T70_5,1.0
CG_LT,70,,MM BINH DUONG,MM AN PHU,BANH GAO AN TAO BIEN 174.9G,8.894038,0.6,2.0,7.336423,LT_BANH GAO AN TAO BIEN 174.9G_T70_5,1.0
CG_LT,70,,MM HIEP PHU,MM AN PHU,BANH GAO AN TAO BIEN 174.9G,8.876382,0.6,2.0,7.325829,LT_BANH GAO AN TAO BIEN 174.9G_T70_5,1.0
CG_LT,72,,MM BIEN HOA,MM BINH PHU,BANH GAO AN TAO BIEN 174.9G,9.587037,0.6,2.0,7.752222,LT_BANH GAO AN TAO BIEN 174.9G_T72_1,1.0
CG_LT,72,,MM BINH DUONG,MM BINH PHU,BANH GAO AN TAO BIEN 174.9G,4.748473,0.6,2.0,4.849084,LT_BANH GAO AN TAO BIEN 174.9G_T72_1,1.0
CG_LT,72,,MM HIEP PHU,MM DA NANG,BANH GAO AN TAO BIEN 174.9G,8.962607,0.6,2.0,7.377564,LT_BANH GAO AN TAO BIEN 174.9G_T72_1,1.0
CG_LT,72,,MM BINH DUONG,MM DA NANG,BANH GAO AN TAO BIEN 174.9G,6.145744,0.6,2.0,5.687447,LT_BANH GAO AN TAO BIEN 174.9G_T72_2,1.0
CG_LT,72,,MM HIEP PHU,MM BINH PHU,BANH GAO AN TAO BIEN 174.9G,2.179806,0.6,2.0,3.307884,LT_BANH GAO AN TAO BIEN 174.9G_T72_2,1.0
CG_LT,72,,MM HIEP PHU,MM DA NANG,BANH GAO AN TAO BIEN 174.9G,8.181672,0.6,2.0,6.909003,LT_BANH GAO AN TAO BIEN 174.9G_T72_2,1.0
CG_LT,72,,MM BINH DUONG,MM DA NANG,BANH GAO AN TAO BIEN 174.9G,7.470507,0.6,2.0,6.482304,LT_BANH GAO AN TAO BIEN 174.9G_T72_3,1.0
CG_LT,72,,MM HIEP PHU,MM BINH PHU,BANH GAO AN TAO BIEN 174.9G,8.092719,0.6,2.0,6.855631,LT_BANH GAO AN TAO BIEN 174.9G_T72_4,1.0
CG_LT,73,,MM BINH DUONG,MM BINH PHU,BANH GAO AN TAO BIEN 174.9G,3.653509,0.6,2.0,4.192105,LT_BANH GAO AN TAO BIEN 174.9G_T73_1,1.0
CG_LT,73,,MM HIEP PHU,MM BINH PHU,BANH GAO AN TAO BIEN 174.9G,4.369091,0.6,2.0,4.621455,LT_BANH GAO AN TAO BIEN 174.9G_T73_1,1.0
CG_LT,73,,MM BIEN HOA,MM AN PHU,BANH GAO AN TAO BIEN 174.9G,0.083715,0.6,0.077128,0.127357,LT_BANH GAO AN TAO BIEN 174.9G_T73_2,0.038564
CG_LT,73,,MM BIEN HOA,MM BINH PHU,BANH GAO AN TAO BIEN 174.9G,0.258338,0.6,0.077128,0.232131,LT_BANH GAO AN TAO BIEN 174.9G_T73_2,0.038564
CG_LT,73,,MM BIEN HOA,MM BINH PHU,BANH GAO AN TAO BIEN 174.9G,7.973085,0.6,2.0,6.783851,LT_BANH GAO AN TAO BIEN 174.9G_T73_3,1.0
CG_LT,73,,MM BINH DUONG,MM DA NANG,BANH GAO AN TAO BIEN 174.9G,7.713836,0.6,2.0,6.628302,LT_BANH GAO AN TAO BIEN 174.9G_T73_3,1.0
CG_LT,73,,MM HIEP PHU,MM AN PHU,BANH GAO AN TAO BIEN 174.9G,5.172302,0.6,2.0,5.103381,LT_BANH GAO AN TAO BIEN 174.9G_T73_3,1.0
CG_LT,73,,MM BIEN HOA,MM BINH PHU,BANH GAO AN TAO BIEN 174.9G,9.029522,0.6,2.0,7.417713,LT_BANH GAO AN TAO BIEN 174.9G_T73_4,1.0
CG_LT,73,,MM BIEN HOA,MM DA NANG,BANH GAO AN TAO BIEN 174.9G,4.758327,0.6,2.0,4.854996,LT_BANH GAO AN TAO BIEN 174.9G_T73_4,1.0
CG_LT,73,,MM BIEN HOA,MM DA NANG,BANH GAO AN TAO BIEN 174.9G,3.198687,0.6,1.772889,3.6921,LT_BANH GAO AN TAO BIEN 174.9G_T73_5,0.886444
CG_LT,73,,MM HIEP PHU,MM BINH PHU,BANH GAO AN TAO BIEN 174.9G,3.716456,0.6,1.772889,4.002762,LT_BANH GAO AN TAO BIEN 174.9G_T73_5,0.886444
CG_LT,74,,MM BIEN HOA,MM AN PHU,BANH GAO AN TAO BIEN 174.9G,8.055168,0.6,1.728435,6.561536,LT_BANH GAO AN TAO BIEN 174.9G_T74_1,0.864218
CG_LT,74,,MM BINH DUONG,MM BINH PHU,BANH GAO AN TAO BIEN 174.9G,2.903964,0.6,1.728435,3.470814,LT_BANH GAO AN TAO BIEN 174.9G_T74_1,0.864218
CG_LT,74,,MM HIEP PHU,MM AN PHU,BANH GAO AN TAO BIEN 174.9G,7.936307,0.6,1.728435,6.49022,LT_BANH GAO AN TAO BIEN 174.9G_T74_1,0.864218
CG_LT,74,,MM BIEN HOA,MM DA NANG,BANH GAO AN TAO BIEN 174.9G,4.88087,0.6,1.70107,4.629592,LT_BANH GAO AN TAO BIEN 174.9G_T74_2,0.850535
CG_LT,74,,MM HIEP PHU,MM AN PHU,BANH GAO AN TAO BIEN 174.9G,9.816525,0.6,2.0,7.889915,LT_BANH GAO AN TAO BIEN 174.9G_T74_5,1.0
CG_LT,75,,MM BIEN HOA,MM DA NANG,BANH GAO AN TAO BIEN 174.9G,8.530937,0.6,2.0,7.118562,LT_BANH GAO AN TAO BIEN 174.9G_T75_2,1.0
CG_LT,75,,MM HIEP PHU,MM AN PHU,BANH GAO AN TAO BIEN 174.9G,8.70679,0.6,2.0,7.224074,LT_BANH GAO AN TAO BIEN 174.9G_T75_2,1.0
CG_LT,75,,MM HIEP PHU,MM DA NANG,BANH GAO AN TAO BIEN 174.9G,3.977238,0.6,2.0,4.386343,LT_BANH GAO AN TAO BIEN 174.9G_T75_2,1.0
CG_LT,75,,MM BIEN HOA,MM AN PHU,BANH GAO AN TAO BIEN 174.9G,7.165766,0.6,1.973119,6.272579,LT_BANH GAO AN TAO BIEN 174.9G_T75_4,0.986559
CG_LT,75,,MM BIEN HOA,MM DA NANG,BANH GAO AN TAO BIEN 174.9G,5.491825,0.6,1.973119,5.268214,LT_BANH GAO AN TAO BIEN 174.9G_T75_4,0.986559
CG_LT,75,,MM HIEP PHU,MM BINH PHU,BANH GAO AN TAO BIEN 174.9G,4.657357,0.6,1.108359,3.902773,LT_BANH GAO AN TAO BIEN 174.9G_T75_5,0.554179
CG_LT,76,,MM BINH PHU,MM DA NANG,BANH GAO AN TAO BIEN 174.9G,9.491157,0.6,2.0,7.694694,LT_BANH GAO AN TAO BIEN 174.9G_T76_2,1.0
CG_LT,76,,MM BIEN HOA,MM DA NANG,BANH GAO AN TAO BIEN 174.9G,6.622711,0.6,1.393234,5.366861,LT_BANH GAO AN TAO BIEN 174.9G_T76_3,0.696617
CG_LT,76,,MM BINH DUONG,MM AN PHU,BANH GAO AN TAO BIEN 174.9G,5.71891,0.6,1.393234,4.82458,LT_BANH GAO AN TAO BIEN 174.9G_T76_3,0.696617
CG_LT,76,,MM BINH DUONG,MM DA NANG,BANH GAO AN TAO BIEN 174.9G,3.685902,0.6,1.393234,3.604775,LT_BANH GAO AN TAO BIEN 174.9G_T76_3,0.696617
CG_LT,76,,MM HIEP PHU,MM DA NANG,BANH GAO AN TAO BIEN 174.9G,4.343622,0.6,1.393234,3.999407,LT_BANH GAO AN TAO BIEN 174.9G_T76_3,0.696617
CG_LT,76,,MM BIEN HOA,MM AN PHU,BANH GAO AN TAO BIEN 174.9G,2.568005,0.6,0.518144,2.058947,LT_BANH GAO AN TAO BIEN 174.9G_T76_5,0.259072
CG_LT,76,,MM BINH DUONG,MM AN PHU,BANH GAO AN TAO BIEN 174.9G,2.417379,0.6,0.518144,1.968572,LT_BANH GAO AN TAO BIEN 174.9G_T76_5,0.259072
CG_LT,76,,MM BINH DUONG,MM DA NANG,BANH GAO AN TAO BIEN 174.9G,0.856607,0.6,0.518144,1.032108,LT_BANH GAO AN TAO BIEN 174.9G_T76_5,0.259072
CG_LT,76,,MM HIEP PHU,MM AN PHU,BANH GAO AN TAO BIEN 174.9G,1.302234,0.6,0.518144,1.299484,LT_BANH GAO AN TAO BIEN 174.9G_T76_5,0.259072
CG_LT,77,,MM BINH DUONG,MM AN PHU,BANH GAO AN TAO BIEN 174.9G,5.614349,0.6,2.0,5.36861,LT_BANH GAO AN TAO BIEN 174.9G_T77_1,1.0
CG_LT,77,,MM BINH PHU,MM AN PHU,BANH GAO AN TAO BIEN 174.9G,6.515798,0.6,2.0,5.909479,LT_BANH GAO AN TAO BIEN 174.9G_T77_1,1.0
CG_LT,77,,MM BINH PHU,MM DA NANG,BANH GAO AN TAO BIEN 174.9G,5.265765,0.6,2.0,5.159459,LT_BANH GAO AN TAO BIEN 174.9G_T77_1,1.0
CG_LT,77,,MM BIEN HOA,MM AN PHU,BANH GAO AN TAO BIEN 174.9G,9.736065,0.6,2.0,7.841639,LT_BANH GAO AN TAO BIEN 174.9G_T77_2,1.0
CG_LT,77,,MM BINH DUONG,MM AN PHU,BANH GAO AN TAO BIEN 174.9G,9.194938,0.6,2.0,7.516963,LT_BANH GAO AN TAO BIEN 174.9G_T77_2,1.0
CG_LT,77,,MM HIEP PHU,MM AN PHU,BANH GAO AN TAO BIEN 174.9G,4.801999,0.6,2.0,4.8812,LT_BANH GAO AN TAO BIEN 174.9G_T77_2,1.0
CG_LT,77,,MM HIEP PHU,MM DA NANG,BANH GAO AN TAO BIEN 174.9G,6.691809,0.6,2.0,6.015085,LT_BANH GAO AN TAO BIEN 174.9G_T77_2,1.0
CG_LT,77,,MM BINH PHU,MM AN PHU,BANH GAO AN TAO BIEN 174.9G,5.525973,0.6,2.0,5.315584,LT_BANH GAO AN TAO BIEN 174.9G_T77_3,1.0
CG_LT,77,,MM BIEN HOA,MM AN PHU,BANH GAO AN TAO BIEN 174.9G,4.696308,0.6,1.287774,4.105559,LT_BANH GAO AN TAO BIEN 174.9G_T77_5,0.643887
CG_LT,77,,MM BIEN HOA,MM DA NANG,BANH GAO AN TAO BIEN 174.9G,2.069707,0.6,1.287774,2.529598,LT_BANH GAO AN TAO BIEN 174.9G_T77_5,0.643887
CG_LT,77,,MM BINH DUONG,MM AN PHU,BANH GAO AN TAO BIEN 174.9G,3.402568,0.6,1.287774,3.329315,LT_BANH GAO AN TAO BIEN 174.9G_T77_5,0.643887
CG_LT,77,,MM BINH DUONG,MM DA NANG,BANH GAO AN TAO BIEN 174.9G,4.22686,0.6,1.287774,3.82389,LT_BANH GAO AN TAO BIEN 174.9G_T77_5,0.643887
CG_LT,78,,MM BIEN HOA,MM AN PHU,BANH GAO AN TAO BIEN 174.9G,8.560893,0.6,2.0,7.136536,LT_BANH GAO AN TAO BIEN 174.9G_T78_1,1.0
CG_LT,78,,MM BINH DUONG,MM AN PHU,BANH GAO AN TAO BIEN 174.9G,2.569842,0.6,2.0,3.541905,LT_BANH GAO AN TAO BIEN 174.9G_T78_1,1.0
CG_LT,78,,MM BIEN HOA,MM DA NANG,BANH GAO AN TAO BIEN 174.9G,7.498664,0.6,2.0,6.499198,LT_BANH GAO AN TAO BIEN 174.9G_T78_3,1.0
CG_LT,78,,MM BINH DUONG,MM DA NANG,BANH GAO AN TAO BIEN 174.9G,7.776666,0.6,2.0,6.666,LT_BANH GAO AN TAO BIEN 174.9G_T78_3,1.0
CG_LT,78,,MM BINH PHU,MM AN PHU,BANH GAO AN TAO BIEN 174.9G,6.230722,0.6,2.0,5.738433,LT_BANH GAO AN TAO BIEN 174.9G_T78_3,1.0
CG_LT,78,,MM BIEN HOA,MM DA NANG,BANH GAO AN TAO BIEN 174.9G,2.413987,0.6,1.963135,3.411527,LT_BANH GAO AN TAO BIEN 174.9G_T78_4,0.981567
CG_LT,78,,MM HIEP PHU,MM AN PHU,BANH GAO AN TAO BIEN 174.9G,3.75303,0.6,1.963135,4.214953,LT_BANH GAO AN TAO BIEN 174.9G_T78_4,0.981567
CG_LT,78,,MM BIEN HOA,MM AN PHU,BANH GAO AN TAO BIEN 174.9G,5.255984,0.6,2.0,5.153591,LT_BANH GAO AN TAO BIEN 174.9G_T78_5,1.0
CG_LT,78,,MM BINH DUONG,MM DA NANG,BANH GAO AN TAO BIEN 174.9G,6.905195,0.6,2.0,6.143117,LT_BANH GAO AN TAO BIEN 174.9G_T78_5,1.0
CG_LT,78,,MM BINH PHU,MM DA NANG,BANH GAO AN TAO BIEN 174.9G,9.103246,0.6,2.0,7.461948,LT_BANH GAO AN TAO BIEN 174.9G_T78_5,1.0
CG_LT,78,,MM HIEP PHU,MM AN PHU,BANH GAO AN TAO BIEN 174.9G,9.934496,0.6,2.0,7.960697,LT_BANH GAO AN TAO BIEN 174.9G_T78_5,1.0
CG_LT,79,,MM BIEN HOA,MM BINH PHU,BANH GAO AN TAO BIEN 174.9G,5.702914,0.6,2.0,5.421748,LT_BANH GAO AN TAO BIEN 174.9G_T79_1,1.0
CG_LT,79,,MM BINH DUONG,MM AN PHU,BANH GAO AN TAO BIEN 174.9G,8.500843,0.6,2.0,7.100506,LT_BANH GAO AN TAO BIEN 174.9G_T79_1,1.0
CG_LT,79,,MM BIEN HOA,MM AN PHU,BANH GAO AN TAO BIEN 174.9G,6.367655,0.6,2.0,5.820593,LT_BANH GAO AN TAO BIEN 174.9G_T79_2,1.0
CG_LT,79,,MM BIEN HOA,MM DA NANG,BANH GAO AN TAO BIEN 174.9G,7.442385,0.6,2.0,6.465431,LT_BANH GAO AN TAO BIEN 174.9G_T79_2,1.0
CG_LT,79,,MM BIEN HOA,MM AN PHU,BANH GAO AN TAO BIEN 174.9G,1.24768,0.6,2.0,2.748608,LT_BANH GAO AN TAO BIEN 174.9G_T79_4,1.0
CG_LT,79,,MM HIEP PHU,MM DA NANG,BANH GAO AN TAO BIEN 174.9G,8.776257,0.6,2.0,7.265754,LT_BANH GAO AN TAO BIEN 174.9G_T79_4,1.0
CG_LT,79,,MM BIEN HOA,MM BINH PHU,BANH GAO AN TAO BIEN 174.9G,1.798955,0.6,1.449125,2.528497,LT_BANH GAO AN TAO BIEN 174.9G_T79_5,0.724562
CG_LT,79,,MM BINH DUONG,MM DA NANG,BANH GAO AN TAO BIEN 174.9G,1.225563,0.6,1.449125,2.184463,LT_BANH GAO AN TAO BIEN 174.9G_T79_5,0.724562
CG_LT,79,,MM HIEP PHU,MM AN PHU,BANH GAO AN TAO BIEN 174.9G,1.587848,0.6,1.449125,2.401833,LT_BANH GAO AN TAO BIEN 174.9G_T79_5,0.724562
CG_LT,79,,MM HIEP PHU,MM DA NANG,BANH GAO AN TAO BIEN 174.9G,6.555795,0.6,1.449125,5.382602,LT_BANH GAO AN TAO BIEN 174.9G_T79_5,0.724562
CG_LT,7,,MM BINH PHU,MM BIEN HOA,BANH GAO AN TAO BIEN 174.9G,7.236787,0.6,2.0,6.342072,LT_BANH GAO AN TAO BIEN 174.9G_T7_1,1.0
CG_LT,7,,MM AN PHU,MM DA NANG,BANH GAO AN TAO BIEN 174.9G,6.769364,0.6,2.0,6.061619,LT_BANH GAO AN TAO BIEN 174.9G_T7_3,1.0
CG_LT,7,,MM BINH DUONG,MM BIEN HOA,BANH GAO AN TAO BIEN 174.9G,9.208987,0.6,2.0,7.525392,LT_BANH GAO AN TAO BIEN 174.9G_T7_3,1.0
CG_LT,7,,MM BINH PHU,MM BIEN HOA,BANH GAO AN TAO BIEN 174.9G,4.384084,0.6,2.0,4.63045,LT_BANH GAO AN TAO BIEN 174.9G_T7_3,1.0
CG_LT,7,,MM BINH DUONG,MM BIEN HOA,BANH GAO AN TAO BIEN 174.9G,2.227705,0.6,1.898775,3.235398,LT_BANH GAO AN TAO BIEN 174.9G_T7_5,0.949388
CG_LT,7,,MM BINH DUONG,MM DA NANG,BANH GAO AN TAO BIEN 174.9G,2.077126,0.6,1.898775,3.145051,LT_BANH GAO AN TAO BIEN 174.9G_T7_5,0.949388
CG_LT,7,,MM BINH DUONG,MM HIEP PHU,BANH GAO AN TAO BIEN 174.9G,8.159754,0.6,1.898775,6.794628,LT_BANH GAO AN TAO BIEN 174.9G_T7_5,0.949388
CG_LT,7,,MM BINH PHU,MM BIEN HOA,BANH GAO AN TAO BIEN 174.9G,7.20959,0.6,1.898775,6.224529,LT_BANH GAO AN TAO BIEN 174.9G_T7_5,0.949388
CG_LT,80,,MM BIEN HOA,MM DA NANG,BANH GAO AN TAO BIEN 174.9G,0.173108,0.6,0.035246,0.13911,LT_BANH GAO AN TAO BIEN 174.9G_T80_4,0.017623
CG_LT,80,,MM BINH DUONG,MM AN PHU,BANH GAO AN TAO BIEN 174.9G,0.062743,0.6,0.035246,0.072891,LT_BANH GAO AN TAO BIEN 174.9G_T80_4,0.017623
CG_LT,80,,MM BINH PHU,MM AN PHU,BANH GAO AN TAO BIEN 174.9G,0.09007,0.6,0.035246,0.089288,LT_BANH GAO AN TAO BIEN 174.9G_T80_4,0.017623
CG_LT,80,,MM HIEP PHU,MM DA NANG,BANH GAO AN TAO BIEN 174.9G,0.082164,0.6,0.035246,0.084544,LT_BANH GAO AN TAO BIEN 174.9G_T80_4,0.017623
CG_LT,80,,MM BIEN HOA,MM DA NANG,BANH GAO AN TAO BIEN 174.9G,7.390082,0.6,2.0,6.434049,LT_BANH GAO AN TAO BIEN 174.9G_T80_5,1.0
CG_LT,80,,MM BINH DUONG,MM DA NANG,BANH GAO AN TAO BIEN 174.9G,8.460651,0.6,2.0,7.07639,LT_BANH GAO AN TAO BIEN 174.9G_T80_5,1.0
CG_LT,80,,MM BINH PHU,MM AN PHU,BANH GAO AN TAO BIEN 174.9G,9.29801,0.6,2.0,7.578806,LT_BANH GAO AN TAO BIEN 174.9G_T80_5,1.0
CG_LT,80,,MM HIEP PHU,MM DA NANG,BANH GAO AN TAO BIEN 174.9G,9.893995,0.6,2.0,7.936397,LT_BANH GAO AN TAO BIEN 174.9G_T80_5,1.0
CG_LT,82,,MM BIEN HOA,MM DA NANG,BANH GAO AN TAO BIEN 174.9G,6.181527,0.6,2.0,5.708916,LT_BANH GAO AN TAO BIEN 174.9G_T82_1,1.0
CG_LT,82,,MM BINH PHU,MM AN PHU,BANH GAO AN TAO BIEN 174.9G,1.452555,0.6,2.0,2.871533,LT_BANH GAO AN TAO BIEN 174.9G_T82_1,1.0
CG_LT,82,,MM BINH PHU,MM DA NANG,BANH GAO AN TAO BIEN 174.9G,4.718486,0.6,2.0,4.831092,LT_BANH GAO AN TAO BIEN 174.9G_T82_1,1.0
CG_LT,82,,MM HIEP PHU,MM DA NANG,BANH GAO AN TAO BIEN 174.9G,8.175556,0.6,2.0,6.905334,LT_BANH GAO AN TAO BIEN 174.9G_T82_1,1.0
CG_LT,82,,MM BIEN HOA,MM AN PHU,BANH GAO AN TAO BIEN 174.9G,3.183746,0.6,2.0,3.910248,LT_BANH GAO AN TAO BIEN 174.9G_T82_2,1.0
CG_LT,82,,MM BIEN HOA,MM DA NANG,BANH GAO AN TAO BIEN 174.9G,9.647156,0.6,2.0,7.788293,LT_BANH GAO AN TAO BIEN 174.9G_T82_2,1.0
CG_LT,82,,MM BINH DUONG,MM DA NANG,BANH GAO AN TAO BIEN 174.9G,4.571176,0.6,2.0,4.742706,LT_BANH GAO AN TAO BIEN 174.9G_T82_2,1.0
CG_LT,82,,MM HIEP PHU,MM DA NANG,BANH GAO AN TAO BIEN 174.9G,6.717904,0.6,2.0,6.030742,LT_BANH GAO AN TAO BIEN 174.9G_T82_2,1.0
CG_LT,82,,MM BIEN HOA,MM DA NANG,BANH GAO AN TAO BIEN 174.9G,1.0327,0.6,0.228422,0.848042,LT_BANH GAO AN TAO BIEN 174.9G_T82_3,0.114211
CG_LT,82,,MM BINH PHU,MM AN PHU,BANH GAO AN TAO BIEN 174.9G,0.351154,0.6,0.228422,0.439115,LT_BANH GAO AN TAO BIEN 174.9G_T82_3,0.114211
CG_LT,82,,MM BIEN HOA,MM DA NANG,BANH GAO AN TAO BIEN 174.9G,9.059494,0.6,2.0,7.435696,LT_BANH GAO AN TAO BIEN 174.9G_T82_4,1.0
CG_LT,83,,MM BIEN HOA,MM AN PHU,BANH GAO AN TAO BIEN 174.9G,8.208477,0.6,2.0,6.925086,LT_BANH GAO AN TAO BIEN 174.9G_T83_1,1.0
CG_LT,83,,MM BIEN HOA,MM DA NANG,BANH GAO AN TAO BIEN 174.9G,2.679916,0.6,2.0,3.607949,LT_BANH GAO AN TAO BIEN 174.9G_T83_1,1.0
CG_LT,83,,MM BINH PHU,MM AN PHU,BANH GAO AN TAO BIEN 174.9G,1.171008,0.6,2.0,2.702605,LT_BANH GAO AN TAO BIEN 174.9G_T83_1,1.0
CG_LT,83,,MM HIEP PHU,MM DA NANG,BANH GAO AN TAO BIEN 174.9G,3.145252,0.6,2.0,3.887151,LT_BANH GAO AN TAO BIEN 174.9G_T83_1,1.0
CG_LT,83,,MM BINH PHU,MM DA NANG,BANH GAO AN TAO BIEN 174.9G,2.045384,0.6,2.0,3.227231,LT_BANH GAO AN TAO BIEN 174.9G_T83_4,1.0
CG_LT,83,,MM HIEP PHU,MM AN PHU,BANH GAO AN TAO BIEN 174.9G,1.416861,0.6,2.0,2.850117,LT_BANH GAO AN TAO BIEN 174.9G_T83_4,1.0
CG_LT,84,,MM BIEN HOA,MM AN PHU,BANH GAO AN TAO BIEN 174.9G,1.1272,0.6,0.327329,1.003649,LT_BANH GAO AN TAO BIEN 174.9G_T84_3,0.163664
CG_LT,84,,MM BIEN HOA,MM DA NANG,BANH GAO AN TAO BIEN 174.9G,0.443539,0.6,0.327329,0.593453,LT_BANH GAO AN TAO BIEN 174.9G_T84_3,0.163664
CG_LT,84,,MM BINH DUONG,MM AN PHU,BANH GAO AN TAO BIEN 174.9G,0.552279,0.6,0.327329,0.658697,LT_BANH GAO AN TAO BIEN 174.9G_T84_3,0.163664
CG_LT,84,,MM BINH DUONG,MM DA NANG,BANH GAO AN TAO BIEN 174.9G,0.984731,0.6,0.327329,0.918168,LT_BANH GAO AN TAO BIEN 174.9G_T84_3,0.163664
CG_LT,84,,MM BINH DUONG,MM DA NANG,BANH GAO AN TAO BIEN 174.9G,7.57173,0.6,2.0,6.543038,LT_BANH GAO AN TAO BIEN 174.9G_T84_5,1.0
CG_LT,84,,MM HIEP PHU,MM AN PHU,BANH GAO AN TAO BIEN 174.9G,1.862964,0.6,2.0,3.117778,LT_BANH GAO AN TAO BIEN 174.9G_T84_5,1.0
CG_LT,86,,MM BINH DUONG,MM DA NANG,BANH GAO AN TAO BIEN 174.9G,5.835097,0.6,1.57095,5.072008,LT_BANH GAO AN TAO BIEN 174.9G_T86_3,0.785475
CG_LT,86,,MM BIEN HOA,MM DA NANG,BANH GAO AN TAO BIEN 174.9G,8.481497,0.6,2.0,7.088898,LT_BANH GAO AN TAO BIEN 174.9G_T86_4,1.0
CG_LT,86,,MM HIEP PHU,MM DA NANG,BANH GAO AN TAO BIEN 174.9G,6.683406,0.6,2.0,6.010043,LT_BANH GAO AN TAO BIEN 174.9G_T86_4,1.0
CG_LT,87,,MM BIEN HOA,MM AN PHU,BANH GAO AN TAO BIEN 174.9G,0.293309,0.6,0.231732,0.407717,LT_BANH GAO AN TAO BIEN 174.9G_T87_1,0.115866
CG_LT,87,,MM BINH DUONG,MM DA NANG,BANH GAO AN TAO BIEN 174.9G,0.519851,0.6,0.231732,0.543642,LT_BANH GAO AN TAO BIEN 174.9G_T87_1,0.115866
CG_LT,87,,MM BINH PHU,MM DA NANG,BANH GAO AN TAO BIEN 174.9G,0.426891,0.6,0.231732,0.487866,LT_BANH GAO AN TAO BIEN 174.9G_T87_1,0.115866
CG_LT,87,,MM BINH DUONG,MM DA NANG,BANH GAO AN TAO BIEN 174.9G,8.944094,0.6,2.0,7.366456,LT_BANH GAO AN TAO BIEN 174.9G_T87_3,1.0
CG_LT,87,,MM BIEN HOA,MM DA NANG,BANH GAO AN TAO BIEN 174.9G,6.528993,0.6,2.0,5.917396,LT_BANH GAO AN TAO BIEN 174.9G_T87_5,1.0
CG_LT,87,,MM BINH PHU,MM DA NANG,BANH GAO AN TAO BIEN 174.9G,6.580171,0.6,2.0,5.948103,LT_BANH GAO AN TAO BIEN 174.9G_T87_5,1.0
CG_LT,88,,MM BINH DUONG,MM DA NANG,BANH GAO AN TAO BIEN 174.9G,7.968842,0.6,2.0,6.781305,LT_BANH GAO AN TAO BIEN 174.9G_T88_2,1.0
CG_LT,88,,MM BINH PHU,MM AN PHU,BANH GAO AN TAO BIEN 174.9G,4.954126,0.6,2.0,4.972476,LT_BANH GAO AN TAO BIEN 174.9G_T88_2,1.0
CG_LT,88,,MM HIEP PHU,MM AN PHU,BANH GAO AN TAO BIEN 174.9G,8.766366,0.6,2.0,7.25982,LT_BANH GAO AN TAO BIEN 174.9G_T88_2,1.0
CG_LT,88,,MM BINH DUONG,MM AN PHU,BANH GAO AN TAO BIEN 174.9G,2.147724,0.6,0.673647,1.962281,LT_BANH GAO AN TAO BIEN 174.9G_T88_3,0.336823
CG_LT,88,,MM BINH PHU,MM DA NANG,BANH GAO AN TAO BIEN 174.9G,3.09623,0.6,0.673647,2.531385,LT_BANH GAO AN TAO BIEN 174.9G_T88_3,0.336823
CG_LT,88,,MM HIEP PHU,MM DA NANG,BANH GAO AN TAO BIEN 174.9G,2.950239,0.6,0.673647,2.44379,LT_BANH GAO AN TAO BIEN 174.9G_T88_3,0.336823
CG_LT,88,,MM BIEN HOA,MM AN PHU,BANH GAO AN TAO BIEN 174.9G,2.7974,0.6,0.566605,2.245045,LT_BANH GAO AN TAO BIEN 174.9G_T88_4,0.283302
CG_LT,88,,MM BINH DUONG,MM DA NANG,BANH GAO AN TAO BIEN 174.9G,1.000159,0.6,0.566605,1.1667,LT_BANH GAO AN TAO BIEN 174.9G_T88_4,0.283302
CG_LT,88,,MM BINH DUONG,MM AN PHU,BANH GAO AN TAO BIEN 174.9G,7.764356,0.6,2.0,6.658614,LT_BANH GAO AN TAO BIEN 174.9G_T88_5,1.0
CG_LT,88,,MM BINH PHU,MM AN PHU,BANH GAO AN TAO BIEN 174.9G,5.763226,0.6,2.0,5.457936,LT_BANH GAO AN TAO BIEN 174.9G_T88_5,1.0
CG_LT,88,,MM BINH PHU,MM DA NANG,BANH GAO AN TAO BIEN 174.9G,7.984531,0.6,2.0,6.790719,LT_BANH GAO AN TAO BIEN 174.9G_T88_5,1.0
CG_LT,89,,MM BINH DUONG,MM DA NANG,BANH GAO AN TAO BIEN 174.9G,1.653729,0.6,2.0,2.992237,LT_BANH GAO AN TAO BIEN 174.9G_T89_1,1.0
CG_LT,89,,MM BINH PHU,MM AN PHU,BANH GAO AN TAO BIEN 174.9G,1.537039,0.6,2.0,2.922223,LT_BANH GAO AN TAO BIEN 174.9G_T89_1,1.0
CG_LT,89,,MM BINH PHU,MM DA NANG,BANH GAO AN TAO BIEN 174.9G,5.843571,0.6,2.0,5.506143,LT_BANH GAO AN TAO BIEN 174.9G_T89_1,1.0
CG_LT,89,,MM BINH PHU,MM AN PHU,BANH GAO AN TAO BIEN 174.9G,2.889012,0.6,1.973048,3.706455,LT_BANH GAO AN TAO BIEN 174.9G_T89_2,0.986524
CG_LT,89,,MM HIEP PHU,MM DA NANG,BANH GAO AN TAO BIEN 174.9G,3.191317,0.6,1.973048,3.887838,LT_BANH GAO AN TAO BIEN 174.9G_T89_2,0.986524
CG_LT,89,,MM BIEN HOA,MM DA NANG,BANH GAO AN TAO BIEN 174.9G,5.881027,0.6,2.0,5.528616,LT_BANH GAO AN TAO BIEN 174.9G_T89_4,1.0
CG_LT,89,,MM BINH DUONG,MM DA NANG,BANH GAO AN TAO BIEN 174.9G,3.6849,0.6,2.0,4.21094,LT_BANH GAO AN TAO BIEN 174.9G_T89_4,1.0
CG_LT,89,,MM BIEN HOA,MM AN PHU,BANH GAO AN TAO BIEN 174.9G,3.570395,0.6,2.0,4.142237,LT_BANH GAO AN TAO BIEN 174.9G_T89_5,1.0
CG_LT,89,,MM BIEN HOA,MM DA NANG,BANH GAO AN TAO BIEN 174.9G,5.567574,0.6,2.0,5.340544,LT_BANH GAO AN TAO BIEN 174.9G_T89_5,1.0
CG_LT,89,,MM HIEP PHU,MM DA NANG,BANH GAO AN TAO BIEN 174.9G,2.864144,0.6,2.0,3.718486,LT_BANH GAO AN TAO BIEN 174.9G_T89_5,1.0
CG_LT,8,,MM AN PHU,MM BIEN HOA,BANH GAO AN TAO BIEN 174.9G,0.322831,0.6,0.311404,0.505102,LT_BANH GAO AN TAO BIEN 174.9G_T8_2,0.155702
CG_LT,8,,MM BINH DUONG,MM AN PHU,BANH GAO AN TAO BIEN 174.9G,1.409548,0.6,0.311404,1.157132,LT_BANH GAO AN TAO BIEN 174.9G_T8_2,0.155702
CG_LT,8,,MM BINH DUONG,MM DA NANG,BANH GAO AN TAO BIEN 174.9G,0.622689,0.6,0.311404,0.685017,LT_BANH GAO AN TAO BIEN 174.9G_T8_2,0.155702
CG_LT,8,,MM BINH PHU,MM HIEP PHU,BANH GAO AN TAO BIEN 174.9G,0.979323,0.6,0.311404,0.898997,LT_BANH GAO AN TAO BIEN 174.9G_T8_2,0.155702
CG_LT,8,,MM BINH DUONG,MM BIEN HOA,BANH GAO AN TAO BIEN 174.9G,1.863261,0.6,2.0,3.117956,LT_BANH GAO AN TAO BIEN 174.9G_T8_3,1.0
CG_LT,8,,MM BINH DUONG,MM DA NANG,BANH GAO AN TAO BIEN 174.9G,7.082111,0.6,2.0,6.249267,LT_BANH GAO AN TAO BIEN 174.9G_T8_3,1.0
CG_LT,8,,MM BINH PHU,MM BIEN HOA,BANH GAO AN TAO BIEN 174.9G,1.645291,0.6,2.0,2.987175,LT_BANH GAO AN TAO BIEN 174.9G_T8_3,1.0
CG_LT,8,,MM AN PHU,MM BIEN HOA,BANH GAO AN TAO BIEN 174.9G,1.781169,0.6,2.0,3.068701,LT_BANH GAO AN TAO BIEN 174.9G_T8_5,1.0
CG_LT,8,,MM BINH DUONG,MM DA NANG,BANH GAO AN TAO BIEN 174.9G,2.959891,0.6,2.0,3.775935,LT_BANH GAO AN TAO BIEN 174.9G_T8_5,1.0
CG_LT,8,,MM BINH DUONG,MM HIEP PHU,BANH GAO AN TAO BIEN 174.9G,4.399403,0.6,2.0,4.639642,LT_BANH GAO AN TAO BIEN 174.9G_T8_5,1.0
CG_LT,90,,MM BINH DUONG,MM DA NANG,BANH GAO AN TAO BIEN 174.9G,6.591755,0.6,2.0,5.955053,LT_BANH GAO AN TAO BIEN 174.9G_T90_1,1.0
CG_LT,90,,MM BIEN HOA,MM AN PHU,BANH GAO AN TAO BIEN 174.9G,1.107388,0.6,1.108574,1.773007,LT_BANH GAO AN TAO BIEN 174.9G_T90_3,0.554287
CG_LT,90,,MM BIEN HOA,MM DA NANG,BANH GAO AN TAO BIEN 174.9G,3.509851,0.6,1.108574,3.214484,LT_BANH GAO AN TAO BIEN 174.9G_T90_3,0.554287
CG_LT,90,,MM BINH DUONG,MM DA NANG,BANH GAO AN TAO BIEN 174.9G,1.63369,0.6,1.108574,2.088788,LT_BANH GAO AN TAO BIEN 174.9G_T90_3,0.554287
CG_LT,90,,MM HIEP PHU,MM DA NANG,BANH GAO AN TAO BIEN 174.9G,5.040585,0.6,1.108574,4.132925,LT_BANH GAO AN TAO BIEN 174.9G_T90_3,0.554287
CG_LT,90,,MM BINH PHU,MM DA NANG,BANH GAO AN TAO BIEN 174.9G,6.224119,0.6,2.0,5.734471,LT_BANH GAO AN TAO BIEN 174.9G_T90_5,1.0
CG_LT,92,,MM BIEN HOA,MM DA NANG,BANH GAO AN TAO BIEN 174.9G,4.018882,0.6,2.0,4.411329,LT_BANH GAO AN TAO BIEN 174.9G_T92_1,1.0
CG_LT,92,,MM BINH PHU,MM AN PHU,BANH GAO AN TAO BIEN 174.9G,7.450657,0.6,2.0,6.470394,LT_BANH GAO AN TAO BIEN 174.9G_T92_1,1.0
CG_LT,92,,MM BIEN HOA,MM DA NANG,BANH GAO AN TAO BIEN 174.9G,9.725526,0.6,2.0,7.835315,LT_BANH GAO AN TAO BIEN 174.9G_T92_2,1.0
CG_LT,92,,MM HIEP PHU,MM AN PHU,BANH GAO AN TAO BIEN 174.9G,8.950356,0.6,2.0,7.370213,LT_BANH GAO AN TAO BIEN 174.9G_T92_2,1.0
CG_LT,92,,MM HIEP PHU,MM DA NANG,BANH GAO AN TAO BIEN 174.9G,8.072904,0.6,2.0,6.843742,LT_BANH GAO AN TAO BIEN 174.9G_T92_2,1.0
CG_LT,92,,MM BIEN HOA,MM DA NANG,BANH GAO AN TAO BIEN 174.9G,3.37475,0.6,1.753737,3.778587,LT_BANH GAO AN TAO BIEN 174.9G_T92_4,0.876868
CG_LT,92,,MM HIEP PHU,MM AN PHU,BANH GAO AN TAO BIEN 174.9G,8.21436,0.6,1.753737,6.682353,LT_BANH GAO AN TAO BIEN 174.9G_T92_4,0.876868
CG_LT,92,,MM BIEN HOA,MM AN PHU,BANH GAO AN TAO BIEN 174.9G,7.623279,0.6,2.0,6.573967,LT_BANH GAO AN TAO BIEN 174.9G_T92_5,1.0
CG_LT,92,,MM BINH DUONG,MM DA NANG,BANH GAO AN TAO BIEN 174.9G,9.807938,0.6,2.0,7.884763,LT_BANH GAO AN TAO BIEN 174.9G_T92_5,1.0
CG_LT,92,,MM HIEP PHU,MM AN PHU,BANH GAO AN TAO BIEN 174.9G,4.452405,0.6,2.0,4.671443,LT_BANH GAO AN TAO BIEN 174.9G_T92_5,1.0
CG_LT,93,,MM BIEN HOA,MM AN PHU,BANH GAO AN TAO BIEN 174.9G,4.984267,0.6,2.0,4.99056,LT_BANH GAO AN TAO BIEN 174.9G_T93_1,1.0
CG_LT,93,,MM BINH DUONG,MM AN PHU,BANH GAO AN TAO BIEN 174.9G,5.738584,0.6,2.0,5.44315,LT_BANH GAO AN TAO BIEN 174.9G_T93_1,1.0
CG_LT,93,,MM BINH DUONG,MM DA NANG,BANH GAO AN TAO BIEN 174.9G,6.254611,0.6,2.0,5.752767,LT_BANH GAO AN TAO BIEN 174.9G_T93_1,1.0
CG_LT,93,,MM BINH PHU,MM AN PHU,BANH GAO AN TAO BIEN 174.9G,9.883219,0.6,2.0,7.929932,LT_BANH GAO AN TAO BIEN 174.9G_T93_1,1.0
CG_LT,93,,MM BINH DUONG,MM AN PHU,BANH GAO AN TAO BIEN 174.9G,7.735963,0.6,2.0,6.641578,LT_BANH GAO AN TAO BIEN 174.9G_T93_5,1.0
CG_LT,93,,MM BINH DUONG,MM DA NANG,BANH GAO AN TAO BIEN 174.9G,4.024338,0.6,2.0,4.414603,LT_BANH GAO AN TAO BIEN 174.9G_T93_5,1.0
CG_LT,94,,MM BINH PHU,MM DA NANG,BANH GAO AN TAO BIEN 174.9G,1.814137,0.6,2.0,3.088482,LT_BANH GAO AN TAO BIEN 174.9G_T94_1,1.0
CG_LT,94,,MM BIEN HOA,MM AN PHU,BANH GAO AN TAO BIEN 174.9G,2.036718,0.6,0.952702,2.174733,LT_BANH GAO AN TAO BIEN 174.9G_T94_2,0.476351
CG_LT,94,,MM BINH PHU,MM AN PHU,BANH GAO AN TAO BIEN 174.9G,4.249658,0.6,0.952702,3.502496,LT_BANH GAO AN TAO BIEN 174.9G_T94_2,0.476351
CG_LT,94,,MM BINH PHU,MM DA NANG,BANH GAO AN TAO BIEN 174.9G,3.334833,0.6,0.952702,2.953602,LT_BANH GAO AN TAO BIEN 174.9G_T94_2,0.476351
CG_LT,94,,MM BIEN HOA,MM AN PHU,BANH GAO AN TAO BIEN 174.9G,3.172307,0.6,2.0,3.903384,LT_BANH GAO AN TAO BIEN 174.9G_T94_3,1.0
CG_LT,94,,MM BINH PHU,MM DA NANG,BANH GAO AN TAO BIEN 174.9G,6.361742,0.6,2.0,5.817045,LT_BANH GAO AN TAO BIEN 174.9G_T94_3,1.0
CG_LT,94,,MM HIEP PHU,MM AN PHU,BANH GAO AN TAO BIEN 174.9G,3.124419,0.6,2.0,3.874651,LT_BANH GAO AN TAO BIEN 174.9G_T94_3,1.0
CG_LT,94,,MM HIEP PHU,MM DA NANG,BANH GAO AN TAO BIEN 174.9G,9.478017,0.6,2.0,7.68681,LT_BANH GAO AN TAO BIEN 174.9G_T94_3,1.0
CG_LT,94,,MM BIEN HOA,MM DA NANG,BANH GAO AN TAO BIEN 174.9G,9.716006,0.6,2.0,7.829604,LT_BANH GAO AN TAO BIEN 174.9G_T94_5,1.0
CG_LT,94,,MM BINH DUONG,MM AN PHU,BANH GAO AN TAO BIEN 174.9G,5.648249,0.6,2.0,5.38895,LT_BANH GAO AN TAO BIEN 174.9G_T94_5,1.0
CG_LT,94,,MM HIEP PHU,MM AN PHU,BANH GAO AN TAO BIEN 174.9G,8.418384,0.6,2.0,7.051031,LT_BANH GAO AN TAO BIEN 174.9G_T94_5,1.0
CG_LT,95,,MM BINH DUONG,MM DA NANG,BANH GAO AN TAO BIEN 174.9G,1.452911,0.6,2.0,2.871746,LT_BANH GAO AN TAO BIEN 174.9G_T95_1,1.0
CG_LT,95,,MM BIEN HOA,MM DA NANG,BANH GAO AN TAO BIEN 174.9G,7.525724,0.6,2.0,6.515434,LT_BANH GAO AN TAO BIEN 174.9G_T95_2,1.0
CG_LT,95,,MM BINH PHU,MM AN PHU,BANH GAO AN TAO BIEN 174.9G,5.157736,0.6,2.0,5.094642,LT_BANH GAO AN TAO BIEN 174.9G_T95_2,1.0
CG_LT,95,,MM BINH DUONG,MM DA NANG,BANH GAO AN TAO BIEN 174.9G,4.843262,0.6,2.0,4.905957,LT_BANH GAO AN TAO BIEN 174.9G_T95_3,1.0
CG_LT,95,,MM HIEP PHU,MM DA NANG,BANH GAO AN TAO BIEN 174.9G,4.377912,0.6,2.0,4.626747,LT_BANH GAO AN TAO BIEN 174.9G_T95_3,1.0
CG_LT,95,,MM BINH PHU,MM DA NANG,BANH GAO AN TAO BIEN 174.9G,4.187623,0.6,2.0,4.512574,LT_BANH GAO AN TAO BIEN 174.9G_T95_4,1.0
CG_LT,95,,MM HIEP PHU,MM DA NANG,BANH GAO AN TAO BIEN 174.9G,7.894081,0.6,2.0,6.736448,LT_BANH GAO AN TAO BIEN 174.9G_T95_4,1.0
CG_LT,95,,MM BIEN HOA,MM AN PHU,BANH GAO AN TAO BIEN 174.9G,2.72459,0.6,2.0,3.634754,LT_BANH GAO AN TAO BIEN 174.9G_T95_5,1.0
CG_LT,95,,MM BIEN HOA,MM DA NANG,BANH GAO AN TAO BIEN 174.9G,1.195474,0.6,2.0,2.717284,LT_BANH GAO AN TAO BIEN 174.9G_T95_5,1.0
CG_LT,95,,MM BINH PHU,MM AN PHU,BANH GAO AN TAO BIEN 174.9G,7.828594,0.6,2.0,6.697156,LT_BANH GAO AN TAO BIEN 174.9G_T95_5,1.0
CG_LT,95,,MM BINH PHU,MM DA NANG,BANH GAO AN TAO BIEN 174.9G,7.559527,0.6,2.0,6.535716,LT_BANH GAO AN TAO BIEN 174.9G_T95_5,1.0
CG_LT,97,,MM BIEN HOA,MM AN PHU,BANH GAO AN TAO BIEN 174.9G,9.6076,0.6,2.0,7.76456,LT_BANH GAO AN TAO BIEN 174.9G_T97_3,1.0
CG_LT,97,,MM BIEN HOA,MM DA NANG,BANH GAO AN TAO BIEN 174.9G,4.296177,0.6,2.0,4.577706,LT_BANH GAO AN TAO BIEN 174.9G_T97_3,1.0
CG_LT,97,,MM BINH DUONG,MM AN PHU,BANH GAO AN TAO BIEN 174.9G,6.795682,0.6,2.0,6.077409,LT_BANH GAO AN TAO BIEN 174.9G_T97_3,1.0
CG_LT,97,,MM BINH PHU,MM DA NANG,BANH GAO AN TAO BIEN 174.9G,5.242025,0.6,2.0,5.145215,LT_BANH GAO AN TAO BIEN 174.9G_T97_3,1.0
CG_LT,97,,MM BIEN HOA,MM AN PHU,BANH GAO AN TAO BIEN 174.9G,4.653899,0.6,2.0,4.792339,LT_BANH GAO AN TAO BIEN 174.9G_T97_4,1.0
CG_LT,97,,MM BIEN HOA,MM DA NANG,BANH GAO AN TAO BIEN 174.9G,3.124105,0.6,2.0,3.874463,LT_BANH GAO AN TAO BIEN 174.9G_T97_4,1.0
CG_LT,97,,MM BINH DUONG,MM DA NANG,BANH GAO AN TAO BIEN 174.9G,6.797319,0.6,2.0,6.078392,LT_BANH GAO AN TAO BIEN 174.9G_T97_4,1.0
CG_LT,97,,MM HIEP PHU,MM DA NANG,BANH GAO AN TAO BIEN 174.9G,4.767911,0.6,2.0,4.860746,LT_BANH GAO AN TAO BIEN 174.9G_T97_4,1.0
CG_LT,97,,MM BINH DUONG,MM AN PHU,BANH GAO AN TAO BIEN 174.9G,1.025714,0.6,0.799771,1.415199,LT_BANH GAO AN TAO BIEN 174.9G_T97_5,0.399885
CG_LT,97,,MM BINH DUONG,MM DA NANG,BANH GAO AN TAO BIEN 174.9G,1.783012,0.6,0.799771,1.869578,LT_BANH GAO AN TAO BIEN 174.9G_T97_5,0.399885
CG_LT,97,,MM HIEP PHU,MM DA NANG,BANH GAO AN TAO BIEN 174.9G,0.989452,0.6,0.799771,1.393442,LT_BANH GAO AN TAO BIEN 174.9G_T97_5,0.399885
CG_LT,98,,MM HIEP PHU,MM AN PHU,BANH GAO AN TAO BIEN 174.9G,1.62247,0.6,2.0,2.973482,LT_BANH GAO AN TAO BIEN 174.9G_T98_1,1.0
CG_LT,98,,MM BIEN HOA,MM DA NANG,BANH GAO AN TAO BIEN 174.9G,6.119403,0.6,1.687308,5.35895,LT_BANH GAO AN TAO BIEN 174.9G_T98_2,0.843654
CG_LT,98,,MM BINH PHU,MM DA NANG,BANH GAO AN TAO BIEN 174.9G,5.407445,0.6,1.687308,4.931775,LT_BANH GAO AN TAO BIEN 174.9G_T98_2,0.843654
CG_LT,98,,MM HIEP PHU,MM AN PHU,BANH GAO AN TAO BIEN 174.9G,3.33587,0.6,1.687308,3.68883,LT_BANH GAO AN TAO BIEN 174.9G_T98_2,0.843654
CG_LT,98,,MM BINH DUONG,MM AN PHU,BANH GAO AN TAO BIEN 174.9G,4.722932,0.6,2.0,4.833759,LT_BANH GAO AN TAO BIEN 174.9G_T98_4,1.0
CG_LT,98,,MM HIEP PHU,MM AN PHU,BANH GAO AN TAO BIEN 174.9G,1.808752,0.6,2.0,3.085251,LT_BANH GAO AN TAO BIEN 174.9G_T98_4,1.0
CG_LT,98,,MM BIEN HOA,MM AN PHU,BANH GAO AN TAO BIEN 174.9G,9.320342,0.6,2.0,7.592205,LT_BANH GAO AN TAO BIEN 174.9G_T98_5,1.0
CG_LT,98,,MM BINH DUONG,MM DA NANG,BANH GAO AN TAO BIEN 174.9G,1.38879,0.6,2.0,2.833274,LT_BANH GAO AN TAO BIEN 174.9G_T98_5,1.0
CG_LT,98,,MM BINH PHU,MM AN PHU,BANH GAO AN TAO BIEN 174.9G,1.360471,0.6,2.0,2.816282,LT_BANH GAO AN TAO BIEN 174.9G_T98_5,1.0
CG_LT,98,,MM HIEP PHU,MM DA NANG,BANH GAO AN TAO BIEN 174.9G,9.095955,0.6,2.0,7.457573,LT_BANH GAO AN TAO BIEN 174.9G_T98_5,1.0
CG_LT,99,,MM BINH DUONG,MM AN PHU,BANH GAO AN TAO BIEN 174.9G,5.593281,0.6,2.0,5.355968,LT_BANH GAO AN TAO BIEN 174.9G_T99_1,1.0
CG_LT,99,,MM BINH PHU,MM AN PHU,BANH GAO AN TAO BIEN 174.9G,2.774221,0.6,2.0,3.664533,LT_BANH GAO AN TAO BIEN 174.9G_T99_1,1.0
CG_LT,99,,MM HIEP PHU,MM AN PHU,BANH GAO AN TAO BIEN 174.9G,1.602225,0.6,2.0,2.961335,LT_BANH GAO AN TAO BIEN 174.9G_T99_1,1.0
CG_LT,99,,MM BIEN HOA,MM AN PHU,BANH GAO AN TAO BIEN 174.9G,9.816276,0.6,2.0,7.889766,LT_BANH GAO AN TAO BIEN 174.9G_T99_3,1.0
CG_LT,99,,MM BIEN HOA,MM DA NANG,BANH GAO AN TAO BIEN 174.9G,3.221275,0.6,2.0,3.932765,LT_BANH GAO AN TAO BIEN 174.9G_T99_4,1.0
CG_LT,99,,MM BINH PHU,MM AN PHU,BANH GAO AN TAO BIEN 174.9G,5.831601,0.6,2.0,5.49896,LT_BANH GAO AN TAO BIEN 174.9G_T99_4,1.0
CG_LT,99,,MM BINH DUONG,MM AN PHU,BANH GAO AN TAO BIEN 174.9G,1.823282,0.6,1.994118,3.088087,LT_BANH GAO AN TAO BIEN 174.9G_T99_5,0.997059
CG_LT,99,,MM BINH PHU,MM AN PHU,BANH GAO AN TAO BIEN 174.9G,2.938927,0.6,1.994118,3.757474,LT_BANH GAO AN TAO BIEN 174.9G_T99_5,0.997059
CG_LT,99,,MM BINH PHU,MM DA NANG,BANH GAO AN TAO BIEN 174.9G,6.676599,0.6,1.994118,6.000077,LT_BANH GAO AN TAO BIEN 174.9G_T99_5,0.997059
CG_LT,99,,MM HIEP PHU,MM DA NANG,BANH GAO AN TAO BIEN 174.9G,1.332418,0.6,1.994118,2.793569,LT_BANH GAO AN TAO BIEN 174.9G_T99_5,0.997059
CG_LT,9,,MM BINH PHU,MM HIEP PHU,BANH GAO AN TAO BIEN 174.9G,9.324694,0.6,2.0,7.594816,LT_BANH GAO AN TAO BIEN 174.9G_T9_1,1.0
CG_LT,9,,MM BINH PHU,MM AN PHU,BANH GAO AN TAO BIEN 174.9G,9.87109,0.6,2.0,7.922654,LT_BANH GAO AN TAO BIEN 174.9G_T9_2,1.0
CG_LT,9,,MM BINH PHU,MM AN PHU,BANH GAO AN TAO BIEN 174.9G,0.739499,0.6,0.187995,0.631694,LT_BANH GAO AN TAO BIEN 174.9G_T9_3,0.093997
CG_LT,9,,MM BINH PHU,MM BIEN HOA,BANH GAO AN TAO BIEN 174.9G,0.686147,0.6,0.187995,0.599683,LT_BANH GAO AN TAO BIEN 174.9G_T9_3,0.093997
CG_LT,9,,MM BINH PHU,MM BINH DUONG,BANH GAO AN TAO BIEN 174.9G,0.365309,0.6,0.187995,0.40718,LT_BANH GAO AN TAO BIEN 174.9G_T9_3,0.093997
CG_LT,9,,MM BINH PHU,MM DA NANG,BANH GAO AN TAO BIEN 174.9G,0.670672,0.6,0.187995,0.590398,LT_BANH GAO AN TAO BIEN 174.9G_T9_3,0.093997
CG_LT,9,,MM BINH PHU,MM AN PHU,BANH GAO AN TAO BIEN 174.9G,8.902933,0.6,2.0,7.34176,LT_BANH GAO AN TAO BIEN 174.9G_T9_4,1.0
CG_LT,9,,MM BINH PHU,MM BIEN HOA,BANH GAO AN TAO BIEN 174.9G,8.346335,0.6,2.0,7.007801,LT_BANH GAO AN TAO BIEN 174.9G_T9_4,1.0
CG_LT,9,,MM BINH PHU,MM BINH DUONG,BANH GAO AN TAO BIEN 174.9G,2.267051,0.6,2.0,3.36023,LT_BANH GAO AN TAO BIEN 174.9G_T9_4,1.0
CG_LT,9,,MM BINH PHU,MM HIEP PHU,BANH GAO AN TAO BIEN 174.9G,9.399748,0.6,2.0,7.639849,LT_BANH GAO AN TAO BIEN 174.9G_T9_4,1.0
CG_LT,9,,MM BINH PHU,MM AN PHU,BANH GAO AN TAO BIEN 174.9G,9.418522,0.6,2.0,7.651113,LT_BANH GAO AN TAO BIEN 174.9G_T9_5,1.0
CG_LT,100,,MM BIEN HOA,MM DA NANG,OREO VANILLA 110.4/105G,3.198737,0.6,2.0,3.919242,LT_OREO VANILLA 110.4/105G_T100_1,1.0
CG_LT,100,,MM HIEP PHU,MM DA NANG,OREO VANILLA 110.4/105G,3.901175,0.6,2.0,4.340705,LT_OREO VANILLA 110.4/105G_T100_1,1.0
CG_LT,100,,MM BINH DUONG,MM AN PHU,OREO VANILLA 110.4/105G,5.664679,0.6,2.0,5.398808,LT_OREO VANILLA 110.4/105G_T100_2,1.0
CG_LT,100,,MM BINH DUONG,MM DA NANG,OREO VANILLA 110.4/105G,2.217094,0.6,2.0,3.330257,LT_OREO VANILLA 110.4/105G_T100_2,1.0
CG_LT,100,,MM BIEN HOA,MM DA NANG,OREO VANILLA 110.4/105G,4.651306,0.6,2.0,4.790784,LT_OREO VANILLA 110.4/105G_T100_3,1.0
CG_LT,100,,MM BINH DUONG,MM AN PHU,OREO VANILLA 110.4/105G,1.537096,0.6,2.0,2.922258,LT_OREO VANILLA 110.4/105G_T100_3,1.0
CG_LT,100,,MM BINH PHU,MM AN PHU,OREO VANILLA 110.4/105G,3.412348,0.6,2.0,4.047409,LT_OREO VANILLA 110.4/105G_T100_3,1.0
CG_LT,100,,MM HIEP PHU,MM AN PHU,OREO VANILLA 110.4/105G,9.236909,0.6,2.0,7.542145,LT_OREO VANILLA 110.4/105G_T100_4,1.0
CG_LT,100,,MM HIEP PHU,MM DA NANG,OREO VANILLA 110.4/105G,7.14935,0.6,2.0,6.28961,LT_OREO VANILLA 110.4/105G_T100_4,1.0
CG_LT,100,,MM BIEN HOA,MM AN PHU,OREO VANILLA 110.4/105G,7.158206,0.6,2.0,6.294923,LT_OREO VANILLA 110.4/105G_T100_5,1.0
CG_LT,100,,MM BINH DUONG,MM AN PHU,OREO VANILLA 110.4/105G,5.857237,0.6,2.0,5.514342,LT_OREO VANILLA 110.4/105G_T100_5,1.0
CG_LT,100,,MM HIEP PHU,MM AN PHU,OREO VANILLA 110.4/105G,1.31192,0.6,2.0,2.787152,LT_OREO VANILLA 110.4/105G_T100_5,1.0
CG_LT,100,,MM HIEP PHU,MM DA NANG,OREO VANILLA 110.4/105G,7.498584,0.6,2.0,6.499151,LT_OREO VANILLA 110.4/105G_T100_5,1.0
CG_LT,103,,MM BINH DUONG,MM HIEP PHU,OREO VANILLA 110.4/105G,7.380378,0.6,2.0,6.428227,LT_OREO VANILLA 110.4/105G_T103_2,1.0
CG_LT,103,,MM DA NANG,MM HIEP PHU,OREO VANILLA 110.4/105G,5.034808,0.6,2.0,5.020885,LT_OREO VANILLA 110.4/105G_T103_2,1.0
CG_LT,103,,MM BINH DUONG,MM AN PHU,OREO VANILLA 110.4/105G,3.605045,0.6,2.0,4.163027,LT_OREO VANILLA 110.4/105G_T103_3,1.0
CG_LT,103,,MM BINH PHU,MM HIEP PHU,OREO VANILLA 110.4/105G,6.18924,0.6,2.0,5.713544,LT_OREO VANILLA 110.4/105G_T103_3,1.0
CG_LT,103,,MM DA NANG,MM HIEP PHU,OREO VANILLA 110.4/105G,9.741089,0.6,2.0,7.844654,LT_OREO VANILLA 110.4/105G_T103_3,1.0
CG_LT,103,,MM BIEN HOA,MM HIEP PHU,OREO VANILLA 110.4/105G,9.709381,0.6,2.0,7.825629,LT_OREO VANILLA 110.4/105G_T103_4,1.0
CG_LT,103,,MM BINH DUONG,MM AN PHU,OREO VANILLA 110.4/105G,8.006249,0.6,2.0,6.80375,LT_OREO VANILLA 110.4/105G_T103_4,1.0
CG_LT,103,,MM BIEN HOA,MM HIEP PHU,OREO VANILLA 110.4/105G,5.084459,0.6,2.0,5.050675,LT_OREO VANILLA 110.4/105G_T103_5,1.0
CG_LT,103,,MM BINH DUONG,MM AN PHU,OREO VANILLA 110.4/105G,4.635653,0.6,2.0,4.781392,LT_OREO VANILLA 110.4/105G_T103_5,1.0
CG_LT,103,,MM BINH DUONG,MM HIEP PHU,OREO VANILLA 110.4/105G,4.16414,0.6,2.0,4.498484,LT_OREO VANILLA 110.4/105G_T103_5,1.0
CG_LT,103,,MM DA NANG,MM HIEP PHU,OREO VANILLA 110.4/105G,3.527717,0.6,2.0,4.11663,LT_OREO VANILLA 110.4/105G_T103_5,1.0
CG_LT,104,,MM BIEN HOA,MM HIEP PHU,OREO VANILLA 110.4/105G,3.813826,0.6,0.915677,3.203973,LT_OREO VANILLA 110.4/105G_T104_5,0.457839
CG_LT,104,,MM BINH PHU,MM AN PHU,OREO VANILLA 110.4/105G,1.200009,0.6,0.915677,1.635683,LT_OREO VANILLA 110.4/105G_T104_5,0.457839
CG_LT,105,,MM BIEN HOA,MM HIEP PHU,OREO VANILLA 110.4/105G,8.396546,0.6,2.0,7.037928,LT_OREO VANILLA 110.4/105G_T105_1,1.0
CG_LT,105,,MM BINH DUONG,MM AN PHU,OREO VANILLA 110.4/105G,4.830525,0.6,2.0,4.898315,LT_OREO VANILLA 110.4/105G_T105_1,1.0
CG_LT,105,,MM BINH PHU,MM HIEP PHU,OREO VANILLA 110.4/105G,6.41941,0.6,2.0,5.851646,LT_OREO VANILLA 110.4/105G_T105_1,1.0
CG_LT,105,,MM BINH DUONG,MM AN PHU,OREO VANILLA 110.4/105G,9.034344,0.6,2.0,7.420606,LT_OREO VANILLA 110.4/105G_T105_2,1.0
CG_LT,105,,MM BINH DUONG,MM HIEP PHU,OREO VANILLA 110.4/105G,9.656249,0.6,2.0,7.793749,LT_OREO VANILLA 110.4/105G_T105_2,1.0
CG_LT,105,,MM DA NANG,MM HIEP PHU,OREO VANILLA 110.4/105G,8.317602,0.6,2.0,6.990561,LT_OREO VANILLA 110.4/105G_T105_2,1.0
CG_LT,105,,MM BINH DUONG,MM AN PHU,OREO VANILLA 110.4/105G,7.433533,0.6,2.0,6.46012,LT_OREO VANILLA 110.4/105G_T105_3,1.0
CG_LT,105,,MM BINH PHU,MM HIEP PHU,OREO VANILLA 110.4/105G,7.130236,0.6,2.0,6.278142,LT_OREO VANILLA 110.4/105G_T105_3,1.0
CG_LT,105,,MM DA NANG,MM HIEP PHU,OREO VANILLA 110.4/105G,1.510585,0.6,2.0,2.906351,LT_OREO VANILLA 110.4/105G_T105_3,1.0
CG_LT,105,,MM BINH DUONG,MM HIEP PHU,OREO VANILLA 110.4/105G,1.68242,0.6,1.043724,2.053176,LT_OREO VANILLA 110.4/105G_T105_4,0.521862
CG_LT,105,,MM DA NANG,MM HIEP PHU,OREO VANILLA 110.4/105G,0.886951,0.6,1.043724,1.575895,LT_OREO VANILLA 110.4/105G_T105_4,0.521862
CG_LT,106,,MM BIEN HOA,MM AN PHU,OREO VANILLA 110.4/105G,7.298096,0.6,1.664304,6.043161,LT_OREO VANILLA 110.4/105G_T106_1,0.832152
CG_LT,106,,MM BINH DUONG,MM HIEP PHU,OREO VANILLA 110.4/105G,6.861243,0.6,1.664304,5.781049,LT_OREO VANILLA 110.4/105G_T106_1,0.832152
CG_LT,106,,MM DA NANG,MM AN PHU,OREO VANILLA 110.4/105G,6.301956,0.6,1.664304,5.445477,LT_OREO VANILLA 110.4/105G_T106_1,0.832152
CG_LT,106,,MM BINH PHU,MM HIEP PHU,OREO VANILLA 110.4/105G,3.546685,0.6,2.0,4.128011,LT_OREO VANILLA 110.4/105G_T106_2,1.0
CG_LT,106,,MM BIEN HOA,MM AN PHU,OREO VANILLA 110.4/105G,8.27571,0.6,2.0,6.965426,LT_OREO VANILLA 110.4/105G_T106_4,1.0
CG_LT,106,,MM BIEN HOA,MM HIEP PHU,OREO VANILLA 110.4/105G,3.483997,0.6,2.0,4.090398,LT_OREO VANILLA 110.4/105G_T106_4,1.0
CG_LT,106,,MM BINH PHU,MM HIEP PHU,OREO VANILLA 110.4/105G,6.392142,0.6,2.0,5.835285,LT_OREO VANILLA 110.4/105G_T106_4,1.0
CG_LT,106,,MM DA NANG,MM HIEP PHU,OREO VANILLA 110.4/105G,7.135445,0.6,2.0,6.281267,LT_OREO VANILLA 110.4/105G_T106_4,1.0
CG_LT,106,,MM BIEN HOA,MM HIEP PHU,OREO VANILLA 110.4/105G,6.496984,0.6,2.0,5.898191,LT_OREO VANILLA 110.4/105G_T106_5,1.0
CG_LT,107,,MM BIEN HOA,MM HIEP PHU,OREO VANILLA 110.4/105G,2.528414,0.6,2.0,3.517049,LT_OREO VANILLA 110.4/105G_T107_1,1.0
CG_LT,107,,MM BINH PHU,MM HIEP PHU,OREO VANILLA 110.4/105G,3.977436,0.6,2.0,4.386462,LT_OREO VANILLA 110.4/105G_T107_1,1.0
CG_LT,107,,MM BIEN HOA,MM HIEP PHU,OREO VANILLA 110.4/105G,1.014176,0.6,0.897912,1.506418,LT_OREO VANILLA 110.4/105G_T107_5,0.448956
CG_LT,107,,MM BINH PHU,MM AN PHU,OREO VANILLA 110.4/105G,0.772464,0.6,0.897912,1.36139,LT_OREO VANILLA 110.4/105G_T107_5,0.448956
CG_LT,107,,MM BINH PHU,MM HIEP PHU,OREO VANILLA 110.4/105G,2.555113,0.6,0.897912,2.43098,LT_OREO VANILLA 110.4/105G_T107_5,0.448956
CG_LT,108,,MM DA NANG,MM BINH PHU,OREO VANILLA 110.4/105G,4.092548,0.6,2.0,4.455529,LT_OREO VANILLA 110.4/105G_T108_2,1.0
CG_LT,108,,MM DA NANG,MM HIEP PHU,OREO VANILLA 110.4/105G,4.851778,0.6,2.0,4.911067,LT_OREO VANILLA 110.4/105G_T108_2,1.0
CG_LT,108,,MM BIEN HOA,MM AN PHU,OREO VANILLA 110.4/105G,3.853913,0.6,2.0,4.312348,LT_OREO VANILLA 110.4/105G_T108_3,1.0
CG_LT,108,,MM BIEN HOA,MM HIEP PHU,OREO VANILLA 110.4/105G,9.818471,0.6,2.0,7.891083,LT_OREO VANILLA 110.4/105G_T108_3,1.0
CG_LT,108,,MM BINH DUONG,MM BINH PHU,OREO VANILLA 110.4/105G,2.957486,0.6,2.0,3.774492,LT_OREO VANILLA 110.4/105G_T108_3,1.0
CG_LT,108,,MM DA NANG,MM BINH PHU,OREO VANILLA 110.4/105G,2.943575,0.6,2.0,3.766145,LT_OREO VANILLA 110.4/105G_T108_3,1.0
CG_LT,108,,MM BINH DUONG,MM AN PHU,OREO VANILLA 110.4/105G,4.851539,0.6,2.0,4.910923,LT_OREO VANILLA 110.4/105G_T108_4,1.0
CG_LT,108,,MM DA NANG,MM AN PHU,OREO VANILLA 110.4/105G,8.974057,0.6,2.0,7.384434,LT_OREO VANILLA 110.4/105G_T108_4,1.0
CG_LT,108,,MM DA NANG,MM BINH PHU,OREO VANILLA 110.4/105G,4.030414,0.6,2.0,4.418249,LT_OREO VANILLA 110.4/105G_T108_4,1.0
CG_LT,108,,MM BIEN HOA,MM AN PHU,OREO VANILLA 110.4/105G,7.993639,0.6,2.0,6.796184,LT_OREO VANILLA 110.4/105G_T108_5,1.0
CG_LT,108,,MM BIEN HOA,MM BINH PHU,OREO VANILLA 110.4/105G,5.40514,0.6,2.0,5.243084,LT_OREO VANILLA 110.4/105G_T108_5,1.0
CG_LT,108,,MM DA NANG,MM BINH PHU,OREO VANILLA 110.4/105G,1.67188,0.6,2.0,3.003128,LT_OREO VANILLA 110.4/105G_T108_5,1.0
CG_LT,109,,MM BIEN HOA,MM AN PHU,OREO VANILLA 110.4/105G,7.073135,0.6,2.0,6.243881,LT_OREO VANILLA 110.4/105G_T109_1,1.0
CG_LT,109,,MM DA NANG,MM AN PHU,OREO VANILLA 110.4/105G,7.489014,0.6,2.0,6.493409,LT_OREO VANILLA 110.4/105G_T109_1,1.0
CG_LT,109,,MM DA NANG,MM BINH PHU,OREO VANILLA 110.4/105G,7.94425,0.6,2.0,6.76655,LT_OREO VANILLA 110.4/105G_T109_1,1.0
CG_LT,109,,MM BINH DUONG,MM AN PHU,OREO VANILLA 110.4/105G,5.584692,0.6,1.679427,5.030242,LT_OREO VANILLA 110.4/105G_T109_2,0.839713
CG_LT,109,,MM DA NANG,MM BINH PHU,OREO VANILLA 110.4/105G,8.209379,0.6,1.679427,6.605054,LT_OREO VANILLA 110.4/105G_T109_2,0.839713
CG_LT,109,,MM DA NANG,MM HIEP PHU,OREO VANILLA 110.4/105G,8.392465,0.6,1.679427,6.714906,LT_OREO VANILLA 110.4/105G_T109_2,0.839713
CG_LT,109,,MM BIEN HOA,MM BINH PHU,OREO VANILLA 110.4/105G,3.586374,0.6,1.605016,3.756841,LT_OREO VANILLA 110.4/105G_T109_3,0.802508
CG_LT,109,,MM DA NANG,MM AN PHU,OREO VANILLA 110.4/105G,6.536048,0.6,1.605016,5.526645,LT_OREO VANILLA 110.4/105G_T109_3,0.802508
CG_LT,109,,MM DA NANG,MM BINH PHU,OREO VANILLA 110.4/105G,8.259997,0.6,2.0,6.955998,LT_OREO VANILLA 110.4/105G_T109_4,1.0
CG_LT,10,,MM HIEP PHU,MM AN PHU,OREO VANILLA 110.4/105G,1.039942,0.6,0.668635,1.2926,LT_OREO VANILLA 110.4/105G_T10_1,0.334318
CG_LT,10,,MM HIEP PHU,MM BIEN HOA,OREO VANILLA 110.4/105G,0.535841,0.6,0.668635,0.99014,LT_OREO VANILLA 110.4/105G_T10_1,0.334318
CG_LT,10,,MM HIEP PHU,MM DA NANG,OREO VANILLA 110.4/105G,0.468464,0.6,0.668635,0.949713,LT_OREO VANILLA 110.4/105G_T10_1,0.334318
CG_LT,110,,MM BINH DUONG,MM HIEP PHU,OREO VANILLA 110.4/105G,2.842517,0.6,2.0,3.70551,LT_OREO VANILLA 110.4/105G_T110_1,1.0
CG_LT,110,,MM DA NANG,MM HIEP PHU,OREO VANILLA 110.4/105G,7.840341,0.6,2.0,6.704205,LT_OREO VANILLA 110.4/105G_T110_1,1.0
CG_LT,110,,MM BIEN HOA,MM HIEP PHU,OREO VANILLA 110.4/105G,1.968597,0.6,2.0,3.181158,LT_OREO VANILLA 110.4/105G_T110_2,1.0
CG_LT,112,,MM BIEN HOA,MM AN PHU,OREO VANILLA 110.4/105G,7.944692,0.6,1.910847,6.677663,LT_OREO VANILLA 110.4/105G_T112_1,0.955424
CG_LT,112,,MM BIEN HOA,MM HIEP PHU,OREO VANILLA 110.4/105G,2.061791,0.6,1.910847,3.147922,LT_OREO VANILLA 110.4/105G_T112_1,0.955424
CG_LT,112,,MM DA NANG,MM BINH DUONG,OREO VANILLA 110.4/105G,9.038142,0.6,1.910847,7.333732,LT_OREO VANILLA 110.4/105G_T112_1,0.955424
CG_LT,112,,MM BIEN HOA,MM BINH DUONG,OREO VANILLA 110.4/105G,3.3002,0.6,1.008915,2.989035,LT_OREO VANILLA 110.4/105G_T112_2,0.504457
CG_LT,112,,MM BIEN HOA,MM BINH DUONG,OREO VANILLA 110.4/105G,8.101659,0.6,2.0,6.860995,LT_OREO VANILLA 110.4/105G_T112_4,1.0
CG_LT,112,,MM BIEN HOA,MM HIEP PHU,OREO VANILLA 110.4/105G,6.856989,0.6,2.0,6.114194,LT_OREO VANILLA 110.4/105G_T112_5,1.0
CG_LT,113,,MM BIEN HOA,MM BINH PHU,OREO VANILLA 110.4/105G,6.157917,0.6,2.0,5.69475,LT_OREO VANILLA 110.4/105G_T113_1,1.0
CG_LT,113,,MM BIEN HOA,MM HIEP PHU,OREO VANILLA 110.4/105G,1.502903,0.6,2.0,2.901742,LT_OREO VANILLA 110.4/105G_T113_1,1.0
CG_LT,113,,MM DA NANG,MM BINH PHU,OREO VANILLA 110.4/105G,9.25596,0.6,2.0,7.553576,LT_OREO VANILLA 110.4/105G_T113_1,1.0
CG_LT,113,,MM DA NANG,MM HIEP PHU,OREO VANILLA 110.4/105G,1.914647,0.6,2.0,3.148788,LT_OREO VANILLA 110.4/105G_T113_1,1.0
CG_LT,113,,MM BIEN HOA,MM BINH PHU,OREO VANILLA 110.4/105G,4.40082,0.6,1.955652,4.596144,LT_OREO VANILLA 110.4/105G_T113_2,0.977826
CG_LT,113,,MM BINH DUONG,MM AN PHU,OREO VANILLA 110.4/105G,8.694365,0.6,1.955652,7.172271,LT_OREO VANILLA 110.4/105G_T113_2,0.977826
CG_LT,113,,MM BINH DUONG,MM BINH PHU,OREO VANILLA 110.4/105G,4.85385,0.6,1.955652,4.867962,LT_OREO VANILLA 110.4/105G_T113_2,0.977826
CG_LT,113,,MM BINH DUONG,MM HIEP PHU,OREO VANILLA 110.4/105G,5.829941,0.6,1.955652,5.453616,LT_OREO VANILLA 110.4/105G_T113_2,0.977826
CG_LT,113,,MM BIEN HOA,MM BINH PHU,OREO VANILLA 110.4/105G,5.109643,0.6,2.0,5.065786,LT_OREO VANILLA 110.4/105G_T113_3,1.0
CG_LT,113,,MM BINH DUONG,MM BINH PHU,OREO VANILLA 110.4/105G,6.22181,0.6,2.0,5.733086,LT_OREO VANILLA 110.4/105G_T113_3,1.0
CG_LT,113,,MM DA NANG,MM AN PHU,OREO VANILLA 110.4/105G,4.743372,0.6,2.0,4.846023,LT_OREO VANILLA 110.4/105G_T113_3,1.0
CG_LT,113,,MM DA NANG,MM HIEP PHU,OREO VANILLA 110.4/105G,1.280204,0.6,2.0,2.768122,LT_OREO VANILLA 110.4/105G_T113_3,1.0
CG_LT,114,,MM BIEN HOA,MM BINH PHU,OREO VANILLA 110.4/105G,7.015242,0.6,2.0,6.209145,LT_OREO VANILLA 110.4/105G_T114_1,1.0
CG_LT,114,,MM BINH DUONG,MM BINH PHU,OREO VANILLA 110.4/105G,1.80015,0.6,2.0,3.08009,LT_OREO VANILLA 110.4/105G_T114_1,1.0
CG_LT,114,,MM BINH DUONG,MM HIEP PHU,OREO VANILLA 110.4/105G,4.80674,0.6,2.0,4.884044,LT_OREO VANILLA 110.4/105G_T114_1,1.0
CG_LT,114,,MM DA NANG,MM AN PHU,OREO VANILLA 110.4/105G,3.964194,0.6,2.0,4.378517,LT_OREO VANILLA 110.4/105G_T114_1,1.0
CG_LT,114,,MM BIEN HOA,MM AN PHU,OREO VANILLA 110.4/105G,4.138459,0.6,1.20951,3.692585,LT_OREO VANILLA 110.4/105G_T114_3,0.604755
CG_LT,114,,MM BIEN HOA,MM BINH PHU,OREO VANILLA 110.4/105G,2.077962,0.6,1.20951,2.456286,LT_OREO VANILLA 110.4/105G_T114_3,0.604755
CG_LT,114,,MM DA NANG,MM BINH PHU,OREO VANILLA 110.4/105G,2.948411,0.6,1.20951,2.978556,LT_OREO VANILLA 110.4/105G_T114_3,0.604755
CG_LT,114,,MM DA NANG,MM HIEP PHU,OREO VANILLA 110.4/105G,3.935841,0.6,1.20951,3.571014,LT_OREO VANILLA 110.4/105G_T114_3,0.604755
CG_LT,114,,MM BINH DUONG,MM BINH PHU,OREO VANILLA 110.4/105G,8.237301,0.6,2.0,6.942381,LT_OREO VANILLA 110.4/105G_T114_5,1.0
CG_LT,115,,MM BIEN HOA,MM AN PHU,OREO VANILLA 110.4/105G,1.05593,0.6,0.245707,0.879265,LT_OREO VANILLA 110.4/105G_T115_2,0.122854
CG_LT,115,,MM DA NANG,MM AN PHU,OREO VANILLA 110.4/105G,1.012333,0.6,0.245707,0.853107,LT_OREO VANILLA 110.4/105G_T115_2,0.122854
CG_LT,115,,MM DA NANG,MM HIEP PHU,OREO VANILLA 110.4/105G,0.634222,0.6,0.245707,0.62624,LT_OREO VANILLA 110.4/105G_T115_2,0.122854
CG_LT,115,,MM BIEN HOA,MM AN PHU,OREO VANILLA 110.4/105G,4.033792,0.6,1.305962,3.726237,LT_OREO VANILLA 110.4/105G_T115_4,0.652981
CG_LT,115,,MM DA NANG,MM AN PHU,OREO VANILLA 110.4/105G,6.483916,0.6,1.305962,5.196311,LT_OREO VANILLA 110.4/105G_T115_4,0.652981
CG_LT,115,,MM DA NANG,MM BINH DUONG,OREO VANILLA 110.4/105G,5.164846,0.6,1.305962,4.404869,LT_OREO VANILLA 110.4/105G_T115_4,0.652981
CG_LT,115,,MM BIEN HOA,MM BINH DUONG,OREO VANILLA 110.4/105G,8.793139,0.6,2.0,7.275884,LT_OREO VANILLA 110.4/105G_T115_5,1.0
CG_LT,115,,MM BIEN HOA,MM HIEP PHU,OREO VANILLA 110.4/105G,4.471146,0.6,2.0,4.682688,LT_OREO VANILLA 110.4/105G_T115_5,1.0
CG_LT,115,,MM DA NANG,MM HIEP PHU,OREO VANILLA 110.4/105G,1.726632,0.6,2.0,3.035979,LT_OREO VANILLA 110.4/105G_T115_5,1.0
CG_LT,116,,MM BIEN HOA,MM AN PHU,OREO VANILLA 110.4/105G,5.352629,0.6,2.0,5.211577,LT_OREO VANILLA 110.4/105G_T116_1,1.0
CG_LT,116,,MM BINH DUONG,MM AN PHU,OREO VANILLA 110.4/105G,7.514206,0.6,2.0,6.508524,LT_OREO VANILLA 110.4/105G_T116_1,1.0
CG_LT,116,,MM DA NANG,MM AN PHU,OREO VANILLA 110.4/105G,8.042127,0.6,2.0,6.825276,LT_OREO VANILLA 110.4/105G_T116_1,1.0
CG_LT,116,,MM DA NANG,MM BINH PHU,OREO VANILLA 110.4/105G,9.386585,0.6,2.0,7.631951,LT_OREO VANILLA 110.4/105G_T116_1,1.0
CG_LT,116,,MM BINH DUONG,MM AN PHU,OREO VANILLA 110.4/105G,0.429794,0.6,0.136306,0.394182,LT_OREO VANILLA 110.4/105G_T116_3,0.068153
CG_LT,117,,MM BIEN HOA,MM AN PHU,OREO VANILLA 110.4/105G,9.46655,0.6,2.0,7.67993,LT_OREO VANILLA 110.4/105G_T117_1,1.0
CG_LT,117,,MM HIEP PHU,MM AN PHU,OREO VANILLA 110.4/105G,0.262328,0.6,0.481295,0.638692,LT_OREO VANILLA 110.4/105G_T117_2,0.240647
CG_LT,117,,MM HIEP PHU,MM BINH DUONG,OREO VANILLA 110.4/105G,2.111976,0.6,0.481295,1.74848,LT_OREO VANILLA 110.4/105G_T117_2,0.240647
CG_LT,117,,MM BIEN HOA,MM BINH DUONG,OREO VANILLA 110.4/105G,1.261525,0.6,0.444111,1.201025,LT_OREO VANILLA 110.4/105G_T117_3,0.222055
CG_LT,117,,MM BIEN HOA,MM BINH PHU,OREO VANILLA 110.4/105G,2.03244,0.6,0.444111,1.663575,LT_OREO VANILLA 110.4/105G_T117_3,0.222055
CG_LT,117,,MM BIEN HOA,MM BINH PHU,OREO VANILLA 110.4/105G,9.039618,0.6,2.0,7.423771,LT_OREO VANILLA 110.4/105G_T117_5,1.0
CG_LT,118,,MM BIEN HOA,MM BINH PHU,OREO VANILLA 110.4/105G,5.164977,0.6,1.954149,5.053136,LT_OREO VANILLA 110.4/105G_T118_1,0.977075
CG_LT,118,,MM BIEN HOA,MM HIEP PHU,OREO VANILLA 110.4/105G,1.332838,0.6,1.954149,2.753852,LT_OREO VANILLA 110.4/105G_T118_1,0.977075
CG_LT,118,,MM DA NANG,MM AN PHU,OREO VANILLA 110.4/105G,7.73984,0.6,1.954149,6.598053,LT_OREO VANILLA 110.4/105G_T118_1,0.977075
CG_LT,118,,MM DA NANG,MM HIEP PHU,OREO VANILLA 110.4/105G,3.328046,0.6,1.954149,3.950977,LT_OREO VANILLA 110.4/105G_T118_1,0.977075
CG_LT,118,,MM BIEN HOA,MM AN PHU,OREO VANILLA 110.4/105G,7.056239,0.6,2.0,6.233743,LT_OREO VANILLA 110.4/105G_T118_2,1.0
CG_LT,118,,MM BIEN HOA,MM HIEP PHU,OREO VANILLA 110.4/105G,3.229641,0.6,2.0,3.937784,LT_OREO VANILLA 110.4/105G_T118_2,1.0
CG_LT,118,,MM DA NANG,MM AN PHU,OREO VANILLA 110.4/105G,8.258961,0.6,2.0,6.955377,LT_OREO VANILLA 110.4/105G_T118_2,1.0
CG_LT,118,,MM DA NANG,MM BINH DUONG,OREO VANILLA 110.4/105G,5.994387,0.6,2.0,5.596632,LT_OREO VANILLA 110.4/105G_T118_2,1.0
CG_LT,118,,MM BIEN HOA,MM BINH DUONG,OREO VANILLA 110.4/105G,6.464092,0.6,2.0,5.878455,LT_OREO VANILLA 110.4/105G_T118_4,1.0
CG_LT,118,,MM BIEN HOA,MM BINH PHU,OREO VANILLA 110.4/105G,9.891353,0.6,2.0,7.934812,LT_OREO VANILLA 110.4/105G_T118_4,1.0
CG_LT,118,,MM BIEN HOA,MM HIEP PHU,OREO VANILLA 110.4/105G,4.254288,0.6,2.0,4.552573,LT_OREO VANILLA 110.4/105G_T118_4,1.0
CG_LT,118,,MM BIEN HOA,MM BINH DUONG,OREO VANILLA 110.4/105G,2.541521,0.6,1.204176,2.729088,LT_OREO VANILLA 110.4/105G_T118_5,0.602088
CG_LT,118,,MM BIEN HOA,MM HIEP PHU,OREO VANILLA 110.4/105G,3.944936,0.6,1.204176,3.571138,LT_OREO VANILLA 110.4/105G_T118_5,0.602088
CG_LT,119,,MM BIEN HOA,MM BINH DUONG,OREO VANILLA 110.4/105G,7.777355,0.6,2.0,6.666413,LT_OREO VANILLA 110.4/105G_T119_2,1.0
CG_LT,119,,MM DA NANG,MM AN PHU,OREO VANILLA 110.4/105G,5.493393,0.6,2.0,5.296036,LT_OREO VANILLA 110.4/105G_T119_3,1.0
CG_LT,119,,MM DA NANG,MM BINH DUONG,OREO VANILLA 110.4/105G,8.793824,0.6,2.0,7.276294,LT_OREO VANILLA 110.4/105G_T119_3,1.0
CG_LT,119,,MM BIEN HOA,MM BINH DUONG,OREO VANILLA 110.4/105G,2.428821,0.6,1.478261,2.935554,LT_OREO VANILLA 110.4/105G_T119_5,0.739131
CG_LT,11,,MM HIEP PHU,MM AN PHU,OREO VANILLA 110.4/105G,5.599136,0.6,2.0,5.359482,LT_OREO VANILLA 110.4/105G_T11_2,1.0
CG_LT,120,,MM DA NANG,MM BINH PHU,OREO VANILLA 110.4/105G,7.057349,0.6,2.0,6.234409,LT_OREO VANILLA 110.4/105G_T120_1,1.0
CG_LT,120,,MM HIEP PHU,MM BINH PHU,OREO VANILLA 110.4/105G,3.846605,0.6,2.0,4.307963,LT_OREO VANILLA 110.4/105G_T120_1,1.0
CG_LT,120,,MM BIEN HOA,MM AN PHU,OREO VANILLA 110.4/105G,1.465845,0.6,1.949797,2.829304,LT_OREO VANILLA 110.4/105G_T120_2,0.974898
CG_LT,120,,MM BIEN HOA,MM BINH DUONG,OREO VANILLA 110.4/105G,1.859263,0.6,1.949797,3.065355,LT_OREO VANILLA 110.4/105G_T120_2,0.974898
CG_LT,120,,MM BIEN HOA,MM BINH PHU,OREO VANILLA 110.4/105G,3.087527,0.6,1.949797,3.802312,LT_OREO VANILLA 110.4/105G_T120_2,0.974898
CG_LT,120,,MM DA NANG,MM AN PHU,OREO VANILLA 110.4/105G,3.363009,0.6,1.949797,3.967602,LT_OREO VANILLA 110.4/105G_T120_2,0.974898
CG_LT,120,,MM BIEN HOA,MM BINH DUONG,OREO VANILLA 110.4/105G,6.77871,0.6,1.915487,5.982713,LT_OREO VANILLA 110.4/105G_T120_4,0.957744
CG_LT,120,,MM BIEN HOA,MM BINH DUONG,OREO VANILLA 110.4/105G,2.361657,0.6,1.082134,2.499128,LT_OREO VANILLA 110.4/105G_T120_5,0.541067
CG_LT,120,,MM BIEN HOA,MM BINH PHU,OREO VANILLA 110.4/105G,2.859022,0.6,1.082134,2.797547,LT_OREO VANILLA 110.4/105G_T120_5,0.541067
CG_LT,120,,MM HIEP PHU,MM BINH DUONG,OREO VANILLA 110.4/105G,3.00037,0.6,1.082134,2.882356,LT_OREO VANILLA 110.4/105G_T120_5,0.541067
CG_LT,120,,MM HIEP PHU,MM BINH PHU,OREO VANILLA 110.4/105G,0.897025,0.6,1.082134,1.620348,LT_OREO VANILLA 110.4/105G_T120_5,0.541067
CG_LT,122,,MM BIEN HOA,MM HIEP PHU,OREO VANILLA 110.4/105G,3.377343,0.6,1.50762,3.534026,LT_OREO VANILLA 110.4/105G_T122_5,0.75381
CG_LT,122,,MM DA NANG,MM HIEP PHU,OREO VANILLA 110.4/105G,7.179864,0.6,1.50762,5.815538,LT_OREO VANILLA 110.4/105G_T122_5,0.75381
CG_LT,123,,MM BINH DUONG,MM AN PHU,OREO VANILLA 110.4/105G,9.690272,0.6,2.0,7.814163,LT_OREO VANILLA 110.4/105G_T123_1,1.0
CG_LT,123,,MM DA NANG,MM BINH PHU,OREO VANILLA 110.4/105G,2.586112,0.6,2.0,3.551667,LT_OREO VANILLA 110.4/105G_T123_1,1.0
CG_LT,123,,MM DA NANG,MM HIEP PHU,OREO VANILLA 110.4/105G,7.392516,0.6,2.0,6.435509,LT_OREO VANILLA 110.4/105G_T123_1,1.0
CG_LT,123,,MM BIEN HOA,MM HIEP PHU,OREO VANILLA 110.4/105G,4.355391,0.6,2.0,4.613235,LT_OREO VANILLA 110.4/105G_T123_2,1.0
CG_LT,123,,MM BINH DUONG,MM AN PHU,OREO VANILLA 110.4/105G,2.626448,0.6,2.0,3.575869,LT_OREO VANILLA 110.4/105G_T123_2,1.0
CG_LT,123,,MM BINH DUONG,MM BINH PHU,OREO VANILLA 110.4/105G,3.283678,0.6,2.0,3.970207,LT_OREO VANILLA 110.4/105G_T123_2,1.0
CG_LT,123,,MM BINH DUONG,MM HIEP PHU,OREO VANILLA 110.4/105G,3.82607,0.6,2.0,4.295642,LT_OREO VANILLA 110.4/105G_T123_2,1.0
CG_LT,123,,MM BIEN HOA,MM BINH PHU,OREO VANILLA 110.4/105G,8.190048,0.6,2.0,6.914029,LT_OREO VANILLA 110.4/105G_T123_3,1.0
CG_LT,123,,MM BINH DUONG,MM AN PHU,OREO VANILLA 110.4/105G,3.538428,0.6,2.0,4.123057,LT_OREO VANILLA 110.4/105G_T123_3,1.0
CG_LT,123,,MM BINH DUONG,MM HIEP PHU,OREO VANILLA 110.4/105G,3.749235,0.6,2.0,4.249541,LT_OREO VANILLA 110.4/105G_T123_3,1.0
CG_LT,123,,MM DA NANG,MM HIEP PHU,OREO VANILLA 110.4/105G,8.595392,0.6,2.0,7.157235,LT_OREO VANILLA 110.4/105G_T123_3,1.0
CG_LT,123,,MM BINH DUONG,MM BINH PHU,OREO VANILLA 110.4/105G,6.444238,0.6,2.0,5.866543,LT_OREO VANILLA 110.4/105G_T123_4,1.0
CG_LT,123,,MM BINH DUONG,MM HIEP PHU,OREO VANILLA 110.4/105G,8.219901,0.6,2.0,6.93194,LT_OREO VANILLA 110.4/105G_T123_4,1.0
CG_LT,123,,MM DA NANG,MM AN PHU,OREO VANILLA 110.4/105G,6.352044,0.6,2.0,5.811227,LT_OREO VANILLA 110.4/105G_T123_4,1.0
CG_LT,123,,MM DA NANG,MM HIEP PHU,OREO VANILLA 110.4/105G,5.352217,0.6,2.0,5.21133,LT_OREO VANILLA 110.4/105G_T123_4,1.0
CG_LT,123,,MM BINH DUONG,MM AN PHU,OREO VANILLA 110.4/105G,8.471339,0.6,2.0,7.082803,LT_OREO VANILLA 110.4/105G_T123_5,1.0
CG_LT,123,,MM BINH DUONG,MM HIEP PHU,OREO VANILLA 110.4/105G,1.473558,0.6,2.0,2.884135,LT_OREO VANILLA 110.4/105G_T123_5,1.0
CG_LT,123,,MM DA NANG,MM AN PHU,OREO VANILLA 110.4/105G,9.920163,0.6,2.0,7.952098,LT_OREO VANILLA 110.4/105G_T123_5,1.0
CG_LT,124,,MM BIEN HOA,MM BINH PHU,OREO VANILLA 110.4/105G,8.53406,0.6,2.0,7.120436,LT_OREO VANILLA 110.4/105G_T124_1,1.0
CG_LT,124,,MM BIEN HOA,MM HIEP PHU,OREO VANILLA 110.4/105G,9.019971,0.6,2.0,7.411983,LT_OREO VANILLA 110.4/105G_T124_1,1.0
CG_LT,124,,MM BINH DUONG,MM HIEP PHU,OREO VANILLA 110.4/105G,3.632355,0.6,2.0,4.179413,LT_OREO VANILLA 110.4/105G_T124_1,1.0
CG_LT,124,,MM DA NANG,MM AN PHU,OREO VANILLA 110.4/105G,2.478789,0.6,2.0,3.487274,LT_OREO VANILLA 110.4/105G_T124_1,1.0
CG_LT,124,,MM BINH DUONG,MM HIEP PHU,OREO VANILLA 110.4/105G,3.847263,0.6,1.970153,4.27851,LT_OREO VANILLA 110.4/105G_T124_2,0.985076
CG_LT,124,,MM BIEN HOA,MM BINH PHU,OREO VANILLA 110.4/105G,5.1459,0.6,1.574215,4.661754,LT_OREO VANILLA 110.4/105G_T124_4,0.787107
CG_LT,124,,MM BINH DUONG,MM AN PHU,OREO VANILLA 110.4/105G,5.45722,0.6,1.574215,4.848547,LT_OREO VANILLA 110.4/105G_T124_4,0.787107
CG_LT,124,,MM BINH DUONG,MM DA NANG,OREO VANILLA 110.4/105G,1.047649,0.6,1.574215,2.202804,LT_OREO VANILLA 110.4/105G_T124_4,0.787107
CG_LT,124,,MM BIEN HOA,MM BINH PHU,OREO VANILLA 110.4/105G,1.22283,0.6,1.382819,2.116517,LT_OREO VANILLA 110.4/105G_T124_5,0.69141
CG_LT,124,,MM DA NANG,MM BINH PHU,OREO VANILLA 110.4/105G,3.097211,0.6,1.382819,3.241146,LT_OREO VANILLA 110.4/105G_T124_5,0.69141
CG_LT,125,,MM BIEN HOA,MM AN PHU,OREO VANILLA 110.4/105G,7.513684,0.6,1.960042,6.468253,LT_OREO VANILLA 110.4/105G_T125_1,0.980021
CG_LT,125,,MM BIEN HOA,MM BINH DUONG,OREO VANILLA 110.4/105G,9.105032,0.6,1.960042,7.423061,LT_OREO VANILLA 110.4/105G_T125_1,0.980021
CG_LT,125,,MM BIEN HOA,MM DA NANG,OREO VANILLA 110.4/105G,2.121961,0.6,1.960042,3.233219,LT_OREO VANILLA 110.4/105G_T125_1,0.980021
CG_LT,125,,MM BIEN HOA,MM HIEP PHU,OREO VANILLA 110.4/105G,5.113808,0.6,1.642325,4.710609,LT_OREO VANILLA 110.4/105G_T125_2,0.821162
CG_LT,126,,MM BIEN HOA,MM BINH PHU,OREO VANILLA 110.4/105G,7.556248,0.6,2.0,6.533749,LT_OREO VANILLA 110.4/105G_T126_1,1.0
CG_LT,126,,MM BIEN HOA,MM DA NANG,OREO VANILLA 110.4/105G,1.272853,0.6,2.0,2.763712,LT_OREO VANILLA 110.4/105G_T126_1,1.0
CG_LT,126,,MM BIEN HOA,MM HIEP PHU,OREO VANILLA 110.4/105G,0.537729,0.6,0.913538,1.236175,LT_OREO VANILLA 110.4/105G_T126_3,0.456769
CG_LT,126,,MM DA NANG,MM BINH PHU,OREO VANILLA 110.4/105G,1.112391,0.6,0.913538,1.580972,LT_OREO VANILLA 110.4/105G_T126_3,0.456769
CG_LT,126,,MM DA NANG,MM HIEP PHU,OREO VANILLA 110.4/105G,0.922502,0.6,0.913538,1.467039,LT_OREO VANILLA 110.4/105G_T126_3,0.456769
CG_LT,126,,MM BIEN HOA,MM AN PHU,OREO VANILLA 110.4/105G,2.118379,0.6,2.0,3.271027,LT_OREO VANILLA 110.4/105G_T126_4,1.0
CG_LT,126,,MM BINH DUONG,MM BINH PHU,OREO VANILLA 110.4/105G,5.02397,0.6,2.0,5.014382,LT_OREO VANILLA 110.4/105G_T126_4,1.0
CG_LT,126,,MM BINH DUONG,MM HIEP PHU,OREO VANILLA 110.4/105G,3.935494,0.6,2.0,4.361296,LT_OREO VANILLA 110.4/105G_T126_4,1.0
CG_LT,127,,MM BIEN HOA,MM BINH PHU,OREO VANILLA 110.4/105G,2.031635,0.6,1.168672,2.387653,LT_OREO VANILLA 110.4/105G_T127_2,0.584336
CG_LT,127,,MM DA NANG,MM BINH PHU,OREO VANILLA 110.4/105G,1.578329,0.6,0.486885,1.433882,LT_OREO VANILLA 110.4/105G_T127_4,0.243442
CG_LT,127,,MM BIEN HOA,MM BINH PHU,OREO VANILLA 110.4/105G,5.892441,0.6,2.0,5.535464,LT_OREO VANILLA 110.4/105G_T127_5,1.0
CG_LT,127,,MM BINH DUONG,MM BINH PHU,OREO VANILLA 110.4/105G,8.499924,0.6,2.0,7.099955,LT_OREO VANILLA 110.4/105G_T127_5,1.0
CG_LT,127,,MM BINH DUONG,MM DA NANG,OREO VANILLA 110.4/105G,4.802952,0.6,2.0,4.881771,LT_OREO VANILLA 110.4/105G_T127_5,1.0
CG_LT,127,,MM DA NANG,MM BINH PHU,OREO VANILLA 110.4/105G,8.997671,0.6,2.0,7.398602,LT_OREO VANILLA 110.4/105G_T127_5,1.0
CG_LT,128,,MM BINH DUONG,MM AN PHU,OREO VANILLA 110.4/105G,9.782018,0.6,2.0,7.869211,LT_OREO VANILLA 110.4/105G_T128_1,1.0
CG_LT,128,,MM BINH DUONG,MM HIEP PHU,OREO VANILLA 110.4/105G,4.14322,0.6,2.0,4.485932,LT_OREO VANILLA 110.4/105G_T128_1,1.0
CG_LT,128,,MM BIEN HOA,MM AN PHU,OREO VANILLA 110.4/105G,8.215687,0.6,2.0,6.929412,LT_OREO VANILLA 110.4/105G_T128_2,1.0
CG_LT,128,,MM BIEN HOA,MM AN PHU,OREO VANILLA 110.4/105G,0.065117,0.6,0.062473,0.101543,LT_OREO VANILLA 110.4/105G_T128_3,0.031236
CG_LT,128,,MM BIEN HOA,MM DA NANG,OREO VANILLA 110.4/105G,0.060251,0.6,0.062473,0.098623,LT_OREO VANILLA 110.4/105G_T128_3,0.031236
CG_LT,128,,MM BINH DUONG,MM AN PHU,OREO VANILLA 110.4/105G,0.141568,0.6,0.062473,0.147414,LT_OREO VANILLA 110.4/105G_T128_3,0.031236
CG_LT,128,,MM BINH DUONG,MM BINH PHU,OREO VANILLA 110.4/105G,0.251773,0.6,0.062473,0.213537,LT_OREO VANILLA 110.4/105G_T128_3,0.031236
CG_LT,128,,MM BIEN HOA,MM BINH PHU,OREO VANILLA 110.4/105G,3.25434,0.6,1.573559,3.526163,LT_OREO VANILLA 110.4/105G_T128_4,0.786779
CG_LT,128,,MM BIEN HOA,MM HIEP PHU,OREO VANILLA 110.4/105G,5.760338,0.6,1.573559,5.029761,LT_OREO VANILLA 110.4/105G_T128_4,0.786779
CG_LT,128,,MM BINH DUONG,MM BINH PHU,OREO VANILLA 110.4/105G,5.261386,0.6,1.573559,4.73039,LT_OREO VANILLA 110.4/105G_T128_4,0.786779
CG_LT,128,,MM BINH DUONG,MM HIEP PHU,OREO VANILLA 110.4/105G,3.958169,0.6,1.573559,3.94846,LT_OREO VANILLA 110.4/105G_T128_4,0.786779
CG_LT,129,,MM BIEN HOA,MM BINH PHU,OREO VANILLA 110.4/105G,8.264456,0.6,2.0,6.958674,LT_OREO VANILLA 110.4/105G_T129_1,1.0
CG_LT,129,,MM BINH DUONG,MM AN PHU,OREO VANILLA 110.4/105G,8.751211,0.6,2.0,7.250726,LT_OREO VANILLA 110.4/105G_T129_1,1.0
CG_LT,129,,MM BINH DUONG,MM BINH PHU,OREO VANILLA 110.4/105G,5.157732,0.6,2.0,5.094639,LT_OREO VANILLA 110.4/105G_T129_1,1.0
CG_LT,129,,MM BINH DUONG,MM HIEP PHU,OREO VANILLA 110.4/105G,4.884088,0.6,2.0,4.930453,LT_OREO VANILLA 110.4/105G_T129_1,1.0
CG_LT,129,,MM BIEN HOA,MM AN PHU,OREO VANILLA 110.4/105G,1.764744,0.6,1.741083,2.799929,LT_OREO VANILLA 110.4/105G_T129_2,0.870541
CG_LT,129,,MM BINH DUONG,MM AN PHU,OREO VANILLA 110.4/105G,6.620574,0.6,1.741083,5.713427,LT_OREO VANILLA 110.4/105G_T129_2,0.870541
CG_LT,129,,MM BINH DUONG,MM BINH PHU,OREO VANILLA 110.4/105G,1.85534,0.6,1.741083,2.854287,LT_OREO VANILLA 110.4/105G_T129_2,0.870541
CG_LT,129,,MM BINH DUONG,MM HIEP PHU,OREO VANILLA 110.4/105G,8.150229,0.6,1.741083,6.63122,LT_OREO VANILLA 110.4/105G_T129_2,0.870541
CG_LT,129,,MM BIEN HOA,MM HIEP PHU,OREO VANILLA 110.4/105G,5.236522,0.6,2.0,5.141913,LT_OREO VANILLA 110.4/105G_T129_4,1.0
CG_LT,129,,MM BINH DUONG,MM BINH PHU,OREO VANILLA 110.4/105G,3.992904,0.6,2.0,4.395742,LT_OREO VANILLA 110.4/105G_T129_4,1.0
CG_LT,129,,MM BIEN HOA,MM AN PHU,OREO VANILLA 110.4/105G,4.304854,0.6,2.0,4.582913,LT_OREO VANILLA 110.4/105G_T129_5,1.0
CG_LT,129,,MM BIEN HOA,MM BINH PHU,OREO VANILLA 110.4/105G,4.949108,0.6,2.0,4.969465,LT_OREO VANILLA 110.4/105G_T129_5,1.0
CG_LT,129,,MM BIEN HOA,MM DA NANG,OREO VANILLA 110.4/105G,8.03684,0.6,2.0,6.822104,LT_OREO VANILLA 110.4/105G_T129_5,1.0
CG_LT,129,,MM BINH DUONG,MM HIEP PHU,OREO VANILLA 110.4/105G,7.301727,0.6,2.0,6.381036,LT_OREO VANILLA 110.4/105G_T129_5,1.0
CG_LT,12,,MM BINH PHU,MM AN PHU,OREO VANILLA 110.4/105G,4.90214,0.6,2.0,4.941284,LT_OREO VANILLA 110.4/105G_T12_3,1.0
CG_LT,12,,MM BINH PHU,MM AN PHU,OREO VANILLA 110.4/105G,0.936793,0.6,0.853696,1.415772,LT_OREO VANILLA 110.4/105G_T12_5,0.426848
CG_LT,12,,MM BINH PHU,MM BINH DUONG,OREO VANILLA 110.4/105G,3.815522,0.6,0.853696,3.143009,LT_OREO VANILLA 110.4/105G_T12_5,0.426848
CG_LT,12,,MM HIEP PHU,MM DA NANG,OREO VANILLA 110.4/105G,0.539892,0.6,0.853696,1.177631,LT_OREO VANILLA 110.4/105G_T12_5,0.426848
CG_LT,130,,MM BIEN HOA,MM BINH PHU,OREO VANILLA 110.4/105G,9.158484,0.6,2.0,7.495091,LT_OREO VANILLA 110.4/105G_T130_2,1.0
CG_LT,130,,MM BIEN HOA,MM BINH PHU,OREO VANILLA 110.4/105G,4.025475,0.6,2.0,4.415285,LT_OREO VANILLA 110.4/105G_T130_5,1.0
CG_LT,130,,MM BIEN HOA,MM HIEP PHU,OREO VANILLA 110.4/105G,1.656216,0.6,2.0,2.993729,LT_OREO VANILLA 110.4/105G_T130_5,1.0
CG_LT,131,,MM BINH DUONG,MM BINH PHU,OREO VANILLA 110.4/105G,0.469563,0.6,0.387907,0.669645,LT_OREO VANILLA 110.4/105G_T131_2,0.193953
CG_LT,131,,MM BINH DUONG,MM DA NANG,OREO VANILLA 110.4/105G,0.282067,0.6,0.387907,0.557147,LT_OREO VANILLA 110.4/105G_T131_2,0.193953
CG_LT,131,,MM HIEP PHU,MM AN PHU,OREO VANILLA 110.4/105G,1.888474,0.6,0.387907,1.520992,LT_OREO VANILLA 110.4/105G_T131_2,0.193953
CG_LT,131,,MM BINH DUONG,MM BINH PHU,OREO VANILLA 110.4/105G,2.530437,0.6,1.961595,3.479857,LT_OREO VANILLA 110.4/105G_T131_5,0.980798
CG_LT,131,,MM HIEP PHU,MM AN PHU,OREO VANILLA 110.4/105G,1.563494,0.6,1.961595,2.899692,LT_OREO VANILLA 110.4/105G_T131_5,0.980798
CG_LT,132,,MM BIEN HOA,MM BINH PHU,OREO VANILLA 110.4/105G,2.830143,0.6,1.571265,3.269351,LT_OREO VANILLA 110.4/105G_T132_1,0.785632
CG_LT,132,,MM BIEN HOA,MM DA NANG,OREO VANILLA 110.4/105G,1.546969,0.6,1.571265,2.499446,LT_OREO VANILLA 110.4/105G_T132_1,0.785632
CG_LT,132,,MM BINH DUONG,MM BINH PHU,OREO VANILLA 110.4/105G,4.41383,0.6,1.571265,4.219563,LT_OREO VANILLA 110.4/105G_T132_1,0.785632
CG_LT,132,,MM HIEP PHU,MM AN PHU,OREO VANILLA 110.4/105G,6.924487,0.6,1.571265,5.725957,LT_OREO VANILLA 110.4/105G_T132_1,0.785632
CG_LT,132,,MM BIEN HOA,MM DA NANG,OREO VANILLA 110.4/105G,8.526065,0.6,2.0,7.115639,LT_OREO VANILLA 110.4/105G_T132_2,1.0
CG_LT,132,,MM BINH DUONG,MM BINH PHU,OREO VANILLA 110.4/105G,7.840048,0.6,2.0,6.704029,LT_OREO VANILLA 110.4/105G_T132_2,1.0
CG_LT,132,,MM BINH DUONG,MM DA NANG,OREO VANILLA 110.4/105G,8.164184,0.6,2.0,6.89851,LT_OREO VANILLA 110.4/105G_T132_2,1.0
CG_LT,132,,MM HIEP PHU,MM AN PHU,OREO VANILLA 110.4/105G,9.5981,0.6,2.0,7.75886,LT_OREO VANILLA 110.4/105G_T132_2,1.0
CG_LT,132,,MM BIEN HOA,MM BINH PHU,OREO VANILLA 110.4/105G,1.91598,0.6,0.485582,1.63517,LT_OREO VANILLA 110.4/105G_T132_5,0.242791
CG_LT,133,,MM BIEN HOA,MM BINH PHU,OREO VANILLA 110.4/105G,7.787047,0.6,2.0,6.672228,LT_OREO VANILLA 110.4/105G_T133_2,1.0
CG_LT,133,,MM BINH DUONG,MM BINH PHU,OREO VANILLA 110.4/105G,8.860817,0.6,2.0,7.31649,LT_OREO VANILLA 110.4/105G_T133_2,1.0
CG_LT,133,,MM BINH DUONG,MM DA NANG,OREO VANILLA 110.4/105G,8.957778,0.6,2.0,7.374667,LT_OREO VANILLA 110.4/105G_T133_2,1.0
CG_LT,133,,MM HIEP PHU,MM AN PHU,OREO VANILLA 110.4/105G,2.065391,0.6,2.0,3.239234,LT_OREO VANILLA 110.4/105G_T133_2,1.0
CG_LT,133,,MM BIEN HOA,MM AN PHU,OREO VANILLA 110.4/105G,1.625643,0.6,2.0,2.975386,LT_OREO VANILLA 110.4/105G_T133_3,1.0
CG_LT,133,,MM BIEN HOA,MM DA NANG,OREO VANILLA 110.4/105G,5.985455,0.6,2.0,5.591273,LT_OREO VANILLA 110.4/105G_T133_3,1.0
CG_LT,133,,MM BINH DUONG,MM DA NANG,OREO VANILLA 110.4/105G,7.868452,0.6,2.0,6.721071,LT_OREO VANILLA 110.4/105G_T133_3,1.0
CG_LT,133,,MM HIEP PHU,MM AN PHU,OREO VANILLA 110.4/105G,3.764642,0.6,2.0,4.258785,LT_OREO VANILLA 110.4/105G_T133_3,1.0
CG_LT,133,,MM BINH DUONG,MM BINH PHU,OREO VANILLA 110.4/105G,2.115307,0.6,2.0,3.269184,LT_OREO VANILLA 110.4/105G_T133_4,1.0
CG_LT,133,,MM HIEP PHU,MM DA NANG,OREO VANILLA 110.4/105G,4.531699,0.6,2.0,4.719019,LT_OREO VANILLA 110.4/105G_T133_4,1.0
CG_LT,134,,MM BINH DUONG,MM BINH PHU,OREO VANILLA 110.4/105G,2.770555,0.6,2.0,3.662333,LT_OREO VANILLA 110.4/105G_T134_2,1.0
CG_LT,134,,MM BINH DUONG,MM DA NANG,OREO VANILLA 110.4/105G,5.062469,0.6,2.0,5.037481,LT_OREO VANILLA 110.4/105G_T134_2,1.0
CG_LT,134,,MM BINH DUONG,MM AN PHU,OREO VANILLA 110.4/105G,4.768869,0.6,1.343391,4.204712,LT_OREO VANILLA 110.4/105G_T134_3,0.671695
CG_LT,134,,MM BINH DUONG,MM DA NANG,OREO VANILLA 110.4/105G,6.39229,0.6,1.343391,5.178765,LT_OREO VANILLA 110.4/105G_T134_3,0.671695
CG_LT,134,,MM HIEP PHU,MM AN PHU,OREO VANILLA 110.4/105G,4.704519,0.6,1.343391,4.166102,LT_OREO VANILLA 110.4/105G_T134_3,0.671695
CG_LT,134,,MM HIEP PHU,MM BINH PHU,OREO VANILLA 110.4/105G,3.241629,0.6,1.343391,3.288368,LT_OREO VANILLA 110.4/105G_T134_3,0.671695
CG_LT,134,,MM BIEN HOA,MM DA NANG,OREO VANILLA 110.4/105G,9.85526,0.6,2.0,7.913156,LT_OREO VANILLA 110.4/105G_T134_5,1.0
CG_LT,134,,MM BINH DUONG,MM AN PHU,OREO VANILLA 110.4/105G,7.631078,0.6,2.0,6.578647,LT_OREO VANILLA 110.4/105G_T134_5,1.0
CG_LT,134,,MM HIEP PHU,MM BINH PHU,OREO VANILLA 110.4/105G,9.686382,0.6,2.0,7.811829,LT_OREO VANILLA 110.4/105G_T134_5,1.0
CG_LT,135,,MM BIEN HOA,MM AN PHU,OREO VANILLA 110.4/105G,0.016039,0.6,0.003603,0.013226,LT_OREO VANILLA 110.4/105G_T135_5,0.001801
CG_LT,135,,MM BIEN HOA,MM BINH PHU,OREO VANILLA 110.4/105G,0.015607,0.6,0.003603,0.012967,LT_OREO VANILLA 110.4/105G_T135_5,0.001801
CG_LT,136,,MM BIEN HOA,MM DA NANG,OREO VANILLA 110.4/105G,9.248507,0.6,2.0,7.549104,LT_OREO VANILLA 110.4/105G_T136_2,1.0
CG_LT,136,,MM BINH DUONG,MM BINH PHU,OREO VANILLA 110.4/105G,1.007873,0.6,2.0,2.604724,LT_OREO VANILLA 110.4/105G_T136_2,1.0
CG_LT,136,,MM BINH DUONG,MM DA NANG,OREO VANILLA 110.4/105G,9.494808,0.6,2.0,7.696885,LT_OREO VANILLA 110.4/105G_T136_2,1.0
CG_LT,136,,MM HIEP PHU,MM DA NANG,OREO VANILLA 110.4/105G,1.584301,0.6,2.0,2.950581,LT_OREO VANILLA 110.4/105G_T136_2,1.0
CG_LT,136,,MM BIEN HOA,MM DA NANG,OREO VANILLA 110.4/105G,9.242464,0.6,2.0,7.545479,LT_OREO VANILLA 110.4/105G_T136_4,1.0
CG_LT,136,,MM HIEP PHU,MM DA NANG,OREO VANILLA 110.4/105G,9.11781,0.6,2.0,7.470686,LT_OREO VANILLA 110.4/105G_T136_4,1.0
CG_LT,136,,MM BIEN HOA,MM BINH PHU,OREO VANILLA 110.4/105G,3.667962,0.6,2.0,4.200777,LT_OREO VANILLA 110.4/105G_T136_5,1.0
CG_LT,136,,MM BINH DUONG,MM AN PHU,OREO VANILLA 110.4/105G,8.015964,0.6,2.0,6.809578,LT_OREO VANILLA 110.4/105G_T136_5,1.0
CG_LT,136,,MM BINH DUONG,MM DA NANG,OREO VANILLA 110.4/105G,9.85292,0.6,2.0,7.911752,LT_OREO VANILLA 110.4/105G_T136_5,1.0
CG_LT,136,,MM HIEP PHU,MM DA NANG,OREO VANILLA 110.4/105G,8.000751,0.6,2.0,6.80045,LT_OREO VANILLA 110.4/105G_T136_5,1.0
CG_LT,137,,MM BINH DUONG,MM BINH PHU,OREO VANILLA 110.4/105G,2.423568,0.6,0.917302,2.371443,LT_OREO VANILLA 110.4/105G_T137_5,0.458651
CG_LT,139,,MM BIEN HOA,MM AN PHU,OREO VANILLA 110.4/105G,2.596078,0.6,1.450836,3.008483,LT_OREO VANILLA 110.4/105G_T139_1,0.725418
CG_LT,139,,MM BINH DUONG,MM BINH PHU,OREO VANILLA 110.4/105G,5.156431,0.6,1.450836,4.544695,LT_OREO VANILLA 110.4/105G_T139_1,0.725418
CG_LT,139,,MM HIEP PHU,MM DA NANG,OREO VANILLA 110.4/105G,6.92096,0.6,1.450836,5.603412,LT_OREO VANILLA 110.4/105G_T139_1,0.725418
CG_LT,13,,MM BIEN HOA,MM AN PHU,OREO VANILLA 110.4/105G,2.541941,0.6,1.047565,2.57273,LT_OREO VANILLA 110.4/105G_T13_1,0.523782
CG_LT,13,,MM BIEN HOA,MM DA NANG,OREO VANILLA 110.4/105G,1.882071,0.6,1.047565,2.176808,LT_OREO VANILLA 110.4/105G_T13_1,0.523782
CG_LT,13,,MM BINH PHU,MM BINH DUONG,OREO VANILLA 110.4/105G,1.192047,0.6,1.047565,1.762793,LT_OREO VANILLA 110.4/105G_T13_1,0.523782
CG_LT,13,,MM HIEP PHU,MM BINH DUONG,OREO VANILLA 110.4/105G,3.636001,0.6,1.047565,3.229166,LT_OREO VANILLA 110.4/105G_T13_1,0.523782
CG_LT,13,,MM BIEN HOA,MM AN PHU,OREO VANILLA 110.4/105G,3.110106,0.6,2.0,3.866063,LT_OREO VANILLA 110.4/105G_T13_3,1.0
CG_LT,13,,MM BINH PHU,MM DA NANG,OREO VANILLA 110.4/105G,6.861386,0.6,2.0,6.116832,LT_OREO VANILLA 110.4/105G_T13_3,1.0
CG_LT,13,,MM HIEP PHU,MM BINH DUONG,OREO VANILLA 110.4/105G,4.450342,0.6,2.0,4.670205,LT_OREO VANILLA 110.4/105G_T13_3,1.0
CG_LT,13,,MM BINH PHU,MM DA NANG,OREO VANILLA 110.4/105G,5.476091,0.6,2.0,5.285655,LT_OREO VANILLA 110.4/105G_T13_4,1.0
CG_LT,13,,MM HIEP PHU,MM DA NANG,OREO VANILLA 110.4/105G,5.762709,0.6,2.0,5.457626,LT_OREO VANILLA 110.4/105G_T13_4,1.0
CG_LT,13,,MM HIEP PHU,MM BINH DUONG,OREO VANILLA 110.4/105G,6.72161,0.6,2.0,6.032966,LT_OREO VANILLA 110.4/105G_T13_5,1.0
CG_LT,13,,MM HIEP PHU,MM DA NANG,OREO VANILLA 110.4/105G,7.692204,0.6,2.0,6.615322,LT_OREO VANILLA 110.4/105G_T13_5,1.0
CG_LT,140,,MM BIEN HOA,MM DA NANG,OREO VANILLA 110.4/105G,2.849743,0.6,2.0,3.709846,LT_OREO VANILLA 110.4/105G_T140_1,1.0
CG_LT,140,,MM BINH DUONG,MM DA NANG,OREO VANILLA 110.4/105G,3.097286,0.6,2.0,3.858372,LT_OREO VANILLA 110.4/105G_T140_1,1.0
CG_LT,140,,MM BIEN HOA,MM BINH PHU,OREO VANILLA 110.4/105G,7.6093,0.6,2.0,6.56558,LT_OREO VANILLA 110.4/105G_T140_2,1.0
CG_LT,140,,MM BINH DUONG,MM AN PHU,OREO VANILLA 110.4/105G,7.318038,0.6,2.0,6.390823,LT_OREO VANILLA 110.4/105G_T140_2,1.0
CG_LT,140,,MM BINH DUONG,MM BINH PHU,OREO VANILLA 110.4/105G,9.929541,0.6,2.0,7.957725,LT_OREO VANILLA 110.4/105G_T140_2,1.0
CG_LT,140,,MM BINH DUONG,MM DA NANG,OREO VANILLA 110.4/105G,5.524061,0.6,2.0,5.314437,LT_OREO VANILLA 110.4/105G_T140_2,1.0
CG_LT,140,,MM HIEP PHU,MM BINH PHU,OREO VANILLA 110.4/105G,8.217008,0.6,1.815989,6.746194,LT_OREO VANILLA 110.4/105G_T140_3,0.907994
CG_LT,140,,MM BIEN HOA,MM BINH PHU,OREO VANILLA 110.4/105G,3.857767,0.6,2.0,4.31466,LT_OREO VANILLA 110.4/105G_T140_5,1.0
CG_LT,140,,MM BINH DUONG,MM AN PHU,OREO VANILLA 110.4/105G,5.141448,0.6,2.0,5.084869,LT_OREO VANILLA 110.4/105G_T140_5,1.0
CG_LT,140,,MM HIEP PHU,MM BINH PHU,OREO VANILLA 110.4/105G,8.386385,0.6,2.0,7.031831,LT_OREO VANILLA 110.4/105G_T140_5,1.0
CG_LT,140,,MM HIEP PHU,MM DA NANG,OREO VANILLA 110.4/105G,1.688498,0.6,2.0,3.013099,LT_OREO VANILLA 110.4/105G_T140_5,1.0
CG_LT,141,,MM BIEN HOA,MM BINH PHU,OREO VANILLA 110.4/105G,8.490636,0.6,2.0,7.094382,LT_OREO VANILLA 110.4/105G_T141_3,1.0
CG_LT,141,,MM HIEP PHU,MM DA NANG,OREO VANILLA 110.4/105G,9.997078,0.6,2.0,7.998247,LT_OREO VANILLA 110.4/105G_T141_3,1.0
CG_LT,141,,MM BIEN HOA,MM AN PHU,OREO VANILLA 110.4/105G,7.907581,0.6,1.916991,6.661539,LT_OREO VANILLA 110.4/105G_T141_4,0.958495
CG_LT,141,,MM BIEN HOA,MM BINH PHU,OREO VANILLA 110.4/105G,5.315277,0.6,1.916991,5.106157,LT_OREO VANILLA 110.4/105G_T141_4,0.958495
CG_LT,141,,MM BINH DUONG,MM BINH PHU,OREO VANILLA 110.4/105G,8.444117,0.6,1.916991,6.983461,LT_OREO VANILLA 110.4/105G_T141_4,0.958495
CG_LT,141,,MM BINH DUONG,MM DA NANG,OREO VANILLA 110.4/105G,4.438137,0.6,1.916991,4.579873,LT_OREO VANILLA 110.4/105G_T141_4,0.958495
CG_LT,141,,MM BINH DUONG,MM BINH PHU,OREO VANILLA 110.4/105G,1.74746,0.6,2.0,3.048476,LT_OREO VANILLA 110.4/105G_T141_5,1.0
CG_LT,141,,MM HIEP PHU,MM BINH PHU,OREO VANILLA 110.4/105G,9.565733,0.6,2.0,7.73944,LT_OREO VANILLA 110.4/105G_T141_5,1.0
CG_LT,141,,MM HIEP PHU,MM DA NANG,OREO VANILLA 110.4/105G,3.394543,0.6,2.0,4.036726,LT_OREO VANILLA 110.4/105G_T141_5,1.0
CG_LT,142,,MM BINH DUONG,MM BINH PHU,OREO VANILLA 110.4/105G,7.192652,0.6,2.0,6.315591,LT_OREO VANILLA 110.4/105G_T142_1,1.0
CG_LT,142,,MM HIEP PHU,MM AN PHU,OREO VANILLA 110.4/105G,6.566371,0.6,2.0,5.939823,LT_OREO VANILLA 110.4/105G_T142_1,1.0
CG_LT,142,,MM BIEN HOA,MM BINH PHU,OREO VANILLA 110.4/105G,6.260423,0.6,2.0,5.756254,LT_OREO VANILLA 110.4/105G_T142_2,1.0
CG_LT,142,,MM BINH DUONG,MM BINH PHU,OREO VANILLA 110.4/105G,7.158044,0.6,2.0,6.294826,LT_OREO VANILLA 110.4/105G_T142_2,1.0
CG_LT,142,,MM HIEP PHU,MM BINH PHU,OREO VANILLA 110.4/105G,2.550836,0.6,2.0,3.530502,LT_OREO VANILLA 110.4/105G_T142_2,1.0
CG_LT,142,,MM BIEN HOA,MM BINH PHU,OREO VANILLA 110.4/105G,7.779361,0.6,2.0,6.667617,LT_OREO VANILLA 110.4/105G_T142_3,1.0
CG_LT,142,,MM HIEP PHU,MM DA NANG,OREO VANILLA 110.4/105G,2.461608,0.6,2.0,3.476965,LT_OREO VANILLA 110.4/105G_T142_4,1.0
CG_LT,142,,MM BIEN HOA,MM AN PHU,OREO VANILLA 110.4/105G,0.319844,0.6,0.43958,0.631486,LT_OREO VANILLA 110.4/105G_T142_5,0.21979
CG_LT,142,,MM BINH DUONG,MM BINH PHU,OREO VANILLA 110.4/105G,1.434181,0.6,0.43958,1.300089,LT_OREO VANILLA 110.4/105G_T142_5,0.21979
CG_LT,142,,MM BINH DUONG,MM DA NANG,OREO VANILLA 110.4/105G,1.655123,0.6,0.43958,1.432654,LT_OREO VANILLA 110.4/105G_T142_5,0.21979
CG_LT,142,,MM HIEP PHU,MM DA NANG,OREO VANILLA 110.4/105G,1.37058,0.6,0.43958,1.261928,LT_OREO VANILLA 110.4/105G_T142_5,0.21979
CG_LT,143,,MM BIEN HOA,MM AN PHU,OREO VANILLA 110.4/105G,9.196871,0.6,2.0,7.518122,LT_OREO VANILLA 110.4/105G_T143_2,1.0
CG_LT,143,,MM HIEP PHU,MM AN PHU,OREO VANILLA 110.4/105G,1.46459,0.6,2.0,2.878754,LT_OREO VANILLA 110.4/105G_T143_2,1.0
CG_LT,143,,MM HIEP PHU,MM BINH PHU,OREO VANILLA 110.4/105G,8.490399,0.6,2.0,7.094239,LT_OREO VANILLA 110.4/105G_T143_2,1.0
CG_LT,143,,MM BINH DUONG,MM AN PHU,OREO VANILLA 110.4/105G,3.462636,0.6,1.880602,3.958184,LT_OREO VANILLA 110.4/105G_T143_4,0.940301
CG_LT,143,,MM HIEP PHU,MM AN PHU,OREO VANILLA 110.4/105G,3.655317,0.6,1.880602,4.073792,LT_OREO VANILLA 110.4/105G_T143_4,0.940301
CG_LT,143,,MM HIEP PHU,MM BINH PHU,OREO VANILLA 110.4/105G,5.992886,0.6,1.880602,5.476334,LT_OREO VANILLA 110.4/105G_T143_4,0.940301
CG_LT,143,,MM HIEP PHU,MM DA NANG,OREO VANILLA 110.4/105G,1.301595,0.6,1.880602,2.661559,LT_OREO VANILLA 110.4/105G_T143_4,0.940301
CG_LT,143,,MM BIEN HOA,MM BINH PHU,OREO VANILLA 110.4/105G,2.2575,0.6,2.0,3.3545,LT_OREO VANILLA 110.4/105G_T143_5,1.0
CG_LT,143,,MM BINH DUONG,MM DA NANG,OREO VANILLA 110.4/105G,6.447398,0.6,2.0,5.868439,LT_OREO VANILLA 110.4/105G_T143_5,1.0
CG_LT,143,,MM HIEP PHU,MM BINH PHU,OREO VANILLA 110.4/105G,9.907477,0.6,2.0,7.944486,LT_OREO VANILLA 110.4/105G_T143_5,1.0
CG_LT,144,,MM HIEP PHU,MM BINH PHU,OREO VANILLA 110.4/105G,7.070774,0.6,2.0,6.242465,LT_OREO VANILLA 110.4/105G_T144_1,1.0
CG_LT,144,,MM BIEN HOA,MM AN PHU,OREO VANILLA 110.4/105G,9.344485,0.6,2.0,7.606691,LT_OREO VANILLA 110.4/105G_T144_2,1.0
CG_LT,144,,MM BIEN HOA,MM BINH PHU,OREO VANILLA 110.4/105G,7.171544,0.6,2.0,6.302927,LT_OREO VANILLA 110.4/105G_T144_2,1.0
CG_LT,144,,MM BIEN HOA,MM DA NANG,OREO VANILLA 110.4/105G,3.908947,0.6,2.0,4.345368,LT_OREO VANILLA 110.4/105G_T144_2,1.0
CG_LT,144,,MM HIEP PHU,MM BINH DUONG,OREO VANILLA 110.4/105G,5.86198,0.6,2.0,5.517188,LT_OREO VANILLA 110.4/105G_T144_2,1.0
CG_LT,144,,MM HIEP PHU,MM AN PHU,OREO VANILLA 110.4/105G,8.539825,0.6,2.0,7.123895,LT_OREO VANILLA 110.4/105G_T144_3,1.0
CG_LT,144,,MM HIEP PHU,MM BINH PHU,OREO VANILLA 110.4/105G,2.249945,0.6,2.0,3.349967,LT_OREO VANILLA 110.4/105G_T144_3,1.0
CG_LT,144,,MM HIEP PHU,MM DA NANG,OREO VANILLA 110.4/105G,9.137761,0.6,2.0,7.482656,LT_OREO VANILLA 110.4/105G_T144_3,1.0
CG_LT,144,,MM BIEN HOA,MM BINH PHU,OREO VANILLA 110.4/105G,5.220062,0.6,2.0,5.132037,LT_OREO VANILLA 110.4/105G_T144_4,1.0
CG_LT,144,,MM HIEP PHU,MM BINH DUONG,OREO VANILLA 110.4/105G,5.645344,0.6,2.0,5.387206,LT_OREO VANILLA 110.4/105G_T144_4,1.0
CG_LT,144,,MM BIEN HOA,MM AN PHU,OREO VANILLA 110.4/105G,6.502217,0.6,2.0,5.90133,LT_OREO VANILLA 110.4/105G_T144_5,1.0
CG_LT,144,,MM BIEN HOA,MM BINH PHU,OREO VANILLA 110.4/105G,5.903271,0.6,2.0,5.541963,LT_OREO VANILLA 110.4/105G_T144_5,1.0
CG_LT,144,,MM BIEN HOA,MM DA NANG,OREO VANILLA 110.4/105G,9.337192,0.6,2.0,7.602315,LT_OREO VANILLA 110.4/105G_T144_5,1.0
CG_LT,144,,MM HIEP PHU,MM DA NANG,OREO VANILLA 110.4/105G,2.260178,0.6,2.0,3.356107,LT_OREO VANILLA 110.4/105G_T144_5,1.0
CG_LT,145,,MM HIEP PHU,MM AN PHU,OREO VANILLA 110.4/105G,3.899754,0.6,1.613015,3.952868,LT_OREO VANILLA 110.4/105G_T145_1,0.806508
CG_LT,145,,MM HIEP PHU,MM BINH DUONG,OREO VANILLA 110.4/105G,4.105294,0.6,1.613015,4.076192,LT_OREO VANILLA 110.4/105G_T145_1,0.806508
CG_LT,145,,MM HIEP PHU,MM BINH PHU,OREO VANILLA 110.4/105G,3.281142,0.6,1.613015,3.5817,LT_OREO VANILLA 110.4/105G_T145_1,0.806508
CG_LT,145,,MM BIEN HOA,MM BINH DUONG,OREO VANILLA 110.4/105G,6.445888,0.6,2.0,5.867533,LT_OREO VANILLA 110.4/105G_T145_4,1.0
CG_LT,145,,MM BIEN HOA,MM BINH PHU,OREO VANILLA 110.4/105G,7.521737,0.6,2.0,6.513042,LT_OREO VANILLA 110.4/105G_T145_4,1.0
CG_LT,145,,MM HIEP PHU,MM BINH PHU,OREO VANILLA 110.4/105G,6.511424,0.6,2.0,5.906855,LT_OREO VANILLA 110.4/105G_T145_4,1.0
CG_LT,145,,MM HIEP PHU,MM DA NANG,OREO VANILLA 110.4/105G,4.50775,0.6,2.0,4.70465,LT_OREO VANILLA 110.4/105G_T145_4,1.0
CG_LT,145,,MM HIEP PHU,MM DA NANG,OREO VANILLA 110.4/105G,6.783532,0.6,1.9149,5.985019,LT_OREO VANILLA 110.4/105G_T145_5,0.95745
CG_LT,146,,MM HIEP PHU,MM AN PHU,OREO VANILLA 110.4/105G,2.420387,0.6,0.666562,2.118794,LT_OREO VANILLA 110.4/105G_T146_4,0.333281
CG_LT,146,,MM HIEP PHU,MM DA NANG,OREO VANILLA 110.4/105G,1.618235,0.6,0.666562,1.637503,LT_OREO VANILLA 110.4/105G_T146_4,0.333281
CG_LT,148,,MM BIEN HOA,MM DA NANG,OREO VANILLA 110.4/105G,7.581164,0.6,2.0,6.548699,LT_OREO VANILLA 110.4/105G_T148_2,1.0
CG_LT,148,,MM BINH DUONG,MM AN PHU,OREO VANILLA 110.4/105G,1.31587,0.6,2.0,2.789522,LT_OREO VANILLA 110.4/105G_T148_2,1.0
CG_LT,148,,MM BINH DUONG,MM BINH PHU,OREO VANILLA 110.4/105G,3.838787,0.6,2.0,4.303272,LT_OREO VANILLA 110.4/105G_T148_2,1.0
CG_LT,148,,MM HIEP PHU,MM DA NANG,OREO VANILLA 110.4/105G,8.086764,0.6,2.0,6.852058,LT_OREO VANILLA 110.4/105G_T148_2,1.0
CG_LT,148,,MM BIEN HOA,MM DA NANG,OREO VANILLA 110.4/105G,6.986661,0.6,2.0,6.191997,LT_OREO VANILLA 110.4/105G_T148_3,1.0
CG_LT,148,,MM HIEP PHU,MM AN PHU,OREO VANILLA 110.4/105G,1.428588,0.6,2.0,2.857153,LT_OREO VANILLA 110.4/105G_T148_3,1.0
CG_LT,148,,MM BINH DUONG,MM AN PHU,OREO VANILLA 110.4/105G,7.698157,0.6,1.926028,6.544923,LT_OREO VANILLA 110.4/105G_T148_4,0.963014
CG_LT,148,,MM BINH DUONG,MM DA NANG,OREO VANILLA 110.4/105G,6.898035,0.6,1.926028,6.064849,LT_OREO VANILLA 110.4/105G_T148_4,0.963014
CG_LT,149,,MM BIEN HOA,MM DA NANG,OREO VANILLA 110.4/105G,4.454096,0.6,2.0,4.672458,LT_OREO VANILLA 110.4/105G_T149_1,1.0
CG_LT,149,,MM HIEP PHU,MM BINH PHU,OREO VANILLA 110.4/105G,7.521887,0.6,2.0,6.513132,LT_OREO VANILLA 110.4/105G_T149_1,1.0
CG_LT,149,,MM BINH DUONG,MM DA NANG,OREO VANILLA 110.4/105G,4.929606,0.6,2.0,4.957763,LT_OREO VANILLA 110.4/105G_T149_2,1.0
CG_LT,149,,MM HIEP PHU,MM AN PHU,OREO VANILLA 110.4/105G,1.335848,0.6,2.0,2.801509,LT_OREO VANILLA 110.4/105G_T149_2,1.0
CG_LT,149,,MM BINH DUONG,MM DA NANG,OREO VANILLA 110.4/105G,3.31506,0.6,2.0,3.989036,LT_OREO VANILLA 110.4/105G_T149_3,1.0
CG_LT,149,,MM HIEP PHU,MM BINH PHU,OREO VANILLA 110.4/105G,1.059485,0.6,2.0,2.635691,LT_OREO VANILLA 110.4/105G_T149_3,1.0
CG_LT,149,,MM HIEP PHU,MM DA NANG,OREO VANILLA 110.4/105G,8.384749,0.6,2.0,7.03085,LT_OREO VANILLA 110.4/105G_T149_3,1.0
CG_LT,149,,MM BIEN HOA,MM DA NANG,OREO VANILLA 110.4/105G,8.154932,0.6,2.0,6.892959,LT_OREO VANILLA 110.4/105G_T149_4,1.0
CG_LT,149,,MM BINH DUONG,MM AN PHU,OREO VANILLA 110.4/105G,1.430499,0.6,2.0,2.858299,LT_OREO VANILLA 110.4/105G_T149_4,1.0
CG_LT,149,,MM BINH DUONG,MM DA NANG,OREO VANILLA 110.4/105G,5.377458,0.6,2.0,5.226475,LT_OREO VANILLA 110.4/105G_T149_4,1.0
CG_LT,14,,MM HIEP PHU,MM DA NANG,OREO VANILLA 110.4/105G,4.503559,0.6,2.0,4.702135,LT_OREO VANILLA 110.4/105G_T14_3,1.0
CG_LT,14,,MM HIEP PHU,MM BINH DUONG,OREO VANILLA 110.4/105G,5.09719,0.6,2.0,5.058314,LT_OREO VANILLA 110.4/105G_T14_4,1.0
CG_LT,150,,MM BIEN HOA,MM BINH PHU,OREO VANILLA 110.4/105G,9.774428,0.6,2.0,7.864657,LT_OREO VANILLA 110.4/105G_T150_1,1.0
CG_LT,150,,MM BINH DUONG,MM DA NANG,OREO VANILLA 110.4/105G,9.847795,0.6,2.0,7.908677,LT_OREO VANILLA 110.4/105G_T150_1,1.0
CG_LT,150,,MM HIEP PHU,MM DA NANG,OREO VANILLA 110.4/105G,6.474778,0.6,2.0,5.884867,LT_OREO VANILLA 110.4/105G_T150_1,1.0
CG_LT,150,,MM BINH DUONG,MM AN PHU,OREO VANILLA 110.4/105G,2.562382,0.6,2.0,3.537429,LT_OREO VANILLA 110.4/105G_T150_2,1.0
CG_LT,150,,MM BINH DUONG,MM DA NANG,OREO VANILLA 110.4/105G,7.653917,0.6,2.0,6.59235,LT_OREO VANILLA 110.4/105G_T150_2,1.0
CG_LT,150,,MM BINH DUONG,MM AN PHU,OREO VANILLA 110.4/105G,4.27164,0.6,2.0,4.562984,LT_OREO VANILLA 110.4/105G_T150_3,1.0
CG_LT,150,,MM HIEP PHU,MM BINH DUONG,OREO VANILLA 110.4/105G,9.387325,0.6,2.0,7.632395,LT_OREO VANILLA 110.4/105G_T150_3,1.0
CG_LT,150,,MM HIEP PHU,MM BINH PHU,OREO VANILLA 110.4/105G,9.228711,0.6,2.0,7.537227,LT_OREO VANILLA 110.4/105G_T150_3,1.0
CG_LT,150,,MM HIEP PHU,MM DA NANG,OREO VANILLA 110.4/105G,9.900379,0.6,2.0,7.940227,LT_OREO VANILLA 110.4/105G_T150_3,1.0
CG_LT,150,,MM BIEN HOA,MM BINH DUONG,OREO VANILLA 110.4/105G,1.804694,0.6,2.0,3.082816,LT_OREO VANILLA 110.4/105G_T150_4,1.0
CG_LT,150,,MM BIEN HOA,MM DA NANG,OREO VANILLA 110.4/105G,1.88675,0.6,2.0,3.13205,LT_OREO VANILLA 110.4/105G_T150_4,1.0
CG_LT,150,,MM BINH DUONG,MM AN PHU,OREO VANILLA 110.4/105G,7.85225,0.6,2.0,6.71135,LT_OREO VANILLA 110.4/105G_T150_4,1.0
CG_LT,150,,MM BINH DUONG,MM AN PHU,OREO VANILLA 110.4/105G,9.520574,0.6,2.0,7.712344,LT_OREO VANILLA 110.4/105G_T150_5,1.0
CG_LT,150,,MM HIEP PHU,MM BINH PHU,OREO VANILLA 110.4/105G,5.43776,0.6,2.0,5.262656,LT_OREO VANILLA 110.4/105G_T150_5,1.0
CG_LT,151,,MM HIEP PHU,MM DA NANG,OREO VANILLA 110.4/105G,9.471643,0.6,2.0,7.682986,LT_OREO VANILLA 110.4/105G_T151_2,1.0
CG_LT,151,,MM AN PHU,MM BINH DUONG,OREO VANILLA 110.4/105G,9.85329,0.6,2.0,7.911974,LT_OREO VANILLA 110.4/105G_T151_3,1.0
CG_LT,151,,MM AN PHU,MM DA NANG,OREO VANILLA 110.4/105G,8.948254,0.6,2.0,7.368953,LT_OREO VANILLA 110.4/105G_T151_3,1.0
CG_LT,151,,MM BIEN HOA,MM DA NANG,OREO VANILLA 110.4/105G,9.68058,0.6,2.0,7.808348,LT_OREO VANILLA 110.4/105G_T151_3,1.0
CG_LT,151,,MM HIEP PHU,MM BINH DUONG,OREO VANILLA 110.4/105G,6.545368,0.6,2.0,5.927221,LT_OREO VANILLA 110.4/105G_T151_3,1.0
CG_LT,151,,MM AN PHU,MM BINH DUONG,OREO VANILLA 110.4/105G,5.880756,0.6,1.809998,5.338452,LT_OREO VANILLA 110.4/105G_T151_5,0.904999
CG_LT,151,,MM AN PHU,MM DA NANG,OREO VANILLA 110.4/105G,1.397458,0.6,1.809998,2.648472,LT_OREO VANILLA 110.4/105G_T151_5,0.904999
CG_LT,151,,MM BIEN HOA,MM DA NANG,OREO VANILLA 110.4/105G,6.502065,0.6,1.809998,5.711237,LT_OREO VANILLA 110.4/105G_T151_5,0.904999
CG_LT,151,,MM HIEP PHU,MM BINH DUONG,OREO VANILLA 110.4/105G,3.216192,0.6,1.809998,3.739713,LT_OREO VANILLA 110.4/105G_T151_5,0.904999
CG_LT,152,,MM AN PHU,MM BINH DUONG,OREO VANILLA 110.4/105G,1.265484,0.6,0.954725,1.714016,LT_OREO VANILLA 110.4/105G_T152_1,0.477362
CG_LT,152,,MM BIEN HOA,MM BINH PHU,OREO VANILLA 110.4/105G,2.493987,0.6,0.954725,2.451117,LT_OREO VANILLA 110.4/105G_T152_1,0.477362
CG_LT,152,,MM HIEP PHU,MM DA NANG,OREO VANILLA 110.4/105G,4.4039,0.6,2.0,4.64234,LT_OREO VANILLA 110.4/105G_T152_3,1.0
CG_LT,152,,MM BIEN HOA,MM DA NANG,OREO VANILLA 110.4/105G,1.167193,0.6,2.0,2.700316,LT_OREO VANILLA 110.4/105G_T152_4,1.0
CG_LT,152,,MM HIEP PHU,MM BINH DUONG,OREO VANILLA 110.4/105G,2.638516,0.6,2.0,3.583109,LT_OREO VANILLA 110.4/105G_T152_4,1.0
CG_LT,152,,MM AN PHU,MM BINH PHU,OREO VANILLA 110.4/105G,4.352358,0.6,1.829664,4.441079,LT_OREO VANILLA 110.4/105G_T152_5,0.914832
CG_LT,152,,MM BIEN HOA,MM DA NANG,OREO VANILLA 110.4/105G,6.518209,0.6,1.829664,5.74059,LT_OREO VANILLA 110.4/105G_T152_5,0.914832
CG_LT,153,,MM BIEN HOA,MM DA NANG,OREO VANILLA 110.4/105G,8.524474,0.6,1.958959,7.073643,LT_OREO VANILLA 110.4/105G_T153_2,0.979479
CG_LT,153,,MM HIEP PHU,MM BINH DUONG,OREO VANILLA 110.4/105G,2.486654,0.6,1.958959,3.450951,LT_OREO VANILLA 110.4/105G_T153_2,0.979479
CG_LT,153,,MM BIEN HOA,MM AN PHU,OREO VANILLA 110.4/105G,6.768431,0.6,2.0,6.061059,LT_OREO VANILLA 110.4/105G_T153_3,1.0
CG_LT,153,,MM BIEN HOA,MM DA NANG,OREO VANILLA 110.4/105G,2.055453,0.6,2.0,3.233272,LT_OREO VANILLA 110.4/105G_T153_3,1.0
CG_LT,153,,MM BINH PHU,MM AN PHU,OREO VANILLA 110.4/105G,1.949456,0.6,2.0,3.169673,LT_OREO VANILLA 110.4/105G_T153_3,1.0
CG_LT,153,,MM HIEP PHU,MM DA NANG,OREO VANILLA 110.4/105G,8.590177,0.6,2.0,7.154106,LT_OREO VANILLA 110.4/105G_T153_3,1.0
CG_LT,15,,MM BIEN HOA,MM AN PHU,OREO VANILLA 110.4/105G,6.796945,0.6,1.711624,5.789791,LT_OREO VANILLA 110.4/105G_T15_2,0.855812
CG_LT,15,,MM BIEN HOA,MM BINH PHU,OREO VANILLA 110.4/105G,8.256277,0.6,1.711624,6.66539,LT_OREO VANILLA 110.4/105G_T15_2,0.855812
CG_LT,15,,MM HIEP PHU,MM BINH PHU,OREO VANILLA 110.4/105G,5.72929,0.6,1.711624,5.149198,LT_OREO VANILLA 110.4/105G_T15_2,0.855812
CG_LT,15,,MM HIEP PHU,MM DA NANG,OREO VANILLA 110.4/105G,2.808987,0.6,1.711624,3.397016,LT_OREO VANILLA 110.4/105G_T15_2,0.855812
CG_LT,15,,MM BIEN HOA,MM DA NANG,OREO VANILLA 110.4/105G,6.309756,0.6,2.0,5.785854,LT_OREO VANILLA 110.4/105G_T15_3,1.0
CG_LT,15,,MM HIEP PHU,MM AN PHU,OREO VANILLA 110.4/105G,7.997948,0.6,2.0,6.798769,LT_OREO VANILLA 110.4/105G_T15_3,1.0
CG_LT,15,,MM HIEP PHU,MM BINH PHU,OREO VANILLA 110.4/105G,7.409765,0.6,2.0,6.445859,LT_OREO VANILLA 110.4/105G_T15_3,1.0
CG_LT,15,,MM HIEP PHU,MM DA NANG,OREO VANILLA 110.4/105G,1.161669,0.6,2.0,2.697001,LT_OREO VANILLA 110.4/105G_T15_3,1.0
CG_LT,15,,MM BIEN HOA,MM DA NANG,OREO VANILLA 110.4/105G,1.924972,0.6,2.0,3.154983,LT_OREO VANILLA 110.4/105G_T15_5,1.0
CG_LT,15,,MM HIEP PHU,MM BINH DUONG,OREO VANILLA 110.4/105G,9.955822,0.6,2.0,7.973493,LT_OREO VANILLA 110.4/105G_T15_5,1.0
CG_LT,15,,MM HIEP PHU,MM BINH PHU,OREO VANILLA 110.4/105G,3.466335,0.6,2.0,4.079801,LT_OREO VANILLA 110.4/105G_T15_5,1.0
CG_LT,15,,MM HIEP PHU,MM DA NANG,OREO VANILLA 110.4/105G,3.398183,0.6,2.0,4.03891,LT_OREO VANILLA 110.4/105G_T15_5,1.0
CG_LT,16,,MM BIEN HOA,MM BINH PHU,OREO VANILLA 110.4/105G,3.506961,0.6,2.0,4.104177,LT_OREO VANILLA 110.4/105G_T16_1,1.0
CG_LT,16,,MM HIEP PHU,MM BINH DUONG,OREO VANILLA 110.4/105G,4.924761,0.6,2.0,4.954857,LT_OREO VANILLA 110.4/105G_T16_1,1.0
CG_LT,16,,MM HIEP PHU,MM DA NANG,OREO VANILLA 110.4/105G,6.906481,0.6,2.0,6.143889,LT_OREO VANILLA 110.4/105G_T16_1,1.0
CG_LT,16,,MM BIEN HOA,MM BINH DUONG,OREO VANILLA 110.4/105G,5.592283,0.6,2.0,5.35537,LT_OREO VANILLA 110.4/105G_T16_4,1.0
CG_LT,16,,MM BIEN HOA,MM BINH PHU,OREO VANILLA 110.4/105G,5.140051,0.6,2.0,5.084031,LT_OREO VANILLA 110.4/105G_T16_4,1.0
CG_LT,16,,MM HIEP PHU,MM AN PHU,OREO VANILLA 110.4/105G,1.764839,0.6,2.0,3.058904,LT_OREO VANILLA 110.4/105G_T16_4,1.0
CG_LT,16,,MM HIEP PHU,MM DA NANG,OREO VANILLA 110.4/105G,9.065431,0.6,2.0,7.439259,LT_OREO VANILLA 110.4/105G_T16_4,1.0
CG_LT,16,,MM BIEN HOA,MM BINH DUONG,OREO VANILLA 110.4/105G,5.482955,0.6,1.791516,5.08129,LT_OREO VANILLA 110.4/105G_T16_5,0.895758
CG_LT,16,,MM BIEN HOA,MM DA NANG,OREO VANILLA 110.4/105G,1.332046,0.6,1.791516,2.590744,LT_OREO VANILLA 110.4/105G_T16_5,0.895758
CG_LT,16,,MM HIEP PHU,MM DA NANG,OREO VANILLA 110.4/105G,3.539163,0.6,1.791516,3.915014,LT_OREO VANILLA 110.4/105G_T16_5,0.895758
CG_LT,17,,MM BIEN HOA,MM AN PHU,OREO VANILLA 110.4/105G,4.412816,0.6,2.0,4.64769,LT_OREO VANILLA 110.4/105G_T17_1,1.0
CG_LT,17,,MM BIEN HOA,MM BINH PHU,OREO VANILLA 110.4/105G,6.704779,0.6,2.0,6.022868,LT_OREO VANILLA 110.4/105G_T17_1,1.0
CG_LT,17,,MM HIEP PHU,MM AN PHU,OREO VANILLA 110.4/105G,2.945565,0.6,2.0,3.767339,LT_OREO VANILLA 110.4/105G_T17_1,1.0
CG_LT,17,,MM HIEP PHU,MM BINH DUONG,OREO VANILLA 110.4/105G,4.586835,0.6,2.0,4.752101,LT_OREO VANILLA 110.4/105G_T17_1,1.0
CG_LT,17,,MM BIEN HOA,MM BINH DUONG,OREO VANILLA 110.4/105G,6.9028,0.6,2.0,6.14168,LT_OREO VANILLA 110.4/105G_T17_2,1.0
CG_LT,17,,MM BIEN HOA,MM DA NANG,OREO VANILLA 110.4/105G,6.235556,0.6,2.0,5.741334,LT_OREO VANILLA 110.4/105G_T17_2,1.0
CG_LT,17,,MM HIEP PHU,MM BINH PHU,OREO VANILLA 110.4/105G,2.038077,0.6,2.0,3.222846,LT_OREO VANILLA 110.4/105G_T17_2,1.0
CG_LT,17,,MM BIEN HOA,MM BINH DUONG,OREO VANILLA 110.4/105G,0.67043,0.6,0.462582,0.86484,LT_OREO VANILLA 110.4/105G_T17_4,0.231291
CG_LT,17,,MM BIEN HOA,MM BINH PHU,OREO VANILLA 110.4/105G,2.142004,0.6,0.462582,1.747784,LT_OREO VANILLA 110.4/105G_T17_4,0.231291
CG_LT,17,,MM HIEP PHU,MM BINH DUONG,OREO VANILLA 110.4/105G,1.839935,0.6,0.462582,1.566543,LT_OREO VANILLA 110.4/105G_T17_4,0.231291
CG_LT,17,,MM HIEP PHU,MM DA NANG,OREO VANILLA 110.4/105G,0.35591,0.6,0.462582,0.676128,LT_OREO VANILLA 110.4/105G_T17_4,0.231291
CG_LT,18,,MM BIEN HOA,MM DA NANG,OREO VANILLA 110.4/105G,3.648579,0.6,2.0,4.189147,LT_OREO VANILLA 110.4/105G_T18_2,1.0
CG_LT,18,,MM BIEN HOA,MM AN PHU,OREO VANILLA 110.4/105G,6.578422,0.6,1.44902,5.396073,LT_OREO VANILLA 110.4/105G_T18_4,0.72451
CG_LT,18,,MM BIEN HOA,MM DA NANG,OREO VANILLA 110.4/105G,1.916907,0.6,1.44902,2.599164,LT_OREO VANILLA 110.4/105G_T18_4,0.72451
CG_LT,18,,MM HIEP PHU,MM BINH DUONG,OREO VANILLA 110.4/105G,2.105981,0.6,1.44902,2.712609,LT_OREO VANILLA 110.4/105G_T18_4,0.72451
CG_LT,18,,MM BIEN HOA,MM BINH DUONG,OREO VANILLA 110.4/105G,5.827596,0.6,2.0,5.496557,LT_OREO VANILLA 110.4/105G_T18_5,1.0
CG_LT,18,,MM BIEN HOA,MM BINH PHU,OREO VANILLA 110.4/105G,8.996921,0.6,2.0,7.398153,LT_OREO VANILLA 110.4/105G_T18_5,1.0
CG_LT,18,,MM BIEN HOA,MM DA NANG,OREO VANILLA 110.4/105G,4.39376,0.6,2.0,4.636256,LT_OREO VANILLA 110.4/105G_T18_5,1.0
CG_LT,18,,MM HIEP PHU,MM DA NANG,OREO VANILLA 110.4/105G,4.821533,0.6,2.0,4.89292,LT_OREO VANILLA 110.4/105G_T18_5,1.0
CG_LT,19,,MM BIEN HOA,MM BINH DUONG,OREO VANILLA 110.4/105G,9.809619,0.6,2.0,7.885771,LT_OREO VANILLA 110.4/105G_T19_2,1.0
CG_LT,19,,MM BIEN HOA,MM BINH DUONG,OREO VANILLA 110.4/105G,6.548898,0.6,2.0,5.929339,LT_OREO VANILLA 110.4/105G_T19_3,1.0
CG_LT,19,,MM HIEP PHU,MM AN PHU,OREO VANILLA 110.4/105G,7.977844,0.6,2.0,6.786706,LT_OREO VANILLA 110.4/105G_T19_3,1.0
CG_LT,19,,MM BIEN HOA,MM BINH DUONG,OREO VANILLA 110.4/105G,1.640424,0.6,0.670727,1.654982,LT_OREO VANILLA 110.4/105G_T19_5,0.335364
CG_LT,19,,MM HIEP PHU,MM AN PHU,OREO VANILLA 110.4/105G,0.392535,0.6,0.670727,0.906248,LT_OREO VANILLA 110.4/105G_T19_5,0.335364
CG_LT,19,,MM HIEP PHU,MM BINH DUONG,OREO VANILLA 110.4/105G,1.366089,0.6,0.670727,1.490381,LT_OREO VANILLA 110.4/105G_T19_5,0.335364
CG_LT,19,,MM HIEP PHU,MM DA NANG,OREO VANILLA 110.4/105G,2.800253,0.6,0.670727,2.350879,LT_OREO VANILLA 110.4/105G_T19_5,0.335364
CG_LT,20,,MM BIEN HOA,MM AN PHU,OREO VANILLA 110.4/105G,6.729145,0.6,2.0,6.037487,LT_OREO VANILLA 110.4/105G_T20_1,1.0
CG_LT,20,,MM BIEN HOA,MM BINH PHU,OREO VANILLA 110.4/105G,3.243323,0.6,2.0,3.945994,LT_OREO VANILLA 110.4/105G_T20_1,1.0
CG_LT,20,,MM BIEN HOA,MM AN PHU,OREO VANILLA 110.4/105G,2.12083,0.6,2.0,3.272498,LT_OREO VANILLA 110.4/105G_T20_3,1.0
CG_LT,20,,MM BIEN HOA,MM DA NANG,OREO VANILLA 110.4/105G,4.154762,0.6,2.0,4.492857,LT_OREO VANILLA 110.4/105G_T20_3,1.0
CG_LT,20,,MM BIEN HOA,MM AN PHU,OREO VANILLA 110.4/105G,3.184043,0.6,1.498837,3.409263,LT_OREO VANILLA 110.4/105G_T20_4,0.749419
CG_LT,20,,MM BIEN HOA,MM DA NANG,OREO VANILLA 110.4/105G,0.965258,0.6,1.498837,2.077992,LT_OREO VANILLA 110.4/105G_T20_4,0.749419
CG_LT,21,,MM HIEP PHU,MM BINH PHU,OREO VANILLA 110.4/105G,4.984229,0.6,2.0,4.990537,LT_OREO VANILLA 110.4/105G_T21_1,1.0
CG_LT,21,,MM BIEN HOA,MM BINH DUONG,OREO VANILLA 110.4/105G,1.110824,0.6,2.0,2.666494,LT_OREO VANILLA 110.4/105G_T21_2,1.0
CG_LT,21,,MM HIEP PHU,MM BINH PHU,OREO VANILLA 110.4/105G,5.463951,0.6,2.0,5.27837,LT_OREO VANILLA 110.4/105G_T21_2,1.0
CG_LT,21,,MM HIEP PHU,MM DA NANG,OREO VANILLA 110.4/105G,5.385428,0.6,2.0,5.231257,LT_OREO VANILLA 110.4/105G_T21_2,1.0
CG_LT,21,,MM BIEN HOA,MM BINH PHU,OREO VANILLA 110.4/105G,9.049224,0.6,2.0,7.429534,LT_OREO VANILLA 110.4/105G_T21_3,1.0
CG_LT,21,,MM BIEN HOA,MM DA NANG,OREO VANILLA 110.4/105G,5.737822,0.6,2.0,5.442693,LT_OREO VANILLA 110.4/105G_T21_3,1.0
CG_LT,21,,MM HIEP PHU,MM BINH DUONG,OREO VANILLA 110.4/105G,6.569973,0.6,2.0,5.941984,LT_OREO VANILLA 110.4/105G_T21_3,1.0
CG_LT,21,,MM HIEP PHU,MM DA NANG,OREO VANILLA 110.4/105G,3.77138,0.6,2.0,4.262828,LT_OREO VANILLA 110.4/105G_T21_3,1.0
CG_LT,21,,MM BIEN HOA,MM AN PHU,OREO VANILLA 110.4/105G,3.621786,0.6,2.0,4.173072,LT_OREO VANILLA 110.4/105G_T21_4,1.0
CG_LT,21,,MM BIEN HOA,MM BINH DUONG,OREO VANILLA 110.4/105G,6.46698,0.6,2.0,5.880188,LT_OREO VANILLA 110.4/105G_T21_4,1.0
CG_LT,21,,MM BIEN HOA,MM BINH PHU,OREO VANILLA 110.4/105G,4.351914,0.6,2.0,4.611149,LT_OREO VANILLA 110.4/105G_T21_4,1.0
CG_LT,21,,MM HIEP PHU,MM BINH PHU,OREO VANILLA 110.4/105G,3.381833,0.6,2.0,4.0291,LT_OREO VANILLA 110.4/105G_T21_5,1.0
CG_LT,22,,MM BIEN HOA,MM AN PHU,OREO VANILLA 110.4/105G,5.958776,0.6,2.0,5.575266,LT_OREO VANILLA 110.4/105G_T22_4,1.0
CG_LT,22,,MM HIEP PHU,MM DA NANG,OREO VANILLA 110.4/105G,6.124841,0.6,2.0,5.674904,LT_OREO VANILLA 110.4/105G_T22_4,1.0
CG_LT,22,,MM HIEP PHU,MM AN PHU,OREO VANILLA 110.4/105G,3.315663,0.6,0.907995,2.897393,LT_OREO VANILLA 110.4/105G_T22_5,0.453997
CG_LT,22,,MM HIEP PHU,MM DA NANG,OREO VANILLA 110.4/105G,0.525914,0.6,0.907995,1.223543,LT_OREO VANILLA 110.4/105G_T22_5,0.453997
CG_LT,23,,MM HIEP PHU,MM BINH DUONG,OREO VANILLA 110.4/105G,7.102368,0.6,2.0,6.261421,LT_OREO VANILLA 110.4/105G_T23_1,1.0
CG_LT,23,,MM BIEN HOA,MM AN PHU,OREO VANILLA 110.4/105G,1.275233,0.6,1.070747,1.835886,LT_OREO VANILLA 110.4/105G_T23_2,0.535373
CG_LT,23,,MM BIEN HOA,MM BINH DUONG,OREO VANILLA 110.4/105G,1.567638,0.6,1.070747,2.011329,LT_OREO VANILLA 110.4/105G_T23_2,0.535373
CG_LT,23,,MM HIEP PHU,MM AN PHU,OREO VANILLA 110.4/105G,4.989134,0.6,1.070747,4.064227,LT_OREO VANILLA 110.4/105G_T23_2,0.535373
CG_LT,23,,MM HIEP PHU,MM BINH DUONG,OREO VANILLA 110.4/105G,0.773288,0.6,1.070747,1.534719,LT_OREO VANILLA 110.4/105G_T23_2,0.535373
CG_LT,23,,MM BIEN HOA,MM BINH DUONG,OREO VANILLA 110.4/105G,3.380151,0.6,2.0,4.028091,LT_OREO VANILLA 110.4/105G_T23_3,1.0
CG_LT,23,,MM HIEP PHU,MM AN PHU,OREO VANILLA 110.4/105G,6.53874,0.6,2.0,5.923244,LT_OREO VANILLA 110.4/105G_T23_3,1.0
CG_LT,23,,MM BIEN HOA,MM BINH PHU,OREO VANILLA 110.4/105G,9.816466,0.6,2.0,7.88988,LT_OREO VANILLA 110.4/105G_T23_5,1.0
CG_LT,23,,MM HIEP PHU,MM AN PHU,OREO VANILLA 110.4/105G,3.962062,0.6,2.0,4.377237,LT_OREO VANILLA 110.4/105G_T23_5,1.0
CG_LT,24,,MM BIEN HOA,MM BINH DUONG,OREO VANILLA 110.4/105G,6.230164,0.6,2.0,5.738099,LT_OREO VANILLA 110.4/105G_T24_1,1.0
CG_LT,24,,MM BIEN HOA,MM DA NANG,OREO VANILLA 110.4/105G,1.589925,0.6,2.0,2.953955,LT_OREO VANILLA 110.4/105G_T24_1,1.0
CG_LT,24,,MM HIEP PHU,MM BINH PHU,OREO VANILLA 110.4/105G,8.512952,0.6,2.0,7.107771,LT_OREO VANILLA 110.4/105G_T24_1,1.0
CG_LT,24,,MM HIEP PHU,MM DA NANG,OREO VANILLA 110.4/105G,3.623381,0.6,2.0,4.174029,LT_OREO VANILLA 110.4/105G_T24_1,1.0
CG_LT,24,,MM BIEN HOA,MM BINH DUONG,OREO VANILLA 110.4/105G,0.642069,0.6,0.938822,1.324063,LT_OREO VANILLA 110.4/105G_T24_3,0.469411
CG_LT,24,,MM BIEN HOA,MM DA NANG,OREO VANILLA 110.4/105G,1.900352,0.6,0.938822,2.079033,LT_OREO VANILLA 110.4/105G_T24_3,0.469411
CG_LT,24,,MM HIEP PHU,MM BINH DUONG,OREO VANILLA 110.4/105G,3.382127,0.6,0.938822,2.968098,LT_OREO VANILLA 110.4/105G_T24_3,0.469411
CG_LT,24,,MM HIEP PHU,MM BINH PHU,OREO VANILLA 110.4/105G,2.745953,0.6,0.938822,2.586394,LT_OREO VANILLA 110.4/105G_T24_3,0.469411
CG_LT,24,,MM HIEP PHU,MM BINH DUONG,OREO VANILLA 110.4/105G,3.74564,0.6,0.917471,3.164855,LT_OREO VANILLA 110.4/105G_T24_4,0.458736
CG_LT,25,,MM BIEN HOA,MM BINH DUONG,OREO VANILLA 110.4/105G,2.056193,0.6,2.0,3.233716,LT_OREO VANILLA 110.4/105G_T25_2,1.0
CG_LT,25,,MM HIEP PHU,MM AN PHU,OREO VANILLA 110.4/105G,8.031134,0.6,2.0,6.81868,LT_OREO VANILLA 110.4/105G_T25_2,1.0
CG_LT,25,,MM HIEP PHU,MM DA NANG,OREO VANILLA 110.4/105G,1.376057,0.6,2.0,2.825634,LT_OREO VANILLA 110.4/105G_T25_2,1.0
CG_LT,25,,MM BIEN HOA,MM AN PHU,OREO VANILLA 110.4/105G,3.839415,0.6,2.0,4.303649,LT_OREO VANILLA 110.4/105G_T25_3,1.0
CG_LT,25,,MM BIEN HOA,MM BINH DUONG,OREO VANILLA 110.4/105G,1.764266,0.6,2.0,3.05856,LT_OREO VANILLA 110.4/105G_T25_3,1.0
CG_LT,25,,MM HIEP PHU,MM BINH DUONG,OREO VANILLA 110.4/105G,9.245212,0.6,2.0,7.547127,LT_OREO VANILLA 110.4/105G_T25_3,1.0
CG_LT,25,,MM HIEP PHU,MM DA NANG,OREO VANILLA 110.4/105G,8.201087,0.6,2.0,6.920652,LT_OREO VANILLA 110.4/105G_T25_3,1.0
CG_LT,25,,MM HIEP PHU,MM AN PHU,OREO VANILLA 110.4/105G,8.429846,0.6,2.0,7.057908,LT_OREO VANILLA 110.4/105G_T25_4,1.0
CG_LT,25,,MM HIEP PHU,MM BINH DUONG,OREO VANILLA 110.4/105G,1.040713,0.6,2.0,2.624428,LT_OREO VANILLA 110.4/105G_T25_4,1.0
CG_LT,25,,MM HIEP PHU,MM BINH PHU,OREO VANILLA 110.4/105G,9.713676,0.6,2.0,7.828205,LT_OREO VANILLA 110.4/105G_T25_4,1.0
CG_LT,25,,MM HIEP PHU,MM DA NANG,OREO VANILLA 110.4/105G,8.406498,0.6,2.0,7.043899,LT_OREO VANILLA 110.4/105G_T25_4,1.0
CG_LT,25,,MM BIEN HOA,MM BINH PHU,OREO VANILLA 110.4/105G,5.81391,0.6,1.44996,4.938306,LT_OREO VANILLA 110.4/105G_T25_5,0.72498
CG_LT,25,,MM BIEN HOA,MM DA NANG,OREO VANILLA 110.4/105G,6.231313,0.6,1.44996,5.188748,LT_OREO VANILLA 110.4/105G_T25_5,0.72498
CG_LT,25,,MM HIEP PHU,MM DA NANG,OREO VANILLA 110.4/105G,5.473964,0.6,1.44996,4.734339,LT_OREO VANILLA 110.4/105G_T25_5,0.72498
CG_LT,26,,MM BIEN HOA,MM BINH PHU,OREO VANILLA 110.4/105G,7.052148,0.6,1.966573,6.197862,LT_OREO VANILLA 110.4/105G_T26_1,0.983287
CG_LT,26,,MM HIEP PHU,MM AN PHU,OREO VANILLA 110.4/105G,2.548286,0.6,1.966573,3.495545,LT_OREO VANILLA 110.4/105G_T26_1,0.983287
CG_LT,26,,MM BIEN HOA,MM BINH DUONG,OREO VANILLA 110.4/105G,0.4914,0.6,0.482632,0.777471,LT_OREO VANILLA 110.4/105G_T26_2,0.241316
CG_LT,26,,MM BIEN HOA,MM BINH PHU,OREO VANILLA 110.4/105G,0.559995,0.6,0.482632,0.818629,LT_OREO VANILLA 110.4/105G_T26_2,0.241316
CG_LT,26,,MM HIEP PHU,MM AN PHU,OREO VANILLA 110.4/105G,1.950452,0.6,0.482632,1.652903,LT_OREO VANILLA 110.4/105G_T26_2,0.241316
CG_LT,26,,MM HIEP PHU,MM BINH DUONG,OREO VANILLA 110.4/105G,1.452548,0.6,0.482632,1.354161,LT_OREO VANILLA 110.4/105G_T26_2,0.241316
CG_LT,26,,MM HIEP PHU,MM BINH PHU,OREO VANILLA 110.4/105G,4.915226,0.6,2.0,4.949136,LT_OREO VANILLA 110.4/105G_T26_4,1.0
CG_LT,26,,MM HIEP PHU,MM BINH DUONG,OREO VANILLA 110.4/105G,4.780472,0.6,2.0,4.868283,LT_OREO VANILLA 110.4/105G_T26_5,1.0
CG_LT,27,,MM BIEN HOA,MM DA NANG,OREO VANILLA 110.4/105G,2.749898,0.6,2.0,3.649939,LT_OREO VANILLA 110.4/105G_T27_2,1.0
CG_LT,27,,MM HIEP PHU,MM BINH PHU,OREO VANILLA 110.4/105G,7.842719,0.6,2.0,6.705631,LT_OREO VANILLA 110.4/105G_T27_2,1.0
CG_LT,27,,MM HIEP PHU,MM DA NANG,OREO VANILLA 110.4/105G,5.529704,0.6,2.0,5.317823,LT_OREO VANILLA 110.4/105G_T27_2,1.0
CG_LT,27,,MM HIEP PHU,MM AN PHU,OREO VANILLA 110.4/105G,1.524045,0.6,2.0,2.914427,LT_OREO VANILLA 110.4/105G_T27_3,1.0
CG_LT,27,,MM HIEP PHU,MM BINH DUONG,OREO VANILLA 110.4/105G,2.896217,0.6,2.0,3.73773,LT_OREO VANILLA 110.4/105G_T27_3,1.0
CG_LT,27,,MM HIEP PHU,MM BINH PHU,OREO VANILLA 110.4/105G,6.257397,0.6,2.0,5.754438,LT_OREO VANILLA 110.4/105G_T27_3,1.0
CG_LT,27,,MM BIEN HOA,MM AN PHU,OREO VANILLA 110.4/105G,4.075387,0.6,2.0,4.445232,LT_OREO VANILLA 110.4/105G_T27_4,1.0
CG_LT,27,,MM BIEN HOA,MM BINH PHU,OREO VANILLA 110.4/105G,4.92715,0.6,2.0,4.95629,LT_OREO VANILLA 110.4/105G_T27_4,1.0
CG_LT,27,,MM HIEP PHU,MM AN PHU,OREO VANILLA 110.4/105G,5.601976,0.6,2.0,5.361186,LT_OREO VANILLA 110.4/105G_T27_4,1.0
CG_LT,27,,MM HIEP PHU,MM BINH PHU,OREO VANILLA 110.4/105G,9.306951,0.6,2.0,7.584171,LT_OREO VANILLA 110.4/105G_T27_4,1.0
CG_LT,27,,MM BIEN HOA,MM BINH PHU,OREO VANILLA 110.4/105G,8.851353,0.6,2.0,7.310812,LT_OREO VANILLA 110.4/105G_T27_5,1.0
CG_LT,27,,MM HIEP PHU,MM AN PHU,OREO VANILLA 110.4/105G,5.201661,0.6,2.0,5.120997,LT_OREO VANILLA 110.4/105G_T27_5,1.0
CG_LT,27,,MM HIEP PHU,MM BINH DUONG,OREO VANILLA 110.4/105G,2.999961,0.6,2.0,3.799977,LT_OREO VANILLA 110.4/105G_T27_5,1.0
CG_LT,28,,MM BIEN HOA,MM DA NANG,OREO VANILLA 110.4/105G,2.795934,0.6,2.0,3.677561,LT_OREO VANILLA 110.4/105G_T28_1,1.0
CG_LT,28,,MM BIEN HOA,MM AN PHU,OREO VANILLA 110.4/105G,2.562843,0.6,2.0,3.537706,LT_OREO VANILLA 110.4/105G_T28_2,1.0
CG_LT,28,,MM HIEP PHU,MM BINH PHU,OREO VANILLA 110.4/105G,2.556289,0.6,2.0,3.533774,LT_OREO VANILLA 110.4/105G_T28_2,1.0
CG_LT,28,,MM BIEN HOA,MM AN PHU,OREO VANILLA 110.4/105G,1.184926,0.6,2.0,2.710956,LT_OREO VANILLA 110.4/105G_T28_3,1.0
CG_LT,28,,MM HIEP PHU,MM BINH PHU,OREO VANILLA 110.4/105G,7.585968,0.6,2.0,6.551581,LT_OREO VANILLA 110.4/105G_T28_3,1.0
CG_LT,28,,MM HIEP PHU,MM DA NANG,OREO VANILLA 110.4/105G,2.23494,0.6,2.0,3.340964,LT_OREO VANILLA 110.4/105G_T28_3,1.0
CG_LT,28,,MM BIEN HOA,MM BINH PHU,OREO VANILLA 110.4/105G,8.949772,0.6,2.0,7.369863,LT_OREO VANILLA 110.4/105G_T28_4,1.0
CG_LT,28,,MM HIEP PHU,MM BINH DUONG,OREO VANILLA 110.4/105G,2.71687,0.6,2.0,3.630122,LT_OREO VANILLA 110.4/105G_T28_4,1.0
CG_LT,28,,MM HIEP PHU,MM DA NANG,OREO VANILLA 110.4/105G,4.383596,0.6,2.0,4.630158,LT_OREO VANILLA 110.4/105G_T28_4,1.0
CG_LT,28,,MM BIEN HOA,MM BINH DUONG,OREO VANILLA 110.4/105G,1.791691,0.6,2.0,3.075015,LT_OREO VANILLA 110.4/105G_T28_5,1.0
CG_LT,28,,MM BIEN HOA,MM DA NANG,OREO VANILLA 110.4/105G,5.224684,0.6,2.0,5.13481,LT_OREO VANILLA 110.4/105G_T28_5,1.0
CG_LT,28,,MM HIEP PHU,MM AN PHU,OREO VANILLA 110.4/105G,6.976287,0.6,2.0,6.185772,LT_OREO VANILLA 110.4/105G_T28_5,1.0
CG_LT,28,,MM HIEP PHU,MM DA NANG,OREO VANILLA 110.4/105G,6.469043,0.6,2.0,5.881426,LT_OREO VANILLA 110.4/105G_T28_5,1.0
CG_LT,29,,MM BIEN HOA,MM DA NANG,OREO VANILLA 110.4/105G,4.427648,0.6,1.976495,4.633084,LT_OREO VANILLA 110.4/105G_T29_1,0.988248
CG_LT,29,,MM HIEP PHU,MM DA NANG,OREO VANILLA 110.4/105G,4.65928,0.6,1.976495,4.772064,LT_OREO VANILLA 110.4/105G_T29_1,0.988248
CG_LT,29,,MM BIEN HOA,MM BINH PHU,OREO VANILLA 110.4/105G,9.244668,0.6,2.0,7.546801,LT_OREO VANILLA 110.4/105G_T29_2,1.0
CG_LT,29,,MM BIEN HOA,MM DA NANG,OREO VANILLA 110.4/105G,9.520287,0.6,2.0,7.712172,LT_OREO VANILLA 110.4/105G_T29_2,1.0
CG_LT,29,,MM BIEN HOA,MM DA NANG,OREO VANILLA 110.4/105G,0.831898,0.6,1.238052,1.737191,LT_OREO VANILLA 110.4/105G_T29_3,0.619026
CG_LT,29,,MM HIEP PHU,MM BINH PHU,OREO VANILLA 110.4/105G,2.186195,0.6,1.238052,2.549769,LT_OREO VANILLA 110.4/105G_T29_3,0.619026
CG_LT,29,,MM BIEN HOA,MM DA NANG,OREO VANILLA 110.4/105G,1.88148,0.6,2.0,3.128888,LT_OREO VANILLA 110.4/105G_T29_4,1.0
CG_LT,29,,MM HIEP PHU,MM AN PHU,OREO VANILLA 110.4/105G,4.778045,0.6,2.0,4.866827,LT_OREO VANILLA 110.4/105G_T29_4,1.0
CG_LT,29,,MM HIEP PHU,MM BINH PHU,OREO VANILLA 110.4/105G,7.67144,0.6,2.0,6.602864,LT_OREO VANILLA 110.4/105G_T29_4,1.0
CG_LT,29,,MM BIEN HOA,MM AN PHU,OREO VANILLA 110.4/105G,4.269539,0.6,1.058274,3.619997,LT_OREO VANILLA 110.4/105G_T29_5,0.529137
CG_LT,29,,MM BIEN HOA,MM BINH DUONG,OREO VANILLA 110.4/105G,4.31695,0.6,1.058274,3.648444,LT_OREO VANILLA 110.4/105G_T29_5,0.529137
CG_LT,29,,MM BIEN HOA,MM DA NANG,OREO VANILLA 110.4/105G,0.72933,0.6,1.058274,1.495871,LT_OREO VANILLA 110.4/105G_T29_5,0.529137
CG_LT,29,,MM HIEP PHU,MM AN PHU,OREO VANILLA 110.4/105G,3.651558,0.6,1.058274,3.249208,LT_OREO VANILLA 110.4/105G_T29_5,0.529137
CG_LT,30,,MM BIEN HOA,MM BINH PHU,OREO VANILLA 110.4/105G,1.359497,0.6,0.459849,1.275547,LT_OREO VANILLA 110.4/105G_T30_1,0.229925
CG_LT,30,,MM HIEP PHU,MM AN PHU,OREO VANILLA 110.4/105G,1.222919,0.6,0.459849,1.193601,LT_OREO VANILLA 110.4/105G_T30_1,0.229925
CG_LT,30,,MM HIEP PHU,MM DA NANG,OREO VANILLA 110.4/105G,1.882642,0.6,0.459849,1.589434,LT_OREO VANILLA 110.4/105G_T30_1,0.229925
CG_LT,30,,MM HIEP PHU,MM BINH PHU,OREO VANILLA 110.4/105G,1.091103,0.6,2.0,2.654662,LT_OREO VANILLA 110.4/105G_T30_2,1.0
CG_LT,30,,MM BIEN HOA,MM AN PHU,OREO VANILLA 110.4/105G,0.565674,0.6,0.218753,0.558158,LT_OREO VANILLA 110.4/105G_T30_3,0.109377
CG_LT,30,,MM BIEN HOA,MM BINH DUONG,OREO VANILLA 110.4/105G,0.42597,0.6,0.218753,0.474335,LT_OREO VANILLA 110.4/105G_T30_3,0.109377
CG_LT,30,,MM BIEN HOA,MM BINH PHU,OREO VANILLA 110.4/105G,0.27637,0.6,0.218753,0.384575,LT_OREO VANILLA 110.4/105G_T30_3,0.109377
CG_LT,30,,MM HIEP PHU,MM BINH DUONG,OREO VANILLA 110.4/105G,0.269643,0.6,0.218753,0.380539,LT_OREO VANILLA 110.4/105G_T30_3,0.109377
CG_LT,30,,MM BIEN HOA,MM BINH PHU,OREO VANILLA 110.4/105G,2.623814,0.6,2.0,3.574288,LT_OREO VANILLA 110.4/105G_T30_4,1.0
CG_LT,30,,MM BIEN HOA,MM DA NANG,OREO VANILLA 110.4/105G,2.177288,0.6,2.0,3.306373,LT_OREO VANILLA 110.4/105G_T30_4,1.0
CG_LT,30,,MM BIEN HOA,MM BINH PHU,OREO VANILLA 110.4/105G,5.601985,0.6,2.0,5.361191,LT_OREO VANILLA 110.4/105G_T30_5,1.0
CG_LT,30,,MM HIEP PHU,MM AN PHU,OREO VANILLA 110.4/105G,7.952653,0.6,2.0,6.771592,LT_OREO VANILLA 110.4/105G_T30_5,1.0
CG_LT,31,,MM BIEN HOA,MM BINH PHU,OREO VANILLA 110.4/105G,7.137139,0.6,1.710217,5.9925,LT_OREO VANILLA 110.4/105G_T31_4,0.855108
CG_LT,32,,MM BIEN HOA,MM BINH PHU,OREO VANILLA 110.4/105G,6.816629,0.6,1.532571,5.622548,LT_OREO VANILLA 110.4/105G_T32_2,0.766285
CG_LT,32,,MM BINH DUONG,MM BINH PHU,OREO VANILLA 110.4/105G,2.436401,0.6,1.532571,2.994411,LT_OREO VANILLA 110.4/105G_T32_2,0.766285
CG_LT,32,,MM BINH DUONG,MM DA NANG,OREO VANILLA 110.4/105G,5.827402,0.6,1.532571,5.029012,LT_OREO VANILLA 110.4/105G_T32_2,0.766285
CG_LT,32,,MM BIEN HOA,MM BINH PHU,OREO VANILLA 110.4/105G,5.980208,0.6,2.0,5.588125,LT_OREO VANILLA 110.4/105G_T32_5,1.0
CG_LT,34,,MM BIEN HOA,MM AN PHU,OREO VANILLA 110.4/105G,2.716299,0.6,0.650968,2.280747,LT_OREO VANILLA 110.4/105G_T34_4,0.325484
CG_LT,35,,MM BIEN HOA,MM DA NANG,OREO VANILLA 110.4/105G,1.16277,0.6,2.0,2.697662,LT_OREO VANILLA 110.4/105G_T35_1,1.0
CG_LT,35,,MM BINH DUONG,MM DA NANG,OREO VANILLA 110.4/105G,5.665302,0.6,2.0,5.399181,LT_OREO VANILLA 110.4/105G_T35_1,1.0
CG_LT,35,,MM BINH DUONG,MM DA NANG,OREO VANILLA 110.4/105G,4.229397,0.6,2.0,4.537638,LT_OREO VANILLA 110.4/105G_T35_2,1.0
CG_LT,35,,MM BINH DUONG,MM HIEP PHU,OREO VANILLA 110.4/105G,2.59615,0.6,2.0,3.55769,LT_OREO VANILLA 110.4/105G_T35_2,1.0
CG_LT,35,,MM BIEN HOA,MM AN PHU,OREO VANILLA 110.4/105G,9.021723,0.6,2.0,7.413034,LT_OREO VANILLA 110.4/105G_T35_3,1.0
CG_LT,35,,MM BIEN HOA,MM HIEP PHU,OREO VANILLA 110.4/105G,6.259591,0.6,2.0,5.755755,LT_OREO VANILLA 110.4/105G_T35_3,1.0
CG_LT,35,,MM BIEN HOA,MM DA NANG,OREO VANILLA 110.4/105G,3.909753,0.6,2.0,4.345852,LT_OREO VANILLA 110.4/105G_T35_4,1.0
CG_LT,35,,MM BIEN HOA,MM BINH PHU,OREO VANILLA 110.4/105G,4.178231,0.6,2.0,4.506938,LT_OREO VANILLA 110.4/105G_T35_5,1.0
CG_LT,35,,MM BINH DUONG,MM AN PHU,OREO VANILLA 110.4/105G,4.699841,0.6,2.0,4.819905,LT_OREO VANILLA 110.4/105G_T35_5,1.0
CG_LT,35,,MM BINH DUONG,MM BINH PHU,OREO VANILLA 110.4/105G,8.98078,0.6,2.0,7.388468,LT_OREO VANILLA 110.4/105G_T35_5,1.0
CG_LT,35,,MM BINH DUONG,MM DA NANG,OREO VANILLA 110.4/105G,2.498448,0.6,2.0,3.499069,LT_OREO VANILLA 110.4/105G_T35_5,1.0
CG_LT,36,,MM BIEN HOA,MM AN PHU,OREO VANILLA 110.4/105G,5.700516,0.6,2.0,5.42031,LT_OREO VANILLA 110.4/105G_T36_1,1.0
CG_LT,36,,MM BIEN HOA,MM BINH PHU,OREO VANILLA 110.4/105G,1.55692,0.6,2.0,2.934152,LT_OREO VANILLA 110.4/105G_T36_1,1.0
CG_LT,36,,MM HIEP PHU,MM DA NANG,OREO VANILLA 110.4/105G,6.591569,0.6,2.0,5.954942,LT_OREO VANILLA 110.4/105G_T36_1,1.0
CG_LT,36,,MM BIEN HOA,MM AN PHU,OREO VANILLA 110.4/105G,6.203197,0.6,1.854557,5.576475,LT_OREO VANILLA 110.4/105G_T36_3,0.927278
CG_LT,36,,MM BIEN HOA,MM DA NANG,OREO VANILLA 110.4/105G,7.212442,0.6,1.854557,6.182022,LT_OREO VANILLA 110.4/105G_T36_3,0.927278
CG_LT,36,,MM BINH DUONG,MM AN PHU,OREO VANILLA 110.4/105G,8.372734,0.6,1.854557,6.878197,LT_OREO VANILLA 110.4/105G_T36_3,0.927278
CG_LT,36,,MM HIEP PHU,MM BINH PHU,OREO VANILLA 110.4/105G,1.913997,0.6,1.854557,3.002955,LT_OREO VANILLA 110.4/105G_T36_3,0.927278
CG_LT,36,,MM BIEN HOA,MM AN PHU,OREO VANILLA 110.4/105G,7.465072,0.6,2.0,6.479043,LT_OREO VANILLA 110.4/105G_T36_4,1.0
CG_LT,36,,MM BIEN HOA,MM BINH PHU,OREO VANILLA 110.4/105G,6.748273,0.6,2.0,6.048964,LT_OREO VANILLA 110.4/105G_T36_4,1.0
CG_LT,36,,MM BINH DUONG,MM DA NANG,OREO VANILLA 110.4/105G,6.971569,0.6,2.0,6.182941,LT_OREO VANILLA 110.4/105G_T36_4,1.0
CG_LT,36,,MM HIEP PHU,MM DA NANG,OREO VANILLA 110.4/105G,5.51536,0.6,2.0,5.309216,LT_OREO VANILLA 110.4/105G_T36_4,1.0
CG_LT,36,,MM BIEN HOA,MM DA NANG,OREO VANILLA 110.4/105G,4.619956,0.6,2.0,4.771974,LT_OREO VANILLA 110.4/105G_T36_5,1.0
CG_LT,37,,MM BIEN HOA,MM DA NANG,OREO VANILLA 110.4/105G,5.661176,0.6,1.232183,4.628888,LT_OREO VANILLA 110.4/105G_T37_3,0.616092
CG_LT,37,,MM BINH DUONG,MM DA NANG,OREO VANILLA 110.4/105G,4.784261,0.6,1.232183,4.10274,LT_OREO VANILLA 110.4/105G_T37_3,0.616092
CG_LT,37,,MM HIEP PHU,MM DA NANG,OREO VANILLA 110.4/105G,2.713665,0.6,1.232183,2.860382,LT_OREO VANILLA 110.4/105G_T37_3,0.616092
CG_LT,37,,MM BINH DUONG,MM AN PHU,OREO VANILLA 110.4/105G,9.34882,0.6,2.0,7.609292,LT_OREO VANILLA 110.4/105G_T37_4,1.0
CG_LT,38,,MM BIEN HOA,MM BINH PHU,OREO VANILLA 110.4/105G,1.223795,0.6,0.753047,1.487324,LT_OREO VANILLA 110.4/105G_T38_4,0.376524
CG_LT,38,,MM BIEN HOA,MM BINH PHU,OREO VANILLA 110.4/105G,0.994153,0.6,0.490245,1.086737,LT_OREO VANILLA 110.4/105G_T38_5,0.245123
CG_LT,38,,MM HIEP PHU,MM DA NANG,OREO VANILLA 110.4/105G,1.092511,0.6,0.490245,1.145752,LT_OREO VANILLA 110.4/105G_T38_5,0.245123
CG_LT,39,,MM BIEN HOA,MM AN PHU,OREO VANILLA 110.4/105G,8.025846,0.6,2.0,6.815508,LT_OREO VANILLA 110.4/105G_T39_1,1.0
CG_LT,39,,MM HIEP PHU,MM DA NANG,OREO VANILLA 110.4/105G,7.637062,0.6,2.0,6.582237,LT_OREO VANILLA 110.4/105G_T39_1,1.0
CG_LT,39,,MM BIEN HOA,MM DA NANG,OREO VANILLA 110.4/105G,4.407231,0.6,2.0,4.644338,LT_OREO VANILLA 110.4/105G_T39_2,1.0
CG_LT,39,,MM BINH DUONG,MM DA NANG,OREO VANILLA 110.4/105G,1.535298,0.6,2.0,2.921179,LT_OREO VANILLA 110.4/105G_T39_2,1.0
CG_LT,39,,MM HIEP PHU,MM BINH PHU,OREO VANILLA 110.4/105G,1.246531,0.6,2.0,2.747919,LT_OREO VANILLA 110.4/105G_T39_2,1.0
CG_LT,39,,MM HIEP PHU,MM DA NANG,OREO VANILLA 110.4/105G,2.319601,0.6,2.0,3.391761,LT_OREO VANILLA 110.4/105G_T39_2,1.0
CG_LT,39,,MM BIEN HOA,MM BINH PHU,OREO VANILLA 110.4/105G,8.172996,0.6,1.706151,6.609949,LT_OREO VANILLA 110.4/105G_T39_3,0.853076
CG_LT,39,,MM BIEN HOA,MM DA NANG,OREO VANILLA 110.4/105G,7.821291,0.6,1.706151,6.398926,LT_OREO VANILLA 110.4/105G_T39_3,0.853076
CG_LT,39,,MM BINH DUONG,MM AN PHU,OREO VANILLA 110.4/105G,4.049559,0.6,1.706151,4.135887,LT_OREO VANILLA 110.4/105G_T39_3,0.853076
CG_LT,39,,MM BINH DUONG,MM BINH PHU,OREO VANILLA 110.4/105G,4.187858,0.6,1.706151,4.218866,LT_OREO VANILLA 110.4/105G_T39_3,0.853076
CG_LT,39,,MM BIEN HOA,MM AN PHU,OREO VANILLA 110.4/105G,9.064765,0.6,2.0,7.438859,LT_OREO VANILLA 110.4/105G_T39_4,1.0
CG_LT,39,,MM BIEN HOA,MM BINH PHU,OREO VANILLA 110.4/105G,4.553871,0.6,2.0,4.732323,LT_OREO VANILLA 110.4/105G_T39_4,1.0
CG_LT,39,,MM BIEN HOA,MM DA NANG,OREO VANILLA 110.4/105G,2.423746,0.6,2.0,3.454247,LT_OREO VANILLA 110.4/105G_T39_4,1.0
CG_LT,39,,MM HIEP PHU,MM BINH PHU,OREO VANILLA 110.4/105G,9.319411,0.6,2.0,7.591647,LT_OREO VANILLA 110.4/105G_T39_4,1.0
CG_LT,39,,MM BIEN HOA,MM DA NANG,OREO VANILLA 110.4/105G,1.190382,0.6,1.166769,1.880998,LT_OREO VANILLA 110.4/105G_T39_5,0.583384
CG_LT,39,,MM BINH DUONG,MM BINH PHU,OREO VANILLA 110.4/105G,2.578543,0.6,1.166769,2.713894,LT_OREO VANILLA 110.4/105G_T39_5,0.583384
CG_LT,39,,MM BINH DUONG,MM DA NANG,OREO VANILLA 110.4/105G,1.920553,0.6,1.166769,2.319101,LT_OREO VANILLA 110.4/105G_T39_5,0.583384
CG_LT,3,,MM BINH PHU,MM AN PHU,OREO VANILLA 110.4/105G,8.682373,0.6,2.0,7.209424,LT_OREO VANILLA 110.4/105G_T3_1,1.0
CG_LT,3,,MM BINH DUONG,MM AN PHU,OREO VANILLA 110.4/105G,7.762691,0.6,2.0,6.657614,LT_OREO VANILLA 110.4/105G_T3_2,1.0
CG_LT,3,,MM BINH PHU,MM AN PHU,OREO VANILLA 110.4/105G,8.688387,0.6,2.0,7.213032,LT_OREO VANILLA 110.4/105G_T3_4,1.0
CG_LT,3,,MM BIEN HOA,MM AN PHU,OREO VANILLA 110.4/105G,1.674549,0.6,0.538206,1.542936,LT_OREO VANILLA 110.4/105G_T3_5,0.269103
CG_LT,40,,MM BIEN HOA,MM DA NANG,OREO VANILLA 110.4/105G,2.298626,0.6,0.777016,2.156191,LT_OREO VANILLA 110.4/105G_T40_1,0.388508
CG_LT,40,,MM BIEN HOA,MM HIEP PHU,OREO VANILLA 110.4/105G,3.579267,0.6,0.777016,2.924576,LT_OREO VANILLA 110.4/105G_T40_1,0.388508
CG_LT,40,,MM BINH DUONG,MM AN PHU,OREO VANILLA 110.4/105G,3.393665,0.6,0.777016,2.813215,LT_OREO VANILLA 110.4/105G_T40_1,0.388508
CG_LT,40,,MM BINH DUONG,MM HIEP PHU,OREO VANILLA 110.4/105G,3.716494,0.6,0.777016,3.006912,LT_OREO VANILLA 110.4/105G_T40_1,0.388508
CG_LT,40,,MM BIEN HOA,MM BINH PHU,OREO VANILLA 110.4/105G,5.336757,0.6,1.740506,4.94256,LT_OREO VANILLA 110.4/105G_T40_2,0.870253
CG_LT,40,,MM BIEN HOA,MM DA NANG,OREO VANILLA 110.4/105G,6.951199,0.6,1.740506,5.911226,LT_OREO VANILLA 110.4/105G_T40_2,0.870253
CG_LT,40,,MM BIEN HOA,MM HIEP PHU,OREO VANILLA 110.4/105G,8.078852,0.6,1.740506,6.587818,LT_OREO VANILLA 110.4/105G_T40_2,0.870253
CG_LT,40,,MM BINH DUONG,MM AN PHU,OREO VANILLA 110.4/105G,4.07139,0.6,1.740506,4.18334,LT_OREO VANILLA 110.4/105G_T40_2,0.870253
CG_LT,40,,MM BIEN HOA,MM AN PHU,OREO VANILLA 110.4/105G,2.385577,0.6,2.0,3.431346,LT_OREO VANILLA 110.4/105G_T40_3,1.0
CG_LT,40,,MM BIEN HOA,MM DA NANG,OREO VANILLA 110.4/105G,9.440732,0.6,2.0,7.664439,LT_OREO VANILLA 110.4/105G_T40_3,1.0
CG_LT,40,,MM BIEN HOA,MM HIEP PHU,OREO VANILLA 110.4/105G,9.73049,0.6,2.0,7.838294,LT_OREO VANILLA 110.4/105G_T40_3,1.0
CG_LT,40,,MM BIEN HOA,MM AN PHU,OREO VANILLA 110.4/105G,4.039538,0.6,2.0,4.423723,LT_OREO VANILLA 110.4/105G_T40_4,1.0
CG_LT,40,,MM BIEN HOA,MM HIEP PHU,OREO VANILLA 110.4/105G,3.045288,0.6,2.0,3.827173,LT_OREO VANILLA 110.4/105G_T40_4,1.0
CG_LT,40,,MM BINH DUONG,MM AN PHU,OREO VANILLA 110.4/105G,7.617723,0.6,2.0,6.570634,LT_OREO VANILLA 110.4/105G_T40_4,1.0
CG_LT,40,,MM BINH DUONG,MM DA NANG,OREO VANILLA 110.4/105G,8.372935,0.6,2.0,7.023761,LT_OREO VANILLA 110.4/105G_T40_4,1.0
CG_LT,41,,MM HIEP PHU,MM AN PHU,OREO VANILLA 110.4/105G,8.434985,0.6,2.0,7.060991,LT_OREO VANILLA 110.4/105G_T41_2,1.0
CG_LT,41,,MM BIEN HOA,MM AN PHU,OREO VANILLA 110.4/105G,5.38921,0.6,2.0,5.233526,LT_OREO VANILLA 110.4/105G_T41_3,1.0
CG_LT,42,,MM BINH DUONG,MM BINH PHU,OREO VANILLA 110.4/105G,7.651999,0.6,2.0,6.591199,LT_OREO VANILLA 110.4/105G_T42_1,1.0
CG_LT,42,,MM BINH DUONG,MM DA NANG,OREO VANILLA 110.4/105G,1.854118,0.6,2.0,3.112471,LT_OREO VANILLA 110.4/105G_T42_1,1.0
CG_LT,42,,MM HIEP PHU,MM AN PHU,OREO VANILLA 110.4/105G,3.171244,0.6,2.0,3.902746,LT_OREO VANILLA 110.4/105G_T42_1,1.0
CG_LT,42,,MM HIEP PHU,MM BINH PHU,OREO VANILLA 110.4/105G,9.242985,0.6,2.0,7.545791,LT_OREO VANILLA 110.4/105G_T42_1,1.0
CG_LT,42,,MM BINH DUONG,MM AN PHU,OREO VANILLA 110.4/105G,8.828756,0.6,1.851381,7.148635,LT_OREO VANILLA 110.4/105G_T42_5,0.92569
CG_LT,43,,MM BIEN HOA,MM AN PHU,OREO VANILLA 110.4/105G,9.340371,0.6,2.0,7.604223,LT_OREO VANILLA 110.4/105G_T43_2,1.0
CG_LT,43,,MM BIEN HOA,MM DA NANG,OREO VANILLA 110.4/105G,2.21821,0.6,2.0,3.330926,LT_OREO VANILLA 110.4/105G_T43_2,1.0
CG_LT,43,,MM HIEP PHU,MM BINH PHU,OREO VANILLA 110.4/105G,1.638945,0.6,2.0,2.983367,LT_OREO VANILLA 110.4/105G_T43_2,1.0
CG_LT,43,,MM BIEN HOA,MM AN PHU,OREO VANILLA 110.4/105G,0.292905,0.6,0.116077,0.29182,LT_OREO VANILLA 110.4/105G_T43_3,0.058038
CG_LT,43,,MM BINH DUONG,MM BINH PHU,OREO VANILLA 110.4/105G,0.374914,0.6,0.116077,0.341025,LT_OREO VANILLA 110.4/105G_T43_3,0.058038
CG_LT,43,,MM BINH DUONG,MM DA NANG,OREO VANILLA 110.4/105G,0.199916,0.6,0.116077,0.236026,LT_OREO VANILLA 110.4/105G_T43_3,0.058038
CG_LT,43,,MM BIEN HOA,MM AN PHU,OREO VANILLA 110.4/105G,6.028909,0.6,2.0,5.617345,LT_OREO VANILLA 110.4/105G_T43_4,1.0
CG_LT,43,,MM BIEN HOA,MM BINH PHU,OREO VANILLA 110.4/105G,3.133404,0.6,2.0,3.880043,LT_OREO VANILLA 110.4/105G_T43_4,1.0
CG_LT,43,,MM BIEN HOA,MM DA NANG,OREO VANILLA 110.4/105G,2.815133,0.6,2.0,3.68908,LT_OREO VANILLA 110.4/105G_T43_4,1.0
CG_LT,43,,MM HIEP PHU,MM DA NANG,OREO VANILLA 110.4/105G,6.465973,0.6,2.0,5.879584,LT_OREO VANILLA 110.4/105G_T43_4,1.0
CG_LT,44,,MM BIEN HOA,MM AN PHU,OREO VANILLA 110.4/105G,2.88418,0.6,1.617457,3.347965,LT_OREO VANILLA 110.4/105G_T44_1,0.808729
CG_LT,44,,MM BIEN HOA,MM HIEP PHU,OREO VANILLA 110.4/105G,2.404344,0.6,1.617457,3.060064,LT_OREO VANILLA 110.4/105G_T44_1,0.808729
CG_LT,44,,MM BINH DUONG,MM HIEP PHU,OREO VANILLA 110.4/105G,3.322322,0.6,1.617457,3.610851,LT_OREO VANILLA 110.4/105G_T44_1,0.808729
CG_LT,44,,MM BIEN HOA,MM AN PHU,OREO VANILLA 110.4/105G,9.030444,0.6,2.0,7.418266,LT_OREO VANILLA 110.4/105G_T44_3,1.0
CG_LT,44,,MM BINH DUONG,MM BINH PHU,OREO VANILLA 110.4/105G,6.627376,0.6,2.0,5.976425,LT_OREO VANILLA 110.4/105G_T44_3,1.0
CG_LT,44,,MM BINH DUONG,MM DA NANG,OREO VANILLA 110.4/105G,1.231972,0.6,2.0,2.739183,LT_OREO VANILLA 110.4/105G_T44_3,1.0
CG_LT,44,,MM BIEN HOA,MM BINH PHU,OREO VANILLA 110.4/105G,1.072116,0.6,1.899416,2.542686,LT_OREO VANILLA 110.4/105G_T44_5,0.949708
CG_LT,44,,MM BIEN HOA,MM DA NANG,OREO VANILLA 110.4/105G,5.394016,0.6,1.899416,5.135826,LT_OREO VANILLA 110.4/105G_T44_5,0.949708
CG_LT,44,,MM BINH DUONG,MM DA NANG,OREO VANILLA 110.4/105G,4.829422,0.6,1.899416,4.797069,LT_OREO VANILLA 110.4/105G_T44_5,0.949708
CG_LT,44,,MM BINH DUONG,MM HIEP PHU,OREO VANILLA 110.4/105G,7.273333,0.6,1.899416,6.263416,LT_OREO VANILLA 110.4/105G_T44_5,0.949708
CG_LT,45,,MM BIEN HOA,MM AN PHU,OREO VANILLA 110.4/105G,1.415975,0.6,2.0,2.849585,LT_OREO VANILLA 110.4/105G_T45_1,1.0
CG_LT,45,,MM BIEN HOA,MM BINH PHU,OREO VANILLA 110.4/105G,5.529888,0.6,2.0,5.317933,LT_OREO VANILLA 110.4/105G_T45_1,1.0
CG_LT,45,,MM BINH DUONG,MM DA NANG,OREO VANILLA 110.4/105G,8.534647,0.6,2.0,7.120788,LT_OREO VANILLA 110.4/105G_T45_1,1.0
CG_LT,45,,MM BIEN HOA,MM AN PHU,OREO VANILLA 110.4/105G,6.383689,0.6,2.0,5.830213,LT_OREO VANILLA 110.4/105G_T45_2,1.0
CG_LT,45,,MM BIEN HOA,MM HIEP PHU,OREO VANILLA 110.4/105G,3.15541,0.6,2.0,3.893246,LT_OREO VANILLA 110.4/105G_T45_2,1.0
CG_LT,45,,MM BINH DUONG,MM DA NANG,OREO VANILLA 110.4/105G,7.86174,0.6,2.0,6.717044,LT_OREO VANILLA 110.4/105G_T45_2,1.0
CG_LT,45,,MM BINH DUONG,MM HIEP PHU,OREO VANILLA 110.4/105G,6.729858,0.6,2.0,6.037915,LT_OREO VANILLA 110.4/105G_T45_2,1.0
CG_LT,45,,MM BIEN HOA,MM AN PHU,OREO VANILLA 110.4/105G,0.687815,0.6,1.2391,1.651789,LT_OREO VANILLA 110.4/105G_T45_4,0.61955
CG_LT,45,,MM BIEN HOA,MM HIEP PHU,OREO VANILLA 110.4/105G,6.054713,0.6,1.2391,4.871927,LT_OREO VANILLA 110.4/105G_T45_4,0.61955
CG_LT,45,,MM BINH DUONG,MM AN PHU,OREO VANILLA 110.4/105G,5.973802,0.6,1.2391,4.823381,LT_OREO VANILLA 110.4/105G_T45_4,0.61955
CG_LT,45,,MM BINH DUONG,MM DA NANG,OREO VANILLA 110.4/105G,3.248493,0.6,1.2391,3.188196,LT_OREO VANILLA 110.4/105G_T45_4,0.61955
CG_LT,45,,MM BIEN HOA,MM DA NANG,OREO VANILLA 110.4/105G,2.867042,0.6,2.0,3.720225,LT_OREO VANILLA 110.4/105G_T45_5,1.0
CG_LT,46,,MM BIEN HOA,MM DA NANG,OREO VANILLA 110.4/105G,8.855869,0.6,2.0,7.313521,LT_OREO VANILLA 110.4/105G_T46_1,1.0
CG_LT,46,,MM BINH DUONG,MM AN PHU,OREO VANILLA 110.4/105G,2.924419,0.6,2.0,3.754652,LT_OREO VANILLA 110.4/105G_T46_1,1.0
CG_LT,46,,MM BINH DUONG,MM BINH PHU,OREO VANILLA 110.4/105G,4.92048,0.6,2.0,4.952288,LT_OREO VANILLA 110.4/105G_T46_1,1.0
CG_LT,46,,MM HIEP PHU,MM AN PHU,OREO VANILLA 110.4/105G,5.310992,0.6,2.0,5.186595,LT_OREO VANILLA 110.4/105G_T46_1,1.0
CG_LT,46,,MM BINH DUONG,MM BINH PHU,OREO VANILLA 110.4/105G,3.307862,0.6,0.896381,2.881098,LT_OREO VANILLA 110.4/105G_T46_2,0.44819
CG_LT,46,,MM HIEP PHU,MM BINH PHU,OREO VANILLA 110.4/105G,8.771658,0.6,2.0,7.262995,LT_OREO VANILLA 110.4/105G_T46_3,1.0
CG_LT,46,,MM HIEP PHU,MM DA NANG,OREO VANILLA 110.4/105G,9.24005,0.6,2.0,7.54403,LT_OREO VANILLA 110.4/105G_T46_5,1.0
CG_LT,47,,MM BINH DUONG,MM DA NANG,OREO VANILLA 110.4/105G,4.809034,0.6,2.0,4.885421,LT_OREO VANILLA 110.4/105G_T47_1,1.0
CG_LT,47,,MM HIEP PHU,MM BINH PHU,OREO VANILLA 110.4/105G,9.409647,0.6,2.0,7.645788,LT_OREO VANILLA 110.4/105G_T47_1,1.0
CG_LT,47,,MM HIEP PHU,MM DA NANG,OREO VANILLA 110.4/105G,9.007025,0.6,2.0,7.404215,LT_OREO VANILLA 110.4/105G_T47_1,1.0
CG_LT,47,,MM HIEP PHU,MM BINH PHU,OREO VANILLA 110.4/105G,5.483805,0.6,2.0,5.290283,LT_OREO VANILLA 110.4/105G_T47_2,1.0
CG_LT,47,,MM HIEP PHU,MM DA NANG,OREO VANILLA 110.4/105G,3.67436,0.6,2.0,4.204616,LT_OREO VANILLA 110.4/105G_T47_2,1.0
CG_LT,47,,MM BINH DUONG,MM BINH PHU,OREO VANILLA 110.4/105G,1.876962,0.6,2.0,3.126177,LT_OREO VANILLA 110.4/105G_T47_4,1.0
CG_LT,47,,MM BIEN HOA,MM BINH PHU,OREO VANILLA 110.4/105G,6.150329,0.6,2.0,5.690198,LT_OREO VANILLA 110.4/105G_T47_5,1.0
CG_LT,47,,MM BINH DUONG,MM AN PHU,OREO VANILLA 110.4/105G,6.724995,0.6,2.0,6.034997,LT_OREO VANILLA 110.4/105G_T47_5,1.0
CG_LT,48,,MM BIEN HOA,MM AN PHU,OREO VANILLA 110.4/105G,7.39469,0.6,2.0,6.436814,LT_OREO VANILLA 110.4/105G_T48_3,1.0
CG_LT,48,,MM HIEP PHU,MM AN PHU,OREO VANILLA 110.4/105G,3.535233,0.6,2.0,4.12114,LT_OREO VANILLA 110.4/105G_T48_3,1.0
CG_LT,48,,MM BIEN HOA,MM AN PHU,OREO VANILLA 110.4/105G,5.269924,0.6,1.839416,5.00137,LT_OREO VANILLA 110.4/105G_T48_4,0.919708
CG_LT,48,,MM BIEN HOA,MM DA NANG,OREO VANILLA 110.4/105G,8.706379,0.6,1.839416,7.063243,LT_OREO VANILLA 110.4/105G_T48_4,0.919708
CG_LT,49,,MM BIEN HOA,MM BINH PHU,OREO VANILLA 110.4/105G,3.656024,0.6,1.288932,3.482546,LT_OREO VANILLA 110.4/105G_T49_2,0.644466
CG_LT,49,,MM BIEN HOA,MM DA NANG,OREO VANILLA 110.4/105G,5.53039,0.6,1.288932,4.607166,LT_OREO VANILLA 110.4/105G_T49_2,0.644466
CG_LT,49,,MM BINH DUONG,MM AN PHU,OREO VANILLA 110.4/105G,0.709148,0.6,1.288932,1.714421,LT_OREO VANILLA 110.4/105G_T49_2,0.644466
CG_LT,49,,MM HIEP PHU,MM DA NANG,OREO VANILLA 110.4/105G,6.301801,0.6,1.288932,5.070012,LT_OREO VANILLA 110.4/105G_T49_2,0.644466
CG_LT,49,,MM HIEP PHU,MM BINH PHU,OREO VANILLA 110.4/105G,6.525971,0.6,2.0,5.915582,LT_OREO VANILLA 110.4/105G_T49_3,1.0
CG_LT,49,,MM HIEP PHU,MM DA NANG,OREO VANILLA 110.4/105G,2.937668,0.6,2.0,3.762601,LT_OREO VANILLA 110.4/105G_T49_3,1.0
CG_LT,49,,MM BINH DUONG,MM AN PHU,OREO VANILLA 110.4/105G,5.114712,0.6,1.188598,4.257425,LT_OREO VANILLA 110.4/105G_T49_4,0.594299
CG_LT,49,,MM BINH DUONG,MM BINH PHU,OREO VANILLA 110.4/105G,4.571042,0.6,1.188598,3.931223,LT_OREO VANILLA 110.4/105G_T49_4,0.594299
CG_LT,49,,MM BINH DUONG,MM DA NANG,OREO VANILLA 110.4/105G,4.230141,0.6,1.188598,3.726682,LT_OREO VANILLA 110.4/105G_T49_4,0.594299
CG_LT,49,,MM BIEN HOA,MM BINH PHU,OREO VANILLA 110.4/105G,7.246963,0.6,2.0,6.348178,LT_OREO VANILLA 110.4/105G_T49_5,1.0
CG_LT,4,,MM HIEP PHU,MM BIEN HOA,OREO VANILLA 110.4/105G,5.061087,0.6,2.0,5.036652,LT_OREO VANILLA 110.4/105G_T4_4,1.0
CG_LT,4,,MM HIEP PHU,MM BIEN HOA,OREO VANILLA 110.4/105G,8.326275,0.6,2.0,6.995765,LT_OREO VANILLA 110.4/105G_T4_5,1.0
CG_LT,50,,MM BIEN HOA,MM AN PHU,OREO VANILLA 110.4/105G,6.748012,0.6,2.0,6.048807,LT_OREO VANILLA 110.4/105G_T50_1,1.0
CG_LT,50,,MM BINH DUONG,MM DA NANG,OREO VANILLA 110.4/105G,8.65084,0.6,2.0,7.190504,LT_OREO VANILLA 110.4/105G_T50_1,1.0
CG_LT,50,,MM HIEP PHU,MM AN PHU,OREO VANILLA 110.4/105G,2.731218,0.6,2.0,3.638731,LT_OREO VANILLA 110.4/105G_T50_1,1.0
CG_LT,50,,MM HIEP PHU,MM BINH PHU,OREO VANILLA 110.4/105G,6.559117,0.6,2.0,5.93547,LT_OREO VANILLA 110.4/105G_T50_1,1.0
CG_LT,50,,MM BINH DUONG,MM BINH PHU,OREO VANILLA 110.4/105G,3.288278,0.6,1.060783,3.03375,LT_OREO VANILLA 110.4/105G_T50_3,0.530391
CG_LT,50,,MM HIEP PHU,MM BINH PHU,OREO VANILLA 110.4/105G,5.296299,0.6,1.060783,4.238562,LT_OREO VANILLA 110.4/105G_T50_3,0.530391
CG_LT,50,,MM BIEN HOA,MM AN PHU,OREO VANILLA 110.4/105G,2.57462,0.6,2.0,3.544772,LT_OREO VANILLA 110.4/105G_T50_4,1.0
CG_LT,50,,MM BINH DUONG,MM BINH PHU,OREO VANILLA 110.4/105G,1.856306,0.6,2.0,3.113784,LT_OREO VANILLA 110.4/105G_T50_4,1.0
CG_LT,50,,MM BINH DUONG,MM DA NANG,OREO VANILLA 110.4/105G,2.042757,0.6,2.0,3.225654,LT_OREO VANILLA 110.4/105G_T50_4,1.0
CG_LT,50,,MM BINH DUONG,MM DA NANG,OREO VANILLA 110.4/105G,3.814626,0.6,2.0,4.288776,LT_OREO VANILLA 110.4/105G_T50_5,1.0
CG_LT,51,,MM BIEN HOA,MM AN PHU,OREO VANILLA 110.4/105G,2.724439,0.6,0.6041,2.238764,LT_OREO VANILLA 110.4/105G_T51_2,0.30205
CG_LT,51,,MM HIEP PHU,MM AN PHU,OREO VANILLA 110.4/105G,1.12314,0.6,0.6041,1.277985,LT_OREO VANILLA 110.4/105G_T51_2,0.30205
CG_LT,52,,MM BIEN HOA,MM AN PHU,OREO VANILLA 110.4/105G,1.902109,0.6,0.900931,2.042197,LT_OREO VANILLA 110.4/105G_T52_3,0.450465
CG_LT,52,,MM BIEN HOA,MM DA NANG,OREO VANILLA 110.4/105G,3.630313,0.6,0.900931,3.079119,LT_OREO VANILLA 110.4/105G_T52_3,0.450465
CG_LT,52,,MM BINH DUONG,MM BINH PHU,OREO VANILLA 110.4/105G,1.951747,0.6,0.900931,2.071979,LT_OREO VANILLA 110.4/105G_T52_3,0.450465
CG_LT,52,,MM HIEP PHU,MM AN PHU,OREO VANILLA 110.4/105G,0.471124,0.6,0.900931,1.183605,LT_OREO VANILLA 110.4/105G_T52_3,0.450465
CG_LT,52,,MM BIEN HOA,MM BINH PHU,OREO VANILLA 110.4/105G,3.830493,0.6,2.0,4.298296,LT_OREO VANILLA 110.4/105G_T52_5,1.0
CG_LT,52,,MM BINH DUONG,MM BINH PHU,OREO VANILLA 110.4/105G,4.44716,0.6,2.0,4.668296,LT_OREO VANILLA 110.4/105G_T52_5,1.0
CG_LT,52,,MM HIEP PHU,MM AN PHU,OREO VANILLA 110.4/105G,5.596874,0.6,2.0,5.358124,LT_OREO VANILLA 110.4/105G_T52_5,1.0
CG_LT,52,,MM HIEP PHU,MM BINH PHU,OREO VANILLA 110.4/105G,9.7706,0.6,2.0,7.86236,LT_OREO VANILLA 110.4/105G_T52_5,1.0
CG_LT,53,,MM BIEN HOA,MM BINH PHU,OREO VANILLA 110.4/105G,1.152448,0.6,0.746694,1.438163,LT_OREO VANILLA 110.4/105G_T53_3,0.373347
CG_LT,53,,MM BINH DUONG,MM AN PHU,OREO VANILLA 110.4/105G,3.172857,0.6,0.746694,2.650408,LT_OREO VANILLA 110.4/105G_T53_3,0.373347
CG_LT,53,,MM BINH DUONG,MM DA NANG,OREO VANILLA 110.4/105G,2.371003,0.6,0.746694,2.169296,LT_OREO VANILLA 110.4/105G_T53_3,0.373347
CG_LT,53,,MM BIEN HOA,MM AN PHU,OREO VANILLA 110.4/105G,3.278366,0.6,2.0,3.96702,LT_OREO VANILLA 110.4/105G_T53_4,1.0
CG_LT,53,,MM BINH DUONG,MM BINH PHU,OREO VANILLA 110.4/105G,6.998687,0.6,2.0,6.199212,LT_OREO VANILLA 110.4/105G_T53_4,1.0
CG_LT,53,,MM BINH DUONG,MM DA NANG,OREO VANILLA 110.4/105G,3.299732,0.6,2.0,3.979839,LT_OREO VANILLA 110.4/105G_T53_4,1.0
CG_LT,53,,MM BIEN HOA,MM DA NANG,OREO VANILLA 110.4/105G,9.258843,0.6,2.0,7.555306,LT_OREO VANILLA 110.4/105G_T53_5,1.0
CG_LT,53,,MM BINH DUONG,MM BINH PHU,OREO VANILLA 110.4/105G,3.439825,0.6,2.0,4.063895,LT_OREO VANILLA 110.4/105G_T53_5,1.0
CG_LT,53,,MM HIEP PHU,MM AN PHU,OREO VANILLA 110.4/105G,8.294337,0.6,2.0,6.976602,LT_OREO VANILLA 110.4/105G_T53_5,1.0
CG_LT,53,,MM HIEP PHU,MM DA NANG,OREO VANILLA 110.4/105G,4.258916,0.6,2.0,4.55535,LT_OREO VANILLA 110.4/105G_T53_5,1.0
CG_LT,54,,MM BINH DUONG,MM AN PHU,OREO VANILLA 110.4/105G,8.603606,0.6,2.0,7.162164,LT_OREO VANILLA 110.4/105G_T54_1,1.0
CG_LT,54,,MM HIEP PHU,MM BINH PHU,OREO VANILLA 110.4/105G,9.867924,0.6,2.0,7.920754,LT_OREO VANILLA 110.4/105G_T54_1,1.0
CG_LT,54,,MM BINH DUONG,MM BINH PHU,OREO VANILLA 110.4/105G,4.183933,0.6,2.0,4.51036,LT_OREO VANILLA 110.4/105G_T54_2,1.0
CG_LT,54,,MM BINH DUONG,MM AN PHU,OREO VANILLA 110.4/105G,8.04719,0.6,1.836412,6.664725,LT_OREO VANILLA 110.4/105G_T54_3,0.918206
CG_LT,54,,MM BINH DUONG,MM DA NANG,OREO VANILLA 110.4/105G,2.057897,0.6,1.836412,3.07115,LT_OREO VANILLA 110.4/105G_T54_3,0.918206
CG_LT,54,,MM HIEP PHU,MM DA NANG,OREO VANILLA 110.4/105G,2.681002,0.6,1.836412,3.445013,LT_OREO VANILLA 110.4/105G_T54_3,0.918206
CG_LT,54,,MM BINH DUONG,MM AN PHU,OREO VANILLA 110.4/105G,8.000976,0.6,2.0,6.800586,LT_OREO VANILLA 110.4/105G_T54_4,1.0
CG_LT,54,,MM HIEP PHU,MM DA NANG,OREO VANILLA 110.4/105G,5.312134,0.6,2.0,5.187281,LT_OREO VANILLA 110.4/105G_T54_4,1.0
CG_LT,54,,MM BINH DUONG,MM BINH PHU,OREO VANILLA 110.4/105G,1.736804,0.6,1.584949,2.627031,LT_OREO VANILLA 110.4/105G_T54_5,0.792475
CG_LT,54,,MM BINH DUONG,MM DA NANG,OREO VANILLA 110.4/105G,1.874898,0.6,1.584949,2.709888,LT_OREO VANILLA 110.4/105G_T54_5,0.792475
CG_LT,54,,MM HIEP PHU,MM BINH PHU,OREO VANILLA 110.4/105G,5.211339,0.6,1.584949,4.711752,LT_OREO VANILLA 110.4/105G_T54_5,0.792475
CG_LT,55,,MM BINH DUONG,MM AN PHU,OREO VANILLA 110.4/105G,3.959903,0.6,1.959841,4.335783,LT_OREO VANILLA 110.4/105G_T55_1,0.979921
CG_LT,55,,MM BINH DUONG,MM BINH PHU,OREO VANILLA 110.4/105G,9.752134,0.6,1.959841,7.811122,LT_OREO VANILLA 110.4/105G_T55_1,0.979921
CG_LT,55,,MM HIEP PHU,MM BINH PHU,OREO VANILLA 110.4/105G,9.39278,0.6,1.959841,7.595509,LT_OREO VANILLA 110.4/105G_T55_1,0.979921
CG_LT,55,,MM HIEP PHU,MM DA NANG,OREO VANILLA 110.4/105G,8.438024,0.6,1.959841,7.022655,LT_OREO VANILLA 110.4/105G_T55_1,0.979921
CG_LT,55,,MM BIEN HOA,MM BINH PHU,OREO VANILLA 110.4/105G,0.855086,0.6,0.290686,0.803738,LT_OREO VANILLA 110.4/105G_T55_3,0.145343
CG_LT,55,,MM BINH DUONG,MM AN PHU,OREO VANILLA 110.4/105G,1.414148,0.6,0.290686,1.139175,LT_OREO VANILLA 110.4/105G_T55_3,0.145343
CG_LT,55,,MM HIEP PHU,MM AN PHU,OREO VANILLA 110.4/105G,1.170226,0.6,0.290686,0.992822,LT_OREO VANILLA 110.4/105G_T55_3,0.145343
CG_LT,55,,MM HIEP PHU,MM DA NANG,OREO VANILLA 110.4/105G,0.473497,0.6,0.290686,0.574784,LT_OREO VANILLA 110.4/105G_T55_3,0.145343
CG_LT,55,,MM BIEN HOA,MM DA NANG,OREO VANILLA 110.4/105G,0.331826,0.6,0.296558,0.495653,LT_OREO VANILLA 110.4/105G_T55_4,0.148279
CG_LT,55,,MM BINH DUONG,MM DA NANG,OREO VANILLA 110.4/105G,1.480348,0.6,0.296558,1.184766,LT_OREO VANILLA 110.4/105G_T55_4,0.148279
CG_LT,55,,MM HIEP PHU,MM AN PHU,OREO VANILLA 110.4/105G,1.199949,0.6,0.296558,1.016527,LT_OREO VANILLA 110.4/105G_T55_4,0.148279
CG_LT,57,,MM BIEN HOA,MM DA NANG,OREO VANILLA 110.4/105G,0.148742,0.6,0.112645,0.20189,LT_OREO VANILLA 110.4/105G_T57_1,0.056322
CG_LT,57,,MM HIEP PHU,MM DA NANG,OREO VANILLA 110.4/105G,5.651211,0.6,2.0,5.390727,LT_OREO VANILLA 110.4/105G_T57_2,1.0
CG_LT,58,,MM BINH DUONG,MM BINH PHU,OREO VANILLA 110.4/105G,1.929108,0.6,2.0,3.157465,LT_OREO VANILLA 110.4/105G_T58_1,1.0
CG_LT,58,,MM HIEP PHU,MM DA NANG,OREO VANILLA 110.4/105G,6.768106,0.6,2.0,6.060864,LT_OREO VANILLA 110.4/105G_T58_1,1.0
CG_LT,58,,MM BINH DUONG,MM AN PHU,OREO VANILLA 110.4/105G,1.192857,0.6,1.291046,2.00676,LT_OREO VANILLA 110.4/105G_T58_2,0.645523
CG_LT,58,,MM BINH DUONG,MM BINH PHU,OREO VANILLA 110.4/105G,5.307324,0.6,1.291046,4.47544,LT_OREO VANILLA 110.4/105G_T58_2,0.645523
CG_LT,58,,MM BINH DUONG,MM DA NANG,OREO VANILLA 110.4/105G,5.674721,0.6,1.291046,4.695878,LT_OREO VANILLA 110.4/105G_T58_2,0.645523
CG_LT,58,,MM HIEP PHU,MM BINH PHU,OREO VANILLA 110.4/105G,1.258054,0.6,1.291046,2.045878,LT_OREO VANILLA 110.4/105G_T58_2,0.645523
CG_LT,58,,MM BIEN HOA,MM BINH PHU,OREO VANILLA 110.4/105G,3.14356,0.6,2.0,3.886136,LT_OREO VANILLA 110.4/105G_T58_3,1.0
CG_LT,58,,MM BINH DUONG,MM DA NANG,OREO VANILLA 110.4/105G,7.45906,0.6,2.0,6.475436,LT_OREO VANILLA 110.4/105G_T58_3,1.0
CG_LT,59,,MM BIEN HOA,MM DA NANG,OREO VANILLA 110.4/105G,2.909141,0.6,1.039866,2.785351,LT_OREO VANILLA 110.4/105G_T59_2,0.519933
CG_LT,59,,MM BINH DUONG,MM AN PHU,OREO VANILLA 110.4/105G,2.625596,0.6,1.039866,2.615224,LT_OREO VANILLA 110.4/105G_T59_2,0.519933
CG_LT,59,,MM BINH DUONG,MM DA NANG,OREO VANILLA 110.4/105G,1.586672,0.6,1.039866,1.99187,LT_OREO VANILLA 110.4/105G_T59_2,0.519933
CG_LT,59,,MM BINH DUONG,MM DA NANG,OREO VANILLA 110.4/105G,2.974084,0.6,2.0,3.784451,LT_OREO VANILLA 110.4/105G_T59_3,1.0
CG_LT,5,,MM BIEN HOA,MM AN PHU,OREO VANILLA 110.4/105G,1.538793,0.6,2.0,2.923276,LT_OREO VANILLA 110.4/105G_T5_1,1.0
CG_LT,5,,MM BIEN HOA,MM DA NANG,OREO VANILLA 110.4/105G,8.268472,0.6,2.0,6.961083,LT_OREO VANILLA 110.4/105G_T5_1,1.0
CG_LT,5,,MM BINH PHU,MM AN PHU,OREO VANILLA 110.4/105G,5.762357,0.6,2.0,5.457414,LT_OREO VANILLA 110.4/105G_T5_1,1.0
CG_LT,5,,MM BIEN HOA,MM AN PHU,OREO VANILLA 110.4/105G,1.970671,0.6,1.865392,3.047794,LT_OREO VANILLA 110.4/105G_T5_2,0.932696
CG_LT,5,,MM BIEN HOA,MM DA NANG,OREO VANILLA 110.4/105G,0.940838,0.6,1.865392,2.429895,LT_OREO VANILLA 110.4/105G_T5_2,0.932696
CG_LT,5,,MM BINH PHU,MM AN PHU,OREO VANILLA 110.4/105G,7.042061,0.6,1.865392,6.090628,LT_OREO VANILLA 110.4/105G_T5_2,0.932696
CG_LT,5,,MM HIEP PHU,MM AN PHU,OREO VANILLA 110.4/105G,2.899332,0.6,1.865392,3.604991,LT_OREO VANILLA 110.4/105G_T5_2,0.932696
CG_LT,5,,MM BIEN HOA,MM AN PHU,OREO VANILLA 110.4/105G,3.429723,0.6,2.0,4.057834,LT_OREO VANILLA 110.4/105G_T5_3,1.0
CG_LT,5,,MM BINH DUONG,MM AN PHU,OREO VANILLA 110.4/105G,9.654209,0.6,2.0,7.792526,LT_OREO VANILLA 110.4/105G_T5_3,1.0
CG_LT,5,,MM HIEP PHU,MM AN PHU,OREO VANILLA 110.4/105G,8.375379,0.6,2.0,7.025227,LT_OREO VANILLA 110.4/105G_T5_3,1.0
CG_LT,5,,MM BINH DUONG,MM AN PHU,OREO VANILLA 110.4/105G,2.130319,0.6,0.918066,2.196257,LT_OREO VANILLA 110.4/105G_T5_5,0.459033
CG_LT,60,,MM HIEP PHU,MM BINH PHU,OREO VANILLA 110.4/105G,9.943235,0.6,2.0,7.965941,LT_OREO VANILLA 110.4/105G_T60_2,1.0
CG_LT,60,,MM BINH DUONG,MM AN PHU,OREO VANILLA 110.4/105G,4.119721,0.6,1.267396,3.739229,LT_OREO VANILLA 110.4/105G_T60_4,0.633698
CG_LT,61,,MM BIEN HOA,MM AN PHU,OREO VANILLA 110.4/105G,4.075689,0.6,2.0,4.445414,LT_OREO VANILLA 110.4/105G_T61_1,1.0
CG_LT,61,,MM BIEN HOA,MM BINH PHU,OREO VANILLA 110.4/105G,9.699853,0.6,2.0,7.819912,LT_OREO VANILLA 110.4/105G_T61_1,1.0
CG_LT,61,,MM BINH DUONG,MM AN PHU,OREO VANILLA 110.4/105G,5.926257,0.6,2.0,5.555754,LT_OREO VANILLA 110.4/105G_T61_1,1.0
CG_LT,61,,MM BINH DUONG,MM BINH PHU,OREO VANILLA 110.4/105G,5.948891,0.6,2.0,5.569335,LT_OREO VANILLA 110.4/105G_T61_1,1.0
CG_LT,61,,MM BIEN HOA,MM AN PHU,OREO VANILLA 110.4/105G,0.586524,0.6,0.211236,0.56315,LT_OREO VANILLA 110.4/105G_T61_2,0.105618
CG_LT,61,,MM BIEN HOA,MM BINH PHU,OREO VANILLA 110.4/105G,0.913652,0.6,0.211236,0.759427,LT_OREO VANILLA 110.4/105G_T61_2,0.105618
CG_LT,61,,MM BINH DUONG,MM AN PHU,OREO VANILLA 110.4/105G,0.618136,0.6,0.211236,0.582118,LT_OREO VANILLA 110.4/105G_T61_2,0.105618
CG_LT,61,,MM HIEP PHU,MM AN PHU,OREO VANILLA 110.4/105G,0.506252,0.6,0.211236,0.514987,LT_OREO VANILLA 110.4/105G_T61_2,0.105618
CG_LT,61,,MM BIEN HOA,MM BINH PHU,OREO VANILLA 110.4/105G,2.515619,0.6,1.591051,3.100422,LT_OREO VANILLA 110.4/105G_T61_3,0.795525
CG_LT,61,,MM BIEN HOA,MM DA NANG,OREO VANILLA 110.4/105G,2.945451,0.6,1.591051,3.358321,LT_OREO VANILLA 110.4/105G_T61_3,0.795525
CG_LT,61,,MM BINH DUONG,MM AN PHU,OREO VANILLA 110.4/105G,0.857823,0.6,1.591051,2.105744,LT_OREO VANILLA 110.4/105G_T61_3,0.795525
CG_LT,61,,MM BINH DUONG,MM BINH PHU,OREO VANILLA 110.4/105G,6.724874,0.6,1.591051,5.625975,LT_OREO VANILLA 110.4/105G_T61_3,0.795525
CG_LT,61,,MM BIEN HOA,MM AN PHU,OREO VANILLA 110.4/105G,5.253459,0.6,2.0,5.152076,LT_OREO VANILLA 110.4/105G_T61_4,1.0
CG_LT,61,,MM BINH DUONG,MM AN PHU,OREO VANILLA 110.4/105G,1.023581,0.6,2.0,2.614149,LT_OREO VANILLA 110.4/105G_T61_4,1.0
CG_LT,61,,MM BINH DUONG,MM BINH PHU,OREO VANILLA 110.4/105G,9.197111,0.6,2.0,7.518267,LT_OREO VANILLA 110.4/105G_T61_4,1.0
CG_LT,62,,MM BINH DUONG,MM BINH PHU,OREO VANILLA 110.4/105G,6.896537,0.6,2.0,6.137922,LT_OREO VANILLA 110.4/105G_T62_1,1.0
CG_LT,62,,MM BINH DUONG,MM AN PHU,OREO VANILLA 110.4/105G,6.988961,0.6,1.685263,5.878639,LT_OREO VANILLA 110.4/105G_T62_2,0.842631
CG_LT,62,,MM BINH DUONG,MM DA NANG,OREO VANILLA 110.4/105G,6.73246,0.6,1.685263,5.724739,LT_OREO VANILLA 110.4/105G_T62_2,0.842631
CG_LT,62,,MM BINH DUONG,MM AN PHU,OREO VANILLA 110.4/105G,6.573277,0.6,2.0,5.943966,LT_OREO VANILLA 110.4/105G_T62_3,1.0
CG_LT,62,,MM HIEP PHU,MM AN PHU,OREO VANILLA 110.4/105G,7.614445,0.6,2.0,6.568667,LT_OREO VANILLA 110.4/105G_T62_3,1.0
CG_LT,62,,MM HIEP PHU,MM BINH PHU,OREO VANILLA 110.4/105G,2.028454,0.6,2.0,3.217072,LT_OREO VANILLA 110.4/105G_T62_3,1.0
CG_LT,62,,MM HIEP PHU,MM DA NANG,OREO VANILLA 110.4/105G,3.221162,0.6,2.0,3.932697,LT_OREO VANILLA 110.4/105G_T62_3,1.0
CG_LT,62,,MM BINH DUONG,MM BINH PHU,OREO VANILLA 110.4/105G,2.916808,0.6,1.308883,3.058968,LT_OREO VANILLA 110.4/105G_T62_4,0.654441
CG_LT,62,,MM BINH DUONG,MM DA NANG,OREO VANILLA 110.4/105G,2.180851,0.6,1.308883,2.617394,LT_OREO VANILLA 110.4/105G_T62_4,0.654441
CG_LT,62,,MM HIEP PHU,MM AN PHU,OREO VANILLA 110.4/105G,2.230557,0.6,1.308883,2.647217,LT_OREO VANILLA 110.4/105G_T62_4,0.654441
CG_LT,62,,MM HIEP PHU,MM BINH PHU,OREO VANILLA 110.4/105G,5.359849,0.6,1.308883,4.524792,LT_OREO VANILLA 110.4/105G_T62_4,0.654441
CG_LT,63,,MM BINH DUONG,MM DA NANG,OREO VANILLA 110.4/105G,2.935593,0.6,0.627925,2.389281,LT_OREO VANILLA 110.4/105G_T63_3,0.313962
CG_LT,64,,MM BIEN HOA,MM DA NANG,OREO VANILLA 110.4/105G,6.277259,0.6,2.0,5.766355,LT_OREO VANILLA 110.4/105G_T64_1,1.0
CG_LT,64,,MM BINH DUONG,MM DA NANG,OREO VANILLA 110.4/105G,4.871009,0.6,2.0,4.922605,LT_OREO VANILLA 110.4/105G_T64_1,1.0
CG_LT,64,,MM HIEP PHU,MM AN PHU,OREO VANILLA 110.4/105G,1.351689,0.6,2.0,2.811013,LT_OREO VANILLA 110.4/105G_T64_1,1.0
CG_LT,64,,MM BIEN HOA,MM DA NANG,OREO VANILLA 110.4/105G,5.937395,0.6,2.0,5.562437,LT_OREO VANILLA 110.4/105G_T64_2,1.0
CG_LT,64,,MM BINH DUONG,MM AN PHU,OREO VANILLA 110.4/105G,5.44388,0.6,2.0,5.266328,LT_OREO VANILLA 110.4/105G_T64_2,1.0
CG_LT,64,,MM HIEP PHU,MM DA NANG,OREO VANILLA 110.4/105G,1.075398,0.6,2.0,2.645239,LT_OREO VANILLA 110.4/105G_T64_2,1.0
CG_LT,64,,MM BIEN HOA,MM AN PHU,OREO VANILLA 110.4/105G,1.337813,0.6,0.846412,1.649099,LT_OREO VANILLA 110.4/105G_T64_4,0.423206
CG_LT,64,,MM BINH DUONG,MM AN PHU,OREO VANILLA 110.4/105G,2.583427,0.6,0.846412,2.396468,LT_OREO VANILLA 110.4/105G_T64_4,0.423206
CG_LT,64,,MM HIEP PHU,MM DA NANG,OREO VANILLA 110.4/105G,3.444044,0.6,0.846412,2.912838,LT_OREO VANILLA 110.4/105G_T64_4,0.423206
CG_LT,65,,MM BIEN HOA,MM DA NANG,OREO VANILLA 110.4/105G,9.211852,0.6,1.88244,7.409551,LT_OREO VANILLA 110.4/105G_T65_5,0.94122
CG_LT,65,,MM BINH DUONG,MM BINH PHU,OREO VANILLA 110.4/105G,1.582475,0.6,1.88244,2.831925,LT_OREO VANILLA 110.4/105G_T65_5,0.94122
CG_LT,65,,MM BINH DUONG,MM DA NANG,OREO VANILLA 110.4/105G,7.957465,0.6,1.88244,6.656919,LT_OREO VANILLA 110.4/105G_T65_5,0.94122
CG_LT,66,,MM BIEN HOA,MM DA NANG,OREO VANILLA 110.4/105G,5.87869,0.6,2.0,5.527214,LT_OREO VANILLA 110.4/105G_T66_1,1.0
CG_LT,66,,MM BINH DUONG,MM BINH PHU,OREO VANILLA 110.4/105G,2.786121,0.6,2.0,3.671673,LT_OREO VANILLA 110.4/105G_T66_1,1.0
CG_LT,66,,MM HIEP PHU,MM AN PHU,OREO VANILLA 110.4/105G,8.85199,0.6,2.0,7.311194,LT_OREO VANILLA 110.4/105G_T66_1,1.0
CG_LT,66,,MM HIEP PHU,MM BINH PHU,OREO VANILLA 110.4/105G,3.97707,0.6,2.0,4.386242,LT_OREO VANILLA 110.4/105G_T66_1,1.0
CG_LT,66,,MM BIEN HOA,MM AN PHU,OREO VANILLA 110.4/105G,8.804399,0.6,2.0,7.28264,LT_OREO VANILLA 110.4/105G_T66_2,1.0
CG_LT,66,,MM BIEN HOA,MM BINH PHU,OREO VANILLA 110.4/105G,7.398213,0.6,2.0,6.438928,LT_OREO VANILLA 110.4/105G_T66_2,1.0
CG_LT,66,,MM HIEP PHU,MM AN PHU,OREO VANILLA 110.4/105G,3.963319,0.6,2.0,4.377992,LT_OREO VANILLA 110.4/105G_T66_2,1.0
CG_LT,66,,MM HIEP PHU,MM BINH PHU,OREO VANILLA 110.4/105G,5.260437,0.6,2.0,5.156262,LT_OREO VANILLA 110.4/105G_T66_2,1.0
CG_LT,66,,MM BIEN HOA,MM AN PHU,OREO VANILLA 110.4/105G,7.476282,0.6,2.0,6.485769,LT_OREO VANILLA 110.4/105G_T66_3,1.0
CG_LT,66,,MM BINH DUONG,MM BINH PHU,OREO VANILLA 110.4/105G,8.239712,0.6,2.0,6.943827,LT_OREO VANILLA 110.4/105G_T66_3,1.0
CG_LT,66,,MM HIEP PHU,MM AN PHU,OREO VANILLA 110.4/105G,2.707933,0.6,2.0,3.62476,LT_OREO VANILLA 110.4/105G_T66_3,1.0
CG_LT,66,,MM HIEP PHU,MM DA NANG,OREO VANILLA 110.4/105G,6.643161,0.6,2.0,5.985896,LT_OREO VANILLA 110.4/105G_T66_3,1.0
CG_LT,67,,MM HIEP PHU,MM BINH PHU,OREO VANILLA 110.4/105G,3.112552,0.6,2.0,3.867531,LT_OREO VANILLA 110.4/105G_T67_2,1.0
CG_LT,67,,MM HIEP PHU,MM DA NANG,OREO VANILLA 110.4/105G,9.021653,0.6,2.0,7.412992,LT_OREO VANILLA 110.4/105G_T67_2,1.0
CG_LT,67,,MM BIEN HOA,MM DA NANG,OREO VANILLA 110.4/105G,8.78998,0.6,2.0,7.273988,LT_OREO VANILLA 110.4/105G_T67_3,1.0
CG_LT,67,,MM BINH DUONG,MM BINH PHU,OREO VANILLA 110.4/105G,0.544918,0.6,0.897426,1.224377,LT_OREO VANILLA 110.4/105G_T67_4,0.448713
CG_LT,67,,MM HIEP PHU,MM AN PHU,OREO VANILLA 110.4/105G,4.2908,0.6,0.897426,3.471906,LT_OREO VANILLA 110.4/105G_T67_4,0.448713
CG_LT,67,,MM HIEP PHU,MM BINH PHU,OREO VANILLA 110.4/105G,2.159011,0.6,0.897426,2.192833,LT_OREO VANILLA 110.4/105G_T67_4,0.448713
CG_LT,67,,MM HIEP PHU,MM DA NANG,OREO VANILLA 110.4/105G,3.231495,0.6,0.897426,2.836323,LT_OREO VANILLA 110.4/105G_T67_4,0.448713
CG_LT,68,,MM BIEN HOA,MM AN PHU,OREO VANILLA 110.4/105G,9.338795,0.6,2.0,7.603277,LT_OREO VANILLA 110.4/105G_T68_1,1.0
CG_LT,68,,MM BINH DUONG,MM AN PHU,OREO VANILLA 110.4/105G,8.49762,0.6,2.0,7.098572,LT_OREO VANILLA 110.4/105G_T68_1,1.0
CG_LT,68,,MM BINH DUONG,MM BINH PHU,OREO VANILLA 110.4/105G,6.494831,0.6,2.0,5.896898,LT_OREO VANILLA 110.4/105G_T68_1,1.0
CG_LT,68,,MM HIEP PHU,MM AN PHU,OREO VANILLA 110.4/105G,9.564501,0.6,1.99733,7.73603,LT_OREO VANILLA 110.4/105G_T68_2,0.998665
CG_LT,68,,MM BIEN HOA,MM BINH PHU,OREO VANILLA 110.4/105G,0.505169,0.6,0.357819,0.660921,LT_OREO VANILLA 110.4/105G_T68_3,0.178909
CG_LT,68,,MM BINH DUONG,MM DA NANG,OREO VANILLA 110.4/105G,0.80365,0.6,0.357819,0.840009,LT_OREO VANILLA 110.4/105G_T68_3,0.178909
CG_LT,68,,MM HIEP PHU,MM AN PHU,OREO VANILLA 110.4/105G,1.76398,0.6,0.357819,1.416207,LT_OREO VANILLA 110.4/105G_T68_3,0.178909
CG_LT,68,,MM HIEP PHU,MM DA NANG,OREO VANILLA 110.4/105G,1.645482,0.6,0.357819,1.345108,LT_OREO VANILLA 110.4/105G_T68_3,0.178909
CG_LT,69,,MM BIEN HOA,MM BINH PHU,OREO VANILLA 110.4/105G,1.546412,0.6,0.633139,1.560987,LT_OREO VANILLA 110.4/105G_T69_1,0.31657
CG_LT,69,,MM HIEP PHU,MM AN PHU,OREO VANILLA 110.4/105G,3.063144,0.6,0.633139,2.471026,LT_OREO VANILLA 110.4/105G_T69_1,0.31657
CG_LT,69,,MM BIEN HOA,MM AN PHU,OREO VANILLA 110.4/105G,3.486503,0.6,2.0,4.091902,LT_OREO VANILLA 110.4/105G_T69_2,1.0
CG_LT,69,,MM BIEN HOA,MM DA NANG,OREO VANILLA 110.4/105G,7.066184,0.6,2.0,6.239711,LT_OREO VANILLA 110.4/105G_T69_2,1.0
CG_LT,69,,MM HIEP PHU,MM AN PHU,OREO VANILLA 110.4/105G,5.21174,0.6,2.0,5.127044,LT_OREO VANILLA 110.4/105G_T69_2,1.0
CG_LT,69,,MM HIEP PHU,MM BINH PHU,OREO VANILLA 110.4/105G,7.820176,0.6,2.0,6.692106,LT_OREO VANILLA 110.4/105G_T69_2,1.0
CG_LT,69,,MM BINH DUONG,MM BINH PHU,OREO VANILLA 110.4/105G,7.350958,0.6,2.0,6.410575,LT_OREO VANILLA 110.4/105G_T69_3,1.0
CG_LT,69,,MM BINH DUONG,MM AN PHU,OREO VANILLA 110.4/105G,0.645483,0.6,0.147354,0.534643,LT_OREO VANILLA 110.4/105G_T69_5,0.073677
CG_LT,69,,MM BINH DUONG,MM DA NANG,OREO VANILLA 110.4/105G,0.306339,0.6,0.147354,0.331157,LT_OREO VANILLA 110.4/105G_T69_5,0.073677
CG_LT,69,,MM HIEP PHU,MM BINH PHU,OREO VANILLA 110.4/105G,0.282454,0.6,0.147354,0.316826,LT_OREO VANILLA 110.4/105G_T69_5,0.073677
CG_LT,69,,MM HIEP PHU,MM DA NANG,OREO VANILLA 110.4/105G,0.6661,0.6,0.147354,0.547014,LT_OREO VANILLA 110.4/105G_T69_5,0.073677
CG_LT,6,,MM BINH DUONG,MM AN PHU,OREO VANILLA 110.4/105G,6.680967,0.6,2.0,6.00858,LT_OREO VANILLA 110.4/105G_T6_1,1.0
CG_LT,6,,MM HIEP PHU,MM AN PHU,OREO VANILLA 110.4/105G,3.981623,0.6,2.0,4.388974,LT_OREO VANILLA 110.4/105G_T6_1,1.0
CG_LT,6,,MM HIEP PHU,MM BIEN HOA,OREO VANILLA 110.4/105G,7.420912,0.6,2.0,6.452547,LT_OREO VANILLA 110.4/105G_T6_1,1.0
CG_LT,6,,MM BINH PHU,MM AN PHU,OREO VANILLA 110.4/105G,5.660448,0.6,2.0,5.396269,LT_OREO VANILLA 110.4/105G_T6_2,1.0
CG_LT,6,,MM BIEN HOA,MM AN PHU,OREO VANILLA 110.4/105G,6.090233,0.6,2.0,5.65414,LT_OREO VANILLA 110.4/105G_T6_3,1.0
CG_LT,6,,MM BINH DUONG,MM BIEN HOA,OREO VANILLA 110.4/105G,3.133279,0.6,2.0,3.879968,LT_OREO VANILLA 110.4/105G_T6_3,1.0
CG_LT,6,,MM DA NANG,MM AN PHU,OREO VANILLA 110.4/105G,3.9458,0.6,2.0,4.36748,LT_OREO VANILLA 110.4/105G_T6_3,1.0
CG_LT,6,,MM DA NANG,MM BIEN HOA,OREO VANILLA 110.4/105G,2.298053,0.6,2.0,3.378832,LT_OREO VANILLA 110.4/105G_T6_3,1.0
CG_LT,6,,MM BIEN HOA,MM AN PHU,OREO VANILLA 110.4/105G,9.974907,0.6,2.0,7.984944,LT_OREO VANILLA 110.4/105G_T6_4,1.0
CG_LT,6,,MM BINH PHU,MM AN PHU,OREO VANILLA 110.4/105G,2.407921,0.6,2.0,3.444753,LT_OREO VANILLA 110.4/105G_T6_4,1.0
CG_LT,6,,MM BINH PHU,MM BIEN HOA,OREO VANILLA 110.4/105G,6.858423,0.6,2.0,6.115054,LT_OREO VANILLA 110.4/105G_T6_4,1.0
CG_LT,6,,MM HIEP PHU,MM BIEN HOA,OREO VANILLA 110.4/105G,9.042308,0.6,2.0,7.425385,LT_OREO VANILLA 110.4/105G_T6_4,1.0
CG_LT,6,,MM DA NANG,MM AN PHU,OREO VANILLA 110.4/105G,6.340053,0.6,2.0,5.804032,LT_OREO VANILLA 110.4/105G_T6_5,1.0
CG_LT,70,,MM BIEN HOA,MM BINH PHU,OREO VANILLA 110.4/105G,8.741679,0.6,2.0,7.245007,LT_OREO VANILLA 110.4/105G_T70_4,1.0
CG_LT,70,,MM BINH DUONG,MM DA NANG,OREO VANILLA 110.4/105G,9.996428,0.6,2.0,7.997857,LT_OREO VANILLA 110.4/105G_T70_4,1.0
CG_LT,70,,MM HIEP PHU,MM DA NANG,OREO VANILLA 110.4/105G,1.023817,0.6,2.0,2.61429,LT_OREO VANILLA 110.4/105G_T70_4,1.0
CG_LT,70,,MM BINH DUONG,MM AN PHU,OREO VANILLA 110.4/105G,6.873758,0.6,1.703432,5.827687,LT_OREO VANILLA 110.4/105G_T70_5,0.851716
CG_LT,70,,MM BINH DUONG,MM DA NANG,OREO VANILLA 110.4/105G,5.652399,0.6,1.703432,5.094871,LT_OREO VANILLA 110.4/105G_T70_5,0.851716
CG_LT,70,,MM HIEP PHU,MM DA NANG,OREO VANILLA 110.4/105G,6.648788,0.6,1.703432,5.692705,LT_OREO VANILLA 110.4/105G_T70_5,0.851716
CG_LT,71,,MM BIEN HOA,MM BINH PHU,OREO VANILLA 110.4/105G,6.087967,0.6,2.0,5.65278,LT_OREO VANILLA 110.4/105G_T71_1,1.0
CG_LT,71,,MM BIEN HOA,MM DA NANG,OREO VANILLA 110.4/105G,3.761725,0.6,2.0,4.257035,LT_OREO VANILLA 110.4/105G_T71_1,1.0
CG_LT,71,,MM HIEP PHU,MM DA NANG,OREO VANILLA 110.4/105G,8.128927,0.6,2.0,6.877356,LT_OREO VANILLA 110.4/105G_T71_1,1.0
CG_LT,72,,MM BIEN HOA,MM DA NANG,OREO VANILLA 110.4/105G,7.617844,0.6,2.0,6.570706,LT_OREO VANILLA 110.4/105G_T72_1,1.0
CG_LT,72,,MM BIEN HOA,MM DA NANG,OREO VANILLA 110.4/105G,5.312137,0.6,1.241327,4.428609,LT_OREO VANILLA 110.4/105G_T72_5,0.620663
CG_LT,72,,MM HIEP PHU,MM AN PHU,OREO VANILLA 110.4/105G,1.968696,0.6,1.241327,2.422544,LT_OREO VANILLA 110.4/105G_T72_5,0.620663
CG_LT,73,,MM BINH DUONG,MM AN PHU,OREO VANILLA 110.4/105G,1.020684,0.6,0.273186,0.885596,LT_OREO VANILLA 110.4/105G_T73_3,0.136593
CG_LT,73,,MM HIEP PHU,MM AN PHU,OREO VANILLA 110.4/105G,1.00672,0.6,0.273186,0.877218,LT_OREO VANILLA 110.4/105G_T73_3,0.136593
CG_LT,74,,MM BIEN HOA,MM AN PHU,OREO VANILLA 110.4/105G,7.975488,0.6,2.0,6.785293,LT_OREO VANILLA 110.4/105G_T74_2,1.0
CG_LT,74,,MM BIEN HOA,MM BINH PHU,OREO VANILLA 110.4/105G,7.259467,0.6,2.0,6.35568,LT_OREO VANILLA 110.4/105G_T74_2,1.0
CG_LT,74,,MM BINH DUONG,MM AN PHU,OREO VANILLA 110.4/105G,5.434785,0.6,2.0,5.260871,LT_OREO VANILLA 110.4/105G_T74_2,1.0
CG_LT,74,,MM BINH DUONG,MM BINH PHU,OREO VANILLA 110.4/105G,6.456953,0.6,2.0,5.874172,LT_OREO VANILLA 110.4/105G_T74_2,1.0
CG_LT,74,,MM BIEN HOA,MM BINH PHU,OREO VANILLA 110.4/105G,2.04026,0.6,0.541798,1.765955,LT_OREO VANILLA 110.4/105G_T74_3,0.270899
CG_LT,74,,MM BINH DUONG,MM BINH PHU,OREO VANILLA 110.4/105G,0.517705,0.6,0.541798,0.852422,LT_OREO VANILLA 110.4/105G_T74_3,0.270899
CG_LT,74,,MM HIEP PHU,MM DA NANG,OREO VANILLA 110.4/105G,0.610262,0.6,0.541798,0.907956,LT_OREO VANILLA 110.4/105G_T74_3,0.270899
CG_LT,74,,MM BIEN HOA,MM BINH PHU,OREO VANILLA 110.4/105G,8.308677,0.6,2.0,6.985206,LT_OREO VANILLA 110.4/105G_T74_4,1.0
CG_LT,74,,MM BINH DUONG,MM BINH PHU,OREO VANILLA 110.4/105G,4.416937,0.6,2.0,4.650162,LT_OREO VANILLA 110.4/105G_T74_4,1.0
CG_LT,74,,MM BIEN HOA,MM AN PHU,OREO VANILLA 110.4/105G,7.73476,0.6,1.950643,6.591499,LT_OREO VANILLA 110.4/105G_T74_5,0.975322
CG_LT,75,,MM BINH DUONG,MM AN PHU,OREO VANILLA 110.4/105G,3.10779,0.6,2.0,3.864674,LT_OREO VANILLA 110.4/105G_T75_1,1.0
CG_LT,75,,MM BINH DUONG,MM BINH PHU,OREO VANILLA 110.4/105G,5.068769,0.6,2.0,5.041261,LT_OREO VANILLA 110.4/105G_T75_1,1.0
CG_LT,75,,MM BIEN HOA,MM AN PHU,OREO VANILLA 110.4/105G,0.630495,0.6,0.676724,1.055021,LT_OREO VANILLA 110.4/105G_T75_3,0.338362
CG_LT,75,,MM BIEN HOA,MM BINH PHU,OREO VANILLA 110.4/105G,1.689799,0.6,0.676724,1.690604,LT_OREO VANILLA 110.4/105G_T75_3,0.338362
CG_LT,75,,MM BINH DUONG,MM DA NANG,OREO VANILLA 110.4/105G,3.018995,0.6,0.676724,2.488121,LT_OREO VANILLA 110.4/105G_T75_3,0.338362
CG_LT,75,,MM HIEP PHU,MM AN PHU,OREO VANILLA 110.4/105G,1.462445,0.6,0.676724,1.554191,LT_OREO VANILLA 110.4/105G_T75_3,0.338362
CG_LT,75,,MM BIEN HOA,MM AN PHU,OREO VANILLA 110.4/105G,7.235049,0.6,2.0,6.34103,LT_OREO VANILLA 110.4/105G_T75_5,1.0
CG_LT,75,,MM BINH DUONG,MM DA NANG,OREO VANILLA 110.4/105G,4.061019,0.6,2.0,4.436611,LT_OREO VANILLA 110.4/105G_T75_5,1.0
CG_LT,76,,MM BIEN HOA,MM AN PHU,OREO VANILLA 110.4/105G,7.323325,0.6,2.0,6.393995,LT_OREO VANILLA 110.4/105G_T76_1,1.0
CG_LT,76,,MM BIEN HOA,MM DA NANG,OREO VANILLA 110.4/105G,7.06768,0.6,2.0,6.240608,LT_OREO VANILLA 110.4/105G_T76_1,1.0
CG_LT,76,,MM BINH DUONG,MM DA NANG,OREO VANILLA 110.4/105G,8.500408,0.6,2.0,7.100245,LT_OREO VANILLA 110.4/105G_T76_1,1.0
CG_LT,76,,MM BINH PHU,MM DA NANG,OREO VANILLA 110.4/105G,9.91811,0.6,2.0,7.950866,LT_OREO VANILLA 110.4/105G_T76_1,1.0
CG_LT,76,,MM BIEN HOA,MM AN PHU,OREO VANILLA 110.4/105G,1.352884,0.6,1.409933,2.221663,LT_OREO VANILLA 110.4/105G_T76_2,0.704967
CG_LT,76,,MM BINH DUONG,MM DA NANG,OREO VANILLA 110.4/105G,3.58159,0.6,1.409933,3.558887,LT_OREO VANILLA 110.4/105G_T76_2,0.704967
CG_LT,76,,MM BINH PHU,MM DA NANG,OREO VANILLA 110.4/105G,2.731122,0.6,1.409933,3.048606,LT_OREO VANILLA 110.4/105G_T76_2,0.704967
CG_LT,76,,MM HIEP PHU,MM DA NANG,OREO VANILLA 110.4/105G,2.13484,0.6,1.409933,2.690837,LT_OREO VANILLA 110.4/105G_T76_2,0.704967
CG_LT,76,,MM BIEN HOA,MM DA NANG,OREO VANILLA 110.4/105G,5.592088,0.6,2.0,5.355253,LT_OREO VANILLA 110.4/105G_T76_4,1.0
CG_LT,76,,MM BINH DUONG,MM AN PHU,OREO VANILLA 110.4/105G,9.961447,0.6,2.0,7.976868,LT_OREO VANILLA 110.4/105G_T76_4,1.0
CG_LT,76,,MM HIEP PHU,MM DA NANG,OREO VANILLA 110.4/105G,5.599265,0.6,2.0,5.359559,LT_OREO VANILLA 110.4/105G_T76_4,1.0
CG_LT,76,,MM BIEN HOA,MM DA NANG,OREO VANILLA 110.4/105G,8.628758,0.6,2.0,7.177255,LT_OREO VANILLA 110.4/105G_T76_5,1.0
CG_LT,76,,MM BINH DUONG,MM DA NANG,OREO VANILLA 110.4/105G,4.701126,0.6,2.0,4.820675,LT_OREO VANILLA 110.4/105G_T76_5,1.0
CG_LT,76,,MM HIEP PHU,MM AN PHU,OREO VANILLA 110.4/105G,5.406749,0.6,2.0,5.244049,LT_OREO VANILLA 110.4/105G_T76_5,1.0
CG_LT,76,,MM HIEP PHU,MM DA NANG,OREO VANILLA 110.4/105G,9.009013,0.6,2.0,7.405408,LT_OREO VANILLA 110.4/105G_T76_5,1.0
CG_LT,77,,MM BIEN HOA,MM DA NANG,OREO VANILLA 110.4/105G,7.331271,0.6,2.0,6.398763,LT_OREO VANILLA 110.4/105G_T77_1,1.0
CG_LT,77,,MM HIEP PHU,MM DA NANG,OREO VANILLA 110.4/105G,8.563004,0.6,2.0,7.137803,LT_OREO VANILLA 110.4/105G_T77_1,1.0
CG_LT,77,,MM BIEN HOA,MM AN PHU,OREO VANILLA 110.4/105G,2.949766,0.6,1.703491,3.47335,LT_OREO VANILLA 110.4/105G_T77_3,0.851745
CG_LT,77,,MM BINH DUONG,MM DA NANG,OREO VANILLA 110.4/105G,7.774406,0.6,1.703491,6.368134,LT_OREO VANILLA 110.4/105G_T77_3,0.851745
CG_LT,77,,MM BINH PHU,MM AN PHU,OREO VANILLA 110.4/105G,1.352445,0.6,1.703491,2.514958,LT_OREO VANILLA 110.4/105G_T77_3,0.851745
CG_LT,77,,MM HIEP PHU,MM DA NANG,OREO VANILLA 110.4/105G,3.94655,0.6,1.703491,4.071421,LT_OREO VANILLA 110.4/105G_T77_3,0.851745
CG_LT,77,,MM BIEN HOA,MM AN PHU,OREO VANILLA 110.4/105G,3.006544,0.6,2.0,3.803927,LT_OREO VANILLA 110.4/105G_T77_4,1.0
CG_LT,77,,MM BIEN HOA,MM DA NANG,OREO VANILLA 110.4/105G,7.882533,0.6,2.0,6.72952,LT_OREO VANILLA 110.4/105G_T77_4,1.0
CG_LT,77,,MM BINH PHU,MM AN PHU,OREO VANILLA 110.4/105G,7.740581,0.6,2.0,6.644349,LT_OREO VANILLA 110.4/105G_T77_4,1.0
CG_LT,77,,MM HIEP PHU,MM DA NANG,OREO VANILLA 110.4/105G,7.502235,0.6,2.0,6.501341,LT_OREO VANILLA 110.4/105G_T77_4,1.0
CG_LT,78,,MM BINH PHU,MM AN PHU,OREO VANILLA 110.4/105G,2.77355,0.6,0.993266,2.657396,LT_OREO VANILLA 110.4/105G_T78_1,0.496633
CG_LT,78,,MM HIEP PHU,MM AN PHU,OREO VANILLA 110.4/105G,3.957095,0.6,0.993266,3.367523,LT_OREO VANILLA 110.4/105G_T78_1,0.496633
CG_LT,79,,MM BINH PHU,MM AN PHU,OREO VANILLA 110.4/105G,7.857342,0.6,2.0,6.714405,LT_OREO VANILLA 110.4/105G_T79_3,1.0
CG_LT,79,,MM HIEP PHU,MM AN PHU,OREO VANILLA 110.4/105G,7.369896,0.6,2.0,6.421938,LT_OREO VANILLA 110.4/105G_T79_3,1.0
CG_LT,79,,MM HIEP PHU,MM DA NANG,OREO VANILLA 110.4/105G,8.171295,0.6,2.0,6.902777,LT_OREO VANILLA 110.4/105G_T79_3,1.0
CG_LT,79,,MM BINH DUONG,MM AN PHU,OREO VANILLA 110.4/105G,7.172433,0.6,2.0,6.30346,LT_OREO VANILLA 110.4/105G_T79_4,1.0
CG_LT,79,,MM HIEP PHU,MM DA NANG,OREO VANILLA 110.4/105G,5.5758,0.6,2.0,5.34548,LT_OREO VANILLA 110.4/105G_T79_4,1.0
CG_LT,79,,MM BINH PHU,MM AN PHU,OREO VANILLA 110.4/105G,5.94883,0.6,2.0,5.569298,LT_OREO VANILLA 110.4/105G_T79_5,1.0
CG_LT,79,,MM BINH PHU,MM DA NANG,OREO VANILLA 110.4/105G,7.210268,0.6,2.0,6.326161,LT_OREO VANILLA 110.4/105G_T79_5,1.0
CG_LT,7,,MM BINH DUONG,MM BIEN HOA,OREO VANILLA 110.4/105G,5.154505,0.6,1.393856,4.48656,LT_OREO VANILLA 110.4/105G_T7_1,0.696928
CG_LT,7,,MM BINH DUONG,MM DA NANG,OREO VANILLA 110.4/105G,1.338879,0.6,1.393856,2.197184,LT_OREO VANILLA 110.4/105G_T7_1,0.696928
CG_LT,7,,MM DA NANG,MM BIEN HOA,OREO VANILLA 110.4/105G,2.028325,0.6,1.393856,2.610851,LT_OREO VANILLA 110.4/105G_T7_1,0.696928
CG_LT,7,,MM HIEP PHU,MM BIEN HOA,OREO VANILLA 110.4/105G,2.090594,0.6,1.393856,2.648213,LT_OREO VANILLA 110.4/105G_T7_1,0.696928
CG_LT,7,,MM BINH PHU,MM DA NANG,OREO VANILLA 110.4/105G,2.473308,0.6,2.0,3.483985,LT_OREO VANILLA 110.4/105G_T7_2,1.0
CG_LT,7,,MM HIEP PHU,MM AN PHU,OREO VANILLA 110.4/105G,4.637249,0.6,2.0,4.78235,LT_OREO VANILLA 110.4/105G_T7_2,1.0
CG_LT,7,,MM BINH DUONG,MM AN PHU,OREO VANILLA 110.4/105G,2.263822,0.6,2.0,3.358293,LT_OREO VANILLA 110.4/105G_T7_4,1.0
CG_LT,80,,MM BINH PHU,MM DA NANG,OREO VANILLA 110.4/105G,7.263756,0.6,2.0,6.358254,LT_OREO VANILLA 110.4/105G_T80_1,1.0
CG_LT,80,,MM HIEP PHU,MM DA NANG,OREO VANILLA 110.4/105G,5.72774,0.6,2.0,5.436644,LT_OREO VANILLA 110.4/105G_T80_5,1.0
CG_LT,81,,MM BIEN HOA,MM DA NANG,OREO VANILLA 110.4/105G,8.732459,0.6,2.0,7.239475,LT_OREO VANILLA 110.4/105G_T81_1,1.0
CG_LT,81,,MM BINH PHU,MM AN PHU,OREO VANILLA 110.4/105G,1.965185,0.6,2.0,3.179111,LT_OREO VANILLA 110.4/105G_T81_1,1.0
CG_LT,81,,MM BINH PHU,MM DA NANG,OREO VANILLA 110.4/105G,1.750011,0.6,2.0,3.050006,LT_OREO VANILLA 110.4/105G_T81_1,1.0
CG_LT,81,,MM HIEP PHU,MM AN PHU,OREO VANILLA 110.4/105G,2.621119,0.6,2.0,3.572671,LT_OREO VANILLA 110.4/105G_T81_1,1.0
CG_LT,81,,MM BINH DUONG,MM DA NANG,OREO VANILLA 110.4/105G,3.257793,0.6,2.0,3.954676,LT_OREO VANILLA 110.4/105G_T81_2,1.0
CG_LT,81,,MM BINH PHU,MM AN PHU,OREO VANILLA 110.4/105G,9.652137,0.6,2.0,7.791282,LT_OREO VANILLA 110.4/105G_T81_2,1.0
CG_LT,81,,MM HIEP PHU,MM AN PHU,OREO VANILLA 110.4/105G,6.997756,0.6,2.0,6.198653,LT_OREO VANILLA 110.4/105G_T81_2,1.0
CG_LT,81,,MM BIEN HOA,MM DA NANG,OREO VANILLA 110.4/105G,1.861626,0.6,2.0,3.116976,LT_OREO VANILLA 110.4/105G_T81_3,1.0
CG_LT,81,,MM BINH DUONG,MM AN PHU,OREO VANILLA 110.4/105G,5.373261,0.6,2.0,5.223957,LT_OREO VANILLA 110.4/105G_T81_3,1.0
CG_LT,81,,MM BINH PHU,MM DA NANG,OREO VANILLA 110.4/105G,1.31213,0.6,2.0,2.787278,LT_OREO VANILLA 110.4/105G_T81_3,1.0
CG_LT,81,,MM BIEN HOA,MM AN PHU,OREO VANILLA 110.4/105G,8.165577,0.6,1.977161,6.876507,LT_OREO VANILLA 110.4/105G_T81_5,0.988581
CG_LT,81,,MM BIEN HOA,MM DA NANG,OREO VANILLA 110.4/105G,2.929056,0.6,1.977161,3.734595,LT_OREO VANILLA 110.4/105G_T81_5,0.988581
CG_LT,81,,MM BINH DUONG,MM AN PHU,OREO VANILLA 110.4/105G,6.121914,0.6,1.977161,5.65031,LT_OREO VANILLA 110.4/105G_T81_5,0.988581
CG_LT,81,,MM HIEP PHU,MM AN PHU,OREO VANILLA 110.4/105G,4.636038,0.6,1.977161,4.758784,LT_OREO VANILLA 110.4/105G_T81_5,0.988581
CG_LT,82,,MM BINH DUONG,MM AN PHU,OREO VANILLA 110.4/105G,2.288535,0.6,0.525498,1.898619,LT_OREO VANILLA 110.4/105G_T82_1,0.262749
CG_LT,82,,MM BINH DUONG,MM DA NANG,OREO VANILLA 110.4/105G,0.590954,0.6,0.525498,0.88007,LT_OREO VANILLA 110.4/105G_T82_1,0.262749
CG_LT,82,,MM BINH PHU,MM AN PHU,OREO VANILLA 110.4/105G,2.005873,0.6,0.525498,1.729022,LT_OREO VANILLA 110.4/105G_T82_1,0.262749
CG_LT,82,,MM HIEP PHU,MM DA NANG,OREO VANILLA 110.4/105G,1.307945,0.6,0.525498,1.310265,LT_OREO VANILLA 110.4/105G_T82_1,0.262749
CG_LT,82,,MM BINH PHU,MM DA NANG,OREO VANILLA 110.4/105G,7.03061,0.6,2.0,6.218366,LT_OREO VANILLA 110.4/105G_T82_2,1.0
CG_LT,82,,MM HIEP PHU,MM DA NANG,OREO VANILLA 110.4/105G,6.651871,0.6,2.0,5.991123,LT_OREO VANILLA 110.4/105G_T82_2,1.0
CG_LT,82,,MM HIEP PHU,MM AN PHU,OREO VANILLA 110.4/105G,6.50787,0.6,2.0,5.904722,LT_OREO VANILLA 110.4/105G_T82_3,1.0
CG_LT,82,,MM HIEP PHU,MM DA NANG,OREO VANILLA 110.4/105G,7.638202,0.6,2.0,6.582921,LT_OREO VANILLA 110.4/105G_T82_3,1.0
CG_LT,82,,MM BINH PHU,MM AN PHU,OREO VANILLA 110.4/105G,3.039968,0.6,2.0,3.823981,LT_OREO VANILLA 110.4/105G_T82_4,1.0
CG_LT,82,,MM BINH PHU,MM DA NANG,OREO VANILLA 110.4/105G,4.780417,0.6,2.0,4.86825,LT_OREO VANILLA 110.4/105G_T82_4,1.0
CG_LT,83,,MM BIEN HOA,MM DA NANG,OREO VANILLA 110.4/105G,4.221088,0.6,2.0,4.532653,LT_OREO VANILLA 110.4/105G_T83_1,1.0
CG_LT,83,,MM BINH DUONG,MM DA NANG,OREO VANILLA 110.4/105G,8.400789,0.6,2.0,7.040473,LT_OREO VANILLA 110.4/105G_T83_1,1.0
CG_LT,83,,MM BINH PHU,MM AN PHU,OREO VANILLA 110.4/105G,3.176081,0.6,2.0,3.905649,LT_OREO VANILLA 110.4/105G_T83_1,1.0
CG_LT,83,,MM BINH PHU,MM DA NANG,OREO VANILLA 110.4/105G,1.211081,0.6,2.0,2.726649,LT_OREO VANILLA 110.4/105G_T83_1,1.0
CG_LT,83,,MM BINH DUONG,MM DA NANG,OREO VANILLA 110.4/105G,1.103929,0.6,0.396162,1.05852,LT_OREO VANILLA 110.4/105G_T83_3,0.198081
CG_LT,83,,MM BINH PHU,MM AN PHU,OREO VANILLA 110.4/105G,0.595739,0.6,0.396162,0.753606,LT_OREO VANILLA 110.4/105G_T83_3,0.198081
CG_LT,83,,MM BINH PHU,MM DA NANG,OREO VANILLA 110.4/105G,1.50845,0.6,0.396162,1.301232,LT_OREO VANILLA 110.4/105G_T83_3,0.198081
CG_LT,83,,MM HIEP PHU,MM AN PHU,OREO VANILLA 110.4/105G,0.803658,0.6,0.396162,0.878357,LT_OREO VANILLA 110.4/105G_T83_3,0.198081
CG_LT,83,,MM BINH DUONG,MM DA NANG,OREO VANILLA 110.4/105G,9.554663,0.6,2.0,7.732798,LT_OREO VANILLA 110.4/105G_T83_4,1.0
CG_LT,84,,MM BIEN HOA,MM AN PHU,OREO VANILLA 110.4/105G,1.778029,0.6,0.860993,1.92781,LT_OREO VANILLA 110.4/105G_T84_3,0.430496
CG_LT,84,,MM BIEN HOA,MM DA NANG,OREO VANILLA 110.4/105G,2.162757,0.6,0.860993,2.158647,LT_OREO VANILLA 110.4/105G_T84_3,0.430496
CG_LT,84,,MM HIEP PHU,MM DA NANG,OREO VANILLA 110.4/105G,2.686123,0.6,0.860993,2.472666,LT_OREO VANILLA 110.4/105G_T84_3,0.430496
CG_LT,84,,MM BIEN HOA,MM DA NANG,OREO VANILLA 110.4/105G,6.962903,0.6,2.0,6.177742,LT_OREO VANILLA 110.4/105G_T84_5,1.0
CG_LT,84,,MM BINH DUONG,MM DA NANG,OREO VANILLA 110.4/105G,7.867189,0.6,2.0,6.720313,LT_OREO VANILLA 110.4/105G_T84_5,1.0
CG_LT,84,,MM BINH PHU,MM AN PHU,OREO VANILLA 110.4/105G,9.494553,0.6,2.0,7.696732,LT_OREO VANILLA 110.4/105G_T84_5,1.0
CG_LT,84,,MM HIEP PHU,MM DA NANG,OREO VANILLA 110.4/105G,7.321028,0.6,2.0,6.392617,LT_OREO VANILLA 110.4/105G_T84_5,1.0
CG_LT,85,,MM BIEN HOA,MM DA NANG,OREO VANILLA 110.4/105G,8.589928,0.6,2.0,7.153957,LT_OREO VANILLA 110.4/105G_T85_1,1.0
CG_LT,85,,MM BINH DUONG,MM AN PHU,OREO VANILLA 110.4/105G,6.999883,0.6,2.0,6.19993,LT_OREO VANILLA 110.4/105G_T85_1,1.0
CG_LT,85,,MM BINH PHU,MM DA NANG,OREO VANILLA 110.4/105G,6.431998,0.6,2.0,5.859199,LT_OREO VANILLA 110.4/105G_T85_2,1.0
CG_LT,85,,MM HIEP PHU,MM DA NANG,OREO VANILLA 110.4/105G,5.237608,0.6,2.0,5.142565,LT_OREO VANILLA 110.4/105G_T85_2,1.0
CG_LT,85,,MM BINH DUONG,MM DA NANG,OREO VANILLA 110.4/105G,1.2543,0.6,2.0,2.75258,LT_OREO VANILLA 110.4/105G_T85_3,1.0
CG_LT,85,,MM HIEP PHU,MM DA NANG,OREO VANILLA 110.4/105G,1.360939,0.6,2.0,2.816563,LT_OREO VANILLA 110.4/105G_T85_3,1.0
CG_LT,85,,MM BINH DUONG,MM AN PHU,OREO VANILLA 110.4/105G,6.795517,0.6,1.620514,5.697824,LT_OREO VANILLA 110.4/105G_T85_4,0.810257
CG_LT,85,,MM BINH PHU,MM AN PHU,OREO VANILLA 110.4/105G,5.865703,0.6,1.620514,5.139936,LT_OREO VANILLA 110.4/105G_T85_4,0.810257
CG_LT,85,,MM BINH PHU,MM DA NANG,OREO VANILLA 110.4/105G,5.232387,0.6,1.620514,4.759947,LT_OREO VANILLA 110.4/105G_T85_4,0.810257
CG_LT,85,,MM HIEP PHU,MM AN PHU,OREO VANILLA 110.4/105G,7.915816,0.6,1.620514,6.370004,LT_OREO VANILLA 110.4/105G_T85_4,0.810257
CG_LT,87,,MM BIEN HOA,MM AN PHU,OREO VANILLA 110.4/105G,9.823387,0.6,2.0,7.894032,LT_OREO VANILLA 110.4/105G_T87_1,1.0
CG_LT,87,,MM BINH PHU,MM DA NANG,OREO VANILLA 110.4/105G,6.936479,0.6,2.0,6.161888,LT_OREO VANILLA 110.4/105G_T87_1,1.0
CG_LT,87,,MM HIEP PHU,MM AN PHU,OREO VANILLA 110.4/105G,8.422284,0.6,2.0,7.053371,LT_OREO VANILLA 110.4/105G_T87_1,1.0
CG_LT,87,,MM BIEN HOA,MM DA NANG,OREO VANILLA 110.4/105G,9.786142,0.6,2.0,7.871685,LT_OREO VANILLA 110.4/105G_T87_3,1.0
CG_LT,87,,MM BINH DUONG,MM AN PHU,OREO VANILLA 110.4/105G,8.827105,0.6,2.0,7.296263,LT_OREO VANILLA 110.4/105G_T87_3,1.0
CG_LT,87,,MM HIEP PHU,MM DA NANG,OREO VANILLA 110.4/105G,2.010373,0.6,2.0,3.206224,LT_OREO VANILLA 110.4/105G_T87_3,1.0
CG_LT,87,,MM HIEP PHU,MM DA NANG,OREO VANILLA 110.4/105G,4.829926,0.6,2.0,4.897955,LT_OREO VANILLA 110.4/105G_T87_4,1.0
CG_LT,87,,MM BIEN HOA,MM AN PHU,OREO VANILLA 110.4/105G,6.189739,0.6,1.419116,5.132959,LT_OREO VANILLA 110.4/105G_T87_5,0.709558
CG_LT,87,,MM BINH PHU,MM AN PHU,OREO VANILLA 110.4/105G,1.252177,0.6,1.419116,2.170422,LT_OREO VANILLA 110.4/105G_T87_5,0.709558
CG_LT,87,,MM BINH PHU,MM DA NANG,OREO VANILLA 110.4/105G,5.124836,0.6,1.419116,4.494018,LT_OREO VANILLA 110.4/105G_T87_5,0.709558
CG_LT,87,,MM HIEP PHU,MM AN PHU,OREO VANILLA 110.4/105G,3.677625,0.6,1.419116,3.625691,LT_OREO VANILLA 110.4/105G_T87_5,0.709558
CG_LT,88,,MM HIEP PHU,MM DA NANG,OREO VANILLA 110.4/105G,8.951232,0.6,2.0,7.370739,LT_OREO VANILLA 110.4/105G_T88_1,1.0
CG_LT,88,,MM BINH PHU,MM DA NANG,OREO VANILLA 110.4/105G,7.073647,0.6,2.0,6.244188,LT_OREO VANILLA 110.4/105G_T88_2,1.0
CG_LT,88,,MM HIEP PHU,MM DA NANG,OREO VANILLA 110.4/105G,6.002846,0.6,2.0,5.601708,LT_OREO VANILLA 110.4/105G_T88_2,1.0
CG_LT,88,,MM BIEN HOA,MM AN PHU,OREO VANILLA 110.4/105G,9.372193,0.6,2.0,7.623316,LT_OREO VANILLA 110.4/105G_T88_4,1.0
CG_LT,88,,MM BINH DUONG,MM DA NANG,OREO VANILLA 110.4/105G,9.038481,0.6,2.0,7.423088,LT_OREO VANILLA 110.4/105G_T88_4,1.0
CG_LT,88,,MM HIEP PHU,MM DA NANG,OREO VANILLA 110.4/105G,2.385923,0.6,2.0,3.431554,LT_OREO VANILLA 110.4/105G_T88_4,1.0
CG_LT,88,,MM BIEN HOA,MM DA NANG,OREO VANILLA 110.4/105G,5.668854,0.6,1.978703,5.380015,LT_OREO VANILLA 110.4/105G_T88_5,0.989351
CG_LT,88,,MM BINH DUONG,MM AN PHU,OREO VANILLA 110.4/105G,6.11305,0.6,1.978703,5.646533,LT_OREO VANILLA 110.4/105G_T88_5,0.989351
CG_LT,88,,MM BINH PHU,MM DA NANG,OREO VANILLA 110.4/105G,2.813007,0.6,1.978703,3.666507,LT_OREO VANILLA 110.4/105G_T88_5,0.989351
CG_LT,89,,MM BIEN HOA,MM DA NANG,OREO VANILLA 110.4/105G,5.095803,0.6,2.0,5.057482,LT_OREO VANILLA 110.4/105G_T89_1,1.0
CG_LT,89,,MM BINH PHU,MM AN PHU,OREO VANILLA 110.4/105G,6.011907,0.6,2.0,5.607144,LT_OREO VANILLA 110.4/105G_T89_1,1.0
CG_LT,89,,MM BINH PHU,MM DA NANG,OREO VANILLA 110.4/105G,4.991537,0.6,2.0,4.994922,LT_OREO VANILLA 110.4/105G_T89_1,1.0
CG_LT,89,,MM BINH DUONG,MM DA NANG,OREO VANILLA 110.4/105G,4.698361,0.6,1.982832,4.801849,LT_OREO VANILLA 110.4/105G_T89_2,0.991416
CG_LT,89,,MM BINH PHU,MM AN PHU,OREO VANILLA 110.4/105G,8.886966,0.6,1.982832,7.315011,LT_OREO VANILLA 110.4/105G_T89_2,0.991416
CG_LT,89,,MM HIEP PHU,MM AN PHU,OREO VANILLA 110.4/105G,9.457298,0.6,1.982832,7.657211,LT_OREO VANILLA 110.4/105G_T89_2,0.991416
CG_LT,89,,MM HIEP PHU,MM DA NANG,OREO VANILLA 110.4/105G,4.526476,0.6,1.982832,4.698717,LT_OREO VANILLA 110.4/105G_T89_2,0.991416
CG_LT,89,,MM BINH DUONG,MM DA NANG,OREO VANILLA 110.4/105G,7.984828,0.6,2.0,6.790897,LT_OREO VANILLA 110.4/105G_T89_3,1.0
CG_LT,89,,MM BINH PHU,MM AN PHU,OREO VANILLA 110.4/105G,2.984638,0.6,2.0,3.790783,LT_OREO VANILLA 110.4/105G_T89_3,1.0
CG_LT,89,,MM BIEN HOA,MM AN PHU,OREO VANILLA 110.4/105G,1.624477,0.6,2.0,2.974686,LT_OREO VANILLA 110.4/105G_T89_4,1.0
CG_LT,89,,MM BINH DUONG,MM DA NANG,OREO VANILLA 110.4/105G,9.702995,0.6,2.0,7.821797,LT_OREO VANILLA 110.4/105G_T89_4,1.0
CG_LT,89,,MM BINH PHU,MM AN PHU,OREO VANILLA 110.4/105G,5.628848,0.6,2.0,5.377309,LT_OREO VANILLA 110.4/105G_T89_4,1.0
CG_LT,8,,MM BINH DUONG,MM AN PHU,OREO VANILLA 110.4/105G,5.158923,0.6,2.0,5.095354,LT_OREO VANILLA 110.4/105G_T8_1,1.0
CG_LT,8,,MM HIEP PHU,MM BIEN HOA,OREO VANILLA 110.4/105G,7.880072,0.6,2.0,6.728043,LT_OREO VANILLA 110.4/105G_T8_1,1.0
CG_LT,8,,MM BINH DUONG,MM AN PHU,OREO VANILLA 110.4/105G,1.705778,0.6,0.993941,2.017408,LT_OREO VANILLA 110.4/105G_T8_2,0.496971
CG_LT,8,,MM BINH DUONG,MM BIEN HOA,OREO VANILLA 110.4/105G,0.9588,0.6,0.993941,1.569221,LT_OREO VANILLA 110.4/105G_T8_2,0.496971
CG_LT,8,,MM BINH DUONG,MM DA NANG,OREO VANILLA 110.4/105G,2.657469,0.6,0.993941,2.588423,LT_OREO VANILLA 110.4/105G_T8_2,0.496971
CG_LT,8,,MM BINH PHU,MM BIEN HOA,OREO VANILLA 110.4/105G,2.311412,0.6,0.993941,2.380789,LT_OREO VANILLA 110.4/105G_T8_2,0.496971
CG_LT,8,,MM BINH DUONG,MM AN PHU,OREO VANILLA 110.4/105G,3.119031,0.6,2.0,3.871418,LT_OREO VANILLA 110.4/105G_T8_4,1.0
CG_LT,8,,MM BINH PHU,MM AN PHU,OREO VANILLA 110.4/105G,8.506067,0.6,2.0,7.10364,LT_OREO VANILLA 110.4/105G_T8_4,1.0
CG_LT,91,,MM BINH DUONG,MM DA NANG,OREO VANILLA 110.4/105G,3.541189,0.6,0.711024,2.835737,LT_OREO VANILLA 110.4/105G_T91_4,0.355512
CG_LT,92,,MM BIEN HOA,MM DA NANG,OREO VANILLA 110.4/105G,4.204805,0.6,1.500747,4.02363,LT_OREO VANILLA 110.4/105G_T92_2,0.750374
CG_LT,92,,MM BINH DUONG,MM DA NANG,OREO VANILLA 110.4/105G,2.91812,0.6,1.500747,3.251619,LT_OREO VANILLA 110.4/105G_T92_2,0.750374
CG_LT,92,,MM HIEP PHU,MM DA NANG,OREO VANILLA 110.4/105G,2.454504,0.6,1.500747,2.97345,LT_OREO VANILLA 110.4/105G_T92_2,0.750374
CG_LT,92,,MM BINH DUONG,MM DA NANG,OREO VANILLA 110.4/105G,9.811938,0.6,2.0,7.887163,LT_OREO VANILLA 110.4/105G_T92_3,1.0
CG_LT,92,,MM BINH PHU,MM AN PHU,OREO VANILLA 110.4/105G,3.245053,0.6,2.0,3.947032,LT_OREO VANILLA 110.4/105G_T92_3,1.0
CG_LT,92,,MM BINH DUONG,MM DA NANG,OREO VANILLA 110.4/105G,9.689395,0.6,2.0,7.813637,LT_OREO VANILLA 110.4/105G_T92_5,1.0
CG_LT,92,,MM BINH PHU,MM DA NANG,OREO VANILLA 110.4/105G,5.533451,0.6,2.0,5.320071,LT_OREO VANILLA 110.4/105G_T92_5,1.0
CG_LT,92,,MM HIEP PHU,MM DA NANG,OREO VANILLA 110.4/105G,1.387788,0.6,2.0,2.832673,LT_OREO VANILLA 110.4/105G_T92_5,1.0
CG_LT,93,,MM BINH DUONG,MM DA NANG,OREO VANILLA 110.4/105G,2.29337,0.6,1.516345,2.892367,LT_OREO VANILLA 110.4/105G_T93_1,0.758172
CG_LT,93,,MM BINH PHU,MM AN PHU,OREO VANILLA 110.4/105G,3.162875,0.6,1.516345,3.41407,LT_OREO VANILLA 110.4/105G_T93_1,0.758172
CG_LT,93,,MM HIEP PHU,MM AN PHU,OREO VANILLA 110.4/105G,4.575936,0.6,1.516345,4.261907,LT_OREO VANILLA 110.4/105G_T93_1,0.758172
CG_LT,93,,MM HIEP PHU,MM DA NANG,OREO VANILLA 110.4/105G,5.6741,0.6,1.516345,4.920805,LT_OREO VANILLA 110.4/105G_T93_1,0.758172
CG_LT,93,,MM BIEN HOA,MM AN PHU,OREO VANILLA 110.4/105G,1.148998,0.6,2.0,2.689399,LT_OREO VANILLA 110.4/105G_T93_2,1.0
CG_LT,93,,MM BINH DUONG,MM DA NANG,OREO VANILLA 110.4/105G,5.53451,0.6,2.0,5.320706,LT_OREO VANILLA 110.4/105G_T93_2,1.0
CG_LT,93,,MM HIEP PHU,MM DA NANG,OREO VANILLA 110.4/105G,7.073949,0.6,2.0,6.24437,LT_OREO VANILLA 110.4/105G_T93_2,1.0
CG_LT,93,,MM BINH PHU,MM DA NANG,OREO VANILLA 110.4/105G,5.820223,0.6,2.0,5.492134,LT_OREO VANILLA 110.4/105G_T93_3,1.0
CG_LT,93,,MM HIEP PHU,MM AN PHU,OREO VANILLA 110.4/105G,4.89752,0.6,2.0,4.938512,LT_OREO VANILLA 110.4/105G_T93_3,1.0
CG_LT,93,,MM BIEN HOA,MM DA NANG,OREO VANILLA 110.4/105G,6.217764,0.6,2.0,5.730658,LT_OREO VANILLA 110.4/105G_T93_5,1.0
CG_LT,94,,MM BINH DUONG,MM DA NANG,OREO VANILLA 110.4/105G,9.744243,0.6,2.0,7.846546,LT_OREO VANILLA 110.4/105G_T94_3,1.0
CG_LT,94,,MM BINH PHU,MM DA NANG,OREO VANILLA 110.4/105G,7.18887,0.6,2.0,6.313322,LT_OREO VANILLA 110.4/105G_T94_3,1.0
CG_LT,94,,MM HIEP PHU,MM AN PHU,OREO VANILLA 110.4/105G,5.795697,0.6,2.0,5.477418,LT_OREO VANILLA 110.4/105G_T94_3,1.0
CG_LT,94,,MM HIEP PHU,MM DA NANG,OREO VANILLA 110.4/105G,8.081349,0.6,2.0,6.848809,LT_OREO VANILLA 110.4/105G_T94_3,1.0
CG_LT,94,,MM BIEN HOA,MM DA NANG,OREO VANILLA 110.4/105G,2.098555,0.6,1.587781,2.846913,LT_OREO VANILLA 110.4/105G_T94_4,0.79389
CG_LT,95,,MM BIEN HOA,MM DA NANG,OREO VANILLA 110.4/105G,9.777098,0.6,2.0,7.866259,LT_OREO VANILLA 110.4/105G_T95_3,1.0
CG_LT,95,,MM BINH DUONG,MM AN PHU,OREO VANILLA 110.4/105G,9.014667,0.6,2.0,7.4088,LT_OREO VANILLA 110.4/105G_T95_3,1.0
CG_LT,95,,MM HIEP PHU,MM AN PHU,OREO VANILLA 110.4/105G,7.651978,0.6,2.0,6.591187,LT_OREO VANILLA 110.4/105G_T95_3,1.0
CG_LT,95,,MM HIEP PHU,MM DA NANG,OREO VANILLA 110.4/105G,9.750474,0.6,2.0,7.850285,LT_OREO VANILLA 110.4/105G_T95_3,1.0
CG_LT,95,,MM BINH DUONG,MM AN PHU,OREO VANILLA 110.4/105G,3.376718,0.6,2.0,4.026031,LT_OREO VANILLA 110.4/105G_T95_4,1.0
CG_LT,95,,MM BINH DUONG,MM DA NANG,OREO VANILLA 110.4/105G,8.80232,0.6,2.0,7.281392,LT_OREO VANILLA 110.4/105G_T95_4,1.0
CG_LT,95,,MM BINH PHU,MM DA NANG,OREO VANILLA 110.4/105G,9.998565,0.6,2.0,7.999139,LT_OREO VANILLA 110.4/105G_T95_4,1.0
CG_LT,95,,MM BIEN HOA,MM AN PHU,OREO VANILLA 110.4/105G,1.617036,0.6,1.439611,2.409833,LT_OREO VANILLA 110.4/105G_T95_5,0.719806
CG_LT,95,,MM BINH PHU,MM AN PHU,OREO VANILLA 110.4/105G,6.899408,0.6,1.439611,5.579256,LT_OREO VANILLA 110.4/105G_T95_5,0.719806
CG_LT,95,,MM BINH PHU,MM DA NANG,OREO VANILLA 110.4/105G,5.103224,0.6,1.439611,4.501546,LT_OREO VANILLA 110.4/105G_T95_5,0.719806
CG_LT,95,,MM HIEP PHU,MM DA NANG,OREO VANILLA 110.4/105G,3.187079,0.6,1.439611,3.351859,LT_OREO VANILLA 110.4/105G_T95_5,0.719806
CG_LT,97,,MM BINH DUONG,MM AN PHU,OREO VANILLA 110.4/105G,0.193872,0.6,0.285811,0.402134,LT_OREO VANILLA 110.4/105G_T97_1,0.142905
CG_LT,97,,MM BINH DUONG,MM DA NANG,OREO VANILLA 110.4/105G,0.307416,0.6,0.285811,0.470261,LT_OREO VANILLA 110.4/105G_T97_1,0.142905
CG_LT,97,,MM BINH PHU,MM DA NANG,OREO VANILLA 110.4/105G,0.449061,0.6,0.285811,0.555247,LT_OREO VANILLA 110.4/105G_T97_1,0.142905
CG_LT,97,,MM BIEN HOA,MM AN PHU,OREO VANILLA 110.4/105G,9.427001,0.6,2.0,7.6562,LT_OREO VANILLA 110.4/105G_T97_2,1.0
CG_LT,97,,MM BIEN HOA,MM DA NANG,OREO VANILLA 110.4/105G,6.665774,0.6,2.0,5.999464,LT_OREO VANILLA 110.4/105G_T97_2,1.0
CG_LT,97,,MM BINH DUONG,MM DA NANG,OREO VANILLA 110.4/105G,2.637385,0.6,2.0,3.582431,LT_OREO VANILLA 110.4/105G_T97_2,1.0
CG_LT,97,,MM HIEP PHU,MM DA NANG,OREO VANILLA 110.4/105G,4.41159,0.6,2.0,4.646954,LT_OREO VANILLA 110.4/105G_T97_2,1.0
CG_LT,97,,MM BIEN HOA,MM AN PHU,OREO VANILLA 110.4/105G,7.083522,0.6,2.0,6.250113,LT_OREO VANILLA 110.4/105G_T97_4,1.0
CG_LT,97,,MM BIEN HOA,MM DA NANG,OREO VANILLA 110.4/105G,6.216446,0.6,2.0,5.729867,LT_OREO VANILLA 110.4/105G_T97_4,1.0
CG_LT,97,,MM BINH DUONG,MM AN PHU,OREO VANILLA 110.4/105G,7.393364,0.6,2.0,6.436018,LT_OREO VANILLA 110.4/105G_T97_4,1.0
CG_LT,97,,MM BINH DUONG,MM DA NANG,OREO VANILLA 110.4/105G,7.563785,0.6,2.0,6.538271,LT_OREO VANILLA 110.4/105G_T97_4,1.0
CG_LT,98,,MM BINH DUONG,MM AN PHU,OREO VANILLA 110.4/105G,4.767114,0.6,2.0,4.860268,LT_OREO VANILLA 110.4/105G_T98_1,1.0
CG_LT,98,,MM BINH DUONG,MM DA NANG,OREO VANILLA 110.4/105G,6.648542,0.6,2.0,5.989125,LT_OREO VANILLA 110.4/105G_T98_1,1.0
CG_LT,98,,MM BINH PHU,MM AN PHU,OREO VANILLA 110.4/105G,4.683153,0.6,2.0,4.809892,LT_OREO VANILLA 110.4/105G_T98_1,1.0
CG_LT,98,,MM BIEN HOA,MM DA NANG,OREO VANILLA 110.4/105G,8.291915,0.6,2.0,6.975149,LT_OREO VANILLA 110.4/105G_T98_2,1.0
CG_LT,98,,MM BINH DUONG,MM DA NANG,OREO VANILLA 110.4/105G,8.831407,0.6,2.0,7.298844,LT_OREO VANILLA 110.4/105G_T98_2,1.0
CG_LT,98,,MM BINH PHU,MM DA NANG,OREO VANILLA 110.4/105G,9.204016,0.6,2.0,7.522409,LT_OREO VANILLA 110.4/105G_T98_2,1.0
CG_LT,98,,MM HIEP PHU,MM AN PHU,OREO VANILLA 110.4/105G,6.674556,0.6,2.0,6.004733,LT_OREO VANILLA 110.4/105G_T98_2,1.0
CG_LT,98,,MM BINH DUONG,MM AN PHU,OREO VANILLA 110.4/105G,9.134314,0.6,2.0,7.480589,LT_OREO VANILLA 110.4/105G_T98_3,1.0
CG_LT,98,,MM BINH DUONG,MM DA NANG,OREO VANILLA 110.4/105G,6.823181,0.6,2.0,6.093909,LT_OREO VANILLA 110.4/105G_T98_3,1.0
CG_LT,98,,MM BINH PHU,MM AN PHU,OREO VANILLA 110.4/105G,8.147226,0.6,2.0,6.888336,LT_OREO VANILLA 110.4/105G_T98_3,1.0
CG_LT,98,,MM HIEP PHU,MM DA NANG,OREO VANILLA 110.4/105G,8.464551,0.6,2.0,7.07873,LT_OREO VANILLA 110.4/105G_T98_3,1.0
CG_LT,98,,MM BINH DUONG,MM AN PHU,OREO VANILLA 110.4/105G,1.668741,0.6,0.64006,1.641305,LT_OREO VANILLA 110.4/105G_T98_5,0.32003
CG_LT,98,,MM HIEP PHU,MM AN PHU,OREO VANILLA 110.4/105G,2.757852,0.6,0.64006,2.294772,LT_OREO VANILLA 110.4/105G_T98_5,0.32003
CG_LT,98,,MM HIEP PHU,MM DA NANG,OREO VANILLA 110.4/105G,1.736388,0.6,0.64006,1.681893,LT_OREO VANILLA 110.4/105G_T98_5,0.32003
CG_LT,99,,MM BIEN HOA,MM DA NANG,OREO VANILLA 110.4/105G,1.35663,0.6,2.0,2.813978,LT_OREO VANILLA 110.4/105G_T99_1,1.0
CG_LT,99,,MM BINH DUONG,MM DA NANG,OREO VANILLA 110.4/105G,8.341573,0.6,2.0,7.004944,LT_OREO VANILLA 110.4/105G_T99_1,1.0
CG_LT,99,,MM BINH PHU,MM DA NANG,OREO VANILLA 110.4/105G,6.629641,0.6,2.0,5.977784,LT_OREO VANILLA 110.4/105G_T99_1,1.0
CG_LT,99,,MM HIEP PHU,MM DA NANG,OREO VANILLA 110.4/105G,4.741651,0.6,2.0,4.84499,LT_OREO VANILLA 110.4/105G_T99_1,1.0
CG_LT,99,,MM BIEN HOA,MM DA NANG,OREO VANILLA 110.4/105G,1.133305,0.6,2.0,2.679983,LT_OREO VANILLA 110.4/105G_T99_3,1.0
CG_LT,99,,MM BINH DUONG,MM DA NANG,OREO VANILLA 110.4/105G,4.382958,0.6,2.0,4.629775,LT_OREO VANILLA 110.4/105G_T99_3,1.0
CG_LT,99,,MM HIEP PHU,MM DA NANG,OREO VANILLA 110.4/105G,5.683479,0.6,2.0,5.410087,LT_OREO VANILLA 110.4/105G_T99_3,1.0
CG_LT,99,,MM BIEN HOA,MM DA NANG,OREO VANILLA 110.4/105G,6.698775,0.6,1.788759,5.808024,LT_OREO VANILLA 110.4/105G_T99_5,0.894379
CG_LT,99,,MM BINH PHU,MM AN PHU,OREO VANILLA 110.4/105G,8.376683,0.6,1.788759,6.814769,LT_OREO VANILLA 110.4/105G_T99_5,0.894379
CG_LT,99,,MM HIEP PHU,MM DA NANG,OREO VANILLA 110.4/105G,2.615682,0.6,1.788759,3.358168,LT_OREO VANILLA 110.4/105G_T99_5,0.894379
CG_LT,9,,MM BINH PHU,MM BIEN HOA,OREO VANILLA 110.4/105G,8.07189,0.6,2.0,6.843134,LT_OREO VANILLA 110.4/105G_T9_2,1.0
CG_LT,9,,MM HIEP PHU,MM AN PHU,OREO VANILLA 110.4/105G,6.934973,0.6,2.0,6.160984,LT_OREO VANILLA 110.4/105G_T9_2,1.0
CG_LT,9,,MM HIEP PHU,MM DA NANG,OREO VANILLA 110.4/105G,5.863863,0.6,2.0,5.518318,LT_OREO VANILLA 110.4/105G_T9_2,1.0
CG_LT,9,,MM BINH PHU,MM BIEN HOA,OREO VANILLA 110.4/105G,3.482005,0.6,1.658354,3.747557,LT_OREO VANILLA 110.4/105G_T9_4,0.829177
CG_LT,9,,MM HIEP PHU,MM DA NANG,OREO VANILLA 110.4/105G,2.425214,0.6,1.658354,3.113482,LT_OREO VANILLA 110.4/105G_T9_4,0.829177
CG_LT,16,,MM BIEN HOA,MM AN PHU,AN RICE CRACKER SEAWEED 111.3G,0.303609,0.6,2.0,2.182166,PRICED_E10_shortage_ratio_AN RICE CRACKER SEAWEED 111.3G_T16_1,1.0
CG_LT,16,,MM BIEN HOA,MM DA NANG,AN RICE CRACKER SEAWEED 111.3G,0.303609,0.6,2.0,2.182166,PRICED_E10_shortage_ratio_AN RICE CRACKER SEAWEED 111.3G_T16_2,1.0
CG_LT,8,,MM BIEN HOA,MM HIEP PHU,AN RICE CRACKER SEAWEED 111.3G,0.020688,0.6,2.0,2.012413,PRICED_E10_shortage_ratio_AN RICE CRACKER SEAWEED 111.3G_T8_1,1.0
CG_LT,8,,MM BINH DUONG,MM HIEP PHU,AN RICE CRACKER SEAWEED 111.3G,0.002273,0.6,2.0,2.001364,PRICED_E10_shortage_ratio_AN RICE CRACKER SEAWEED 111.3G_T8_1,1.0
CG_LT,8,,MM BIEN HOA,MM AN PHU,AN RICE CRACKER SEAWEED 111.3G,0.020688,0.6,2.0,2.012413,PRICED_E10_shortage_ratio_AN RICE CRACKER SEAWEED 111.3G_T8_2,1.0
CG_LT,8,,MM BINH DUONG,MM HIEP PHU,AN RICE CRACKER SEAWEED 111.3G,0.002273,0.6,2.0,2.001364,PRICED_E10_shortage_ratio_AN RICE CRACKER SEAWEED 111.3G_T8_2,1.0
CG_LT,8,,MM BIEN HOA,MM HIEP PHU,AN RICE CRACKER SEAWEED 111.3G,0.020688,0.6,2.0,2.012413,PRICED_E10_shortage_ratio_AN RICE CRACKER SEAWEED 111.3G_T8_4,1.0
CG_LT,8,,MM BINH DUONG,MM AN PHU,AN RICE CRACKER SEAWEED 111.3G,0.002273,0.6,2.0,2.001364,PRICED_E10_shortage_ratio_AN RICE CRACKER SEAWEED 111.3G_T8_4,1.0
CG_LT,100,,MM BINH DUONG,MM BINH PHU,AN RICE CRACKER SEAWEED 111.3G,76.717882,0.6,2.0,48.030729,PRICED_E1_shortage_ratio_AN RICE CRACKER SEAWEED 111.3G_T100_2,1.0
CG_LT,100,,MM HIEP PHU,MM AN PHU,AN RICE CRACKER SEAWEED 111.3G,156.704443,0.6,2.0,96.022666,PRICED_E1_shortage_ratio_AN RICE CRACKER SEAWEED 111.3G_T100_2,1.0
CG_LT,101,,MM BIEN HOA,MM AN PHU,AN RICE CRACKER SEAWEED 111.3G,28.798845,0.6,2.0,19.279307,PRICED_E1_shortage_ratio_AN RICE CRACKER SEAWEED 111.3G_T101_1,1.0
CG_LT,101,,MM BIEN HOA,MM BINH PHU,AN RICE CRACKER SEAWEED 111.3G,51.502355,0.6,2.0,32.901413,PRICED_E1_shortage_ratio_AN RICE CRACKER SEAWEED 111.3G_T101_1,1.0
CG_LT,101,,MM BIEN HOA,MM AN PHU,AN RICE CRACKER SEAWEED 111.3G,18.270394,0.6,1.268828,12.231065,PRICED_E1_shortage_ratio_AN RICE CRACKER SEAWEED 111.3G_T101_2,0.634414
CG_LT,101,,MM BINH DUONG,MM BINH PHU,AN RICE CRACKER SEAWEED 111.3G,32.673822,0.6,1.268828,20.873122,PRICED_E1_shortage_ratio_AN RICE CRACKER SEAWEED 111.3G_T101_2,0.634414
CG_LT,102,,MM BINH DUONG,MM BINH PHU,AN RICE CRACKER SEAWEED 111.3G,12.014205,0.6,0.436993,7.645516,PRICED_E1_shortage_ratio_AN RICE CRACKER SEAWEED 111.3G_T102_2,0.218497
CG_LT,102,,MM DA NANG,MM BINH PHU,AN RICE CRACKER SEAWEED 111.3G,54.985795,0.6,2.0,34.991477,PRICED_E1_shortage_ratio_AN RICE CRACKER SEAWEED 111.3G_T102_3,1.0
CG_LT,103,,MM BINH DUONG,MM BINH PHU,AN RICE CRACKER SEAWEED 111.3G,107.614271,0.6,2.0,66.568563,PRICED_E1_shortage_ratio_AN RICE CRACKER SEAWEED 111.3G_T103_1,1.0
CG_LT,103,,MM HIEP PHU,MM BINH PHU,AN RICE CRACKER SEAWEED 111.3G,31.909693,0.6,0.593038,19.738854,PRICED_E1_shortage_ratio_AN RICE CRACKER SEAWEED 111.3G_T103_3,0.296519
CG_LT,104,,MM BINH DUONG,MM BINH PHU,AN RICE CRACKER SEAWEED 111.3G,25.343514,0.6,0.455356,15.661464,PRICED_E1_shortage_ratio_AN RICE CRACKER SEAWEED 111.3G_T104_3,0.227678
CG_LT,104,,MM HIEP PHU,MM AN PHU,AN RICE CRACKER SEAWEED 111.3G,29.596976,0.6,0.455356,18.213541,PRICED_E1_shortage_ratio_AN RICE CRACKER SEAWEED 111.3G_T104_3,0.227678
CG_LT,104,,MM BINH DUONG,MM AN PHU,AN RICE CRACKER SEAWEED 111.3G,129.995024,0.6,2.0,79.997014,PRICED_E1_shortage_ratio_AN RICE CRACKER SEAWEED 111.3G_T104_5,1.0
CG_LT,104,,MM DA NANG,MM BINH PHU,AN RICE CRACKER SEAWEED 111.3G,111.313083,0.6,2.0,68.78785,PRICED_E1_shortage_ratio_AN RICE CRACKER SEAWEED 111.3G_T104_5,1.0
CG_LT,105,,MM BINH DUONG,MM AN PHU,AN RICE CRACKER SEAWEED 111.3G,212.575685,0.6,2.0,129.545411,PRICED_E1_shortage_ratio_AN RICE CRACKER SEAWEED 111.3G_T105_5,1.0
CG_LT,105,,MM DA NANG,MM BINH PHU,AN RICE CRACKER SEAWEED 111.3G,40.863952,0.6,2.0,26.518371,PRICED_E1_shortage_ratio_AN RICE CRACKER SEAWEED 111.3G_T105_5,1.0
CG_LT,106,,MM BIEN HOA,MM BINH PHU,AN RICE CRACKER SEAWEED 111.3G,117.74378,0.6,2.0,72.646268,PRICED_E1_shortage_ratio_AN RICE CRACKER SEAWEED 111.3G_T106_1,1.0
CG_LT,106,,MM BINH DUONG,MM AN PHU,AN RICE CRACKER SEAWEED 111.3G,242.89841,0.6,2.0,147.739046,PRICED_E1_shortage_ratio_AN RICE CRACKER SEAWEED 111.3G_T106_1,1.0
CG_LT,106,,MM BIEN HOA,MM BINH PHU,AN RICE CRACKER SEAWEED 111.3G,12.059286,0.6,0.204839,7.440411,PRICED_E1_shortage_ratio_AN RICE CRACKER SEAWEED 111.3G_T106_2,0.10242
CG_LT,106,,MM DA NANG,MM AN PHU,AN RICE CRACKER SEAWEED 111.3G,24.87759,0.6,0.204839,15.131393,PRICED_E1_shortage_ratio_AN RICE CRACKER SEAWEED 111.3G_T106_2,0.10242
CG_LT,107,,MM BIEN HOA,MM BINH PHU,AN RICE CRACKER SEAWEED 111.3G,87.220893,0.6,2.0,54.332536,PRICED_E1_shortage_ratio_AN RICE CRACKER SEAWEED 111.3G_T107_1,1.0
CG_LT,107,,MM HIEP PHU,MM AN PHU,AN RICE CRACKER SEAWEED 111.3G,327.211252,0.6,2.0,198.326751,PRICED_E1_shortage_ratio_AN RICE CRACKER SEAWEED 111.3G_T107_1,1.0
CG_LT,108,,MM BINH DUONG,MM BINH PHU,AN RICE CRACKER SEAWEED 111.3G,51.876307,0.6,2.0,33.125784,PRICED_E1_shortage_ratio_AN RICE CRACKER SEAWEED 111.3G_T108_3,1.0
CG_LT,108,,MM DA NANG,MM AN PHU,AN RICE CRACKER SEAWEED 111.3G,87.945184,0.6,2.0,54.767111,PRICED_E1_shortage_ratio_AN RICE CRACKER SEAWEED 111.3G_T108_3,1.0
CG_LT,108,,MM HIEP PHU,MM AN PHU,AN RICE CRACKER SEAWEED 111.3G,213.302269,0.6,2.0,129.981362,PRICED_E1_shortage_ratio_AN RICE CRACKER SEAWEED 111.3G_T108_3,1.0
CG_LT,109,,MM BIEN HOA,MM BINH PHU,AN RICE CRACKER SEAWEED 111.3G,15.183921,0.6,2.0,11.110352,PRICED_E1_shortage_ratio_AN RICE CRACKER SEAWEED 111.3G_T109_1,1.0
CG_LT,109,,MM BINH DUONG,MM AN PHU,AN RICE CRACKER SEAWEED 111.3G,170.340502,0.6,2.0,104.204301,PRICED_E1_shortage_ratio_AN RICE CRACKER SEAWEED 111.3G_T109_1,1.0
CG_LT,109,,MM BIEN HOA,MM BINH PHU,AN RICE CRACKER SEAWEED 111.3G,1.386256,0.6,0.182595,1.014349,PRICED_E1_shortage_ratio_AN RICE CRACKER SEAWEED 111.3G_T109_2,0.091298
CG_LT,109,,MM DA NANG,MM AN PHU,AN RICE CRACKER SEAWEED 111.3G,15.55168,0.6,0.182595,9.513603,PRICED_E1_shortage_ratio_AN RICE CRACKER SEAWEED 111.3G_T109_2,0.091298
CG_LT,10,,MM BINH PHU,MM AN PHU,AN RICE CRACKER SEAWEED 111.3G,68.911517,0.6,2.0,43.34691,PRICED_E1_shortage_ratio_AN RICE CRACKER SEAWEED 111.3G_T10_1,1.0
CG_LT,10,,MM BINH PHU,MM DA NANG,AN RICE CRACKER SEAWEED 111.3G,4.90352,0.6,0.572356,3.514468,PRICED_E1_shortage_ratio_AN RICE CRACKER SEAWEED 111.3G_T10_2,0.286178
CG_LT,10,,MM BINH PHU,MM HIEP PHU,AN RICE CRACKER SEAWEED 111.3G,14.817445,0.6,0.572356,9.462823,PRICED_E1_shortage_ratio_AN RICE CRACKER SEAWEED 111.3G_T10_2,0.286178
CG_LT,10,,MM BINH PHU,MM AN PHU,AN RICE CRACKER SEAWEED 111.3G,62.196767,0.6,2.0,39.31806,PRICED_E1_shortage_ratio_AN RICE CRACKER SEAWEED 111.3G_T10_4,1.0
CG_LT,10,,MM BINH PHU,MM BINH DUONG,AN RICE CRACKER SEAWEED 111.3G,6.714751,0.6,2.0,6.028851,PRICED_E1_shortage_ratio_AN RICE CRACKER SEAWEED 111.3G_T10_4,1.0
CG_LT,110,,MM BINH DUONG,MM AN PHU,AN RICE CRACKER SEAWEED 111.3G,41.946079,0.6,1.985053,27.152701,PRICED_E1_shortage_ratio_AN RICE CRACKER SEAWEED 111.3G_T110_1,0.992527
CG_LT,110,,MM BINH DUONG,MM BINH PHU,AN RICE CRACKER SEAWEED 111.3G,35.724283,0.6,1.985053,23.419623,PRICED_E1_shortage_ratio_AN RICE CRACKER SEAWEED 111.3G_T110_1,0.992527
CG_LT,110,,MM BINH DUONG,MM BINH PHU,AN RICE CRACKER SEAWEED 111.3G,35.993276,0.6,2.0,23.595966,PRICED_E1_shortage_ratio_AN RICE CRACKER SEAWEED 111.3G_T110_3,1.0
CG_LT,110,,MM HIEP PHU,MM AN PHU,AN RICE CRACKER SEAWEED 111.3G,42.261921,0.6,2.0,27.357152,PRICED_E1_shortage_ratio_AN RICE CRACKER SEAWEED 111.3G_T110_3,1.0
CG_LT,111,,MM BINH DUONG,MM BINH PHU,AN RICE CRACKER SEAWEED 111.3G,21.532737,0.6,0.689046,13.608689,PRICED_E1_shortage_ratio_AN RICE CRACKER SEAWEED 111.3G_T111_1,0.344523
CG_LT,111,,MM DA NANG,MM BINH PHU,AN RICE CRACKER SEAWEED 111.3G,62.500104,0.6,2.0,39.500063,PRICED_E1_shortage_ratio_AN RICE CRACKER SEAWEED 111.3G_T111_2,1.0
CG_LT,112,,MM BINH DUONG,MM BINH PHU,AN RICE CRACKER SEAWEED 111.3G,197.97823,0.6,2.0,120.786938,PRICED_E1_shortage_ratio_AN RICE CRACKER SEAWEED 111.3G_T112_2,1.0
CG_LT,112,,MM DA NANG,MM AN PHU,AN RICE CRACKER SEAWEED 111.3G,216.082043,0.6,2.0,131.649226,PRICED_E1_shortage_ratio_AN RICE CRACKER SEAWEED 111.3G_T112_2,1.0
CG_LT,113,,MM BINH DUONG,MM BINH PHU,AN RICE CRACKER SEAWEED 111.3G,225.60191,0.6,2.0,137.361146,PRICED_E1_shortage_ratio_AN RICE CRACKER SEAWEED 111.3G_T113_2,1.0
CG_LT,113,,MM DA NANG,MM AN PHU,AN RICE CRACKER SEAWEED 111.3G,222.570678,0.6,2.0,135.542407,PRICED_E1_shortage_ratio_AN RICE CRACKER SEAWEED 111.3G_T113_2,1.0
CG_LT,113,,MM HIEP PHU,MM AN PHU,AN RICE CRACKER SEAWEED 111.3G,103.7392,0.6,2.0,64.24352,PRICED_E1_shortage_ratio_AN RICE CRACKER SEAWEED 111.3G_T113_2,1.0
CG_LT,114,,MM BINH DUONG,MM AN PHU,AN RICE CRACKER SEAWEED 111.3G,0.430529,0.6,0.033323,0.29164,PRICED_E1_shortage_ratio_AN RICE CRACKER SEAWEED 111.3G_T114_5,0.016661
CG_LT,114,,MM DA NANG,MM HIEP PHU,AN RICE CRACKER SEAWEED 111.3G,4.107071,0.6,0.033323,2.497565,PRICED_E1_shortage_ratio_AN RICE CRACKER SEAWEED 111.3G_T114_5,0.016661
CG_LT,115,,MM BINH DUONG,MM BIEN HOA,AN RICE CRACKER SEAWEED 111.3G,87.03505,0.6,2.0,54.22103,PRICED_E1_shortage_ratio_AN RICE CRACKER SEAWEED 111.3G_T115_1,1.0
CG_LT,115,,MM DA NANG,MM BIEN HOA,AN RICE CRACKER SEAWEED 111.3G,225.838341,0.6,2.0,137.503005,PRICED_E1_shortage_ratio_AN RICE CRACKER SEAWEED 111.3G_T115_1,1.0
CG_LT,115,,MM BINH DUONG,MM HIEP PHU,AN RICE CRACKER SEAWEED 111.3G,12.826302,0.6,0.294739,7.99052,PRICED_E1_shortage_ratio_AN RICE CRACKER SEAWEED 111.3G_T115_4,0.147369
CG_LT,115,,MM DA NANG,MM BIEN HOA,AN RICE CRACKER SEAWEED 111.3G,33.281659,0.6,0.294739,20.263734,PRICED_E1_shortage_ratio_AN RICE CRACKER SEAWEED 111.3G_T115_4,0.147369
CG_LT,116,,MM DA NANG,MM AN PHU,AN RICE CRACKER SEAWEED 111.3G,65.648201,0.6,2.0,41.388921,PRICED_E1_shortage_ratio_AN RICE CRACKER SEAWEED 111.3G_T116_1,1.0
CG_LT,116,,MM DA NANG,MM BINH DUONG,AN RICE CRACKER SEAWEED 111.3G,170.200258,0.6,2.0,104.120155,PRICED_E1_shortage_ratio_AN RICE CRACKER SEAWEED 111.3G_T116_1,1.0
CG_LT,116,,MM HIEP PHU,MM AN PHU,AN RICE CRACKER SEAWEED 111.3G,80.254165,0.6,2.0,50.152499,PRICED_E1_shortage_ratio_AN RICE CRACKER SEAWEED 111.3G_T116_1,1.0
CG_LT,117,,MM BIEN HOA,MM AN PHU,AN RICE CRACKER SEAWEED 111.3G,14.587435,0.6,2.0,10.752461,PRICED_E1_shortage_ratio_AN RICE CRACKER SEAWEED 111.3G_T117_1,1.0
CG_LT,117,,MM DA NANG,MM AN PHU,AN RICE CRACKER SEAWEED 111.3G,195.74821,0.6,2.0,119.448926,PRICED_E1_shortage_ratio_AN RICE CRACKER SEAWEED 111.3G_T117_1,1.0
CG_LT,117,,MM HIEP PHU,MM AN PHU,AN RICE CRACKER SEAWEED 111.3G,91.46371,0.6,2.0,56.878226,PRICED_E1_shortage_ratio_AN RICE CRACKER SEAWEED 111.3G_T117_1,1.0
CG_LT,117,,MM BIEN HOA,MM AN PHU,AN RICE CRACKER SEAWEED 111.3G,0.492152,0.6,0.067476,0.362767,PRICED_E1_shortage_ratio_AN RICE CRACKER SEAWEED 111.3G_T117_2,0.033738
CG_LT,117,,MM DA NANG,MM AN PHU,AN RICE CRACKER SEAWEED 111.3G,6.125717,0.6,0.067476,3.742907,PRICED_E1_shortage_ratio_AN RICE CRACKER SEAWEED 111.3G_T117_2,0.033738
CG_LT,117,,MM DA NANG,MM BINH PHU,AN RICE CRACKER SEAWEED 111.3G,0.478451,0.6,0.067476,0.354547,PRICED_E1_shortage_ratio_AN RICE CRACKER SEAWEED 111.3G_T117_2,0.033738
CG_LT,117,,MM HIEP PHU,MM AN PHU,AN RICE CRACKER SEAWEED 111.3G,3.08581,0.6,0.067476,1.918962,PRICED_E1_shortage_ratio_AN RICE CRACKER SEAWEED 111.3G_T117_2,0.033738
CG_LT,118,,MM BIEN HOA,MM AN PHU,AN RICE CRACKER SEAWEED 111.3G,0.727929,0.6,0.195773,0.632531,PRICED_E1_shortage_ratio_AN RICE CRACKER SEAWEED 111.3G_T118_3,0.097887
CG_LT,118,,MM DA NANG,MM AN PHU,AN RICE CRACKER SEAWEED 111.3G,13.750491,0.6,0.195773,8.446068,PRICED_E1_shortage_ratio_AN RICE CRACKER SEAWEED 111.3G_T118_3,0.097887
CG_LT,118,,MM DA NANG,MM BINH PHU,AN RICE CRACKER SEAWEED 111.3G,5.843158,0.6,0.195773,3.701668,PRICED_E1_shortage_ratio_AN RICE CRACKER SEAWEED 111.3G_T118_3,0.097887
CG_LT,118,,MM HIEP PHU,MM AN PHU,AN RICE CRACKER SEAWEED 111.3G,8.661163,0.6,0.195773,5.392471,PRICED_E1_shortage_ratio_AN RICE CRACKER SEAWEED 111.3G_T118_3,0.097887
CG_LT,118,,MM BIEN HOA,MM AN PHU,AN RICE CRACKER SEAWEED 111.3G,7.436451,0.6,2.0,6.461871,PRICED_E1_shortage_ratio_AN RICE CRACKER SEAWEED 111.3G_T118_4,1.0
CG_LT,118,,MM DA NANG,MM AN PHU,AN RICE CRACKER SEAWEED 111.3G,200.166675,0.6,2.0,122.100005,PRICED_E1_shortage_ratio_AN RICE CRACKER SEAWEED 111.3G_T118_4,1.0
CG_LT,118,,MM HIEP PHU,MM BINH PHU,AN RICE CRACKER SEAWEED 111.3G,88.48154,0.6,2.0,55.088924,PRICED_E1_shortage_ratio_AN RICE CRACKER SEAWEED 111.3G_T118_4,1.0
CG_LT,119,,MM DA NANG,MM AN PHU,AN RICE CRACKER SEAWEED 111.3G,50.0,0.6,2.0,32.0,PRICED_E1_shortage_ratio_AN RICE CRACKER SEAWEED 111.3G_T119_1,1.0
CG_LT,119,,MM DA NANG,MM BINH PHU,AN RICE CRACKER SEAWEED 111.3G,85.991026,0.6,2.0,53.594616,PRICED_E1_shortage_ratio_AN RICE CRACKER SEAWEED 111.3G_T119_1,1.0
CG_LT,119,,MM DA NANG,MM AN PHU,AN RICE CRACKER SEAWEED 111.3G,12.127413,0.6,0.485097,7.761544,PRICED_E1_shortage_ratio_AN RICE CRACKER SEAWEED 111.3G_T119_2,0.242548
CG_LT,119,,MM HIEP PHU,MM BINH PHU,AN RICE CRACKER SEAWEED 111.3G,20.856974,0.6,0.485097,12.999281,PRICED_E1_shortage_ratio_AN RICE CRACKER SEAWEED 111.3G_T119_2,0.242548
CG_LT,11,,MM BINH PHU,MM DA NANG,AN RICE CRACKER SEAWEED 111.3G,2.239879,0.6,0.105175,1.449102,PRICED_E1_shortage_ratio_AN RICE CRACKER SEAWEED 111.3G_T11_5,0.052588
CG_LT,11,,MM HIEP PHU,MM AN PHU,AN RICE CRACKER SEAWEED 111.3G,7.463892,0.6,0.105175,4.58351,PRICED_E1_shortage_ratio_AN RICE CRACKER SEAWEED 111.3G_T11_5,0.052588
CG_LT,120,,MM DA NANG,MM BINH DUONG,AN RICE CRACKER SEAWEED 111.3G,50.554673,0.6,0.556189,30.888993,PRICED_E1_shortage_ratio_AN RICE CRACKER SEAWEED 111.3G_T120_1,0.278094
CG_LT,120,,MM HIEP PHU,MM AN PHU,AN RICE CRACKER SEAWEED 111.3G,6.131575,0.6,0.556189,4.235134,PRICED_E1_shortage_ratio_AN RICE CRACKER SEAWEED 111.3G_T120_1,0.278094
CG_LT,120,,MM HIEP PHU,MM BINH DUONG,AN RICE CRACKER SEAWEED 111.3G,12.750381,0.6,0.556189,8.206417,PRICED_E1_shortage_ratio_AN RICE CRACKER SEAWEED 111.3G_T120_1,0.278094
CG_LT,120,,MM DA NANG,MM AN PHU,AN RICE CRACKER SEAWEED 111.3G,22.400602,0.6,1.640731,15.081092,PRICED_E1_shortage_ratio_AN RICE CRACKER SEAWEED 111.3G_T120_2,0.820365
CG_LT,120,,MM DA NANG,MM BINH DUONG,AN RICE CRACKER SEAWEED 111.3G,111.805226,0.6,1.640731,68.723866,PRICED_E1_shortage_ratio_AN RICE CRACKER SEAWEED 111.3G_T120_2,0.820365
CG_LT,120,,MM DA NANG,MM BINH PHU,AN RICE CRACKER SEAWEED 111.3G,14.928093,0.6,1.640731,10.597587,PRICED_E1_shortage_ratio_AN RICE CRACKER SEAWEED 111.3G_T120_2,0.820365
CG_LT,120,,MM HIEP PHU,MM BINH DUONG,AN RICE CRACKER SEAWEED 111.3G,55.700887,0.6,1.640731,35.061263,PRICED_E1_shortage_ratio_AN RICE CRACKER SEAWEED 111.3G_T120_2,0.820365
CG_LT,121,,MM BIEN HOA,MM BINH PHU,AN RICE CRACKER SEAWEED 111.3G,25.471014,0.6,2.0,17.282609,PRICED_E1_shortage_ratio_AN RICE CRACKER SEAWEED 111.3G_T121_2,1.0
CG_LT,121,,MM DA NANG,MM AN PHU,AN RICE CRACKER SEAWEED 111.3G,76.632028,0.6,2.0,47.979217,PRICED_E1_shortage_ratio_AN RICE CRACKER SEAWEED 111.3G_T121_2,1.0
CG_LT,121,,MM BIEN HOA,MM AN PHU,AN RICE CRACKER SEAWEED 111.3G,12.727972,0.6,0.332184,7.968967,PRICED_E1_shortage_ratio_AN RICE CRACKER SEAWEED 111.3G_T121_5,0.166092
CG_LT,121,,MM DA NANG,MM BINH PHU,AN RICE CRACKER SEAWEED 111.3G,4.230534,0.6,0.332184,2.870504,PRICED_E1_shortage_ratio_AN RICE CRACKER SEAWEED 111.3G_T121_5,0.166092
CG_LT,122,,MM BIEN HOA,MM AN PHU,AN RICE CRACKER SEAWEED 111.3G,23.937873,0.6,0.661065,15.023789,PRICED_E1_shortage_ratio_AN RICE CRACKER SEAWEED 111.3G_T122_1,0.330533
CG_LT,122,,MM BIEN HOA,MM BINH PHU,AN RICE CRACKER SEAWEED 111.3G,5.842922,0.6,0.661065,4.166819,PRICED_E1_shortage_ratio_AN RICE CRACKER SEAWEED 111.3G_T122_1,0.330533
CG_LT,122,,MM BIEN HOA,MM BINH PHU,AN RICE CRACKER SEAWEED 111.3G,17.677296,0.6,2.0,12.606377,PRICED_E1_shortage_ratio_AN RICE CRACKER SEAWEED 111.3G_T122_2,1.0
CG_LT,122,,MM DA NANG,MM AN PHU,AN RICE CRACKER SEAWEED 111.3G,72.422127,0.6,2.0,45.453276,PRICED_E1_shortage_ratio_AN RICE CRACKER SEAWEED 111.3G_T122_2,1.0
CG_LT,123,,MM BIEN HOA,MM AN PHU,AN RICE CRACKER SEAWEED 111.3G,8.662571,0.6,2.0,7.197543,PRICED_E1_shortage_ratio_AN RICE CRACKER SEAWEED 111.3G_T123_1,1.0
CG_LT,123,,MM BIEN HOA,MM BINH PHU,AN RICE CRACKER SEAWEED 111.3G,9.932999,0.6,2.0,7.9598,PRICED_E1_shortage_ratio_AN RICE CRACKER SEAWEED 111.3G_T123_1,1.0
CG_LT,123,,MM BIEN HOA,MM HIEP PHU,AN RICE CRACKER SEAWEED 111.3G,96.40265,0.6,2.0,59.84159,PRICED_E1_shortage_ratio_AN RICE CRACKER SEAWEED 111.3G_T123_1,1.0
CG_LT,124,,MM BIEN HOA,MM AN PHU,AN RICE CRACKER SEAWEED 111.3G,2.6535,0.6,0.585768,2.177868,PRICED_E1_shortage_ratio_AN RICE CRACKER SEAWEED 111.3G_T124_1,0.292884
CG_LT,124,,MM BIEN HOA,MM HIEP PHU,AN RICE CRACKER SEAWEED 111.3G,6.46939,0.6,0.585768,4.467402,PRICED_E1_shortage_ratio_AN RICE CRACKER SEAWEED 111.3G_T124_1,0.292884
CG_LT,124,,MM BIEN HOA,MM AN PHU,AN RICE CRACKER SEAWEED 111.3G,9.059894,0.6,2.0,7.435936,PRICED_E1_shortage_ratio_AN RICE CRACKER SEAWEED 111.3G_T124_2,1.0
CG_LT,124,,MM DA NANG,MM HIEP PHU,AN RICE CRACKER SEAWEED 111.3G,22.088558,0.6,2.0,15.253135,PRICED_E1_shortage_ratio_AN RICE CRACKER SEAWEED 111.3G_T124_2,1.0
CG_LT,125,,MM DA NANG,MM AN PHU,AN RICE CRACKER SEAWEED 111.3G,4.739162,0.6,2.0,4.843497,PRICED_E1_shortage_ratio_AN RICE CRACKER SEAWEED 111.3G_T125_1,1.0
CG_LT,125,,MM DA NANG,MM HIEP PHU,AN RICE CRACKER SEAWEED 111.3G,97.195439,0.6,2.0,60.317263,PRICED_E1_shortage_ratio_AN RICE CRACKER SEAWEED 111.3G_T125_1,1.0
CG_LT,125,,MM DA NANG,MM AN PHU,AN RICE CRACKER SEAWEED 111.3G,9.685149,0.6,0.394476,6.205566,PRICED_E1_shortage_ratio_AN RICE CRACKER SEAWEED 111.3G_T125_2,0.197238
CG_LT,125,,MM DA NANG,MM BIEN HOA,AN RICE CRACKER SEAWEED 111.3G,6.618188,0.6,0.394476,4.365389,PRICED_E1_shortage_ratio_AN RICE CRACKER SEAWEED 111.3G_T125_2,0.197238
CG_LT,125,,MM DA NANG,MM BINH PHU,AN RICE CRACKER SEAWEED 111.3G,3.802061,0.6,0.394476,2.675713,PRICED_E1_shortage_ratio_AN RICE CRACKER SEAWEED 111.3G_T125_2,0.197238
CG_LT,126,,MM DA NANG,MM AN PHU,AN RICE CRACKER SEAWEED 111.3G,35.232,0.6,1.948398,23.087598,PRICED_E1_shortage_ratio_AN RICE CRACKER SEAWEED 111.3G_T126_1,0.974199
CG_LT,126,,MM DA NANG,MM HIEP PHU,AN RICE CRACKER SEAWEED 111.3G,56.945561,0.6,1.948398,36.115735,PRICED_E1_shortage_ratio_AN RICE CRACKER SEAWEED 111.3G_T126_1,0.974199
CG_LT,126,,MM BINH DUONG,MM AN PHU,AN RICE CRACKER SEAWEED 111.3G,21.978134,0.6,1.329682,14.516562,PRICED_E1_shortage_ratio_AN RICE CRACKER SEAWEED 111.3G_T126_5,0.664841
CG_LT,126,,MM DA NANG,MM HIEP PHU,AN RICE CRACKER SEAWEED 111.3G,38.862439,0.6,1.329682,24.647145,PRICED_E1_shortage_ratio_AN RICE CRACKER SEAWEED 111.3G_T126_5,0.664841
CG_LT,127,,MM DA NANG,MM AN PHU,AN RICE CRACKER SEAWEED 111.3G,45.086705,0.6,2.0,29.052023,PRICED_E1_shortage_ratio_AN RICE CRACKER SEAWEED 111.3G_T127_1,1.0
CG_LT,127,,MM DA NANG,MM HIEP PHU,AN RICE CRACKER SEAWEED 111.3G,31.780328,0.6,2.0,21.068197,PRICED_E1_shortage_ratio_AN RICE CRACKER SEAWEED 111.3G_T127_1,1.0
CG_LT,127,,MM BIEN HOA,MM AN PHU,AN RICE CRACKER SEAWEED 111.3G,11.579211,0.6,0.881709,7.829236,PRICED_E1_shortage_ratio_AN RICE CRACKER SEAWEED 111.3G_T127_5,0.440854
CG_LT,127,,MM DA NANG,MM AN PHU,AN RICE CRACKER SEAWEED 111.3G,8.297465,0.6,0.881709,5.860188,PRICED_E1_shortage_ratio_AN RICE CRACKER SEAWEED 111.3G_T127_5,0.440854
CG_LT,127,,MM DA NANG,MM HIEP PHU,AN RICE CRACKER SEAWEED 111.3G,14.0105,0.6,0.881709,9.288009,PRICED_E1_shortage_ratio_AN RICE CRACKER SEAWEED 111.3G_T127_5,0.440854
CG_LT,128,,MM BIEN HOA,MM HIEP PHU,AN RICE CRACKER SEAWEED 111.3G,22.641332,0.6,2.0,15.584799,PRICED_E1_shortage_ratio_AN RICE CRACKER SEAWEED 111.3G_T128_1,1.0
CG_LT,128,,MM DA NANG,MM HIEP PHU,AN RICE CRACKER SEAWEED 111.3G,29.804578,0.6,2.0,19.882747,PRICED_E1_shortage_ratio_AN RICE CRACKER SEAWEED 111.3G_T128_1,1.0
CG_LT,128,,MM BIEN HOA,MM HIEP PHU,AN RICE CRACKER SEAWEED 111.3G,22.641332,0.6,2.0,15.584799,PRICED_E1_shortage_ratio_AN RICE CRACKER SEAWEED 111.3G_T128_2,1.0
CG_LT,128,,MM DA NANG,MM AN PHU,AN RICE CRACKER SEAWEED 111.3G,29.804578,0.6,2.0,19.882747,PRICED_E1_shortage_ratio_AN RICE CRACKER SEAWEED 111.3G_T128_2,1.0
CG_LT,128,,MM BIEN HOA,MM AN PHU,AN RICE CRACKER SEAWEED 111.3G,3.393511,0.6,0.299762,2.335869,PRICED_E1_shortage_ratio_AN RICE CRACKER SEAWEED 111.3G_T128_5,0.149881
CG_LT,128,,MM DA NANG,MM HIEP PHU,AN RICE CRACKER SEAWEED 111.3G,4.467147,0.6,0.299762,2.980051,PRICED_E1_shortage_ratio_AN RICE CRACKER SEAWEED 111.3G_T128_5,0.149881
CG_LT,129,,MM BIEN HOA,MM HIEP PHU,AN RICE CRACKER SEAWEED 111.3G,1.555539,0.6,0.193446,1.12677,PRICED_E1_shortage_ratio_AN RICE CRACKER SEAWEED 111.3G_T129_2,0.096723
CG_LT,129,,MM DA NANG,MM BINH PHU,AN RICE CRACKER SEAWEED 111.3G,2.630315,0.6,0.193446,1.771636,PRICED_E1_shortage_ratio_AN RICE CRACKER SEAWEED 111.3G_T129_2,0.096723
CG_LT,129,,MM DA NANG,MM HIEP PHU,AN RICE CRACKER SEAWEED 111.3G,1.845296,0.6,0.193446,1.300624,PRICED_E1_shortage_ratio_AN RICE CRACKER SEAWEED 111.3G_T129_2,0.096723
CG_LT,129,,MM BIEN HOA,MM BINH PHU,AN RICE CRACKER SEAWEED 111.3G,16.082371,0.6,2.0,11.649423,PRICED_E1_shortage_ratio_AN RICE CRACKER SEAWEED 111.3G_T129_4,1.0
CG_LT,129,,MM DA NANG,MM HIEP PHU,AN RICE CRACKER SEAWEED 111.3G,46.272354,0.6,2.0,29.763413,PRICED_E1_shortage_ratio_AN RICE CRACKER SEAWEED 111.3G_T129_4,1.0
CG_LT,130,,MM BIEN HOA,MM AN PHU,AN RICE CRACKER SEAWEED 111.3G,5.463231,0.6,1.168507,4.446446,PRICED_E1_shortage_ratio_AN RICE CRACKER SEAWEED 111.3G_T130_2,0.584254
CG_LT,130,,MM BIEN HOA,MM BINH PHU,AN RICE CRACKER SEAWEED 111.3G,3.301883,0.6,1.168507,3.149637,PRICED_E1_shortage_ratio_AN RICE CRACKER SEAWEED 111.3G_T130_2,0.584254
CG_LT,130,,MM DA NANG,MM HIEP PHU,AN RICE CRACKER SEAWEED 111.3G,11.594136,0.6,1.168507,8.124988,PRICED_E1_shortage_ratio_AN RICE CRACKER SEAWEED 111.3G_T130_2,0.584254
CG_LT,131,,MM BIEN HOA,MM AN PHU,AN RICE CRACKER SEAWEED 111.3G,16.082748,0.6,2.0,11.649649,PRICED_E1_shortage_ratio_AN RICE CRACKER SEAWEED 111.3G_T131_1,1.0
CG_LT,131,,MM BINH DUONG,MM AN PHU,AN RICE CRACKER SEAWEED 111.3G,16.082748,0.6,2.0,11.649649,PRICED_E1_shortage_ratio_AN RICE CRACKER SEAWEED 111.3G_T131_2,1.0
CG_LT,131,,MM DA NANG,MM AN PHU,AN RICE CRACKER SEAWEED 111.3G,7.130504,0.6,0.886727,5.16503,PRICED_E1_shortage_ratio_AN RICE CRACKER SEAWEED 111.3G_T131_3,0.443364
CG_LT,132,,MM BINH DUONG,MM AN PHU,AN RICE CRACKER SEAWEED 111.3G,55.715473,0.6,2.0,35.429284,PRICED_E1_shortage_ratio_AN RICE CRACKER SEAWEED 111.3G_T132_1,1.0
CG_LT,132,,MM DA NANG,MM AN PHU,AN RICE CRACKER SEAWEED 111.3G,16.93398,0.6,0.607874,10.768262,PRICED_E1_shortage_ratio_AN RICE CRACKER SEAWEED 111.3G_T132_2,0.303937
CG_LT,133,,MM BIEN HOA,MM BINH PHU,AN RICE CRACKER SEAWEED 111.3G,11.379558,0.6,2.0,8.827735,PRICED_E1_shortage_ratio_AN RICE CRACKER SEAWEED 111.3G_T133_1,1.0
CG_LT,133,,MM HIEP PHU,MM AN PHU,AN RICE CRACKER SEAWEED 111.3G,57.082588,0.6,2.0,36.249553,PRICED_E1_shortage_ratio_AN RICE CRACKER SEAWEED 111.3G_T133_1,1.0
CG_LT,134,,MM HIEP PHU,MM AN PHU,AN RICE CRACKER SEAWEED 111.3G,122.628057,0.6,2.0,75.576834,PRICED_E1_shortage_ratio_AN RICE CRACKER SEAWEED 111.3G_T134_1,1.0
CG_LT,134,,MM BIEN HOA,MM AN PHU,AN RICE CRACKER SEAWEED 111.3G,7.881385,0.6,0.511137,5.239968,PRICED_E1_shortage_ratio_AN RICE CRACKER SEAWEED 111.3G_T134_4,0.255568
CG_LT,134,,MM HIEP PHU,MM AN PHU,AN RICE CRACKER SEAWEED 111.3G,23.458479,0.6,0.511137,14.586225,PRICED_E1_shortage_ratio_AN RICE CRACKER SEAWEED 111.3G_T134_4,0.255568
CG_LT,135,,MM BIEN HOA,MM AN PHU,AN RICE CRACKER SEAWEED 111.3G,23.810828,0.6,2.0,16.286497,PRICED_E1_shortage_ratio_AN RICE CRACKER SEAWEED 111.3G_T135_1,1.0
CG_LT,135,,MM HIEP PHU,MM AN PHU,AN RICE CRACKER SEAWEED 111.3G,143.057945,0.6,2.0,87.834767,PRICED_E1_shortage_ratio_AN RICE CRACKER SEAWEED 111.3G_T135_1,1.0
CG_LT,135,,MM BIEN HOA,MM AN PHU,AN RICE CRACKER SEAWEED 111.3G,0.685314,0.6,0.057563,0.468752,PRICED_E1_shortage_ratio_AN RICE CRACKER SEAWEED 111.3G_T135_2,0.028782
CG_LT,135,,MM HIEP PHU,MM AN PHU,AN RICE CRACKER SEAWEED 111.3G,3.755562,0.6,0.057563,2.310901,PRICED_E1_shortage_ratio_AN RICE CRACKER SEAWEED 111.3G_T135_2,0.028782
CG_LT,135,,MM HIEP PHU,MM BINH PHU,AN RICE CRACKER SEAWEED 111.3G,0.361878,0.6,0.057563,0.27469,PRICED_E1_shortage_ratio_AN RICE CRACKER SEAWEED 111.3G_T135_2,0.028782
CG_LT,136,,MM BIEN HOA,MM DA NANG,AN RICE CRACKER SEAWEED 111.3G,0.196162,0.6,0.026295,0.143993,PRICED_E1_shortage_ratio_AN RICE CRACKER SEAWEED 111.3G_T136_1,0.013148
CG_LT,136,,MM HIEP PHU,MM AN PHU,AN RICE CRACKER SEAWEED 111.3G,1.861772,0.6,0.026295,1.143358,PRICED_E1_shortage_ratio_AN RICE CRACKER SEAWEED 111.3G_T136_1,0.013148
CG_LT,136,,MM HIEP PHU,MM AN PHU,AN RICE CRACKER SEAWEED 111.3G,141.605113,0.6,2.0,86.963068,PRICED_E1_shortage_ratio_AN RICE CRACKER SEAWEED 111.3G_T136_5,1.0
CG_LT,136,,MM HIEP PHU,MM DA NANG,AN RICE CRACKER SEAWEED 111.3G,14.919968,0.6,2.0,10.951981,PRICED_E1_shortage_ratio_AN RICE CRACKER SEAWEED 111.3G_T136_5,1.0
CG_LT,137,,MM BIEN HOA,MM BINH PHU,AN RICE CRACKER SEAWEED 111.3G,1.884391,0.6,0.50261,1.633245,PRICED_E1_shortage_ratio_AN RICE CRACKER SEAWEED 111.3G_T137_4,0.251305
CG_LT,137,,MM HIEP PHU,MM AN PHU,AN RICE CRACKER SEAWEED 111.3G,17.881312,0.6,0.50261,11.231397,PRICED_E1_shortage_ratio_AN RICE CRACKER SEAWEED 111.3G_T137_4,0.251305
CG_LT,137,,MM HIEP PHU,MM DA NANG,AN RICE CRACKER SEAWEED 111.3G,6.719553,0.6,0.50261,4.534342,PRICED_E1_shortage_ratio_AN RICE CRACKER SEAWEED 111.3G_T137_4,0.251305
CG_LT,138,,MM HIEP PHU,MM AN PHU,AN RICE CRACKER SEAWEED 111.3G,121.41911,0.6,2.0,74.851466,PRICED_E1_shortage_ratio_AN RICE CRACKER SEAWEED 111.3G_T138_1,1.0
CG_LT,138,,MM BINH DUONG,MM AN PHU,AN RICE CRACKER SEAWEED 111.3G,0.006853,0.6,0.153781,0.157892,PRICED_E1_shortage_ratio_AN RICE CRACKER SEAWEED 111.3G_T138_3,0.07689
CG_LT,138,,MM HIEP PHU,MM AN PHU,AN RICE CRACKER SEAWEED 111.3G,9.329093,0.6,0.153781,5.751237,PRICED_E1_shortage_ratio_AN RICE CRACKER SEAWEED 111.3G_T138_3,0.07689
CG_LT,139,,MM HIEP PHU,MM AN PHU,AN RICE CRACKER SEAWEED 111.3G,93.041257,0.6,2.0,57.824754,PRICED_E1_shortage_ratio_AN RICE CRACKER SEAWEED 111.3G_T139_1,1.0
CG_LT,139,,MM BINH DUONG,MM AN PHU,AN RICE CRACKER SEAWEED 111.3G,0.27604,0.6,0.103963,0.269587,PRICED_E1_shortage_ratio_AN RICE CRACKER SEAWEED 111.3G_T139_2,0.051982
CG_LT,139,,MM HIEP PHU,MM AN PHU,AN RICE CRACKER SEAWEED 111.3G,4.560396,0.6,0.103963,2.840201,PRICED_E1_shortage_ratio_AN RICE CRACKER SEAWEED 111.3G_T139_2,0.051982
CG_LT,13,,MM BIEN HOA,MM BINH PHU,AN RICE CRACKER SEAWEED 111.3G,20.287715,0.6,1.53743,13.710059,PRICED_E1_shortage_ratio_AN RICE CRACKER SEAWEED 111.3G_T13_1,0.768715
CG_LT,13,,MM HIEP PHU,MM BINH DUONG,AN RICE CRACKER SEAWEED 111.3G,110.793427,0.6,1.53743,68.013486,PRICED_E1_shortage_ratio_AN RICE CRACKER SEAWEED 111.3G_T13_1,0.768715
CG_LT,13,,MM HIEP PHU,MM BINH PHU,AN RICE CRACKER SEAWEED 111.3G,36.963241,0.6,1.53743,23.715374,PRICED_E1_shortage_ratio_AN RICE CRACKER SEAWEED 111.3G_T13_1,0.768715
CG_LT,13,,MM BIEN HOA,MM BINH DUONG,AN RICE CRACKER SEAWEED 111.3G,12.277036,0.6,0.93037,8.296592,PRICED_E1_shortage_ratio_AN RICE CRACKER SEAWEED 111.3G_T13_2,0.465185
CG_LT,13,,MM HIEP PHU,MM BINH DUONG,AN RICE CRACKER SEAWEED 111.3G,33.699069,0.6,0.93037,21.149811,PRICED_E1_shortage_ratio_AN RICE CRACKER SEAWEED 111.3G_T13_2,0.465185
CG_LT,13,,MM HIEP PHU,MM BINH PHU,AN RICE CRACKER SEAWEED 111.3G,41.037247,0.6,0.93037,25.552719,PRICED_E1_shortage_ratio_AN RICE CRACKER SEAWEED 111.3G_T13_2,0.465185
CG_LT,13,,MM HIEP PHU,MM DA NANG,AN RICE CRACKER SEAWEED 111.3G,14.678088,0.6,0.93037,9.737223,PRICED_E1_shortage_ratio_AN RICE CRACKER SEAWEED 111.3G_T13_2,0.465185
CG_LT,140,,MM BIEN HOA,MM BINH PHU,AN RICE CRACKER SEAWEED 111.3G,6.371184,0.6,2.0,5.82271,PRICED_E1_shortage_ratio_AN RICE CRACKER SEAWEED 111.3G_T140_1,1.0
CG_LT,140,,MM HIEP PHU,MM AN PHU,AN RICE CRACKER SEAWEED 111.3G,153.238073,0.6,2.0,93.942844,PRICED_E1_shortage_ratio_AN RICE CRACKER SEAWEED 111.3G_T140_1,1.0
CG_LT,140,,MM HIEP PHU,MM DA NANG,AN RICE CRACKER SEAWEED 111.3G,41.684943,0.6,2.0,27.010966,PRICED_E1_shortage_ratio_AN RICE CRACKER SEAWEED 111.3G_T140_1,1.0
CG_LT,141,,MM BIEN HOA,MM BINH PHU,AN RICE CRACKER SEAWEED 111.3G,80.623232,0.6,2.0,50.373939,PRICED_E1_shortage_ratio_AN RICE CRACKER SEAWEED 111.3G_T141_1,1.0
CG_LT,141,,MM HIEP PHU,MM AN PHU,AN RICE CRACKER SEAWEED 111.3G,259.469349,0.6,2.0,157.681609,PRICED_E1_shortage_ratio_AN RICE CRACKER SEAWEED 111.3G_T141_1,1.0
CG_LT,141,,MM HIEP PHU,MM DA NANG,AN RICE CRACKER SEAWEED 111.3G,93.576489,0.6,2.0,58.145893,PRICED_E1_shortage_ratio_AN RICE CRACKER SEAWEED 111.3G_T141_1,1.0
CG_LT,142,,MM BIEN HOA,MM AN PHU,AN RICE CRACKER SEAWEED 111.3G,1.096378,0.6,0.132743,0.79057,PRICED_E1_shortage_ratio_AN RICE CRACKER SEAWEED 111.3G_T142_3,0.066372
CG_LT,142,,MM HIEP PHU,MM AN PHU,AN RICE CRACKER SEAWEED 111.3G,23.05015,0.6,0.132743,13.962833,PRICED_E1_shortage_ratio_AN RICE CRACKER SEAWEED 111.3G_T142_3,0.066372
CG_LT,142,,MM HIEP PHU,MM BINH DUONG,AN RICE CRACKER SEAWEED 111.3G,1.953124,0.6,0.132743,1.304617,PRICED_E1_shortage_ratio_AN RICE CRACKER SEAWEED 111.3G_T142_3,0.066372
CG_LT,142,,MM HIEP PHU,MM BINH PHU,AN RICE CRACKER SEAWEED 111.3G,6.380626,0.6,0.132743,3.961119,PRICED_E1_shortage_ratio_AN RICE CRACKER SEAWEED 111.3G_T142_3,0.066372
CG_LT,142,,MM BIEN HOA,MM AN PHU,AN RICE CRACKER SEAWEED 111.3G,15.567584,0.6,1.884832,11.225382,PRICED_E1_shortage_ratio_AN RICE CRACKER SEAWEED 111.3G_T142_5,0.942416
CG_LT,142,,MM HIEP PHU,MM AN PHU,AN RICE CRACKER SEAWEED 111.3G,379.611172,0.6,1.884832,229.651535,PRICED_E1_shortage_ratio_AN RICE CRACKER SEAWEED 111.3G_T142_5,0.942416
CG_LT,142,,MM HIEP PHU,MM DA NANG,AN RICE CRACKER SEAWEED 111.3G,66.011844,0.6,1.884832,41.491938,PRICED_E1_shortage_ratio_AN RICE CRACKER SEAWEED 111.3G_T142_5,0.942416
CG_LT,143,,MM HIEP PHU,MM AN PHU,AN RICE CRACKER SEAWEED 111.3G,38.026166,0.6,0.177472,22.993171,PRICED_E1_shortage_ratio_AN RICE CRACKER SEAWEED 111.3G_T143_1,0.088736
CG_LT,143,,MM HIEP PHU,MM BINH PHU,AN RICE CRACKER SEAWEED 111.3G,2.613,0.6,0.177472,1.745272,PRICED_E1_shortage_ratio_AN RICE CRACKER SEAWEED 111.3G_T143_1,0.088736
CG_LT,143,,MM HIEP PHU,MM AN PHU,AN RICE CRACKER SEAWEED 111.3G,393.876842,0.6,2.0,238.326105,PRICED_E1_shortage_ratio_AN RICE CRACKER SEAWEED 111.3G_T143_4,1.0
CG_LT,143,,MM HIEP PHU,MM DA NANG,AN RICE CRACKER SEAWEED 111.3G,64.102395,0.6,2.0,40.461437,PRICED_E1_shortage_ratio_AN RICE CRACKER SEAWEED 111.3G_T143_4,1.0
CG_LT,144,,MM HIEP PHU,MM AN PHU,AN RICE CRACKER SEAWEED 111.3G,193.465517,0.6,2.0,118.07931,PRICED_E1_shortage_ratio_AN RICE CRACKER SEAWEED 111.3G_T144_1,1.0
CG_LT,144,,MM HIEP PHU,MM BINH DUONG,AN RICE CRACKER SEAWEED 111.3G,49.802063,0.6,2.0,31.881238,PRICED_E1_shortage_ratio_AN RICE CRACKER SEAWEED 111.3G_T144_1,1.0
CG_LT,144,,MM HIEP PHU,MM BINH PHU,AN RICE CRACKER SEAWEED 111.3G,26.209527,0.6,2.0,17.725716,PRICED_E1_shortage_ratio_AN RICE CRACKER SEAWEED 111.3G_T144_1,1.0
CG_LT,144,,MM HIEP PHU,MM DA NANG,AN RICE CRACKER SEAWEED 111.3G,47.38316,0.6,2.0,30.429896,PRICED_E1_shortage_ratio_AN RICE CRACKER SEAWEED 111.3G_T144_1,1.0
CG_LT,144,,MM BIEN HOA,MM AN PHU,AN RICE CRACKER SEAWEED 111.3G,0.150441,0.6,0.084273,0.174538,PRICED_E1_shortage_ratio_AN RICE CRACKER SEAWEED 111.3G_T144_4,0.042137
CG_LT,144,,MM HIEP PHU,MM AN PHU,AN RICE CRACKER SEAWEED 111.3G,8.001526,0.6,0.084273,4.885189,PRICED_E1_shortage_ratio_AN RICE CRACKER SEAWEED 111.3G_T144_4,0.042137
CG_LT,144,,MM HIEP PHU,MM BINH DUONG,AN RICE CRACKER SEAWEED 111.3G,2.098487,0.6,0.084273,1.343365,PRICED_E1_shortage_ratio_AN RICE CRACKER SEAWEED 111.3G_T144_4,0.042137
CG_LT,144,,MM HIEP PHU,MM BINH PHU,AN RICE CRACKER SEAWEED 111.3G,1.104379,0.6,0.084273,0.7469,PRICED_E1_shortage_ratio_AN RICE CRACKER SEAWEED 111.3G_T144_4,0.042137
CG_LT,144,,MM BIEN HOA,MM AN PHU,AN RICE CRACKER SEAWEED 111.3G,0.332008,0.6,0.185982,0.385187,PRICED_E1_shortage_ratio_AN RICE CRACKER SEAWEED 111.3G_T144_5,0.092991
CG_LT,144,,MM HIEP PHU,MM AN PHU,AN RICE CRACKER SEAWEED 111.3G,17.658507,0.6,0.185982,10.781086,PRICED_E1_shortage_ratio_AN RICE CRACKER SEAWEED 111.3G_T144_5,0.092991
CG_LT,144,,MM HIEP PHU,MM BINH DUONG,AN RICE CRACKER SEAWEED 111.3G,4.631134,0.6,0.185982,2.964662,PRICED_E1_shortage_ratio_AN RICE CRACKER SEAWEED 111.3G_T144_5,0.092991
CG_LT,144,,MM HIEP PHU,MM DA NANG,AN RICE CRACKER SEAWEED 111.3G,4.406199,0.6,0.185982,2.829701,PRICED_E1_shortage_ratio_AN RICE CRACKER SEAWEED 111.3G_T144_5,0.092991
CG_LT,145,,MM HIEP PHU,MM AN PHU,AN RICE CRACKER SEAWEED 111.3G,114.321707,0.6,2.0,70.593024,PRICED_E1_shortage_ratio_AN RICE CRACKER SEAWEED 111.3G_T145_1,1.0
CG_LT,145,,MM HIEP PHU,MM BINH DUONG,AN RICE CRACKER SEAWEED 111.3G,2.624761,0.6,2.0,3.574857,PRICED_E1_shortage_ratio_AN RICE CRACKER SEAWEED 111.3G_T145_1,1.0
CG_LT,145,,MM HIEP PHU,MM BINH PHU,AN RICE CRACKER SEAWEED 111.3G,8.389192,0.6,2.0,7.033515,PRICED_E1_shortage_ratio_AN RICE CRACKER SEAWEED 111.3G_T145_1,1.0
CG_LT,145,,MM HIEP PHU,MM DA NANG,AN RICE CRACKER SEAWEED 111.3G,13.999018,0.6,2.0,10.399411,PRICED_E1_shortage_ratio_AN RICE CRACKER SEAWEED 111.3G_T145_1,1.0
CG_LT,146,,MM HIEP PHU,MM AN PHU,AN RICE CRACKER SEAWEED 111.3G,3.624484,0.6,0.114918,2.289608,PRICED_E1_shortage_ratio_AN RICE CRACKER SEAWEED 111.3G_T146_1,0.057459
CG_LT,146,,MM HIEP PHU,MM BINH DUONG,AN RICE CRACKER SEAWEED 111.3G,2.112192,0.6,0.114918,1.382233,PRICED_E1_shortage_ratio_AN RICE CRACKER SEAWEED 111.3G_T146_1,0.057459
CG_LT,146,,MM BIEN HOA,MM BINH DUONG,AN RICE CRACKER SEAWEED 111.3G,36.005627,0.6,2.0,23.603376,PRICED_E1_shortage_ratio_AN RICE CRACKER SEAWEED 111.3G_T146_5,1.0
CG_LT,146,,MM HIEP PHU,MM AN PHU,AN RICE CRACKER SEAWEED 111.3G,63.079518,0.6,2.0,39.847711,PRICED_E1_shortage_ratio_AN RICE CRACKER SEAWEED 111.3G_T146_5,1.0
CG_LT,147,,MM BIEN HOA,MM BINH PHU,AN RICE CRACKER SEAWEED 111.3G,1.010782,0.6,0.10283,0.7093,PRICED_E1_shortage_ratio_AN RICE CRACKER SEAWEED 111.3G_T147_1,0.051415
CG_LT,147,,MM HIEP PHU,MM AN PHU,AN RICE CRACKER SEAWEED 111.3G,5.102447,0.6,0.10283,3.164298,PRICED_E1_shortage_ratio_AN RICE CRACKER SEAWEED 111.3G_T147_1,0.051415
CG_LT,147,,MM HIEP PHU,MM BINH DUONG,AN RICE CRACKER SEAWEED 111.3G,3.396644,0.6,0.10283,2.140817,PRICED_E1_shortage_ratio_AN RICE CRACKER SEAWEED 111.3G_T147_1,0.051415
CG_LT,148,,MM HIEP PHU,MM AN PHU,AN RICE CRACKER SEAWEED 111.3G,143.699909,0.6,2.0,88.219945,PRICED_E1_shortage_ratio_AN RICE CRACKER SEAWEED 111.3G_T148_1,1.0
CG_LT,148,,MM HIEP PHU,MM BINH PHU,AN RICE CRACKER SEAWEED 111.3G,276.174506,0.6,2.0,167.704704,PRICED_E1_shortage_ratio_AN RICE CRACKER SEAWEED 111.3G_T148_1,1.0
CG_LT,14,,MM HIEP PHU,MM BINH DUONG,AN RICE CRACKER SEAWEED 111.3G,138.016693,0.6,2.0,84.810016,PRICED_E1_shortage_ratio_AN RICE CRACKER SEAWEED 111.3G_T14_1,1.0
CG_LT,14,,MM HIEP PHU,MM DA NANG,AN RICE CRACKER SEAWEED 111.3G,42.824514,0.6,2.0,27.694708,PRICED_E1_shortage_ratio_AN RICE CRACKER SEAWEED 111.3G_T14_1,1.0
CG_LT,14,,MM HIEP PHU,MM AN PHU,AN RICE CRACKER SEAWEED 111.3G,23.389646,0.6,0.778906,14.812694,PRICED_E1_shortage_ratio_AN RICE CRACKER SEAWEED 111.3G_T14_2,0.389453
CG_LT,14,,MM HIEP PHU,MM DA NANG,AN RICE CRACKER SEAWEED 111.3G,47.039547,0.6,0.778906,29.002635,PRICED_E1_shortage_ratio_AN RICE CRACKER SEAWEED 111.3G_T14_2,0.389453
CG_LT,150,,MM HIEP PHU,MM AN PHU,AN RICE CRACKER SEAWEED 111.3G,87.695896,0.6,2.0,54.617537,PRICED_E1_shortage_ratio_AN RICE CRACKER SEAWEED 111.3G_T150_1,1.0
CG_LT,150,,MM HIEP PHU,MM BINH PHU,AN RICE CRACKER SEAWEED 111.3G,10.072531,0.6,2.0,8.043519,PRICED_E1_shortage_ratio_AN RICE CRACKER SEAWEED 111.3G_T150_1,1.0
CG_LT,150,,MM HIEP PHU,MM DA NANG,AN RICE CRACKER SEAWEED 111.3G,9.59105,0.6,2.0,7.75463,PRICED_E1_shortage_ratio_AN RICE CRACKER SEAWEED 111.3G_T150_1,1.0
CG_LT,151,,MM HIEP PHU,MM DA NANG,AN RICE CRACKER SEAWEED 111.3G,46.040508,0.6,2.0,29.624305,PRICED_E1_shortage_ratio_AN RICE CRACKER SEAWEED 111.3G_T151_1,1.0
CG_LT,151,,MM AN PHU,MM DA NANG,AN RICE CRACKER SEAWEED 111.3G,4.560571,0.6,0.678087,3.41443,PRICED_E1_shortage_ratio_AN RICE CRACKER SEAWEED 111.3G_T151_2,0.339044
CG_LT,151,,MM BIEN HOA,MM DA NANG,AN RICE CRACKER SEAWEED 111.3G,11.049167,0.6,0.678087,7.307587,PRICED_E1_shortage_ratio_AN RICE CRACKER SEAWEED 111.3G_T151_2,0.339044
CG_LT,152,,MM HIEP PHU,MM DA NANG,AN RICE CRACKER SEAWEED 111.3G,97.195158,0.6,2.0,60.317095,PRICED_E1_shortage_ratio_AN RICE CRACKER SEAWEED 111.3G_T152_1,1.0
CG_LT,152,,MM AN PHU,MM DA NANG,AN RICE CRACKER SEAWEED 111.3G,2.302449,0.6,0.39765,1.77912,PRICED_E1_shortage_ratio_AN RICE CRACKER SEAWEED 111.3G_T152_3,0.198825
CG_LT,152,,MM HIEP PHU,MM DA NANG,AN RICE CRACKER SEAWEED 111.3G,17.022393,0.6,0.39765,10.611086,PRICED_E1_shortage_ratio_AN RICE CRACKER SEAWEED 111.3G_T152_3,0.198825
CG_LT,153,,MM BIEN HOA,MM BINH PHU,AN RICE CRACKER SEAWEED 111.3G,6.0,0.6,2.0,5.6,PRICED_E1_shortage_ratio_AN RICE CRACKER SEAWEED 111.3G_T153_5,1.0
CG_LT,153,,MM HIEP PHU,MM DA NANG,AN RICE CRACKER SEAWEED 111.3G,65.64,0.6,2.0,41.384,PRICED_E1_shortage_ratio_AN RICE CRACKER SEAWEED 111.3G_T153_5,1.0
CG_LT,15,,MM HIEP PHU,MM DA NANG,AN RICE CRACKER SEAWEED 111.3G,162.044067,0.6,2.0,99.22644,PRICED_E1_shortage_ratio_AN RICE CRACKER SEAWEED 111.3G_T15_1,1.0
CG_LT,15,,MM HIEP PHU,MM BINH DUONG,AN RICE CRACKER SEAWEED 111.3G,5.21558,0.6,1.090991,4.22034,PRICED_E1_shortage_ratio_AN RICE CRACKER SEAWEED 111.3G_T15_4,0.545496
CG_LT,15,,MM HIEP PHU,MM DA NANG,AN RICE CRACKER SEAWEED 111.3G,83.178753,0.6,1.090991,50.998243,PRICED_E1_shortage_ratio_AN RICE CRACKER SEAWEED 111.3G_T15_4,0.545496
CG_LT,16,,MM BIEN HOA,MM AN PHU,AN RICE CRACKER SEAWEED 111.3G,1.0,0.6,2.0,2.6,PRICED_E1_shortage_ratio_AN RICE CRACKER SEAWEED 111.3G_T16_1,1.0
CG_LT,16,,MM HIEP PHU,MM AN PHU,AN RICE CRACKER SEAWEED 111.3G,126.733531,0.6,2.0,78.040118,PRICED_E1_shortage_ratio_AN RICE CRACKER SEAWEED 111.3G_T16_1,1.0
CG_LT,16,,MM HIEP PHU,MM DA NANG,AN RICE CRACKER SEAWEED 111.3G,268.320301,0.6,2.0,162.992181,PRICED_E1_shortage_ratio_AN RICE CRACKER SEAWEED 111.3G_T16_1,1.0
CG_LT,16,,MM BIEN HOA,MM DA NANG,AN RICE CRACKER SEAWEED 111.3G,0.015495,0.6,0.03099,0.040287,PRICED_E1_shortage_ratio_AN RICE CRACKER SEAWEED 111.3G_T16_2,0.015495
CG_LT,16,,MM HIEP PHU,MM AN PHU,AN RICE CRACKER SEAWEED 111.3G,4.129645,0.6,0.03099,2.508777,PRICED_E1_shortage_ratio_AN RICE CRACKER SEAWEED 111.3G_T16_2,0.015495
CG_LT,16,,MM HIEP PHU,MM BINH PHU,AN RICE CRACKER SEAWEED 111.3G,1.279846,0.6,0.03099,0.798897,PRICED_E1_shortage_ratio_AN RICE CRACKER SEAWEED 111.3G_T16_2,0.015495
CG_LT,16,,MM HIEP PHU,MM DA NANG,AN RICE CRACKER SEAWEED 111.3G,0.711814,0.6,0.03099,0.458078,PRICED_E1_shortage_ratio_AN RICE CRACKER SEAWEED 111.3G_T16_2,0.015495
CG_LT,17,,MM HIEP PHU,MM AN PHU,AN RICE CRACKER SEAWEED 111.3G,254.26931,0.6,2.0,154.561586,PRICED_E1_shortage_ratio_AN RICE CRACKER SEAWEED 111.3G_T17_3,1.0
CG_LT,17,,MM HIEP PHU,MM BINH DUONG,AN RICE CRACKER SEAWEED 111.3G,8.170932,0.6,2.0,6.902559,PRICED_E1_shortage_ratio_AN RICE CRACKER SEAWEED 111.3G_T17_3,1.0
CG_LT,17,,MM HIEP PHU,MM BINH PHU,AN RICE CRACKER SEAWEED 111.3G,55.207744,0.6,2.0,35.124646,PRICED_E1_shortage_ratio_AN RICE CRACKER SEAWEED 111.3G_T17_3,1.0
CG_LT,17,,MM HIEP PHU,MM AN PHU,AN RICE CRACKER SEAWEED 111.3G,65.761314,0.6,0.424983,39.881772,PRICED_E1_shortage_ratio_AN RICE CRACKER SEAWEED 111.3G_T17_4,0.212492
CG_LT,17,,MM HIEP PHU,MM BINH DUONG,AN RICE CRACKER SEAWEED 111.3G,1.736255,0.6,0.424983,1.466737,PRICED_E1_shortage_ratio_AN RICE CRACKER SEAWEED 111.3G_T17_4,0.212492
CG_LT,18,,MM HIEP PHU,MM AN PHU,AN RICE CRACKER SEAWEED 111.3G,80.120963,0.6,0.946376,49.018953,PRICED_E1_shortage_ratio_AN RICE CRACKER SEAWEED 111.3G_T18_2,0.473188
CG_LT,18,,MM HIEP PHU,MM BINH PHU,AN RICE CRACKER SEAWEED 111.3G,9.055402,0.6,0.946376,6.379617,PRICED_E1_shortage_ratio_AN RICE CRACKER SEAWEED 111.3G_T18_2,0.473188
CG_LT,18,,MM HIEP PHU,MM DA NANG,AN RICE CRACKER SEAWEED 111.3G,64.253343,0.6,0.946376,39.498381,PRICED_E1_shortage_ratio_AN RICE CRACKER SEAWEED 111.3G_T18_2,0.473188
CG_LT,18,,MM HIEP PHU,MM AN PHU,AN RICE CRACKER SEAWEED 111.3G,101.948354,0.6,1.137185,62.306198,PRICED_E1_shortage_ratio_AN RICE CRACKER SEAWEED 111.3G_T18_3,0.568593
CG_LT,18,,MM HIEP PHU,MM BINH PHU,AN RICE CRACKER SEAWEED 111.3G,10.881164,0.6,1.137185,7.665884,PRICED_E1_shortage_ratio_AN RICE CRACKER SEAWEED 111.3G_T18_3,0.568593
CG_LT,18,,MM HIEP PHU,MM DA NANG,AN RICE CRACKER SEAWEED 111.3G,71.534896,0.6,1.137185,44.058123,PRICED_E1_shortage_ratio_AN RICE CRACKER SEAWEED 111.3G_T18_3,0.568593
CG_LT,19,,MM HIEP PHU,MM BIEN HOA,AN RICE CRACKER SEAWEED 111.3G,0.29119,0.6,2.0,2.174714,PRICED_E1_shortage_ratio_AN RICE CRACKER SEAWEED 111.3G_T19_1,1.0
CG_LT,20,,MM HIEP PHU,MM AN PHU,AN RICE CRACKER SEAWEED 111.3G,72.72,0.6,2.0,45.632,PRICED_E1_shortage_ratio_AN RICE CRACKER SEAWEED 111.3G_T20_1,1.0
CG_LT,20,,MM HIEP PHU,MM BINH DUONG,AN RICE CRACKER SEAWEED 111.3G,53.387581,0.6,2.0,34.032548,PRICED_E1_shortage_ratio_AN RICE CRACKER SEAWEED 111.3G_T20_1,1.0
CG_LT,20,,MM HIEP PHU,MM BINH PHU,AN RICE CRACKER SEAWEED 111.3G,9.879823,0.6,2.0,7.927894,PRICED_E1_shortage_ratio_AN RICE CRACKER SEAWEED 111.3G_T20_1,1.0
CG_LT,20,,MM HIEP PHU,MM DA NANG,AN RICE CRACKER SEAWEED 111.3G,6.10116,0.6,2.0,5.660696,PRICED_E1_shortage_ratio_AN RICE CRACKER SEAWEED 111.3G_T20_1,1.0
CG_LT,21,,MM HIEP PHU,MM AN PHU,AN RICE CRACKER SEAWEED 111.3G,59.282995,0.6,2.0,37.569797,PRICED_E1_shortage_ratio_AN RICE CRACKER SEAWEED 111.3G_T21_1,1.0
CG_LT,21,,MM HIEP PHU,MM BINH DUONG,AN RICE CRACKER SEAWEED 111.3G,60.12255,0.6,2.0,38.07353,PRICED_E1_shortage_ratio_AN RICE CRACKER SEAWEED 111.3G_T21_1,1.0
CG_LT,21,,MM HIEP PHU,MM BINH PHU,AN RICE CRACKER SEAWEED 111.3G,19.215716,0.6,2.0,13.52943,PRICED_E1_shortage_ratio_AN RICE CRACKER SEAWEED 111.3G_T21_1,1.0
CG_LT,21,,MM BIEN HOA,MM AN PHU,AN RICE CRACKER SEAWEED 111.3G,0.870231,0.6,0.653522,1.175661,PRICED_E1_shortage_ratio_AN RICE CRACKER SEAWEED 111.3G_T21_2,0.326761
CG_LT,21,,MM HIEP PHU,MM AN PHU,AN RICE CRACKER SEAWEED 111.3G,18.501145,0.6,0.653522,11.754209,PRICED_E1_shortage_ratio_AN RICE CRACKER SEAWEED 111.3G_T21_2,0.326761
CG_LT,21,,MM HIEP PHU,MM BINH DUONG,AN RICE CRACKER SEAWEED 111.3G,19.64571,0.6,0.653522,12.440948,PRICED_E1_shortage_ratio_AN RICE CRACKER SEAWEED 111.3G_T21_2,0.326761
CG_LT,21,,MM HIEP PHU,MM BINH PHU,AN RICE CRACKER SEAWEED 111.3G,6.278948,0.6,0.653522,4.420891,PRICED_E1_shortage_ratio_AN RICE CRACKER SEAWEED 111.3G_T21_2,0.326761
CG_LT,22,,MM HIEP PHU,MM AN PHU,AN RICE CRACKER SEAWEED 111.3G,60.452881,0.6,2.0,38.271728,PRICED_E1_shortage_ratio_AN RICE CRACKER SEAWEED 111.3G_T22_1,1.0
CG_LT,22,,MM HIEP PHU,MM BINH PHU,AN RICE CRACKER SEAWEED 111.3G,8.155964,0.6,2.0,6.893578,PRICED_E1_shortage_ratio_AN RICE CRACKER SEAWEED 111.3G_T22_1,1.0
CG_LT,22,,MM HIEP PHU,MM DA NANG,AN RICE CRACKER SEAWEED 111.3G,14.513407,0.6,2.0,10.708044,PRICED_E1_shortage_ratio_AN RICE CRACKER SEAWEED 111.3G_T22_1,1.0
CG_LT,23,,MM HIEP PHU,MM AN PHU,AN RICE CRACKER SEAWEED 111.3G,113.490782,0.6,2.0,70.094469,PRICED_E1_shortage_ratio_AN RICE CRACKER SEAWEED 111.3G_T23_1,1.0
CG_LT,23,,MM HIEP PHU,MM BINH DUONG,AN RICE CRACKER SEAWEED 111.3G,10.614775,0.6,2.0,8.368865,PRICED_E1_shortage_ratio_AN RICE CRACKER SEAWEED 111.3G_T23_1,1.0
CG_LT,23,,MM HIEP PHU,MM BINH PHU,AN RICE CRACKER SEAWEED 111.3G,20.663186,0.6,2.0,14.397912,PRICED_E1_shortage_ratio_AN RICE CRACKER SEAWEED 111.3G_T23_1,1.0
CG_LT,23,,MM HIEP PHU,MM DA NANG,AN RICE CRACKER SEAWEED 111.3G,7.645002,0.6,2.0,6.587001,PRICED_E1_shortage_ratio_AN RICE CRACKER SEAWEED 111.3G_T23_1,1.0
CG_LT,24,,MM HIEP PHU,MM BINH DUONG,AN RICE CRACKER SEAWEED 111.3G,0.417436,0.6,2.0,2.250462,PRICED_E1_shortage_ratio_AN RICE CRACKER SEAWEED 111.3G_T24_1,1.0
CG_LT,25,,MM HIEP PHU,MM AN PHU,AN RICE CRACKER SEAWEED 111.3G,38.792757,0.6,2.0,25.275654,PRICED_E1_shortage_ratio_AN RICE CRACKER SEAWEED 111.3G_T25_1,1.0
CG_LT,25,,MM HIEP PHU,MM BINH PHU,AN RICE CRACKER SEAWEED 111.3G,86.298455,0.6,2.0,53.779073,PRICED_E1_shortage_ratio_AN RICE CRACKER SEAWEED 111.3G_T25_1,1.0
CG_LT,27,,MM HIEP PHU,MM AN PHU,AN RICE CRACKER SEAWEED 111.3G,58.382393,0.6,2.0,37.029436,PRICED_E1_shortage_ratio_AN RICE CRACKER SEAWEED 111.3G_T27_1,1.0
CG_LT,27,,MM HIEP PHU,MM BINH PHU,AN RICE CRACKER SEAWEED 111.3G,0.826931,0.6,2.0,2.496159,PRICED_E1_shortage_ratio_AN RICE CRACKER SEAWEED 111.3G_T27_1,1.0
CG_LT,27,,MM HIEP PHU,MM DA NANG,AN RICE CRACKER SEAWEED 111.3G,105.286916,0.6,2.0,65.17215,PRICED_E1_shortage_ratio_AN RICE CRACKER SEAWEED 111.3G_T27_1,1.0
CG_LT,28,,MM HIEP PHU,MM AN PHU,AN RICE CRACKER SEAWEED 111.3G,52.252663,0.6,2.0,33.351598,PRICED_E1_shortage_ratio_AN RICE CRACKER SEAWEED 111.3G_T28_1,1.0
CG_LT,28,,MM HIEP PHU,MM BINH PHU,AN RICE CRACKER SEAWEED 111.3G,8.246463,0.6,2.0,6.947878,PRICED_E1_shortage_ratio_AN RICE CRACKER SEAWEED 111.3G_T28_1,1.0
CG_LT,28,,MM HIEP PHU,MM DA NANG,AN RICE CRACKER SEAWEED 111.3G,8.59141,0.6,2.0,7.154846,PRICED_E1_shortage_ratio_AN RICE CRACKER SEAWEED 111.3G_T28_1,1.0
CG_LT,29,,MM HIEP PHU,MM AN PHU,AN RICE CRACKER SEAWEED 111.3G,88.424,0.6,2.0,55.0544,PRICED_E1_shortage_ratio_AN RICE CRACKER SEAWEED 111.3G_T29_1,1.0
CG_LT,29,,MM HIEP PHU,MM BINH DUONG,AN RICE CRACKER SEAWEED 111.3G,128.24391,0.6,2.0,78.946346,PRICED_E1_shortage_ratio_AN RICE CRACKER SEAWEED 111.3G_T29_1,1.0
CG_LT,29,,MM HIEP PHU,MM BINH PHU,AN RICE CRACKER SEAWEED 111.3G,20.502898,0.6,2.0,14.301739,PRICED_E1_shortage_ratio_AN RICE CRACKER SEAWEED 111.3G_T29_1,1.0
CG_LT,30,,MM HIEP PHU,MM AN PHU,AN RICE CRACKER SEAWEED 111.3G,118.888013,0.6,2.0,73.332808,PRICED_E1_shortage_ratio_AN RICE CRACKER SEAWEED 111.3G_T30_1,1.0
CG_LT,30,,MM HIEP PHU,MM BINH DUONG,AN RICE CRACKER SEAWEED 111.3G,132.941776,0.6,2.0,81.765066,PRICED_E1_shortage_ratio_AN RICE CRACKER SEAWEED 111.3G_T30_1,1.0
CG_LT,30,,MM HIEP PHU,MM BINH PHU,AN RICE CRACKER SEAWEED 111.3G,36.150024,0.6,2.0,23.690015,PRICED_E1_shortage_ratio_AN RICE CRACKER SEAWEED 111.3G_T30_1,1.0
CG_LT,30,,MM HIEP PHU,MM DA NANG,AN RICE CRACKER SEAWEED 111.3G,8.656648,0.6,2.0,7.193989,PRICED_E1_shortage_ratio_AN RICE CRACKER SEAWEED 111.3G_T30_1,1.0
CG_LT,31,,MM HIEP PHU,MM AN PHU,AN RICE CRACKER SEAWEED 111.3G,119.069008,0.6,2.0,73.441405,PRICED_E1_shortage_ratio_AN RICE CRACKER SEAWEED 111.3G_T31_1,1.0
CG_LT,31,,MM HIEP PHU,MM BIEN HOA,AN RICE CRACKER SEAWEED 111.3G,13.145309,0.6,2.0,9.887186,PRICED_E1_shortage_ratio_AN RICE CRACKER SEAWEED 111.3G_T31_1,1.0
CG_LT,31,,MM HIEP PHU,MM DA NANG,AN RICE CRACKER SEAWEED 111.3G,29.0,0.6,2.0,19.4,PRICED_E1_shortage_ratio_AN RICE CRACKER SEAWEED 111.3G_T31_1,1.0
CG_LT,31,,MM BINH DUONG,MM AN PHU,AN RICE CRACKER SEAWEED 111.3G,0.018601,0.6,0.042605,0.053766,PRICED_E1_shortage_ratio_AN RICE CRACKER SEAWEED 111.3G_T31_2,0.021303
CG_LT,31,,MM HIEP PHU,MM AN PHU,AN RICE CRACKER SEAWEED 111.3G,2.517879,0.6,0.042605,1.553333,PRICED_E1_shortage_ratio_AN RICE CRACKER SEAWEED 111.3G_T31_2,0.021303
CG_LT,31,,MM HIEP PHU,MM BIEN HOA,AN RICE CRACKER SEAWEED 111.3G,0.280029,0.6,0.042605,0.210623,PRICED_E1_shortage_ratio_AN RICE CRACKER SEAWEED 111.3G_T31_2,0.021303
CG_LT,31,,MM HIEP PHU,MM DA NANG,AN RICE CRACKER SEAWEED 111.3G,0.617776,0.6,0.042605,0.413271,PRICED_E1_shortage_ratio_AN RICE CRACKER SEAWEED 111.3G_T31_2,0.021303
CG_LT,32,,MM HIEP PHU,MM AN PHU,AN RICE CRACKER SEAWEED 111.3G,109.496307,0.6,2.0,67.697784,PRICED_E1_shortage_ratio_AN RICE CRACKER SEAWEED 111.3G_T32_1,1.0
CG_LT,32,,MM HIEP PHU,MM BIEN HOA,AN RICE CRACKER SEAWEED 111.3G,14.781322,0.6,2.0,10.868793,PRICED_E1_shortage_ratio_AN RICE CRACKER SEAWEED 111.3G_T32_1,1.0
CG_LT,32,,MM HIEP PHU,MM BINH PHU,AN RICE CRACKER SEAWEED 111.3G,32.243211,0.6,2.0,21.345927,PRICED_E1_shortage_ratio_AN RICE CRACKER SEAWEED 111.3G_T32_1,1.0
CG_LT,32,,MM HIEP PHU,MM DA NANG,AN RICE CRACKER SEAWEED 111.3G,15.121314,0.6,2.0,11.072788,PRICED_E1_shortage_ratio_AN RICE CRACKER SEAWEED 111.3G_T32_1,1.0
CG_LT,33,,MM HIEP PHU,MM AN PHU,AN RICE CRACKER SEAWEED 111.3G,71.999941,0.6,2.0,45.199965,PRICED_E1_shortage_ratio_AN RICE CRACKER SEAWEED 111.3G_T33_1,1.0
CG_LT,33,,MM HIEP PHU,MM BIEN HOA,AN RICE CRACKER SEAWEED 111.3G,18.428245,0.6,2.0,13.056947,PRICED_E1_shortage_ratio_AN RICE CRACKER SEAWEED 111.3G_T33_1,1.0
CG_LT,33,,MM HIEP PHU,MM BINH PHU,AN RICE CRACKER SEAWEED 111.3G,23.341068,0.6,2.0,16.004641,PRICED_E1_shortage_ratio_AN RICE CRACKER SEAWEED 111.3G_T33_1,1.0
CG_LT,33,,MM HIEP PHU,MM DA NANG,AN RICE CRACKER SEAWEED 111.3G,15.134583,0.6,2.0,11.08075,PRICED_E1_shortage_ratio_AN RICE CRACKER SEAWEED 111.3G_T33_1,1.0
CG_LT,34,,MM HIEP PHU,MM AN PHU,AN RICE CRACKER SEAWEED 111.3G,79.051533,0.6,2.0,49.43092,PRICED_E1_shortage_ratio_AN RICE CRACKER SEAWEED 111.3G_T34_1,1.0
CG_LT,34,,MM HIEP PHU,MM BINH PHU,AN RICE CRACKER SEAWEED 111.3G,51.422277,0.6,2.0,32.853366,PRICED_E1_shortage_ratio_AN RICE CRACKER SEAWEED 111.3G_T34_1,1.0
CG_LT,34,,MM HIEP PHU,MM DA NANG,AN RICE CRACKER SEAWEED 111.3G,51.92002,0.6,2.0,33.152012,PRICED_E1_shortage_ratio_AN RICE CRACKER SEAWEED 111.3G_T34_1,1.0
CG_LT,35,,MM HIEP PHU,MM BIEN HOA,AN RICE CRACKER SEAWEED 111.3G,0.234578,0.6,2.0,2.140747,PRICED_E1_shortage_ratio_AN RICE CRACKER SEAWEED 111.3G_T35_1,1.0
CG_LT,36,,MM BINH DUONG,MM DA NANG,AN RICE CRACKER SEAWEED 111.3G,20.27025,0.6,2.0,14.16215,PRICED_E1_shortage_ratio_AN RICE CRACKER SEAWEED 111.3G_T36_1,1.0
CG_LT,36,,MM HIEP PHU,MM AN PHU,AN RICE CRACKER SEAWEED 111.3G,112.004914,0.6,2.0,69.202949,PRICED_E1_shortage_ratio_AN RICE CRACKER SEAWEED 111.3G_T36_1,1.0
CG_LT,37,,MM BINH DUONG,MM BINH PHU,AN RICE CRACKER SEAWEED 111.3G,2.691269,0.6,0.297965,1.912726,PRICED_E1_shortage_ratio_AN RICE CRACKER SEAWEED 111.3G_T37_4,0.148982
CG_LT,37,,MM HIEP PHU,MM AN PHU,AN RICE CRACKER SEAWEED 111.3G,17.309306,0.6,0.297965,10.683549,PRICED_E1_shortage_ratio_AN RICE CRACKER SEAWEED 111.3G_T37_4,0.148982
CG_LT,37,,MM HIEP PHU,MM DA NANG,AN RICE CRACKER SEAWEED 111.3G,9.590086,0.6,0.297965,6.052017,PRICED_E1_shortage_ratio_AN RICE CRACKER SEAWEED 111.3G_T37_4,0.148982
CG_LT,38,,MM BINH DUONG,MM BINH PHU,AN RICE CRACKER SEAWEED 111.3G,3.671433,0.6,0.245764,2.448624,PRICED_E1_shortage_ratio_AN RICE CRACKER SEAWEED 111.3G_T38_1,0.122882
CG_LT,38,,MM BINH DUONG,MM DA NANG,AN RICE CRACKER SEAWEED 111.3G,6.339792,0.6,0.245764,4.04964,PRICED_E1_shortage_ratio_AN RICE CRACKER SEAWEED 111.3G_T38_1,0.122882
CG_LT,38,,MM HIEP PHU,MM AN PHU,AN RICE CRACKER SEAWEED 111.3G,15.27961,0.6,0.245764,9.41353,PRICED_E1_shortage_ratio_AN RICE CRACKER SEAWEED 111.3G_T38_1,0.122882
CG_LT,39,,MM BINH DUONG,MM BINH PHU,AN RICE CRACKER SEAWEED 111.3G,0.687427,0.6,0.206395,0.618852,PRICED_E1_shortage_ratio_AN RICE CRACKER SEAWEED 111.3G_T39_1,0.103198
CG_LT,39,,MM BINH DUONG,MM DA NANG,AN RICE CRACKER SEAWEED 111.3G,5.485022,0.6,0.206395,3.497409,PRICED_E1_shortage_ratio_AN RICE CRACKER SEAWEED 111.3G_T39_1,0.103198
CG_LT,39,,MM HIEP PHU,MM AN PHU,AN RICE CRACKER SEAWEED 111.3G,12.49948,0.6,0.206395,7.706083,PRICED_E1_shortage_ratio_AN RICE CRACKER SEAWEED 111.3G_T39_1,0.103198
CG_LT,40,,MM BINH DUONG,MM BINH PHU,AN RICE CRACKER SEAWEED 111.3G,0.08858,0.6,0.363672,0.41682,PRICED_E1_shortage_ratio_AN RICE CRACKER SEAWEED 111.3G_T40_1,0.181836
CG_LT,40,,MM BINH DUONG,MM DA NANG,AN RICE CRACKER SEAWEED 111.3G,10.804953,0.6,0.363672,6.846644,PRICED_E1_shortage_ratio_AN RICE CRACKER SEAWEED 111.3G_T40_1,0.181836
CG_LT,40,,MM HIEP PHU,MM AN PHU,AN RICE CRACKER SEAWEED 111.3G,16.168227,0.6,0.363672,10.064608,PRICED_E1_shortage_ratio_AN RICE CRACKER SEAWEED 111.3G_T40_1,0.181836
CG_LT,41,,MM BINH DUONG,MM AN PHU,AN RICE CRACKER SEAWEED 111.3G,17.285274,0.6,1.070502,11.441666,PRICED_E1_shortage_ratio_AN RICE CRACKER SEAWEED 111.3G_T41_1,0.535251
CG_LT,41,,MM BINH DUONG,MM DA NANG,AN RICE CRACKER SEAWEED 111.3G,11.455842,0.6,1.070502,7.944007,PRICED_E1_shortage_ratio_AN RICE CRACKER SEAWEED 111.3G_T41_1,0.535251
CG_LT,41,,MM BINH DUONG,MM AN PHU,AN RICE CRACKER SEAWEED 111.3G,32.293774,0.6,2.0,21.376265,PRICED_E1_shortage_ratio_AN RICE CRACKER SEAWEED 111.3G_T41_2,1.0
CG_LT,41,,MM HIEP PHU,MM DA NANG,AN RICE CRACKER SEAWEED 111.3G,21.402749,0.6,2.0,14.841649,PRICED_E1_shortage_ratio_AN RICE CRACKER SEAWEED 111.3G_T41_2,1.0
CG_LT,42,,MM BINH DUONG,MM DA NANG,AN RICE CRACKER SEAWEED 111.3G,4.110191,0.6,0.337844,2.803959,PRICED_E1_shortage_ratio_AN RICE CRACKER SEAWEED 111.3G_T42_2,0.168922
CG_LT,42,,MM HIEP PHU,MM AN PHU,AN RICE CRACKER SEAWEED 111.3G,19.97573,0.6,0.337844,12.323283,PRICED_E1_shortage_ratio_AN RICE CRACKER SEAWEED 111.3G_T42_2,0.168922
CG_LT,42,,MM BINH DUONG,MM AN PHU,AN RICE CRACKER SEAWEED 111.3G,118.253998,0.6,2.0,72.952399,PRICED_E1_shortage_ratio_AN RICE CRACKER SEAWEED 111.3G_T42_4,1.0
CG_LT,42,,MM HIEP PHU,MM DA NANG,AN RICE CRACKER SEAWEED 111.3G,24.33185,0.6,2.0,16.59911,PRICED_E1_shortage_ratio_AN RICE CRACKER SEAWEED 111.3G_T42_4,1.0
CG_LT,43,,MM BINH DUONG,MM AN PHU,AN RICE CRACKER SEAWEED 111.3G,190.643558,0.6,2.0,116.386135,PRICED_E1_shortage_ratio_AN RICE CRACKER SEAWEED 111.3G_T43_4,1.0
CG_LT,43,,MM BINH DUONG,MM BINH PHU,AN RICE CRACKER SEAWEED 111.3G,5.046691,0.6,2.0,5.028015,PRICED_E1_shortage_ratio_AN RICE CRACKER SEAWEED 111.3G_T43_4,1.0
CG_LT,43,,MM HIEP PHU,MM DA NANG,AN RICE CRACKER SEAWEED 111.3G,13.165237,0.6,2.0,9.899142,PRICED_E1_shortage_ratio_AN RICE CRACKER SEAWEED 111.3G_T43_4,1.0
CG_LT,44,,MM BINH DUONG,MM AN PHU,AN RICE CRACKER SEAWEED 111.3G,10.93884,0.6,0.132478,6.695782,PRICED_E1_shortage_ratio_AN RICE CRACKER SEAWEED 111.3G_T44_1,0.066239
CG_LT,44,,MM BINH DUONG,MM BINH PHU,AN RICE CRACKER SEAWEED 111.3G,1.402514,0.6,0.132478,0.973987,PRICED_E1_shortage_ratio_AN RICE CRACKER SEAWEED 111.3G_T44_1,0.066239
CG_LT,44,,MM BINH DUONG,MM AN PHU,AN RICE CRACKER SEAWEED 111.3G,165.141703,0.6,2.0,101.085022,PRICED_E1_shortage_ratio_AN RICE CRACKER SEAWEED 111.3G_T44_4,1.0
CG_LT,44,,MM HIEP PHU,MM BINH PHU,AN RICE CRACKER SEAWEED 111.3G,21.173501,0.6,2.0,14.704101,PRICED_E1_shortage_ratio_AN RICE CRACKER SEAWEED 111.3G_T44_4,1.0
CG_LT,45,,MM BINH DUONG,MM AN PHU,AN RICE CRACKER SEAWEED 111.3G,8.136265,0.6,0.149104,5.030863,PRICED_E1_shortage_ratio_AN RICE CRACKER SEAWEED 111.3G_T45_1,0.074552
CG_LT,45,,MM BINH DUONG,MM BINH PHU,AN RICE CRACKER SEAWEED 111.3G,0.335684,0.6,0.149104,0.350514,PRICED_E1_shortage_ratio_AN RICE CRACKER SEAWEED 111.3G_T45_1,0.074552
CG_LT,45,,MM BINH DUONG,MM AN PHU,AN RICE CRACKER SEAWEED 111.3G,109.135735,0.6,2.0,67.481441,PRICED_E1_shortage_ratio_AN RICE CRACKER SEAWEED 111.3G_T45_4,1.0
CG_LT,45,,MM HIEP PHU,MM BINH PHU,AN RICE CRACKER SEAWEED 111.3G,4.502696,0.6,2.0,4.701618,PRICED_E1_shortage_ratio_AN RICE CRACKER SEAWEED 111.3G_T45_4,1.0
CG_LT,47,,MM BIEN HOA,MM DA NANG,AN RICE CRACKER SEAWEED 111.3G,2.141535,0.6,0.173524,1.458444,PRICED_E1_shortage_ratio_AN RICE CRACKER SEAWEED 111.3G_T47_2,0.086762
CG_LT,47,,MM HIEP PHU,MM AN PHU,AN RICE CRACKER SEAWEED 111.3G,8.999978,0.6,0.173524,5.573511,PRICED_E1_shortage_ratio_AN RICE CRACKER SEAWEED 111.3G_T47_2,0.086762
CG_LT,47,,MM BINH DUONG,MM AN PHU,AN RICE CRACKER SEAWEED 111.3G,103.732059,0.6,2.0,64.239235,PRICED_E1_shortage_ratio_AN RICE CRACKER SEAWEED 111.3G_T47_5,1.0
CG_LT,47,,MM BINH DUONG,MM DA NANG,AN RICE CRACKER SEAWEED 111.3G,24.682926,0.6,2.0,16.809756,PRICED_E1_shortage_ratio_AN RICE CRACKER SEAWEED 111.3G_T47_5,1.0
CG_LT,48,,MM BIEN HOA,MM DA NANG,AN RICE CRACKER SEAWEED 111.3G,21.252038,0.6,2.0,14.751223,PRICED_E1_shortage_ratio_AN RICE CRACKER SEAWEED 111.3G_T48_1,1.0
CG_LT,48,,MM HIEP PHU,MM AN PHU,AN RICE CRACKER SEAWEED 111.3G,208.148253,0.6,2.0,126.888952,PRICED_E1_shortage_ratio_AN RICE CRACKER SEAWEED 111.3G_T48_1,1.0
CG_LT,48,,MM BINH DUONG,MM DA NANG,AN RICE CRACKER SEAWEED 111.3G,1.457635,0.6,0.137176,1.011757,PRICED_E1_shortage_ratio_AN RICE CRACKER SEAWEED 111.3G_T48_5,0.068588
CG_LT,48,,MM HIEP PHU,MM AN PHU,AN RICE CRACKER SEAWEED 111.3G,14.276478,0.6,0.137176,8.703063,PRICED_E1_shortage_ratio_AN RICE CRACKER SEAWEED 111.3G_T48_5,0.068588
CG_LT,49,,MM BINH DUONG,MM BINH PHU,AN RICE CRACKER SEAWEED 111.3G,3.195821,0.6,0.12856,2.046053,PRICED_E1_shortage_ratio_AN RICE CRACKER SEAWEED 111.3G_T49_1,0.06428
CG_LT,49,,MM HIEP PHU,MM AN PHU,AN RICE CRACKER SEAWEED 111.3G,15.511135,0.6,0.12856,9.435242,PRICED_E1_shortage_ratio_AN RICE CRACKER SEAWEED 111.3G_T49_1,0.06428
CG_LT,4,,MM AN PHU,MM BINH DUONG,AN RICE CRACKER SEAWEED 111.3G,11.882547,0.6,2.0,9.129528,PRICED_E1_shortage_ratio_AN RICE CRACKER SEAWEED 111.3G_T4_1,1.0
CG_LT,4,,MM BIEN HOA,MM BINH DUONG,AN RICE CRACKER SEAWEED 111.3G,11.882547,0.6,2.0,9.129528,PRICED_E1_shortage_ratio_AN RICE CRACKER SEAWEED 111.3G_T4_2,1.0
CG_LT,4,,MM BINH PHU,MM BINH DUONG,AN RICE CRACKER SEAWEED 111.3G,11.882547,0.6,2.0,9.129528,PRICED_E1_shortage_ratio_AN RICE CRACKER SEAWEED 111.3G_T4_3,1.0
CG_LT,51,,MM BINH DUONG,MM BINH PHU,AN RICE CRACKER SEAWEED 111.3G,3.53615,0.6,0.056725,2.178415,PRICED_E1_shortage_ratio_AN RICE CRACKER SEAWEED 111.3G_T51_1,0.028363
CG_LT,51,,MM HIEP PHU,MM AN PHU,AN RICE CRACKER SEAWEED 111.3G,12.726503,0.6,0.056725,7.692627,PRICED_E1_shortage_ratio_AN RICE CRACKER SEAWEED 111.3G_T51_1,0.028363
CG_LT,52,,MM BINH DUONG,MM BINH PHU,AN RICE CRACKER SEAWEED 111.3G,1.248358,0.6,0.025274,0.774289,PRICED_E1_shortage_ratio_AN RICE CRACKER SEAWEED 111.3G_T52_1,0.012637
CG_LT,52,,MM BINH DUONG,MM DA NANG,AN RICE CRACKER SEAWEED 111.3G,0.828285,0.6,0.025274,0.522245,PRICED_E1_shortage_ratio_AN RICE CRACKER SEAWEED 111.3G_T52_1,0.012637
CG_LT,52,,MM HIEP PHU,MM AN PHU,AN RICE CRACKER SEAWEED 111.3G,3.580384,0.6,0.025274,2.173505,PRICED_E1_shortage_ratio_AN RICE CRACKER SEAWEED 111.3G_T52_1,0.012637
CG_LT,53,,MM BINH DUONG,MM AN PHU,AN RICE CRACKER SEAWEED 111.3G,20.555215,0.6,1.336684,13.669813,PRICED_E1_shortage_ratio_AN RICE CRACKER SEAWEED 111.3G_T53_2,0.668342
CG_LT,53,,MM BINH DUONG,MM BINH PHU,AN RICE CRACKER SEAWEED 111.3G,15.542678,0.6,1.336684,10.662291,PRICED_E1_shortage_ratio_AN RICE CRACKER SEAWEED 111.3G_T53_2,0.668342
CG_LT,53,,MM HIEP PHU,MM DA NANG,AN RICE CRACKER SEAWEED 111.3G,27.649851,0.6,1.336684,17.926595,PRICED_E1_shortage_ratio_AN RICE CRACKER SEAWEED 111.3G_T53_2,0.668342
CG_LT,53,,MM BINH DUONG,MM BINH PHU,AN RICE CRACKER SEAWEED 111.3G,23.255573,0.6,2.0,15.953344,PRICED_E1_shortage_ratio_AN RICE CRACKER SEAWEED 111.3G_T53_4,1.0
CG_LT,53,,MM BINH DUONG,MM DA NANG,AN RICE CRACKER SEAWEED 111.3G,41.370806,0.6,2.0,26.822484,PRICED_E1_shortage_ratio_AN RICE CRACKER SEAWEED 111.3G_T53_4,1.0
CG_LT,53,,MM HIEP PHU,MM AN PHU,AN RICE CRACKER SEAWEED 111.3G,30.755529,0.6,2.0,20.453317,PRICED_E1_shortage_ratio_AN RICE CRACKER SEAWEED 111.3G_T53_4,1.0
CG_LT,54,,MM BIEN HOA,MM DA NANG,AN RICE CRACKER SEAWEED 111.3G,4.817068,0.6,0.450929,3.34117,PRICED_E1_shortage_ratio_AN RICE CRACKER SEAWEED 111.3G_T54_2,0.225465
CG_LT,54,,MM HIEP PHU,MM BINH PHU,AN RICE CRACKER SEAWEED 111.3G,10.331108,0.6,0.450929,6.649594,PRICED_E1_shortage_ratio_AN RICE CRACKER SEAWEED 111.3G_T54_2,0.225465
CG_LT,54,,MM BINH DUONG,MM BINH PHU,AN RICE CRACKER SEAWEED 111.3G,45.821434,0.6,2.0,29.49286,PRICED_E1_shortage_ratio_AN RICE CRACKER SEAWEED 111.3G_T54_5,1.0
CG_LT,54,,MM BINH DUONG,MM DA NANG,AN RICE CRACKER SEAWEED 111.3G,21.365079,0.6,2.0,14.819047,PRICED_E1_shortage_ratio_AN RICE CRACKER SEAWEED 111.3G_T54_5,1.0
CG_LT,55,,MM BINH DUONG,MM BIEN HOA,AN RICE CRACKER SEAWEED 111.3G,27.72187,0.6,2.0,18.633122,PRICED_E1_shortage_ratio_AN RICE CRACKER SEAWEED 111.3G_T55_1,1.0
CG_LT,55,,MM BINH DUONG,MM BINH PHU,AN RICE CRACKER SEAWEED 111.3G,33.391856,0.6,2.0,22.035114,PRICED_E1_shortage_ratio_AN RICE CRACKER SEAWEED 111.3G_T55_1,1.0
CG_LT,55,,MM BINH DUONG,MM BINH PHU,AN RICE CRACKER SEAWEED 111.3G,0.645965,0.6,0.03869,0.426269,PRICED_E1_shortage_ratio_AN RICE CRACKER SEAWEED 111.3G_T55_4,0.019345
CG_LT,55,,MM HIEP PHU,MM BIEN HOA,AN RICE CRACKER SEAWEED 111.3G,0.536279,0.6,0.03869,0.360457,PRICED_E1_shortage_ratio_AN RICE CRACKER SEAWEED 111.3G_T55_4,0.019345
CG_LT,56,,MM BINH DUONG,MM DA NANG,AN RICE CRACKER SEAWEED 111.3G,25.107299,0.6,2.0,17.06438,PRICED_E1_shortage_ratio_AN RICE CRACKER SEAWEED 111.3G_T56_2,1.0
CG_LT,57,,MM BINH DUONG,MM AN PHU,AN RICE CRACKER SEAWEED 111.3G,17.198758,0.6,0.602696,10.921951,PRICED_E1_shortage_ratio_AN RICE CRACKER SEAWEED 111.3G_T57_1,0.301348
CG_LT,57,,MM BINH DUONG,MM DA NANG,AN RICE CRACKER SEAWEED 111.3G,7.127311,0.6,0.602696,4.879083,PRICED_E1_shortage_ratio_AN RICE CRACKER SEAWEED 111.3G_T57_1,0.301348
CG_LT,57,,MM BINH DUONG,MM AN PHU,AN RICE CRACKER SEAWEED 111.3G,57.072726,0.6,2.0,36.243636,PRICED_E1_shortage_ratio_AN RICE CRACKER SEAWEED 111.3G_T57_4,1.0
CG_LT,57,,MM HIEP PHU,MM DA NANG,AN RICE CRACKER SEAWEED 111.3G,23.65142,0.6,2.0,16.190852,PRICED_E1_shortage_ratio_AN RICE CRACKER SEAWEED 111.3G_T57_4,1.0
CG_LT,58,,MM BINH DUONG,MM BINH PHU,AN RICE CRACKER SEAWEED 111.3G,2.55629,0.6,0.193714,1.727488,PRICED_E1_shortage_ratio_AN RICE CRACKER SEAWEED 111.3G_T58_2,0.096857
CG_LT,58,,MM BINH DUONG,MM DA NANG,AN RICE CRACKER SEAWEED 111.3G,0.962548,0.6,0.193714,0.771243,PRICED_E1_shortage_ratio_AN RICE CRACKER SEAWEED 111.3G_T58_2,0.096857
CG_LT,58,,MM HIEP PHU,MM AN PHU,AN RICE CRACKER SEAWEED 111.3G,14.922594,0.6,0.193714,9.14727,PRICED_E1_shortage_ratio_AN RICE CRACKER SEAWEED 111.3G_T58_2,0.096857
CG_LT,59,,MM BINH DUONG,MM AN PHU,AN RICE CRACKER SEAWEED 111.3G,0.593933,0.6,0.010132,0.366492,PRICED_E1_shortage_ratio_AN RICE CRACKER SEAWEED 111.3G_T59_4,0.005066
CG_LT,59,,MM HIEP PHU,MM DA NANG,AN RICE CRACKER SEAWEED 111.3G,0.153764,0.6,0.010132,0.102391,PRICED_E1_shortage_ratio_AN RICE CRACKER SEAWEED 111.3G_T59_4,0.005066
CG_LT,5,,MM BIEN HOA,MM AN PHU,AN RICE CRACKER SEAWEED 111.3G,38.139673,0.6,2.0,24.883804,PRICED_E1_shortage_ratio_AN RICE CRACKER SEAWEED 111.3G_T5_1,1.0
CG_LT,5,,MM DA NANG,MM AN PHU,AN RICE CRACKER SEAWEED 111.3G,38.139673,0.6,2.0,24.883804,PRICED_E1_shortage_ratio_AN RICE CRACKER SEAWEED 111.3G_T5_2,1.0
CG_LT,5,,MM BIEN HOA,MM AN PHU,AN RICE CRACKER SEAWEED 111.3G,30.143016,0.6,2.0,20.08581,PRICED_E1_shortage_ratio_AN RICE CRACKER SEAWEED 111.3G_T5_4,1.0
CG_LT,5,,MM BINH DUONG,MM AN PHU,AN RICE CRACKER SEAWEED 111.3G,7.996657,0.6,2.0,6.797994,PRICED_E1_shortage_ratio_AN RICE CRACKER SEAWEED 111.3G_T5_4,1.0
CG_LT,61,,MM BINH DUONG,MM DA NANG,AN RICE CRACKER SEAWEED 111.3G,6.279765,0.6,0.403547,4.171406,PRICED_E1_shortage_ratio_AN RICE CRACKER SEAWEED 111.3G_T61_2,0.201773
CG_LT,61,,MM HIEP PHU,MM AN PHU,AN RICE CRACKER SEAWEED 111.3G,15.106591,0.6,0.403547,9.467501,PRICED_E1_shortage_ratio_AN RICE CRACKER SEAWEED 111.3G_T61_2,0.201773
CG_LT,61,,MM BINH DUONG,MM AN PHU,AN RICE CRACKER SEAWEED 111.3G,74.869067,0.6,2.0,46.92144,PRICED_E1_shortage_ratio_AN RICE CRACKER SEAWEED 111.3G_T61_5,1.0
CG_LT,61,,MM HIEP PHU,MM DA NANG,AN RICE CRACKER SEAWEED 111.3G,31.122848,0.6,2.0,20.673709,PRICED_E1_shortage_ratio_AN RICE CRACKER SEAWEED 111.3G_T61_5,1.0
CG_LT,62,,MM BINH DUONG,MM BINH PHU,AN RICE CRACKER SEAWEED 111.3G,3.220075,0.6,0.254763,2.186808,PRICED_E1_shortage_ratio_AN RICE CRACKER SEAWEED 111.3G_T62_4,0.127381
CG_LT,62,,MM BINH DUONG,MM DA NANG,AN RICE CRACKER SEAWEED 111.3G,19.500469,0.6,0.254763,11.955044,PRICED_E1_shortage_ratio_AN RICE CRACKER SEAWEED 111.3G_T62_4,0.127381
CG_LT,62,,MM HIEP PHU,MM AN PHU,AN RICE CRACKER SEAWEED 111.3G,7.334517,0.6,0.254763,4.655472,PRICED_E1_shortage_ratio_AN RICE CRACKER SEAWEED 111.3G_T62_4,0.127381
CG_LT,64,,MM BINH DUONG,MM AN PHU,AN RICE CRACKER SEAWEED 111.3G,29.705399,0.6,1.145131,18.96837,PRICED_E1_shortage_ratio_AN RICE CRACKER SEAWEED 111.3G_T64_1,0.572565
CG_LT,64,,MM BINH DUONG,MM BINH PHU,AN RICE CRACKER SEAWEED 111.3G,14.555408,0.6,1.145131,9.878375,PRICED_E1_shortage_ratio_AN RICE CRACKER SEAWEED 111.3G_T64_1,0.572565
CG_LT,64,,MM BINH DUONG,MM BINH PHU,AN RICE CRACKER SEAWEED 111.3G,25.421394,0.6,2.0,17.252836,PRICED_E1_shortage_ratio_AN RICE CRACKER SEAWEED 111.3G_T64_2,1.0
CG_LT,64,,MM HIEP PHU,MM AN PHU,AN RICE CRACKER SEAWEED 111.3G,51.881242,0.6,2.0,33.128745,PRICED_E1_shortage_ratio_AN RICE CRACKER SEAWEED 111.3G_T64_2,1.0
CG_LT,67,,MM BINH DUONG,MM DA NANG,AN RICE CRACKER SEAWEED 111.3G,0.149777,0.6,2.0,2.089866,PRICED_E1_shortage_ratio_AN RICE CRACKER SEAWEED 111.3G_T67_2,1.0
CG_LT,69,,MM BINH DUONG,MM BINH PHU,AN RICE CRACKER SEAWEED 111.3G,8.20406,0.6,2.0,6.922436,PRICED_E1_shortage_ratio_AN RICE CRACKER SEAWEED 111.3G_T69_2,1.0
CG_LT,69,,MM BINH DUONG,MM DA NANG,AN RICE CRACKER SEAWEED 111.3G,14.0,0.6,2.0,10.4,PRICED_E1_shortage_ratio_AN RICE CRACKER SEAWEED 111.3G_T69_2,1.0
CG_LT,69,,MM HIEP PHU,MM AN PHU,AN RICE CRACKER SEAWEED 111.3G,135.59628,0.6,2.0,83.357768,PRICED_E1_shortage_ratio_AN RICE CRACKER SEAWEED 111.3G_T69_2,1.0
CG_LT,6,,MM BINH PHU,MM AN PHU,AN RICE CRACKER SEAWEED 111.3G,141.657871,0.6,2.0,86.994722,PRICED_E1_shortage_ratio_AN RICE CRACKER SEAWEED 111.3G_T6_1,1.0
CG_LT,6,,MM BIEN HOA,MM AN PHU,AN RICE CRACKER SEAWEED 111.3G,2.654693,0.6,0.134246,1.727062,PRICED_E1_shortage_ratio_AN RICE CRACKER SEAWEED 111.3G_T6_3,0.067123
CG_LT,6,,MM BINH DUONG,MM AN PHU,AN RICE CRACKER SEAWEED 111.3G,0.444029,0.6,0.134246,0.400663,PRICED_E1_shortage_ratio_AN RICE CRACKER SEAWEED 111.3G_T6_3,0.067123
CG_LT,6,,MM BINH PHU,MM AN PHU,AN RICE CRACKER SEAWEED 111.3G,6.409787,0.6,0.134246,3.980118,PRICED_E1_shortage_ratio_AN RICE CRACKER SEAWEED 111.3G_T6_3,0.067123
CG_LT,6,,MM BINH DUONG,MM AN PHU,AN RICE CRACKER SEAWEED 111.3G,0.837279,0.6,0.25314,0.755507,PRICED_E1_shortage_ratio_AN RICE CRACKER SEAWEED 111.3G_T6_4,0.12657
CG_LT,6,,MM BINH PHU,MM AN PHU,AN RICE CRACKER SEAWEED 111.3G,17.092343,0.6,0.25314,10.508546,PRICED_E1_shortage_ratio_AN RICE CRACKER SEAWEED 111.3G_T6_4,0.12657
CG_LT,70,,MM BINH DUONG,MM AN PHU,AN RICE CRACKER SEAWEED 111.3G,8.613074,0.6,0.061482,5.229326,PRICED_E1_shortage_ratio_AN RICE CRACKER SEAWEED 111.3G_T70_4,0.030741
CG_LT,70,,MM BINH DUONG,MM BINH PHU,AN RICE CRACKER SEAWEED 111.3G,0.203616,0.6,0.061482,0.183651,PRICED_E1_shortage_ratio_AN RICE CRACKER SEAWEED 111.3G_T70_4,0.030741
CG_LT,70,,MM HIEP PHU,MM DA NANG,AN RICE CRACKER SEAWEED 111.3G,2.009662,0.6,0.061482,1.267279,PRICED_E1_shortage_ratio_AN RICE CRACKER SEAWEED 111.3G_T70_4,0.030741
CG_LT,71,,MM BINH DUONG,MM BINH PHU,AN RICE CRACKER SEAWEED 111.3G,1.975205,0.6,0.145412,1.330536,PRICED_E1_shortage_ratio_AN RICE CRACKER SEAWEED 111.3G_T71_1,0.072706
CG_LT,71,,MM BINH DUONG,MM DA NANG,AN RICE CRACKER SEAWEED 111.3G,5.053142,0.6,0.145412,3.177298,PRICED_E1_shortage_ratio_AN RICE CRACKER SEAWEED 111.3G_T71_1,0.072706
CG_LT,71,,MM HIEP PHU,MM AN PHU,AN RICE CRACKER SEAWEED 111.3G,16.389093,0.6,0.145412,9.978868,PRICED_E1_shortage_ratio_AN RICE CRACKER SEAWEED 111.3G_T71_1,0.072706
CG_LT,71,,MM BINH DUONG,MM BINH PHU,AN RICE CRACKER SEAWEED 111.3G,27.166931,0.6,2.0,18.300159,PRICED_E1_shortage_ratio_AN RICE CRACKER SEAWEED 111.3G_T71_4,1.0
CG_LT,71,,MM HIEP PHU,MM AN PHU,AN RICE CRACKER SEAWEED 111.3G,225.415239,0.6,2.0,137.249144,PRICED_E1_shortage_ratio_AN RICE CRACKER SEAWEED 111.3G_T71_4,1.0
CG_LT,71,,MM HIEP PHU,MM DA NANG,AN RICE CRACKER SEAWEED 111.3G,69.500805,0.6,2.0,43.700483,PRICED_E1_shortage_ratio_AN RICE CRACKER SEAWEED 111.3G_T71_4,1.0
CG_LT,72,,MM BINH DUONG,MM AN PHU,AN RICE CRACKER SEAWEED 111.3G,124.119146,0.6,2.0,76.471488,PRICED_E1_shortage_ratio_AN RICE CRACKER SEAWEED 111.3G_T72_4,1.0
CG_LT,72,,MM BINH DUONG,MM DA NANG,AN RICE CRACKER SEAWEED 111.3G,5.377583,0.6,2.0,5.22655,PRICED_E1_shortage_ratio_AN RICE CRACKER SEAWEED 111.3G_T72_4,1.0
CG_LT,72,,MM HIEP PHU,MM BINH PHU,AN RICE CRACKER SEAWEED 111.3G,40.902111,0.6,2.0,26.541267,PRICED_E1_shortage_ratio_AN RICE CRACKER SEAWEED 111.3G_T72_4,1.0
CG_LT,73,,MM BINH DUONG,MM AN PHU,AN RICE CRACKER SEAWEED 111.3G,114.500586,0.6,2.0,70.700351,PRICED_E1_shortage_ratio_AN RICE CRACKER SEAWEED 111.3G_T73_4,1.0
CG_LT,73,,MM BINH DUONG,MM DA NANG,AN RICE CRACKER SEAWEED 111.3G,12.344514,0.6,2.0,9.406709,PRICED_E1_shortage_ratio_AN RICE CRACKER SEAWEED 111.3G_T73_4,1.0
CG_LT,73,,MM HIEP PHU,MM BINH PHU,AN RICE CRACKER SEAWEED 111.3G,13.770865,0.6,2.0,10.262519,PRICED_E1_shortage_ratio_AN RICE CRACKER SEAWEED 111.3G_T73_4,1.0
CG_LT,74,,MM BINH DUONG,MM DA NANG,AN RICE CRACKER SEAWEED 111.3G,9.038194,0.6,2.0,7.422917,PRICED_E1_shortage_ratio_AN RICE CRACKER SEAWEED 111.3G_T74_2,1.0
CG_LT,74,,MM HIEP PHU,MM AN PHU,AN RICE CRACKER SEAWEED 111.3G,57.363594,0.6,2.0,36.418156,PRICED_E1_shortage_ratio_AN RICE CRACKER SEAWEED 111.3G_T74_2,1.0
CG_LT,74,,MM BINH DUONG,MM AN PHU,AN RICE CRACKER SEAWEED 111.3G,2.444296,0.6,0.085221,1.551799,PRICED_E1_shortage_ratio_AN RICE CRACKER SEAWEED 111.3G_T74_4,0.042611
CG_LT,74,,MM HIEP PHU,MM DA NANG,AN RICE CRACKER SEAWEED 111.3G,0.385123,0.6,0.085221,0.316295,PRICED_E1_shortage_ratio_AN RICE CRACKER SEAWEED 111.3G_T74_4,0.042611
CG_LT,75,,MM BINH DUONG,MM DA NANG,AN RICE CRACKER SEAWEED 111.3G,5.83039,0.6,2.0,5.498234,PRICED_E1_shortage_ratio_AN RICE CRACKER SEAWEED 111.3G_T75_2,1.0
CG_LT,75,,MM HIEP PHU,MM AN PHU,AN RICE CRACKER SEAWEED 111.3G,47.980759,0.6,2.0,30.788455,PRICED_E1_shortage_ratio_AN RICE CRACKER SEAWEED 111.3G_T75_2,1.0
CG_LT,75,,MM BINH DUONG,MM AN PHU,AN RICE CRACKER SEAWEED 111.3G,12.615249,0.6,0.525846,8.094996,PRICED_E1_shortage_ratio_AN RICE CRACKER SEAWEED 111.3G_T75_4,0.262923
CG_LT,75,,MM HIEP PHU,MM DA NANG,AN RICE CRACKER SEAWEED 111.3G,1.532944,0.6,0.525846,1.445613,PRICED_E1_shortage_ratio_AN RICE CRACKER SEAWEED 111.3G_T75_4,0.262923
CG_LT,76,,MM BINH DUONG,MM AN PHU,AN RICE CRACKER SEAWEED 111.3G,29.065076,0.6,2.0,19.439046,PRICED_E1_shortage_ratio_AN RICE CRACKER SEAWEED 111.3G_T76_1,1.0
CG_LT,76,,MM BINH PHU,MM AN PHU,AN RICE CRACKER SEAWEED 111.3G,0.165847,0.6,0.011412,0.110921,PRICED_E1_shortage_ratio_AN RICE CRACKER SEAWEED 111.3G_T76_2,0.005706
CG_LT,76,,MM HIEP PHU,MM AN PHU,AN RICE CRACKER SEAWEED 111.3G,29.065076,0.6,2.0,19.439046,PRICED_E1_shortage_ratio_AN RICE CRACKER SEAWEED 111.3G_T76_3,1.0
CG_LT,77,,MM BINH PHU,MM AN PHU,AN RICE CRACKER SEAWEED 111.3G,30.823908,0.6,2.0,20.494345,PRICED_E1_shortage_ratio_AN RICE CRACKER SEAWEED 111.3G_T77_2,1.0
CG_LT,77,,MM HIEP PHU,MM AN PHU,AN RICE CRACKER SEAWEED 111.3G,22.259914,0.6,1.444328,14.800276,PRICED_E1_shortage_ratio_AN RICE CRACKER SEAWEED 111.3G_T77_3,0.722164
CG_LT,78,,MM BINH DUONG,MM AN PHU,AN RICE CRACKER SEAWEED 111.3G,94.315749,0.6,2.0,58.58945,PRICED_E1_shortage_ratio_AN RICE CRACKER SEAWEED 111.3G_T78_1,1.0
CG_LT,78,,MM BINH DUONG,MM DA NANG,AN RICE CRACKER SEAWEED 111.3G,8.627352,0.6,2.0,7.176411,PRICED_E1_shortage_ratio_AN RICE CRACKER SEAWEED 111.3G_T78_1,1.0
CG_LT,79,,MM BINH DUONG,MM AN PHU,AN RICE CRACKER SEAWEED 111.3G,117.946717,0.6,2.0,72.76803,PRICED_E1_shortage_ratio_AN RICE CRACKER SEAWEED 111.3G_T79_5,1.0
CG_LT,79,,MM BINH PHU,MM DA NANG,AN RICE CRACKER SEAWEED 111.3G,3.106737,0.6,2.0,3.864042,PRICED_E1_shortage_ratio_AN RICE CRACKER SEAWEED 111.3G_T79_5,1.0
CG_LT,80,,MM BINH DUONG,MM AN PHU,AN RICE CRACKER SEAWEED 111.3G,6.550067,0.6,0.100708,4.030748,PRICED_E1_shortage_ratio_AN RICE CRACKER SEAWEED 111.3G_T80_1,0.050354
CG_LT,80,,MM BINH DUONG,MM DA NANG,AN RICE CRACKER SEAWEED 111.3G,0.353267,0.6,0.100708,0.312668,PRICED_E1_shortage_ratio_AN RICE CRACKER SEAWEED 111.3G_T80_1,0.050354
CG_LT,80,,MM BINH DUONG,MM AN PHU,AN RICE CRACKER SEAWEED 111.3G,130.080931,0.6,2.0,80.048558,PRICED_E1_shortage_ratio_AN RICE CRACKER SEAWEED 111.3G_T80_5,1.0
CG_LT,80,,MM BINH PHU,MM DA NANG,AN RICE CRACKER SEAWEED 111.3G,7.015701,0.6,2.0,6.20942,PRICED_E1_shortage_ratio_AN RICE CRACKER SEAWEED 111.3G_T80_5,1.0
CG_LT,81,,MM BINH DUONG,MM AN PHU,AN RICE CRACKER SEAWEED 111.3G,20.100108,0.6,0.563124,12.623189,PRICED_E1_shortage_ratio_AN RICE CRACKER SEAWEED 111.3G_T81_1,0.281562
CG_LT,81,,MM BINH DUONG,MM DA NANG,AN RICE CRACKER SEAWEED 111.3G,13.213232,0.6,0.563124,8.491063,PRICED_E1_shortage_ratio_AN RICE CRACKER SEAWEED 111.3G_T81_1,0.281562
CG_LT,82,,MM BINH DUONG,MM AN PHU,AN RICE CRACKER SEAWEED 111.3G,1.170655,0.6,0.182098,0.884491,PRICED_E1_shortage_ratio_AN RICE CRACKER SEAWEED 111.3G_T82_2,0.091049
CG_LT,82,,MM HIEP PHU,MM DA NANG,AN RICE CRACKER SEAWEED 111.3G,15.085843,0.6,0.182098,9.233603,PRICED_E1_shortage_ratio_AN RICE CRACKER SEAWEED 111.3G_T82_2,0.091049
CG_LT,82,,MM BINH DUONG,MM DA NANG,AN RICE CRACKER SEAWEED 111.3G,165.689655,0.6,2.0,101.413793,PRICED_E1_shortage_ratio_AN RICE CRACKER SEAWEED 111.3G_T82_5,1.0
CG_LT,82,,MM BINH PHU,MM AN PHU,AN RICE CRACKER SEAWEED 111.3G,12.857449,0.6,2.0,9.71447,PRICED_E1_shortage_ratio_AN RICE CRACKER SEAWEED 111.3G_T82_5,1.0
CG_LT,83,,MM BINH DUONG,MM AN PHU,AN RICE CRACKER SEAWEED 111.3G,28.171803,0.6,1.040459,17.94354,PRICED_E1_shortage_ratio_AN RICE CRACKER SEAWEED 111.3G_T83_1,0.520229
CG_LT,83,,MM BINH DUONG,MM DA NANG,AN RICE CRACKER SEAWEED 111.3G,47.470609,0.6,1.040459,29.522824,PRICED_E1_shortage_ratio_AN RICE CRACKER SEAWEED 111.3G_T83_1,0.520229
CG_LT,83,,MM BINH DUONG,MM DA NANG,AN RICE CRACKER SEAWEED 111.3G,91.249391,0.6,2.0,56.749635,PRICED_E1_shortage_ratio_AN RICE CRACKER SEAWEED 111.3G_T83_5,1.0
CG_LT,83,,MM BINH PHU,MM AN PHU,AN RICE CRACKER SEAWEED 111.3G,54.152662,0.6,2.0,34.491597,PRICED_E1_shortage_ratio_AN RICE CRACKER SEAWEED 111.3G_T83_5,1.0
CG_LT,84,,MM BINH DUONG,MM AN PHU,AN RICE CRACKER SEAWEED 111.3G,75.521167,0.6,2.0,47.3127,PRICED_E1_shortage_ratio_AN RICE CRACKER SEAWEED 111.3G_T84_1,1.0
CG_LT,84,,MM HIEP PHU,MM AN PHU,AN RICE CRACKER SEAWEED 111.3G,17.22845,0.6,0.456255,10.793325,PRICED_E1_shortage_ratio_AN RICE CRACKER SEAWEED 111.3G_T84_2,0.228127
CG_LT,85,,MM BINH DUONG,MM DA NANG,AN RICE CRACKER SEAWEED 111.3G,0.58669,0.6,0.102961,0.454975,PRICED_E1_shortage_ratio_AN RICE CRACKER SEAWEED 111.3G_T85_2,0.051481
CG_LT,85,,MM HIEP PHU,MM AN PHU,AN RICE CRACKER SEAWEED 111.3G,5.251382,0.6,0.102961,3.25379,PRICED_E1_shortage_ratio_AN RICE CRACKER SEAWEED 111.3G_T85_2,0.051481
CG_LT,85,,MM BINH DUONG,MM AN PHU,AN RICE CRACKER SEAWEED 111.3G,102.007107,0.6,2.0,63.204264,PRICED_E1_shortage_ratio_AN RICE CRACKER SEAWEED 111.3G_T85_5,1.0
CG_LT,85,,MM BINH PHU,MM DA NANG,AN RICE CRACKER SEAWEED 111.3G,11.396345,0.6,2.0,8.837807,PRICED_E1_shortage_ratio_AN RICE CRACKER SEAWEED 111.3G_T85_5,1.0
CG_LT,86,,MM BINH DUONG,MM AN PHU,AN RICE CRACKER SEAWEED 111.3G,118.471044,0.6,2.0,73.082626,PRICED_E1_shortage_ratio_AN RICE CRACKER SEAWEED 111.3G_T86_1,1.0
CG_LT,86,,MM HIEP PHU,MM AN PHU,AN RICE CRACKER SEAWEED 111.3G,38.530556,0.6,0.650464,23.768797,PRICED_E1_shortage_ratio_AN RICE CRACKER SEAWEED 111.3G_T86_2,0.325232
CG_LT,87,,MM BINH DUONG,MM AN PHU,AN RICE CRACKER SEAWEED 111.3G,23.389686,0.6,0.211406,14.245217,PRICED_E1_shortage_ratio_AN RICE CRACKER SEAWEED 111.3G_T87_1,0.105703
CG_LT,87,,MM HIEP PHU,MM AN PHU,AN RICE CRACKER SEAWEED 111.3G,221.277734,0.6,2.0,134.76664,PRICED_E1_shortage_ratio_AN RICE CRACKER SEAWEED 111.3G_T87_2,1.0
CG_LT,88,,MM BINH DUONG,MM DA NANG,AN RICE CRACKER SEAWEED 111.3G,0.639541,0.6,0.202272,0.585996,PRICED_E1_shortage_ratio_AN RICE CRACKER SEAWEED 111.3G_T88_2,0.101136
CG_LT,88,,MM HIEP PHU,MM AN PHU,AN RICE CRACKER SEAWEED 111.3G,19.694253,0.6,0.202272,12.018823,PRICED_E1_shortage_ratio_AN RICE CRACKER SEAWEED 111.3G_T88_2,0.101136
CG_LT,88,,MM BINH DUONG,MM AN PHU,AN RICE CRACKER SEAWEED 111.3G,194.730751,0.6,2.0,118.838451,PRICED_E1_shortage_ratio_AN RICE CRACKER SEAWEED 111.3G_T88_5,1.0
CG_LT,88,,MM BINH PHU,MM DA NANG,AN RICE CRACKER SEAWEED 111.3G,6.323588,0.6,2.0,5.794153,PRICED_E1_shortage_ratio_AN RICE CRACKER SEAWEED 111.3G_T88_5,1.0
CG_LT,89,,MM BINH DUONG,MM AN PHU,AN RICE CRACKER SEAWEED 111.3G,3.765141,0.6,0.122875,2.381959,PRICED_E1_shortage_ratio_AN RICE CRACKER SEAWEED 111.3G_T89_2,0.061437
CG_LT,89,,MM HIEP PHU,MM DA NANG,AN RICE CRACKER SEAWEED 111.3G,12.791318,0.6,0.122875,7.797666,PRICED_E1_shortage_ratio_AN RICE CRACKER SEAWEED 111.3G_T89_2,0.061437
CG_LT,89,,MM BINH DUONG,MM DA NANG,AN RICE CRACKER SEAWEED 111.3G,208.200682,0.6,2.0,126.920409,PRICED_E1_shortage_ratio_AN RICE CRACKER SEAWEED 111.3G_T89_5,1.0
CG_LT,89,,MM BINH PHU,MM AN PHU,AN RICE CRACKER SEAWEED 111.3G,61.284131,0.6,2.0,38.770479,PRICED_E1_shortage_ratio_AN RICE CRACKER SEAWEED 111.3G_T89_5,1.0
CG_LT,8,,MM BIEN HOA,MM AN PHU,AN RICE CRACKER SEAWEED 111.3G,0.384728,0.6,2.0,2.230837,PRICED_E1_shortage_ratio_AN RICE CRACKER SEAWEED 111.3G_T8_4,1.0
CG_LT,8,,MM BINH DUONG,MM HIEP PHU,AN RICE CRACKER SEAWEED 111.3G,1.038314,0.6,2.0,2.622988,PRICED_E1_shortage_ratio_AN RICE CRACKER SEAWEED 111.3G_T8_4,1.0
CG_LT,8,,MM BINH PHU,MM AN PHU,AN RICE CRACKER SEAWEED 111.3G,150.268628,0.6,2.0,92.161177,PRICED_E1_shortage_ratio_AN RICE CRACKER SEAWEED 111.3G_T8_4,1.0
CG_LT,90,,MM BINH PHU,MM AN PHU,AN RICE CRACKER SEAWEED 111.3G,40.610709,0.6,2.0,26.366425,PRICED_E1_shortage_ratio_AN RICE CRACKER SEAWEED 111.3G_T90_5,1.0
CG_LT,90,,MM HIEP PHU,MM DA NANG,AN RICE CRACKER SEAWEED 111.3G,412.859133,0.6,2.0,249.71548,PRICED_E1_shortage_ratio_AN RICE CRACKER SEAWEED 111.3G_T90_5,1.0
CG_LT,91,,MM BINH DUONG,MM AN PHU,AN RICE CRACKER SEAWEED 111.3G,7.479309,0.6,0.329913,4.817499,PRICED_E1_shortage_ratio_AN RICE CRACKER SEAWEED 111.3G_T91_2,0.164957
CG_LT,91,,MM HIEP PHU,MM DA NANG,AN RICE CRACKER SEAWEED 111.3G,32.362729,0.6,0.329913,19.747551,PRICED_E1_shortage_ratio_AN RICE CRACKER SEAWEED 111.3G_T91_2,0.164957
CG_LT,91,,MM BINH DUONG,MM DA NANG,AN RICE CRACKER SEAWEED 111.3G,196.189271,0.6,2.0,119.713563,PRICED_E1_shortage_ratio_AN RICE CRACKER SEAWEED 111.3G_T91_5,1.0
CG_LT,91,,MM BINH PHU,MM AN PHU,AN RICE CRACKER SEAWEED 111.3G,45.341053,0.6,2.0,29.204632,PRICED_E1_shortage_ratio_AN RICE CRACKER SEAWEED 111.3G_T91_5,1.0
CG_LT,92,,MM BINH DUONG,MM AN PHU,AN RICE CRACKER SEAWEED 111.3G,32.282873,0.6,1.596236,20.96596,PRICED_E1_shortage_ratio_AN RICE CRACKER SEAWEED 111.3G_T92_1,0.798118
CG_LT,92,,MM BINH PHU,MM AN PHU,AN RICE CRACKER SEAWEED 111.3G,40.448747,0.6,2.0,26.269248,PRICED_E1_shortage_ratio_AN RICE CRACKER SEAWEED 111.3G_T92_2,1.0
CG_LT,93,,MM BINH DUONG,MM AN PHU,AN RICE CRACKER SEAWEED 111.3G,91.694965,0.6,2.0,57.016979,PRICED_E1_shortage_ratio_AN RICE CRACKER SEAWEED 111.3G_T93_1,1.0
CG_LT,93,,MM BINH DUONG,MM DA NANG,AN RICE CRACKER SEAWEED 111.3G,15.261242,0.6,2.0,11.156745,PRICED_E1_shortage_ratio_AN RICE CRACKER SEAWEED 111.3G_T93_1,1.0
CG_LT,93,,MM BINH DUONG,MM AN PHU,AN RICE CRACKER SEAWEED 111.3G,6.546631,0.6,0.142792,4.07077,PRICED_E1_shortage_ratio_AN RICE CRACKER SEAWEED 111.3G_T93_5,0.071396
CG_LT,93,,MM BINH PHU,MM DA NANG,AN RICE CRACKER SEAWEED 111.3G,1.089588,0.6,0.142792,0.796544,PRICED_E1_shortage_ratio_AN RICE CRACKER SEAWEED 111.3G_T93_5,0.071396
CG_LT,94,,MM BINH DUONG,MM AN PHU,AN RICE CRACKER SEAWEED 111.3G,73.092103,0.6,2.0,45.855262,PRICED_E1_shortage_ratio_AN RICE CRACKER SEAWEED 111.3G_T94_1,1.0
CG_LT,94,,MM BINH DUONG,MM DA NANG,AN RICE CRACKER SEAWEED 111.3G,21.584502,0.6,2.0,14.950701,PRICED_E1_shortage_ratio_AN RICE CRACKER SEAWEED 111.3G_T94_1,1.0
CG_LT,94,,MM BINH DUONG,MM DA NANG,AN RICE CRACKER SEAWEED 111.3G,7.84969,0.6,0.727345,5.437159,PRICED_E1_shortage_ratio_AN RICE CRACKER SEAWEED 111.3G_T94_2,0.363673
CG_LT,94,,MM BINH PHU,MM AN PHU,AN RICE CRACKER SEAWEED 111.3G,26.58159,0.6,0.727345,16.676299,PRICED_E1_shortage_ratio_AN RICE CRACKER SEAWEED 111.3G_T94_2,0.363673
CG_LT,95,,MM BINH DUONG,MM AN PHU,AN RICE CRACKER SEAWEED 111.3G,57.249397,0.6,2.0,36.349638,PRICED_E1_shortage_ratio_AN RICE CRACKER SEAWEED 111.3G_T95_1,1.0
CG_LT,95,,MM BINH DUONG,MM DA NANG,AN RICE CRACKER SEAWEED 111.3G,62.199871,0.6,2.0,39.319923,PRICED_E1_shortage_ratio_AN RICE CRACKER SEAWEED 111.3G_T95_1,1.0
CG_LT,95,,MM BINH DUONG,MM AN PHU,AN RICE CRACKER SEAWEED 111.3G,21.174603,0.6,0.739732,13.444494,PRICED_E1_shortage_ratio_AN RICE CRACKER SEAWEED 111.3G_T95_3,0.369866
CG_LT,95,,MM HIEP PHU,MM DA NANG,AN RICE CRACKER SEAWEED 111.3G,23.005615,0.6,0.739732,14.543101,PRICED_E1_shortage_ratio_AN RICE CRACKER SEAWEED 111.3G_T95_3,0.369866
CG_LT,96,,MM BINH DUONG,MM AN PHU,AN RICE CRACKER SEAWEED 111.3G,91.409083,0.6,2.0,56.84545,PRICED_E1_shortage_ratio_AN RICE CRACKER SEAWEED 111.3G_T96_1,1.0
CG_LT,96,,MM BINH DUONG,MM DA NANG,AN RICE CRACKER SEAWEED 111.3G,122.498919,0.6,2.0,75.499352,PRICED_E1_shortage_ratio_AN RICE CRACKER SEAWEED 111.3G_T96_1,1.0
CG_LT,96,,MM BINH DUONG,MM AN PHU,AN RICE CRACKER SEAWEED 111.3G,28.909804,0.6,0.632537,17.978419,PRICED_E1_shortage_ratio_AN RICE CRACKER SEAWEED 111.3G_T96_2,0.316268
CG_LT,96,,MM HIEP PHU,MM DA NANG,AN RICE CRACKER SEAWEED 111.3G,38.742536,0.6,0.632537,23.878059,PRICED_E1_shortage_ratio_AN RICE CRACKER SEAWEED 111.3G_T96_2,0.316268
CG_LT,98,,MM BINH DUONG,MM DA NANG,AN RICE CRACKER SEAWEED 111.3G,6.662983,0.6,0.17448,4.17227,PRICED_E1_shortage_ratio_AN RICE CRACKER SEAWEED 111.3G_T98_2,0.08724
CG_LT,98,,MM HIEP PHU,MM AN PHU,AN RICE CRACKER SEAWEED 111.3G,18.381344,0.6,0.17448,11.203286,PRICED_E1_shortage_ratio_AN RICE CRACKER SEAWEED 111.3G_T98_2,0.08724
CG_LT,9,,MM BINH PHU,MM AN PHU,AN RICE CRACKER SEAWEED 111.3G,98.987449,0.6,2.0,61.39247,PRICED_E1_shortage_ratio_AN RICE CRACKER SEAWEED 111.3G_T9_1,1.0
CG_LT,9,,MM BINH PHU,MM DA NANG,AN RICE CRACKER SEAWEED 111.3G,0.681463,0.6,1.227076,1.635953,PRICED_E1_shortage_ratio_AN RICE CRACKER SEAWEED 111.3G_T9_2,0.613538
CG_LT,9,,MM BINH PHU,MM HIEP PHU,AN RICE CRACKER SEAWEED 111.3G,60.051088,0.6,1.227076,37.257729,PRICED_E1_shortage_ratio_AN RICE CRACKER SEAWEED 111.3G_T9_2,0.613538
CG_LT,100,,MM BIEN HOA,MM BINH PHU,BANH GAO AN TAO BIEN 174.9G,16.492846,0.6,0.742301,10.638009,PRICED_E1_shortage_ratio_BANH GAO AN TAO BIEN 174.9G_T100_2,0.37115
CG_LT,100,,MM BINH DUONG,MM AN PHU,BANH GAO AN TAO BIEN 174.9G,15.42907,0.6,0.742301,9.999743,PRICED_E1_shortage_ratio_BANH GAO AN TAO BIEN 174.9G_T100_2,0.37115
CG_LT,100,,MM BIEN HOA,MM AN PHU,BANH GAO AN TAO BIEN 174.9G,41.57093,0.6,2.0,26.942558,PRICED_E1_shortage_ratio_BANH GAO AN TAO BIEN 174.9G_T100_5,1.0
CG_LT,100,,MM BINH DUONG,MM BINH PHU,BANH GAO AN TAO BIEN 174.9G,44.437088,0.6,2.0,28.662253,PRICED_E1_shortage_ratio_BANH GAO AN TAO BIEN 174.9G_T100_5,1.0
CG_LT,101,,MM BIEN HOA,MM AN PHU,BANH GAO AN TAO BIEN 174.9G,14.949084,0.6,2.0,10.969451,PRICED_E1_shortage_ratio_BANH GAO AN TAO BIEN 174.9G_T101_1,1.0
CG_LT,101,,MM BINH DUONG,MM AN PHU,BANH GAO AN TAO BIEN 174.9G,14.949084,0.6,2.0,10.969451,PRICED_E1_shortage_ratio_BANH GAO AN TAO BIEN 174.9G_T101_2,1.0
CG_LT,101,,MM BINH PHU,MM AN PHU,BANH GAO AN TAO BIEN 174.9G,14.949084,0.6,2.0,10.969451,PRICED_E1_shortage_ratio_BANH GAO AN TAO BIEN 174.9G_T101_3,1.0
CG_LT,102,,MM BIEN HOA,MM HIEP PHU,BANH GAO AN TAO BIEN 174.9G,30.008487,0.6,2.0,20.005092,PRICED_E1_shortage_ratio_BANH GAO AN TAO BIEN 174.9G_T102_2,1.0
CG_LT,102,,MM BINH DUONG,MM AN PHU,BANH GAO AN TAO BIEN 174.9G,54.129896,0.6,2.0,34.477938,PRICED_E1_shortage_ratio_BANH GAO AN TAO BIEN 174.9G_T102_2,1.0
CG_LT,102,,MM BIEN HOA,MM AN PHU,BANH GAO AN TAO BIEN 174.9G,37.038104,0.6,1.36849,23.591352,PRICED_E1_shortage_ratio_BANH GAO AN TAO BIEN 174.9G_T102_5,0.684245
CG_LT,102,,MM BINH DUONG,MM HIEP PHU,BANH GAO AN TAO BIEN 174.9G,20.533154,0.6,1.36849,13.688382,PRICED_E1_shortage_ratio_BANH GAO AN TAO BIEN 174.9G_T102_5,0.684245
CG_LT,103,,MM BIEN HOA,MM AN PHU,BANH GAO AN TAO BIEN 174.9G,11.030151,0.6,2.0,8.61809,PRICED_E1_shortage_ratio_BANH GAO AN TAO BIEN 174.9G_T103_1,1.0
CG_LT,103,,MM BINH DUONG,MM AN PHU,BANH GAO AN TAO BIEN 174.9G,11.030151,0.6,2.0,8.61809,PRICED_E1_shortage_ratio_BANH GAO AN TAO BIEN 174.9G_T103_2,1.0
CG_LT,103,,MM BINH PHU,MM AN PHU,BANH GAO AN TAO BIEN 174.9G,11.030151,0.6,2.0,8.61809,PRICED_E1_shortage_ratio_BANH GAO AN TAO BIEN 174.9G_T103_3,1.0
CG_LT,105,,MM BIEN HOA,MM AN PHU,BANH GAO AN TAO BIEN 174.9G,1.312003,0.6,0.677374,1.464575,PRICED_E1_shortage_ratio_BANH GAO AN TAO BIEN 174.9G_T105_2,0.338687
CG_LT,105,,MM BINH DUONG,MM HIEP PHU,BANH GAO AN TAO BIEN 174.9G,8.86347,0.6,0.677374,5.995456,PRICED_E1_shortage_ratio_BANH GAO AN TAO BIEN 174.9G_T105_2,0.338687
CG_LT,105,,MM BIEN HOA,MM HIEP PHU,BANH GAO AN TAO BIEN 174.9G,26.170108,0.6,2.0,17.702065,PRICED_E1_shortage_ratio_BANH GAO AN TAO BIEN 174.9G_T105_5,1.0
CG_LT,105,,MM BINH DUONG,MM AN PHU,BANH GAO AN TAO BIEN 174.9G,3.873794,0.6,2.0,4.324276,PRICED_E1_shortage_ratio_BANH GAO AN TAO BIEN 174.9G_T105_5,1.0
CG_LT,107,,MM BINH DUONG,MM BINH PHU,BANH GAO AN TAO BIEN 174.9G,104.195052,0.6,2.0,64.517031,PRICED_E1_shortage_ratio_BANH GAO AN TAO BIEN 174.9G_T107_1,1.0
CG_LT,107,,MM BINH DUONG,MM HIEP PHU,BANH GAO AN TAO BIEN 174.9G,58.543867,0.6,2.0,37.12632,PRICED_E1_shortage_ratio_BANH GAO AN TAO BIEN 174.9G_T107_1,1.0
CG_LT,109,,MM BIEN HOA,MM AN PHU,BANH GAO AN TAO BIEN 174.9G,9.899988,0.6,2.0,7.939993,PRICED_E1_shortage_ratio_BANH GAO AN TAO BIEN 174.9G_T109_1,1.0
CG_LT,109,,MM BINH DUONG,MM AN PHU,BANH GAO AN TAO BIEN 174.9G,9.899988,0.6,2.0,7.939993,PRICED_E1_shortage_ratio_BANH GAO AN TAO BIEN 174.9G_T109_2,1.0
CG_LT,10,,MM BINH PHU,MM AN PHU,BANH GAO AN TAO BIEN 174.9G,15.539839,0.6,2.0,11.323903,PRICED_E1_shortage_ratio_BANH GAO AN TAO BIEN 174.9G_T10_1,1.0
CG_LT,10,,MM BINH PHU,MM AN PHU,BANH GAO AN TAO BIEN 174.9G,13.785775,0.6,2.0,10.271465,PRICED_E1_shortage_ratio_BANH GAO AN TAO BIEN 174.9G_T10_2,1.0
CG_LT,10,,MM BINH PHU,MM BIEN HOA,BANH GAO AN TAO BIEN 174.9G,1.754064,0.6,2.0,3.052438,PRICED_E1_shortage_ratio_BANH GAO AN TAO BIEN 174.9G_T10_2,1.0
CG_LT,110,,MM BINH DUONG,MM AN PHU,BANH GAO AN TAO BIEN 174.9G,69.438349,0.6,2.0,43.66301,PRICED_E1_shortage_ratio_BANH GAO AN TAO BIEN 174.9G_T110_1,1.0
CG_LT,110,,MM BINH DUONG,MM AN PHU,BANH GAO AN TAO BIEN 174.9G,11.712641,0.6,0.424769,7.452354,PRICED_E1_shortage_ratio_BANH GAO AN TAO BIEN 174.9G_T110_3,0.212385
CG_LT,110,,MM DA NANG,MM AN PHU,BANH GAO AN TAO BIEN 174.9G,3.034992,0.6,0.424769,2.245764,PRICED_E1_shortage_ratio_BANH GAO AN TAO BIEN 174.9G_T110_3,0.212385
CG_LT,112,,MM BIEN HOA,MM DA NANG,BANH GAO AN TAO BIEN 174.9G,0.672208,0.6,0.233406,0.636731,PRICED_E1_shortage_ratio_BANH GAO AN TAO BIEN 174.9G_T112_1,0.116703
CG_LT,112,,MM BIEN HOA,MM HIEP PHU,BANH GAO AN TAO BIEN 174.9G,0.678645,0.6,0.233406,0.640593,PRICED_E1_shortage_ratio_BANH GAO AN TAO BIEN 174.9G_T112_1,0.116703
CG_LT,112,,MM BINH DUONG,MM AN PHU,BANH GAO AN TAO BIEN 174.9G,6.145824,0.6,0.233406,3.9209,PRICED_E1_shortage_ratio_BANH GAO AN TAO BIEN 174.9G_T112_1,0.116703
CG_LT,113,,MM BINH DUONG,MM AN PHU,BANH GAO AN TAO BIEN 174.9G,47.020728,0.6,2.0,30.212437,PRICED_E1_shortage_ratio_BANH GAO AN TAO BIEN 174.9G_T113_1,1.0
CG_LT,113,,MM BINH DUONG,MM HIEP PHU,BANH GAO AN TAO BIEN 174.9G,47.020728,0.6,2.0,30.212437,PRICED_E1_shortage_ratio_BANH GAO AN TAO BIEN 174.9G_T113_2,1.0
CG_LT,113,,MM BINH DUONG,MM BINH PHU,BANH GAO AN TAO BIEN 174.9G,13.302544,0.6,0.565816,8.547343,PRICED_E1_shortage_ratio_BANH GAO AN TAO BIEN 174.9G_T113_3,0.282908
CG_LT,116,,MM BIEN HOA,MM AN PHU,BANH GAO AN TAO BIEN 174.9G,23.389806,0.6,1.448017,15.481901,PRICED_E1_shortage_ratio_BANH GAO AN TAO BIEN 174.9G_T116_1,0.724008
CG_LT,116,,MM BIEN HOA,MM DA NANG,BANH GAO AN TAO BIEN 174.9G,21.416,0.6,1.448017,14.297617,PRICED_E1_shortage_ratio_BANH GAO AN TAO BIEN 174.9G_T116_1,0.724008
CG_LT,116,,MM HIEP PHU,MM DA NANG,BANH GAO AN TAO BIEN 174.9G,179.888286,0.6,1.448017,109.380988,PRICED_E1_shortage_ratio_BANH GAO AN TAO BIEN 174.9G_T116_1,0.724008
CG_LT,116,,MM BIEN HOA,MM AN PHU,BANH GAO AN TAO BIEN 174.9G,22.23741,0.6,0.71866,14.061106,PRICED_E1_shortage_ratio_BANH GAO AN TAO BIEN 174.9G_T116_5,0.35933
CG_LT,116,,MM HIEP PHU,MM DA NANG,BANH GAO AN TAO BIEN 174.9G,89.279714,0.6,0.71866,54.286489,PRICED_E1_shortage_ratio_BANH GAO AN TAO BIEN 174.9G_T116_5,0.35933
CG_LT,117,,MM BIEN HOA,MM AN PHU,BANH GAO AN TAO BIEN 174.9G,7.81177,0.6,0.257824,4.944886,PRICED_E1_shortage_ratio_BANH GAO AN TAO BIEN 174.9G_T117_1,0.128912
CG_LT,117,,MM HIEP PHU,MM AN PHU,BANH GAO AN TAO BIEN 174.9G,29.403419,0.6,0.257824,17.899875,PRICED_E1_shortage_ratio_BANH GAO AN TAO BIEN 174.9G_T117_1,0.128912
CG_LT,117,,MM BIEN HOA,MM BINH PHU,BANH GAO AN TAO BIEN 174.9G,60.597747,0.6,2.0,38.358648,PRICED_E1_shortage_ratio_BANH GAO AN TAO BIEN 174.9G_T117_4,1.0
CG_LT,117,,MM HIEP PHU,MM AN PHU,BANH GAO AN TAO BIEN 174.9G,228.089276,0.6,2.0,138.853565,PRICED_E1_shortage_ratio_BANH GAO AN TAO BIEN 174.9G_T117_4,1.0
CG_LT,118,,MM HIEP PHU,MM AN PHU,BANH GAO AN TAO BIEN 174.9G,219.346461,0.6,2.0,133.607876,PRICED_E1_shortage_ratio_BANH GAO AN TAO BIEN 174.9G_T118_1,1.0
CG_LT,118,,MM HIEP PHU,MM AN PHU,BANH GAO AN TAO BIEN 174.9G,37.168366,0.6,0.384142,22.685161,PRICED_E1_shortage_ratio_BANH GAO AN TAO BIEN 174.9G_T118_4,0.192071
CG_LT,118,,MM HIEP PHU,MM BINH DUONG,BANH GAO AN TAO BIEN 174.9G,4.961683,0.6,0.384142,3.361151,PRICED_E1_shortage_ratio_BANH GAO AN TAO BIEN 174.9G_T118_4,0.192071
CG_LT,119,,MM HIEP PHU,MM BINH DUONG,BANH GAO AN TAO BIEN 174.9G,224.091583,0.6,2.0,136.45495,PRICED_E1_shortage_ratio_BANH GAO AN TAO BIEN 174.9G_T119_1,1.0
CG_LT,119,,MM HIEP PHU,MM AN PHU,BANH GAO AN TAO BIEN 174.9G,33.404068,0.6,0.313414,20.355855,PRICED_E1_shortage_ratio_BANH GAO AN TAO BIEN 174.9G_T119_2,0.156707
CG_LT,119,,MM HIEP PHU,MM DA NANG,BANH GAO AN TAO BIEN 174.9G,1.712695,0.6,0.313414,1.341031,PRICED_E1_shortage_ratio_BANH GAO AN TAO BIEN 174.9G_T119_2,0.156707
CG_LT,11,,MM BIEN HOA,MM AN PHU,BANH GAO AN TAO BIEN 174.9G,110.853559,0.6,2.0,68.512135,PRICED_E1_shortage_ratio_BANH GAO AN TAO BIEN 174.9G_T11_1,1.0
CG_LT,11,,MM BIEN HOA,MM DA NANG,BANH GAO AN TAO BIEN 174.9G,6.91476,0.6,2.0,6.148856,PRICED_E1_shortage_ratio_BANH GAO AN TAO BIEN 174.9G_T11_1,1.0
CG_LT,11,,MM BIEN HOA,MM AN PHU,BANH GAO AN TAO BIEN 174.9G,18.314441,0.6,0.330426,11.319091,PRICED_E1_shortage_ratio_BANH GAO AN TAO BIEN 174.9G_T11_4,0.165213
CG_LT,11,,MM BINH PHU,MM DA NANG,BANH GAO AN TAO BIEN 174.9G,1.142408,0.6,0.330426,1.015871,PRICED_E1_shortage_ratio_BANH GAO AN TAO BIEN 174.9G_T11_4,0.165213
CG_LT,120,,MM HIEP PHU,MM AN PHU,BANH GAO AN TAO BIEN 174.9G,240.190435,0.6,2.0,146.114261,PRICED_E1_shortage_ratio_BANH GAO AN TAO BIEN 174.9G_T120_1,1.0
CG_LT,120,,MM HIEP PHU,MM BINH DUONG,BANH GAO AN TAO BIEN 174.9G,21.228582,0.6,0.181894,12.919043,PRICED_E1_shortage_ratio_BANH GAO AN TAO BIEN 174.9G_T120_2,0.090947
CG_LT,120,,MM HIEP PHU,MM DA NANG,BANH GAO AN TAO BIEN 174.9G,0.61597,0.6,0.181894,0.551475,PRICED_E1_shortage_ratio_BANH GAO AN TAO BIEN 174.9G_T120_2,0.090947
CG_LT,121,,MM BIEN HOA,MM AN PHU,BANH GAO AN TAO BIEN 174.9G,0.961512,0.6,0.110924,0.687831,PRICED_E1_shortage_ratio_BANH GAO AN TAO BIEN 174.9G_T121_1,0.055462
CG_LT,121,,MM BIEN HOA,MM BINH PHU,BANH GAO AN TAO BIEN 174.9G,2.341733,0.6,0.110924,1.515964,PRICED_E1_shortage_ratio_BANH GAO AN TAO BIEN 174.9G_T121_1,0.055462
CG_LT,121,,MM BINH DUONG,MM AN PHU,BANH GAO AN TAO BIEN 174.9G,6.582253,0.6,0.110924,4.060276,PRICED_E1_shortage_ratio_BANH GAO AN TAO BIEN 174.9G_T121_1,0.055462
CG_LT,121,,MM HIEP PHU,MM AN PHU,BANH GAO AN TAO BIEN 174.9G,6.072922,0.6,0.110924,3.754677,PRICED_E1_shortage_ratio_BANH GAO AN TAO BIEN 174.9G_T121_1,0.055462
CG_LT,121,,MM BIEN HOA,MM AN PHU,BANH GAO AN TAO BIEN 174.9G,75.846956,0.6,2.0,47.508174,PRICED_E1_shortage_ratio_BANH GAO AN TAO BIEN 174.9G_T121_3,1.0
CG_LT,121,,MM BINH DUONG,MM AN PHU,BANH GAO AN TAO BIEN 174.9G,76.458162,0.6,2.0,47.874897,PRICED_E1_shortage_ratio_BANH GAO AN TAO BIEN 174.9G_T121_3,1.0
CG_LT,121,,MM BINH DUONG,MM BINH PHU,BANH GAO AN TAO BIEN 174.9G,42.22232,0.6,2.0,27.333392,PRICED_E1_shortage_ratio_BANH GAO AN TAO BIEN 174.9G_T121_3,1.0
CG_LT,121,,MM HIEP PHU,MM AN PHU,BANH GAO AN TAO BIEN 174.9G,93.20884,0.6,2.0,57.925304,PRICED_E1_shortage_ratio_BANH GAO AN TAO BIEN 174.9G_T121_3,1.0
CG_LT,122,,MM BIEN HOA,MM AN PHU,BANH GAO AN TAO BIEN 174.9G,4.719564,0.6,0.315523,3.147261,PRICED_E1_shortage_ratio_BANH GAO AN TAO BIEN 174.9G_T122_2,0.157762
CG_LT,122,,MM BINH DUONG,MM AN PHU,BANH GAO AN TAO BIEN 174.9G,13.029046,0.6,0.315523,8.132951,PRICED_E1_shortage_ratio_BANH GAO AN TAO BIEN 174.9G_T122_2,0.157762
CG_LT,122,,MM BINH DUONG,MM BINH PHU,BANH GAO AN TAO BIEN 174.9G,7.469884,0.6,0.315523,4.797454,PRICED_E1_shortage_ratio_BANH GAO AN TAO BIEN 174.9G_T122_2,0.157762
CG_LT,122,,MM HIEP PHU,MM AN PHU,BANH GAO AN TAO BIEN 174.9G,7.399431,0.6,0.315523,4.755181,PRICED_E1_shortage_ratio_BANH GAO AN TAO BIEN 174.9G_T122_2,0.157762
CG_LT,122,,MM BIEN HOA,MM AN PHU,BANH GAO AN TAO BIEN 174.9G,29.915813,0.6,2.0,19.949488,PRICED_E1_shortage_ratio_BANH GAO AN TAO BIEN 174.9G_T122_4,1.0
CG_LT,122,,MM BINH DUONG,MM AN PHU,BANH GAO AN TAO BIEN 174.9G,129.936194,0.6,2.0,79.961716,PRICED_E1_shortage_ratio_BANH GAO AN TAO BIEN 174.9G_T122_4,1.0
CG_LT,122,,MM HIEP PHU,MM BINH PHU,BANH GAO AN TAO BIEN 174.9G,46.902636,0.6,2.0,30.141581,PRICED_E1_shortage_ratio_BANH GAO AN TAO BIEN 174.9G_T122_4,1.0
CG_LT,123,,MM BIEN HOA,MM BINH PHU,BANH GAO AN TAO BIEN 174.9G,14.302797,0.6,1.739214,10.320892,PRICED_E1_shortage_ratio_BANH GAO AN TAO BIEN 174.9G_T123_1,0.869607
CG_LT,123,,MM BINH DUONG,MM AN PHU,BANH GAO AN TAO BIEN 174.9G,111.759504,0.6,1.739214,68.794916,PRICED_E1_shortage_ratio_BANH GAO AN TAO BIEN 174.9G_T123_1,0.869607
CG_LT,123,,MM HIEP PHU,MM AN PHU,BANH GAO AN TAO BIEN 174.9G,33.480189,0.6,1.739214,21.827327,PRICED_E1_shortage_ratio_BANH GAO AN TAO BIEN 174.9G_T123_1,0.869607
CG_LT,123,,MM BIEN HOA,MM AN PHU,BANH GAO AN TAO BIEN 174.9G,6.484926,0.6,0.375482,4.266438,PRICED_E1_shortage_ratio_BANH GAO AN TAO BIEN 174.9G_T123_2,0.187741
CG_LT,123,,MM BINH DUONG,MM AN PHU,BANH GAO AN TAO BIEN 174.9G,15.876095,0.6,0.375482,9.901139,PRICED_E1_shortage_ratio_BANH GAO AN TAO BIEN 174.9G_T123_2,0.187741
CG_LT,123,,MM BINH DUONG,MM BINH PHU,BANH GAO AN TAO BIEN 174.9G,3.087859,0.6,0.375482,2.228197,PRICED_E1_shortage_ratio_BANH GAO AN TAO BIEN 174.9G_T123_2,0.187741
CG_LT,123,,MM HIEP PHU,MM AN PHU,BANH GAO AN TAO BIEN 174.9G,8.995057,0.6,0.375482,5.772516,PRICED_E1_shortage_ratio_BANH GAO AN TAO BIEN 174.9G_T123_2,0.187741
CG_LT,124,,MM BIEN HOA,MM AN PHU,BANH GAO AN TAO BIEN 174.9G,5.156129,0.6,2.0,5.093677,PRICED_E1_shortage_ratio_BANH GAO AN TAO BIEN 174.9G_T124_2,1.0
CG_LT,124,,MM BINH DUONG,MM AN PHU,BANH GAO AN TAO BIEN 174.9G,42.888974,0.6,2.0,27.733384,PRICED_E1_shortage_ratio_BANH GAO AN TAO BIEN 174.9G_T124_2,1.0
CG_LT,124,,MM BINH DUONG,MM BINH PHU,BANH GAO AN TAO BIEN 174.9G,108.031235,0.6,2.0,66.818741,PRICED_E1_shortage_ratio_BANH GAO AN TAO BIEN 174.9G_T124_2,1.0
CG_LT,124,,MM HIEP PHU,MM AN PHU,BANH GAO AN TAO BIEN 174.9G,25.397506,0.6,2.0,17.238504,PRICED_E1_shortage_ratio_BANH GAO AN TAO BIEN 174.9G_T124_2,1.0
CG_LT,124,,MM BIEN HOA,MM AN PHU,BANH GAO AN TAO BIEN 174.9G,0.159439,0.6,0.061844,0.157508,PRICED_E1_shortage_ratio_BANH GAO AN TAO BIEN 174.9G_T124_3,0.030922
CG_LT,124,,MM BINH DUONG,MM AN PHU,BANH GAO AN TAO BIEN 174.9G,3.815538,0.6,0.061844,2.351167,PRICED_E1_shortage_ratio_BANH GAO AN TAO BIEN 174.9G_T124_3,0.030922
CG_LT,124,,MM BINH DUONG,MM BINH PHU,BANH GAO AN TAO BIEN 174.9G,0.851249,0.6,0.061844,0.572594,PRICED_E1_shortage_ratio_BANH GAO AN TAO BIEN 174.9G_T124_3,0.030922
CG_LT,124,,MM HIEP PHU,MM AN PHU,BANH GAO AN TAO BIEN 174.9G,0.785347,0.6,0.061844,0.533053,PRICED_E1_shortage_ratio_BANH GAO AN TAO BIEN 174.9G_T124_3,0.030922
CG_LT,125,,MM BINH DUONG,MM AN PHU,BANH GAO AN TAO BIEN 174.9G,149.890398,0.6,2.0,91.934239,PRICED_E1_shortage_ratio_BANH GAO AN TAO BIEN 174.9G_T125_1,1.0
CG_LT,125,,MM HIEP PHU,MM AN PHU,BANH GAO AN TAO BIEN 174.9G,7.624225,0.6,2.0,6.574535,PRICED_E1_shortage_ratio_BANH GAO AN TAO BIEN 174.9G_T125_1,1.0
CG_LT,125,,MM BINH DUONG,MM AN PHU,BANH GAO AN TAO BIEN 174.9G,2.665666,0.6,0.046734,1.646134,PRICED_E1_shortage_ratio_BANH GAO AN TAO BIEN 174.9G_T125_4,0.023367
CG_LT,125,,MM BINH DUONG,MM DA NANG,BANH GAO AN TAO BIEN 174.9G,0.836857,0.6,0.046734,0.548848,PRICED_E1_shortage_ratio_BANH GAO AN TAO BIEN 174.9G_T125_4,0.023367
CG_LT,125,,MM HIEP PHU,MM BINH PHU,BANH GAO AN TAO BIEN 174.9G,0.178157,0.6,0.046734,0.153629,PRICED_E1_shortage_ratio_BANH GAO AN TAO BIEN 174.9G_T125_4,0.023367
CG_LT,126,,MM BIEN HOA,MM AN PHU,BANH GAO AN TAO BIEN 174.9G,106.32362,0.6,2.0,65.794172,PRICED_E1_shortage_ratio_BANH GAO AN TAO BIEN 174.9G_T126_1,1.0
CG_LT,126,,MM BINH DUONG,MM AN PHU,BANH GAO AN TAO BIEN 174.9G,86.243874,0.6,2.0,53.746324,PRICED_E1_shortage_ratio_BANH GAO AN TAO BIEN 174.9G_T126_1,1.0
CG_LT,126,,MM BIEN HOA,MM BINH PHU,BANH GAO AN TAO BIEN 174.9G,9.000762,0.6,0.263312,5.663769,PRICED_E1_shortage_ratio_BANH GAO AN TAO BIEN 174.9G_T126_2,0.131656
CG_LT,126,,MM BIEN HOA,MM DA NANG,BANH GAO AN TAO BIEN 174.9G,4.997395,0.6,0.263312,3.261749,PRICED_E1_shortage_ratio_BANH GAO AN TAO BIEN 174.9G_T126_2,0.131656
CG_LT,126,,MM BINH DUONG,MM AN PHU,BANH GAO AN TAO BIEN 174.9G,11.354535,0.6,0.263312,7.076033,PRICED_E1_shortage_ratio_BANH GAO AN TAO BIEN 174.9G_T126_2,0.131656
CG_LT,127,,MM BIEN HOA,MM AN PHU,BANH GAO AN TAO BIEN 174.9G,108.057478,0.6,2.0,66.834487,PRICED_E1_shortage_ratio_BANH GAO AN TAO BIEN 174.9G_T127_1,1.0
CG_LT,127,,MM BINH DUONG,MM AN PHU,BANH GAO AN TAO BIEN 174.9G,81.488902,0.6,2.0,50.893341,PRICED_E1_shortage_ratio_BANH GAO AN TAO BIEN 174.9G_T127_1,1.0
CG_LT,127,,MM BIEN HOA,MM DA NANG,BANH GAO AN TAO BIEN 174.9G,28.58821,0.6,0.52913,17.682055,PRICED_E1_shortage_ratio_BANH GAO AN TAO BIEN 174.9G_T127_2,0.264565
CG_LT,127,,MM BINH DUONG,MM AN PHU,BANH GAO AN TAO BIEN 174.9G,21.559098,0.6,0.52913,13.464589,PRICED_E1_shortage_ratio_BANH GAO AN TAO BIEN 174.9G_T127_2,0.264565
CG_LT,128,,MM BIEN HOA,MM AN PHU,BANH GAO AN TAO BIEN 174.9G,104.556844,0.6,2.0,64.734106,PRICED_E1_shortage_ratio_BANH GAO AN TAO BIEN 174.9G_T128_1,1.0
CG_LT,128,,MM BINH DUONG,MM AN PHU,BANH GAO AN TAO BIEN 174.9G,42.215063,0.6,2.0,27.329038,PRICED_E1_shortage_ratio_BANH GAO AN TAO BIEN 174.9G_T128_1,1.0
CG_LT,128,,MM BIEN HOA,MM DA NANG,BANH GAO AN TAO BIEN 174.9G,13.475107,0.6,0.257757,8.342821,PRICED_E1_shortage_ratio_BANH GAO AN TAO BIEN 174.9G_T128_2,0.128878
CG_LT,128,,MM BINH DUONG,MM AN PHU,BANH GAO AN TAO BIEN 174.9G,5.440605,0.6,0.257757,3.52212,PRICED_E1_shortage_ratio_BANH GAO AN TAO BIEN 174.9G_T128_2,0.128878
CG_LT,129,,MM BIEN HOA,MM HIEP PHU,BANH GAO AN TAO BIEN 174.9G,23.316898,0.6,0.413087,14.403225,PRICED_E1_shortage_ratio_BANH GAO AN TAO BIEN 174.9G_T129_2,0.206543
CG_LT,129,,MM BINH DUONG,MM AN PHU,BANH GAO AN TAO BIEN 174.9G,14.132839,0.6,0.413087,8.89279,PRICED_E1_shortage_ratio_BANH GAO AN TAO BIEN 174.9G_T129_2,0.206543
CG_LT,12,,MM BIEN HOA,MM AN PHU,BANH GAO AN TAO BIEN 174.9G,47.200713,0.6,2.0,30.320428,PRICED_E1_shortage_ratio_BANH GAO AN TAO BIEN 174.9G_T12_1,1.0
CG_LT,12,,MM BIEN HOA,MM AN PHU,BANH GAO AN TAO BIEN 174.9G,5.187171,0.6,0.303337,3.41564,PRICED_E1_shortage_ratio_BANH GAO AN TAO BIEN 174.9G_T12_2,0.151669
CG_LT,12,,MM HIEP PHU,MM AN PHU,BANH GAO AN TAO BIEN 174.9G,1.971691,0.6,0.303337,1.486351,PRICED_E1_shortage_ratio_BANH GAO AN TAO BIEN 174.9G_T12_2,0.151669
CG_LT,130,,MM BIEN HOA,MM BINH PHU,BANH GAO AN TAO BIEN 174.9G,32.631577,0.6,2.0,21.578946,PRICED_E1_shortage_ratio_BANH GAO AN TAO BIEN 174.9G_T130_2,1.0
CG_LT,130,,MM BIEN HOA,MM DA NANG,BANH GAO AN TAO BIEN 174.9G,79.268089,0.6,2.0,49.560854,PRICED_E1_shortage_ratio_BANH GAO AN TAO BIEN 174.9G_T130_2,1.0
CG_LT,130,,MM BINH DUONG,MM AN PHU,BANH GAO AN TAO BIEN 174.9G,43.42414,0.6,2.0,28.054484,PRICED_E1_shortage_ratio_BANH GAO AN TAO BIEN 174.9G_T130_2,1.0
CG_LT,131,,MM BIEN HOA,MM DA NANG,BANH GAO AN TAO BIEN 174.9G,5.510647,0.6,0.211365,3.517753,PRICED_E1_shortage_ratio_BANH GAO AN TAO BIEN 174.9G_T131_2,0.105682
CG_LT,131,,MM BINH DUONG,MM AN PHU,BANH GAO AN TAO BIEN 174.9G,8.265502,0.6,0.211365,5.170666,PRICED_E1_shortage_ratio_BANH GAO AN TAO BIEN 174.9G_T131_2,0.105682
CG_LT,131,,MM HIEP PHU,MM AN PHU,BANH GAO AN TAO BIEN 174.9G,5.830473,0.6,0.211365,3.709649,PRICED_E1_shortage_ratio_BANH GAO AN TAO BIEN 174.9G_T131_2,0.105682
CG_LT,131,,MM BIEN HOA,MM AN PHU,BANH GAO AN TAO BIEN 174.9G,131.128498,0.6,1.966233,80.643332,PRICED_E1_shortage_ratio_BANH GAO AN TAO BIEN 174.9G_T131_5,0.983116
CG_LT,131,,MM BINH DUONG,MM DA NANG,BANH GAO AN TAO BIEN 174.9G,51.263063,0.6,1.966233,32.724071,PRICED_E1_shortage_ratio_BANH GAO AN TAO BIEN 174.9G_T131_5,0.983116
CG_LT,132,,MM BIEN HOA,MM AN PHU,BANH GAO AN TAO BIEN 174.9G,85.427592,0.6,2.0,53.256555,PRICED_E1_shortage_ratio_BANH GAO AN TAO BIEN 174.9G_T132_1,1.0
CG_LT,132,,MM BIEN HOA,MM BINH PHU,BANH GAO AN TAO BIEN 174.9G,20.470494,0.6,2.0,14.282296,PRICED_E1_shortage_ratio_BANH GAO AN TAO BIEN 174.9G_T132_1,1.0
CG_LT,132,,MM BIEN HOA,MM AN PHU,BANH GAO AN TAO BIEN 174.9G,24.656605,0.6,0.577252,15.371215,PRICED_E1_shortage_ratio_BANH GAO AN TAO BIEN 174.9G_T132_5,0.288626
CG_LT,132,,MM BINH DUONG,MM BINH PHU,BANH GAO AN TAO BIEN 174.9G,5.908312,0.6,0.577252,4.122239,PRICED_E1_shortage_ratio_BANH GAO AN TAO BIEN 174.9G_T132_5,0.288626
CG_LT,133,,MM BIEN HOA,MM DA NANG,BANH GAO AN TAO BIEN 174.9G,5.722986,0.6,2.0,5.433792,PRICED_E1_shortage_ratio_BANH GAO AN TAO BIEN 174.9G_T133_3,1.0
CG_LT,133,,MM HIEP PHU,MM AN PHU,BANH GAO AN TAO BIEN 174.9G,32.737769,0.6,2.0,21.642662,PRICED_E1_shortage_ratio_BANH GAO AN TAO BIEN 174.9G_T133_3,1.0
CG_LT,134,,MM BIEN HOA,MM AN PHU,BANH GAO AN TAO BIEN 174.9G,5.015298,0.6,0.156549,3.165727,PRICED_E1_shortage_ratio_BANH GAO AN TAO BIEN 174.9G_T134_1,0.078274
CG_LT,134,,MM HIEP PHU,MM AN PHU,BANH GAO AN TAO BIEN 174.9G,64.073393,0.6,2.0,40.444036,PRICED_E1_shortage_ratio_BANH GAO AN TAO BIEN 174.9G_T134_2,1.0
CG_LT,135,,MM BIEN HOA,MM AN PHU,BANH GAO AN TAO BIEN 174.9G,5.767513,0.6,0.234866,3.695374,PRICED_E1_shortage_ratio_BANH GAO AN TAO BIEN 174.9G_T135_1,0.117433
CG_LT,135,,MM BIEN HOA,MM DA NANG,BANH GAO AN TAO BIEN 174.9G,2.645285,0.6,0.234866,1.822038,PRICED_E1_shortage_ratio_BANH GAO AN TAO BIEN 174.9G_T135_1,0.117433
CG_LT,135,,MM BIEN HOA,MM DA NANG,BANH GAO AN TAO BIEN 174.9G,22.525872,0.6,2.0,15.515523,PRICED_E1_shortage_ratio_BANH GAO AN TAO BIEN 174.9G_T135_3,1.0
CG_LT,135,,MM HIEP PHU,MM AN PHU,BANH GAO AN TAO BIEN 174.9G,49.113138,0.6,2.0,31.467883,PRICED_E1_shortage_ratio_BANH GAO AN TAO BIEN 174.9G_T135_3,1.0
CG_LT,136,,MM BIEN HOA,MM BINH PHU,BANH GAO AN TAO BIEN 174.9G,13.197353,0.6,2.0,9.918412,PRICED_E1_shortage_ratio_BANH GAO AN TAO BIEN 174.9G_T136_2,1.0
CG_LT,136,,MM BINH DUONG,MM AN PHU,BANH GAO AN TAO BIEN 174.9G,24.853806,0.6,2.0,16.912283,PRICED_E1_shortage_ratio_BANH GAO AN TAO BIEN 174.9G_T136_2,1.0
CG_LT,136,,MM BIEN HOA,MM BINH PHU,BANH GAO AN TAO BIEN 174.9G,10.252306,0.6,1.553691,7.705075,PRICED_E1_shortage_ratio_BANH GAO AN TAO BIEN 174.9G_T136_3,0.776846
CG_LT,136,,MM HIEP PHU,MM AN PHU,BANH GAO AN TAO BIEN 174.9G,19.307571,0.6,1.553691,13.138234,PRICED_E1_shortage_ratio_BANH GAO AN TAO BIEN 174.9G_T136_3,0.776846
CG_LT,137,,MM BIEN HOA,MM AN PHU,BANH GAO AN TAO BIEN 174.9G,23.04101,0.6,2.0,15.824606,PRICED_E1_shortage_ratio_BANH GAO AN TAO BIEN 174.9G_T137_1,1.0
CG_LT,137,,MM BIEN HOA,MM DA NANG,BANH GAO AN TAO BIEN 174.9G,3.872196,0.6,2.0,4.323317,PRICED_E1_shortage_ratio_BANH GAO AN TAO BIEN 174.9G_T137_1,1.0
CG_LT,137,,MM BIEN HOA,MM DA NANG,BANH GAO AN TAO BIEN 174.9G,3.604888,0.6,1.861935,4.024867,PRICED_E1_shortage_ratio_BANH GAO AN TAO BIEN 174.9G_T137_3,0.930967
CG_LT,137,,MM HIEP PHU,MM AN PHU,BANH GAO AN TAO BIEN 174.9G,21.450427,0.6,1.861935,14.732191,PRICED_E1_shortage_ratio_BANH GAO AN TAO BIEN 174.9G_T137_3,0.930967
CG_LT,138,,MM BIEN HOA,MM AN PHU,BANH GAO AN TAO BIEN 174.9G,7.607639,0.6,2.0,6.564583,PRICED_E1_shortage_ratio_BANH GAO AN TAO BIEN 174.9G_T138_1,1.0
CG_LT,138,,MM BINH DUONG,MM AN PHU,BANH GAO AN TAO BIEN 174.9G,1.964621,0.6,0.516486,1.695259,PRICED_E1_shortage_ratio_BANH GAO AN TAO BIEN 174.9G_T138_2,0.258243
CG_LT,138,,MM HIEP PHU,MM AN PHU,BANH GAO AN TAO BIEN 174.9G,7.607639,0.6,2.0,6.564583,PRICED_E1_shortage_ratio_BANH GAO AN TAO BIEN 174.9G_T138_3,1.0
CG_LT,139,,MM BIEN HOA,MM AN PHU,BANH GAO AN TAO BIEN 174.9G,4.321031,0.6,0.278041,2.87066,PRICED_E1_shortage_ratio_BANH GAO AN TAO BIEN 174.9G_T139_1,0.139021
CG_LT,139,,MM BINH DUONG,MM AN PHU,BANH GAO AN TAO BIEN 174.9G,31.081931,0.6,2.0,20.649159,PRICED_E1_shortage_ratio_BANH GAO AN TAO BIEN 174.9G_T139_2,1.0
CG_LT,13,,MM BIEN HOA,MM AN PHU,BANH GAO AN TAO BIEN 174.9G,16.88136,0.6,2.0,12.128816,PRICED_E1_shortage_ratio_BANH GAO AN TAO BIEN 174.9G_T13_1,1.0
CG_LT,13,,MM BIEN HOA,MM BINH DUONG,BANH GAO AN TAO BIEN 174.9G,20.513828,0.6,2.0,14.308297,PRICED_E1_shortage_ratio_BANH GAO AN TAO BIEN 174.9G_T13_1,1.0
CG_LT,13,,MM BIEN HOA,MM DA NANG,BANH GAO AN TAO BIEN 174.9G,19.0,0.6,2.0,13.4,PRICED_E1_shortage_ratio_BANH GAO AN TAO BIEN 174.9G_T13_1,1.0
CG_LT,140,,MM BIEN HOA,MM BINH PHU,BANH GAO AN TAO BIEN 174.9G,9.343558,0.6,2.0,7.606135,PRICED_E1_shortage_ratio_BANH GAO AN TAO BIEN 174.9G_T140_2,1.0
CG_LT,140,,MM BINH DUONG,MM AN PHU,BANH GAO AN TAO BIEN 174.9G,30.766616,0.6,2.0,20.45997,PRICED_E1_shortage_ratio_BANH GAO AN TAO BIEN 174.9G_T140_2,1.0
CG_LT,140,,MM BIEN HOA,MM BINH PHU,BANH GAO AN TAO BIEN 174.9G,4.312151,0.6,0.923021,3.510312,PRICED_E1_shortage_ratio_BANH GAO AN TAO BIEN 174.9G_T140_3,0.461511
CG_LT,140,,MM HIEP PHU,MM AN PHU,BANH GAO AN TAO BIEN 174.9G,14.19912,0.6,0.923021,9.442493,PRICED_E1_shortage_ratio_BANH GAO AN TAO BIEN 174.9G_T140_3,0.461511
CG_LT,141,,MM BIEN HOA,MM AN PHU,BANH GAO AN TAO BIEN 174.9G,10.864732,0.6,2.0,8.518839,PRICED_E1_shortage_ratio_BANH GAO AN TAO BIEN 174.9G_T141_2,1.0
CG_LT,141,,MM BINH DUONG,MM BINH PHU,BANH GAO AN TAO BIEN 174.9G,16.992637,0.6,2.0,12.195582,PRICED_E1_shortage_ratio_BANH GAO AN TAO BIEN 174.9G_T141_2,1.0
CG_LT,141,,MM BIEN HOA,MM AN PHU,BANH GAO AN TAO BIEN 174.9G,8.956011,0.6,1.648639,7.022246,PRICED_E1_shortage_ratio_BANH GAO AN TAO BIEN 174.9G_T141_3,0.82432
CG_LT,141,,MM HIEP PHU,MM BINH PHU,BANH GAO AN TAO BIEN 174.9G,14.007363,0.6,1.648639,10.053057,PRICED_E1_shortage_ratio_BANH GAO AN TAO BIEN 174.9G_T141_3,0.82432
CG_LT,142,,MM BIEN HOA,MM AN PHU,BANH GAO AN TAO BIEN 174.9G,24.731326,0.6,2.0,16.838796,PRICED_E1_shortage_ratio_BANH GAO AN TAO BIEN 174.9G_T142_2,1.0
CG_LT,142,,MM BIEN HOA,MM DA NANG,BANH GAO AN TAO BIEN 174.9G,11.554714,0.6,2.0,8.932829,PRICED_E1_shortage_ratio_BANH GAO AN TAO BIEN 174.9G_T142_2,1.0
CG_LT,142,,MM HIEP PHU,MM BINH PHU,BANH GAO AN TAO BIEN 174.9G,32.33727,0.6,2.0,21.402362,PRICED_E1_shortage_ratio_BANH GAO AN TAO BIEN 174.9G_T142_2,1.0
CG_LT,142,,MM BIEN HOA,MM BINH PHU,BANH GAO AN TAO BIEN 174.9G,8.198859,0.6,0.507084,5.426399,PRICED_E1_shortage_ratio_BANH GAO AN TAO BIEN 174.9G_T142_4,0.253542
CG_LT,142,,MM BIEN HOA,MM DA NANG,BANH GAO AN TAO BIEN 174.9G,2.929606,0.6,0.507084,2.264848,PRICED_E1_shortage_ratio_BANH GAO AN TAO BIEN 174.9G_T142_4,0.253542
CG_LT,142,,MM HIEP PHU,MM AN PHU,BANH GAO AN TAO BIEN 174.9G,6.270432,0.6,0.507084,4.269343,PRICED_E1_shortage_ratio_BANH GAO AN TAO BIEN 174.9G_T142_4,0.253542
CG_LT,143,,MM BIEN HOA,MM BINH PHU,BANH GAO AN TAO BIEN 174.9G,21.752367,0.6,2.0,15.05142,PRICED_E1_shortage_ratio_BANH GAO AN TAO BIEN 174.9G_T143_2,1.0
CG_LT,143,,MM HIEP PHU,MM AN PHU,BANH GAO AN TAO BIEN 174.9G,37.419566,0.6,2.0,24.45174,PRICED_E1_shortage_ratio_BANH GAO AN TAO BIEN 174.9G_T143_2,1.0
CG_LT,143,,MM BIEN HOA,MM AN PHU,BANH GAO AN TAO BIEN 174.9G,6.285245,0.6,0.335934,4.107081,PRICED_E1_shortage_ratio_BANH GAO AN TAO BIEN 174.9G_T143_4,0.167967
CG_LT,143,,MM HIEP PHU,MM BINH PHU,BANH GAO AN TAO BIEN 174.9G,3.653676,0.6,0.335934,2.528139,PRICED_E1_shortage_ratio_BANH GAO AN TAO BIEN 174.9G_T143_4,0.167967
CG_LT,144,,MM BIEN HOA,MM BINH DUONG,BANH GAO AN TAO BIEN 174.9G,112.682715,0.6,2.0,69.609629,PRICED_E1_shortage_ratio_BANH GAO AN TAO BIEN 174.9G_T144_4,1.0
CG_LT,144,,MM BIEN HOA,MM BINH PHU,BANH GAO AN TAO BIEN 174.9G,15.447587,0.6,2.0,11.268552,PRICED_E1_shortage_ratio_BANH GAO AN TAO BIEN 174.9G_T144_4,1.0
CG_LT,144,,MM HIEP PHU,MM AN PHU,BANH GAO AN TAO BIEN 174.9G,41.19926,0.6,2.0,26.719556,PRICED_E1_shortage_ratio_BANH GAO AN TAO BIEN 174.9G_T144_4,1.0
CG_LT,145,,MM BIEN HOA,MM DA NANG,BANH GAO AN TAO BIEN 174.9G,0.222676,0.6,2.0,2.133606,PRICED_E1_shortage_ratio_BANH GAO AN TAO BIEN 174.9G_T145_1,1.0
CG_LT,146,,MM HIEP PHU,MM BINH PHU,BANH GAO AN TAO BIEN 174.9G,0.029866,0.6,2.0,2.01792,PRICED_E1_shortage_ratio_BANH GAO AN TAO BIEN 174.9G_T146_2,1.0
CG_LT,147,,MM BINH DUONG,MM AN PHU,BANH GAO AN TAO BIEN 174.9G,19.131644,0.6,1.302247,12.781233,PRICED_E1_shortage_ratio_BANH GAO AN TAO BIEN 174.9G_T147_2,0.651123
CG_LT,147,,MM HIEP PHU,MM AN PHU,BANH GAO AN TAO BIEN 174.9G,29.382517,0.6,2.0,19.62951,PRICED_E1_shortage_ratio_BANH GAO AN TAO BIEN 174.9G_T147_3,1.0
CG_LT,148,,MM BIEN HOA,MM AN PHU,BANH GAO AN TAO BIEN 174.9G,11.07693,0.6,1.175219,7.821377,PRICED_E1_shortage_ratio_BANH GAO AN TAO BIEN 174.9G_T148_1,0.587609
CG_LT,148,,MM BINH DUONG,MM AN PHU,BANH GAO AN TAO BIEN 174.9G,18.850838,0.6,2.0,13.310503,PRICED_E1_shortage_ratio_BANH GAO AN TAO BIEN 174.9G_T148_2,1.0
CG_LT,149,,MM BIEN HOA,MM AN PHU,BANH GAO AN TAO BIEN 174.9G,10.73987,0.6,0.504689,6.948611,PRICED_E1_shortage_ratio_BANH GAO AN TAO BIEN 174.9G_T149_1,0.252345
CG_LT,149,,MM BIEN HOA,MM BINH DUONG,BANH GAO AN TAO BIEN 174.9G,14.591265,0.6,0.504689,9.259448,PRICED_E1_shortage_ratio_BANH GAO AN TAO BIEN 174.9G_T149_1,0.252345
CG_LT,149,,MM BIEN HOA,MM BINH PHU,BANH GAO AN TAO BIEN 174.9G,4.209166,0.6,0.504689,3.030189,PRICED_E1_shortage_ratio_BANH GAO AN TAO BIEN 174.9G_T149_1,0.252345
CG_LT,149,,MM BIEN HOA,MM BINH DUONG,BANH GAO AN TAO BIEN 174.9G,57.822755,0.6,2.0,36.693653,PRICED_E1_shortage_ratio_BANH GAO AN TAO BIEN 174.9G_T149_4,1.0
CG_LT,149,,MM BIEN HOA,MM BINH PHU,BANH GAO AN TAO BIEN 174.9G,16.680224,0.6,2.0,12.008135,PRICED_E1_shortage_ratio_BANH GAO AN TAO BIEN 174.9G_T149_4,1.0
CG_LT,149,,MM HIEP PHU,MM AN PHU,BANH GAO AN TAO BIEN 174.9G,42.560319,0.6,2.0,27.536191,PRICED_E1_shortage_ratio_BANH GAO AN TAO BIEN 174.9G_T149_4,1.0
CG_LT,14,,MM HIEP PHU,MM AN PHU,BANH GAO AN TAO BIEN 174.9G,0.808957,0.6,0.280133,0.765507,PRICED_E1_shortage_ratio_BANH GAO AN TAO BIEN 174.9G_T14_1,0.140066
CG_LT,14,,MM HIEP PHU,MM BINH DUONG,BANH GAO AN TAO BIEN 174.9G,5.775522,0.6,2.0,5.465313,PRICED_E1_shortage_ratio_BANH GAO AN TAO BIEN 174.9G_T14_2,1.0
CG_LT,14,,MM HIEP PHU,MM DA NANG,BANH GAO AN TAO BIEN 174.9G,5.775522,0.6,2.0,5.465313,PRICED_E1_shortage_ratio_BANH GAO AN TAO BIEN 174.9G_T14_3,1.0
CG_LT,150,,MM BIEN HOA,MM AN PHU,BANH GAO AN TAO BIEN 174.9G,29.800183,0.6,2.0,19.88011,PRICED_E1_shortage_ratio_BANH GAO AN TAO BIEN 174.9G_T150_1,1.0
CG_LT,150,,MM BIEN HOA,MM DA NANG,BANH GAO AN TAO BIEN 174.9G,12.939107,0.6,2.0,9.763464,PRICED_E1_shortage_ratio_BANH GAO AN TAO BIEN 174.9G_T150_1,1.0
CG_LT,150,,MM BIEN HOA,MM AN PHU,BANH GAO AN TAO BIEN 174.9G,7.58537,0.6,0.509082,5.060304,PRICED_E1_shortage_ratio_BANH GAO AN TAO BIEN 174.9G_T150_4,0.254541
CG_LT,150,,MM HIEP PHU,MM DA NANG,BANH GAO AN TAO BIEN 174.9G,3.293534,0.6,0.509082,2.485202,PRICED_E1_shortage_ratio_BANH GAO AN TAO BIEN 174.9G_T150_4,0.254541
CG_LT,153,,MM HIEP PHU,MM BIEN HOA,BANH GAO AN TAO BIEN 174.9G,104.097286,0.6,2.0,64.458372,PRICED_E1_shortage_ratio_BANH GAO AN TAO BIEN 174.9G_T153_2,1.0
CG_LT,153,,MM HIEP PHU,MM DA NANG,BANH GAO AN TAO BIEN 174.9G,1.497365,0.6,2.0,2.898419,PRICED_E1_shortage_ratio_BANH GAO AN TAO BIEN 174.9G_T153_2,1.0
CG_LT,15,,MM BIEN HOA,MM AN PHU,BANH GAO AN TAO BIEN 174.9G,21.052522,0.6,2.0,14.631513,PRICED_E1_shortage_ratio_BANH GAO AN TAO BIEN 174.9G_T15_5,1.0
CG_LT,15,,MM HIEP PHU,MM BINH DUONG,BANH GAO AN TAO BIEN 174.9G,8.68,0.6,2.0,7.208,PRICED_E1_shortage_ratio_BANH GAO AN TAO BIEN 174.9G_T15_5,1.0
CG_LT,16,,MM BIEN HOA,MM AN PHU,BANH GAO AN TAO BIEN 174.9G,17.0,0.6,2.0,12.2,PRICED_E1_shortage_ratio_BANH GAO AN TAO BIEN 174.9G_T16_1,1.0
CG_LT,16,,MM BIEN HOA,MM DA NANG,BANH GAO AN TAO BIEN 174.9G,27.201928,0.6,2.0,18.321157,PRICED_E1_shortage_ratio_BANH GAO AN TAO BIEN 174.9G_T16_1,1.0
CG_LT,17,,MM BIEN HOA,MM BINH PHU,BANH GAO AN TAO BIEN 174.9G,5.180696,0.6,0.557213,3.66563,PRICED_E1_shortage_ratio_BANH GAO AN TAO BIEN 174.9G_T17_1,0.278606
CG_LT,17,,MM BIEN HOA,MM DA NANG,BANH GAO AN TAO BIEN 174.9G,5.709217,0.6,0.557213,3.982743,PRICED_E1_shortage_ratio_BANH GAO AN TAO BIEN 174.9G_T17_1,0.278606
CG_LT,17,,MM BIEN HOA,MM DA NANG,BANH GAO AN TAO BIEN 174.9G,20.492051,0.6,2.0,14.295231,PRICED_E1_shortage_ratio_BANH GAO AN TAO BIEN 174.9G_T17_4,1.0
CG_LT,17,,MM HIEP PHU,MM BINH PHU,BANH GAO AN TAO BIEN 174.9G,18.595034,0.6,2.0,13.15702,PRICED_E1_shortage_ratio_BANH GAO AN TAO BIEN 174.9G_T17_4,1.0
CG_LT,18,,MM BIEN HOA,MM AN PHU,BANH GAO AN TAO BIEN 174.9G,33.81031,0.6,2.0,22.286186,PRICED_E1_shortage_ratio_BANH GAO AN TAO BIEN 174.9G_T18_4,1.0
CG_LT,18,,MM BIEN HOA,MM BINH DUONG,BANH GAO AN TAO BIEN 174.9G,17.833905,0.6,2.0,12.700343,PRICED_E1_shortage_ratio_BANH GAO AN TAO BIEN 174.9G_T18_4,1.0
CG_LT,18,,MM HIEP PHU,MM DA NANG,BANH GAO AN TAO BIEN 174.9G,25.621779,0.6,2.0,17.373068,PRICED_E1_shortage_ratio_BANH GAO AN TAO BIEN 174.9G_T18_4,1.0
CG_LT,19,,MM BIEN HOA,MM AN PHU,BANH GAO AN TAO BIEN 174.9G,45.149075,0.6,2.0,29.089445,PRICED_E1_shortage_ratio_BANH GAO AN TAO BIEN 174.9G_T19_1,1.0
CG_LT,19,,MM HIEP PHU,MM AN PHU,BANH GAO AN TAO BIEN 174.9G,45.787599,0.6,2.0,29.47256,PRICED_E1_shortage_ratio_BANH GAO AN TAO BIEN 174.9G_T19_1,1.0
CG_LT,19,,MM BIEN HOA,MM BINH PHU,BANH GAO AN TAO BIEN 174.9G,6.428884,0.6,0.369844,4.227175,PRICED_E1_shortage_ratio_BANH GAO AN TAO BIEN 174.9G_T19_3,0.184922
CG_LT,19,,MM BIEN HOA,MM DA NANG,BANH GAO AN TAO BIEN 174.9G,1.92018,0.6,0.369844,1.521952,PRICED_E1_shortage_ratio_BANH GAO AN TAO BIEN 174.9G_T19_3,0.184922
CG_LT,19,,MM HIEP PHU,MM AN PHU,BANH GAO AN TAO BIEN 174.9G,8.467141,0.6,0.369844,5.450129,PRICED_E1_shortage_ratio_BANH GAO AN TAO BIEN 174.9G_T19_3,0.184922
CG_LT,1,,MM AN PHU,MM DA NANG,BANH GAO AN TAO BIEN 174.9G,29.353528,0.6,2.0,19.612117,PRICED_E1_shortage_ratio_BANH GAO AN TAO BIEN 174.9G_T1_1,1.0
CG_LT,1,,MM BIEN HOA,MM DA NANG,BANH GAO AN TAO BIEN 174.9G,9.276944,0.6,0.632084,6.19825,PRICED_E1_shortage_ratio_BANH GAO AN TAO BIEN 174.9G_T1_2,0.316042
CG_LT,1,,MM BINH DUONG,MM DA NANG,BANH GAO AN TAO BIEN 174.9G,29.353528,0.6,2.0,19.612117,PRICED_E1_shortage_ratio_BANH GAO AN TAO BIEN 174.9G_T1_3,1.0
CG_LT,20,,MM BIEN HOA,MM AN PHU,BANH GAO AN TAO BIEN 174.9G,54.63173,0.6,2.0,34.779038,PRICED_E1_shortage_ratio_BANH GAO AN TAO BIEN 174.9G_T20_1,1.0
CG_LT,20,,MM BIEN HOA,MM DA NANG,BANH GAO AN TAO BIEN 174.9G,25.131519,0.6,0.920034,15.998945,PRICED_E1_shortage_ratio_BANH GAO AN TAO BIEN 174.9G_T20_3,0.460017
CG_LT,21,,MM BIEN HOA,MM BINH DUONG,BANH GAO AN TAO BIEN 174.9G,16.093607,0.6,2.0,11.656164,PRICED_E1_shortage_ratio_BANH GAO AN TAO BIEN 174.9G_T21_1,1.0
CG_LT,21,,MM BIEN HOA,MM DA NANG,BANH GAO AN TAO BIEN 174.9G,24.337403,0.6,2.0,16.602442,PRICED_E1_shortage_ratio_BANH GAO AN TAO BIEN 174.9G_T21_1,1.0
CG_LT,21,,MM HIEP PHU,MM BINH PHU,BANH GAO AN TAO BIEN 174.9G,105.867312,0.6,2.0,65.520387,PRICED_E1_shortage_ratio_BANH GAO AN TAO BIEN 174.9G_T21_1,1.0
CG_LT,21,,MM HIEP PHU,MM DA NANG,BANH GAO AN TAO BIEN 174.9G,52.329207,0.6,2.0,33.397524,PRICED_E1_shortage_ratio_BANH GAO AN TAO BIEN 174.9G_T21_1,1.0
CG_LT,22,,MM BIEN HOA,MM AN PHU,BANH GAO AN TAO BIEN 174.9G,61.486654,0.6,2.0,38.891993,PRICED_E1_shortage_ratio_BANH GAO AN TAO BIEN 174.9G_T22_5,1.0
CG_LT,22,,MM HIEP PHU,MM AN PHU,BANH GAO AN TAO BIEN 174.9G,126.512084,0.6,2.0,77.90725,PRICED_E1_shortage_ratio_BANH GAO AN TAO BIEN 174.9G_T22_5,1.0
CG_LT,22,,MM HIEP PHU,MM BINH PHU,BANH GAO AN TAO BIEN 174.9G,73.126816,0.6,2.0,45.87609,PRICED_E1_shortage_ratio_BANH GAO AN TAO BIEN 174.9G_T22_5,1.0
CG_LT,23,,MM BIEN HOA,MM AN PHU,BANH GAO AN TAO BIEN 174.9G,5.062643,0.6,0.105769,3.143355,PRICED_E1_shortage_ratio_BANH GAO AN TAO BIEN 174.9G_T23_1,0.052884
CG_LT,23,,MM HIEP PHU,MM AN PHU,BANH GAO AN TAO BIEN 174.9G,10.125935,0.6,0.105769,6.18133,PRICED_E1_shortage_ratio_BANH GAO AN TAO BIEN 174.9G_T23_1,0.052884
CG_LT,23,,MM BIEN HOA,MM BINH PHU,BANH GAO AN TAO BIEN 174.9G,95.730453,0.6,2.0,59.438272,PRICED_E1_shortage_ratio_BANH GAO AN TAO BIEN 174.9G_T23_5,1.0
CG_LT,23,,MM HIEP PHU,MM AN PHU,BANH GAO AN TAO BIEN 174.9G,191.47317,0.6,2.0,116.883902,PRICED_E1_shortage_ratio_BANH GAO AN TAO BIEN 174.9G_T23_5,1.0
CG_LT,24,,MM BIEN HOA,MM AN PHU,BANH GAO AN TAO BIEN 174.9G,36.783848,0.6,2.0,24.070309,PRICED_E1_shortage_ratio_BANH GAO AN TAO BIEN 174.9G_T24_1,1.0
CG_LT,24,,MM HIEP PHU,MM AN PHU,BANH GAO AN TAO BIEN 174.9G,168.647076,0.6,2.0,103.188246,PRICED_E1_shortage_ratio_BANH GAO AN TAO BIEN 174.9G_T24_1,1.0
CG_LT,24,,MM BIEN HOA,MM BINH PHU,BANH GAO AN TAO BIEN 174.9G,9.769264,0.6,0.531171,6.39273,PRICED_E1_shortage_ratio_BANH GAO AN TAO BIEN 174.9G_T24_5,0.265586
CG_LT,24,,MM HIEP PHU,MM AN PHU,BANH GAO AN TAO BIEN 174.9G,44.79025,0.6,0.531171,27.405321,PRICED_E1_shortage_ratio_BANH GAO AN TAO BIEN 174.9G_T24_5,0.265586
CG_LT,25,,MM BIEN HOA,MM AN PHU,BANH GAO AN TAO BIEN 174.9G,6.356131,0.6,2.0,5.813679,PRICED_E1_shortage_ratio_BANH GAO AN TAO BIEN 174.9G_T25_1,1.0
CG_LT,25,,MM HIEP PHU,MM AN PHU,BANH GAO AN TAO BIEN 174.9G,178.319025,0.6,2.0,108.991415,PRICED_E1_shortage_ratio_BANH GAO AN TAO BIEN 174.9G_T25_1,1.0
CG_LT,25,,MM BIEN HOA,MM AN PHU,BANH GAO AN TAO BIEN 174.9G,0.525638,0.6,0.165395,0.480778,PRICED_E1_shortage_ratio_BANH GAO AN TAO BIEN 174.9G_T25_4,0.082698
CG_LT,25,,MM HIEP PHU,MM AN PHU,BANH GAO AN TAO BIEN 174.9G,13.265856,0.6,0.165395,8.124909,PRICED_E1_shortage_ratio_BANH GAO AN TAO BIEN 174.9G_T25_4,0.082698
CG_LT,25,,MM HIEP PHU,MM DA NANG,BANH GAO AN TAO BIEN 174.9G,1.480723,0.6,0.165395,1.053829,PRICED_E1_shortage_ratio_BANH GAO AN TAO BIEN 174.9G_T25_4,0.082698
CG_LT,26,,MM BIEN HOA,MM DA NANG,BANH GAO AN TAO BIEN 174.9G,3.338569,0.6,0.282369,2.28551,PRICED_E1_shortage_ratio_BANH GAO AN TAO BIEN 174.9G_T26_1,0.141184
CG_LT,26,,MM HIEP PHU,MM AN PHU,BANH GAO AN TAO BIEN 174.9G,10.962892,0.6,0.282369,6.860104,PRICED_E1_shortage_ratio_BANH GAO AN TAO BIEN 174.9G_T26_1,0.141184
CG_LT,26,,MM HIEP PHU,MM BINH PHU,BANH GAO AN TAO BIEN 174.9G,19.159358,0.6,0.282369,11.777983,PRICED_E1_shortage_ratio_BANH GAO AN TAO BIEN 174.9G_T26_1,0.141184
CG_LT,27,,MM BIEN HOA,MM AN PHU,BANH GAO AN TAO BIEN 174.9G,2.638561,0.6,2.0,3.583137,PRICED_E1_shortage_ratio_BANH GAO AN TAO BIEN 174.9G_T27_4,1.0
CG_LT,27,,MM HIEP PHU,MM BINH PHU,BANH GAO AN TAO BIEN 174.9G,74.78954,0.6,2.0,46.873724,PRICED_E1_shortage_ratio_BANH GAO AN TAO BIEN 174.9G_T27_4,1.0
CG_LT,27,,MM HIEP PHU,MM DA NANG,BANH GAO AN TAO BIEN 174.9G,11.596642,0.6,2.0,8.957985,PRICED_E1_shortage_ratio_BANH GAO AN TAO BIEN 174.9G_T27_4,1.0
CG_LT,28,,MM BIEN HOA,MM BINH DUONG,BANH GAO AN TAO BIEN 174.9G,14.456626,0.6,2.0,10.673975,PRICED_E1_shortage_ratio_BANH GAO AN TAO BIEN 174.9G_T28_1,1.0
CG_LT,28,,MM BIEN HOA,MM BINH PHU,BANH GAO AN TAO BIEN 174.9G,9.569128,0.6,2.0,7.741477,PRICED_E1_shortage_ratio_BANH GAO AN TAO BIEN 174.9G_T28_1,1.0
CG_LT,28,,MM HIEP PHU,MM DA NANG,BANH GAO AN TAO BIEN 174.9G,46.264984,0.6,2.0,29.75899,PRICED_E1_shortage_ratio_BANH GAO AN TAO BIEN 174.9G_T28_1,1.0
CG_LT,29,,MM HIEP PHU,MM DA NANG,BANH GAO AN TAO BIEN 174.9G,66.451179,0.6,2.0,41.870707,PRICED_E1_shortage_ratio_BANH GAO AN TAO BIEN 174.9G_T29_1,1.0
CG_LT,29,,MM BIEN HOA,MM DA NANG,BANH GAO AN TAO BIEN 174.9G,0.46225,0.6,0.040424,0.317774,PRICED_E1_shortage_ratio_BANH GAO AN TAO BIEN 174.9G_T29_2,0.020212
CG_LT,29,,MM HIEP PHU,MM DA NANG,BANH GAO AN TAO BIEN 174.9G,0.880874,0.6,0.040424,0.568949,PRICED_E1_shortage_ratio_BANH GAO AN TAO BIEN 174.9G_T29_2,0.020212
CG_LT,30,,MM BIEN HOA,MM BINH PHU,BANH GAO AN TAO BIEN 174.9G,3.79119,0.6,1.034025,3.308739,PRICED_E1_shortage_ratio_BANH GAO AN TAO BIEN 174.9G_T30_1,0.517013
CG_LT,30,,MM HIEP PHU,MM DA NANG,BANH GAO AN TAO BIEN 174.9G,11.499109,0.6,1.034025,7.933491,PRICED_E1_shortage_ratio_BANH GAO AN TAO BIEN 174.9G_T30_1,0.517013
CG_LT,30,,MM HIEP PHU,MM BINH PHU,BANH GAO AN TAO BIEN 174.9G,7.332875,0.6,2.0,6.399725,PRICED_E1_shortage_ratio_BANH GAO AN TAO BIEN 174.9G_T30_4,1.0
CG_LT,30,,MM HIEP PHU,MM DA NANG,BANH GAO AN TAO BIEN 174.9G,22.241443,0.6,2.0,15.344866,PRICED_E1_shortage_ratio_BANH GAO AN TAO BIEN 174.9G_T30_4,1.0
CG_LT,31,,MM BIEN HOA,MM BINH PHU,BANH GAO AN TAO BIEN 174.9G,8.448165,0.6,2.0,7.068899,PRICED_E1_shortage_ratio_BANH GAO AN TAO BIEN 174.9G_T31_1,1.0
CG_LT,31,,MM BIEN HOA,MM DA NANG,BANH GAO AN TAO BIEN 174.9G,14.654225,0.6,2.0,10.792535,PRICED_E1_shortage_ratio_BANH GAO AN TAO BIEN 174.9G_T31_1,1.0
CG_LT,31,,MM BIEN HOA,MM DA NANG,BANH GAO AN TAO BIEN 174.9G,7.799661,0.6,1.064493,5.74429,PRICED_E1_shortage_ratio_BANH GAO AN TAO BIEN 174.9G_T31_2,0.532247
CG_LT,31,,MM BINH DUONG,MM BINH PHU,BANH GAO AN TAO BIEN 174.9G,4.496507,0.6,1.064493,3.762397,PRICED_E1_shortage_ratio_BANH GAO AN TAO BIEN 174.9G_T31_2,0.532247
CG_LT,32,,MM BIEN HOA,MM BINH PHU,BANH GAO AN TAO BIEN 174.9G,3.278219,0.6,0.637112,2.604044,PRICED_E1_shortage_ratio_BANH GAO AN TAO BIEN 174.9G_T32_1,0.318556
CG_LT,32,,MM HIEP PHU,MM BINH PHU,BANH GAO AN TAO BIEN 174.9G,10.290871,0.6,2.0,8.174523,PRICED_E1_shortage_ratio_BANH GAO AN TAO BIEN 174.9G_T32_3,1.0
CG_LT,33,,MM BIEN HOA,MM BINH PHU,BANH GAO AN TAO BIEN 174.9G,3.457178,0.6,0.86611,2.940417,PRICED_E1_shortage_ratio_BANH GAO AN TAO BIEN 174.9G_T33_1,0.433055
CG_LT,33,,MM BIEN HOA,MM DA NANG,BANH GAO AN TAO BIEN 174.9G,2.794057,0.6,0.86611,2.542545,PRICED_E1_shortage_ratio_BANH GAO AN TAO BIEN 174.9G_T33_1,0.433055
CG_LT,33,,MM BIEN HOA,MM DA NANG,BANH GAO AN TAO BIEN 174.9G,6.451964,0.6,2.0,5.871179,PRICED_E1_shortage_ratio_BANH GAO AN TAO BIEN 174.9G_T33_2,1.0
CG_LT,33,,MM BINH DUONG,MM BINH PHU,BANH GAO AN TAO BIEN 174.9G,7.983227,0.6,2.0,6.789936,PRICED_E1_shortage_ratio_BANH GAO AN TAO BIEN 174.9G_T33_2,1.0
CG_LT,33,,MM BIEN HOA,MM DA NANG,BANH GAO AN TAO BIEN 174.9G,6.451964,0.6,2.0,5.871179,PRICED_E1_shortage_ratio_BANH GAO AN TAO BIEN 174.9G_T33_3,1.0
CG_LT,33,,MM HIEP PHU,MM BINH PHU,BANH GAO AN TAO BIEN 174.9G,7.983227,0.6,2.0,6.789936,PRICED_E1_shortage_ratio_BANH GAO AN TAO BIEN 174.9G_T33_3,1.0
CG_LT,34,,MM BINH DUONG,MM BIEN HOA,BANH GAO AN TAO BIEN 174.9G,4.19998,0.6,0.167844,2.687831,PRICED_E1_shortage_ratio_BANH GAO AN TAO BIEN 174.9G_T34_2,0.083922
CG_LT,34,,MM BINH DUONG,MM DA NANG,BANH GAO AN TAO BIEN 174.9G,0.82816,0.6,0.167844,0.66474,PRICED_E1_shortage_ratio_BANH GAO AN TAO BIEN 174.9G_T34_2,0.083922
CG_LT,34,,MM HIEP PHU,MM BINH PHU,BANH GAO AN TAO BIEN 174.9G,2.08219,0.6,0.167844,1.417158,PRICED_E1_shortage_ratio_BANH GAO AN TAO BIEN 174.9G_T34_2,0.083922
CG_LT,35,,MM BINH DUONG,MM BINH PHU,BANH GAO AN TAO BIEN 174.9G,5.466241,0.6,2.0,5.279744,PRICED_E1_shortage_ratio_BANH GAO AN TAO BIEN 174.9G_T35_2,1.0
CG_LT,35,,MM BINH DUONG,MM DA NANG,BANH GAO AN TAO BIEN 174.9G,27.117476,0.6,2.0,18.270485,PRICED_E1_shortage_ratio_BANH GAO AN TAO BIEN 174.9G_T35_2,1.0
CG_LT,35,,MM HIEP PHU,MM BIEN HOA,BANH GAO AN TAO BIEN 174.9G,42.234733,0.6,2.0,27.34084,PRICED_E1_shortage_ratio_BANH GAO AN TAO BIEN 174.9G_T35_2,1.0
CG_LT,35,,MM BINH DUONG,MM BIEN HOA,BANH GAO AN TAO BIEN 174.9G,17.681808,0.6,0.837311,11.446396,PRICED_E1_shortage_ratio_BANH GAO AN TAO BIEN 174.9G_T35_4,0.418656
CG_LT,35,,MM BINH DUONG,MM BINH PHU,BANH GAO AN TAO BIEN 174.9G,2.288472,0.6,0.837311,2.210395,PRICED_E1_shortage_ratio_BANH GAO AN TAO BIEN 174.9G_T35_4,0.418656
CG_LT,35,,MM HIEP PHU,MM DA NANG,BANH GAO AN TAO BIEN 174.9G,11.352883,0.6,0.837311,7.649041,PRICED_E1_shortage_ratio_BANH GAO AN TAO BIEN 174.9G_T35_4,0.418656
CG_LT,36,,MM BINH DUONG,MM BINH PHU,BANH GAO AN TAO BIEN 174.9G,8.569804,0.6,1.223851,6.365734,PRICED_E1_shortage_ratio_BANH GAO AN TAO BIEN 174.9G_T36_1,0.611926
CG_LT,36,,MM BINH DUONG,MM DA NANG,BANH GAO AN TAO BIEN 174.9G,25.662582,0.6,1.223851,16.621401,PRICED_E1_shortage_ratio_BANH GAO AN TAO BIEN 174.9G_T36_1,0.611926
CG_LT,36,,MM BINH DUONG,MM DA NANG,BANH GAO AN TAO BIEN 174.9G,41.937418,0.6,2.0,27.162451,PRICED_E1_shortage_ratio_BANH GAO AN TAO BIEN 174.9G_T36_5,1.0
CG_LT,36,,MM HIEP PHU,MM BINH PHU,BANH GAO AN TAO BIEN 174.9G,14.004649,0.6,2.0,10.40279,PRICED_E1_shortage_ratio_BANH GAO AN TAO BIEN 174.9G_T36_5,1.0
CG_LT,37,,MM BINH DUONG,MM AN PHU,BANH GAO AN TAO BIEN 174.9G,8.10798,0.6,2.0,6.864788,PRICED_E1_shortage_ratio_BANH GAO AN TAO BIEN 174.9G_T37_1,1.0
CG_LT,37,,MM BINH DUONG,MM DA NANG,BANH GAO AN TAO BIEN 174.9G,28.788589,0.6,2.0,19.273153,PRICED_E1_shortage_ratio_BANH GAO AN TAO BIEN 174.9G_T37_1,1.0
CG_LT,37,,MM BINH DUONG,MM DA NANG,BANH GAO AN TAO BIEN 174.9G,1.367887,0.6,0.09503,0.915762,PRICED_E1_shortage_ratio_BANH GAO AN TAO BIEN 174.9G_T37_4,0.047515
CG_LT,37,,MM HIEP PHU,MM AN PHU,BANH GAO AN TAO BIEN 174.9G,0.38525,0.6,0.09503,0.32618,PRICED_E1_shortage_ratio_BANH GAO AN TAO BIEN 174.9G_T37_4,0.047515
CG_LT,38,,MM BINH DUONG,MM BINH PHU,BANH GAO AN TAO BIEN 174.9G,8.475672,0.6,2.0,7.085403,PRICED_E1_shortage_ratio_BANH GAO AN TAO BIEN 174.9G_T38_2,1.0
CG_LT,38,,MM HIEP PHU,MM DA NANG,BANH GAO AN TAO BIEN 174.9G,28.899311,0.6,2.0,19.339587,PRICED_E1_shortage_ratio_BANH GAO AN TAO BIEN 174.9G_T38_2,1.0
CG_LT,38,,MM BINH DUONG,MM DA NANG,BANH GAO AN TAO BIEN 174.9G,13.226685,0.6,0.915363,8.851374,PRICED_E1_shortage_ratio_BANH GAO AN TAO BIEN 174.9G_T38_4,0.457682
CG_LT,38,,MM HIEP PHU,MM BINH PHU,BANH GAO AN TAO BIEN 174.9G,3.87916,0.6,0.915363,3.242859,PRICED_E1_shortage_ratio_BANH GAO AN TAO BIEN 174.9G_T38_4,0.457682
CG_LT,39,,MM BINH DUONG,MM AN PHU,BANH GAO AN TAO BIEN 174.9G,11.309545,0.6,0.832213,7.61794,PRICED_E1_shortage_ratio_BANH GAO AN TAO BIEN 174.9G_T39_1,0.416106
CG_LT,39,,MM BINH DUONG,MM BINH PHU,BANH GAO AN TAO BIEN 174.9G,0.207722,0.6,0.832213,0.956846,PRICED_E1_shortage_ratio_BANH GAO AN TAO BIEN 174.9G_T39_1,0.416106
CG_LT,39,,MM BINH DUONG,MM DA NANG,BANH GAO AN TAO BIEN 174.9G,11.865599,0.6,0.832213,7.951573,PRICED_E1_shortage_ratio_BANH GAO AN TAO BIEN 174.9G_T39_1,0.416106
CG_LT,39,,MM BINH DUONG,MM BINH PHU,BANH GAO AN TAO BIEN 174.9G,0.499205,0.6,2.0,2.299523,PRICED_E1_shortage_ratio_BANH GAO AN TAO BIEN 174.9G_T39_4,1.0
CG_LT,39,,MM BINH DUONG,MM DA NANG,BANH GAO AN TAO BIEN 174.9G,28.515775,0.6,2.0,19.109465,PRICED_E1_shortage_ratio_BANH GAO AN TAO BIEN 174.9G_T39_4,1.0
CG_LT,39,,MM HIEP PHU,MM AN PHU,BANH GAO AN TAO BIEN 174.9G,27.179447,0.6,2.0,18.307668,PRICED_E1_shortage_ratio_BANH GAO AN TAO BIEN 174.9G_T39_4,1.0
CG_LT,40,,MM BINH DUONG,MM DA NANG,BANH GAO AN TAO BIEN 174.9G,2.542018,0.6,0.188624,1.713835,PRICED_E1_shortage_ratio_BANH GAO AN TAO BIEN 174.9G_T40_2,0.094312
CG_LT,40,,MM HIEP PHU,MM AN PHU,BANH GAO AN TAO BIEN 174.9G,10.208507,0.6,0.188624,6.313728,PRICED_E1_shortage_ratio_BANH GAO AN TAO BIEN 174.9G_T40_2,0.094312
CG_LT,40,,MM BINH DUONG,MM AN PHU,BANH GAO AN TAO BIEN 174.9G,108.242064,0.6,2.0,66.945238,PRICED_E1_shortage_ratio_BANH GAO AN TAO BIEN 174.9G_T40_4,1.0
CG_LT,40,,MM HIEP PHU,MM DA NANG,BANH GAO AN TAO BIEN 174.9G,26.953336,0.6,2.0,18.172002,PRICED_E1_shortage_ratio_BANH GAO AN TAO BIEN 174.9G_T40_4,1.0
CG_LT,41,,MM BINH DUONG,MM BINH PHU,BANH GAO AN TAO BIEN 174.9G,3.557131,0.6,0.548528,2.682807,PRICED_E1_shortage_ratio_BANH GAO AN TAO BIEN 174.9G_T41_5,0.274264
CG_LT,41,,MM HIEP PHU,MM AN PHU,BANH GAO AN TAO BIEN 174.9G,24.50904,0.6,0.548528,15.253952,PRICED_E1_shortage_ratio_BANH GAO AN TAO BIEN 174.9G_T41_5,0.274264
CG_LT,42,,MM BIEN HOA,MM AN PHU,BANH GAO AN TAO BIEN 174.9G,35.286996,0.6,2.0,23.172198,PRICED_E1_shortage_ratio_BANH GAO AN TAO BIEN 174.9G_T42_1,1.0
CG_LT,42,,MM BIEN HOA,MM DA NANG,BANH GAO AN TAO BIEN 174.9G,9.211402,0.6,2.0,7.526841,PRICED_E1_shortage_ratio_BANH GAO AN TAO BIEN 174.9G_T42_1,1.0
CG_LT,42,,MM BIEN HOA,MM DA NANG,BANH GAO AN TAO BIEN 174.9G,2.290661,0.6,0.497353,1.87175,PRICED_E1_shortage_ratio_BANH GAO AN TAO BIEN 174.9G_T42_2,0.248677
CG_LT,42,,MM BINH DUONG,MM AN PHU,BANH GAO AN TAO BIEN 174.9G,8.775052,0.6,0.497353,5.762385,PRICED_E1_shortage_ratio_BANH GAO AN TAO BIEN 174.9G_T42_2,0.248677
CG_LT,43,,MM BINH DUONG,MM AN PHU,BANH GAO AN TAO BIEN 174.9G,1.192473,0.6,0.113758,0.829242,PRICED_E1_shortage_ratio_BANH GAO AN TAO BIEN 174.9G_T43_1,0.056879
CG_LT,43,,MM BINH DUONG,MM BINH PHU,BANH GAO AN TAO BIEN 174.9G,0.347586,0.6,0.113758,0.32231,PRICED_E1_shortage_ratio_BANH GAO AN TAO BIEN 174.9G_T43_1,0.056879
CG_LT,43,,MM BINH DUONG,MM DA NANG,BANH GAO AN TAO BIEN 174.9G,1.31872,0.6,0.113758,0.90499,PRICED_E1_shortage_ratio_BANH GAO AN TAO BIEN 174.9G_T43_1,0.056879
CG_LT,43,,MM BINH DUONG,MM AN PHU,BANH GAO AN TAO BIEN 174.9G,20.965067,0.6,2.0,14.57904,PRICED_E1_shortage_ratio_BANH GAO AN TAO BIEN 174.9G_T43_2,1.0
CG_LT,43,,MM BINH DUONG,MM BINH PHU,BANH GAO AN TAO BIEN 174.9G,6.110971,0.6,2.0,5.666583,PRICED_E1_shortage_ratio_BANH GAO AN TAO BIEN 174.9G_T43_2,1.0
CG_LT,43,,MM HIEP PHU,MM DA NANG,BANH GAO AN TAO BIEN 174.9G,23.18464,0.6,2.0,15.910784,PRICED_E1_shortage_ratio_BANH GAO AN TAO BIEN 174.9G_T43_2,1.0
CG_LT,43,,MM BINH DUONG,MM BINH PHU,BANH GAO AN TAO BIEN 174.9G,6.110971,0.6,2.0,5.666583,PRICED_E1_shortage_ratio_BANH GAO AN TAO BIEN 174.9G_T43_4,1.0
CG_LT,43,,MM BINH DUONG,MM DA NANG,BANH GAO AN TAO BIEN 174.9G,23.18464,0.6,2.0,15.910784,PRICED_E1_shortage_ratio_BANH GAO AN TAO BIEN 174.9G_T43_4,1.0
CG_LT,43,,MM HIEP PHU,MM AN PHU,BANH GAO AN TAO BIEN 174.9G,20.965067,0.6,2.0,14.57904,PRICED_E1_shortage_ratio_BANH GAO AN TAO BIEN 174.9G_T43_4,1.0
CG_LT,44,,MM BINH DUONG,MM AN PHU,BANH GAO AN TAO BIEN 174.9G,1.138911,0.6,0.225497,0.908844,PRICED_E1_shortage_ratio_BANH GAO AN TAO BIEN 174.9G_T44_2,0.112749
CG_LT,44,,MM BINH DUONG,MM DA NANG,BANH GAO AN TAO BIEN 174.9G,3.796179,0.6,0.225497,2.503205,PRICED_E1_shortage_ratio_BANH GAO AN TAO BIEN 174.9G_T44_2,0.112749
CG_LT,44,,MM HIEP PHU,MM BINH PHU,BANH GAO AN TAO BIEN 174.9G,4.92219,0.6,0.225497,3.178811,PRICED_E1_shortage_ratio_BANH GAO AN TAO BIEN 174.9G_T44_2,0.112749
CG_LT,44,,MM BINH DUONG,MM AN PHU,BANH GAO AN TAO BIEN 174.9G,10.101333,0.6,2.0,8.0608,PRICED_E1_shortage_ratio_BANH GAO AN TAO BIEN 174.9G_T44_4,1.0
CG_LT,44,,MM BINH DUONG,MM BINH PHU,BANH GAO AN TAO BIEN 174.9G,43.656318,0.6,2.0,28.193791,PRICED_E1_shortage_ratio_BANH GAO AN TAO BIEN 174.9G_T44_4,1.0
CG_LT,44,,MM HIEP PHU,MM DA NANG,BANH GAO AN TAO BIEN 174.9G,33.669407,0.6,2.0,22.201644,PRICED_E1_shortage_ratio_BANH GAO AN TAO BIEN 174.9G_T44_4,1.0
CG_LT,46,,MM BINH DUONG,MM DA NANG,BANH GAO AN TAO BIEN 174.9G,21.742655,0.6,2.0,15.045593,PRICED_E1_shortage_ratio_BANH GAO AN TAO BIEN 174.9G_T46_1,1.0
CG_LT,46,,MM HIEP PHU,MM DA NANG,BANH GAO AN TAO BIEN 174.9G,14.593345,0.6,1.34237,10.098377,PRICED_E1_shortage_ratio_BANH GAO AN TAO BIEN 174.9G_T46_2,0.671185
CG_LT,47,,MM BINH DUONG,MM AN PHU,BANH GAO AN TAO BIEN 174.9G,4.57087,0.6,0.403029,3.145551,PRICED_E1_shortage_ratio_BANH GAO AN TAO BIEN 174.9G_T47_1,0.201515
CG_LT,47,,MM HIEP PHU,MM AN PHU,BANH GAO AN TAO BIEN 174.9G,22.682582,0.6,2.0,15.609549,PRICED_E1_shortage_ratio_BANH GAO AN TAO BIEN 174.9G_T47_2,1.0
CG_LT,48,,MM BINH DUONG,MM AN PHU,BANH GAO AN TAO BIEN 174.9G,13.108124,0.6,0.64515,8.510025,PRICED_E1_shortage_ratio_BANH GAO AN TAO BIEN 174.9G_T48_1,0.322575
CG_LT,48,,MM HIEP PHU,MM AN PHU,BANH GAO AN TAO BIEN 174.9G,40.635876,0.6,2.0,26.381525,PRICED_E1_shortage_ratio_BANH GAO AN TAO BIEN 174.9G_T48_2,1.0
CG_LT,49,,MM BINH DUONG,MM AN PHU,BANH GAO AN TAO BIEN 174.9G,42.083013,0.6,2.0,27.249808,PRICED_E1_shortage_ratio_BANH GAO AN TAO BIEN 174.9G_T49_1,1.0
CG_LT,49,,MM BINH DUONG,MM BIEN HOA,BANH GAO AN TAO BIEN 174.9G,9.128,0.6,2.0,7.4768,PRICED_E1_shortage_ratio_BANH GAO AN TAO BIEN 174.9G_T49_1,1.0
CG_LT,49,,MM BINH DUONG,MM DA NANG,BANH GAO AN TAO BIEN 174.9G,9.395203,0.6,2.0,7.637122,PRICED_E1_shortage_ratio_BANH GAO AN TAO BIEN 174.9G_T49_1,1.0
CG_LT,4,,MM AN PHU,MM BIEN HOA,BANH GAO AN TAO BIEN 174.9G,3.06741,0.6,1.02247,2.862916,PRICED_E1_shortage_ratio_BANH GAO AN TAO BIEN 174.9G_T4_2,0.511235
CG_LT,4,,MM AN PHU,MM BINH DUONG,BANH GAO AN TAO BIEN 174.9G,11.581296,0.6,1.02247,7.971248,PRICED_E1_shortage_ratio_BANH GAO AN TAO BIEN 174.9G_T4_2,0.511235
CG_LT,4,,MM BINH PHU,MM BINH DUONG,BANH GAO AN TAO BIEN 174.9G,11.24717,0.6,1.02247,7.770772,PRICED_E1_shortage_ratio_BANH GAO AN TAO BIEN 174.9G_T4_2,0.511235
CG_LT,4,,MM AN PHU,MM BIEN HOA,BANH GAO AN TAO BIEN 174.9G,3.915414,0.6,1.305138,3.654386,PRICED_E1_shortage_ratio_BANH GAO AN TAO BIEN 174.9G_T4_3,0.652569
CG_LT,4,,MM AN PHU,MM BINH DUONG,BANH GAO AN TAO BIEN 174.9G,19.507615,0.6,1.305138,13.009707,PRICED_E1_shortage_ratio_BANH GAO AN TAO BIEN 174.9G_T4_3,0.652569
CG_LT,4,,MM BINH PHU,MM BINH DUONG,BANH GAO AN TAO BIEN 174.9G,9.631919,0.6,1.305138,7.084289,PRICED_E1_shortage_ratio_BANH GAO AN TAO BIEN 174.9G_T4_3,0.652569
CG_LT,50,,MM BINH DUONG,MM BINH PHU,BANH GAO AN TAO BIEN 174.9G,4.844037,0.6,0.514297,3.420719,PRICED_E1_shortage_ratio_BANH GAO AN TAO BIEN 174.9G_T50_2,0.257148
CG_LT,50,,MM BINH DUONG,MM DA NANG,BANH GAO AN TAO BIEN 174.9G,3.584389,0.6,0.514297,2.66493,PRICED_E1_shortage_ratio_BANH GAO AN TAO BIEN 174.9G_T50_2,0.257148
CG_LT,50,,MM HIEP PHU,MM AN PHU,BANH GAO AN TAO BIEN 174.9G,11.266139,0.6,0.514297,7.27398,PRICED_E1_shortage_ratio_BANH GAO AN TAO BIEN 174.9G_T50_2,0.257148
CG_LT,50,,MM BINH DUONG,MM AN PHU,BANH GAO AN TAO BIEN 174.9G,43.811816,0.6,2.0,28.28709,PRICED_E1_shortage_ratio_BANH GAO AN TAO BIEN 174.9G_T50_4,1.0
CG_LT,50,,MM BINH DUONG,MM DA NANG,BANH GAO AN TAO BIEN 174.9G,13.93899,0.6,2.0,10.363394,PRICED_E1_shortage_ratio_BANH GAO AN TAO BIEN 174.9G_T50_4,1.0
CG_LT,50,,MM HIEP PHU,MM BINH PHU,BANH GAO AN TAO BIEN 174.9G,18.837515,0.6,2.0,13.302509,PRICED_E1_shortage_ratio_BANH GAO AN TAO BIEN 174.9G_T50_4,1.0
CG_LT,51,,MM BINH DUONG,MM BINH PHU,BANH GAO AN TAO BIEN 174.9G,7.244347,0.6,0.932459,5.279067,PRICED_E1_shortage_ratio_BANH GAO AN TAO BIEN 174.9G_T51_1,0.466229
CG_LT,51,,MM BINH DUONG,MM DA NANG,BANH GAO AN TAO BIEN 174.9G,7.778421,0.6,0.932459,5.599511,PRICED_E1_shortage_ratio_BANH GAO AN TAO BIEN 174.9G_T51_1,0.466229
CG_LT,52,,MM BINH DUONG,MM AN PHU,BANH GAO AN TAO BIEN 174.9G,1.09828,0.6,2.0,2.658968,PRICED_E1_shortage_ratio_BANH GAO AN TAO BIEN 174.9G_T52_5,1.0
CG_LT,52,,MM BINH DUONG,MM DA NANG,BANH GAO AN TAO BIEN 174.9G,26.130698,0.6,2.0,17.678419,PRICED_E1_shortage_ratio_BANH GAO AN TAO BIEN 174.9G_T52_5,1.0
CG_LT,53,,MM BINH DUONG,MM AN PHU,BANH GAO AN TAO BIEN 174.9G,16.793974,0.6,2.0,12.076385,PRICED_E1_shortage_ratio_BANH GAO AN TAO BIEN 174.9G_T53_1,1.0
CG_LT,53,,MM HIEP PHU,MM AN PHU,BANH GAO AN TAO BIEN 174.9G,16.793974,0.6,2.0,12.076385,PRICED_E1_shortage_ratio_BANH GAO AN TAO BIEN 174.9G_T53_2,1.0
CG_LT,53,,MM BIEN HOA,MM AN PHU,BANH GAO AN TAO BIEN 174.9G,10.485792,0.6,1.634395,7.925871,PRICED_E1_shortage_ratio_BANH GAO AN TAO BIEN 174.9G_T53_3,0.817198
CG_LT,53,,MM BINH DUONG,MM AN PHU,BANH GAO AN TAO BIEN 174.9G,3.238205,0.6,1.634395,3.577319,PRICED_E1_shortage_ratio_BANH GAO AN TAO BIEN 174.9G_T53_3,0.817198
CG_LT,54,,MM BINH DUONG,MM DA NANG,BANH GAO AN TAO BIEN 174.9G,28.492881,0.6,2.0,19.095729,PRICED_E1_shortage_ratio_BANH GAO AN TAO BIEN 174.9G_T54_1,1.0
CG_LT,54,,MM HIEP PHU,MM AN PHU,BANH GAO AN TAO BIEN 174.9G,268.646958,0.6,2.0,163.188175,PRICED_E1_shortage_ratio_BANH GAO AN TAO BIEN 174.9G_T54_1,1.0
CG_LT,54,,MM BIEN HOA,MM AN PHU,BANH GAO AN TAO BIEN 174.9G,0.516023,0.6,0.054143,0.363757,PRICED_E1_shortage_ratio_BANH GAO AN TAO BIEN 174.9G_T54_4,0.027072
CG_LT,54,,MM HIEP PHU,MM AN PHU,BANH GAO AN TAO BIEN 174.9G,6.756705,0.6,0.054143,4.108166,PRICED_E1_shortage_ratio_BANH GAO AN TAO BIEN 174.9G_T54_4,0.027072
CG_LT,54,,MM HIEP PHU,MM DA NANG,BANH GAO AN TAO BIEN 174.9G,0.771351,0.6,0.054143,0.516954,PRICED_E1_shortage_ratio_BANH GAO AN TAO BIEN 174.9G_T54_4,0.027072
CG_LT,55,,MM BINH DUONG,MM BINH PHU,BANH GAO AN TAO BIEN 174.9G,0.187239,0.6,0.076873,0.189216,PRICED_E1_shortage_ratio_BANH GAO AN TAO BIEN 174.9G_T55_1,0.038436
CG_LT,55,,MM BINH DUONG,MM DA NANG,BANH GAO AN TAO BIEN 174.9G,0.625657,0.6,0.076873,0.452267,PRICED_E1_shortage_ratio_BANH GAO AN TAO BIEN 174.9G_T55_1,0.038436
CG_LT,55,,MM HIEP PHU,MM AN PHU,BANH GAO AN TAO BIEN 174.9G,10.229114,0.6,0.076873,6.214341,PRICED_E1_shortage_ratio_BANH GAO AN TAO BIEN 174.9G_T55_1,0.038436
CG_LT,56,,MM BIEN HOA,MM DA NANG,BANH GAO AN TAO BIEN 174.9G,8.354758,0.6,1.877964,6.890819,PRICED_E1_shortage_ratio_BANH GAO AN TAO BIEN 174.9G_T56_2,0.938982
CG_LT,56,,MM BINH DUONG,MM AN PHU,BANH GAO AN TAO BIEN 174.9G,7.367416,0.6,1.877964,6.298414,PRICED_E1_shortage_ratio_BANH GAO AN TAO BIEN 174.9G_T56_2,0.938982
CG_LT,56,,MM BIEN HOA,MM DA NANG,BANH GAO AN TAO BIEN 174.9G,8.897674,0.6,2.0,7.338605,PRICED_E1_shortage_ratio_BANH GAO AN TAO BIEN 174.9G_T56_3,1.0
CG_LT,56,,MM HIEP PHU,MM AN PHU,BANH GAO AN TAO BIEN 174.9G,7.846172,0.6,2.0,6.707703,PRICED_E1_shortage_ratio_BANH GAO AN TAO BIEN 174.9G_T56_3,1.0
CG_LT,57,,MM BINH DUONG,MM BINH PHU,BANH GAO AN TAO BIEN 174.9G,5.789416,0.6,0.514417,3.988066,PRICED_E1_shortage_ratio_BANH GAO AN TAO BIEN 174.9G_T57_2,0.257208
CG_LT,57,,MM HIEP PHU,MM BINH PHU,BANH GAO AN TAO BIEN 174.9G,22.508667,0.6,2.0,15.5052,PRICED_E1_shortage_ratio_BANH GAO AN TAO BIEN 174.9G_T57_3,1.0
CG_LT,58,,MM BINH DUONG,MM AN PHU,BANH GAO AN TAO BIEN 174.9G,14.877977,0.6,1.209948,10.136734,PRICED_E1_shortage_ratio_BANH GAO AN TAO BIEN 174.9G_T58_1,0.604974
CG_LT,58,,MM BINH DUONG,MM BINH PHU,BANH GAO AN TAO BIEN 174.9G,6.382428,0.6,1.209948,5.039404,PRICED_E1_shortage_ratio_BANH GAO AN TAO BIEN 174.9G_T58_1,0.604974
CG_LT,58,,MM BINH DUONG,MM BINH PHU,BANH GAO AN TAO BIEN 174.9G,10.549923,0.6,2.0,8.329954,PRICED_E1_shortage_ratio_BANH GAO AN TAO BIEN 174.9G_T58_2,1.0
CG_LT,58,,MM HIEP PHU,MM AN PHU,BANH GAO AN TAO BIEN 174.9G,24.59276,0.6,2.0,16.755656,PRICED_E1_shortage_ratio_BANH GAO AN TAO BIEN 174.9G_T58_2,1.0
CG_LT,59,,MM BINH DUONG,MM AN PHU,BANH GAO AN TAO BIEN 174.9G,8.870942,0.6,0.43062,5.753185,PRICED_E1_shortage_ratio_BANH GAO AN TAO BIEN 174.9G_T59_2,0.21531
CG_LT,59,,MM BINH DUONG,MM BINH PHU,BANH GAO AN TAO BIEN 174.9G,8.249337,0.6,0.43062,5.380222,PRICED_E1_shortage_ratio_BANH GAO AN TAO BIEN 174.9G_T59_2,0.21531
CG_LT,59,,MM HIEP PHU,MM DA NANG,BANH GAO AN TAO BIEN 174.9G,13.560133,0.6,0.43062,8.5667,PRICED_E1_shortage_ratio_BANH GAO AN TAO BIEN 174.9G_T59_2,0.21531
CG_LT,59,,MM BINH DUONG,MM BINH PHU,BANH GAO AN TAO BIEN 174.9G,38.313799,0.6,2.0,24.988279,PRICED_E1_shortage_ratio_BANH GAO AN TAO BIEN 174.9G_T59_4,1.0
CG_LT,59,,MM BINH DUONG,MM DA NANG,BANH GAO AN TAO BIEN 174.9G,62.979631,0.6,2.0,39.787779,PRICED_E1_shortage_ratio_BANH GAO AN TAO BIEN 174.9G_T59_4,1.0
CG_LT,59,,MM HIEP PHU,MM AN PHU,BANH GAO AN TAO BIEN 174.9G,41.200822,0.6,2.0,26.720493,PRICED_E1_shortage_ratio_BANH GAO AN TAO BIEN 174.9G_T59_4,1.0
CG_LT,5,,MM BINH DUONG,MM AN PHU,BANH GAO AN TAO BIEN 174.9G,4.406695,0.6,1.116184,3.760201,PRICED_E1_shortage_ratio_BANH GAO AN TAO BIEN 174.9G_T5_2,0.558092
CG_LT,5,,MM BINH DUONG,MM BIEN HOA,BANH GAO AN TAO BIEN 174.9G,4.023264,0.6,1.116184,3.530143,PRICED_E1_shortage_ratio_BANH GAO AN TAO BIEN 174.9G_T5_2,0.558092
CG_LT,5,,MM BINH DUONG,MM BINH PHU,BANH GAO AN TAO BIEN 174.9G,7.745019,0.6,1.116184,5.763196,PRICED_E1_shortage_ratio_BANH GAO AN TAO BIEN 174.9G_T5_2,0.558092
CG_LT,5,,MM BINH DUONG,MM AN PHU,BANH GAO AN TAO BIEN 174.9G,3.489305,0.6,1.006984,3.100567,PRICED_E1_shortage_ratio_BANH GAO AN TAO BIEN 174.9G_T5_3,0.503492
CG_LT,5,,MM BINH DUONG,MM BIEN HOA,BANH GAO AN TAO BIEN 174.9G,3.629656,0.6,1.006984,3.184778,PRICED_E1_shortage_ratio_BANH GAO AN TAO BIEN 174.9G_T5_3,0.503492
CG_LT,5,,MM BINH DUONG,MM BINH PHU,BANH GAO AN TAO BIEN 174.9G,7.473571,0.6,1.006984,5.491127,PRICED_E1_shortage_ratio_BANH GAO AN TAO BIEN 174.9G_T5_3,0.503492
CG_LT,61,,MM BIEN HOA,MM DA NANG,BANH GAO AN TAO BIEN 174.9G,3.285008,0.6,0.42323,2.394235,PRICED_E1_shortage_ratio_BANH GAO AN TAO BIEN 174.9G_T61_2,0.211615
CG_LT,61,,MM HIEP PHU,MM BINH PHU,BANH GAO AN TAO BIEN 174.9G,27.651447,0.6,0.42323,17.014098,PRICED_E1_shortage_ratio_BANH GAO AN TAO BIEN 174.9G_T61_2,0.211615
CG_LT,61,,MM BINH DUONG,MM BINH PHU,BANH GAO AN TAO BIEN 174.9G,130.668553,0.6,2.0,80.401132,PRICED_E1_shortage_ratio_BANH GAO AN TAO BIEN 174.9G_T61_5,1.0
CG_LT,61,,MM BINH DUONG,MM DA NANG,BANH GAO AN TAO BIEN 174.9G,15.523499,0.6,2.0,11.314099,PRICED_E1_shortage_ratio_BANH GAO AN TAO BIEN 174.9G_T61_5,1.0
CG_LT,62,,MM BIEN HOA,MM DA NANG,BANH GAO AN TAO BIEN 174.9G,4.337515,0.6,0.127948,2.730457,PRICED_E1_shortage_ratio_BANH GAO AN TAO BIEN 174.9G_T62_3,0.063974
CG_LT,62,,MM HIEP PHU,MM BINH PHU,BANH GAO AN TAO BIEN 174.9G,6.857538,0.6,0.127948,4.242471,PRICED_E1_shortage_ratio_BANH GAO AN TAO BIEN 174.9G_T62_3,0.063974
CG_LT,62,,MM BIEN HOA,MM BINH PHU,BANH GAO AN TAO BIEN 174.9G,107.192327,0.6,2.0,66.315396,PRICED_E1_shortage_ratio_BANH GAO AN TAO BIEN 174.9G_T62_5,1.0
CG_LT,62,,MM BINH DUONG,MM DA NANG,BANH GAO AN TAO BIEN 174.9G,67.801063,0.6,2.0,42.680638,PRICED_E1_shortage_ratio_BANH GAO AN TAO BIEN 174.9G_T62_5,1.0
CG_LT,65,,MM BINH DUONG,MM DA NANG,BANH GAO AN TAO BIEN 174.9G,58.384042,0.6,2.0,37.030425,PRICED_E1_shortage_ratio_BANH GAO AN TAO BIEN 174.9G_T65_1,1.0
CG_LT,65,,MM HIEP PHU,MM AN PHU,BANH GAO AN TAO BIEN 174.9G,252.674981,0.6,2.0,153.604989,PRICED_E1_shortage_ratio_BANH GAO AN TAO BIEN 174.9G_T65_1,1.0
CG_LT,65,,MM HIEP PHU,MM BINH PHU,BANH GAO AN TAO BIEN 174.9G,176.056211,0.6,2.0,107.633727,PRICED_E1_shortage_ratio_BANH GAO AN TAO BIEN 174.9G_T65_1,1.0
CG_LT,66,,MM BINH DUONG,MM BINH PHU,BANH GAO AN TAO BIEN 174.9G,0.781062,0.6,0.037607,0.506244,PRICED_E1_shortage_ratio_BANH GAO AN TAO BIEN 174.9G_T66_2,0.018804
CG_LT,66,,MM BINH DUONG,MM DA NANG,BANH GAO AN TAO BIEN 174.9G,0.742247,0.6,0.037607,0.482955,PRICED_E1_shortage_ratio_BANH GAO AN TAO BIEN 174.9G_T66_2,0.018804
CG_LT,66,,MM HIEP PHU,MM AN PHU,BANH GAO AN TAO BIEN 174.9G,3.853431,0.6,0.037607,2.349665,PRICED_E1_shortage_ratio_BANH GAO AN TAO BIEN 174.9G_T66_2,0.018804
CG_LT,67,,MM BINH DUONG,MM AN PHU,BANH GAO AN TAO BIEN 174.9G,56.686111,0.6,2.0,36.011667,PRICED_E1_shortage_ratio_BANH GAO AN TAO BIEN 174.9G_T67_1,1.0
CG_LT,67,,MM BINH DUONG,MM BINH PHU,BANH GAO AN TAO BIEN 174.9G,49.510267,0.6,2.0,31.70616,PRICED_E1_shortage_ratio_BANH GAO AN TAO BIEN 174.9G_T67_1,1.0
CG_LT,67,,MM BINH DUONG,MM BINH PHU,BANH GAO AN TAO BIEN 174.9G,8.197913,0.6,0.33116,5.249908,PRICED_E1_shortage_ratio_BANH GAO AN TAO BIEN 174.9G_T67_2,0.16558
CG_LT,67,,MM HIEP PHU,MM AN PHU,BANH GAO AN TAO BIEN 174.9G,9.38609,0.6,0.33116,5.962814,PRICED_E1_shortage_ratio_BANH GAO AN TAO BIEN 174.9G_T67_2,0.16558
CG_LT,68,,MM BIEN HOA,MM AN PHU,BANH GAO AN TAO BIEN 174.9G,1.712562,0.6,1.0968,2.124337,PRICED_E1_shortage_ratio_BANH GAO AN TAO BIEN 174.9G_T68_2,0.5484
CG_LT,68,,MM HIEP PHU,MM BINH PHU,BANH GAO AN TAO BIEN 174.9G,16.855757,0.6,1.0968,11.210254,PRICED_E1_shortage_ratio_BANH GAO AN TAO BIEN 174.9G_T68_2,0.5484
CG_LT,68,,MM BINH DUONG,MM AN PHU,BANH GAO AN TAO BIEN 174.9G,3.122834,0.6,2.0,3.8737,PRICED_E1_shortage_ratio_BANH GAO AN TAO BIEN 174.9G_T68_5,1.0
CG_LT,68,,MM BINH DUONG,MM BINH PHU,BANH GAO AN TAO BIEN 174.9G,30.736243,0.6,2.0,20.441746,PRICED_E1_shortage_ratio_BANH GAO AN TAO BIEN 174.9G_T68_5,1.0
CG_LT,69,,MM BINH DUONG,MM BINH PHU,BANH GAO AN TAO BIEN 174.9G,0.155043,0.6,2.0,2.093026,PRICED_E1_shortage_ratio_BANH GAO AN TAO BIEN 174.9G_T69_2,1.0
CG_LT,6,,MM BINH PHU,MM BIEN HOA,BANH GAO AN TAO BIEN 174.9G,39.435172,0.6,2.0,25.661103,PRICED_E1_shortage_ratio_BANH GAO AN TAO BIEN 174.9G_T6_2,1.0
CG_LT,6,,MM BINH PHU,MM HIEP PHU,BANH GAO AN TAO BIEN 174.9G,15.130817,0.6,2.0,11.07849,PRICED_E1_shortage_ratio_BANH GAO AN TAO BIEN 174.9G_T6_2,1.0
CG_LT,70,,MM BIEN HOA,MM DA NANG,BANH GAO AN TAO BIEN 174.9G,1.820008,0.6,0.441479,1.533484,PRICED_E1_shortage_ratio_BANH GAO AN TAO BIEN 174.9G_T70_1,0.22074
CG_LT,70,,MM BINH DUONG,MM BINH PHU,BANH GAO AN TAO BIEN 174.9G,2.426456,0.6,0.441479,1.897353,PRICED_E1_shortage_ratio_BANH GAO AN TAO BIEN 174.9G_T70_1,0.22074
CG_LT,70,,MM BINH DUONG,MM BINH PHU,BANH GAO AN TAO BIEN 174.9G,10.992388,0.6,2.0,8.595433,PRICED_E1_shortage_ratio_BANH GAO AN TAO BIEN 174.9G_T70_5,1.0
CG_LT,70,,MM BINH DUONG,MM DA NANG,BANH GAO AN TAO BIEN 174.9G,8.245046,0.6,2.0,6.947027,PRICED_E1_shortage_ratio_BANH GAO AN TAO BIEN 174.9G_T70_5,1.0
CG_LT,71,,MM BIEN HOA,MM DA NANG,BANH GAO AN TAO BIEN 174.9G,6.305743,0.6,0.493597,4.277043,PRICED_E1_shortage_ratio_BANH GAO AN TAO BIEN 174.9G_T71_2,0.246798
CG_LT,71,,MM HIEP PHU,MM BINH PHU,BANH GAO AN TAO BIEN 174.9G,18.084324,0.6,0.493597,11.344191,PRICED_E1_shortage_ratio_BANH GAO AN TAO BIEN 174.9G_T71_2,0.246798
CG_LT,71,,MM BINH DUONG,MM BINH PHU,BANH GAO AN TAO BIEN 174.9G,73.275676,0.6,2.0,45.965406,PRICED_E1_shortage_ratio_BANH GAO AN TAO BIEN 174.9G_T71_5,1.0
CG_LT,71,,MM BINH DUONG,MM DA NANG,BANH GAO AN TAO BIEN 174.9G,25.55017,0.6,2.0,17.330102,PRICED_E1_shortage_ratio_BANH GAO AN TAO BIEN 174.9G_T71_5,1.0
CG_LT,72,,MM BIEN HOA,MM AN PHU,BANH GAO AN TAO BIEN 174.9G,3.120883,0.6,0.134541,2.007071,PRICED_E1_shortage_ratio_BANH GAO AN TAO BIEN 174.9G_T72_2,0.067271
CG_LT,72,,MM HIEP PHU,MM BINH PHU,BANH GAO AN TAO BIEN 174.9G,5.341954,0.6,0.134541,3.339714,PRICED_E1_shortage_ratio_BANH GAO AN TAO BIEN 174.9G_T72_2,0.067271
CG_LT,72,,MM BINH DUONG,MM AN PHU,BANH GAO AN TAO BIEN 174.9G,46.393012,0.6,2.0,29.835807,PRICED_E1_shortage_ratio_BANH GAO AN TAO BIEN 174.9G_T72_5,1.0
CG_LT,72,,MM BINH DUONG,MM BINH PHU,BANH GAO AN TAO BIEN 174.9G,79.410011,0.6,2.0,49.646007,PRICED_E1_shortage_ratio_BANH GAO AN TAO BIEN 174.9G_T72_5,1.0
CG_LT,73,,MM BIEN HOA,MM DA NANG,BANH GAO AN TAO BIEN 174.9G,0.40976,0.6,0.103483,0.349339,PRICED_E1_shortage_ratio_BANH GAO AN TAO BIEN 174.9G_T73_1,0.051741
CG_LT,73,,MM BINH DUONG,MM AN PHU,BANH GAO AN TAO BIEN 174.9G,2.087085,0.6,0.103483,1.355733,PRICED_E1_shortage_ratio_BANH GAO AN TAO BIEN 174.9G_T73_1,0.051741
CG_LT,73,,MM BIEN HOA,MM DA NANG,BANH GAO AN TAO BIEN 174.9G,7.91939,0.6,2.0,6.751634,PRICED_E1_shortage_ratio_BANH GAO AN TAO BIEN 174.9G_T73_2,1.0
CG_LT,73,,MM HIEP PHU,MM AN PHU,BANH GAO AN TAO BIEN 174.9G,40.336899,0.6,2.0,26.202139,PRICED_E1_shortage_ratio_BANH GAO AN TAO BIEN 174.9G_T73_2,1.0
CG_LT,74,,MM BIEN HOA,MM BINH PHU,BANH GAO AN TAO BIEN 174.9G,12.660242,0.6,1.438354,9.034499,PRICED_E1_shortage_ratio_BANH GAO AN TAO BIEN 174.9G_T74_1,0.719177
CG_LT,74,,MM BIEN HOA,MM DA NANG,BANH GAO AN TAO BIEN 174.9G,2.559793,0.6,1.438354,2.97423,PRICED_E1_shortage_ratio_BANH GAO AN TAO BIEN 174.9G_T74_1,0.719177
CG_LT,74,,MM BIEN HOA,MM DA NANG,BANH GAO AN TAO BIEN 174.9G,3.559337,0.6,2.0,4.135602,PRICED_E1_shortage_ratio_BANH GAO AN TAO BIEN 174.9G_T74_3,1.0
CG_LT,74,,MM HIEP PHU,MM BINH PHU,BANH GAO AN TAO BIEN 174.9G,17.603795,0.6,2.0,12.562277,PRICED_E1_shortage_ratio_BANH GAO AN TAO BIEN 174.9G_T74_3,1.0
CG_LT,75,,MM BIEN HOA,MM AN PHU,BANH GAO AN TAO BIEN 174.9G,13.179074,0.6,2.0,9.907444,PRICED_E1_shortage_ratio_BANH GAO AN TAO BIEN 174.9G_T75_1,1.0
CG_LT,75,,MM BIEN HOA,MM BINH PHU,BANH GAO AN TAO BIEN 174.9G,13.6733,0.6,2.0,10.20398,PRICED_E1_shortage_ratio_BANH GAO AN TAO BIEN 174.9G_T75_1,1.0
CG_LT,75,,MM BIEN HOA,MM AN PHU,BANH GAO AN TAO BIEN 174.9G,10.69237,0.6,1.622628,8.038051,PRICED_E1_shortage_ratio_BANH GAO AN TAO BIEN 174.9G_T75_3,0.811314
CG_LT,75,,MM HIEP PHU,MM BINH PHU,BANH GAO AN TAO BIEN 174.9G,11.093343,0.6,1.622628,8.278634,PRICED_E1_shortage_ratio_BANH GAO AN TAO BIEN 174.9G_T75_3,0.811314
CG_LT,76,,MM BIEN HOA,MM AN PHU,BANH GAO AN TAO BIEN 174.9G,16.075157,0.6,2.0,11.645094,PRICED_E1_shortage_ratio_BANH GAO AN TAO BIEN 174.9G_T76_1,1.0
CG_LT,76,,MM BINH DUONG,MM AN PHU,BANH GAO AN TAO BIEN 174.9G,16.075157,0.6,2.0,11.645094,PRICED_E1_shortage_ratio_BANH GAO AN TAO BIEN 174.9G_T76_2,1.0
CG_LT,76,,MM BINH PHU,MM AN PHU,BANH GAO AN TAO BIEN 174.9G,16.075157,0.6,2.0,11.645094,PRICED_E1_shortage_ratio_BANH GAO AN TAO BIEN 174.9G_T76_3,1.0
CG_LT,77,,MM BINH DUONG,MM DA NANG,BANH GAO AN TAO BIEN 174.9G,9.57296,0.6,0.393844,6.137621,PRICED_E1_shortage_ratio_BANH GAO AN TAO BIEN 174.9G_T77_2,0.196922
CG_LT,77,,MM BINH PHU,MM DA NANG,BANH GAO AN TAO BIEN 174.9G,48.612898,0.6,2.0,31.167739,PRICED_E1_shortage_ratio_BANH GAO AN TAO BIEN 174.9G_T77_3,1.0
CG_LT,78,,MM BIEN HOA,MM AN PHU,BANH GAO AN TAO BIEN 174.9G,0.624557,0.6,2.0,2.374734,PRICED_E1_shortage_ratio_BANH GAO AN TAO BIEN 174.9G_T78_1,1.0
CG_LT,78,,MM BIEN HOA,MM DA NANG,BANH GAO AN TAO BIEN 174.9G,37.509551,0.6,2.0,24.50573,PRICED_E1_shortage_ratio_BANH GAO AN TAO BIEN 174.9G_T78_1,1.0
CG_LT,78,,MM BIEN HOA,MM AN PHU,BANH GAO AN TAO BIEN 174.9G,0.070477,0.6,0.225686,0.267972,PRICED_E1_shortage_ratio_BANH GAO AN TAO BIEN 174.9G_T78_3,0.112843
CG_LT,78,,MM BINH PHU,MM DA NANG,BANH GAO AN TAO BIEN 174.9G,4.232691,0.6,0.225686,2.765301,PRICED_E1_shortage_ratio_BANH GAO AN TAO BIEN 174.9G_T78_3,0.112843
CG_LT,79,,MM BINH DUONG,MM BINH PHU,BANH GAO AN TAO BIEN 174.9G,0.967112,0.6,0.023336,0.603603,PRICED_E1_shortage_ratio_BANH GAO AN TAO BIEN 174.9G_T79_2,0.011668
CG_LT,79,,MM HIEP PHU,MM AN PHU,BANH GAO AN TAO BIEN 174.9G,0.60361,0.6,0.023336,0.385502,PRICED_E1_shortage_ratio_BANH GAO AN TAO BIEN 174.9G_T79_2,0.011668
CG_LT,79,,MM BINH DUONG,MM AN PHU,BANH GAO AN TAO BIEN 174.9G,51.732364,0.6,2.0,33.039418,PRICED_E1_shortage_ratio_BANH GAO AN TAO BIEN 174.9G_T79_5,1.0
CG_LT,79,,MM HIEP PHU,MM BINH PHU,BANH GAO AN TAO BIEN 174.9G,82.886271,0.6,2.0,51.731762,PRICED_E1_shortage_ratio_BANH GAO AN TAO BIEN 174.9G_T79_5,1.0
CG_LT,7,,MM BINH DUONG,MM HIEP PHU,BANH GAO AN TAO BIEN 174.9G,0.435001,0.6,0.255489,0.516489,PRICED_E1_shortage_ratio_BANH GAO AN TAO BIEN 174.9G_T7_1,0.127744
CG_LT,7,,MM BINH PHU,MM BIEN HOA,BANH GAO AN TAO BIEN 174.9G,1.779407,0.6,0.255489,1.323133,PRICED_E1_shortage_ratio_BANH GAO AN TAO BIEN 174.9G_T7_1,0.127744
CG_LT,7,,MM BINH PHU,MM DA NANG,BANH GAO AN TAO BIEN 174.9G,1.763295,0.6,0.255489,1.313466,PRICED_E1_shortage_ratio_BANH GAO AN TAO BIEN 174.9G_T7_1,0.127744
CG_LT,80,,MM BINH DUONG,MM AN PHU,BANH GAO AN TAO BIEN 174.9G,27.968306,0.6,0.672017,17.453001,PRICED_E1_shortage_ratio_BANH GAO AN TAO BIEN 174.9G_T80_1,0.336009
CG_LT,80,,MM HIEP PHU,MM AN PHU,BANH GAO AN TAO BIEN 174.9G,83.236871,0.6,2.0,51.942123,PRICED_E1_shortage_ratio_BANH GAO AN TAO BIEN 174.9G_T80_2,1.0
CG_LT,81,,MM BIEN HOA,MM DA NANG,BANH GAO AN TAO BIEN 174.9G,15.981896,0.6,2.0,11.589138,PRICED_E1_shortage_ratio_BANH GAO AN TAO BIEN 174.9G_T81_2,1.0
CG_LT,81,,MM BINH DUONG,MM AN PHU,BANH GAO AN TAO BIEN 174.9G,75.521745,0.6,2.0,47.313047,PRICED_E1_shortage_ratio_BANH GAO AN TAO BIEN 174.9G_T81_2,1.0
CG_LT,81,,MM BIEN HOA,MM DA NANG,BANH GAO AN TAO BIEN 174.9G,4.463962,0.6,0.558627,3.237004,PRICED_E1_shortage_ratio_BANH GAO AN TAO BIEN 174.9G_T81_3,0.279314
CG_LT,81,,MM BINH PHU,MM AN PHU,BANH GAO AN TAO BIEN 174.9G,21.094255,0.6,0.558627,13.21518,PRICED_E1_shortage_ratio_BANH GAO AN TAO BIEN 174.9G_T81_3,0.279314
CG_LT,82,,MM BINH PHU,MM AN PHU,BANH GAO AN TAO BIEN 174.9G,51.24075,0.6,2.0,32.74445,PRICED_E1_shortage_ratio_BANH GAO AN TAO BIEN 174.9G_T82_2,1.0
CG_LT,82,,MM HIEP PHU,MM AN PHU,BANH GAO AN TAO BIEN 174.9G,9.323795,0.6,0.363921,5.958198,PRICED_E1_shortage_ratio_BANH GAO AN TAO BIEN 174.9G_T82_3,0.181961
CG_LT,83,,MM BINH PHU,MM DA NANG,BANH GAO AN TAO BIEN 174.9G,0.129448,0.6,2.0,2.077669,PRICED_E1_shortage_ratio_BANH GAO AN TAO BIEN 174.9G_T83_3,1.0
CG_LT,84,,MM BINH DUONG,MM AN PHU,BANH GAO AN TAO BIEN 174.9G,55.521203,0.6,2.0,35.312722,PRICED_E1_shortage_ratio_BANH GAO AN TAO BIEN 174.9G_T84_1,1.0
CG_LT,84,,MM BINH PHU,MM AN PHU,BANH GAO AN TAO BIEN 174.9G,28.976353,0.6,1.043794,18.429606,PRICED_E1_shortage_ratio_BANH GAO AN TAO BIEN 174.9G_T84_2,0.521897
CG_LT,85,,MM BIEN HOA,MM DA NANG,BANH GAO AN TAO BIEN 174.9G,12.213202,0.6,2.0,9.327921,PRICED_E1_shortage_ratio_BANH GAO AN TAO BIEN 174.9G_T85_2,1.0
CG_LT,85,,MM BINH DUONG,MM AN PHU,BANH GAO AN TAO BIEN 174.9G,32.339878,0.6,2.0,21.403927,PRICED_E1_shortage_ratio_BANH GAO AN TAO BIEN 174.9G_T85_2,1.0
CG_LT,85,,MM BIEN HOA,MM DA NANG,BANH GAO AN TAO BIEN 174.9G,6.122531,0.6,1.002609,4.676127,PRICED_E1_shortage_ratio_BANH GAO AN TAO BIEN 174.9G_T85_4,0.501304
CG_LT,85,,MM HIEP PHU,MM AN PHU,BANH GAO AN TAO BIEN 174.9G,16.212122,0.6,1.002609,10.729882,PRICED_E1_shortage_ratio_BANH GAO AN TAO BIEN 174.9G_T85_4,0.501304
CG_LT,86,,MM BIEN HOA,MM AN PHU,BANH GAO AN TAO BIEN 174.9G,61.552,0.6,2.0,38.9312,PRICED_E1_shortage_ratio_BANH GAO AN TAO BIEN 174.9G_T86_1,1.0
CG_LT,87,,MM BIEN HOA,MM AN PHU,BANH GAO AN TAO BIEN 174.9G,28.482391,0.6,2.0,19.089435,PRICED_E1_shortage_ratio_BANH GAO AN TAO BIEN 174.9G_T87_1,1.0
CG_LT,87,,MM BINH DUONG,MM AN PHU,BANH GAO AN TAO BIEN 174.9G,28.482391,0.6,2.0,19.089435,PRICED_E1_shortage_ratio_BANH GAO AN TAO BIEN 174.9G_T87_2,1.0
CG_LT,87,,MM BINH PHU,MM AN PHU,BANH GAO AN TAO BIEN 174.9G,10.973909,0.6,0.770575,7.35492,PRICED_E1_shortage_ratio_BANH GAO AN TAO BIEN 174.9G_T87_3,0.385287
CG_LT,88,,MM BIEN HOA,MM AN PHU,BANH GAO AN TAO BIEN 174.9G,7.615601,0.6,2.0,6.56936,PRICED_E1_shortage_ratio_BANH GAO AN TAO BIEN 174.9G_T88_1,1.0
CG_LT,88,,MM BINH DUONG,MM AN PHU,BANH GAO AN TAO BIEN 174.9G,7.615601,0.6,2.0,6.56936,PRICED_E1_shortage_ratio_BANH GAO AN TAO BIEN 174.9G_T88_2,1.0
CG_LT,88,,MM BINH PHU,MM AN PHU,BANH GAO AN TAO BIEN 174.9G,7.615601,0.6,2.0,6.56936,PRICED_E1_shortage_ratio_BANH GAO AN TAO BIEN 174.9G_T88_3,1.0
CG_LT,89,,MM BIEN HOA,MM AN PHU,BANH GAO AN TAO BIEN 174.9G,1.917538,0.6,0.068643,1.219166,PRICED_E1_shortage_ratio_BANH GAO AN TAO BIEN 174.9G_T89_1,0.034321
CG_LT,89,,MM BIEN HOA,MM DA NANG,BANH GAO AN TAO BIEN 174.9G,0.043593,0.6,0.068643,0.094799,PRICED_E1_shortage_ratio_BANH GAO AN TAO BIEN 174.9G_T89_1,0.034321
CG_LT,89,,MM BIEN HOA,MM DA NANG,BANH GAO AN TAO BIEN 174.9G,1.270146,0.6,2.0,2.762087,PRICED_E1_shortage_ratio_BANH GAO AN TAO BIEN 174.9G_T89_2,1.0
CG_LT,89,,MM BINH DUONG,MM AN PHU,BANH GAO AN TAO BIEN 174.9G,55.870016,0.6,2.0,35.52201,PRICED_E1_shortage_ratio_BANH GAO AN TAO BIEN 174.9G_T89_2,1.0
CG_LT,8,,MM BINH DUONG,MM BIEN HOA,BANH GAO AN TAO BIEN 174.9G,0.450238,0.6,2.0,2.270143,PRICED_E1_shortage_ratio_BANH GAO AN TAO BIEN 174.9G_T8_2,1.0
CG_LT,8,,MM BINH PHU,MM BIEN HOA,BANH GAO AN TAO BIEN 174.9G,26.962519,0.6,2.0,18.177511,PRICED_E1_shortage_ratio_BANH GAO AN TAO BIEN 174.9G_T8_2,1.0
CG_LT,8,,MM BINH PHU,MM DA NANG,BANH GAO AN TAO BIEN 174.9G,11.949525,0.6,2.0,9.169715,PRICED_E1_shortage_ratio_BANH GAO AN TAO BIEN 174.9G_T8_2,1.0
CG_LT,8,,MM BINH PHU,MM HIEP PHU,BANH GAO AN TAO BIEN 174.9G,9.634669,0.6,2.0,7.780801,PRICED_E1_shortage_ratio_BANH GAO AN TAO BIEN 174.9G_T8_2,1.0
CG_LT,8,,MM BINH DUONG,MM BIEN HOA,BANH GAO AN TAO BIEN 174.9G,0.090709,0.6,0.402939,0.457364,PRICED_E1_shortage_ratio_BANH GAO AN TAO BIEN 174.9G_T8_4,0.201469
CG_LT,8,,MM BINH PHU,MM BIEN HOA,BANH GAO AN TAO BIEN 174.9G,7.098411,0.6,0.402939,4.661985,PRICED_E1_shortage_ratio_BANH GAO AN TAO BIEN 174.9G_T8_4,0.201469
CG_LT,8,,MM BINH PHU,MM DA NANG,BANH GAO AN TAO BIEN 174.9G,2.407463,0.6,0.402939,1.847416,PRICED_E1_shortage_ratio_BANH GAO AN TAO BIEN 174.9G_T8_4,0.201469
CG_LT,8,,MM BINH PHU,MM HIEP PHU,BANH GAO AN TAO BIEN 174.9G,0.2748,0.6,0.402939,0.567818,PRICED_E1_shortage_ratio_BANH GAO AN TAO BIEN 174.9G_T8_4,0.201469
CG_LT,90,,MM BIEN HOA,MM AN PHU,BANH GAO AN TAO BIEN 174.9G,24.647513,0.6,0.811132,15.59964,PRICED_E1_shortage_ratio_BANH GAO AN TAO BIEN 174.9G_T90_1,0.405566
CG_LT,90,,MM BINH PHU,MM AN PHU,BANH GAO AN TAO BIEN 174.9G,60.773098,0.6,2.0,38.463859,PRICED_E1_shortage_ratio_BANH GAO AN TAO BIEN 174.9G_T90_3,1.0
CG_LT,91,,MM BINH DUONG,MM AN PHU,BANH GAO AN TAO BIEN 174.9G,62.744239,0.6,2.0,39.646544,PRICED_E1_shortage_ratio_BANH GAO AN TAO BIEN 174.9G_T91_1,1.0
CG_LT,91,,MM HIEP PHU,MM AN PHU,BANH GAO AN TAO BIEN 174.9G,53.847761,0.6,1.716421,34.025077,PRICED_E1_shortage_ratio_BANH GAO AN TAO BIEN 174.9G_T91_3,0.85821
CG_LT,92,,MM BINH DUONG,MM AN PHU,BANH GAO AN TAO BIEN 174.9G,32.483379,0.6,2.0,21.490027,PRICED_E1_shortage_ratio_BANH GAO AN TAO BIEN 174.9G_T92_1,1.0
CG_LT,92,,MM BINH PHU,MM AN PHU,BANH GAO AN TAO BIEN 174.9G,19.313565,0.6,1.189135,12.777274,PRICED_E1_shortage_ratio_BANH GAO AN TAO BIEN 174.9G_T92_2,0.594568
CG_LT,93,,MM BINH DUONG,MM AN PHU,BANH GAO AN TAO BIEN 174.9G,19.24089,0.6,1.367654,12.912188,PRICED_E1_shortage_ratio_BANH GAO AN TAO BIEN 174.9G_T93_1,0.683827
CG_LT,93,,MM BINH DUONG,MM DA NANG,BANH GAO AN TAO BIEN 174.9G,22.582218,0.6,1.367654,14.916985,PRICED_E1_shortage_ratio_BANH GAO AN TAO BIEN 174.9G_T93_1,0.683827
CG_LT,93,,MM BINH DUONG,MM AN PHU,BANH GAO AN TAO BIEN 174.9G,28.137077,0.6,2.0,18.882246,PRICED_E1_shortage_ratio_BANH GAO AN TAO BIEN 174.9G_T93_2,1.0
CG_LT,93,,MM BINH PHU,MM DA NANG,BANH GAO AN TAO BIEN 174.9G,33.023295,0.6,2.0,21.813977,PRICED_E1_shortage_ratio_BANH GAO AN TAO BIEN 174.9G_T93_2,1.0
CG_LT,94,,MM BIEN HOA,MM DA NANG,BANH GAO AN TAO BIEN 174.9G,3.66596,0.6,0.440904,2.640479,PRICED_E1_shortage_ratio_BANH GAO AN TAO BIEN 174.9G_T94_2,0.220452
CG_LT,94,,MM BINH PHU,MM AN PHU,BANH GAO AN TAO BIEN 174.9G,15.33456,0.6,0.440904,9.64164,PRICED_E1_shortage_ratio_BANH GAO AN TAO BIEN 174.9G_T94_2,0.220452
CG_LT,94,,MM BIEN HOA,MM DA NANG,BANH GAO AN TAO BIEN 174.9G,16.629304,0.6,2.0,11.977582,PRICED_E1_shortage_ratio_BANH GAO AN TAO BIEN 174.9G_T94_3,1.0
CG_LT,94,,MM HIEP PHU,MM AN PHU,BANH GAO AN TAO BIEN 174.9G,69.559705,0.6,2.0,43.735823,PRICED_E1_shortage_ratio_BANH GAO AN TAO BIEN 174.9G_T94_3,1.0
CG_LT,95,,MM BIEN HOA,MM DA NANG,BANH GAO AN TAO BIEN 174.9G,3.963487,0.6,2.0,4.378092,PRICED_E1_shortage_ratio_BANH GAO AN TAO BIEN 174.9G_T95_2,1.0
CG_LT,95,,MM BINH PHU,MM AN PHU,BANH GAO AN TAO BIEN 174.9G,104.985079,0.6,2.0,64.991048,PRICED_E1_shortage_ratio_BANH GAO AN TAO BIEN 174.9G_T95_2,1.0
CG_LT,96,,MM BIEN HOA,MM DA NANG,BANH GAO AN TAO BIEN 174.9G,9.915683,0.6,2.0,7.94941,PRICED_E1_shortage_ratio_BANH GAO AN TAO BIEN 174.9G_T96_1,1.0
CG_LT,96,,MM BINH DUONG,MM AN PHU,BANH GAO AN TAO BIEN 174.9G,45.4638,0.6,2.0,29.27828,PRICED_E1_shortage_ratio_BANH GAO AN TAO BIEN 174.9G_T96_1,1.0
CG_LT,96,,MM BIEN HOA,MM DA NANG,BANH GAO AN TAO BIEN 174.9G,9.915683,0.6,2.0,7.94941,PRICED_E1_shortage_ratio_BANH GAO AN TAO BIEN 174.9G_T96_2,1.0
CG_LT,96,,MM BINH PHU,MM AN PHU,BANH GAO AN TAO BIEN 174.9G,45.4638,0.6,2.0,29.27828,PRICED_E1_shortage_ratio_BANH GAO AN TAO BIEN 174.9G_T96_2,1.0
CG_LT,96,,MM BIEN HOA,MM DA NANG,BANH GAO AN TAO BIEN 174.9G,1.662886,0.6,0.335405,1.333137,PRICED_E1_shortage_ratio_BANH GAO AN TAO BIEN 174.9G_T96_3,0.167703
CG_LT,96,,MM HIEP PHU,MM AN PHU,BANH GAO AN TAO BIEN 174.9G,7.624399,0.6,0.335405,4.910045,PRICED_E1_shortage_ratio_BANH GAO AN TAO BIEN 174.9G_T96_3,0.167703
CG_LT,97,,MM BIEN HOA,MM AN PHU,BANH GAO AN TAO BIEN 174.9G,15.241782,0.6,2.0,11.145069,PRICED_E1_shortage_ratio_BANH GAO AN TAO BIEN 174.9G_T97_1,1.0
CG_LT,97,,MM BINH DUONG,MM AN PHU,BANH GAO AN TAO BIEN 174.9G,4.11354,0.6,0.539772,3.007896,PRICED_E1_shortage_ratio_BANH GAO AN TAO BIEN 174.9G_T97_2,0.269886
CG_LT,97,,MM BINH PHU,MM AN PHU,BANH GAO AN TAO BIEN 174.9G,15.241782,0.6,2.0,11.145069,PRICED_E1_shortage_ratio_BANH GAO AN TAO BIEN 174.9G_T97_3,1.0
CG_LT,98,,MM BIEN HOA,MM AN PHU,BANH GAO AN TAO BIEN 174.9G,5.210959,0.6,2.0,5.126576,PRICED_E1_shortage_ratio_BANH GAO AN TAO BIEN 174.9G_T98_1,1.0
CG_LT,98,,MM BINH DUONG,MM DA NANG,BANH GAO AN TAO BIEN 174.9G,74.015551,0.6,2.0,46.409331,PRICED_E1_shortage_ratio_BANH GAO AN TAO BIEN 174.9G_T98_1,1.0
CG_LT,98,,MM BIEN HOA,MM AN PHU,BANH GAO AN TAO BIEN 174.9G,0.618204,0.6,0.237271,0.608193,PRICED_E1_shortage_ratio_BANH GAO AN TAO BIEN 174.9G_T98_2,0.118635
CG_LT,98,,MM BINH PHU,MM DA NANG,BANH GAO AN TAO BIEN 174.9G,8.780856,0.6,0.237271,5.505784,PRICED_E1_shortage_ratio_BANH GAO AN TAO BIEN 174.9G_T98_2,0.118635
CG_LT,99,,MM BIEN HOA,MM AN PHU,BANH GAO AN TAO BIEN 174.9G,0.60614,0.6,2.0,2.363684,PRICED_E1_shortage_ratio_BANH GAO AN TAO BIEN 174.9G_T99_2,1.0
CG_LT,99,,MM BINH PHU,MM DA NANG,BANH GAO AN TAO BIEN 174.9G,74.843204,0.6,2.0,46.905922,PRICED_E1_shortage_ratio_BANH GAO AN TAO BIEN 174.9G_T99_2,1.0
CG_LT,99,,MM BIEN HOA,MM AN PHU,BANH GAO AN TAO BIEN 174.9G,0.014047,0.6,0.04635,0.054779,PRICED_E1_shortage_ratio_BANH GAO AN TAO BIEN 174.9G_T99_3,0.023175
CG_LT,99,,MM HIEP PHU,MM DA NANG,BANH GAO AN TAO BIEN 174.9G,1.734504,0.6,0.04635,1.087053,PRICED_E1_shortage_ratio_BANH GAO AN TAO BIEN 174.9G_T99_3,0.023175
CG_LT,100,,MM BIEN HOA,MM AN PHU,OREO VANILLA 110.4/105G,219.597606,0.6,2.0,133.758563,PRICED_E1_shortage_ratio_OREO VANILLA 110.4/105G_T100_1,1.0
CG_LT,100,,MM BIEN HOA,MM DA NANG,OREO VANILLA 110.4/105G,22.815754,0.6,2.0,15.689452,PRICED_E1_shortage_ratio_OREO VANILLA 110.4/105G_T100_1,1.0
CG_LT,101,,MM BIEN HOA,MM AN PHU,OREO VANILLA 110.4/105G,208.912576,0.6,2.0,127.347545,PRICED_E1_shortage_ratio_OREO VANILLA 110.4/105G_T101_1,1.0
CG_LT,101,,MM BINH DUONG,MM AN PHU,OREO VANILLA 110.4/105G,48.878872,0.6,0.721215,30.048538,PRICED_E1_shortage_ratio_OREO VANILLA 110.4/105G_T101_2,0.360607
CG_LT,101,,MM BINH PHU,MM AN PHU,OREO VANILLA 110.4/105G,26.456553,0.6,0.721215,16.595146,PRICED_E1_shortage_ratio_OREO VANILLA 110.4/105G_T101_2,0.360607
CG_LT,102,,MM BIEN HOA,MM AN PHU,OREO VANILLA 110.4/105G,160.291093,0.6,2.0,98.174656,PRICED_E1_shortage_ratio_OREO VANILLA 110.4/105G_T102_1,1.0
CG_LT,102,,MM BINH PHU,MM AN PHU,OREO VANILLA 110.4/105G,19.004168,0.6,0.728536,12.131037,PRICED_E1_shortage_ratio_OREO VANILLA 110.4/105G_T102_3,0.364268
CG_LT,102,,MM DA NANG,MM AN PHU,OREO VANILLA 110.4/105G,39.384739,0.6,0.728536,24.359379,PRICED_E1_shortage_ratio_OREO VANILLA 110.4/105G_T102_3,0.364268
CG_LT,103,,MM BIEN HOA,MM AN PHU,OREO VANILLA 110.4/105G,9.443414,0.6,0.251039,5.917087,PRICED_E1_shortage_ratio_OREO VANILLA 110.4/105G_T103_1,0.125519
CG_LT,103,,MM BIEN HOA,MM HIEP PHU,OREO VANILLA 110.4/105G,5.072072,0.6,0.251039,3.294282,PRICED_E1_shortage_ratio_OREO VANILLA 110.4/105G_T103_1,0.125519
CG_LT,103,,MM BIEN HOA,MM HIEP PHU,OREO VANILLA 110.4/105G,40.408716,0.6,2.0,26.245229,PRICED_E1_shortage_ratio_OREO VANILLA 110.4/105G_T103_3,1.0
CG_LT,103,,MM BINH PHU,MM AN PHU,OREO VANILLA 110.4/105G,75.234785,0.6,2.0,47.140871,PRICED_E1_shortage_ratio_OREO VANILLA 110.4/105G_T103_3,1.0
CG_LT,104,,MM BIEN HOA,MM AN PHU,OREO VANILLA 110.4/105G,226.554703,0.6,2.0,137.932822,PRICED_E1_shortage_ratio_OREO VANILLA 110.4/105G_T104_1,1.0
CG_LT,104,,MM BIEN HOA,MM HIEP PHU,OREO VANILLA 110.4/105G,36.11943,0.6,2.0,23.671658,PRICED_E1_shortage_ratio_OREO VANILLA 110.4/105G_T104_1,1.0
CG_LT,104,,MM BIEN HOA,MM HIEP PHU,OREO VANILLA 110.4/105G,7.066744,0.6,0.391299,4.631345,PRICED_E1_shortage_ratio_OREO VANILLA 110.4/105G_T104_2,0.195649
CG_LT,104,,MM BINH DUONG,MM AN PHU,OREO VANILLA 110.4/105G,16.613509,0.6,0.391299,10.359404,PRICED_E1_shortage_ratio_OREO VANILLA 110.4/105G_T104_2,0.195649
CG_LT,104,,MM DA NANG,MM AN PHU,OREO VANILLA 110.4/105G,27.711778,0.6,0.391299,17.018366,PRICED_E1_shortage_ratio_OREO VANILLA 110.4/105G_T104_2,0.195649
CG_LT,105,,MM BIEN HOA,MM AN PHU,OREO VANILLA 110.4/105G,363.003496,0.6,2.0,219.802098,PRICED_E1_shortage_ratio_OREO VANILLA 110.4/105G_T105_1,1.0
CG_LT,105,,MM BIEN HOA,MM AN PHU,OREO VANILLA 110.4/105G,10.254484,0.6,0.063702,6.216393,PRICED_E1_shortage_ratio_OREO VANILLA 110.4/105G_T105_4,0.031851
CG_LT,105,,MM BINH PHU,MM AN PHU,OREO VANILLA 110.4/105G,1.307618,0.6,0.063702,0.848273,PRICED_E1_shortage_ratio_OREO VANILLA 110.4/105G_T105_4,0.031851
CG_LT,106,,MM BIEN HOA,MM AN PHU,OREO VANILLA 110.4/105G,18.732524,0.6,0.165745,11.40526,PRICED_E1_shortage_ratio_OREO VANILLA 110.4/105G_T106_1,0.082873
CG_LT,106,,MM BIEN HOA,MM HIEP PHU,OREO VANILLA 110.4/105G,1.383938,0.6,0.165745,0.996108,PRICED_E1_shortage_ratio_OREO VANILLA 110.4/105G_T106_1,0.082873
CG_LT,106,,MM BIEN HOA,MM HIEP PHU,OREO VANILLA 110.4/105G,16.699565,0.6,2.0,12.019739,PRICED_E1_shortage_ratio_OREO VANILLA 110.4/105G_T106_2,1.0
CG_LT,106,,MM DA NANG,MM AN PHU,OREO VANILLA 110.4/105G,226.039715,0.6,2.0,137.623829,PRICED_E1_shortage_ratio_OREO VANILLA 110.4/105G_T106_2,1.0
CG_LT,107,,MM BIEN HOA,MM HIEP PHU,OREO VANILLA 110.4/105G,1.062971,0.6,0.03329,0.671072,PRICED_E1_shortage_ratio_OREO VANILLA 110.4/105G_T107_2,0.016645
CG_LT,107,,MM DA NANG,MM AN PHU,OREO VANILLA 110.4/105G,3.147342,0.6,0.03329,1.921695,PRICED_E1_shortage_ratio_OREO VANILLA 110.4/105G_T107_2,0.016645
CG_LT,107,,MM BIEN HOA,MM AN PHU,OREO VANILLA 110.4/105G,189.088194,0.6,2.0,115.452916,PRICED_E1_shortage_ratio_OREO VANILLA 110.4/105G_T107_5,1.0
CG_LT,107,,MM BINH DUONG,MM HIEP PHU,OREO VANILLA 110.4/105G,63.86189,0.6,2.0,40.317134,PRICED_E1_shortage_ratio_OREO VANILLA 110.4/105G_T107_5,1.0
CG_LT,108,,MM BIEN HOA,MM AN PHU,OREO VANILLA 110.4/105G,288.974852,0.6,2.0,175.384911,PRICED_E1_shortage_ratio_OREO VANILLA 110.4/105G_T108_1,1.0
CG_LT,108,,MM BIEN HOA,MM BINH PHU,OREO VANILLA 110.4/105G,45.898956,0.6,2.0,29.539374,PRICED_E1_shortage_ratio_OREO VANILLA 110.4/105G_T108_1,1.0
CG_LT,109,,MM BIEN HOA,MM AN PHU,OREO VANILLA 110.4/105G,289.613592,0.6,2.0,175.768155,PRICED_E1_shortage_ratio_OREO VANILLA 110.4/105G_T109_1,1.0
CG_LT,109,,MM BIEN HOA,MM HIEP PHU,OREO VANILLA 110.4/105G,38.00556,0.6,2.0,24.803336,PRICED_E1_shortage_ratio_OREO VANILLA 110.4/105G_T109_1,1.0
CG_LT,109,,MM BIEN HOA,MM AN PHU,OREO VANILLA 110.4/105G,12.20752,0.6,0.084302,7.408814,PRICED_E1_shortage_ratio_OREO VANILLA 110.4/105G_T109_5,0.042151
CG_LT,109,,MM BINH DUONG,MM HIEP PHU,OREO VANILLA 110.4/105G,1.601975,0.6,0.084302,1.045487,PRICED_E1_shortage_ratio_OREO VANILLA 110.4/105G_T109_5,0.042151
CG_LT,10,,MM BINH PHU,MM AN PHU,OREO VANILLA 110.4/105G,5.908415,0.6,0.33665,3.881699,PRICED_E1_shortage_ratio_OREO VANILLA 110.4/105G_T10_2,0.168325
CG_LT,10,,MM BINH PHU,MM BIEN HOA,OREO VANILLA 110.4/105G,1.927446,0.6,0.33665,1.493117,PRICED_E1_shortage_ratio_OREO VANILLA 110.4/105G_T10_2,0.168325
CG_LT,10,,MM BINH PHU,MM DA NANG,OREO VANILLA 110.4/105G,8.180382,0.6,0.33665,5.244879,PRICED_E1_shortage_ratio_OREO VANILLA 110.4/105G_T10_2,0.168325
CG_LT,10,,MM HIEP PHU,MM AN PHU,OREO VANILLA 110.4/105G,11.391433,0.6,0.33665,7.17151,PRICED_E1_shortage_ratio_OREO VANILLA 110.4/105G_T10_2,0.168325
CG_LT,10,,MM BINH PHU,MM AN PHU,OREO VANILLA 110.4/105G,77.65589,0.6,1.855577,48.449111,PRICED_E1_shortage_ratio_OREO VANILLA 110.4/105G_T10_5,0.927789
CG_LT,10,,MM BINH PHU,MM BIEN HOA,OREO VANILLA 110.4/105G,10.623868,0.6,1.855577,8.229898,PRICED_E1_shortage_ratio_OREO VANILLA 110.4/105G_T10_5,0.927789
CG_LT,10,,MM HIEP PHU,MM AN PHU,OREO VANILLA 110.4/105G,62.788321,0.6,1.855577,39.528569,PRICED_E1_shortage_ratio_OREO VANILLA 110.4/105G_T10_5,0.927789
CG_LT,110,,MM BIEN HOA,MM AN PHU,OREO VANILLA 110.4/105G,23.529805,0.6,0.332083,14.449966,PRICED_E1_shortage_ratio_OREO VANILLA 110.4/105G_T110_1,0.166042
CG_LT,110,,MM BIEN HOA,MM BINH PHU,OREO VANILLA 110.4/105G,1.39475,0.6,0.332083,1.168934,PRICED_E1_shortage_ratio_OREO VANILLA 110.4/105G_T110_1,0.166042
CG_LT,110,,MM BIEN HOA,MM BINH PHU,OREO VANILLA 110.4/105G,8.4,0.6,2.0,7.04,PRICED_E1_shortage_ratio_OREO VANILLA 110.4/105G_T110_2,1.0
CG_LT,110,,MM DA NANG,MM AN PHU,OREO VANILLA 110.4/105G,141.710195,0.6,2.0,87.026117,PRICED_E1_shortage_ratio_OREO VANILLA 110.4/105G_T110_2,1.0
CG_LT,111,,MM BIEN HOA,MM AN PHU,OREO VANILLA 110.4/105G,28.58177,0.6,1.700373,18.849435,PRICED_E1_shortage_ratio_OREO VANILLA 110.4/105G_T111_1,0.850187
CG_LT,111,,MM BIEN HOA,MM BINH PHU,OREO VANILLA 110.4/105G,9.182016,0.6,1.700373,7.209583,PRICED_E1_shortage_ratio_OREO VANILLA 110.4/105G_T111_1,0.850187
CG_LT,111,,MM BIEN HOA,MM BINH PHU,OREO VANILLA 110.4/105G,10.8,0.6,2.0,8.48,PRICED_E1_shortage_ratio_OREO VANILLA 110.4/105G_T111_3,1.0
CG_LT,111,,MM DA NANG,MM AN PHU,OREO VANILLA 110.4/105G,33.61823,0.6,2.0,22.170938,PRICED_E1_shortage_ratio_OREO VANILLA 110.4/105G_T111_3,1.0
CG_LT,112,,MM BIEN HOA,MM AN PHU,OREO VANILLA 110.4/105G,1.994857,0.6,0.061802,1.258716,PRICED_E1_shortage_ratio_OREO VANILLA 110.4/105G_T112_1,0.030901
CG_LT,112,,MM BIEN HOA,MM BINH PHU,OREO VANILLA 110.4/105G,1.198986,0.6,0.061802,0.781193,PRICED_E1_shortage_ratio_OREO VANILLA 110.4/105G_T112_1,0.030901
CG_LT,112,,MM BIEN HOA,MM HIEP PHU,OREO VANILLA 110.4/105G,0.096195,0.6,0.061802,0.119519,PRICED_E1_shortage_ratio_OREO VANILLA 110.4/105G_T112_1,0.030901
CG_LT,112,,MM BIEN HOA,MM AN PHU,OREO VANILLA 110.4/105G,64.556639,0.6,2.0,40.733983,PRICED_E1_shortage_ratio_OREO VANILLA 110.4/105G_T112_4,1.0
CG_LT,112,,MM BIEN HOA,MM HIEP PHU,OREO VANILLA 110.4/105G,3.113025,0.6,2.0,3.867815,PRICED_E1_shortage_ratio_OREO VANILLA 110.4/105G_T112_4,1.0
CG_LT,112,,MM DA NANG,MM BINH PHU,OREO VANILLA 110.4/105G,38.801014,0.6,2.0,25.280609,PRICED_E1_shortage_ratio_OREO VANILLA 110.4/105G_T112_4,1.0
CG_LT,113,,MM BIEN HOA,MM AN PHU,OREO VANILLA 110.4/105G,62.814009,0.6,2.0,39.688405,PRICED_E1_shortage_ratio_OREO VANILLA 110.4/105G_T113_1,1.0
CG_LT,113,,MM DA NANG,MM AN PHU,OREO VANILLA 110.4/105G,17.428253,0.6,0.554916,11.011868,PRICED_E1_shortage_ratio_OREO VANILLA 110.4/105G_T113_2,0.277458
CG_LT,114,,MM BIEN HOA,MM AN PHU,OREO VANILLA 110.4/105G,10.39454,0.6,0.448903,6.685628,PRICED_E1_shortage_ratio_OREO VANILLA 110.4/105G_T114_1,0.224452
CG_LT,114,,MM BIEN HOA,MM BINH PHU,OREO VANILLA 110.4/105G,3.28505,0.6,0.448903,2.419933,PRICED_E1_shortage_ratio_OREO VANILLA 110.4/105G_T114_1,0.224452
CG_LT,114,,MM BIEN HOA,MM AN PHU,OREO VANILLA 110.4/105G,46.310807,0.6,2.0,29.786484,PRICED_E1_shortage_ratio_OREO VANILLA 110.4/105G_T114_5,1.0
CG_LT,114,,MM BINH DUONG,MM BINH PHU,OREO VANILLA 110.4/105G,14.635885,0.6,2.0,10.781531,PRICED_E1_shortage_ratio_OREO VANILLA 110.4/105G_T114_5,1.0
CG_LT,115,,MM BIEN HOA,MM AN PHU,OREO VANILLA 110.4/105G,22.929597,0.6,1.329852,15.08761,PRICED_E1_shortage_ratio_OREO VANILLA 110.4/105G_T115_1,0.664926
CG_LT,115,,MM BIEN HOA,MM BINH DUONG,OREO VANILLA 110.4/105G,3.631231,0.6,1.329852,3.508591,PRICED_E1_shortage_ratio_OREO VANILLA 110.4/105G_T115_1,0.664926
CG_LT,115,,MM BIEN HOA,MM BINH PHU,OREO VANILLA 110.4/105G,16.374282,0.6,1.329852,11.154421,PRICED_E1_shortage_ratio_OREO VANILLA 110.4/105G_T115_1,0.664926
CG_LT,115,,MM BIEN HOA,MM BINH DUONG,OREO VANILLA 110.4/105G,5.461106,0.6,2.0,5.276663,PRICED_E1_shortage_ratio_OREO VANILLA 110.4/105G_T115_2,1.0
CG_LT,115,,MM BIEN HOA,MM BINH PHU,OREO VANILLA 110.4/105G,24.625718,0.6,2.0,16.775431,PRICED_E1_shortage_ratio_OREO VANILLA 110.4/105G_T115_2,1.0
CG_LT,115,,MM DA NANG,MM AN PHU,OREO VANILLA 110.4/105G,34.484431,0.6,2.0,22.690659,PRICED_E1_shortage_ratio_OREO VANILLA 110.4/105G_T115_2,1.0
CG_LT,116,,MM BIEN HOA,MM AN PHU,OREO VANILLA 110.4/105G,600.311371,0.6,2.0,362.186823,PRICED_E1_shortage_ratio_OREO VANILLA 110.4/105G_T116_1,1.0
CG_LT,116,,MM DA NANG,MM AN PHU,OREO VANILLA 110.4/105G,156.147288,0.6,2.0,95.688373,PRICED_E1_shortage_ratio_OREO VANILLA 110.4/105G_T116_1,1.0
CG_LT,117,,MM BIEN HOA,MM AN PHU,OREO VANILLA 110.4/105G,582.440527,0.6,2.0,351.464316,PRICED_E1_shortage_ratio_OREO VANILLA 110.4/105G_T117_1,1.0
CG_LT,117,,MM DA NANG,MM AN PHU,OREO VANILLA 110.4/105G,141.264059,0.6,2.0,86.758435,PRICED_E1_shortage_ratio_OREO VANILLA 110.4/105G_T117_1,1.0
CG_LT,117,,MM BIEN HOA,MM AN PHU,OREO VANILLA 110.4/105G,12.862721,0.6,0.04689,7.764523,PRICED_E1_shortage_ratio_OREO VANILLA 110.4/105G_T117_5,0.023445
CG_LT,117,,MM BIEN HOA,MM BINH PHU,OREO VANILLA 110.4/105G,0.792619,0.6,0.04689,0.522461,PRICED_E1_shortage_ratio_OREO VANILLA 110.4/105G_T117_5,0.023445
CG_LT,117,,MM DA NANG,MM AN PHU,OREO VANILLA 110.4/105G,3.311941,0.6,0.04689,2.034055,PRICED_E1_shortage_ratio_OREO VANILLA 110.4/105G_T117_5,0.023445
CG_LT,118,,MM BIEN HOA,MM AN PHU,OREO VANILLA 110.4/105G,7.383839,0.6,0.294687,4.72499,PRICED_E1_shortage_ratio_OREO VANILLA 110.4/105G_T118_1,0.147343
CG_LT,118,,MM BIEN HOA,MM BINH PHU,OREO VANILLA 110.4/105G,0.121187,0.6,0.294687,0.367399,PRICED_E1_shortage_ratio_OREO VANILLA 110.4/105G_T118_1,0.147343
CG_LT,118,,MM BIEN HOA,MM AN PHU,OREO VANILLA 110.4/105G,50.11312,0.6,2.0,32.067872,PRICED_E1_shortage_ratio_OREO VANILLA 110.4/105G_T118_4,1.0
CG_LT,118,,MM DA NANG,MM BINH PHU,OREO VANILLA 110.4/105G,0.822482,0.6,2.0,2.493489,PRICED_E1_shortage_ratio_OREO VANILLA 110.4/105G_T118_4,1.0
CG_LT,119,,MM BIEN HOA,MM AN PHU,OREO VANILLA 110.4/105G,57.635801,0.6,2.0,36.58148,PRICED_E1_shortage_ratio_OREO VANILLA 110.4/105G_T119_1,1.0
CG_LT,119,,MM BIEN HOA,MM BINH PHU,OREO VANILLA 110.4/105G,7.0,0.6,2.0,6.2,PRICED_E1_shortage_ratio_OREO VANILLA 110.4/105G_T119_1,1.0
CG_LT,119,,MM BIEN HOA,MM AN PHU,OREO VANILLA 110.4/105G,9.614807,0.6,0.33364,6.102524,PRICED_E1_shortage_ratio_OREO VANILLA 110.4/105G_T119_4,0.16682
CG_LT,119,,MM DA NANG,MM BINH PHU,OREO VANILLA 110.4/105G,1.16774,0.6,0.33364,1.034284,PRICED_E1_shortage_ratio_OREO VANILLA 110.4/105G_T119_4,0.16682
CG_LT,11,,MM BIEN HOA,MM AN PHU,OREO VANILLA 110.4/105G,79.710694,0.6,1.323665,49.150082,PRICED_E1_shortage_ratio_OREO VANILLA 110.4/105G_T11_1,0.661833
CG_LT,11,,MM BINH PHU,MM AN PHU,OREO VANILLA 110.4/105G,59.169845,0.6,1.323665,36.825572,PRICED_E1_shortage_ratio_OREO VANILLA 110.4/105G_T11_1,0.661833
CG_LT,11,,MM HIEP PHU,MM AN PHU,OREO VANILLA 110.4/105G,12.03489,0.6,1.323665,8.544599,PRICED_E1_shortage_ratio_OREO VANILLA 110.4/105G_T11_1,0.661833
CG_LT,11,,MM BIEN HOA,MM AN PHU,OREO VANILLA 110.4/105G,35.914744,0.6,1.150211,22.699057,PRICED_E1_shortage_ratio_OREO VANILLA 110.4/105G_T11_2,0.575105
CG_LT,11,,MM BIEN HOA,MM BINH DUONG,OREO VANILLA 110.4/105G,33.350562,0.6,1.150211,21.160548,PRICED_E1_shortage_ratio_OREO VANILLA 110.4/105G_T11_2,0.575105
CG_LT,11,,MM BINH PHU,MM AN PHU,OREO VANILLA 110.4/105G,51.416154,0.6,1.150211,31.999903,PRICED_E1_shortage_ratio_OREO VANILLA 110.4/105G_T11_2,0.575105
CG_LT,11,,MM HIEP PHU,MM AN PHU,OREO VANILLA 110.4/105G,10.938537,0.6,1.150211,7.713333,PRICED_E1_shortage_ratio_OREO VANILLA 110.4/105G_T11_2,0.575105
CG_LT,120,,MM BIEN HOA,MM AN PHU,OREO VANILLA 110.4/105G,0.413321,0.6,0.011058,0.25905,PRICED_E1_shortage_ratio_OREO VANILLA 110.4/105G_T120_1,0.005529
CG_LT,120,,MM BIEN HOA,MM BINH PHU,OREO VANILLA 110.4/105G,0.056372,0.6,0.011058,0.044881,PRICED_E1_shortage_ratio_OREO VANILLA 110.4/105G_T120_1,0.005529
CG_LT,120,,MM BIEN HOA,MM AN PHU,OREO VANILLA 110.4/105G,74.757825,0.6,2.0,46.854695,PRICED_E1_shortage_ratio_OREO VANILLA 110.4/105G_T120_4,1.0
CG_LT,120,,MM DA NANG,MM BINH PHU,OREO VANILLA 110.4/105G,10.1961,0.6,2.0,8.11766,PRICED_E1_shortage_ratio_OREO VANILLA 110.4/105G_T120_4,1.0
CG_LT,121,,MM BIEN HOA,MM AN PHU,OREO VANILLA 110.4/105G,1.675789,0.6,0.107134,1.112607,PRICED_E1_shortage_ratio_OREO VANILLA 110.4/105G_T121_1,0.053567
CG_LT,121,,MM BIEN HOA,MM BINH PHU,OREO VANILLA 110.4/105G,2.954203,0.6,0.107134,1.879656,PRICED_E1_shortage_ratio_OREO VANILLA 110.4/105G_T121_1,0.053567
CG_LT,121,,MM BIEN HOA,MM AN PHU,OREO VANILLA 110.4/105G,31.284044,0.6,2.0,20.770426,PRICED_E1_shortage_ratio_OREO VANILLA 110.4/105G_T121_3,1.0
CG_LT,121,,MM DA NANG,MM BINH PHU,OREO VANILLA 110.4/105G,55.149797,0.6,2.0,35.089878,PRICED_E1_shortage_ratio_OREO VANILLA 110.4/105G_T121_3,1.0
CG_LT,122,,MM BIEN HOA,MM AN PHU,OREO VANILLA 110.4/105G,167.999886,0.6,2.0,102.799931,PRICED_E1_shortage_ratio_OREO VANILLA 110.4/105G_T122_1,1.0
CG_LT,122,,MM BIEN HOA,MM HIEP PHU,OREO VANILLA 110.4/105G,236.798895,0.6,2.0,144.079337,PRICED_E1_shortage_ratio_OREO VANILLA 110.4/105G_T122_1,1.0
CG_LT,122,,MM BIEN HOA,MM AN PHU,OREO VANILLA 110.4/105G,13.000114,0.6,0.154763,7.954832,PRICED_E1_shortage_ratio_OREO VANILLA 110.4/105G_T122_5,0.077382
CG_LT,122,,MM BIEN HOA,MM HIEP PHU,OREO VANILLA 110.4/105G,15.224666,0.6,0.154763,9.289563,PRICED_E1_shortage_ratio_OREO VANILLA 110.4/105G_T122_5,0.077382
CG_LT,122,,MM DA NANG,MM HIEP PHU,OREO VANILLA 110.4/105G,3.099232,0.6,0.154763,2.014303,PRICED_E1_shortage_ratio_OREO VANILLA 110.4/105G_T122_5,0.077382
CG_LT,123,,MM BIEN HOA,MM AN PHU,OREO VANILLA 110.4/105G,230.698842,0.6,2.0,140.419305,PRICED_E1_shortage_ratio_OREO VANILLA 110.4/105G_T123_2,1.0
CG_LT,123,,MM BIEN HOA,MM HIEP PHU,OREO VANILLA 110.4/105G,220.715719,0.6,2.0,134.429431,PRICED_E1_shortage_ratio_OREO VANILLA 110.4/105G_T123_2,1.0
CG_LT,123,,MM BINH DUONG,MM AN PHU,OREO VANILLA 110.4/105G,32.140834,0.6,2.0,21.2845,PRICED_E1_shortage_ratio_OREO VANILLA 110.4/105G_T123_2,1.0
CG_LT,123,,MM DA NANG,MM AN PHU,OREO VANILLA 110.4/105G,14.377555,0.6,2.0,10.626533,PRICED_E1_shortage_ratio_OREO VANILLA 110.4/105G_T123_2,1.0
CG_LT,124,,MM BIEN HOA,MM AN PHU,OREO VANILLA 110.4/105G,8.511332,0.6,0.080832,5.187632,PRICED_E1_shortage_ratio_OREO VANILLA 110.4/105G_T124_1,0.040416
CG_LT,124,,MM BIEN HOA,MM HIEP PHU,OREO VANILLA 110.4/105G,0.058285,0.6,0.080832,0.115803,PRICED_E1_shortage_ratio_OREO VANILLA 110.4/105G_T124_1,0.040416
CG_LT,124,,MM BIEN HOA,MM AN PHU,OREO VANILLA 110.4/105G,210.592658,0.6,2.0,128.355595,PRICED_E1_shortage_ratio_OREO VANILLA 110.4/105G_T124_5,1.0
CG_LT,124,,MM BINH DUONG,MM HIEP PHU,OREO VANILLA 110.4/105G,1.442126,0.6,2.0,2.865276,PRICED_E1_shortage_ratio_OREO VANILLA 110.4/105G_T124_5,1.0
CG_LT,125,,MM BIEN HOA,MM AN PHU,OREO VANILLA 110.4/105G,50.663389,0.6,2.0,32.398034,PRICED_E1_shortage_ratio_OREO VANILLA 110.4/105G_T125_1,1.0
CG_LT,125,,MM BIEN HOA,MM BINH PHU,OREO VANILLA 110.4/105G,34.053254,0.6,2.0,22.431952,PRICED_E1_shortage_ratio_OREO VANILLA 110.4/105G_T125_1,1.0
CG_LT,125,,MM BIEN HOA,MM HIEP PHU,OREO VANILLA 110.4/105G,4.772476,0.6,2.0,4.863486,PRICED_E1_shortage_ratio_OREO VANILLA 110.4/105G_T125_1,1.0
CG_LT,125,,MM BIEN HOA,MM AN PHU,OREO VANILLA 110.4/105G,11.822926,0.6,0.466725,7.560481,PRICED_E1_shortage_ratio_OREO VANILLA 110.4/105G_T125_5,0.233362
CG_LT,125,,MM BIEN HOA,MM BINH PHU,OREO VANILLA 110.4/105G,7.441466,0.6,0.466725,4.931604,PRICED_E1_shortage_ratio_OREO VANILLA 110.4/105G_T125_5,0.233362
CG_LT,125,,MM BIEN HOA,MM HIEP PHU,OREO VANILLA 110.4/105G,1.113716,0.6,0.466725,1.134954,PRICED_E1_shortage_ratio_OREO VANILLA 110.4/105G_T125_5,0.233362
CG_LT,125,,MM DA NANG,MM BINH PHU,OREO VANILLA 110.4/105G,0.505281,0.6,0.466725,0.769893,PRICED_E1_shortage_ratio_OREO VANILLA 110.4/105G_T125_5,0.233362
CG_LT,126,,MM BIEN HOA,MM AN PHU,OREO VANILLA 110.4/105G,97.958637,0.6,2.0,60.775182,PRICED_E1_shortage_ratio_OREO VANILLA 110.4/105G_T126_2,1.0
CG_LT,126,,MM BINH DUONG,MM BINH PHU,OREO VANILLA 110.4/105G,28.849174,0.6,2.0,19.309504,PRICED_E1_shortage_ratio_OREO VANILLA 110.4/105G_T126_2,1.0
CG_LT,126,,MM BIEN HOA,MM BINH PHU,OREO VANILLA 110.4/105G,2.458217,0.6,0.170419,1.645349,PRICED_E1_shortage_ratio_OREO VANILLA 110.4/105G_T126_5,0.085209
CG_LT,126,,MM BINH DUONG,MM AN PHU,OREO VANILLA 110.4/105G,8.346984,0.6,0.170419,5.178609,PRICED_E1_shortage_ratio_OREO VANILLA 110.4/105G_T126_5,0.085209
CG_LT,127,,MM BIEN HOA,MM AN PHU,OREO VANILLA 110.4/105G,8.948171,0.6,0.215049,5.583952,PRICED_E1_shortage_ratio_OREO VANILLA 110.4/105G_T127_1,0.107525
CG_LT,127,,MM BIEN HOA,MM HIEP PHU,OREO VANILLA 110.4/105G,1.942449,0.6,0.215049,1.380518,PRICED_E1_shortage_ratio_OREO VANILLA 110.4/105G_T127_1,0.107525
CG_LT,127,,MM BIEN HOA,MM HIEP PHU,OREO VANILLA 110.4/105G,18.065174,0.6,2.0,12.839105,PRICED_E1_shortage_ratio_OREO VANILLA 110.4/105G_T127_2,1.0
CG_LT,127,,MM BINH DUONG,MM AN PHU,OREO VANILLA 110.4/105G,83.219829,0.6,2.0,51.931897,PRICED_E1_shortage_ratio_OREO VANILLA 110.4/105G_T127_2,1.0
CG_LT,128,,MM BIEN HOA,MM AN PHU,OREO VANILLA 110.4/105G,7.86491,0.6,0.457865,5.176811,PRICED_E1_shortage_ratio_OREO VANILLA 110.4/105G_T128_1,0.228933
CG_LT,128,,MM BIEN HOA,MM DA NANG,OREO VANILLA 110.4/105G,7.799992,0.6,0.457865,5.13786,PRICED_E1_shortage_ratio_OREO VANILLA 110.4/105G_T128_1,0.228933
CG_LT,128,,MM BIEN HOA,MM HIEP PHU,OREO VANILLA 110.4/105G,2.633758,0.6,0.457865,2.03812,PRICED_E1_shortage_ratio_OREO VANILLA 110.4/105G_T128_1,0.228933
CG_LT,128,,MM BIEN HOA,MM DA NANG,OREO VANILLA 110.4/105G,34.071135,0.6,2.0,22.442681,PRICED_E1_shortage_ratio_OREO VANILLA 110.4/105G_T128_2,1.0
CG_LT,128,,MM BIEN HOA,MM HIEP PHU,OREO VANILLA 110.4/105G,11.504515,0.6,2.0,8.902709,PRICED_E1_shortage_ratio_OREO VANILLA 110.4/105G_T128_2,1.0
CG_LT,128,,MM BINH DUONG,MM AN PHU,OREO VANILLA 110.4/105G,34.3547,0.6,2.0,22.61282,PRICED_E1_shortage_ratio_OREO VANILLA 110.4/105G_T128_2,1.0
CG_LT,129,,MM BIEN HOA,MM AN PHU,OREO VANILLA 110.4/105G,188.971002,0.6,2.0,115.382601,PRICED_E1_shortage_ratio_OREO VANILLA 110.4/105G_T129_1,1.0
CG_LT,129,,MM BIEN HOA,MM BINH PHU,OREO VANILLA 110.4/105G,7.504551,0.6,2.0,6.50273,PRICED_E1_shortage_ratio_OREO VANILLA 110.4/105G_T129_1,1.0
CG_LT,129,,MM BIEN HOA,MM DA NANG,OREO VANILLA 110.4/105G,22.96316,0.6,2.0,15.777896,PRICED_E1_shortage_ratio_OREO VANILLA 110.4/105G_T129_1,1.0
CG_LT,129,,MM BIEN HOA,MM AN PHU,OREO VANILLA 110.4/105G,6.947616,0.6,0.073531,4.242101,PRICED_E1_shortage_ratio_OREO VANILLA 110.4/105G_T129_4,0.036766
CG_LT,129,,MM BIEN HOA,MM BINH PHU,OREO VANILLA 110.4/105G,0.275909,0.6,0.073531,0.239076,PRICED_E1_shortage_ratio_OREO VANILLA 110.4/105G_T129_4,0.036766
CG_LT,129,,MM BINH DUONG,MM DA NANG,OREO VANILLA 110.4/105G,0.844252,0.6,0.073531,0.580082,PRICED_E1_shortage_ratio_OREO VANILLA 110.4/105G_T129_4,0.036766
CG_LT,12,,MM BIEN HOA,MM AN PHU,OREO VANILLA 110.4/105G,18.593908,0.6,0.287195,11.44354,PRICED_E1_shortage_ratio_OREO VANILLA 110.4/105G_T12_1,0.143598
CG_LT,12,,MM BINH PHU,MM AN PHU,OREO VANILLA 110.4/105G,5.140233,0.6,0.287195,3.371335,PRICED_E1_shortage_ratio_OREO VANILLA 110.4/105G_T12_1,0.143598
CG_LT,12,,MM BINH PHU,MM BINH DUONG,OREO VANILLA 110.4/105G,4.357821,0.6,0.287195,2.901888,PRICED_E1_shortage_ratio_OREO VANILLA 110.4/105G_T12_1,0.143598
CG_LT,12,,MM BIEN HOA,MM AN PHU,OREO VANILLA 110.4/105G,88.881442,0.6,2.0,55.328865,PRICED_E1_shortage_ratio_OREO VANILLA 110.4/105G_T12_3,1.0
CG_LT,12,,MM BIEN HOA,MM DA NANG,OREO VANILLA 110.4/105G,40.60465,0.6,2.0,26.36279,PRICED_E1_shortage_ratio_OREO VANILLA 110.4/105G_T12_3,1.0
CG_LT,12,,MM BINH PHU,MM AN PHU,OREO VANILLA 110.4/105G,66.14349,0.6,2.0,41.686094,PRICED_E1_shortage_ratio_OREO VANILLA 110.4/105G_T12_3,1.0
CG_LT,130,,MM BIEN HOA,MM AN PHU,OREO VANILLA 110.4/105G,375.128035,0.6,2.0,227.076821,PRICED_E1_shortage_ratio_OREO VANILLA 110.4/105G_T130_1,1.0
CG_LT,130,,MM BIEN HOA,MM DA NANG,OREO VANILLA 110.4/105G,79.060037,0.6,2.0,49.436022,PRICED_E1_shortage_ratio_OREO VANILLA 110.4/105G_T130_1,1.0
CG_LT,130,,MM BIEN HOA,MM AN PHU,OREO VANILLA 110.4/105G,11.995619,0.6,0.063955,7.261326,PRICED_E1_shortage_ratio_OREO VANILLA 110.4/105G_T130_5,0.031977
CG_LT,130,,MM BIEN HOA,MM DA NANG,OREO VANILLA 110.4/105G,0.822339,0.6,0.063955,0.557358,PRICED_E1_shortage_ratio_OREO VANILLA 110.4/105G_T130_5,0.031977
CG_LT,130,,MM BIEN HOA,MM HIEP PHU,OREO VANILLA 110.4/105G,1.705796,0.6,0.063955,1.087432,PRICED_E1_shortage_ratio_OREO VANILLA 110.4/105G_T130_5,0.031977
CG_LT,131,,MM BIEN HOA,MM AN PHU,OREO VANILLA 110.4/105G,216.174641,0.6,2.0,131.704784,PRICED_E1_shortage_ratio_OREO VANILLA 110.4/105G_T131_1,1.0
CG_LT,131,,MM BIEN HOA,MM DA NANG,OREO VANILLA 110.4/105G,138.361573,0.6,2.0,85.016944,PRICED_E1_shortage_ratio_OREO VANILLA 110.4/105G_T131_1,1.0
CG_LT,131,,MM BIEN HOA,MM AN PHU,OREO VANILLA 110.4/105G,22.543343,0.6,0.250884,13.77689,PRICED_E1_shortage_ratio_OREO VANILLA 110.4/105G_T131_3,0.125442
CG_LT,131,,MM BIEN HOA,MM DA NANG,OREO VANILLA 110.4/105G,17.35636,0.6,0.250884,10.6647,PRICED_E1_shortage_ratio_OREO VANILLA 110.4/105G_T131_3,0.125442
CG_LT,131,,MM BINH DUONG,MM AN PHU,OREO VANILLA 110.4/105G,4.574047,0.6,0.250884,2.995313,PRICED_E1_shortage_ratio_OREO VANILLA 110.4/105G_T131_3,0.125442
CG_LT,132,,MM BIEN HOA,MM AN PHU,OREO VANILLA 110.4/105G,15.565059,0.6,0.464515,9.803551,PRICED_E1_shortage_ratio_OREO VANILLA 110.4/105G_T132_1,0.232258
CG_LT,132,,MM BIEN HOA,MM DA NANG,OREO VANILLA 110.4/105G,1.840103,0.6,0.464515,1.568577,PRICED_E1_shortage_ratio_OREO VANILLA 110.4/105G_T132_1,0.232258
CG_LT,132,,MM BIEN HOA,MM DA NANG,OREO VANILLA 110.4/105G,7.922679,0.6,2.0,6.753607,PRICED_E1_shortage_ratio_OREO VANILLA 110.4/105G_T132_2,1.0
CG_LT,132,,MM HIEP PHU,MM AN PHU,OREO VANILLA 110.4/105G,67.016354,0.6,2.0,42.209812,PRICED_E1_shortage_ratio_OREO VANILLA 110.4/105G_T132_2,1.0
CG_LT,133,,MM BIEN HOA,MM AN PHU,OREO VANILLA 110.4/105G,19.517314,0.6,0.394342,12.104731,PRICED_E1_shortage_ratio_OREO VANILLA 110.4/105G_T133_1,0.197171
CG_LT,133,,MM BIEN HOA,MM DA NANG,OREO VANILLA 110.4/105G,4.719675,0.6,0.394342,3.226147,PRICED_E1_shortage_ratio_OREO VANILLA 110.4/105G_T133_1,0.197171
CG_LT,133,,MM BIEN HOA,MM AN PHU,OREO VANILLA 110.4/105G,98.986656,0.6,2.0,61.391993,PRICED_E1_shortage_ratio_OREO VANILLA 110.4/105G_T133_5,1.0
CG_LT,133,,MM BINH DUONG,MM DA NANG,OREO VANILLA 110.4/105G,23.936941,0.6,2.0,16.362165,PRICED_E1_shortage_ratio_OREO VANILLA 110.4/105G_T133_5,1.0
CG_LT,134,,MM BIEN HOA,MM AN PHU,OREO VANILLA 110.4/105G,109.819161,0.6,2.0,67.891496,PRICED_E1_shortage_ratio_OREO VANILLA 110.4/105G_T134_1,1.0
CG_LT,134,,MM BIEN HOA,MM BINH PHU,OREO VANILLA 110.4/105G,33.080186,0.6,2.0,21.848112,PRICED_E1_shortage_ratio_OREO VANILLA 110.4/105G_T134_1,1.0
CG_LT,134,,MM BIEN HOA,MM DA NANG,OREO VANILLA 110.4/105G,29.901265,0.6,2.0,19.940759,PRICED_E1_shortage_ratio_OREO VANILLA 110.4/105G_T134_1,1.0
CG_LT,134,,MM BIEN HOA,MM AN PHU,OREO VANILLA 110.4/105G,21.260374,0.6,0.387189,13.143413,PRICED_E1_shortage_ratio_OREO VANILLA 110.4/105G_T134_4,0.193594
CG_LT,134,,MM BIEN HOA,MM DA NANG,OREO VANILLA 110.4/105G,5.788717,0.6,0.387189,3.860419,PRICED_E1_shortage_ratio_OREO VANILLA 110.4/105G_T134_4,0.193594
CG_LT,134,,MM HIEP PHU,MM BINH PHU,OREO VANILLA 110.4/105G,6.404139,0.6,0.387189,4.229672,PRICED_E1_shortage_ratio_OREO VANILLA 110.4/105G_T134_4,0.193594
CG_LT,135,,MM BIEN HOA,MM AN PHU,OREO VANILLA 110.4/105G,49.678463,0.6,0.56409,30.371168,PRICED_E1_shortage_ratio_OREO VANILLA 110.4/105G_T135_1,0.282045
CG_LT,135,,MM BIEN HOA,MM BINH PHU,OREO VANILLA 110.4/105G,16.496287,0.6,0.56409,10.461863,PRICED_E1_shortage_ratio_OREO VANILLA 110.4/105G_T135_1,0.282045
CG_LT,135,,MM BIEN HOA,MM DA NANG,OREO VANILLA 110.4/105G,13.859766,0.6,0.56409,8.87995,PRICED_E1_shortage_ratio_OREO VANILLA 110.4/105G_T135_1,0.282045
CG_LT,135,,MM BIEN HOA,MM AN PHU,OREO VANILLA 110.4/105G,176.136551,0.6,2.0,107.681931,PRICED_E1_shortage_ratio_OREO VANILLA 110.4/105G_T135_4,1.0
CG_LT,135,,MM BIEN HOA,MM DA NANG,OREO VANILLA 110.4/105G,49.140234,0.6,2.0,31.484141,PRICED_E1_shortage_ratio_OREO VANILLA 110.4/105G_T135_4,1.0
CG_LT,135,,MM HIEP PHU,MM BINH PHU,OREO VANILLA 110.4/105G,58.488105,0.6,2.0,37.092863,PRICED_E1_shortage_ratio_OREO VANILLA 110.4/105G_T135_4,1.0
CG_LT,136,,MM BIEN HOA,MM AN PHU,OREO VANILLA 110.4/105G,12.827425,0.6,0.096237,7.792692,PRICED_E1_shortage_ratio_OREO VANILLA 110.4/105G_T136_1,0.048118
CG_LT,136,,MM BIEN HOA,MM BINH PHU,OREO VANILLA 110.4/105G,1.861591,0.6,0.096237,1.213192,PRICED_E1_shortage_ratio_OREO VANILLA 110.4/105G_T136_1,0.048118
CG_LT,136,,MM BIEN HOA,MM AN PHU,OREO VANILLA 110.4/105G,266.580611,0.6,2.0,161.948367,PRICED_E1_shortage_ratio_OREO VANILLA 110.4/105G_T136_5,1.0
CG_LT,136,,MM BINH DUONG,MM BINH PHU,OREO VANILLA 110.4/105G,38.687748,0.6,2.0,25.212649,PRICED_E1_shortage_ratio_OREO VANILLA 110.4/105G_T136_5,1.0
CG_LT,137,,MM BIEN HOA,MM AN PHU,OREO VANILLA 110.4/105G,17.186097,0.6,0.205033,10.516691,PRICED_E1_shortage_ratio_OREO VANILLA 110.4/105G_T137_2,0.102516
CG_LT,137,,MM HIEP PHU,MM DA NANG,OREO VANILLA 110.4/105G,17.977161,0.6,0.205033,10.991329,PRICED_E1_shortage_ratio_OREO VANILLA 110.4/105G_T137_2,0.102516
CG_LT,138,,MM BIEN HOA,MM AN PHU,OREO VANILLA 110.4/105G,13.354468,0.6,0.304892,8.317573,PRICED_E1_shortage_ratio_OREO VANILLA 110.4/105G_T138_2,0.152446
CG_LT,138,,MM HIEP PHU,MM DA NANG,OREO VANILLA 110.4/105G,25.839152,0.6,0.304892,15.808384,PRICED_E1_shortage_ratio_OREO VANILLA 110.4/105G_T138_2,0.152446
CG_LT,139,,MM BIEN HOA,MM AN PHU,OREO VANILLA 110.4/105G,43.813667,0.6,0.966184,27.254384,PRICED_E1_shortage_ratio_OREO VANILLA 110.4/105G_T139_1,0.483092
CG_LT,139,,MM BIEN HOA,MM BINH PHU,OREO VANILLA 110.4/105G,9.395302,0.6,0.966184,6.603365,PRICED_E1_shortage_ratio_OREO VANILLA 110.4/105G_T139_1,0.483092
CG_LT,139,,MM BIEN HOA,MM AN PHU,OREO VANILLA 110.4/105G,90.694255,0.6,2.0,56.416553,PRICED_E1_shortage_ratio_OREO VANILLA 110.4/105G_T139_5,1.0
CG_LT,139,,MM BINH DUONG,MM BINH PHU,OREO VANILLA 110.4/105G,19.448267,0.6,2.0,13.66896,PRICED_E1_shortage_ratio_OREO VANILLA 110.4/105G_T139_5,1.0
CG_LT,13,,MM BIEN HOA,MM AN PHU,OREO VANILLA 110.4/105G,98.924847,0.6,2.0,61.354908,PRICED_E1_shortage_ratio_OREO VANILLA 110.4/105G_T13_1,1.0
CG_LT,13,,MM BIEN HOA,MM DA NANG,OREO VANILLA 110.4/105G,21.614379,0.6,2.0,14.968627,PRICED_E1_shortage_ratio_OREO VANILLA 110.4/105G_T13_1,1.0
CG_LT,13,,MM BIEN HOA,MM AN PHU,OREO VANILLA 110.4/105G,7.831645,0.6,0.158335,4.857322,PRICED_E1_shortage_ratio_OREO VANILLA 110.4/105G_T13_5,0.079168
CG_LT,13,,MM BINH PHU,MM DA NANG,OREO VANILLA 110.4/105G,1.711159,0.6,0.158335,1.185031,PRICED_E1_shortage_ratio_OREO VANILLA 110.4/105G_T13_5,0.079168
CG_LT,140,,MM BIEN HOA,MM AN PHU,OREO VANILLA 110.4/105G,136.876514,0.6,2.0,84.125908,PRICED_E1_shortage_ratio_OREO VANILLA 110.4/105G_T140_1,1.0
CG_LT,140,,MM BIEN HOA,MM DA NANG,OREO VANILLA 110.4/105G,14.840412,0.6,2.0,10.904247,PRICED_E1_shortage_ratio_OREO VANILLA 110.4/105G_T140_1,1.0
CG_LT,141,,MM BIEN HOA,MM AN PHU,OREO VANILLA 110.4/105G,113.585102,0.6,2.0,70.151061,PRICED_E1_shortage_ratio_OREO VANILLA 110.4/105G_T141_1,1.0
CG_LT,141,,MM BIEN HOA,MM BINH PHU,OREO VANILLA 110.4/105G,11.84097,0.6,2.0,9.104582,PRICED_E1_shortage_ratio_OREO VANILLA 110.4/105G_T141_1,1.0
CG_LT,141,,MM BIEN HOA,MM BINH PHU,OREO VANILLA 110.4/105G,0.595808,0.6,0.100635,0.45812,PRICED_E1_shortage_ratio_OREO VANILLA 110.4/105G_T141_2,0.050317
CG_LT,141,,MM HIEP PHU,MM AN PHU,OREO VANILLA 110.4/105G,5.715317,0.6,0.100635,3.529825,PRICED_E1_shortage_ratio_OREO VANILLA 110.4/105G_T141_2,0.050317
CG_LT,142,,MM BIEN HOA,MM AN PHU,OREO VANILLA 110.4/105G,174.145785,0.6,2.0,106.487471,PRICED_E1_shortage_ratio_OREO VANILLA 110.4/105G_T142_4,1.0
CG_LT,142,,MM BIEN HOA,MM BINH PHU,OREO VANILLA 110.4/105G,29.624503,0.6,2.0,19.774702,PRICED_E1_shortage_ratio_OREO VANILLA 110.4/105G_T142_4,1.0
CG_LT,142,,MM HIEP PHU,MM DA NANG,OREO VANILLA 110.4/105G,37.512689,0.6,2.0,24.507614,PRICED_E1_shortage_ratio_OREO VANILLA 110.4/105G_T142_4,1.0
CG_LT,143,,MM BIEN HOA,MM BINH PHU,OREO VANILLA 110.4/105G,0.380484,0.6,0.019038,0.247328,PRICED_E1_shortage_ratio_OREO VANILLA 110.4/105G_T143_2,0.009519
CG_LT,143,,MM BIEN HOA,MM DA NANG,OREO VANILLA 110.4/105G,0.401398,0.6,0.019038,0.259877,PRICED_E1_shortage_ratio_OREO VANILLA 110.4/105G_T143_2,0.009519
CG_LT,143,,MM HIEP PHU,MM AN PHU,OREO VANILLA 110.4/105G,2.760532,0.6,0.019038,1.675357,PRICED_E1_shortage_ratio_OREO VANILLA 110.4/105G_T143_2,0.009519
CG_LT,143,,MM BIEN HOA,MM AN PHU,OREO VANILLA 110.4/105G,290.004053,0.6,2.0,176.002432,PRICED_E1_shortage_ratio_OREO VANILLA 110.4/105G_T143_4,1.0
CG_LT,143,,MM BIEN HOA,MM BINH PHU,OREO VANILLA 110.4/105G,39.971254,0.6,2.0,25.982752,PRICED_E1_shortage_ratio_OREO VANILLA 110.4/105G_T143_4,1.0
CG_LT,143,,MM HIEP PHU,MM DA NANG,OREO VANILLA 110.4/105G,42.168369,0.6,2.0,27.301022,PRICED_E1_shortage_ratio_OREO VANILLA 110.4/105G_T143_4,1.0
CG_LT,144,,MM BIEN HOA,MM BINH DUONG,OREO VANILLA 110.4/105G,118.492676,0.6,2.0,73.095606,PRICED_E1_shortage_ratio_OREO VANILLA 110.4/105G_T144_1,1.0
CG_LT,144,,MM BIEN HOA,MM BINH PHU,OREO VANILLA 110.4/105G,63.384403,0.6,2.0,40.030642,PRICED_E1_shortage_ratio_OREO VANILLA 110.4/105G_T144_1,1.0
CG_LT,144,,MM HIEP PHU,MM AN PHU,OREO VANILLA 110.4/105G,439.877473,0.6,2.0,265.926484,PRICED_E1_shortage_ratio_OREO VANILLA 110.4/105G_T144_1,1.0
CG_LT,145,,MM BIEN HOA,MM AN PHU,OREO VANILLA 110.4/105G,4.454214,0.6,0.028165,2.700693,PRICED_E1_shortage_ratio_OREO VANILLA 110.4/105G_T145_1,0.014083
CG_LT,145,,MM BIEN HOA,MM BINH PHU,OREO VANILLA 110.4/105G,0.787191,0.6,0.028165,0.50048,PRICED_E1_shortage_ratio_OREO VANILLA 110.4/105G_T145_1,0.014083
CG_LT,145,,MM BIEN HOA,MM DA NANG,OREO VANILLA 110.4/105G,0.301468,0.6,0.028165,0.209046,PRICED_E1_shortage_ratio_OREO VANILLA 110.4/105G_T145_1,0.014083
CG_LT,145,,MM BIEN HOA,MM AN PHU,OREO VANILLA 110.4/105G,316.294032,0.6,2.0,191.776419,PRICED_E1_shortage_ratio_OREO VANILLA 110.4/105G_T145_4,1.0
CG_LT,145,,MM BIEN HOA,MM DA NANG,OREO VANILLA 110.4/105G,21.40725,0.6,2.0,14.84435,PRICED_E1_shortage_ratio_OREO VANILLA 110.4/105G_T145_4,1.0
CG_LT,145,,MM HIEP PHU,MM BINH PHU,OREO VANILLA 110.4/105G,55.898506,0.6,2.0,35.539104,PRICED_E1_shortage_ratio_OREO VANILLA 110.4/105G_T145_4,1.0
CG_LT,146,,MM BIEN HOA,MM AN PHU,OREO VANILLA 110.4/105G,68.885711,0.6,2.0,43.331426,PRICED_E1_shortage_ratio_OREO VANILLA 110.4/105G_T146_1,1.0
CG_LT,146,,MM BIEN HOA,MM DA NANG,OREO VANILLA 110.4/105G,164.344877,0.6,2.0,100.606926,PRICED_E1_shortage_ratio_OREO VANILLA 110.4/105G_T146_1,1.0
CG_LT,146,,MM BIEN HOA,MM DA NANG,OREO VANILLA 110.4/105G,20.588888,0.6,0.250557,12.60389,PRICED_E1_shortage_ratio_OREO VANILLA 110.4/105G_T146_3,0.125279
CG_LT,146,,MM HIEP PHU,MM AN PHU,OREO VANILLA 110.4/105G,8.629902,0.6,0.250557,5.428498,PRICED_E1_shortage_ratio_OREO VANILLA 110.4/105G_T146_3,0.125279
CG_LT,147,,MM BIEN HOA,MM AN PHU,OREO VANILLA 110.4/105G,72.143894,0.6,2.0,45.286337,PRICED_E1_shortage_ratio_OREO VANILLA 110.4/105G_T147_1,1.0
CG_LT,147,,MM BIEN HOA,MM DA NANG,OREO VANILLA 110.4/105G,145.878676,0.6,2.0,89.527206,PRICED_E1_shortage_ratio_OREO VANILLA 110.4/105G_T147_1,1.0
CG_LT,148,,MM BIEN HOA,MM DA NANG,OREO VANILLA 110.4/105G,19.55623,0.6,2.0,13.733738,PRICED_E1_shortage_ratio_OREO VANILLA 110.4/105G_T148_2,1.0
CG_LT,148,,MM BINH DUONG,MM AN PHU,OREO VANILLA 110.4/105G,72.198318,0.6,2.0,45.318991,PRICED_E1_shortage_ratio_OREO VANILLA 110.4/105G_T148_2,1.0
CG_LT,148,,MM BIEN HOA,MM DA NANG,OREO VANILLA 110.4/105G,4.379145,0.6,0.447852,3.075339,PRICED_E1_shortage_ratio_OREO VANILLA 110.4/105G_T148_3,0.223926
CG_LT,148,,MM HIEP PHU,MM AN PHU,OREO VANILLA 110.4/105G,16.167068,0.6,0.447852,10.148092,PRICED_E1_shortage_ratio_OREO VANILLA 110.4/105G_T148_3,0.223926
CG_LT,149,,MM BIEN HOA,MM DA NANG,OREO VANILLA 110.4/105G,33.839486,0.6,2.0,22.303691,PRICED_E1_shortage_ratio_OREO VANILLA 110.4/105G_T149_2,1.0
CG_LT,149,,MM BINH DUONG,MM AN PHU,OREO VANILLA 110.4/105G,67.169653,0.6,2.0,42.301792,PRICED_E1_shortage_ratio_OREO VANILLA 110.4/105G_T149_2,1.0
CG_LT,149,,MM BIEN HOA,MM DA NANG,OREO VANILLA 110.4/105G,1.032614,0.6,0.06103,0.680598,PRICED_E1_shortage_ratio_OREO VANILLA 110.4/105G_T149_3,0.030515
CG_LT,149,,MM HIEP PHU,MM AN PHU,OREO VANILLA 110.4/105G,2.049685,0.6,0.06103,1.290841,PRICED_E1_shortage_ratio_OREO VANILLA 110.4/105G_T149_3,0.030515
CG_LT,14,,MM BIEN HOA,MM AN PHU,OREO VANILLA 110.4/105G,73.324836,0.6,2.0,45.994902,PRICED_E1_shortage_ratio_OREO VANILLA 110.4/105G_T14_4,1.0
CG_LT,14,,MM BIEN HOA,MM DA NANG,OREO VANILLA 110.4/105G,34.633887,0.6,2.0,22.780332,PRICED_E1_shortage_ratio_OREO VANILLA 110.4/105G_T14_4,1.0
CG_LT,14,,MM BINH PHU,MM AN PHU,OREO VANILLA 110.4/105G,33.296,0.6,2.0,21.9776,PRICED_E1_shortage_ratio_OREO VANILLA 110.4/105G_T14_4,1.0
CG_LT,14,,MM HIEP PHU,MM DA NANG,OREO VANILLA 110.4/105G,35.862555,0.6,2.0,23.517533,PRICED_E1_shortage_ratio_OREO VANILLA 110.4/105G_T14_4,1.0
CG_LT,150,,MM BIEN HOA,MM AN PHU,OREO VANILLA 110.4/105G,14.041154,0.6,2.0,10.424693,PRICED_E1_shortage_ratio_OREO VANILLA 110.4/105G_T150_1,1.0
CG_LT,150,,MM BIEN HOA,MM BINH PHU,OREO VANILLA 110.4/105G,35.559101,0.6,2.0,23.335461,PRICED_E1_shortage_ratio_OREO VANILLA 110.4/105G_T150_1,1.0
CG_LT,151,,MM AN PHU,MM BINH DUONG,OREO VANILLA 110.4/105G,129.294366,0.6,2.0,79.576619,PRICED_E1_shortage_ratio_OREO VANILLA 110.4/105G_T151_1,1.0
CG_LT,151,,MM AN PHU,MM BINH PHU,OREO VANILLA 110.4/105G,22.298064,0.6,2.0,15.378838,PRICED_E1_shortage_ratio_OREO VANILLA 110.4/105G_T151_1,1.0
CG_LT,151,,MM AN PHU,MM BINH PHU,OREO VANILLA 110.4/105G,3.442645,0.6,0.308784,2.374371,PRICED_E1_shortage_ratio_OREO VANILLA 110.4/105G_T151_2,0.154392
CG_LT,151,,MM BIEN HOA,MM BINH DUONG,OREO VANILLA 110.4/105G,19.962028,0.6,0.308784,12.286001,PRICED_E1_shortage_ratio_OREO VANILLA 110.4/105G_T151_2,0.154392
CG_LT,152,,MM BIEN HOA,MM AN PHU,OREO VANILLA 110.4/105G,53.70504,0.6,2.0,34.223024,PRICED_E1_shortage_ratio_OREO VANILLA 110.4/105G_T152_2,1.0
CG_LT,152,,MM BIEN HOA,MM DA NANG,OREO VANILLA 110.4/105G,26.303875,0.6,2.0,17.782325,PRICED_E1_shortage_ratio_OREO VANILLA 110.4/105G_T152_2,1.0
CG_LT,152,,MM BIEN HOA,MM AN PHU,OREO VANILLA 110.4/105G,1.23896,0.6,0.046139,0.789516,PRICED_E1_shortage_ratio_OREO VANILLA 110.4/105G_T152_3,0.02307
CG_LT,152,,MM HIEP PHU,MM DA NANG,OREO VANILLA 110.4/105G,0.606823,0.6,0.046139,0.410233,PRICED_E1_shortage_ratio_OREO VANILLA 110.4/105G_T152_3,0.02307
CG_LT,153,,MM BIEN HOA,MM AN PHU,OREO VANILLA 110.4/105G,5.980516,0.6,0.496935,4.085245,PRICED_E1_shortage_ratio_OREO VANILLA 110.4/105G_T153_1,0.248468
CG_LT,153,,MM BIEN HOA,MM BINH DUONG,OREO VANILLA 110.4/105G,0.3073,0.6,0.496935,0.681315,PRICED_E1_shortage_ratio_OREO VANILLA 110.4/105G_T153_1,0.248468
CG_LT,153,,MM BIEN HOA,MM DA NANG,OREO VANILLA 110.4/105G,0.762219,0.6,0.496935,0.954267,PRICED_E1_shortage_ratio_OREO VANILLA 110.4/105G_T153_1,0.248468
CG_LT,153,,MM BIEN HOA,MM AN PHU,OREO VANILLA 110.4/105G,24.069597,0.6,2.0,16.441758,PRICED_E1_shortage_ratio_OREO VANILLA 110.4/105G_T153_2,1.0
CG_LT,153,,MM BIEN HOA,MM BINH DUONG,OREO VANILLA 110.4/105G,1.23678,0.6,2.0,2.742068,PRICED_E1_shortage_ratio_OREO VANILLA 110.4/105G_T153_2,1.0
CG_LT,153,,MM HIEP PHU,MM DA NANG,OREO VANILLA 110.4/105G,3.067678,0.6,2.0,3.840607,PRICED_E1_shortage_ratio_OREO VANILLA 110.4/105G_T153_2,1.0
CG_LT,15,,MM BIEN HOA,MM AN PHU,OREO VANILLA 110.4/105G,13.246664,0.6,0.26419,8.212188,PRICED_E1_shortage_ratio_OREO VANILLA 110.4/105G_T15_1,0.132095
CG_LT,15,,MM BIEN HOA,MM BINH PHU,OREO VANILLA 110.4/105G,100.281386,0.6,2.0,62.168832,PRICED_E1_shortage_ratio_OREO VANILLA 110.4/105G_T15_2,1.0
CG_LT,16,,MM BIEN HOA,MM AN PHU,OREO VANILLA 110.4/105G,37.910068,0.6,2.0,24.746041,PRICED_E1_shortage_ratio_OREO VANILLA 110.4/105G_T16_2,1.0
CG_LT,16,,MM BIEN HOA,MM BINH PHU,OREO VANILLA 110.4/105G,83.073802,0.6,2.0,51.844281,PRICED_E1_shortage_ratio_OREO VANILLA 110.4/105G_T16_2,1.0
CG_LT,16,,MM BIEN HOA,MM DA NANG,OREO VANILLA 110.4/105G,82.93728,0.6,2.0,51.762368,PRICED_E1_shortage_ratio_OREO VANILLA 110.4/105G_T16_2,1.0
CG_LT,16,,MM HIEP PHU,MM AN PHU,OREO VANILLA 110.4/105G,203.792699,0.6,2.0,124.275619,PRICED_E1_shortage_ratio_OREO VANILLA 110.4/105G_T16_2,1.0
CG_LT,16,,MM BIEN HOA,MM AN PHU,OREO VANILLA 110.4/105G,12.402561,0.6,0.198212,7.639749,PRICED_E1_shortage_ratio_OREO VANILLA 110.4/105G_T16_4,0.099106
CG_LT,16,,MM BIEN HOA,MM BINH PHU,OREO VANILLA 110.4/105G,8.233129,0.6,0.198212,5.13809,PRICED_E1_shortage_ratio_OREO VANILLA 110.4/105G_T16_4,0.099106
CG_LT,16,,MM HIEP PHU,MM AN PHU,OREO VANILLA 110.4/105G,11.551682,0.6,0.198212,7.129221,PRICED_E1_shortage_ratio_OREO VANILLA 110.4/105G_T16_4,0.099106
CG_LT,16,,MM HIEP PHU,MM DA NANG,OREO VANILLA 110.4/105G,8.219598,0.6,0.198212,5.129971,PRICED_E1_shortage_ratio_OREO VANILLA 110.4/105G_T16_4,0.099106
CG_LT,17,,MM BIEN HOA,MM AN PHU,OREO VANILLA 110.4/105G,6.375489,0.6,0.142155,3.967448,PRICED_E1_shortage_ratio_OREO VANILLA 110.4/105G_T17_1,0.071078
CG_LT,17,,MM BIEN HOA,MM DA NANG,OREO VANILLA 110.4/105G,5.065837,0.6,0.142155,3.181657,PRICED_E1_shortage_ratio_OREO VANILLA 110.4/105G_T17_1,0.071078
CG_LT,17,,MM HIEP PHU,MM AN PHU,OREO VANILLA 110.4/105G,15.854251,0.6,0.142155,9.654706,PRICED_E1_shortage_ratio_OREO VANILLA 110.4/105G_T17_1,0.071078
CG_LT,17,,MM BIEN HOA,MM AN PHU,OREO VANILLA 110.4/105G,148.581121,0.6,1.846077,90.99475,PRICED_E1_shortage_ratio_OREO VANILLA 110.4/105G_T17_2,0.923039
CG_LT,17,,MM HIEP PHU,MM AN PHU,OREO VANILLA 110.4/105G,130.322654,0.6,1.846077,80.03967,PRICED_E1_shortage_ratio_OREO VANILLA 110.4/105G_T17_2,0.923039
CG_LT,17,,MM HIEP PHU,MM DA NANG,OREO VANILLA 110.4/105G,75.566287,0.6,1.846077,47.185849,PRICED_E1_shortage_ratio_OREO VANILLA 110.4/105G_T17_2,0.923039
CG_LT,17,,MM BIEN HOA,MM AN PHU,OREO VANILLA 110.4/105G,1.457617,0.6,0.141117,1.015688,PRICED_E1_shortage_ratio_OREO VANILLA 110.4/105G_T17_3,0.070559
CG_LT,17,,MM BIEN HOA,MM BINH PHU,OREO VANILLA 110.4/105G,4.123756,0.6,0.141117,2.615371,PRICED_E1_shortage_ratio_OREO VANILLA 110.4/105G_T17_3,0.070559
CG_LT,17,,MM BIEN HOA,MM DA NANG,OREO VANILLA 110.4/105G,5.77641,0.6,0.141117,3.606963,PRICED_E1_shortage_ratio_OREO VANILLA 110.4/105G_T17_3,0.070559
CG_LT,17,,MM HIEP PHU,MM AN PHU,OREO VANILLA 110.4/105G,15.738487,0.6,0.141117,9.584209,PRICED_E1_shortage_ratio_OREO VANILLA 110.4/105G_T17_3,0.070559
CG_LT,18,,MM BIEN HOA,MM AN PHU,OREO VANILLA 110.4/105G,135.021198,0.6,1.687151,82.69987,PRICED_E1_shortage_ratio_OREO VANILLA 110.4/105G_T18_1,0.843576
CG_LT,18,,MM BIEN HOA,MM BINH PHU,OREO VANILLA 110.4/105G,6.586014,0.6,1.687151,5.63876,PRICED_E1_shortage_ratio_OREO VANILLA 110.4/105G_T18_1,0.843576
CG_LT,18,,MM HIEP PHU,MM AN PHU,OREO VANILLA 110.4/105G,195.633618,0.6,1.687151,119.067322,PRICED_E1_shortage_ratio_OREO VANILLA 110.4/105G_T18_1,0.843576
CG_LT,18,,MM BIEN HOA,MM AN PHU,OREO VANILLA 110.4/105G,32.774604,0.6,0.390487,20.055249,PRICED_E1_shortage_ratio_OREO VANILLA 110.4/105G_T18_2,0.195243
CG_LT,18,,MM HIEP PHU,MM AN PHU,OREO VANILLA 110.4/105G,31.040159,0.6,0.390487,19.014582,PRICED_E1_shortage_ratio_OREO VANILLA 110.4/105G_T18_2,0.195243
CG_LT,18,,MM HIEP PHU,MM BINH PHU,OREO VANILLA 110.4/105G,14.23871,0.6,0.390487,8.933712,PRICED_E1_shortage_ratio_OREO VANILLA 110.4/105G_T18_2,0.195243
CG_LT,19,,MM BIEN HOA,MM DA NANG,OREO VANILLA 110.4/105G,22.494004,0.6,2.0,15.496402,PRICED_E1_shortage_ratio_OREO VANILLA 110.4/105G_T19_5,1.0
CG_LT,19,,MM HIEP PHU,MM AN PHU,OREO VANILLA 110.4/105G,201.060094,0.6,2.0,122.636056,PRICED_E1_shortage_ratio_OREO VANILLA 110.4/105G_T19_5,1.0
CG_LT,20,,MM BIEN HOA,MM BINH DUONG,OREO VANILLA 110.4/105G,82.042271,0.6,2.0,51.225363,PRICED_E1_shortage_ratio_OREO VANILLA 110.4/105G_T20_1,1.0
CG_LT,20,,MM HIEP PHU,MM BINH DUONG,OREO VANILLA 110.4/105G,45.804702,0.6,2.0,29.482821,PRICED_E1_shortage_ratio_OREO VANILLA 110.4/105G_T20_1,1.0
CG_LT,20,,MM HIEP PHU,MM DA NANG,OREO VANILLA 110.4/105G,173.629402,0.6,2.0,106.177641,PRICED_E1_shortage_ratio_OREO VANILLA 110.4/105G_T20_1,1.0
CG_LT,20,,MM BIEN HOA,MM DA NANG,OREO VANILLA 110.4/105G,7.646978,0.6,0.186416,4.774603,PRICED_E1_shortage_ratio_OREO VANILLA 110.4/105G_T20_2,0.093208
CG_LT,20,,MM HIEP PHU,MM AN PHU,OREO VANILLA 110.4/105G,7.575124,0.6,0.186416,4.73149,PRICED_E1_shortage_ratio_OREO VANILLA 110.4/105G_T20_2,0.093208
CG_LT,20,,MM HIEP PHU,MM BINH DUONG,OREO VANILLA 110.4/105G,12.877843,0.6,0.186416,7.913122,PRICED_E1_shortage_ratio_OREO VANILLA 110.4/105G_T20_2,0.093208
CG_LT,20,,MM BIEN HOA,MM DA NANG,OREO VANILLA 110.4/105G,1.657389,0.6,0.040403,1.034836,PRICED_E1_shortage_ratio_OREO VANILLA 110.4/105G_T20_4,0.020202
CG_LT,20,,MM HIEP PHU,MM BINH DUONG,OREO VANILLA 110.4/105G,2.582719,0.6,0.040403,1.590035,PRICED_E1_shortage_ratio_OREO VANILLA 110.4/105G_T20_4,0.020202
CG_LT,20,,MM HIEP PHU,MM DA NANG,OREO VANILLA 110.4/105G,1.85021,0.6,0.040403,1.15053,PRICED_E1_shortage_ratio_OREO VANILLA 110.4/105G_T20_4,0.020202
CG_LT,24,,MM BIEN HOA,MM BINH PHU,OREO VANILLA 110.4/105G,42.637263,0.6,2.0,27.582358,PRICED_E1_shortage_ratio_OREO VANILLA 110.4/105G_T24_1,1.0
CG_LT,24,,MM HIEP PHU,MM AN PHU,OREO VANILLA 110.4/105G,100.269452,0.6,2.0,62.161671,PRICED_E1_shortage_ratio_OREO VANILLA 110.4/105G_T24_1,1.0
CG_LT,24,,MM HIEP PHU,MM DA NANG,OREO VANILLA 110.4/105G,215.427995,0.6,2.0,131.256797,PRICED_E1_shortage_ratio_OREO VANILLA 110.4/105G_T24_1,1.0
CG_LT,25,,MM BIEN HOA,MM BINH PHU,OREO VANILLA 110.4/105G,28.579147,0.6,1.419485,18.566973,PRICED_E1_shortage_ratio_OREO VANILLA 110.4/105G_T25_1,0.709743
CG_LT,25,,MM BIEN HOA,MM DA NANG,OREO VANILLA 110.4/105G,5.636603,0.6,1.419485,4.801447,PRICED_E1_shortage_ratio_OREO VANILLA 110.4/105G_T25_1,0.709743
CG_LT,25,,MM HIEP PHU,MM AN PHU,OREO VANILLA 110.4/105G,161.9637,0.6,1.419485,98.597705,PRICED_E1_shortage_ratio_OREO VANILLA 110.4/105G_T25_1,0.709743
CG_LT,25,,MM HIEP PHU,MM DA NANG,OREO VANILLA 110.4/105G,98.049014,0.6,1.419485,60.248894,PRICED_E1_shortage_ratio_OREO VANILLA 110.4/105G_T25_1,0.709743
CG_LT,26,,MM BIEN HOA,MM BINH PHU,OREO VANILLA 110.4/105G,1.880465,0.6,0.061963,1.190242,PRICED_E1_shortage_ratio_OREO VANILLA 110.4/105G_T26_2,0.030982
CG_LT,26,,MM BIEN HOA,MM DA NANG,OREO VANILLA 110.4/105G,2.261657,0.6,0.061963,1.418957,PRICED_E1_shortage_ratio_OREO VANILLA 110.4/105G_T26_2,0.030982
CG_LT,26,,MM HIEP PHU,MM AN PHU,OREO VANILLA 110.4/105G,6.175434,0.6,0.061963,3.767223,PRICED_E1_shortage_ratio_OREO VANILLA 110.4/105G_T26_2,0.030982
CG_LT,26,,MM BIEN HOA,MM AN PHU,OREO VANILLA 110.4/105G,199.325828,0.6,2.0,121.595497,PRICED_E1_shortage_ratio_OREO VANILLA 110.4/105G_T26_4,1.0
CG_LT,26,,MM BIEN HOA,MM BINH PHU,OREO VANILLA 110.4/105G,60.696167,0.6,2.0,38.4177,PRICED_E1_shortage_ratio_OREO VANILLA 110.4/105G_T26_4,1.0
CG_LT,26,,MM HIEP PHU,MM DA NANG,OREO VANILLA 110.4/105G,73.0,0.6,2.0,45.8,PRICED_E1_shortage_ratio_OREO VANILLA 110.4/105G_T26_4,1.0
CG_LT,27,,MM BIEN HOA,MM AN PHU,OREO VANILLA 110.4/105G,263.54893,0.6,2.0,160.129358,PRICED_E1_shortage_ratio_OREO VANILLA 110.4/105G_T27_4,1.0
CG_LT,27,,MM BIEN HOA,MM BINH PHU,OREO VANILLA 110.4/105G,30.918431,0.6,2.0,20.551058,PRICED_E1_shortage_ratio_OREO VANILLA 110.4/105G_T27_4,1.0
CG_LT,27,,MM HIEP PHU,MM DA NANG,OREO VANILLA 110.4/105G,43.720398,0.6,2.0,28.232239,PRICED_E1_shortage_ratio_OREO VANILLA 110.4/105G_T27_4,1.0
CG_LT,30,,MM BIEN HOA,MM BINH PHU,OREO VANILLA 110.4/105G,90.243529,0.6,2.0,56.146118,PRICED_E1_shortage_ratio_OREO VANILLA 110.4/105G_T30_2,1.0
CG_LT,30,,MM BIEN HOA,MM DA NANG,OREO VANILLA 110.4/105G,83.634631,0.6,2.0,52.180779,PRICED_E1_shortage_ratio_OREO VANILLA 110.4/105G_T30_2,1.0
CG_LT,30,,MM HIEP PHU,MM AN PHU,OREO VANILLA 110.4/105G,260.500757,0.6,2.0,158.300454,PRICED_E1_shortage_ratio_OREO VANILLA 110.4/105G_T30_2,1.0
CG_LT,30,,MM BIEN HOA,MM AN PHU,OREO VANILLA 110.4/105G,19.088854,0.6,0.150785,11.604098,PRICED_E1_shortage_ratio_OREO VANILLA 110.4/105G_T30_4,0.075393
CG_LT,30,,MM BIEN HOA,MM DA NANG,OREO VANILLA 110.4/105G,6.30544,0.6,0.150785,3.934049,PRICED_E1_shortage_ratio_OREO VANILLA 110.4/105G_T30_4,0.075393
CG_LT,30,,MM HIEP PHU,MM AN PHU,OREO VANILLA 110.4/105G,0.550999,0.6,0.150785,0.481384,PRICED_E1_shortage_ratio_OREO VANILLA 110.4/105G_T30_4,0.075393
CG_LT,30,,MM HIEP PHU,MM BINH PHU,OREO VANILLA 110.4/105G,6.803702,0.6,0.150785,4.233007,PRICED_E1_shortage_ratio_OREO VANILLA 110.4/105G_T30_4,0.075393
CG_LT,31,,MM BIEN HOA,MM BINH PHU,OREO VANILLA 110.4/105G,15.562375,0.6,0.29558,9.633005,PRICED_E1_shortage_ratio_OREO VANILLA 110.4/105G_T31_2,0.14779
CG_LT,31,,MM HIEP PHU,MM AN PHU,OREO VANILLA 110.4/105G,26.863582,0.6,0.29558,16.413729,PRICED_E1_shortage_ratio_OREO VANILLA 110.4/105G_T31_2,0.14779
CG_LT,31,,MM BIEN HOA,MM AN PHU,OREO VANILLA 110.4/105G,181.768418,0.6,2.0,111.061051,PRICED_E1_shortage_ratio_OREO VANILLA 110.4/105G_T31_5,1.0
CG_LT,31,,MM BINH DUONG,MM BINH PHU,OREO VANILLA 110.4/105G,105.300487,0.6,2.0,65.180292,PRICED_E1_shortage_ratio_OREO VANILLA 110.4/105G_T31_5,1.0
CG_LT,32,,MM BIEN HOA,MM AN PHU,OREO VANILLA 110.4/105G,26.235949,0.6,0.246523,15.988092,PRICED_E1_shortage_ratio_OREO VANILLA 110.4/105G_T32_5,0.123261
CG_LT,32,,MM BINH DUONG,MM BINH PHU,OREO VANILLA 110.4/105G,11.536422,0.6,0.246523,7.168376,PRICED_E1_shortage_ratio_OREO VANILLA 110.4/105G_T32_5,0.123261
CG_LT,33,,MM BIEN HOA,MM AN PHU,OREO VANILLA 110.4/105G,10.381876,0.6,0.104419,6.333545,PRICED_E1_shortage_ratio_OREO VANILLA 110.4/105G_T33_5,0.05221
CG_LT,33,,MM BINH DUONG,MM BINH PHU,OREO VANILLA 110.4/105G,3.117123,0.6,0.104419,1.974693,PRICED_E1_shortage_ratio_OREO VANILLA 110.4/105G_T33_5,0.05221
CG_LT,34,,MM BIEN HOA,MM HIEP PHU,OREO VANILLA 110.4/105G,29.890746,0.6,0.309491,18.243938,PRICED_E1_shortage_ratio_OREO VANILLA 110.4/105G_T34_1,0.154745
CG_LT,34,,MM BINH DUONG,MM HIEP PHU,OREO VANILLA 110.4/105G,24.059287,0.6,0.309491,14.745063,PRICED_E1_shortage_ratio_OREO VANILLA 110.4/105G_T34_1,0.154745
CG_LT,34,,MM BIEN HOA,MM AN PHU,OREO VANILLA 110.4/105G,193.160955,0.6,2.0,117.896573,PRICED_E1_shortage_ratio_OREO VANILLA 110.4/105G_T34_2,1.0
CG_LT,34,,MM BINH DUONG,MM HIEP PHU,OREO VANILLA 110.4/105G,155.476713,0.6,2.0,95.286028,PRICED_E1_shortage_ratio_OREO VANILLA 110.4/105G_T34_2,1.0
CG_LT,35,,MM BIEN HOA,MM AN PHU,OREO VANILLA 110.4/105G,52.188354,0.6,2.0,33.313012,PRICED_E1_shortage_ratio_OREO VANILLA 110.4/105G_T35_2,1.0
CG_LT,35,,MM BIEN HOA,MM BINH PHU,OREO VANILLA 110.4/105G,42.840989,0.6,2.0,27.704594,PRICED_E1_shortage_ratio_OREO VANILLA 110.4/105G_T35_2,1.0
CG_LT,35,,MM BIEN HOA,MM HIEP PHU,OREO VANILLA 110.4/105G,43.144259,0.6,2.0,27.886555,PRICED_E1_shortage_ratio_OREO VANILLA 110.4/105G_T35_2,1.0
CG_LT,35,,MM BINH DUONG,MM AN PHU,OREO VANILLA 110.4/105G,139.986081,0.6,2.0,85.991649,PRICED_E1_shortage_ratio_OREO VANILLA 110.4/105G_T35_2,1.0
CG_LT,36,,MM BIEN HOA,MM AN PHU,OREO VANILLA 110.4/105G,8.752589,0.6,0.150365,5.401918,PRICED_E1_shortage_ratio_OREO VANILLA 110.4/105G_T36_1,0.075183
CG_LT,36,,MM BIEN HOA,MM DA NANG,OREO VANILLA 110.4/105G,0.565633,0.6,0.150365,0.489745,PRICED_E1_shortage_ratio_OREO VANILLA 110.4/105G_T36_1,0.075183
CG_LT,36,,MM BIEN HOA,MM AN PHU,OREO VANILLA 110.4/105G,116.417891,0.6,2.0,71.850735,PRICED_E1_shortage_ratio_OREO VANILLA 110.4/105G_T36_5,1.0
CG_LT,36,,MM BINH DUONG,MM DA NANG,OREO VANILLA 110.4/105G,7.52347,0.6,2.0,6.514082,PRICED_E1_shortage_ratio_OREO VANILLA 110.4/105G_T36_5,1.0
CG_LT,37,,MM BIEN HOA,MM AN PHU,OREO VANILLA 110.4/105G,37.672025,0.6,0.763251,23.366466,PRICED_E1_shortage_ratio_OREO VANILLA 110.4/105G_T37_4,0.381625
CG_LT,37,,MM BIEN HOA,MM BINH PHU,OREO VANILLA 110.4/105G,43.575954,0.6,0.763251,26.908823,PRICED_E1_shortage_ratio_OREO VANILLA 110.4/105G_T37_4,0.381625
CG_LT,37,,MM BINH DUONG,MM BINH PHU,OREO VANILLA 110.4/105G,6.398865,0.6,0.763251,4.60257,PRICED_E1_shortage_ratio_OREO VANILLA 110.4/105G_T37_4,0.381625
CG_LT,37,,MM BINH DUONG,MM DA NANG,OREO VANILLA 110.4/105G,44.848057,0.6,0.763251,27.672085,PRICED_E1_shortage_ratio_OREO VANILLA 110.4/105G_T37_4,0.381625
CG_LT,38,,MM BIEN HOA,MM AN PHU,OREO VANILLA 110.4/105G,12.974863,0.6,0.19058,7.975498,PRICED_E1_shortage_ratio_OREO VANILLA 110.4/105G_T38_4,0.09529
CG_LT,38,,MM BIEN HOA,MM BINH PHU,OREO VANILLA 110.4/105G,6.767035,0.6,0.19058,4.250802,PRICED_E1_shortage_ratio_OREO VANILLA 110.4/105G_T38_4,0.09529
CG_LT,38,,MM BINH DUONG,MM AN PHU,OREO VANILLA 110.4/105G,5.180289,0.6,0.19058,3.298754,PRICED_E1_shortage_ratio_OREO VANILLA 110.4/105G_T38_4,0.09529
CG_LT,38,,MM BINH DUONG,MM DA NANG,OREO VANILLA 110.4/105G,13.519401,0.6,0.19058,8.302221,PRICED_E1_shortage_ratio_OREO VANILLA 110.4/105G_T38_4,0.09529
CG_LT,39,,MM BIEN HOA,MM AN PHU,OREO VANILLA 110.4/105G,2.703157,0.6,0.040847,1.662741,PRICED_E1_shortage_ratio_OREO VANILLA 110.4/105G_T39_3,0.020423
CG_LT,39,,MM BIEN HOA,MM BINH PHU,OREO VANILLA 110.4/105G,0.652942,0.6,0.040847,0.432612,PRICED_E1_shortage_ratio_OREO VANILLA 110.4/105G_T39_3,0.020423
CG_LT,39,,MM BIEN HOA,MM DA NANG,OREO VANILLA 110.4/105G,0.248677,0.6,0.040847,0.190053,PRICED_E1_shortage_ratio_OREO VANILLA 110.4/105G_T39_3,0.020423
CG_LT,39,,MM BINH DUONG,MM AN PHU,OREO VANILLA 110.4/105G,4.631689,0.6,0.040847,2.81986,PRICED_E1_shortage_ratio_OREO VANILLA 110.4/105G_T39_3,0.020423
CG_LT,39,,MM BIEN HOA,MM AN PHU,OREO VANILLA 110.4/105G,164.326945,0.6,2.0,100.596167,PRICED_E1_shortage_ratio_OREO VANILLA 110.4/105G_T39_4,1.0
CG_LT,39,,MM BIEN HOA,MM DA NANG,OREO VANILLA 110.4/105G,12.176151,0.6,2.0,9.305691,PRICED_E1_shortage_ratio_OREO VANILLA 110.4/105G_T39_4,1.0
CG_LT,39,,MM BINH DUONG,MM AN PHU,OREO VANILLA 110.4/105G,194.814039,0.6,2.0,118.888424,PRICED_E1_shortage_ratio_OREO VANILLA 110.4/105G_T39_4,1.0
CG_LT,39,,MM BINH DUONG,MM BINH PHU,OREO VANILLA 110.4/105G,31.97046,0.6,2.0,21.182276,PRICED_E1_shortage_ratio_OREO VANILLA 110.4/105G_T39_4,1.0
CG_LT,40,,MM BIEN HOA,MM AN PHU,OREO VANILLA 110.4/105G,1.930983,0.6,0.165391,1.32398,PRICED_E1_shortage_ratio_OREO VANILLA 110.4/105G_T40_3,0.082695
CG_LT,40,,MM BIEN HOA,MM BINH PHU,OREO VANILLA 110.4/105G,5.70275,0.6,0.165391,3.587041,PRICED_E1_shortage_ratio_OREO VANILLA 110.4/105G_T40_3,0.082695
CG_LT,40,,MM BIEN HOA,MM DA NANG,OREO VANILLA 110.4/105G,4.654282,0.6,0.165391,2.95796,PRICED_E1_shortage_ratio_OREO VANILLA 110.4/105G_T40_3,0.082695
CG_LT,40,,MM BINH DUONG,MM AN PHU,OREO VANILLA 110.4/105G,16.704728,0.6,0.165391,10.188228,PRICED_E1_shortage_ratio_OREO VANILLA 110.4/105G_T40_3,0.082695
CG_LT,40,,MM BIEN HOA,MM AN PHU,OREO VANILLA 110.4/105G,92.311433,0.6,2.0,57.38686,PRICED_E1_shortage_ratio_OREO VANILLA 110.4/105G_T40_4,1.0
CG_LT,40,,MM BIEN HOA,MM DA NANG,OREO VANILLA 110.4/105G,56.282226,0.6,2.0,35.769336,PRICED_E1_shortage_ratio_OREO VANILLA 110.4/105G_T40_4,1.0
CG_LT,40,,MM BINH DUONG,MM AN PHU,OREO VANILLA 110.4/105G,133.042172,0.6,2.0,81.825303,PRICED_E1_shortage_ratio_OREO VANILLA 110.4/105G_T40_4,1.0
CG_LT,40,,MM BINH DUONG,MM BINH PHU,OREO VANILLA 110.4/105G,68.960894,0.6,2.0,43.376536,PRICED_E1_shortage_ratio_OREO VANILLA 110.4/105G_T40_4,1.0
CG_LT,41,,MM BIEN HOA,MM AN PHU,OREO VANILLA 110.4/105G,0.751033,0.6,0.047588,0.498207,PRICED_E1_shortage_ratio_OREO VANILLA 110.4/105G_T41_1,0.023794
CG_LT,41,,MM BIEN HOA,MM BINH PHU,OREO VANILLA 110.4/105G,1.617606,0.6,0.047588,1.018151,PRICED_E1_shortage_ratio_OREO VANILLA 110.4/105G_T41_1,0.023794
CG_LT,41,,MM BIEN HOA,MM DA NANG,OREO VANILLA 110.4/105G,2.370559,0.6,0.047588,1.469923,PRICED_E1_shortage_ratio_OREO VANILLA 110.4/105G_T41_1,0.023794
CG_LT,41,,MM BIEN HOA,MM AN PHU,OREO VANILLA 110.4/105G,31.564293,0.6,2.0,20.938576,PRICED_E1_shortage_ratio_OREO VANILLA 110.4/105G_T41_4,1.0
CG_LT,41,,MM BIEN HOA,MM DA NANG,OREO VANILLA 110.4/105G,99.629441,0.6,2.0,61.777665,PRICED_E1_shortage_ratio_OREO VANILLA 110.4/105G_T41_4,1.0
CG_LT,41,,MM BINH DUONG,MM BINH PHU,OREO VANILLA 110.4/105G,67.984459,0.6,2.0,42.790675,PRICED_E1_shortage_ratio_OREO VANILLA 110.4/105G_T41_4,1.0
CG_LT,42,,MM BIEN HOA,MM BINH PHU,OREO VANILLA 110.4/105G,14.121649,0.6,0.964614,9.437603,PRICED_E1_shortage_ratio_OREO VANILLA 110.4/105G_T42_1,0.482307
CG_LT,42,,MM BIEN HOA,MM DA NANG,OREO VANILLA 110.4/105G,24.829882,0.6,0.964614,15.862544,PRICED_E1_shortage_ratio_OREO VANILLA 110.4/105G_T42_1,0.482307
CG_LT,43,,MM BIEN HOA,MM AN PHU,OREO VANILLA 110.4/105G,6.599703,0.6,0.704415,4.664237,PRICED_E1_shortage_ratio_OREO VANILLA 110.4/105G_T43_2,0.352207
CG_LT,43,,MM BIEN HOA,MM DA NANG,OREO VANILLA 110.4/105G,14.841697,0.6,0.704415,9.609433,PRICED_E1_shortage_ratio_OREO VANILLA 110.4/105G_T43_2,0.352207
CG_LT,43,,MM BINH DUONG,MM BINH PHU,OREO VANILLA 110.4/105G,18.649791,0.6,0.704415,11.894289,PRICED_E1_shortage_ratio_OREO VANILLA 110.4/105G_T43_2,0.352207
CG_LT,43,,MM BIEN HOA,MM AN PHU,OREO VANILLA 110.4/105G,18.738111,0.6,2.0,13.242867,PRICED_E1_shortage_ratio_OREO VANILLA 110.4/105G_T43_4,1.0
CG_LT,43,,MM BIEN HOA,MM BINH PHU,OREO VANILLA 110.4/105G,52.951147,0.6,2.0,33.770688,PRICED_E1_shortage_ratio_OREO VANILLA 110.4/105G_T43_4,1.0
CG_LT,43,,MM BINH DUONG,MM DA NANG,OREO VANILLA 110.4/105G,42.139072,0.6,2.0,27.283443,PRICED_E1_shortage_ratio_OREO VANILLA 110.4/105G_T43_4,1.0
CG_LT,44,,MM BIEN HOA,MM AN PHU,OREO VANILLA 110.4/105G,0.682133,0.6,0.027067,0.436347,PRICED_E1_shortage_ratio_OREO VANILLA 110.4/105G_T44_1,0.013534
CG_LT,44,,MM BIEN HOA,MM BINH PHU,OREO VANILLA 110.4/105G,1.951801,0.6,0.027067,1.198148,PRICED_E1_shortage_ratio_OREO VANILLA 110.4/105G_T44_1,0.013534
CG_LT,44,,MM BIEN HOA,MM DA NANG,OREO VANILLA 110.4/105G,0.541384,0.6,0.027067,0.351898,PRICED_E1_shortage_ratio_OREO VANILLA 110.4/105G_T44_1,0.013534
CG_LT,44,,MM BIEN HOA,MM BINH PHU,OREO VANILLA 110.4/105G,144.219734,0.6,2.0,88.53184,PRICED_E1_shortage_ratio_OREO VANILLA 110.4/105G_T44_4,1.0
CG_LT,44,,MM BIEN HOA,MM DA NANG,OREO VANILLA 110.4/105G,40.003205,0.6,2.0,26.001923,PRICED_E1_shortage_ratio_OREO VANILLA 110.4/105G_T44_4,1.0
CG_LT,44,,MM BINH DUONG,MM AN PHU,OREO VANILLA 110.4/105G,50.403243,0.6,2.0,32.241946,PRICED_E1_shortage_ratio_OREO VANILLA 110.4/105G_T44_4,1.0
CG_LT,45,,MM BIEN HOA,MM AN PHU,OREO VANILLA 110.4/105G,6.00762,0.6,0.406867,4.01144,PRICED_E1_shortage_ratio_OREO VANILLA 110.4/105G_T45_1,0.203434
CG_LT,45,,MM BIEN HOA,MM BINH PHU,OREO VANILLA 110.4/105G,19.408817,0.6,0.406867,12.052158,PRICED_E1_shortage_ratio_OREO VANILLA 110.4/105G_T45_1,0.203434
CG_LT,45,,MM BIEN HOA,MM DA NANG,OREO VANILLA 110.4/105G,6.833463,0.6,0.406867,4.506945,PRICED_E1_shortage_ratio_OREO VANILLA 110.4/105G_T45_1,0.203434
CG_LT,45,,MM BIEN HOA,MM AN PHU,OREO VANILLA 110.4/105G,29.531099,0.6,2.0,19.718659,PRICED_E1_shortage_ratio_OREO VANILLA 110.4/105G_T45_4,1.0
CG_LT,45,,MM BIEN HOA,MM BINH PHU,OREO VANILLA 110.4/105G,95.406112,0.6,2.0,59.243667,PRICED_E1_shortage_ratio_OREO VANILLA 110.4/105G_T45_4,1.0
CG_LT,45,,MM BINH DUONG,MM DA NANG,OREO VANILLA 110.4/105G,33.590615,0.6,2.0,22.154369,PRICED_E1_shortage_ratio_OREO VANILLA 110.4/105G_T45_4,1.0
CG_LT,46,,MM BIEN HOA,MM DA NANG,OREO VANILLA 110.4/105G,54.840081,0.6,2.0,34.904049,PRICED_E1_shortage_ratio_OREO VANILLA 110.4/105G_T46_5,1.0
CG_LT,46,,MM BINH DUONG,MM AN PHU,OREO VANILLA 110.4/105G,224.148588,0.6,2.0,136.489153,PRICED_E1_shortage_ratio_OREO VANILLA 110.4/105G_T46_5,1.0
CG_LT,48,,MM BIEN HOA,MM AN PHU,OREO VANILLA 110.4/105G,6.243277,0.6,0.248237,3.994204,PRICED_E1_shortage_ratio_OREO VANILLA 110.4/105G_T48_1,0.124119
CG_LT,48,,MM BIEN HOA,MM BINH PHU,OREO VANILLA 110.4/105G,7.244938,0.6,0.248237,4.5952,PRICED_E1_shortage_ratio_OREO VANILLA 110.4/105G_T48_1,0.124119
CG_LT,48,,MM BIEN HOA,MM AN PHU,OREO VANILLA 110.4/105G,50.300875,0.6,2.0,32.180525,PRICED_E1_shortage_ratio_OREO VANILLA 110.4/105G_T48_2,1.0
CG_LT,48,,MM BINH DUONG,MM BINH PHU,OREO VANILLA 110.4/105G,58.371062,0.6,2.0,37.022637,PRICED_E1_shortage_ratio_OREO VANILLA 110.4/105G_T48_2,1.0
CG_LT,49,,MM BIEN HOA,MM AN PHU,OREO VANILLA 110.4/105G,3.882801,0.6,0.094466,2.424146,PRICED_E1_shortage_ratio_OREO VANILLA 110.4/105G_T49_1,0.047233
CG_LT,49,,MM HIEP PHU,MM AN PHU,OREO VANILLA 110.4/105G,82.205339,0.6,2.0,51.323203,PRICED_E1_shortage_ratio_OREO VANILLA 110.4/105G_T49_3,1.0
CG_LT,4,,MM DA NANG,MM AN PHU,OREO VANILLA 110.4/105G,279.064,0.6,2.0,169.4384,PRICED_E1_shortage_ratio_OREO VANILLA 110.4/105G_T4_1,1.0
CG_LT,4,,MM HIEP PHU,MM AN PHU,OREO VANILLA 110.4/105G,35.0,0.6,2.0,23.0,PRICED_E1_shortage_ratio_OREO VANILLA 110.4/105G_T4_1,1.0
CG_LT,50,,MM BIEN HOA,MM AN PHU,OREO VANILLA 110.4/105G,188.47415,0.6,2.0,115.08449,PRICED_E1_shortage_ratio_OREO VANILLA 110.4/105G_T50_1,1.0
CG_LT,50,,MM BIEN HOA,MM DA NANG,OREO VANILLA 110.4/105G,24.491777,0.6,2.0,16.695066,PRICED_E1_shortage_ratio_OREO VANILLA 110.4/105G_T50_1,1.0
CG_LT,51,,MM BIEN HOA,MM DA NANG,OREO VANILLA 110.4/105G,17.413142,0.6,0.534122,10.982007,PRICED_E1_shortage_ratio_OREO VANILLA 110.4/105G_T51_2,0.267061
CG_LT,51,,MM BINH DUONG,MM AN PHU,OREO VANILLA 110.4/105G,31.93458,0.6,0.534122,19.69487,PRICED_E1_shortage_ratio_OREO VANILLA 110.4/105G_T51_2,0.267061
CG_LT,51,,MM BIEN HOA,MM DA NANG,OREO VANILLA 110.4/105G,65.202858,0.6,2.0,41.121715,PRICED_E1_shortage_ratio_OREO VANILLA 110.4/105G_T51_3,1.0
CG_LT,51,,MM HIEP PHU,MM AN PHU,OREO VANILLA 110.4/105G,119.577841,0.6,2.0,73.746704,PRICED_E1_shortage_ratio_OREO VANILLA 110.4/105G_T51_3,1.0
CG_LT,52,,MM BIEN HOA,MM AN PHU,OREO VANILLA 110.4/105G,142.753381,0.6,2.0,87.652028,PRICED_E1_shortage_ratio_OREO VANILLA 110.4/105G_T52_1,1.0
CG_LT,52,,MM BIEN HOA,MM DA NANG,OREO VANILLA 110.4/105G,88.343778,0.6,2.0,55.006267,PRICED_E1_shortage_ratio_OREO VANILLA 110.4/105G_T52_1,1.0
CG_LT,52,,MM BIEN HOA,MM DA NANG,OREO VANILLA 110.4/105G,21.641909,0.6,0.489948,13.475093,PRICED_E1_shortage_ratio_OREO VANILLA 110.4/105G_T52_2,0.244974
CG_LT,52,,MM BINH DUONG,MM AN PHU,OREO VANILLA 110.4/105G,34.970835,0.6,0.489948,21.472448,PRICED_E1_shortage_ratio_OREO VANILLA 110.4/105G_T52_2,0.244974
CG_LT,53,,MM BIEN HOA,MM DA NANG,OREO VANILLA 110.4/105G,3.979663,0.6,0.204969,2.592767,PRICED_E1_shortage_ratio_OREO VANILLA 110.4/105G_T53_3,0.102485
CG_LT,53,,MM HIEP PHU,MM AN PHU,OREO VANILLA 110.4/105G,17.452121,0.6,0.204969,10.676242,PRICED_E1_shortage_ratio_OREO VANILLA 110.4/105G_T53_3,0.102485
CG_LT,53,,MM BIEN HOA,MM AN PHU,OREO VANILLA 110.4/105G,170.290319,0.6,2.0,104.174192,PRICED_E1_shortage_ratio_OREO VANILLA 110.4/105G_T53_5,1.0
CG_LT,53,,MM BINH DUONG,MM DA NANG,OREO VANILLA 110.4/105G,38.831844,0.6,2.0,25.299106,PRICED_E1_shortage_ratio_OREO VANILLA 110.4/105G_T53_5,1.0
CG_LT,54,,MM BIEN HOA,MM AN PHU,OREO VANILLA 110.4/105G,14.439381,0.6,2.0,10.663628,PRICED_E1_shortage_ratio_OREO VANILLA 110.4/105G_T54_1,1.0
CG_LT,54,,MM BIEN HOA,MM DA NANG,OREO VANILLA 110.4/105G,18.392945,0.6,2.0,13.035767,PRICED_E1_shortage_ratio_OREO VANILLA 110.4/105G_T54_1,1.0
CG_LT,54,,MM BIEN HOA,MM AN PHU,OREO VANILLA 110.4/105G,0.716847,0.6,0.099291,0.529399,PRICED_E1_shortage_ratio_OREO VANILLA 110.4/105G_T54_2,0.049645
CG_LT,54,,MM BINH DUONG,MM DA NANG,OREO VANILLA 110.4/105G,0.913123,0.6,0.099291,0.647165,PRICED_E1_shortage_ratio_OREO VANILLA 110.4/105G_T54_2,0.049645
CG_LT,55,,MM BIEN HOA,MM AN PHU,OREO VANILLA 110.4/105G,11.085258,0.6,2.0,8.651155,PRICED_E1_shortage_ratio_OREO VANILLA 110.4/105G_T55_1,1.0
CG_LT,55,,MM BIEN HOA,MM DA NANG,OREO VANILLA 110.4/105G,7.502769,0.6,2.0,6.501661,PRICED_E1_shortage_ratio_OREO VANILLA 110.4/105G_T55_1,1.0
CG_LT,55,,MM BIEN HOA,MM DA NANG,OREO VANILLA 110.4/105G,7.502769,0.6,2.0,6.501661,PRICED_E1_shortage_ratio_OREO VANILLA 110.4/105G_T55_2,1.0
CG_LT,55,,MM BINH DUONG,MM AN PHU,OREO VANILLA 110.4/105G,11.085258,0.6,2.0,8.651155,PRICED_E1_shortage_ratio_OREO VANILLA 110.4/105G_T55_2,1.0
CG_LT,55,,MM BIEN HOA,MM DA NANG,OREO VANILLA 110.4/105G,7.502769,0.6,2.0,6.501661,PRICED_E1_shortage_ratio_OREO VANILLA 110.4/105G_T55_3,1.0
CG_LT,55,,MM HIEP PHU,MM AN PHU,OREO VANILLA 110.4/105G,11.085258,0.6,2.0,8.651155,PRICED_E1_shortage_ratio_OREO VANILLA 110.4/105G_T55_3,1.0
CG_LT,56,,MM BIEN HOA,MM AN PHU,OREO VANILLA 110.4/105G,6.841227,0.6,0.208946,4.313683,PRICED_E1_shortage_ratio_OREO VANILLA 110.4/105G_T56_1,0.104473
CG_LT,56,,MM BIEN HOA,MM DA NANG,OREO VANILLA 110.4/105G,5.297095,0.6,0.208946,3.387204,PRICED_E1_shortage_ratio_OREO VANILLA 110.4/105G_T56_1,0.104473
CG_LT,56,,MM BIEN HOA,MM DA NANG,OREO VANILLA 110.4/105G,50.702905,0.6,2.0,32.421743,PRICED_E1_shortage_ratio_OREO VANILLA 110.4/105G_T56_3,1.0
CG_LT,56,,MM HIEP PHU,MM AN PHU,OREO VANILLA 110.4/105G,65.483077,0.6,2.0,41.289846,PRICED_E1_shortage_ratio_OREO VANILLA 110.4/105G_T56_3,1.0
CG_LT,57,,MM BIEN HOA,MM AN PHU,OREO VANILLA 110.4/105G,149.92081,0.6,2.0,91.952486,PRICED_E1_shortage_ratio_OREO VANILLA 110.4/105G_T57_1,1.0
CG_LT,57,,MM BIEN HOA,MM DA NANG,OREO VANILLA 110.4/105G,76.702075,0.6,2.0,48.021245,PRICED_E1_shortage_ratio_OREO VANILLA 110.4/105G_T57_1,1.0
CG_LT,57,,MM BIEN HOA,MM DA NANG,OREO VANILLA 110.4/105G,10.497972,0.6,0.273734,6.572517,PRICED_E1_shortage_ratio_OREO VANILLA 110.4/105G_T57_3,0.136867
CG_LT,57,,MM HIEP PHU,MM AN PHU,OREO VANILLA 110.4/105G,20.51919,0.6,0.273734,12.585248,PRICED_E1_shortage_ratio_OREO VANILLA 110.4/105G_T57_3,0.136867
CG_LT,58,,MM BIEN HOA,MM AN PHU,OREO VANILLA 110.4/105G,8.860265,0.6,0.078908,5.395068,PRICED_E1_shortage_ratio_OREO VANILLA 110.4/105G_T58_5,0.039454
CG_LT,58,,MM BINH DUONG,MM DA NANG,OREO VANILLA 110.4/105G,3.11617,0.6,0.078908,1.94861,PRICED_E1_shortage_ratio_OREO VANILLA 110.4/105G_T58_5,0.039454
CG_LT,59,,MM BIEN HOA,MM AN PHU,OREO VANILLA 110.4/105G,15.806826,0.6,0.1315,9.615596,PRICED_E1_shortage_ratio_OREO VANILLA 110.4/105G_T59_5,0.06575
CG_LT,59,,MM BINH DUONG,MM DA NANG,OREO VANILLA 110.4/105G,5.770222,0.6,0.1315,3.593633,PRICED_E1_shortage_ratio_OREO VANILLA 110.4/105G_T59_5,0.06575
CG_LT,5,,MM BINH DUONG,MM DA NANG,OREO VANILLA 110.4/105G,2.510567,0.6,0.142222,1.648562,PRICED_E1_shortage_ratio_OREO VANILLA 110.4/105G_T5_1,0.071111
CG_LT,5,,MM HIEP PHU,MM AN PHU,OREO VANILLA 110.4/105G,5.116085,0.6,0.142222,3.211873,PRICED_E1_shortage_ratio_OREO VANILLA 110.4/105G_T5_1,0.071111
CG_LT,5,,MM HIEP PHU,MM DA NANG,OREO VANILLA 110.4/105G,2.119707,0.6,0.142222,1.414046,PRICED_E1_shortage_ratio_OREO VANILLA 110.4/105G_T5_1,0.071111
CG_LT,5,,MM BINH DUONG,MM AN PHU,OREO VANILLA 110.4/105G,35.304905,0.6,2.0,23.182943,PRICED_E1_shortage_ratio_OREO VANILLA 110.4/105G_T5_2,1.0
CG_LT,5,,MM BINH PHU,MM AN PHU,OREO VANILLA 110.4/105G,27.580604,0.6,2.0,18.548362,PRICED_E1_shortage_ratio_OREO VANILLA 110.4/105G_T5_2,1.0
CG_LT,5,,MM HIEP PHU,MM AN PHU,OREO VANILLA 110.4/105G,7.195563,0.6,2.0,6.317338,PRICED_E1_shortage_ratio_OREO VANILLA 110.4/105G_T5_2,1.0
CG_LT,5,,MM HIEP PHU,MM DA NANG,OREO VANILLA 110.4/105G,94.557934,0.6,2.0,58.73476,PRICED_E1_shortage_ratio_OREO VANILLA 110.4/105G_T5_2,1.0
CG_LT,60,,MM BIEN HOA,MM AN PHU,OREO VANILLA 110.4/105G,144.833757,0.6,2.0,88.900254,PRICED_E1_shortage_ratio_OREO VANILLA 110.4/105G_T60_1,1.0
CG_LT,60,,MM BIEN HOA,MM DA NANG,OREO VANILLA 110.4/105G,114.493473,0.6,2.0,70.696084,PRICED_E1_shortage_ratio_OREO VANILLA 110.4/105G_T60_1,1.0
CG_LT,60,,MM BIEN HOA,MM DA NANG,OREO VANILLA 110.4/105G,8.226527,0.6,0.143703,5.079619,PRICED_E1_shortage_ratio_OREO VANILLA 110.4/105G_T60_3,0.071851
CG_LT,60,,MM HIEP PHU,MM AN PHU,OREO VANILLA 110.4/105G,10.406522,0.6,0.143703,6.387616,PRICED_E1_shortage_ratio_OREO VANILLA 110.4/105G_T60_3,0.071851
CG_LT,61,,MM BIEN HOA,MM AN PHU,OREO VANILLA 110.4/105G,62.467144,0.6,2.0,39.480286,PRICED_E1_shortage_ratio_OREO VANILLA 110.4/105G_T61_2,1.0
CG_LT,61,,MM BINH DUONG,MM DA NANG,OREO VANILLA 110.4/105G,81.789797,0.6,2.0,51.073878,PRICED_E1_shortage_ratio_OREO VANILLA 110.4/105G_T61_2,1.0
CG_LT,61,,MM BIEN HOA,MM AN PHU,OREO VANILLA 110.4/105G,9.917134,0.6,0.317515,6.267796,PRICED_E1_shortage_ratio_OREO VANILLA 110.4/105G_T61_3,0.158758
CG_LT,61,,MM HIEP PHU,MM DA NANG,OREO VANILLA 110.4/105G,12.984752,0.6,0.317515,8.108366,PRICED_E1_shortage_ratio_OREO VANILLA 110.4/105G_T61_3,0.158758
CG_LT,62,,MM BIEN HOA,MM AN PHU,OREO VANILLA 110.4/105G,2.483027,0.6,0.056214,1.54603,PRICED_E1_shortage_ratio_OREO VANILLA 110.4/105G_T62_2,0.028107
CG_LT,62,,MM HIEP PHU,MM DA NANG,OREO VANILLA 110.4/105G,7.32877,0.6,0.056214,4.453476,PRICED_E1_shortage_ratio_OREO VANILLA 110.4/105G_T62_2,0.028107
CG_LT,62,,MM BIEN HOA,MM DA NANG,OREO VANILLA 110.4/105G,260.744757,0.6,2.0,158.446854,PRICED_E1_shortage_ratio_OREO VANILLA 110.4/105G_T62_5,1.0
CG_LT,62,,MM BINH DUONG,MM AN PHU,OREO VANILLA 110.4/105G,88.341734,0.6,2.0,55.00504,PRICED_E1_shortage_ratio_OREO VANILLA 110.4/105G_T62_5,1.0
CG_LT,63,,MM BIEN HOA,MM DA NANG,OREO VANILLA 110.4/105G,261.081675,0.6,2.0,158.649005,PRICED_E1_shortage_ratio_OREO VANILLA 110.4/105G_T63_2,1.0
CG_LT,63,,MM HIEP PHU,MM AN PHU,OREO VANILLA 110.4/105G,270.207522,0.6,2.0,164.124513,PRICED_E1_shortage_ratio_OREO VANILLA 110.4/105G_T63_2,1.0
CG_LT,64,,MM BIEN HOA,MM DA NANG,OREO VANILLA 110.4/105G,6.951325,0.6,0.142615,4.31341,PRICED_E1_shortage_ratio_OREO VANILLA 110.4/105G_T64_2,0.071308
CG_LT,64,,MM HIEP PHU,MM AN PHU,OREO VANILLA 110.4/105G,21.059151,0.6,0.142615,12.778106,PRICED_E1_shortage_ratio_OREO VANILLA 110.4/105G_T64_2,0.071308
CG_LT,65,,MM BIEN HOA,MM AN PHU,OREO VANILLA 110.4/105G,33.75513,0.6,0.329516,20.582594,PRICED_E1_shortage_ratio_OREO VANILLA 110.4/105G_T65_5,0.164758
CG_LT,65,,MM BINH DUONG,MM DA NANG,OREO VANILLA 110.4/105G,21.199606,0.6,0.329516,13.04928,PRICED_E1_shortage_ratio_OREO VANILLA 110.4/105G_T65_5,0.164758
CG_LT,66,,MM BIEN HOA,MM BINH PHU,OREO VANILLA 110.4/105G,1.916327,0.6,0.067928,1.217724,PRICED_E1_shortage_ratio_OREO VANILLA 110.4/105G_T66_2,0.033964
CG_LT,66,,MM HIEP PHU,MM AN PHU,OREO VANILLA 110.4/105G,10.784577,0.6,0.067928,6.538675,PRICED_E1_shortage_ratio_OREO VANILLA 110.4/105G_T66_2,0.033964
CG_LT,66,,MM BIEN HOA,MM AN PHU,OREO VANILLA 110.4/105G,317.528665,0.6,2.0,192.517199,PRICED_E1_shortage_ratio_OREO VANILLA 110.4/105G_T66_5,1.0
CG_LT,66,,MM BINH DUONG,MM BINH PHU,OREO VANILLA 110.4/105G,56.42212,0.6,2.0,35.853272,PRICED_E1_shortage_ratio_OREO VANILLA 110.4/105G_T66_5,1.0
CG_LT,67,,MM BIEN HOA,MM DA NANG,OREO VANILLA 110.4/105G,3.970199,0.6,0.128098,2.510218,PRICED_E1_shortage_ratio_OREO VANILLA 110.4/105G_T67_2,0.064049
CG_LT,67,,MM HIEP PHU,MM AN PHU,OREO VANILLA 110.4/105G,15.437874,0.6,0.128098,9.390823,PRICED_E1_shortage_ratio_OREO VANILLA 110.4/105G_T67_2,0.064049
CG_LT,67,,MM BIEN HOA,MM AN PHU,OREO VANILLA 110.4/105G,241.031327,0.6,2.0,146.618796,PRICED_E1_shortage_ratio_OREO VANILLA 110.4/105G_T67_5,1.0
CG_LT,67,,MM BINH DUONG,MM DA NANG,OREO VANILLA 110.4/105G,61.986673,0.6,2.0,39.192004,PRICED_E1_shortage_ratio_OREO VANILLA 110.4/105G_T67_5,1.0
CG_LT,68,,MM BIEN HOA,MM AN PHU,OREO VANILLA 110.4/105G,23.726676,0.6,2.0,16.236005,PRICED_E1_shortage_ratio_OREO VANILLA 110.4/105G_T68_1,1.0
CG_LT,68,,MM BIEN HOA,MM DA NANG,OREO VANILLA 110.4/105G,84.736688,0.6,2.0,52.842013,PRICED_E1_shortage_ratio_OREO VANILLA 110.4/105G_T68_1,1.0
CG_LT,68,,MM BIEN HOA,MM AN PHU,OREO VANILLA 110.4/105G,8.108428,0.6,0.683486,5.548543,PRICED_E1_shortage_ratio_OREO VANILLA 110.4/105G_T68_3,0.341743
CG_LT,68,,MM HIEP PHU,MM DA NANG,OREO VANILLA 110.4/105G,28.958181,0.6,0.683486,18.058395,PRICED_E1_shortage_ratio_OREO VANILLA 110.4/105G_T68_3,0.341743
CG_LT,69,,MM BIEN HOA,MM DA NANG,OREO VANILLA 110.4/105G,77.879123,0.6,2.0,48.727474,PRICED_E1_shortage_ratio_OREO VANILLA 110.4/105G_T69_2,1.0
CG_LT,69,,MM BINH DUONG,MM AN PHU,OREO VANILLA 110.4/105G,128.223332,0.6,2.0,78.933999,PRICED_E1_shortage_ratio_OREO VANILLA 110.4/105G_T69_2,1.0
CG_LT,69,,MM BIEN HOA,MM DA NANG,OREO VANILLA 110.4/105G,12.226254,0.6,0.31398,7.649732,PRICED_E1_shortage_ratio_OREO VANILLA 110.4/105G_T69_3,0.15699
CG_LT,69,,MM HIEP PHU,MM AN PHU,OREO VANILLA 110.4/105G,20.129798,0.6,0.31398,12.391859,PRICED_E1_shortage_ratio_OREO VANILLA 110.4/105G_T69_3,0.15699
CG_LT,6,,MM BINH DUONG,MM AN PHU,OREO VANILLA 110.4/105G,0.918047,0.6,2.0,2.550828,PRICED_E1_shortage_ratio_OREO VANILLA 110.4/105G_T6_2,1.0
CG_LT,70,,MM BIEN HOA,MM DA NANG,OREO VANILLA 110.4/105G,16.689129,0.6,0.314659,10.328137,PRICED_E1_shortage_ratio_OREO VANILLA 110.4/105G_T70_2,0.15733
CG_LT,70,,MM HIEP PHU,MM AN PHU,OREO VANILLA 110.4/105G,27.716698,0.6,0.314659,16.944678,PRICED_E1_shortage_ratio_OREO VANILLA 110.4/105G_T70_2,0.15733
CG_LT,70,,MM BIEN HOA,MM AN PHU,OREO VANILLA 110.4/105G,176.169544,0.6,2.0,107.701726,PRICED_E1_shortage_ratio_OREO VANILLA 110.4/105G_T70_5,1.0
CG_LT,70,,MM BINH DUONG,MM DA NANG,OREO VANILLA 110.4/105G,106.077439,0.6,2.0,65.646463,PRICED_E1_shortage_ratio_OREO VANILLA 110.4/105G_T70_5,1.0
CG_LT,71,,MM BIEN HOA,MM AN PHU,OREO VANILLA 110.4/105G,177.422839,0.6,2.0,108.453703,PRICED_E1_shortage_ratio_OREO VANILLA 110.4/105G_T71_1,1.0
CG_LT,71,,MM BIEN HOA,MM DA NANG,OREO VANILLA 110.4/105G,162.645063,0.6,2.0,99.587038,PRICED_E1_shortage_ratio_OREO VANILLA 110.4/105G_T71_1,1.0
CG_LT,71,,MM BIEN HOA,MM AN PHU,OREO VANILLA 110.4/105G,14.783634,0.6,0.166649,9.036829,PRICED_E1_shortage_ratio_OREO VANILLA 110.4/105G_T71_3,0.083324
CG_LT,71,,MM HIEP PHU,MM DA NANG,OREO VANILLA 110.4/105G,13.552286,0.6,0.166649,8.29802,PRICED_E1_shortage_ratio_OREO VANILLA 110.4/105G_T71_3,0.083324
CG_LT,72,,MM BIEN HOA,MM AN PHU,OREO VANILLA 110.4/105G,160.06969,0.6,2.0,98.041814,PRICED_E1_shortage_ratio_OREO VANILLA 110.4/105G_T72_1,1.0
CG_LT,72,,MM BIEN HOA,MM DA NANG,OREO VANILLA 110.4/105G,129.056873,0.6,2.0,79.434124,PRICED_E1_shortage_ratio_OREO VANILLA 110.4/105G_T72_1,1.0
CG_LT,72,,MM BIEN HOA,MM DA NANG,OREO VANILLA 110.4/105G,18.029147,0.6,0.279398,11.096887,PRICED_E1_shortage_ratio_OREO VANILLA 110.4/105G_T72_2,0.139699
CG_LT,72,,MM HIEP PHU,MM AN PHU,OREO VANILLA 110.4/105G,22.361614,0.6,0.279398,13.696367,PRICED_E1_shortage_ratio_OREO VANILLA 110.4/105G_T72_2,0.139699
CG_LT,73,,MM BIEN HOA,MM AN PHU,OREO VANILLA 110.4/105G,24.470836,0.6,0.424908,15.10741,PRICED_E1_shortage_ratio_OREO VANILLA 110.4/105G_T73_1,0.212454
CG_LT,73,,MM BIEN HOA,MM DA NANG,OREO VANILLA 110.4/105G,22.431796,0.6,0.424908,13.883986,PRICED_E1_shortage_ratio_OREO VANILLA 110.4/105G_T73_1,0.212454
CG_LT,73,,MM BIEN HOA,MM DA NANG,OREO VANILLA 110.4/105G,105.584204,0.6,2.0,65.350522,PRICED_E1_shortage_ratio_OREO VANILLA 110.4/105G_T73_2,1.0
CG_LT,73,,MM BINH DUONG,MM AN PHU,OREO VANILLA 110.4/105G,115.18176,0.6,2.0,71.109056,PRICED_E1_shortage_ratio_OREO VANILLA 110.4/105G_T73_2,1.0
CG_LT,74,,MM BIEN HOA,MM AN PHU,OREO VANILLA 110.4/105G,1.230315,0.6,0.02695,0.765139,PRICED_E1_shortage_ratio_OREO VANILLA 110.4/105G_T74_2,0.013475
CG_LT,74,,MM BINH DUONG,MM DA NANG,OREO VANILLA 110.4/105G,1.642465,0.6,0.02695,1.012429,PRICED_E1_shortage_ratio_OREO VANILLA 110.4/105G_T74_2,0.013475
CG_LT,74,,MM BIEN HOA,MM AN PHU,OREO VANILLA 110.4/105G,91.304652,0.6,2.0,56.782791,PRICED_E1_shortage_ratio_OREO VANILLA 110.4/105G_T74_3,1.0
CG_LT,74,,MM HIEP PHU,MM DA NANG,OREO VANILLA 110.4/105G,121.891273,0.6,2.0,75.134764,PRICED_E1_shortage_ratio_OREO VANILLA 110.4/105G_T74_3,1.0
CG_LT,75,,MM BIEN HOA,MM AN PHU,OREO VANILLA 110.4/105G,4.092563,0.6,0.321343,2.776881,PRICED_E1_shortage_ratio_OREO VANILLA 110.4/105G_T75_1,0.160671
CG_LT,75,,MM BIEN HOA,MM DA NANG,OREO VANILLA 110.4/105G,18.622656,0.6,0.321343,11.494936,PRICED_E1_shortage_ratio_OREO VANILLA 110.4/105G_T75_1,0.160671
CG_LT,75,,MM BIEN HOA,MM AN PHU,OREO VANILLA 110.4/105G,25.471658,0.6,2.0,17.282995,PRICED_E1_shortage_ratio_OREO VANILLA 110.4/105G_T75_3,1.0
CG_LT,75,,MM HIEP PHU,MM DA NANG,OREO VANILLA 110.4/105G,115.905331,0.6,2.0,71.543198,PRICED_E1_shortage_ratio_OREO VANILLA 110.4/105G_T75_3,1.0
CG_LT,76,,MM BIEN HOA,MM AN PHU,OREO VANILLA 110.4/105G,14.506859,0.6,1.029997,9.734112,PRICED_E1_shortage_ratio_OREO VANILLA 110.4/105G_T76_1,0.514999
CG_LT,76,,MM BINH DUONG,MM AN PHU,OREO VANILLA 110.4/105G,28.168736,0.6,2.0,18.901242,PRICED_E1_shortage_ratio_OREO VANILLA 110.4/105G_T76_2,1.0
CG_LT,77,,MM BIEN HOA,MM AN PHU,OREO VANILLA 110.4/105G,51.976928,0.6,2.0,33.186157,PRICED_E1_shortage_ratio_OREO VANILLA 110.4/105G_T77_1,1.0
CG_LT,77,,MM BINH DUONG,MM AN PHU,OREO VANILLA 110.4/105G,18.861735,0.6,0.725773,12.042815,PRICED_E1_shortage_ratio_OREO VANILLA 110.4/105G_T77_2,0.362887
CG_LT,78,,MM BIEN HOA,MM AN PHU,OREO VANILLA 110.4/105G,48.226117,0.6,2.0,30.93567,PRICED_E1_shortage_ratio_OREO VANILLA 110.4/105G_T78_1,1.0
CG_LT,78,,MM BIEN HOA,MM DA NANG,OREO VANILLA 110.4/105G,71.119395,0.6,2.0,44.671637,PRICED_E1_shortage_ratio_OREO VANILLA 110.4/105G_T78_1,1.0
CG_LT,78,,MM BIEN HOA,MM AN PHU,OREO VANILLA 110.4/105G,27.211238,0.6,1.128486,17.455228,PRICED_E1_shortage_ratio_OREO VANILLA 110.4/105G_T78_3,0.564243
CG_LT,78,,MM BINH PHU,MM DA NANG,OREO VANILLA 110.4/105G,40.128605,0.6,1.128486,25.205648,PRICED_E1_shortage_ratio_OREO VANILLA 110.4/105G_T78_3,0.564243
CG_LT,79,,MM BIEN HOA,MM AN PHU,OREO VANILLA 110.4/105G,43.577693,0.6,2.0,28.146616,PRICED_E1_shortage_ratio_OREO VANILLA 110.4/105G_T79_1,1.0
CG_LT,79,,MM BIEN HOA,MM DA NANG,OREO VANILLA 110.4/105G,136.776135,0.6,2.0,84.065681,PRICED_E1_shortage_ratio_OREO VANILLA 110.4/105G_T79_1,1.0
CG_LT,79,,MM BIEN HOA,MM AN PHU,OREO VANILLA 110.4/105G,9.073805,0.6,0.416443,5.860726,PRICED_E1_shortage_ratio_OREO VANILLA 110.4/105G_T79_3,0.208221
CG_LT,79,,MM HIEP PHU,MM DA NANG,OREO VANILLA 110.4/105G,28.479708,0.6,0.416443,17.504267,PRICED_E1_shortage_ratio_OREO VANILLA 110.4/105G_T79_3,0.208221
CG_LT,7,,MM BINH PHU,MM AN PHU,OREO VANILLA 110.4/105G,118.716536,0.6,1.991475,73.221396,PRICED_E1_shortage_ratio_OREO VANILLA 110.4/105G_T7_2,0.995737
CG_LT,7,,MM BINH PHU,MM BIEN HOA,OREO VANILLA 110.4/105G,53.090654,0.6,1.991475,33.845867,PRICED_E1_shortage_ratio_OREO VANILLA 110.4/105G_T7_2,0.995737
CG_LT,7,,MM DA NANG,MM AN PHU,OREO VANILLA 110.4/105G,34.875675,0.6,1.991475,22.91688,PRICED_E1_shortage_ratio_OREO VANILLA 110.4/105G_T7_2,0.995737
CG_LT,7,,MM HIEP PHU,MM AN PHU,OREO VANILLA 110.4/105G,75.554717,0.6,1.991475,47.324305,PRICED_E1_shortage_ratio_OREO VANILLA 110.4/105G_T7_2,0.995737
CG_LT,80,,MM BIEN HOA,MM DA NANG,OREO VANILLA 110.4/105G,58.87891,0.6,2.0,37.327346,PRICED_E1_shortage_ratio_OREO VANILLA 110.4/105G_T80_2,1.0
CG_LT,80,,MM BINH DUONG,MM AN PHU,OREO VANILLA 110.4/105G,62.852475,0.6,2.0,39.711485,PRICED_E1_shortage_ratio_OREO VANILLA 110.4/105G_T80_2,1.0
CG_LT,80,,MM BIEN HOA,MM DA NANG,OREO VANILLA 110.4/105G,33.505593,0.6,1.138119,21.241475,PRICED_E1_shortage_ratio_OREO VANILLA 110.4/105G_T80_3,0.569059
CG_LT,80,,MM BINH PHU,MM AN PHU,OREO VANILLA 110.4/105G,35.766788,0.6,1.138119,22.598191,PRICED_E1_shortage_ratio_OREO VANILLA 110.4/105G_T80_3,0.569059
CG_LT,81,,MM BIEN HOA,MM AN PHU,OREO VANILLA 110.4/105G,157.330565,0.6,2.0,96.398339,PRICED_E1_shortage_ratio_OREO VANILLA 110.4/105G_T81_1,1.0
CG_LT,81,,MM BIEN HOA,MM DA NANG,OREO VANILLA 110.4/105G,3.123091,0.6,2.0,3.873855,PRICED_E1_shortage_ratio_OREO VANILLA 110.4/105G_T81_1,1.0
CG_LT,81,,MM BIEN HOA,MM DA NANG,OREO VANILLA 110.4/105G,0.033834,0.6,0.021667,0.041968,PRICED_E1_shortage_ratio_OREO VANILLA 110.4/105G_T81_3,0.010834
CG_LT,81,,MM BINH PHU,MM AN PHU,OREO VANILLA 110.4/105G,1.704448,0.6,0.021667,1.044336,PRICED_E1_shortage_ratio_OREO VANILLA 110.4/105G_T81_3,0.010834
CG_LT,82,,MM BIEN HOA,MM AN PHU,OREO VANILLA 110.4/105G,198.123848,0.6,2.0,120.874309,PRICED_E1_shortage_ratio_OREO VANILLA 110.4/105G_T82_1,1.0
CG_LT,82,,MM BINH DUONG,MM AN PHU,OREO VANILLA 110.4/105G,13.113907,0.6,0.132381,8.000725,PRICED_E1_shortage_ratio_OREO VANILLA 110.4/105G_T82_2,0.06619
CG_LT,83,,MM BIEN HOA,MM AN PHU,OREO VANILLA 110.4/105G,136.354585,0.6,2.0,83.812751,PRICED_E1_shortage_ratio_OREO VANILLA 110.4/105G_T83_1,1.0
CG_LT,83,,MM BINH DUONG,MM AN PHU,OREO VANILLA 110.4/105G,30.125937,0.6,0.441876,18.517439,PRICED_E1_shortage_ratio_OREO VANILLA 110.4/105G_T83_2,0.220938
CG_LT,84,,MM BIEN HOA,MM AN PHU,OREO VANILLA 110.4/105G,186.269669,0.6,2.0,113.761802,PRICED_E1_shortage_ratio_OREO VANILLA 110.4/105G_T84_1,1.0
CG_LT,84,,MM HIEP PHU,MM AN PHU,OREO VANILLA 110.4/105G,12.233748,0.6,0.131355,7.471604,PRICED_E1_shortage_ratio_OREO VANILLA 110.4/105G_T84_3,0.065678
CG_LT,85,,MM BIEN HOA,MM AN PHU,OREO VANILLA 110.4/105G,124.664209,0.6,2.0,76.798526,PRICED_E1_shortage_ratio_OREO VANILLA 110.4/105G_T85_1,1.0
CG_LT,85,,MM BIEN HOA,MM DA NANG,OREO VANILLA 110.4/105G,20.66754,0.6,2.0,14.400524,PRICED_E1_shortage_ratio_OREO VANILLA 110.4/105G_T85_1,1.0
CG_LT,85,,MM BIEN HOA,MM DA NANG,OREO VANILLA 110.4/105G,1.225301,0.6,0.118572,0.853753,PRICED_E1_shortage_ratio_OREO VANILLA 110.4/105G_T85_2,0.059286
CG_LT,85,,MM BINH DUONG,MM AN PHU,OREO VANILLA 110.4/105G,7.390872,0.6,0.118572,4.553095,PRICED_E1_shortage_ratio_OREO VANILLA 110.4/105G_T85_2,0.059286
CG_LT,86,,MM BIEN HOA,MM AN PHU,OREO VANILLA 110.4/105G,23.844708,0.6,0.678995,14.98582,PRICED_E1_shortage_ratio_OREO VANILLA 110.4/105G_T86_1,0.339498
CG_LT,86,,MM BIEN HOA,MM DA NANG,OREO VANILLA 110.4/105G,8.011887,0.6,0.678995,5.486127,PRICED_E1_shortage_ratio_OREO VANILLA 110.4/105G_T86_1,0.339498
CG_LT,86,,MM BIEN HOA,MM DA NANG,OREO VANILLA 110.4/105G,23.599248,0.6,2.0,16.159549,PRICED_E1_shortage_ratio_OREO VANILLA 110.4/105G_T86_2,1.0
CG_LT,86,,MM BINH DUONG,MM AN PHU,OREO VANILLA 110.4/105G,70.235292,0.6,2.0,44.141175,PRICED_E1_shortage_ratio_OREO VANILLA 110.4/105G_T86_2,1.0
CG_LT,87,,MM BIEN HOA,MM AN PHU,OREO VANILLA 110.4/105G,91.214834,0.6,2.0,56.728901,PRICED_E1_shortage_ratio_OREO VANILLA 110.4/105G_T87_1,1.0
CG_LT,87,,MM BIEN HOA,MM DA NANG,OREO VANILLA 110.4/105G,16.214505,0.6,2.0,11.728703,PRICED_E1_shortage_ratio_OREO VANILLA 110.4/105G_T87_1,1.0
CG_LT,87,,MM BIEN HOA,MM DA NANG,OREO VANILLA 110.4/105G,2.097739,0.6,0.258748,1.517392,PRICED_E1_shortage_ratio_OREO VANILLA 110.4/105G_T87_3,0.129374
CG_LT,87,,MM BINH PHU,MM AN PHU,OREO VANILLA 110.4/105G,11.800849,0.6,0.258748,7.339258,PRICED_E1_shortage_ratio_OREO VANILLA 110.4/105G_T87_3,0.129374
CG_LT,88,,MM BIEN HOA,MM DA NANG,OREO VANILLA 110.4/105G,0.091292,0.6,0.18732,0.242095,PRICED_E1_shortage_ratio_OREO VANILLA 110.4/105G_T88_2,0.09366
CG_LT,88,,MM BINH DUONG,MM AN PHU,OREO VANILLA 110.4/105G,8.536734,0.6,0.18732,5.30936,PRICED_E1_shortage_ratio_OREO VANILLA 110.4/105G_T88_2,0.09366
CG_LT,88,,MM BIEN HOA,MM DA NANG,OREO VANILLA 110.4/105G,0.974717,0.6,2.0,2.58483,PRICED_E1_shortage_ratio_OREO VANILLA 110.4/105G_T88_3,1.0
CG_LT,88,,MM BINH PHU,MM AN PHU,OREO VANILLA 110.4/105G,91.146024,0.6,2.0,56.687614,PRICED_E1_shortage_ratio_OREO VANILLA 110.4/105G_T88_3,1.0
CG_LT,89,,MM BIEN HOA,MM AN PHU,OREO VANILLA 110.4/105G,54.2392,0.6,2.0,34.54352,PRICED_E1_shortage_ratio_OREO VANILLA 110.4/105G_T89_1,1.0
CG_LT,89,,MM BINH PHU,MM AN PHU,OREO VANILLA 110.4/105G,17.798667,0.6,0.656303,11.335503,PRICED_E1_shortage_ratio_OREO VANILLA 110.4/105G_T89_3,0.328151
CG_LT,8,,MM BINH PHU,MM AN PHU,OREO VANILLA 110.4/105G,156.742521,0.6,2.0,96.045513,PRICED_E1_shortage_ratio_OREO VANILLA 110.4/105G_T8_1,1.0
CG_LT,8,,MM HIEP PHU,MM AN PHU,OREO VANILLA 110.4/105G,86.751928,0.6,2.0,54.051157,PRICED_E1_shortage_ratio_OREO VANILLA 110.4/105G_T8_1,1.0
CG_LT,90,,MM BIEN HOA,MM AN PHU,OREO VANILLA 110.4/105G,136.633246,0.6,2.0,83.979947,PRICED_E1_shortage_ratio_OREO VANILLA 110.4/105G_T90_1,1.0
CG_LT,90,,MM BIEN HOA,MM DA NANG,OREO VANILLA 110.4/105G,124.532929,0.6,2.0,76.719757,PRICED_E1_shortage_ratio_OREO VANILLA 110.4/105G_T90_1,1.0
CG_LT,90,,MM BIEN HOA,MM DA NANG,OREO VANILLA 110.4/105G,40.699071,0.6,0.653627,25.07307,PRICED_E1_shortage_ratio_OREO VANILLA 110.4/105G_T90_3,0.326814
CG_LT,90,,MM BINH PHU,MM AN PHU,OREO VANILLA 110.4/105G,44.653621,0.6,0.653627,27.4458,PRICED_E1_shortage_ratio_OREO VANILLA 110.4/105G_T90_3,0.326814
CG_LT,91,,MM BIEN HOA,MM AN PHU,OREO VANILLA 110.4/105G,122.080014,0.6,2.0,75.248008,PRICED_E1_shortage_ratio_OREO VANILLA 110.4/105G_T91_1,1.0
CG_LT,91,,MM BIEN HOA,MM DA NANG,OREO VANILLA 110.4/105G,139.451901,0.6,2.0,85.671141,PRICED_E1_shortage_ratio_OREO VANILLA 110.4/105G_T91_1,1.0
CG_LT,91,,MM BIEN HOA,MM AN PHU,OREO VANILLA 110.4/105G,14.215986,0.6,0.232896,8.762488,PRICED_E1_shortage_ratio_OREO VANILLA 110.4/105G_T91_3,0.116448
CG_LT,91,,MM BINH PHU,MM DA NANG,OREO VANILLA 110.4/105G,16.23891,0.6,0.232896,9.976242,PRICED_E1_shortage_ratio_OREO VANILLA 110.4/105G_T91_3,0.116448
CG_LT,92,,MM BIEN HOA,MM AN PHU,OREO VANILLA 110.4/105G,137.925696,0.6,2.0,84.755418,PRICED_E1_shortage_ratio_OREO VANILLA 110.4/105G_T92_1,1.0
CG_LT,92,,MM BINH PHU,MM AN PHU,OREO VANILLA 110.4/105G,3.94925,0.6,0.057266,2.426816,PRICED_E1_shortage_ratio_OREO VANILLA 110.4/105G_T92_2,0.028633
CG_LT,93,,MM BIEN HOA,MM AN PHU,OREO VANILLA 110.4/105G,16.955513,0.6,0.222485,10.395793,PRICED_E1_shortage_ratio_OREO VANILLA 110.4/105G_T93_1,0.111243
CG_LT,93,,MM BIEN HOA,MM DA NANG,OREO VANILLA 110.4/105G,2.541313,0.6,0.222485,1.747273,PRICED_E1_shortage_ratio_OREO VANILLA 110.4/105G_T93_1,0.111243
CG_LT,93,,MM BIEN HOA,MM DA NANG,OREO VANILLA 110.4/105G,22.84477,0.6,2.0,15.706862,PRICED_E1_shortage_ratio_OREO VANILLA 110.4/105G_T93_2,1.0
CG_LT,93,,MM BINH PHU,MM AN PHU,OREO VANILLA 110.4/105G,152.419158,0.6,2.0,93.451495,PRICED_E1_shortage_ratio_OREO VANILLA 110.4/105G_T93_2,1.0
CG_LT,94,,MM BIEN HOA,MM AN PHU,OREO VANILLA 110.4/105G,180.332478,0.6,2.0,110.199487,PRICED_E1_shortage_ratio_OREO VANILLA 110.4/105G_T94_1,1.0
CG_LT,94,,MM BIEN HOA,MM DA NANG,OREO VANILLA 110.4/105G,37.769577,0.6,2.0,24.661746,PRICED_E1_shortage_ratio_OREO VANILLA 110.4/105G_T94_1,1.0
CG_LT,94,,MM BIEN HOA,MM DA NANG,OREO VANILLA 110.4/105G,6.117407,0.6,0.323933,3.994377,PRICED_E1_shortage_ratio_OREO VANILLA 110.4/105G_T94_3,0.161967
CG_LT,94,,MM HIEP PHU,MM AN PHU,OREO VANILLA 110.4/105G,29.207825,0.6,0.323933,17.848628,PRICED_E1_shortage_ratio_OREO VANILLA 110.4/105G_T94_3,0.161967
CG_LT,95,,MM BIEN HOA,MM DA NANG,OREO VANILLA 110.4/105G,3.227117,0.6,0.239381,2.175651,PRICED_E1_shortage_ratio_OREO VANILLA 110.4/105G_T95_2,0.119691
CG_LT,95,,MM BINH PHU,MM AN PHU,OREO VANILLA 110.4/105G,15.226323,0.6,0.239381,9.375176,PRICED_E1_shortage_ratio_OREO VANILLA 110.4/105G_T95_2,0.119691
CG_LT,95,,MM BIEN HOA,MM AN PHU,OREO VANILLA 110.4/105G,127.21387,0.6,2.0,78.328322,PRICED_E1_shortage_ratio_OREO VANILLA 110.4/105G_T95_5,1.0
CG_LT,95,,MM BINH DUONG,MM DA NANG,OREO VANILLA 110.4/105G,26.962122,0.6,2.0,18.177273,PRICED_E1_shortage_ratio_OREO VANILLA 110.4/105G_T95_5,1.0
CG_LT,96,,MM BIEN HOA,MM AN PHU,OREO VANILLA 110.4/105G,30.886906,0.6,0.832796,19.36494,PRICED_E1_shortage_ratio_OREO VANILLA 110.4/105G_T96_1,0.416398
CG_LT,96,,MM BIEN HOA,MM DA NANG,OREO VANILLA 110.4/105G,29.635918,0.6,0.832796,18.614347,PRICED_E1_shortage_ratio_OREO VANILLA 110.4/105G_T96_1,0.416398
CG_LT,96,,MM BIEN HOA,MM AN PHU,OREO VANILLA 110.4/105G,74.176391,0.6,2.0,46.505835,PRICED_E1_shortage_ratio_OREO VANILLA 110.4/105G_T96_2,1.0
CG_LT,96,,MM BINH DUONG,MM DA NANG,OREO VANILLA 110.4/105G,71.172082,0.6,2.0,44.703249,PRICED_E1_shortage_ratio_OREO VANILLA 110.4/105G_T96_2,1.0
CG_LT,97,,MM BIEN HOA,MM AN PHU,OREO VANILLA 110.4/105G,22.636707,0.6,0.27244,13.854464,PRICED_E1_shortage_ratio_OREO VANILLA 110.4/105G_T97_1,0.13622
CG_LT,97,,MM BIEN HOA,MM DA NANG,OREO VANILLA 110.4/105G,7.522845,0.6,0.27244,4.786147,PRICED_E1_shortage_ratio_OREO VANILLA 110.4/105G_T97_1,0.13622
CG_LT,97,,MM BIEN HOA,MM DA NANG,OREO VANILLA 110.4/105G,55.225697,0.6,2.0,35.135418,PRICED_E1_shortage_ratio_OREO VANILLA 110.4/105G_T97_2,1.0
CG_LT,97,,MM BINH PHU,MM AN PHU,OREO VANILLA 110.4/105G,166.177535,0.6,2.0,101.706521,PRICED_E1_shortage_ratio_OREO VANILLA 110.4/105G_T97_2,1.0
CG_LT,98,,MM BIEN HOA,MM AN PHU,OREO VANILLA 110.4/105G,203.919331,0.6,2.0,124.351599,PRICED_E1_shortage_ratio_OREO VANILLA 110.4/105G_T98_1,1.0
CG_LT,98,,MM BINH PHU,MM AN PHU,OREO VANILLA 110.4/105G,19.439713,0.6,0.190661,11.854488,PRICED_E1_shortage_ratio_OREO VANILLA 110.4/105G_T98_2,0.09533
CG_LT,99,,MM BIEN HOA,MM AN PHU,OREO VANILLA 110.4/105G,253.51523,0.6,2.0,154.109138,PRICED_E1_shortage_ratio_OREO VANILLA 110.4/105G_T99_1,1.0
CG_LT,99,,MM BIEN HOA,MM DA NANG,OREO VANILLA 110.4/105G,24.316326,0.6,2.0,16.589795,PRICED_E1_shortage_ratio_OREO VANILLA 110.4/105G_T99_1,1.0
CG_LT,99,,MM BIEN HOA,MM DA NANG,OREO VANILLA 110.4/105G,1.09998,0.6,0.090473,0.750461,PRICED_E1_shortage_ratio_OREO VANILLA 110.4/105G_T99_2,0.045236
CG_LT,99,,MM BINH PHU,MM AN PHU,OREO VANILLA 110.4/105G,11.468087,0.6,0.090473,6.971325,PRICED_E1_shortage_ratio_OREO VANILLA 110.4/105G_T99_2,0.045236
CG_LT,9,,MM BINH PHU,MM AN PHU,OREO VANILLA 110.4/105G,106.574985,0.6,2.0,65.944991,PRICED_E1_shortage_ratio_OREO VANILLA 110.4/105G_T9_1,1.0
CG_LT,9,,MM BINH PHU,MM BIEN HOA,OREO VANILLA 110.4/105G,16.728759,0.6,2.0,12.037255,PRICED_E1_shortage_ratio_OREO VANILLA 110.4/105G_T9_1,1.0
CG_LT,9,,MM BINH PHU,MM DA NANG,OREO VANILLA 110.4/105G,25.742992,0.6,2.0,17.445795,PRICED_E1_shortage_ratio_OREO VANILLA 110.4/105G_T9_1,1.0
CG_LT,9,,MM BINH PHU,MM AN PHU,OREO VANILLA 110.4/105G,4.570043,0.6,0.085762,2.827788,PRICED_E1_shortage_ratio_OREO VANILLA 110.4/105G_T9_4,0.042881
CG_LT,9,,MM BINH PHU,MM DA NANG,OREO VANILLA 110.4/105G,1.103885,0.6,0.085762,0.748093,PRICED_E1_shortage_ratio_OREO VANILLA 110.4/105G_T9_4,0.042881
CG_LT,9,,MM HIEP PHU,MM BIEN HOA,OREO VANILLA 110.4/105G,0.717346,0.6,0.085762,0.51617,PRICED_E1_shortage_ratio_OREO VANILLA 110.4/105G_T9_4,0.042881
CG_LT,100,,MM HIEP PHU,MM AN PHU,AN RICE CRACKER SEAWEED 111.3G,10.666939,0.6,0.136141,6.536304,PRICED_E1_surplus_ratio_AN RICE CRACKER SEAWEED 111.3G_T100_1,0.06807
CG_LT,100,,MM HIEP PHU,MM BINH PHU,AN RICE CRACKER SEAWEED 111.3G,5.222219,0.6,0.136141,3.269472,PRICED_E1_surplus_ratio_AN RICE CRACKER SEAWEED 111.3G_T100_1,0.06807
CG_LT,107,,MM BINH DUONG,MM AN PHU,AN RICE CRACKER SEAWEED 111.3G,21.820362,0.6,0.156126,13.248343,PRICED_E1_surplus_ratio_AN RICE CRACKER SEAWEED 111.3G_T107_2,0.078063
CG_LT,107,,MM DA NANG,MM AN PHU,AN RICE CRACKER SEAWEED 111.3G,3.722692,0.6,0.156126,2.389741,PRICED_E1_surplus_ratio_AN RICE CRACKER SEAWEED 111.3G_T107_2,0.078063
CG_LT,107,,MM HIEP PHU,MM BINH PHU,AN RICE CRACKER SEAWEED 111.3G,6.808714,0.6,0.156126,4.241354,PRICED_E1_surplus_ratio_AN RICE CRACKER SEAWEED 111.3G_T107_2,0.078063
CG_LT,112,,MM BINH DUONG,MM AN PHU,AN RICE CRACKER SEAWEED 111.3G,18.691491,0.6,0.173004,11.387898,PRICED_E1_surplus_ratio_AN RICE CRACKER SEAWEED 111.3G_T112_2,0.086502
CG_LT,112,,MM DA NANG,MM BINH PHU,AN RICE CRACKER SEAWEED 111.3G,17.125478,0.6,0.173004,10.448291,PRICED_E1_surplus_ratio_AN RICE CRACKER SEAWEED 111.3G_T112_2,0.086502
CG_LT,114,,MM BINH DUONG,MM BINH PHU,AN RICE CRACKER SEAWEED 111.3G,25.840037,0.6,2.0,17.504022,PRICED_E1_surplus_ratio_AN RICE CRACKER SEAWEED 111.3G_T114_5,1.0
CG_LT,114,,MM DA NANG,MM HIEP PHU,AN RICE CRACKER SEAWEED 111.3G,246.503261,0.6,2.0,149.901957,PRICED_E1_surplus_ratio_AN RICE CRACKER SEAWEED 111.3G_T114_5,1.0
CG_LT,11,,MM HIEP PHU,MM AN PHU,AN RICE CRACKER SEAWEED 111.3G,141.932588,0.6,2.0,87.159553,PRICED_E1_surplus_ratio_AN RICE CRACKER SEAWEED 111.3G_T11_1,1.0
CG_LT,11,,MM HIEP PHU,MM DA NANG,AN RICE CRACKER SEAWEED 111.3G,42.593298,0.6,2.0,27.555979,PRICED_E1_surplus_ratio_AN RICE CRACKER SEAWEED 111.3G_T11_1,1.0
CG_LT,12,,MM HIEP PHU,MM AN PHU,AN RICE CRACKER SEAWEED 111.3G,2.122218,0.6,0.396626,1.669956,PRICED_E1_surplus_ratio_AN RICE CRACKER SEAWEED 111.3G_T12_1,0.198313
CG_LT,12,,MM HIEP PHU,MM BINH DUONG,AN RICE CRACKER SEAWEED 111.3G,3.91292,0.6,0.396626,2.744377,PRICED_E1_surplus_ratio_AN RICE CRACKER SEAWEED 111.3G_T12_1,0.198313
CG_LT,12,,MM HIEP PHU,MM DA NANG,AN RICE CRACKER SEAWEED 111.3G,4.420063,0.6,0.396626,3.048663,PRICED_E1_surplus_ratio_AN RICE CRACKER SEAWEED 111.3G_T12_1,0.198313
CG_LT,12,,MM BIEN HOA,MM BINH DUONG,AN RICE CRACKER SEAWEED 111.3G,19.731054,0.6,2.0,13.838632,PRICED_E1_surplus_ratio_AN RICE CRACKER SEAWEED 111.3G_T12_4,1.0
CG_LT,12,,MM HIEP PHU,MM AN PHU,AN RICE CRACKER SEAWEED 111.3G,10.701367,0.6,2.0,8.42082,PRICED_E1_surplus_ratio_AN RICE CRACKER SEAWEED 111.3G_T12_4,1.0
CG_LT,12,,MM HIEP PHU,MM DA NANG,AN RICE CRACKER SEAWEED 111.3G,22.288343,0.6,2.0,15.373006,PRICED_E1_surplus_ratio_AN RICE CRACKER SEAWEED 111.3G_T12_4,1.0
CG_LT,130,,MM DA NANG,MM AN PHU,AN RICE CRACKER SEAWEED 111.3G,9.350788,0.6,2.0,7.610473,PRICED_E1_surplus_ratio_AN RICE CRACKER SEAWEED 111.3G_T130_1,1.0
CG_LT,130,,MM DA NANG,MM BINH PHU,AN RICE CRACKER SEAWEED 111.3G,5.651455,0.6,2.0,5.390873,PRICED_E1_surplus_ratio_AN RICE CRACKER SEAWEED 111.3G_T130_1,1.0
CG_LT,130,,MM DA NANG,MM HIEP PHU,AN RICE CRACKER SEAWEED 111.3G,19.844357,0.6,2.0,13.906614,PRICED_E1_surplus_ratio_AN RICE CRACKER SEAWEED 111.3G_T130_1,1.0
CG_LT,133,,MM HIEP PHU,MM AN PHU,AN RICE CRACKER SEAWEED 111.3G,38.863464,0.6,1.361657,24.679736,PRICED_E1_surplus_ratio_AN RICE CRACKER SEAWEED 111.3G_T133_1,0.680829
CG_LT,133,,MM HIEP PHU,MM BINH PHU,AN RICE CRACKER SEAWEED 111.3G,7.74753,0.6,1.361657,6.010175,PRICED_E1_surplus_ratio_AN RICE CRACKER SEAWEED 111.3G_T133_1,0.680829
CG_LT,137,,MM HIEP PHU,MM AN PHU,AN RICE CRACKER SEAWEED 111.3G,71.153782,0.6,2.0,44.692269,PRICED_E1_surplus_ratio_AN RICE CRACKER SEAWEED 111.3G_T137_1,1.0
CG_LT,137,,MM HIEP PHU,MM BINH PHU,AN RICE CRACKER SEAWEED 111.3G,7.498417,0.6,2.0,6.49905,PRICED_E1_surplus_ratio_AN RICE CRACKER SEAWEED 111.3G_T137_1,1.0
CG_LT,137,,MM HIEP PHU,MM DA NANG,AN RICE CRACKER SEAWEED 111.3G,26.73862,0.6,2.0,18.043172,PRICED_E1_surplus_ratio_AN RICE CRACKER SEAWEED 111.3G_T137_1,1.0
CG_LT,147,,MM HIEP PHU,MM AN PHU,AN RICE CRACKER SEAWEED 111.3G,99.240217,0.6,2.0,61.54413,PRICED_E1_surplus_ratio_AN RICE CRACKER SEAWEED 111.3G_T147_1,1.0
CG_LT,147,,MM HIEP PHU,MM BINH DUONG,AN RICE CRACKER SEAWEED 111.3G,66.063157,0.6,2.0,41.637894,PRICED_E1_surplus_ratio_AN RICE CRACKER SEAWEED 111.3G_T147_1,1.0
CG_LT,147,,MM HIEP PHU,MM BINH PHU,AN RICE CRACKER SEAWEED 111.3G,19.659247,0.6,2.0,13.795548,PRICED_E1_surplus_ratio_AN RICE CRACKER SEAWEED 111.3G_T147_1,1.0
CG_LT,36,,MM HIEP PHU,MM AN PHU,AN RICE CRACKER SEAWEED 111.3G,18.979463,0.6,0.338904,11.726582,PRICED_E1_surplus_ratio_AN RICE CRACKER SEAWEED 111.3G_T36_1,0.169452
CG_LT,36,,MM HIEP PHU,MM DA NANG,AN RICE CRACKER SEAWEED 111.3G,3.434836,0.6,0.338904,2.399805,PRICED_E1_surplus_ratio_AN RICE CRACKER SEAWEED 111.3G_T36_1,0.169452
CG_LT,37,,MM HIEP PHU,MM AN PHU,AN RICE CRACKER SEAWEED 111.3G,116.18355,0.6,2.0,71.71013,PRICED_E1_surplus_ratio_AN RICE CRACKER SEAWEED 111.3G_T37_1,1.0
CG_LT,37,,MM HIEP PHU,MM BINH PHU,AN RICE CRACKER SEAWEED 111.3G,18.064341,0.6,2.0,12.838604,PRICED_E1_surplus_ratio_AN RICE CRACKER SEAWEED 111.3G_T37_1,1.0
CG_LT,37,,MM HIEP PHU,MM DA NANG,AN RICE CRACKER SEAWEED 111.3G,64.370592,0.6,2.0,40.622355,PRICED_E1_surplus_ratio_AN RICE CRACKER SEAWEED 111.3G_T37_1,1.0
CG_LT,38,,MM HIEP PHU,MM AN PHU,AN RICE CRACKER SEAWEED 111.3G,124.343714,0.6,2.0,76.606228,PRICED_E1_surplus_ratio_AN RICE CRACKER SEAWEED 111.3G_T38_1,1.0
CG_LT,38,,MM HIEP PHU,MM BINH PHU,AN RICE CRACKER SEAWEED 111.3G,29.877701,0.6,2.0,19.92662,PRICED_E1_surplus_ratio_AN RICE CRACKER SEAWEED 111.3G_T38_1,1.0
CG_LT,38,,MM HIEP PHU,MM DA NANG,AN RICE CRACKER SEAWEED 111.3G,51.592505,0.6,2.0,32.955503,PRICED_E1_surplus_ratio_AN RICE CRACKER SEAWEED 111.3G_T38_1,1.0
CG_LT,39,,MM HIEP PHU,MM AN PHU,AN RICE CRACKER SEAWEED 111.3G,121.121815,0.6,2.0,74.673089,PRICED_E1_surplus_ratio_AN RICE CRACKER SEAWEED 111.3G_T39_1,1.0
CG_LT,39,,MM HIEP PHU,MM BINH PHU,AN RICE CRACKER SEAWEED 111.3G,6.661274,0.6,2.0,5.996764,PRICED_E1_surplus_ratio_AN RICE CRACKER SEAWEED 111.3G_T39_1,1.0
CG_LT,39,,MM HIEP PHU,MM DA NANG,AN RICE CRACKER SEAWEED 111.3G,53.150678,0.6,2.0,33.890407,PRICED_E1_surplus_ratio_AN RICE CRACKER SEAWEED 111.3G_T39_1,1.0
CG_LT,40,,MM HIEP PHU,MM AN PHU,AN RICE CRACKER SEAWEED 111.3G,88.916533,0.6,2.0,55.34992,PRICED_E1_surplus_ratio_AN RICE CRACKER SEAWEED 111.3G_T40_1,1.0
CG_LT,40,,MM HIEP PHU,MM BINH PHU,AN RICE CRACKER SEAWEED 111.3G,0.487144,0.6,2.0,2.292286,PRICED_E1_surplus_ratio_AN RICE CRACKER SEAWEED 111.3G_T40_1,1.0
CG_LT,40,,MM HIEP PHU,MM DA NANG,AN RICE CRACKER SEAWEED 111.3G,59.421417,0.6,2.0,37.65285,PRICED_E1_surplus_ratio_AN RICE CRACKER SEAWEED 111.3G_T40_1,1.0
CG_LT,49,,MM HIEP PHU,MM AN PHU,AN RICE CRACKER SEAWEED 111.3G,241.304865,0.6,2.0,146.782919,PRICED_E1_surplus_ratio_AN RICE CRACKER SEAWEED 111.3G_T49_1,1.0
CG_LT,49,,MM HIEP PHU,MM BINH PHU,AN RICE CRACKER SEAWEED 111.3G,49.717001,0.6,2.0,31.830201,PRICED_E1_surplus_ratio_AN RICE CRACKER SEAWEED 111.3G_T49_1,1.0
CG_LT,50,,MM BINH DUONG,MM BINH PHU,AN RICE CRACKER SEAWEED 111.3G,81.811727,0.6,2.0,51.087036,PRICED_E1_surplus_ratio_AN RICE CRACKER SEAWEED 111.3G_T50_4,1.0
CG_LT,50,,MM HIEP PHU,MM AN PHU,AN RICE CRACKER SEAWEED 111.3G,344.138049,0.6,2.0,208.482829,PRICED_E1_surplus_ratio_AN RICE CRACKER SEAWEED 111.3G_T50_4,1.0
CG_LT,50,,MM HIEP PHU,MM DA NANG,AN RICE CRACKER SEAWEED 111.3G,70.688654,0.6,2.0,44.413193,PRICED_E1_surplus_ratio_AN RICE CRACKER SEAWEED 111.3G_T50_4,1.0
CG_LT,51,,MM HIEP PHU,MM AN PHU,AN RICE CRACKER SEAWEED 111.3G,448.705497,0.6,2.0,271.223298,PRICED_E1_surplus_ratio_AN RICE CRACKER SEAWEED 111.3G_T51_1,1.0
CG_LT,51,,MM HIEP PHU,MM BINH PHU,AN RICE CRACKER SEAWEED 111.3G,124.676044,0.6,2.0,76.805626,PRICED_E1_surplus_ratio_AN RICE CRACKER SEAWEED 111.3G_T51_1,1.0
CG_LT,52,,MM HIEP PHU,MM AN PHU,AN RICE CRACKER SEAWEED 111.3G,283.322863,0.6,2.0,171.993718,PRICED_E1_surplus_ratio_AN RICE CRACKER SEAWEED 111.3G_T52_1,1.0
CG_LT,52,,MM HIEP PHU,MM BINH PHU,AN RICE CRACKER SEAWEED 111.3G,98.785071,0.6,2.0,61.271043,PRICED_E1_surplus_ratio_AN RICE CRACKER SEAWEED 111.3G_T52_1,1.0
CG_LT,52,,MM HIEP PHU,MM DA NANG,AN RICE CRACKER SEAWEED 111.3G,65.543858,0.6,2.0,41.326315,PRICED_E1_surplus_ratio_AN RICE CRACKER SEAWEED 111.3G_T52_1,1.0
CG_LT,58,,MM HIEP PHU,MM AN PHU,AN RICE CRACKER SEAWEED 111.3G,154.068456,0.6,2.0,94.441074,PRICED_E1_surplus_ratio_AN RICE CRACKER SEAWEED 111.3G_T58_1,1.0
CG_LT,58,,MM HIEP PHU,MM BINH PHU,AN RICE CRACKER SEAWEED 111.3G,26.392437,0.6,2.0,17.835462,PRICED_E1_surplus_ratio_AN RICE CRACKER SEAWEED 111.3G_T58_1,1.0
CG_LT,58,,MM HIEP PHU,MM DA NANG,AN RICE CRACKER SEAWEED 111.3G,9.937838,0.6,2.0,7.962703,PRICED_E1_surplus_ratio_AN RICE CRACKER SEAWEED 111.3G_T58_1,1.0
CG_LT,59,,MM HIEP PHU,MM AN PHU,AN RICE CRACKER SEAWEED 111.3G,117.233797,0.6,2.0,72.340278,PRICED_E1_surplus_ratio_AN RICE CRACKER SEAWEED 111.3G_T59_1,1.0
CG_LT,59,,MM HIEP PHU,MM DA NANG,AN RICE CRACKER SEAWEED 111.3G,30.350862,0.6,2.0,20.210517,PRICED_E1_surplus_ratio_AN RICE CRACKER SEAWEED 111.3G_T59_1,1.0
CG_LT,62,,MM HIEP PHU,MM AN PHU,AN RICE CRACKER SEAWEED 111.3G,57.579241,0.6,2.0,36.547544,PRICED_E1_surplus_ratio_AN RICE CRACKER SEAWEED 111.3G_T62_1,1.0
CG_LT,62,,MM HIEP PHU,MM BINH PHU,AN RICE CRACKER SEAWEED 111.3G,25.279031,0.6,2.0,17.167419,PRICED_E1_surplus_ratio_AN RICE CRACKER SEAWEED 111.3G_T62_1,1.0
CG_LT,62,,MM HIEP PHU,MM DA NANG,AN RICE CRACKER SEAWEED 111.3G,153.087419,0.6,2.0,93.852451,PRICED_E1_surplus_ratio_AN RICE CRACKER SEAWEED 111.3G_T62_1,1.0
CG_LT,63,,MM HIEP PHU,MM AN PHU,AN RICE CRACKER SEAWEED 111.3G,6.049802,0.6,0.181322,3.811204,PRICED_E1_surplus_ratio_AN RICE CRACKER SEAWEED 111.3G_T63_1,0.090661
CG_LT,63,,MM HIEP PHU,MM DA NANG,AN RICE CRACKER SEAWEED 111.3G,11.391359,0.6,0.181322,7.016137,PRICED_E1_surplus_ratio_AN RICE CRACKER SEAWEED 111.3G_T63_1,0.090661
CG_LT,63,,MM BINH DUONG,MM DA NANG,AN RICE CRACKER SEAWEED 111.3G,125.647791,0.6,2.0,77.388674,PRICED_E1_surplus_ratio_AN RICE CRACKER SEAWEED 111.3G_T63_2,1.0
CG_LT,63,,MM HIEP PHU,MM AN PHU,AN RICE CRACKER SEAWEED 111.3G,66.729908,0.6,2.0,42.037945,PRICED_E1_surplus_ratio_AN RICE CRACKER SEAWEED 111.3G_T63_2,1.0
CG_LT,70,,MM HIEP PHU,MM AN PHU,AN RICE CRACKER SEAWEED 111.3G,280.1841,0.6,2.0,170.11046,PRICED_E1_surplus_ratio_AN RICE CRACKER SEAWEED 111.3G_T70_1,1.0
CG_LT,70,,MM HIEP PHU,MM BINH PHU,AN RICE CRACKER SEAWEED 111.3G,6.623654,0.6,2.0,5.974192,PRICED_E1_surplus_ratio_AN RICE CRACKER SEAWEED 111.3G_T70_1,1.0
CG_LT,70,,MM HIEP PHU,MM DA NANG,AN RICE CRACKER SEAWEED 111.3G,65.374508,0.6,2.0,41.224705,PRICED_E1_surplus_ratio_AN RICE CRACKER SEAWEED 111.3G_T70_1,1.0
CG_LT,81,,MM HIEP PHU,MM AN PHU,AN RICE CRACKER SEAWEED 111.3G,71.387892,0.6,2.0,44.832735,PRICED_E1_surplus_ratio_AN RICE CRACKER SEAWEED 111.3G_T81_1,1.0
CG_LT,81,,MM HIEP PHU,MM DA NANG,AN RICE CRACKER SEAWEED 111.3G,46.928343,0.6,2.0,30.157006,PRICED_E1_surplus_ratio_AN RICE CRACKER SEAWEED 111.3G_T81_1,1.0
CG_LT,97,,MM HIEP PHU,MM AN PHU,AN RICE CRACKER SEAWEED 111.3G,17.41439,0.6,0.177805,10.626439,PRICED_E1_surplus_ratio_AN RICE CRACKER SEAWEED 111.3G_T97_1,0.088903
CG_LT,97,,MM HIEP PHU,MM DA NANG,AN RICE CRACKER SEAWEED 111.3G,13.961215,0.6,0.177805,8.554534,PRICED_E1_surplus_ratio_AN RICE CRACKER SEAWEED 111.3G_T97_1,0.088903
CG_LT,97,,MM BINH DUONG,MM AN PHU,AN RICE CRACKER SEAWEED 111.3G,195.88161,0.6,2.0,119.528966,PRICED_E1_surplus_ratio_AN RICE CRACKER SEAWEED 111.3G_T97_2,1.0
CG_LT,97,,MM HIEP PHU,MM DA NANG,AN RICE CRACKER SEAWEED 111.3G,157.039401,0.6,2.0,96.223641,PRICED_E1_surplus_ratio_AN RICE CRACKER SEAWEED 111.3G_T97_2,1.0
CG_LT,98,,MM HIEP PHU,MM AN PHU,AN RICE CRACKER SEAWEED 111.3G,210.698656,0.6,2.0,128.419194,PRICED_E1_surplus_ratio_AN RICE CRACKER SEAWEED 111.3G_T98_1,1.0
CG_LT,98,,MM HIEP PHU,MM DA NANG,AN RICE CRACKER SEAWEED 111.3G,76.375348,0.6,2.0,47.825209,PRICED_E1_surplus_ratio_AN RICE CRACKER SEAWEED 111.3G_T98_1,1.0
CG_LT,99,,MM HIEP PHU,MM AN PHU,AN RICE CRACKER SEAWEED 111.3G,35.308893,0.6,0.36443,21.549766,PRICED_E1_surplus_ratio_AN RICE CRACKER SEAWEED 111.3G_T99_1,0.182215
CG_LT,99,,MM HIEP PHU,MM DA NANG,AN RICE CRACKER SEAWEED 111.3G,15.856969,0.6,0.36443,9.878612,PRICED_E1_surplus_ratio_AN RICE CRACKER SEAWEED 111.3G_T99_1,0.182215
CG_LT,99,,MM BINH DUONG,MM AN PHU,AN RICE CRACKER SEAWEED 111.3G,186.532631,0.6,1.925242,113.84482,PRICED_E1_surplus_ratio_AN RICE CRACKER SEAWEED 111.3G_T99_2,0.962621
CG_LT,99,,MM HIEP PHU,MM DA NANG,AN RICE CRACKER SEAWEED 111.3G,83.770459,0.6,1.925242,52.187517,PRICED_E1_surplus_ratio_AN RICE CRACKER SEAWEED 111.3G_T99_2,0.962621
CG_LT,106,,MM BINH DUONG,MM BINH PHU,BANH GAO AN TAO BIEN 174.9G,14.02443,0.6,0.392641,8.807299,PRICED_E1_surplus_ratio_BANH GAO AN TAO BIEN 174.9G_T106_1,0.19632
CG_LT,106,,MM BINH DUONG,MM HIEP PHU,BANH GAO AN TAO BIEN 174.9G,9.475989,0.6,0.392641,6.078234,PRICED_E1_surplus_ratio_BANH GAO AN TAO BIEN 174.9G_T106_1,0.19632
CG_LT,106,,MM BIEN HOA,MM HIEP PHU,BANH GAO AN TAO BIEN 174.9G,48.268011,0.6,2.0,30.960806,PRICED_E1_surplus_ratio_BANH GAO AN TAO BIEN 174.9G_T106_2,1.0
CG_LT,106,,MM BINH DUONG,MM BINH PHU,BANH GAO AN TAO BIEN 174.9G,71.436483,0.6,2.0,44.86189,PRICED_E1_surplus_ratio_BANH GAO AN TAO BIEN 174.9G_T106_2,1.0
CG_LT,108,,MM BINH DUONG,MM AN PHU,BANH GAO AN TAO BIEN 174.9G,2.123027,0.6,0.311885,1.585701,PRICED_E1_surplus_ratio_BANH GAO AN TAO BIEN 174.9G_T108_1,0.155942
CG_LT,108,,MM BINH DUONG,MM HIEP PHU,BANH GAO AN TAO BIEN 174.9G,9.173765,0.6,0.311885,5.816144,PRICED_E1_surplus_ratio_BANH GAO AN TAO BIEN 174.9G_T108_1,0.155942
CG_LT,108,,MM BIEN HOA,MM HIEP PHU,BANH GAO AN TAO BIEN 174.9G,58.82791,0.6,2.0,37.296746,PRICED_E1_surplus_ratio_BANH GAO AN TAO BIEN 174.9G_T108_2,1.0
CG_LT,108,,MM BINH DUONG,MM AN PHU,BANH GAO AN TAO BIEN 174.9G,13.614173,0.6,2.0,10.168504,PRICED_E1_surplus_ratio_BANH GAO AN TAO BIEN 174.9G_T108_2,1.0
CG_LT,112,,MM BINH DUONG,MM AN PHU,BANH GAO AN TAO BIEN 174.9G,52.662176,0.6,2.0,33.597306,PRICED_E1_surplus_ratio_BANH GAO AN TAO BIEN 174.9G_T112_1,1.0
CG_LT,112,,MM BINH DUONG,MM DA NANG,BANH GAO AN TAO BIEN 174.9G,5.76,0.6,2.0,5.456,PRICED_E1_surplus_ratio_BANH GAO AN TAO BIEN 174.9G_T112_1,1.0
CG_LT,112,,MM BINH DUONG,MM HIEP PHU,BANH GAO AN TAO BIEN 174.9G,5.815158,0.6,2.0,5.489095,PRICED_E1_surplus_ratio_BANH GAO AN TAO BIEN 174.9G_T112_1,1.0
CG_LT,129,,MM BIEN HOA,MM AN PHU,BANH GAO AN TAO BIEN 174.9G,112.891102,0.6,2.0,69.734661,PRICED_E1_surplus_ratio_BANH GAO AN TAO BIEN 174.9G_T129_5,1.0
CG_LT,129,,MM BINH DUONG,MM DA NANG,BANH GAO AN TAO BIEN 174.9G,68.425557,0.6,2.0,43.055334,PRICED_E1_surplus_ratio_BANH GAO AN TAO BIEN 174.9G_T129_5,1.0
CG_LT,21,,MM BIEN HOA,MM DA NANG,BANH GAO AN TAO BIEN 174.9G,13.093212,0.6,0.397238,8.253165,PRICED_E1_surplus_ratio_BANH GAO AN TAO BIEN 174.9G_T21_4,0.198619
CG_LT,21,,MM HIEP PHU,MM BINH DUONG,BANH GAO AN TAO BIEN 174.9G,3.196495,0.6,0.397238,2.315135,PRICED_E1_surplus_ratio_BANH GAO AN TAO BIEN 174.9G_T21_4,0.198619
CG_LT,21,,MM HIEP PHU,MM BINH PHU,BANH GAO AN TAO BIEN 174.9G,21.02725,0.6,0.397238,13.013588,PRICED_E1_surplus_ratio_BANH GAO AN TAO BIEN 174.9G_T21_4,0.198619
CG_LT,21,,MM HIEP PHU,MM DA NANG,BANH GAO AN TAO BIEN 174.9G,2.134227,0.6,0.397238,1.677774,PRICED_E1_surplus_ratio_BANH GAO AN TAO BIEN 174.9G_T21_4,0.198619
CG_LT,26,,MM HIEP PHU,MM AN PHU,BANH GAO AN TAO BIEN 174.9G,77.649541,0.6,2.0,48.589724,PRICED_E1_surplus_ratio_BANH GAO AN TAO BIEN 174.9G_T26_1,1.0
CG_LT,26,,MM HIEP PHU,MM BINH PHU,BANH GAO AN TAO BIEN 174.9G,135.704642,0.6,2.0,83.422785,PRICED_E1_surplus_ratio_BANH GAO AN TAO BIEN 174.9G_T26_1,1.0
CG_LT,26,,MM HIEP PHU,MM DA NANG,BANH GAO AN TAO BIEN 174.9G,23.646894,0.6,2.0,16.188136,PRICED_E1_surplus_ratio_BANH GAO AN TAO BIEN 174.9G_T26_1,1.0
CG_LT,28,,MM HIEP PHU,MM BINH DUONG,BANH GAO AN TAO BIEN 174.9G,1.804545,0.6,0.24965,1.332377,PRICED_E1_surplus_ratio_BANH GAO AN TAO BIEN 174.9G_T28_1,0.124825
CG_LT,28,,MM HIEP PHU,MM BINH PHU,BANH GAO AN TAO BIEN 174.9G,1.194464,0.6,0.24965,0.966328,PRICED_E1_surplus_ratio_BANH GAO AN TAO BIEN 174.9G_T28_1,0.124825
CG_LT,28,,MM HIEP PHU,MM DA NANG,BANH GAO AN TAO BIEN 174.9G,5.775016,0.6,0.24965,3.714659,PRICED_E1_surplus_ratio_BANH GAO AN TAO BIEN 174.9G_T28_1,0.124825
CG_LT,34,,MM HIEP PHU,MM BIEN HOA,BANH GAO AN TAO BIEN 174.9G,50.046354,0.6,2.0,32.027812,PRICED_E1_surplus_ratio_BANH GAO AN TAO BIEN 174.9G_T34_1,1.0
CG_LT,34,,MM HIEP PHU,MM BINH PHU,BANH GAO AN TAO BIEN 174.9G,24.811076,0.6,2.0,16.886646,PRICED_E1_surplus_ratio_BANH GAO AN TAO BIEN 174.9G_T34_1,1.0
CG_LT,34,,MM HIEP PHU,MM DA NANG,BANH GAO AN TAO BIEN 174.9G,9.868241,0.6,2.0,7.920944,PRICED_E1_surplus_ratio_BANH GAO AN TAO BIEN 174.9G_T34_1,1.0
CG_LT,41,,MM HIEP PHU,MM AN PHU,BANH GAO AN TAO BIEN 174.9G,89.36296,0.6,2.0,55.617776,PRICED_E1_surplus_ratio_BANH GAO AN TAO BIEN 174.9G_T41_1,1.0
CG_LT,41,,MM HIEP PHU,MM BINH PHU,BANH GAO AN TAO BIEN 174.9G,12.969736,0.6,2.0,9.781842,PRICED_E1_surplus_ratio_BANH GAO AN TAO BIEN 174.9G_T41_1,1.0
CG_LT,51,,MM HIEP PHU,MM BINH PHU,BANH GAO AN TAO BIEN 174.9G,15.538163,0.6,2.0,11.322898,PRICED_E1_surplus_ratio_BANH GAO AN TAO BIEN 174.9G_T51_1,1.0
CG_LT,51,,MM HIEP PHU,MM DA NANG,BANH GAO AN TAO BIEN 174.9G,16.683681,0.6,2.0,12.010209,PRICED_E1_surplus_ratio_BANH GAO AN TAO BIEN 174.9G_T51_1,1.0
CG_LT,55,,MM HIEP PHU,MM AN PHU,BANH GAO AN TAO BIEN 174.9G,266.130886,0.6,2.0,161.678532,PRICED_E1_surplus_ratio_BANH GAO AN TAO BIEN 174.9G_T55_1,1.0
CG_LT,55,,MM HIEP PHU,MM BINH PHU,BANH GAO AN TAO BIEN 174.9G,4.871397,0.6,2.0,4.922838,PRICED_E1_surplus_ratio_BANH GAO AN TAO BIEN 174.9G_T55_1,1.0
CG_LT,55,,MM HIEP PHU,MM DA NANG,BANH GAO AN TAO BIEN 174.9G,16.277707,0.6,2.0,11.766624,PRICED_E1_surplus_ratio_BANH GAO AN TAO BIEN 174.9G_T55_1,1.0
CG_LT,63,,MM HIEP PHU,MM AN PHU,BANH GAO AN TAO BIEN 174.9G,19.078479,0.6,0.480122,11.927209,PRICED_E1_surplus_ratio_BANH GAO AN TAO BIEN 174.9G_T63_1,0.240061
CG_LT,63,,MM HIEP PHU,MM BINH PHU,BANH GAO AN TAO BIEN 174.9G,14.222562,0.6,0.480122,9.013659,PRICED_E1_surplus_ratio_BANH GAO AN TAO BIEN 174.9G_T63_1,0.240061
CG_LT,63,,MM HIEP PHU,MM DA NANG,BANH GAO AN TAO BIEN 174.9G,25.338633,0.6,0.480122,15.683301,PRICED_E1_surplus_ratio_BANH GAO AN TAO BIEN 174.9G_T63_1,0.240061
CG_LT,63,,MM BINH DUONG,MM DA NANG,BANH GAO AN TAO BIEN 174.9G,105.550889,0.6,2.0,65.330534,PRICED_E1_surplus_ratio_BANH GAO AN TAO BIEN 174.9G_T63_2,1.0
CG_LT,63,,MM HIEP PHU,MM AN PHU,BANH GAO AN TAO BIEN 174.9G,79.473521,0.6,2.0,49.684113,PRICED_E1_surplus_ratio_BANH GAO AN TAO BIEN 174.9G_T63_2,1.0
CG_LT,63,,MM HIEP PHU,MM BINH PHU,BANH GAO AN TAO BIEN 174.9G,59.245659,0.6,2.0,37.547396,PRICED_E1_surplus_ratio_BANH GAO AN TAO BIEN 174.9G_T63_2,1.0
CG_LT,64,,MM HIEP PHU,MM AN PHU,BANH GAO AN TAO BIEN 174.9G,34.950441,0.6,0.503754,21.474019,PRICED_E1_surplus_ratio_BANH GAO AN TAO BIEN 174.9G_T64_1,0.251877
CG_LT,64,,MM HIEP PHU,MM BINH PHU,BANH GAO AN TAO BIEN 174.9G,40.534437,0.6,0.503754,24.824416,PRICED_E1_surplus_ratio_BANH GAO AN TAO BIEN 174.9G_T64_1,0.251877
CG_LT,64,,MM HIEP PHU,MM DA NANG,BANH GAO AN TAO BIEN 174.9G,17.501345,0.6,0.503754,11.004561,PRICED_E1_surplus_ratio_BANH GAO AN TAO BIEN 174.9G_T64_1,0.251877
CG_LT,64,,MM BINH DUONG,MM AN PHU,BANH GAO AN TAO BIEN 174.9G,138.760021,0.6,2.0,85.256013,PRICED_E1_surplus_ratio_BANH GAO AN TAO BIEN 174.9G_T64_4,1.0
CG_LT,64,,MM HIEP PHU,MM BINH PHU,BANH GAO AN TAO BIEN 174.9G,160.929563,0.6,2.0,98.557738,PRICED_E1_surplus_ratio_BANH GAO AN TAO BIEN 174.9G_T64_4,1.0
CG_LT,64,,MM HIEP PHU,MM DA NANG,BANH GAO AN TAO BIEN 174.9G,69.483728,0.6,2.0,43.690237,PRICED_E1_surplus_ratio_BANH GAO AN TAO BIEN 174.9G_T64_4,1.0
CG_LT,65,,MM BINH DUONG,MM BINH PHU,BANH GAO AN TAO BIEN 174.9G,14.183039,0.6,0.204424,8.714247,PRICED_E1_surplus_ratio_BANH GAO AN TAO BIEN 174.9G_T65_4,0.102212
CG_LT,65,,MM HIEP PHU,MM AN PHU,BANH GAO AN TAO BIEN 174.9G,25.826382,0.6,0.204424,15.700253,PRICED_E1_surplus_ratio_BANH GAO AN TAO BIEN 174.9G_T65_4,0.102212
CG_LT,65,,MM HIEP PHU,MM BINH PHU,BANH GAO AN TAO BIEN 174.9G,3.811995,0.6,0.204424,2.491621,PRICED_E1_surplus_ratio_BANH GAO AN TAO BIEN 174.9G_T65_4,0.102212
CG_LT,65,,MM HIEP PHU,MM DA NANG,BANH GAO AN TAO BIEN 174.9G,5.967542,0.6,0.204424,3.784949,PRICED_E1_surplus_ratio_BANH GAO AN TAO BIEN 174.9G_T65_4,0.102212
CG_LT,66,,MM BINH DUONG,MM AN PHU,BANH GAO AN TAO BIEN 174.9G,204.931021,0.6,2.0,124.958613,PRICED_E1_surplus_ratio_BANH GAO AN TAO BIEN 174.9G_T66_2,1.0
CG_LT,66,,MM HIEP PHU,MM BINH PHU,BANH GAO AN TAO BIEN 174.9G,41.537997,0.6,2.0,26.922798,PRICED_E1_surplus_ratio_BANH GAO AN TAO BIEN 174.9G_T66_2,1.0
CG_LT,66,,MM HIEP PHU,MM DA NANG,BANH GAO AN TAO BIEN 174.9G,39.473762,0.6,2.0,25.684257,PRICED_E1_surplus_ratio_BANH GAO AN TAO BIEN 174.9G_T66_2,1.0
CG_LT,7,,MM BINH PHU,MM BIEN HOA,BANH GAO AN TAO BIEN 174.9G,13.92944,0.6,2.0,10.357664,PRICED_E1_surplus_ratio_BANH GAO AN TAO BIEN 174.9G_T7_1,1.0
CG_LT,7,,MM BINH PHU,MM DA NANG,BANH GAO AN TAO BIEN 174.9G,13.803314,0.6,2.0,10.281988,PRICED_E1_surplus_ratio_BANH GAO AN TAO BIEN 174.9G_T7_1,1.0
CG_LT,7,,MM BINH PHU,MM HIEP PHU,BANH GAO AN TAO BIEN 174.9G,3.405245,0.6,2.0,4.043147,PRICED_E1_surplus_ratio_BANH GAO AN TAO BIEN 174.9G_T7_1,1.0
CG_LT,137,,MM BIEN HOA,MM DA NANG,OREO VANILLA 110.4/105G,175.358839,0.6,2.0,107.215304,PRICED_E1_surplus_ratio_OREO VANILLA 110.4/105G_T137_4,1.0
CG_LT,137,,MM HIEP PHU,MM AN PHU,OREO VANILLA 110.4/105G,167.642381,0.6,2.0,102.585428,PRICED_E1_surplus_ratio_OREO VANILLA 110.4/105G_T137_4,1.0
CG_LT,138,,MM BIEN HOA,MM DA NANG,OREO VANILLA 110.4/105G,169.496848,0.6,2.0,103.698109,PRICED_E1_surplus_ratio_OREO VANILLA 110.4/105G_T138_4,1.0
CG_LT,138,,MM HIEP PHU,MM AN PHU,OREO VANILLA 110.4/105G,87.601177,0.6,2.0,54.560706,PRICED_E1_surplus_ratio_OREO VANILLA 110.4/105G_T138_4,1.0
CG_LT,147,,MM BIEN HOA,MM DA NANG,OREO VANILLA 110.4/105G,29.673324,0.6,0.406822,18.210816,PRICED_E1_surplus_ratio_OREO VANILLA 110.4/105G_T147_4,0.203411
CG_LT,147,,MM HIEP PHU,MM AN PHU,OREO VANILLA 110.4/105G,14.67486,0.6,0.406822,9.211738,PRICED_E1_surplus_ratio_OREO VANILLA 110.4/105G_T147_4,0.203411
CG_LT,19,,MM BIEN HOA,MM BINH PHU,OREO VANILLA 110.4/105G,3.251055,0.6,0.28906,2.239693,PRICED_E1_surplus_ratio_OREO VANILLA 110.4/105G_T19_5,0.14453
CG_LT,19,,MM HIEP PHU,MM AN PHU,OREO VANILLA 110.4/105G,29.059186,0.6,0.28906,17.724571,PRICED_E1_surplus_ratio_OREO VANILLA 110.4/105G_T19_5,0.14453
CG_LT,21,,MM HIEP PHU,MM AN PHU,OREO VANILLA 110.4/105G,117.378214,0.6,2.0,72.426928,PRICED_E1_surplus_ratio_OREO VANILLA 110.4/105G_T21_1,1.0
CG_LT,21,,MM HIEP PHU,MM BINH PHU,OREO VANILLA 110.4/105G,15.768849,0.6,2.0,11.46131,PRICED_E1_surplus_ratio_OREO VANILLA 110.4/105G_T21_1,1.0
CG_LT,21,,MM HIEP PHU,MM DA NANG,OREO VANILLA 110.4/105G,146.03337,0.6,2.0,89.620022,PRICED_E1_surplus_ratio_OREO VANILLA 110.4/105G_T21_1,1.0
CG_LT,22,,MM BIEN HOA,MM BINH DUONG,OREO VANILLA 110.4/105G,11.816142,0.6,0.167206,7.256892,PRICED_E1_surplus_ratio_OREO VANILLA 110.4/105G_T22_2,0.083603
CG_LT,22,,MM HIEP PHU,MM AN PHU,OREO VANILLA 110.4/105G,10.863558,0.6,0.167206,6.685341,PRICED_E1_surplus_ratio_OREO VANILLA 110.4/105G_T22_2,0.083603
CG_LT,22,,MM HIEP PHU,MM DA NANG,OREO VANILLA 110.4/105G,7.356471,0.6,0.167206,4.581089,PRICED_E1_surplus_ratio_OREO VANILLA 110.4/105G_T22_2,0.083603
CG_LT,22,,MM BIEN HOA,MM AN PHU,OREO VANILLA 110.4/105G,129.942002,0.6,2.0,79.965201,PRICED_E1_surplus_ratio_OREO VANILLA 110.4/105G_T22_4,1.0
CG_LT,22,,MM HIEP PHU,MM BINH DUONG,OREO VANILLA 110.4/105G,141.336124,0.6,2.0,86.801674,PRICED_E1_surplus_ratio_OREO VANILLA 110.4/105G_T22_4,1.0
CG_LT,22,,MM HIEP PHU,MM DA NANG,OREO VANILLA 110.4/105G,87.992774,0.6,2.0,54.795664,PRICED_E1_surplus_ratio_OREO VANILLA 110.4/105G_T22_4,1.0
CG_LT,23,,MM HIEP PHU,MM AN PHU,OREO VANILLA 110.4/105G,11.01898,0.6,0.211302,6.82269,PRICED_E1_surplus_ratio_OREO VANILLA 110.4/105G_T23_1,0.105651
CG_LT,23,,MM HIEP PHU,MM BINH PHU,OREO VANILLA 110.4/105G,4.890874,0.6,0.211302,3.145827,PRICED_E1_surplus_ratio_OREO VANILLA 110.4/105G_T23_1,0.105651
CG_LT,23,,MM HIEP PHU,MM DA NANG,OREO VANILLA 110.4/105G,18.197102,0.6,0.211302,11.129564,PRICED_E1_surplus_ratio_OREO VANILLA 110.4/105G_T23_1,0.105651
CG_LT,23,,MM BIEN HOA,MM AN PHU,OREO VANILLA 110.4/105G,104.295851,0.6,2.0,64.577511,PRICED_E1_surplus_ratio_OREO VANILLA 110.4/105G_T23_4,1.0
CG_LT,23,,MM HIEP PHU,MM BINH PHU,OREO VANILLA 110.4/105G,46.29266,0.6,2.0,29.775596,PRICED_E1_surplus_ratio_OREO VANILLA 110.4/105G_T23_4,1.0
CG_LT,23,,MM HIEP PHU,MM DA NANG,OREO VANILLA 110.4/105G,172.237572,0.6,2.0,105.342543,PRICED_E1_surplus_ratio_OREO VANILLA 110.4/105G_T23_4,1.0
CG_LT,24,,MM HIEP PHU,MM AN PHU,OREO VANILLA 110.4/105G,7.299238,0.6,0.145592,4.525135,PRICED_E1_surplus_ratio_OREO VANILLA 110.4/105G_T24_1,0.072796
CG_LT,24,,MM HIEP PHU,MM BINH PHU,OREO VANILLA 110.4/105G,3.103832,0.6,0.145592,2.007892,PRICED_E1_surplus_ratio_OREO VANILLA 110.4/105G_T24_1,0.072796
CG_LT,24,,MM HIEP PHU,MM DA NANG,OREO VANILLA 110.4/105G,15.682347,0.6,0.145592,9.555,PRICED_E1_surplus_ratio_OREO VANILLA 110.4/105G_T24_1,0.072796
CG_LT,25,,MM BIEN HOA,MM DA NANG,OREO VANILLA 110.4/105G,26.205077,0.6,0.690059,16.413105,PRICED_E1_surplus_ratio_OREO VANILLA 110.4/105G_T25_4,0.345029
CG_LT,25,,MM HIEP PHU,MM AN PHU,OREO VANILLA 110.4/105G,78.735905,0.6,0.690059,47.931601,PRICED_E1_surplus_ratio_OREO VANILLA 110.4/105G_T25_4,0.345029
CG_LT,25,,MM HIEP PHU,MM BINH PHU,OREO VANILLA 110.4/105G,13.893267,0.6,0.690059,9.026019,PRICED_E1_surplus_ratio_OREO VANILLA 110.4/105G_T25_4,0.345029
CG_LT,25,,MM HIEP PHU,MM DA NANG,OREO VANILLA 110.4/105G,24.199926,0.6,0.690059,15.210014,PRICED_E1_surplus_ratio_OREO VANILLA 110.4/105G_T25_4,0.345029
CG_LT,28,,MM HIEP PHU,MM AN PHU,OREO VANILLA 110.4/105G,330.843944,0.6,2.0,200.506367,PRICED_E1_surplus_ratio_OREO VANILLA 110.4/105G_T28_1,1.0
CG_LT,28,,MM HIEP PHU,MM BINH PHU,OREO VANILLA 110.4/105G,21.90797,0.6,2.0,15.144782,PRICED_E1_surplus_ratio_OREO VANILLA 110.4/105G_T28_1,1.0
CG_LT,28,,MM HIEP PHU,MM DA NANG,OREO VANILLA 110.4/105G,38.891803,0.6,2.0,25.335082,PRICED_E1_surplus_ratio_OREO VANILLA 110.4/105G_T28_1,1.0
CG_LT,29,,MM HIEP PHU,MM AN PHU,OREO VANILLA 110.4/105G,7.048749,0.6,0.053231,4.28248,PRICED_E1_surplus_ratio_OREO VANILLA 110.4/105G_T29_1,0.026616
CG_LT,29,,MM HIEP PHU,MM BINH PHU,OREO VANILLA 110.4/105G,1.345473,0.6,0.053231,0.860515,PRICED_E1_surplus_ratio_OREO VANILLA 110.4/105G_T29_1,0.026616
CG_LT,29,,MM HIEP PHU,MM DA NANG,OREO VANILLA 110.4/105G,1.269055,0.6,0.053231,0.814664,PRICED_E1_surplus_ratio_OREO VANILLA 110.4/105G_T29_1,0.026616
CG_LT,29,,MM BIEN HOA,MM AN PHU,OREO VANILLA 110.4/105G,264.836109,0.6,2.0,160.901665,PRICED_E1_surplus_ratio_OREO VANILLA 110.4/105G_T29_2,1.0
CG_LT,29,,MM HIEP PHU,MM BINH PHU,OREO VANILLA 110.4/105G,50.552224,0.6,2.0,32.331334,PRICED_E1_surplus_ratio_OREO VANILLA 110.4/105G_T29_2,1.0
CG_LT,29,,MM HIEP PHU,MM DA NANG,OREO VANILLA 110.4/105G,47.681023,0.6,2.0,30.608614,PRICED_E1_surplus_ratio_OREO VANILLA 110.4/105G_T29_2,1.0
CG_LT,32,,MM HIEP PHU,MM AN PHU,OREO VANILLA 110.4/105G,200.652051,0.6,1.8854,122.276631,PRICED_E1_surplus_ratio_OREO VANILLA 110.4/105G_T32_1,0.9427
CG_LT,32,,MM HIEP PHU,MM BINH PHU,OREO VANILLA 110.4/105G,88.23034,0.6,1.8854,54.823604,PRICED_E1_surplus_ratio_OREO VANILLA 110.4/105G_T32_1,0.9427
CG_LT,33,,MM HIEP PHU,MM AN PHU,OREO VANILLA 110.4/105G,198.850124,0.6,2.0,121.310074,PRICED_E1_surplus_ratio_OREO VANILLA 110.4/105G_T33_1,1.0
CG_LT,33,,MM HIEP PHU,MM BINH PHU,OREO VANILLA 110.4/105G,59.704082,0.6,2.0,37.822449,PRICED_E1_surplus_ratio_OREO VANILLA 110.4/105G_T33_1,1.0
CG_LT,37,,MM BIEN HOA,MM BINH PHU,OREO VANILLA 110.4/105G,109.738583,0.6,1.676006,67.519156,PRICED_E1_surplus_ratio_OREO VANILLA 110.4/105G_T37_2,0.838003
CG_LT,37,,MM BINH DUONG,MM AN PHU,OREO VANILLA 110.4/105G,82.723155,0.6,1.676006,51.309898,PRICED_E1_surplus_ratio_OREO VANILLA 110.4/105G_T37_2,0.838003
CG_LT,37,,MM BINH DUONG,MM DA NANG,OREO VANILLA 110.4/105G,98.480842,0.6,1.676006,60.764511,PRICED_E1_surplus_ratio_OREO VANILLA 110.4/105G_T37_2,0.838003
CG_LT,38,,MM BIEN HOA,MM AN PHU,OREO VANILLA 110.4/105G,190.524849,0.6,2.0,116.314909,PRICED_E1_surplus_ratio_OREO VANILLA 110.4/105G_T38_2,1.0
CG_LT,38,,MM BINH DUONG,MM BINH PHU,OREO VANILLA 110.4/105G,71.015016,0.6,2.0,44.60901,PRICED_E1_surplus_ratio_OREO VANILLA 110.4/105G_T38_2,1.0
CG_LT,38,,MM BINH DUONG,MM DA NANG,OREO VANILLA 110.4/105G,141.876088,0.6,2.0,87.125653,PRICED_E1_surplus_ratio_OREO VANILLA 110.4/105G_T38_2,1.0
CG_LT,42,,MM BIEN HOA,MM DA NANG,OREO VANILLA 110.4/105G,51.481473,0.6,2.0,32.888884,PRICED_E1_surplus_ratio_OREO VANILLA 110.4/105G_T42_4,1.0
CG_LT,42,,MM BINH DUONG,MM BINH PHU,OREO VANILLA 110.4/105G,29.279368,0.6,2.0,19.567621,PRICED_E1_surplus_ratio_OREO VANILLA 110.4/105G_T42_4,1.0
CG_LT,47,,MM BIEN HOA,MM AN PHU,OREO VANILLA 110.4/105G,230.659005,0.6,2.0,140.395403,PRICED_E1_surplus_ratio_OREO VANILLA 110.4/105G_T47_5,1.0
CG_LT,47,,MM HIEP PHU,MM BINH PHU,OREO VANILLA 110.4/105G,38.695257,0.6,2.0,25.217154,PRICED_E1_surplus_ratio_OREO VANILLA 110.4/105G_T47_5,1.0
CG_LT,58,,MM BIEN HOA,MM AN PHU,OREO VANILLA 110.4/105G,224.570878,0.6,2.0,136.742527,PRICED_E1_surplus_ratio_OREO VANILLA 110.4/105G_T58_5,1.0
CG_LT,58,,MM HIEP PHU,MM DA NANG,OREO VANILLA 110.4/105G,78.981943,0.6,2.0,49.389166,PRICED_E1_surplus_ratio_OREO VANILLA 110.4/105G_T58_5,1.0
CG_LT,59,,MM BIEN HOA,MM AN PHU,OREO VANILLA 110.4/105G,240.407578,0.6,2.0,146.244547,PRICED_E1_surplus_ratio_OREO VANILLA 110.4/105G_T59_5,1.0
CG_LT,59,,MM HIEP PHU,MM DA NANG,OREO VANILLA 110.4/105G,87.759881,0.6,2.0,54.655928,PRICED_E1_surplus_ratio_OREO VANILLA 110.4/105G_T59_5,1.0
CG_LT,63,,MM BIEN HOA,MM AN PHU,OREO VANILLA 110.4/105G,20.896478,0.6,0.15467,12.692557,PRICED_E1_surplus_ratio_OREO VANILLA 110.4/105G_T63_2,0.077335
CG_LT,63,,MM HIEP PHU,MM DA NANG,OREO VANILLA 110.4/105G,20.190732,0.6,0.15467,12.269109,PRICED_E1_surplus_ratio_OREO VANILLA 110.4/105G_T63_2,0.077335
CG_LT,64,,MM BIEN HOA,MM AN PHU,OREO VANILLA 110.4/105G,295.32804,0.6,2.0,179.196824,PRICED_E1_surplus_ratio_OREO VANILLA 110.4/105G_T64_2,1.0
CG_LT,64,,MM HIEP PHU,MM DA NANG,OREO VANILLA 110.4/105G,97.483569,0.6,2.0,60.490142,PRICED_E1_surplus_ratio_OREO VANILLA 110.4/105G_T64_2,1.0
CG_LT,65,,MM BIEN HOA,MM AN PHU,OREO VANILLA 110.4/105G,204.87687,0.6,2.0,124.926122,PRICED_E1_surplus_ratio_OREO VANILLA 110.4/105G_T65_5,1.0
CG_LT,65,,MM HIEP PHU,MM DA NANG,OREO VANILLA 110.4/105G,128.671077,0.6,2.0,79.202646,PRICED_E1_surplus_ratio_OREO VANILLA 110.4/105G_T65_5,1.0
CG_LT,107,,MM BIEN HOA,MM BINH PHU,BANH GAO AN TAO BIEN 174.9G,6.485894,0.6,0.292644,4.184181,PRICED_E1_time_urgency_BANH GAO AN TAO BIEN 174.9G_T107_2,0.146322
CG_LT,107,,MM BINH DUONG,MM BINH PHU,BANH GAO AN TAO BIEN 174.9G,8.760137,0.6,0.292644,5.548726,PRICED_E1_time_urgency_BANH GAO AN TAO BIEN 174.9G_T107_2,0.146322
CG_LT,107,,MM BINH DUONG,MM HIEP PHU,BANH GAO AN TAO BIEN 174.9G,8.566257,0.6,0.292644,5.432398,PRICED_E1_time_urgency_BANH GAO AN TAO BIEN 174.9G_T107_2,0.146322
CG_LT,100,,MM BINH DUONG,MM DA NANG,AN RICE CRACKER SEAWEED 111.3G,67.402028,0.6,2.0,42.441217,PRICED_E2_shortage_ratio_AN RICE CRACKER SEAWEED 111.3G_T100_2,1.0
CG_LT,100,,MM HIEP PHU,MM DA NANG,AN RICE CRACKER SEAWEED 111.3G,13.068843,0.6,0.387788,8.229093,PRICED_E2_shortage_ratio_AN RICE CRACKER SEAWEED 111.3G_T100_3,0.193894
CG_LT,111,,MM BIEN HOA,MM AN PHU,AN RICE CRACKER SEAWEED 111.3G,5.932556,0.6,2.0,5.559534,PRICED_E2_shortage_ratio_AN RICE CRACKER SEAWEED 111.3G_T111_1,1.0
CG_LT,111,,MM BINH DUONG,MM AN PHU,AN RICE CRACKER SEAWEED 111.3G,5.932556,0.6,2.0,5.559534,PRICED_E2_shortage_ratio_AN RICE CRACKER SEAWEED 111.3G_T111_2,1.0
CG_LT,111,,MM DA NANG,MM AN PHU,AN RICE CRACKER SEAWEED 111.3G,5.932556,0.6,2.0,5.559534,PRICED_E2_shortage_ratio_AN RICE CRACKER SEAWEED 111.3G_T111_3,1.0
CG_LT,113,,MM BIEN HOA,MM BINH PHU,AN RICE CRACKER SEAWEED 111.3G,22.138564,0.6,1.037244,14.320382,PRICED_E2_shortage_ratio_AN RICE CRACKER SEAWEED 111.3G_T113_1,0.518622
CG_LT,113,,MM DA NANG,MM BINH PHU,AN RICE CRACKER SEAWEED 111.3G,4.651006,0.6,1.037244,3.827847,PRICED_E2_shortage_ratio_AN RICE CRACKER SEAWEED 111.3G_T113_1,0.518622
CG_LT,113,,MM BIEN HOA,MM AN PHU,AN RICE CRACKER SEAWEED 111.3G,42.687298,0.6,2.0,27.612379,PRICED_E2_shortage_ratio_AN RICE CRACKER SEAWEED 111.3G_T113_2,1.0
CG_LT,113,,MM DA NANG,MM BINH PHU,AN RICE CRACKER SEAWEED 111.3G,8.968011,0.6,2.0,7.380807,PRICED_E2_shortage_ratio_AN RICE CRACKER SEAWEED 111.3G_T113_2,1.0
CG_LT,118,,MM BIEN HOA,MM AN PHU,AN RICE CRACKER SEAWEED 111.3G,2.811768,0.6,2.0,3.687061,PRICED_E2_shortage_ratio_AN RICE CRACKER SEAWEED 111.3G_T118_1,1.0
CG_LT,118,,MM BIEN HOA,MM BINH PHU,AN RICE CRACKER SEAWEED 111.3G,2.811768,0.6,2.0,3.687061,PRICED_E2_shortage_ratio_AN RICE CRACKER SEAWEED 111.3G_T118_2,1.0
CG_LT,119,,MM BIEN HOA,MM BINH DUONG,AN RICE CRACKER SEAWEED 111.3G,16.0,0.6,2.0,11.6,PRICED_E2_shortage_ratio_AN RICE CRACKER SEAWEED 111.3G_T119_1,1.0
CG_LT,119,,MM DA NANG,MM BINH DUONG,AN RICE CRACKER SEAWEED 111.3G,66.601561,0.6,2.0,41.960937,PRICED_E2_shortage_ratio_AN RICE CRACKER SEAWEED 111.3G_T119_1,1.0
CG_LT,119,,MM HIEP PHU,MM BINH DUONG,AN RICE CRACKER SEAWEED 111.3G,83.767026,0.6,2.0,52.260216,PRICED_E2_shortage_ratio_AN RICE CRACKER SEAWEED 111.3G_T119_1,1.0
CG_LT,11,,MM BIEN HOA,MM BINH PHU,AN RICE CRACKER SEAWEED 111.3G,6.832454,0.6,1.245333,5.344805,PRICED_E2_shortage_ratio_AN RICE CRACKER SEAWEED 111.3G_T11_1,0.622666
CG_LT,122,,MM BIEN HOA,MM HIEP PHU,AN RICE CRACKER SEAWEED 111.3G,98.52311,0.6,2.0,61.113866,PRICED_E2_shortage_ratio_AN RICE CRACKER SEAWEED 111.3G_T122_1,1.0
CG_LT,126,,MM BIEN HOA,MM BINH PHU,AN RICE CRACKER SEAWEED 111.3G,19.0,0.6,2.0,13.4,PRICED_E2_shortage_ratio_AN RICE CRACKER SEAWEED 111.3G_T126_4,1.0
CG_LT,126,,MM BINH DUONG,MM AN PHU,AN RICE CRACKER SEAWEED 111.3G,9.661866,0.6,2.0,7.79712,PRICED_E2_shortage_ratio_AN RICE CRACKER SEAWEED 111.3G_T126_4,1.0
CG_LT,12,,MM BIEN HOA,MM BINH PHU,AN RICE CRACKER SEAWEED 111.3G,12.316756,0.6,2.0,9.390054,PRICED_E2_shortage_ratio_AN RICE CRACKER SEAWEED 111.3G_T12_2,1.0
CG_LT,12,,MM HIEP PHU,MM BINH PHU,AN RICE CRACKER SEAWEED 111.3G,174.537558,0.6,2.0,106.722535,PRICED_E2_shortage_ratio_AN RICE CRACKER SEAWEED 111.3G_T12_2,1.0
CG_LT,131,,MM BINH DUONG,MM BINH PHU,AN RICE CRACKER SEAWEED 111.3G,9.0,0.6,2.0,7.4,PRICED_E2_shortage_ratio_AN RICE CRACKER SEAWEED 111.3G_T131_2,1.0
CG_LT,135,,MM BIEN HOA,MM AN PHU,AN RICE CRACKER SEAWEED 111.3G,7.348953,0.6,2.0,6.409372,PRICED_E2_shortage_ratio_AN RICE CRACKER SEAWEED 111.3G_T135_1,1.0
CG_LT,135,,MM BIEN HOA,MM BINH PHU,AN RICE CRACKER SEAWEED 111.3G,7.348953,0.6,2.0,6.409372,PRICED_E2_shortage_ratio_AN RICE CRACKER SEAWEED 111.3G_T135_2,1.0
CG_LT,141,,MM HIEP PHU,MM BINH DUONG,AN RICE CRACKER SEAWEED 111.3G,7.768,0.6,2.0,6.6608,PRICED_E2_shortage_ratio_AN RICE CRACKER SEAWEED 111.3G_T141_1,1.0
CG_LT,146,,MM BINH DUONG,MM BINH PHU,AN RICE CRACKER SEAWEED 111.3G,11.986865,0.6,0.973658,8.165778,PRICED_E2_shortage_ratio_AN RICE CRACKER SEAWEED 111.3G_T146_1,0.486829
CG_LT,146,,MM HIEP PHU,MM BINH PHU,AN RICE CRACKER SEAWEED 111.3G,24.622322,0.6,2.0,16.773393,PRICED_E2_shortage_ratio_AN RICE CRACKER SEAWEED 111.3G_T146_2,1.0
CG_LT,147,,MM BIEN HOA,MM DA NANG,AN RICE CRACKER SEAWEED 111.3G,4.336174,0.6,2.0,4.601704,PRICED_E2_shortage_ratio_AN RICE CRACKER SEAWEED 111.3G_T147_1,1.0
CG_LT,147,,MM HIEP PHU,MM DA NANG,AN RICE CRACKER SEAWEED 111.3G,2.207477,0.6,1.018168,2.342654,PRICED_E2_shortage_ratio_AN RICE CRACKER SEAWEED 111.3G_T147_2,0.509084
CG_LT,152,,MM HIEP PHU,MM BINH PHU,AN RICE CRACKER SEAWEED 111.3G,12.0,0.6,2.0,9.2,PRICED_E2_shortage_ratio_AN RICE CRACKER SEAWEED 111.3G_T152_3,1.0
CG_LT,16,,MM BIEN HOA,MM AN PHU,AN RICE CRACKER SEAWEED 111.3G,1.0,0.6,2.0,2.6,PRICED_E2_shortage_ratio_AN RICE CRACKER SEAWEED 111.3G_T16_1,1.0
CG_LT,16,,MM BIEN HOA,MM AN PHU,AN RICE CRACKER SEAWEED 111.3G,0.815548,0.6,2.0,2.489329,PRICED_E2_shortage_ratio_AN RICE CRACKER SEAWEED 111.3G_T16_2,1.0
CG_LT,16,,MM BIEN HOA,MM DA NANG,AN RICE CRACKER SEAWEED 111.3G,0.184452,0.6,2.0,2.110671,PRICED_E2_shortage_ratio_AN RICE CRACKER SEAWEED 111.3G_T16_2,1.0
CG_LT,19,,MM HIEP PHU,MM AN PHU,AN RICE CRACKER SEAWEED 111.3G,63.068589,0.6,2.0,39.841154,PRICED_E2_shortage_ratio_AN RICE CRACKER SEAWEED 111.3G_T19_1,1.0
CG_LT,19,,MM HIEP PHU,MM BINH PHU,AN RICE CRACKER SEAWEED 111.3G,24.109643,0.6,2.0,16.465786,PRICED_E2_shortage_ratio_AN RICE CRACKER SEAWEED 111.3G_T19_1,1.0
CG_LT,19,,MM HIEP PHU,MM DA NANG,AN RICE CRACKER SEAWEED 111.3G,97.382293,0.6,2.0,60.429376,PRICED_E2_shortage_ratio_AN RICE CRACKER SEAWEED 111.3G_T19_1,1.0
CG_LT,21,,MM HIEP PHU,MM DA NANG,AN RICE CRACKER SEAWEED 111.3G,18.0,0.6,2.0,12.8,PRICED_E2_shortage_ratio_AN RICE CRACKER SEAWEED 111.3G_T21_1,1.0
CG_LT,24,,MM HIEP PHU,MM AN PHU,AN RICE CRACKER SEAWEED 111.3G,68.236451,0.6,2.0,42.941871,PRICED_E2_shortage_ratio_AN RICE CRACKER SEAWEED 111.3G_T24_1,1.0
CG_LT,24,,MM HIEP PHU,MM BINH PHU,AN RICE CRACKER SEAWEED 111.3G,10.968777,0.6,2.0,8.581266,PRICED_E2_shortage_ratio_AN RICE CRACKER SEAWEED 111.3G_T24_1,1.0
CG_LT,24,,MM HIEP PHU,MM DA NANG,AN RICE CRACKER SEAWEED 111.3G,7.013915,0.6,2.0,6.208349,PRICED_E2_shortage_ratio_AN RICE CRACKER SEAWEED 111.3G_T24_1,1.0
CG_LT,35,,MM HIEP PHU,MM AN PHU,AN RICE CRACKER SEAWEED 111.3G,160.416605,0.6,2.0,98.249963,PRICED_E2_shortage_ratio_AN RICE CRACKER SEAWEED 111.3G_T35_1,1.0
CG_LT,35,,MM HIEP PHU,MM BINH PHU,AN RICE CRACKER SEAWEED 111.3G,44.483199,0.6,2.0,28.689919,PRICED_E2_shortage_ratio_AN RICE CRACKER SEAWEED 111.3G_T35_1,1.0
CG_LT,35,,MM HIEP PHU,MM DA NANG,AN RICE CRACKER SEAWEED 111.3G,46.832131,0.6,2.0,30.099279,PRICED_E2_shortage_ratio_AN RICE CRACKER SEAWEED 111.3G_T35_1,1.0
CG_LT,35,,MM BINH DUONG,MM AN PHU,AN RICE CRACKER SEAWEED 111.3G,0.384651,0.6,0.12367,0.354461,PRICED_E2_shortage_ratio_AN RICE CRACKER SEAWEED 111.3G_T35_2,0.061835
CG_LT,35,,MM HIEP PHU,MM AN PHU,AN RICE CRACKER SEAWEED 111.3G,9.534744,0.6,0.12367,5.844517,PRICED_E2_shortage_ratio_AN RICE CRACKER SEAWEED 111.3G_T35_2,0.061835
CG_LT,35,,MM HIEP PHU,MM BINH PHU,AN RICE CRACKER SEAWEED 111.3G,2.750628,0.6,0.12367,1.774047,PRICED_E2_shortage_ratio_AN RICE CRACKER SEAWEED 111.3G_T35_2,0.061835
CG_LT,35,,MM HIEP PHU,MM DA NANG,AN RICE CRACKER SEAWEED 111.3G,2.895875,0.6,0.12367,1.861195,PRICED_E2_shortage_ratio_AN RICE CRACKER SEAWEED 111.3G_T35_2,0.061835
CG_LT,36,,MM BIEN HOA,MM BINH PHU,AN RICE CRACKER SEAWEED 111.3G,6.236781,0.6,1.187429,4.929497,PRICED_E2_shortage_ratio_AN RICE CRACKER SEAWEED 111.3G_T36_1,0.593714
CG_LT,36,,MM BINH DUONG,MM BINH PHU,AN RICE CRACKER SEAWEED 111.3G,10.504682,0.6,2.0,8.302809,PRICED_E2_shortage_ratio_AN RICE CRACKER SEAWEED 111.3G_T36_2,1.0
CG_LT,47,,MM BIEN HOA,MM BINH PHU,AN RICE CRACKER SEAWEED 111.3G,7.517783,0.6,1.399815,5.910485,PRICED_E2_shortage_ratio_AN RICE CRACKER SEAWEED 111.3G_T47_1,0.699908
CG_LT,47,,MM BINH DUONG,MM BINH PHU,AN RICE CRACKER SEAWEED 111.3G,10.741109,0.6,2.0,8.444665,PRICED_E2_shortage_ratio_AN RICE CRACKER SEAWEED 111.3G_T47_2,1.0
CG_LT,47,,MM HIEP PHU,MM BINH PHU,AN RICE CRACKER SEAWEED 111.3G,10.741109,0.6,2.0,8.444665,PRICED_E2_shortage_ratio_AN RICE CRACKER SEAWEED 111.3G_T47_3,1.0
CG_LT,48,,MM BIEN HOA,MM BINH PHU,AN RICE CRACKER SEAWEED 111.3G,5.275377,0.6,2.0,5.165226,PRICED_E2_shortage_ratio_AN RICE CRACKER SEAWEED 111.3G_T48_1,1.0
CG_LT,48,,MM BINH DUONG,MM BINH PHU,AN RICE CRACKER SEAWEED 111.3G,5.275377,0.6,2.0,5.165226,PRICED_E2_shortage_ratio_AN RICE CRACKER SEAWEED 111.3G_T48_2,1.0
CG_LT,48,,MM HIEP PHU,MM BINH PHU,AN RICE CRACKER SEAWEED 111.3G,5.275377,0.6,2.0,5.165226,PRICED_E2_shortage_ratio_AN RICE CRACKER SEAWEED 111.3G_T48_3,1.0
CG_LT,49,,MM BIEN HOA,MM DA NANG,AN RICE CRACKER SEAWEED 111.3G,9.716533,0.6,1.327238,7.157158,PRICED_E2_shortage_ratio_AN RICE CRACKER SEAWEED 111.3G_T49_1,0.663619
CG_LT,49,,MM BINH DUONG,MM DA NANG,AN RICE CRACKER SEAWEED 111.3G,14.641734,0.6,2.0,10.78504,PRICED_E2_shortage_ratio_AN RICE CRACKER SEAWEED 111.3G_T49_2,1.0
CG_LT,49,,MM HIEP PHU,MM DA NANG,AN RICE CRACKER SEAWEED 111.3G,14.641734,0.6,2.0,10.78504,PRICED_E2_shortage_ratio_AN RICE CRACKER SEAWEED 111.3G_T49_3,1.0
CG_LT,4,,MM DA NANG,MM AN PHU,AN RICE CRACKER SEAWEED 111.3G,2.196465,0.6,0.811102,2.128981,PRICED_E2_shortage_ratio_AN RICE CRACKER SEAWEED 111.3G_T4_3,0.405551
CG_LT,50,,MM HIEP PHU,MM BIEN HOA,AN RICE CRACKER SEAWEED 111.3G,11.066874,0.6,2.0,8.640124,PRICED_E2_shortage_ratio_AN RICE CRACKER SEAWEED 111.3G_T50_2,1.0
CG_LT,51,,MM BINH DUONG,MM DA NANG,AN RICE CRACKER SEAWEED 111.3G,2.173879,0.6,0.041508,1.345835,PRICED_E2_shortage_ratio_AN RICE CRACKER SEAWEED 111.3G_T51_1,0.020754
CG_LT,51,,MM HIEP PHU,MM DA NANG,AN RICE CRACKER SEAWEED 111.3G,104.746118,0.6,2.0,64.847671,PRICED_E2_shortage_ratio_AN RICE CRACKER SEAWEED 111.3G_T51_2,1.0
CG_LT,61,,MM BINH DUONG,MM BINH PHU,AN RICE CRACKER SEAWEED 111.3G,14.163644,0.6,1.240447,9.738633,PRICED_E2_shortage_ratio_AN RICE CRACKER SEAWEED 111.3G_T61_1,0.620223
CG_LT,61,,MM HIEP PHU,MM BINH PHU,AN RICE CRACKER SEAWEED 111.3G,22.836356,0.6,2.0,15.701814,PRICED_E2_shortage_ratio_AN RICE CRACKER SEAWEED 111.3G_T61_2,1.0
CG_LT,63,,MM BIEN HOA,MM BINH PHU,AN RICE CRACKER SEAWEED 111.3G,3.491799,0.6,2.0,4.095079,PRICED_E2_shortage_ratio_AN RICE CRACKER SEAWEED 111.3G_T63_1,1.0
CG_LT,63,,MM BINH DUONG,MM BINH PHU,AN RICE CRACKER SEAWEED 111.3G,3.491799,0.6,2.0,4.095079,PRICED_E2_shortage_ratio_AN RICE CRACKER SEAWEED 111.3G_T63_2,1.0
CG_LT,63,,MM HIEP PHU,MM BINH PHU,AN RICE CRACKER SEAWEED 111.3G,3.491799,0.6,2.0,4.095079,PRICED_E2_shortage_ratio_AN RICE CRACKER SEAWEED 111.3G_T63_3,1.0
CG_LT,67,,MM BINH DUONG,MM AN PHU,AN RICE CRACKER SEAWEED 111.3G,20.109448,0.6,2.0,14.065669,PRICED_E2_shortage_ratio_AN RICE CRACKER SEAWEED 111.3G_T67_1,1.0
CG_LT,67,,MM HIEP PHU,MM AN PHU,AN RICE CRACKER SEAWEED 111.3G,20.109448,0.6,2.0,14.065669,PRICED_E2_shortage_ratio_AN RICE CRACKER SEAWEED 111.3G_T67_2,1.0
CG_LT,67,,MM BIEN HOA,MM AN PHU,AN RICE CRACKER SEAWEED 111.3G,1.950697,0.6,0.777854,1.948272,PRICED_E2_shortage_ratio_AN RICE CRACKER SEAWEED 111.3G_T67_3,0.388927
CG_LT,67,,MM BINH DUONG,MM AN PHU,AN RICE CRACKER SEAWEED 111.3G,5.870407,0.6,0.777854,4.300098,PRICED_E2_shortage_ratio_AN RICE CRACKER SEAWEED 111.3G_T67_3,0.388927
CG_LT,68,,MM BINH DUONG,MM DA NANG,AN RICE CRACKER SEAWEED 111.3G,19.756735,0.6,2.0,13.854041,PRICED_E2_shortage_ratio_AN RICE CRACKER SEAWEED 111.3G_T68_2,1.0
CG_LT,68,,MM HIEP PHU,MM AN PHU,AN RICE CRACKER SEAWEED 111.3G,55.534395,0.6,2.0,35.320637,PRICED_E2_shortage_ratio_AN RICE CRACKER SEAWEED 111.3G_T68_2,1.0
CG_LT,68,,MM BINH DUONG,MM AN PHU,AN RICE CRACKER SEAWEED 111.3G,6.305614,0.6,0.227089,4.010457,PRICED_E2_shortage_ratio_AN RICE CRACKER SEAWEED 111.3G_T68_4,0.113544
CG_LT,68,,MM HIEP PHU,MM DA NANG,AN RICE CRACKER SEAWEED 111.3G,2.243265,0.6,0.227089,1.573047,PRICED_E2_shortage_ratio_AN RICE CRACKER SEAWEED 111.3G_T68_4,0.113544
CG_LT,6,,MM DA NANG,MM HIEP PHU,AN RICE CRACKER SEAWEED 111.3G,25.168,0.6,2.0,17.1008,PRICED_E2_shortage_ratio_AN RICE CRACKER SEAWEED 111.3G_T6_2,1.0
CG_LT,76,,MM BINH PHU,MM DA NANG,AN RICE CRACKER SEAWEED 111.3G,18.0,0.6,2.0,12.8,PRICED_E2_shortage_ratio_AN RICE CRACKER SEAWEED 111.3G_T76_3,1.0
CG_LT,81,,MM BINH DUONG,MM DA NANG,AN RICE CRACKER SEAWEED 111.3G,7.028987,0.6,0.885852,5.103244,PRICED_E2_shortage_ratio_AN RICE CRACKER SEAWEED 111.3G_T81_2,0.442926
CG_LT,81,,MM BINH PHU,MM DA NANG,AN RICE CRACKER SEAWEED 111.3G,15.869439,0.6,2.0,11.521663,PRICED_E2_shortage_ratio_AN RICE CRACKER SEAWEED 111.3G_T81_3,1.0
CG_LT,86,,MM BIEN HOA,MM DA NANG,AN RICE CRACKER SEAWEED 111.3G,21.584762,0.6,2.0,14.950857,PRICED_E2_shortage_ratio_AN RICE CRACKER SEAWEED 111.3G_T86_1,1.0
CG_LT,86,,MM BINH PHU,MM DA NANG,AN RICE CRACKER SEAWEED 111.3G,5.415238,0.6,0.501765,3.750907,PRICED_E2_shortage_ratio_AN RICE CRACKER SEAWEED 111.3G_T86_3,0.250882
CG_LT,8,,MM BIEN HOA,MM HIEP PHU,AN RICE CRACKER SEAWEED 111.3G,0.346645,0.6,2.0,2.207987,PRICED_E2_shortage_ratio_AN RICE CRACKER SEAWEED 111.3G_T8_1,1.0
CG_LT,8,,MM BINH DUONG,MM HIEP PHU,AN RICE CRACKER SEAWEED 111.3G,0.038083,0.6,2.0,2.02285,PRICED_E2_shortage_ratio_AN RICE CRACKER SEAWEED 111.3G_T8_1,1.0
CG_LT,8,,MM BIEN HOA,MM AN PHU,AN RICE CRACKER SEAWEED 111.3G,0.346645,0.6,2.0,2.207987,PRICED_E2_shortage_ratio_AN RICE CRACKER SEAWEED 111.3G_T8_2,1.0
CG_LT,8,,MM BINH DUONG,MM HIEP PHU,AN RICE CRACKER SEAWEED 111.3G,0.038083,0.6,2.0,2.02285,PRICED_E2_shortage_ratio_AN RICE CRACKER SEAWEED 111.3G_T8_2,1.0
CG_LT,8,,MM BIEN HOA,MM HIEP PHU,AN RICE CRACKER SEAWEED 111.3G,0.346645,0.6,2.0,2.207987,PRICED_E2_shortage_ratio_AN RICE CRACKER SEAWEED 111.3G_T8_4,1.0
CG_LT,8,,MM BINH DUONG,MM AN PHU,AN RICE CRACKER SEAWEED 111.3G,0.038083,0.6,2.0,2.02285,PRICED_E2_shortage_ratio_AN RICE CRACKER SEAWEED 111.3G_T8_4,1.0
CG_LT,91,,MM BINH PHU,MM BIEN HOA,AN RICE CRACKER SEAWEED 111.3G,8.448,0.6,2.0,7.0688,PRICED_E2_shortage_ratio_AN RICE CRACKER SEAWEED 111.3G_T91_2,1.0
CG_LT,92,,MM BINH PHU,MM BIEN HOA,AN RICE CRACKER SEAWEED 111.3G,14.148881,0.6,2.0,10.489328,PRICED_E2_shortage_ratio_AN RICE CRACKER SEAWEED 111.3G_T92_2,1.0
CG_LT,95,,MM BINH DUONG,MM BIEN HOA,AN RICE CRACKER SEAWEED 111.3G,21.977808,0.6,2.0,15.186685,PRICED_E2_shortage_ratio_AN RICE CRACKER SEAWEED 111.3G_T95_1,1.0
CG_LT,95,,MM HIEP PHU,MM BIEN HOA,AN RICE CRACKER SEAWEED 111.3G,18.022192,0.6,1.640035,12.453351,PRICED_E2_shortage_ratio_AN RICE CRACKER SEAWEED 111.3G_T95_3,0.820018
CG_LT,97,,MM BIEN HOA,MM BINH PHU,AN RICE CRACKER SEAWEED 111.3G,37.28,0.6,2.0,24.368,PRICED_E2_shortage_ratio_AN RICE CRACKER SEAWEED 111.3G_T97_1,1.0
CG_LT,98,,MM BINH DUONG,MM BINH PHU,AN RICE CRACKER SEAWEED 111.3G,2.358256,0.6,0.066528,1.481482,PRICED_E2_shortage_ratio_AN RICE CRACKER SEAWEED 111.3G_T98_1,0.033264
CG_LT,98,,MM HIEP PHU,MM BINH PHU,AN RICE CRACKER SEAWEED 111.3G,70.894771,0.6,2.0,44.536863,PRICED_E2_shortage_ratio_AN RICE CRACKER SEAWEED 111.3G_T98_2,1.0
CG_LT,99,,MM BINH DUONG,MM BINH PHU,AN RICE CRACKER SEAWEED 111.3G,56.198465,0.6,2.0,35.719079,PRICED_E2_shortage_ratio_AN RICE CRACKER SEAWEED 111.3G_T99_2,1.0
CG_LT,99,,MM HIEP PHU,MM BINH PHU,AN RICE CRACKER SEAWEED 111.3G,20.330931,0.6,0.72354,12.922099,PRICED_E2_shortage_ratio_AN RICE CRACKER SEAWEED 111.3G_T99_3,0.36177
CG_LT,106,,MM BIEN HOA,MM AN PHU,BANH GAO AN TAO BIEN 174.9G,26.298471,0.6,2.0,17.779083,PRICED_E2_shortage_ratio_BANH GAO AN TAO BIEN 174.9G_T106_1,1.0
CG_LT,106,,MM BINH DUONG,MM AN PHU,BANH GAO AN TAO BIEN 174.9G,5.37457,0.6,0.408736,3.633478,PRICED_E2_shortage_ratio_BANH GAO AN TAO BIEN 174.9G_T106_2,0.204368
CG_LT,107,,MM BIEN HOA,MM AN PHU,BANH GAO AN TAO BIEN 174.9G,7.829981,0.6,2.0,6.697989,PRICED_E2_shortage_ratio_BANH GAO AN TAO BIEN 174.9G_T107_1,1.0
CG_LT,107,,MM BINH DUONG,MM AN PHU,BANH GAO AN TAO BIEN 174.9G,7.829981,0.6,2.0,6.697989,PRICED_E2_shortage_ratio_BANH GAO AN TAO BIEN 174.9G_T107_2,1.0
CG_LT,107,,MM DA NANG,MM AN PHU,BANH GAO AN TAO BIEN 174.9G,7.829981,0.6,2.0,6.697989,PRICED_E2_shortage_ratio_BANH GAO AN TAO BIEN 174.9G_T107_3,1.0
CG_LT,112,,MM BINH DUONG,MM BIEN HOA,BANH GAO AN TAO BIEN 174.9G,9.04,0.6,2.0,7.424,PRICED_E2_shortage_ratio_BANH GAO AN TAO BIEN 174.9G_T112_3,1.0
CG_LT,112,,MM BINH DUONG,MM BINH PHU,BANH GAO AN TAO BIEN 174.9G,8.084178,0.6,2.0,6.850507,PRICED_E2_shortage_ratio_BANH GAO AN TAO BIEN 174.9G_T112_3,1.0
CG_LT,116,,MM BIEN HOA,MM AN PHU,BANH GAO AN TAO BIEN 174.9G,15.956783,0.6,2.0,11.57407,PRICED_E2_shortage_ratio_BANH GAO AN TAO BIEN 174.9G_T116_2,1.0
CG_LT,121,,MM HIEP PHU,MM DA NANG,BANH GAO AN TAO BIEN 174.9G,16.589331,0.6,2.0,11.953599,PRICED_E2_shortage_ratio_BANH GAO AN TAO BIEN 174.9G_T121_1,1.0
CG_LT,121,,MM BIEN HOA,MM DA NANG,BANH GAO AN TAO BIEN 174.9G,1.92193,0.6,0.767268,1.920426,PRICED_E2_shortage_ratio_BANH GAO AN TAO BIEN 174.9G_T121_2,0.383634
CG_LT,121,,MM HIEP PHU,MM DA NANG,BANH GAO AN TAO BIEN 174.9G,4.4423,0.6,0.767268,3.432648,PRICED_E2_shortage_ratio_BANH GAO AN TAO BIEN 174.9G_T121_2,0.383634
CG_LT,122,,MM BIEN HOA,MM AN PHU,BANH GAO AN TAO BIEN 174.9G,4.146825,0.6,1.96046,4.448555,PRICED_E2_shortage_ratio_BANH GAO AN TAO BIEN 174.9G_T122_1,0.98023
CG_LT,122,,MM HIEP PHU,MM AN PHU,BANH GAO AN TAO BIEN 174.9G,0.736737,0.6,1.96046,2.402502,PRICED_E2_shortage_ratio_BANH GAO AN TAO BIEN 174.9G_T122_1,0.98023
CG_LT,122,,MM BIEN HOA,MM AN PHU,BANH GAO AN TAO BIEN 174.9G,4.230461,0.6,2.0,4.538276,PRICED_E2_shortage_ratio_BANH GAO AN TAO BIEN 174.9G_T122_4,1.0
CG_LT,122,,MM HIEP PHU,MM BINH PHU,BANH GAO AN TAO BIEN 174.9G,0.751596,0.6,2.0,2.450957,PRICED_E2_shortage_ratio_BANH GAO AN TAO BIEN 174.9G_T122_4,1.0
CG_LT,124,,MM BIEN HOA,MM AN PHU,BANH GAO AN TAO BIEN 174.9G,1.364967,0.6,2.0,2.81898,PRICED_E2_shortage_ratio_BANH GAO AN TAO BIEN 174.9G_T124_1,1.0
CG_LT,125,,MM BIEN HOA,MM BINH PHU,BANH GAO AN TAO BIEN 174.9G,3.208885,0.6,2.0,3.925331,PRICED_E2_shortage_ratio_BANH GAO AN TAO BIEN 174.9G_T125_1,1.0
CG_LT,125,,MM BIEN HOA,MM AN PHU,BANH GAO AN TAO BIEN 174.9G,3.208885,0.6,2.0,3.925331,PRICED_E2_shortage_ratio_BANH GAO AN TAO BIEN 174.9G_T125_2,1.0
CG_LT,131,,MM HIEP PHU,MM BINH PHU,BANH GAO AN TAO BIEN 174.9G,58.599648,0.6,2.0,37.159789,PRICED_E2_shortage_ratio_BANH GAO AN TAO BIEN 174.9G_T131_1,1.0
CG_LT,132,,MM BIEN HOA,MM DA NANG,BANH GAO AN TAO BIEN 174.9G,7.588214,0.6,2.0,6.552928,PRICED_E2_shortage_ratio_BANH GAO AN TAO BIEN 174.9G_T132_1,1.0
CG_LT,132,,MM BINH DUONG,MM DA NANG,BANH GAO AN TAO BIEN 174.9G,7.588214,0.6,2.0,6.552928,PRICED_E2_shortage_ratio_BANH GAO AN TAO BIEN 174.9G_T132_2,1.0
CG_LT,132,,MM HIEP PHU,MM DA NANG,BANH GAO AN TAO BIEN 174.9G,2.640118,0.6,0.695847,2.279918,PRICED_E2_shortage_ratio_BANH GAO AN TAO BIEN 174.9G_T132_3,0.347924
CG_LT,136,,MM BIEN HOA,MM DA NANG,BANH GAO AN TAO BIEN 174.9G,8.938315,0.6,2.0,7.362989,PRICED_E2_shortage_ratio_BANH GAO AN TAO BIEN 174.9G_T136_1,1.0
CG_LT,136,,MM BINH DUONG,MM DA NANG,BANH GAO AN TAO BIEN 174.9G,3.613751,0.6,0.808598,2.976849,PRICED_E2_shortage_ratio_BANH GAO AN TAO BIEN 174.9G_T136_2,0.404299
CG_LT,136,,MM HIEP PHU,MM DA NANG,BANH GAO AN TAO BIEN 174.9G,8.938315,0.6,2.0,7.362989,PRICED_E2_shortage_ratio_BANH GAO AN TAO BIEN 174.9G_T136_3,1.0
CG_LT,141,,MM BIEN HOA,MM DA NANG,BANH GAO AN TAO BIEN 174.9G,17.395488,0.6,2.0,12.437293,PRICED_E2_shortage_ratio_BANH GAO AN TAO BIEN 174.9G_T141_1,1.0
CG_LT,141,,MM BINH DUONG,MM DA NANG,BANH GAO AN TAO BIEN 174.9G,3.009558,0.6,0.346016,2.15175,PRICED_E2_shortage_ratio_BANH GAO AN TAO BIEN 174.9G_T141_2,0.173008
CG_LT,142,,MM BIEN HOA,MM BINH DUONG,BANH GAO AN TAO BIEN 174.9G,69.266631,0.6,2.0,43.559979,PRICED_E2_shortage_ratio_BANH GAO AN TAO BIEN 174.9G_T142_1,1.0
CG_LT,145,,MM BIEN HOA,MM AN PHU,BANH GAO AN TAO BIEN 174.9G,24.257744,0.6,2.0,16.554646,PRICED_E2_shortage_ratio_BANH GAO AN TAO BIEN 174.9G_T145_1,1.0
CG_LT,145,,MM BIEN HOA,MM BINH DUONG,BANH GAO AN TAO BIEN 174.9G,105.170091,0.6,2.0,65.102055,PRICED_E2_shortage_ratio_BANH GAO AN TAO BIEN 174.9G_T145_1,1.0
CG_LT,145,,MM BIEN HOA,MM BINH PHU,BANH GAO AN TAO BIEN 174.9G,7.042571,0.6,2.0,6.225543,PRICED_E2_shortage_ratio_BANH GAO AN TAO BIEN 174.9G_T145_1,1.0
CG_LT,145,,MM BIEN HOA,MM BINH DUONG,BANH GAO AN TAO BIEN 174.9G,1.855612,0.6,0.035288,1.148655,PRICED_E2_shortage_ratio_BANH GAO AN TAO BIEN 174.9G_T145_4,0.017644
CG_LT,145,,MM BIEN HOA,MM BINH PHU,BANH GAO AN TAO BIEN 174.9G,0.124259,0.6,0.035288,0.109843,PRICED_E2_shortage_ratio_BANH GAO AN TAO BIEN 174.9G_T145_4,0.017644
CG_LT,145,,MM HIEP PHU,MM AN PHU,BANH GAO AN TAO BIEN 174.9G,0.428002,0.6,0.035288,0.292089,PRICED_E2_shortage_ratio_BANH GAO AN TAO BIEN 174.9G_T145_4,0.017644
CG_LT,146,,MM BIEN HOA,MM AN PHU,BANH GAO AN TAO BIEN 174.9G,35.977794,0.6,2.0,23.586677,PRICED_E2_shortage_ratio_BANH GAO AN TAO BIEN 174.9G_T146_1,1.0
CG_LT,146,,MM HIEP PHU,MM AN PHU,BANH GAO AN TAO BIEN 174.9G,9.458564,0.6,0.5258,6.200938,PRICED_E2_shortage_ratio_BANH GAO AN TAO BIEN 174.9G_T146_3,0.2629
CG_LT,149,,MM BIEN HOA,MM DA NANG,BANH GAO AN TAO BIEN 174.9G,5.020285,0.6,0.762702,3.774873,PRICED_E2_shortage_ratio_BANH GAO AN TAO BIEN 174.9G_T149_1,0.381351
CG_LT,149,,MM HIEP PHU,MM DA NANG,BANH GAO AN TAO BIEN 174.9G,13.16448,0.6,2.0,9.898688,PRICED_E2_shortage_ratio_BANH GAO AN TAO BIEN 174.9G_T149_2,1.0
CG_LT,153,,MM AN PHU,MM BINH PHU,BANH GAO AN TAO BIEN 174.9G,20.066326,0.6,2.0,14.039796,PRICED_E2_shortage_ratio_BANH GAO AN TAO BIEN 174.9G_T153_1,1.0
CG_LT,21,,MM BIEN HOA,MM AN PHU,BANH GAO AN TAO BIEN 174.9G,32.005611,0.6,2.0,21.203367,PRICED_E2_shortage_ratio_BANH GAO AN TAO BIEN 174.9G_T21_1,1.0
CG_LT,21,,MM HIEP PHU,MM AN PHU,BANH GAO AN TAO BIEN 174.9G,5.449392,0.6,2.0,5.269635,PRICED_E2_shortage_ratio_BANH GAO AN TAO BIEN 174.9G_T21_1,1.0
CG_LT,26,,MM BIEN HOA,MM BINH DUONG,BANH GAO AN TAO BIEN 174.9G,16.0,0.6,2.0,11.6,PRICED_E2_shortage_ratio_BANH GAO AN TAO BIEN 174.9G_T26_1,1.0
CG_LT,35,,MM BINH DUONG,MM AN PHU,BANH GAO AN TAO BIEN 174.9G,1.800675,0.6,2.0,3.080405,PRICED_E2_shortage_ratio_BANH GAO AN TAO BIEN 174.9G_T35_1,1.0
CG_LT,35,,MM HIEP PHU,MM AN PHU,BANH GAO AN TAO BIEN 174.9G,1.800675,0.6,2.0,3.080405,PRICED_E2_shortage_ratio_BANH GAO AN TAO BIEN 174.9G_T35_2,1.0
CG_LT,38,,MM HIEP PHU,MM BIEN HOA,BANH GAO AN TAO BIEN 174.9G,8.572185,0.6,2.0,7.143311,PRICED_E2_shortage_ratio_BANH GAO AN TAO BIEN 174.9G_T38_2,1.0
CG_LT,41,,MM BINH DUONG,MM DA NANG,BANH GAO AN TAO BIEN 174.9G,27.0,0.6,2.0,18.2,PRICED_E2_shortage_ratio_BANH GAO AN TAO BIEN 174.9G_T41_2,1.0
CG_LT,42,,MM HIEP PHU,MM BINH PHU,BANH GAO AN TAO BIEN 174.9G,1.077685,0.6,2.0,2.646611,PRICED_E2_shortage_ratio_BANH GAO AN TAO BIEN 174.9G_T42_3,1.0
CG_LT,43,,MM BINH DUONG,MM BIEN HOA,BANH GAO AN TAO BIEN 174.9G,32.338897,0.6,2.0,21.403338,PRICED_E2_shortage_ratio_BANH GAO AN TAO BIEN 174.9G_T43_1,1.0
CG_LT,46,,MM BINH DUONG,MM AN PHU,BANH GAO AN TAO BIEN 174.9G,11.0,0.6,2.0,8.6,PRICED_E2_shortage_ratio_BANH GAO AN TAO BIEN 174.9G_T46_2,1.0
CG_LT,50,,MM HIEP PHU,MM BIEN HOA,BANH GAO AN TAO BIEN 174.9G,5.128,0.6,2.0,5.0768,PRICED_E2_shortage_ratio_BANH GAO AN TAO BIEN 174.9G_T50_2,1.0
CG_LT,61,,MM BIEN HOA,MM AN PHU,BANH GAO AN TAO BIEN 174.9G,35.0,0.6,2.0,23.0,PRICED_E2_shortage_ratio_BANH GAO AN TAO BIEN 174.9G_T61_1,1.0
CG_LT,61,,MM BIEN HOA,MM DA NANG,BANH GAO AN TAO BIEN 174.9G,28.191493,0.6,2.0,18.914896,PRICED_E2_shortage_ratio_BANH GAO AN TAO BIEN 174.9G_T61_1,1.0
CG_LT,62,,MM BINH DUONG,MM AN PHU,BANH GAO AN TAO BIEN 174.9G,41.565157,0.6,2.0,26.939094,PRICED_E2_shortage_ratio_BANH GAO AN TAO BIEN 174.9G_T62_1,1.0
CG_LT,62,,MM HIEP PHU,MM AN PHU,BANH GAO AN TAO BIEN 174.9G,6.236486,0.6,0.300082,4.041974,PRICED_E2_shortage_ratio_BANH GAO AN TAO BIEN 174.9G_T62_2,0.150041
CG_LT,71,,MM BIEN HOA,MM AN PHU,BANH GAO AN TAO BIEN 174.9G,0.217823,0.6,0.012175,0.142869,PRICED_E2_shortage_ratio_BANH GAO AN TAO BIEN 174.9G_T71_1,0.006087
CG_LT,71,,MM HIEP PHU,MM AN PHU,BANH GAO AN TAO BIEN 174.9G,35.782177,0.6,2.0,23.469306,PRICED_E2_shortage_ratio_BANH GAO AN TAO BIEN 174.9G_T71_3,1.0
CG_LT,72,,MM BINH DUONG,MM DA NANG,BANH GAO AN TAO BIEN 174.9G,3.23947,0.6,2.0,3.943682,PRICED_E2_shortage_ratio_BANH GAO AN TAO BIEN 174.9G_T72_2,1.0
CG_LT,81,,MM BIEN HOA,MM DA NANG,BANH GAO AN TAO BIEN 174.9G,13.333259,0.6,2.0,9.999955,PRICED_E2_shortage_ratio_BANH GAO AN TAO BIEN 174.9G_T81_1,1.0
CG_LT,81,,MM BINH DUONG,MM DA NANG,BANH GAO AN TAO BIEN 174.9G,13.333259,0.6,2.0,9.999955,PRICED_E2_shortage_ratio_BANH GAO AN TAO BIEN 174.9G_T81_2,1.0
CG_LT,81,,MM BINH PHU,MM DA NANG,BANH GAO AN TAO BIEN 174.9G,8.991624,0.6,1.348751,6.743725,PRICED_E2_shortage_ratio_BANH GAO AN TAO BIEN 174.9G_T81_3,0.674376
CG_LT,83,,MM BINH DUONG,MM AN PHU,BANH GAO AN TAO BIEN 174.9G,58.895555,0.6,2.0,37.337333,PRICED_E2_shortage_ratio_BANH GAO AN TAO BIEN 174.9G_T83_1,1.0
CG_LT,83,,MM HIEP PHU,MM AN PHU,BANH GAO AN TAO BIEN 174.9G,26.348099,0.6,0.89474,16.703599,PRICED_E2_shortage_ratio_BANH GAO AN TAO BIEN 174.9G_T83_3,0.44737
CG_LT,8,,MM BINH DUONG,MM AN PHU,BANH GAO AN TAO BIEN 174.9G,6.934452,0.6,2.0,6.160671,PRICED_E2_shortage_ratio_BANH GAO AN TAO BIEN 174.9G_T8_1,1.0
CG_LT,8,,MM BINH DUONG,MM BIEN HOA,BANH GAO AN TAO BIEN 174.9G,1.081571,0.6,2.0,2.648943,PRICED_E2_shortage_ratio_BANH GAO AN TAO BIEN 174.9G_T8_1,1.0
CG_LT,8,,MM BINH DUONG,MM DA NANG,BANH GAO AN TAO BIEN 174.9G,2.530321,0.6,2.0,3.518193,PRICED_E2_shortage_ratio_BANH GAO AN TAO BIEN 174.9G_T8_1,1.0
CG_LT,8,,MM BINH DUONG,MM HIEP PHU,BANH GAO AN TAO BIEN 174.9G,0.711806,0.6,2.0,2.427083,PRICED_E2_shortage_ratio_BANH GAO AN TAO BIEN 174.9G_T8_1,1.0
CG_LT,91,,MM BINH DUONG,MM DA NANG,BANH GAO AN TAO BIEN 174.9G,6.0,0.6,2.0,5.6,PRICED_E2_shortage_ratio_BANH GAO AN TAO BIEN 174.9G_T91_2,1.0
CG_LT,96,,MM BINH PHU,MM DA NANG,BANH GAO AN TAO BIEN 174.9G,10.505748,0.6,2.0,8.303449,PRICED_E2_shortage_ratio_BANH GAO AN TAO BIEN 174.9G_T96_3,1.0
CG_LT,102,,MM BIEN HOA,MM HIEP PHU,OREO VANILLA 110.4/105G,18.32,0.6,2.0,12.992,PRICED_E2_shortage_ratio_OREO VANILLA 110.4/105G_T102_1,1.0
CG_LT,107,,MM BINH DUONG,MM BINH PHU,OREO VANILLA 110.4/105G,36.704,0.6,2.0,24.0224,PRICED_E2_shortage_ratio_OREO VANILLA 110.4/105G_T107_2,1.0
CG_LT,108,,MM BIEN HOA,MM HIEP PHU,OREO VANILLA 110.4/105G,36.312856,0.6,2.0,23.787714,PRICED_E2_shortage_ratio_OREO VANILLA 110.4/105G_T108_1,1.0
CG_LT,108,,MM DA NANG,MM HIEP PHU,OREO VANILLA 110.4/105G,20.016895,0.6,1.102469,13.112606,PRICED_E2_shortage_ratio_OREO VANILLA 110.4/105G_T108_3,0.551234
CG_LT,10,,MM BINH DUONG,MM BIEN HOA,OREO VANILLA 110.4/105G,0.6,0.6,2.0,2.36,PRICED_E2_shortage_ratio_OREO VANILLA 110.4/105G_T10_2,1.0
CG_LT,110,,MM BIEN HOA,MM HIEP PHU,OREO VANILLA 110.4/105G,1.348545,0.6,2.0,2.809127,PRICED_E2_shortage_ratio_OREO VANILLA 110.4/105G_T110_1,1.0
CG_LT,111,,MM BINH DUONG,MM HIEP PHU,OREO VANILLA 110.4/105G,14.0,0.6,2.0,10.4,PRICED_E2_shortage_ratio_OREO VANILLA 110.4/105G_T111_2,1.0
CG_LT,115,,MM DA NANG,MM BINH DUONG,OREO VANILLA 110.4/105G,5.173678,0.6,2.0,5.104207,PRICED_E2_shortage_ratio_OREO VANILLA 110.4/105G_T115_2,1.0
CG_LT,116,,MM HIEP PHU,MM AN PHU,OREO VANILLA 110.4/105G,33.0,0.6,2.0,21.8,PRICED_E2_shortage_ratio_OREO VANILLA 110.4/105G_T116_1,1.0
CG_LT,117,,MM HIEP PHU,MM AN PHU,OREO VANILLA 110.4/105G,6.208565,0.6,2.0,5.725139,PRICED_E2_shortage_ratio_OREO VANILLA 110.4/105G_T117_1,1.0
CG_LT,117,,MM HIEP PHU,MM BINH DUONG,OREO VANILLA 110.4/105G,6.208565,0.6,2.0,5.725139,PRICED_E2_shortage_ratio_OREO VANILLA 110.4/105G_T117_2,1.0
CG_LT,117,,MM HIEP PHU,MM BINH PHU,OREO VANILLA 110.4/105G,6.208565,0.6,2.0,5.725139,PRICED_E2_shortage_ratio_OREO VANILLA 110.4/105G_T117_3,1.0
CG_LT,11,,MM BINH PHU,MM DA NANG,OREO VANILLA 110.4/105G,5.710001,0.6,2.0,5.426001,PRICED_E2_shortage_ratio_OREO VANILLA 110.4/105G_T11_1,1.0
CG_LT,11,,MM HIEP PHU,MM DA NANG,OREO VANILLA 110.4/105G,14.355437,0.6,2.0,10.613262,PRICED_E2_shortage_ratio_OREO VANILLA 110.4/105G_T11_1,1.0
CG_LT,121,,MM BIEN HOA,MM HIEP PHU,OREO VANILLA 110.4/105G,9.540683,0.6,1.990272,7.714681,PRICED_E2_shortage_ratio_OREO VANILLA 110.4/105G_T121_1,0.995136
CG_LT,121,,MM DA NANG,MM HIEP PHU,OREO VANILLA 110.4/105G,9.587317,0.6,2.0,7.75239,PRICED_E2_shortage_ratio_OREO VANILLA 110.4/105G_T121_3,1.0
CG_LT,122,,MM BINH DUONG,MM BINH PHU,OREO VANILLA 110.4/105G,22.318374,0.6,1.449922,14.840946,PRICED_E2_shortage_ratio_OREO VANILLA 110.4/105G_T122_1,0.724961
CG_LT,122,,MM DA NANG,MM BINH PHU,OREO VANILLA 110.4/105G,30.785626,0.6,2.0,20.471376,PRICED_E2_shortage_ratio_OREO VANILLA 110.4/105G_T122_2,1.0
CG_LT,125,,MM BIEN HOA,MM BINH DUONG,OREO VANILLA 110.4/105G,12.686968,0.6,2.0,9.612181,PRICED_E2_shortage_ratio_OREO VANILLA 110.4/105G_T125_1,1.0
CG_LT,126,,MM BIEN HOA,MM HIEP PHU,OREO VANILLA 110.4/105G,8.604275,0.6,2.0,7.162565,PRICED_E2_shortage_ratio_OREO VANILLA 110.4/105G_T126_1,1.0
CG_LT,127,,MM BIEN HOA,MM DA NANG,OREO VANILLA 110.4/105G,3.621048,0.6,0.859698,3.032327,PRICED_E2_shortage_ratio_OREO VANILLA 110.4/105G_T127_1,0.429849
CG_LT,128,,MM BIEN HOA,MM BINH PHU,OREO VANILLA 110.4/105G,10.11625,0.6,2.0,8.06975,PRICED_E2_shortage_ratio_OREO VANILLA 110.4/105G_T128_1,1.0
CG_LT,128,,MM BINH DUONG,MM BINH PHU,OREO VANILLA 110.4/105G,10.11625,0.6,2.0,8.06975,PRICED_E2_shortage_ratio_OREO VANILLA 110.4/105G_T128_2,1.0
CG_LT,12,,MM HIEP PHU,MM BINH DUONG,OREO VANILLA 110.4/105G,38.738923,0.6,2.0,25.243354,PRICED_E2_shortage_ratio_OREO VANILLA 110.4/105G_T12_1,1.0
CG_LT,12,,MM HIEP PHU,MM AN PHU,OREO VANILLA 110.4/105G,8.115238,0.6,1.582346,6.451488,PRICED_E2_shortage_ratio_OREO VANILLA 110.4/105G_T12_2,0.791173
CG_LT,12,,MM HIEP PHU,MM BINH DUONG,OREO VANILLA 110.4/105G,22.533948,0.6,1.582346,15.102714,PRICED_E2_shortage_ratio_OREO VANILLA 110.4/105G_T12_2,0.791173
CG_LT,133,,MM BIEN HOA,MM BINH PHU,OREO VANILLA 110.4/105G,4.536124,0.6,1.900753,4.622428,PRICED_E2_shortage_ratio_OREO VANILLA 110.4/105G_T133_1,0.950377
CG_LT,133,,MM BINH DUONG,MM BINH PHU,OREO VANILLA 110.4/105G,2.700705,0.6,1.131665,2.752088,PRICED_E2_shortage_ratio_OREO VANILLA 110.4/105G_T133_2,0.565833
CG_LT,136,,MM HIEP PHU,MM BINH PHU,OREO VANILLA 110.4/105G,6.774826,0.6,2.0,6.064895,PRICED_E2_shortage_ratio_OREO VANILLA 110.4/105G_T136_3,1.0
CG_LT,137,,MM BIEN HOA,MM BINH PHU,OREO VANILLA 110.4/105G,9.192144,0.6,2.0,7.515286,PRICED_E2_shortage_ratio_OREO VANILLA 110.4/105G_T137_1,1.0
CG_LT,137,,MM BINH DUONG,MM BINH PHU,OREO VANILLA 110.4/105G,9.192144,0.6,2.0,7.515286,PRICED_E2_shortage_ratio_OREO VANILLA 110.4/105G_T137_2,1.0
CG_LT,137,,MM HIEP PHU,MM BINH PHU,OREO VANILLA 110.4/105G,9.192144,0.6,2.0,7.515286,PRICED_E2_shortage_ratio_OREO VANILLA 110.4/105G_T137_3,1.0
CG_LT,138,,MM BIEN HOA,MM BINH PHU,OREO VANILLA 110.4/105G,24.022158,0.6,2.0,16.413295,PRICED_E2_shortage_ratio_OREO VANILLA 110.4/105G_T138_1,1.0
CG_LT,138,,MM HIEP PHU,MM BINH PHU,OREO VANILLA 110.4/105G,7.977842,0.6,0.664207,5.450912,PRICED_E2_shortage_ratio_OREO VANILLA 110.4/105G_T138_3,0.332103
CG_LT,139,,MM BIEN HOA,MM DA NANG,OREO VANILLA 110.4/105G,13.490244,0.6,1.849398,9.943544,PRICED_E2_shortage_ratio_OREO VANILLA 110.4/105G_T139_1,0.924699
CG_LT,139,,MM BINH DUONG,MM DA NANG,OREO VANILLA 110.4/105G,14.588796,0.6,2.0,10.753278,PRICED_E2_shortage_ratio_OREO VANILLA 110.4/105G_T139_2,1.0
CG_LT,141,,MM BIEN HOA,MM DA NANG,OREO VANILLA 110.4/105G,9.170241,0.6,2.0,7.502145,PRICED_E2_shortage_ratio_OREO VANILLA 110.4/105G_T141_1,1.0
CG_LT,143,,MM HIEP PHU,MM BINH DUONG,OREO VANILLA 110.4/105G,81.56,0.6,2.0,50.936,PRICED_E2_shortage_ratio_OREO VANILLA 110.4/105G_T143_2,1.0
CG_LT,144,,MM BIEN HOA,MM DA NANG,OREO VANILLA 110.4/105G,14.355923,0.6,2.0,10.613554,PRICED_E2_shortage_ratio_OREO VANILLA 110.4/105G_T144_1,1.0
CG_LT,145,,MM BIEN HOA,MM BINH DUONG,OREO VANILLA 110.4/105G,14.053641,0.6,2.0,10.432184,PRICED_E2_shortage_ratio_OREO VANILLA 110.4/105G_T145_1,1.0
CG_LT,145,,MM HIEP PHU,MM BINH DUONG,OREO VANILLA 110.4/105G,4.459178,0.6,0.634594,3.3101,PRICED_E2_shortage_ratio_OREO VANILLA 110.4/105G_T145_2,0.317297
CG_LT,146,,MM BIEN HOA,MM BINH PHU,OREO VANILLA 110.4/105G,45.16534,0.6,2.0,29.099204,PRICED_E2_shortage_ratio_OREO VANILLA 110.4/105G_T146_1,1.0
CG_LT,146,,MM HIEP PHU,MM BINH PHU,OREO VANILLA 110.4/105G,7.83466,0.6,0.346932,5.047728,PRICED_E2_shortage_ratio_OREO VANILLA 110.4/105G_T146_3,0.173466
CG_LT,147,,MM BIEN HOA,MM BINH PHU,OREO VANILLA 110.4/105G,14.849622,0.6,0.688273,9.598046,PRICED_E2_shortage_ratio_OREO VANILLA 110.4/105G_T147_1,0.344137
CG_LT,147,,MM BINH DUONG,MM BINH PHU,OREO VANILLA 110.4/105G,43.150378,0.6,2.0,27.890227,PRICED_E2_shortage_ratio_OREO VANILLA 110.4/105G_T147_2,1.0
CG_LT,148,,MM BIEN HOA,MM BINH PHU,OREO VANILLA 110.4/105G,4.349734,0.6,0.550199,3.16004,PRICED_E2_shortage_ratio_OREO VANILLA 110.4/105G_T148_1,0.2751
CG_LT,148,,MM BINH DUONG,MM BINH PHU,OREO VANILLA 110.4/105G,15.811479,0.6,2.0,11.486887,PRICED_E2_shortage_ratio_OREO VANILLA 110.4/105G_T148_2,1.0
CG_LT,149,,MM BIEN HOA,MM BINH PHU,OREO VANILLA 110.4/105G,7.628618,0.6,2.0,6.577171,PRICED_E2_shortage_ratio_OREO VANILLA 110.4/105G_T149_1,1.0
CG_LT,149,,MM HIEP PHU,MM BINH PHU,OREO VANILLA 110.4/105G,6.790009,0.6,1.780141,5.854147,PRICED_E2_shortage_ratio_OREO VANILLA 110.4/105G_T149_3,0.890071
CG_LT,14,,MM BIEN HOA,MM AN PHU,OREO VANILLA 110.4/105G,6.419164,0.6,2.0,5.851498,PRICED_E2_shortage_ratio_OREO VANILLA 110.4/105G_T14_1,1.0
CG_LT,14,,MM BIEN HOA,MM BINH DUONG,OREO VANILLA 110.4/105G,6.90281,0.6,2.0,6.141686,PRICED_E2_shortage_ratio_OREO VANILLA 110.4/105G_T14_1,1.0
CG_LT,14,,MM BIEN HOA,MM BINH PHU,OREO VANILLA 110.4/105G,21.604584,0.6,2.0,14.96275,PRICED_E2_shortage_ratio_OREO VANILLA 110.4/105G_T14_1,1.0
CG_LT,14,,MM BIEN HOA,MM BINH PHU,OREO VANILLA 110.4/105G,2.826719,0.6,0.161866,1.857898,PRICED_E2_shortage_ratio_OREO VANILLA 110.4/105G_T14_3,0.080933
CG_LT,150,,MM BIEN HOA,MM BINH DUONG,OREO VANILLA 110.4/105G,65.584,0.6,2.0,41.3504,PRICED_E2_shortage_ratio_OREO VANILLA 110.4/105G_T150_2,1.0
CG_LT,150,,MM BINH DUONG,MM DA NANG,OREO VANILLA 110.4/105G,7.23638,0.6,2.0,6.341828,PRICED_E2_shortage_ratio_OREO VANILLA 110.4/105G_T150_2,1.0
CG_LT,151,,MM BIEN HOA,MM BINH PHU,OREO VANILLA 110.4/105G,8.259292,0.6,2.0,6.955575,PRICED_E2_shortage_ratio_OREO VANILLA 110.4/105G_T151_2,1.0
CG_LT,17,,MM BIEN HOA,MM BINH PHU,OREO VANILLA 110.4/105G,2.295384,0.6,2.0,3.37723,PRICED_E2_shortage_ratio_OREO VANILLA 110.4/105G_T17_1,1.0
CG_LT,21,,MM BIEN HOA,MM BINH DUONG,OREO VANILLA 110.4/105G,126.917449,0.6,2.0,78.150469,PRICED_E2_shortage_ratio_OREO VANILLA 110.4/105G_T21_2,1.0
CG_LT,21,,MM HIEP PHU,MM BINH DUONG,OREO VANILLA 110.4/105G,133.462774,0.6,2.0,82.077664,PRICED_E2_shortage_ratio_OREO VANILLA 110.4/105G_T21_2,1.0
CG_LT,22,,MM HIEP PHU,MM BINH PHU,OREO VANILLA 110.4/105G,39.987559,0.6,2.0,25.992535,PRICED_E2_shortage_ratio_OREO VANILLA 110.4/105G_T22_1,1.0
CG_LT,22,,MM BIEN HOA,MM BINH PHU,OREO VANILLA 110.4/105G,5.105203,0.6,0.500778,3.5639,PRICED_E2_shortage_ratio_OREO VANILLA 110.4/105G_T22_2,0.250389
CG_LT,22,,MM HIEP PHU,MM BINH PHU,OREO VANILLA 110.4/105G,4.907239,0.6,0.500778,3.445121,PRICED_E2_shortage_ratio_OREO VANILLA 110.4/105G_T22_2,0.250389
CG_LT,23,,MM BIEN HOA,MM BINH DUONG,OREO VANILLA 110.4/105G,4.164165,0.6,1.187659,3.686158,PRICED_E2_shortage_ratio_OREO VANILLA 110.4/105G_T23_1,0.59383
CG_LT,23,,MM HIEP PHU,MM BINH DUONG,OREO VANILLA 110.4/105G,7.01239,0.6,2.0,6.207434,PRICED_E2_shortage_ratio_OREO VANILLA 110.4/105G_T23_2,1.0
CG_LT,25,,MM BIEN HOA,MM BINH DUONG,OREO VANILLA 110.4/105G,16.893615,0.6,2.0,12.136169,PRICED_E2_shortage_ratio_OREO VANILLA 110.4/105G_T25_1,1.0
CG_LT,26,,MM BIEN HOA,MM BINH DUONG,OREO VANILLA 110.4/105G,7.63779,0.6,2.0,6.582674,PRICED_E2_shortage_ratio_OREO VANILLA 110.4/105G_T26_1,1.0
CG_LT,26,,MM HIEP PHU,MM BINH DUONG,OREO VANILLA 110.4/105G,7.63779,0.6,2.0,6.582674,PRICED_E2_shortage_ratio_OREO VANILLA 110.4/105G_T26_2,1.0
CG_LT,29,,MM BIEN HOA,MM BINH DUONG,OREO VANILLA 110.4/105G,3.841525,0.6,2.0,4.304915,PRICED_E2_shortage_ratio_OREO VANILLA 110.4/105G_T29_1,1.0
CG_LT,29,,MM HIEP PHU,MM BINH DUONG,OREO VANILLA 110.4/105G,3.841525,0.6,2.0,4.304915,PRICED_E2_shortage_ratio_OREO VANILLA 110.4/105G_T29_2,1.0
CG_LT,30,,MM BIEN HOA,MM BINH DUONG,OREO VANILLA 110.4/105G,5.664193,0.6,2.0,5.398516,PRICED_E2_shortage_ratio_OREO VANILLA 110.4/105G_T30_1,1.0
CG_LT,30,,MM HIEP PHU,MM BINH DUONG,OREO VANILLA 110.4/105G,5.664193,0.6,2.0,5.398516,PRICED_E2_shortage_ratio_OREO VANILLA 110.4/105G_T30_2,1.0
CG_LT,31,,MM HIEP PHU,MM DA NANG,OREO VANILLA 110.4/105G,59.0,0.6,2.0,37.4,PRICED_E2_shortage_ratio_OREO VANILLA 110.4/105G_T31_3,1.0
CG_LT,32,,MM BINH DUONG,MM DA NANG,OREO VANILLA 110.4/105G,14.334989,0.6,1.154297,9.755291,PRICED_E2_shortage_ratio_OREO VANILLA 110.4/105G_T32_1,0.577149
CG_LT,32,,MM HIEP PHU,MM DA NANG,OREO VANILLA 110.4/105G,24.837609,0.6,2.0,16.902565,PRICED_E2_shortage_ratio_OREO VANILLA 110.4/105G_T32_2,1.0
CG_LT,33,,MM BIEN HOA,MM DA NANG,OREO VANILLA 110.4/105G,1.86267,0.6,0.088409,1.206012,PRICED_E2_shortage_ratio_OREO VANILLA 110.4/105G_T33_1,0.044205
CG_LT,33,,MM BIEN HOA,MM HIEP PHU,OREO VANILLA 110.4/105G,2.193263,0.6,0.088409,1.404367,PRICED_E2_shortage_ratio_OREO VANILLA 110.4/105G_T33_1,0.044205
CG_LT,33,,MM BIEN HOA,MM DA NANG,OREO VANILLA 110.4/105G,42.13733,0.6,2.0,27.282398,PRICED_E2_shortage_ratio_OREO VANILLA 110.4/105G_T33_5,1.0
CG_LT,33,,MM BINH DUONG,MM HIEP PHU,OREO VANILLA 110.4/105G,49.616,0.6,2.0,31.7696,PRICED_E2_shortage_ratio_OREO VANILLA 110.4/105G_T33_5,1.0
CG_LT,35,,MM BIEN HOA,MM DA NANG,OREO VANILLA 110.4/105G,10.53433,0.6,2.0,8.320598,PRICED_E2_shortage_ratio_OREO VANILLA 110.4/105G_T35_1,1.0
CG_LT,36,,MM BINH DUONG,MM BINH PHU,OREO VANILLA 110.4/105G,99.78081,0.6,2.0,61.868486,PRICED_E2_shortage_ratio_OREO VANILLA 110.4/105G_T36_1,1.0
CG_LT,39,,MM HIEP PHU,MM BINH PHU,OREO VANILLA 110.4/105G,3.317386,0.6,2.0,3.990432,PRICED_E2_shortage_ratio_OREO VANILLA 110.4/105G_T39_1,1.0
CG_LT,39,,MM HIEP PHU,MM DA NANG,OREO VANILLA 110.4/105G,3.320007,0.6,2.0,3.992004,PRICED_E2_shortage_ratio_OREO VANILLA 110.4/105G_T39_1,1.0
CG_LT,41,,MM BIEN HOA,MM AN PHU,OREO VANILLA 110.4/105G,8.860479,0.6,2.0,7.316288,PRICED_E2_shortage_ratio_OREO VANILLA 110.4/105G_T41_1,1.0
CG_LT,41,,MM BIEN HOA,MM BINH PHU,OREO VANILLA 110.4/105G,7.693936,0.6,2.0,6.616362,PRICED_E2_shortage_ratio_OREO VANILLA 110.4/105G_T41_1,1.0
CG_LT,47,,MM BINH DUONG,MM DA NANG,OREO VANILLA 110.4/105G,31.402392,0.6,2.0,20.841435,PRICED_E2_shortage_ratio_OREO VANILLA 110.4/105G_T47_1,1.0
CG_LT,47,,MM HIEP PHU,MM DA NANG,OREO VANILLA 110.4/105G,8.107189,0.6,0.516342,5.380656,PRICED_E2_shortage_ratio_OREO VANILLA 110.4/105G_T47_2,0.258171
CG_LT,48,,MM BIEN HOA,MM DA NANG,OREO VANILLA 110.4/105G,12.295106,0.6,2.0,9.377064,PRICED_E2_shortage_ratio_OREO VANILLA 110.4/105G_T48_1,1.0
CG_LT,48,,MM HIEP PHU,MM DA NANG,OREO VANILLA 110.4/105G,4.998515,0.6,0.81309,3.8122,PRICED_E2_shortage_ratio_OREO VANILLA 110.4/105G_T48_3,0.406545
CG_LT,51,,MM BINH DUONG,MM BINH PHU,OREO VANILLA 110.4/105G,23.0,0.6,2.0,15.8,PRICED_E2_shortage_ratio_OREO VANILLA 110.4/105G_T51_2,1.0
CG_LT,53,,MM BINH DUONG,MM BINH PHU,OREO VANILLA 110.4/105G,3.474688,0.6,2.0,4.084813,PRICED_E2_shortage_ratio_OREO VANILLA 110.4/105G_T53_2,1.0
CG_LT,53,,MM HIEP PHU,MM BINH PHU,OREO VANILLA 110.4/105G,1.934352,0.6,1.113396,2.274007,PRICED_E2_shortage_ratio_OREO VANILLA 110.4/105G_T53_3,0.556698
CG_LT,56,,MM BIEN HOA,MM BINH PHU,OREO VANILLA 110.4/105G,13.499817,0.6,2.0,10.09989,PRICED_E2_shortage_ratio_OREO VANILLA 110.4/105G_T56_1,1.0
CG_LT,56,,MM BINH DUONG,MM BINH PHU,OREO VANILLA 110.4/105G,0.000367,0.6,5.4e-05,0.000274,PRICED_E2_shortage_ratio_OREO VANILLA 110.4/105G_T56_2,2.7e-05
CG_LT,56,,MM HIEP PHU,MM BINH PHU,OREO VANILLA 110.4/105G,13.499817,0.6,2.0,10.09989,PRICED_E2_shortage_ratio_OREO VANILLA 110.4/105G_T56_3,1.0
CG_LT,57,,MM BINH DUONG,MM BINH PHU,OREO VANILLA 110.4/105G,48.0,0.6,2.0,30.8,PRICED_E2_shortage_ratio_OREO VANILLA 110.4/105G_T57_2,1.0
CG_LT,58,,MM BINH DUONG,MM BINH PHU,OREO VANILLA 110.4/105G,11.024511,0.6,0.475836,7.090543,PRICED_E2_shortage_ratio_OREO VANILLA 110.4/105G_T58_2,0.237918
CG_LT,58,,MM HIEP PHU,MM BINH PHU,OREO VANILLA 110.4/105G,46.337443,0.6,2.0,29.802466,PRICED_E2_shortage_ratio_OREO VANILLA 110.4/105G_T58_3,1.0
CG_LT,59,,MM BINH DUONG,MM BINH PHU,OREO VANILLA 110.4/105G,3.198347,0.6,0.125915,2.044923,PRICED_E2_shortage_ratio_OREO VANILLA 110.4/105G_T59_1,0.062958
CG_LT,59,,MM HIEP PHU,MM BINH PHU,OREO VANILLA 110.4/105G,50.801653,0.6,2.0,32.480992,PRICED_E2_shortage_ratio_OREO VANILLA 110.4/105G_T59_2,1.0
CG_LT,60,,MM BIEN HOA,MM BINH PHU,OREO VANILLA 110.4/105G,9.462217,0.6,2.0,7.67733,PRICED_E2_shortage_ratio_OREO VANILLA 110.4/105G_T60_1,1.0
CG_LT,60,,MM BINH DUONG,MM BINH PHU,OREO VANILLA 110.4/105G,5.132332,0.6,1.084805,4.164204,PRICED_E2_shortage_ratio_OREO VANILLA 110.4/105G_T60_2,0.542403
CG_LT,60,,MM HIEP PHU,MM BINH PHU,OREO VANILLA 110.4/105G,9.462217,0.6,2.0,7.67733,PRICED_E2_shortage_ratio_OREO VANILLA 110.4/105G_T60_3,1.0
CG_LT,62,,MM BIEN HOA,MM BINH PHU,OREO VANILLA 110.4/105G,5.266118,0.6,2.0,5.159671,PRICED_E2_shortage_ratio_OREO VANILLA 110.4/105G_T62_1,1.0
CG_LT,62,,MM BINH DUONG,MM BINH PHU,OREO VANILLA 110.4/105G,5.266118,0.6,2.0,5.159671,PRICED_E2_shortage_ratio_OREO VANILLA 110.4/105G_T62_2,1.0
CG_LT,62,,MM HIEP PHU,MM BINH PHU,OREO VANILLA 110.4/105G,5.266118,0.6,2.0,5.159671,PRICED_E2_shortage_ratio_OREO VANILLA 110.4/105G_T62_3,1.0
CG_LT,63,,MM BINH DUONG,MM BINH PHU,OREO VANILLA 110.4/105G,13.680446,0.6,1.493535,9.701802,PRICED_E2_shortage_ratio_OREO VANILLA 110.4/105G_T63_2,0.746767
CG_LT,63,,MM HIEP PHU,MM BINH PHU,OREO VANILLA 110.4/105G,18.319554,0.6,2.0,12.991733,PRICED_E2_shortage_ratio_OREO VANILLA 110.4/105G_T63_3,1.0
CG_LT,64,,MM BINH DUONG,MM BINH PHU,OREO VANILLA 110.4/105G,8.477662,0.6,0.195965,5.282562,PRICED_E2_shortage_ratio_OREO VANILLA 110.4/105G_T64_1,0.097982
CG_LT,64,,MM HIEP PHU,MM BINH PHU,OREO VANILLA 110.4/105G,86.522338,0.6,2.0,53.913403,PRICED_E2_shortage_ratio_OREO VANILLA 110.4/105G_T64_2,1.0
CG_LT,65,,MM BINH DUONG,MM BINH PHU,OREO VANILLA 110.4/105G,127.722851,0.6,2.0,78.63371,PRICED_E2_shortage_ratio_OREO VANILLA 110.4/105G_T65_1,1.0
CG_LT,65,,MM BIEN HOA,MM BINH PHU,OREO VANILLA 110.4/105G,0.582574,0.6,0.104831,0.454376,PRICED_E2_shortage_ratio_OREO VANILLA 110.4/105G_T65_2,0.052416
CG_LT,65,,MM HIEP PHU,MM BINH PHU,OREO VANILLA 110.4/105G,6.1121,0.6,0.104831,3.772091,PRICED_E2_shortage_ratio_OREO VANILLA 110.4/105G_T65_2,0.052416
CG_LT,66,,MM BINH DUONG,MM DA NANG,OREO VANILLA 110.4/105G,1.14774,0.6,0.023829,0.712473,PRICED_E2_shortage_ratio_OREO VANILLA 110.4/105G_T66_1,0.011915
CG_LT,66,,MM HIEP PHU,MM DA NANG,OREO VANILLA 110.4/105G,96.330409,0.6,2.0,59.798245,PRICED_E2_shortage_ratio_OREO VANILLA 110.4/105G_T66_2,1.0
CG_LT,67,,MM BIEN HOA,MM BINH PHU,OREO VANILLA 110.4/105G,16.857007,0.6,2.0,12.114204,PRICED_E2_shortage_ratio_OREO VANILLA 110.4/105G_T67_1,1.0
CG_LT,67,,MM BINH DUONG,MM BINH PHU,OREO VANILLA 110.4/105G,7.326513,0.6,0.869254,5.265162,PRICED_E2_shortage_ratio_OREO VANILLA 110.4/105G_T67_2,0.434627
CG_LT,6,,MM HIEP PHU,MM BIEN HOA,OREO VANILLA 110.4/105G,13.151025,0.6,0.900257,8.790872,PRICED_E2_shortage_ratio_OREO VANILLA 110.4/105G_T6_3,0.450128
CG_LT,70,,MM BIEN HOA,MM BINH PHU,OREO VANILLA 110.4/105G,10.113133,0.6,2.0,8.06788,PRICED_E2_shortage_ratio_OREO VANILLA 110.4/105G_T70_1,1.0
CG_LT,70,,MM BINH DUONG,MM BINH PHU,OREO VANILLA 110.4/105G,7.145188,0.6,1.413051,5.700164,PRICED_E2_shortage_ratio_OREO VANILLA 110.4/105G_T70_2,0.706526
CG_LT,71,,MM BIEN HOA,MM BINH PHU,OREO VANILLA 110.4/105G,79.209696,0.6,2.0,49.525817,PRICED_E2_shortage_ratio_OREO VANILLA 110.4/105G_T71_1,1.0
CG_LT,71,,MM BINH DUONG,MM BINH PHU,OREO VANILLA 110.4/105G,11.702337,0.6,0.295477,7.31688,PRICED_E2_shortage_ratio_OREO VANILLA 110.4/105G_T71_2,0.147739
CG_LT,72,,MM BIEN HOA,MM BINH PHU,OREO VANILLA 110.4/105G,6.062491,0.6,0.104582,3.742077,PRICED_E2_shortage_ratio_OREO VANILLA 110.4/105G_T72_1,0.052291
CG_LT,72,,MM HIEP PHU,MM BINH PHU,OREO VANILLA 110.4/105G,115.937509,0.6,2.0,71.562505,PRICED_E2_shortage_ratio_OREO VANILLA 110.4/105G_T72_3,1.0
CG_LT,73,,MM BINH DUONG,MM BINH PHU,OREO VANILLA 110.4/105G,18.901071,0.6,1.018955,12.359597,PRICED_E2_shortage_ratio_OREO VANILLA 110.4/105G_T73_2,0.509478
CG_LT,73,,MM HIEP PHU,MM BINH PHU,OREO VANILLA 110.4/105G,37.098929,0.6,2.0,24.259358,PRICED_E2_shortage_ratio_OREO VANILLA 110.4/105G_T73_3,1.0
CG_LT,75,,MM BIEN HOA,MM BINH PHU,OREO VANILLA 110.4/105G,2.473175,0.6,2.0,3.483905,PRICED_E2_shortage_ratio_OREO VANILLA 110.4/105G_T75_1,1.0
CG_LT,75,,MM BINH DUONG,MM BINH PHU,OREO VANILLA 110.4/105G,2.473175,0.6,2.0,3.483905,PRICED_E2_shortage_ratio_OREO VANILLA 110.4/105G_T75_2,1.0
CG_LT,75,,MM HIEP PHU,MM BINH PHU,OREO VANILLA 110.4/105G,0.831082,0.6,0.672077,1.170727,PRICED_E2_shortage_ratio_OREO VANILLA 110.4/105G_T75_3,0.336039
CG_LT,7,,MM BINH DUONG,MM BIEN HOA,OREO VANILLA 110.4/105G,1.842793,0.6,2.0,3.105676,PRICED_E2_shortage_ratio_OREO VANILLA 110.4/105G_T7_1,1.0
CG_LT,7,,MM BINH PHU,MM BIEN HOA,OREO VANILLA 110.4/105G,4.287502,0.6,2.0,4.572501,PRICED_E2_shortage_ratio_OREO VANILLA 110.4/105G_T7_1,1.0
CG_LT,7,,MM HIEP PHU,MM BIEN HOA,OREO VANILLA 110.4/105G,3.34944,0.6,2.0,4.009664,PRICED_E2_shortage_ratio_OREO VANILLA 110.4/105G_T7_1,1.0
CG_LT,86,,MM BIEN HOA,MM DA NANG,OREO VANILLA 110.4/105G,10.950727,0.6,2.0,8.570436,PRICED_E2_shortage_ratio_OREO VANILLA 110.4/105G_T86_1,1.0
CG_LT,86,,MM BINH PHU,MM DA NANG,OREO VANILLA 110.4/105G,9.438138,0.6,1.723746,7.386629,PRICED_E2_shortage_ratio_OREO VANILLA 110.4/105G_T86_3,0.861873
CG_LT,9,,MM HIEP PHU,MM BINH DUONG,OREO VANILLA 110.4/105G,5.4,0.6,2.0,5.24,PRICED_E2_shortage_ratio_OREO VANILLA 110.4/105G_T9_1,1.0
CG_LT,113,,MM DA NANG,MM AN PHU,AN RICE CRACKER SEAWEED 111.3G,4.154304,0.6,2.0,4.492582,PRICED_E3_shortage_ratio_AN RICE CRACKER SEAWEED 111.3G_T113_2,1.0
CG_LT,16,,MM BIEN HOA,MM AN PHU,AN RICE CRACKER SEAWEED 111.3G,0.986672,0.6,2.0,2.592003,PRICED_E3_shortage_ratio_AN RICE CRACKER SEAWEED 111.3G_T16_1,1.0
CG_LT,8,,MM BIEN HOA,MM HIEP PHU,AN RICE CRACKER SEAWEED 111.3G,0.243705,0.6,2.0,2.146223,PRICED_E3_shortage_ratio_AN RICE CRACKER SEAWEED 111.3G_T8_1,1.0
CG_LT,8,,MM BINH DUONG,MM HIEP PHU,AN RICE CRACKER SEAWEED 111.3G,0.026774,0.6,2.0,2.016064,PRICED_E3_shortage_ratio_AN RICE CRACKER SEAWEED 111.3G_T8_1,1.0
CG_LT,8,,MM BIEN HOA,MM AN PHU,AN RICE CRACKER SEAWEED 111.3G,0.243705,0.6,2.0,2.146223,PRICED_E3_shortage_ratio_AN RICE CRACKER SEAWEED 111.3G_T8_2,1.0
CG_LT,8,,MM BINH DUONG,MM HIEP PHU,AN RICE CRACKER SEAWEED 111.3G,0.026774,0.6,2.0,2.016064,PRICED_E3_shortage_ratio_AN RICE CRACKER SEAWEED 111.3G_T8_2,1.0
CG_LT,8,,MM BIEN HOA,MM HIEP PHU,AN RICE CRACKER SEAWEED 111.3G,0.243705,0.6,2.0,2.146223,PRICED_E3_shortage_ratio_AN RICE CRACKER SEAWEED 111.3G_T8_4,1.0
CG_LT,8,,MM BINH DUONG,MM AN PHU,AN RICE CRACKER SEAWEED 111.3G,0.026774,0.6,2.0,2.016064,PRICED_E3_shortage_ratio_AN RICE CRACKER SEAWEED 111.3G_T8_4,1.0
CG_LT,121,,MM BIEN HOA,MM AN PHU,OREO VANILLA 110.4/105G,8.201282,0.6,1.607968,6.528737,PRICED_E3_shortage_ratio_OREO VANILLA 110.4/105G_T121_1,0.803984
CG_LT,121,,MM DA NANG,MM AN PHU,OREO VANILLA 110.4/105G,7.838886,0.6,1.536916,6.240247,PRICED_E3_shortage_ratio_OREO VANILLA 110.4/105G_T121_3,0.768458
CG_LT,14,,MM HIEP PHU,MM BINH PHU,OREO VANILLA 110.4/105G,8.464697,0.6,2.0,7.078818,PRICED_E3_shortage_ratio_OREO VANILLA 110.4/105G_T14_1,1.0
CG_LT,56,,MM BIEN HOA,MM AN PHU,OREO VANILLA 110.4/105G,8.962819,0.6,2.0,7.377691,PRICED_E3_shortage_ratio_OREO VANILLA 110.4/105G_T56_1,1.0
CG_LT,56,,MM BINH DUONG,MM AN PHU,OREO VANILLA 110.4/105G,0.046059,0.6,0.010278,0.037913,PRICED_E3_shortage_ratio_OREO VANILLA 110.4/105G_T56_2,0.005139
CG_LT,56,,MM HIEP PHU,MM AN PHU,OREO VANILLA 110.4/105G,8.962819,0.6,2.0,7.377691,PRICED_E3_shortage_ratio_OREO VANILLA 110.4/105G_T56_3,1.0
CG_LT,16,,MM BIEN HOA,MM AN PHU,AN RICE CRACKER SEAWEED 111.3G,0.898028,0.6,2.0,2.538817,PRICED_E4_shortage_ratio_AN RICE CRACKER SEAWEED 111.3G_T16_1,1.0
CG_LT,8,,MM BIEN HOA,MM HIEP PHU,AN RICE CRACKER SEAWEED 111.3G,0.171334,0.6,2.0,2.102801,PRICED_E4_shortage_ratio_AN RICE CRACKER SEAWEED 111.3G_T8_1,1.0
CG_LT,8,,MM BINH DUONG,MM HIEP PHU,AN RICE CRACKER SEAWEED 111.3G,0.018823,0.6,2.0,2.011294,PRICED_E4_shortage_ratio_AN RICE CRACKER SEAWEED 111.3G_T8_1,1.0
CG_LT,8,,MM BIEN HOA,MM AN PHU,AN RICE CRACKER SEAWEED 111.3G,0.171334,0.6,2.0,2.102801,PRICED_E4_shortage_ratio_AN RICE CRACKER SEAWEED 111.3G_T8_2,1.0
CG_LT,8,,MM BINH DUONG,MM HIEP PHU,AN RICE CRACKER SEAWEED 111.3G,0.018823,0.6,2.0,2.011294,PRICED_E4_shortage_ratio_AN RICE CRACKER SEAWEED 111.3G_T8_2,1.0
CG_LT,8,,MM BIEN HOA,MM HIEP PHU,AN RICE CRACKER SEAWEED 111.3G,0.171334,0.6,2.0,2.102801,PRICED_E4_shortage_ratio_AN RICE CRACKER SEAWEED 111.3G_T8_4,1.0
CG_LT,8,,MM BINH DUONG,MM AN PHU,AN RICE CRACKER SEAWEED 111.3G,0.018823,0.6,2.0,2.011294,PRICED_E4_shortage_ratio_AN RICE CRACKER SEAWEED 111.3G_T8_4,1.0
CG_LT,16,,MM BIEN HOA,MM AN PHU,AN RICE CRACKER SEAWEED 111.3G,0.817347,0.6,2.0,2.490408,PRICED_E5_shortage_ratio_AN RICE CRACKER SEAWEED 111.3G_T16_1,1.0
CG_LT,16,,MM BIEN HOA,MM DA NANG,AN RICE CRACKER SEAWEED 111.3G,0.817347,0.6,2.0,2.490408,PRICED_E5_shortage_ratio_AN RICE CRACKER SEAWEED 111.3G_T16_2,1.0
CG_LT,8,,MM BIEN HOA,MM HIEP PHU,AN RICE CRACKER SEAWEED 111.3G,0.120455,0.6,2.0,2.072273,PRICED_E5_shortage_ratio_AN RICE CRACKER SEAWEED 111.3G_T8_1,1.0
CG_LT,8,,MM BINH DUONG,MM HIEP PHU,AN RICE CRACKER SEAWEED 111.3G,0.013233,0.6,2.0,2.00794,PRICED_E5_shortage_ratio_AN RICE CRACKER SEAWEED 111.3G_T8_1,1.0
CG_LT,8,,MM BIEN HOA,MM AN PHU,AN RICE CRACKER SEAWEED 111.3G,0.120455,0.6,2.0,2.072273,PRICED_E5_shortage_ratio_AN RICE CRACKER SEAWEED 111.3G_T8_2,1.0
CG_LT,8,,MM BINH DUONG,MM HIEP PHU,AN RICE CRACKER SEAWEED 111.3G,0.013233,0.6,2.0,2.00794,PRICED_E5_shortage_ratio_AN RICE CRACKER SEAWEED 111.3G_T8_2,1.0
CG_LT,8,,MM BIEN HOA,MM HIEP PHU,AN RICE CRACKER SEAWEED 111.3G,0.120455,0.6,2.0,2.072273,PRICED_E5_shortage_ratio_AN RICE CRACKER SEAWEED 111.3G_T8_4,1.0
CG_LT,8,,MM BINH DUONG,MM AN PHU,AN RICE CRACKER SEAWEED 111.3G,0.013233,0.6,2.0,2.00794,PRICED_E5_shortage_ratio_AN RICE CRACKER SEAWEED 111.3G_T8_4,1.0
CG_LT,16,,MM BIEN HOA,MM AN PHU,AN RICE CRACKER SEAWEED 111.3G,0.670484,0.6,2.0,2.40229,PRICED_E6_shortage_ratio_AN RICE CRACKER SEAWEED 111.3G_T16_1,1.0
CG_LT,16,,MM BIEN HOA,MM DA NANG,AN RICE CRACKER SEAWEED 111.3G,0.670484,0.6,2.0,2.40229,PRICED_E6_shortage_ratio_AN RICE CRACKER SEAWEED 111.3G_T16_2,1.0
CG_LT,8,,MM BIEN HOA,MM HIEP PHU,AN RICE CRACKER SEAWEED 111.3G,0.084684,0.6,2.0,2.050811,PRICED_E6_shortage_ratio_AN RICE CRACKER SEAWEED 111.3G_T8_1,1.0
CG_LT,8,,MM BINH DUONG,MM HIEP PHU,AN RICE CRACKER SEAWEED 111.3G,0.009304,0.6,2.0,2.005582,PRICED_E6_shortage_ratio_AN RICE CRACKER SEAWEED 111.3G_T8_1,1.0
CG_LT,8,,MM BIEN HOA,MM AN PHU,AN RICE CRACKER SEAWEED 111.3G,0.084684,0.6,2.0,2.050811,PRICED_E6_shortage_ratio_AN RICE CRACKER SEAWEED 111.3G_T8_2,1.0
CG_LT,8,,MM BINH DUONG,MM HIEP PHU,AN RICE CRACKER SEAWEED 111.3G,0.009304,0.6,2.0,2.005582,PRICED_E6_shortage_ratio_AN RICE CRACKER SEAWEED 111.3G_T8_2,1.0
CG_LT,8,,MM BIEN HOA,MM HIEP PHU,AN RICE CRACKER SEAWEED 111.3G,0.084684,0.6,2.0,2.050811,PRICED_E6_shortage_ratio_AN RICE CRACKER SEAWEED 111.3G_T8_4,1.0
CG_LT,8,,MM BINH DUONG,MM AN PHU,AN RICE CRACKER SEAWEED 111.3G,0.009304,0.6,2.0,2.005582,PRICED_E6_shortage_ratio_AN RICE CRACKER SEAWEED 111.3G_T8_4,1.0
CG_LT,16,,MM BIEN HOA,MM AN PHU,AN RICE CRACKER SEAWEED 111.3G,0.550009,0.6,2.0,2.330006,PRICED_E7_shortage_ratio_AN RICE CRACKER SEAWEED 111.3G_T16_1,1.0
CG_LT,16,,MM BIEN HOA,MM DA NANG,AN RICE CRACKER SEAWEED 111.3G,0.550009,0.6,2.0,2.330006,PRICED_E7_shortage_ratio_AN RICE CRACKER SEAWEED 111.3G_T16_2,1.0
CG_LT,8,,MM BIEN HOA,MM HIEP PHU,AN RICE CRACKER SEAWEED 111.3G,0.059537,0.6,2.0,2.035722,PRICED_E7_shortage_ratio_AN RICE CRACKER SEAWEED 111.3G_T8_1,1.0
CG_LT,8,,MM BINH DUONG,MM HIEP PHU,AN RICE CRACKER SEAWEED 111.3G,0.006541,0.6,2.0,2.003924,PRICED_E7_shortage_ratio_AN RICE CRACKER SEAWEED 111.3G_T8_1,1.0
CG_LT,8,,MM BIEN HOA,MM AN PHU,AN RICE CRACKER SEAWEED 111.3G,0.059537,0.6,2.0,2.035722,PRICED_E7_shortage_ratio_AN RICE CRACKER SEAWEED 111.3G_T8_2,1.0
CG_LT,8,,MM BINH DUONG,MM HIEP PHU,AN RICE CRACKER SEAWEED 111.3G,0.006541,0.6,2.0,2.003924,PRICED_E7_shortage_ratio_AN RICE CRACKER SEAWEED 111.3G_T8_2,1.0
CG_LT,8,,MM BIEN HOA,MM HIEP PHU,AN RICE CRACKER SEAWEED 111.3G,0.059537,0.6,2.0,2.035722,PRICED_E7_shortage_ratio_AN RICE CRACKER SEAWEED 111.3G_T8_4,1.0
CG_LT,8,,MM BINH DUONG,MM AN PHU,AN RICE CRACKER SEAWEED 111.3G,0.006541,0.6,2.0,2.003924,PRICED_E7_shortage_ratio_AN RICE CRACKER SEAWEED 111.3G_T8_4,1.0
CG_LT,16,,MM BIEN HOA,MM AN PHU,AN RICE CRACKER SEAWEED 111.3G,0.451182,0.6,2.0,2.270709,PRICED_E8_shortage_ratio_AN RICE CRACKER SEAWEED 111.3G_T16_1,1.0
CG_LT,16,,MM BIEN HOA,MM DA NANG,AN RICE CRACKER SEAWEED 111.3G,0.451182,0.6,2.0,2.270709,PRICED_E8_shortage_ratio_AN RICE CRACKER SEAWEED 111.3G_T16_2,1.0
CG_LT,8,,MM BIEN HOA,MM HIEP PHU,AN RICE CRACKER SEAWEED 111.3G,0.041857,0.6,2.0,2.025114,PRICED_E8_shortage_ratio_AN RICE CRACKER SEAWEED 111.3G_T8_1,1.0
CG_LT,8,,MM BINH DUONG,MM HIEP PHU,AN RICE CRACKER SEAWEED 111.3G,0.004598,0.6,2.0,2.002759,PRICED_E8_shortage_ratio_AN RICE CRACKER SEAWEED 111.3G_T8_1,1.0
CG_LT,8,,MM BIEN HOA,MM AN PHU,AN RICE CRACKER SEAWEED 111.3G,0.041857,0.6,2.0,2.025114,PRICED_E8_shortage_ratio_AN RICE CRACKER SEAWEED 111.3G_T8_2,1.0
CG_LT,8,,MM BINH DUONG,MM HIEP PHU,AN RICE CRACKER SEAWEED 111.3G,0.004598,0.6,2.0,2.002759,PRICED_E8_shortage_ratio_AN RICE CRACKER SEAWEED 111.3G_T8_2,1.0
CG_LT,8,,MM BIEN HOA,MM HIEP PHU,AN RICE CRACKER SEAWEED 111.3G,0.041857,0.6,2.0,2.025114,PRICED_E8_shortage_ratio_AN RICE CRACKER SEAWEED 111.3G_T8_4,1.0
CG_LT,8,,MM BINH DUONG,MM AN PHU,AN RICE CRACKER SEAWEED 111.3G,0.004598,0.6,2.0,2.002759,PRICED_E8_shortage_ratio_AN RICE CRACKER SEAWEED 111.3G_T8_4,1.0
CG_LT,16,,MM BIEN HOA,MM AN PHU,AN RICE CRACKER SEAWEED 111.3G,0.370112,0.6,2.0,2.222067,PRICED_E9_shortage_ratio_AN RICE CRACKER SEAWEED 111.3G_T16_1,1.0
CG_LT,16,,MM BIEN HOA,MM DA NANG,AN RICE CRACKER SEAWEED 111.3G,0.370112,0.6,2.0,2.222067,PRICED_E9_shortage_ratio_AN RICE CRACKER SEAWEED 111.3G_T16_2,1.0
CG_LT,8,,MM BIEN HOA,MM HIEP PHU,AN RICE CRACKER SEAWEED 111.3G,0.029427,0.6,2.0,2.017656,PRICED_E9_shortage_ratio_AN RICE CRACKER SEAWEED 111.3G_T8_1,1.0
CG_LT,8,,MM BINH DUONG,MM HIEP PHU,AN RICE CRACKER SEAWEED 111.3G,0.003233,0.6,2.0,2.00194,PRICED_E9_shortage_ratio_AN RICE CRACKER SEAWEED 111.3G_T8_1,1.0
CG_LT,8,,MM BIEN HOA,MM AN PHU,AN RICE CRACKER SEAWEED 111.3G,0.029427,0.6,2.0,2.017656,PRICED_E9_shortage_ratio_AN RICE CRACKER SEAWEED 111.3G_T8_2,1.0
CG_LT,8,,MM BINH DUONG,MM HIEP PHU,AN RICE CRACKER SEAWEED 111.3G,0.003233,0.6,2.0,2.00194,PRICED_E9_shortage_ratio_AN RICE CRACKER SEAWEED 111.3G_T8_2,1.0
CG_LT,8,,MM BIEN HOA,MM HIEP PHU,AN RICE CRACKER SEAWEED 111.3G,0.029427,0.6,2.0,2.017656,PRICED_E9_shortage_ratio_AN RICE CRACKER SEAWEED 111.3G_T8_4,1.0
CG_LT,8,,MM BINH DUONG,MM AN PHU,AN RICE CRACKER SEAWEED 111.3G,0.003233,0.6,2.0,2.00194,PRICED_E9_shortage_ratio_AN RICE CRACKER SEAWEED 111.3G_T8_4,1.0
