source_instance,branch_node_id,episode,column_index,pattern_id,product,period,pattern_flows_json,column_features_json,constraint_features_json,constraint_state_hash,edge_constraint_indices_json,edge_attrs_json,gnn_prob,combined_score,normalized_rc_gain,reduced_cost,mean_acceptance_score,selected_by_gnn,selected_by_classical_fallback,passed_to_rmp,adaptive_k_star,selection_mode,full_negative_reduced_cost_columns,classical_fallback_enabled,classical_fallback_used,label_source,selected_in_rmp,lambda_value,teacher_label,teacher_score,cg_objective_after_reopt,cg_objective_improvement
base_a__normal_global__seed1373158607,0,1,0,PRICED_E1_shortage_ratio_OREO CHOCOLATE 110.4/105G_T2_1,OREO CHOCOLATE 110.4/105G,2,"[{""donor"": ""MM HIEP PHU"", ""receiver"": ""MM AN PHU"", ""quantity"": 55.48989529073056}, {""donor"": ""MM BINH PHU"", ""receiver"": ""MM AN PHU"", ""quantity"": 28.916447943281312}, {""donor"": ""MM AN PHU"", ""receiver"": ""MM DA NANG"", ""quantity"": 16.342590526997224}]","[-38.2995719909668, 100.74893188476562, 3.0, 100.74893188476562, 100.74893188476562, 0.6400796175003052, 0.3333333432674408, 0.8829560875892639, 12.766524314880371, 0.10000000149011612, 19.564666748046875, 66.4493637084961]","[[1.0, 188.5517578125, 188.5517578125, 0.0, 1.0, 1.0, 0.0], [0.0, 55.48989486694336, 55.48989486694336, 0.0, 0.01770228147506714, 0.0, 1.0], [0.0, 28.91644859313965, 28.91644859313965, 0.0, 0.0334264300763607, 0.0, 1.0], [1.0, 16.34259033203125, 16.34259033203125, 0.0, 1.0, 1.0, 0.0], [0.0, 22.799999237060547, 16.34259033203125, 6.457409381866455, 0.042016807943582535, 0.0, 1.0], [820.0, 267.0871887207031, 38.73021697998047, 228.3569793701172, 1.0, 1.0, 0.0], [0.0, 38.73021697998047, 38.73021697998047, 0.0, 0.02516975998878479, 0.0, 1.0], [820.0, 68.06057739257812, 38.2525749206543, 29.808000564575195, 1.0, 1.0, 0.0], [0.0, 38.2525749206543, 38.2525749206543, 0.0, 0.025476036593317986, 0.0, 1.0], [820.0, 503.1941223144531, 112.92923736572266, 390.2648620605469, 1.0, 1.0, 0.0], [0.0, 43.56716537475586, 43.56716537475586, 0.0, 0.022438043728470802, 0.0, 1.0], [1.0, 5.800000190734863, 5.800000190734863, 0.0, 1.0, 1.0, 0.0], [820.0, 6.172263145446777, 6.172263145446777, 0.0, 1.0, 1.0, 0.0], [820.0, 518.3478393554688, 48.14299011230469, 470.2048645019531, 1.0, 1.0, 0.0], [0.0, 27.7978458404541, 27.7978458404541, 0.0, 0.03472482040524483, 0.0, 1.0], [1.0, 10.84056568145752, 10.84056568145752, 0.0, 1.0, 1.0, 0.0], [1.0, 13.569417953491211, 13.569417953491211, 0.0, 1.0, 1.0, 0.0], [820.0, 14.23792839050293, 6.107758045196533, 8.130170822143555, 1.0, 1.0, 0.0], [0.0, 6.107758045196533, 6.107758045196533, 0.0, 0.140691339969635, 0.0, 1.0], [1.0, 46.37331008911133, 46.37331008911133, 0.0, 1.0, 1.0, 0.0], [0.0, 261.92999267578125, 82.33972930908203, 179.5902557373047, 0.0038032936863601208, 0.0, 1.0], [0.0, 120.12442779541016, 46.37331008911133, 73.75111389160156, 0.008255972526967525, 0.0, 1.0], [0.0, 10.406890869140625, 10.406890869140625, 0.0, 0.08766631036996841, 0.0, 1.0], [1.0, 129.550048828125, 129.550048828125, 0.0, 1.0, 1.0, 0.0], [0.0, 259.0377197265625, 226.1752471923828, 32.86248016357422, 0.0038455957546830177, 0.0, 1.0], [0.0, 100.41946411132812, 100.41946411132812, 0.0, 0.009860039688646793, 0.0, 1.0], [0.0, 32.92485809326172, 32.92485809326172, 0.0, 0.029476908966898918, 0.0, 1.0], [820.0, 300.0225524902344, 300.0225524902344, 0.0, 1.0, 1.0, 0.0], [0.0, 258.5476989746094, 258.5476989746094, 0.0, 0.00385285634547472, 0.0, 1.0], [0.0, 94.91446685791016, 94.91446685791016, 0.0, 0.01042595598846674, 0.0, 1.0], [0.0, 10.624368667602539, 10.624368667602539, 0.0, 0.08602617681026459, 0.0, 1.0], [820.0, 142.7974090576172, 116.02189636230469, 26.775510787963867, 1.0, 1.0, 0.0], [0.0, 104.9087142944336, 104.9087142944336, 0.0, 0.009442093782126904, 0.0, 1.0], [0.0, 11.113179206848145, 11.113179206848145, 0.0, 0.08255471289157867, 0.0, 1.0], [1.0, 13.343910217285156, 13.343910217285156, 0.0, 1.0, 1.0, 0.0], [0.0, 75.28121948242188, 13.343910217285156, 61.93730926513672, 0.013109386898577213, 0.0, 1.0], [0.0, 121.73600006103516, 13.343910217285156, 108.39208984375, 0.008147568441927433, 0.0, 1.0], [0.0, 12.614691734313965, 12.614691734313965, 0.0, 0.07345006614923477, 0.0, 1.0], [820.0, 5.992465019226074, 5.992465019226074, 0.0, 1.0, 1.0, 0.0], [0.0, 57.79315185546875, 5.992465019226074, 51.80068588256836, 0.017008783295750618, 0.0, 1.0], [0.0, 111.56731414794922, 5.992465019226074, 105.5748519897461, 0.008883573114871979, 0.0, 1.0]]",a04a9a1d0469,"[0, 1, 0, 2, 3, 4]","[[55.48989486694336, 0.2942953109741211, 55.48989486694336], [55.48989486694336, 1.0, 0.0], [28.91644859313965, 0.15336079895496368, 28.91644859313965], [28.91644859313965, 1.0, 0.0], [16.34259033203125, 1.0, 16.34259033203125], [16.34259033203125, 0.7167803049087524, 0.0]]",0.0,0.010041856913891188,0.00013952304630395518,-34.299574,0.1,False,False,True,27,teacher_full_batch_no_gnn_prefilter,27,False,False,teacher_rmp,True,1.0,1,34.299574,17387984625.39896,0.7357559204101562
base_a__normal_global__seed1373158607,0,1,1,PRICED_E1_shortage_ratio_OREO CHOCOLATE 110.4/105G_T2_4,OREO CHOCOLATE 110.4/105G,2,"[{""donor"": ""MM BINH PHU"", ""receiver"": ""MM DA NANG"", ""quantity"": 16.342590526997224}, {""donor"": ""MM HIEP PHU"", ""receiver"": ""MM AN PHU"", ""quantity"": 55.48989529073056}, {""donor"": ""MM BINH PHU"", ""receiver"": ""MM AN PHU"", ""quantity"": 12.573857416284088}]","[-31.762537002563477, 84.40634155273438, 3.0, 84.40634155273438, 84.40634155273438, 0.6400796175003052, 0.35235100984573364, 0.8829560875892639, 10.587512016296387, 0.10000000149011612, 19.564666748046875, 56.64380645751953]",,a04a9a1d0469,"[3, 2, 0, 1, 0, 2]","[[16.34259033203125, 1.0, 16.34259033203125], [16.34259033203125, 0.5651658773422241, 0.0], [55.48989486694336, 0.2942953109741211, 55.48989486694336], [55.48989486694336, 1.0, 0.0], [12.573857307434082, 0.06668650358915329, 12.573857307434082], [12.573857307434082, 0.4348340928554535, 0.0]]",0.0,0.010033879549658837,0.00011293183219611614,-27.762537,0.1,False,False,True,27,teacher_full_batch_no_gnn_prefilter,27,False,False,teacher_rmp,True,0.07233938157998276,1,2.0083247576713896,17387984625.39896,0.7357559204101562
base_a__normal_global__seed1373158607,0,1,2,PRICED_E1_shortage_ratio_OREO CHOCOLATE 110.4/105G_T2_5,OREO CHOCOLATE 110.4/105G,2,"[{""donor"": ""MM HIEP PHU"", ""receiver"": ""MM DA NANG"", ""quantity"": 16.342590526997224}, {""donor"": ""MM HIEP PHU"", ""receiver"": ""MM AN PHU"", ""quantity"": 39.14730476373333}, {""donor"": ""MM BINH PHU"", ""receiver"": ""MM AN PHU"", ""quantity"": 28.916447943281312}]","[-31.762537002563477, 84.40634155273438, 3.0, 84.40634155273438, 84.40634155273438, 0.6400796175003052, 0.4349749982357025, 0.8829560875892639, 10.587512016296387, 0.10000000149011612, 19.564666748046875, 56.64380645751953]",,a04a9a1d0469,"[3, 1, 0, 1, 0, 2]","[[16.34259033203125, 1.0, 16.34259033203125], [16.34259033203125, 0.2945147156715393, 0.0], [39.14730453491211, 0.2076210081577301, 39.14730453491211], [39.14730453491211, 0.7054852843284607, 0.0], [28.91644859313965, 0.15336079895496368, 28.91644859313965], [28.91644859313965, 1.0, 0.0]]",0.0,0.010033879549658837,0.00011293183219611614,-27.762537,0.1,False,False,True,27,teacher_full_batch_no_gnn_prefilter,27,False,False,teacher_rmp,False,0.0,0,0.0,17387984625.39896,0.7357559204101562
base_a__normal_global__seed1373158607,0,1,3,PRICED_E1_shortage_ratio_OREO CHOCOLATE 110.4/105G_T3_1,OREO CHOCOLATE 110.4/105G,3,"[{""donor"": ""MM HIEP PHU"", ""receiver"": ""MM AN PHU"", ""quantity"": 38.73021646008189}]","[-31733.5390625, 38.73021697998047, 1.0, 38.73021697998047, 38.73021697998047, 0.9882082343101501, 1.0, 1.0, 31733.5390625, 0.10000000149011612, 27.412960052490234, 25.238130569458008]",,a04a9a1d0469,"[5, 6]","[[38.73021697998047, 0.14500963687896729, 31758.77734375], [38.73021697998047, 1.0, 0.0]]",0.0,0.04872549626263865,0.12908498754212883,-31733.539367,0.1,False,False,True,27,teacher_full_batch_no_gnn_prefilter,27,False,False,teacher_rmp,True,1.0,1,31733.539367,17387984625.39896,0.7357559204101562
base_a__normal_global__seed1373158607,0,1,4,PRICED_E1_shortage_ratio_OREO CHOCOLATE 110.4/105G_T4_1,OREO CHOCOLATE 110.4/105G,4,"[{""donor"": ""MM HIEP PHU"", ""receiver"": ""MM AN PHU"", ""quantity"": 38.25257405240775}]","[-31342.158203125, 38.2525749206543, 1.0, 38.2525749206543, 38.2525749206543, 1.0, 1.0, 0.9232442378997803, 31342.158203125, 0.10000000149011612, 27.126068115234375, 24.9515438079834]",,a04a9a1d0469,"[7, 8]","[[38.2525749206543, 0.5620371699333191, 31367.111328125], [38.2525749206543, 1.0, 0.0]]",0.0,0.04824788196842518,0.1274929398947506,-31342.159179,0.1,False,False,True,27,teacher_full_batch_no_gnn_prefilter,27,False,False,teacher_rmp,True,1.0,1,31342.159179,17387984625.39896,0.7357559204101562
base_a__normal_global__seed1373158607,0,1,5,PRICED_E1_shortage_ratio_OREO CHOCOLATE 110.4/105G_T5_1,OREO CHOCOLATE 110.4/105G,5,"[{""donor"": ""MM HIEP PHU"", ""receiver"": ""MM AN PHU"", ""quantity"": 43.56716651493747}]","[-35696.9375, 43.56716537475586, 1.0, 43.56716537475586, 43.56716537475586, 0.9767603874206543, 0.9422296285629272, 1.0, 35696.9375, 0.10000000149011612, 14.033205032348633, 28.140300750732422]",,a04a9a1d0469,"[9, 10]","[[43.56716537475586, 0.08658123016357422, 35725.078125], [43.56716537475586, 1.0, 0.0]]",0.0,0.05356216163094535,0.1452072054364845,-35696.936242,0.1,False,False,True,27,teacher_full_batch_no_gnn_prefilter,27,False,False,teacher_rmp,True,1.0,1,35696.936242,17387984625.39896,0.7357559204101562
base_a__normal_global__seed1373158607,0,1,6,PRICED_E1_shortage_ratio_OREO CHOCOLATE 110.4/105G_T5_3,OREO CHOCOLATE 110.4/105G,5,"[{""donor"": ""MM HIEP PHU"", ""receiver"": ""MM BINH PHU"", ""quantity"": 5.799999999999997}, {""donor"": ""MM HIEP PHU"", ""receiver"": ""MM AN PHU"", ""quantity"": 37.76716651493747}]","[-30946.736328125, 43.56716537475586, 2.0, 43.56716537475586, 43.56716537475586, 0.49400943517684937, 0.9422296285629272, 1.0, 15473.3681640625, 0.10000000149011612, 14.033205032348633, 30.140300750732422]",,a04a9a1d0469,"[11, 10, 9, 10]","[[5.800000190734863, 1.0, 5.800000190734863], [5.800000190734863, 0.13312777876853943, 0.0], [37.76716613769531, 0.07505486905574799, 30969.076171875], [37.76716613769531, 0.866872251033783, 0.0]]",0.0,0.04776289350610809,0.12587631168702695,-30944.736242,0.1,False,False,True,27,teacher_full_batch_no_gnn_prefilter,27,False,False,teacher_rmp,True,0.1473762051522722,1,4560.5177967839445,17387984625.39896,0.7357559204101562
base_a__normal_global__seed1373158607,0,1,7,PRICED_E1_shortage_ratio_OREO CHOCOLATE 110.4/105G_T5_2,OREO CHOCOLATE 110.4/105G,5,"[{""donor"": ""MM HIEP PHU"", ""receiver"": ""MM DA NANG"", ""quantity"": 6.172263375145784}, {""donor"": ""MM HIEP PHU"", ""receiver"": ""MM BINH PHU"", ""quantity"": 5.799999999999997}, {""donor"": ""MM HIEP PHU"", ""receiver"": ""MM AN PHU"", ""quantity"": 31.59490313979169}]","[-30946.736328125, 43.56716537475586, 3.0, 43.56716537475586, 43.56716537475586, 0.3333333432674408, 0.9422296285629272, 0.9077280759811401, 10315.5791015625, 0.10000000149011612, 14.033205032348633, 32.14030075073242]",,a04a9a1d0469,"[12, 10, 11, 10, 9, 10]","[[6.172263145446777, 1.0, 5061.255859375], [6.172263145446777, 0.14167235791683197, 0.0], [5.800000190734863, 1.0, 5.800000190734863], [5.800000190734863, 0.13312777876853943, 0.0], [31.59490394592285, 0.0627886950969696, 25907.8203125], [31.59490394592285, 0.7251998782157898, 0.0]]",0.0,0.047760452839416934,0.1258681761313898,-30942.736242,0.1,False,False,True,27,teacher_full_batch_no_gnn_prefilter,27,False,False,teacher_rmp,False,0.0,0,0.0,17387984625.39896,0.7357559204101562
base_a__normal_global__seed1373158607,0,1,8,PRICED_E1_shortage_ratio_OREO CHOCOLATE 110.4/105G_T6_1,OREO CHOCOLATE 110.4/105G,6,"[{""donor"": ""MM HIEP PHU"", ""receiver"": ""MM AN PHU"", ""quantity"": 27.797845766872975}]","[-22775.5546875, 27.7978458404541, 1.0, 27.7978458404541, 27.7978458404541, 0.9550260305404663, 0.9025905728340149, 1.0, 22775.5546875, 0.10000000149011612, 13.797118186950684, 18.678707122802734]",,a04a9a1d0469,"[13, 14]","[[27.7978458404541, 0.05362778156995773, 22794.234375], [27.7978458404541, 1.0, 0.0]]",0.0,0.03779376901201734,0.09264589670672448,-22775.554821,0.1,False,False,True,27,teacher_full_batch_no_gnn_prefilter,27,False,False,teacher_rmp,True,1.0,1,22775.554821,17387984625.39896,0.7357559204101562
base_a__normal_global__seed1373158607,0,1,9,PRICED_E1_shortage_ratio_OREO CHOCOLATE 110.4/105G_T6_3,OREO CHOCOLATE 110.4/105G,6,"[{""donor"": ""MM HIEP PHU"", ""receiver"": ""MM BINH PHU"", ""quantity"": 10.84056563725549}, {""donor"": ""MM HIEP PHU"", ""receiver"": ""MM AN PHU"", ""quantity"": 16.957280129617484}]","[-13897.1318359375, 27.7978458404541, 2.0, 27.7978458404541, 27.7978458404541, 0.48749956488609314, 0.9025905728340149, 0.8369765877723694, 6948.56591796875, 0.10000000149011612, 13.797118186950684, 20.678707122802734]",,a04a9a1d0469,"[15, 14, 13, 14]","[[10.84056568145752, 1.0, 10.84056568145752], [10.84056568145752, 0.3899786174297333, 0.0], [16.957279205322266, 0.03271409124135971, 13904.9697265625], [16.957279205322266, 0.6100213527679443, 0.0]]",0.0,0.02695669238868845,0.056522307962294835,-13895.131564,0.1,False,False,True,27,teacher_full_batch_no_gnn_prefilter,27,False,False,teacher_rmp,True,0.7481225884249084,1,10395.261792164325,17387984625.39896,0.7357559204101562
base_a__normal_global__seed1373158607,0,1,10,PRICED_E1_shortage_ratio_OREO CHOCOLATE 110.4/105G_T6_2,OREO CHOCOLATE 110.4/105G,6,"[{""donor"": ""MM HIEP PHU"", ""receiver"": ""MM DA NANG"", ""quantity"": 13.569417531974295}, {""donor"": ""MM HIEP PHU"", ""receiver"": ""MM BINH PHU"", ""quantity"": 10.84056563725549}, {""donor"": ""MM HIEP PHU"", ""receiver"": ""MM AN PHU"", ""quantity"": 3.3878625976431884}]","[-2783.778564453125, 27.7978458404541, 3.0, 27.7978458404541, 27.7978458404541, 0.3333333432674408, 0.9025905728340149, 0.8913177251815796, 927.9262084960938, 0.10000000149011612, 13.797118186950684, 22.678707122802734]",,a04a9a1d0469,"[16, 14, 15, 14, 13, 14]","[[13.569417953491211, 1.0, 13.569417953491211], [13.569417953491211, 0.4881463646888733, 0.0], [10.84056568145752, 1.0, 10.84056568145752], [10.84056568145752, 0.3899786174297333, 0.0], [3.3878626823425293, 0.006535886321216822, 2778.04736328125], [3.3878626823425293, 0.12187500298023224, 0.0]]",0.0,0.0133922565262153,0.011307521754050996,-2779.778606,0.1,False,False,True,27,teacher_full_batch_no_gnn_prefilter,27,False,False,teacher_rmp,False,0.0,0,0.0,17387984625.39896,0.7357559204101562
base_a__normal_global__seed1373158607,0,1,11,PRICED_E1_shortage_ratio_OREO CHOCOLATE 110.4/105G_T7_1,OREO CHOCOLATE 110.4/105G,7,"[{""donor"": ""MM HIEP PHU"", ""receiver"": ""MM AN PHU"", ""quantity"": 6.107758047747637}]","[-5002.69677734375, 6.107758045196533, 1.0, 6.107758045196533, 6.107758045196533, 1.0, 1.0, 0.6434289813041687, 5002.69677734375, 0.10000000149011612, 7.723962783813477, 5.6646552085876465]",,a04a9a1d0469,"[17, 18]","[[6.107758045196533, 0.42897799611091614, 5008.36181640625], [6.107758045196533, 1.0, 0.0]]",0.0,0.016104957898564868,0.020349859661882887,-5002.696944,0.1,False,False,True,27,teacher_full_batch_no_gnn_prefilter,27,False,False,teacher_rmp,True,1.0,1,5002.696944,17387984625.39896,0.7357559204101562
base_a__normal_global__seed1373158607,0,1,12,PRICED_E1_shortage_ratio_OREO VANILLA 110.4/105G_T2_1,OREO VANILLA 110.4/105G,2,"[{""donor"": ""MM DA NANG"", ""receiver"": ""MM AN PHU"", ""quantity"": 46.37331015276553}]","[-16.54932403564453, 46.37331008911133, 1.0, 46.37331008911133, 46.37331008911133, 1.0, 0.6674033403396606, 0.5737651586532593, 16.54932403564453, 0.10000000149011612, 23.746458053588867, 29.823986053466797]",,a04a9a1d0469,"[19, 20]","[[46.37331008911133, 1.0, 46.37331008911133], [46.37331008911133, 0.17704467475414276, 0.0]]",0.0,0.010020195691923911,6.731897307969937e-05,-16.549324,0.1,False,False,True,27,teacher_full_batch_no_gnn_prefilter,27,False,False,teacher_rmp,True,1.0,1,16.549324,17387984625.39896,0.7357559204101562
base_a__normal_global__seed1373158607,0,1,13,PRICED_E1_shortage_ratio_OREO VANILLA 110.4/105G_T2_2,OREO VANILLA 110.4/105G,2,"[{""donor"": ""MM HIEP PHU"", ""receiver"": ""MM AN PHU"", ""quantity"": 46.37331015276553}]","[-16.54932403564453, 46.37331008911133, 1.0, 46.37331008911133, 46.37331008911133, 1.0, 0.3060796558856964, 0.5737651586532593, 16.54932403564453, 0.10000000149011612, 23.746458053588867, 29.823986053466797]",,a04a9a1d0469,"[19, 21]","[[46.37331008911133, 1.0, 46.37331008911133], [46.37331008911133, 0.3860439658164978, 0.0]]",0.0,0.010020195691923911,6.731897307969937e-05,-16.549324,0.1,False,False,True,27,teacher_full_batch_no_gnn_prefilter,27,False,False,teacher_rmp,True,1.0,1,16.549324,17387984625.39896,0.7357559204101562
base_a__normal_global__seed1373158607,0,1,14,PRICED_E1_shortage_ratio_OREO VANILLA 110.4/105G_T2_3,OREO VANILLA 110.4/105G,2,"[{""donor"": ""MM BINH PHU"", ""receiver"": ""MM AN PHU"", ""quantity"": 10.406890537796688}, {""donor"": ""MM DA NANG"", ""receiver"": ""MM AN PHU"", ""quantity"": 35.96641961496884}]","[-16.54932403564453, 46.37331008911133, 2.0, 46.37331008911133, 46.37331008911133, 1.0, 0.3469601571559906, 0.5737651586532593, 8.274662017822266, 0.10000000149011612, 23.746458053588867, 31.823986053466797]",,a04a9a1d0469,"[19, 22, 19, 20]","[[10.406890869140625, 0.22441552579402924, 10.406890869140625], [10.406890869140625, 1.0, 0.0], [35.9664192199707, 0.7755844593048096, 35.9664192199707], [35.9664192199707, 0.1373130977153778, 0.0]]",0.0,0.010017755025232764,5.9183417442538685e-05,-14.549324,0.1,False,False,True,27,teacher_full_batch_no_gnn_prefilter,27,False,False,teacher_rmp,True,0.1538251134320526,1,2.2380514146596853,17387984625.39896,0.7357559204101562
base_a__normal_global__seed1373158607,0,1,15,PRICED_E1_shortage_ratio_OREO VANILLA 110.4/105G_T3_1,OREO VANILLA 110.4/105G,3,"[{""donor"": ""MM DA NANG"", ""receiver"": ""MM AN PHU"", ""quantity"": 129.55005300329327}]","[-49.82002258300781, 129.550048828125, 1.0, 129.550048828125, 129.550048828125, 1.0, 0.5997048020362854, 1.0, 49.82002258300781, 0.10000000149011612, 56.39854431152344, 79.73003387451172]",,a04a9a1d0469,"[23, 24]","[[129.550048828125, 1.0, 129.550048828125], [129.550048828125, 0.5001204013824463, 0.0]]",0.0,0.010060797032903504,0.00020265677634500703,-49.820021,0.1,False,False,True,27,teacher_full_batch_no_gnn_prefilter,27,False,False,teacher_rmp,True,1.0,1,49.820021,17387984625.39896,0.7357559204101562
base_a__normal_global__seed1373158607,0,1,16,PRICED_E1_shortage_ratio_OREO VANILLA 110.4/105G_T3_2,OREO VANILLA 110.4/105G,3,"[{""donor"": ""MM HIEP PHU"", ""receiver"": ""MM AN PHU"", ""quantity"": 100.41946722846228}, {""donor"": ""MM BINH PHU"", ""receiver"": ""MM AN PHU"", ""quantity"": 29.13058577483099}]","[-49.82002258300781, 129.550048828125, 2.0, 129.550048828125, 129.550048828125, 1.0, 0.15435442328453064, 1.0, 24.910011291503906, 0.10000000149011612, 56.39854431152344, 81.73003387451172]",,a04a9a1d0469,"[23, 25, 23, 26]","[[100.41946411132812, 0.7751402854919434, 100.41946411132812], [100.41946411132812, 1.0, 0.0], [29.130586624145508, 0.22485969960689545, 29.130586624145508], [29.130586624145508, 0.8847596049308777, 0.0]]",0.0,0.010058356366212357,0.00019452122070784636,-47.820021,0.1,False,False,True,27,teacher_full_batch_no_gnn_prefilter,27,False,False,teacher_rmp,True,1.0,1,47.820021,17387984625.39896,0.7357559204101562
base_a__normal_global__seed1373158607,0,1,17,PRICED_E1_shortage_ratio_OREO VANILLA 110.4/105G_T3_3,OREO VANILLA 110.4/105G,3,"[{""donor"": ""MM BINH PHU"", ""receiver"": ""MM AN PHU"", ""quantity"": 32.92485991319777}, {""donor"": ""MM DA NANG"", ""receiver"": ""MM AN PHU"", ""quantity"": 96.62519309009551}]","[-49.82002258300781, 129.550048828125, 2.0, 129.550048828125, 129.550048828125, 1.0, 0.3379649817943573, 1.0, 24.910011291503906, 0.10000000149011612, 56.39854431152344, 81.73003387451172]",,a04a9a1d0469,"[23, 26, 23, 24]","[[32.92485809326172, 0.25414779782295227, 32.92485809326172], [32.92485809326172, 1.0, 0.0], [96.62519073486328, 0.7458522319793701, 96.62519073486328], [96.62519073486328, 0.3730159103870392, 0.0]]",0.0,0.010058356366212357,0.00019452122070784636,-47.820021,0.1,False,False,True,27,teacher_full_batch_no_gnn_prefilter,27,False,False,teacher_rmp,False,0.0,0,0.0,17387984625.39896,0.7357559204101562
base_a__normal_global__seed1373158607,0,1,18,PRICED_E1_shortage_ratio_OREO VANILLA 110.4/105G_T4_1,OREO VANILLA 110.4/105G,4,"[{""donor"": ""MM DA NANG"", ""receiver"": ""MM AN PHU"", ""quantity"": 258.54770440193516}, {""donor"": ""MM HIEP PHU"", ""receiver"": ""MM AN PHU"", ""quantity"": 41.47483524885155}]","[-245836.46875, 300.0225524902344, 2.0, 300.0225524902344, 300.0225524902344, 1.0, 0.48540955781936646, 1.0, 122918.234375, 0.10000000149011612, 76.98387145996094, 184.01351928710938]",,a04a9a1d0469,"[27, 28, 27, 29]","[[258.5476989746094, 0.8617609143257141, 212009.125], [258.5476989746094, 1.0, 0.0], [41.47483444213867, 0.1382390707731247, 34009.36328125], [41.47483444213867, 0.43697065114974976, 0.0]]",0.0,0.31,1.0,-245834.46899,0.1,False,False,True,27,teacher_full_batch_no_gnn_prefilter,27,False,False,teacher_rmp,True,0.20924248032259027,1,51439.0140402545,17387984625.39896,0.7357559204101562
base_a__normal_global__seed1373158607,0,1,19,PRICED_E1_shortage_ratio_OREO VANILLA 110.4/105G_T4_2,OREO VANILLA 110.4/105G,4,"[{""donor"": ""MM HIEP PHU"", ""receiver"": ""MM AN PHU"", ""quantity"": 94.91446610948731}, {""donor"": ""MM BINH PHU"", ""receiver"": ""MM AN PHU"", ""quantity"": 10.624369139364234}, {""donor"": ""MM DA NANG"", ""receiver"": ""MM AN PHU"", ""quantity"": 194.48370440193517}]","[-245836.46875, 300.0225524902344, 3.0, 300.0225524902344, 300.0225524902344, 1.0, 0.3333333432674408, 1.0, 81945.4921875, 0.10000000149011612, 76.98387145996094, 186.01351928710938]",,a04a9a1d0469,"[27, 29, 27, 30, 27, 28]","[[94.91446685791016, 0.3163577914237976, 77829.859375], [94.91446685791016, 1.0, 0.0], [10.624368667602539, 0.03541190177202225, 8711.982421875], [10.624368667602539, 1.0, 0.0], [194.48370361328125, 0.6482303142547607, 159476.640625], [194.48370361328125, 0.7522159218788147, 0.0]]",0.0,0.30999755933330886,0.9999918644443628,-245832.46899,0.1,False,False,True,27,teacher_full_batch_no_gnn_prefilter,27,False,False,teacher_rmp,True,1.0,1,245832.46899,17387984625.39896,0.7357559204101562
base_a__normal_global__seed1373158607,0,1,20,PRICED_E1_shortage_ratio_OREO VANILLA 110.4/105G_T4_3,OREO VANILLA 110.4/105G,4,"[{""donor"": ""MM BINH PHU"", ""receiver"": ""MM AN PHU"", ""quantity"": 10.624369139364234}, {""donor"": ""MM DA NANG"", ""receiver"": ""MM AN PHU"", ""quantity"": 258.54770440193516}, {""donor"": ""MM HIEP PHU"", ""receiver"": ""MM AN PHU"", ""quantity"": 30.850466109487286}]","[-245836.46875, 300.0225524902344, 3.0, 300.0225524902344, 300.0225524902344, 1.0, 0.3333333432674408, 1.0, 81945.4921875, 0.10000000149011612, 76.98387145996094, 186.01351928710938]",,a04a9a1d0469,"[27, 30, 27, 28, 27, 29]","[[10.624368667602539, 0.03541190177202225, 8711.982421875], [10.624368667602539, 1.0, 0.0], [258.5476989746094, 0.8617609143257141, 212009.125], [258.5476989746094, 1.0, 0.0], [30.850465774536133, 0.10282716155052185, 25297.3828125], [30.850465774536133, 0.32503440976142883, 0.0]]",0.0,0.30999755933330886,0.9999918644443628,-245832.46899,0.1,False,False,True,27,teacher_full_batch_no_gnn_prefilter,27,False,False,teacher_rmp,False,0.0,0,0.0,17387984625.39896,0.7357559204101562
base_a__normal_global__seed1373158607,0,1,21,PRICED_E1_shortage_ratio_OREO VANILLA 110.4/105G_T5_1,OREO VANILLA 110.4/105G,5,"[{""donor"": ""MM HIEP PHU"", ""receiver"": ""MM AN PHU"", ""quantity"": 104.90871450873543}, {""donor"": ""MM BINH PHU"", ""receiver"": ""MM AN PHU"", ""quantity"": 11.113178964857667}]","[-95066.3359375, 116.02189636230469, 2.0, 116.02189636230469, 116.02189636230469, 0.9764199256896973, 0.5, 1.0, 47533.16796875, 0.10000000149011612, 38.9605712890625, 73.6131362915039]",,a04a9a1d0469,"[31, 32, 31, 33]","[[104.9087142944336, 0.7346681952476501, 86025.1484375], [104.9087142944336, 1.0, 0.0], [11.113179206848145, 0.07782479375600815, 9112.806640625], [11.113179206848145, 1.0, 0.0]]",0.0,0.12601018348147144,0.3867006116049048,-95064.339512,0.1,False,False,True,27,teacher_full_batch_no_gnn_prefilter,27,False,False,teacher_rmp,True,1.0,1,95064.339512,17387984625.39896,0.7357559204101562
base_a__normal_global__seed1373158607,0,1,22,PRICED_E1_shortage_ratio_OREO VANILLA 110.4/105G_T6_1,OREO VANILLA 110.4/105G,6,"[{""donor"": ""MM DA NANG"", ""receiver"": ""MM AN PHU"", ""quantity"": 13.343909862544486}]","[-3.337563991546631, 13.343910217285156, 1.0, 13.343910217285156, 13.343910217285156, 1.0, 0.33364614844322205, 0.9005714654922485, 3.337563991546631, 0.10000000149011612, 10.778650283813477, 10.006345748901367]",,a04a9a1d0469,"[34, 35]","[[13.343910217285156, 1.0, 13.343910217285156], [13.343910217285156, 0.17725417017936707, 0.0]]",0.0,0.01000407294064219,1.3576468807292295e-05,-3.337564,0.1,False,False,True,27,teacher_full_batch_no_gnn_prefilter,27,False,False,teacher_rmp,True,1.0,1,3.337564,17387984625.39896,0.7357559204101562
base_a__normal_global__seed1373158607,0,1,23,PRICED_E1_shortage_ratio_OREO VANILLA 110.4/105G_T6_2,OREO VANILLA 110.4/105G,6,"[{""donor"": ""MM HIEP PHU"", ""receiver"": ""MM AN PHU"", ""quantity"": 13.343909862544486}]","[-3.337563991546631, 13.343910217285156, 1.0, 13.343910217285156, 13.343910217285156, 1.0, 0.5395336151123047, 0.9005714654922485, 3.337563991546631, 0.10000000149011612, 10.778650283813477, 10.006345748901367]",,a04a9a1d0469,"[34, 36]","[[13.343910217285156, 1.0, 13.343910217285156], [13.343910217285156, 0.10961350798606873, 0.0]]",0.0,0.01000407294064219,1.3576468807292295e-05,-3.337564,0.1,False,False,True,27,teacher_full_batch_no_gnn_prefilter,27,False,False,teacher_rmp,True,1.0,1,3.337564,17387984625.39896,0.7357559204101562
base_a__normal_global__seed1373158607,0,1,24,PRICED_E1_shortage_ratio_OREO VANILLA 110.4/105G_T6_3,OREO VANILLA 110.4/105G,6,"[{""donor"": ""MM BINH PHU"", ""receiver"": ""MM AN PHU"", ""quantity"": 12.614691267618035}]","[-3.0458765029907227, 12.614691734313965, 1.0, 12.614691734313965, 12.614691734313965, 1.0, 0.05590827763080597, 0.9005714654922485, 3.0458765029907227, 0.10000000149011612, 10.778650283813477, 9.568815231323242]",,a04a9a1d0469,"[34, 37]","[[12.614691734313965, 0.9453519582748413, 12.614691734313965], [12.614691734313965, 1.0, 0.0]]",0.0,0.010003716985269619,1.238995089872405e-05,-3.045877,0.1,False,False,True,27,teacher_full_batch_no_gnn_prefilter,27,False,False,teacher_rmp,True,0.186463562604111,1,0.5679450766739218,17387984625.39896,0.7357559204101562
base_a__normal_global__seed1373158607,0,1,25,PRICED_E1_shortage_ratio_OREO VANILLA 110.4/105G_T7_1,OREO VANILLA 110.4/105G,7,"[{""donor"": ""MM DA NANG"", ""receiver"": ""MM AN PHU"", ""quantity"": 5.992465065764435}]","[-4908.22607421875, 5.992465019226074, 1.0, 5.992465019226074, 5.992465019226074, 1.0, 0.3412434458732605, 0.535632312297821, 4908.22607421875, 0.10000000149011612, 5.767498016357422, 5.5954790115356445]",,a04a9a1d0469,"[38, 39]","[[5.992465019226074, 1.0, 4913.8212890625], [5.992465019226074, 0.10368815809488297, 0.0]]",0.0,0.015989671702872136,0.019965572342907113,-4908.225875,0.1,False,False,True,27,teacher_full_batch_no_gnn_prefilter,27,False,False,teacher_rmp,True,1.0,1,4908.225875,17387984625.39896,0.7357559204101562
base_a__normal_global__seed1373158607,0,1,26,PRICED_E1_shortage_ratio_OREO VANILLA 110.4/105G_T7_2,OREO VANILLA 110.4/105G,7,"[{""donor"": ""MM HIEP PHU"", ""receiver"": ""MM AN PHU"", ""quantity"": 5.992465065764435}]","[-4908.22607421875, 5.992465019226074, 1.0, 5.992465019226074, 5.992465019226074, 1.0, 0.6587565541267395, 0.535632312297821, 4908.22607421875, 0.10000000149011612, 5.767498016357422, 5.5954790115356445]",,a04a9a1d0469,"[38, 40]","[[5.992465019226074, 1.0, 4913.8212890625], [5.992465019226074, 0.053711652755737305, 0.0]]",0.0,0.015989671702872136,0.019965572342907113,-4908.225875,0.1,False,False,True,27,teacher_full_batch_no_gnn_prefilter,27,False,False,teacher_rmp,True,1.0,1,4908.225875,17387984625.39896,0.7357559204101562
base_a__normal_global__seed1373158607,0,2,0,PRICED_E2_shortage_ratio_OREO CHOCOLATE 110.4/105G_T2_1,OREO CHOCOLATE 110.4/105G,2,"[{""donor"": ""MM AN PHU"", ""receiver"": ""MM DA NANG"", ""quantity"": 8.81972477702746}]","[-1.5278899669647217, 8.819725036621094, 1.0, 8.819725036621094, 8.819725036621094, 0.07090721279382706, 0.8540593981742859, 0.570656955242157, 1.5278899669647217, 0.10000000149011612, 8.126607894897461, 7.291834831237793]","[[1.0, 8.819725036621094, 8.819725036621094, 0.0, 1.0, 1.0, 0.0], [0.0, 22.799999237060547, 8.819725036621094, 13.98027515411377, 0.042016807943582535, 0.0, 1.0], [820.0, 456.6101379394531, 2.081590414047241, 454.5285339355469, 1.0, 1.0, 0.0], [-619.85693359375, 2.081590414047241, 2.081590414047241, 0.0, 0.3245077431201935, 0.0, 1.0], [820.0, 8.599459648132324, 2.081590414047241, 6.517869472503662, 1.0, 1.0, 0.0]]",1155c9039614,"[0, 1]","[[8.819725036621094, 1.0, 8.819725036621094], [8.819725036621094, 0.38683003187179565, 0.0]]",0.0,0.011108862336809388,0.0036962077893646214,-1.52789,0.1,False,False,True,3,teacher_full_batch_no_gnn_prefilter,3,False,False,teacher_rmp,True,0.7321554397958362,1,1.11865297490966,17387983189.050945,1436.348014831543
base_a__normal_global__seed1373158607,0,2,1,PRICED_E2_shortage_ratio_OREO CHOCOLATE 110.4/105G_T5_1,OREO CHOCOLATE 110.4/105G,5,"[{""donor"": ""MM BINH PHU"", ""receiver"": ""MM AN PHU"", ""quantity"": 2.081590494930049}]","[-413.3669128417969, 2.081590414047241, 1.0, 2.081590414047241, 2.081590414047241, 0.969428539276123, 1.0, 1.0, 413.3669128417969, 0.10000000149011612, 5.124446868896484, 3.2489540576934814]",,1155c9039614,"[2, 3]","[[2.081590414047241, 0.004558791872113943, 1706.9041748046875], [2.081590414047241, 1.0, -1290.288330078125]]",0.0,0.31,1.0,-413.366912,0.1,False,False,True,3,teacher_full_batch_no_gnn_prefilter,3,False,False,teacher_rmp,True,1.0,1,413.366912,17387983189.050945,1436.348014831543
base_a__normal_global__seed1373158607,0,2,2,PRICED_E2_shortage_ratio_OREO CHOCOLATE 110.4/105G_T5_2,OREO CHOCOLATE 110.4/105G,5,"[{""donor"": ""MM BINH PHU"", ""receiver"": ""MM DA NANG"", ""quantity"": 2.081590494930049}]","[-413.3669128417969, 2.081590414047241, 1.0, 2.081590414047241, 2.081590414047241, 0.0182575061917305, 1.0, 0.8771514296531677, 413.3669128417969, 0.10000000149011612, 5.124446868896484, 3.2489540576934814]",,1155c9039614,"[4, 3]","[[2.081590414047241, 0.2420606017112732, 1706.9041748046875], [2.081590414047241, 1.0, -1290.288330078125]]",0.0,0.31,1.0,-413.366912,0.1,False,False,True,3,teacher_full_batch_no_gnn_prefilter,3,False,False,teacher_rmp,True,1.0,1,413.366912,17387983189.050945,1436.348014831543
base_a__normal_global__seed1373158607,0,3,0,PRICED_E3_shortage_ratio_OREO CHOCOLATE 110.4/105G_T5_1,OREO CHOCOLATE 110.4/105G,5,"[{""donor"": ""MM BINH PHU"", ""receiver"": ""MM AN PHU"", ""quantity"": 1.3426925142616302}]","[-151.78150939941406, 1.342692494392395, 1.0, 1.342692494392395, 1.342692494392395, 0.9705141186714172, 1.0, 1.0, 151.78150939941406, 0.10000000149011612, 4.578755855560303, 2.8056159019470215]","[[820.0, 456.40435791015625, 1.342692494392395, 455.0616455078125, 1.0, 1.0, 0.0], [-704.8677978515625, 1.342692494392395, 1.342692494392395, 0.0, 0.4268592596054077, 0.0, 1.0], [820.0, 8.066339492797852, 1.342692494392395, 6.723647117614746, 1.0, 1.0, 0.0]]",f309b8fd91bd,"[0, 1]","[[1.342692494392395, 0.002941892482340336, 1101.0078125], [1.342692494392395, 1.0, -946.4207153320312]]",0.0,0.31,1.0,-151.781506,0.1,False,False,True,2,teacher_full_batch_no_gnn_prefilter,2,False,False,teacher_rmp,True,1.0,1,151.781506,17387980496.626625,303.5630111694336
base_a__normal_global__seed1373158607,0,3,1,PRICED_E3_shortage_ratio_OREO CHOCOLATE 110.4/105G_T5_2,OREO CHOCOLATE 110.4/105G,5,"[{""donor"": ""MM BINH PHU"", ""receiver"": ""MM DA NANG"", ""quantity"": 1.3426925142616302}]","[-151.78150939941406, 1.342692494392395, 1.0, 1.342692494392395, 1.342692494392395, 0.01715254597365856, 1.0, 0.8379658460617065, 151.78150939941406, 0.10000000149011612, 4.578755855560303, 2.8056159019470215]",,f309b8fd91bd,"[2, 1]","[[1.342692494392395, 0.16645623743534088, 1101.0078125], [1.342692494392395, 1.0, -946.4207153320312]]",0.0,0.31,1.0,-151.781506,0.1,False,False,True,2,teacher_full_batch_no_gnn_prefilter,2,False,False,teacher_rmp,True,1.0,1,151.781506,17387980496.626625,303.5630111694336
base_a__normal_global__seed1373158607,0,4,0,PRICED_E4_shortage_ratio_OREO CHOCOLATE 110.4/105G_T5_1,OREO CHOCOLATE 110.4/105G,5,"[{""donor"": ""MM BINH PHU"", ""receiver"": ""MM AN PHU"", ""quantity"": 0.9701467009729061}]","[-109.11302185058594, 0.9701467156410217, 1.0, 0.9701467156410217, 0.9701467156410217, 0.9733481407165527, 1.0, 1.0, 109.11302185058594, 0.10000000149011612, 4.274511814117432, 2.582087993621826]","[[820.0, 457.37451171875, 0.9701467156410217, 456.40435791015625, 1.0, 1.0, 0.0], [-704.8677978515625, 0.9701467156410217, 0.9701467156410217, 0.0, 0.5075764060020447, 0.0, 1.0], [820.0, 6.723647117614746, 0.9701467156410217, 5.753500461578369, 1.0, 1.0, 0.0]]",d6b1785c6fa2,"[0, 1]","[[0.9701467156410217, 0.002121121156960726, 795.5203247070312], [0.9701467156410217, 1.0, -683.8251953125]]",0.0,0.31,1.0,-109.11302,0.1,False,False,True,2,teacher_full_batch_no_gnn_prefilter,2,False,False,teacher_rmp,True,0.857161088800423,1,93.52743502550233,17387980403.09919,93.52743530273438
base_a__normal_global__seed1373158607,0,4,1,PRICED_E4_shortage_ratio_OREO CHOCOLATE 110.4/105G_T5_2,OREO CHOCOLATE 110.4/105G,5,"[{""donor"": ""MM BINH PHU"", ""receiver"": ""MM DA NANG"", ""quantity"": 0.9701467009729061}]","[-109.11302185058594, 0.9701467156410217, 1.0, 0.9701467156410217, 0.9701467156410217, 0.014308732934296131, 1.0, 0.7532188892364502, 109.11302185058594, 0.10000000149011612, 4.274511814117432, 2.582087993621826]",,d6b1785c6fa2,"[2, 1]","[[0.9701467156410217, 0.14428876340389252, 795.5203247070312], [0.9701467156410217, 1.0, -683.8251953125]]",0.0,0.31,1.0,-109.11302,0.1,False,False,True,2,teacher_full_batch_no_gnn_prefilter,2,False,False,teacher_rmp,False,0.0,0,0.0,17387980403.09919,93.52743530273438
base_a__normal_global__seed1373158607,1,1,0,PRICED_E1_shortage_ratio_OREO CHOCOLATE 110.4/105G_T6_1,OREO CHOCOLATE 110.4/105G,6,"[{""donor"": ""MM DA NANG"", ""receiver"": ""MM AN PHU"", ""quantity"": 1.7553673581589813}]","[-1436.3480224609375, 1.755367398262024, 1.0, 1.755367398262024, 1.755367398262024, 0.9474935531616211, 1.0, 0.9695000648498535, 1436.3480224609375, 0.10000000149011612, 4.890292167663574, 3.05322003364563]","[[820.0, 486.74200439453125, 1.755367398262024, 484.98663330078125, 1.0, 1.0, 0.0], [0.0, 1.755367398262024, 1.755367398262024, 0.0, 0.36292800307273865, 0.0, 1.0]]",9d46f3cdc397,"[0, 1]","[[1.755367398262024, 0.0036063611041754484, 1439.4012451171875], [1.755367398262024, 1.0, 0.0]]",0.0,0.31,1.0,-1436.348013,0.1,False,False,True,1,teacher_full_batch_no_gnn_prefilter,1,False,False,teacher_rmp,True,1.0,1,1436.348013,17387984625.39896,0.7357559204101562
base_a__normal_global__seed1373158607,4,1,0,PRICED_E1_shortage_ratio_OREO CHOCOLATE 110.4/105G_T6_1,OREO CHOCOLATE 110.4/105G,6,"[{""donor"": ""MM DA NANG"", ""receiver"": ""MM AN PHU"", ""quantity"": 1.7553673581589813}]","[-1436.3480224609375, 1.755367398262024, 1.0, 1.755367398262024, 1.755367398262024, 0.9474935531616211, 1.0, 0.9695000648498535, 1436.3480224609375, 0.10000000149011612, 4.890292167663574, 3.05322003364563]","[[820.0, 486.74200439453125, 1.755367398262024, 484.98663330078125, 1.0, 1.0, 0.0], [0.0, 1.755367398262024, 1.755367398262024, 0.0, 0.36292800307273865, 0.0, 1.0]]",9d46f3cdc397,"[0, 1]","[[1.755367398262024, 0.0036063611041754484, 1439.4012451171875], [1.755367398262024, 1.0, 0.0]]",0.0,0.31,1.0,-1436.348013,0.1,False,False,True,1,teacher_full_batch_no_gnn_prefilter,1,False,False,teacher_rmp,True,1.0,1,1436.348013,17387984625.39896,0.7357559204101562
base_a__normal_global__seed1373158607,6,1,0,PRICED_E1_shortage_ratio_OREO CHOCOLATE 110.4/105G_T6_1,OREO CHOCOLATE 110.4/105G,6,"[{""donor"": ""MM DA NANG"", ""receiver"": ""MM AN PHU"", ""quantity"": 1.7553673581589813}]","[-1436.3480224609375, 1.755367398262024, 1.0, 1.755367398262024, 1.755367398262024, 0.9474935531616211, 1.0, 0.9695000648498535, 1436.3480224609375, 0.10000000149011612, 4.890292167663574, 3.05322003364563]","[[820.0, 486.74200439453125, 1.755367398262024, 484.98663330078125, 1.0, 1.0, 0.0], [0.0, 1.755367398262024, 1.755367398262024, 0.0, 0.36292800307273865, 0.0, 1.0]]",9d46f3cdc397,"[0, 1]","[[1.755367398262024, 0.0036063611041754484, 1439.4012451171875], [1.755367398262024, 1.0, 0.0]]",0.0,0.31,1.0,-1436.348013,0.1,False,False,True,1,teacher_full_batch_no_gnn_prefilter,1,False,False,teacher_rmp,True,1.0,1,1436.348013,17387984625.39896,0.7357559204101562
base_a__normal_global__seed1373158607,8,1,0,PRICED_E1_shortage_ratio_OREO CHOCOLATE 110.4/105G_T6_1,OREO CHOCOLATE 110.4/105G,6,"[{""donor"": ""MM DA NANG"", ""receiver"": ""MM AN PHU"", ""quantity"": 1.7553673581589813}]","[-1436.3480224609375, 1.755367398262024, 1.0, 1.755367398262024, 1.755367398262024, 0.9474935531616211, 1.0, 0.9695000648498535, 1436.3480224609375, 0.10000000149011612, 4.890292167663574, 3.05322003364563]","[[820.0, 486.74200439453125, 1.755367398262024, 484.98663330078125, 1.0, 1.0, 0.0], [0.0, 1.755367398262024, 1.755367398262024, 0.0, 0.36292800307273865, 0.0, 1.0]]",9d46f3cdc397,"[0, 1]","[[1.755367398262024, 0.0036063611041754484, 1439.4012451171875], [1.755367398262024, 1.0, 0.0]]",0.0,0.31,1.0,-1436.348013,0.1,False,False,True,1,teacher_full_batch_no_gnn_prefilter,1,False,False,teacher_rmp,True,1.0,1,1436.348013,17387984625.39896,0.7357559204101562
base_a__normal_global__seed1373158607,10,1,0,PRICED_E1_shortage_ratio_OREO CHOCOLATE 110.4/105G_T3_1,OREO CHOCOLATE 110.4/105G,3,"[{""donor"": ""MM HIEP PHU"", ""receiver"": ""MM AN PHU"", ""quantity"": 1.8732086817983884}]","[-1532.9072265625, 1.8732086420059204, 1.0, 1.8732086420059204, 1.8732086420059204, 0.984234094619751, 1.0, 1.0, 1532.9072265625, 0.10000000149011612, 4.975882053375244, 3.123924970626831]","[[820.0, 229.73716735839844, 1.8732086420059204, 227.8639678955078, 1.0, 1.0, 0.0], [0.0, 1.8732086420059204, 1.8732086420059204, 0.0, 0.34804293513298035, 0.0, 1.0], [820.0, 486.74200439453125, 1.755367398262024, 484.98663330078125, 1.0, 1.0, 0.0], [0.0, 1.755367398262024, 1.755367398262024, 0.0, 0.36292800307273865, 0.0, 1.0]]",c5dda98215b0,"[0, 1]","[[1.8732086420059204, 0.008153703063726425, 1536.0311279296875], [1.8732086420059204, 1.0, 0.0]]",0.0,0.31,1.0,-1532.907194,0.1,False,False,True,2,teacher_full_batch_no_gnn_prefilter,2,False,False,teacher_rmp,True,1.0,1,1532.907194,17387984625.39896,0.7357559204101562
base_a__normal_global__seed1373158607,10,1,1,PRICED_E1_shortage_ratio_OREO CHOCOLATE 110.4/105G_T6_1,OREO CHOCOLATE 110.4/105G,6,"[{""donor"": ""MM DA NANG"", ""receiver"": ""MM AN PHU"", ""quantity"": 1.7553673581589813}]","[-1436.3480224609375, 1.755367398262024, 1.0, 1.755367398262024, 1.755367398262024, 0.9474935531616211, 1.0, 0.9695000648498535, 1436.3480224609375, 0.10000000149011612, 4.890292167663574, 3.05322003364563]",,c5dda98215b0,"[2, 3]","[[1.755367398262024, 0.0036063611041754484, 1439.4012451171875], [1.755367398262024, 1.0, 0.0]]",0.0,0.2911027344555603,0.9370091148518677,-1436.348013,0.1,False,False,True,2,teacher_full_batch_no_gnn_prefilter,2,False,False,teacher_rmp,True,1.0,1,1436.348013,17387984625.39896,0.7357559204101562
base_a__normal_global__seed1373158607,11,1,0,PRICED_E1_shortage_ratio_OREO CHOCOLATE 110.4/105G_T6_1,OREO CHOCOLATE 110.4/105G,6,"[{""donor"": ""MM DA NANG"", ""receiver"": ""MM AN PHU"", ""quantity"": 1.7553673581589813}]","[-1436.3480224609375, 1.755367398262024, 1.0, 1.755367398262024, 1.755367398262024, 0.9474935531616211, 1.0, 0.9695000648498535, 1436.3480224609375, 0.10000000149011612, 4.890292167663574, 3.05322003364563]","[[820.0, 486.74200439453125, 1.755367398262024, 484.98663330078125, 1.0, 1.0, 0.0], [0.0, 1.755367398262024, 1.755367398262024, 0.0, 0.36292800307273865, 0.0, 1.0]]",9d46f3cdc397,"[0, 1]","[[1.755367398262024, 0.0036063611041754484, 1439.4012451171875], [1.755367398262024, 1.0, 0.0]]",0.0,0.31,1.0,-1436.348013,0.1,False,False,True,1,teacher_full_batch_no_gnn_prefilter,1,False,False,teacher_rmp,True,1.0,1,1436.348013,17387984625.39896,0.7357559204101562
base_a__normal_global__seed1373158607,9,1,0,PRICED_E1_shortage_ratio_OREO CHOCOLATE 110.4/105G_T6_1,OREO CHOCOLATE 110.4/105G,6,"[{""donor"": ""MM DA NANG"", ""receiver"": ""MM AN PHU"", ""quantity"": 1.7553673581589813}]","[-1436.3480224609375, 1.755367398262024, 1.0, 1.755367398262024, 1.755367398262024, 0.9474935531616211, 1.0, 0.9695000648498535, 1436.3480224609375, 0.10000000149011612, 4.890292167663574, 3.05322003364563]","[[820.0, 486.74200439453125, 1.755367398262024, 484.98663330078125, 1.0, 1.0, 0.0], [0.0, 1.755367398262024, 1.755367398262024, 0.0, 0.36292800307273865, 0.0, 1.0]]",9d46f3cdc397,"[0, 1]","[[1.755367398262024, 0.0036063611041754484, 1439.4012451171875], [1.755367398262024, 1.0, 0.0]]",0.0,0.31,1.0,-1436.348013,0.1,False,False,True,1,teacher_full_batch_no_gnn_prefilter,1,False,False,teacher_rmp,True,1.0,1,1436.348013,17387984625.39896,0.7357559204101562
base_a__normal_global__seed1373158607,14,1,0,PRICED_E1_shortage_ratio_OREO CHOCOLATE 110.4/105G_T6_1,OREO CHOCOLATE 110.4/105G,6,"[{""donor"": ""MM DA NANG"", ""receiver"": ""MM AN PHU"", ""quantity"": 1.7553673581589813}]","[-1436.3480224609375, 1.755367398262024, 1.0, 1.755367398262024, 1.755367398262024, 0.9474935531616211, 1.0, 0.9695000648498535, 1436.3480224609375, 0.10000000149011612, 4.890292167663574, 3.05322003364563]","[[820.0, 486.74200439453125, 1.755367398262024, 484.98663330078125, 1.0, 1.0, 0.0], [0.0, 1.755367398262024, 1.755367398262024, 0.0, 0.36292800307273865, 0.0, 1.0]]",9d46f3cdc397,"[0, 1]","[[1.755367398262024, 0.0036063611041754484, 1439.4012451171875], [1.755367398262024, 1.0, 0.0]]",0.0,0.31,1.0,-1436.348013,0.1,False,False,True,1,teacher_full_batch_no_gnn_prefilter,1,False,False,teacher_rmp,True,1.0,1,1436.348013,17387984625.39896,0.7357559204101562
base_a__normal_global__seed1373158607,13,1,0,PRICED_E1_shortage_ratio_OREO CHOCOLATE 110.4/105G_T1_1,OREO CHOCOLATE 110.4/105G,1,"[{""donor"": ""MM AN PHU"", ""receiver"": ""MM DA NANG"", ""quantity"": 6.839392502716354}]","[-0.7357569932937622, 6.83939266204834, 1.0, 6.83939266204834, 6.83939266204834, 1.0, 0.16977068781852722, 0.5729074478149414, 0.7357569932937622, 0.10000000149011612, 6.5006279945373535, 6.103635787963867]","[[1.0, 6.83939266204834, 6.83939266204834, 0.0, 1.0, 1.0, 0.0], [0.0, 24.799999237060547, 6.83939266204834, 17.960607528686523, 0.03875968977808952, 0.0, 1.0], [0.0, 48.20000076293945, 6.83939266204834, 41.3606071472168, 0.020325202494859695, 0.0, 1.0], [0.0, 52.223392486572266, 6.83939266204834, 45.38399887084961, 0.01878873072564602, 0.0, 1.0], [820.0, 486.74200439453125, 1.755367398262024, 484.98663330078125, 1.0, 1.0, 0.0], [0.0, 1.755367398262024, 1.755367398262024, 0.0, 0.36292800307273865, 0.0, 1.0]]",635d75c58b37,"[0, 1]","[[6.83939266204834, 1.0, 6.83939266204834], [6.83939266204834, 0.2757819592952728, 0.0]]",0.0,0.010153672437321778,0.0005122414577392533,-0.735757,0.1,False,False,True,4,teacher_full_batch_no_gnn_prefilter,4,False,False,teacher_rmp,True,1.0,1,0.735757,17387984625.39896,0.7357559204101562
base_a__normal_global__seed1373158607,13,1,1,PRICED_E1_shortage_ratio_OREO CHOCOLATE 110.4/105G_T1_2,OREO CHOCOLATE 110.4/105G,1,"[{""donor"": ""MM BINH PHU"", ""receiver"": ""MM DA NANG"", ""quantity"": 6.839392502716354}]","[-0.7357569932937622, 6.83939266204834, 1.0, 6.83939266204834, 6.83939266204834, 1.0, 0.3299575746059418, 0.5729074478149414, 0.7357569932937622, 0.10000000149011612, 6.5006279945373535, 6.103635787963867]",,635d75c58b37,"[0, 2]","[[6.83939266204834, 1.0, 6.83939266204834], [6.83939266204834, 0.1418961137533188, 0.0]]",0.0,0.010153672437321778,0.0005122414577392533,-0.735757,0.1,False,False,True,4,teacher_full_batch_no_gnn_prefilter,4,False,False,teacher_rmp,False,0.0,0,0.0,17387984625.39896,0.7357559204101562
base_a__normal_global__seed1373158607,13,1,2,PRICED_E1_shortage_ratio_OREO CHOCOLATE 110.4/105G_T1_3,OREO CHOCOLATE 110.4/105G,1,"[{""donor"": ""MM HIEP PHU"", ""receiver"": ""MM DA NANG"", ""quantity"": 6.839392502716354}]","[-0.7357569932937622, 6.83939266204834, 1.0, 6.83939266204834, 6.83939266204834, 1.0, 0.3575000762939453, 0.5729074478149414, 0.7357569932937622, 0.10000000149011612, 6.5006279945373535, 6.103635787963867]",,635d75c58b37,"[0, 3]","[[6.83939266204834, 1.0, 6.83939266204834], [6.83939266204834, 0.13096415996551514, 0.0]]",0.0,0.010153672437321778,0.0005122414577392533,-0.735757,0.1,False,False,True,4,teacher_full_batch_no_gnn_prefilter,4,False,False,teacher_rmp,False,0.0,0,0.0,17387984625.39896,0.7357559204101562
base_a__normal_global__seed1373158607,13,1,3,PRICED_E1_shortage_ratio_OREO CHOCOLATE 110.4/105G_T6_1,OREO CHOCOLATE 110.4/105G,6,"[{""donor"": ""MM DA NANG"", ""receiver"": ""MM AN PHU"", ""quantity"": 1.7553673581589813}]","[-1436.3480224609375, 1.755367398262024, 1.0, 1.755367398262024, 1.755367398262024, 0.9474935531616211, 1.0, 0.9695000648498535, 1436.3480224609375, 0.10000000149011612, 4.890292167663574, 3.05322003364563]",,635d75c58b37,"[4, 5]","[[1.755367398262024, 0.0036063611041754484, 1439.4012451171875], [1.755367398262024, 1.0, 0.0]]",0.0,0.31,1.0,-1436.348013,0.1,False,False,True,4,teacher_full_batch_no_gnn_prefilter,4,False,False,teacher_rmp,True,1.0,1,1436.348013,17387984625.39896,0.7357559204101562
base_a__normal_global__seed1373158607,13,2,0,PRICED_E2_shortage_ratio_OREO CHOCOLATE 110.4/105G_T6_1,OREO CHOCOLATE 110.4/105G,6,"[{""donor"": ""MM DA NANG"", ""receiver"": ""MM AN PHU"", ""quantity"": 1.7553673581589813}]","[-1436.3480224609375, 1.755367398262024, 1.0, 1.755367398262024, 1.755367398262024, 0.9474935531616211, 1.0, 0.9695000648498535, 1436.3480224609375, 0.10000000149011612, 4.890292167663574, 3.05322003364563]","[[820.0, 486.74200439453125, 1.755367398262024, 484.98663330078125, 1.0, 1.0, 0.0], [0.0, 1.755367398262024, 1.755367398262024, 0.0, 0.36292800307273865, 0.0, 1.0]]",9d46f3cdc397,"[0, 1]","[[1.755367398262024, 0.0036063611041754484, 1439.4012451171875], [1.755367398262024, 1.0, 0.0]]",0.0,0.31,1.0,-1436.348013,0.1,False,False,True,1,teacher_full_batch_no_gnn_prefilter,1,False,False,teacher_rmp,True,1.0,1,1436.348013,17387983189.050945,1436.348014831543
base_b__normal_global__seed239081664,0,1,0,PRICED_E1_shortage_ratio_OREO CHOCOLATE 110.4/105G_T1_1,OREO CHOCOLATE 110.4/105G,1,"[{""donor"": ""MM AN PHU"", ""receiver"": ""MM DA NANG"", ""quantity"": 5.6114121294395005}]","[-0.24456484615802765, 5.611412048339844, 1.0, 5.611412048339844, 5.611412048339844, 1.0, 0.14652758836746216, 0.5582911968231201, 0.24456484615802765, 0.10000000149011612, 5.742392063140869, 5.366847038269043]","[[1.0, 5.611412048339844, 5.611412048339844, 0.0, 1.0, 1.0, 0.0], [0.0, 24.799999237060547, 5.611412048339844, 19.188587188720703, 0.03875968977808952, 0.0, 1.0], [0.0, 24.399999618530273, 5.611412048339844, 18.78858757019043, 0.03937007859349251, 0.0, 1.0], [0.0, 39.05141067504883, 5.611412048339844, 33.439998626708984, 0.02496790885925293, 0.0, 1.0], [1.0, 190.62738037109375, 94.7759780883789, 95.85139465332031, 1.0, 1.0, 0.0], [0.0, 48.57598114013672, 48.57598114013672, 0.0, 0.020171059295535088, 0.0, 1.0], [0.0, 46.20000076293945, 46.20000076293945, 0.0, 0.02118644118309021, 0.0, 1.0], [820.0, 258.6293029785156, 50.48530197143555, 208.1439971923828, 1.0, 1.0, 0.0], [0.0, 25.269495010375977, 25.269495010375977, 0.0, 0.03806696832180023, 0.0, 1.0], [0.0, 17.389793395996094, 17.389793395996094, 0.0, 0.05437799170613289, 0.0, 1.0], [0.0, 7.826015472412109, 7.826015472412109, 0.0, 0.11330141127109528, 0.0, 1.0], [820.0, 60.09476089477539, 37.07059097290039, 23.024169921875, 1.0, 1.0, 0.0], [0.0, 29.37766456604004, 29.37766456604004, 0.0, 0.03291892260313034, 0.0, 1.0], [0.0, 7.692927360534668, 7.692927360534668, 0.0, 0.11503604799509048, 0.0, 1.0], [820.0, 495.4215393066406, 88.3563003540039, 407.06524658203125, 1.0, 1.0, 0.0], [0.0, 42.608970642089844, 42.608970642089844, 0.0, 0.022931061685085297, 0.0, 1.0], [0.0, 4.469180107116699, 4.469180107116699, 0.0, 0.18284276127815247, 0.0, 1.0], [1.0, 5.800000190734863, 5.800000190734863, 0.0, 1.0, 1.0, 0.0], [820.0, 509.64605712890625, 35.839778900146484, 473.8062744140625, 1.0, 1.0, 0.0], [0.0, 19.14170265197754, 19.14170265197754, 0.0, 0.049648236483335495, 0.0, 1.0], [1.0, 6.977693557739258, 6.977693557739258, 0.0, 1.0, 1.0, 0.0], [1.0, 7.629943370819092, 7.629943370819092, 0.0, 1.0, 1.0, 0.0], [820.0, 9.224919319152832, 9.224919319152832, 0.0, 1.0, 1.0, 0.0], [0.0, 3.4334094524383545, 3.4334094524383545, 0.0, 0.2255600392818451, 0.0, 1.0], [0.0, 2.7167749404907227, 2.7167749404907227, 0.0, 0.2690504491329193, 0.0, 1.0], [820.0, 2.9010062217712402, 2.9010062217712402, 0.0, 1.0, 1.0, 0.0], [1.0, 31.79635238647461, 31.79635238647461, 0.0, 1.0, 1.0, 0.0], [0.0, 47.94905471801758, 31.79635238647461, 16.1527042388916, 0.020429402589797974, 0.0, 1.0], [0.0, 32.32679748535156, 31.79635238647461, 0.5304467678070068, 0.030005881562829018, 0.0, 1.0], [0.0, 244.59176635742188, 31.79635238647461, 212.79542541503906, 0.004071797709912062, 0.0, 1.0], [1.0, 77.18775177001953, 77.18775177001953, 0.0, 1.0, 1.0, 0.0], [0.0, 240.45628356933594, 137.1107635498047, 103.34552001953125, 0.004141536541283131, 0.0, 1.0], [0.0, 104.75801086425781, 77.18775177001953, 27.57026481628418, 0.009455548599362373, 0.0, 1.0], [0.0, 17.264732360839844, 17.264732360839844, 0.0, 0.05475032702088356, 0.0, 1.0], [820.0, 322.7359313964844, 322.7359313964844, 0.0, 1.0, 1.0, 0.0], [0.0, 246.42674255371094, 246.42674255371094, 0.0, 0.004041600041091442, 0.0, 1.0], [0.0, 94.26730346679688, 94.26730346679688, 0.0, 0.010496781207621098, 0.0, 1.0], [0.0, 25.928936004638672, 25.928936004638672, 0.0, 0.03713477775454521, 0.0, 1.0], [0.0, 46.31294250488281, 46.31294250488281, 0.0, 0.02113586664199829, 0.0, 1.0], [1.0, 30.216150283813477, 30.216150283813477, 0.0, 1.0, 1.0, 0.0], [0.0, 19.885826110839844, 19.885826110839844, 0.0, 0.04787936061620712, 0.0, 1.0], [820.0, 111.68146514892578, 111.68146514892578, 0.0, 1.0, 1.0, 0.0], [0.0, 110.36546325683594, 110.36546325683594, 0.0, 0.00897944439202547, 0.0, 1.0], [0.0, 8.558324813842773, 8.558324813842773, 0.0, 0.10462084412574768, 0.0, 1.0], [820.0, 12.694914817810059, 12.694914817810059, 0.0, 1.0, 1.0, 0.0], [0.0, 50.980140686035156, 12.694914817810059, 38.28522491455078, 0.019238116219639778, 0.0, 1.0], [0.0, 113.2187728881836, 12.694914817810059, 100.52386474609375, 0.008755127899348736, 0.0, 1.0]]",70b60f0335dd,"[0, 1]","[[5.611412048339844, 1.0, 5.611412048339844], [5.611412048339844, 0.22626662254333496, 0.0]]",0.0,0.010000277446245903,9.248208196679874e-07,-0.244565,0.1,False,False,True,28,teacher_full_batch_no_gnn_prefilter,28,False,False,teacher_rmp,False,0.0,0,0.0,18562179116.87144,508133.51594924927
base_b__normal_global__seed239081664,0,1,1,PRICED_E1_shortage_ratio_OREO CHOCOLATE 110.4/105G_T1_2,OREO CHOCOLATE 110.4/105G,1,"[{""donor"": ""MM BINH DUONG"", ""receiver"": ""MM DA NANG"", ""quantity"": 5.6114121294395005}]","[-0.24456484615802765, 5.611412048339844, 1.0, 5.611412048339844, 5.611412048339844, 1.0, 0.14416423439979553, 0.5582911968231201, 0.24456484615802765, 0.10000000149011612, 5.742392063140869, 5.366847038269043]",,70b60f0335dd,"[0, 2]","[[5.611412048339844, 1.0, 5.611412048339844], [5.611412048339844, 0.22997590899467468, 0.0]]",0.0,0.010000277446245903,9.248208196679874e-07,-0.244565,0.1,False,False,True,28,teacher_full_batch_no_gnn_prefilter,28,False,False,teacher_rmp,False,0.0,0,0.0,18562179116.87144,508133.51594924927
base_b__normal_global__seed239081664,0,1,2,PRICED_E1_shortage_ratio_OREO CHOCOLATE 110.4/105G_T1_3,OREO CHOCOLATE 110.4/105G,1,"[{""donor"": ""MM BINH PHU"", ""receiver"": ""MM DA NANG"", ""quantity"": 5.6114121294395005}]","[-0.24456484615802765, 5.611412048339844, 1.0, 5.611412048339844, 5.611412048339844, 1.0, 0.23073020577430725, 0.5582911968231201, 0.24456484615802765, 0.10000000149011612, 5.742392063140869, 5.366847038269043]",,70b60f0335dd,"[0, 3]","[[5.611412048339844, 1.0, 5.611412048339844], [5.611412048339844, 0.14369294047355652, 0.0]]",0.0,0.010000277446245903,9.248208196679874e-07,-0.244565,0.1,False,False,True,28,teacher_full_batch_no_gnn_prefilter,28,False,False,teacher_rmp,True,1.0,1,0.244565,18562179116.87144,508133.51594924927
base_b__normal_global__seed239081664,0,1,3,PRICED_E1_shortage_ratio_OREO CHOCOLATE 110.4/105G_T2_1,OREO CHOCOLATE 110.4/105G,2,"[{""donor"": ""MM HIEP PHU"", ""receiver"": ""MM AN PHU"", ""quantity"": 48.575980116800785}, {""donor"": ""MM BINH PHU"", ""receiver"": ""MM AN PHU"", ""quantity"": 46.2}]","[-35.91039276123047, 94.7759780883789, 2.0, 94.7759780883789, 94.7759780883789, 0.9782586693763733, 0.40304142236709595, 1.0, 17.955196380615234, 0.10000000149011612, 32.61211395263672, 60.8655891418457]",,70b60f0335dd,"[4, 5, 4, 6]","[[48.57598114013672, 0.25482162833213806, 48.57598114013672], [48.57598114013672, 1.0, 0.0], [46.20000076293945, 0.24235764145851135, 46.20000076293945], [46.20000076293945, 1.0, 0.0]]",0.0,0.010038469572332146,0.00012823190777381377,-33.910392,0.1,False,False,True,28,teacher_full_batch_no_gnn_prefilter,28,False,False,teacher_rmp,True,1.0,1,33.910392,18562179116.87144,508133.51594924927
base_b__normal_global__seed239081664,0,1,4,PRICED_E1_shortage_ratio_OREO CHOCOLATE 110.4/105G_T3_1,OREO CHOCOLATE 110.4/105G,3,"[{""donor"": ""MM HIEP PHU"", ""receiver"": ""MM AN PHU"", ""quantity"": 25.269495208410937}, {""donor"": ""MM BINH DUONG"", ""receiver"": ""MM AN PHU"", ""quantity"": 17.3897925390665}, {""donor"": ""MM BINH PHU"", ""receiver"": ""MM AN PHU"", ""quantity"": 7.826015539820368}]","[-41365.65625, 50.48530197143555, 3.0, 50.48530197143555, 50.48530197143555, 1.0, 0.3333333432674408, 1.0, 13788.552734375, 0.10000000149011612, 14.228479385375977, 36.29118347167969]",,70b60f0335dd,"[7, 8, 7, 9, 7, 10]","[[25.269495010375977, 0.09770546108484268, 20720.986328125], [25.269495010375977, 1.0, 0.0], [17.389793395996094, 0.06723829358816147, 14259.6298828125], [17.389793395996094, 1.0, 0.0], [7.826015472412109, 0.03025958500802517, 6417.33251953125], [7.826015472412109, 1.0, 0.0]]",0.0,0.05692264470172435,0.1564088156724145,-41361.657514,0.1,False,False,True,28,teacher_full_batch_no_gnn_prefilter,28,False,False,teacher_rmp,True,1.0,1,41361.657514,18562179116.87144,508133.51594924927
base_b__normal_global__seed239081664,0,1,5,PRICED_E1_shortage_ratio_OREO CHOCOLATE 110.4/105G_T4_1,OREO CHOCOLATE 110.4/105G,4,"[{""donor"": ""MM HIEP PHU"", ""receiver"": ""MM AN PHU"", ""quantity"": 29.377664704417032}, {""donor"": ""MM BINH DUONG"", ""receiver"": ""MM AN PHU"", ""quantity"": 7.692927321840976}]","[-30373.642578125, 37.07059097290039, 2.0, 37.07059097290039, 37.07059097290039, 1.0, 0.5, 0.8400208353996277, 15186.8212890625, 0.10000000149011612, 15.247200012207031, 26.242355346679688]",,70b60f0335dd,"[11, 12, 11, 13]","[[29.37766456604004, 0.48885565996170044, 24089.685546875], [29.37766456604004, 1.0, 0.0], [7.692927360534668, 0.12801328301429749, 6308.2001953125], [7.692927360534668, 1.0, 0.0]]",0.0,0.044455046149638536,0.11485015383212846,-30371.643106,0.1,False,False,True,28,teacher_full_batch_no_gnn_prefilter,28,False,False,teacher_rmp,True,1.0,1,30371.643106,18562179116.87144,508133.51594924927
base_b__normal_global__seed239081664,0,1,6,PRICED_E1_shortage_ratio_OREO CHOCOLATE 110.4/105G_T5_1,OREO CHOCOLATE 110.4/105G,5,"[{""donor"": ""MM HIEP PHU"", ""receiver"": ""MM AN PHU"", ""quantity"": 42.60897019528174}, {""donor"": ""MM BINH DUONG"", ""receiver"": ""MM AN PHU"", ""quantity"": 4.469180268209772}]","[-38573.8359375, 47.07815170288086, 2.0, 47.07815170288086, 47.07815170288086, 0.9884282946586609, 0.5, 1.0, 19286.91796875, 0.10000000149011612, 14.072487831115723, 32.246891021728516]",,70b60f0335dd,"[14, 15, 14, 16]","[[42.608970642089844, 0.08600548654794693, 34939.35546875], [42.608970642089844, 1.0, 0.0], [4.469180107116699, 0.009020964615046978, 3664.727783203125], [4.469180107116699, 1.0, 0.0]]",0.0,0.05375773815400575,0.14585912718001917,-38571.83649,0.1,False,False,True,28,teacher_full_batch_no_gnn_prefilter,28,False,False,teacher_rmp,True,1.0,1,38571.83649,18562179116.87144,508133.51594924927
base_b__normal_global__seed239081664,0,1,7,PRICED_E1_shortage_ratio_OREO CHOCOLATE 110.4/105G_T5_2,OREO CHOCOLATE 110.4/105G,5,"[{""donor"": ""MM BINH DUONG"", ""receiver"": ""MM AN PHU"", ""quantity"": 4.469180268209772}, {""donor"": ""MM HIEP PHU"", ""receiver"": ""MM BINH PHU"", ""quantity"": 5.799999999999997}, {""donor"": ""MM HIEP PHU"", ""receiver"": ""MM AN PHU"", ""quantity"": 36.808970195281745}]","[-33823.63671875, 47.07815170288086, 3.0, 47.07815170288086, 47.07815170288086, 0.662809431552887, 0.6350229978561401, 1.0, 11274.5458984375, 0.10000000149011612, 14.072487831115723, 34.246891021728516]",,70b60f0335dd,"[14, 16, 17, 15, 14, 15]","[[4.469180107116699, 0.009020964615046978, 3664.727783203125], [4.469180107116699, 1.0, 0.0], [5.800000190734863, 1.0, 5.800000190734863], [5.800000190734863, 0.13612157106399536, 0.0], [36.8089714050293, 0.07429828494787216, 30183.35546875], [36.8089714050293, 0.8638784289360046, 0.0]]",0.0,0.048366614936178734,0.1278887164539291,-33819.63649,0.1,False,False,True,28,teacher_full_batch_no_gnn_prefilter,28,False,False,teacher_rmp,True,0.16459405711449296,1,5566.511180026449,18562179116.87144,508133.51594924927
base_b__normal_global__seed239081664,0,1,8,PRICED_E1_shortage_ratio_OREO CHOCOLATE 110.4/105G_T6_1,OREO CHOCOLATE 110.4/105G,6,"[{""donor"": ""MM HIEP PHU"", ""receiver"": ""MM AN PHU"", ""quantity"": 19.14170297309868}]","[-15682.7109375, 19.14170265197754, 1.0, 19.14170265197754, 19.14170265197754, 0.9721363186836243, 0.8645090460777283, 1.0, 15682.7109375, 0.10000000149011612, 10.013651847839355, 13.485021591186523]",,70b60f0335dd,"[18, 19]","[[19.14170265197754, 0.037558816373348236, 15696.1962890625], [19.14170265197754, 1.0, 0.0]]",0.0,0.02779121872675357,0.0593040624225119,-15682.711416,0.1,False,False,True,28,teacher_full_batch_no_gnn_prefilter,28,False,False,teacher_rmp,True,1.0,1,15682.711416,18562179116.87144,508133.51594924927
base_b__normal_global__seed239081664,0,1,9,PRICED_E1_shortage_ratio_OREO CHOCOLATE 110.4/105G_T6_3,OREO CHOCOLATE 110.4/105G,6,"[{""donor"": ""MM HIEP PHU"", ""receiver"": ""MM DA NANG"", ""quantity"": 6.977693423990203}, {""donor"": ""MM HIEP PHU"", ""receiver"": ""MM AN PHU"", ""quantity"": 12.164009549108478}]","[-9967.98046875, 19.14170265197754, 2.0, 19.14170265197754, 19.14170265197754, 0.4927230477333069, 0.8645090460777283, 0.9433456063270569, 4983.990234375, 0.10000000149011612, 10.013651847839355, 15.485021591186523]",,70b60f0335dd,"[20, 19, 18, 19]","[[6.977693557739258, 1.0, 6.977693557739258], [6.977693557739258, 0.3645283579826355, 0.0], [12.164009094238281, 0.023867562413215637, 9974.48828125], [12.164009094238281, 0.6354716420173645, 0.0]]",0.0,0.021305885457839208,0.03768628485946403,-9965.980502,0.1,False,False,True,28,teacher_full_batch_no_gnn_prefilter,28,False,False,teacher_rmp,True,0.6653403237738452,1,6630.768693924509,18562179116.87144,508133.51594924927
base_b__normal_global__seed239081664,0,1,10,PRICED_E1_shortage_ratio_OREO CHOCOLATE 110.4/105G_T6_2,OREO CHOCOLATE 110.4/105G,6,"[{""donor"": ""MM HIEP PHU"", ""receiver"": ""MM BINH PHU"", ""quantity"": 7.6299431608576}, {""donor"": ""MM HIEP PHU"", ""receiver"": ""MM DA NANG"", ""quantity"": 6.977693423990203}, {""donor"": ""MM HIEP PHU"", ""receiver"": ""MM AN PHU"", ""quantity"": 4.534066388250878}]","[-3719.05712890625, 19.14170265197754, 3.0, 19.14170265197754, 19.14170265197754, 0.3333333432674408, 0.8645090460777283, 0.8325627446174622, 1239.6856689453125, 0.10000000149011612, 10.013651847839355, 17.485021591186523]",,70b60f0335dd,"[21, 19, 20, 19, 18, 19]","[[7.629943370819092, 1.0, 7.629943370819092], [7.629943370819092, 0.3986031413078308, 0.0], [6.977693557739258, 1.0, 6.977693557739258], [6.977693557739258, 0.3645283579826355, 0.0], [4.534066200256348, 0.008896499872207642, 3717.934326171875], [4.534066200256348, 0.2368685007095337, 0.0]]",0.0,0.014214538599802259,0.01404846199934086,-3715.057053,0.1,False,False,True,28,teacher_full_batch_no_gnn_prefilter,28,False,False,teacher_rmp,False,0.0,0,0.0,18562179116.87144,508133.51594924927
base_b__normal_global__seed239081664,0,1,11,PRICED_E1_shortage_ratio_OREO CHOCOLATE 110.4/105G_T7_1,OREO CHOCOLATE 110.4/105G,7,"[{""donor"": ""MM BINH DUONG"", ""receiver"": ""MM AN PHU"", ""quantity"": 3.4334094815302816}, {""donor"": ""MM HIEP PHU"", ""receiver"": ""MM AN PHU"", ""quantity"": 2.7167749046512384}]","[-5037.4609375, 6.150184154510498, 2.0, 6.150184154510498, 6.150184154510498, 0.7607600092887878, 0.5, 0.5844045281410217, 2518.73046875, 0.10000000149011612, 5.641347885131836, 7.69011116027832]",,70b60f0335dd,"[22, 23, 22, 24]","[[3.4334094524383545, 0.3721885681152344, 2815.395751953125], [3.4334094524383545, 1.0, 0.0], [2.7167749404907227, 0.29450392723083496, 2227.75537109375], [2.7167749404907227, 1.0, 0.0]]",0.0,0.01571246815647469,0.019041560521582294,-5035.461086,0.1,False,False,True,28,teacher_full_batch_no_gnn_prefilter,28,False,False,teacher_rmp,True,0.6812460358940307,1,3430.3879037361507,18562179116.87144,508133.51594924927
base_b__normal_global__seed239081664,0,1,12,PRICED_E1_shortage_ratio_OREO CHOCOLATE 110.4/105G_T7_4,OREO CHOCOLATE 110.4/105G,7,"[{""donor"": ""MM HIEP PHU"", ""receiver"": ""MM DA NANG"", ""quantity"": 2.7167749046512384}, {""donor"": ""MM BINH DUONG"", ""receiver"": ""MM AN PHU"", ""quantity"": 3.4334094815302816}]","[-5037.4609375, 6.150184154510498, 2.0, 6.150184154510498, 6.150184154510498, 0.5, 0.5, 0.5628652572631836, 2518.73046875, 0.10000000149011612, 5.641347885131836, 7.69011116027832]",,70b60f0335dd,"[25, 24, 22, 23]","[[2.7167749404907227, 0.936493992805481, 2227.75537109375], [2.7167749404907227, 1.0, 0.0], [3.4334094524383545, 0.3721885681152344, 2815.395751953125], [3.4334094524383545, 1.0, 0.0]]",0.0,0.01571246815647469,0.019041560521582294,-5035.461086,0.1,False,False,True,28,teacher_full_batch_no_gnn_prefilter,28,False,False,teacher_rmp,True,1.0,1,5035.461086,18562179116.87144,508133.51594924927
base_b__normal_global__seed239081664,0,1,13,PRICED_E1_shortage_ratio_OREO CHOCOLATE 110.4/105G_T7_2,OREO CHOCOLATE 110.4/105G,7,"[{""donor"": ""MM BINH DUONG"", ""receiver"": ""MM DA NANG"", ""quantity"": 2.9010061431814016}, {""donor"": ""MM HIEP PHU"", ""receiver"": ""MM AN PHU"", ""quantity"": 2.7167749046512384}, {""donor"": ""MM BINH DUONG"", ""receiver"": ""MM AN PHU"", ""quantity"": 0.53240333834888}]","[-5037.4609375, 6.150184154510498, 3.0, 6.150184154510498, 6.150184154510498, 0.5869200229644775, 0.5194203853607178, 0.570044994354248, 1679.1536865234375, 0.10000000149011612, 5.641347885131836, 9.69011116027832]",,70b60f0335dd,"[25, 23, 22, 24, 22, 23]","[[2.9010062217712402, 1.0, 2378.824951171875], [2.9010062217712402, 0.8449345231056213, 0.0], [2.7167749404907227, 0.29450392723083496, 2227.75537109375], [2.7167749404907227, 1.0, 0.0], [0.5324033498764038, 0.05771360173821449, 436.57073974609375], [0.5324033498764038, 0.15506549179553986, 0.0]]",0.0,0.015710199260713643,0.019033997535712135,-5033.461086,0.1,False,False,True,28,teacher_full_batch_no_gnn_prefilter,28,False,False,teacher_rmp,True,1.0,1,5033.461086,18562179116.87144,508133.51594924927
base_b__normal_global__seed239081664,0,1,14,PRICED_E1_shortage_ratio_OREO VANILLA 110.4/105G_T2_1,OREO VANILLA 110.4/105G,2,"[{""donor"": ""MM BINH DUONG"", ""receiver"": ""MM AN PHU"", ""quantity"": 31.796352283153375}]","[-10.718541145324707, 31.79635238647461, 1.0, 31.79635238647461, 31.79635238647461, 1.0, 0.1098528653383255, 0.5483362674713135, 10.718541145324707, 0.10000000149011612, 22.20015525817871, 21.077810287475586]",,70b60f0335dd,"[26, 27]","[[31.79635238647461, 1.0, 31.79635238647461], [31.79635238647461, 0.6631277799606323, 0.0]]",0.0,0.010012159626119763,4.053208706587177e-05,-10.718541,0.1,False,False,True,28,teacher_full_batch_no_gnn_prefilter,28,False,False,teacher_rmp,True,1.0,1,10.718541,18562179116.87144,508133.51594924927
base_b__normal_global__seed239081664,0,1,15,PRICED_E1_shortage_ratio_OREO VANILLA 110.4/105G_T2_2,OREO VANILLA 110.4/105G,2,"[{""donor"": ""MM BINH PHU"", ""receiver"": ""MM AN PHU"", ""quantity"": 31.796352283153375}]","[-10.718541145324707, 31.79635238647461, 1.0, 31.79635238647461, 31.79635238647461, 1.0, 0.07406175881624222, 0.5483362674713135, 10.718541145324707, 0.10000000149011612, 22.20015525817871, 21.077810287475586]",,70b60f0335dd,"[26, 28]","[[31.79635238647461, 1.0, 31.79635238647461], [31.79635238647461, 0.9835911393165588, 0.0]]",0.0,0.010012159626119763,4.053208706587177e-05,-10.718541,0.1,False,False,True,28,teacher_full_batch_no_gnn_prefilter,28,False,False,teacher_rmp,True,1.0,1,10.718541,18562179116.87144,508133.51594924927
base_b__normal_global__seed239081664,0,1,16,PRICED_E1_shortage_ratio_OREO VANILLA 110.4/105G_T2_3,OREO VANILLA 110.4/105G,2,"[{""donor"": ""MM DA NANG"", ""receiver"": ""MM AN PHU"", ""quantity"": 31.796352283153375}]","[-10.718541145324707, 31.79635238647461, 1.0, 31.79635238647461, 31.79635238647461, 1.0, 0.5603678226470947, 0.5483362674713135, 10.718541145324707, 0.10000000149011612, 22.20015525817871, 21.077810287475586]",,70b60f0335dd,"[26, 29]","[[31.79635238647461, 1.0, 31.79635238647461], [31.79635238647461, 0.1299976408481598, 0.0]]",0.0,0.010012159626119763,4.053208706587177e-05,-10.718541,0.1,False,False,True,28,teacher_full_batch_no_gnn_prefilter,28,False,False,teacher_rmp,True,0.434744693686678,1,4.6598288238131,18562179116.87144,508133.51594924927
base_b__normal_global__seed239081664,0,1,17,PRICED_E1_shortage_ratio_OREO VANILLA 110.4/105G_T3_1,OREO VANILLA 110.4/105G,3,"[{""donor"": ""MM DA NANG"", ""receiver"": ""MM AN PHU"", ""quantity"": 77.18774796465003}]","[-28.875099182128906, 77.18775177001953, 1.0, 77.18775177001953, 77.18775177001953, 1.0, 0.5265730619430542, 1.0, 28.875099182128906, 0.10000000149011612, 34.22563934326172, 48.31264877319336]",,70b60f0335dd,"[30, 31]","[[77.18775177001953, 1.0, 77.18775177001953], [77.18775177001953, 0.32100531458854675, 0.0]]",0.0,0.010032757294860478,0.00010919098286825295,-28.875099,0.1,False,False,True,28,teacher_full_batch_no_gnn_prefilter,28,False,False,teacher_rmp,True,1.0,1,28.875099,18562179116.87144,508133.51594924927
base_b__normal_global__seed239081664,0,1,18,PRICED_E1_shortage_ratio_OREO VANILLA 110.4/105G_T3_2,OREO VANILLA 110.4/105G,3,"[{""donor"": ""MM HIEP PHU"", ""receiver"": ""MM AN PHU"", ""quantity"": 77.18774796465003}]","[-28.875099182128906, 77.18775177001953, 1.0, 77.18775177001953, 77.18775177001953, 1.0, 0.2294086217880249, 1.0, 28.875099182128906, 0.10000000149011612, 34.22563934326172, 48.31264877319336]",,70b60f0335dd,"[30, 32]","[[77.18775177001953, 1.0, 77.18775177001953], [77.18775177001953, 0.7368195056915283, 0.0]]",0.0,0.010032757294860478,0.00010919098286825295,-28.875099,0.1,False,False,True,28,teacher_full_batch_no_gnn_prefilter,28,False,False,teacher_rmp,True,1.0,1,28.875099,18562179116.87144,508133.51594924927
base_b__normal_global__seed239081664,0,1,19,PRICED_E1_shortage_ratio_OREO VANILLA 110.4/105G_T3_4,OREO VANILLA 110.4/105G,3,"[{""donor"": ""MM BINH PHU"", ""receiver"": ""MM AN PHU"", ""quantity"": 17.264731577862868}, {""donor"": ""MM DA NANG"", ""receiver"": ""MM AN PHU"", ""quantity"": 59.92301638678716}]","[-28.875099182128906, 77.18775177001953, 2.0, 77.18775177001953, 77.18775177001953, 1.0, 0.2821904718875885, 1.0, 14.437549591064453, 0.10000000149011612, 34.22563934326172, 50.31264877319336]",,70b60f0335dd,"[30, 33, 30, 31]","[[17.264732360839844, 0.22367191314697266, 17.264732360839844], [17.264732360839844, 1.0, 0.0], [59.92301559448242, 0.7763280868530273, 59.92301559448242], [59.92301559448242, 0.24920544028282166, 0.0]]",0.0,0.01003048839909943,0.00010162799699809175,-26.875099,0.1,False,False,True,28,teacher_full_batch_no_gnn_prefilter,28,False,False,teacher_rmp,True,0.1135996877991004,1,3.053002855969915,18562179116.87144,508133.51594924927
base_b__normal_global__seed239081664,0,1,20,PRICED_E1_shortage_ratio_OREO VANILLA 110.4/105G_T4_1,OREO VANILLA 110.4/105G,4,"[{""donor"": ""MM DA NANG"", ""receiver"": ""MM AN PHU"", ""quantity"": 246.42674983238155}, {""donor"": ""MM HIEP PHU"", ""receiver"": ""MM AN PHU"", ""quantity"": 76.30917888300198}]","[-264447.8125, 322.7359313964844, 2.0, 322.7359313964844, 322.7359313964844, 1.0, 0.41252651810646057, 1.0, 132223.90625, 0.10000000149011612, 66.12218475341797, 197.6415557861328]",,70b60f0335dd,"[34, 35, 34, 36]","[[246.42674255371094, 0.7635553479194641, 202069.9375], [246.42674255371094, 1.0, 0.0], [76.3091812133789, 0.2364446371793747, 62573.52734375], [76.3091812133789, 0.8094978332519531, 0.0]]",0.0,0.31,1.0,-264445.819989,0.1,False,False,True,28,teacher_full_batch_no_gnn_prefilter,28,False,False,teacher_rmp,True,0.8977764861600043,1,237413.23904942544,18562179116.87144,508133.51594924927
base_b__normal_global__seed239081664,0,1,21,PRICED_E1_shortage_ratio_OREO VANILLA 110.4/105G_T4_4,OREO VANILLA 110.4/105G,4,"[{""donor"": ""MM BINH PHU"", ""receiver"": ""MM AN PHU"", ""quantity"": 25.92893590857497}, {""donor"": ""MM DA NANG"", ""receiver"": ""MM AN PHU"", ""quantity"": 246.42674983238155}, {""donor"": ""MM HIEP PHU"", ""receiver"": ""MM AN PHU"", ""quantity"": 50.380242974427034}]","[-264447.8125, 322.7359313964844, 3.0, 322.7359313964844, 322.7359313964844, 1.0, 0.29594823718070984, 1.0, 88149.2734375, 0.10000000149011612, 66.12218475341797, 199.6415557861328]",,70b60f0335dd,"[34, 37, 34, 35, 34, 36]","[[25.928936004638672, 0.08034102618694305, 21261.7265625], [25.928936004638672, 1.0, 0.0], [246.42674255371094, 0.7635553479194641, 202069.9375], [246.42674255371094, 1.0, 0.0], [50.38024139404297, 0.15610361099243164, 41311.80078125], [50.38024139404297, 0.534440279006958, 0.0]]",0.0,0.30999773110423895,0.9999924370141299,-264443.819989,0.1,False,False,True,28,teacher_full_batch_no_gnn_prefilter,28,False,False,teacher_rmp,False,0.0,0,0.0,18562179116.87144,508133.51594924927
base_b__normal_global__seed239081664,0,1,22,PRICED_E1_shortage_ratio_OREO VANILLA 110.4/105G_T4_2,OREO VANILLA 110.4/105G,4,"[{""donor"": ""MM HIEP PHU"", ""receiver"": ""MM AN PHU"", ""quantity"": 94.26730164677033}, {""donor"": ""MM BINH DUONG"", ""receiver"": ""MM AN PHU"", ""quantity"": 46.31294132765661}, {""donor"": ""MM BINH PHU"", ""receiver"": ""MM AN PHU"", ""quantity"": 25.92893590857497}, {""donor"": ""MM DA NANG"", ""receiver"": ""MM AN PHU"", ""quantity"": 156.2267498323816}]","[-264447.8125, 322.7359313964844, 4.0, 322.7359313964844, 322.7359313964844, 1.0, 0.25, 1.0, 66111.953125, 0.10000000149011612, 66.12218475341797, 201.6415557861328]",,70b60f0335dd,"[34, 36, 34, 38, 34, 37, 34, 35]","[[94.26730346679688, 0.29208803176879883, 77299.1875], [94.26730346679688, 1.0, 0.0], [46.31294250488281, 0.14350104331970215, 37976.61328125], [46.31294250488281, 1.0, 0.0], [25.928936004638672, 0.08034102618694305, 21261.7265625], [25.928936004638672, 1.0, 0.0], [156.22674560546875, 0.48406991362571716, 128105.9375], [156.22674560546875, 0.6339682936668396, 0.0]]",0.0,0.3099954622084779,0.9999848740282596,-264441.819989,0.1,False,False,True,28,teacher_full_batch_no_gnn_prefilter,28,False,False,teacher_rmp,True,0.22636237697831219,1,59859.67894518098,18562179116.87144,508133.51594924927
base_b__normal_global__seed239081664,0,1,23,PRICED_E1_shortage_ratio_OREO VANILLA 110.4/105G_T5_5,OREO VANILLA 110.4/105G,5,"[{""donor"": ""MM BINH DUONG"", ""receiver"": ""MM DA NANG"", ""quantity"": 19.885825393753983}, {""donor"": ""MM HIEP PHU"", ""receiver"": ""MM AN PHU"", ""quantity"": 110.36546342691862}, {""donor"": ""MM BINH PHU"", ""receiver"": ""MM AN PHU"", ""quantity"": 1.3159992067627257}]","[-91517.7421875, 131.56729125976562, 3.0, 131.56729125976562, 131.56729125976562, 0.5956855416297913, 0.3333333432674408, 0.747262716293335, 30505.9140625, 0.10000000149011612, 26.507492065429688, 84.94037628173828]",,70b60f0335dd,"[39, 40, 41, 42, 41, 43]","[[19.885826110839844, 0.6581190824508667, 19.885826110839844], [19.885826110839844, 1.0, 0.0], [110.36546325683594, 0.9882165193557739, 90499.6796875], [110.36546325683594, 1.0, 0.0], [1.315999150276184, 0.011783505789935589, 1079.119384765625], [1.315999150276184, 0.15376831591129303, 0.0]]",0.0,0.11381757384080413,0.3460585794693471,-91513.744812,0.1,False,False,True,28,teacher_full_batch_no_gnn_prefilter,28,False,False,teacher_rmp,True,1.0,1,91513.744812,18562179116.87144,508133.51594924927
base_b__normal_global__seed239081664,0,1,24,PRICED_E1_shortage_ratio_OREO VANILLA 110.4/105G_T5_1,OREO VANILLA 110.4/105G,5,"[{""donor"": ""MM HIEP PHU"", ""receiver"": ""MM AN PHU"", ""quantity"": 110.36546342691862}, {""donor"": ""MM BINH DUONG"", ""receiver"": ""MM AN PHU"", ""quantity"": 1.3159992067627257}, {""donor"": ""MM BINH DUONG"", ""receiver"": ""MM DA NANG"", ""quantity"": 18.569826186991257}]","[-91517.21875, 130.25128173828125, 3.0, 130.25128173828125, 130.25128173828125, 0.5956855416297913, 0.3605348467826843, 0.747262716293335, 30505.740234375, 0.10000000149011612, 26.507492065429688, 84.15077209472656]",,70b60f0335dd,"[41, 42, 41, 40, 39, 40]","[[110.36546325683594, 0.9882165193557739, 90499.6796875], [110.36546325683594, 1.0, 0.0], [1.315999150276184, 0.011783505789935589, 1079.119384765625], [1.315999150276184, 0.06617774814367294, 0.0], [18.569826126098633, 0.6145662665367126, 18.569826126098633], [18.569826126098633, 0.9338222742080688, 0.0]]",0.0,0.11381697666857427,0.34605658889524754,-91513.218413,0.1,False,False,True,28,teacher_full_batch_no_gnn_prefilter,28,False,False,teacher_rmp,False,0.0,0,0.0,18562179116.87144,508133.51594924927
base_b__normal_global__seed239081664,0,1,25,PRICED_E1_shortage_ratio_OREO VANILLA 110.4/105G_T5_2,OREO VANILLA 110.4/105G,5,"[{""donor"": ""MM BINH DUONG"", ""receiver"": ""MM AN PHU"", ""quantity"": 19.885825393753983}, {""donor"": ""MM BINH PHU"", ""receiver"": ""MM AN PHU"", ""quantity"": 8.558324622656038}, {""donor"": ""MM HIEP PHU"", ""receiver"": ""MM DA NANG"", ""quantity"": 30.21615080964731}, {""donor"": ""MM HIEP PHU"", ""receiver"": ""MM AN PHU"", ""quantity"": 80.1493126172713}]","[-88991.5703125, 138.8096160888672, 4.0, 138.8096160888672, 138.8096160888672, 0.6435283422470093, 0.44877129793167114, 0.7707873582839966, 22247.892578125, 0.10000000149011612, 26.507492065429688, 91.2857666015625]",,70b60f0335dd,"[41, 40, 41, 43, 39, 42, 41, 42]","[[19.885826110839844, 0.1780584305524826, 16306.376953125], [19.885826110839844, 1.0, 0.0], [8.558324813842773, 0.076631560921669, 7017.826171875], [8.558324813842773, 1.0, 0.0], [30.216150283813477, 1.0, 30.216150283813477], [30.216150283813477, 0.2737826704978943, 0.0], [80.1493148803711, 0.7176599502563477, 65722.4375], [80.1493148803711, 0.7262173295021057, 0.0]]",0.0,0.11094949099104856,0.33649830330349517,-88985.569742,0.1,False,False,True,28,teacher_full_batch_no_gnn_prefilter,28,False,False,teacher_rmp,False,0.0,0,0.0,18562179116.87144,508133.51594924927
base_b__normal_global__seed239081664,0,1,26,PRICED_E1_shortage_ratio_OREO VANILLA 110.4/105G_T7_1,OREO VANILLA 110.4/105G,7,"[{""donor"": ""MM DA NANG"", ""receiver"": ""MM AN PHU"", ""quantity"": 12.69491484062064}]","[-10400.212890625, 12.694914817810059, 1.0, 12.694914817810059, 12.694914817810059, 1.0, 0.31047794222831726, 0.5820242762565613, 10400.212890625, 0.10000000149011612, 10.011321067810059, 9.616949081420898]",,70b60f0335dd,"[44, 45]","[[12.694914817810059, 1.0, 10409.830078125], [12.694914817810059, 0.2490168809890747, 0.0]]",0.0,0.021798499844428564,0.03932833281476188,-10400.21322,0.1,False,False,True,28,teacher_full_batch_no_gnn_prefilter,28,False,False,teacher_rmp,True,1.0,1,10400.21322,18562179116.87144,508133.51594924927
base_b__normal_global__seed239081664,0,1,27,PRICED_E1_shortage_ratio_OREO VANILLA 110.4/105G_T7_2,OREO VANILLA 110.4/105G,7,"[{""donor"": ""MM HIEP PHU"", ""receiver"": ""MM AN PHU"", ""quantity"": 12.69491484062064}]","[-10400.212890625, 12.694914817810059, 1.0, 12.694914817810059, 12.694914817810059, 1.0, 0.6895220875740051, 0.5820242762565613, 10400.212890625, 0.10000000149011612, 10.011321067810059, 9.616949081420898]",,70b60f0335dd,"[44, 46]","[[12.694914817810059, 1.0, 10409.830078125], [12.694914817810059, 0.11212728917598724, 0.0]]",0.0,0.021798499844428564,0.03932833281476188,-10400.21322,0.1,False,False,True,28,teacher_full_batch_no_gnn_prefilter,28,False,False,teacher_rmp,True,1.0,1,10400.21322,18562179116.87144,508133.51594924927
base_b__normal_global__seed239081664,0,2,0,PRICED_E2_shortage_ratio_OREO CHOCOLATE 110.4/105G_T5_1,OREO CHOCOLATE 110.4/105G,5,"[{""donor"": ""MM BINH PHU"", ""receiver"": ""MM AN PHU"", ""quantity"": 2.568351968715284}, {""donor"": ""MM BINH DUONG"", ""receiver"": ""MM AN PHU"", ""quantity"": 1.1621084778338933}]","[-3054.7392578125, 3.7304604053497314, 2.0, 3.7304604053497314, 3.7304604053497314, 0.9871881604194641, 0.5, 1.0, 1527.36962890625, 0.10000000149011612, 4.9477620124816895, 6.23827600479126]","[[820.0, 446.9064636230469, 3.7304604053497314, 443.1759948730469, 1.0, 1.0, 0.0], [0.0, 2.568351984024048, 2.568351984024048, 0.0, 0.2802414000034332, 0.0, 1.0], [0.0, 1.1621084213256836, 1.1621084213256836, 0.0, 0.46251147985458374, 0.0, 1.0], [1.0, 10.33032512664795, 7.242325305938721, 3.0880000591278076, 1.0, 1.0, 0.0], [0.0, 7.242325305938721, 7.242325305938721, 0.0, 0.12132498621940613, 0.0, 1.0]]",8c2db1f93903,"[0, 1, 0, 2]","[[2.568351984024048, 0.0057469564490020275, 2106.048583984375], [2.568351984024048, 1.0, 0.0], [1.1621084213256836, 0.002600339474156499, 952.928955078125], [1.1621084213256836, 1.0, 0.0]]",0.0,0.31,1.0,-3052.73929,0.1,False,False,True,2,teacher_full_batch_no_gnn_prefilter,2,False,False,teacher_rmp,True,1.0,1,3052.73929,18562176659.762444,2457.1089973449707
base_b__normal_global__seed239081664,0,2,1,PRICED_E2_shortage_ratio_OREO VANILLA 110.4/105G_T5_1,OREO VANILLA 110.4/105G,5,"[{""donor"": ""MM BINH PHU"", ""receiver"": ""MM DA NANG"", ""quantity"": 7.242325415893312}]","[-0.8969301581382751, 7.242325305938721, 1.0, 7.242325305938721, 7.242325305938721, 1.0, 1.0, 0.5187367796897888, 0.8969301581382751, 0.10000000149011612, 8.424070358276367, 6.345395088195801]",,8c2db1f93903,"[3, 4]","[[7.242325305938721, 0.7010743021965027, 7.242325305938721], [7.242325305938721, 1.0, 0.0]]",0.0,0.010088143458853968,0.00029381152951321956,-0.89693,0.1,False,False,True,2,teacher_full_batch_no_gnn_prefilter,2,False,False,teacher_rmp,True,1.0,1,0.89693,18562176659.762444,2457.1089973449707
base_b__normal_global__seed239081664,0,3,0,PRICED_E3_shortage_ratio_OREO CHOCOLATE 110.4/105G_T5_1,OREO CHOCOLATE 110.4/105G,5,"[{""donor"": ""MM BINH PHU"", ""receiver"": ""MM AN PHU"", ""quantity"": 0.7292832067723616}]","[-139.8690948486328, 0.7292832136154175, 1.0, 0.7292832136154175, 0.7292832136154175, 0.9871026873588562, 1.0, 1.0, 139.8690948486328, 0.10000000149011612, 4.059296131134033, 2.437570095062256]","[[820.0, 443.9052734375, 0.7292832136154175, 443.1759948730469, 1.0, 1.0, 0.0], [-624.8677978515625, 0.7292832136154175, 0.7292832136154175, 0.0, 0.5782742500305176, 0.0, 1.0]]",cd3ff1cd8db2,"[0, 1]","[[0.7292832136154175, 0.0016428802628070116, 598.01220703125], [0.7292832136154175, 1.0, -455.70556640625]]",0.0,0.31,1.0,-139.86909,0.1,False,False,True,1,teacher_full_batch_no_gnn_prefilter,1,False,False,teacher_rmp,True,1.0,1,139.86909,18562176519.893353,139.86909103393555
base_b__normal_global__seed239081664,0,4,0,PRICED_E4_shortage_ratio_OREO CHOCOLATE 110.4/105G_T5_1,OREO CHOCOLATE 110.4/105G,5,"[{""donor"": ""MM BINH PHU"", ""receiver"": ""MM AN PHU"", ""quantity"": 0.5571219664915255}]","[-106.37818145751953, 0.557121992111206, 1.0, 0.557121992111206, 0.557121992111206, 0.9870977401733398, 1.0, 1.0, 106.37818145751953, 0.10000000149011612, 3.8920629024505615, 2.334273099899292]","[[820.0, 443.7331237792969, 0.557121992111206, 443.1759948730469, 1.0, 1.0, 0.0], [-624.8677978515625, 0.557121992111206, 0.557121992111206, 0.0, 0.6422104239463806, 0.0, 1.0]]",5630e6b2ef2b,"[0, 1]","[[0.557121992111206, 0.001255533890798688, 456.84002685546875], [0.557121992111206, 1.0, -348.1275634765625]]",0.0,0.31,1.0,-106.378179,0.1,False,False,True,1,teacher_full_batch_no_gnn_prefilter,1,False,False,teacher_rmp,True,0.6458897353865236,1,68.70857388521024,18562176451.18478,68.70857238769531
base_b__normal_global__seed239081664,2,1,0,PRICED_E1_shortage_ratio_OREO CHOCOLATE 110.4/105G_T2_1,OREO CHOCOLATE 110.4/105G,2,"[{""donor"": ""MM AN PHU"", ""receiver"": ""MM DA NANG"", ""quantity"": 13.321023298631342}]","[-3.328409433364868, 13.321022987365723, 1.0, 13.321022987365723, 13.321022987365723, 0.1312706470489502, 0.9425559639930725, 0.6150129437446594, 3.328409433364868, 0.10000000149011612, 11.253426551818848, 9.992613792419434]","[[1.0, 13.321022987365723, 13.321022987365723, 0.0, 1.0, 1.0, 0.0], [0.0, 22.799999237060547, 13.321022987365723, 9.478976249694824, 0.042016807943582535, 0.0, 1.0]]",3cccd2c21c84,"[0, 1]","[[13.321022987365723, 1.0, 13.321022987365723], [13.321022987365723, 0.5842553973197937, 0.0]]",0.0,0.31,1.0,-3.328409,0.1,False,False,True,1,teacher_full_batch_no_gnn_prefilter,1,False,False,teacher_rmp,False,0.0,0,0.0,,
base_b__normal_global__seed239081664,4,1,0,PRICED_E1_shortage_ratio_OREO CHOCOLATE 110.4/105G_T2_1,OREO CHOCOLATE 110.4/105G,2,"[{""donor"": ""MM AN PHU"", ""receiver"": ""MM DA NANG"", ""quantity"": 13.321023298631342}]","[-3.328409433364868, 13.321022987365723, 1.0, 13.321022987365723, 13.321022987365723, 0.1312706470489502, 0.9425559639930725, 0.6150129437446594, 3.328409433364868, 0.10000000149011612, 11.253426551818848, 9.992613792419434]","[[1.0, 13.321022987365723, 13.321022987365723, 0.0, 1.0, 1.0, 0.0], [0.0, 22.799999237060547, 13.321022987365723, 9.478976249694824, 0.042016807943582535, 0.0, 1.0]]",3cccd2c21c84,"[0, 1]","[[13.321022987365723, 1.0, 13.321022987365723], [13.321022987365723, 0.5842553973197937, 0.0]]",0.0,0.31,1.0,-3.328409,0.1,False,False,True,1,teacher_full_batch_no_gnn_prefilter,1,False,False,teacher_rmp,False,0.0,0,0.0,,
base_b__normal_global__seed239081664,6,1,0,PRICED_E1_shortage_ratio_OREO CHOCOLATE 110.4/105G_T2_1,OREO CHOCOLATE 110.4/105G,2,"[{""donor"": ""MM AN PHU"", ""receiver"": ""MM DA NANG"", ""quantity"": 13.321023298631342}]","[-3.328409433364868, 13.321022987365723, 1.0, 13.321022987365723, 13.321022987365723, 0.1312706470489502, 0.9425559639930725, 0.6150129437446594, 3.328409433364868, 0.10000000149011612, 11.253426551818848, 9.992613792419434]","[[1.0, 13.321022987365723, 13.321022987365723, 0.0, 1.0, 1.0, 0.0], [0.0, 22.799999237060547, 13.321022987365723, 9.478976249694824, 0.042016807943582535, 0.0, 1.0]]",3cccd2c21c84,"[0, 1]","[[13.321022987365723, 1.0, 13.321022987365723], [13.321022987365723, 0.5842553973197937, 0.0]]",0.0,0.31,1.0,-3.328409,0.1,False,False,True,1,teacher_full_batch_no_gnn_prefilter,1,False,False,teacher_rmp,False,0.0,0,0.0,,
base_b__normal_global__seed239081664,8,1,0,PRICED_E1_shortage_ratio_OREO CHOCOLATE 110.4/105G_T2_1,OREO CHOCOLATE 110.4/105G,2,"[{""donor"": ""MM AN PHU"", ""receiver"": ""MM DA NANG"", ""quantity"": 13.321023298631342}]","[-3.328409433364868, 13.321022987365723, 1.0, 13.321022987365723, 13.321022987365723, 0.1312706470489502, 0.9425559639930725, 0.6150129437446594, 3.328409433364868, 0.10000000149011612, 11.253426551818848, 9.992613792419434]","[[1.0, 13.321022987365723, 13.321022987365723, 0.0, 1.0, 1.0, 0.0], [0.0, 22.799999237060547, 13.321022987365723, 9.478976249694824, 0.042016807943582535, 0.0, 1.0]]",3cccd2c21c84,"[0, 1]","[[13.321022987365723, 1.0, 13.321022987365723], [13.321022987365723, 0.5842553973197937, 0.0]]",0.0,0.31,1.0,-3.328409,0.1,False,False,True,1,teacher_full_batch_no_gnn_prefilter,1,False,False,teacher_rmp,False,0.0,0,0.0,,
base_b__normal_global__seed239081664,10,1,0,PRICED_E1_shortage_ratio_OREO CHOCOLATE 110.4/105G_T2_1,OREO CHOCOLATE 110.4/105G,2,"[{""donor"": ""MM AN PHU"", ""receiver"": ""MM DA NANG"", ""quantity"": 13.321023298631342}]","[-3.328409433364868, 13.321022987365723, 1.0, 13.321022987365723, 13.321022987365723, 0.1312706470489502, 0.9425559639930725, 0.6150129437446594, 3.328409433364868, 0.10000000149011612, 11.253426551818848, 9.992613792419434]","[[1.0, 13.321022987365723, 13.321022987365723, 0.0, 1.0, 1.0, 0.0], [0.0, 22.799999237060547, 13.321022987365723, 9.478976249694824, 0.042016807943582535, 0.0, 1.0], [820.0, 486.7627258300781, 6.180250644683838, 480.5824890136719, 1.0, 1.0, 0.0], [0.0, 6.180250644683838, 6.180250644683838, 0.0, 0.13927090167999268, 0.0, 1.0], [1.0, 14.663023948669434, 6.180250644683838, 8.482773780822754, 1.0, 1.0, 0.0], [1.0, 9.86648941040039, 6.180250644683838, 3.6862385272979736, 1.0, 1.0, 0.0]]",e7816ae417d8,"[0, 1]","[[13.321022987365723, 1.0, 13.321022987365723], [13.321022987365723, 0.5842553973197937, 0.0]]",0.0,0.010197254734509158,0.0006575157816971866,-3.328409,0.1,False,False,True,4,teacher_full_batch_no_gnn_prefilter,4,False,False,teacher_rmp,False,0.0,0,0.0,,
base_b__normal_global__seed239081664,10,1,1,PRICED_E1_shortage_ratio_OREO CHOCOLATE 110.4/105G_T6_1,OREO CHOCOLATE 110.4/105G,6,"[{""donor"": ""MM BINH DUONG"", ""receiver"": ""MM AN PHU"", ""quantity"": 6.180250802982753}]","[-5062.09765625, 6.180250644683838, 1.0, 6.180250644683838, 6.180250644683838, 0.9520244598388672, 0.6732115149497986, 0.9817169904708862, 5062.09765625, 0.10000000149011612, 7.7688798904418945, 5.7081499099731445]",,e7816ae417d8,"[2, 3]","[[6.180250644683838, 0.012696638703346252, 5067.8056640625], [6.180250644683838, 1.0, 0.0]]",0.0,0.31,1.0,-5062.097508,0.1,False,False,True,4,teacher_full_batch_no_gnn_prefilter,4,False,False,teacher_rmp,False,0.0,0,0.0,,
base_b__normal_global__seed239081664,10,1,2,PRICED_E1_shortage_ratio_OREO CHOCOLATE 110.4/105G_T6_2,OREO CHOCOLATE 110.4/105G,6,"[{""donor"": ""MM BINH DUONG"", ""receiver"": ""MM BINH PHU"", ""quantity"": 6.180250802982753}]","[-0.47210031747817993, 6.180250644683838, 1.0, 6.180250644683838, 6.180250644683838, 0.02867836318910122, 0.6732115149497986, 0.768190324306488, 0.47210031747817993, 0.10000000149011612, 7.7688798904418945, 5.7081499099731445]",,e7816ae417d8,"[4, 3]","[[6.180250644683838, 0.42148539423942566, 6.180250644683838], [6.180250644683838, 1.0, 0.0]]",0.0,0.01002797852071719,9.326173572395753e-05,-0.4721,0.1,False,False,True,4,teacher_full_batch_no_gnn_prefilter,4,False,False,teacher_rmp,False,0.0,0,0.0,,
base_b__normal_global__seed239081664,10,1,3,PRICED_E1_shortage_ratio_OREO CHOCOLATE 110.4/105G_T6_3,OREO CHOCOLATE 110.4/105G,6,"[{""donor"": ""MM BINH DUONG"", ""receiver"": ""MM DA NANG"", ""quantity"": 6.180250802982753}]","[-0.47210031747817993, 6.180250644683838, 1.0, 6.180250644683838, 6.180250644683838, 0.0192971620708704, 0.6732115149497986, 1.0, 0.47210031747817993, 0.10000000149011612, 7.7688798904418945, 5.7081499099731445]",,e7816ae417d8,"[5, 3]","[[6.180250644683838, 0.6263880133628845, 6.180250644683838], [6.180250644683838, 1.0, 0.0]]",0.0,0.01002797852071719,9.326173572395753e-05,-0.4721,0.1,False,False,True,4,teacher_full_batch_no_gnn_prefilter,4,False,False,teacher_rmp,False,0.0,0,0.0,,
base_b__normal_global__seed239081664,12,1,0,PRICED_E1_shortage_ratio_OREO CHOCOLATE 110.4/105G_T2_1,OREO CHOCOLATE 110.4/105G,2,"[{""donor"": ""MM AN PHU"", ""receiver"": ""MM DA NANG"", ""quantity"": 13.321023298631342}]","[-3.328409433364868, 13.321022987365723, 1.0, 13.321022987365723, 13.321022987365723, 0.1312706470489502, 0.9425559639930725, 0.6150129437446594, 3.328409433364868, 0.10000000149011612, 11.253426551818848, 9.992613792419434]","[[1.0, 13.321022987365723, 13.321022987365723, 0.0, 1.0, 1.0, 0.0], [0.0, 22.799999237060547, 13.321022987365723, 9.478976249694824, 0.042016807943582535, 0.0, 1.0], [820.0, 490.7687072753906, 6.4999680519104, 484.26873779296875, 1.0, 1.0, 0.0], [0.0, 6.180250644683838, 6.180250644683838, 0.0, 0.13927090167999268, 0.0, 1.0], [1.0, 5.860533714294434, 5.860533714294434, 0.0, 1.0, 1.0, 0.0], [1.0, 14.663023948669434, 6.180250644683838, 8.482773780822754, 1.0, 1.0, 0.0]]",c4aeb17ed8ee,"[0, 1]","[[13.321022987365723, 1.0, 13.321022987365723], [13.321022987365723, 0.5842553973197937, 0.0]]",0.0,0.010197254734509158,0.0006575157816971866,-3.328409,0.1,False,False,True,4,teacher_full_batch_no_gnn_prefilter,4,False,False,teacher_rmp,False,0.0,0,0.0,,
base_b__normal_global__seed239081664,12,1,1,PRICED_E1_shortage_ratio_OREO CHOCOLATE 110.4/105G_T6_1,OREO CHOCOLATE 110.4/105G,6,"[{""donor"": ""MM BINH DUONG"", ""receiver"": ""MM AN PHU"", ""quantity"": 6.180250802982753}]","[-5062.09765625, 6.180250644683838, 1.0, 6.180250644683838, 6.180250644683838, 0.9598594307899475, 0.6732115149497986, 0.9895631074905396, 5062.09765625, 0.10000000149011612, 7.669401168823242, 5.7081499099731445]",,c4aeb17ed8ee,"[2, 3]","[[6.180250644683838, 0.012593001127243042, 5067.8056640625], [6.180250644683838, 1.0, 0.0]]",0.0,0.31,1.0,-5062.097508,0.1,False,False,True,4,teacher_full_batch_no_gnn_prefilter,4,False,False,teacher_rmp,False,0.0,0,0.0,,
base_b__normal_global__seed239081664,12,1,2,PRICED_E1_shortage_ratio_OREO CHOCOLATE 110.4/105G_T6_3,OREO CHOCOLATE 110.4/105G,6,"[{""donor"": ""MM BINH DUONG"", ""receiver"": ""MM DA NANG"", ""quantity"": 5.860533677497042}, {""donor"": ""MM BINH DUONG"", ""receiver"": ""MM AN PHU"", ""quantity"": 0.3197171254857114}]","[-262.3204345703125, 6.180250644683838, 2.0, 6.180250644683838, 6.180250644683838, 0.4856608211994171, 0.6732115149497986, 0.8892796039581299, 131.16021728515625, 0.10000000149011612, 7.669401168823242, 7.7081499099731445]",,c4aeb17ed8ee,"[4, 3, 2, 3]","[[5.860533714294434, 1.0, 5.860533714294434], [5.860533714294434, 0.948267936706543, 0.0], [0.319717139005661, 0.0006514619453810155, 262.16802978515625], [0.319717139005661, 0.05173206329345703, 0.0]]",0.0,0.02542762218163104,0.051425407272103464,-260.320426,0.1,False,False,True,4,teacher_full_batch_no_gnn_prefilter,4,False,False,teacher_rmp,False,0.0,0,0.0,,
base_b__normal_global__seed239081664,12,1,3,PRICED_E1_shortage_ratio_OREO CHOCOLATE 110.4/105G_T6_2,OREO CHOCOLATE 110.4/105G,6,"[{""donor"": ""MM BINH DUONG"", ""receiver"": ""MM BINH PHU"", ""quantity"": 6.180250802982753}]","[-0.47210031747817993, 6.180250644683838, 1.0, 6.180250644683838, 6.180250644683838, 0.02867836318910122, 0.6732115149497986, 0.768190324306488, 0.47210031747817993, 0.10000000149011612, 7.669401168823242, 5.7081499099731445]",,c4aeb17ed8ee,"[5, 3]","[[6.180250644683838, 0.42148539423942566, 6.180250644683838], [6.180250644683838, 1.0, 0.0]]",0.0,0.01002797852071719,9.326173572395753e-05,-0.4721,0.1,False,False,True,4,teacher_full_batch_no_gnn_prefilter,4,False,False,teacher_rmp,False,0.0,0,0.0,,
base_b__normal_global__seed239081664,11,1,0,PRICED_E1_shortage_ratio_OREO CHOCOLATE 110.4/105G_T2_1,OREO CHOCOLATE 110.4/105G,2,"[{""donor"": ""MM AN PHU"", ""receiver"": ""MM DA NANG"", ""quantity"": 13.321023298631342}]","[-3.328409433364868, 13.321022987365723, 1.0, 13.321022987365723, 13.321022987365723, 0.1312706470489502, 0.9425559639930725, 0.6150129437446594, 3.328409433364868, 0.10000000149011612, 11.253426551818848, 9.992613792419434]","[[1.0, 13.321022987365723, 13.321022987365723, 0.0, 1.0, 1.0, 0.0], [0.0, 22.799999237060547, 13.321022987365723, 9.478976249694824, 0.042016807943582535, 0.0, 1.0], [820.0, 489.4139709472656, 2.1456458568573, 487.2683410644531, 1.0, 1.0, 0.0], [0.0, 2.1456458568573, 2.1456458568573, 0.0, 0.3178997337818146, 0.0, 1.0]]",42ad76d34d1a,"[0, 1]","[[13.321022987365723, 1.0, 13.321022987365723], [13.321022987365723, 0.5842553973197937, 0.0]]",0.0,0.010568588726997414,0.0018952957566580396,-3.328409,0.1,False,False,True,2,teacher_full_batch_no_gnn_prefilter,2,False,False,teacher_rmp,False,0.0,0,0.0,,
base_b__normal_global__seed239081664,11,1,1,PRICED_E1_shortage_ratio_OREO CHOCOLATE 110.4/105G_T6_1,OREO CHOCOLATE 110.4/105G,6,"[{""donor"": ""MM BINH DUONG"", ""receiver"": ""MM AN PHU"", ""quantity"": 2.1456459287764815}]","[-1756.142333984375, 2.1456458568573, 1.0, 2.1456458568573, 2.1456458568573, 0.964823305606842, 0.41698282957077026, 0.986895740032196, 1756.142333984375, 0.10000000149011612, 5.169487953186035, 3.2873880863189697]",,42ad76d34d1a,"[2, 3]","[[2.1456458568573, 0.004384112544357777, 1759.4296875], [2.1456458568573, 1.0, 0.0]]",0.0,0.31,1.0,-1756.142274,0.1,False,False,True,2,teacher_full_batch_no_gnn_prefilter,2,False,False,teacher_rmp,False,0.0,0,0.0,,
base_b__normal_global__seed239081664,9,1,0,PRICED_E1_shortage_ratio_OREO CHOCOLATE 110.4/105G_T2_1,OREO CHOCOLATE 110.4/105G,2,"[{""donor"": ""MM AN PHU"", ""receiver"": ""MM DA NANG"", ""quantity"": 13.321023298631342}]","[-3.328409433364868, 13.321022987365723, 1.0, 13.321022987365723, 13.321022987365723, 0.1312706470489502, 0.9425559639930725, 0.6150129437446594, 3.328409433364868, 0.10000000149011612, 11.253426551818848, 9.992613792419434]","[[1.0, 13.321022987365723, 13.321022987365723, 0.0, 1.0, 1.0, 0.0], [0.0, 22.799999237060547, 13.321022987365723, 9.478976249694824, 0.042016807943582535, 0.0, 1.0], [820.0, 487.11212158203125, 3.043877124786377, 484.0682373046875, 1.0, 1.0, 0.0], [0.0, 3.0, 3.0, 0.0, 0.25, 0.0, 1.0], [0.0, 0.04387715086340904, 0.04387715086340904, 0.0, 0.9579671025276184, 0.0, 1.0]]",6605f61356af,"[0, 1]","[[13.321022987365723, 1.0, 13.321022987365723], [13.321022987365723, 0.5842553973197937, 0.0]]",0.0,0.010400988503622982,0.001336628345409935,-3.328409,0.1,False,False,True,2,teacher_full_batch_no_gnn_prefilter,2,False,False,teacher_rmp,False,0.0,0,0.0,,
base_b__normal_global__seed239081664,9,1,1,PRICED_E1_shortage_ratio_OREO CHOCOLATE 110.4/105G_T6_1,OREO CHOCOLATE 110.4/105G,6,"[{""donor"": ""MM DA NANG"", ""receiver"": ""MM AN PHU"", ""quantity"": 3.0}, {""donor"": ""MM BINH DUONG"", ""receiver"": ""MM AN PHU"", ""quantity"": 0.04387715064083508}]","[-2492.15283203125, 3.043877124786377, 2.0, 3.043877124786377, 3.043877124786377, 0.9642808437347412, 0.5, 0.9823963642120361, 1246.076416015625, 0.10000000149011612, 4.509180068969727, 5.8263258934021]",,6605f61356af,"[2, 3, 2, 4]","[[3.0, 0.006158746313303709, 2460.0], [3.0, 1.0, 0.0], [0.04387715086340904, 9.007607877720147e-05, 35.97926330566406], [0.04387715086340904, 1.0, 0.0]]",0.0,0.31,1.0,-2490.152937,0.1,False,False,True,2,teacher_full_batch_no_gnn_prefilter,2,False,False,teacher_rmp,False,0.0,0,0.0,,
base_b__normal_global__seed239081664,14,1,0,PRICED_E1_shortage_ratio_OREO CHOCOLATE 110.4/105G_T2_1,OREO CHOCOLATE 110.4/105G,2,"[{""donor"": ""MM AN PHU"", ""receiver"": ""MM DA NANG"", ""quantity"": 13.321023298631342}]","[-3.328409433364868, 13.321022987365723, 1.0, 13.321022987365723, 13.321022987365723, 0.1312706470489502, 0.9425559639930725, 0.6150129437446594, 3.328409433364868, 0.10000000149011612, 11.253426551818848, 9.992613792419434]","[[1.0, 13.321022987365723, 13.321022987365723, 0.0, 1.0, 1.0, 0.0], [0.0, 22.799999237060547, 13.321022987365723, 9.478976249694824, 0.042016807943582535, 0.0, 1.0], [820.0, 24.95403480529785, 2.143644094467163, 22.81039047241211, 1.0, 1.0, 0.0], [0.0, 2.143644094467163, 2.143644094467163, 0.0, 0.3181021511554718, 0.0, 1.0], [820.0, 487.11212158203125, 3.043877124786377, 484.0682373046875, 1.0, 1.0, 0.0], [0.0, 3.0, 3.0, 0.0, 0.25, 0.0, 1.0], [0.0, 0.04387715086340904, 0.04387715086340904, 0.0, 0.9579671025276184, 0.0, 1.0]]",6cd37777a112,"[0, 1]","[[13.321022987365723, 1.0, 13.321022987365723], [13.321022987365723, 0.5842553973197937, 0.0]]",0.0,0.010400988503622982,0.001336628345409935,-3.328409,0.1,False,False,True,3,teacher_full_batch_no_gnn_prefilter,3,False,False,teacher_rmp,False,0.0,0,0.0,,
base_b__normal_global__seed239081664,14,1,1,PRICED_E1_shortage_ratio_OREO CHOCOLATE 110.4/105G_T4_1,OREO CHOCOLATE 110.4/105G,4,"[{""donor"": ""MM HIEP PHU"", ""receiver"": ""MM AN PHU"", ""quantity"": 2.143644167718236}]","[-1754.5020751953125, 2.143644094467163, 1.0, 2.143644094467163, 2.143644094467163, 1.0, 1.0, 0.601020336151123, 1754.5020751953125, 0.10000000149011612, 5.168084144592285, 3.286186933517456]",,6cd37777a112,"[2, 3]","[[2.143644094467163, 0.08590371161699295, 1757.7882080078125], [2.143644094467163, 1.0, 0.0]]",0.0,0.22137280424796657,0.7045760141598886,-1754.502031,0.1,False,False,True,3,teacher_full_batch_no_gnn_prefilter,3,False,False,teacher_rmp,False,0.0,0,0.0,,
base_b__normal_global__seed239081664,14,1,2,PRICED_E1_shortage_ratio_OREO CHOCOLATE 110.4/105G_T6_1,OREO CHOCOLATE 110.4/105G,6,"[{""donor"": ""MM DA NANG"", ""receiver"": ""MM AN PHU"", ""quantity"": 3.0}, {""donor"": ""MM BINH DUONG"", ""receiver"": ""MM AN PHU"", ""quantity"": 0.04387715064083508}]","[-2492.15283203125, 3.043877124786377, 2.0, 3.043877124786377, 3.043877124786377, 0.9642808437347412, 0.5, 0.9823963642120361, 1246.076416015625, 0.10000000149011612, 4.509180068969727, 5.8263258934021]",,6cd37777a112,"[4, 5, 4, 6]","[[3.0, 0.006158746313303709, 2460.0], [3.0, 1.0, 0.0], [0.04387715086340904, 9.007607877720147e-05, 35.97926330566406], [0.04387715086340904, 1.0, 0.0]]",0.0,0.31,1.0,-2490.152937,0.1,False,False,True,3,teacher_full_batch_no_gnn_prefilter,3,False,False,teacher_rmp,False,0.0,0,0.0,,
base_b__normal_global__seed239081664,13,1,0,PRICED_E1_shortage_ratio_OREO CHOCOLATE 110.4/105G_T2_1,OREO CHOCOLATE 110.4/105G,2,"[{""donor"": ""MM AN PHU"", ""receiver"": ""MM DA NANG"", ""quantity"": 13.321023298631342}]","[-3.328409433364868, 13.321022987365723, 1.0, 13.321022987365723, 13.321022987365723, 0.1312706470489502, 0.9425559639930725, 0.6150129437446594, 3.328409433364868, 0.10000000149011612, 11.253426551818848, 9.992613792419434]","[[1.0, 13.321022987365723, 13.321022987365723, 0.0, 1.0, 1.0, 0.0], [0.0, 22.799999237060547, 13.321022987365723, 9.478976249694824, 0.042016807943582535, 0.0, 1.0], [820.0, 30.46368408203125, 16.323331832885742, 14.140352249145508, 1.0, 1.0, 0.0], [0.0, 9.247937202453613, 9.247937202453613, 0.0, 0.09758061915636063, 0.0, 1.0], [0.0, 7.075395107269287, 7.075395107269287, 0.0, 0.12383294850587845, 0.0, 1.0], [820.0, 487.11212158203125, 3.043877124786377, 484.0682373046875, 1.0, 1.0, 0.0], [0.0, 3.0, 3.0, 0.0, 0.25, 0.0, 1.0], [0.0, 0.04387715086340904, 0.04387715086340904, 0.0, 0.9579671025276184, 0.0, 1.0]]",5b180415bec1,"[0, 1]","[[13.321022987365723, 1.0, 13.321022987365723], [13.321022987365723, 0.5842553973197937, 0.0]]",0.0,0.010074676347105014,0.00024892115701670957,-3.328409,0.1,False,False,True,3,teacher_full_batch_no_gnn_prefilter,3,False,False,teacher_rmp,False,0.0,0,0.0,,
base_b__normal_global__seed239081664,13,1,1,PRICED_E1_shortage_ratio_OREO CHOCOLATE 110.4/105G_T4_1,OREO CHOCOLATE 110.4/105G,4,"[{""donor"": ""MM BINH PHU"", ""receiver"": ""MM AN PHU"", ""quantity"": 9.247936929446396}, {""donor"": ""MM HIEP PHU"", ""receiver"": ""MM AN PHU"", ""quantity"": 7.075395140024426}]","[-13373.337890625, 16.323331832885742, 2.0, 16.323331832885742, 16.323331832885742, 1.0, 0.5, 0.6290830373764038, 6686.6689453125, 0.10000000149011612, 8.986292839050293, 13.793998718261719]",,5b180415bec1,"[2, 3, 2, 4]","[[9.247937202453613, 0.30357250571250916, 7583.30810546875], [9.247937202453613, 1.0, 0.0], [7.075395107269287, 0.2322567105293274, 5801.82421875], [7.075395107269287, 1.0, 0.0]]",0.0,0.31,1.0,-13371.338298,0.1,False,False,True,3,teacher_full_batch_no_gnn_prefilter,3,False,False,teacher_rmp,False,0.0,0,0.0,,
base_b__normal_global__seed239081664,13,1,2,PRICED_E1_shortage_ratio_OREO CHOCOLATE 110.4/105G_T6_1,OREO CHOCOLATE 110.4/105G,6,"[{""donor"": ""MM DA NANG"", ""receiver"": ""MM AN PHU"", ""quantity"": 3.0}, {""donor"": ""MM BINH DUONG"", ""receiver"": ""MM AN PHU"", ""quantity"": 0.04387715064083508}]","[-2492.15283203125, 3.043877124786377, 2.0, 3.043877124786377, 3.043877124786377, 0.9642808437347412, 0.5, 0.9823963642120361, 1246.076416015625, 0.10000000149011612, 4.509180068969727, 5.8263258934021]",,5b180415bec1,"[5, 6, 5, 7]","[[3.0, 0.006158746313303709, 2460.0], [3.0, 1.0, 0.0], [0.04387715086340904, 9.007607877720147e-05, 35.97926330566406], [0.04387715086340904, 1.0, 0.0]]",0.0,0.06586919307932987,0.1862306435977662,-2490.152937,0.1,False,False,True,3,teacher_full_batch_no_gnn_prefilter,3,False,False,teacher_rmp,False,0.0,0,0.0,,
base_b__normal_global__seed239081664,7,1,0,PRICED_E1_shortage_ratio_OREO CHOCOLATE 110.4/105G_T2_1,OREO CHOCOLATE 110.4/105G,2,"[{""donor"": ""MM AN PHU"", ""receiver"": ""MM DA NANG"", ""quantity"": 13.321023298631342}]","[-3.328409433364868, 13.321022987365723, 1.0, 13.321022987365723, 13.321022987365723, 0.1312706470489502, 0.9425559639930725, 0.6150129437446594, 3.328409433364868, 0.10000000149011612, 11.253426551818848, 9.992613792419434]","[[1.0, 13.321022987365723, 13.321022987365723, 0.0, 1.0, 1.0, 0.0], [0.0, 22.799999237060547, 13.321022987365723, 9.478976249694824, 0.042016807943582535, 0.0, 1.0]]",3cccd2c21c84,"[0, 1]","[[13.321022987365723, 1.0, 13.321022987365723], [13.321022987365723, 0.5842553973197937, 0.0]]",0.0,0.31,1.0,-3.328409,0.1,False,False,True,1,teacher_full_batch_no_gnn_prefilter,1,False,False,teacher_rmp,False,0.0,0,0.0,,
base_b__normal_global__seed239081664,16,1,0,PRICED_E1_shortage_ratio_OREO CHOCOLATE 110.4/105G_T2_1,OREO CHOCOLATE 110.4/105G,2,"[{""donor"": ""MM AN PHU"", ""receiver"": ""MM DA NANG"", ""quantity"": 13.321023298631342}]","[-3.328409433364868, 13.321022987365723, 1.0, 13.321022987365723, 13.321022987365723, 0.1312706470489502, 0.9425559639930725, 0.6150129437446594, 3.328409433364868, 0.10000000149011612, 11.253426551818848, 9.992613792419434]","[[1.0, 13.321022987365723, 13.321022987365723, 0.0, 1.0, 1.0, 0.0], [0.0, 22.799999237060547, 13.321022987365723, 9.478976249694824, 0.042016807943582535, 0.0, 1.0], [820.0, 486.7627258300781, 6.180250644683838, 480.5824890136719, 1.0, 1.0, 0.0], [0.0, 6.180250644683838, 6.180250644683838, 0.0, 0.13927090167999268, 0.0, 1.0], [1.0, 14.663023948669434, 6.180250644683838, 8.482773780822754, 1.0, 1.0, 0.0], [1.0, 9.86648941040039, 6.180250644683838, 3.6862385272979736, 1.0, 1.0, 0.0]]",e7816ae417d8,"[0, 1]","[[13.321022987365723, 1.0, 13.321022987365723], [13.321022987365723, 0.5842553973197937, 0.0]]",0.0,0.010197254734509158,0.0006575157816971866,-3.328409,0.1,False,False,True,4,teacher_full_batch_no_gnn_prefilter,4,False,False,teacher_rmp,False,0.0,0,0.0,,
base_b__normal_global__seed239081664,16,1,1,PRICED_E1_shortage_ratio_OREO CHOCOLATE 110.4/105G_T6_1,OREO CHOCOLATE 110.4/105G,6,"[{""donor"": ""MM BINH DUONG"", ""receiver"": ""MM AN PHU"", ""quantity"": 6.180250802982753}]","[-5062.09765625, 6.180250644683838, 1.0, 6.180250644683838, 6.180250644683838, 0.9520244598388672, 0.6732115149497986, 0.9817169904708862, 5062.09765625, 0.10000000149011612, 7.7688798904418945, 5.7081499099731445]",,e7816ae417d8,"[2, 3]","[[6.180250644683838, 0.012696638703346252, 5067.8056640625], [6.180250644683838, 1.0, 0.0]]",0.0,0.31,1.0,-5062.097508,0.1,False,False,True,4,teacher_full_batch_no_gnn_prefilter,4,False,False,teacher_rmp,False,0.0,0,0.0,,
base_b__normal_global__seed239081664,16,1,2,PRICED_E1_shortage_ratio_OREO CHOCOLATE 110.4/105G_T6_2,OREO CHOCOLATE 110.4/105G,6,"[{""donor"": ""MM BINH DUONG"", ""receiver"": ""MM BINH PHU"", ""quantity"": 6.180250802982753}]","[-0.47210031747817993, 6.180250644683838, 1.0, 6.180250644683838, 6.180250644683838, 0.02867836318910122, 0.6732115149497986, 0.768190324306488, 0.47210031747817993, 0.10000000149011612, 7.7688798904418945, 5.7081499099731445]",,e7816ae417d8,"[4, 3]","[[6.180250644683838, 0.42148539423942566, 6.180250644683838], [6.180250644683838, 1.0, 0.0]]",0.0,0.01002797852071719,9.326173572395753e-05,-0.4721,0.1,False,False,True,4,teacher_full_batch_no_gnn_prefilter,4,False,False,teacher_rmp,False,0.0,0,0.0,,
base_b__normal_global__seed239081664,16,1,3,PRICED_E1_shortage_ratio_OREO CHOCOLATE 110.4/105G_T6_3,OREO CHOCOLATE 110.4/105G,6,"[{""donor"": ""MM BINH DUONG"", ""receiver"": ""MM DA NANG"", ""quantity"": 6.180250802982753}]","[-0.47210031747817993, 6.180250644683838, 1.0, 6.180250644683838, 6.180250644683838, 0.0192971620708704, 0.6732115149497986, 1.0, 0.47210031747817993, 0.10000000149011612, 7.7688798904418945, 5.7081499099731445]",,e7816ae417d8,"[5, 3]","[[6.180250644683838, 0.6263880133628845, 6.180250644683838], [6.180250644683838, 1.0, 0.0]]",0.0,0.01002797852071719,9.326173572395753e-05,-0.4721,0.1,False,False,True,4,teacher_full_batch_no_gnn_prefilter,4,False,False,teacher_rmp,False,0.0,0,0.0,,
base_b__normal_global__seed239081664,18,1,0,PRICED_E1_shortage_ratio_OREO CHOCOLATE 110.4/105G_T2_1,OREO CHOCOLATE 110.4/105G,2,"[{""donor"": ""MM AN PHU"", ""receiver"": ""MM DA NANG"", ""quantity"": 13.321023298631342}]","[-3.328409433364868, 13.321022987365723, 1.0, 13.321022987365723, 13.321022987365723, 0.1312706470489502, 0.9425559639930725, 0.6150129437446594, 3.328409433364868, 0.10000000149011612, 11.253426551818848, 9.992613792419434]","[[1.0, 13.321022987365723, 13.321022987365723, 0.0, 1.0, 1.0, 0.0], [0.0, 22.799999237060547, 13.321022987365723, 9.478976249694824, 0.042016807943582535, 0.0, 1.0], [820.0, 490.7687072753906, 6.4999680519104, 484.26873779296875, 1.0, 1.0, 0.0], [0.0, 6.180250644683838, 6.180250644683838, 0.0, 0.13927090167999268, 0.0, 1.0], [1.0, 5.860533714294434, 5.860533714294434, 0.0, 1.0, 1.0, 0.0], [1.0, 14.663023948669434, 6.180250644683838, 8.482773780822754, 1.0, 1.0, 0.0]]",c4aeb17ed8ee,"[0, 1]","[[13.321022987365723, 1.0, 13.321022987365723], [13.321022987365723, 0.5842553973197937, 0.0]]",0.0,0.010197254734509158,0.0006575157816971866,-3.328409,0.1,False,False,True,4,teacher_full_batch_no_gnn_prefilter,4,False,False,teacher_rmp,False,0.0,0,0.0,,
base_b__normal_global__seed239081664,18,1,1,PRICED_E1_shortage_ratio_OREO CHOCOLATE 110.4/105G_T6_1,OREO CHOCOLATE 110.4/105G,6,"[{""donor"": ""MM BINH DUONG"", ""receiver"": ""MM AN PHU"", ""quantity"": 6.180250802982753}]","[-5062.09765625, 6.180250644683838, 1.0, 6.180250644683838, 6.180250644683838, 0.9598594307899475, 0.6732115149497986, 0.9895631074905396, 5062.09765625, 0.10000000149011612, 7.669401168823242, 5.7081499099731445]",,c4aeb17ed8ee,"[2, 3]","[[6.180250644683838, 0.012593001127243042, 5067.8056640625], [6.180250644683838, 1.0, 0.0]]",0.0,0.31,1.0,-5062.097508,0.1,False,False,True,4,teacher_full_batch_no_gnn_prefilter,4,False,False,teacher_rmp,False,0.0,0,0.0,,
base_b__normal_global__seed239081664,18,1,2,PRICED_E1_shortage_ratio_OREO CHOCOLATE 110.4/105G_T6_3,OREO CHOCOLATE 110.4/105G,6,"[{""donor"": ""MM BINH DUONG"", ""receiver"": ""MM DA NANG"", ""quantity"": 5.860533677497042}, {""donor"": ""MM BINH DUONG"", ""receiver"": ""MM AN PHU"", ""quantity"": 0.3197171254857114}]","[-262.3204345703125, 6.180250644683838, 2.0, 6.180250644683838, 6.180250644683838, 0.4856608211994171, 0.6732115149497986, 0.8892796039581299, 131.16021728515625, 0.10000000149011612, 7.669401168823242, 7.7081499099731445]",,c4aeb17ed8ee,"[4, 3, 2, 3]","[[5.860533714294434, 1.0, 5.860533714294434], [5.860533714294434, 0.948267936706543, 0.0], [0.319717139005661, 0.0006514619453810155, 262.16802978515625], [0.319717139005661, 0.05173206329345703, 0.0]]",0.0,0.02542762218163104,0.051425407272103464,-260.320426,0.1,False,False,True,4,teacher_full_batch_no_gnn_prefilter,4,False,False,teacher_rmp,False,0.0,0,0.0,,
base_b__normal_global__seed239081664,18,1,3,PRICED_E1_shortage_ratio_OREO CHOCOLATE 110.4/105G_T6_2,OREO CHOCOLATE 110.4/105G,6,"[{""donor"": ""MM BINH DUONG"", ""receiver"": ""MM BINH PHU"", ""quantity"": 6.180250802982753}]","[-0.47210031747817993, 6.180250644683838, 1.0, 6.180250644683838, 6.180250644683838, 0.02867836318910122, 0.6732115149497986, 0.768190324306488, 0.47210031747817993, 0.10000000149011612, 7.669401168823242, 5.7081499099731445]",,c4aeb17ed8ee,"[5, 3]","[[6.180250644683838, 0.42148539423942566, 6.180250644683838], [6.180250644683838, 1.0, 0.0]]",0.0,0.01002797852071719,9.326173572395753e-05,-0.4721,0.1,False,False,True,4,teacher_full_batch_no_gnn_prefilter,4,False,False,teacher_rmp,False,0.0,0,0.0,,
base_b__normal_global__seed239081664,17,1,0,PRICED_E1_shortage_ratio_OREO CHOCOLATE 110.4/105G_T2_1,OREO CHOCOLATE 110.4/105G,2,"[{""donor"": ""MM AN PHU"", ""receiver"": ""MM DA NANG"", ""quantity"": 13.321023298631342}]","[-3.328409433364868, 13.321022987365723, 1.0, 13.321022987365723, 13.321022987365723, 0.1312706470489502, 0.9425559639930725, 0.6150129437446594, 3.328409433364868, 0.10000000149011612, 11.253426551818848, 9.992613792419434]","[[1.0, 13.321022987365723, 13.321022987365723, 0.0, 1.0, 1.0, 0.0], [0.0, 22.799999237060547, 13.321022987365723, 9.478976249694824, 0.042016807943582535, 0.0, 1.0], [820.0, 489.4139709472656, 2.1456458568573, 487.2683410644531, 1.0, 1.0, 0.0], [0.0, 2.1456458568573, 2.1456458568573, 0.0, 0.3178997337818146, 0.0, 1.0]]",42ad76d34d1a,"[0, 1]","[[13.321022987365723, 1.0, 13.321022987365723], [13.321022987365723, 0.5842553973197937, 0.0]]",0.0,0.010568588726997414,0.0018952957566580396,-3.328409,0.1,False,False,True,2,teacher_full_batch_no_gnn_prefilter,2,False,False,teacher_rmp,False,0.0,0,0.0,,
base_b__normal_global__seed239081664,17,1,1,PRICED_E1_shortage_ratio_OREO CHOCOLATE 110.4/105G_T6_1,OREO CHOCOLATE 110.4/105G,6,"[{""donor"": ""MM BINH DUONG"", ""receiver"": ""MM AN PHU"", ""quantity"": 2.1456459287764815}]","[-1756.142333984375, 2.1456458568573, 1.0, 2.1456458568573, 2.1456458568573, 0.964823305606842, 0.41698282957077026, 0.986895740032196, 1756.142333984375, 0.10000000149011612, 5.169487953186035, 3.2873880863189697]",,42ad76d34d1a,"[2, 3]","[[2.1456458568573, 0.004384112544357777, 1759.4296875], [2.1456458568573, 1.0, 0.0]]",0.0,0.31,1.0,-1756.142274,0.1,False,False,True,2,teacher_full_batch_no_gnn_prefilter,2,False,False,teacher_rmp,False,0.0,0,0.0,,
base_c__normal_global__seed53710185,0,1,0,PRICED_E1_shortage_ratio_OREO CHOCOLATE 110.4/105G_T1_1,OREO CHOCOLATE 110.4/105G,1,"[{""donor"": ""MM AN PHU"", ""receiver"": ""MM DA NANG"", ""quantity"": 5.852326966089038}]","[-0.3409307897090912, 5.8523268699646, 1.0, 5.8523268699646, 5.8523268699646, 1.0, 0.11423710733652115, 0.561099648475647, 0.3409307897090912, 0.10000000149011612, 5.878259181976318, 5.5113959312438965]","[[1.0, 5.8523268699646, 5.8523268699646, 0.0, 1.0, 1.0, 0.0], [0.0, 24.799999237060547, 5.8523268699646, 18.947673797607422, 0.03875968977808952, 0.0, 1.0], [0.0, 38.692325592041016, 5.8523268699646, 32.84000015258789, 0.02519378624856472, 0.0, 1.0], [0.0, 24.399999618530273, 5.8523268699646, 18.547672271728516, 0.03937007859349251, 0.0, 1.0], [1.0, 190.68800354003906, 139.93800354003906, 50.74999237060547, 1.0, 1.0, 0.0], [0.0, 59.50400161743164, 59.50400161743164, 0.0, 0.01652783341705799, 0.0, 1.0], [0.0, 35.79359436035156, 35.79359436035156, 0.0, 0.02717864327132702, 0.0, 1.0], [0.0, 31.403947830200195, 31.403947830200195, 0.0, 0.03086043708026409, 0.0, 1.0], [0.0, 13.236465454101562, 13.236465454101562, 0.0, 0.07024215906858444, 0.0, 1.0], [820.0, 267.0873718261719, 98.03135681152344, 169.05599975585938, 1.0, 1.0, 0.0], [0.0, 43.939422607421875, 43.939422607421875, 0.0, 0.022252177819609642, 0.0, 1.0], [0.0, 27.560482025146484, 27.560482025146484, 0.0, 0.03501341491937637, 0.0, 1.0], [0.0, 23.399999618530273, 23.399999618530273, 0.0, 0.04098360612988472, 0.0, 1.0], [0.0, 3.1314549446105957, 3.1314549446105957, 0.0, 0.24204547703266144, 0.0, 1.0], [820.0, 47.865360260009766, 47.865360260009766, 0.0, 1.0, 1.0, 0.0], [0.0, 28.55388641357422, 28.55388641357422, 0.0, 0.033836498856544495, 0.0, 1.0], [0.0, 21.689268112182617, 21.689268112182617, 0.0, 0.04407370090484619, 0.0, 1.0], [0.0, 4.9747514724731445, 4.9747514724731445, 0.0, 0.1673709750175476, 0.0, 1.0], [820.0, 490.49298095703125, 158.29869079589844, 332.1943054199219, 1.0, 1.0, 0.0], [0.0, 30.2933406829834, 30.2933406829834, 0.0, 0.03195568174123764, 0.0, 1.0], [0.0, 19.821155548095703, 19.821155548095703, 0.0, 0.04802807420492172, 0.0, 1.0], [0.0, 4.832353115081787, 4.832353115081787, 0.0, 0.17145738005638123, 0.0, 1.0], [-202.06719970703125, 5.058145523071289, 5.058145523071289, 0.0, 0.16506701707839966, 0.0, 1.0], [1.0, 5.800000190734863, 5.800000190734863, 0.0, 1.0, 1.0, 0.0], [820.0, 522.2185668945312, 157.9615478515625, 364.2570495605469, 1.0, 1.0, 0.0], [0.0, 32.686790466308594, 32.686790466308594, 0.0, 0.02968522720038891, 0.0, 1.0], [0.0, 27.12249755859375, 27.12249755859375, 0.0, 0.03555871918797493, 0.0, 1.0], [0.0, 3.9710710048675537, 3.9710710048675537, 0.0, 0.2011638879776001, 0.0, 1.0], [1.0, 16.68976402282715, 16.68976402282715, 0.0, 1.0, 1.0, 0.0], [820.0, 2.540426731109619, 2.540426731109619, 0.0, 1.0, 1.0, 0.0], [0.0, 6.524713516235352, 2.540426731109619, 3.9842865467071533, 0.13289542496204376, 0.0, 1.0], [0.0, 12.212872505187988, 2.540426731109619, 9.672446250915527, 0.07568377256393433, 0.0, 1.0], [1.0, 68.34777069091797, 68.34777069091797, 0.0, 1.0, 1.0, 0.0], [0.0, 106.11111450195312, 68.34777069091797, 37.76334762573242, 0.009336099028587341, 0.0, 1.0], [0.0, 269.8598327636719, 68.34777069091797, 201.51206970214844, 0.0036919463891535997, 0.0, 1.0], [0.0, 121.01683044433594, 68.34777069091797, 52.66905975341797, 0.008195591159164906, 0.0, 1.0], [1.0, 111.14945983886719, 111.14945983886719, 0.0, 1.0, 1.0, 0.0], [0.0, 267.4717712402344, 111.14945983886719, 156.3223114013672, 0.0037247862201184034, 0.0, 1.0], [0.0, 113.98715209960938, 111.14945983886719, 2.837693929672241, 0.008696623146533966, 0.0, 1.0], [0.0, 72.76712036132812, 72.76712036132812, 0.0, 0.01355617493391037, 0.0, 1.0], [0.0, 38.60329055786133, 38.38233947753906, 0.2209506332874298, 0.025250427424907684, 0.0, 1.0], [820.0, 306.305908203125, 306.305908203125, 0.0, 1.0, 1.0, 0.0], [0.0, 256.4692077636719, 256.4692077636719, 0.0, 0.003883959725499153, 0.0, 1.0], [0.0, 105.402587890625, 105.402587890625, 0.0, 0.009398267604410648, 0.0, 1.0], [0.0, 5.199999809265137, 5.199999809265137, 0.0, 0.16129031777381897, 0.0, 1.0], [0.0, 11.050512313842773, 11.050512313842773, 0.0, 0.08298402279615402, 0.0, 1.0], [820.0, 125.678955078125, 125.678955078125, 0.0, 1.0, 1.0, 0.0], [0.0, 95.63970947265625, 95.63970947265625, 0.0, 0.01034771278500557, 0.0, 1.0], [0.0, 39.28693389892578, 39.28693389892578, 0.0, 0.024821942672133446, 0.0, 1.0], [0.0, 4.2227959632873535, 4.2227959632873535, 0.0, 0.19146832823753357, 0.0, 1.0], [0.0, 8.9237699508667, 8.9237699508667, 0.0, 0.10076815634965897, 0.0, 1.0], [0.9865818619728088, 7.433661937713623, 7.433661937713623, 0.0, 1.0, 1.0, 0.0], [0.0, 16.0, 7.433661937713623, 8.566337585449219, 0.05882352963089943, 0.0, 1.0], [0.0, 32.8409423828125, 7.433661937713623, 25.40727996826172, 0.02955000475049019, 0.0, 1.0], [0.0, 22.755752563476562, 7.433661937713623, 15.322091102600098, 0.042095065116882324, 0.0, 1.0], [820.0, 15.420699119567871, 15.420699119567871, 0.0, 1.0, 1.0, 0.0], [0.0, 55.31062316894531, 42.70921325683594, 12.601408004760742, 0.01775863952934742, 0.0, 1.0], [1.0, 5.933907508850098, 5.933907508850098, 0.0, 1.0, 1.0, 0.0], [0.0, 89.0119857788086, 21.35460662841797, 67.65737915039062, 0.011109631508588791, 0.0, 1.0]]",e5b85ca51003,"[0, 1]","[[5.8523268699646, 1.0, 5.8523268699646], [5.8523268699646, 0.23598092794418335, 0.0]]",0.0,0.010000407514743343,1.3583824778003814e-06,-0.340931,0.1,False,False,True,34,teacher_full_batch_no_gnn_prefilter,34,False,False,teacher_rmp,False,0.0,0,0.0,21035032292.3141,588281.6059417725
base_c__normal_global__seed53710185,0,1,1,PRICED_E1_shortage_ratio_OREO CHOCOLATE 110.4/105G_T1_2,OREO CHOCOLATE 110.4/105G,1,"[{""donor"": ""MM BIEN HOA"", ""receiver"": ""MM DA NANG"", ""quantity"": 5.852326966089038}]","[-0.3409307897090912, 5.8523268699646, 1.0, 5.8523268699646, 5.8523268699646, 1.0, 0.17822982370853424, 0.561099648475647, 0.3409307897090912, 0.10000000149011612, 5.878259181976318, 5.5113959312438965]",,e5b85ca51003,"[0, 2]","[[5.8523268699646, 1.0, 5.8523268699646], [5.8523268699646, 0.15125291049480438, 0.0]]",0.0,0.010000407514743343,1.3583824778003814e-06,-0.340931,0.1,False,False,True,34,teacher_full_batch_no_gnn_prefilter,34,False,False,teacher_rmp,False,0.0,0,0.0,21035032292.3141,588281.6059417725
base_c__normal_global__seed53710185,0,1,2,PRICED_E1_shortage_ratio_OREO CHOCOLATE 110.4/105G_T1_3,OREO CHOCOLATE 110.4/105G,1,"[{""donor"": ""MM BINH DUONG"", ""receiver"": ""MM DA NANG"", ""quantity"": 5.852326966089038}]","[-0.3409307897090912, 5.8523268699646, 1.0, 5.8523268699646, 5.8523268699646, 1.0, 0.11239457875490189, 0.561099648475647, 0.3409307897090912, 0.10000000149011612, 5.878259181976318, 5.5113959312438965]",,e5b85ca51003,"[0, 3]","[[5.8523268699646, 1.0, 5.8523268699646], [5.8523268699646, 0.23984946310520172, 0.0]]",0.0,0.010000407514743343,1.3583824778003814e-06,-0.340931,0.1,False,False,True,34,teacher_full_batch_no_gnn_prefilter,34,False,False,teacher_rmp,True,1.0,1,0.340931,21035032292.3141,588281.6059417725
base_c__normal_global__seed53710185,0,1,3,PRICED_E1_shortage_ratio_OREO CHOCOLATE 110.4/105G_T2_1,OREO CHOCOLATE 110.4/105G,2,"[{""donor"": ""MM HIEP PHU"", ""receiver"": ""MM AN PHU"", ""quantity"": 59.504000000000005}, {""donor"": ""MM BINH PHU"", ""receiver"": ""MM AN PHU"", ""quantity"": 35.79359497810697}, {""donor"": ""MM BIEN HOA"", ""receiver"": ""MM AN PHU"", ""quantity"": 31.403948228210332}, {""donor"": ""MM BINH DUONG"", ""receiver"": ""MM AN PHU"", ""quantity"": 13.236465032050948}]","[-53.97520446777344, 139.93800354003906, 4.0, 139.93800354003906, 139.93800354003906, 1.0, 0.22142089903354645, 1.0, 13.49380111694336, 0.10000000149011612, 25.154499053955078, 91.96280670166016]",,e5b85ca51003,"[4, 5, 4, 6, 4, 7, 4, 8]","[[59.50400161743164, 0.312049001455307, 59.50400161743164], [59.50400161743164, 1.0, 0.0], [35.79359436035156, 0.18770764768123627, 35.79359436035156], [35.79359436035156, 1.0, 0.0], [31.403947830200195, 0.16468758881092072, 31.403947830200195], [31.403947830200195, 1.0, 0.0], [13.236465454101562, 0.06941425055265427, 13.236465454101562], [13.236465454101562, 1.0, 0.0]]",0.0,0.010057344748753371,0.0001911491625112304,-47.975203,0.1,False,False,True,34,teacher_full_batch_no_gnn_prefilter,34,False,False,teacher_rmp,True,1.0,1,47.975203,21035032292.3141,588281.6059417725
base_c__normal_global__seed53710185,0,1,4,PRICED_E1_shortage_ratio_OREO CHOCOLATE 110.4/105G_T3_1,OREO CHOCOLATE 110.4/105G,3,"[{""donor"": ""MM HIEP PHU"", ""receiver"": ""MM AN PHU"", ""quantity"": 43.93942279007565}, {""donor"": ""MM BIEN HOA"", ""receiver"": ""MM AN PHU"", ""quantity"": 27.56048114706627}, {""donor"": ""MM BINH DUONG"", ""receiver"": ""MM AN PHU"", ""quantity"": 23.400000000000002}, {""donor"": ""MM BINH PHU"", ""receiver"": ""MM AN PHU"", ""quantity"": 3.131454890497144}]","[-80324.8984375, 98.03135681152344, 4.0, 98.03135681152344, 98.03135681152344, 1.0, 0.25, 1.0, 20081.224609375, 0.10000000149011612, 18.819629669189453, 66.81881713867188]",,e5b85ca51003,"[9, 10, 9, 11, 9, 12, 9, 13]","[[43.939422607421875, 0.16451330482959747, 36030.328125], [43.939422607421875, 1.0, 0.0], [27.560482025146484, 0.10318901389837265, 22599.59375], [27.560482025146484, 1.0, 0.0], [23.399999618530273, 0.08761178702116013, 19188.0], [23.399999618530273, 1.0, 0.0], [3.1314549446105957, 0.011724459007382393, 2567.79296875], [3.1314549446105957, 1.0, 0.0]]",0.0,0.10600515662601914,0.3200171887533972,-80318.895423,0.1,False,False,True,34,teacher_full_batch_no_gnn_prefilter,34,False,False,teacher_rmp,True,1.0,1,80318.895423,21035032292.3141,588281.6059417725
base_c__normal_global__seed53710185,0,1,5,PRICED_E1_shortage_ratio_OREO CHOCOLATE 110.4/105G_T4_1,OREO CHOCOLATE 110.4/105G,4,"[{""donor"": ""MM HIEP PHU"", ""receiver"": ""MM AN PHU"", ""quantity"": 28.553885949004716}, {""donor"": ""MM BIEN HOA"", ""receiver"": ""MM AN PHU"", ""quantity"": 19.311475134588164}]","[-39218.875, 47.865360260009766, 2.0, 47.865360260009766, 47.865360260009766, 1.0, 0.45495346188545227, 0.7795134782791138, 19609.4375, 0.10000000149011612, 15.161821365356445, 32.719215393066406]",,e5b85ca51003,"[14, 15, 14, 16]","[[28.55388641357422, 0.596545934677124, 23414.185546875], [28.55388641357422, 1.0, 0.0], [19.31147575378418, 0.403454065322876, 15835.4091796875], [19.31147575378418, 0.8903701305389404, 0.0]]",0.0,0.05687592361238476,0.15625307870794922,-39216.876872,0.1,False,False,True,34,teacher_full_batch_no_gnn_prefilter,34,False,False,teacher_rmp,True,0.8683907521748001,1,34055.573204822605,21035032292.3141,588281.6059417725
base_c__normal_global__seed53710185,0,1,6,PRICED_E1_shortage_ratio_OREO CHOCOLATE 110.4/105G_T4_2,OREO CHOCOLATE 110.4/105G,4,"[{""donor"": ""MM BIEN HOA"", ""receiver"": ""MM AN PHU"", ""quantity"": 21.689267192616786}, {""donor"": ""MM BINH PHU"", ""receiver"": ""MM AN PHU"", ""quantity"": 4.974751464322781}, {""donor"": ""MM HIEP PHU"", ""receiver"": ""MM AN PHU"", ""quantity"": 21.201342426653312}]","[-39218.875, 47.865360260009766, 3.0, 47.865360260009766, 47.865360260009766, 1.0, 0.3333333432674408, 0.7795134782791138, 13072.958984375, 0.10000000149011612, 15.161821365356445, 34.719215393066406]",,e5b85ca51003,"[14, 16, 14, 17, 14, 15]","[[21.689268112182617, 0.4531307518482208, 17785.19921875], [21.689268112182617, 1.0, 0.0], [4.9747514724731445, 0.10393217951059341, 4079.296142578125], [4.9747514724731445, 1.0, 0.0], [21.20134162902832, 0.44293707609176636, 17385.1015625], [21.20134162902832, 0.7425028681755066, 0.0]]",0.0,0.0568735330128597,0.15624511004286568,-39214.876872,0.1,False,False,True,34,teacher_full_batch_no_gnn_prefilter,34,False,False,teacher_rmp,True,0.4475622718993546,1,17551.099385085778,21035032292.3141,588281.6059417725
base_c__normal_global__seed53710185,0,1,7,PRICED_E1_shortage_ratio_OREO CHOCOLATE 110.4/105G_T4_3,OREO CHOCOLATE 110.4/105G,4,"[{""donor"": ""MM BINH PHU"", ""receiver"": ""MM AN PHU"", ""quantity"": 4.974751464322781}, {""donor"": ""MM HIEP PHU"", ""receiver"": ""MM AN PHU"", ""quantity"": 28.553885949004716}, {""donor"": ""MM BIEN HOA"", ""receiver"": ""MM AN PHU"", ""quantity"": 14.336723670265386}]","[-39218.875, 47.865360260009766, 3.0, 47.865360260009766, 47.865360260009766, 1.0, 0.3333333432674408, 0.7795134782791138, 13072.958984375, 0.10000000149011612, 15.161821365356445, 34.719215393066406]",,e5b85ca51003,"[14, 17, 14, 15, 14, 16]","[[4.9747514724731445, 0.10393217951059341, 4079.296142578125], [4.9747514724731445, 1.0, 0.0], [28.55388641357422, 0.596545934677124, 23414.185546875], [28.55388641357422, 1.0, 0.0], [14.336723327636719, 0.29952189326286316, 11756.11328125], [14.336723327636719, 0.661005437374115, 0.0]]",0.0,0.0568735330128597,0.15624511004286568,-39214.876872,0.1,False,False,True,34,teacher_full_batch_no_gnn_prefilter,34,False,False,teacher_rmp,False,0.0,0,0.0,21035032292.3141,588281.6059417725
base_c__normal_global__seed53710185,0,1,8,PRICED_E1_shortage_ratio_OREO CHOCOLATE 110.4/105G_T5_1,OREO CHOCOLATE 110.4/105G,5,"[{""donor"": ""MM HIEP PHU"", ""receiver"": ""MM AN PHU"", ""quantity"": 30.293339978725903}, {""donor"": ""MM BIEN HOA"", ""receiver"": ""MM AN PHU"", ""quantity"": 19.82115614861222}, {""donor"": ""MM BINH DUONG"", ""receiver"": ""MM AN PHU"", ""quantity"": 4.832352960459929}, {""donor"": ""MM BINH PHU"", ""receiver"": ""MM AN PHU"", ""quantity"": 5.05814564988062}]","[-48144.0078125, 60.0049934387207, 4.0, 60.0049934387207, 60.0049934387207, 0.9883133769035339, 0.25, 1.0, 12036.001953125, 0.10000000149011612, 11.699237823486328, 44.00299835205078]",,e5b85ca51003,"[18, 19, 18, 20, 18, 21, 18, 22]","[[30.2933406829834, 0.061761002987623215, 24840.5390625], [30.2933406829834, 1.0, 0.0], [19.821155548095703, 0.04041068255901337, 16253.34765625], [19.821155548095703, 1.0, 0.0], [4.832353115081787, 0.00985203217715025, 3962.529541015625], [4.832353115081787, 1.0, 0.0], [5.058145523071289, 0.010312370955944061, 4147.67919921875], [5.058145523071289, 1.0, -1022.0853881835938]]",0.0,0.06753934872199036,0.19179782907330117,-48138.007323,0.1,False,False,True,34,teacher_full_batch_no_gnn_prefilter,34,False,False,teacher_rmp,True,1.0,1,48138.007323,21035032292.3141,588281.6059417725
base_c__normal_global__seed53710185,0,1,9,PRICED_E1_shortage_ratio_OREO CHOCOLATE 110.4/105G_T5_5,OREO CHOCOLATE 110.4/105G,5,"[{""donor"": ""MM BIEN HOA"", ""receiver"": ""MM BINH PHU"", ""quantity"": 5.799999999999997}, {""donor"": ""MM HIEP PHU"", ""receiver"": ""MM AN PHU"", ""quantity"": 30.293339978725903}, {""donor"": ""MM BIEN HOA"", ""receiver"": ""MM AN PHU"", ""quantity"": 14.021156148612224}, {""donor"": ""MM BINH DUONG"", ""receiver"": ""MM AN PHU"", ""quantity"": 4.832352960459929}]","[-40271.25, 54.94684982299805, 4.0, 54.94684982299805, 54.94684982299805, 0.7441566586494446, 0.3115074336528778, 1.0, 10067.8125, 0.10000000149011612, 11.699237823486328, 40.968109130859375]",,e5b85ca51003,"[23, 20, 18, 19, 18, 20, 18, 21]","[[5.800000190734863, 1.0, 5.800000190734863], [5.800000190734863, 0.2926166355609894, 0.0], [30.2933406829834, 0.061761002987623215, 24840.5390625], [30.2933406829834, 1.0, 0.0], [14.021156311035156, 0.02858584374189377, 11497.34765625], [14.021156311035156, 0.707383394241333, 0.0], [4.832353115081787, 0.00985203217715025, 3962.529541015625], [4.832353115081787, 1.0, 0.0]]",0.0,0.05812904154365741,0.16043013847885804,-40265.248143,0.1,False,False,True,34,teacher_full_batch_no_gnn_prefilter,34,False,False,teacher_rmp,True,0.11870585309734076,1,4779.720630990931,21035032292.3141,588281.6059417725
base_c__normal_global__seed53710185,0,1,10,PRICED_E1_surplus_ratio_OREO CHOCOLATE 110.4/105G_T5_5,OREO CHOCOLATE 110.4/105G,5,"[{""donor"": ""MM HIEP PHU"", ""receiver"": ""MM BINH PHU"", ""quantity"": 5.799999999999997}, {""donor"": ""MM HIEP PHU"", ""receiver"": ""MM AN PHU"", ""quantity"": 24.493339978725906}, {""donor"": ""MM BIEN HOA"", ""receiver"": ""MM AN PHU"", ""quantity"": 19.82115614861222}, {""donor"": ""MM BINH DUONG"", ""receiver"": ""MM AN PHU"", ""quantity"": 4.832352960459929}]","[-40271.25, 54.94684982299805, 4.0, 54.94684982299805, 54.94684982299805, 0.7441566586494446, 0.3551378846168518, 1.0, 10067.8125, 0.10000000149011612, 11.656316757202148, 40.968109130859375]",,e5b85ca51003,"[23, 19, 18, 19, 18, 20, 18, 21]","[[5.800000190734863, 1.0, 5.800000190734863], [5.800000190734863, 0.1914612203836441, 0.0], [24.49333953857422, 0.049936167895793915, 20084.5390625], [24.49333953857422, 0.8085387945175171, 0.0], [19.821155548095703, 0.04041068255901337, 16253.34765625], [19.821155548095703, 1.0, 0.0], [4.832353115081787, 0.00985203217715025, 3962.529541015625], [4.832353115081787, 1.0, 0.0]]",0.0,0.05812904154365741,0.16043013847885804,-40265.248143,0.1,False,False,True,34,teacher_full_batch_no_gnn_prefilter,34,False,False,teacher_rmp,False,0.0,0,0.0,21035032292.3141,588281.6059417725
base_c__normal_global__seed53710185,0,1,11,PRICED_E1_shortage_ratio_OREO CHOCOLATE 110.4/105G_T6_1,OREO CHOCOLATE 110.4/105G,6,"[{""donor"": ""MM HIEP PHU"", ""receiver"": ""MM AN PHU"", ""quantity"": 32.686788589497006}, {""donor"": ""MM BIEN HOA"", ""receiver"": ""MM AN PHU"", ""quantity"": 27.122497924282765}, {""donor"": ""MM BINH DUONG"", ""receiver"": ""MM AN PHU"", ""quantity"": 3.9710710376083966}]","[-52259.625, 63.780357360839844, 3.0, 63.780357360839844, 63.780357360839844, 0.9636659026145935, 0.3183588683605194, 1.0, 17419.875, 0.10000000149011612, 15.413912773132324, 44.26821517944336]",,e5b85ca51003,"[24, 25, 24, 26, 24, 27]","[[32.686790466308594, 0.06259215623140335, 26803.166015625], [32.686790466308594, 1.0, 0.0], [27.12249755859375, 0.05193705856800079, 22240.44921875], [27.12249755859375, 1.0, 0.0], [3.9710710048675537, 0.007604231592267752, 3256.2783203125], [3.9710710048675537, 1.0, 0.0]]",0.0,0.07246113612721325,0.20820378709071086,-52255.624978,0.1,False,False,True,34,teacher_full_batch_no_gnn_prefilter,34,False,False,teacher_rmp,True,1.0,1,52255.624978,21035032292.3141,588281.6059417725
base_c__normal_global__seed53710185,0,1,12,PRICED_E1_shortage_ratio_OREO CHOCOLATE 110.4/105G_T6_2,OREO CHOCOLATE 110.4/105G,6,"[{""donor"": ""MM BIEN HOA"", ""receiver"": ""MM AN PHU"", ""quantity"": 27.122497924282765}, {""donor"": ""MM BINH DUONG"", ""receiver"": ""MM AN PHU"", ""quantity"": 3.9710710376083966}, {""donor"": ""MM HIEP PHU"", ""receiver"": ""MM BINH PHU"", ""quantity"": 16.689763943141287}, {""donor"": ""MM HIEP PHU"", ""receiver"": ""MM AN PHU"", ""quantity"": 15.997024646355719}]","[-38590.70703125, 63.780357360839844, 4.0, 63.780357360839844, 63.780357360839844, 0.7304489612579346, 0.36113592982292175, 0.9574259519577026, 9647.6767578125, 0.10000000149011612, 15.413912773132324, 46.26821517944336]",,e5b85ca51003,"[24, 26, 24, 27, 28, 25, 24, 25]","[[27.12249755859375, 0.05193705856800079, 22240.44921875], [27.12249755859375, 1.0, 0.0], [3.9710710048675537, 0.007604231592267752, 3256.2783203125], [3.9710710048675537, 1.0, 0.0], [16.68976402282715, 1.0, 16.68976402282715], [16.68976402282715, 0.5105966329574585, 0.0], [15.997024536132812, 0.030632812529802322, 13117.560546875], [15.997024536132812, 0.4894033670425415, 0.0]]",0.0,0.05612029267795478,0.15373430892651593,-38584.708308,0.1,False,False,True,34,teacher_full_batch_no_gnn_prefilter,34,False,False,teacher_rmp,False,0.0,0,0.0,21035032292.3141,588281.6059417725
base_c__normal_global__seed53710185,0,1,13,PRICED_E1_shortage_ratio_OREO CHOCOLATE 110.4/105G_T6_3,OREO CHOCOLATE 110.4/105G,6,"[{""donor"": ""MM BINH DUONG"", ""receiver"": ""MM AN PHU"", ""quantity"": 3.9710710376083966}, {""donor"": ""MM BIEN HOA"", ""receiver"": ""MM BINH PHU"", ""quantity"": 16.689763943141287}, {""donor"": ""MM HIEP PHU"", ""receiver"": ""MM AN PHU"", ""quantity"": 32.686788589497006}, {""donor"": ""MM BIEN HOA"", ""receiver"": ""MM AN PHU"", ""quantity"": 10.432733981141478}]","[-38590.70703125, 63.780357360839844, 4.0, 63.780357360839844, 63.780357360839844, 0.7304489612579346, 0.340305358171463, 0.9574259519577026, 9647.6767578125, 0.10000000149011612, 15.413912773132324, 46.26821517944336]",,e5b85ca51003,"[24, 27, 28, 26, 24, 25, 24, 26]","[[3.9710710048675537, 0.007604231592267752, 3256.2783203125], [3.9710710048675537, 1.0, 0.0], [16.68976402282715, 1.0, 16.68976402282715], [16.68976402282715, 0.6153476238250732, 0.0], [32.686790466308594, 0.06259215623140335, 26803.166015625], [32.686790466308594, 1.0, 0.0], [10.432733535766602, 0.019977714866399765, 8554.841796875], [10.432733535766602, 0.38465240597724915, 0.0]]",0.0,0.05612029267795478,0.15373430892651593,-38584.708308,0.1,False,False,True,34,teacher_full_batch_no_gnn_prefilter,34,False,False,teacher_rmp,True,0.072024270929462,1,2779.035484909655,21035032292.3141,588281.6059417725
base_c__normal_global__seed53710185,0,1,14,PRICED_E1_shortage_ratio_OREO CHOCOLATE 110.4/105G_T7_1,OREO CHOCOLATE 110.4/105G,7,"[{""donor"": ""MM BINH DUONG"", ""receiver"": ""MM AN PHU"", ""quantity"": 2.5404266638221316}]","[-2079.62548828125, 2.540426731109619, 1.0, 2.540426731109619, 2.540426731109619, 1.0, 0.348215252161026, 0.5189732313156128, 2079.62548828125, 0.10000000149011612, 4.147615909576416, 3.5242559909820557]",,e5b85ca51003,"[29, 30]","[[2.540426731109619, 1.0, 2083.14990234375], [2.540426731109619, 0.38935452699661255, 0.0]]",0.0,0.012485775995399802,0.008285919984666,-2079.625608,0.1,False,False,True,34,teacher_full_batch_no_gnn_prefilter,34,False,False,teacher_rmp,True,1.0,1,2079.625608,21035032292.3141,588281.6059417725
base_c__normal_global__seed53710185,0,1,15,PRICED_E1_shortage_ratio_OREO CHOCOLATE 110.4/105G_T7_2,OREO CHOCOLATE 110.4/105G,7,"[{""donor"": ""MM HIEP PHU"", ""receiver"": ""MM AN PHU"", ""quantity"": 2.5404266638221316}]","[-2079.62548828125, 2.540426731109619, 1.0, 2.540426731109619, 2.540426731109619, 1.0, 0.6517847180366516, 0.5189732313156128, 2079.62548828125, 0.10000000149011612, 4.147615909576416, 3.5242559909820557]",,e5b85ca51003,"[29, 31]","[[2.540426731109619, 1.0, 2083.14990234375], [2.540426731109619, 0.20801220834255219, 0.0]]",0.0,0.012485775995399802,0.008285919984666,-2079.625608,0.1,False,False,True,34,teacher_full_batch_no_gnn_prefilter,34,False,False,teacher_rmp,True,1.0,1,2079.625608,21035032292.3141,588281.6059417725
base_c__normal_global__seed53710185,0,1,16,PRICED_E1_shortage_ratio_OREO VANILLA 110.4/105G_T2_1,OREO VANILLA 110.4/105G,2,"[{""donor"": ""MM BIEN HOA"", ""receiver"": ""MM AN PHU"", ""quantity"": 68.34776788220779}]","[-25.339107513427734, 68.34777069091797, 1.0, 68.34777069091797, 68.34777069091797, 1.0, 0.1791703999042511, 0.6168912649154663, 25.339107513427734, 0.10000000149011612, 39.547645568847656, 43.00865936279297]",,e5b85ca51003,"[32, 33]","[[68.34777069091797, 1.0, 68.34777069091797], [68.34777069091797, 0.6441150307655334, 0.0]]",0.0,0.010030287828579898,0.00010095942859965503,-25.339107,0.1,False,False,True,34,teacher_full_batch_no_gnn_prefilter,34,False,False,teacher_rmp,False,0.0,0,0.0,21035032292.3141,588281.6059417725
base_c__normal_global__seed53710185,0,1,17,PRICED_E1_shortage_ratio_OREO VANILLA 110.4/105G_T2_2,OREO VANILLA 110.4/105G,2,"[{""donor"": ""MM DA NANG"", ""receiver"": ""MM AN PHU"", ""quantity"": 68.34776788220779}]","[-25.339107513427734, 68.34777069091797, 1.0, 68.34777069091797, 68.34777069091797, 1.0, 0.4556628465652466, 0.6168912649154663, 25.339107513427734, 0.10000000149011612, 39.547645568847656, 43.00865936279297]",,e5b85ca51003,"[32, 34]","[[68.34777069091797, 1.0, 68.34777069091797], [68.34777069091797, 0.2532713711261749, 0.0]]",0.0,0.010030287828579898,0.00010095942859965503,-25.339107,0.1,False,False,True,34,teacher_full_batch_no_gnn_prefilter,34,False,False,teacher_rmp,True,1.0,1,25.339107,21035032292.3141,588281.6059417725
base_c__normal_global__seed53710185,0,1,18,PRICED_E1_shortage_ratio_OREO VANILLA 110.4/105G_T2_3,OREO VANILLA 110.4/105G,2,"[{""donor"": ""MM HIEP PHU"", ""receiver"": ""MM AN PHU"", ""quantity"": 68.34776788220779}]","[-25.339107513427734, 68.34777069091797, 1.0, 68.34777069091797, 68.34777069091797, 1.0, 0.204338937997818, 0.6168912649154663, 25.339107513427734, 0.10000000149011612, 39.547645568847656, 43.00865936279297]",,e5b85ca51003,"[32, 35]","[[68.34777069091797, 1.0, 68.34777069091797], [68.34777069091797, 0.5647790431976318, 0.0]]",0.0,0.010030287828579898,0.00010095942859965503,-25.339107,0.1,False,False,True,34,teacher_full_batch_no_gnn_prefilter,34,False,False,teacher_rmp,True,0.46134984498887505,1,11.690193086606518,21035032292.3141,588281.6059417725
base_c__normal_global__seed53710185,0,1,19,PRICED_E1_shortage_ratio_OREO VANILLA 110.4/105G_T3_1,OREO VANILLA 110.4/105G,3,"[{""donor"": ""MM DA NANG"", ""receiver"": ""MM AN PHU"", ""quantity"": 111.149461148752}]","[-42.45978546142578, 111.14945983886719, 1.0, 111.14945983886719, 111.14945983886719, 1.0, 0.4706180989742279, 1.0, 42.45978546142578, 0.10000000149011612, 48.27128601074219, 68.6896743774414]",,e5b85ca51003,"[36, 37]","[[111.14945983886719, 1.0, 111.14945983886719], [111.14945983886719, 0.415555864572525, 0.0]]",0.0,0.010050752169732401,0.00016917389910799837,-42.459784,0.1,False,False,True,34,teacher_full_batch_no_gnn_prefilter,34,False,False,teacher_rmp,True,1.0,1,42.459784,21035032292.3141,588281.6059417725
base_c__normal_global__seed53710185,0,1,20,PRICED_E1_shortage_ratio_OREO VANILLA 110.4/105G_T3_2,OREO VANILLA 110.4/105G,3,"[{""donor"": ""MM HIEP PHU"", ""receiver"": ""MM AN PHU"", ""quantity"": 111.149461148752}]","[-42.45978546142578, 111.14945983886719, 1.0, 111.14945983886719, 111.14945983886719, 1.0, 0.2005610466003418, 1.0, 42.45978546142578, 0.10000000149011612, 48.27128601074219, 68.6896743774414]",,e5b85ca51003,"[36, 38]","[[111.14945983886719, 1.0, 111.14945983886719], [111.14945983886719, 0.9751051664352417, 0.0]]",0.0,0.010050752169732401,0.00016917389910799837,-42.459784,0.1,False,False,True,34,teacher_full_batch_no_gnn_prefilter,34,False,False,teacher_rmp,True,0.6698956349558873,1,28.443623962769824,21035032292.3141,588281.6059417725
base_c__normal_global__seed53710185,0,1,21,PRICED_E1_shortage_ratio_OREO VANILLA 110.4/105G_T3_3,OREO VANILLA 110.4/105G,3,"[{""donor"": ""MM BIEN HOA"", ""receiver"": ""MM AN PHU"", ""quantity"": 72.76712102615028}, {""donor"": ""MM BINH DUONG"", ""receiver"": ""MM AN PHU"", ""quantity"": 38.38234012260172}]","[-42.45978546142578, 111.14945983886719, 2.0, 111.14945983886719, 111.14945983886719, 1.0, 0.09797843545675278, 1.0, 21.22989273071289, 0.10000000149011612, 48.27128601074219, 70.6896743774414]",,e5b85ca51003,"[36, 39, 36, 40]","[[72.76712036132812, 0.6546781063079834, 72.76712036132812], [72.76712036132812, 1.0, 0.0], [38.38233947753906, 0.3453218638896942, 38.38233947753906], [38.38233947753906, 0.9942764043807983, 0.0]]",0.0,0.010048361570207335,0.0001612052340244455,-40.459784,0.1,False,False,True,34,teacher_full_batch_no_gnn_prefilter,34,False,False,teacher_rmp,False,0.0,0,0.0,21035032292.3141,588281.6059417725
base_c__normal_global__seed53710185,0,1,22,PRICED_E1_shortage_ratio_OREO VANILLA 110.4/105G_T4_1,OREO VANILLA 110.4/105G,4,"[{""donor"": ""MM DA NANG"", ""receiver"": ""MM AN PHU"", ""quantity"": 256.469195139569}, {""donor"": ""MM HIEP PHU"", ""receiver"": ""MM AN PHU"", ""quantity"": 49.836719771109244}]","[-250985.0625, 306.305908203125, 2.0, 306.305908203125, 306.305908203125, 1.0, 0.4451681077480316, 1.0, 125492.53125, 0.10000000149011612, 52.91494369506836, 187.78355407714844]",,e5b85ca51003,"[41, 42, 41, 43]","[[256.4692077636719, 0.8372975587844849, 210304.734375], [256.4692077636719, 1.0, 0.0], [49.83671951293945, 0.16270244121551514, 40866.109375], [49.83671951293945, 0.47282254695892334, 0.0]]",0.0,0.31,1.0,-250983.066678,0.1,False,False,True,34,teacher_full_batch_no_gnn_prefilter,34,False,False,teacher_rmp,True,1.0,1,250983.066678,21035032292.3141,588281.6059417725
base_c__normal_global__seed53710185,0,1,23,PRICED_E1_shortage_ratio_OREO VANILLA 110.4/105G_T4_5,OREO VANILLA 110.4/105G,4,"[{""donor"": ""MM BIEN HOA"", ""receiver"": ""MM AN PHU"", ""quantity"": 5.200000000000017}, {""donor"": ""MM DA NANG"", ""receiver"": ""MM AN PHU"", ""quantity"": 256.469195139569}, {""donor"": ""MM HIEP PHU"", ""receiver"": ""MM AN PHU"", ""quantity"": 44.636719771109256}]","[-250985.0625, 306.305908203125, 3.0, 306.305908203125, 306.305908203125, 1.0, 0.30104339122772217, 1.0, 83661.6875, 0.10000000149011612, 52.91494369506836, 189.78355407714844]",,e5b85ca51003,"[41, 44, 41, 42, 41, 43]","[[5.199999809265137, 0.01697649247944355, 4264.0], [5.199999809265137, 1.0, 0.0], [256.4692077636719, 0.8372975587844849, 210304.734375], [256.4692077636719, 1.0, 0.0], [44.63671875, 0.14572595059871674, 36602.109375], [44.63671875, 0.42348790168762207, 0.0]]",0.0,0.30999760940047494,0.9999920313349164,-250981.066678,0.1,False,False,True,34,teacher_full_batch_no_gnn_prefilter,34,False,False,teacher_rmp,False,0.0,0,0.0,21035032292.3141,588281.6059417725
base_c__normal_global__seed53710185,0,1,24,PRICED_E1_shortage_ratio_OREO VANILLA 110.4/105G_T4_4,OREO VANILLA 110.4/105G,4,"[{""donor"": ""MM BINH PHU"", ""receiver"": ""MM AN PHU"", ""quantity"": 11.05051275041452}, {""donor"": ""MM BIEN HOA"", ""receiver"": ""MM AN PHU"", ""quantity"": 5.200000000000017}, {""donor"": ""MM DA NANG"", ""receiver"": ""MM AN PHU"", ""quantity"": 256.469195139569}, {""donor"": ""MM HIEP PHU"", ""receiver"": ""MM AN PHU"", ""quantity"": 33.5862070206947}]","[-250985.0625, 306.305908203125, 4.0, 306.305908203125, 306.305908203125, 1.0, 0.23257960379123688, 1.0, 62746.265625, 0.10000000149011612, 52.91494369506836, 191.78355407714844]",,e5b85ca51003,"[41, 45, 41, 44, 41, 42, 41, 43]","[[11.050512313842773, 0.03607672080397606, 9061.4208984375], [11.050512313842773, 1.0, 0.0], [5.199999809265137, 0.01697649247944355, 4264.0], [5.199999809265137, 1.0, 0.0], [256.4692077636719, 0.8372975587844849, 210304.734375], [256.4692077636719, 1.0, 0.0], [33.58620834350586, 0.10964922606945038, 27540.689453125], [33.58620834350586, 0.3186469078063965, 0.0]]",0.0,0.3099952188009499,0.9999840626698329,-250979.066678,0.1,False,False,True,34,teacher_full_batch_no_gnn_prefilter,34,False,False,teacher_rmp,False,0.0,0,0.0,21035032292.3141,588281.6059417725
base_c__normal_global__seed53710185,0,1,25,PRICED_E1_shortage_ratio_OREO VANILLA 110.4/105G_T5_1,OREO VANILLA 110.4/105G,5,"[{""donor"": ""MM HIEP PHU"", ""receiver"": ""MM AN PHU"", ""quantity"": 95.63971312989705}, {""donor"": ""MM BINH DUONG"", ""receiver"": ""MM AN PHU"", ""quantity"": 30.039240571578162}]","[-102979.3359375, 125.678955078125, 2.0, 125.678955078125, 125.678955078125, 1.0, 0.45560789108276367, 0.920091986656189, 51489.66796875, 0.10000000149011612, 26.329130172729492, 79.4073715209961]",,e5b85ca51003,"[46, 47, 46, 48]","[[95.63970947265625, 0.7609843015670776, 78424.5625], [95.63970947265625, 1.0, 0.0], [30.03923988342285, 0.23901568353176117, 24632.177734375], [30.03923988342285, 0.7646114230155945, 0.0]]",0.0,0.133088783668958,0.41029594556319327,-102977.334663,0.1,False,False,True,34,teacher_full_batch_no_gnn_prefilter,34,False,False,teacher_rmp,True,1.0,1,102977.334663,21035032292.3141,588281.6059417725
base_c__normal_global__seed53710185,0,1,26,PRICED_E1_shortage_ratio_OREO VANILLA 110.4/105G_T5_4,OREO VANILLA 110.4/105G,5,"[{""donor"": ""MM BIEN HOA"", ""receiver"": ""MM AN PHU"", ""quantity"": 4.222795729650564}, {""donor"": ""MM HIEP PHU"", ""receiver"": ""MM AN PHU"", ""quantity"": 95.63971312989705}, {""donor"": ""MM BINH DUONG"", ""receiver"": ""MM AN PHU"", ""quantity"": 25.81644484192759}]","[-102979.3359375, 125.678955078125, 3.0, 125.678955078125, 125.678955078125, 1.0, 0.31324470043182373, 0.920091986656189, 34326.4453125, 0.10000000149011612, 26.329130172729492, 81.4073715209961]",,e5b85ca51003,"[46, 49, 46, 47, 46, 48]","[[4.2227959632873535, 0.033599864691495895, 3462.6923828125], [4.2227959632873535, 1.0, 0.0], [95.63970947265625, 0.7609843015670776, 78424.5625], [95.63970947265625, 1.0, 0.0], [25.816444396972656, 0.20541581511497498, 21169.484375], [25.816444396972656, 0.6571254730224609, 0.0]]",0.0,0.13308639306943293,0.41028797689810975,-102975.334663,0.1,False,False,True,34,teacher_full_batch_no_gnn_prefilter,34,False,False,teacher_rmp,True,0.2144595057860386,1,22084.03937997891,21035032292.3141,588281.6059417725
base_c__normal_global__seed53710185,0,1,27,PRICED_E1_shortage_ratio_OREO VANILLA 110.4/105G_T5_2,OREO VANILLA 110.4/105G,5,"[{""donor"": ""MM BINH DUONG"", ""receiver"": ""MM AN PHU"", ""quantity"": 39.28693517443004}, {""donor"": ""MM BINH PHU"", ""receiver"": ""MM AN PHU"", ""quantity"": 8.92377001895548}, {""donor"": ""MM BIEN HOA"", ""receiver"": ""MM AN PHU"", ""quantity"": 4.222795729650564}, {""donor"": ""MM HIEP PHU"", ""receiver"": ""MM AN PHU"", ""quantity"": 73.24545277843913}]","[-102979.3359375, 125.678955078125, 4.0, 125.678955078125, 125.678955078125, 1.0, 0.25, 0.920091986656189, 25744.833984375, 0.10000000149011612, 26.329130172729492, 83.4073715209961]",,e5b85ca51003,"[46, 48, 46, 50, 46, 49, 46, 47]","[[39.28693389892578, 0.3125975728034973, 32215.287109375], [39.28693389892578, 1.0, 0.0], [8.9237699508667, 0.0710044875741005, 7317.4912109375], [8.9237699508667, 1.0, 0.0], [4.2227959632873535, 0.033599864691495895, 3462.6923828125], [4.2227959632873535, 1.0, 0.0], [73.24545288085938, 0.5827980637550354, 60061.26953125], [73.24545288085938, 0.7658476829528809, 0.0]]",0.0,0.13308400246990784,0.4102800082330262,-102973.334663,0.1,False,False,True,34,teacher_full_batch_no_gnn_prefilter,34,False,False,teacher_rmp,False,0.0,0,0.0,21035032292.3141,588281.6059417725
base_c__normal_global__seed53710185,0,1,28,PRICED_E1_shortage_ratio_OREO VANILLA 110.4/105G_T6_1,OREO VANILLA 110.4/105G,6,"[{""donor"": ""MM AN PHU"", ""receiver"": ""MM BIEN HOA"", ""quantity"": 7.433662091433034}]","[-0.8737190365791321, 7.433661937713623, 1.0, 7.433661937713623, 7.433661937713623, 0.47331053018569946, 0.05184811353683472, 0.9338879585266113, 0.8737190365791321, 0.10000000149011612, 6.967688083648682, 6.4601969718933105]",,e5b85ca51003,"[51, 52]","[[7.433661937713623, 1.0, 7.333916187286377], [7.433661937713623, 0.46460387110710144, 0.0]]",0.0,0.010001044356113223,3.4811870440683643e-06,-0.873719,0.1,False,False,True,34,teacher_full_batch_no_gnn_prefilter,34,False,False,teacher_rmp,True,0.2929417386881196,1,0.2559487629848452,21035032292.3141,588281.6059417725
base_c__normal_global__seed53710185,0,1,29,PRICED_E1_shortage_ratio_OREO VANILLA 110.4/105G_T6_2,OREO VANILLA 110.4/105G,6,"[{""donor"": ""MM BINH DUONG"", ""receiver"": ""MM BIEN HOA"", ""quantity"": 7.433662091433034}]","[-0.8737190365791321, 7.433661937713623, 1.0, 7.433661937713623, 7.433661937713623, 0.47331053018569946, 0.10642130672931671, 0.9338879585266113, 0.8737190365791321, 0.10000000149011612, 6.967688083648682, 6.4601969718933105]",,e5b85ca51003,"[51, 53]","[[7.433661937713623, 1.0, 7.333916187286377], [7.433661937713623, 0.2263534963130951, 0.0]]",0.0,0.010001044356113223,3.4811870440683643e-06,-0.873719,0.1,False,False,True,34,teacher_full_batch_no_gnn_prefilter,34,False,False,teacher_rmp,True,1.0,1,0.873719,21035032292.3141,588281.6059417725
base_c__normal_global__seed53710185,0,1,30,PRICED_E1_shortage_ratio_OREO VANILLA 110.4/105G_T6_3,OREO VANILLA 110.4/105G,6,"[{""donor"": ""MM BINH PHU"", ""receiver"": ""MM BIEN HOA"", ""quantity"": 7.433662091433034}]","[-0.8737190365791321, 7.433661937713623, 1.0, 7.433661937713623, 7.433661937713623, 0.47331053018569946, 0.07374017685651779, 0.9338879585266113, 0.8737190365791321, 0.10000000149011612, 6.967688083648682, 6.4601969718933105]",,e5b85ca51003,"[51, 54]","[[7.433661937713623, 1.0, 7.333916187286377], [7.433661937713623, 0.3266717791557312, 0.0]]",0.0,0.010001044356113223,3.4811870440683643e-06,-0.873719,0.1,False,False,True,34,teacher_full_batch_no_gnn_prefilter,34,False,False,teacher_rmp,True,1.0,1,0.873719,21035032292.3141,588281.6059417725
base_c__normal_global__seed53710185,0,1,31,PRICED_E1_shortage_ratio_OREO VANILLA 110.4/105G_T7_1,OREO VANILLA 110.4/105G,7,"[{""donor"": ""MM DA NANG"", ""receiver"": ""MM BIEN HOA"", ""quantity"": 15.42069938445026}, {""donor"": ""MM DA NANG"", ""receiver"": ""MM AN PHU"", ""quantity"": 5.933907711219501}]","[-12636.0947265625, 21.35460662841797, 2.0, 21.35460662841797, 21.35460662841797, 0.5, 0.38324296474456787, 0.5600823163986206, 6318.04736328125, 0.10000000149011612, 8.748296737670898, 16.812763214111328]",,e5b85ca51003,"[55, 56, 57, 56]","[[15.420699119567871, 1.0, 12644.9736328125], [15.420699119567871, 0.2788017690181732, 0.0], [5.933907508850098, 1.0, 5.933907508850098], [5.933907508850098, 0.1072833314538002, 0.0]]",0.0,0.02510153032181527,0.050338434406050896,-12634.094639,0.1,False,False,True,34,teacher_full_batch_no_gnn_prefilter,34,False,False,teacher_rmp,True,1.0,1,12634.094639,21035032292.3141,588281.6059417725
base_c__normal_global__seed53710185,0,1,32,PRICED_E1_shortage_ratio_OREO VANILLA 110.4/105G_T7_2,OREO VANILLA 110.4/105G,7,"[{""donor"": ""MM HIEP PHU"", ""receiver"": ""MM BIEN HOA"", ""quantity"": 15.42069938445026}, {""donor"": ""MM DA NANG"", ""receiver"": ""MM AN PHU"", ""quantity"": 5.933907711219501}]","[-12636.0947265625, 21.35460662841797, 2.0, 21.35460662841797, 21.35460662841797, 0.5, 0.5, 0.5600823163986206, 6318.04736328125, 0.10000000149011612, 8.748296737670898, 16.812763214111328]",,e5b85ca51003,"[55, 58, 57, 56]","[[15.420699119567871, 1.0, 12644.9736328125], [15.420699119567871, 0.1732429563999176, 0.0], [5.933907508850098, 1.0, 5.933907508850098], [5.933907508850098, 0.1072833314538002, 0.0]]",0.0,0.02510153032181527,0.050338434406050896,-12634.094639,0.1,False,False,True,34,teacher_full_batch_no_gnn_prefilter,34,False,False,teacher_rmp,True,1.0,1,12634.094639,21035032292.3141,588281.6059417725
base_c__normal_global__seed53710185,0,1,33,PRICED_E1_shortage_ratio_OREO VANILLA 110.4/105G_T7_4,OREO VANILLA 110.4/105G,7,"[{""donor"": ""MM HIEP PHU"", ""receiver"": ""MM AN PHU"", ""quantity"": 5.933907711219501}, {""donor"": ""MM DA NANG"", ""receiver"": ""MM BIEN HOA"", ""quantity"": 15.42069938445026}]","[-12636.0947265625, 21.35460662841797, 2.0, 21.35460662841797, 21.35460662841797, 0.5, 0.5, 0.5600823163986206, 6318.04736328125, 0.10000000149011612, 8.748296737670898, 16.812763214111328]",,e5b85ca51003,"[57, 58, 55, 56]","[[5.933907508850098, 1.0, 5.933907508850098], [5.933907508850098, 0.06666414439678192, 0.0], [15.420699119567871, 1.0, 12644.9736328125], [15.420699119567871, 0.2788017690181732, 0.0]]",0.0,0.02510153032181527,0.050338434406050896,-12634.094639,0.1,False,False,True,34,teacher_full_batch_no_gnn_prefilter,34,False,False,teacher_rmp,True,1.0,1,12634.094639,21035032292.3141,588281.6059417725
base_c__normal_global__seed53710185,0,2,0,PRICED_E2_shortage_ratio_OREO CHOCOLATE 110.4/105G_T5_1,OREO CHOCOLATE 110.4/105G,5,"[{""donor"": ""MM BINH PHU"", ""receiver"": ""MM AN PHU"", ""quantity"": 4.626468155980698}]","[-237.06983947753906, 4.626468181610107, 1.0, 4.626468181610107, 4.626468181610107, 0.9694840908050537, 1.0, 1.0, 237.06983947753906, 0.10000000149011612, 6.798150062561035, 4.775880813598633]","[[820.0, 427.4595642089844, 4.626468181610107, 422.8330993652344, 1.0, 1.0, 0.0], [-767.7256469726562, 4.626468181610107, 4.626468181610107, 0.0, 0.17773139476776123, 0.0, 1.0], [820.0, 7.654911518096924, 4.626468181610107, 3.0284433364868164, 1.0, 1.0, 0.0], [820.0, 455.6986083984375, 3.0, 452.6986083984375, 1.0, 1.0, 0.0], [0.0, 3.0, 3.0, 0.0, 0.25, 0.0, 1.0], [1.0, 38.65599822998047, 38.65599822998047, 0.0, 1.0, 1.0, 0.0], [0.0, 40.79999923706055, 40.79999923706055, 0.0, 0.023923445492982864, 0.0, 1.0], [0.0, 14.024177551269531, 14.024177551269531, 0.0, 0.06655938178300858, 0.0, 1.0], [0.0, 15.294381141662598, 15.294381141662598, 0.0, 0.061370849609375, 0.0, 1.0]]",e95185601f4e,"[0, 1]","[[4.626468181610107, 0.010823171585798264, 3793.703857421875], [4.626468181610107, 1.0, -3551.858154296875]]",0.0,0.038955684390521945,0.09651894796840649,-237.06984,0.1,False,False,True,6,teacher_full_batch_no_gnn_prefilter,6,False,False,teacher_rmp,True,1.0,1,237.06984,21035031892.69369,399.6204071044922
base_c__normal_global__seed53710185,0,2,1,PRICED_E2_shortage_ratio_OREO CHOCOLATE 110.4/105G_T5_2,OREO CHOCOLATE 110.4/105G,5,"[{""donor"": ""MM BINH PHU"", ""receiver"": ""MM DA NANG"", ""quantity"": 4.626468155980698}]","[-237.06983947753906, 4.626468181610107, 1.0, 4.626468181610107, 4.626468181610107, 0.017361443489789963, 1.0, 0.8100387454032898, 237.06983947753906, 0.10000000149011612, 6.798150062561035, 4.775880813598633]",,e95185601f4e,"[2, 1]","[[4.626468181610107, 0.6043790578842163, 3793.703857421875], [4.626468181610107, 1.0, -3551.858154296875]]",0.0,0.038955684390521945,0.09651894796840649,-237.06984,0.1,False,False,True,6,teacher_full_batch_no_gnn_prefilter,6,False,False,teacher_rmp,True,1.0,1,237.06984,21035031892.69369,399.6204071044922
base_c__normal_global__seed53710185,0,2,2,PRICED_E2_shortage_ratio_OREO CHOCOLATE 110.4/105G_T6_1,OREO CHOCOLATE 110.4/105G,6,"[{""donor"": ""MM DA NANG"", ""receiver"": ""MM AN PHU"", ""quantity"": 3.0}]","[-2456.199951171875, 3.0, 1.0, 3.0, 3.0, 0.95308917760849, 1.0, 0.914719820022583, 2456.199951171875, 0.10000000149011612, 5.75, 3.799999952316284]",,e95185601f4e,"[3, 4]","[[3.0, 0.006583298556506634, 2460.0], [3.0, 1.0, 0.0]]",0.0,0.31,1.0,-2456.2,0.1,False,False,True,6,teacher_full_batch_no_gnn_prefilter,6,False,False,teacher_rmp,True,0.055638873260355874,1,136.6602005020861,21035031892.69369,399.6204071044922
base_c__normal_global__seed53710185,0,2,3,PRICED_E2_shortage_ratio_OREO VANILLA 110.4/105G_T5_1,OREO VANILLA 110.4/105G,5,"[{""donor"": ""MM BINH PHU"", ""receiver"": ""MM DA NANG"", ""quantity"": 38.656000000000034}]","[-13.462400436401367, 38.65599822998047, 1.0, 38.65599822998047, 38.65599822998047, 1.0, 0.5496281981468201, 0.5781421661376953, 13.462400436401367, 0.10000000149011612, 17.7061767578125, 25.193599700927734]",,e95185601f4e,"[5, 6]","[[38.65599822998047, 1.0, 38.65599822998047], [38.65599822998047, 0.9474509954452515, 0.0]]",0.0,0.011644296067095515,0.005480986890318378,-13.4624,0.1,False,False,True,6,teacher_full_batch_no_gnn_prefilter,6,False,False,teacher_rmp,True,1.0,1,13.4624,21035031892.69369,399.6204071044922
base_c__normal_global__seed53710185,0,2,4,PRICED_E2_shortage_ratio_OREO VANILLA 110.4/105G_T5_3,OREO VANILLA 110.4/105G,5,"[{""donor"": ""MM BINH DUONG"", ""receiver"": ""MM DA NANG"", ""quantity"": 14.024177426469528}, {""donor"": ""MM BINH PHU"", ""receiver"": ""MM DA NANG"", ""quantity"": 24.631822573530506}]","[-13.462400436401367, 38.65599822998047, 2.0, 38.65599822998047, 38.65599822998047, 1.0, 0.36927589774131775, 0.5781421661376953, 6.731200218200684, 0.10000000149011612, 17.7061767578125, 27.193599700927734]",,e95185601f4e,"[5, 7, 5, 6]","[[14.024177551269531, 0.36279433965682983, 14.024177551269531], [14.024177551269531, 1.0, 0.0], [24.63182258605957, 0.6372056603431702, 24.63182258605957], [24.63182258605957, 0.6037211418151855, 0.0]]",0.0,0.011400016285318787,0.004666720951062618,-11.4624,0.1,False,False,True,6,teacher_full_batch_no_gnn_prefilter,6,False,False,teacher_rmp,False,0.0,0,0.0,21035031892.69369,399.6204071044922
base_c__normal_global__seed53710185,0,2,5,PRICED_E2_shortage_ratio_OREO VANILLA 110.4/105G_T5_2,OREO VANILLA 110.4/105G,5,"[{""donor"": ""MM BIEN HOA"", ""receiver"": ""MM DA NANG"", ""quantity"": 15.294381314783763}, {""donor"": ""MM BINH DUONG"", ""receiver"": ""MM DA NANG"", ""quantity"": 14.024177426469528}, {""donor"": ""MM BINH PHU"", ""receiver"": ""MM DA NANG"", ""quantity"": 9.337441258746743}]","[-13.462400436401367, 38.65599822998047, 3.0, 38.65599822998047, 38.65599822998047, 1.0, 0.3148622214794159, 0.5781421661376953, 4.487466812133789, 0.10000000149011612, 17.7061767578125, 29.193599700927734]",,e95185601f4e,"[5, 8, 5, 7, 5, 6]","[[15.294381141662598, 0.39565348625183105, 15.294381141662598], [15.294381141662598, 1.0, 0.0], [14.024177551269531, 0.36279433965682983, 14.024177551269531], [14.024177551269531, 1.0, 0.0], [9.337441444396973, 0.2415521889925003, 9.337441444396973], [9.337441444396973, 0.2288588583469391, 0.0]]",0.0,0.011155736503542058,0.0038524550118068566,-9.4624,0.1,False,False,True,6,teacher_full_batch_no_gnn_prefilter,6,False,False,teacher_rmp,False,0.0,0,0.0,21035031892.69369,399.6204071044922
base_c__normal_global__seed53710185,0,3,0,PRICED_E3_shortage_ratio_OREO CHOCOLATE 110.4/105G_T5_1,OREO CHOCOLATE 110.4/105G,5,"[{""donor"": ""MM BINH PHU"", ""receiver"": ""MM AN PHU"", ""quantity"": 4.324149690526969}]","[-1.0279383659362793, 4.3241496086120605, 1.0, 4.3241496086120605, 4.3241496086120605, 0.9654293060302734, 1.0, 1.0, 1.0279383659362793, 0.10000000149011612, 6.606666088104248, 4.594490051269531]","[[820.0, 425.3798828125, 4.3241496086120605, 421.05572509765625, 1.0, 1.0, 0.0], [-818.6997680664062, 4.3241496086120605, 4.3241496086120605, 0.0, 0.18782341480255127, 0.0, 1.0], [820.0, 9.432266235351562, 4.3241496086120605, 5.108116626739502, 1.0, 1.0, 0.0], [0.9143378734588623, 7.433661937713623, 7.433661937713623, 0.0, 1.0, 1.0, 0.0], [0.0, 43.0, 7.433661937713623, 35.56633758544922, 0.022727273404598236, 0.0, 1.0], [0.0, 43.42237091064453, 7.433661937713623, 35.98870849609375, 0.022511180490255356, 0.0, 1.0], [0.0, 16.3663387298584, 7.433661937713623, 8.9326753616333, 0.05758266523480415, 0.0, 1.0]]",954bc407972d,"[0, 1]","[[4.3241496086120605, 0.010165384039282799, 3545.802734375], [4.3241496086120605, 1.0, -3540.180419921875]]",0.0,0.31,1.0,-1.027938,0.1,False,False,True,5,teacher_full_batch_no_gnn_prefilter,5,False,False,teacher_rmp,True,0.09290464465722643,1,0.09550021461966003,21035031892.3682,0.32549285888671875
base_c__normal_global__seed53710185,0,3,1,PRICED_E3_shortage_ratio_OREO CHOCOLATE 110.4/105G_T5_2,OREO CHOCOLATE 110.4/105G,5,"[{""donor"": ""MM BINH PHU"", ""receiver"": ""MM DA NANG"", ""quantity"": 4.324149690526969}]","[-1.0279383659362793, 4.3241496086120605, 1.0, 4.3241496086120605, 4.3241496086120605, 0.02140718512237072, 1.0, 0.9462766647338867, 1.0279383659362793, 0.10000000149011612, 6.606666088104248, 4.594490051269531]",,954bc407972d,"[2, 1]","[[4.3241496086120605, 0.4584422707557678, 3545.802734375], [4.3241496086120605, 1.0, -3540.180419921875]]",0.0,0.31,1.0,-1.027938,0.1,False,False,True,5,teacher_full_batch_no_gnn_prefilter,5,False,False,teacher_rmp,False,0.0,0,0.0,21035031892.3682,0.32549285888671875
base_c__normal_global__seed53710185,0,3,2,PRICED_E3_shortage_ratio_OREO VANILLA 110.4/105G_T6_1,OREO VANILLA 110.4/105G,6,"[{""donor"": ""MM BIEN HOA"", ""receiver"": ""MM AN PHU"", ""quantity"": 7.433662091433034}]","[-0.3366814851760864, 7.433661937713623, 1.0, 7.433661937713623, 7.433661937713623, 0.5941360592842102, 0.14079909026622772, 0.6647068858146667, 0.3366814851760864, 0.10000000149011612, 6.875903129577637, 6.4601969718933105]",,954bc407972d,"[3, 4]","[[7.433661937713623, 1.0, 6.796878814697266], [7.433661937713623, 0.17287586629390717, 0.0]]",0.0,0.10825913625140815,0.3275304541713605,-0.336681,0.1,False,False,True,5,teacher_full_batch_no_gnn_prefilter,5,False,False,teacher_rmp,True,0.6831161153571282,1,0.2299922168345533,21035031892.3682,0.32549285888671875
base_c__normal_global__seed53710185,0,3,3,PRICED_E3_shortage_ratio_OREO VANILLA 110.4/105G_T6_2,OREO VANILLA 110.4/105G,6,"[{""donor"": ""MM BINH DUONG"", ""receiver"": ""MM AN PHU"", ""quantity"": 7.433662091433034}]","[-0.3366814851760864, 7.433661937713623, 1.0, 7.433661937713623, 7.433661937713623, 0.5941360592842102, 0.1421820968389511, 0.6647068858146667, 0.3366814851760864, 0.10000000149011612, 6.875903129577637, 6.4601969718933105]",,954bc407972d,"[3, 5]","[[7.433661937713623, 1.0, 6.796878814697266], [7.433661937713623, 0.17119430005550385, 0.0]]",0.0,0.10825913625140815,0.3275304541713605,-0.336681,0.1,False,False,True,5,teacher_full_batch_no_gnn_prefilter,5,False,False,teacher_rmp,False,0.0,0,0.0,21035031892.3682,0.32549285888671875
base_c__normal_global__seed53710185,0,3,4,PRICED_E3_shortage_ratio_OREO VANILLA 110.4/105G_T6_3,OREO VANILLA 110.4/105G,6,"[{""donor"": ""MM BINH PHU"", ""receiver"": ""MM AN PHU"", ""quantity"": 7.433662091433034}]","[-0.3366814851760864, 7.433661937713623, 1.0, 7.433661937713623, 7.433661937713623, 0.5941360592842102, 0.05358989164233208, 0.6647068858146667, 0.3366814851760864, 0.10000000149011612, 6.875903129577637, 6.4601969718933105]",,954bc407972d,"[3, 6]","[[7.433661937713623, 1.0, 6.796878814697266], [7.433661937713623, 0.45420435070991516, 0.0]]",0.0,0.10825913625140815,0.3275304541713605,-0.336681,0.1,False,False,True,5,teacher_full_batch_no_gnn_prefilter,5,False,False,teacher_rmp,False,0.0,0,0.0,21035031892.3682,0.32549285888671875
base_c__normal_global__seed53710185,6,1,0,PRICED_E1_shortage_ratio_OREO CHOCOLATE 110.4/105G_T2_1,OREO CHOCOLATE 110.4/105G,2,"[{""donor"": ""MM HIEP PHU"", ""receiver"": ""MM AN PHU"", ""quantity"": 7.588336242526282}]","[-1.0353344678878784, 7.58833646774292, 1.0, 7.58833646774292, 7.58833646774292, 1.0, 0.2289954572916031, 1.0, 1.0353344678878784, 0.10000000149011612, 8.636565208435059, 6.553001880645752]","[[1.0, 78.02423095703125, 7.58833646774292, 70.4358901977539, 1.0, 1.0, 0.0], [0.0, 7.58833646774292, 7.58833646774292, 0.0, 0.11643698811531067, 0.0, 1.0]]",a6662811bca5,"[0, 1]","[[7.58833646774292, 0.09725615382194519, 7.58833646774292], [7.58833646774292, 1.0, 0.0]]",0.0,0.31,1.0,-1.035334,0.1,False,False,True,1,teacher_full_batch_no_gnn_prefilter,1,False,False,teacher_rmp,False,0.0,0,0.0,,
base_c__normal_global__seed53710185,8,1,0,PRICED_E1_shortage_ratio_OREO CHOCOLATE 110.4/105G_T2_1,OREO CHOCOLATE 110.4/105G,2,"[{""donor"": ""MM HIEP PHU"", ""receiver"": ""MM AN PHU"", ""quantity"": 7.588336242526282}]","[-1.0353344678878784, 7.58833646774292, 1.0, 7.58833646774292, 7.58833646774292, 1.0, 0.2289954572916031, 1.0, 1.0353344678878784, 0.10000000149011612, 8.636565208435059, 6.553001880645752]","[[1.0, 78.02423095703125, 7.58833646774292, 70.4358901977539, 1.0, 1.0, 0.0], [0.0, 7.58833646774292, 7.58833646774292, 0.0, 0.11643698811531067, 0.0, 1.0]]",a6662811bca5,"[0, 1]","[[7.58833646774292, 0.09725615382194519, 7.58833646774292], [7.58833646774292, 1.0, 0.0]]",0.0,0.31,1.0,-1.035334,0.1,False,False,True,1,teacher_full_batch_no_gnn_prefilter,1,False,False,teacher_rmp,False,0.0,0,0.0,,
base_c__normal_global__seed53710185,10,1,0,PRICED_E1_shortage_ratio_OREO CHOCOLATE 110.4/105G_T2_1,OREO CHOCOLATE 110.4/105G,2,"[{""donor"": ""MM HIEP PHU"", ""receiver"": ""MM AN PHU"", ""quantity"": 7.588336242526282}]","[-1.0353344678878784, 7.58833646774292, 1.0, 7.58833646774292, 7.58833646774292, 1.0, 0.2289954572916031, 1.0, 1.0353344678878784, 0.10000000149011612, 8.636565208435059, 6.553001880645752]","[[1.0, 78.02423095703125, 7.58833646774292, 70.4358901977539, 1.0, 1.0, 0.0], [0.0, 7.58833646774292, 7.58833646774292, 0.0, 0.11643698811531067, 0.0, 1.0]]",a6662811bca5,"[0, 1]","[[7.58833646774292, 0.09725615382194519, 7.58833646774292], [7.58833646774292, 1.0, 0.0]]",0.0,0.31,1.0,-1.035334,0.1,False,False,True,1,teacher_full_batch_no_gnn_prefilter,1,False,False,teacher_rmp,False,0.0,0,0.0,,
base_c__normal_global__seed53710185,12,1,0,PRICED_E1_shortage_ratio_OREO CHOCOLATE 110.4/105G_T2_1,OREO CHOCOLATE 110.4/105G,2,"[{""donor"": ""MM HIEP PHU"", ""receiver"": ""MM AN PHU"", ""quantity"": 7.588336242526282}]","[-1.0353344678878784, 7.58833646774292, 1.0, 7.58833646774292, 7.58833646774292, 1.0, 0.2289954572916031, 1.0, 1.0353344678878784, 0.10000000149011612, 8.636565208435059, 6.553001880645752]","[[1.0, 78.02423095703125, 7.58833646774292, 70.4358901977539, 1.0, 1.0, 0.0], [0.0, 7.58833646774292, 7.58833646774292, 0.0, 0.11643698811531067, 0.0, 1.0]]",a6662811bca5,"[0, 1]","[[7.58833646774292, 0.09725615382194519, 7.58833646774292], [7.58833646774292, 1.0, 0.0]]",0.0,0.31,1.0,-1.035334,0.1,False,False,True,1,teacher_full_batch_no_gnn_prefilter,1,False,False,teacher_rmp,False,0.0,0,0.0,,
base_c__normal_global__seed53710185,11,1,0,PRICED_E1_shortage_ratio_OREO CHOCOLATE 110.4/105G_T2_1,OREO CHOCOLATE 110.4/105G,2,"[{""donor"": ""MM HIEP PHU"", ""receiver"": ""MM AN PHU"", ""quantity"": 7.588336242526282}]","[-1.0353344678878784, 7.58833646774292, 1.0, 7.58833646774292, 7.58833646774292, 1.0, 0.2289954572916031, 1.0, 1.0353344678878784, 0.10000000149011612, 8.636565208435059, 6.553001880645752]","[[1.0, 78.02423095703125, 7.58833646774292, 70.4358901977539, 1.0, 1.0, 0.0], [0.0, 7.58833646774292, 7.58833646774292, 0.0, 0.11643698811531067, 0.0, 1.0]]",a6662811bca5,"[0, 1]","[[7.58833646774292, 0.09725615382194519, 7.58833646774292], [7.58833646774292, 1.0, 0.0]]",0.0,0.31,1.0,-1.035334,0.1,False,False,True,1,teacher_full_batch_no_gnn_prefilter,1,False,False,teacher_rmp,False,0.0,0,0.0,,
base_c__normal_global__seed53710185,9,1,0,PRICED_E1_shortage_ratio_OREO CHOCOLATE 110.4/105G_T2_1,OREO CHOCOLATE 110.4/105G,2,"[{""donor"": ""MM HIEP PHU"", ""receiver"": ""MM AN PHU"", ""quantity"": 7.588336242526282}]","[-1.0353344678878784, 7.58833646774292, 1.0, 7.58833646774292, 7.58833646774292, 1.0, 0.2289954572916031, 1.0, 1.0353344678878784, 0.10000000149011612, 8.636565208435059, 6.553001880645752]","[[1.0, 78.02423095703125, 7.58833646774292, 70.4358901977539, 1.0, 1.0, 0.0], [0.0, 7.58833646774292, 7.58833646774292, 0.0, 0.11643698811531067, 0.0, 1.0]]",a6662811bca5,"[0, 1]","[[7.58833646774292, 0.09725615382194519, 7.58833646774292], [7.58833646774292, 1.0, 0.0]]",0.0,0.31,1.0,-1.035334,0.1,False,False,True,1,teacher_full_batch_no_gnn_prefilter,1,False,False,teacher_rmp,False,0.0,0,0.0,,
base_c__normal_global__seed53710185,14,1,0,PRICED_E1_shortage_ratio_OREO CHOCOLATE 110.4/105G_T2_1,OREO CHOCOLATE 110.4/105G,2,"[{""donor"": ""MM HIEP PHU"", ""receiver"": ""MM AN PHU"", ""quantity"": 7.588336242526282}]","[-1.0353344678878784, 7.58833646774292, 1.0, 7.58833646774292, 7.58833646774292, 1.0, 0.2289954572916031, 1.0, 1.0353344678878784, 0.10000000149011612, 8.636565208435059, 6.553001880645752]","[[1.0, 78.02423095703125, 7.58833646774292, 70.4358901977539, 1.0, 1.0, 0.0], [0.0, 7.58833646774292, 7.58833646774292, 0.0, 0.11643698811531067, 0.0, 1.0]]",a6662811bca5,"[0, 1]","[[7.58833646774292, 0.09725615382194519, 7.58833646774292], [7.58833646774292, 1.0, 0.0]]",0.0,0.31,1.0,-1.035334,0.1,False,False,True,1,teacher_full_batch_no_gnn_prefilter,1,False,False,teacher_rmp,False,0.0,0,0.0,,
base_c__normal_global__seed53710185,13,1,0,PRICED_E1_shortage_ratio_OREO CHOCOLATE 110.4/105G_T2_1,OREO CHOCOLATE 110.4/105G,2,"[{""donor"": ""MM HIEP PHU"", ""receiver"": ""MM AN PHU"", ""quantity"": 7.588336242526282}]","[-1.0353344678878784, 7.58833646774292, 1.0, 7.58833646774292, 7.58833646774292, 1.0, 0.2289954572916031, 1.0, 1.0353344678878784, 0.10000000149011612, 8.636565208435059, 6.553001880645752]","[[1.0, 78.02423095703125, 7.58833646774292, 70.4358901977539, 1.0, 1.0, 0.0], [0.0, 7.58833646774292, 7.58833646774292, 0.0, 0.11643698811531067, 0.0, 1.0]]",a6662811bca5,"[0, 1]","[[7.58833646774292, 0.09725615382194519, 7.58833646774292], [7.58833646774292, 1.0, 0.0]]",0.0,0.31,1.0,-1.035334,0.1,False,False,True,1,teacher_full_batch_no_gnn_prefilter,1,False,False,teacher_rmp,False,0.0,0,0.0,,
base_c__normal_global__seed53710185,7,1,0,PRICED_E1_shortage_ratio_OREO CHOCOLATE 110.4/105G_T2_1,OREO CHOCOLATE 110.4/105G,2,"[{""donor"": ""MM HIEP PHU"", ""receiver"": ""MM AN PHU"", ""quantity"": 7.588336242526282}]","[-1.0353344678878784, 7.58833646774292, 1.0, 7.58833646774292, 7.58833646774292, 1.0, 0.2289954572916031, 1.0, 1.0353344678878784, 0.10000000149011612, 8.636565208435059, 6.553001880645752]","[[1.0, 78.02423095703125, 7.58833646774292, 70.4358901977539, 1.0, 1.0, 0.0], [0.0, 7.58833646774292, 7.58833646774292, 0.0, 0.11643698811531067, 0.0, 1.0]]",a6662811bca5,"[0, 1]","[[7.58833646774292, 0.09725615382194519, 7.58833646774292], [7.58833646774292, 1.0, 0.0]]",0.0,0.31,1.0,-1.035334,0.1,False,False,True,1,teacher_full_batch_no_gnn_prefilter,1,False,False,teacher_rmp,False,0.0,0,0.0,,
base_c__normal_global__seed53710185,16,1,0,PRICED_E1_shortage_ratio_OREO CHOCOLATE 110.4/105G_T2_1,OREO CHOCOLATE 110.4/105G,2,"[{""donor"": ""MM HIEP PHU"", ""receiver"": ""MM AN PHU"", ""quantity"": 7.588336242526282}]","[-1.0353344678878784, 7.58833646774292, 1.0, 7.58833646774292, 7.58833646774292, 1.0, 0.2289954572916031, 1.0, 1.0353344678878784, 0.10000000149011612, 8.636565208435059, 6.553001880645752]","[[1.0, 78.02423095703125, 7.58833646774292, 70.4358901977539, 1.0, 1.0, 0.0], [0.0, 7.58833646774292, 7.58833646774292, 0.0, 0.11643698811531067, 0.0, 1.0]]",a6662811bca5,"[0, 1]","[[7.58833646774292, 0.09725615382194519, 7.58833646774292], [7.58833646774292, 1.0, 0.0]]",0.0,0.31,1.0,-1.035334,0.1,False,False,True,1,teacher_full_batch_no_gnn_prefilter,1,False,False,teacher_rmp,False,0.0,0,0.0,,
base_c__normal_global__seed53710185,18,1,0,PRICED_E1_shortage_ratio_OREO CHOCOLATE 110.4/105G_T2_1,OREO CHOCOLATE 110.4/105G,2,"[{""donor"": ""MM HIEP PHU"", ""receiver"": ""MM AN PHU"", ""quantity"": 7.588336242526282}]","[-1.0353344678878784, 7.58833646774292, 1.0, 7.58833646774292, 7.58833646774292, 1.0, 0.2289954572916031, 1.0, 1.0353344678878784, 0.10000000149011612, 8.636565208435059, 6.553001880645752]","[[1.0, 78.02423095703125, 7.58833646774292, 70.4358901977539, 1.0, 1.0, 0.0], [0.0, 7.58833646774292, 7.58833646774292, 0.0, 0.11643698811531067, 0.0, 1.0]]",a6662811bca5,"[0, 1]","[[7.58833646774292, 0.09725615382194519, 7.58833646774292], [7.58833646774292, 1.0, 0.0]]",0.0,0.31,1.0,-1.035334,0.1,False,False,True,1,teacher_full_batch_no_gnn_prefilter,1,False,False,teacher_rmp,False,0.0,0,0.0,,
base_c__normal_global__seed53710185,17,1,0,PRICED_E1_shortage_ratio_OREO CHOCOLATE 110.4/105G_T2_1,OREO CHOCOLATE 110.4/105G,2,"[{""donor"": ""MM HIEP PHU"", ""receiver"": ""MM AN PHU"", ""quantity"": 7.588336242526282}]","[-1.0353344678878784, 7.58833646774292, 1.0, 7.58833646774292, 7.58833646774292, 1.0, 0.2289954572916031, 1.0, 1.0353344678878784, 0.10000000149011612, 8.636565208435059, 6.553001880645752]","[[1.0, 78.02423095703125, 7.58833646774292, 70.4358901977539, 1.0, 1.0, 0.0], [0.0, 7.58833646774292, 7.58833646774292, 0.0, 0.11643698811531067, 0.0, 1.0]]",a6662811bca5,"[0, 1]","[[7.58833646774292, 0.09725615382194519, 7.58833646774292], [7.58833646774292, 1.0, 0.0]]",0.0,0.31,1.0,-1.035334,0.1,False,False,True,1,teacher_full_batch_no_gnn_prefilter,1,False,False,teacher_rmp,False,0.0,0,0.0,,
