episode,stage,product,period,feature_name,donor_store,receiver_store,qty_cap,reduced_cost_proxy,stackelberg_accepted,acceptance_score,compensation,pattern_id,pattern_reduced_cost,gnn_score,gnn_combined_score,gnn_selected,gnn_selected_by_fallback,adaptive_k_star,duplicate_id_reject,duplicate_signature_reject,empty_flow_reject,added_to_pool,signature
1,after_stackelberg,OREO CHOCOLATE 110.4/105G,2,shortage_ratio,MM BINH PHU,MM AN PHU,28.916447943281312,-9.566579177312526,False,0.0,21.516442337741214,,,,,,,,False,False,False,False,
1,after_stackelberg,OREO CHOCOLATE 110.4/105G,2,shortage_ratio,MM HIEP PHU,MM AN PHU,55.48989529073056,-20.195958116292225,False,0.0,37.47623489344006,,,,,,,,False,False,False,False,
1,after_stackelberg,OREO CHOCOLATE 110.4/105G,2,shortage_ratio,MM AN PHU,MM DA NANG,16.342590526997224,-4.53703621079889,False,0.0,13.352354127245396,,,,,,,,False,False,False,False,
1,after_stackelberg,OREO CHOCOLATE 110.4/105G,2,shortage_ratio,MM BINH PHU,MM DA NANG,16.342590526997224,-4.53703621079889,False,0.0,13.03002783381506,,,,,,,,False,False,False,False,
1,after_stackelberg,OREO CHOCOLATE 110.4/105G,2,shortage_ratio,MM HIEP PHU,MM DA NANG,16.342590526997224,-4.53703621079889,False,0.0,12.448273100272212,,,,,,,,False,False,False,False,
1,stackelberg_pricing_fallback,OREO CHOCOLATE 110.4/105G,2,shortage_ratio,MM HIEP PHU,MM AN PHU,55.48989529073056,-20.195958116292225,False,0.1,37.47623489344006,,,,,,,,False,False,False,False,
1,stackelberg_pricing_fallback,OREO CHOCOLATE 110.4/105G,2,shortage_ratio,MM BINH PHU,MM AN PHU,28.916447943281312,-9.566579177312526,False,0.1,21.516442337741214,,,,,,,,False,False,False,False,
1,stackelberg_pricing_fallback,OREO CHOCOLATE 110.4/105G,2,shortage_ratio,MM AN PHU,MM DA NANG,16.342590526997224,-4.53703621079889,False,0.1,13.352354127245396,,,,,,,,False,False,False,False,
1,stackelberg_pricing_fallback,OREO CHOCOLATE 110.4/105G,2,shortage_ratio,MM BINH PHU,MM DA NANG,16.342590526997224,-4.53703621079889,False,0.1,13.03002783381506,,,,,,,,False,False,False,False,
1,stackelberg_pricing_fallback,OREO CHOCOLATE 110.4/105G,2,shortage_ratio,MM HIEP PHU,MM DA NANG,16.342590526997224,-4.53703621079889,False,0.1,12.448273100272212,,,,,,,,False,False,False,False,
1,after_stackelberg,OREO CHOCOLATE 110.4/105G,2,surplus_ratio,MM HIEP PHU,MM AN PHU,55.48989529073056,-20.195958116292225,False,0.0,37.47623489344006,,,,,,,,False,False,False,False,
1,after_stackelberg,OREO CHOCOLATE 110.4/105G,2,surplus_ratio,MM HIEP PHU,MM DA NANG,16.342590526997224,-4.53703621079889,False,0.0,12.448273100272212,,,,,,,,False,False,False,False,
1,after_stackelberg,OREO CHOCOLATE 110.4/105G,2,surplus_ratio,MM BINH PHU,MM AN PHU,28.916447943281312,-9.566579177312526,False,0.0,21.516442337741214,,,,,,,,False,False,False,False,
1,after_stackelberg,OREO CHOCOLATE 110.4/105G,2,surplus_ratio,MM BINH PHU,MM DA NANG,16.342590526997224,-4.53703621079889,False,0.0,13.03002783381506,,,,,,,,False,False,False,False,
1,after_stackelberg,OREO CHOCOLATE 110.4/105G,2,surplus_ratio,MM AN PHU,MM DA NANG,16.342590526997224,-4.53703621079889,False,0.0,13.352354127245396,,,,,,,,False,False,False,False,
1,stackelberg_pricing_fallback,OREO CHOCOLATE 110.4/105G,2,surplus_ratio,MM HIEP PHU,MM AN PHU,55.48989529073056,-20.195958116292225,False,0.1,37.47623489344006,,,,,,,,False,False,False,False,
1,stackelberg_pricing_fallback,OREO CHOCOLATE 110.4/105G,2,surplus_ratio,MM BINH PHU,MM AN PHU,28.916447943281312,-9.566579177312526,False,0.1,21.516442337741214,,,,,,,,False,False,False,False,
1,stackelberg_pricing_fallback,OREO CHOCOLATE 110.4/105G,2,surplus_ratio,MM HIEP PHU,MM DA NANG,16.342590526997224,-4.53703621079889,False,0.1,12.448273100272212,,,,,,,,False,False,False,False,
1,stackelberg_pricing_fallback,OREO CHOCOLATE 110.4/105G,2,surplus_ratio,MM BINH PHU,MM DA NANG,16.342590526997224,-4.53703621079889,False,0.1,13.03002783381506,,,,,,,,False,False,False,False,
1,stackelberg_pricing_fallback,OREO CHOCOLATE 110.4/105G,2,surplus_ratio,MM AN PHU,MM DA NANG,16.342590526997224,-4.53703621079889,False,0.1,13.352354127245396,,,,,,,,False,False,False,False,
1,after_stackelberg,OREO CHOCOLATE 110.4/105G,2,time_urgency,MM BINH PHU,MM AN PHU,28.916447943281312,-9.566579177312526,False,0.0,21.516442337741214,,,,,,,,False,False,False,False,
1,after_stackelberg,OREO CHOCOLATE 110.4/105G,2,time_urgency,MM HIEP PHU,MM AN PHU,55.48989529073056,-20.195958116292225,False,0.0,37.47623489344006,,,,,,,,False,False,False,False,
1,after_stackelberg,OREO CHOCOLATE 110.4/105G,2,time_urgency,MM AN PHU,MM DA NANG,16.342590526997224,-4.53703621079889,False,0.0,13.352354127245396,,,,,,,,False,False,False,False,
1,after_stackelberg,OREO CHOCOLATE 110.4/105G,2,time_urgency,MM BINH PHU,MM DA NANG,16.342590526997224,-4.53703621079889,False,0.0,13.03002783381506,,,,,,,,False,False,False,False,
1,after_stackelberg,OREO CHOCOLATE 110.4/105G,2,time_urgency,MM HIEP PHU,MM DA NANG,16.342590526997224,-4.53703621079889,False,0.0,12.448273100272212,,,,,,,,False,False,False,False,
1,stackelberg_pricing_fallback,OREO CHOCOLATE 110.4/105G,2,time_urgency,MM HIEP PHU,MM AN PHU,55.48989529073056,-20.195958116292225,False,0.1,37.47623489344006,,,,,,,,False,False,False,False,
1,stackelberg_pricing_fallback,OREO CHOCOLATE 110.4/105G,2,time_urgency,MM BINH PHU,MM AN PHU,28.916447943281312,-9.566579177312526,False,0.1,21.516442337741214,,,,,,,,False,False,False,False,
1,stackelberg_pricing_fallback,OREO CHOCOLATE 110.4/105G,2,time_urgency,MM AN PHU,MM DA NANG,16.342590526997224,-4.53703621079889,False,0.1,13.352354127245396,,,,,,,,False,False,False,False,
1,stackelberg_pricing_fallback,OREO CHOCOLATE 110.4/105G,2,time_urgency,MM BINH PHU,MM DA NANG,16.342590526997224,-4.53703621079889,False,0.1,13.03002783381506,,,,,,,,False,False,False,False,
1,stackelberg_pricing_fallback,OREO CHOCOLATE 110.4/105G,2,time_urgency,MM HIEP PHU,MM DA NANG,16.342590526997224,-4.53703621079889,False,0.1,12.448273100272212,,,,,,,,False,False,False,False,
1,after_stackelberg,OREO CHOCOLATE 110.4/105G,2,negative_reduced_cost,MM HIEP PHU,MM AN PHU,55.48989529073056,-20.195958116292225,False,0.0,37.47623489344006,,,,,,,,False,False,False,False,
1,after_stackelberg,OREO CHOCOLATE 110.4/105G,2,negative_reduced_cost,MM BINH PHU,MM AN PHU,28.916447943281312,-9.566579177312526,False,0.0,21.516442337741214,,,,,,,,False,False,False,False,
1,after_stackelberg,OREO CHOCOLATE 110.4/105G,2,negative_reduced_cost,MM AN PHU,MM DA NANG,16.342590526997224,-4.53703621079889,False,0.0,13.352354127245396,,,,,,,,False,False,False,False,
1,after_stackelberg,OREO CHOCOLATE 110.4/105G,2,negative_reduced_cost,MM BINH PHU,MM DA NANG,16.342590526997224,-4.53703621079889,False,0.0,13.03002783381506,,,,,,,,False,False,False,False,
1,after_stackelberg,OREO CHOCOLATE 110.4/105G,2,negative_reduced_cost,MM HIEP PHU,MM DA NANG,16.342590526997224,-4.53703621079889,False,0.0,12.448273100272212,,,,,,,,False,False,False,False,
1,stackelberg_pricing_fallback,OREO CHOCOLATE 110.4/105G,2,negative_reduced_cost,MM HIEP PHU,MM AN PHU,55.48989529073056,-20.195958116292225,False,0.1,37.47623489344006,,,,,,,,False,False,False,False,
1,stackelberg_pricing_fallback,OREO CHOCOLATE 110.4/105G,2,negative_reduced_cost,MM BINH PHU,MM AN PHU,28.916447943281312,-9.566579177312526,False,0.1,21.516442337741214,,,,,,,,False,False,False,False,
1,stackelberg_pricing_fallback,OREO CHOCOLATE 110.4/105G,2,negative_reduced_cost,MM AN PHU,MM DA NANG,16.342590526997224,-4.53703621079889,False,0.1,13.352354127245396,,,,,,,,False,False,False,False,
1,stackelberg_pricing_fallback,OREO CHOCOLATE 110.4/105G,2,negative_reduced_cost,MM BINH PHU,MM DA NANG,16.342590526997224,-4.53703621079889,False,0.1,13.03002783381506,,,,,,,,False,False,False,False,
1,stackelberg_pricing_fallback,OREO CHOCOLATE 110.4/105G,2,negative_reduced_cost,MM HIEP PHU,MM DA NANG,16.342590526997224,-4.53703621079889,False,0.1,12.448273100272212,,,,,,,,False,False,False,False,
1,after_stackelberg,OREO CHOCOLATE 110.4/105G,3,shortage_ratio,MM HIEP PHU,MM AN PHU,38.73021646008189,-31733.539367391102,False,0.0,27.412960116377555,,,,,,,,False,False,False,False,
1,after_stackelberg,OREO CHOCOLATE 110.4/105G,3,shortage_ratio,MM HIEP PHU,MM DA NANG,3.1870157037483313,0.7251937185006674,False,0.0,4.091170935052761,,,,,,,,False,False,False,False,
1,stackelberg_pricing_fallback,OREO CHOCOLATE 110.4/105G,3,shortage_ratio,MM HIEP PHU,MM AN PHU,38.73021646008189,-31733.539367391102,False,0.1,27.412960116377555,,,,,,,,False,False,False,False,
1,after_stackelberg,OREO CHOCOLATE 110.4/105G,3,surplus_ratio,MM HIEP PHU,MM AN PHU,38.73021646008189,-31733.539367391102,False,0.0,27.412960116377555,,,,,,,,False,False,False,False,
1,after_stackelberg,OREO CHOCOLATE 110.4/105G,3,surplus_ratio,MM HIEP PHU,MM DA NANG,3.1870157037483313,0.7251937185006674,False,0.0,4.091170935052761,,,,,,,,False,False,False,False,
1,stackelberg_pricing_fallback,OREO CHOCOLATE 110.4/105G,3,surplus_ratio,MM HIEP PHU,MM AN PHU,38.73021646008189,-31733.539367391102,False,0.1,27.412960116377555,,,,,,,,False,False,False,False,
1,after_stackelberg,OREO CHOCOLATE 110.4/105G,3,time_urgency,MM HIEP PHU,MM AN PHU,38.73021646008189,-31733.539367391102,False,0.0,27.412960116377555,,,,,,,,False,False,False,False,
1,after_stackelberg,OREO CHOCOLATE 110.4/105G,3,time_urgency,MM HIEP PHU,MM DA NANG,3.1870157037483313,0.7251937185006674,False,0.0,4.091170935052761,,,,,,,,False,False,False,False,
1,stackelberg_pricing_fallback,OREO CHOCOLATE 110.4/105G,3,time_urgency,MM HIEP PHU,MM AN PHU,38.73021646008189,-31733.539367391102,False,0.1,27.412960116377555,,,,,,,,False,False,False,False,
1,after_stackelberg,OREO CHOCOLATE 110.4/105G,3,negative_reduced_cost,MM HIEP PHU,MM AN PHU,38.73021646008189,-31733.539367391102,False,0.0,27.412960116377555,,,,,,,,False,False,False,False,
1,after_stackelberg,OREO CHOCOLATE 110.4/105G,3,negative_reduced_cost,MM HIEP PHU,MM DA NANG,3.1870157037483313,0.7251937185006674,False,0.0,4.091170935052761,,,,,,,,False,False,False,False,
1,stackelberg_pricing_fallback,OREO CHOCOLATE 110.4/105G,3,negative_reduced_cost,MM HIEP PHU,MM AN PHU,38.73021646008189,-31733.539367391102,False,0.1,27.412960116377555,,,,,,,,False,False,False,False,
1,after_stackelberg,OREO CHOCOLATE 110.4/105G,4,shortage_ratio,MM HIEP PHU,MM AN PHU,38.25257405240775,-31342.159178542912,False,0.0,27.12606839518102,,,,,,,,False,False,False,False,
1,stackelberg_pricing_fallback,OREO CHOCOLATE 110.4/105G,4,shortage_ratio,MM HIEP PHU,MM AN PHU,38.25257405240775,-31342.159178542912,False,0.1,27.12606839518102,,,,,,,,False,False,False,False,
1,after_stackelberg,OREO CHOCOLATE 110.4/105G,4,surplus_ratio,MM HIEP PHU,MM AN PHU,38.25257405240775,-31342.159178542912,False,0.0,27.12606839518102,,,,,,,,False,False,False,False,
1,stackelberg_pricing_fallback,OREO CHOCOLATE 110.4/105G,4,surplus_ratio,MM HIEP PHU,MM AN PHU,38.25257405240775,-31342.159178542912,False,0.1,27.12606839518102,,,,,,,,False,False,False,False,
1,after_stackelberg,OREO CHOCOLATE 110.4/105G,4,time_urgency,MM HIEP PHU,MM AN PHU,38.25257405240775,-31342.159178542912,False,0.0,27.12606839518102,,,,,,,,False,False,False,False,
1,stackelberg_pricing_fallback,OREO CHOCOLATE 110.4/105G,4,time_urgency,MM HIEP PHU,MM AN PHU,38.25257405240775,-31342.159178542912,False,0.1,27.12606839518102,,,,,,,,False,False,False,False,
1,after_stackelberg,OREO CHOCOLATE 110.4/105G,4,negative_reduced_cost,MM HIEP PHU,MM AN PHU,38.25257405240775,-31342.159178542912,False,0.0,27.12606839518102,,,,,,,,False,False,False,False,
1,stackelberg_pricing_fallback,OREO CHOCOLATE 110.4/105G,4,negative_reduced_cost,MM HIEP PHU,MM AN PHU,38.25257405240775,-31342.159178542912,False,0.1,27.12606839518102,,,,,,,,False,False,False,False,
1,after_stackelberg,OREO CHOCOLATE 110.4/105G,5,shortage_ratio,MM HIEP PHU,MM AN PHU,43.56716651493747,-35696.93624233976,False,0.0,30.317861865932194,,,,,,,,False,False,False,False,
1,after_stackelberg,OREO CHOCOLATE 110.4/105G,5,shortage_ratio,MM HIEP PHU,MM DA NANG,6.172263375145784,-5055.552609594455,False,0.0,6.0118583703992705,,,,,,,,False,False,False,False,
1,after_stackelberg,OREO CHOCOLATE 110.4/105G,5,shortage_ratio,MM HIEP PHU,MM BINH PHU,5.799999999999997,-0.3199999999999985,False,0.0,5.769893981195541,,,,,,,,False,False,False,False,
1,after_stackelberg,OREO CHOCOLATE 110.4/105G,5,shortage_ratio,MM BINH PHU,MM AN PHU,2.671209046494665,400.0075220061169,False,0.0,5.530335600094753,,,,,,,,False,False,False,False,
1,after_stackelberg,OREO CHOCOLATE 110.4/105G,5,shortage_ratio,MM BINH PHU,MM DA NANG,2.671209046494665,400.0075220061169,False,0.0,5.530335600094753,,,,,,,,False,False,False,False,
1,stackelberg_pricing_fallback,OREO CHOCOLATE 110.4/105G,5,shortage_ratio,MM HIEP PHU,MM AN PHU,43.56716651493747,-35696.93624233976,False,0.1,30.317861865932194,,,,,,,,False,False,False,False,
1,stackelberg_pricing_fallback,OREO CHOCOLATE 110.4/105G,5,shortage_ratio,MM HIEP PHU,MM DA NANG,6.172263375145784,-5055.552609594455,False,0.1,6.0118583703992705,,,,,,,,False,False,False,False,
1,stackelberg_pricing_fallback,OREO CHOCOLATE 110.4/105G,5,shortage_ratio,MM HIEP PHU,MM BINH PHU,5.799999999999997,-0.3199999999999985,False,0.1,5.769893981195541,,,,,,,,False,False,False,False,
1,after_stackelberg,OREO CHOCOLATE 110.4/105G,5,surplus_ratio,MM HIEP PHU,MM AN PHU,43.56716651493747,-35696.93624233976,False,0.0,30.317861865932194,,,,,,,,False,False,False,False,
1,after_stackelberg,OREO CHOCOLATE 110.4/105G,5,surplus_ratio,MM HIEP PHU,MM DA NANG,6.172263375145784,-5055.552609594455,False,0.0,6.0118583703992705,,,,,,,,False,False,False,False,
1,after_stackelberg,OREO CHOCOLATE 110.4/105G,5,surplus_ratio,MM HIEP PHU,MM BINH PHU,5.799999999999997,-0.3199999999999985,False,0.0,5.769893981195541,,,,,,,,False,False,False,False,
1,after_stackelberg,OREO CHOCOLATE 110.4/105G,5,surplus_ratio,MM BINH PHU,MM AN PHU,2.671209046494665,400.0075220061169,False,0.0,5.530335600094753,,,,,,,,False,False,False,False,
1,after_stackelberg,OREO CHOCOLATE 110.4/105G,5,surplus_ratio,MM BINH PHU,MM DA NANG,2.671209046494665,400.0075220061169,False,0.0,5.530335600094753,,,,,,,,False,False,False,False,
1,stackelberg_pricing_fallback,OREO CHOCOLATE 110.4/105G,5,surplus_ratio,MM HIEP PHU,MM AN PHU,43.56716651493747,-35696.93624233976,False,0.1,30.317861865932194,,,,,,,,False,False,False,False,
1,stackelberg_pricing_fallback,OREO CHOCOLATE 110.4/105G,5,surplus_ratio,MM HIEP PHU,MM DA NANG,6.172263375145784,-5055.552609594455,False,0.1,6.0118583703992705,,,,,,,,False,False,False,False,
1,stackelberg_pricing_fallback,OREO CHOCOLATE 110.4/105G,5,surplus_ratio,MM HIEP PHU,MM BINH PHU,5.799999999999997,-0.3199999999999985,False,0.1,5.769893981195541,,,,,,,,False,False,False,False,
1,after_stackelberg,OREO CHOCOLATE 110.4/105G,5,time_urgency,MM HIEP PHU,MM AN PHU,43.56716651493747,-35696.93624233976,False,0.0,30.317861865932194,,,,,,,,False,False,False,False,
1,after_stackelberg,OREO CHOCOLATE 110.4/105G,5,time_urgency,MM HIEP PHU,MM DA NANG,6.172263375145784,-5055.552609594455,False,0.0,6.0118583703992705,,,,,,,,False,False,False,False,
1,after_stackelberg,OREO CHOCOLATE 110.4/105G,5,time_urgency,MM HIEP PHU,MM BINH PHU,5.799999999999997,-0.3199999999999985,False,0.0,5.769893981195541,,,,,,,,False,False,False,False,
1,after_stackelberg,OREO CHOCOLATE 110.4/105G,5,time_urgency,MM BINH PHU,MM AN PHU,2.671209046494665,400.0075220061169,False,0.0,5.530335600094753,,,,,,,,False,False,False,False,
1,after_stackelberg,OREO CHOCOLATE 110.4/105G,5,time_urgency,MM BINH PHU,MM DA NANG,2.671209046494665,400.0075220061169,False,0.0,5.530335600094753,,,,,,,,False,False,False,False,
1,stackelberg_pricing_fallback,OREO CHOCOLATE 110.4/105G,5,time_urgency,MM HIEP PHU,MM AN PHU,43.56716651493747,-35696.93624233976,False,0.1,30.317861865932194,,,,,,,,False,False,False,False,
1,stackelberg_pricing_fallback,OREO CHOCOLATE 110.4/105G,5,time_urgency,MM HIEP PHU,MM DA NANG,6.172263375145784,-5055.552609594455,False,0.1,6.0118583703992705,,,,,,,,False,False,False,False,
1,stackelberg_pricing_fallback,OREO CHOCOLATE 110.4/105G,5,time_urgency,MM HIEP PHU,MM BINH PHU,5.799999999999997,-0.3199999999999985,False,0.1,5.769893981195541,,,,,,,,False,False,False,False,
1,after_stackelberg,OREO CHOCOLATE 110.4/105G,5,negative_reduced_cost,MM HIEP PHU,MM AN PHU,43.56716651493747,-35696.93624233976,False,0.0,30.317861865932194,,,,,,,,False,False,False,False,
1,after_stackelberg,OREO CHOCOLATE 110.4/105G,5,negative_reduced_cost,MM HIEP PHU,MM DA NANG,6.172263375145784,-5055.552609594455,False,0.0,6.0118583703992705,,,,,,,,False,False,False,False,
1,after_stackelberg,OREO CHOCOLATE 110.4/105G,5,negative_reduced_cost,MM HIEP PHU,MM BINH PHU,5.799999999999997,-0.3199999999999985,False,0.0,5.769893981195541,,,,,,,,False,False,False,False,
1,after_stackelberg,OREO CHOCOLATE 110.4/105G,5,negative_reduced_cost,MM BINH PHU,MM AN PHU,2.671209046494665,400.0075220061169,False,0.0,5.530335600094753,,,,,,,,False,False,False,False,
1,after_stackelberg,OREO CHOCOLATE 110.4/105G,5,negative_reduced_cost,MM BINH PHU,MM DA NANG,2.671209046494665,400.0075220061169,False,0.0,5.530335600094753,,,,,,,,False,False,False,False,
1,stackelberg_pricing_fallback,OREO CHOCOLATE 110.4/105G,5,negative_reduced_cost,MM HIEP PHU,MM AN PHU,43.56716651493747,-35696.93624233976,False,0.1,30.317861865932194,,,,,,,,False,False,False,False,
1,stackelberg_pricing_fallback,OREO CHOCOLATE 110.4/105G,5,negative_reduced_cost,MM HIEP PHU,MM DA NANG,6.172263375145784,-5055.552609594455,False,0.1,6.0118583703992705,,,,,,,,False,False,False,False,
1,stackelberg_pricing_fallback,OREO CHOCOLATE 110.4/105G,5,negative_reduced_cost,MM HIEP PHU,MM BINH PHU,5.799999999999997,-0.3199999999999985,False,0.1,5.769893981195541,,,,,,,,False,False,False,False,
1,after_stackelberg,OREO CHOCOLATE 110.4/105G,6,shortage_ratio,MM HIEP PHU,MM AN PHU,27.797845766872975,-22775.554821375717,False,0.0,20.84398264049334,,,,,,,,False,False,False,False,
1,after_stackelberg,OREO CHOCOLATE 110.4/105G,6,shortage_ratio,MM HIEP PHU,MM DA NANG,13.569417531974295,-3.427767012789719,False,0.0,11.198621740640514,,,,,,,,False,False,False,False,
1,after_stackelberg,OREO CHOCOLATE 110.4/105G,6,shortage_ratio,MM HIEP PHU,MM BINH PHU,10.84056563725549,-2.336226254902197,False,0.0,9.348750417379945,,,,,,,,False,False,False,False,
1,after_stackelberg,OREO CHOCOLATE 110.4/105G,6,shortage_ratio,MM DA NANG,MM AN PHU,3.0,2651.9905152406714,False,0.0,5.75,,,,,,,,False,False,False,False,
1,after_stackelberg,OREO CHOCOLATE 110.4/105G,6,shortage_ratio,MM DA NANG,MM BINH PHU,3.0,5108.990515240671,False,0.0,5.75,,,,,,,,False,False,False,False,
1,stackelberg_pricing_fallback,OREO CHOCOLATE 110.4/105G,6,shortage_ratio,MM HIEP PHU,MM AN PHU,27.797845766872975,-22775.554821375717,False,0.1,20.84398264049334,,,,,,,,False,False,False,False,
1,stackelberg_pricing_fallback,OREO CHOCOLATE 110.4/105G,6,shortage_ratio,MM HIEP PHU,MM DA NANG,13.569417531974295,-3.427767012789719,False,0.1,11.198621740640514,,,,,,,,False,False,False,False,
1,stackelberg_pricing_fallback,OREO CHOCOLATE 110.4/105G,6,shortage_ratio,MM HIEP PHU,MM BINH PHU,10.84056563725549,-2.336226254902197,False,0.1,9.348750417379945,,,,,,,,False,False,False,False,
1,after_stackelberg,OREO CHOCOLATE 110.4/105G,6,surplus_ratio,MM HIEP PHU,MM AN PHU,27.797845766872975,-22775.554821375717,False,0.0,20.84398264049334,,,,,,,,False,False,False,False,
1,after_stackelberg,OREO CHOCOLATE 110.4/105G,6,surplus_ratio,MM HIEP PHU,MM BINH PHU,10.84056563725549,-2.336226254902197,False,0.0,9.348750417379945,,,,,,,,False,False,False,False,
1,after_stackelberg,OREO CHOCOLATE 110.4/105G,6,surplus_ratio,MM HIEP PHU,MM DA NANG,13.569417531974295,-3.427767012789719,False,0.0,11.198621740640514,,,,,,,,False,False,False,False,
1,after_stackelberg,OREO CHOCOLATE 110.4/105G,6,surplus_ratio,MM DA NANG,MM AN PHU,3.0,2651.9905152406714,False,0.0,5.75,,,,,,,,False,False,False,False,
1,after_stackelberg,OREO CHOCOLATE 110.4/105G,6,surplus_ratio,MM DA NANG,MM BINH PHU,3.0,5108.990515240671,False,0.0,5.75,,,,,,,,False,False,False,False,
1,stackelberg_pricing_fallback,OREO CHOCOLATE 110.4/105G,6,surplus_ratio,MM HIEP PHU,MM AN PHU,27.797845766872975,-22775.554821375717,False,0.1,20.84398264049334,,,,,,,,False,False,False,False,
1,stackelberg_pricing_fallback,OREO CHOCOLATE 110.4/105G,6,surplus_ratio,MM HIEP PHU,MM DA NANG,13.569417531974295,-3.427767012789719,False,0.1,11.198621740640514,,,,,,,,False,False,False,False,
1,stackelberg_pricing_fallback,OREO CHOCOLATE 110.4/105G,6,surplus_ratio,MM HIEP PHU,MM BINH PHU,10.84056563725549,-2.336226254902197,False,0.1,9.348750417379945,,,,,,,,False,False,False,False,
1,after_stackelberg,OREO CHOCOLATE 110.4/105G,6,time_urgency,MM HIEP PHU,MM AN PHU,27.797845766872975,-22775.554821375717,False,0.0,20.84398264049334,,,,,,,,False,False,False,False,
1,after_stackelberg,OREO CHOCOLATE 110.4/105G,6,time_urgency,MM HIEP PHU,MM DA NANG,13.569417531974295,-3.427767012789719,False,0.0,11.198621740640514,,,,,,,,False,False,False,False,
1,after_stackelberg,OREO CHOCOLATE 110.4/105G,6,time_urgency,MM HIEP PHU,MM BINH PHU,10.84056563725549,-2.336226254902197,False,0.0,9.348750417379945,,,,,,,,False,False,False,False,
1,after_stackelberg,OREO CHOCOLATE 110.4/105G,6,time_urgency,MM DA NANG,MM AN PHU,3.0,2651.9905152406714,False,0.0,5.75,,,,,,,,False,False,False,False,
1,after_stackelberg,OREO CHOCOLATE 110.4/105G,6,time_urgency,MM DA NANG,MM BINH PHU,3.0,5108.990515240671,False,0.0,5.75,,,,,,,,False,False,False,False,
1,stackelberg_pricing_fallback,OREO CHOCOLATE 110.4/105G,6,time_urgency,MM HIEP PHU,MM AN PHU,27.797845766872975,-22775.554821375717,False,0.1,20.84398264049334,,,,,,,,False,False,False,False,
1,stackelberg_pricing_fallback,OREO CHOCOLATE 110.4/105G,6,time_urgency,MM HIEP PHU,MM DA NANG,13.569417531974295,-3.427767012789719,False,0.1,11.198621740640514,,,,,,,,False,False,False,False,
1,stackelberg_pricing_fallback,OREO CHOCOLATE 110.4/105G,6,time_urgency,MM HIEP PHU,MM BINH PHU,10.84056563725549,-2.336226254902197,False,0.1,9.348750417379945,,,,,,,,False,False,False,False,
1,after_stackelberg,OREO CHOCOLATE 110.4/105G,6,negative_reduced_cost,MM HIEP PHU,MM AN PHU,27.797845766872975,-22775.554821375717,False,0.0,20.84398264049334,,,,,,,,False,False,False,False,
1,after_stackelberg,OREO CHOCOLATE 110.4/105G,6,negative_reduced_cost,MM HIEP PHU,MM DA NANG,13.569417531974295,-3.427767012789719,False,0.0,11.198621740640514,,,,,,,,False,False,False,False,
1,after_stackelberg,OREO CHOCOLATE 110.4/105G,6,negative_reduced_cost,MM HIEP PHU,MM BINH PHU,10.84056563725549,-2.336226254902197,False,0.0,9.348750417379945,,,,,,,,False,False,False,False,
1,after_stackelberg,OREO CHOCOLATE 110.4/105G,6,negative_reduced_cost,MM DA NANG,MM AN PHU,3.0,2651.9905152406714,False,0.0,5.75,,,,,,,,False,False,False,False,
1,after_stackelberg,OREO CHOCOLATE 110.4/105G,6,negative_reduced_cost,MM DA NANG,MM BINH PHU,3.0,5108.990515240671,False,0.0,5.75,,,,,,,,False,False,False,False,
1,stackelberg_pricing_fallback,OREO CHOCOLATE 110.4/105G,6,negative_reduced_cost,MM HIEP PHU,MM AN PHU,27.797845766872975,-22775.554821375717,False,0.1,20.84398264049334,,,,,,,,False,False,False,False,
1,stackelberg_pricing_fallback,OREO CHOCOLATE 110.4/105G,6,negative_reduced_cost,MM HIEP PHU,MM DA NANG,13.569417531974295,-3.427767012789719,False,0.1,11.198621740640514,,,,,,,,False,False,False,False,
1,stackelberg_pricing_fallback,OREO CHOCOLATE 110.4/105G,6,negative_reduced_cost,MM HIEP PHU,MM BINH PHU,10.84056563725549,-2.336226254902197,False,0.1,9.348750417379945,,,,,,,,False,False,False,False,
1,after_stackelberg,OREO CHOCOLATE 110.4/105G,7,shortage_ratio,MM HIEP PHU,MM AN PHU,6.107758047747637,-5002.696944324413,False,0.0,7.723963489230115,,,,,,,,False,False,False,False,
1,stackelberg_pricing_fallback,OREO CHOCOLATE 110.4/105G,7,shortage_ratio,MM HIEP PHU,MM AN PHU,6.107758047747637,-5002.696944324413,False,0.1,7.723963489230115,,,,,,,,False,False,False,False,
1,after_stackelberg,OREO CHOCOLATE 110.4/105G,7,surplus_ratio,MM HIEP PHU,MM AN PHU,6.107758047747637,-5002.696944324413,False,0.0,7.723963489230115,,,,,,,,False,False,False,False,
1,stackelberg_pricing_fallback,OREO CHOCOLATE 110.4/105G,7,surplus_ratio,MM HIEP PHU,MM AN PHU,6.107758047747637,-5002.696944324413,False,0.1,7.723963489230115,,,,,,,,False,False,False,False,
1,after_stackelberg,OREO CHOCOLATE 110.4/105G,7,time_urgency,MM HIEP PHU,MM AN PHU,6.107758047747637,-5002.696944324413,False,0.0,7.723963489230115,,,,,,,,False,False,False,False,
1,stackelberg_pricing_fallback,OREO CHOCOLATE 110.4/105G,7,time_urgency,MM HIEP PHU,MM AN PHU,6.107758047747637,-5002.696944324413,False,0.1,7.723963489230115,,,,,,,,False,False,False,False,
1,after_stackelberg,OREO CHOCOLATE 110.4/105G,7,negative_reduced_cost,MM HIEP PHU,MM AN PHU,6.107758047747637,-5002.696944324413,False,0.0,7.723963489230115,,,,,,,,False,False,False,False,
1,stackelberg_pricing_fallback,OREO CHOCOLATE 110.4/105G,7,negative_reduced_cost,MM HIEP PHU,MM AN PHU,6.107758047747637,-5002.696944324413,False,0.1,7.723963489230115,,,,,,,,False,False,False,False,
1,after_stackelberg,OREO VANILLA 110.4/105G,2,shortage_ratio,MM BINH PHU,MM AN PHU,10.406890537796688,-2.1627562151186766,False,0.0,10.35646801285532,,,,,,,,False,False,False,False,
1,after_stackelberg,OREO VANILLA 110.4/105G,2,shortage_ratio,MM DA NANG,MM AN PHU,46.37331015276553,-16.549324061106212,False,0.0,30.212811022600892,,,,,,,,False,False,False,False,
1,after_stackelberg,OREO VANILLA 110.4/105G,2,shortage_ratio,MM HIEP PHU,MM AN PHU,46.37331015276553,-16.549324061106212,False,0.0,30.670095642232347,,,,,,,,False,False,False,False,
1,stackelberg_pricing_fallback,OREO VANILLA 110.4/105G,2,shortage_ratio,MM DA NANG,MM AN PHU,46.37331015276553,-16.549324061106212,False,0.1,30.212811022600892,,,,,,,,False,False,False,False,
1,stackelberg_pricing_fallback,OREO VANILLA 110.4/105G,2,shortage_ratio,MM HIEP PHU,MM AN PHU,46.37331015276553,-16.549324061106212,False,0.1,30.670095642232347,,,,,,,,False,False,False,False,
1,stackelberg_pricing_fallback,OREO VANILLA 110.4/105G,2,shortage_ratio,MM BINH PHU,MM AN PHU,10.406890537796688,-2.1627562151186766,False,0.1,10.35646801285532,,,,,,,,False,False,False,False,
1,after_stackelberg,OREO VANILLA 110.4/105G,2,surplus_ratio,MM DA NANG,MM AN PHU,46.37331015276553,-16.549324061106212,False,0.0,30.212811022600892,,,,,,,,False,False,False,False,
1,after_stackelberg,OREO VANILLA 110.4/105G,2,surplus_ratio,MM HIEP PHU,MM AN PHU,46.37331015276553,-16.549324061106212,False,0.0,30.670095642232347,,,,,,,,False,False,False,False,
1,after_stackelberg,OREO VANILLA 110.4/105G,2,surplus_ratio,MM BINH PHU,MM AN PHU,10.406890537796688,-2.1627562151186766,False,0.0,10.35646801285532,,,,,,,,False,False,False,False,
1,stackelberg_pricing_fallback,OREO VANILLA 110.4/105G,2,surplus_ratio,MM DA NANG,MM AN PHU,46.37331015276553,-16.549324061106212,False,0.1,30.212811022600892,,,,,,,,False,False,False,False,
1,stackelberg_pricing_fallback,OREO VANILLA 110.4/105G,2,surplus_ratio,MM HIEP PHU,MM AN PHU,46.37331015276553,-16.549324061106212,False,0.1,30.670095642232347,,,,,,,,False,False,False,False,
1,stackelberg_pricing_fallback,OREO VANILLA 110.4/105G,2,surplus_ratio,MM BINH PHU,MM AN PHU,10.406890537796688,-2.1627562151186766,False,0.1,10.35646801285532,,,,,,,,False,False,False,False,
1,after_stackelberg,OREO VANILLA 110.4/105G,2,time_urgency,MM BINH PHU,MM AN PHU,10.406890537796688,-2.1627562151186766,False,0.0,10.35646801285532,,,,,,,,False,False,False,False,
1,after_stackelberg,OREO VANILLA 110.4/105G,2,time_urgency,MM DA NANG,MM AN PHU,46.37331015276553,-16.549324061106212,False,0.0,30.212811022600892,,,,,,,,False,False,False,False,
1,after_stackelberg,OREO VANILLA 110.4/105G,2,time_urgency,MM HIEP PHU,MM AN PHU,46.37331015276553,-16.549324061106212,False,0.0,30.670095642232347,,,,,,,,False,False,False,False,
1,stackelberg_pricing_fallback,OREO VANILLA 110.4/105G,2,time_urgency,MM DA NANG,MM AN PHU,46.37331015276553,-16.549324061106212,False,0.1,30.212811022600892,,,,,,,,False,False,False,False,
1,stackelberg_pricing_fallback,OREO VANILLA 110.4/105G,2,time_urgency,MM HIEP PHU,MM AN PHU,46.37331015276553,-16.549324061106212,False,0.1,30.670095642232347,,,,,,,,False,False,False,False,
1,stackelberg_pricing_fallback,OREO VANILLA 110.4/105G,2,time_urgency,MM BINH PHU,MM AN PHU,10.406890537796688,-2.1627562151186766,False,0.1,10.35646801285532,,,,,,,,False,False,False,False,
1,after_stackelberg,OREO VANILLA 110.4/105G,2,negative_reduced_cost,MM DA NANG,MM AN PHU,46.37331015276553,-16.549324061106212,False,0.0,30.212811022600892,,,,,,,,False,False,False,False,
1,after_stackelberg,OREO VANILLA 110.4/105G,2,negative_reduced_cost,MM HIEP PHU,MM AN PHU,46.37331015276553,-16.549324061106212,False,0.0,30.670095642232347,,,,,,,,False,False,False,False,
1,after_stackelberg,OREO VANILLA 110.4/105G,2,negative_reduced_cost,MM BINH PHU,MM AN PHU,10.406890537796688,-2.1627562151186766,False,0.0,10.35646801285532,,,,,,,,False,False,False,False,
1,stackelberg_pricing_fallback,OREO VANILLA 110.4/105G,2,negative_reduced_cost,MM DA NANG,MM AN PHU,46.37331015276553,-16.549324061106212,False,0.1,30.212811022600892,,,,,,,,False,False,False,False,
1,stackelberg_pricing_fallback,OREO VANILLA 110.4/105G,2,negative_reduced_cost,MM HIEP PHU,MM AN PHU,46.37331015276553,-16.549324061106212,False,0.1,30.670095642232347,,,,,,,,False,False,False,False,
1,stackelberg_pricing_fallback,OREO VANILLA 110.4/105G,2,negative_reduced_cost,MM BINH PHU,MM AN PHU,10.406890537796688,-2.1627562151186766,False,0.1,10.35646801285532,,,,,,,,False,False,False,False,
1,after_stackelberg,OREO VANILLA 110.4/105G,3,shortage_ratio,MM BINH PHU,MM AN PHU,32.92485991319777,-11.16994396527911,False,0.0,23.925439039169188,,,,,,,,False,False,False,False,
1,after_stackelberg,OREO VANILLA 110.4/105G,3,shortage_ratio,MM DA NANG,MM AN PHU,129.55005300329327,-49.82002120131732,False,0.0,80.82837343740528,,,,,,,,False,False,False,False,
1,after_stackelberg,OREO VANILLA 110.4/105G,3,shortage_ratio,MM HIEP PHU,MM AN PHU,100.41946722846228,-38.167786891384914,False,0.0,64.44182029711337,,,,,,,,False,False,False,False,
1,stackelberg_pricing_fallback,OREO VANILLA 110.4/105G,3,shortage_ratio,MM DA NANG,MM AN PHU,129.55005300329327,-49.82002120131732,False,0.1,80.82837343740528,,,,,,,,False,False,False,False,
1,stackelberg_pricing_fallback,OREO VANILLA 110.4/105G,3,shortage_ratio,MM HIEP PHU,MM AN PHU,100.41946722846228,-38.167786891384914,False,0.1,64.44182029711337,,,,,,,,False,False,False,False,
1,stackelberg_pricing_fallback,OREO VANILLA 110.4/105G,3,shortage_ratio,MM BINH PHU,MM AN PHU,32.92485991319777,-11.16994396527911,False,0.1,23.925439039169188,,,,,,,,False,False,False,False,
1,after_stackelberg,OREO VANILLA 110.4/105G,3,surplus_ratio,MM DA NANG,MM AN PHU,129.55005300329327,-49.82002120131732,False,0.0,80.82837343740528,,,,,,,,False,False,False,False,
1,after_stackelberg,OREO VANILLA 110.4/105G,3,surplus_ratio,MM HIEP PHU,MM AN PHU,100.41946722846228,-38.167786891384914,False,0.0,64.44182029711337,,,,,,,,False,False,False,False,
1,after_stackelberg,OREO VANILLA 110.4/105G,3,surplus_ratio,MM BINH PHU,MM AN PHU,32.92485991319777,-11.16994396527911,False,0.0,23.925439039169188,,,,,,,,False,False,False,False,
1,stackelberg_pricing_fallback,OREO VANILLA 110.4/105G,3,surplus_ratio,MM DA NANG,MM AN PHU,129.55005300329327,-49.82002120131732,False,0.1,80.82837343740528,,,,,,,,False,False,False,False,
1,stackelberg_pricing_fallback,OREO VANILLA 110.4/105G,3,surplus_ratio,MM HIEP PHU,MM AN PHU,100.41946722846228,-38.167786891384914,False,0.1,64.44182029711337,,,,,,,,False,False,False,False,
1,stackelberg_pricing_fallback,OREO VANILLA 110.4/105G,3,surplus_ratio,MM BINH PHU,MM AN PHU,32.92485991319777,-11.16994396527911,False,0.1,23.925439039169188,,,,,,,,False,False,False,False,
1,after_stackelberg,OREO VANILLA 110.4/105G,3,time_urgency,MM BINH PHU,MM AN PHU,32.92485991319777,-11.16994396527911,False,0.0,23.925439039169188,,,,,,,,False,False,False,False,
1,after_stackelberg,OREO VANILLA 110.4/105G,3,time_urgency,MM DA NANG,MM AN PHU,129.55005300329327,-49.82002120131732,False,0.0,80.82837343740528,,,,,,,,False,False,False,False,
1,after_stackelberg,OREO VANILLA 110.4/105G,3,time_urgency,MM HIEP PHU,MM AN PHU,100.41946722846228,-38.167786891384914,False,0.0,64.44182029711337,,,,,,,,False,False,False,False,
1,stackelberg_pricing_fallback,OREO VANILLA 110.4/105G,3,time_urgency,MM DA NANG,MM AN PHU,129.55005300329327,-49.82002120131732,False,0.1,80.82837343740528,,,,,,,,False,False,False,False,
1,stackelberg_pricing_fallback,OREO VANILLA 110.4/105G,3,time_urgency,MM HIEP PHU,MM AN PHU,100.41946722846228,-38.167786891384914,False,0.1,64.44182029711337,,,,,,,,False,False,False,False,
1,stackelberg_pricing_fallback,OREO VANILLA 110.4/105G,3,time_urgency,MM BINH PHU,MM AN PHU,32.92485991319777,-11.16994396527911,False,0.1,23.925439039169188,,,,,,,,False,False,False,False,
1,after_stackelberg,OREO VANILLA 110.4/105G,3,negative_reduced_cost,MM DA NANG,MM AN PHU,129.55005300329327,-49.82002120131732,False,0.0,80.82837343740528,,,,,,,,False,False,False,False,
1,after_stackelberg,OREO VANILLA 110.4/105G,3,negative_reduced_cost,MM HIEP PHU,MM AN PHU,100.41946722846228,-38.167786891384914,False,0.0,64.44182029711337,,,,,,,,False,False,False,False,
1,after_stackelberg,OREO VANILLA 110.4/105G,3,negative_reduced_cost,MM BINH PHU,MM AN PHU,32.92485991319777,-11.16994396527911,False,0.0,23.925439039169188,,,,,,,,False,False,False,False,
1,stackelberg_pricing_fallback,OREO VANILLA 110.4/105G,3,negative_reduced_cost,MM DA NANG,MM AN PHU,129.55005300329327,-49.82002120131732,False,0.1,80.82837343740528,,,,,,,,False,False,False,False,
1,stackelberg_pricing_fallback,OREO VANILLA 110.4/105G,3,negative_reduced_cost,MM HIEP PHU,MM AN PHU,100.41946722846228,-38.167786891384914,False,0.1,64.44182029711337,,,,,,,,False,False,False,False,
1,stackelberg_pricing_fallback,OREO VANILLA 110.4/105G,3,negative_reduced_cost,MM BINH PHU,MM AN PHU,32.92485991319777,-11.16994396527911,False,0.1,23.925439039169188,,,,,,,,False,False,False,False,
1,after_stackelberg,OREO VANILLA 110.4/105G,4,shortage_ratio,MM BINH PHU,MM AN PHU,10.624369139364234,-8703.608072795052,False,0.0,10.48859530980979,,,,,,,,False,False,False,False,
1,after_stackelberg,OREO VANILLA 110.4/105G,4,shortage_ratio,MM DA NANG,MM AN PHU,258.54770440193516,-211851.98898694568,False,0.0,159.3247697848921,,,,,,,,False,False,False,False,
1,after_stackelberg,OREO VANILLA 110.4/105G,4,shortage_ratio,MM HIEP PHU,MM AN PHU,94.91446610948731,-77770.9135301139,False,0.0,61.138253709728055,,,,,,,,False,False,False,False,
1,stackelberg_pricing_fallback,OREO VANILLA 110.4/105G,4,shortage_ratio,MM DA NANG,MM AN PHU,258.54770440193516,-211851.98898694568,False,0.1,159.3247697848921,,,,,,,,False,False,False,False,
1,stackelberg_pricing_fallback,OREO VANILLA 110.4/105G,4,shortage_ratio,MM HIEP PHU,MM AN PHU,94.91446610948731,-77770.9135301139,False,0.1,61.138253709728055,,,,,,,,False,False,False,False,
1,stackelberg_pricing_fallback,OREO VANILLA 110.4/105G,4,shortage_ratio,MM BINH PHU,MM AN PHU,10.624369139364234,-8703.608072795052,False,0.1,10.48859530980979,,,,,,,,False,False,False,False,
1,after_stackelberg,OREO VANILLA 110.4/105G,4,surplus_ratio,MM DA NANG,MM AN PHU,258.54770440193516,-211851.98898694568,False,0.0,159.3247697848921,,,,,,,,False,False,False,False,
1,after_stackelberg,OREO VANILLA 110.4/105G,4,surplus_ratio,MM HIEP PHU,MM AN PHU,94.91446610948731,-77770.9135301139,False,0.0,61.138253709728055,,,,,,,,False,False,False,False,
1,after_stackelberg,OREO VANILLA 110.4/105G,4,surplus_ratio,MM BINH PHU,MM AN PHU,10.624369139364234,-8703.608072795052,False,0.0,10.48859530980979,,,,,,,,False,False,False,False,
1,stackelberg_pricing_fallback,OREO VANILLA 110.4/105G,4,surplus_ratio,MM DA NANG,MM AN PHU,258.54770440193516,-211851.98898694568,False,0.1,159.3247697848921,,,,,,,,False,False,False,False,
1,stackelberg_pricing_fallback,OREO VANILLA 110.4/105G,4,surplus_ratio,MM HIEP PHU,MM AN PHU,94.91446610948731,-77770.9135301139,False,0.1,61.138253709728055,,,,,,,,False,False,False,False,
1,stackelberg_pricing_fallback,OREO VANILLA 110.4/105G,4,surplus_ratio,MM BINH PHU,MM AN PHU,10.624369139364234,-8703.608072795052,False,0.1,10.48859530980979,,,,,,,,False,False,False,False,
1,after_stackelberg,OREO VANILLA 110.4/105G,4,time_urgency,MM BINH PHU,MM AN PHU,10.624369139364234,-8703.608072795052,False,0.0,10.48859530980979,,,,,,,,False,False,False,False,
1,after_stackelberg,OREO VANILLA 110.4/105G,4,time_urgency,MM DA NANG,MM AN PHU,258.54770440193516,-211851.98898694568,False,0.0,159.3247697848921,,,,,,,,False,False,False,False,
1,after_stackelberg,OREO VANILLA 110.4/105G,4,time_urgency,MM HIEP PHU,MM AN PHU,94.91446610948731,-77770.9135301139,False,0.0,61.138253709728055,,,,,,,,False,False,False,False,
1,stackelberg_pricing_fallback,OREO VANILLA 110.4/105G,4,time_urgency,MM DA NANG,MM AN PHU,258.54770440193516,-211851.98898694568,False,0.1,159.3247697848921,,,,,,,,False,False,False,False,
1,stackelberg_pricing_fallback,OREO VANILLA 110.4/105G,4,time_urgency,MM HIEP PHU,MM AN PHU,94.91446610948731,-77770.9135301139,False,0.1,61.138253709728055,,,,,,,,False,False,False,False,
1,stackelberg_pricing_fallback,OREO VANILLA 110.4/105G,4,time_urgency,MM BINH PHU,MM AN PHU,10.624369139364234,-8703.608072795052,False,0.1,10.48859530980979,,,,,,,,False,False,False,False,
1,after_stackelberg,OREO VANILLA 110.4/105G,4,negative_reduced_cost,MM DA NANG,MM AN PHU,258.54770440193516,-211851.98898694568,False,0.0,159.3247697848921,,,,,,,,False,False,False,False,
1,after_stackelberg,OREO VANILLA 110.4/105G,4,negative_reduced_cost,MM HIEP PHU,MM AN PHU,94.91446610948731,-77770.9135301139,False,0.0,61.138253709728055,,,,,,,,False,False,False,False,
1,after_stackelberg,OREO VANILLA 110.4/105G,4,negative_reduced_cost,MM BINH PHU,MM AN PHU,10.624369139364234,-8703.608072795052,False,0.0,10.48859530980979,,,,,,,,False,False,False,False,
1,stackelberg_pricing_fallback,OREO VANILLA 110.4/105G,4,negative_reduced_cost,MM DA NANG,MM AN PHU,258.54770440193516,-211851.98898694568,False,0.1,159.3247697848921,,,,,,,,False,False,False,False,
1,stackelberg_pricing_fallback,OREO VANILLA 110.4/105G,4,negative_reduced_cost,MM HIEP PHU,MM AN PHU,94.91446610948731,-77770.9135301139,False,0.1,61.138253709728055,,,,,,,,False,False,False,False,
1,stackelberg_pricing_fallback,OREO VANILLA 110.4/105G,4,negative_reduced_cost,MM BINH PHU,MM AN PHU,10.624369139364234,-8703.608072795052,False,0.1,10.48859530980979,,,,,,,,False,False,False,False,
1,after_stackelberg,OREO VANILLA 110.4/105G,5,shortage_ratio,MM BINH PHU,MM AN PHU,11.113178964857667,-9104.138843804372,False,0.0,10.785352666984627,,,,,,,,False,False,False,False,
1,after_stackelberg,OREO VANILLA 110.4/105G,5,shortage_ratio,MM HIEP PHU,MM AN PHU,104.90871450873543,-85960.20066845781,False,0.0,67.13578661159826,,,,,,,,False,False,False,False,
1,after_stackelberg,OREO VANILLA 110.4/105G,5,shortage_ratio,MM BINH PHU,MM DA NANG,3.448489696030748,0.6206041215877001,False,0.0,4.726150478085167,,,,,,,,False,False,False,False,
1,after_stackelberg,OREO VANILLA 110.4/105G,5,shortage_ratio,MM HIEP PHU,MM DA NANG,3.448489696030748,0.6206041215877001,False,0.0,4.141100384508578,,,,,,,,False,False,False,False,
1,stackelberg_pricing_fallback,OREO VANILLA 110.4/105G,5,shortage_ratio,MM HIEP PHU,MM AN PHU,104.90871450873543,-85960.20066845781,False,0.1,67.13578661159826,,,,,,,,False,False,False,False,
1,stackelberg_pricing_fallback,OREO VANILLA 110.4/105G,5,shortage_ratio,MM BINH PHU,MM AN PHU,11.113178964857667,-9104.138843804372,False,0.1,10.785352666984627,,,,,,,,False,False,False,False,
1,after_stackelberg,OREO VANILLA 110.4/105G,5,surplus_ratio,MM HIEP PHU,MM AN PHU,104.90871450873543,-85960.20066845781,False,0.0,67.13578661159826,,,,,,,,False,False,False,False,
1,after_stackelberg,OREO VANILLA 110.4/105G,5,surplus_ratio,MM BINH PHU,MM AN PHU,11.113178964857667,-9104.138843804372,False,0.0,10.785352666984627,,,,,,,,False,False,False,False,
1,after_stackelberg,OREO VANILLA 110.4/105G,5,surplus_ratio,MM HIEP PHU,MM DA NANG,3.448489696030748,0.6206041215877001,False,0.0,4.141100384508578,,,,,,,,False,False,False,False,
1,after_stackelberg,OREO VANILLA 110.4/105G,5,surplus_ratio,MM BINH PHU,MM DA NANG,3.448489696030748,0.6206041215877001,False,0.0,4.726150478085167,,,,,,,,False,False,False,False,
1,stackelberg_pricing_fallback,OREO VANILLA 110.4/105G,5,surplus_ratio,MM HIEP PHU,MM AN PHU,104.90871450873543,-85960.20066845781,False,0.1,67.13578661159826,,,,,,,,False,False,False,False,
1,stackelberg_pricing_fallback,OREO VANILLA 110.4/105G,5,surplus_ratio,MM BINH PHU,MM AN PHU,11.113178964857667,-9104.138843804372,False,0.1,10.785352666984627,,,,,,,,False,False,False,False,
1,after_stackelberg,OREO VANILLA 110.4/105G,5,time_urgency,MM BINH PHU,MM AN PHU,11.113178964857667,-9104.138843804372,False,0.0,10.785352666984627,,,,,,,,False,False,False,False,
1,after_stackelberg,OREO VANILLA 110.4/105G,5,time_urgency,MM HIEP PHU,MM AN PHU,104.90871450873543,-85960.20066845781,False,0.0,67.13578661159826,,,,,,,,False,False,False,False,
1,after_stackelberg,OREO VANILLA 110.4/105G,5,time_urgency,MM BINH PHU,MM DA NANG,3.448489696030748,0.6206041215877001,False,0.0,4.726150478085167,,,,,,,,False,False,False,False,
1,after_stackelberg,OREO VANILLA 110.4/105G,5,time_urgency,MM HIEP PHU,MM DA NANG,3.448489696030748,0.6206041215877001,False,0.0,4.141100384508578,,,,,,,,False,False,False,False,
1,stackelberg_pricing_fallback,OREO VANILLA 110.4/105G,5,time_urgency,MM HIEP PHU,MM AN PHU,104.90871450873543,-85960.20066845781,False,0.1,67.13578661159826,,,,,,,,False,False,False,False,
1,stackelberg_pricing_fallback,OREO VANILLA 110.4/105G,5,time_urgency,MM BINH PHU,MM AN PHU,11.113178964857667,-9104.138843804372,False,0.1,10.785352666984627,,,,,,,,False,False,False,False,
1,after_stackelberg,OREO VANILLA 110.4/105G,5,negative_reduced_cost,MM HIEP PHU,MM AN PHU,104.90871450873543,-85960.20066845781,False,0.0,67.13578661159826,,,,,,,,False,False,False,False,
1,after_stackelberg,OREO VANILLA 110.4/105G,5,negative_reduced_cost,MM BINH PHU,MM AN PHU,11.113178964857667,-9104.138843804372,False,0.0,10.785352666984627,,,,,,,,False,False,False,False,
1,after_stackelberg,OREO VANILLA 110.4/105G,5,negative_reduced_cost,MM BINH PHU,MM DA NANG,3.448489696030748,0.6206041215877001,False,0.0,4.726150478085167,,,,,,,,False,False,False,False,
1,after_stackelberg,OREO VANILLA 110.4/105G,5,negative_reduced_cost,MM HIEP PHU,MM DA NANG,3.448489696030748,0.6206041215877001,False,0.0,4.141100384508578,,,,,,,,False,False,False,False,
1,stackelberg_pricing_fallback,OREO VANILLA 110.4/105G,5,negative_reduced_cost,MM HIEP PHU,MM AN PHU,104.90871450873543,-85960.20066845781,False,0.1,67.13578661159826,,,,,,,,False,False,False,False,
1,stackelberg_pricing_fallback,OREO VANILLA 110.4/105G,5,negative_reduced_cost,MM BINH PHU,MM AN PHU,11.113178964857667,-9104.138843804372,False,0.1,10.785352666984627,,,,,,,,False,False,False,False,
1,after_stackelberg,OREO VANILLA 110.4/105G,6,shortage_ratio,MM BINH PHU,MM AN PHU,12.614691267618035,-3.0458765070472147,False,0.0,11.695364692527157,,,,,,,,False,False,False,False,
1,after_stackelberg,OREO VANILLA 110.4/105G,6,shortage_ratio,MM DA NANG,MM AN PHU,13.343909862544486,-3.337563945017795,False,0.0,10.393981396421236,,,,,,,,False,False,False,False,
1,after_stackelberg,OREO VANILLA 110.4/105G,6,shortage_ratio,MM HIEP PHU,MM AN PHU,13.343909862544486,-3.337563945017795,False,0.0,10.24660254887972,,,,,,,,False,False,False,False,
1,stackelberg_pricing_fallback,OREO VANILLA 110.4/105G,6,shortage_ratio,MM DA NANG,MM AN PHU,13.343909862544486,-3.337563945017795,False,0.1,10.393981396421236,,,,,,,,False,False,False,False,
1,stackelberg_pricing_fallback,OREO VANILLA 110.4/105G,6,shortage_ratio,MM HIEP PHU,MM AN PHU,13.343909862544486,-3.337563945017795,False,0.1,10.24660254887972,,,,,,,,False,False,False,False,
1,stackelberg_pricing_fallback,OREO VANILLA 110.4/105G,6,shortage_ratio,MM BINH PHU,MM AN PHU,12.614691267618035,-3.0458765070472147,False,0.1,11.695364692527157,,,,,,,,False,False,False,False,
1,after_stackelberg,OREO VANILLA 110.4/105G,6,surplus_ratio,MM HIEP PHU,MM AN PHU,13.343909862544486,-3.337563945017795,False,0.0,10.24660254887972,,,,,,,,False,False,False,False,
1,after_stackelberg,OREO VANILLA 110.4/105G,6,surplus_ratio,MM DA NANG,MM AN PHU,13.343909862544486,-3.337563945017795,False,0.0,10.393981396421236,,,,,,,,False,False,False,False,
1,after_stackelberg,OREO VANILLA 110.4/105G,6,surplus_ratio,MM BINH PHU,MM AN PHU,12.614691267618035,-3.0458765070472147,False,0.0,11.695364692527157,,,,,,,,False,False,False,False,
1,stackelberg_pricing_fallback,OREO VANILLA 110.4/105G,6,surplus_ratio,MM HIEP PHU,MM AN PHU,13.343909862544486,-3.337563945017795,False,0.1,10.24660254887972,,,,,,,,False,False,False,False,
1,stackelberg_pricing_fallback,OREO VANILLA 110.4/105G,6,surplus_ratio,MM DA NANG,MM AN PHU,13.343909862544486,-3.337563945017795,False,0.1,10.393981396421236,,,,,,,,False,False,False,False,
1,stackelberg_pricing_fallback,OREO VANILLA 110.4/105G,6,surplus_ratio,MM BINH PHU,MM AN PHU,12.614691267618035,-3.0458765070472147,False,0.1,11.695364692527157,,,,,,,,False,False,False,False,
1,after_stackelberg,OREO VANILLA 110.4/105G,6,time_urgency,MM BINH PHU,MM AN PHU,12.614691267618035,-3.0458765070472147,False,0.0,11.695364692527157,,,,,,,,False,False,False,False,
1,after_stackelberg,OREO VANILLA 110.4/105G,6,time_urgency,MM DA NANG,MM AN PHU,13.343909862544486,-3.337563945017795,False,0.0,10.393981396421236,,,,,,,,False,False,False,False,
1,after_stackelberg,OREO VANILLA 110.4/105G,6,time_urgency,MM HIEP PHU,MM AN PHU,13.343909862544486,-3.337563945017795,False,0.0,10.24660254887972,,,,,,,,False,False,False,False,
1,stackelberg_pricing_fallback,OREO VANILLA 110.4/105G,6,time_urgency,MM DA NANG,MM AN PHU,13.343909862544486,-3.337563945017795,False,0.1,10.393981396421236,,,,,,,,False,False,False,False,
1,stackelberg_pricing_fallback,OREO VANILLA 110.4/105G,6,time_urgency,MM HIEP PHU,MM AN PHU,13.343909862544486,-3.337563945017795,False,0.1,10.24660254887972,,,,,,,,False,False,False,False,
1,stackelberg_pricing_fallback,OREO VANILLA 110.4/105G,6,time_urgency,MM BINH PHU,MM AN PHU,12.614691267618035,-3.0458765070472147,False,0.1,11.695364692527157,,,,,,,,False,False,False,False,
1,after_stackelberg,OREO VANILLA 110.4/105G,6,negative_reduced_cost,MM DA NANG,MM AN PHU,13.343909862544486,-3.337563945017795,False,0.0,10.393981396421236,,,,,,,,False,False,False,False,
1,after_stackelberg,OREO VANILLA 110.4/105G,6,negative_reduced_cost,MM HIEP PHU,MM AN PHU,13.343909862544486,-3.337563945017795,False,0.0,10.24660254887972,,,,,,,,False,False,False,False,
1,after_stackelberg,OREO VANILLA 110.4/105G,6,negative_reduced_cost,MM BINH PHU,MM AN PHU,12.614691267618035,-3.0458765070472147,False,0.0,11.695364692527157,,,,,,,,False,False,False,False,
1,stackelberg_pricing_fallback,OREO VANILLA 110.4/105G,6,negative_reduced_cost,MM DA NANG,MM AN PHU,13.343909862544486,-3.337563945017795,False,0.1,10.393981396421236,,,,,,,,False,False,False,False,
1,stackelberg_pricing_fallback,OREO VANILLA 110.4/105G,6,negative_reduced_cost,MM HIEP PHU,MM AN PHU,13.343909862544486,-3.337563945017795,False,0.1,10.24660254887972,,,,,,,,False,False,False,False,
1,stackelberg_pricing_fallback,OREO VANILLA 110.4/105G,6,negative_reduced_cost,MM BINH PHU,MM AN PHU,12.614691267618035,-3.0458765070472147,False,0.1,11.695364692527157,,,,,,,,False,False,False,False,
1,after_stackelberg,OREO VANILLA 110.4/105G,7,shortage_ratio,MM DA NANG,MM AN PHU,5.992465065764435,-4908.225874887377,False,0.0,5.821829369878879,,,,,,,,False,False,False,False,
1,after_stackelberg,OREO VANILLA 110.4/105G,7,shortage_ratio,MM HIEP PHU,MM AN PHU,5.992465065764435,-4908.225874887377,False,0.0,5.713167527655867,,,,,,,,False,False,False,False,
1,stackelberg_pricing_fallback,OREO VANILLA 110.4/105G,7,shortage_ratio,MM DA NANG,MM AN PHU,5.992465065764435,-4908.225874887377,False,0.1,5.821829369878879,,,,,,,,False,False,False,False,
1,stackelberg_pricing_fallback,OREO VANILLA 110.4/105G,7,shortage_ratio,MM HIEP PHU,MM AN PHU,5.992465065764435,-4908.225874887377,False,0.1,5.713167527655867,,,,,,,,False,False,False,False,
1,after_stackelberg,OREO VANILLA 110.4/105G,7,surplus_ratio,MM HIEP PHU,MM AN PHU,5.992465065764435,-4908.225874887377,False,0.0,5.713167527655867,,,,,,,,False,False,False,False,
1,after_stackelberg,OREO VANILLA 110.4/105G,7,surplus_ratio,MM DA NANG,MM AN PHU,5.992465065764435,-4908.225874887377,False,0.0,5.821829369878879,,,,,,,,False,False,False,False,
1,stackelberg_pricing_fallback,OREO VANILLA 110.4/105G,7,surplus_ratio,MM HIEP PHU,MM AN PHU,5.992465065764435,-4908.225874887377,False,0.1,5.713167527655867,,,,,,,,False,False,False,False,
1,stackelberg_pricing_fallback,OREO VANILLA 110.4/105G,7,surplus_ratio,MM DA NANG,MM AN PHU,5.992465065764435,-4908.225874887377,False,0.1,5.821829369878879,,,,,,,,False,False,False,False,
1,after_stackelberg,OREO VANILLA 110.4/105G,7,time_urgency,MM DA NANG,MM AN PHU,5.992465065764435,-4908.225874887377,False,0.0,5.821829369878879,,,,,,,,False,False,False,False,
1,after_stackelberg,OREO VANILLA 110.4/105G,7,time_urgency,MM HIEP PHU,MM AN PHU,5.992465065764435,-4908.225874887377,False,0.0,5.713167527655867,,,,,,,,False,False,False,False,
1,stackelberg_pricing_fallback,OREO VANILLA 110.4/105G,7,time_urgency,MM DA NANG,MM AN PHU,5.992465065764435,-4908.225874887377,False,0.1,5.821829369878879,,,,,,,,False,False,False,False,
1,stackelberg_pricing_fallback,OREO VANILLA 110.4/105G,7,time_urgency,MM HIEP PHU,MM AN PHU,5.992465065764435,-4908.225874887377,False,0.1,5.713167527655867,,,,,,,,False,False,False,False,
1,after_stackelberg,OREO VANILLA 110.4/105G,7,negative_reduced_cost,MM DA NANG,MM AN PHU,5.992465065764435,-4908.225874887377,False,0.0,5.821829369878879,,,,,,,,False,False,False,False,
1,after_stackelberg,OREO VANILLA 110.4/105G,7,negative_reduced_cost,MM HIEP PHU,MM AN PHU,5.992465065764435,-4908.225874887377,False,0.0,5.713167527655867,,,,,,,,False,False,False,False,
1,stackelberg_pricing_fallback,OREO VANILLA 110.4/105G,7,negative_reduced_cost,MM DA NANG,MM AN PHU,5.992465065764435,-4908.225874887377,False,0.1,5.821829369878879,,,,,,,,False,False,False,False,
1,stackelberg_pricing_fallback,OREO VANILLA 110.4/105G,7,negative_reduced_cost,MM HIEP PHU,MM AN PHU,5.992465065764435,-4908.225874887377,False,0.1,5.713167527655867,,,,,,,,False,False,False,False,
1,pricing_dedup_rejected_before_gnn,OREO CHOCOLATE 110.4/105G,2,shortage_ratio,MM BINH PHU,MM AN PHU,28.916447943281312,,,0.1,19.564666,PRICED_E1_shortage_ratio_OREO CHOCOLATE 110.4/105G_T2_2,-34.299574,,,,,,False,True,False,False,"('OREO CHOCOLATE 110.4/105G', 2, (('MM AN PHU', 'MM DA NANG', 16.342591), ('MM BINH PHU', 'MM AN PHU', 28.916448), ('MM HIEP PHU', 'MM AN PHU', 55.489895)))"
1,pricing_dedup_rejected_before_gnn,OREO CHOCOLATE 110.4/105G,2,shortage_ratio,MM AN PHU,MM DA NANG,16.342590526997224,,,0.1,19.564666,PRICED_E1_shortage_ratio_OREO CHOCOLATE 110.4/105G_T2_2,-34.299574,,,,,,False,True,False,False,"('OREO CHOCOLATE 110.4/105G', 2, (('MM AN PHU', 'MM DA NANG', 16.342591), ('MM BINH PHU', 'MM AN PHU', 28.916448), ('MM HIEP PHU', 'MM AN PHU', 55.489895)))"
1,pricing_dedup_rejected_before_gnn,OREO CHOCOLATE 110.4/105G,2,shortage_ratio,MM HIEP PHU,MM AN PHU,55.48989529073056,,,0.1,19.564666,PRICED_E1_shortage_ratio_OREO CHOCOLATE 110.4/105G_T2_2,-34.299574,,,,,,False,True,False,False,"('OREO CHOCOLATE 110.4/105G', 2, (('MM AN PHU', 'MM DA NANG', 16.342591), ('MM BINH PHU', 'MM AN PHU', 28.916448), ('MM HIEP PHU', 'MM AN PHU', 55.489895)))"
1,pricing_dedup_rejected_before_gnn,OREO CHOCOLATE 110.4/105G,2,shortage_ratio,MM AN PHU,MM DA NANG,16.342590526997224,,,0.1,19.564666,PRICED_E1_shortage_ratio_OREO CHOCOLATE 110.4/105G_T2_3,-34.299574,,,,,,False,True,False,False,"('OREO CHOCOLATE 110.4/105G', 2, (('MM AN PHU', 'MM DA NANG', 16.342591), ('MM BINH PHU', 'MM AN PHU', 28.916448), ('MM HIEP PHU', 'MM AN PHU', 55.489895)))"
1,pricing_dedup_rejected_before_gnn,OREO CHOCOLATE 110.4/105G,2,shortage_ratio,MM HIEP PHU,MM AN PHU,55.48989529073056,,,0.1,19.564666,PRICED_E1_shortage_ratio_OREO CHOCOLATE 110.4/105G_T2_3,-34.299574,,,,,,False,True,False,False,"('OREO CHOCOLATE 110.4/105G', 2, (('MM AN PHU', 'MM DA NANG', 16.342591), ('MM BINH PHU', 'MM AN PHU', 28.916448), ('MM HIEP PHU', 'MM AN PHU', 55.489895)))"
1,pricing_dedup_rejected_before_gnn,OREO CHOCOLATE 110.4/105G,2,shortage_ratio,MM BINH PHU,MM AN PHU,28.916447943281312,,,0.1,19.564666,PRICED_E1_shortage_ratio_OREO CHOCOLATE 110.4/105G_T2_3,-34.299574,,,,,,False,True,False,False,"('OREO CHOCOLATE 110.4/105G', 2, (('MM AN PHU', 'MM DA NANG', 16.342591), ('MM BINH PHU', 'MM AN PHU', 28.916448), ('MM HIEP PHU', 'MM AN PHU', 55.489895)))"
1,pricing_dedup_rejected_before_gnn,OREO CHOCOLATE 110.4/105G,2,surplus_ratio,MM HIEP PHU,MM AN PHU,55.48989529073056,,,0.1,19.564666,PRICED_E1_surplus_ratio_OREO CHOCOLATE 110.4/105G_T2_1,-34.299574,,,,,,False,True,False,False,"('OREO CHOCOLATE 110.4/105G', 2, (('MM AN PHU', 'MM DA NANG', 16.342591), ('MM BINH PHU', 'MM AN PHU', 28.916448), ('MM HIEP PHU', 'MM AN PHU', 55.489895)))"
1,pricing_dedup_rejected_before_gnn,OREO CHOCOLATE 110.4/105G,2,surplus_ratio,MM BINH PHU,MM AN PHU,28.916447943281312,,,0.1,19.564666,PRICED_E1_surplus_ratio_OREO CHOCOLATE 110.4/105G_T2_1,-34.299574,,,,,,False,True,False,False,"('OREO CHOCOLATE 110.4/105G', 2, (('MM AN PHU', 'MM DA NANG', 16.342591), ('MM BINH PHU', 'MM AN PHU', 28.916448), ('MM HIEP PHU', 'MM AN PHU', 55.489895)))"
1,pricing_dedup_rejected_before_gnn,OREO CHOCOLATE 110.4/105G,2,surplus_ratio,MM AN PHU,MM DA NANG,16.342590526997224,,,0.1,19.564666,PRICED_E1_surplus_ratio_OREO CHOCOLATE 110.4/105G_T2_1,-34.299574,,,,,,False,True,False,False,"('OREO CHOCOLATE 110.4/105G', 2, (('MM AN PHU', 'MM DA NANG', 16.342591), ('MM BINH PHU', 'MM AN PHU', 28.916448), ('MM HIEP PHU', 'MM AN PHU', 55.489895)))"
1,pricing_dedup_rejected_before_gnn,OREO CHOCOLATE 110.4/105G,2,surplus_ratio,MM BINH PHU,MM AN PHU,28.916447943281312,,,0.1,19.564666,PRICED_E1_surplus_ratio_OREO CHOCOLATE 110.4/105G_T2_2,-27.762537,,,,,,False,True,False,False,"('OREO CHOCOLATE 110.4/105G', 2, (('MM BINH PHU', 'MM AN PHU', 28.916448), ('MM HIEP PHU', 'MM AN PHU', 39.147305), ('MM HIEP PHU', 'MM DA NANG', 16.342591)))"
1,pricing_dedup_rejected_before_gnn,OREO CHOCOLATE 110.4/105G,2,surplus_ratio,MM HIEP PHU,MM DA NANG,16.342590526997224,,,0.1,19.564666,PRICED_E1_surplus_ratio_OREO CHOCOLATE 110.4/105G_T2_2,-27.762537,,,,,,False,True,False,False,"('OREO CHOCOLATE 110.4/105G', 2, (('MM BINH PHU', 'MM AN PHU', 28.916448), ('MM HIEP PHU', 'MM AN PHU', 39.147305), ('MM HIEP PHU', 'MM DA NANG', 16.342591)))"
1,pricing_dedup_rejected_before_gnn,OREO CHOCOLATE 110.4/105G,2,surplus_ratio,MM HIEP PHU,MM AN PHU,39.14730476373333,,,0.1,19.564666,PRICED_E1_surplus_ratio_OREO CHOCOLATE 110.4/105G_T2_2,-27.762537,,,,,,False,True,False,False,"('OREO CHOCOLATE 110.4/105G', 2, (('MM BINH PHU', 'MM AN PHU', 28.916448), ('MM HIEP PHU', 'MM AN PHU', 39.147305), ('MM HIEP PHU', 'MM DA NANG', 16.342591)))"
1,pricing_dedup_rejected_before_gnn,OREO CHOCOLATE 110.4/105G,2,surplus_ratio,MM HIEP PHU,MM DA NANG,16.342590526997224,,,0.1,19.564666,PRICED_E1_surplus_ratio_OREO CHOCOLATE 110.4/105G_T2_3,-27.762537,,,,,,False,True,False,False,"('OREO CHOCOLATE 110.4/105G', 2, (('MM BINH PHU', 'MM AN PHU', 28.916448), ('MM HIEP PHU', 'MM AN PHU', 39.147305), ('MM HIEP PHU', 'MM DA NANG', 16.342591)))"
1,pricing_dedup_rejected_before_gnn,OREO CHOCOLATE 110.4/105G,2,surplus_ratio,MM HIEP PHU,MM AN PHU,39.14730476373333,,,0.1,19.564666,PRICED_E1_surplus_ratio_OREO CHOCOLATE 110.4/105G_T2_3,-27.762537,,,,,,False,True,False,False,"('OREO CHOCOLATE 110.4/105G', 2, (('MM BINH PHU', 'MM AN PHU', 28.916448), ('MM HIEP PHU', 'MM AN PHU', 39.147305), ('MM HIEP PHU', 'MM DA NANG', 16.342591)))"
1,pricing_dedup_rejected_before_gnn,OREO CHOCOLATE 110.4/105G,2,surplus_ratio,MM BINH PHU,MM AN PHU,28.916447943281312,,,0.1,19.564666,PRICED_E1_surplus_ratio_OREO CHOCOLATE 110.4/105G_T2_3,-27.762537,,,,,,False,True,False,False,"('OREO CHOCOLATE 110.4/105G', 2, (('MM BINH PHU', 'MM AN PHU', 28.916448), ('MM HIEP PHU', 'MM AN PHU', 39.147305), ('MM HIEP PHU', 'MM DA NANG', 16.342591)))"
1,pricing_dedup_rejected_before_gnn,OREO CHOCOLATE 110.4/105G,2,surplus_ratio,MM BINH PHU,MM DA NANG,16.342590526997224,,,0.1,19.564666,PRICED_E1_surplus_ratio_OREO CHOCOLATE 110.4/105G_T2_4,-27.762537,,,,,,False,True,False,False,"('OREO CHOCOLATE 110.4/105G', 2, (('MM BINH PHU', 'MM AN PHU', 12.573857), ('MM BINH PHU', 'MM DA NANG', 16.342591), ('MM HIEP PHU', 'MM AN PHU', 55.489895)))"
1,pricing_dedup_rejected_before_gnn,OREO CHOCOLATE 110.4/105G,2,surplus_ratio,MM HIEP PHU,MM AN PHU,55.48989529073056,,,0.1,19.564666,PRICED_E1_surplus_ratio_OREO CHOCOLATE 110.4/105G_T2_4,-27.762537,,,,,,False,True,False,False,"('OREO CHOCOLATE 110.4/105G', 2, (('MM BINH PHU', 'MM AN PHU', 12.573857), ('MM BINH PHU', 'MM DA NANG', 16.342591), ('MM HIEP PHU', 'MM AN PHU', 55.489895)))"
1,pricing_dedup_rejected_before_gnn,OREO CHOCOLATE 110.4/105G,2,surplus_ratio,MM BINH PHU,MM AN PHU,12.573857416284088,,,0.1,19.564666,PRICED_E1_surplus_ratio_OREO CHOCOLATE 110.4/105G_T2_4,-27.762537,,,,,,False,True,False,False,"('OREO CHOCOLATE 110.4/105G', 2, (('MM BINH PHU', 'MM AN PHU', 12.573857), ('MM BINH PHU', 'MM DA NANG', 16.342591), ('MM HIEP PHU', 'MM AN PHU', 55.489895)))"
1,pricing_dedup_rejected_before_gnn,OREO CHOCOLATE 110.4/105G,2,surplus_ratio,MM AN PHU,MM DA NANG,16.342590526997224,,,0.1,19.564666,PRICED_E1_surplus_ratio_OREO CHOCOLATE 110.4/105G_T2_5,-34.299574,,,,,,False,True,False,False,"('OREO CHOCOLATE 110.4/105G', 2, (('MM AN PHU', 'MM DA NANG', 16.342591), ('MM BINH PHU', 'MM AN PHU', 28.916448), ('MM HIEP PHU', 'MM AN PHU', 55.489895)))"
1,pricing_dedup_rejected_before_gnn,OREO CHOCOLATE 110.4/105G,2,surplus_ratio,MM HIEP PHU,MM AN PHU,55.48989529073056,,,0.1,19.564666,PRICED_E1_surplus_ratio_OREO CHOCOLATE 110.4/105G_T2_5,-34.299574,,,,,,False,True,False,False,"('OREO CHOCOLATE 110.4/105G', 2, (('MM AN PHU', 'MM DA NANG', 16.342591), ('MM BINH PHU', 'MM AN PHU', 28.916448), ('MM HIEP PHU', 'MM AN PHU', 55.489895)))"
1,pricing_dedup_rejected_before_gnn,OREO CHOCOLATE 110.4/105G,2,surplus_ratio,MM BINH PHU,MM AN PHU,28.916447943281312,,,0.1,19.564666,PRICED_E1_surplus_ratio_OREO CHOCOLATE 110.4/105G_T2_5,-34.299574,,,,,,False,True,False,False,"('OREO CHOCOLATE 110.4/105G', 2, (('MM AN PHU', 'MM DA NANG', 16.342591), ('MM BINH PHU', 'MM AN PHU', 28.916448), ('MM HIEP PHU', 'MM AN PHU', 55.489895)))"
1,pricing_dedup_rejected_before_gnn,OREO CHOCOLATE 110.4/105G,2,time_urgency,MM HIEP PHU,MM AN PHU,55.48989529073056,,,0.1,19.564666,PRICED_E1_time_urgency_OREO CHOCOLATE 110.4/105G_T2_1,-34.299574,,,,,,False,True,False,False,"('OREO CHOCOLATE 110.4/105G', 2, (('MM AN PHU', 'MM DA NANG', 16.342591), ('MM BINH PHU', 'MM AN PHU', 28.916448), ('MM HIEP PHU', 'MM AN PHU', 55.489895)))"
1,pricing_dedup_rejected_before_gnn,OREO CHOCOLATE 110.4/105G,2,time_urgency,MM BINH PHU,MM AN PHU,28.916447943281312,,,0.1,19.564666,PRICED_E1_time_urgency_OREO CHOCOLATE 110.4/105G_T2_1,-34.299574,,,,,,False,True,False,False,"('OREO CHOCOLATE 110.4/105G', 2, (('MM AN PHU', 'MM DA NANG', 16.342591), ('MM BINH PHU', 'MM AN PHU', 28.916448), ('MM HIEP PHU', 'MM AN PHU', 55.489895)))"
1,pricing_dedup_rejected_before_gnn,OREO CHOCOLATE 110.4/105G,2,time_urgency,MM AN PHU,MM DA NANG,16.342590526997224,,,0.1,19.564666,PRICED_E1_time_urgency_OREO CHOCOLATE 110.4/105G_T2_1,-34.299574,,,,,,False,True,False,False,"('OREO CHOCOLATE 110.4/105G', 2, (('MM AN PHU', 'MM DA NANG', 16.342591), ('MM BINH PHU', 'MM AN PHU', 28.916448), ('MM HIEP PHU', 'MM AN PHU', 55.489895)))"
1,pricing_dedup_rejected_before_gnn,OREO CHOCOLATE 110.4/105G,2,time_urgency,MM BINH PHU,MM AN PHU,28.916447943281312,,,0.1,19.564666,PRICED_E1_time_urgency_OREO CHOCOLATE 110.4/105G_T2_2,-34.299574,,,,,,False,True,False,False,"('OREO CHOCOLATE 110.4/105G', 2, (('MM AN PHU', 'MM DA NANG', 16.342591), ('MM BINH PHU', 'MM AN PHU', 28.916448), ('MM HIEP PHU', 'MM AN PHU', 55.489895)))"
1,pricing_dedup_rejected_before_gnn,OREO CHOCOLATE 110.4/105G,2,time_urgency,MM AN PHU,MM DA NANG,16.342590526997224,,,0.1,19.564666,PRICED_E1_time_urgency_OREO CHOCOLATE 110.4/105G_T2_2,-34.299574,,,,,,False,True,False,False,"('OREO CHOCOLATE 110.4/105G', 2, (('MM AN PHU', 'MM DA NANG', 16.342591), ('MM BINH PHU', 'MM AN PHU', 28.916448), ('MM HIEP PHU', 'MM AN PHU', 55.489895)))"
1,pricing_dedup_rejected_before_gnn,OREO CHOCOLATE 110.4/105G,2,time_urgency,MM HIEP PHU,MM AN PHU,55.48989529073056,,,0.1,19.564666,PRICED_E1_time_urgency_OREO CHOCOLATE 110.4/105G_T2_2,-34.299574,,,,,,False,True,False,False,"('OREO CHOCOLATE 110.4/105G', 2, (('MM AN PHU', 'MM DA NANG', 16.342591), ('MM BINH PHU', 'MM AN PHU', 28.916448), ('MM HIEP PHU', 'MM AN PHU', 55.489895)))"
1,pricing_dedup_rejected_before_gnn,OREO CHOCOLATE 110.4/105G,2,time_urgency,MM AN PHU,MM DA NANG,16.342590526997224,,,0.1,19.564666,PRICED_E1_time_urgency_OREO CHOCOLATE 110.4/105G_T2_3,-34.299574,,,,,,False,True,False,False,"('OREO CHOCOLATE 110.4/105G', 2, (('MM AN PHU', 'MM DA NANG', 16.342591), ('MM BINH PHU', 'MM AN PHU', 28.916448), ('MM HIEP PHU', 'MM AN PHU', 55.489895)))"
1,pricing_dedup_rejected_before_gnn,OREO CHOCOLATE 110.4/105G,2,time_urgency,MM HIEP PHU,MM AN PHU,55.48989529073056,,,0.1,19.564666,PRICED_E1_time_urgency_OREO CHOCOLATE 110.4/105G_T2_3,-34.299574,,,,,,False,True,False,False,"('OREO CHOCOLATE 110.4/105G', 2, (('MM AN PHU', 'MM DA NANG', 16.342591), ('MM BINH PHU', 'MM AN PHU', 28.916448), ('MM HIEP PHU', 'MM AN PHU', 55.489895)))"
1,pricing_dedup_rejected_before_gnn,OREO CHOCOLATE 110.4/105G,2,time_urgency,MM BINH PHU,MM AN PHU,28.916447943281312,,,0.1,19.564666,PRICED_E1_time_urgency_OREO CHOCOLATE 110.4/105G_T2_3,-34.299574,,,,,,False,True,False,False,"('OREO CHOCOLATE 110.4/105G', 2, (('MM AN PHU', 'MM DA NANG', 16.342591), ('MM BINH PHU', 'MM AN PHU', 28.916448), ('MM HIEP PHU', 'MM AN PHU', 55.489895)))"
1,pricing_dedup_rejected_before_gnn,OREO CHOCOLATE 110.4/105G,2,time_urgency,MM BINH PHU,MM DA NANG,16.342590526997224,,,0.1,19.564666,PRICED_E1_time_urgency_OREO CHOCOLATE 110.4/105G_T2_4,-27.762537,,,,,,False,True,False,False,"('OREO CHOCOLATE 110.4/105G', 2, (('MM BINH PHU', 'MM AN PHU', 12.573857), ('MM BINH PHU', 'MM DA NANG', 16.342591), ('MM HIEP PHU', 'MM AN PHU', 55.489895)))"
1,pricing_dedup_rejected_before_gnn,OREO CHOCOLATE 110.4/105G,2,time_urgency,MM HIEP PHU,MM AN PHU,55.48989529073056,,,0.1,19.564666,PRICED_E1_time_urgency_OREO CHOCOLATE 110.4/105G_T2_4,-27.762537,,,,,,False,True,False,False,"('OREO CHOCOLATE 110.4/105G', 2, (('MM BINH PHU', 'MM AN PHU', 12.573857), ('MM BINH PHU', 'MM DA NANG', 16.342591), ('MM HIEP PHU', 'MM AN PHU', 55.489895)))"
1,pricing_dedup_rejected_before_gnn,OREO CHOCOLATE 110.4/105G,2,time_urgency,MM BINH PHU,MM AN PHU,12.573857416284088,,,0.1,19.564666,PRICED_E1_time_urgency_OREO CHOCOLATE 110.4/105G_T2_4,-27.762537,,,,,,False,True,False,False,"('OREO CHOCOLATE 110.4/105G', 2, (('MM BINH PHU', 'MM AN PHU', 12.573857), ('MM BINH PHU', 'MM DA NANG', 16.342591), ('MM HIEP PHU', 'MM AN PHU', 55.489895)))"
1,pricing_dedup_rejected_before_gnn,OREO CHOCOLATE 110.4/105G,2,time_urgency,MM HIEP PHU,MM DA NANG,16.342590526997224,,,0.1,19.564666,PRICED_E1_time_urgency_OREO CHOCOLATE 110.4/105G_T2_5,-27.762537,,,,,,False,True,False,False,"('OREO CHOCOLATE 110.4/105G', 2, (('MM BINH PHU', 'MM AN PHU', 28.916448), ('MM HIEP PHU', 'MM AN PHU', 39.147305), ('MM HIEP PHU', 'MM DA NANG', 16.342591)))"
1,pricing_dedup_rejected_before_gnn,OREO CHOCOLATE 110.4/105G,2,time_urgency,MM HIEP PHU,MM AN PHU,39.14730476373333,,,0.1,19.564666,PRICED_E1_time_urgency_OREO CHOCOLATE 110.4/105G_T2_5,-27.762537,,,,,,False,True,False,False,"('OREO CHOCOLATE 110.4/105G', 2, (('MM BINH PHU', 'MM AN PHU', 28.916448), ('MM HIEP PHU', 'MM AN PHU', 39.147305), ('MM HIEP PHU', 'MM DA NANG', 16.342591)))"
1,pricing_dedup_rejected_before_gnn,OREO CHOCOLATE 110.4/105G,2,time_urgency,MM BINH PHU,MM AN PHU,28.916447943281312,,,0.1,19.564666,PRICED_E1_time_urgency_OREO CHOCOLATE 110.4/105G_T2_5,-27.762537,,,,,,False,True,False,False,"('OREO CHOCOLATE 110.4/105G', 2, (('MM BINH PHU', 'MM AN PHU', 28.916448), ('MM HIEP PHU', 'MM AN PHU', 39.147305), ('MM HIEP PHU', 'MM DA NANG', 16.342591)))"
1,pricing_dedup_rejected_before_gnn,OREO CHOCOLATE 110.4/105G,2,negative_reduced_cost,MM HIEP PHU,MM AN PHU,55.48989529073056,,,0.1,19.564666,PRICED_E1_negative_reduced_cost_OREO CHOCOLATE 110.4/105G_T2_1,-34.299574,,,,,,False,True,False,False,"('OREO CHOCOLATE 110.4/105G', 2, (('MM AN PHU', 'MM DA NANG', 16.342591), ('MM BINH PHU', 'MM AN PHU', 28.916448), ('MM HIEP PHU', 'MM AN PHU', 55.489895)))"
1,pricing_dedup_rejected_before_gnn,OREO CHOCOLATE 110.4/105G,2,negative_reduced_cost,MM BINH PHU,MM AN PHU,28.916447943281312,,,0.1,19.564666,PRICED_E1_negative_reduced_cost_OREO CHOCOLATE 110.4/105G_T2_1,-34.299574,,,,,,False,True,False,False,"('OREO CHOCOLATE 110.4/105G', 2, (('MM AN PHU', 'MM DA NANG', 16.342591), ('MM BINH PHU', 'MM AN PHU', 28.916448), ('MM HIEP PHU', 'MM AN PHU', 55.489895)))"
1,pricing_dedup_rejected_before_gnn,OREO CHOCOLATE 110.4/105G,2,negative_reduced_cost,MM AN PHU,MM DA NANG,16.342590526997224,,,0.1,19.564666,PRICED_E1_negative_reduced_cost_OREO CHOCOLATE 110.4/105G_T2_1,-34.299574,,,,,,False,True,False,False,"('OREO CHOCOLATE 110.4/105G', 2, (('MM AN PHU', 'MM DA NANG', 16.342591), ('MM BINH PHU', 'MM AN PHU', 28.916448), ('MM HIEP PHU', 'MM AN PHU', 55.489895)))"
1,pricing_dedup_rejected_before_gnn,OREO CHOCOLATE 110.4/105G,2,negative_reduced_cost,MM BINH PHU,MM AN PHU,28.916447943281312,,,0.1,19.564666,PRICED_E1_negative_reduced_cost_OREO CHOCOLATE 110.4/105G_T2_2,-34.299574,,,,,,False,True,False,False,"('OREO CHOCOLATE 110.4/105G', 2, (('MM AN PHU', 'MM DA NANG', 16.342591), ('MM BINH PHU', 'MM AN PHU', 28.916448), ('MM HIEP PHU', 'MM AN PHU', 55.489895)))"
1,pricing_dedup_rejected_before_gnn,OREO CHOCOLATE 110.4/105G,2,negative_reduced_cost,MM AN PHU,MM DA NANG,16.342590526997224,,,0.1,19.564666,PRICED_E1_negative_reduced_cost_OREO CHOCOLATE 110.4/105G_T2_2,-34.299574,,,,,,False,True,False,False,"('OREO CHOCOLATE 110.4/105G', 2, (('MM AN PHU', 'MM DA NANG', 16.342591), ('MM BINH PHU', 'MM AN PHU', 28.916448), ('MM HIEP PHU', 'MM AN PHU', 55.489895)))"
1,pricing_dedup_rejected_before_gnn,OREO CHOCOLATE 110.4/105G,2,negative_reduced_cost,MM HIEP PHU,MM AN PHU,55.48989529073056,,,0.1,19.564666,PRICED_E1_negative_reduced_cost_OREO CHOCOLATE 110.4/105G_T2_2,-34.299574,,,,,,False,True,False,False,"('OREO CHOCOLATE 110.4/105G', 2, (('MM AN PHU', 'MM DA NANG', 16.342591), ('MM BINH PHU', 'MM AN PHU', 28.916448), ('MM HIEP PHU', 'MM AN PHU', 55.489895)))"
1,pricing_dedup_rejected_before_gnn,OREO CHOCOLATE 110.4/105G,2,negative_reduced_cost,MM AN PHU,MM DA NANG,16.342590526997224,,,0.1,19.564666,PRICED_E1_negative_reduced_cost_OREO CHOCOLATE 110.4/105G_T2_3,-34.299574,,,,,,False,True,False,False,"('OREO CHOCOLATE 110.4/105G', 2, (('MM AN PHU', 'MM DA NANG', 16.342591), ('MM BINH PHU', 'MM AN PHU', 28.916448), ('MM HIEP PHU', 'MM AN PHU', 55.489895)))"
1,pricing_dedup_rejected_before_gnn,OREO CHOCOLATE 110.4/105G,2,negative_reduced_cost,MM HIEP PHU,MM AN PHU,55.48989529073056,,,0.1,19.564666,PRICED_E1_negative_reduced_cost_OREO CHOCOLATE 110.4/105G_T2_3,-34.299574,,,,,,False,True,False,False,"('OREO CHOCOLATE 110.4/105G', 2, (('MM AN PHU', 'MM DA NANG', 16.342591), ('MM BINH PHU', 'MM AN PHU', 28.916448), ('MM HIEP PHU', 'MM AN PHU', 55.489895)))"
1,pricing_dedup_rejected_before_gnn,OREO CHOCOLATE 110.4/105G,2,negative_reduced_cost,MM BINH PHU,MM AN PHU,28.916447943281312,,,0.1,19.564666,PRICED_E1_negative_reduced_cost_OREO CHOCOLATE 110.4/105G_T2_3,-34.299574,,,,,,False,True,False,False,"('OREO CHOCOLATE 110.4/105G', 2, (('MM AN PHU', 'MM DA NANG', 16.342591), ('MM BINH PHU', 'MM AN PHU', 28.916448), ('MM HIEP PHU', 'MM AN PHU', 55.489895)))"
1,pricing_dedup_rejected_before_gnn,OREO CHOCOLATE 110.4/105G,2,negative_reduced_cost,MM BINH PHU,MM DA NANG,16.342590526997224,,,0.1,19.564666,PRICED_E1_negative_reduced_cost_OREO CHOCOLATE 110.4/105G_T2_4,-27.762537,,,,,,False,True,False,False,"('OREO CHOCOLATE 110.4/105G', 2, (('MM BINH PHU', 'MM AN PHU', 12.573857), ('MM BINH PHU', 'MM DA NANG', 16.342591), ('MM HIEP PHU', 'MM AN PHU', 55.489895)))"
1,pricing_dedup_rejected_before_gnn,OREO CHOCOLATE 110.4/105G,2,negative_reduced_cost,MM HIEP PHU,MM AN PHU,55.48989529073056,,,0.1,19.564666,PRICED_E1_negative_reduced_cost_OREO CHOCOLATE 110.4/105G_T2_4,-27.762537,,,,,,False,True,False,False,"('OREO CHOCOLATE 110.4/105G', 2, (('MM BINH PHU', 'MM AN PHU', 12.573857), ('MM BINH PHU', 'MM DA NANG', 16.342591), ('MM HIEP PHU', 'MM AN PHU', 55.489895)))"
1,pricing_dedup_rejected_before_gnn,OREO CHOCOLATE 110.4/105G,2,negative_reduced_cost,MM BINH PHU,MM AN PHU,12.573857416284088,,,0.1,19.564666,PRICED_E1_negative_reduced_cost_OREO CHOCOLATE 110.4/105G_T2_4,-27.762537,,,,,,False,True,False,False,"('OREO CHOCOLATE 110.4/105G', 2, (('MM BINH PHU', 'MM AN PHU', 12.573857), ('MM BINH PHU', 'MM DA NANG', 16.342591), ('MM HIEP PHU', 'MM AN PHU', 55.489895)))"
1,pricing_dedup_rejected_before_gnn,OREO CHOCOLATE 110.4/105G,2,negative_reduced_cost,MM HIEP PHU,MM DA NANG,16.342590526997224,,,0.1,19.564666,PRICED_E1_negative_reduced_cost_OREO CHOCOLATE 110.4/105G_T2_5,-27.762537,,,,,,False,True,False,False,"('OREO CHOCOLATE 110.4/105G', 2, (('MM BINH PHU', 'MM AN PHU', 28.916448), ('MM HIEP PHU', 'MM AN PHU', 39.147305), ('MM HIEP PHU', 'MM DA NANG', 16.342591)))"
1,pricing_dedup_rejected_before_gnn,OREO CHOCOLATE 110.4/105G,2,negative_reduced_cost,MM HIEP PHU,MM AN PHU,39.14730476373333,,,0.1,19.564666,PRICED_E1_negative_reduced_cost_OREO CHOCOLATE 110.4/105G_T2_5,-27.762537,,,,,,False,True,False,False,"('OREO CHOCOLATE 110.4/105G', 2, (('MM BINH PHU', 'MM AN PHU', 28.916448), ('MM HIEP PHU', 'MM AN PHU', 39.147305), ('MM HIEP PHU', 'MM DA NANG', 16.342591)))"
1,pricing_dedup_rejected_before_gnn,OREO CHOCOLATE 110.4/105G,2,negative_reduced_cost,MM BINH PHU,MM AN PHU,28.916447943281312,,,0.1,19.564666,PRICED_E1_negative_reduced_cost_OREO CHOCOLATE 110.4/105G_T2_5,-27.762537,,,,,,False,True,False,False,"('OREO CHOCOLATE 110.4/105G', 2, (('MM BINH PHU', 'MM AN PHU', 28.916448), ('MM HIEP PHU', 'MM AN PHU', 39.147305), ('MM HIEP PHU', 'MM DA NANG', 16.342591)))"
1,pricing_dedup_rejected_before_gnn,OREO CHOCOLATE 110.4/105G,3,surplus_ratio,MM HIEP PHU,MM AN PHU,38.73021646008189,,,0.1,27.41296,PRICED_E1_surplus_ratio_OREO CHOCOLATE 110.4/105G_T3_1,-31733.539367,,,,,,False,True,False,False,"('OREO CHOCOLATE 110.4/105G', 3, (('MM HIEP PHU', 'MM AN PHU', 38.730216),))"
1,pricing_dedup_rejected_before_gnn,OREO CHOCOLATE 110.4/105G,3,time_urgency,MM HIEP PHU,MM AN PHU,38.73021646008189,,,0.1,27.41296,PRICED_E1_time_urgency_OREO CHOCOLATE 110.4/105G_T3_1,-31733.539367,,,,,,False,True,False,False,"('OREO CHOCOLATE 110.4/105G', 3, (('MM HIEP PHU', 'MM AN PHU', 38.730216),))"
1,pricing_dedup_rejected_before_gnn,OREO CHOCOLATE 110.4/105G,3,negative_reduced_cost,MM HIEP PHU,MM AN PHU,38.73021646008189,,,0.1,27.41296,PRICED_E1_negative_reduced_cost_OREO CHOCOLATE 110.4/105G_T3_1,-31733.539367,,,,,,False,True,False,False,"('OREO CHOCOLATE 110.4/105G', 3, (('MM HIEP PHU', 'MM AN PHU', 38.730216),))"
1,pricing_dedup_rejected_before_gnn,OREO CHOCOLATE 110.4/105G,4,surplus_ratio,MM HIEP PHU,MM AN PHU,38.25257405240775,,,0.1,27.126068,PRICED_E1_surplus_ratio_OREO CHOCOLATE 110.4/105G_T4_1,-31342.159179,,,,,,False,True,False,False,"('OREO CHOCOLATE 110.4/105G', 4, (('MM HIEP PHU', 'MM AN PHU', 38.252574),))"
1,pricing_dedup_rejected_before_gnn,OREO CHOCOLATE 110.4/105G,4,time_urgency,MM HIEP PHU,MM AN PHU,38.25257405240775,,,0.1,27.126068,PRICED_E1_time_urgency_OREO CHOCOLATE 110.4/105G_T4_1,-31342.159179,,,,,,False,True,False,False,"('OREO CHOCOLATE 110.4/105G', 4, (('MM HIEP PHU', 'MM AN PHU', 38.252574),))"
1,pricing_dedup_rejected_before_gnn,OREO CHOCOLATE 110.4/105G,4,negative_reduced_cost,MM HIEP PHU,MM AN PHU,38.25257405240775,,,0.1,27.126068,PRICED_E1_negative_reduced_cost_OREO CHOCOLATE 110.4/105G_T4_1,-31342.159179,,,,,,False,True,False,False,"('OREO CHOCOLATE 110.4/105G', 4, (('MM HIEP PHU', 'MM AN PHU', 38.252574),))"
1,pricing_dedup_rejected_before_gnn,OREO CHOCOLATE 110.4/105G,5,surplus_ratio,MM HIEP PHU,MM AN PHU,43.56716651493747,,,0.1,14.033205,PRICED_E1_surplus_ratio_OREO CHOCOLATE 110.4/105G_T5_1,-35696.936242,,,,,,False,True,False,False,"('OREO CHOCOLATE 110.4/105G', 5, (('MM HIEP PHU', 'MM AN PHU', 43.567167),))"
1,pricing_dedup_rejected_before_gnn,OREO CHOCOLATE 110.4/105G,5,surplus_ratio,MM HIEP PHU,MM DA NANG,6.172263375145784,,,0.1,14.033205,PRICED_E1_surplus_ratio_OREO CHOCOLATE 110.4/105G_T5_2,-30942.736242,,,,,,False,True,False,False,"('OREO CHOCOLATE 110.4/105G', 5, (('MM HIEP PHU', 'MM AN PHU', 31.594903), ('MM HIEP PHU', 'MM BINH PHU', 5.8), ('MM HIEP PHU', 'MM DA NANG', 6.172263)))"
1,pricing_dedup_rejected_before_gnn,OREO CHOCOLATE 110.4/105G,5,surplus_ratio,MM HIEP PHU,MM BINH PHU,5.799999999999997,,,0.1,14.033205,PRICED_E1_surplus_ratio_OREO CHOCOLATE 110.4/105G_T5_2,-30942.736242,,,,,,False,True,False,False,"('OREO CHOCOLATE 110.4/105G', 5, (('MM HIEP PHU', 'MM AN PHU', 31.594903), ('MM HIEP PHU', 'MM BINH PHU', 5.8), ('MM HIEP PHU', 'MM DA NANG', 6.172263)))"
1,pricing_dedup_rejected_before_gnn,OREO CHOCOLATE 110.4/105G,5,surplus_ratio,MM HIEP PHU,MM AN PHU,31.59490313979169,,,0.1,14.033205,PRICED_E1_surplus_ratio_OREO CHOCOLATE 110.4/105G_T5_2,-30942.736242,,,,,,False,True,False,False,"('OREO CHOCOLATE 110.4/105G', 5, (('MM HIEP PHU', 'MM AN PHU', 31.594903), ('MM HIEP PHU', 'MM BINH PHU', 5.8), ('MM HIEP PHU', 'MM DA NANG', 6.172263)))"
1,pricing_dedup_rejected_before_gnn,OREO CHOCOLATE 110.4/105G,5,surplus_ratio,MM HIEP PHU,MM BINH PHU,5.799999999999997,,,0.1,14.033205,PRICED_E1_surplus_ratio_OREO CHOCOLATE 110.4/105G_T5_3,-30944.736242,,,,,,False,True,False,False,"('OREO CHOCOLATE 110.4/105G', 5, (('MM HIEP PHU', 'MM AN PHU', 37.767167), ('MM HIEP PHU', 'MM BINH PHU', 5.8)))"
1,pricing_dedup_rejected_before_gnn,OREO CHOCOLATE 110.4/105G,5,surplus_ratio,MM HIEP PHU,MM AN PHU,37.76716651493747,,,0.1,14.033205,PRICED_E1_surplus_ratio_OREO CHOCOLATE 110.4/105G_T5_3,-30944.736242,,,,,,False,True,False,False,"('OREO CHOCOLATE 110.4/105G', 5, (('MM HIEP PHU', 'MM AN PHU', 37.767167), ('MM HIEP PHU', 'MM BINH PHU', 5.8)))"
1,pricing_dedup_rejected_before_gnn,OREO CHOCOLATE 110.4/105G,5,time_urgency,MM HIEP PHU,MM AN PHU,43.56716651493747,,,0.1,14.033205,PRICED_E1_time_urgency_OREO CHOCOLATE 110.4/105G_T5_1,-35696.936242,,,,,,False,True,False,False,"('OREO CHOCOLATE 110.4/105G', 5, (('MM HIEP PHU', 'MM AN PHU', 43.567167),))"
1,pricing_dedup_rejected_before_gnn,OREO CHOCOLATE 110.4/105G,5,time_urgency,MM HIEP PHU,MM DA NANG,6.172263375145784,,,0.1,14.033205,PRICED_E1_time_urgency_OREO CHOCOLATE 110.4/105G_T5_2,-30942.736242,,,,,,False,True,False,False,"('OREO CHOCOLATE 110.4/105G', 5, (('MM HIEP PHU', 'MM AN PHU', 31.594903), ('MM HIEP PHU', 'MM BINH PHU', 5.8), ('MM HIEP PHU', 'MM DA NANG', 6.172263)))"
1,pricing_dedup_rejected_before_gnn,OREO CHOCOLATE 110.4/105G,5,time_urgency,MM HIEP PHU,MM BINH PHU,5.799999999999997,,,0.1,14.033205,PRICED_E1_time_urgency_OREO CHOCOLATE 110.4/105G_T5_2,-30942.736242,,,,,,False,True,False,False,"('OREO CHOCOLATE 110.4/105G', 5, (('MM HIEP PHU', 'MM AN PHU', 31.594903), ('MM HIEP PHU', 'MM BINH PHU', 5.8), ('MM HIEP PHU', 'MM DA NANG', 6.172263)))"
1,pricing_dedup_rejected_before_gnn,OREO CHOCOLATE 110.4/105G,5,time_urgency,MM HIEP PHU,MM AN PHU,31.59490313979169,,,0.1,14.033205,PRICED_E1_time_urgency_OREO CHOCOLATE 110.4/105G_T5_2,-30942.736242,,,,,,False,True,False,False,"('OREO CHOCOLATE 110.4/105G', 5, (('MM HIEP PHU', 'MM AN PHU', 31.594903), ('MM HIEP PHU', 'MM BINH PHU', 5.8), ('MM HIEP PHU', 'MM DA NANG', 6.172263)))"
1,pricing_dedup_rejected_before_gnn,OREO CHOCOLATE 110.4/105G,5,time_urgency,MM HIEP PHU,MM BINH PHU,5.799999999999997,,,0.1,14.033205,PRICED_E1_time_urgency_OREO CHOCOLATE 110.4/105G_T5_3,-30944.736242,,,,,,False,True,False,False,"('OREO CHOCOLATE 110.4/105G', 5, (('MM HIEP PHU', 'MM AN PHU', 37.767167), ('MM HIEP PHU', 'MM BINH PHU', 5.8)))"
1,pricing_dedup_rejected_before_gnn,OREO CHOCOLATE 110.4/105G,5,time_urgency,MM HIEP PHU,MM AN PHU,37.76716651493747,,,0.1,14.033205,PRICED_E1_time_urgency_OREO CHOCOLATE 110.4/105G_T5_3,-30944.736242,,,,,,False,True,False,False,"('OREO CHOCOLATE 110.4/105G', 5, (('MM HIEP PHU', 'MM AN PHU', 37.767167), ('MM HIEP PHU', 'MM BINH PHU', 5.8)))"
1,pricing_dedup_rejected_before_gnn,OREO CHOCOLATE 110.4/105G,5,negative_reduced_cost,MM HIEP PHU,MM AN PHU,43.56716651493747,,,0.1,14.033205,PRICED_E1_negative_reduced_cost_OREO CHOCOLATE 110.4/105G_T5_1,-35696.936242,,,,,,False,True,False,False,"('OREO CHOCOLATE 110.4/105G', 5, (('MM HIEP PHU', 'MM AN PHU', 43.567167),))"
1,pricing_dedup_rejected_before_gnn,OREO CHOCOLATE 110.4/105G,5,negative_reduced_cost,MM HIEP PHU,MM DA NANG,6.172263375145784,,,0.1,14.033205,PRICED_E1_negative_reduced_cost_OREO CHOCOLATE 110.4/105G_T5_2,-30942.736242,,,,,,False,True,False,False,"('OREO CHOCOLATE 110.4/105G', 5, (('MM HIEP PHU', 'MM AN PHU', 31.594903), ('MM HIEP PHU', 'MM BINH PHU', 5.8), ('MM HIEP PHU', 'MM DA NANG', 6.172263)))"
1,pricing_dedup_rejected_before_gnn,OREO CHOCOLATE 110.4/105G,5,negative_reduced_cost,MM HIEP PHU,MM BINH PHU,5.799999999999997,,,0.1,14.033205,PRICED_E1_negative_reduced_cost_OREO CHOCOLATE 110.4/105G_T5_2,-30942.736242,,,,,,False,True,False,False,"('OREO CHOCOLATE 110.4/105G', 5, (('MM HIEP PHU', 'MM AN PHU', 31.594903), ('MM HIEP PHU', 'MM BINH PHU', 5.8), ('MM HIEP PHU', 'MM DA NANG', 6.172263)))"
1,pricing_dedup_rejected_before_gnn,OREO CHOCOLATE 110.4/105G,5,negative_reduced_cost,MM HIEP PHU,MM AN PHU,31.59490313979169,,,0.1,14.033205,PRICED_E1_negative_reduced_cost_OREO CHOCOLATE 110.4/105G_T5_2,-30942.736242,,,,,,False,True,False,False,"('OREO CHOCOLATE 110.4/105G', 5, (('MM HIEP PHU', 'MM AN PHU', 31.594903), ('MM HIEP PHU', 'MM BINH PHU', 5.8), ('MM HIEP PHU', 'MM DA NANG', 6.172263)))"
1,pricing_dedup_rejected_before_gnn,OREO CHOCOLATE 110.4/105G,5,negative_reduced_cost,MM HIEP PHU,MM BINH PHU,5.799999999999997,,,0.1,14.033205,PRICED_E1_negative_reduced_cost_OREO CHOCOLATE 110.4/105G_T5_3,-30944.736242,,,,,,False,True,False,False,"('OREO CHOCOLATE 110.4/105G', 5, (('MM HIEP PHU', 'MM AN PHU', 37.767167), ('MM HIEP PHU', 'MM BINH PHU', 5.8)))"
1,pricing_dedup_rejected_before_gnn,OREO CHOCOLATE 110.4/105G,5,negative_reduced_cost,MM HIEP PHU,MM AN PHU,37.76716651493747,,,0.1,14.033205,PRICED_E1_negative_reduced_cost_OREO CHOCOLATE 110.4/105G_T5_3,-30944.736242,,,,,,False,True,False,False,"('OREO CHOCOLATE 110.4/105G', 5, (('MM HIEP PHU', 'MM AN PHU', 37.767167), ('MM HIEP PHU', 'MM BINH PHU', 5.8)))"
1,pricing_dedup_rejected_before_gnn,OREO CHOCOLATE 110.4/105G,6,surplus_ratio,MM HIEP PHU,MM AN PHU,27.797845766872975,,,0.1,13.797118,PRICED_E1_surplus_ratio_OREO CHOCOLATE 110.4/105G_T6_1,-22775.554821,,,,,,False,True,False,False,"('OREO CHOCOLATE 110.4/105G', 6, (('MM HIEP PHU', 'MM AN PHU', 27.797846),))"
1,pricing_dedup_rejected_before_gnn,OREO CHOCOLATE 110.4/105G,6,surplus_ratio,MM HIEP PHU,MM DA NANG,13.569417531974295,,,0.1,13.797118,PRICED_E1_surplus_ratio_OREO CHOCOLATE 110.4/105G_T6_2,-2779.778606,,,,,,False,True,False,False,"('OREO CHOCOLATE 110.4/105G', 6, (('MM HIEP PHU', 'MM AN PHU', 3.387863), ('MM HIEP PHU', 'MM BINH PHU', 10.840566), ('MM HIEP PHU', 'MM DA NANG', 13.569418)))"
1,pricing_dedup_rejected_before_gnn,OREO CHOCOLATE 110.4/105G,6,surplus_ratio,MM HIEP PHU,MM BINH PHU,10.84056563725549,,,0.1,13.797118,PRICED_E1_surplus_ratio_OREO CHOCOLATE 110.4/105G_T6_2,-2779.778606,,,,,,False,True,False,False,"('OREO CHOCOLATE 110.4/105G', 6, (('MM HIEP PHU', 'MM AN PHU', 3.387863), ('MM HIEP PHU', 'MM BINH PHU', 10.840566), ('MM HIEP PHU', 'MM DA NANG', 13.569418)))"
1,pricing_dedup_rejected_before_gnn,OREO CHOCOLATE 110.4/105G,6,surplus_ratio,MM HIEP PHU,MM AN PHU,3.3878625976431884,,,0.1,13.797118,PRICED_E1_surplus_ratio_OREO CHOCOLATE 110.4/105G_T6_2,-2779.778606,,,,,,False,True,False,False,"('OREO CHOCOLATE 110.4/105G', 6, (('MM HIEP PHU', 'MM AN PHU', 3.387863), ('MM HIEP PHU', 'MM BINH PHU', 10.840566), ('MM HIEP PHU', 'MM DA NANG', 13.569418)))"
1,pricing_dedup_rejected_before_gnn,OREO CHOCOLATE 110.4/105G,6,surplus_ratio,MM HIEP PHU,MM BINH PHU,10.84056563725549,,,0.1,13.797118,PRICED_E1_surplus_ratio_OREO CHOCOLATE 110.4/105G_T6_3,-13895.131564,,,,,,False,True,False,False,"('OREO CHOCOLATE 110.4/105G', 6, (('MM HIEP PHU', 'MM AN PHU', 16.95728), ('MM HIEP PHU', 'MM BINH PHU', 10.840566)))"
1,pricing_dedup_rejected_before_gnn,OREO CHOCOLATE 110.4/105G,6,surplus_ratio,MM HIEP PHU,MM AN PHU,16.957280129617484,,,0.1,13.797118,PRICED_E1_surplus_ratio_OREO CHOCOLATE 110.4/105G_T6_3,-13895.131564,,,,,,False,True,False,False,"('OREO CHOCOLATE 110.4/105G', 6, (('MM HIEP PHU', 'MM AN PHU', 16.95728), ('MM HIEP PHU', 'MM BINH PHU', 10.840566)))"
1,pricing_dedup_rejected_before_gnn,OREO CHOCOLATE 110.4/105G,6,time_urgency,MM HIEP PHU,MM AN PHU,27.797845766872975,,,0.1,13.797118,PRICED_E1_time_urgency_OREO CHOCOLATE 110.4/105G_T6_1,-22775.554821,,,,,,False,True,False,False,"('OREO CHOCOLATE 110.4/105G', 6, (('MM HIEP PHU', 'MM AN PHU', 27.797846),))"
1,pricing_dedup_rejected_before_gnn,OREO CHOCOLATE 110.4/105G,6,time_urgency,MM HIEP PHU,MM DA NANG,13.569417531974295,,,0.1,13.797118,PRICED_E1_time_urgency_OREO CHOCOLATE 110.4/105G_T6_2,-2779.778606,,,,,,False,True,False,False,"('OREO CHOCOLATE 110.4/105G', 6, (('MM HIEP PHU', 'MM AN PHU', 3.387863), ('MM HIEP PHU', 'MM BINH PHU', 10.840566), ('MM HIEP PHU', 'MM DA NANG', 13.569418)))"
1,pricing_dedup_rejected_before_gnn,OREO CHOCOLATE 110.4/105G,6,time_urgency,MM HIEP PHU,MM BINH PHU,10.84056563725549,,,0.1,13.797118,PRICED_E1_time_urgency_OREO CHOCOLATE 110.4/105G_T6_2,-2779.778606,,,,,,False,True,False,False,"('OREO CHOCOLATE 110.4/105G', 6, (('MM HIEP PHU', 'MM AN PHU', 3.387863), ('MM HIEP PHU', 'MM BINH PHU', 10.840566), ('MM HIEP PHU', 'MM DA NANG', 13.569418)))"
1,pricing_dedup_rejected_before_gnn,OREO CHOCOLATE 110.4/105G,6,time_urgency,MM HIEP PHU,MM AN PHU,3.3878625976431884,,,0.1,13.797118,PRICED_E1_time_urgency_OREO CHOCOLATE 110.4/105G_T6_2,-2779.778606,,,,,,False,True,False,False,"('OREO CHOCOLATE 110.4/105G', 6, (('MM HIEP PHU', 'MM AN PHU', 3.387863), ('MM HIEP PHU', 'MM BINH PHU', 10.840566), ('MM HIEP PHU', 'MM DA NANG', 13.569418)))"
1,pricing_dedup_rejected_before_gnn,OREO CHOCOLATE 110.4/105G,6,time_urgency,MM HIEP PHU,MM BINH PHU,10.84056563725549,,,0.1,13.797118,PRICED_E1_time_urgency_OREO CHOCOLATE 110.4/105G_T6_3,-13895.131564,,,,,,False,True,False,False,"('OREO CHOCOLATE 110.4/105G', 6, (('MM HIEP PHU', 'MM AN PHU', 16.95728), ('MM HIEP PHU', 'MM BINH PHU', 10.840566)))"
1,pricing_dedup_rejected_before_gnn,OREO CHOCOLATE 110.4/105G,6,time_urgency,MM HIEP PHU,MM AN PHU,16.957280129617484,,,0.1,13.797118,PRICED_E1_time_urgency_OREO CHOCOLATE 110.4/105G_T6_3,-13895.131564,,,,,,False,True,False,False,"('OREO CHOCOLATE 110.4/105G', 6, (('MM HIEP PHU', 'MM AN PHU', 16.95728), ('MM HIEP PHU', 'MM BINH PHU', 10.840566)))"
1,pricing_dedup_rejected_before_gnn,OREO CHOCOLATE 110.4/105G,6,negative_reduced_cost,MM HIEP PHU,MM AN PHU,27.797845766872975,,,0.1,13.797118,PRICED_E1_negative_reduced_cost_OREO CHOCOLATE 110.4/105G_T6_1,-22775.554821,,,,,,False,True,False,False,"('OREO CHOCOLATE 110.4/105G', 6, (('MM HIEP PHU', 'MM AN PHU', 27.797846),))"
1,pricing_dedup_rejected_before_gnn,OREO CHOCOLATE 110.4/105G,6,negative_reduced_cost,MM HIEP PHU,MM DA NANG,13.569417531974295,,,0.1,13.797118,PRICED_E1_negative_reduced_cost_OREO CHOCOLATE 110.4/105G_T6_2,-2779.778606,,,,,,False,True,False,False,"('OREO CHOCOLATE 110.4/105G', 6, (('MM HIEP PHU', 'MM AN PHU', 3.387863), ('MM HIEP PHU', 'MM BINH PHU', 10.840566), ('MM HIEP PHU', 'MM DA NANG', 13.569418)))"
1,pricing_dedup_rejected_before_gnn,OREO CHOCOLATE 110.4/105G,6,negative_reduced_cost,MM HIEP PHU,MM BINH PHU,10.84056563725549,,,0.1,13.797118,PRICED_E1_negative_reduced_cost_OREO CHOCOLATE 110.4/105G_T6_2,-2779.778606,,,,,,False,True,False,False,"('OREO CHOCOLATE 110.4/105G', 6, (('MM HIEP PHU', 'MM AN PHU', 3.387863), ('MM HIEP PHU', 'MM BINH PHU', 10.840566), ('MM HIEP PHU', 'MM DA NANG', 13.569418)))"
1,pricing_dedup_rejected_before_gnn,OREO CHOCOLATE 110.4/105G,6,negative_reduced_cost,MM HIEP PHU,MM AN PHU,3.3878625976431884,,,0.1,13.797118,PRICED_E1_negative_reduced_cost_OREO CHOCOLATE 110.4/105G_T6_2,-2779.778606,,,,,,False,True,False,False,"('OREO CHOCOLATE 110.4/105G', 6, (('MM HIEP PHU', 'MM AN PHU', 3.387863), ('MM HIEP PHU', 'MM BINH PHU', 10.840566), ('MM HIEP PHU', 'MM DA NANG', 13.569418)))"
1,pricing_dedup_rejected_before_gnn,OREO CHOCOLATE 110.4/105G,6,negative_reduced_cost,MM HIEP PHU,MM BINH PHU,10.84056563725549,,,0.1,13.797118,PRICED_E1_negative_reduced_cost_OREO CHOCOLATE 110.4/105G_T6_3,-13895.131564,,,,,,False,True,False,False,"('OREO CHOCOLATE 110.4/105G', 6, (('MM HIEP PHU', 'MM AN PHU', 16.95728), ('MM HIEP PHU', 'MM BINH PHU', 10.840566)))"
1,pricing_dedup_rejected_before_gnn,OREO CHOCOLATE 110.4/105G,6,negative_reduced_cost,MM HIEP PHU,MM AN PHU,16.957280129617484,,,0.1,13.797118,PRICED_E1_negative_reduced_cost_OREO CHOCOLATE 110.4/105G_T6_3,-13895.131564,,,,,,False,True,False,False,"('OREO CHOCOLATE 110.4/105G', 6, (('MM HIEP PHU', 'MM AN PHU', 16.95728), ('MM HIEP PHU', 'MM BINH PHU', 10.840566)))"
1,pricing_dedup_rejected_before_gnn,OREO CHOCOLATE 110.4/105G,7,surplus_ratio,MM HIEP PHU,MM AN PHU,6.107758047747637,,,0.1,7.723963,PRICED_E1_surplus_ratio_OREO CHOCOLATE 110.4/105G_T7_1,-5002.696944,,,,,,False,True,False,False,"('OREO CHOCOLATE 110.4/105G', 7, (('MM HIEP PHU', 'MM AN PHU', 6.107758),))"
1,pricing_dedup_rejected_before_gnn,OREO CHOCOLATE 110.4/105G,7,time_urgency,MM HIEP PHU,MM AN PHU,6.107758047747637,,,0.1,7.723963,PRICED_E1_time_urgency_OREO CHOCOLATE 110.4/105G_T7_1,-5002.696944,,,,,,False,True,False,False,"('OREO CHOCOLATE 110.4/105G', 7, (('MM HIEP PHU', 'MM AN PHU', 6.107758),))"
1,pricing_dedup_rejected_before_gnn,OREO CHOCOLATE 110.4/105G,7,negative_reduced_cost,MM HIEP PHU,MM AN PHU,6.107758047747637,,,0.1,7.723963,PRICED_E1_negative_reduced_cost_OREO CHOCOLATE 110.4/105G_T7_1,-5002.696944,,,,,,False,True,False,False,"('OREO CHOCOLATE 110.4/105G', 7, (('MM HIEP PHU', 'MM AN PHU', 6.107758),))"
1,pricing_dedup_rejected_before_gnn,OREO VANILLA 110.4/105G,2,surplus_ratio,MM DA NANG,MM AN PHU,46.37331015276553,,,0.1,23.746458,PRICED_E1_surplus_ratio_OREO VANILLA 110.4/105G_T2_1,-16.549324,,,,,,False,True,False,False,"('OREO VANILLA 110.4/105G', 2, (('MM DA NANG', 'MM AN PHU', 46.37331),))"
1,pricing_dedup_rejected_before_gnn,OREO VANILLA 110.4/105G,2,surplus_ratio,MM HIEP PHU,MM AN PHU,46.37331015276553,,,0.1,23.746458,PRICED_E1_surplus_ratio_OREO VANILLA 110.4/105G_T2_2,-16.549324,,,,,,False,True,False,False,"('OREO VANILLA 110.4/105G', 2, (('MM HIEP PHU', 'MM AN PHU', 46.37331),))"
1,pricing_dedup_rejected_before_gnn,OREO VANILLA 110.4/105G,2,surplus_ratio,MM BINH PHU,MM AN PHU,10.406890537796688,,,0.1,23.746458,PRICED_E1_surplus_ratio_OREO VANILLA 110.4/105G_T2_3,-14.549324,,,,,,False,True,False,False,"('OREO VANILLA 110.4/105G', 2, (('MM BINH PHU', 'MM AN PHU', 10.406891), ('MM DA NANG', 'MM AN PHU', 35.96642)))"
1,pricing_dedup_rejected_before_gnn,OREO VANILLA 110.4/105G,2,surplus_ratio,MM DA NANG,MM AN PHU,35.96641961496884,,,0.1,23.746458,PRICED_E1_surplus_ratio_OREO VANILLA 110.4/105G_T2_3,-14.549324,,,,,,False,True,False,False,"('OREO VANILLA 110.4/105G', 2, (('MM BINH PHU', 'MM AN PHU', 10.406891), ('MM DA NANG', 'MM AN PHU', 35.96642)))"
1,pricing_dedup_rejected_before_gnn,OREO VANILLA 110.4/105G,2,time_urgency,MM DA NANG,MM AN PHU,46.37331015276553,,,0.1,23.746458,PRICED_E1_time_urgency_OREO VANILLA 110.4/105G_T2_1,-16.549324,,,,,,False,True,False,False,"('OREO VANILLA 110.4/105G', 2, (('MM DA NANG', 'MM AN PHU', 46.37331),))"
1,pricing_dedup_rejected_before_gnn,OREO VANILLA 110.4/105G,2,time_urgency,MM HIEP PHU,MM AN PHU,46.37331015276553,,,0.1,23.746458,PRICED_E1_time_urgency_OREO VANILLA 110.4/105G_T2_2,-16.549324,,,,,,False,True,False,False,"('OREO VANILLA 110.4/105G', 2, (('MM HIEP PHU', 'MM AN PHU', 46.37331),))"
1,pricing_dedup_rejected_before_gnn,OREO VANILLA 110.4/105G,2,time_urgency,MM BINH PHU,MM AN PHU,10.406890537796688,,,0.1,23.746458,PRICED_E1_time_urgency_OREO VANILLA 110.4/105G_T2_3,-14.549324,,,,,,False,True,False,False,"('OREO VANILLA 110.4/105G', 2, (('MM BINH PHU', 'MM AN PHU', 10.406891), ('MM DA NANG', 'MM AN PHU', 35.96642)))"
1,pricing_dedup_rejected_before_gnn,OREO VANILLA 110.4/105G,2,time_urgency,MM DA NANG,MM AN PHU,35.96641961496884,,,0.1,23.746458,PRICED_E1_time_urgency_OREO VANILLA 110.4/105G_T2_3,-14.549324,,,,,,False,True,False,False,"('OREO VANILLA 110.4/105G', 2, (('MM BINH PHU', 'MM AN PHU', 10.406891), ('MM DA NANG', 'MM AN PHU', 35.96642)))"
1,pricing_dedup_rejected_before_gnn,OREO VANILLA 110.4/105G,2,negative_reduced_cost,MM DA NANG,MM AN PHU,46.37331015276553,,,0.1,23.746458,PRICED_E1_negative_reduced_cost_OREO VANILLA 110.4/105G_T2_1,-16.549324,,,,,,False,True,False,False,"('OREO VANILLA 110.4/105G', 2, (('MM DA NANG', 'MM AN PHU', 46.37331),))"
1,pricing_dedup_rejected_before_gnn,OREO VANILLA 110.4/105G,2,negative_reduced_cost,MM HIEP PHU,MM AN PHU,46.37331015276553,,,0.1,23.746458,PRICED_E1_negative_reduced_cost_OREO VANILLA 110.4/105G_T2_2,-16.549324,,,,,,False,True,False,False,"('OREO VANILLA 110.4/105G', 2, (('MM HIEP PHU', 'MM AN PHU', 46.37331),))"
1,pricing_dedup_rejected_before_gnn,OREO VANILLA 110.4/105G,2,negative_reduced_cost,MM BINH PHU,MM AN PHU,10.406890537796688,,,0.1,23.746458,PRICED_E1_negative_reduced_cost_OREO VANILLA 110.4/105G_T2_3,-14.549324,,,,,,False,True,False,False,"('OREO VANILLA 110.4/105G', 2, (('MM BINH PHU', 'MM AN PHU', 10.406891), ('MM DA NANG', 'MM AN PHU', 35.96642)))"
1,pricing_dedup_rejected_before_gnn,OREO VANILLA 110.4/105G,2,negative_reduced_cost,MM DA NANG,MM AN PHU,35.96641961496884,,,0.1,23.746458,PRICED_E1_negative_reduced_cost_OREO VANILLA 110.4/105G_T2_3,-14.549324,,,,,,False,True,False,False,"('OREO VANILLA 110.4/105G', 2, (('MM BINH PHU', 'MM AN PHU', 10.406891), ('MM DA NANG', 'MM AN PHU', 35.96642)))"
1,pricing_dedup_rejected_before_gnn,OREO VANILLA 110.4/105G,3,surplus_ratio,MM DA NANG,MM AN PHU,129.55005300329327,,,0.1,56.398544,PRICED_E1_surplus_ratio_OREO VANILLA 110.4/105G_T3_1,-49.820021,,,,,,False,True,False,False,"('OREO VANILLA 110.4/105G', 3, (('MM DA NANG', 'MM AN PHU', 129.550053),))"
1,pricing_dedup_rejected_before_gnn,OREO VANILLA 110.4/105G,3,surplus_ratio,MM HIEP PHU,MM AN PHU,100.41946722846228,,,0.1,56.398544,PRICED_E1_surplus_ratio_OREO VANILLA 110.4/105G_T3_2,-47.820021,,,,,,False,True,False,False,"('OREO VANILLA 110.4/105G', 3, (('MM BINH PHU', 'MM AN PHU', 29.130586), ('MM HIEP PHU', 'MM AN PHU', 100.419467)))"
1,pricing_dedup_rejected_before_gnn,OREO VANILLA 110.4/105G,3,surplus_ratio,MM BINH PHU,MM AN PHU,29.13058577483099,,,0.1,56.398544,PRICED_E1_surplus_ratio_OREO VANILLA 110.4/105G_T3_2,-47.820021,,,,,,False,True,False,False,"('OREO VANILLA 110.4/105G', 3, (('MM BINH PHU', 'MM AN PHU', 29.130586), ('MM HIEP PHU', 'MM AN PHU', 100.419467)))"
1,pricing_dedup_rejected_before_gnn,OREO VANILLA 110.4/105G,3,surplus_ratio,MM BINH PHU,MM AN PHU,32.92485991319777,,,0.1,56.398544,PRICED_E1_surplus_ratio_OREO VANILLA 110.4/105G_T3_3,-47.820021,,,,,,False,True,False,False,"('OREO VANILLA 110.4/105G', 3, (('MM BINH PHU', 'MM AN PHU', 32.92486), ('MM DA NANG', 'MM AN PHU', 96.625193)))"
1,pricing_dedup_rejected_before_gnn,OREO VANILLA 110.4/105G,3,surplus_ratio,MM DA NANG,MM AN PHU,96.62519309009551,,,0.1,56.398544,PRICED_E1_surplus_ratio_OREO VANILLA 110.4/105G_T3_3,-47.820021,,,,,,False,True,False,False,"('OREO VANILLA 110.4/105G', 3, (('MM BINH PHU', 'MM AN PHU', 32.92486), ('MM DA NANG', 'MM AN PHU', 96.625193)))"
1,pricing_dedup_rejected_before_gnn,OREO VANILLA 110.4/105G,3,time_urgency,MM DA NANG,MM AN PHU,129.55005300329327,,,0.1,56.398544,PRICED_E1_time_urgency_OREO VANILLA 110.4/105G_T3_1,-49.820021,,,,,,False,True,False,False,"('OREO VANILLA 110.4/105G', 3, (('MM DA NANG', 'MM AN PHU', 129.550053),))"
1,pricing_dedup_rejected_before_gnn,OREO VANILLA 110.4/105G,3,time_urgency,MM HIEP PHU,MM AN PHU,100.41946722846228,,,0.1,56.398544,PRICED_E1_time_urgency_OREO VANILLA 110.4/105G_T3_2,-47.820021,,,,,,False,True,False,False,"('OREO VANILLA 110.4/105G', 3, (('MM BINH PHU', 'MM AN PHU', 29.130586), ('MM HIEP PHU', 'MM AN PHU', 100.419467)))"
1,pricing_dedup_rejected_before_gnn,OREO VANILLA 110.4/105G,3,time_urgency,MM BINH PHU,MM AN PHU,29.13058577483099,,,0.1,56.398544,PRICED_E1_time_urgency_OREO VANILLA 110.4/105G_T3_2,-47.820021,,,,,,False,True,False,False,"('OREO VANILLA 110.4/105G', 3, (('MM BINH PHU', 'MM AN PHU', 29.130586), ('MM HIEP PHU', 'MM AN PHU', 100.419467)))"
1,pricing_dedup_rejected_before_gnn,OREO VANILLA 110.4/105G,3,time_urgency,MM BINH PHU,MM AN PHU,32.92485991319777,,,0.1,56.398544,PRICED_E1_time_urgency_OREO VANILLA 110.4/105G_T3_3,-47.820021,,,,,,False,True,False,False,"('OREO VANILLA 110.4/105G', 3, (('MM BINH PHU', 'MM AN PHU', 32.92486), ('MM DA NANG', 'MM AN PHU', 96.625193)))"
1,pricing_dedup_rejected_before_gnn,OREO VANILLA 110.4/105G,3,time_urgency,MM DA NANG,MM AN PHU,96.62519309009551,,,0.1,56.398544,PRICED_E1_time_urgency_OREO VANILLA 110.4/105G_T3_3,-47.820021,,,,,,False,True,False,False,"('OREO VANILLA 110.4/105G', 3, (('MM BINH PHU', 'MM AN PHU', 32.92486), ('MM DA NANG', 'MM AN PHU', 96.625193)))"
1,pricing_dedup_rejected_before_gnn,OREO VANILLA 110.4/105G,3,negative_reduced_cost,MM DA NANG,MM AN PHU,129.55005300329327,,,0.1,56.398544,PRICED_E1_negative_reduced_cost_OREO VANILLA 110.4/105G_T3_1,-49.820021,,,,,,False,True,False,False,"('OREO VANILLA 110.4/105G', 3, (('MM DA NANG', 'MM AN PHU', 129.550053),))"
1,pricing_dedup_rejected_before_gnn,OREO VANILLA 110.4/105G,3,negative_reduced_cost,MM HIEP PHU,MM AN PHU,100.41946722846228,,,0.1,56.398544,PRICED_E1_negative_reduced_cost_OREO VANILLA 110.4/105G_T3_2,-47.820021,,,,,,False,True,False,False,"('OREO VANILLA 110.4/105G', 3, (('MM BINH PHU', 'MM AN PHU', 29.130586), ('MM HIEP PHU', 'MM AN PHU', 100.419467)))"
1,pricing_dedup_rejected_before_gnn,OREO VANILLA 110.4/105G,3,negative_reduced_cost,MM BINH PHU,MM AN PHU,29.13058577483099,,,0.1,56.398544,PRICED_E1_negative_reduced_cost_OREO VANILLA 110.4/105G_T3_2,-47.820021,,,,,,False,True,False,False,"('OREO VANILLA 110.4/105G', 3, (('MM BINH PHU', 'MM AN PHU', 29.130586), ('MM HIEP PHU', 'MM AN PHU', 100.419467)))"
1,pricing_dedup_rejected_before_gnn,OREO VANILLA 110.4/105G,3,negative_reduced_cost,MM BINH PHU,MM AN PHU,32.92485991319777,,,0.1,56.398544,PRICED_E1_negative_reduced_cost_OREO VANILLA 110.4/105G_T3_3,-47.820021,,,,,,False,True,False,False,"('OREO VANILLA 110.4/105G', 3, (('MM BINH PHU', 'MM AN PHU', 32.92486), ('MM DA NANG', 'MM AN PHU', 96.625193)))"
1,pricing_dedup_rejected_before_gnn,OREO VANILLA 110.4/105G,3,negative_reduced_cost,MM DA NANG,MM AN PHU,96.62519309009551,,,0.1,56.398544,PRICED_E1_negative_reduced_cost_OREO VANILLA 110.4/105G_T3_3,-47.820021,,,,,,False,True,False,False,"('OREO VANILLA 110.4/105G', 3, (('MM BINH PHU', 'MM AN PHU', 32.92486), ('MM DA NANG', 'MM AN PHU', 96.625193)))"
1,pricing_dedup_rejected_before_gnn,OREO VANILLA 110.4/105G,4,surplus_ratio,MM DA NANG,MM AN PHU,258.54770440193516,,,0.1,76.983873,PRICED_E1_surplus_ratio_OREO VANILLA 110.4/105G_T4_1,-245834.46899,,,,,,False,True,False,False,"('OREO VANILLA 110.4/105G', 4, (('MM DA NANG', 'MM AN PHU', 258.547704), ('MM HIEP PHU', 'MM AN PHU', 41.474835)))"
1,pricing_dedup_rejected_before_gnn,OREO VANILLA 110.4/105G,4,surplus_ratio,MM HIEP PHU,MM AN PHU,41.47483524885155,,,0.1,76.983873,PRICED_E1_surplus_ratio_OREO VANILLA 110.4/105G_T4_1,-245834.46899,,,,,,False,True,False,False,"('OREO VANILLA 110.4/105G', 4, (('MM DA NANG', 'MM AN PHU', 258.547704), ('MM HIEP PHU', 'MM AN PHU', 41.474835)))"
1,pricing_dedup_rejected_before_gnn,OREO VANILLA 110.4/105G,4,surplus_ratio,MM HIEP PHU,MM AN PHU,94.91446610948731,,,0.1,76.983873,PRICED_E1_surplus_ratio_OREO VANILLA 110.4/105G_T4_2,-245832.46899,,,,,,False,True,False,False,"('OREO VANILLA 110.4/105G', 4, (('MM BINH PHU', 'MM AN PHU', 10.624369), ('MM DA NANG', 'MM AN PHU', 194.483704), ('MM HIEP PHU', 'MM AN PHU', 94.914466)))"
1,pricing_dedup_rejected_before_gnn,OREO VANILLA 110.4/105G,4,surplus_ratio,MM BINH PHU,MM AN PHU,10.624369139364234,,,0.1,76.983873,PRICED_E1_surplus_ratio_OREO VANILLA 110.4/105G_T4_2,-245832.46899,,,,,,False,True,False,False,"('OREO VANILLA 110.4/105G', 4, (('MM BINH PHU', 'MM AN PHU', 10.624369), ('MM DA NANG', 'MM AN PHU', 194.483704), ('MM HIEP PHU', 'MM AN PHU', 94.914466)))"
1,pricing_dedup_rejected_before_gnn,OREO VANILLA 110.4/105G,4,surplus_ratio,MM DA NANG,MM AN PHU,194.48370440193517,,,0.1,76.983873,PRICED_E1_surplus_ratio_OREO VANILLA 110.4/105G_T4_2,-245832.46899,,,,,,False,True,False,False,"('OREO VANILLA 110.4/105G', 4, (('MM BINH PHU', 'MM AN PHU', 10.624369), ('MM DA NANG', 'MM AN PHU', 194.483704), ('MM HIEP PHU', 'MM AN PHU', 94.914466)))"
1,pricing_dedup_rejected_before_gnn,OREO VANILLA 110.4/105G,4,surplus_ratio,MM BINH PHU,MM AN PHU,10.624369139364234,,,0.1,76.983873,PRICED_E1_surplus_ratio_OREO VANILLA 110.4/105G_T4_3,-245832.46899,,,,,,False,True,False,False,"('OREO VANILLA 110.4/105G', 4, (('MM BINH PHU', 'MM AN PHU', 10.624369), ('MM DA NANG', 'MM AN PHU', 258.547704), ('MM HIEP PHU', 'MM AN PHU', 30.850466)))"
1,pricing_dedup_rejected_before_gnn,OREO VANILLA 110.4/105G,4,surplus_ratio,MM DA NANG,MM AN PHU,258.54770440193516,,,0.1,76.983873,PRICED_E1_surplus_ratio_OREO VANILLA 110.4/105G_T4_3,-245832.46899,,,,,,False,True,False,False,"('OREO VANILLA 110.4/105G', 4, (('MM BINH PHU', 'MM AN PHU', 10.624369), ('MM DA NANG', 'MM AN PHU', 258.547704), ('MM HIEP PHU', 'MM AN PHU', 30.850466)))"
1,pricing_dedup_rejected_before_gnn,OREO VANILLA 110.4/105G,4,surplus_ratio,MM HIEP PHU,MM AN PHU,30.850466109487286,,,0.1,76.983873,PRICED_E1_surplus_ratio_OREO VANILLA 110.4/105G_T4_3,-245832.46899,,,,,,False,True,False,False,"('OREO VANILLA 110.4/105G', 4, (('MM BINH PHU', 'MM AN PHU', 10.624369), ('MM DA NANG', 'MM AN PHU', 258.547704), ('MM HIEP PHU', 'MM AN PHU', 30.850466)))"
1,pricing_dedup_rejected_before_gnn,OREO VANILLA 110.4/105G,4,time_urgency,MM DA NANG,MM AN PHU,258.54770440193516,,,0.1,76.983873,PRICED_E1_time_urgency_OREO VANILLA 110.4/105G_T4_1,-245834.46899,,,,,,False,True,False,False,"('OREO VANILLA 110.4/105G', 4, (('MM DA NANG', 'MM AN PHU', 258.547704), ('MM HIEP PHU', 'MM AN PHU', 41.474835)))"
1,pricing_dedup_rejected_before_gnn,OREO VANILLA 110.4/105G,4,time_urgency,MM HIEP PHU,MM AN PHU,41.47483524885155,,,0.1,76.983873,PRICED_E1_time_urgency_OREO VANILLA 110.4/105G_T4_1,-245834.46899,,,,,,False,True,False,False,"('OREO VANILLA 110.4/105G', 4, (('MM DA NANG', 'MM AN PHU', 258.547704), ('MM HIEP PHU', 'MM AN PHU', 41.474835)))"
1,pricing_dedup_rejected_before_gnn,OREO VANILLA 110.4/105G,4,time_urgency,MM HIEP PHU,MM AN PHU,94.91446610948731,,,0.1,76.983873,PRICED_E1_time_urgency_OREO VANILLA 110.4/105G_T4_2,-245832.46899,,,,,,False,True,False,False,"('OREO VANILLA 110.4/105G', 4, (('MM BINH PHU', 'MM AN PHU', 10.624369), ('MM DA NANG', 'MM AN PHU', 194.483704), ('MM HIEP PHU', 'MM AN PHU', 94.914466)))"
1,pricing_dedup_rejected_before_gnn,OREO VANILLA 110.4/105G,4,time_urgency,MM BINH PHU,MM AN PHU,10.624369139364234,,,0.1,76.983873,PRICED_E1_time_urgency_OREO VANILLA 110.4/105G_T4_2,-245832.46899,,,,,,False,True,False,False,"('OREO VANILLA 110.4/105G', 4, (('MM BINH PHU', 'MM AN PHU', 10.624369), ('MM DA NANG', 'MM AN PHU', 194.483704), ('MM HIEP PHU', 'MM AN PHU', 94.914466)))"
1,pricing_dedup_rejected_before_gnn,OREO VANILLA 110.4/105G,4,time_urgency,MM DA NANG,MM AN PHU,194.48370440193517,,,0.1,76.983873,PRICED_E1_time_urgency_OREO VANILLA 110.4/105G_T4_2,-245832.46899,,,,,,False,True,False,False,"('OREO VANILLA 110.4/105G', 4, (('MM BINH PHU', 'MM AN PHU', 10.624369), ('MM DA NANG', 'MM AN PHU', 194.483704), ('MM HIEP PHU', 'MM AN PHU', 94.914466)))"
1,pricing_dedup_rejected_before_gnn,OREO VANILLA 110.4/105G,4,time_urgency,MM BINH PHU,MM AN PHU,10.624369139364234,,,0.1,76.983873,PRICED_E1_time_urgency_OREO VANILLA 110.4/105G_T4_3,-245832.46899,,,,,,False,True,False,False,"('OREO VANILLA 110.4/105G', 4, (('MM BINH PHU', 'MM AN PHU', 10.624369), ('MM DA NANG', 'MM AN PHU', 258.547704), ('MM HIEP PHU', 'MM AN PHU', 30.850466)))"
1,pricing_dedup_rejected_before_gnn,OREO VANILLA 110.4/105G,4,time_urgency,MM DA NANG,MM AN PHU,258.54770440193516,,,0.1,76.983873,PRICED_E1_time_urgency_OREO VANILLA 110.4/105G_T4_3,-245832.46899,,,,,,False,True,False,False,"('OREO VANILLA 110.4/105G', 4, (('MM BINH PHU', 'MM AN PHU', 10.624369), ('MM DA NANG', 'MM AN PHU', 258.547704), ('MM HIEP PHU', 'MM AN PHU', 30.850466)))"
1,pricing_dedup_rejected_before_gnn,OREO VANILLA 110.4/105G,4,time_urgency,MM HIEP PHU,MM AN PHU,30.850466109487286,,,0.1,76.983873,PRICED_E1_time_urgency_OREO VANILLA 110.4/105G_T4_3,-245832.46899,,,,,,False,True,False,False,"('OREO VANILLA 110.4/105G', 4, (('MM BINH PHU', 'MM AN PHU', 10.624369), ('MM DA NANG', 'MM AN PHU', 258.547704), ('MM HIEP PHU', 'MM AN PHU', 30.850466)))"
1,pricing_dedup_rejected_before_gnn,OREO VANILLA 110.4/105G,4,negative_reduced_cost,MM DA NANG,MM AN PHU,258.54770440193516,,,0.1,76.983873,PRICED_E1_negative_reduced_cost_OREO VANILLA 110.4/105G_T4_1,-245834.46899,,,,,,False,True,False,False,"('OREO VANILLA 110.4/105G', 4, (('MM DA NANG', 'MM AN PHU', 258.547704), ('MM HIEP PHU', 'MM AN PHU', 41.474835)))"
1,pricing_dedup_rejected_before_gnn,OREO VANILLA 110.4/105G,4,negative_reduced_cost,MM HIEP PHU,MM AN PHU,41.47483524885155,,,0.1,76.983873,PRICED_E1_negative_reduced_cost_OREO VANILLA 110.4/105G_T4_1,-245834.46899,,,,,,False,True,False,False,"('OREO VANILLA 110.4/105G', 4, (('MM DA NANG', 'MM AN PHU', 258.547704), ('MM HIEP PHU', 'MM AN PHU', 41.474835)))"
1,pricing_dedup_rejected_before_gnn,OREO VANILLA 110.4/105G,4,negative_reduced_cost,MM HIEP PHU,MM AN PHU,94.91446610948731,,,0.1,76.983873,PRICED_E1_negative_reduced_cost_OREO VANILLA 110.4/105G_T4_2,-245832.46899,,,,,,False,True,False,False,"('OREO VANILLA 110.4/105G', 4, (('MM BINH PHU', 'MM AN PHU', 10.624369), ('MM DA NANG', 'MM AN PHU', 194.483704), ('MM HIEP PHU', 'MM AN PHU', 94.914466)))"
1,pricing_dedup_rejected_before_gnn,OREO VANILLA 110.4/105G,4,negative_reduced_cost,MM BINH PHU,MM AN PHU,10.624369139364234,,,0.1,76.983873,PRICED_E1_negative_reduced_cost_OREO VANILLA 110.4/105G_T4_2,-245832.46899,,,,,,False,True,False,False,"('OREO VANILLA 110.4/105G', 4, (('MM BINH PHU', 'MM AN PHU', 10.624369), ('MM DA NANG', 'MM AN PHU', 194.483704), ('MM HIEP PHU', 'MM AN PHU', 94.914466)))"
1,pricing_dedup_rejected_before_gnn,OREO VANILLA 110.4/105G,4,negative_reduced_cost,MM DA NANG,MM AN PHU,194.48370440193517,,,0.1,76.983873,PRICED_E1_negative_reduced_cost_OREO VANILLA 110.4/105G_T4_2,-245832.46899,,,,,,False,True,False,False,"('OREO VANILLA 110.4/105G', 4, (('MM BINH PHU', 'MM AN PHU', 10.624369), ('MM DA NANG', 'MM AN PHU', 194.483704), ('MM HIEP PHU', 'MM AN PHU', 94.914466)))"
1,pricing_dedup_rejected_before_gnn,OREO VANILLA 110.4/105G,4,negative_reduced_cost,MM BINH PHU,MM AN PHU,10.624369139364234,,,0.1,76.983873,PRICED_E1_negative_reduced_cost_OREO VANILLA 110.4/105G_T4_3,-245832.46899,,,,,,False,True,False,False,"('OREO VANILLA 110.4/105G', 4, (('MM BINH PHU', 'MM AN PHU', 10.624369), ('MM DA NANG', 'MM AN PHU', 258.547704), ('MM HIEP PHU', 'MM AN PHU', 30.850466)))"
1,pricing_dedup_rejected_before_gnn,OREO VANILLA 110.4/105G,4,negative_reduced_cost,MM DA NANG,MM AN PHU,258.54770440193516,,,0.1,76.983873,PRICED_E1_negative_reduced_cost_OREO VANILLA 110.4/105G_T4_3,-245832.46899,,,,,,False,True,False,False,"('OREO VANILLA 110.4/105G', 4, (('MM BINH PHU', 'MM AN PHU', 10.624369), ('MM DA NANG', 'MM AN PHU', 258.547704), ('MM HIEP PHU', 'MM AN PHU', 30.850466)))"
1,pricing_dedup_rejected_before_gnn,OREO VANILLA 110.4/105G,4,negative_reduced_cost,MM HIEP PHU,MM AN PHU,30.850466109487286,,,0.1,76.983873,PRICED_E1_negative_reduced_cost_OREO VANILLA 110.4/105G_T4_3,-245832.46899,,,,,,False,True,False,False,"('OREO VANILLA 110.4/105G', 4, (('MM BINH PHU', 'MM AN PHU', 10.624369), ('MM DA NANG', 'MM AN PHU', 258.547704), ('MM HIEP PHU', 'MM AN PHU', 30.850466)))"
1,pricing_dedup_rejected_before_gnn,OREO VANILLA 110.4/105G,5,shortage_ratio,MM BINH PHU,MM AN PHU,11.113178964857667,,,0.1,38.96057,PRICED_E1_shortage_ratio_OREO VANILLA 110.4/105G_T5_2,-95064.339512,,,,,,False,True,False,False,"('OREO VANILLA 110.4/105G', 5, (('MM BINH PHU', 'MM AN PHU', 11.113179), ('MM HIEP PHU', 'MM AN PHU', 104.908715)))"
1,pricing_dedup_rejected_before_gnn,OREO VANILLA 110.4/105G,5,shortage_ratio,MM HIEP PHU,MM AN PHU,104.90871450873543,,,0.1,38.96057,PRICED_E1_shortage_ratio_OREO VANILLA 110.4/105G_T5_2,-95064.339512,,,,,,False,True,False,False,"('OREO VANILLA 110.4/105G', 5, (('MM BINH PHU', 'MM AN PHU', 11.113179), ('MM HIEP PHU', 'MM AN PHU', 104.908715)))"
1,pricing_dedup_rejected_before_gnn,OREO VANILLA 110.4/105G,5,surplus_ratio,MM HIEP PHU,MM AN PHU,104.90871450873543,,,0.1,38.96057,PRICED_E1_surplus_ratio_OREO VANILLA 110.4/105G_T5_1,-95064.339512,,,,,,False,True,False,False,"('OREO VANILLA 110.4/105G', 5, (('MM BINH PHU', 'MM AN PHU', 11.113179), ('MM HIEP PHU', 'MM AN PHU', 104.908715)))"
1,pricing_dedup_rejected_before_gnn,OREO VANILLA 110.4/105G,5,surplus_ratio,MM BINH PHU,MM AN PHU,11.113178964857667,,,0.1,38.96057,PRICED_E1_surplus_ratio_OREO VANILLA 110.4/105G_T5_1,-95064.339512,,,,,,False,True,False,False,"('OREO VANILLA 110.4/105G', 5, (('MM BINH PHU', 'MM AN PHU', 11.113179), ('MM HIEP PHU', 'MM AN PHU', 104.908715)))"
1,pricing_dedup_rejected_before_gnn,OREO VANILLA 110.4/105G,5,surplus_ratio,MM BINH PHU,MM AN PHU,11.113178964857667,,,0.1,38.96057,PRICED_E1_surplus_ratio_OREO VANILLA 110.4/105G_T5_2,-95064.339512,,,,,,False,True,False,False,"('OREO VANILLA 110.4/105G', 5, (('MM BINH PHU', 'MM AN PHU', 11.113179), ('MM HIEP PHU', 'MM AN PHU', 104.908715)))"
1,pricing_dedup_rejected_before_gnn,OREO VANILLA 110.4/105G,5,surplus_ratio,MM HIEP PHU,MM AN PHU,104.90871450873543,,,0.1,38.96057,PRICED_E1_surplus_ratio_OREO VANILLA 110.4/105G_T5_2,-95064.339512,,,,,,False,True,False,False,"('OREO VANILLA 110.4/105G', 5, (('MM BINH PHU', 'MM AN PHU', 11.113179), ('MM HIEP PHU', 'MM AN PHU', 104.908715)))"
1,pricing_dedup_rejected_before_gnn,OREO VANILLA 110.4/105G,5,time_urgency,MM HIEP PHU,MM AN PHU,104.90871450873543,,,0.1,38.96057,PRICED_E1_time_urgency_OREO VANILLA 110.4/105G_T5_1,-95064.339512,,,,,,False,True,False,False,"('OREO VANILLA 110.4/105G', 5, (('MM BINH PHU', 'MM AN PHU', 11.113179), ('MM HIEP PHU', 'MM AN PHU', 104.908715)))"
1,pricing_dedup_rejected_before_gnn,OREO VANILLA 110.4/105G,5,time_urgency,MM BINH PHU,MM AN PHU,11.113178964857667,,,0.1,38.96057,PRICED_E1_time_urgency_OREO VANILLA 110.4/105G_T5_1,-95064.339512,,,,,,False,True,False,False,"('OREO VANILLA 110.4/105G', 5, (('MM BINH PHU', 'MM AN PHU', 11.113179), ('MM HIEP PHU', 'MM AN PHU', 104.908715)))"
1,pricing_dedup_rejected_before_gnn,OREO VANILLA 110.4/105G,5,time_urgency,MM BINH PHU,MM AN PHU,11.113178964857667,,,0.1,38.96057,PRICED_E1_time_urgency_OREO VANILLA 110.4/105G_T5_2,-95064.339512,,,,,,False,True,False,False,"('OREO VANILLA 110.4/105G', 5, (('MM BINH PHU', 'MM AN PHU', 11.113179), ('MM HIEP PHU', 'MM AN PHU', 104.908715)))"
1,pricing_dedup_rejected_before_gnn,OREO VANILLA 110.4/105G,5,time_urgency,MM HIEP PHU,MM AN PHU,104.90871450873543,,,0.1,38.96057,PRICED_E1_time_urgency_OREO VANILLA 110.4/105G_T5_2,-95064.339512,,,,,,False,True,False,False,"('OREO VANILLA 110.4/105G', 5, (('MM BINH PHU', 'MM AN PHU', 11.113179), ('MM HIEP PHU', 'MM AN PHU', 104.908715)))"
1,pricing_dedup_rejected_before_gnn,OREO VANILLA 110.4/105G,5,negative_reduced_cost,MM HIEP PHU,MM AN PHU,104.90871450873543,,,0.1,38.96057,PRICED_E1_negative_reduced_cost_OREO VANILLA 110.4/105G_T5_1,-95064.339512,,,,,,False,True,False,False,"('OREO VANILLA 110.4/105G', 5, (('MM BINH PHU', 'MM AN PHU', 11.113179), ('MM HIEP PHU', 'MM AN PHU', 104.908715)))"
1,pricing_dedup_rejected_before_gnn,OREO VANILLA 110.4/105G,5,negative_reduced_cost,MM BINH PHU,MM AN PHU,11.113178964857667,,,0.1,38.96057,PRICED_E1_negative_reduced_cost_OREO VANILLA 110.4/105G_T5_1,-95064.339512,,,,,,False,True,False,False,"('OREO VANILLA 110.4/105G', 5, (('MM BINH PHU', 'MM AN PHU', 11.113179), ('MM HIEP PHU', 'MM AN PHU', 104.908715)))"
1,pricing_dedup_rejected_before_gnn,OREO VANILLA 110.4/105G,5,negative_reduced_cost,MM BINH PHU,MM AN PHU,11.113178964857667,,,0.1,38.96057,PRICED_E1_negative_reduced_cost_OREO VANILLA 110.4/105G_T5_2,-95064.339512,,,,,,False,True,False,False,"('OREO VANILLA 110.4/105G', 5, (('MM BINH PHU', 'MM AN PHU', 11.113179), ('MM HIEP PHU', 'MM AN PHU', 104.908715)))"
1,pricing_dedup_rejected_before_gnn,OREO VANILLA 110.4/105G,5,negative_reduced_cost,MM HIEP PHU,MM AN PHU,104.90871450873543,,,0.1,38.96057,PRICED_E1_negative_reduced_cost_OREO VANILLA 110.4/105G_T5_2,-95064.339512,,,,,,False,True,False,False,"('OREO VANILLA 110.4/105G', 5, (('MM BINH PHU', 'MM AN PHU', 11.113179), ('MM HIEP PHU', 'MM AN PHU', 104.908715)))"
1,pricing_dedup_rejected_before_gnn,OREO VANILLA 110.4/105G,6,surplus_ratio,MM HIEP PHU,MM AN PHU,13.343909862544486,,,0.1,10.77865,PRICED_E1_surplus_ratio_OREO VANILLA 110.4/105G_T6_1,-3.337564,,,,,,False,True,False,False,"('OREO VANILLA 110.4/105G', 6, (('MM HIEP PHU', 'MM AN PHU', 13.34391),))"
1,pricing_dedup_rejected_before_gnn,OREO VANILLA 110.4/105G,6,surplus_ratio,MM DA NANG,MM AN PHU,13.343909862544486,,,0.1,10.77865,PRICED_E1_surplus_ratio_OREO VANILLA 110.4/105G_T6_2,-3.337564,,,,,,False,True,False,False,"('OREO VANILLA 110.4/105G', 6, (('MM DA NANG', 'MM AN PHU', 13.34391),))"
1,pricing_dedup_rejected_before_gnn,OREO VANILLA 110.4/105G,6,surplus_ratio,MM BINH PHU,MM AN PHU,12.614691267618035,,,0.1,10.77865,PRICED_E1_surplus_ratio_OREO VANILLA 110.4/105G_T6_3,-3.045877,,,,,,False,True,False,False,"('OREO VANILLA 110.4/105G', 6, (('MM BINH PHU', 'MM AN PHU', 12.614691),))"
1,pricing_dedup_rejected_before_gnn,OREO VANILLA 110.4/105G,6,time_urgency,MM DA NANG,MM AN PHU,13.343909862544486,,,0.1,10.77865,PRICED_E1_time_urgency_OREO VANILLA 110.4/105G_T6_1,-3.337564,,,,,,False,True,False,False,"('OREO VANILLA 110.4/105G', 6, (('MM DA NANG', 'MM AN PHU', 13.34391),))"
1,pricing_dedup_rejected_before_gnn,OREO VANILLA 110.4/105G,6,time_urgency,MM HIEP PHU,MM AN PHU,13.343909862544486,,,0.1,10.77865,PRICED_E1_time_urgency_OREO VANILLA 110.4/105G_T6_2,-3.337564,,,,,,False,True,False,False,"('OREO VANILLA 110.4/105G', 6, (('MM HIEP PHU', 'MM AN PHU', 13.34391),))"
1,pricing_dedup_rejected_before_gnn,OREO VANILLA 110.4/105G,6,time_urgency,MM BINH PHU,MM AN PHU,12.614691267618035,,,0.1,10.77865,PRICED_E1_time_urgency_OREO VANILLA 110.4/105G_T6_3,-3.045877,,,,,,False,True,False,False,"('OREO VANILLA 110.4/105G', 6, (('MM BINH PHU', 'MM AN PHU', 12.614691),))"
1,pricing_dedup_rejected_before_gnn,OREO VANILLA 110.4/105G,6,negative_reduced_cost,MM DA NANG,MM AN PHU,13.343909862544486,,,0.1,10.77865,PRICED_E1_negative_reduced_cost_OREO VANILLA 110.4/105G_T6_1,-3.337564,,,,,,False,True,False,False,"('OREO VANILLA 110.4/105G', 6, (('MM DA NANG', 'MM AN PHU', 13.34391),))"
1,pricing_dedup_rejected_before_gnn,OREO VANILLA 110.4/105G,6,negative_reduced_cost,MM HIEP PHU,MM AN PHU,13.343909862544486,,,0.1,10.77865,PRICED_E1_negative_reduced_cost_OREO VANILLA 110.4/105G_T6_2,-3.337564,,,,,,False,True,False,False,"('OREO VANILLA 110.4/105G', 6, (('MM HIEP PHU', 'MM AN PHU', 13.34391),))"
1,pricing_dedup_rejected_before_gnn,OREO VANILLA 110.4/105G,6,negative_reduced_cost,MM BINH PHU,MM AN PHU,12.614691267618035,,,0.1,10.77865,PRICED_E1_negative_reduced_cost_OREO VANILLA 110.4/105G_T6_3,-3.045877,,,,,,False,True,False,False,"('OREO VANILLA 110.4/105G', 6, (('MM BINH PHU', 'MM AN PHU', 12.614691),))"
1,pricing_dedup_rejected_before_gnn,OREO VANILLA 110.4/105G,7,surplus_ratio,MM HIEP PHU,MM AN PHU,5.992465065764435,,,0.1,5.767498,PRICED_E1_surplus_ratio_OREO VANILLA 110.4/105G_T7_1,-4908.225875,,,,,,False,True,False,False,"('OREO VANILLA 110.4/105G', 7, (('MM HIEP PHU', 'MM AN PHU', 5.992465),))"
1,pricing_dedup_rejected_before_gnn,OREO VANILLA 110.4/105G,7,surplus_ratio,MM DA NANG,MM AN PHU,5.992465065764435,,,0.1,5.767498,PRICED_E1_surplus_ratio_OREO VANILLA 110.4/105G_T7_2,-4908.225875,,,,,,False,True,False,False,"('OREO VANILLA 110.4/105G', 7, (('MM DA NANG', 'MM AN PHU', 5.992465),))"
1,pricing_dedup_rejected_before_gnn,OREO VANILLA 110.4/105G,7,time_urgency,MM DA NANG,MM AN PHU,5.992465065764435,,,0.1,5.767498,PRICED_E1_time_urgency_OREO VANILLA 110.4/105G_T7_1,-4908.225875,,,,,,False,True,False,False,"('OREO VANILLA 110.4/105G', 7, (('MM DA NANG', 'MM AN PHU', 5.992465),))"
1,pricing_dedup_rejected_before_gnn,OREO VANILLA 110.4/105G,7,time_urgency,MM HIEP PHU,MM AN PHU,5.992465065764435,,,0.1,5.767498,PRICED_E1_time_urgency_OREO VANILLA 110.4/105G_T7_2,-4908.225875,,,,,,False,True,False,False,"('OREO VANILLA 110.4/105G', 7, (('MM HIEP PHU', 'MM AN PHU', 5.992465),))"
1,pricing_dedup_rejected_before_gnn,OREO VANILLA 110.4/105G,7,negative_reduced_cost,MM DA NANG,MM AN PHU,5.992465065764435,,,0.1,5.767498,PRICED_E1_negative_reduced_cost_OREO VANILLA 110.4/105G_T7_1,-4908.225875,,,,,,False,True,False,False,"('OREO VANILLA 110.4/105G', 7, (('MM DA NANG', 'MM AN PHU', 5.992465),))"
1,pricing_dedup_rejected_before_gnn,OREO VANILLA 110.4/105G,7,negative_reduced_cost,MM HIEP PHU,MM AN PHU,5.992465065764435,,,0.1,5.767498,PRICED_E1_negative_reduced_cost_OREO VANILLA 110.4/105G_T7_2,-4908.225875,,,,,,False,True,False,False,"('OREO VANILLA 110.4/105G', 7, (('MM HIEP PHU', 'MM AN PHU', 5.992465),))"
1,teacher_full_batch_recorded_before_rmp,OREO CHOCOLATE 110.4/105G,2,shortage_ratio,MM HIEP PHU,MM AN PHU,55.48989529073056,,,0.1,19.564666,PRICED_E1_shortage_ratio_OREO CHOCOLATE 110.4/105G_T2_1,-34.299574,,,False,False,27.0,False,False,False,False,"(('MM AN PHU', 'MM DA NANG', 16.342591), ('MM BINH PHU', 'MM AN PHU', 28.916448), ('MM HIEP PHU', 'MM AN PHU', 55.489895))"
1,teacher_full_batch_recorded_before_rmp,OREO CHOCOLATE 110.4/105G,2,shortage_ratio,MM BINH PHU,MM AN PHU,28.916447943281312,,,0.1,19.564666,PRICED_E1_shortage_ratio_OREO CHOCOLATE 110.4/105G_T2_1,-34.299574,,,False,False,27.0,False,False,False,False,"(('MM AN PHU', 'MM DA NANG', 16.342591), ('MM BINH PHU', 'MM AN PHU', 28.916448), ('MM HIEP PHU', 'MM AN PHU', 55.489895))"
1,teacher_full_batch_recorded_before_rmp,OREO CHOCOLATE 110.4/105G,2,shortage_ratio,MM AN PHU,MM DA NANG,16.342590526997224,,,0.1,19.564666,PRICED_E1_shortage_ratio_OREO CHOCOLATE 110.4/105G_T2_1,-34.299574,,,False,False,27.0,False,False,False,False,"(('MM AN PHU', 'MM DA NANG', 16.342591), ('MM BINH PHU', 'MM AN PHU', 28.916448), ('MM HIEP PHU', 'MM AN PHU', 55.489895))"
1,teacher_full_batch_recorded_before_rmp,OREO CHOCOLATE 110.4/105G,2,shortage_ratio,MM BINH PHU,MM DA NANG,16.342590526997224,,,0.1,19.564666,PRICED_E1_shortage_ratio_OREO CHOCOLATE 110.4/105G_T2_4,-27.762537,,,False,False,27.0,False,False,False,False,"(('MM BINH PHU', 'MM AN PHU', 12.573857), ('MM BINH PHU', 'MM DA NANG', 16.342591), ('MM HIEP PHU', 'MM AN PHU', 55.489895))"
1,teacher_full_batch_recorded_before_rmp,OREO CHOCOLATE 110.4/105G,2,shortage_ratio,MM HIEP PHU,MM AN PHU,55.48989529073056,,,0.1,19.564666,PRICED_E1_shortage_ratio_OREO CHOCOLATE 110.4/105G_T2_4,-27.762537,,,False,False,27.0,False,False,False,False,"(('MM BINH PHU', 'MM AN PHU', 12.573857), ('MM BINH PHU', 'MM DA NANG', 16.342591), ('MM HIEP PHU', 'MM AN PHU', 55.489895))"
1,teacher_full_batch_recorded_before_rmp,OREO CHOCOLATE 110.4/105G,2,shortage_ratio,MM BINH PHU,MM AN PHU,12.573857416284088,,,0.1,19.564666,PRICED_E1_shortage_ratio_OREO CHOCOLATE 110.4/105G_T2_4,-27.762537,,,False,False,27.0,False,False,False,False,"(('MM BINH PHU', 'MM AN PHU', 12.573857), ('MM BINH PHU', 'MM DA NANG', 16.342591), ('MM HIEP PHU', 'MM AN PHU', 55.489895))"
1,teacher_full_batch_recorded_before_rmp,OREO CHOCOLATE 110.4/105G,2,shortage_ratio,MM HIEP PHU,MM DA NANG,16.342590526997224,,,0.1,19.564666,PRICED_E1_shortage_ratio_OREO CHOCOLATE 110.4/105G_T2_5,-27.762537,,,False,False,27.0,False,False,False,False,"(('MM BINH PHU', 'MM AN PHU', 28.916448), ('MM HIEP PHU', 'MM AN PHU', 39.147305), ('MM HIEP PHU', 'MM DA NANG', 16.342591))"
1,teacher_full_batch_recorded_before_rmp,OREO CHOCOLATE 110.4/105G,2,shortage_ratio,MM HIEP PHU,MM AN PHU,39.14730476373333,,,0.1,19.564666,PRICED_E1_shortage_ratio_OREO CHOCOLATE 110.4/105G_T2_5,-27.762537,,,False,False,27.0,False,False,False,False,"(('MM BINH PHU', 'MM AN PHU', 28.916448), ('MM HIEP PHU', 'MM AN PHU', 39.147305), ('MM HIEP PHU', 'MM DA NANG', 16.342591))"
1,teacher_full_batch_recorded_before_rmp,OREO CHOCOLATE 110.4/105G,2,shortage_ratio,MM BINH PHU,MM AN PHU,28.916447943281312,,,0.1,19.564666,PRICED_E1_shortage_ratio_OREO CHOCOLATE 110.4/105G_T2_5,-27.762537,,,False,False,27.0,False,False,False,False,"(('MM BINH PHU', 'MM AN PHU', 28.916448), ('MM HIEP PHU', 'MM AN PHU', 39.147305), ('MM HIEP PHU', 'MM DA NANG', 16.342591))"
1,teacher_full_batch_recorded_before_rmp,OREO CHOCOLATE 110.4/105G,3,shortage_ratio,MM HIEP PHU,MM AN PHU,38.73021646008189,,,0.1,27.41296,PRICED_E1_shortage_ratio_OREO CHOCOLATE 110.4/105G_T3_1,-31733.539367,,,False,False,27.0,False,False,False,False,"(('MM HIEP PHU', 'MM AN PHU', 38.730216),)"
1,teacher_full_batch_recorded_before_rmp,OREO CHOCOLATE 110.4/105G,4,shortage_ratio,MM HIEP PHU,MM AN PHU,38.25257405240775,,,0.1,27.126068,PRICED_E1_shortage_ratio_OREO CHOCOLATE 110.4/105G_T4_1,-31342.159179,,,False,False,27.0,False,False,False,False,"(('MM HIEP PHU', 'MM AN PHU', 38.252574),)"
1,teacher_full_batch_recorded_before_rmp,OREO CHOCOLATE 110.4/105G,5,shortage_ratio,MM HIEP PHU,MM AN PHU,43.56716651493747,,,0.1,14.033205,PRICED_E1_shortage_ratio_OREO CHOCOLATE 110.4/105G_T5_1,-35696.936242,,,False,False,27.0,False,False,False,False,"(('MM HIEP PHU', 'MM AN PHU', 43.567167),)"
1,teacher_full_batch_recorded_before_rmp,OREO CHOCOLATE 110.4/105G,5,shortage_ratio,MM HIEP PHU,MM BINH PHU,5.799999999999997,,,0.1,14.033205,PRICED_E1_shortage_ratio_OREO CHOCOLATE 110.4/105G_T5_3,-30944.736242,,,False,False,27.0,False,False,False,False,"(('MM HIEP PHU', 'MM AN PHU', 37.767167), ('MM HIEP PHU', 'MM BINH PHU', 5.8))"
1,teacher_full_batch_recorded_before_rmp,OREO CHOCOLATE 110.4/105G,5,shortage_ratio,MM HIEP PHU,MM AN PHU,37.76716651493747,,,0.1,14.033205,PRICED_E1_shortage_ratio_OREO CHOCOLATE 110.4/105G_T5_3,-30944.736242,,,False,False,27.0,False,False,False,False,"(('MM HIEP PHU', 'MM AN PHU', 37.767167), ('MM HIEP PHU', 'MM BINH PHU', 5.8))"
1,teacher_full_batch_recorded_before_rmp,OREO CHOCOLATE 110.4/105G,5,shortage_ratio,MM HIEP PHU,MM DA NANG,6.172263375145784,,,0.1,14.033205,PRICED_E1_shortage_ratio_OREO CHOCOLATE 110.4/105G_T5_2,-30942.736242,,,False,False,27.0,False,False,False,False,"(('MM HIEP PHU', 'MM AN PHU', 31.594903), ('MM HIEP PHU', 'MM BINH PHU', 5.8), ('MM HIEP PHU', 'MM DA NANG', 6.172263))"
1,teacher_full_batch_recorded_before_rmp,OREO CHOCOLATE 110.4/105G,5,shortage_ratio,MM HIEP PHU,MM BINH PHU,5.799999999999997,,,0.1,14.033205,PRICED_E1_shortage_ratio_OREO CHOCOLATE 110.4/105G_T5_2,-30942.736242,,,False,False,27.0,False,False,False,False,"(('MM HIEP PHU', 'MM AN PHU', 31.594903), ('MM HIEP PHU', 'MM BINH PHU', 5.8), ('MM HIEP PHU', 'MM DA NANG', 6.172263))"
1,teacher_full_batch_recorded_before_rmp,OREO CHOCOLATE 110.4/105G,5,shortage_ratio,MM HIEP PHU,MM AN PHU,31.59490313979169,,,0.1,14.033205,PRICED_E1_shortage_ratio_OREO CHOCOLATE 110.4/105G_T5_2,-30942.736242,,,False,False,27.0,False,False,False,False,"(('MM HIEP PHU', 'MM AN PHU', 31.594903), ('MM HIEP PHU', 'MM BINH PHU', 5.8), ('MM HIEP PHU', 'MM DA NANG', 6.172263))"
1,teacher_full_batch_recorded_before_rmp,OREO CHOCOLATE 110.4/105G,6,shortage_ratio,MM HIEP PHU,MM AN PHU,27.797845766872975,,,0.1,13.797118,PRICED_E1_shortage_ratio_OREO CHOCOLATE 110.4/105G_T6_1,-22775.554821,,,False,False,27.0,False,False,False,False,"(('MM HIEP PHU', 'MM AN PHU', 27.797846),)"
1,teacher_full_batch_recorded_before_rmp,OREO CHOCOLATE 110.4/105G,6,shortage_ratio,MM HIEP PHU,MM BINH PHU,10.84056563725549,,,0.1,13.797118,PRICED_E1_shortage_ratio_OREO CHOCOLATE 110.4/105G_T6_3,-13895.131564,,,False,False,27.0,False,False,False,False,"(('MM HIEP PHU', 'MM AN PHU', 16.95728), ('MM HIEP PHU', 'MM BINH PHU', 10.840566))"
1,teacher_full_batch_recorded_before_rmp,OREO CHOCOLATE 110.4/105G,6,shortage_ratio,MM HIEP PHU,MM AN PHU,16.957280129617484,,,0.1,13.797118,PRICED_E1_shortage_ratio_OREO CHOCOLATE 110.4/105G_T6_3,-13895.131564,,,False,False,27.0,False,False,False,False,"(('MM HIEP PHU', 'MM AN PHU', 16.95728), ('MM HIEP PHU', 'MM BINH PHU', 10.840566))"
1,teacher_full_batch_recorded_before_rmp,OREO CHOCOLATE 110.4/105G,6,shortage_ratio,MM HIEP PHU,MM DA NANG,13.569417531974295,,,0.1,13.797118,PRICED_E1_shortage_ratio_OREO CHOCOLATE 110.4/105G_T6_2,-2779.778606,,,False,False,27.0,False,False,False,False,"(('MM HIEP PHU', 'MM AN PHU', 3.387863), ('MM HIEP PHU', 'MM BINH PHU', 10.840566), ('MM HIEP PHU', 'MM DA NANG', 13.569418))"
1,teacher_full_batch_recorded_before_rmp,OREO CHOCOLATE 110.4/105G,6,shortage_ratio,MM HIEP PHU,MM BINH PHU,10.84056563725549,,,0.1,13.797118,PRICED_E1_shortage_ratio_OREO CHOCOLATE 110.4/105G_T6_2,-2779.778606,,,False,False,27.0,False,False,False,False,"(('MM HIEP PHU', 'MM AN PHU', 3.387863), ('MM HIEP PHU', 'MM BINH PHU', 10.840566), ('MM HIEP PHU', 'MM DA NANG', 13.569418))"
1,teacher_full_batch_recorded_before_rmp,OREO CHOCOLATE 110.4/105G,6,shortage_ratio,MM HIEP PHU,MM AN PHU,3.3878625976431884,,,0.1,13.797118,PRICED_E1_shortage_ratio_OREO CHOCOLATE 110.4/105G_T6_2,-2779.778606,,,False,False,27.0,False,False,False,False,"(('MM HIEP PHU', 'MM AN PHU', 3.387863), ('MM HIEP PHU', 'MM BINH PHU', 10.840566), ('MM HIEP PHU', 'MM DA NANG', 13.569418))"
1,teacher_full_batch_recorded_before_rmp,OREO CHOCOLATE 110.4/105G,7,shortage_ratio,MM HIEP PHU,MM AN PHU,6.107758047747637,,,0.1,7.723963,PRICED_E1_shortage_ratio_OREO CHOCOLATE 110.4/105G_T7_1,-5002.696944,,,False,False,27.0,False,False,False,False,"(('MM HIEP PHU', 'MM AN PHU', 6.107758),)"
1,teacher_full_batch_recorded_before_rmp,OREO VANILLA 110.4/105G,2,shortage_ratio,MM DA NANG,MM AN PHU,46.37331015276553,,,0.1,23.746458,PRICED_E1_shortage_ratio_OREO VANILLA 110.4/105G_T2_1,-16.549324,,,False,False,27.0,False,False,False,False,"(('MM DA NANG', 'MM AN PHU', 46.37331),)"
1,teacher_full_batch_recorded_before_rmp,OREO VANILLA 110.4/105G,2,shortage_ratio,MM HIEP PHU,MM AN PHU,46.37331015276553,,,0.1,23.746458,PRICED_E1_shortage_ratio_OREO VANILLA 110.4/105G_T2_2,-16.549324,,,False,False,27.0,False,False,False,False,"(('MM HIEP PHU', 'MM AN PHU', 46.37331),)"
1,teacher_full_batch_recorded_before_rmp,OREO VANILLA 110.4/105G,2,shortage_ratio,MM BINH PHU,MM AN PHU,10.406890537796688,,,0.1,23.746458,PRICED_E1_shortage_ratio_OREO VANILLA 110.4/105G_T2_3,-14.549324,,,False,False,27.0,False,False,False,False,"(('MM BINH PHU', 'MM AN PHU', 10.406891), ('MM DA NANG', 'MM AN PHU', 35.96642))"
1,teacher_full_batch_recorded_before_rmp,OREO VANILLA 110.4/105G,2,shortage_ratio,MM DA NANG,MM AN PHU,35.96641961496884,,,0.1,23.746458,PRICED_E1_shortage_ratio_OREO VANILLA 110.4/105G_T2_3,-14.549324,,,False,False,27.0,False,False,False,False,"(('MM BINH PHU', 'MM AN PHU', 10.406891), ('MM DA NANG', 'MM AN PHU', 35.96642))"
1,teacher_full_batch_recorded_before_rmp,OREO VANILLA 110.4/105G,3,shortage_ratio,MM DA NANG,MM AN PHU,129.55005300329327,,,0.1,56.398544,PRICED_E1_shortage_ratio_OREO VANILLA 110.4/105G_T3_1,-49.820021,,,False,False,27.0,False,False,False,False,"(('MM DA NANG', 'MM AN PHU', 129.550053),)"
1,teacher_full_batch_recorded_before_rmp,OREO VANILLA 110.4/105G,3,shortage_ratio,MM HIEP PHU,MM AN PHU,100.41946722846228,,,0.1,56.398544,PRICED_E1_shortage_ratio_OREO VANILLA 110.4/105G_T3_2,-47.820021,,,False,False,27.0,False,False,False,False,"(('MM BINH PHU', 'MM AN PHU', 29.130586), ('MM HIEP PHU', 'MM AN PHU', 100.419467))"
1,teacher_full_batch_recorded_before_rmp,OREO VANILLA 110.4/105G,3,shortage_ratio,MM BINH PHU,MM AN PHU,29.13058577483099,,,0.1,56.398544,PRICED_E1_shortage_ratio_OREO VANILLA 110.4/105G_T3_2,-47.820021,,,False,False,27.0,False,False,False,False,"(('MM BINH PHU', 'MM AN PHU', 29.130586), ('MM HIEP PHU', 'MM AN PHU', 100.419467))"
1,teacher_full_batch_recorded_before_rmp,OREO VANILLA 110.4/105G,3,shortage_ratio,MM BINH PHU,MM AN PHU,32.92485991319777,,,0.1,56.398544,PRICED_E1_shortage_ratio_OREO VANILLA 110.4/105G_T3_3,-47.820021,,,False,False,27.0,False,False,False,False,"(('MM BINH PHU', 'MM AN PHU', 32.92486), ('MM DA NANG', 'MM AN PHU', 96.625193))"
1,teacher_full_batch_recorded_before_rmp,OREO VANILLA 110.4/105G,3,shortage_ratio,MM DA NANG,MM AN PHU,96.62519309009551,,,0.1,56.398544,PRICED_E1_shortage_ratio_OREO VANILLA 110.4/105G_T3_3,-47.820021,,,False,False,27.0,False,False,False,False,"(('MM BINH PHU', 'MM AN PHU', 32.92486), ('MM DA NANG', 'MM AN PHU', 96.625193))"
1,teacher_full_batch_recorded_before_rmp,OREO VANILLA 110.4/105G,4,shortage_ratio,MM DA NANG,MM AN PHU,258.54770440193516,,,0.1,76.983873,PRICED_E1_shortage_ratio_OREO VANILLA 110.4/105G_T4_1,-245834.46899,,,False,False,27.0,False,False,False,False,"(('MM DA NANG', 'MM AN PHU', 258.547704), ('MM HIEP PHU', 'MM AN PHU', 41.474835))"
1,teacher_full_batch_recorded_before_rmp,OREO VANILLA 110.4/105G,4,shortage_ratio,MM HIEP PHU,MM AN PHU,41.47483524885155,,,0.1,76.983873,PRICED_E1_shortage_ratio_OREO VANILLA 110.4/105G_T4_1,-245834.46899,,,False,False,27.0,False,False,False,False,"(('MM DA NANG', 'MM AN PHU', 258.547704), ('MM HIEP PHU', 'MM AN PHU', 41.474835))"
1,teacher_full_batch_recorded_before_rmp,OREO VANILLA 110.4/105G,4,shortage_ratio,MM HIEP PHU,MM AN PHU,94.91446610948731,,,0.1,76.983873,PRICED_E1_shortage_ratio_OREO VANILLA 110.4/105G_T4_2,-245832.46899,,,False,False,27.0,False,False,False,False,"(('MM BINH PHU', 'MM AN PHU', 10.624369), ('MM DA NANG', 'MM AN PHU', 194.483704), ('MM HIEP PHU', 'MM AN PHU', 94.914466))"
1,teacher_full_batch_recorded_before_rmp,OREO VANILLA 110.4/105G,4,shortage_ratio,MM BINH PHU,MM AN PHU,10.624369139364234,,,0.1,76.983873,PRICED_E1_shortage_ratio_OREO VANILLA 110.4/105G_T4_2,-245832.46899,,,False,False,27.0,False,False,False,False,"(('MM BINH PHU', 'MM AN PHU', 10.624369), ('MM DA NANG', 'MM AN PHU', 194.483704), ('MM HIEP PHU', 'MM AN PHU', 94.914466))"
1,teacher_full_batch_recorded_before_rmp,OREO VANILLA 110.4/105G,4,shortage_ratio,MM DA NANG,MM AN PHU,194.48370440193517,,,0.1,76.983873,PRICED_E1_shortage_ratio_OREO VANILLA 110.4/105G_T4_2,-245832.46899,,,False,False,27.0,False,False,False,False,"(('MM BINH PHU', 'MM AN PHU', 10.624369), ('MM DA NANG', 'MM AN PHU', 194.483704), ('MM HIEP PHU', 'MM AN PHU', 94.914466))"
1,teacher_full_batch_recorded_before_rmp,OREO VANILLA 110.4/105G,4,shortage_ratio,MM BINH PHU,MM AN PHU,10.624369139364234,,,0.1,76.983873,PRICED_E1_shortage_ratio_OREO VANILLA 110.4/105G_T4_3,-245832.46899,,,False,False,27.0,False,False,False,False,"(('MM BINH PHU', 'MM AN PHU', 10.624369), ('MM DA NANG', 'MM AN PHU', 258.547704), ('MM HIEP PHU', 'MM AN PHU', 30.850466))"
1,teacher_full_batch_recorded_before_rmp,OREO VANILLA 110.4/105G,4,shortage_ratio,MM DA NANG,MM AN PHU,258.54770440193516,,,0.1,76.983873,PRICED_E1_shortage_ratio_OREO VANILLA 110.4/105G_T4_3,-245832.46899,,,False,False,27.0,False,False,False,False,"(('MM BINH PHU', 'MM AN PHU', 10.624369), ('MM DA NANG', 'MM AN PHU', 258.547704), ('MM HIEP PHU', 'MM AN PHU', 30.850466))"
1,teacher_full_batch_recorded_before_rmp,OREO VANILLA 110.4/105G,4,shortage_ratio,MM HIEP PHU,MM AN PHU,30.850466109487286,,,0.1,76.983873,PRICED_E1_shortage_ratio_OREO VANILLA 110.4/105G_T4_3,-245832.46899,,,False,False,27.0,False,False,False,False,"(('MM BINH PHU', 'MM AN PHU', 10.624369), ('MM DA NANG', 'MM AN PHU', 258.547704), ('MM HIEP PHU', 'MM AN PHU', 30.850466))"
1,teacher_full_batch_recorded_before_rmp,OREO VANILLA 110.4/105G,5,shortage_ratio,MM HIEP PHU,MM AN PHU,104.90871450873543,,,0.1,38.96057,PRICED_E1_shortage_ratio_OREO VANILLA 110.4/105G_T5_1,-95064.339512,,,False,False,27.0,False,False,False,False,"(('MM BINH PHU', 'MM AN PHU', 11.113179), ('MM HIEP PHU', 'MM AN PHU', 104.908715))"
1,teacher_full_batch_recorded_before_rmp,OREO VANILLA 110.4/105G,5,shortage_ratio,MM BINH PHU,MM AN PHU,11.113178964857667,,,0.1,38.96057,PRICED_E1_shortage_ratio_OREO VANILLA 110.4/105G_T5_1,-95064.339512,,,False,False,27.0,False,False,False,False,"(('MM BINH PHU', 'MM AN PHU', 11.113179), ('MM HIEP PHU', 'MM AN PHU', 104.908715))"
1,teacher_full_batch_recorded_before_rmp,OREO VANILLA 110.4/105G,6,shortage_ratio,MM DA NANG,MM AN PHU,13.343909862544486,,,0.1,10.77865,PRICED_E1_shortage_ratio_OREO VANILLA 110.4/105G_T6_1,-3.337564,,,False,False,27.0,False,False,False,False,"(('MM DA NANG', 'MM AN PHU', 13.34391),)"
1,teacher_full_batch_recorded_before_rmp,OREO VANILLA 110.4/105G,6,shortage_ratio,MM HIEP PHU,MM AN PHU,13.343909862544486,,,0.1,10.77865,PRICED_E1_shortage_ratio_OREO VANILLA 110.4/105G_T6_2,-3.337564,,,False,False,27.0,False,False,False,False,"(('MM HIEP PHU', 'MM AN PHU', 13.34391),)"
1,teacher_full_batch_recorded_before_rmp,OREO VANILLA 110.4/105G,6,shortage_ratio,MM BINH PHU,MM AN PHU,12.614691267618035,,,0.1,10.77865,PRICED_E1_shortage_ratio_OREO VANILLA 110.4/105G_T6_3,-3.045877,,,False,False,27.0,False,False,False,False,"(('MM BINH PHU', 'MM AN PHU', 12.614691),)"
1,teacher_full_batch_recorded_before_rmp,OREO VANILLA 110.4/105G,7,shortage_ratio,MM DA NANG,MM AN PHU,5.992465065764435,,,0.1,5.767498,PRICED_E1_shortage_ratio_OREO VANILLA 110.4/105G_T7_1,-4908.225875,,,False,False,27.0,False,False,False,False,"(('MM DA NANG', 'MM AN PHU', 5.992465),)"
1,teacher_full_batch_recorded_before_rmp,OREO VANILLA 110.4/105G,7,shortage_ratio,MM HIEP PHU,MM AN PHU,5.992465065764435,,,0.1,5.767498,PRICED_E1_shortage_ratio_OREO VANILLA 110.4/105G_T7_2,-4908.225875,,,False,False,27.0,False,False,False,False,"(('MM HIEP PHU', 'MM AN PHU', 5.992465),)"
1,add_patterns_added,OREO CHOCOLATE 110.4/105G,2,shortage_ratio,MM HIEP PHU,MM AN PHU,55.48989529073056,,,0.1,19.564666,PRICED_E1_shortage_ratio_OREO CHOCOLATE 110.4/105G_T2_1,-34.299574,,,False,False,27.0,False,False,False,True,"('OREO CHOCOLATE 110.4/105G', 2, (('MM AN PHU', 'MM DA NANG', 16.342591), ('MM BINH PHU', 'MM AN PHU', 28.916448), ('MM HIEP PHU', 'MM AN PHU', 55.489895)))"
1,add_patterns_added,OREO CHOCOLATE 110.4/105G,2,shortage_ratio,MM BINH PHU,MM AN PHU,28.916447943281312,,,0.1,19.564666,PRICED_E1_shortage_ratio_OREO CHOCOLATE 110.4/105G_T2_1,-34.299574,,,False,False,27.0,False,False,False,True,"('OREO CHOCOLATE 110.4/105G', 2, (('MM AN PHU', 'MM DA NANG', 16.342591), ('MM BINH PHU', 'MM AN PHU', 28.916448), ('MM HIEP PHU', 'MM AN PHU', 55.489895)))"
1,add_patterns_added,OREO CHOCOLATE 110.4/105G,2,shortage_ratio,MM AN PHU,MM DA NANG,16.342590526997224,,,0.1,19.564666,PRICED_E1_shortage_ratio_OREO CHOCOLATE 110.4/105G_T2_1,-34.299574,,,False,False,27.0,False,False,False,True,"('OREO CHOCOLATE 110.4/105G', 2, (('MM AN PHU', 'MM DA NANG', 16.342591), ('MM BINH PHU', 'MM AN PHU', 28.916448), ('MM HIEP PHU', 'MM AN PHU', 55.489895)))"
1,add_patterns_added,OREO CHOCOLATE 110.4/105G,2,shortage_ratio,MM BINH PHU,MM DA NANG,16.342590526997224,,,0.1,19.564666,PRICED_E1_shortage_ratio_OREO CHOCOLATE 110.4/105G_T2_4,-27.762537,,,False,False,27.0,False,False,False,True,"('OREO CHOCOLATE 110.4/105G', 2, (('MM BINH PHU', 'MM AN PHU', 12.573857), ('MM BINH PHU', 'MM DA NANG', 16.342591), ('MM HIEP PHU', 'MM AN PHU', 55.489895)))"
1,add_patterns_added,OREO CHOCOLATE 110.4/105G,2,shortage_ratio,MM HIEP PHU,MM AN PHU,55.48989529073056,,,0.1,19.564666,PRICED_E1_shortage_ratio_OREO CHOCOLATE 110.4/105G_T2_4,-27.762537,,,False,False,27.0,False,False,False,True,"('OREO CHOCOLATE 110.4/105G', 2, (('MM BINH PHU', 'MM AN PHU', 12.573857), ('MM BINH PHU', 'MM DA NANG', 16.342591), ('MM HIEP PHU', 'MM AN PHU', 55.489895)))"
1,add_patterns_added,OREO CHOCOLATE 110.4/105G,2,shortage_ratio,MM BINH PHU,MM AN PHU,12.573857416284088,,,0.1,19.564666,PRICED_E1_shortage_ratio_OREO CHOCOLATE 110.4/105G_T2_4,-27.762537,,,False,False,27.0,False,False,False,True,"('OREO CHOCOLATE 110.4/105G', 2, (('MM BINH PHU', 'MM AN PHU', 12.573857), ('MM BINH PHU', 'MM DA NANG', 16.342591), ('MM HIEP PHU', 'MM AN PHU', 55.489895)))"
1,add_patterns_added,OREO CHOCOLATE 110.4/105G,2,shortage_ratio,MM HIEP PHU,MM DA NANG,16.342590526997224,,,0.1,19.564666,PRICED_E1_shortage_ratio_OREO CHOCOLATE 110.4/105G_T2_5,-27.762537,,,False,False,27.0,False,False,False,True,"('OREO CHOCOLATE 110.4/105G', 2, (('MM BINH PHU', 'MM AN PHU', 28.916448), ('MM HIEP PHU', 'MM AN PHU', 39.147305), ('MM HIEP PHU', 'MM DA NANG', 16.342591)))"
1,add_patterns_added,OREO CHOCOLATE 110.4/105G,2,shortage_ratio,MM HIEP PHU,MM AN PHU,39.14730476373333,,,0.1,19.564666,PRICED_E1_shortage_ratio_OREO CHOCOLATE 110.4/105G_T2_5,-27.762537,,,False,False,27.0,False,False,False,True,"('OREO CHOCOLATE 110.4/105G', 2, (('MM BINH PHU', 'MM AN PHU', 28.916448), ('MM HIEP PHU', 'MM AN PHU', 39.147305), ('MM HIEP PHU', 'MM DA NANG', 16.342591)))"
1,add_patterns_added,OREO CHOCOLATE 110.4/105G,2,shortage_ratio,MM BINH PHU,MM AN PHU,28.916447943281312,,,0.1,19.564666,PRICED_E1_shortage_ratio_OREO CHOCOLATE 110.4/105G_T2_5,-27.762537,,,False,False,27.0,False,False,False,True,"('OREO CHOCOLATE 110.4/105G', 2, (('MM BINH PHU', 'MM AN PHU', 28.916448), ('MM HIEP PHU', 'MM AN PHU', 39.147305), ('MM HIEP PHU', 'MM DA NANG', 16.342591)))"
1,add_patterns_added,OREO CHOCOLATE 110.4/105G,3,shortage_ratio,MM HIEP PHU,MM AN PHU,38.73021646008189,,,0.1,27.41296,PRICED_E1_shortage_ratio_OREO CHOCOLATE 110.4/105G_T3_1,-31733.539367,,,False,False,27.0,False,False,False,True,"('OREO CHOCOLATE 110.4/105G', 3, (('MM HIEP PHU', 'MM AN PHU', 38.730216),))"
1,add_patterns_added,OREO CHOCOLATE 110.4/105G,4,shortage_ratio,MM HIEP PHU,MM AN PHU,38.25257405240775,,,0.1,27.126068,PRICED_E1_shortage_ratio_OREO CHOCOLATE 110.4/105G_T4_1,-31342.159179,,,False,False,27.0,False,False,False,True,"('OREO CHOCOLATE 110.4/105G', 4, (('MM HIEP PHU', 'MM AN PHU', 38.252574),))"
1,add_patterns_added,OREO CHOCOLATE 110.4/105G,5,shortage_ratio,MM HIEP PHU,MM AN PHU,43.56716651493747,,,0.1,14.033205,PRICED_E1_shortage_ratio_OREO CHOCOLATE 110.4/105G_T5_1,-35696.936242,,,False,False,27.0,False,False,False,True,"('OREO CHOCOLATE 110.4/105G', 5, (('MM HIEP PHU', 'MM AN PHU', 43.567167),))"
1,add_patterns_added,OREO CHOCOLATE 110.4/105G,5,shortage_ratio,MM HIEP PHU,MM BINH PHU,5.799999999999997,,,0.1,14.033205,PRICED_E1_shortage_ratio_OREO CHOCOLATE 110.4/105G_T5_3,-30944.736242,,,False,False,27.0,False,False,False,True,"('OREO CHOCOLATE 110.4/105G', 5, (('MM HIEP PHU', 'MM AN PHU', 37.767167), ('MM HIEP PHU', 'MM BINH PHU', 5.8)))"
1,add_patterns_added,OREO CHOCOLATE 110.4/105G,5,shortage_ratio,MM HIEP PHU,MM AN PHU,37.76716651493747,,,0.1,14.033205,PRICED_E1_shortage_ratio_OREO CHOCOLATE 110.4/105G_T5_3,-30944.736242,,,False,False,27.0,False,False,False,True,"('OREO CHOCOLATE 110.4/105G', 5, (('MM HIEP PHU', 'MM AN PHU', 37.767167), ('MM HIEP PHU', 'MM BINH PHU', 5.8)))"
1,add_patterns_added,OREO CHOCOLATE 110.4/105G,5,shortage_ratio,MM HIEP PHU,MM DA NANG,6.172263375145784,,,0.1,14.033205,PRICED_E1_shortage_ratio_OREO CHOCOLATE 110.4/105G_T5_2,-30942.736242,,,False,False,27.0,False,False,False,True,"('OREO CHOCOLATE 110.4/105G', 5, (('MM HIEP PHU', 'MM AN PHU', 31.594903), ('MM HIEP PHU', 'MM BINH PHU', 5.8), ('MM HIEP PHU', 'MM DA NANG', 6.172263)))"
1,add_patterns_added,OREO CHOCOLATE 110.4/105G,5,shortage_ratio,MM HIEP PHU,MM BINH PHU,5.799999999999997,,,0.1,14.033205,PRICED_E1_shortage_ratio_OREO CHOCOLATE 110.4/105G_T5_2,-30942.736242,,,False,False,27.0,False,False,False,True,"('OREO CHOCOLATE 110.4/105G', 5, (('MM HIEP PHU', 'MM AN PHU', 31.594903), ('MM HIEP PHU', 'MM BINH PHU', 5.8), ('MM HIEP PHU', 'MM DA NANG', 6.172263)))"
1,add_patterns_added,OREO CHOCOLATE 110.4/105G,5,shortage_ratio,MM HIEP PHU,MM AN PHU,31.59490313979169,,,0.1,14.033205,PRICED_E1_shortage_ratio_OREO CHOCOLATE 110.4/105G_T5_2,-30942.736242,,,False,False,27.0,False,False,False,True,"('OREO CHOCOLATE 110.4/105G', 5, (('MM HIEP PHU', 'MM AN PHU', 31.594903), ('MM HIEP PHU', 'MM BINH PHU', 5.8), ('MM HIEP PHU', 'MM DA NANG', 6.172263)))"
1,add_patterns_added,OREO CHOCOLATE 110.4/105G,6,shortage_ratio,MM HIEP PHU,MM AN PHU,27.797845766872975,,,0.1,13.797118,PRICED_E1_shortage_ratio_OREO CHOCOLATE 110.4/105G_T6_1,-22775.554821,,,False,False,27.0,False,False,False,True,"('OREO CHOCOLATE 110.4/105G', 6, (('MM HIEP PHU', 'MM AN PHU', 27.797846),))"
1,add_patterns_added,OREO CHOCOLATE 110.4/105G,6,shortage_ratio,MM HIEP PHU,MM BINH PHU,10.84056563725549,,,0.1,13.797118,PRICED_E1_shortage_ratio_OREO CHOCOLATE 110.4/105G_T6_3,-13895.131564,,,False,False,27.0,False,False,False,True,"('OREO CHOCOLATE 110.4/105G', 6, (('MM HIEP PHU', 'MM AN PHU', 16.95728), ('MM HIEP PHU', 'MM BINH PHU', 10.840566)))"
1,add_patterns_added,OREO CHOCOLATE 110.4/105G,6,shortage_ratio,MM HIEP PHU,MM AN PHU,16.957280129617484,,,0.1,13.797118,PRICED_E1_shortage_ratio_OREO CHOCOLATE 110.4/105G_T6_3,-13895.131564,,,False,False,27.0,False,False,False,True,"('OREO CHOCOLATE 110.4/105G', 6, (('MM HIEP PHU', 'MM AN PHU', 16.95728), ('MM HIEP PHU', 'MM BINH PHU', 10.840566)))"
1,add_patterns_added,OREO CHOCOLATE 110.4/105G,6,shortage_ratio,MM HIEP PHU,MM DA NANG,13.569417531974295,,,0.1,13.797118,PRICED_E1_shortage_ratio_OREO CHOCOLATE 110.4/105G_T6_2,-2779.778606,,,False,False,27.0,False,False,False,True,"('OREO CHOCOLATE 110.4/105G', 6, (('MM HIEP PHU', 'MM AN PHU', 3.387863), ('MM HIEP PHU', 'MM BINH PHU', 10.840566), ('MM HIEP PHU', 'MM DA NANG', 13.569418)))"
1,add_patterns_added,OREO CHOCOLATE 110.4/105G,6,shortage_ratio,MM HIEP PHU,MM BINH PHU,10.84056563725549,,,0.1,13.797118,PRICED_E1_shortage_ratio_OREO CHOCOLATE 110.4/105G_T6_2,-2779.778606,,,False,False,27.0,False,False,False,True,"('OREO CHOCOLATE 110.4/105G', 6, (('MM HIEP PHU', 'MM AN PHU', 3.387863), ('MM HIEP PHU', 'MM BINH PHU', 10.840566), ('MM HIEP PHU', 'MM DA NANG', 13.569418)))"
1,add_patterns_added,OREO CHOCOLATE 110.4/105G,6,shortage_ratio,MM HIEP PHU,MM AN PHU,3.3878625976431884,,,0.1,13.797118,PRICED_E1_shortage_ratio_OREO CHOCOLATE 110.4/105G_T6_2,-2779.778606,,,False,False,27.0,False,False,False,True,"('OREO CHOCOLATE 110.4/105G', 6, (('MM HIEP PHU', 'MM AN PHU', 3.387863), ('MM HIEP PHU', 'MM BINH PHU', 10.840566), ('MM HIEP PHU', 'MM DA NANG', 13.569418)))"
1,add_patterns_added,OREO CHOCOLATE 110.4/105G,7,shortage_ratio,MM HIEP PHU,MM AN PHU,6.107758047747637,,,0.1,7.723963,PRICED_E1_shortage_ratio_OREO CHOCOLATE 110.4/105G_T7_1,-5002.696944,,,False,False,27.0,False,False,False,True,"('OREO CHOCOLATE 110.4/105G', 7, (('MM HIEP PHU', 'MM AN PHU', 6.107758),))"
1,add_patterns_added,OREO VANILLA 110.4/105G,2,shortage_ratio,MM DA NANG,MM AN PHU,46.37331015276553,,,0.1,23.746458,PRICED_E1_shortage_ratio_OREO VANILLA 110.4/105G_T2_1,-16.549324,,,False,False,27.0,False,False,False,True,"('OREO VANILLA 110.4/105G', 2, (('MM DA NANG', 'MM AN PHU', 46.37331),))"
1,add_patterns_added,OREO VANILLA 110.4/105G,2,shortage_ratio,MM HIEP PHU,MM AN PHU,46.37331015276553,,,0.1,23.746458,PRICED_E1_shortage_ratio_OREO VANILLA 110.4/105G_T2_2,-16.549324,,,False,False,27.0,False,False,False,True,"('OREO VANILLA 110.4/105G', 2, (('MM HIEP PHU', 'MM AN PHU', 46.37331),))"
1,add_patterns_added,OREO VANILLA 110.4/105G,2,shortage_ratio,MM BINH PHU,MM AN PHU,10.406890537796688,,,0.1,23.746458,PRICED_E1_shortage_ratio_OREO VANILLA 110.4/105G_T2_3,-14.549324,,,False,False,27.0,False,False,False,True,"('OREO VANILLA 110.4/105G', 2, (('MM BINH PHU', 'MM AN PHU', 10.406891), ('MM DA NANG', 'MM AN PHU', 35.96642)))"
1,add_patterns_added,OREO VANILLA 110.4/105G,2,shortage_ratio,MM DA NANG,MM AN PHU,35.96641961496884,,,0.1,23.746458,PRICED_E1_shortage_ratio_OREO VANILLA 110.4/105G_T2_3,-14.549324,,,False,False,27.0,False,False,False,True,"('OREO VANILLA 110.4/105G', 2, (('MM BINH PHU', 'MM AN PHU', 10.406891), ('MM DA NANG', 'MM AN PHU', 35.96642)))"
1,add_patterns_added,OREO VANILLA 110.4/105G,3,shortage_ratio,MM DA NANG,MM AN PHU,129.55005300329327,,,0.1,56.398544,PRICED_E1_shortage_ratio_OREO VANILLA 110.4/105G_T3_1,-49.820021,,,False,False,27.0,False,False,False,True,"('OREO VANILLA 110.4/105G', 3, (('MM DA NANG', 'MM AN PHU', 129.550053),))"
1,add_patterns_added,OREO VANILLA 110.4/105G,3,shortage_ratio,MM HIEP PHU,MM AN PHU,100.41946722846228,,,0.1,56.398544,PRICED_E1_shortage_ratio_OREO VANILLA 110.4/105G_T3_2,-47.820021,,,False,False,27.0,False,False,False,True,"('OREO VANILLA 110.4/105G', 3, (('MM BINH PHU', 'MM AN PHU', 29.130586), ('MM HIEP PHU', 'MM AN PHU', 100.419467)))"
1,add_patterns_added,OREO VANILLA 110.4/105G,3,shortage_ratio,MM BINH PHU,MM AN PHU,29.13058577483099,,,0.1,56.398544,PRICED_E1_shortage_ratio_OREO VANILLA 110.4/105G_T3_2,-47.820021,,,False,False,27.0,False,False,False,True,"('OREO VANILLA 110.4/105G', 3, (('MM BINH PHU', 'MM AN PHU', 29.130586), ('MM HIEP PHU', 'MM AN PHU', 100.419467)))"
1,add_patterns_added,OREO VANILLA 110.4/105G,3,shortage_ratio,MM BINH PHU,MM AN PHU,32.92485991319777,,,0.1,56.398544,PRICED_E1_shortage_ratio_OREO VANILLA 110.4/105G_T3_3,-47.820021,,,False,False,27.0,False,False,False,True,"('OREO VANILLA 110.4/105G', 3, (('MM BINH PHU', 'MM AN PHU', 32.92486), ('MM DA NANG', 'MM AN PHU', 96.625193)))"
1,add_patterns_added,OREO VANILLA 110.4/105G,3,shortage_ratio,MM DA NANG,MM AN PHU,96.62519309009551,,,0.1,56.398544,PRICED_E1_shortage_ratio_OREO VANILLA 110.4/105G_T3_3,-47.820021,,,False,False,27.0,False,False,False,True,"('OREO VANILLA 110.4/105G', 3, (('MM BINH PHU', 'MM AN PHU', 32.92486), ('MM DA NANG', 'MM AN PHU', 96.625193)))"
1,add_patterns_added,OREO VANILLA 110.4/105G,4,shortage_ratio,MM DA NANG,MM AN PHU,258.54770440193516,,,0.1,76.983873,PRICED_E1_shortage_ratio_OREO VANILLA 110.4/105G_T4_1,-245834.46899,,,False,False,27.0,False,False,False,True,"('OREO VANILLA 110.4/105G', 4, (('MM DA NANG', 'MM AN PHU', 258.547704), ('MM HIEP PHU', 'MM AN PHU', 41.474835)))"
1,add_patterns_added,OREO VANILLA 110.4/105G,4,shortage_ratio,MM HIEP PHU,MM AN PHU,41.47483524885155,,,0.1,76.983873,PRICED_E1_shortage_ratio_OREO VANILLA 110.4/105G_T4_1,-245834.46899,,,False,False,27.0,False,False,False,True,"('OREO VANILLA 110.4/105G', 4, (('MM DA NANG', 'MM AN PHU', 258.547704), ('MM HIEP PHU', 'MM AN PHU', 41.474835)))"
1,add_patterns_added,OREO VANILLA 110.4/105G,4,shortage_ratio,MM HIEP PHU,MM AN PHU,94.91446610948731,,,0.1,76.983873,PRICED_E1_shortage_ratio_OREO VANILLA 110.4/105G_T4_2,-245832.46899,,,False,False,27.0,False,False,False,True,"('OREO VANILLA 110.4/105G', 4, (('MM BINH PHU', 'MM AN PHU', 10.624369), ('MM DA NANG', 'MM AN PHU', 194.483704), ('MM HIEP PHU', 'MM AN PHU', 94.914466)))"
1,add_patterns_added,OREO VANILLA 110.4/105G,4,shortage_ratio,MM BINH PHU,MM AN PHU,10.624369139364234,,,0.1,76.983873,PRICED_E1_shortage_ratio_OREO VANILLA 110.4/105G_T4_2,-245832.46899,,,False,False,27.0,False,False,False,True,"('OREO VANILLA 110.4/105G', 4, (('MM BINH PHU', 'MM AN PHU', 10.624369), ('MM DA NANG', 'MM AN PHU', 194.483704), ('MM HIEP PHU', 'MM AN PHU', 94.914466)))"
1,add_patterns_added,OREO VANILLA 110.4/105G,4,shortage_ratio,MM DA NANG,MM AN PHU,194.48370440193517,,,0.1,76.983873,PRICED_E1_shortage_ratio_OREO VANILLA 110.4/105G_T4_2,-245832.46899,,,False,False,27.0,False,False,False,True,"('OREO VANILLA 110.4/105G', 4, (('MM BINH PHU', 'MM AN PHU', 10.624369), ('MM DA NANG', 'MM AN PHU', 194.483704), ('MM HIEP PHU', 'MM AN PHU', 94.914466)))"
1,add_patterns_added,OREO VANILLA 110.4/105G,4,shortage_ratio,MM BINH PHU,MM AN PHU,10.624369139364234,,,0.1,76.983873,PRICED_E1_shortage_ratio_OREO VANILLA 110.4/105G_T4_3,-245832.46899,,,False,False,27.0,False,False,False,True,"('OREO VANILLA 110.4/105G', 4, (('MM BINH PHU', 'MM AN PHU', 10.624369), ('MM DA NANG', 'MM AN PHU', 258.547704), ('MM HIEP PHU', 'MM AN PHU', 30.850466)))"
1,add_patterns_added,OREO VANILLA 110.4/105G,4,shortage_ratio,MM DA NANG,MM AN PHU,258.54770440193516,,,0.1,76.983873,PRICED_E1_shortage_ratio_OREO VANILLA 110.4/105G_T4_3,-245832.46899,,,False,False,27.0,False,False,False,True,"('OREO VANILLA 110.4/105G', 4, (('MM BINH PHU', 'MM AN PHU', 10.624369), ('MM DA NANG', 'MM AN PHU', 258.547704), ('MM HIEP PHU', 'MM AN PHU', 30.850466)))"
1,add_patterns_added,OREO VANILLA 110.4/105G,4,shortage_ratio,MM HIEP PHU,MM AN PHU,30.850466109487286,,,0.1,76.983873,PRICED_E1_shortage_ratio_OREO VANILLA 110.4/105G_T4_3,-245832.46899,,,False,False,27.0,False,False,False,True,"('OREO VANILLA 110.4/105G', 4, (('MM BINH PHU', 'MM AN PHU', 10.624369), ('MM DA NANG', 'MM AN PHU', 258.547704), ('MM HIEP PHU', 'MM AN PHU', 30.850466)))"
1,add_patterns_added,OREO VANILLA 110.4/105G,5,shortage_ratio,MM HIEP PHU,MM AN PHU,104.90871450873543,,,0.1,38.96057,PRICED_E1_shortage_ratio_OREO VANILLA 110.4/105G_T5_1,-95064.339512,,,False,False,27.0,False,False,False,True,"('OREO VANILLA 110.4/105G', 5, (('MM BINH PHU', 'MM AN PHU', 11.113179), ('MM HIEP PHU', 'MM AN PHU', 104.908715)))"
1,add_patterns_added,OREO VANILLA 110.4/105G,5,shortage_ratio,MM BINH PHU,MM AN PHU,11.113178964857667,,,0.1,38.96057,PRICED_E1_shortage_ratio_OREO VANILLA 110.4/105G_T5_1,-95064.339512,,,False,False,27.0,False,False,False,True,"('OREO VANILLA 110.4/105G', 5, (('MM BINH PHU', 'MM AN PHU', 11.113179), ('MM HIEP PHU', 'MM AN PHU', 104.908715)))"
1,add_patterns_added,OREO VANILLA 110.4/105G,6,shortage_ratio,MM DA NANG,MM AN PHU,13.343909862544486,,,0.1,10.77865,PRICED_E1_shortage_ratio_OREO VANILLA 110.4/105G_T6_1,-3.337564,,,False,False,27.0,False,False,False,True,"('OREO VANILLA 110.4/105G', 6, (('MM DA NANG', 'MM AN PHU', 13.34391),))"
1,add_patterns_added,OREO VANILLA 110.4/105G,6,shortage_ratio,MM HIEP PHU,MM AN PHU,13.343909862544486,,,0.1,10.77865,PRICED_E1_shortage_ratio_OREO VANILLA 110.4/105G_T6_2,-3.337564,,,False,False,27.0,False,False,False,True,"('OREO VANILLA 110.4/105G', 6, (('MM HIEP PHU', 'MM AN PHU', 13.34391),))"
1,add_patterns_added,OREO VANILLA 110.4/105G,6,shortage_ratio,MM BINH PHU,MM AN PHU,12.614691267618035,,,0.1,10.77865,PRICED_E1_shortage_ratio_OREO VANILLA 110.4/105G_T6_3,-3.045877,,,False,False,27.0,False,False,False,True,"('OREO VANILLA 110.4/105G', 6, (('MM BINH PHU', 'MM AN PHU', 12.614691),))"
1,add_patterns_added,OREO VANILLA 110.4/105G,7,shortage_ratio,MM DA NANG,MM AN PHU,5.992465065764435,,,0.1,5.767498,PRICED_E1_shortage_ratio_OREO VANILLA 110.4/105G_T7_1,-4908.225875,,,False,False,27.0,False,False,False,True,"('OREO VANILLA 110.4/105G', 7, (('MM DA NANG', 'MM AN PHU', 5.992465),))"
1,add_patterns_added,OREO VANILLA 110.4/105G,7,shortage_ratio,MM HIEP PHU,MM AN PHU,5.992465065764435,,,0.1,5.767498,PRICED_E1_shortage_ratio_OREO VANILLA 110.4/105G_T7_2,-4908.225875,,,False,False,27.0,False,False,False,True,"('OREO VANILLA 110.4/105G', 7, (('MM HIEP PHU', 'MM AN PHU', 5.992465),))"
2,after_stackelberg,OREO CHOCOLATE 110.4/105G,2,shortage_ratio,MM BINH PHU,MM AN PHU,3.896034998189144,0.4415860007243424,False,0.0,6.333374092923259,,,,,,,,False,False,False,False,
2,after_stackelberg,OREO CHOCOLATE 110.4/105G,2,shortage_ratio,MM AN PHU,MM DA NANG,8.81972477702746,-1.527889910810984,False,0.0,8.126607578416333,,,,,,,,False,False,False,False,
2,after_stackelberg,OREO CHOCOLATE 110.4/105G,2,shortage_ratio,MM BINH PHU,MM DA NANG,3.896034998189144,0.4415860007243424,False,0.0,6.333374092923259,,,,,,,,False,False,False,False,
2,stackelberg_pricing_fallback,OREO CHOCOLATE 110.4/105G,2,shortage_ratio,MM AN PHU,MM DA NANG,8.81972477702746,-1.527889910810984,False,0.1,8.126607578416333,,,,,,,,False,False,False,False,
2,after_stackelberg,OREO CHOCOLATE 110.4/105G,2,surplus_ratio,MM AN PHU,MM DA NANG,8.81972477702746,-1.527889910810984,False,0.0,8.126607578416333,,,,,,,,False,False,False,False,
2,after_stackelberg,OREO CHOCOLATE 110.4/105G,2,surplus_ratio,MM BINH PHU,MM AN PHU,3.896034998189144,0.4415860007243424,False,0.0,6.333374092923259,,,,,,,,False,False,False,False,
2,after_stackelberg,OREO CHOCOLATE 110.4/105G,2,surplus_ratio,MM BINH PHU,MM DA NANG,3.896034998189144,0.4415860007243424,False,0.0,6.333374092923259,,,,,,,,False,False,False,False,
2,stackelberg_pricing_fallback,OREO CHOCOLATE 110.4/105G,2,surplus_ratio,MM AN PHU,MM DA NANG,8.81972477702746,-1.527889910810984,False,0.1,8.126607578416333,,,,,,,,False,False,False,False,
2,after_stackelberg,OREO CHOCOLATE 110.4/105G,2,time_urgency,MM BINH PHU,MM AN PHU,3.896034998189144,0.4415860007243424,False,0.0,6.333374092923259,,,,,,,,False,False,False,False,
2,after_stackelberg,OREO CHOCOLATE 110.4/105G,2,time_urgency,MM AN PHU,MM DA NANG,8.81972477702746,-1.527889910810984,False,0.0,8.126607578416333,,,,,,,,False,False,False,False,
2,after_stackelberg,OREO CHOCOLATE 110.4/105G,2,time_urgency,MM BINH PHU,MM DA NANG,3.896034998189144,0.4415860007243424,False,0.0,6.333374092923259,,,,,,,,False,False,False,False,
2,stackelberg_pricing_fallback,OREO CHOCOLATE 110.4/105G,2,time_urgency,MM AN PHU,MM DA NANG,8.81972477702746,-1.527889910810984,False,0.1,8.126607578416333,,,,,,,,False,False,False,False,
2,after_stackelberg,OREO CHOCOLATE 110.4/105G,2,negative_reduced_cost,MM AN PHU,MM DA NANG,8.81972477702746,-1.527889910810984,False,0.0,8.126607578416333,,,,,,,,False,False,False,False,
2,after_stackelberg,OREO CHOCOLATE 110.4/105G,2,negative_reduced_cost,MM BINH PHU,MM AN PHU,3.896034998189144,0.4415860007243424,False,0.0,6.333374092923259,,,,,,,,False,False,False,False,
2,after_stackelberg,OREO CHOCOLATE 110.4/105G,2,negative_reduced_cost,MM BINH PHU,MM DA NANG,3.896034998189144,0.4415860007243424,False,0.0,6.333374092923259,,,,,,,,False,False,False,False,
2,stackelberg_pricing_fallback,OREO CHOCOLATE 110.4/105G,2,negative_reduced_cost,MM AN PHU,MM DA NANG,8.81972477702746,-1.527889910810984,False,0.1,8.126607578416333,,,,,,,,False,False,False,False,
2,after_stackelberg,OREO CHOCOLATE 110.4/105G,5,shortage_ratio,MM BINH PHU,MM AN PHU,2.081590494930049,-413.36691232570973,False,0.0,5.124446546286667,,,,,,,,False,False,False,False,
2,after_stackelberg,OREO CHOCOLATE 110.4/105G,5,shortage_ratio,MM BINH PHU,MM DA NANG,2.081590494930049,-413.36691232570973,False,0.0,5.124446546286667,,,,,,,,False,False,False,False,
2,stackelberg_pricing_fallback,OREO CHOCOLATE 110.4/105G,5,shortage_ratio,MM BINH PHU,MM AN PHU,2.081590494930049,-413.36691232570973,False,0.1,5.124446546286667,,,,,,,,False,False,False,False,
2,stackelberg_pricing_fallback,OREO CHOCOLATE 110.4/105G,5,shortage_ratio,MM BINH PHU,MM DA NANG,2.081590494930049,-413.36691232570973,False,0.1,5.124446546286667,,,,,,,,False,False,False,False,
2,after_stackelberg,OREO CHOCOLATE 110.4/105G,5,surplus_ratio,MM BINH PHU,MM AN PHU,2.081590494930049,-413.36691232570973,False,0.0,5.124446546286667,,,,,,,,False,False,False,False,
2,after_stackelberg,OREO CHOCOLATE 110.4/105G,5,surplus_ratio,MM BINH PHU,MM DA NANG,2.081590494930049,-413.36691232570973,False,0.0,5.124446546286667,,,,,,,,False,False,False,False,
2,stackelberg_pricing_fallback,OREO CHOCOLATE 110.4/105G,5,surplus_ratio,MM BINH PHU,MM AN PHU,2.081590494930049,-413.36691232570973,False,0.1,5.124446546286667,,,,,,,,False,False,False,False,
2,stackelberg_pricing_fallback,OREO CHOCOLATE 110.4/105G,5,surplus_ratio,MM BINH PHU,MM DA NANG,2.081590494930049,-413.36691232570973,False,0.1,5.124446546286667,,,,,,,,False,False,False,False,
2,after_stackelberg,OREO CHOCOLATE 110.4/105G,5,time_urgency,MM BINH PHU,MM AN PHU,2.081590494930049,-413.36691232570973,False,0.0,5.124446546286667,,,,,,,,False,False,False,False,
2,after_stackelberg,OREO CHOCOLATE 110.4/105G,5,time_urgency,MM BINH PHU,MM DA NANG,2.081590494930049,-413.36691232570973,False,0.0,5.124446546286667,,,,,,,,False,False,False,False,
2,stackelberg_pricing_fallback,OREO CHOCOLATE 110.4/105G,5,time_urgency,MM BINH PHU,MM AN PHU,2.081590494930049,-413.36691232570973,False,0.1,5.124446546286667,,,,,,,,False,False,False,False,
2,stackelberg_pricing_fallback,OREO CHOCOLATE 110.4/105G,5,time_urgency,MM BINH PHU,MM DA NANG,2.081590494930049,-413.36691232570973,False,0.1,5.124446546286667,,,,,,,,False,False,False,False,
2,after_stackelberg,OREO CHOCOLATE 110.4/105G,5,negative_reduced_cost,MM BINH PHU,MM AN PHU,2.081590494930049,-413.36691232570973,False,0.0,5.124446546286667,,,,,,,,False,False,False,False,
2,after_stackelberg,OREO CHOCOLATE 110.4/105G,5,negative_reduced_cost,MM BINH PHU,MM DA NANG,2.081590494930049,-413.36691232570973,False,0.0,5.124446546286667,,,,,,,,False,False,False,False,
2,stackelberg_pricing_fallback,OREO CHOCOLATE 110.4/105G,5,negative_reduced_cost,MM BINH PHU,MM AN PHU,2.081590494930049,-413.36691232570973,False,0.1,5.124446546286667,,,,,,,,False,False,False,False,
2,stackelberg_pricing_fallback,OREO CHOCOLATE 110.4/105G,5,negative_reduced_cost,MM BINH PHU,MM DA NANG,2.081590494930049,-413.36691232570973,False,0.1,5.124446546286667,,,,,,,,False,False,False,False,
2,pricing_dedup_rejected_before_gnn,OREO CHOCOLATE 110.4/105G,2,surplus_ratio,MM AN PHU,MM DA NANG,8.81972477702746,,,0.1,8.126608,PRICED_E2_surplus_ratio_OREO CHOCOLATE 110.4/105G_T2_1,-1.52789,,,,,,False,True,False,False,"('OREO CHOCOLATE 110.4/105G', 2, (('MM AN PHU', 'MM DA NANG', 8.819725),))"
2,pricing_dedup_rejected_before_gnn,OREO CHOCOLATE 110.4/105G,2,time_urgency,MM AN PHU,MM DA NANG,8.81972477702746,,,0.1,8.126608,PRICED_E2_time_urgency_OREO CHOCOLATE 110.4/105G_T2_1,-1.52789,,,,,,False,True,False,False,"('OREO CHOCOLATE 110.4/105G', 2, (('MM AN PHU', 'MM DA NANG', 8.819725),))"
2,pricing_dedup_rejected_before_gnn,OREO CHOCOLATE 110.4/105G,2,negative_reduced_cost,MM AN PHU,MM DA NANG,8.81972477702746,,,0.1,8.126608,PRICED_E2_negative_reduced_cost_OREO CHOCOLATE 110.4/105G_T2_1,-1.52789,,,,,,False,True,False,False,"('OREO CHOCOLATE 110.4/105G', 2, (('MM AN PHU', 'MM DA NANG', 8.819725),))"
2,pricing_dedup_rejected_before_gnn,OREO CHOCOLATE 110.4/105G,5,surplus_ratio,MM BINH PHU,MM AN PHU,2.081590494930049,,,0.1,5.124447,PRICED_E2_surplus_ratio_OREO CHOCOLATE 110.4/105G_T5_1,-413.366912,,,,,,False,True,False,False,"('OREO CHOCOLATE 110.4/105G', 5, (('MM BINH PHU', 'MM AN PHU', 2.08159),))"
2,pricing_dedup_rejected_before_gnn,OREO CHOCOLATE 110.4/105G,5,surplus_ratio,MM BINH PHU,MM DA NANG,2.081590494930049,,,0.1,5.124447,PRICED_E2_surplus_ratio_OREO CHOCOLATE 110.4/105G_T5_2,-413.366912,,,,,,False,True,False,False,"('OREO CHOCOLATE 110.4/105G', 5, (('MM BINH PHU', 'MM DA NANG', 2.08159),))"
2,pricing_dedup_rejected_before_gnn,OREO CHOCOLATE 110.4/105G,5,time_urgency,MM BINH PHU,MM AN PHU,2.081590494930049,,,0.1,5.124447,PRICED_E2_time_urgency_OREO CHOCOLATE 110.4/105G_T5_1,-413.366912,,,,,,False,True,False,False,"('OREO CHOCOLATE 110.4/105G', 5, (('MM BINH PHU', 'MM AN PHU', 2.08159),))"
2,pricing_dedup_rejected_before_gnn,OREO CHOCOLATE 110.4/105G,5,time_urgency,MM BINH PHU,MM DA NANG,2.081590494930049,,,0.1,5.124447,PRICED_E2_time_urgency_OREO CHOCOLATE 110.4/105G_T5_2,-413.366912,,,,,,False,True,False,False,"('OREO CHOCOLATE 110.4/105G', 5, (('MM BINH PHU', 'MM DA NANG', 2.08159),))"
2,pricing_dedup_rejected_before_gnn,OREO CHOCOLATE 110.4/105G,5,negative_reduced_cost,MM BINH PHU,MM AN PHU,2.081590494930049,,,0.1,5.124447,PRICED_E2_negative_reduced_cost_OREO CHOCOLATE 110.4/105G_T5_1,-413.366912,,,,,,False,True,False,False,"('OREO CHOCOLATE 110.4/105G', 5, (('MM BINH PHU', 'MM AN PHU', 2.08159),))"
2,pricing_dedup_rejected_before_gnn,OREO CHOCOLATE 110.4/105G,5,negative_reduced_cost,MM BINH PHU,MM DA NANG,2.081590494930049,,,0.1,5.124447,PRICED_E2_negative_reduced_cost_OREO CHOCOLATE 110.4/105G_T5_2,-413.366912,,,,,,False,True,False,False,"('OREO CHOCOLATE 110.4/105G', 5, (('MM BINH PHU', 'MM DA NANG', 2.08159),))"
2,teacher_full_batch_recorded_before_rmp,OREO CHOCOLATE 110.4/105G,2,shortage_ratio,MM AN PHU,MM DA NANG,8.81972477702746,,,0.1,8.126608,PRICED_E2_shortage_ratio_OREO CHOCOLATE 110.4/105G_T2_1,-1.52789,,,False,False,3.0,False,False,False,False,"(('MM AN PHU', 'MM DA NANG', 8.819725),)"
2,teacher_full_batch_recorded_before_rmp,OREO CHOCOLATE 110.4/105G,5,shortage_ratio,MM BINH PHU,MM AN PHU,2.081590494930049,,,0.1,5.124447,PRICED_E2_shortage_ratio_OREO CHOCOLATE 110.4/105G_T5_1,-413.366912,,,False,False,3.0,False,False,False,False,"(('MM BINH PHU', 'MM AN PHU', 2.08159),)"
2,teacher_full_batch_recorded_before_rmp,OREO CHOCOLATE 110.4/105G,5,shortage_ratio,MM BINH PHU,MM DA NANG,2.081590494930049,,,0.1,5.124447,PRICED_E2_shortage_ratio_OREO CHOCOLATE 110.4/105G_T5_2,-413.366912,,,False,False,3.0,False,False,False,False,"(('MM BINH PHU', 'MM DA NANG', 2.08159),)"
2,add_patterns_added,OREO CHOCOLATE 110.4/105G,2,shortage_ratio,MM AN PHU,MM DA NANG,8.81972477702746,,,0.1,8.126608,PRICED_E2_shortage_ratio_OREO CHOCOLATE 110.4/105G_T2_1,-1.52789,,,False,False,3.0,False,False,False,True,"('OREO CHOCOLATE 110.4/105G', 2, (('MM AN PHU', 'MM DA NANG', 8.819725),))"
2,add_patterns_added,OREO CHOCOLATE 110.4/105G,5,shortage_ratio,MM BINH PHU,MM AN PHU,2.081590494930049,,,0.1,5.124447,PRICED_E2_shortage_ratio_OREO CHOCOLATE 110.4/105G_T5_1,-413.366912,,,False,False,3.0,False,False,False,True,"('OREO CHOCOLATE 110.4/105G', 5, (('MM BINH PHU', 'MM AN PHU', 2.08159),))"
2,add_patterns_added,OREO CHOCOLATE 110.4/105G,5,shortage_ratio,MM BINH PHU,MM DA NANG,2.081590494930049,,,0.1,5.124447,PRICED_E2_shortage_ratio_OREO CHOCOLATE 110.4/105G_T5_2,-413.366912,,,False,False,3.0,False,False,False,True,"('OREO CHOCOLATE 110.4/105G', 5, (('MM BINH PHU', 'MM DA NANG', 2.08159),))"
3,after_stackelberg,OREO CHOCOLATE 110.4/105G,2,shortage_ratio,MM BINH PHU,MM AN PHU,3.896034998189144,0.4415860007243424,False,0.0,6.333374092923259,,,,,,,,False,False,False,False,
3,after_stackelberg,OREO CHOCOLATE 110.4/105G,2,shortage_ratio,MM BINH PHU,MM DA NANG,2.3623153040246905,1.0550738783901235,False,0.0,4.6274907547120945,,,,,,,,False,False,False,False,
3,after_stackelberg,OREO CHOCOLATE 110.4/105G,2,shortage_ratio,MM AN PHU,MM DA NANG,2.3623153040246905,1.4643108437584822,False,0.0,3.640978512384422,,,,,,,,False,False,False,False,
3,after_stackelberg,OREO CHOCOLATE 110.4/105G,2,surplus_ratio,MM BINH PHU,MM AN PHU,3.896034998189144,0.4415860007243424,False,0.0,6.333374092923259,,,,,,,,False,False,False,False,
3,after_stackelberg,OREO CHOCOLATE 110.4/105G,2,surplus_ratio,MM BINH PHU,MM DA NANG,2.3623153040246905,1.0550738783901235,False,0.0,4.6274907547120945,,,,,,,,False,False,False,False,
3,after_stackelberg,OREO CHOCOLATE 110.4/105G,2,surplus_ratio,MM AN PHU,MM DA NANG,2.3623153040246905,1.4643108437584822,False,0.0,3.640978512384422,,,,,,,,False,False,False,False,
3,after_stackelberg,OREO CHOCOLATE 110.4/105G,2,time_urgency,MM BINH PHU,MM AN PHU,3.896034998189144,0.4415860007243424,False,0.0,6.333374092923259,,,,,,,,False,False,False,False,
3,after_stackelberg,OREO CHOCOLATE 110.4/105G,2,time_urgency,MM BINH PHU,MM DA NANG,2.3623153040246905,1.0550738783901235,False,0.0,4.6274907547120945,,,,,,,,False,False,False,False,
3,after_stackelberg,OREO CHOCOLATE 110.4/105G,2,time_urgency,MM AN PHU,MM DA NANG,2.3623153040246905,1.4643108437584822,False,0.0,3.640978512384422,,,,,,,,False,False,False,False,
3,after_stackelberg,OREO CHOCOLATE 110.4/105G,2,negative_reduced_cost,MM BINH PHU,MM AN PHU,3.896034998189144,0.4415860007243424,False,0.0,6.333374092923259,,,,,,,,False,False,False,False,
3,after_stackelberg,OREO CHOCOLATE 110.4/105G,2,negative_reduced_cost,MM BINH PHU,MM DA NANG,2.3623153040246905,1.0550738783901235,False,0.0,4.6274907547120945,,,,,,,,False,False,False,False,
3,after_stackelberg,OREO CHOCOLATE 110.4/105G,2,negative_reduced_cost,MM AN PHU,MM DA NANG,2.3623153040246905,1.4643108437584822,False,0.0,3.640978512384422,,,,,,,,False,False,False,False,
3,after_stackelberg,OREO CHOCOLATE 110.4/105G,5,shortage_ratio,MM BINH PHU,MM AN PHU,1.3426925142616302,-151.78150566926874,False,0.0,4.578756245588282,,,,,,,,False,False,False,False,
3,after_stackelberg,OREO CHOCOLATE 110.4/105G,5,shortage_ratio,MM BINH PHU,MM DA NANG,1.3426925142616302,-151.78150566926874,False,0.0,4.578756245588282,,,,,,,,False,False,False,False,
3,stackelberg_pricing_fallback,OREO CHOCOLATE 110.4/105G,5,shortage_ratio,MM BINH PHU,MM AN PHU,1.3426925142616302,-151.78150566926874,False,0.1,4.578756245588282,,,,,,,,False,False,False,False,
3,stackelberg_pricing_fallback,OREO CHOCOLATE 110.4/105G,5,shortage_ratio,MM BINH PHU,MM DA NANG,1.3426925142616302,-151.78150566926874,False,0.1,4.578756245588282,,,,,,,,False,False,False,False,
3,after_stackelberg,OREO CHOCOLATE 110.4/105G,5,surplus_ratio,MM BINH PHU,MM AN PHU,1.3426925142616302,-151.78150566926874,False,0.0,4.578756245588282,,,,,,,,False,False,False,False,
3,after_stackelberg,OREO CHOCOLATE 110.4/105G,5,surplus_ratio,MM BINH PHU,MM DA NANG,1.3426925142616302,-151.78150566926874,False,0.0,4.578756245588282,,,,,,,,False,False,False,False,
3,stackelberg_pricing_fallback,OREO CHOCOLATE 110.4/105G,5,surplus_ratio,MM BINH PHU,MM AN PHU,1.3426925142616302,-151.78150566926874,False,0.1,4.578756245588282,,,,,,,,False,False,False,False,
3,stackelberg_pricing_fallback,OREO CHOCOLATE 110.4/105G,5,surplus_ratio,MM BINH PHU,MM DA NANG,1.3426925142616302,-151.78150566926874,False,0.1,4.578756245588282,,,,,,,,False,False,False,False,
3,after_stackelberg,OREO CHOCOLATE 110.4/105G,5,time_urgency,MM BINH PHU,MM AN PHU,1.3426925142616302,-151.78150566926874,False,0.0,4.578756245588282,,,,,,,,False,False,False,False,
3,after_stackelberg,OREO CHOCOLATE 110.4/105G,5,time_urgency,MM BINH PHU,MM DA NANG,1.3426925142616302,-151.78150566926874,False,0.0,4.578756245588282,,,,,,,,False,False,False,False,
3,stackelberg_pricing_fallback,OREO CHOCOLATE 110.4/105G,5,time_urgency,MM BINH PHU,MM AN PHU,1.3426925142616302,-151.78150566926874,False,0.1,4.578756245588282,,,,,,,,False,False,False,False,
3,stackelberg_pricing_fallback,OREO CHOCOLATE 110.4/105G,5,time_urgency,MM BINH PHU,MM DA NANG,1.3426925142616302,-151.78150566926874,False,0.1,4.578756245588282,,,,,,,,False,False,False,False,
3,after_stackelberg,OREO CHOCOLATE 110.4/105G,5,negative_reduced_cost,MM BINH PHU,MM AN PHU,1.3426925142616302,-151.78150566926874,False,0.0,4.578756245588282,,,,,,,,False,False,False,False,
3,after_stackelberg,OREO CHOCOLATE 110.4/105G,5,negative_reduced_cost,MM BINH PHU,MM DA NANG,1.3426925142616302,-151.78150566926874,False,0.0,4.578756245588282,,,,,,,,False,False,False,False,
3,stackelberg_pricing_fallback,OREO CHOCOLATE 110.4/105G,5,negative_reduced_cost,MM BINH PHU,MM AN PHU,1.3426925142616302,-151.78150566926874,False,0.1,4.578756245588282,,,,,,,,False,False,False,False,
3,stackelberg_pricing_fallback,OREO CHOCOLATE 110.4/105G,5,negative_reduced_cost,MM BINH PHU,MM DA NANG,1.3426925142616302,-151.78150566926874,False,0.1,4.578756245588282,,,,,,,,False,False,False,False,
3,pricing_dedup_rejected_before_gnn,OREO CHOCOLATE 110.4/105G,5,surplus_ratio,MM BINH PHU,MM AN PHU,1.3426925142616302,,,0.1,4.578756,PRICED_E3_surplus_ratio_OREO CHOCOLATE 110.4/105G_T5_1,-151.781506,,,,,,False,True,False,False,"('OREO CHOCOLATE 110.4/105G', 5, (('MM BINH PHU', 'MM AN PHU', 1.342693),))"
3,pricing_dedup_rejected_before_gnn,OREO CHOCOLATE 110.4/105G,5,surplus_ratio,MM BINH PHU,MM DA NANG,1.3426925142616302,,,0.1,4.578756,PRICED_E3_surplus_ratio_OREO CHOCOLATE 110.4/105G_T5_2,-151.781506,,,,,,False,True,False,False,"('OREO CHOCOLATE 110.4/105G', 5, (('MM BINH PHU', 'MM DA NANG', 1.342693),))"
3,pricing_dedup_rejected_before_gnn,OREO CHOCOLATE 110.4/105G,5,time_urgency,MM BINH PHU,MM AN PHU,1.3426925142616302,,,0.1,4.578756,PRICED_E3_time_urgency_OREO CHOCOLATE 110.4/105G_T5_1,-151.781506,,,,,,False,True,False,False,"('OREO CHOCOLATE 110.4/105G', 5, (('MM BINH PHU', 'MM AN PHU', 1.342693),))"
3,pricing_dedup_rejected_before_gnn,OREO CHOCOLATE 110.4/105G,5,time_urgency,MM BINH PHU,MM DA NANG,1.3426925142616302,,,0.1,4.578756,PRICED_E3_time_urgency_OREO CHOCOLATE 110.4/105G_T5_2,-151.781506,,,,,,False,True,False,False,"('OREO CHOCOLATE 110.4/105G', 5, (('MM BINH PHU', 'MM DA NANG', 1.342693),))"
3,pricing_dedup_rejected_before_gnn,OREO CHOCOLATE 110.4/105G,5,negative_reduced_cost,MM BINH PHU,MM AN PHU,1.3426925142616302,,,0.1,4.578756,PRICED_E3_negative_reduced_cost_OREO CHOCOLATE 110.4/105G_T5_1,-151.781506,,,,,,False,True,False,False,"('OREO CHOCOLATE 110.4/105G', 5, (('MM BINH PHU', 'MM AN PHU', 1.342693),))"
3,pricing_dedup_rejected_before_gnn,OREO CHOCOLATE 110.4/105G,5,negative_reduced_cost,MM BINH PHU,MM DA NANG,1.3426925142616302,,,0.1,4.578756,PRICED_E3_negative_reduced_cost_OREO CHOCOLATE 110.4/105G_T5_2,-151.781506,,,,,,False,True,False,False,"('OREO CHOCOLATE 110.4/105G', 5, (('MM BINH PHU', 'MM DA NANG', 1.342693),))"
3,teacher_full_batch_recorded_before_rmp,OREO CHOCOLATE 110.4/105G,5,shortage_ratio,MM BINH PHU,MM AN PHU,1.3426925142616302,,,0.1,4.578756,PRICED_E3_shortage_ratio_OREO CHOCOLATE 110.4/105G_T5_1,-151.781506,,,False,False,2.0,False,False,False,False,"(('MM BINH PHU', 'MM AN PHU', 1.342693),)"
3,teacher_full_batch_recorded_before_rmp,OREO CHOCOLATE 110.4/105G,5,shortage_ratio,MM BINH PHU,MM DA NANG,1.3426925142616302,,,0.1,4.578756,PRICED_E3_shortage_ratio_OREO CHOCOLATE 110.4/105G_T5_2,-151.781506,,,False,False,2.0,False,False,False,False,"(('MM BINH PHU', 'MM DA NANG', 1.342693),)"
3,add_patterns_added,OREO CHOCOLATE 110.4/105G,5,shortage_ratio,MM BINH PHU,MM AN PHU,1.3426925142616302,,,0.1,4.578756,PRICED_E3_shortage_ratio_OREO CHOCOLATE 110.4/105G_T5_1,-151.781506,,,False,False,2.0,False,False,False,True,"('OREO CHOCOLATE 110.4/105G', 5, (('MM BINH PHU', 'MM AN PHU', 1.342693),))"
3,add_patterns_added,OREO CHOCOLATE 110.4/105G,5,shortage_ratio,MM BINH PHU,MM DA NANG,1.3426925142616302,,,0.1,4.578756,PRICED_E3_shortage_ratio_OREO CHOCOLATE 110.4/105G_T5_2,-151.781506,,,False,False,2.0,False,False,False,True,"('OREO CHOCOLATE 110.4/105G', 5, (('MM BINH PHU', 'MM DA NANG', 1.342693),))"
4,after_stackelberg,OREO CHOCOLATE 110.4/105G,2,shortage_ratio,MM BINH PHU,MM AN PHU,3.896034998189144,0.4415860007243424,False,0.0,6.333374092923259,,,,,,,,False,False,False,False,
4,after_stackelberg,OREO CHOCOLATE 110.4/105G,2,shortage_ratio,MM BINH PHU,MM DA NANG,2.3623153040246905,1.0550738783901235,False,0.0,4.6274907547120945,,,,,,,,False,False,False,False,
4,after_stackelberg,OREO CHOCOLATE 110.4/105G,2,shortage_ratio,MM AN PHU,MM DA NANG,2.3623153040246905,1.4643108437584822,False,0.0,3.640978512384422,,,,,,,,False,False,False,False,
4,after_stackelberg,OREO CHOCOLATE 110.4/105G,2,surplus_ratio,MM BINH PHU,MM AN PHU,3.896034998189144,0.4415860007243424,False,0.0,6.333374092923259,,,,,,,,False,False,False,False,
4,after_stackelberg,OREO CHOCOLATE 110.4/105G,2,surplus_ratio,MM BINH PHU,MM DA NANG,2.3623153040246905,1.0550738783901235,False,0.0,4.6274907547120945,,,,,,,,False,False,False,False,
4,after_stackelberg,OREO CHOCOLATE 110.4/105G,2,surplus_ratio,MM AN PHU,MM DA NANG,2.3623153040246905,1.4643108437584822,False,0.0,3.640978512384422,,,,,,,,False,False,False,False,
4,after_stackelberg,OREO CHOCOLATE 110.4/105G,2,time_urgency,MM BINH PHU,MM AN PHU,3.896034998189144,0.4415860007243424,False,0.0,6.333374092923259,,,,,,,,False,False,False,False,
4,after_stackelberg,OREO CHOCOLATE 110.4/105G,2,time_urgency,MM BINH PHU,MM DA NANG,2.3623153040246905,1.0550738783901235,False,0.0,4.6274907547120945,,,,,,,,False,False,False,False,
4,after_stackelberg,OREO CHOCOLATE 110.4/105G,2,time_urgency,MM AN PHU,MM DA NANG,2.3623153040246905,1.4643108437584822,False,0.0,3.640978512384422,,,,,,,,False,False,False,False,
4,after_stackelberg,OREO CHOCOLATE 110.4/105G,2,negative_reduced_cost,MM BINH PHU,MM AN PHU,3.896034998189144,0.4415860007243424,False,0.0,6.333374092923259,,,,,,,,False,False,False,False,
4,after_stackelberg,OREO CHOCOLATE 110.4/105G,2,negative_reduced_cost,MM BINH PHU,MM DA NANG,2.3623153040246905,1.0550738783901235,False,0.0,4.6274907547120945,,,,,,,,False,False,False,False,
4,after_stackelberg,OREO CHOCOLATE 110.4/105G,2,negative_reduced_cost,MM AN PHU,MM DA NANG,2.3623153040246905,1.4643108437584822,False,0.0,3.640978512384422,,,,,,,,False,False,False,False,
4,after_stackelberg,OREO CHOCOLATE 110.4/105G,5,shortage_ratio,MM BINH PHU,MM AN PHU,0.9701467009729061,-109.11302015244333,False,0.0,4.274511605331937,,,,,,,,False,False,False,False,
4,after_stackelberg,OREO CHOCOLATE 110.4/105G,5,shortage_ratio,MM BINH PHU,MM DA NANG,0.9701467009729061,-109.11302015244333,False,0.0,4.274511605331937,,,,,,,,False,False,False,False,
4,stackelberg_pricing_fallback,OREO CHOCOLATE 110.4/105G,5,shortage_ratio,MM BINH PHU,MM AN PHU,0.9701467009729061,-109.11302015244333,False,0.1,4.274511605331937,,,,,,,,False,False,False,False,
4,stackelberg_pricing_fallback,OREO CHOCOLATE 110.4/105G,5,shortage_ratio,MM BINH PHU,MM DA NANG,0.9701467009729061,-109.11302015244333,False,0.1,4.274511605331937,,,,,,,,False,False,False,False,
4,after_stackelberg,OREO CHOCOLATE 110.4/105G,5,surplus_ratio,MM BINH PHU,MM AN PHU,0.9701467009729061,-109.11302015244333,False,0.0,4.274511605331937,,,,,,,,False,False,False,False,
4,after_stackelberg,OREO CHOCOLATE 110.4/105G,5,surplus_ratio,MM BINH PHU,MM DA NANG,0.9701467009729061,-109.11302015244333,False,0.0,4.274511605331937,,,,,,,,False,False,False,False,
4,stackelberg_pricing_fallback,OREO CHOCOLATE 110.4/105G,5,surplus_ratio,MM BINH PHU,MM AN PHU,0.9701467009729061,-109.11302015244333,False,0.1,4.274511605331937,,,,,,,,False,False,False,False,
4,stackelberg_pricing_fallback,OREO CHOCOLATE 110.4/105G,5,surplus_ratio,MM BINH PHU,MM DA NANG,0.9701467009729061,-109.11302015244333,False,0.1,4.274511605331937,,,,,,,,False,False,False,False,
4,after_stackelberg,OREO CHOCOLATE 110.4/105G,5,time_urgency,MM BINH PHU,MM AN PHU,0.9701467009729061,-109.11302015244333,False,0.0,4.274511605331937,,,,,,,,False,False,False,False,
4,after_stackelberg,OREO CHOCOLATE 110.4/105G,5,time_urgency,MM BINH PHU,MM DA NANG,0.9701467009729061,-109.11302015244333,False,0.0,4.274511605331937,,,,,,,,False,False,False,False,
4,stackelberg_pricing_fallback,OREO CHOCOLATE 110.4/105G,5,time_urgency,MM BINH PHU,MM AN PHU,0.9701467009729061,-109.11302015244333,False,0.1,4.274511605331937,,,,,,,,False,False,False,False,
4,stackelberg_pricing_fallback,OREO CHOCOLATE 110.4/105G,5,time_urgency,MM BINH PHU,MM DA NANG,0.9701467009729061,-109.11302015244333,False,0.1,4.274511605331937,,,,,,,,False,False,False,False,
4,after_stackelberg,OREO CHOCOLATE 110.4/105G,5,negative_reduced_cost,MM BINH PHU,MM AN PHU,0.9701467009729061,-109.11302015244333,False,0.0,4.274511605331937,,,,,,,,False,False,False,False,
4,after_stackelberg,OREO CHOCOLATE 110.4/105G,5,negative_reduced_cost,MM BINH PHU,MM DA NANG,0.9701467009729061,-109.11302015244333,False,0.0,4.274511605331937,,,,,,,,False,False,False,False,
4,stackelberg_pricing_fallback,OREO CHOCOLATE 110.4/105G,5,negative_reduced_cost,MM BINH PHU,MM AN PHU,0.9701467009729061,-109.11302015244333,False,0.1,4.274511605331937,,,,,,,,False,False,False,False,
4,stackelberg_pricing_fallback,OREO CHOCOLATE 110.4/105G,5,negative_reduced_cost,MM BINH PHU,MM DA NANG,0.9701467009729061,-109.11302015244333,False,0.1,4.274511605331937,,,,,,,,False,False,False,False,
4,pricing_dedup_rejected_before_gnn,OREO CHOCOLATE 110.4/105G,5,surplus_ratio,MM BINH PHU,MM AN PHU,0.9701467009729061,,,0.1,4.274512,PRICED_E4_surplus_ratio_OREO CHOCOLATE 110.4/105G_T5_1,-109.11302,,,,,,False,True,False,False,"('OREO CHOCOLATE 110.4/105G', 5, (('MM BINH PHU', 'MM AN PHU', 0.970147),))"
4,pricing_dedup_rejected_before_gnn,OREO CHOCOLATE 110.4/105G,5,surplus_ratio,MM BINH PHU,MM DA NANG,0.9701467009729061,,,0.1,4.274512,PRICED_E4_surplus_ratio_OREO CHOCOLATE 110.4/105G_T5_2,-109.11302,,,,,,False,True,False,False,"('OREO CHOCOLATE 110.4/105G', 5, (('MM BINH PHU', 'MM DA NANG', 0.970147),))"
4,pricing_dedup_rejected_before_gnn,OREO CHOCOLATE 110.4/105G,5,time_urgency,MM BINH PHU,MM AN PHU,0.9701467009729061,,,0.1,4.274512,PRICED_E4_time_urgency_OREO CHOCOLATE 110.4/105G_T5_1,-109.11302,,,,,,False,True,False,False,"('OREO CHOCOLATE 110.4/105G', 5, (('MM BINH PHU', 'MM AN PHU', 0.970147),))"
4,pricing_dedup_rejected_before_gnn,OREO CHOCOLATE 110.4/105G,5,time_urgency,MM BINH PHU,MM DA NANG,0.9701467009729061,,,0.1,4.274512,PRICED_E4_time_urgency_OREO CHOCOLATE 110.4/105G_T5_2,-109.11302,,,,,,False,True,False,False,"('OREO CHOCOLATE 110.4/105G', 5, (('MM BINH PHU', 'MM DA NANG', 0.970147),))"
4,pricing_dedup_rejected_before_gnn,OREO CHOCOLATE 110.4/105G,5,negative_reduced_cost,MM BINH PHU,MM AN PHU,0.9701467009729061,,,0.1,4.274512,PRICED_E4_negative_reduced_cost_OREO CHOCOLATE 110.4/105G_T5_1,-109.11302,,,,,,False,True,False,False,"('OREO CHOCOLATE 110.4/105G', 5, (('MM BINH PHU', 'MM AN PHU', 0.970147),))"
4,pricing_dedup_rejected_before_gnn,OREO CHOCOLATE 110.4/105G,5,negative_reduced_cost,MM BINH PHU,MM DA NANG,0.9701467009729061,,,0.1,4.274512,PRICED_E4_negative_reduced_cost_OREO CHOCOLATE 110.4/105G_T5_2,-109.11302,,,,,,False,True,False,False,"('OREO CHOCOLATE 110.4/105G', 5, (('MM BINH PHU', 'MM DA NANG', 0.970147),))"
4,teacher_full_batch_recorded_before_rmp,OREO CHOCOLATE 110.4/105G,5,shortage_ratio,MM BINH PHU,MM AN PHU,0.9701467009729061,,,0.1,4.274512,PRICED_E4_shortage_ratio_OREO CHOCOLATE 110.4/105G_T5_1,-109.11302,,,False,False,2.0,False,False,False,False,"(('MM BINH PHU', 'MM AN PHU', 0.970147),)"
4,teacher_full_batch_recorded_before_rmp,OREO CHOCOLATE 110.4/105G,5,shortage_ratio,MM BINH PHU,MM DA NANG,0.9701467009729061,,,0.1,4.274512,PRICED_E4_shortage_ratio_OREO CHOCOLATE 110.4/105G_T5_2,-109.11302,,,False,False,2.0,False,False,False,False,"(('MM BINH PHU', 'MM DA NANG', 0.970147),)"
4,add_patterns_added,OREO CHOCOLATE 110.4/105G,5,shortage_ratio,MM BINH PHU,MM AN PHU,0.9701467009729061,,,0.1,4.274512,PRICED_E4_shortage_ratio_OREO CHOCOLATE 110.4/105G_T5_1,-109.11302,,,False,False,2.0,False,False,False,True,"('OREO CHOCOLATE 110.4/105G', 5, (('MM BINH PHU', 'MM AN PHU', 0.970147),))"
4,add_patterns_added,OREO CHOCOLATE 110.4/105G,5,shortage_ratio,MM BINH PHU,MM DA NANG,0.9701467009729061,,,0.1,4.274512,PRICED_E4_shortage_ratio_OREO CHOCOLATE 110.4/105G_T5_2,-109.11302,,,False,False,2.0,False,False,False,True,"('OREO CHOCOLATE 110.4/105G', 5, (('MM BINH PHU', 'MM DA NANG', 0.970147),))"
1,after_stackelberg,OREO CHOCOLATE 110.4/105G,1,shortage_ratio,MM AN PHU,MM DA NANG,14.759999999999991,10.855999999999995,False,0.0,12.142286571642904,,,,,,,,False,False,False,False,
1,after_stackelberg,OREO CHOCOLATE 110.4/105G,1,shortage_ratio,MM BINH PHU,MM DA NANG,14.759999999999991,10.855999999999995,False,0.0,11.523468879668044,,,,,,,,False,False,False,False,
1,after_stackelberg,OREO CHOCOLATE 110.4/105G,1,shortage_ratio,MM HIEP PHU,MM DA NANG,14.759999999999991,10.855999999999995,False,0.0,11.391890573339666,,,,,,,,False,False,False,False,
1,after_stackelberg,OREO CHOCOLATE 110.4/105G,1,surplus_ratio,MM HIEP PHU,MM DA NANG,14.759999999999991,10.855999999999995,False,0.0,11.391890573339666,,,,,,,,False,False,False,False,
1,after_stackelberg,OREO CHOCOLATE 110.4/105G,1,surplus_ratio,MM BINH PHU,MM DA NANG,14.759999999999991,10.855999999999995,False,0.0,11.523468879668044,,,,,,,,False,False,False,False,
1,after_stackelberg,OREO CHOCOLATE 110.4/105G,1,surplus_ratio,MM AN PHU,MM DA NANG,14.759999999999991,10.855999999999995,False,0.0,12.142286571642904,,,,,,,,False,False,False,False,
1,after_stackelberg,OREO CHOCOLATE 110.4/105G,1,time_urgency,MM AN PHU,MM DA NANG,14.759999999999991,10.855999999999995,False,0.0,12.142286571642904,,,,,,,,False,False,False,False,
1,after_stackelberg,OREO CHOCOLATE 110.4/105G,1,time_urgency,MM BINH PHU,MM DA NANG,14.759999999999991,10.855999999999995,False,0.0,11.523468879668044,,,,,,,,False,False,False,False,
1,after_stackelberg,OREO CHOCOLATE 110.4/105G,1,time_urgency,MM HIEP PHU,MM DA NANG,14.759999999999991,10.855999999999995,False,0.0,11.391890573339666,,,,,,,,False,False,False,False,
1,after_stackelberg,OREO CHOCOLATE 110.4/105G,1,negative_reduced_cost,MM AN PHU,MM DA NANG,14.759999999999991,10.855999999999995,False,0.0,12.142286571642904,,,,,,,,False,False,False,False,
1,after_stackelberg,OREO CHOCOLATE 110.4/105G,1,negative_reduced_cost,MM BINH PHU,MM DA NANG,14.759999999999991,10.855999999999995,False,0.0,11.523468879668044,,,,,,,,False,False,False,False,
1,after_stackelberg,OREO CHOCOLATE 110.4/105G,1,negative_reduced_cost,MM HIEP PHU,MM DA NANG,14.759999999999991,10.855999999999995,False,0.0,11.391890573339666,,,,,,,,False,False,False,False,
1,after_stackelberg,OREO CHOCOLATE 110.4/105G,2,shortage_ratio,MM BINH PHU,MM AN PHU,46.2,29.720000000000002,False,0.0,31.898813559322036,,,,,,,,False,False,False,False,
1,after_stackelberg,OREO CHOCOLATE 110.4/105G,2,shortage_ratio,MM HIEP PHU,MM AN PHU,59.504000000000005,37.702400000000004,False,0.0,39.885872167129456,,,,,,,,False,False,False,False,
1,after_stackelberg,OREO CHOCOLATE 110.4/105G,2,shortage_ratio,MM AN PHU,MM DA NANG,22.799999999999997,15.679999999999998,False,0.0,17.83798319327731,,,,,,,,False,False,False,False,
1,after_stackelberg,OREO CHOCOLATE 110.4/105G,2,shortage_ratio,MM BINH PHU,MM DA NANG,35.50399999999999,23.302399999999995,False,0.0,24.976785208012323,,,,,,,,False,False,False,False,
1,after_stackelberg,OREO CHOCOLATE 110.4/105G,2,shortage_ratio,MM HIEP PHU,MM DA NANG,35.50399999999999,23.302399999999995,False,0.0,24.6052031026782,,,,,,,,False,False,False,False,
1,after_stackelberg,OREO CHOCOLATE 110.4/105G,2,surplus_ratio,MM HIEP PHU,MM AN PHU,59.504000000000005,37.702400000000004,False,0.0,39.885872167129456,,,,,,,,False,False,False,False,
1,after_stackelberg,OREO CHOCOLATE 110.4/105G,2,surplus_ratio,MM HIEP PHU,MM DA NANG,35.50399999999999,23.302399999999995,False,0.0,24.6052031026782,,,,,,,,False,False,False,False,
1,after_stackelberg,OREO CHOCOLATE 110.4/105G,2,surplus_ratio,MM BINH PHU,MM AN PHU,46.2,29.720000000000002,False,0.0,31.898813559322036,,,,,,,,False,False,False,False,
1,after_stackelberg,OREO CHOCOLATE 110.4/105G,2,surplus_ratio,MM BINH PHU,MM DA NANG,35.50399999999999,23.302399999999995,False,0.0,24.976785208012323,,,,,,,,False,False,False,False,
1,after_stackelberg,OREO CHOCOLATE 110.4/105G,2,surplus_ratio,MM AN PHU,MM DA NANG,22.799999999999997,15.679999999999998,False,0.0,17.83798319327731,,,,,,,,False,False,False,False,
1,after_stackelberg,OREO CHOCOLATE 110.4/105G,2,time_urgency,MM BINH PHU,MM AN PHU,46.2,29.720000000000002,False,0.0,31.898813559322036,,,,,,,,False,False,False,False,
1,after_stackelberg,OREO CHOCOLATE 110.4/105G,2,time_urgency,MM HIEP PHU,MM AN PHU,59.504000000000005,37.702400000000004,False,0.0,39.885872167129456,,,,,,,,False,False,False,False,
1,after_stackelberg,OREO CHOCOLATE 110.4/105G,2,time_urgency,MM AN PHU,MM DA NANG,22.799999999999997,15.679999999999998,False,0.0,17.83798319327731,,,,,,,,False,False,False,False,
1,after_stackelberg,OREO CHOCOLATE 110.4/105G,2,time_urgency,MM BINH PHU,MM DA NANG,35.50399999999999,23.302399999999995,False,0.0,24.976785208012323,,,,,,,,False,False,False,False,
1,after_stackelberg,OREO CHOCOLATE 110.4/105G,2,time_urgency,MM HIEP PHU,MM DA NANG,35.50399999999999,23.302399999999995,False,0.0,24.6052031026782,,,,,,,,False,False,False,False,
1,after_stackelberg,OREO CHOCOLATE 110.4/105G,2,negative_reduced_cost,MM AN PHU,MM DA NANG,22.799999999999997,15.679999999999998,False,0.0,17.83798319327731,,,,,,,,False,False,False,False,
1,after_stackelberg,OREO CHOCOLATE 110.4/105G,2,negative_reduced_cost,MM BINH PHU,MM AN PHU,46.2,29.720000000000002,False,0.0,31.898813559322036,,,,,,,,False,False,False,False,
1,after_stackelberg,OREO CHOCOLATE 110.4/105G,2,negative_reduced_cost,MM BINH PHU,MM DA NANG,35.50399999999999,23.302399999999995,False,0.0,24.976785208012323,,,,,,,,False,False,False,False,
1,after_stackelberg,OREO CHOCOLATE 110.4/105G,2,negative_reduced_cost,MM HIEP PHU,MM AN PHU,59.504000000000005,37.702400000000004,False,0.0,39.885872167129456,,,,,,,,False,False,False,False,
1,after_stackelberg,OREO CHOCOLATE 110.4/105G,2,negative_reduced_cost,MM HIEP PHU,MM DA NANG,35.50399999999999,23.302399999999995,False,0.0,24.6052031026782,,,,,,,,False,False,False,False,
1,after_stackelberg,OREO CHOCOLATE 110.4/105G,3,shortage_ratio,MM BINH PHU,MM AN PHU,14.200000000000003,10.520000000000001,False,0.0,12.65421052631579,,,,,,,,False,False,False,False,
1,after_stackelberg,OREO CHOCOLATE 110.4/105G,3,shortage_ratio,MM HIEP PHU,MM AN PHU,58.864000000000004,37.318400000000004,False,0.0,39.501695469731395,,,,,,,,False,False,False,False,
1,after_stackelberg,OREO CHOCOLATE 110.4/105G,3,shortage_ratio,MM BINH PHU,MM DA NANG,14.200000000000003,10.520000000000001,False,0.0,12.65421052631579,,,,,,,,False,False,False,False,
1,after_stackelberg,OREO CHOCOLATE 110.4/105G,3,shortage_ratio,MM HIEP PHU,MM DA NANG,16.88799999999999,12.132799999999994,False,0.0,12.759184443680745,,,,,,,,False,False,False,False,
1,after_stackelberg,OREO CHOCOLATE 110.4/105G,3,surplus_ratio,MM HIEP PHU,MM AN PHU,58.864000000000004,37.318400000000004,False,0.0,39.501695469731395,,,,,,,,False,False,False,False,
1,after_stackelberg,OREO CHOCOLATE 110.4/105G,3,surplus_ratio,MM HIEP PHU,MM DA NANG,16.88799999999999,12.132799999999994,False,0.0,12.759184443680745,,,,,,,,False,False,False,False,
1,after_stackelberg,OREO CHOCOLATE 110.4/105G,3,surplus_ratio,MM BINH PHU,MM AN PHU,14.200000000000003,10.520000000000001,False,0.0,12.65421052631579,,,,,,,,False,False,False,False,
1,after_stackelberg,OREO CHOCOLATE 110.4/105G,3,surplus_ratio,MM BINH PHU,MM DA NANG,14.200000000000003,10.520000000000001,False,0.0,12.65421052631579,,,,,,,,False,False,False,False,
1,after_stackelberg,OREO CHOCOLATE 110.4/105G,3,time_urgency,MM BINH PHU,MM AN PHU,14.200000000000003,10.520000000000001,False,0.0,12.65421052631579,,,,,,,,False,False,False,False,
1,after_stackelberg,OREO CHOCOLATE 110.4/105G,3,time_urgency,MM BINH PHU,MM DA NANG,14.200000000000003,10.520000000000001,False,0.0,12.65421052631579,,,,,,,,False,False,False,False,
1,after_stackelberg,OREO CHOCOLATE 110.4/105G,3,time_urgency,MM HIEP PHU,MM AN PHU,58.864000000000004,37.318400000000004,False,0.0,39.501695469731395,,,,,,,,False,False,False,False,
1,after_stackelberg,OREO CHOCOLATE 110.4/105G,3,time_urgency,MM HIEP PHU,MM DA NANG,16.88799999999999,12.132799999999994,False,0.0,12.759184443680745,,,,,,,,False,False,False,False,
1,after_stackelberg,OREO CHOCOLATE 110.4/105G,3,negative_reduced_cost,MM BINH PHU,MM AN PHU,14.200000000000003,10.520000000000001,False,0.0,12.65421052631579,,,,,,,,False,False,False,False,
1,after_stackelberg,OREO CHOCOLATE 110.4/105G,3,negative_reduced_cost,MM BINH PHU,MM DA NANG,14.200000000000003,10.520000000000001,False,0.0,12.65421052631579,,,,,,,,False,False,False,False,
1,after_stackelberg,OREO CHOCOLATE 110.4/105G,3,negative_reduced_cost,MM HIEP PHU,MM AN PHU,58.864000000000004,37.318400000000004,False,0.0,39.501695469731395,,,,,,,,False,False,False,False,
1,after_stackelberg,OREO CHOCOLATE 110.4/105G,3,negative_reduced_cost,MM HIEP PHU,MM DA NANG,16.88799999999999,12.132799999999994,False,0.0,12.759184443680745,,,,,,,,False,False,False,False,
1,after_stackelberg,OREO CHOCOLATE 110.4/105G,4,shortage_ratio,MM BINH PHU,MM AN PHU,17.200000000000003,12.320000000000002,False,0.0,14.465054945054947,,,,,,,,False,False,False,False,
1,after_stackelberg,OREO CHOCOLATE 110.4/105G,4,shortage_ratio,MM HIEP PHU,MM AN PHU,57.84,36.704,False,0.0,38.88700475866758,,,,,,,,False,False,False,False,
1,after_stackelberg,OREO CHOCOLATE 110.4/105G,4,shortage_ratio,MM BINH PHU,MM DA NANG,15.0,11.0,False,0.0,12.870687452082802,,,,,,,,False,False,False,False,
1,after_stackelberg,OREO CHOCOLATE 110.4/105G,4,shortage_ratio,MM HIEP PHU,MM DA NANG,15.0,11.0,False,0.0,11.566131939488479,,,,,,,,False,False,False,False,
1,after_stackelberg,OREO CHOCOLATE 110.4/105G,4,surplus_ratio,MM HIEP PHU,MM AN PHU,57.84,36.704,False,0.0,38.88700475866758,,,,,,,,False,False,False,False,
1,after_stackelberg,OREO CHOCOLATE 110.4/105G,4,surplus_ratio,MM HIEP PHU,MM DA NANG,15.0,11.0,False,0.0,11.566131939488479,,,,,,,,False,False,False,False,
1,after_stackelberg,OREO CHOCOLATE 110.4/105G,4,surplus_ratio,MM BINH PHU,MM AN PHU,17.200000000000003,12.320000000000002,False,0.0,14.465054945054947,,,,,,,,False,False,False,False,
1,after_stackelberg,OREO CHOCOLATE 110.4/105G,4,surplus_ratio,MM BINH PHU,MM DA NANG,15.0,11.0,False,0.0,12.870687452082802,,,,,,,,False,False,False,False,
1,after_stackelberg,OREO CHOCOLATE 110.4/105G,4,time_urgency,MM BINH PHU,MM AN PHU,17.200000000000003,12.320000000000002,False,0.0,14.465054945054947,,,,,,,,False,False,False,False,
1,after_stackelberg,OREO CHOCOLATE 110.4/105G,4,time_urgency,MM BINH PHU,MM DA NANG,15.0,11.0,False,0.0,12.870687452082802,,,,,,,,False,False,False,False,
1,after_stackelberg,OREO CHOCOLATE 110.4/105G,4,time_urgency,MM HIEP PHU,MM AN PHU,57.84,36.704,False,0.0,38.88700475866758,,,,,,,,False,False,False,False,
1,after_stackelberg,OREO CHOCOLATE 110.4/105G,4,time_urgency,MM HIEP PHU,MM DA NANG,15.0,11.0,False,0.0,11.566131939488479,,,,,,,,False,False,False,False,
1,after_stackelberg,OREO CHOCOLATE 110.4/105G,4,negative_reduced_cost,MM BINH PHU,MM AN PHU,17.200000000000003,12.320000000000002,False,0.0,14.465054945054947,,,,,,,,False,False,False,False,
1,after_stackelberg,OREO CHOCOLATE 110.4/105G,4,negative_reduced_cost,MM BINH PHU,MM DA NANG,15.0,11.0,False,0.0,12.870687452082802,,,,,,,,False,False,False,False,
1,after_stackelberg,OREO CHOCOLATE 110.4/105G,4,negative_reduced_cost,MM HIEP PHU,MM AN PHU,57.84,36.704,False,0.0,38.88700475866758,,,,,,,,False,False,False,False,
1,after_stackelberg,OREO CHOCOLATE 110.4/105G,4,negative_reduced_cost,MM HIEP PHU,MM DA NANG,15.0,11.0,False,0.0,11.566131939488479,,,,,,,,False,False,False,False,
1,after_stackelberg,OREO CHOCOLATE 110.4/105G,5,shortage_ratio,MM BINH PHU,MM AN PHU,15.200000000000003,11.120000000000001,False,0.0,13.258271604938273,,,,,,,,False,False,False,False,
1,after_stackelberg,OREO CHOCOLATE 110.4/105G,5,shortage_ratio,MM HIEP PHU,MM AN PHU,57.84,36.704,False,0.0,38.88700475866758,,,,,,,,False,False,False,False,
1,after_stackelberg,OREO CHOCOLATE 110.4/105G,5,shortage_ratio,MM BINH PHU,MM DA NANG,15.200000000000003,11.120000000000001,False,0.0,13.258271604938273,,,,,,,,False,False,False,False,
1,after_stackelberg,OREO CHOCOLATE 110.4/105G,5,shortage_ratio,MM HIEP PHU,MM DA NANG,18.0,12.799999999999999,False,0.0,13.479358327386173,,,,,,,,False,False,False,False,
1,after_stackelberg,OREO CHOCOLATE 110.4/105G,5,shortage_ratio,MM HIEP PHU,MM BINH PHU,5.799999999999997,5.479999999999999,False,0.0,5.698904349935543,,,,,,,,False,False,False,False,
1,after_stackelberg,OREO CHOCOLATE 110.4/105G,5,surplus_ratio,MM HIEP PHU,MM AN PHU,57.84,36.704,False,0.0,38.88700475866758,,,,,,,,False,False,False,False,
1,after_stackelberg,OREO CHOCOLATE 110.4/105G,5,surplus_ratio,MM HIEP PHU,MM BINH PHU,5.799999999999997,5.479999999999999,False,0.0,5.698904349935543,,,,,,,,False,False,False,False,
1,after_stackelberg,OREO CHOCOLATE 110.4/105G,5,surplus_ratio,MM HIEP PHU,MM DA NANG,18.0,12.799999999999999,False,0.0,13.479358327386173,,,,,,,,False,False,False,False,
1,after_stackelberg,OREO CHOCOLATE 110.4/105G,5,surplus_ratio,MM BINH PHU,MM AN PHU,15.200000000000003,11.120000000000001,False,0.0,13.258271604938273,,,,,,,,False,False,False,False,
1,after_stackelberg,OREO CHOCOLATE 110.4/105G,5,surplus_ratio,MM BINH PHU,MM DA NANG,15.200000000000003,11.120000000000001,False,0.0,13.258271604938273,,,,,,,,False,False,False,False,
1,after_stackelberg,OREO CHOCOLATE 110.4/105G,5,time_urgency,MM BINH PHU,MM AN PHU,15.200000000000003,11.120000000000001,False,0.0,13.258271604938273,,,,,,,,False,False,False,False,
1,after_stackelberg,OREO CHOCOLATE 110.4/105G,5,time_urgency,MM BINH PHU,MM DA NANG,15.200000000000003,11.120000000000001,False,0.0,13.258271604938273,,,,,,,,False,False,False,False,
1,after_stackelberg,OREO CHOCOLATE 110.4/105G,5,time_urgency,MM HIEP PHU,MM AN PHU,57.84,36.704,False,0.0,38.88700475866758,,,,,,,,False,False,False,False,
1,after_stackelberg,OREO CHOCOLATE 110.4/105G,5,time_urgency,MM HIEP PHU,MM BINH PHU,5.799999999999997,5.479999999999999,False,0.0,5.698904349935543,,,,,,,,False,False,False,False,
1,after_stackelberg,OREO CHOCOLATE 110.4/105G,5,time_urgency,MM HIEP PHU,MM DA NANG,18.0,12.799999999999999,False,0.0,13.479358327386173,,,,,,,,False,False,False,False,
1,after_stackelberg,OREO CHOCOLATE 110.4/105G,5,negative_reduced_cost,MM BINH PHU,MM AN PHU,15.200000000000003,11.120000000000001,False,0.0,13.258271604938273,,,,,,,,False,False,False,False,
1,after_stackelberg,OREO CHOCOLATE 110.4/105G,5,negative_reduced_cost,MM BINH PHU,MM DA NANG,15.200000000000003,11.120000000000001,False,0.0,13.258271604938273,,,,,,,,False,False,False,False,
1,after_stackelberg,OREO CHOCOLATE 110.4/105G,5,negative_reduced_cost,MM HIEP PHU,MM AN PHU,57.84,36.704,False,0.0,38.88700475866758,,,,,,,,False,False,False,False,
1,after_stackelberg,OREO CHOCOLATE 110.4/105G,5,negative_reduced_cost,MM HIEP PHU,MM BINH PHU,5.799999999999997,5.479999999999999,False,0.0,5.698904349935543,,,,,,,,False,False,False,False,
1,after_stackelberg,OREO CHOCOLATE 110.4/105G,5,negative_reduced_cost,MM HIEP PHU,MM DA NANG,18.0,12.799999999999999,False,0.0,13.479358327386173,,,,,,,,False,False,False,False,
1,after_stackelberg,OREO CHOCOLATE 110.4/105G,6,shortage_ratio,MM DA NANG,MM AN PHU,3.0,3.8,False,0.0,5.75,,,,,,,,False,False,False,False,
1,after_stackelberg,OREO CHOCOLATE 110.4/105G,6,shortage_ratio,MM HIEP PHU,MM AN PHU,57.328,36.3968,False,0.0,38.57965557536689,,,,,,,,False,False,False,False,
1,after_stackelberg,OREO CHOCOLATE 110.4/105G,6,shortage_ratio,MM DA NANG,MM BINH PHU,3.0,3.8,False,0.0,5.75,,,,,,,,False,False,False,False,
1,after_stackelberg,OREO CHOCOLATE 110.4/105G,6,shortage_ratio,MM HIEP PHU,MM BINH PHU,21.799999999999997,15.079999999999998,False,0.0,15.910069975282552,,,,,,,,False,False,False,False,
1,after_stackelberg,OREO CHOCOLATE 110.4/105G,6,shortage_ratio,MM HIEP PHU,MM DA NANG,16.0,11.6,False,0.0,12.209225669932149,,,,,,,,False,False,False,False,
1,after_stackelberg,OREO CHOCOLATE 110.4/105G,6,surplus_ratio,MM HIEP PHU,MM AN PHU,57.328,36.3968,False,0.0,38.57965557536689,,,,,,,,False,False,False,False,
1,after_stackelberg,OREO CHOCOLATE 110.4/105G,6,surplus_ratio,MM HIEP PHU,MM BINH PHU,21.799999999999997,15.079999999999998,False,0.0,15.910069975282552,,,,,,,,False,False,False,False,
1,after_stackelberg,OREO CHOCOLATE 110.4/105G,6,surplus_ratio,MM HIEP PHU,MM DA NANG,16.0,11.6,False,0.0,12.209225669932149,,,,,,,,False,False,False,False,
1,after_stackelberg,OREO CHOCOLATE 110.4/105G,6,surplus_ratio,MM DA NANG,MM AN PHU,3.0,3.8,False,0.0,5.75,,,,,,,,False,False,False,False,
1,after_stackelberg,OREO CHOCOLATE 110.4/105G,6,surplus_ratio,MM DA NANG,MM BINH PHU,3.0,3.8,False,0.0,5.75,,,,,,,,False,False,False,False,
1,after_stackelberg,OREO CHOCOLATE 110.4/105G,6,time_urgency,MM DA NANG,MM AN PHU,3.0,3.8,False,0.0,5.75,,,,,,,,False,False,False,False,
1,after_stackelberg,OREO CHOCOLATE 110.4/105G,6,time_urgency,MM DA NANG,MM BINH PHU,3.0,3.8,False,0.0,5.75,,,,,,,,False,False,False,False,
1,after_stackelberg,OREO CHOCOLATE 110.4/105G,6,time_urgency,MM HIEP PHU,MM AN PHU,57.328,36.3968,False,0.0,38.57965557536689,,,,,,,,False,False,False,False,
1,after_stackelberg,OREO CHOCOLATE 110.4/105G,6,time_urgency,MM HIEP PHU,MM BINH PHU,21.799999999999997,15.079999999999998,False,0.0,15.910069975282552,,,,,,,,False,False,False,False,
1,after_stackelberg,OREO CHOCOLATE 110.4/105G,6,time_urgency,MM HIEP PHU,MM DA NANG,16.0,11.6,False,0.0,12.209225669932149,,,,,,,,False,False,False,False,
1,after_stackelberg,OREO CHOCOLATE 110.4/105G,6,negative_reduced_cost,MM DA NANG,MM AN PHU,3.0,3.8,False,0.0,5.75,,,,,,,,False,False,False,False,
1,after_stackelberg,OREO CHOCOLATE 110.4/105G,6,negative_reduced_cost,MM DA NANG,MM BINH PHU,3.0,3.8,False,0.0,5.75,,,,,,,,False,False,False,False,
1,after_stackelberg,OREO CHOCOLATE 110.4/105G,6,negative_reduced_cost,MM HIEP PHU,MM AN PHU,57.328,36.3968,False,0.0,38.57965557536689,,,,,,,,False,False,False,False,
1,after_stackelberg,OREO CHOCOLATE 110.4/105G,6,negative_reduced_cost,MM HIEP PHU,MM BINH PHU,21.799999999999997,15.079999999999998,False,0.0,15.910069975282552,,,,,,,,False,False,False,False,
1,after_stackelberg,OREO CHOCOLATE 110.4/105G,6,negative_reduced_cost,MM HIEP PHU,MM DA NANG,16.0,11.6,False,0.0,12.209225669932149,,,,,,,,False,False,False,False,
1,after_stackelberg,OREO CHOCOLATE 110.4/105G,7,shortage_ratio,MM HIEP PHU,MM AN PHU,31.936,21.1616,False,0.0,22.37091624864516,,,,,,,,False,False,False,False,
1,after_stackelberg,OREO CHOCOLATE 110.4/105G,7,shortage_ratio,MM HIEP PHU,MM DA NANG,19.0,13.4,False,0.0,14.119470463560182,,,,,,,,False,False,False,False,
1,after_stackelberg,OREO CHOCOLATE 110.4/105G,7,shortage_ratio,MM HIEP PHU,MM BINH PHU,9.0,7.3999999999999995,False,0.0,7.740801798528507,,,,,,,,False,False,False,False,
1,after_stackelberg,OREO CHOCOLATE 110.4/105G,7,surplus_ratio,MM HIEP PHU,MM AN PHU,31.936,21.1616,False,0.0,22.37091624864516,,,,,,,,False,False,False,False,
1,after_stackelberg,OREO CHOCOLATE 110.4/105G,7,surplus_ratio,MM HIEP PHU,MM BINH PHU,9.0,7.3999999999999995,False,0.0,7.740801798528507,,,,,,,,False,False,False,False,
1,after_stackelberg,OREO CHOCOLATE 110.4/105G,7,surplus_ratio,MM HIEP PHU,MM DA NANG,19.0,13.4,False,0.0,14.119470463560182,,,,,,,,False,False,False,False,
1,after_stackelberg,OREO CHOCOLATE 110.4/105G,7,time_urgency,MM HIEP PHU,MM AN PHU,31.936,21.1616,False,0.0,22.37091624864516,,,,,,,,False,False,False,False,
1,after_stackelberg,OREO CHOCOLATE 110.4/105G,7,time_urgency,MM HIEP PHU,MM BINH PHU,9.0,7.3999999999999995,False,0.0,7.740801798528507,,,,,,,,False,False,False,False,
1,after_stackelberg,OREO CHOCOLATE 110.4/105G,7,time_urgency,MM HIEP PHU,MM DA NANG,19.0,13.4,False,0.0,14.119470463560182,,,,,,,,False,False,False,False,
1,after_stackelberg,OREO CHOCOLATE 110.4/105G,7,negative_reduced_cost,MM HIEP PHU,MM AN PHU,31.936,21.1616,False,0.0,22.37091624864516,,,,,,,,False,False,False,False,
1,after_stackelberg,OREO CHOCOLATE 110.4/105G,7,negative_reduced_cost,MM HIEP PHU,MM BINH PHU,9.0,7.3999999999999995,False,0.0,7.740801798528507,,,,,,,,False,False,False,False,
1,after_stackelberg,OREO CHOCOLATE 110.4/105G,7,negative_reduced_cost,MM HIEP PHU,MM DA NANG,19.0,13.4,False,0.0,14.119470463560182,,,,,,,,False,False,False,False,
1,after_stackelberg,OREO VANILLA 110.4/105G,2,shortage_ratio,MM BINH PHU,MM AN PHU,41.80000000000001,27.080000000000005,False,0.0,29.256635514018697,,,,,,,,False,False,False,False,
1,after_stackelberg,OREO VANILLA 110.4/105G,2,shortage_ratio,MM DA NANG,MM AN PHU,99.87999999999997,61.927999999999976,False,0.0,62.716653700656806,,,,,,,,False,False,False,False,
1,after_stackelberg,OREO VANILLA 110.4/105G,2,shortage_ratio,MM HIEP PHU,MM AN PHU,99.87999999999997,61.927999999999976,False,0.0,63.665694788151455,,,,,,,,False,False,False,False,
1,after_stackelberg,OREO VANILLA 110.4/105G,2,surplus_ratio,MM DA NANG,MM AN PHU,99.87999999999997,61.927999999999976,False,0.0,62.716653700656806,,,,,,,,False,False,False,False,
1,after_stackelberg,OREO VANILLA 110.4/105G,2,surplus_ratio,MM HIEP PHU,MM AN PHU,99.87999999999997,61.927999999999976,False,0.0,63.665694788151455,,,,,,,,False,False,False,False,
1,after_stackelberg,OREO VANILLA 110.4/105G,2,surplus_ratio,MM BINH PHU,MM AN PHU,41.80000000000001,27.080000000000005,False,0.0,29.256635514018697,,,,,,,,False,False,False,False,
1,after_stackelberg,OREO VANILLA 110.4/105G,2,time_urgency,MM BINH PHU,MM AN PHU,41.80000000000001,27.080000000000005,False,0.0,29.256635514018697,,,,,,,,False,False,False,False,
1,after_stackelberg,OREO VANILLA 110.4/105G,2,time_urgency,MM DA NANG,MM AN PHU,99.87999999999997,61.927999999999976,False,0.0,62.716653700656806,,,,,,,,False,False,False,False,
1,after_stackelberg,OREO VANILLA 110.4/105G,2,time_urgency,MM HIEP PHU,MM AN PHU,99.87999999999997,61.927999999999976,False,0.0,63.665694788151455,,,,,,,,False,False,False,False,
1,after_stackelberg,OREO VANILLA 110.4/105G,2,negative_reduced_cost,MM BINH PHU,MM AN PHU,41.80000000000001,27.080000000000005,False,0.0,29.256635514018697,,,,,,,,False,False,False,False,
1,after_stackelberg,OREO VANILLA 110.4/105G,2,negative_reduced_cost,MM DA NANG,MM AN PHU,99.87999999999997,61.927999999999976,False,0.0,62.716653700656806,,,,,,,,False,False,False,False,
1,after_stackelberg,OREO VANILLA 110.4/105G,2,negative_reduced_cost,MM HIEP PHU,MM AN PHU,99.87999999999997,61.927999999999976,False,0.0,63.665694788151455,,,,,,,,False,False,False,False,
1,after_stackelberg,OREO VANILLA 110.4/105G,3,shortage_ratio,MM BINH PHU,MM AN PHU,45.80000000000001,29.480000000000008,False,0.0,31.658632478632484,,,,,,,,False,False,False,False,
1,after_stackelberg,OREO VANILLA 110.4/105G,3,shortage_ratio,MM DA NANG,MM AN PHU,185.60799999999995,113.36479999999996,False,0.0,114.82266091402413,,,,,,,,False,False,False,False,
1,after_stackelberg,OREO VANILLA 110.4/105G,3,shortage_ratio,MM HIEP PHU,MM AN PHU,123.0,75.8,False,0.0,77.99193548387096,,,,,,,,False,False,False,False,
1,after_stackelberg,OREO VANILLA 110.4/105G,3,surplus_ratio,MM DA NANG,MM AN PHU,185.60799999999995,113.36479999999996,False,0.0,114.82266091402413,,,,,,,,False,False,False,False,
1,after_stackelberg,OREO VANILLA 110.4/105G,3,surplus_ratio,MM HIEP PHU,MM AN PHU,123.0,75.8,False,0.0,77.99193548387096,,,,,,,,False,False,False,False,
1,after_stackelberg,OREO VANILLA 110.4/105G,3,surplus_ratio,MM BINH PHU,MM AN PHU,45.80000000000001,29.480000000000008,False,0.0,31.658632478632484,,,,,,,,False,False,False,False,
1,after_stackelberg,OREO VANILLA 110.4/105G,3,time_urgency,MM BINH PHU,MM AN PHU,45.80000000000001,29.480000000000008,False,0.0,31.658632478632484,,,,,,,,False,False,False,False,
1,after_stackelberg,OREO VANILLA 110.4/105G,3,time_urgency,MM DA NANG,MM AN PHU,185.60799999999995,113.36479999999996,False,0.0,114.82266091402413,,,,,,,,False,False,False,False,
1,after_stackelberg,OREO VANILLA 110.4/105G,3,time_urgency,MM HIEP PHU,MM AN PHU,123.0,75.8,False,0.0,77.99193548387096,,,,,,,,False,False,False,False,
1,after_stackelberg,OREO VANILLA 110.4/105G,3,negative_reduced_cost,MM BINH PHU,MM AN PHU,45.80000000000001,29.480000000000008,False,0.0,31.658632478632484,,,,,,,,False,False,False,False,
1,after_stackelberg,OREO VANILLA 110.4/105G,3,negative_reduced_cost,MM DA NANG,MM AN PHU,185.60799999999995,113.36479999999996,False,0.0,114.82266091402413,,,,,,,,False,False,False,False,
1,after_stackelberg,OREO VANILLA 110.4/105G,3,negative_reduced_cost,MM HIEP PHU,MM AN PHU,123.0,75.8,False,0.0,77.99193548387096,,,,,,,,False,False,False,False,
1,after_stackelberg,OREO VANILLA 110.4/105G,4,shortage_ratio,MM BINH PHU,MM AN PHU,32.80000000000001,21.680000000000007,False,0.0,23.850414201183437,,,,,,,,False,False,False,False,
1,after_stackelberg,OREO VANILLA 110.4/105G,4,shortage_ratio,MM DA NANG,MM AN PHU,279.06399999999996,169.43839999999997,False,0.0,171.63482938756852,,,,,,,,False,False,False,False,
1,after_stackelberg,OREO VANILLA 110.4/105G,4,shortage_ratio,MM HIEP PHU,MM AN PHU,115.0,71.0,False,0.0,73.19137931034483,,,,,,,,False,False,False,False,
1,after_stackelberg,OREO VANILLA 110.4/105G,4,surplus_ratio,MM DA NANG,MM AN PHU,279.06399999999996,169.43839999999997,False,0.0,171.63482938756852,,,,,,,,False,False,False,False,
1,after_stackelberg,OREO VANILLA 110.4/105G,4,surplus_ratio,MM HIEP PHU,MM AN PHU,115.0,71.0,False,0.0,73.19137931034483,,,,,,,,False,False,False,False,
1,after_stackelberg,OREO VANILLA 110.4/105G,4,surplus_ratio,MM BINH PHU,MM AN PHU,32.80000000000001,21.680000000000007,False,0.0,23.850414201183437,,,,,,,,False,False,False,False,
1,after_stackelberg,OREO VANILLA 110.4/105G,4,time_urgency,MM BINH PHU,MM AN PHU,32.80000000000001,21.680000000000007,False,0.0,23.850414201183437,,,,,,,,False,False,False,False,
1,after_stackelberg,OREO VANILLA 110.4/105G,4,time_urgency,MM DA NANG,MM AN PHU,279.06399999999996,169.43839999999997,False,0.0,171.63482938756852,,,,,,,,False,False,False,False,
1,after_stackelberg,OREO VANILLA 110.4/105G,4,time_urgency,MM HIEP PHU,MM AN PHU,115.0,71.0,False,0.0,73.19137931034483,,,,,,,,False,False,False,False,
1,after_stackelberg,OREO VANILLA 110.4/105G,4,negative_reduced_cost,MM BINH PHU,MM AN PHU,32.80000000000001,21.680000000000007,False,0.0,23.850414201183437,,,,,,,,False,False,False,False,
1,after_stackelberg,OREO VANILLA 110.4/105G,4,negative_reduced_cost,MM DA NANG,MM AN PHU,279.06399999999996,169.43839999999997,False,0.0,171.63482938756852,,,,,,,,False,False,False,False,
1,after_stackelberg,OREO VANILLA 110.4/105G,4,negative_reduced_cost,MM HIEP PHU,MM AN PHU,115.0,71.0,False,0.0,73.19137931034483,,,,,,,,False,False,False,False,
1,after_stackelberg,OREO VANILLA 110.4/105G,5,shortage_ratio,MM BINH PHU,MM AN PHU,40.80000000000001,26.480000000000008,False,0.0,28.65607655502393,,,,,,,,False,False,False,False,
1,after_stackelberg,OREO VANILLA 110.4/105G,5,shortage_ratio,MM HIEP PHU,MM AN PHU,120.26400000000001,74.1584,False,0.0,76.35015352948938,,,,,,,,False,False,False,False,
1,after_stackelberg,OREO VANILLA 110.4/105G,5,shortage_ratio,MM BINH PHU,MM DA NANG,38.656000000000034,25.19360000000002,False,0.0,27.255325865465828,,,,,,,,False,False,False,False,
1,after_stackelberg,OREO VANILLA 110.4/105G,5,shortage_ratio,MM HIEP PHU,MM DA NANG,38.656000000000034,25.19360000000002,False,0.0,25.89808699890195,,,,,,,,False,False,False,False,
1,after_stackelberg,OREO VANILLA 110.4/105G,5,surplus_ratio,MM HIEP PHU,MM AN PHU,120.26400000000001,74.1584,False,0.0,76.35015352948938,,,,,,,,False,False,False,False,
1,after_stackelberg,OREO VANILLA 110.4/105G,5,surplus_ratio,MM HIEP PHU,MM DA NANG,38.656000000000034,25.19360000000002,False,0.0,25.89808699890195,,,,,,,,False,False,False,False,
1,after_stackelberg,OREO VANILLA 110.4/105G,5,surplus_ratio,MM BINH PHU,MM AN PHU,40.80000000000001,26.480000000000008,False,0.0,28.65607655502393,,,,,,,,False,False,False,False,
1,after_stackelberg,OREO VANILLA 110.4/105G,5,surplus_ratio,MM BINH PHU,MM DA NANG,38.656000000000034,25.19360000000002,False,0.0,27.255325865465828,,,,,,,,False,False,False,False,
1,after_stackelberg,OREO VANILLA 110.4/105G,5,time_urgency,MM BINH PHU,MM AN PHU,40.80000000000001,26.480000000000008,False,0.0,28.65607655502393,,,,,,,,False,False,False,False,
1,after_stackelberg,OREO VANILLA 110.4/105G,5,time_urgency,MM HIEP PHU,MM AN PHU,120.26400000000001,74.1584,False,0.0,76.35015352948938,,,,,,,,False,False,False,False,
1,after_stackelberg,OREO VANILLA 110.4/105G,5,time_urgency,MM BINH PHU,MM DA NANG,38.656000000000034,25.19360000000002,False,0.0,27.255325865465828,,,,,,,,False,False,False,False,
1,after_stackelberg,OREO VANILLA 110.4/105G,5,time_urgency,MM HIEP PHU,MM DA NANG,38.656000000000034,25.19360000000002,False,0.0,25.89808699890195,,,,,,,,False,False,False,False,
1,after_stackelberg,OREO VANILLA 110.4/105G,5,negative_reduced_cost,MM BINH PHU,MM AN PHU,40.80000000000001,26.480000000000008,False,0.0,28.65607655502393,,,,,,,,False,False,False,False,
1,after_stackelberg,OREO VANILLA 110.4/105G,5,negative_reduced_cost,MM BINH PHU,MM DA NANG,38.656000000000034,25.19360000000002,False,0.0,27.255325865465828,,,,,,,,False,False,False,False,
1,after_stackelberg,OREO VANILLA 110.4/105G,5,negative_reduced_cost,MM HIEP PHU,MM AN PHU,120.26400000000001,74.1584,False,0.0,76.35015352948938,,,,,,,,False,False,False,False,
1,after_stackelberg,OREO VANILLA 110.4/105G,5,negative_reduced_cost,MM HIEP PHU,MM DA NANG,38.656000000000034,25.19360000000002,False,0.0,25.89808699890195,,,,,,,,False,False,False,False,
1,after_stackelberg,OREO VANILLA 110.4/105G,6,shortage_ratio,MM BINH PHU,MM AN PHU,23.80000000000001,16.28000000000001,False,0.0,18.439677419354847,,,,,,,,False,False,False,False,
1,after_stackelberg,OREO VANILLA 110.4/105G,6,shortage_ratio,MM DA NANG,MM AN PHU,29.04,19.424,False,0.0,20.220177041196308,,,,,,,,False,False,False,False,
1,after_stackelberg,OREO VANILLA 110.4/105G,6,shortage_ratio,MM HIEP PHU,MM AN PHU,29.04,19.424,False,0.0,19.94686418646128,,,,,,,,False,False,False,False,
1,after_stackelberg,OREO VANILLA 110.4/105G,6,surplus_ratio,MM HIEP PHU,MM AN PHU,29.04,19.424,False,0.0,19.94686418646128,,,,,,,,False,False,False,False,
1,after_stackelberg,OREO VANILLA 110.4/105G,6,surplus_ratio,MM DA NANG,MM AN PHU,29.04,19.424,False,0.0,20.220177041196308,,,,,,,,False,False,False,False,
1,after_stackelberg,OREO VANILLA 110.4/105G,6,surplus_ratio,MM BINH PHU,MM AN PHU,23.80000000000001,16.28000000000001,False,0.0,18.439677419354847,,,,,,,,False,False,False,False,
1,after_stackelberg,OREO VANILLA 110.4/105G,6,time_urgency,MM BINH PHU,MM AN PHU,23.80000000000001,16.28000000000001,False,0.0,18.439677419354847,,,,,,,,False,False,False,False,
1,after_stackelberg,OREO VANILLA 110.4/105G,6,time_urgency,MM DA NANG,MM AN PHU,29.04,19.424,False,0.0,20.220177041196308,,,,,,,,False,False,False,False,
1,after_stackelberg,OREO VANILLA 110.4/105G,6,time_urgency,MM HIEP PHU,MM AN PHU,29.04,19.424,False,0.0,19.94686418646128,,,,,,,,False,False,False,False,
1,after_stackelberg,OREO VANILLA 110.4/105G,6,negative_reduced_cost,MM BINH PHU,MM AN PHU,23.80000000000001,16.28000000000001,False,0.0,18.439677419354847,,,,,,,,False,False,False,False,
1,after_stackelberg,OREO VANILLA 110.4/105G,6,negative_reduced_cost,MM DA NANG,MM AN PHU,29.04,19.424,False,0.0,20.220177041196308,,,,,,,,False,False,False,False,
1,after_stackelberg,OREO VANILLA 110.4/105G,6,negative_reduced_cost,MM HIEP PHU,MM AN PHU,29.04,19.424,False,0.0,19.94686418646128,,,,,,,,False,False,False,False,
1,after_stackelberg,OREO VANILLA 110.4/105G,7,shortage_ratio,MM BINH PHU,MM AN PHU,5.800000000000011,5.480000000000007,False,0.0,7.532941176470596,,,,,,,,False,False,False,False,
1,after_stackelberg,OREO VANILLA 110.4/105G,7,shortage_ratio,MM DA NANG,MM AN PHU,45.04,29.023999999999997,False,0.0,30.22077923312671,,,,,,,,False,False,False,False,
1,after_stackelberg,OREO VANILLA 110.4/105G,7,shortage_ratio,MM HIEP PHU,MM AN PHU,45.04,29.023999999999997,False,0.0,29.844832326949057,,,,,,,,False,False,False,False,
1,after_stackelberg,OREO VANILLA 110.4/105G,7,surplus_ratio,MM HIEP PHU,MM AN PHU,45.04,29.023999999999997,False,0.0,29.844832326949057,,,,,,,,False,False,False,False,
1,after_stackelberg,OREO VANILLA 110.4/105G,7,surplus_ratio,MM DA NANG,MM AN PHU,45.04,29.023999999999997,False,0.0,30.22077923312671,,,,,,,,False,False,False,False,
1,after_stackelberg,OREO VANILLA 110.4/105G,7,surplus_ratio,MM BINH PHU,MM AN PHU,5.800000000000011,5.480000000000007,False,0.0,7.532941176470596,,,,,,,,False,False,False,False,
1,after_stackelberg,OREO VANILLA 110.4/105G,7,time_urgency,MM BINH PHU,MM AN PHU,5.800000000000011,5.480000000000007,False,0.0,7.532941176470596,,,,,,,,False,False,False,False,
1,after_stackelberg,OREO VANILLA 110.4/105G,7,time_urgency,MM DA NANG,MM AN PHU,45.04,29.023999999999997,False,0.0,30.22077923312671,,,,,,,,False,False,False,False,
1,after_stackelberg,OREO VANILLA 110.4/105G,7,time_urgency,MM HIEP PHU,MM AN PHU,45.04,29.023999999999997,False,0.0,29.844832326949057,,,,,,,,False,False,False,False,
1,after_stackelberg,OREO VANILLA 110.4/105G,7,negative_reduced_cost,MM BINH PHU,MM AN PHU,5.800000000000011,5.480000000000007,False,0.0,7.532941176470596,,,,,,,,False,False,False,False,
1,after_stackelberg,OREO VANILLA 110.4/105G,7,negative_reduced_cost,MM DA NANG,MM AN PHU,45.04,29.023999999999997,False,0.0,30.22077923312671,,,,,,,,False,False,False,False,
1,after_stackelberg,OREO VANILLA 110.4/105G,7,negative_reduced_cost,MM HIEP PHU,MM AN PHU,45.04,29.023999999999997,False,0.0,29.844832326949057,,,,,,,,False,False,False,False,
1,after_stackelberg,OREO CHOCOLATE 110.4/105G,2,shortage_ratio,MM BINH PHU,MM AN PHU,3.896034998189144,0.4415860007243424,False,0.0,6.333374092923259,,,,,,,,False,False,False,False,
1,after_stackelberg,OREO CHOCOLATE 110.4/105G,2,shortage_ratio,MM BINH PHU,MM DA NANG,2.3623153040246905,1.0550738783901235,False,0.0,4.6274907547120945,,,,,,,,False,False,False,False,
1,after_stackelberg,OREO CHOCOLATE 110.4/105G,2,shortage_ratio,MM AN PHU,MM DA NANG,2.3623153040246905,1.4643108437584822,False,0.0,3.640978512384422,,,,,,,,False,False,False,False,
1,after_stackelberg,OREO CHOCOLATE 110.4/105G,2,surplus_ratio,MM BINH PHU,MM AN PHU,3.896034998189144,0.4415860007243424,False,0.0,6.333374092923259,,,,,,,,False,False,False,False,
1,after_stackelberg,OREO CHOCOLATE 110.4/105G,2,surplus_ratio,MM BINH PHU,MM DA NANG,2.3623153040246905,1.0550738783901235,False,0.0,4.6274907547120945,,,,,,,,False,False,False,False,
1,after_stackelberg,OREO CHOCOLATE 110.4/105G,2,surplus_ratio,MM AN PHU,MM DA NANG,2.3623153040246905,1.4643108437584822,False,0.0,3.640978512384422,,,,,,,,False,False,False,False,
1,after_stackelberg,OREO CHOCOLATE 110.4/105G,2,time_urgency,MM BINH PHU,MM AN PHU,3.896034998189144,0.4415860007243424,False,0.0,6.333374092923259,,,,,,,,False,False,False,False,
1,after_stackelberg,OREO CHOCOLATE 110.4/105G,2,time_urgency,MM BINH PHU,MM DA NANG,2.3623153040246905,1.0550738783901235,False,0.0,4.6274907547120945,,,,,,,,False,False,False,False,
1,after_stackelberg,OREO CHOCOLATE 110.4/105G,2,time_urgency,MM AN PHU,MM DA NANG,2.3623153040246905,1.4643108437584822,False,0.0,3.640978512384422,,,,,,,,False,False,False,False,
1,after_stackelberg,OREO CHOCOLATE 110.4/105G,2,negative_reduced_cost,MM BINH PHU,MM AN PHU,3.896034998189144,0.4415860007243424,False,0.0,6.333374092923259,,,,,,,,False,False,False,False,
1,after_stackelberg,OREO CHOCOLATE 110.4/105G,2,negative_reduced_cost,MM BINH PHU,MM DA NANG,2.3623153040246905,1.0550738783901235,False,0.0,4.6274907547120945,,,,,,,,False,False,False,False,
1,after_stackelberg,OREO CHOCOLATE 110.4/105G,2,negative_reduced_cost,MM AN PHU,MM DA NANG,2.3623153040246905,1.4643108437584822,False,0.0,3.640978512384422,,,,,,,,False,False,False,False,
1,after_stackelberg,OREO CHOCOLATE 110.4/105G,5,shortage_ratio,MM BINH PHU,MM AN PHU,0.8547819898831772,0.23782943295346115,False,0.0,4.173722272375539,,,,,,,,False,False,False,False,
1,after_stackelberg,OREO CHOCOLATE 110.4/105G,5,shortage_ratio,MM BINH PHU,MM DA NANG,0.8547819898831772,0.23782943295346115,False,0.0,4.173722272375539,,,,,,,,False,False,False,False,
1,after_stackelberg,OREO CHOCOLATE 110.4/105G,5,surplus_ratio,MM BINH PHU,MM AN PHU,0.8547819898831772,0.23782943295346115,False,0.0,4.173722272375539,,,,,,,,False,False,False,False,
1,after_stackelberg,OREO CHOCOLATE 110.4/105G,5,surplus_ratio,MM BINH PHU,MM DA NANG,0.8547819898831772,0.23782943295346115,False,0.0,4.173722272375539,,,,,,,,False,False,False,False,
1,after_stackelberg,OREO CHOCOLATE 110.4/105G,5,time_urgency,MM BINH PHU,MM AN PHU,0.8547819898831772,0.23782943295346115,False,0.0,4.173722272375539,,,,,,,,False,False,False,False,
1,after_stackelberg,OREO CHOCOLATE 110.4/105G,5,time_urgency,MM BINH PHU,MM DA NANG,0.8547819898831772,0.23782943295346115,False,0.0,4.173722272375539,,,,,,,,False,False,False,False,
1,after_stackelberg,OREO CHOCOLATE 110.4/105G,5,negative_reduced_cost,MM BINH PHU,MM AN PHU,0.8547819898831772,0.23782943295346115,False,0.0,4.173722272375539,,,,,,,,False,False,False,False,
1,after_stackelberg,OREO CHOCOLATE 110.4/105G,5,negative_reduced_cost,MM BINH PHU,MM DA NANG,0.8547819898831772,0.23782943295346115,False,0.0,4.173722272375539,,,,,,,,False,False,False,False,
1,after_stackelberg,OREO CHOCOLATE 110.4/105G,6,shortage_ratio,MM DA NANG,MM AN PHU,1.7553673581589813,-1436.3480132754694,False,0.0,4.890292402033918,,,,,,,,False,False,False,False,
1,after_stackelberg,OREO CHOCOLATE 110.4/105G,6,shortage_ratio,MM DA NANG,MM BINH PHU,1.7553673581589813,1.2978530567364075,False,0.0,4.890292402033918,,,,,,,,False,False,False,False,
1,stackelberg_pricing_fallback,OREO CHOCOLATE 110.4/105G,6,shortage_ratio,MM DA NANG,MM AN PHU,1.7553673581589813,-1436.3480132754694,False,0.1,4.890292402033918,,,,,,,,False,False,False,False,
1,after_stackelberg,OREO CHOCOLATE 110.4/105G,6,surplus_ratio,MM DA NANG,MM AN PHU,1.7553673581589813,-1436.3480132754694,False,0.0,4.890292402033918,,,,,,,,False,False,False,False,
1,after_stackelberg,OREO CHOCOLATE 110.4/105G,6,surplus_ratio,MM DA NANG,MM BINH PHU,1.7553673581589813,1.2978530567364075,False,0.0,4.890292402033918,,,,,,,,False,False,False,False,
1,stackelberg_pricing_fallback,OREO CHOCOLATE 110.4/105G,6,surplus_ratio,MM DA NANG,MM AN PHU,1.7553673581589813,-1436.3480132754694,False,0.1,4.890292402033918,,,,,,,,False,False,False,False,
1,after_stackelberg,OREO CHOCOLATE 110.4/105G,6,time_urgency,MM DA NANG,MM AN PHU,1.7553673581589813,-1436.3480132754694,False,0.0,4.890292402033918,,,,,,,,False,False,False,False,
1,after_stackelberg,OREO CHOCOLATE 110.4/105G,6,time_urgency,MM DA NANG,MM BINH PHU,1.7553673581589813,1.2978530567364075,False,0.0,4.890292402033918,,,,,,,,False,False,False,False,
1,stackelberg_pricing_fallback,OREO CHOCOLATE 110.4/105G,6,time_urgency,MM DA NANG,MM AN PHU,1.7553673581589813,-1436.3480132754694,False,0.1,4.890292402033918,,,,,,,,False,False,False,False,
1,after_stackelberg,OREO CHOCOLATE 110.4/105G,6,negative_reduced_cost,MM DA NANG,MM AN PHU,1.7553673581589813,-1436.3480132754694,False,0.0,4.890292402033918,,,,,,,,False,False,False,False,
1,after_stackelberg,OREO CHOCOLATE 110.4/105G,6,negative_reduced_cost,MM DA NANG,MM BINH PHU,1.7553673581589813,1.2978530567364075,False,0.0,4.890292402033918,,,,,,,,False,False,False,False,
1,stackelberg_pricing_fallback,OREO CHOCOLATE 110.4/105G,6,negative_reduced_cost,MM DA NANG,MM AN PHU,1.7553673581589813,-1436.3480132754694,False,0.1,4.890292402033918,,,,,,,,False,False,False,False,
1,pricing_dedup_rejected_before_gnn,OREO CHOCOLATE 110.4/105G,6,surplus_ratio,MM DA NANG,MM AN PHU,1.7553673581589813,,,0.1,4.890292,PRICED_E1_surplus_ratio_OREO CHOCOLATE 110.4/105G_T6_1,-1436.348013,,,,,,False,True,False,False,"('OREO CHOCOLATE 110.4/105G', 6, (('MM DA NANG', 'MM AN PHU', 1.755367),))"
1,pricing_dedup_rejected_before_gnn,OREO CHOCOLATE 110.4/105G,6,time_urgency,MM DA NANG,MM AN PHU,1.7553673581589813,,,0.1,4.890292,PRICED_E1_time_urgency_OREO CHOCOLATE 110.4/105G_T6_1,-1436.348013,,,,,,False,True,False,False,"('OREO CHOCOLATE 110.4/105G', 6, (('MM DA NANG', 'MM AN PHU', 1.755367),))"
1,pricing_dedup_rejected_before_gnn,OREO CHOCOLATE 110.4/105G,6,negative_reduced_cost,MM DA NANG,MM AN PHU,1.7553673581589813,,,0.1,4.890292,PRICED_E1_negative_reduced_cost_OREO CHOCOLATE 110.4/105G_T6_1,-1436.348013,,,,,,False,True,False,False,"('OREO CHOCOLATE 110.4/105G', 6, (('MM DA NANG', 'MM AN PHU', 1.755367),))"
1,teacher_full_batch_recorded_before_rmp,OREO CHOCOLATE 110.4/105G,6,shortage_ratio,MM DA NANG,MM AN PHU,1.7553673581589813,,,0.1,4.890292,PRICED_E1_shortage_ratio_OREO CHOCOLATE 110.4/105G_T6_1,-1436.348013,,,False,False,1.0,False,False,False,False,"(('MM DA NANG', 'MM AN PHU', 1.755367),)"
1,add_patterns_rejected,OREO CHOCOLATE 110.4/105G,6,shortage_ratio,MM DA NANG,MM AN PHU,1.7553673581589813,,,0.1,4.890292,PRICED_E1_shortage_ratio_OREO CHOCOLATE 110.4/105G_T6_1,-1436.348013,,,False,False,1.0,True,False,False,False,"('OREO CHOCOLATE 110.4/105G', 6, (('MM DA NANG', 'MM AN PHU', 1.755367),))"
1,after_stackelberg,OREO CHOCOLATE 110.4/105G,2,shortage_ratio,MM BINH PHU,MM AN PHU,3.896034998189144,0.4415860007243424,False,0.0,6.333374092923259,,,,,,,,False,False,False,False,
1,after_stackelberg,OREO CHOCOLATE 110.4/105G,2,shortage_ratio,MM BINH PHU,MM DA NANG,2.3623153040246905,1.0550738783901235,False,0.0,4.6274907547120945,,,,,,,,False,False,False,False,
1,after_stackelberg,OREO CHOCOLATE 110.4/105G,2,shortage_ratio,MM AN PHU,MM DA NANG,2.3623153040246905,1.4643108437584822,False,0.0,3.640978512384422,,,,,,,,False,False,False,False,
1,after_stackelberg,OREO CHOCOLATE 110.4/105G,2,surplus_ratio,MM BINH PHU,MM AN PHU,3.896034998189144,0.4415860007243424,False,0.0,6.333374092923259,,,,,,,,False,False,False,False,
1,after_stackelberg,OREO CHOCOLATE 110.4/105G,2,surplus_ratio,MM BINH PHU,MM DA NANG,2.3623153040246905,1.0550738783901235,False,0.0,4.6274907547120945,,,,,,,,False,False,False,False,
1,after_stackelberg,OREO CHOCOLATE 110.4/105G,2,surplus_ratio,MM AN PHU,MM DA NANG,2.3623153040246905,1.4643108437584822,False,0.0,3.640978512384422,,,,,,,,False,False,False,False,
1,after_stackelberg,OREO CHOCOLATE 110.4/105G,2,time_urgency,MM BINH PHU,MM AN PHU,3.896034998189144,0.4415860007243424,False,0.0,6.333374092923259,,,,,,,,False,False,False,False,
1,after_stackelberg,OREO CHOCOLATE 110.4/105G,2,time_urgency,MM BINH PHU,MM DA NANG,2.3623153040246905,1.0550738783901235,False,0.0,4.6274907547120945,,,,,,,,False,False,False,False,
1,after_stackelberg,OREO CHOCOLATE 110.4/105G,2,time_urgency,MM AN PHU,MM DA NANG,2.3623153040246905,1.4643108437584822,False,0.0,3.640978512384422,,,,,,,,False,False,False,False,
1,after_stackelberg,OREO CHOCOLATE 110.4/105G,2,negative_reduced_cost,MM BINH PHU,MM AN PHU,3.896034998189144,0.4415860007243424,False,0.0,6.333374092923259,,,,,,,,False,False,False,False,
1,after_stackelberg,OREO CHOCOLATE 110.4/105G,2,negative_reduced_cost,MM BINH PHU,MM DA NANG,2.3623153040246905,1.0550738783901235,False,0.0,4.6274907547120945,,,,,,,,False,False,False,False,
1,after_stackelberg,OREO CHOCOLATE 110.4/105G,2,negative_reduced_cost,MM AN PHU,MM DA NANG,2.3623153040246905,1.4643108437584822,False,0.0,3.640978512384422,,,,,,,,False,False,False,False,
1,after_stackelberg,OREO CHOCOLATE 110.4/105G,5,shortage_ratio,MM BINH PHU,MM AN PHU,0.8547819898831772,0.23782943295346115,False,0.0,4.173722272375539,,,,,,,,False,False,False,False,
1,after_stackelberg,OREO CHOCOLATE 110.4/105G,5,shortage_ratio,MM BINH PHU,MM DA NANG,0.8547819898831772,0.23782943295346115,False,0.0,4.173722272375539,,,,,,,,False,False,False,False,
1,after_stackelberg,OREO CHOCOLATE 110.4/105G,5,surplus_ratio,MM BINH PHU,MM AN PHU,0.8547819898831772,0.23782943295346115,False,0.0,4.173722272375539,,,,,,,,False,False,False,False,
1,after_stackelberg,OREO CHOCOLATE 110.4/105G,5,surplus_ratio,MM BINH PHU,MM DA NANG,0.8547819898831772,0.23782943295346115,False,0.0,4.173722272375539,,,,,,,,False,False,False,False,
1,after_stackelberg,OREO CHOCOLATE 110.4/105G,5,time_urgency,MM BINH PHU,MM AN PHU,0.8547819898831772,0.23782943295346115,False,0.0,4.173722272375539,,,,,,,,False,False,False,False,
1,after_stackelberg,OREO CHOCOLATE 110.4/105G,5,time_urgency,MM BINH PHU,MM DA NANG,0.8547819898831772,0.23782943295346115,False,0.0,4.173722272375539,,,,,,,,False,False,False,False,
1,after_stackelberg,OREO CHOCOLATE 110.4/105G,5,negative_reduced_cost,MM BINH PHU,MM AN PHU,0.8547819898831772,0.23782943295346115,False,0.0,4.173722272375539,,,,,,,,False,False,False,False,
1,after_stackelberg,OREO CHOCOLATE 110.4/105G,5,negative_reduced_cost,MM BINH PHU,MM DA NANG,0.8547819898831772,0.23782943295346115,False,0.0,4.173722272375539,,,,,,,,False,False,False,False,
1,after_stackelberg,OREO CHOCOLATE 110.4/105G,6,shortage_ratio,MM DA NANG,MM AN PHU,1.7553673581589813,-1436.3480132754694,False,0.0,4.890292402033918,,,,,,,,False,False,False,False,
1,after_stackelberg,OREO CHOCOLATE 110.4/105G,6,shortage_ratio,MM DA NANG,MM BINH PHU,1.7553673581589813,1.2978530567364075,False,0.0,4.890292402033918,,,,,,,,False,False,False,False,
1,stackelberg_pricing_fallback,OREO CHOCOLATE 110.4/105G,6,shortage_ratio,MM DA NANG,MM AN PHU,1.7553673581589813,-1436.3480132754694,False,0.1,4.890292402033918,,,,,,,,False,False,False,False,
1,after_stackelberg,OREO CHOCOLATE 110.4/105G,6,surplus_ratio,MM DA NANG,MM AN PHU,1.7553673581589813,-1436.3480132754694,False,0.0,4.890292402033918,,,,,,,,False,False,False,False,
1,after_stackelberg,OREO CHOCOLATE 110.4/105G,6,surplus_ratio,MM DA NANG,MM BINH PHU,1.7553673581589813,1.2978530567364075,False,0.0,4.890292402033918,,,,,,,,False,False,False,False,
1,stackelberg_pricing_fallback,OREO CHOCOLATE 110.4/105G,6,surplus_ratio,MM DA NANG,MM AN PHU,1.7553673581589813,-1436.3480132754694,False,0.1,4.890292402033918,,,,,,,,False,False,False,False,
1,after_stackelberg,OREO CHOCOLATE 110.4/105G,6,time_urgency,MM DA NANG,MM AN PHU,1.7553673581589813,-1436.3480132754694,False,0.0,4.890292402033918,,,,,,,,False,False,False,False,
1,after_stackelberg,OREO CHOCOLATE 110.4/105G,6,time_urgency,MM DA NANG,MM BINH PHU,1.7553673581589813,1.2978530567364075,False,0.0,4.890292402033918,,,,,,,,False,False,False,False,
1,stackelberg_pricing_fallback,OREO CHOCOLATE 110.4/105G,6,time_urgency,MM DA NANG,MM AN PHU,1.7553673581589813,-1436.3480132754694,False,0.1,4.890292402033918,,,,,,,,False,False,False,False,
1,after_stackelberg,OREO CHOCOLATE 110.4/105G,6,negative_reduced_cost,MM DA NANG,MM AN PHU,1.7553673581589813,-1436.3480132754694,False,0.0,4.890292402033918,,,,,,,,False,False,False,False,
1,after_stackelberg,OREO CHOCOLATE 110.4/105G,6,negative_reduced_cost,MM DA NANG,MM BINH PHU,1.7553673581589813,1.2978530567364075,False,0.0,4.890292402033918,,,,,,,,False,False,False,False,
1,stackelberg_pricing_fallback,OREO CHOCOLATE 110.4/105G,6,negative_reduced_cost,MM DA NANG,MM AN PHU,1.7553673581589813,-1436.3480132754694,False,0.1,4.890292402033918,,,,,,,,False,False,False,False,
1,pricing_dedup_rejected_before_gnn,OREO CHOCOLATE 110.4/105G,6,surplus_ratio,MM DA NANG,MM AN PHU,1.7553673581589813,,,0.1,4.890292,PRICED_E1_surplus_ratio_OREO CHOCOLATE 110.4/105G_T6_1,-1436.348013,,,,,,False,True,False,False,"('OREO CHOCOLATE 110.4/105G', 6, (('MM DA NANG', 'MM AN PHU', 1.755367),))"
1,pricing_dedup_rejected_before_gnn,OREO CHOCOLATE 110.4/105G,6,time_urgency,MM DA NANG,MM AN PHU,1.7553673581589813,,,0.1,4.890292,PRICED_E1_time_urgency_OREO CHOCOLATE 110.4/105G_T6_1,-1436.348013,,,,,,False,True,False,False,"('OREO CHOCOLATE 110.4/105G', 6, (('MM DA NANG', 'MM AN PHU', 1.755367),))"
1,pricing_dedup_rejected_before_gnn,OREO CHOCOLATE 110.4/105G,6,negative_reduced_cost,MM DA NANG,MM AN PHU,1.7553673581589813,,,0.1,4.890292,PRICED_E1_negative_reduced_cost_OREO CHOCOLATE 110.4/105G_T6_1,-1436.348013,,,,,,False,True,False,False,"('OREO CHOCOLATE 110.4/105G', 6, (('MM DA NANG', 'MM AN PHU', 1.755367),))"
1,teacher_full_batch_recorded_before_rmp,OREO CHOCOLATE 110.4/105G,6,shortage_ratio,MM DA NANG,MM AN PHU,1.7553673581589813,,,0.1,4.890292,PRICED_E1_shortage_ratio_OREO CHOCOLATE 110.4/105G_T6_1,-1436.348013,,,False,False,1.0,False,False,False,False,"(('MM DA NANG', 'MM AN PHU', 1.755367),)"
1,add_patterns_rejected,OREO CHOCOLATE 110.4/105G,6,shortage_ratio,MM DA NANG,MM AN PHU,1.7553673581589813,,,0.1,4.890292,PRICED_E1_shortage_ratio_OREO CHOCOLATE 110.4/105G_T6_1,-1436.348013,,,False,False,1.0,True,False,False,False,"('OREO CHOCOLATE 110.4/105G', 6, (('MM DA NANG', 'MM AN PHU', 1.755367),))"
1,after_stackelberg,OREO CHOCOLATE 110.4/105G,2,shortage_ratio,MM BINH PHU,MM AN PHU,3.896034998189144,0.4415860007243424,False,0.0,6.333374092923259,,,,,,,,False,False,False,False,
1,after_stackelberg,OREO CHOCOLATE 110.4/105G,2,shortage_ratio,MM BINH PHU,MM DA NANG,2.3623153040246905,1.0550738783901235,False,0.0,4.6274907547120945,,,,,,,,False,False,False,False,
1,after_stackelberg,OREO CHOCOLATE 110.4/105G,2,shortage_ratio,MM AN PHU,MM DA NANG,2.3623153040246905,1.4643108437584822,False,0.0,3.640978512384422,,,,,,,,False,False,False,False,
1,after_stackelberg,OREO CHOCOLATE 110.4/105G,2,surplus_ratio,MM BINH PHU,MM AN PHU,3.896034998189144,0.4415860007243424,False,0.0,6.333374092923259,,,,,,,,False,False,False,False,
1,after_stackelberg,OREO CHOCOLATE 110.4/105G,2,surplus_ratio,MM BINH PHU,MM DA NANG,2.3623153040246905,1.0550738783901235,False,0.0,4.6274907547120945,,,,,,,,False,False,False,False,
1,after_stackelberg,OREO CHOCOLATE 110.4/105G,2,surplus_ratio,MM AN PHU,MM DA NANG,2.3623153040246905,1.4643108437584822,False,0.0,3.640978512384422,,,,,,,,False,False,False,False,
1,after_stackelberg,OREO CHOCOLATE 110.4/105G,2,time_urgency,MM BINH PHU,MM AN PHU,3.896034998189144,0.4415860007243424,False,0.0,6.333374092923259,,,,,,,,False,False,False,False,
1,after_stackelberg,OREO CHOCOLATE 110.4/105G,2,time_urgency,MM BINH PHU,MM DA NANG,2.3623153040246905,1.0550738783901235,False,0.0,4.6274907547120945,,,,,,,,False,False,False,False,
1,after_stackelberg,OREO CHOCOLATE 110.4/105G,2,time_urgency,MM AN PHU,MM DA NANG,2.3623153040246905,1.4643108437584822,False,0.0,3.640978512384422,,,,,,,,False,False,False,False,
1,after_stackelberg,OREO CHOCOLATE 110.4/105G,2,negative_reduced_cost,MM BINH PHU,MM AN PHU,3.896034998189144,0.4415860007243424,False,0.0,6.333374092923259,,,,,,,,False,False,False,False,
1,after_stackelberg,OREO CHOCOLATE 110.4/105G,2,negative_reduced_cost,MM BINH PHU,MM DA NANG,2.3623153040246905,1.0550738783901235,False,0.0,4.6274907547120945,,,,,,,,False,False,False,False,
1,after_stackelberg,OREO CHOCOLATE 110.4/105G,2,negative_reduced_cost,MM AN PHU,MM DA NANG,2.3623153040246905,1.4643108437584822,False,0.0,3.640978512384422,,,,,,,,False,False,False,False,
1,after_stackelberg,OREO CHOCOLATE 110.4/105G,5,shortage_ratio,MM BINH PHU,MM AN PHU,0.8547819898831772,0.23782943295346115,False,0.0,4.173722272375539,,,,,,,,False,False,False,False,
1,after_stackelberg,OREO CHOCOLATE 110.4/105G,5,shortage_ratio,MM BINH PHU,MM DA NANG,0.8547819898831772,0.23782943295346115,False,0.0,4.173722272375539,,,,,,,,False,False,False,False,
1,after_stackelberg,OREO CHOCOLATE 110.4/105G,5,surplus_ratio,MM BINH PHU,MM AN PHU,0.8547819898831772,0.23782943295346115,False,0.0,4.173722272375539,,,,,,,,False,False,False,False,
1,after_stackelberg,OREO CHOCOLATE 110.4/105G,5,surplus_ratio,MM BINH PHU,MM DA NANG,0.8547819898831772,0.23782943295346115,False,0.0,4.173722272375539,,,,,,,,False,False,False,False,
1,after_stackelberg,OREO CHOCOLATE 110.4/105G,5,time_urgency,MM BINH PHU,MM AN PHU,0.8547819898831772,0.23782943295346115,False,0.0,4.173722272375539,,,,,,,,False,False,False,False,
1,after_stackelberg,OREO CHOCOLATE 110.4/105G,5,time_urgency,MM BINH PHU,MM DA NANG,0.8547819898831772,0.23782943295346115,False,0.0,4.173722272375539,,,,,,,,False,False,False,False,
1,after_stackelberg,OREO CHOCOLATE 110.4/105G,5,negative_reduced_cost,MM BINH PHU,MM AN PHU,0.8547819898831772,0.23782943295346115,False,0.0,4.173722272375539,,,,,,,,False,False,False,False,
1,after_stackelberg,OREO CHOCOLATE 110.4/105G,5,negative_reduced_cost,MM BINH PHU,MM DA NANG,0.8547819898831772,0.23782943295346115,False,0.0,4.173722272375539,,,,,,,,False,False,False,False,
1,after_stackelberg,OREO CHOCOLATE 110.4/105G,6,shortage_ratio,MM DA NANG,MM AN PHU,1.7553673581589813,-1436.3480132754694,False,0.0,4.890292402033918,,,,,,,,False,False,False,False,
1,after_stackelberg,OREO CHOCOLATE 110.4/105G,6,shortage_ratio,MM DA NANG,MM BINH PHU,1.7553673581589813,1.2978530567364075,False,0.0,4.890292402033918,,,,,,,,False,False,False,False,
1,stackelberg_pricing_fallback,OREO CHOCOLATE 110.4/105G,6,shortage_ratio,MM DA NANG,MM AN PHU,1.7553673581589813,-1436.3480132754694,False,0.1,4.890292402033918,,,,,,,,False,False,False,False,
1,after_stackelberg,OREO CHOCOLATE 110.4/105G,6,surplus_ratio,MM DA NANG,MM AN PHU,1.7553673581589813,-1436.3480132754694,False,0.0,4.890292402033918,,,,,,,,False,False,False,False,
1,after_stackelberg,OREO CHOCOLATE 110.4/105G,6,surplus_ratio,MM DA NANG,MM BINH PHU,1.7553673581589813,1.2978530567364075,False,0.0,4.890292402033918,,,,,,,,False,False,False,False,
1,stackelberg_pricing_fallback,OREO CHOCOLATE 110.4/105G,6,surplus_ratio,MM DA NANG,MM AN PHU,1.7553673581589813,-1436.3480132754694,False,0.1,4.890292402033918,,,,,,,,False,False,False,False,
1,after_stackelberg,OREO CHOCOLATE 110.4/105G,6,time_urgency,MM DA NANG,MM AN PHU,1.7553673581589813,-1436.3480132754694,False,0.0,4.890292402033918,,,,,,,,False,False,False,False,
1,after_stackelberg,OREO CHOCOLATE 110.4/105G,6,time_urgency,MM DA NANG,MM BINH PHU,1.7553673581589813,1.2978530567364075,False,0.0,4.890292402033918,,,,,,,,False,False,False,False,
1,stackelberg_pricing_fallback,OREO CHOCOLATE 110.4/105G,6,time_urgency,MM DA NANG,MM AN PHU,1.7553673581589813,-1436.3480132754694,False,0.1,4.890292402033918,,,,,,,,False,False,False,False,
1,after_stackelberg,OREO CHOCOLATE 110.4/105G,6,negative_reduced_cost,MM DA NANG,MM AN PHU,1.7553673581589813,-1436.3480132754694,False,0.0,4.890292402033918,,,,,,,,False,False,False,False,
1,after_stackelberg,OREO CHOCOLATE 110.4/105G,6,negative_reduced_cost,MM DA NANG,MM BINH PHU,1.7553673581589813,1.2978530567364075,False,0.0,4.890292402033918,,,,,,,,False,False,False,False,
1,stackelberg_pricing_fallback,OREO CHOCOLATE 110.4/105G,6,negative_reduced_cost,MM DA NANG,MM AN PHU,1.7553673581589813,-1436.3480132754694,False,0.1,4.890292402033918,,,,,,,,False,False,False,False,
1,pricing_dedup_rejected_before_gnn,OREO CHOCOLATE 110.4/105G,6,surplus_ratio,MM DA NANG,MM AN PHU,1.7553673581589813,,,0.1,4.890292,PRICED_E1_surplus_ratio_OREO CHOCOLATE 110.4/105G_T6_1,-1436.348013,,,,,,False,True,False,False,"('OREO CHOCOLATE 110.4/105G', 6, (('MM DA NANG', 'MM AN PHU', 1.755367),))"
1,pricing_dedup_rejected_before_gnn,OREO CHOCOLATE 110.4/105G,6,time_urgency,MM DA NANG,MM AN PHU,1.7553673581589813,,,0.1,4.890292,PRICED_E1_time_urgency_OREO CHOCOLATE 110.4/105G_T6_1,-1436.348013,,,,,,False,True,False,False,"('OREO CHOCOLATE 110.4/105G', 6, (('MM DA NANG', 'MM AN PHU', 1.755367),))"
1,pricing_dedup_rejected_before_gnn,OREO CHOCOLATE 110.4/105G,6,negative_reduced_cost,MM DA NANG,MM AN PHU,1.7553673581589813,,,0.1,4.890292,PRICED_E1_negative_reduced_cost_OREO CHOCOLATE 110.4/105G_T6_1,-1436.348013,,,,,,False,True,False,False,"('OREO CHOCOLATE 110.4/105G', 6, (('MM DA NANG', 'MM AN PHU', 1.755367),))"
1,teacher_full_batch_recorded_before_rmp,OREO CHOCOLATE 110.4/105G,6,shortage_ratio,MM DA NANG,MM AN PHU,1.7553673581589813,,,0.1,4.890292,PRICED_E1_shortage_ratio_OREO CHOCOLATE 110.4/105G_T6_1,-1436.348013,,,False,False,1.0,False,False,False,False,"(('MM DA NANG', 'MM AN PHU', 1.755367),)"
1,add_patterns_rejected,OREO CHOCOLATE 110.4/105G,6,shortage_ratio,MM DA NANG,MM AN PHU,1.7553673581589813,,,0.1,4.890292,PRICED_E1_shortage_ratio_OREO CHOCOLATE 110.4/105G_T6_1,-1436.348013,,,False,False,1.0,True,False,False,False,"('OREO CHOCOLATE 110.4/105G', 6, (('MM DA NANG', 'MM AN PHU', 1.755367),))"
1,after_stackelberg,OREO CHOCOLATE 110.4/105G,2,shortage_ratio,MM BINH PHU,MM AN PHU,3.896034998189144,0.4415860007243424,False,0.0,6.333374092923259,,,,,,,,False,False,False,False,
1,after_stackelberg,OREO CHOCOLATE 110.4/105G,2,shortage_ratio,MM BINH PHU,MM DA NANG,2.3623153040246905,1.0550738783901235,False,0.0,4.6274907547120945,,,,,,,,False,False,False,False,
1,after_stackelberg,OREO CHOCOLATE 110.4/105G,2,shortage_ratio,MM AN PHU,MM DA NANG,2.3623153040246905,1.4643108437584822,False,0.0,3.640978512384422,,,,,,,,False,False,False,False,
1,after_stackelberg,OREO CHOCOLATE 110.4/105G,2,surplus_ratio,MM BINH PHU,MM AN PHU,3.896034998189144,0.4415860007243424,False,0.0,6.333374092923259,,,,,,,,False,False,False,False,
1,after_stackelberg,OREO CHOCOLATE 110.4/105G,2,surplus_ratio,MM BINH PHU,MM DA NANG,2.3623153040246905,1.0550738783901235,False,0.0,4.6274907547120945,,,,,,,,False,False,False,False,
1,after_stackelberg,OREO CHOCOLATE 110.4/105G,2,surplus_ratio,MM AN PHU,MM DA NANG,2.3623153040246905,1.4643108437584822,False,0.0,3.640978512384422,,,,,,,,False,False,False,False,
1,after_stackelberg,OREO CHOCOLATE 110.4/105G,2,time_urgency,MM BINH PHU,MM AN PHU,3.896034998189144,0.4415860007243424,False,0.0,6.333374092923259,,,,,,,,False,False,False,False,
1,after_stackelberg,OREO CHOCOLATE 110.4/105G,2,time_urgency,MM BINH PHU,MM DA NANG,2.3623153040246905,1.0550738783901235,False,0.0,4.6274907547120945,,,,,,,,False,False,False,False,
1,after_stackelberg,OREO CHOCOLATE 110.4/105G,2,time_urgency,MM AN PHU,MM DA NANG,2.3623153040246905,1.4643108437584822,False,0.0,3.640978512384422,,,,,,,,False,False,False,False,
1,after_stackelberg,OREO CHOCOLATE 110.4/105G,2,negative_reduced_cost,MM BINH PHU,MM AN PHU,3.896034998189144,0.4415860007243424,False,0.0,6.333374092923259,,,,,,,,False,False,False,False,
1,after_stackelberg,OREO CHOCOLATE 110.4/105G,2,negative_reduced_cost,MM BINH PHU,MM DA NANG,2.3623153040246905,1.0550738783901235,False,0.0,4.6274907547120945,,,,,,,,False,False,False,False,
1,after_stackelberg,OREO CHOCOLATE 110.4/105G,2,negative_reduced_cost,MM AN PHU,MM DA NANG,2.3623153040246905,1.4643108437584822,False,0.0,3.640978512384422,,,,,,,,False,False,False,False,
1,after_stackelberg,OREO CHOCOLATE 110.4/105G,5,shortage_ratio,MM BINH PHU,MM AN PHU,0.8547819898831772,0.23782943295346115,False,0.0,4.173722272375539,,,,,,,,False,False,False,False,
1,after_stackelberg,OREO CHOCOLATE 110.4/105G,5,shortage_ratio,MM BINH PHU,MM DA NANG,0.8547819898831772,0.23782943295346115,False,0.0,4.173722272375539,,,,,,,,False,False,False,False,
1,after_stackelberg,OREO CHOCOLATE 110.4/105G,5,surplus_ratio,MM BINH PHU,MM AN PHU,0.8547819898831772,0.23782943295346115,False,0.0,4.173722272375539,,,,,,,,False,False,False,False,
1,after_stackelberg,OREO CHOCOLATE 110.4/105G,5,surplus_ratio,MM BINH PHU,MM DA NANG,0.8547819898831772,0.23782943295346115,False,0.0,4.173722272375539,,,,,,,,False,False,False,False,
1,after_stackelberg,OREO CHOCOLATE 110.4/105G,5,time_urgency,MM BINH PHU,MM AN PHU,0.8547819898831772,0.23782943295346115,False,0.0,4.173722272375539,,,,,,,,False,False,False,False,
1,after_stackelberg,OREO CHOCOLATE 110.4/105G,5,time_urgency,MM BINH PHU,MM DA NANG,0.8547819898831772,0.23782943295346115,False,0.0,4.173722272375539,,,,,,,,False,False,False,False,
1,after_stackelberg,OREO CHOCOLATE 110.4/105G,5,negative_reduced_cost,MM BINH PHU,MM AN PHU,0.8547819898831772,0.23782943295346115,False,0.0,4.173722272375539,,,,,,,,False,False,False,False,
1,after_stackelberg,OREO CHOCOLATE 110.4/105G,5,negative_reduced_cost,MM BINH PHU,MM DA NANG,0.8547819898831772,0.23782943295346115,False,0.0,4.173722272375539,,,,,,,,False,False,False,False,
1,after_stackelberg,OREO CHOCOLATE 110.4/105G,6,shortage_ratio,MM DA NANG,MM AN PHU,1.7553673581589813,-1436.3480132754694,False,0.0,4.890292402033918,,,,,,,,False,False,False,False,
1,after_stackelberg,OREO CHOCOLATE 110.4/105G,6,shortage_ratio,MM DA NANG,MM BINH PHU,1.7553673581589813,1.2978530567364075,False,0.0,4.890292402033918,,,,,,,,False,False,False,False,
1,stackelberg_pricing_fallback,OREO CHOCOLATE 110.4/105G,6,shortage_ratio,MM DA NANG,MM AN PHU,1.7553673581589813,-1436.3480132754694,False,0.1,4.890292402033918,,,,,,,,False,False,False,False,
1,after_stackelberg,OREO CHOCOLATE 110.4/105G,6,surplus_ratio,MM DA NANG,MM AN PHU,1.7553673581589813,-1436.3480132754694,False,0.0,4.890292402033918,,,,,,,,False,False,False,False,
1,after_stackelberg,OREO CHOCOLATE 110.4/105G,6,surplus_ratio,MM DA NANG,MM BINH PHU,1.7553673581589813,1.2978530567364075,False,0.0,4.890292402033918,,,,,,,,False,False,False,False,
1,stackelberg_pricing_fallback,OREO CHOCOLATE 110.4/105G,6,surplus_ratio,MM DA NANG,MM AN PHU,1.7553673581589813,-1436.3480132754694,False,0.1,4.890292402033918,,,,,,,,False,False,False,False,
1,after_stackelberg,OREO CHOCOLATE 110.4/105G,6,time_urgency,MM DA NANG,MM AN PHU,1.7553673581589813,-1436.3480132754694,False,0.0,4.890292402033918,,,,,,,,False,False,False,False,
1,after_stackelberg,OREO CHOCOLATE 110.4/105G,6,time_urgency,MM DA NANG,MM BINH PHU,1.7553673581589813,1.2978530567364075,False,0.0,4.890292402033918,,,,,,,,False,False,False,False,
1,stackelberg_pricing_fallback,OREO CHOCOLATE 110.4/105G,6,time_urgency,MM DA NANG,MM AN PHU,1.7553673581589813,-1436.3480132754694,False,0.1,4.890292402033918,,,,,,,,False,False,False,False,
1,after_stackelberg,OREO CHOCOLATE 110.4/105G,6,negative_reduced_cost,MM DA NANG,MM AN PHU,1.7553673581589813,-1436.3480132754694,False,0.0,4.890292402033918,,,,,,,,False,False,False,False,
1,after_stackelberg,OREO CHOCOLATE 110.4/105G,6,negative_reduced_cost,MM DA NANG,MM BINH PHU,1.7553673581589813,1.2978530567364075,False,0.0,4.890292402033918,,,,,,,,False,False,False,False,
1,stackelberg_pricing_fallback,OREO CHOCOLATE 110.4/105G,6,negative_reduced_cost,MM DA NANG,MM AN PHU,1.7553673581589813,-1436.3480132754694,False,0.1,4.890292402033918,,,,,,,,False,False,False,False,
1,pricing_dedup_rejected_before_gnn,OREO CHOCOLATE 110.4/105G,6,surplus_ratio,MM DA NANG,MM AN PHU,1.7553673581589813,,,0.1,4.890292,PRICED_E1_surplus_ratio_OREO CHOCOLATE 110.4/105G_T6_1,-1436.348013,,,,,,False,True,False,False,"('OREO CHOCOLATE 110.4/105G', 6, (('MM DA NANG', 'MM AN PHU', 1.755367),))"
1,pricing_dedup_rejected_before_gnn,OREO CHOCOLATE 110.4/105G,6,time_urgency,MM DA NANG,MM AN PHU,1.7553673581589813,,,0.1,4.890292,PRICED_E1_time_urgency_OREO CHOCOLATE 110.4/105G_T6_1,-1436.348013,,,,,,False,True,False,False,"('OREO CHOCOLATE 110.4/105G', 6, (('MM DA NANG', 'MM AN PHU', 1.755367),))"
1,pricing_dedup_rejected_before_gnn,OREO CHOCOLATE 110.4/105G,6,negative_reduced_cost,MM DA NANG,MM AN PHU,1.7553673581589813,,,0.1,4.890292,PRICED_E1_negative_reduced_cost_OREO CHOCOLATE 110.4/105G_T6_1,-1436.348013,,,,,,False,True,False,False,"('OREO CHOCOLATE 110.4/105G', 6, (('MM DA NANG', 'MM AN PHU', 1.755367),))"
1,teacher_full_batch_recorded_before_rmp,OREO CHOCOLATE 110.4/105G,6,shortage_ratio,MM DA NANG,MM AN PHU,1.7553673581589813,,,0.1,4.890292,PRICED_E1_shortage_ratio_OREO CHOCOLATE 110.4/105G_T6_1,-1436.348013,,,False,False,1.0,False,False,False,False,"(('MM DA NANG', 'MM AN PHU', 1.755367),)"
1,add_patterns_rejected,OREO CHOCOLATE 110.4/105G,6,shortage_ratio,MM DA NANG,MM AN PHU,1.7553673581589813,,,0.1,4.890292,PRICED_E1_shortage_ratio_OREO CHOCOLATE 110.4/105G_T6_1,-1436.348013,,,False,False,1.0,True,False,False,False,"('OREO CHOCOLATE 110.4/105G', 6, (('MM DA NANG', 'MM AN PHU', 1.755367),))"
1,after_stackelberg,OREO CHOCOLATE 110.4/105G,2,shortage_ratio,MM BINH PHU,MM AN PHU,3.896034998189144,0.4415860007243424,False,0.0,6.333374092923259,,,,,,,,False,False,False,False,
1,after_stackelberg,OREO CHOCOLATE 110.4/105G,2,shortage_ratio,MM BINH PHU,MM DA NANG,2.3623153040246905,1.0550738783901235,False,0.0,4.6274907547120945,,,,,,,,False,False,False,False,
1,after_stackelberg,OREO CHOCOLATE 110.4/105G,2,shortage_ratio,MM AN PHU,MM DA NANG,2.3623153040246905,1.4643108437584822,False,0.0,3.640978512384422,,,,,,,,False,False,False,False,
1,after_stackelberg,OREO CHOCOLATE 110.4/105G,2,surplus_ratio,MM BINH PHU,MM AN PHU,3.896034998189144,0.4415860007243424,False,0.0,6.333374092923259,,,,,,,,False,False,False,False,
1,after_stackelberg,OREO CHOCOLATE 110.4/105G,2,surplus_ratio,MM BINH PHU,MM DA NANG,2.3623153040246905,1.0550738783901235,False,0.0,4.6274907547120945,,,,,,,,False,False,False,False,
1,after_stackelberg,OREO CHOCOLATE 110.4/105G,2,surplus_ratio,MM AN PHU,MM DA NANG,2.3623153040246905,1.4643108437584822,False,0.0,3.640978512384422,,,,,,,,False,False,False,False,
1,after_stackelberg,OREO CHOCOLATE 110.4/105G,2,time_urgency,MM BINH PHU,MM AN PHU,3.896034998189144,0.4415860007243424,False,0.0,6.333374092923259,,,,,,,,False,False,False,False,
1,after_stackelberg,OREO CHOCOLATE 110.4/105G,2,time_urgency,MM BINH PHU,MM DA NANG,2.3623153040246905,1.0550738783901235,False,0.0,4.6274907547120945,,,,,,,,False,False,False,False,
1,after_stackelberg,OREO CHOCOLATE 110.4/105G,2,time_urgency,MM AN PHU,MM DA NANG,2.3623153040246905,1.4643108437584822,False,0.0,3.640978512384422,,,,,,,,False,False,False,False,
1,after_stackelberg,OREO CHOCOLATE 110.4/105G,2,negative_reduced_cost,MM BINH PHU,MM AN PHU,3.896034998189144,0.4415860007243424,False,0.0,6.333374092923259,,,,,,,,False,False,False,False,
1,after_stackelberg,OREO CHOCOLATE 110.4/105G,2,negative_reduced_cost,MM BINH PHU,MM DA NANG,2.3623153040246905,1.0550738783901235,False,0.0,4.6274907547120945,,,,,,,,False,False,False,False,
1,after_stackelberg,OREO CHOCOLATE 110.4/105G,2,negative_reduced_cost,MM AN PHU,MM DA NANG,2.3623153040246905,1.4643108437584822,False,0.0,3.640978512384422,,,,,,,,False,False,False,False,
1,after_stackelberg,OREO CHOCOLATE 110.4/105G,3,shortage_ratio,MM HIEP PHU,MM AN PHU,1.8732086817983884,-1532.9071938655993,False,0.0,4.975882267981527,,,,,,,,False,False,False,False,
1,after_stackelberg,OREO CHOCOLATE 110.4/105G,3,shortage_ratio,MM HIEP PHU,MM DA NANG,1.8732086817983884,1.2507165272806446,False,0.0,4.975882267981527,,,,,,,,False,False,False,False,
1,stackelberg_pricing_fallback,OREO CHOCOLATE 110.4/105G,3,shortage_ratio,MM HIEP PHU,MM AN PHU,1.8732086817983884,-1532.9071938655993,False,0.1,4.975882267981527,,,,,,,,False,False,False,False,
1,after_stackelberg,OREO CHOCOLATE 110.4/105G,3,surplus_ratio,MM HIEP PHU,MM AN PHU,1.8732086817983884,-1532.9071938655993,False,0.0,4.975882267981527,,,,,,,,False,False,False,False,
1,after_stackelberg,OREO CHOCOLATE 110.4/105G,3,surplus_ratio,MM HIEP PHU,MM DA NANG,1.8732086817983884,1.2507165272806446,False,0.0,4.975882267981527,,,,,,,,False,False,False,False,
1,stackelberg_pricing_fallback,OREO CHOCOLATE 110.4/105G,3,surplus_ratio,MM HIEP PHU,MM AN PHU,1.8732086817983884,-1532.9071938655993,False,0.1,4.975882267981527,,,,,,,,False,False,False,False,
1,after_stackelberg,OREO CHOCOLATE 110.4/105G,3,time_urgency,MM HIEP PHU,MM AN PHU,1.8732086817983884,-1532.9071938655993,False,0.0,4.975882267981527,,,,,,,,False,False,False,False,
1,after_stackelberg,OREO CHOCOLATE 110.4/105G,3,time_urgency,MM HIEP PHU,MM DA NANG,1.8732086817983884,1.2507165272806446,False,0.0,4.975882267981527,,,,,,,,False,False,False,False,
1,stackelberg_pricing_fallback,OREO CHOCOLATE 110.4/105G,3,time_urgency,MM HIEP PHU,MM AN PHU,1.8732086817983884,-1532.9071938655993,False,0.1,4.975882267981527,,,,,,,,False,False,False,False,
1,after_stackelberg,OREO CHOCOLATE 110.4/105G,3,negative_reduced_cost,MM HIEP PHU,MM AN PHU,1.8732086817983884,-1532.9071938655993,False,0.0,4.975882267981527,,,,,,,,False,False,False,False,
1,after_stackelberg,OREO CHOCOLATE 110.4/105G,3,negative_reduced_cost,MM HIEP PHU,MM DA NANG,1.8732086817983884,1.2507165272806446,False,0.0,4.975882267981527,,,,,,,,False,False,False,False,
1,stackelberg_pricing_fallback,OREO CHOCOLATE 110.4/105G,3,negative_reduced_cost,MM HIEP PHU,MM AN PHU,1.8732086817983884,-1532.9071938655993,False,0.1,4.975882267981527,,,,,,,,False,False,False,False,
1,after_stackelberg,OREO CHOCOLATE 110.4/105G,5,shortage_ratio,MM BINH PHU,MM AN PHU,0.8547819898831772,0.23782943295346115,False,0.0,4.173722272375539,,,,,,,,False,False,False,False,
1,after_stackelberg,OREO CHOCOLATE 110.4/105G,5,shortage_ratio,MM BINH PHU,MM DA NANG,0.8547819898831772,0.23782943295346115,False,0.0,4.173722272375539,,,,,,,,False,False,False,False,
1,after_stackelberg,OREO CHOCOLATE 110.4/105G,5,surplus_ratio,MM BINH PHU,MM AN PHU,0.8547819898831772,0.23782943295346115,False,0.0,4.173722272375539,,,,,,,,False,False,False,False,
1,after_stackelberg,OREO CHOCOLATE 110.4/105G,5,surplus_ratio,MM BINH PHU,MM DA NANG,0.8547819898831772,0.23782943295346115,False,0.0,4.173722272375539,,,,,,,,False,False,False,False,
1,after_stackelberg,OREO CHOCOLATE 110.4/105G,5,time_urgency,MM BINH PHU,MM AN PHU,0.8547819898831772,0.23782943295346115,False,0.0,4.173722272375539,,,,,,,,False,False,False,False,
1,after_stackelberg,OREO CHOCOLATE 110.4/105G,5,time_urgency,MM BINH PHU,MM DA NANG,0.8547819898831772,0.23782943295346115,False,0.0,4.173722272375539,,,,,,,,False,False,False,False,
1,after_stackelberg,OREO CHOCOLATE 110.4/105G,5,negative_reduced_cost,MM BINH PHU,MM AN PHU,0.8547819898831772,0.23782943295346115,False,0.0,4.173722272375539,,,,,,,,False,False,False,False,
1,after_stackelberg,OREO CHOCOLATE 110.4/105G,5,negative_reduced_cost,MM BINH PHU,MM DA NANG,0.8547819898831772,0.23782943295346115,False,0.0,4.173722272375539,,,,,,,,False,False,False,False,
1,after_stackelberg,OREO CHOCOLATE 110.4/105G,6,shortage_ratio,MM DA NANG,MM AN PHU,1.7553673581589813,-1436.3480132754694,False,0.0,4.890292402033918,,,,,,,,False,False,False,False,
1,after_stackelberg,OREO CHOCOLATE 110.4/105G,6,shortage_ratio,MM DA NANG,MM BINH PHU,1.7553673581589813,1.2978530567364075,False,0.0,4.890292402033918,,,,,,,,False,False,False,False,
1,stackelberg_pricing_fallback,OREO CHOCOLATE 110.4/105G,6,shortage_ratio,MM DA NANG,MM AN PHU,1.7553673581589813,-1436.3480132754694,False,0.1,4.890292402033918,,,,,,,,False,False,False,False,
1,after_stackelberg,OREO CHOCOLATE 110.4/105G,6,surplus_ratio,MM DA NANG,MM AN PHU,1.7553673581589813,-1436.3480132754694,False,0.0,4.890292402033918,,,,,,,,False,False,False,False,
1,after_stackelberg,OREO CHOCOLATE 110.4/105G,6,surplus_ratio,MM DA NANG,MM BINH PHU,1.7553673581589813,1.2978530567364075,False,0.0,4.890292402033918,,,,,,,,False,False,False,False,
1,stackelberg_pricing_fallback,OREO CHOCOLATE 110.4/105G,6,surplus_ratio,MM DA NANG,MM AN PHU,1.7553673581589813,-1436.3480132754694,False,0.1,4.890292402033918,,,,,,,,False,False,False,False,
1,after_stackelberg,OREO CHOCOLATE 110.4/105G,6,time_urgency,MM DA NANG,MM AN PHU,1.7553673581589813,-1436.3480132754694,False,0.0,4.890292402033918,,,,,,,,False,False,False,False,
1,after_stackelberg,OREO CHOCOLATE 110.4/105G,6,time_urgency,MM DA NANG,MM BINH PHU,1.7553673581589813,1.2978530567364075,False,0.0,4.890292402033918,,,,,,,,False,False,False,False,
1,stackelberg_pricing_fallback,OREO CHOCOLATE 110.4/105G,6,time_urgency,MM DA NANG,MM AN PHU,1.7553673581589813,-1436.3480132754694,False,0.1,4.890292402033918,,,,,,,,False,False,False,False,
1,after_stackelberg,OREO CHOCOLATE 110.4/105G,6,negative_reduced_cost,MM DA NANG,MM AN PHU,1.7553673581589813,-1436.3480132754694,False,0.0,4.890292402033918,,,,,,,,False,False,False,False,
1,after_stackelberg,OREO CHOCOLATE 110.4/105G,6,negative_reduced_cost,MM DA NANG,MM BINH PHU,1.7553673581589813,1.2978530567364075,False,0.0,4.890292402033918,,,,,,,,False,False,False,False,
1,stackelberg_pricing_fallback,OREO CHOCOLATE 110.4/105G,6,negative_reduced_cost,MM DA NANG,MM AN PHU,1.7553673581589813,-1436.3480132754694,False,0.1,4.890292402033918,,,,,,,,False,False,False,False,
1,pricing_dedup_rejected_before_gnn,OREO CHOCOLATE 110.4/105G,3,surplus_ratio,MM HIEP PHU,MM AN PHU,1.8732086817983884,,,0.1,4.975882,PRICED_E1_surplus_ratio_OREO CHOCOLATE 110.4/105G_T3_1,-1532.907194,,,,,,False,True,False,False,"('OREO CHOCOLATE 110.4/105G', 3, (('MM HIEP PHU', 'MM AN PHU', 1.873209),))"
1,pricing_dedup_rejected_before_gnn,OREO CHOCOLATE 110.4/105G,3,time_urgency,MM HIEP PHU,MM AN PHU,1.8732086817983884,,,0.1,4.975882,PRICED_E1_time_urgency_OREO CHOCOLATE 110.4/105G_T3_1,-1532.907194,,,,,,False,True,False,False,"('OREO CHOCOLATE 110.4/105G', 3, (('MM HIEP PHU', 'MM AN PHU', 1.873209),))"
1,pricing_dedup_rejected_before_gnn,OREO CHOCOLATE 110.4/105G,3,negative_reduced_cost,MM HIEP PHU,MM AN PHU,1.8732086817983884,,,0.1,4.975882,PRICED_E1_negative_reduced_cost_OREO CHOCOLATE 110.4/105G_T3_1,-1532.907194,,,,,,False,True,False,False,"('OREO CHOCOLATE 110.4/105G', 3, (('MM HIEP PHU', 'MM AN PHU', 1.873209),))"
1,pricing_dedup_rejected_before_gnn,OREO CHOCOLATE 110.4/105G,6,surplus_ratio,MM DA NANG,MM AN PHU,1.7553673581589813,,,0.1,4.890292,PRICED_E1_surplus_ratio_OREO CHOCOLATE 110.4/105G_T6_1,-1436.348013,,,,,,False,True,False,False,"('OREO CHOCOLATE 110.4/105G', 6, (('MM DA NANG', 'MM AN PHU', 1.755367),))"
1,pricing_dedup_rejected_before_gnn,OREO CHOCOLATE 110.4/105G,6,time_urgency,MM DA NANG,MM AN PHU,1.7553673581589813,,,0.1,4.890292,PRICED_E1_time_urgency_OREO CHOCOLATE 110.4/105G_T6_1,-1436.348013,,,,,,False,True,False,False,"('OREO CHOCOLATE 110.4/105G', 6, (('MM DA NANG', 'MM AN PHU', 1.755367),))"
1,pricing_dedup_rejected_before_gnn,OREO CHOCOLATE 110.4/105G,6,negative_reduced_cost,MM DA NANG,MM AN PHU,1.7553673581589813,,,0.1,4.890292,PRICED_E1_negative_reduced_cost_OREO CHOCOLATE 110.4/105G_T6_1,-1436.348013,,,,,,False,True,False,False,"('OREO CHOCOLATE 110.4/105G', 6, (('MM DA NANG', 'MM AN PHU', 1.755367),))"
1,teacher_full_batch_recorded_before_rmp,OREO CHOCOLATE 110.4/105G,3,shortage_ratio,MM HIEP PHU,MM AN PHU,1.8732086817983884,,,0.1,4.975882,PRICED_E1_shortage_ratio_OREO CHOCOLATE 110.4/105G_T3_1,-1532.907194,,,False,False,2.0,False,False,False,False,"(('MM HIEP PHU', 'MM AN PHU', 1.873209),)"
1,teacher_full_batch_recorded_before_rmp,OREO CHOCOLATE 110.4/105G,6,shortage_ratio,MM DA NANG,MM AN PHU,1.7553673581589813,,,0.1,4.890292,PRICED_E1_shortage_ratio_OREO CHOCOLATE 110.4/105G_T6_1,-1436.348013,,,False,False,2.0,False,False,False,False,"(('MM DA NANG', 'MM AN PHU', 1.755367),)"
1,add_patterns_rejected,OREO CHOCOLATE 110.4/105G,3,shortage_ratio,MM HIEP PHU,MM AN PHU,1.8732086817983884,,,0.1,4.975882,PRICED_E1_shortage_ratio_OREO CHOCOLATE 110.4/105G_T3_1,-1532.907194,,,False,False,2.0,True,False,False,False,"('OREO CHOCOLATE 110.4/105G', 3, (('MM HIEP PHU', 'MM AN PHU', 1.873209),))"
1,add_patterns_rejected,OREO CHOCOLATE 110.4/105G,6,shortage_ratio,MM DA NANG,MM AN PHU,1.7553673581589813,,,0.1,4.890292,PRICED_E1_shortage_ratio_OREO CHOCOLATE 110.4/105G_T6_1,-1436.348013,,,False,False,2.0,True,False,False,False,"('OREO CHOCOLATE 110.4/105G', 6, (('MM DA NANG', 'MM AN PHU', 1.755367),))"
1,after_stackelberg,OREO CHOCOLATE 110.4/105G,1,shortage_ratio,MM AN PHU,MM DA NANG,14.759999999999991,10.855999999999995,False,0.0,12.142286571642904,,,,,,,,False,False,False,False,
1,after_stackelberg,OREO CHOCOLATE 110.4/105G,1,shortage_ratio,MM BINH PHU,MM DA NANG,14.759999999999991,10.855999999999995,False,0.0,11.523468879668044,,,,,,,,False,False,False,False,
1,after_stackelberg,OREO CHOCOLATE 110.4/105G,1,shortage_ratio,MM HIEP PHU,MM DA NANG,14.759999999999991,10.855999999999995,False,0.0,11.391890573339666,,,,,,,,False,False,False,False,
1,after_stackelberg,OREO CHOCOLATE 110.4/105G,1,surplus_ratio,MM HIEP PHU,MM DA NANG,14.759999999999991,10.855999999999995,False,0.0,11.391890573339666,,,,,,,,False,False,False,False,
1,after_stackelberg,OREO CHOCOLATE 110.4/105G,1,surplus_ratio,MM BINH PHU,MM DA NANG,14.759999999999991,10.855999999999995,False,0.0,11.523468879668044,,,,,,,,False,False,False,False,
1,after_stackelberg,OREO CHOCOLATE 110.4/105G,1,surplus_ratio,MM AN PHU,MM DA NANG,14.759999999999991,10.855999999999995,False,0.0,12.142286571642904,,,,,,,,False,False,False,False,
1,after_stackelberg,OREO CHOCOLATE 110.4/105G,1,time_urgency,MM AN PHU,MM DA NANG,14.759999999999991,10.855999999999995,False,0.0,12.142286571642904,,,,,,,,False,False,False,False,
1,after_stackelberg,OREO CHOCOLATE 110.4/105G,1,time_urgency,MM BINH PHU,MM DA NANG,14.759999999999991,10.855999999999995,False,0.0,11.523468879668044,,,,,,,,False,False,False,False,
1,after_stackelberg,OREO CHOCOLATE 110.4/105G,1,time_urgency,MM HIEP PHU,MM DA NANG,14.759999999999991,10.855999999999995,False,0.0,11.391890573339666,,,,,,,,False,False,False,False,
1,after_stackelberg,OREO CHOCOLATE 110.4/105G,1,negative_reduced_cost,MM AN PHU,MM DA NANG,14.759999999999991,10.855999999999995,False,0.0,12.142286571642904,,,,,,,,False,False,False,False,
1,after_stackelberg,OREO CHOCOLATE 110.4/105G,1,negative_reduced_cost,MM BINH PHU,MM DA NANG,14.759999999999991,10.855999999999995,False,0.0,11.523468879668044,,,,,,,,False,False,False,False,
1,after_stackelberg,OREO CHOCOLATE 110.4/105G,1,negative_reduced_cost,MM HIEP PHU,MM DA NANG,14.759999999999991,10.855999999999995,False,0.0,11.391890573339666,,,,,,,,False,False,False,False,
1,after_stackelberg,OREO CHOCOLATE 110.4/105G,2,shortage_ratio,MM BINH PHU,MM AN PHU,46.2,29.720000000000002,False,0.0,31.898813559322036,,,,,,,,False,False,False,False,
1,after_stackelberg,OREO CHOCOLATE 110.4/105G,2,shortage_ratio,MM HIEP PHU,MM AN PHU,59.504000000000005,37.702400000000004,False,0.0,39.885872167129456,,,,,,,,False,False,False,False,
1,after_stackelberg,OREO CHOCOLATE 110.4/105G,2,shortage_ratio,MM AN PHU,MM DA NANG,22.799999999999997,15.679999999999998,False,0.0,17.83798319327731,,,,,,,,False,False,False,False,
1,after_stackelberg,OREO CHOCOLATE 110.4/105G,2,shortage_ratio,MM BINH PHU,MM DA NANG,35.50399999999999,23.302399999999995,False,0.0,24.976785208012323,,,,,,,,False,False,False,False,
1,after_stackelberg,OREO CHOCOLATE 110.4/105G,2,shortage_ratio,MM HIEP PHU,MM DA NANG,35.50399999999999,23.302399999999995,False,0.0,24.6052031026782,,,,,,,,False,False,False,False,
1,after_stackelberg,OREO CHOCOLATE 110.4/105G,2,surplus_ratio,MM HIEP PHU,MM AN PHU,59.504000000000005,37.702400000000004,False,0.0,39.885872167129456,,,,,,,,False,False,False,False,
1,after_stackelberg,OREO CHOCOLATE 110.4/105G,2,surplus_ratio,MM HIEP PHU,MM DA NANG,35.50399999999999,23.302399999999995,False,0.0,24.6052031026782,,,,,,,,False,False,False,False,
1,after_stackelberg,OREO CHOCOLATE 110.4/105G,2,surplus_ratio,MM BINH PHU,MM AN PHU,46.2,29.720000000000002,False,0.0,31.898813559322036,,,,,,,,False,False,False,False,
1,after_stackelberg,OREO CHOCOLATE 110.4/105G,2,surplus_ratio,MM BINH PHU,MM DA NANG,35.50399999999999,23.302399999999995,False,0.0,24.976785208012323,,,,,,,,False,False,False,False,
1,after_stackelberg,OREO CHOCOLATE 110.4/105G,2,surplus_ratio,MM AN PHU,MM DA NANG,22.799999999999997,15.679999999999998,False,0.0,17.83798319327731,,,,,,,,False,False,False,False,
1,after_stackelberg,OREO CHOCOLATE 110.4/105G,2,time_urgency,MM BINH PHU,MM AN PHU,46.2,29.720000000000002,False,0.0,31.898813559322036,,,,,,,,False,False,False,False,
1,after_stackelberg,OREO CHOCOLATE 110.4/105G,2,time_urgency,MM HIEP PHU,MM AN PHU,59.504000000000005,37.702400000000004,False,0.0,39.885872167129456,,,,,,,,False,False,False,False,
1,after_stackelberg,OREO CHOCOLATE 110.4/105G,2,time_urgency,MM AN PHU,MM DA NANG,22.799999999999997,15.679999999999998,False,0.0,17.83798319327731,,,,,,,,False,False,False,False,
1,after_stackelberg,OREO CHOCOLATE 110.4/105G,2,time_urgency,MM BINH PHU,MM DA NANG,35.50399999999999,23.302399999999995,False,0.0,24.976785208012323,,,,,,,,False,False,False,False,
1,after_stackelberg,OREO CHOCOLATE 110.4/105G,2,time_urgency,MM HIEP PHU,MM DA NANG,35.50399999999999,23.302399999999995,False,0.0,24.6052031026782,,,,,,,,False,False,False,False,
1,after_stackelberg,OREO CHOCOLATE 110.4/105G,2,negative_reduced_cost,MM AN PHU,MM DA NANG,22.799999999999997,15.679999999999998,False,0.0,17.83798319327731,,,,,,,,False,False,False,False,
1,after_stackelberg,OREO CHOCOLATE 110.4/105G,2,negative_reduced_cost,MM BINH PHU,MM AN PHU,46.2,29.720000000000002,False,0.0,31.898813559322036,,,,,,,,False,False,False,False,
1,after_stackelberg,OREO CHOCOLATE 110.4/105G,2,negative_reduced_cost,MM BINH PHU,MM DA NANG,35.50399999999999,23.302399999999995,False,0.0,24.976785208012323,,,,,,,,False,False,False,False,
1,after_stackelberg,OREO CHOCOLATE 110.4/105G,2,negative_reduced_cost,MM HIEP PHU,MM AN PHU,59.504000000000005,37.702400000000004,False,0.0,39.885872167129456,,,,,,,,False,False,False,False,
1,after_stackelberg,OREO CHOCOLATE 110.4/105G,2,negative_reduced_cost,MM HIEP PHU,MM DA NANG,35.50399999999999,23.302399999999995,False,0.0,24.6052031026782,,,,,,,,False,False,False,False,
1,after_stackelberg,OREO CHOCOLATE 110.4/105G,3,shortage_ratio,MM BINH PHU,MM AN PHU,14.200000000000003,10.520000000000001,False,0.0,12.65421052631579,,,,,,,,False,False,False,False,
1,after_stackelberg,OREO CHOCOLATE 110.4/105G,3,shortage_ratio,MM HIEP PHU,MM AN PHU,58.864000000000004,37.318400000000004,False,0.0,39.501695469731395,,,,,,,,False,False,False,False,
1,after_stackelberg,OREO CHOCOLATE 110.4/105G,3,shortage_ratio,MM BINH PHU,MM DA NANG,14.200000000000003,10.520000000000001,False,0.0,12.65421052631579,,,,,,,,False,False,False,False,
1,after_stackelberg,OREO CHOCOLATE 110.4/105G,3,shortage_ratio,MM HIEP PHU,MM DA NANG,16.88799999999999,12.132799999999994,False,0.0,12.759184443680745,,,,,,,,False,False,False,False,
1,after_stackelberg,OREO CHOCOLATE 110.4/105G,3,surplus_ratio,MM HIEP PHU,MM AN PHU,58.864000000000004,37.318400000000004,False,0.0,39.501695469731395,,,,,,,,False,False,False,False,
1,after_stackelberg,OREO CHOCOLATE 110.4/105G,3,surplus_ratio,MM HIEP PHU,MM DA NANG,16.88799999999999,12.132799999999994,False,0.0,12.759184443680745,,,,,,,,False,False,False,False,
1,after_stackelberg,OREO CHOCOLATE 110.4/105G,3,surplus_ratio,MM BINH PHU,MM AN PHU,14.200000000000003,10.520000000000001,False,0.0,12.65421052631579,,,,,,,,False,False,False,False,
1,after_stackelberg,OREO CHOCOLATE 110.4/105G,3,surplus_ratio,MM BINH PHU,MM DA NANG,14.200000000000003,10.520000000000001,False,0.0,12.65421052631579,,,,,,,,False,False,False,False,
1,after_stackelberg,OREO CHOCOLATE 110.4/105G,3,time_urgency,MM BINH PHU,MM AN PHU,14.200000000000003,10.520000000000001,False,0.0,12.65421052631579,,,,,,,,False,False,False,False,
1,after_stackelberg,OREO CHOCOLATE 110.4/105G,3,time_urgency,MM BINH PHU,MM DA NANG,14.200000000000003,10.520000000000001,False,0.0,12.65421052631579,,,,,,,,False,False,False,False,
1,after_stackelberg,OREO CHOCOLATE 110.4/105G,3,time_urgency,MM HIEP PHU,MM AN PHU,58.864000000000004,37.318400000000004,False,0.0,39.501695469731395,,,,,,,,False,False,False,False,
1,after_stackelberg,OREO CHOCOLATE 110.4/105G,3,time_urgency,MM HIEP PHU,MM DA NANG,16.88799999999999,12.132799999999994,False,0.0,12.759184443680745,,,,,,,,False,False,False,False,
1,after_stackelberg,OREO CHOCOLATE 110.4/105G,3,negative_reduced_cost,MM BINH PHU,MM AN PHU,14.200000000000003,10.520000000000001,False,0.0,12.65421052631579,,,,,,,,False,False,False,False,
1,after_stackelberg,OREO CHOCOLATE 110.4/105G,3,negative_reduced_cost,MM BINH PHU,MM DA NANG,14.200000000000003,10.520000000000001,False,0.0,12.65421052631579,,,,,,,,False,False,False,False,
1,after_stackelberg,OREO CHOCOLATE 110.4/105G,3,negative_reduced_cost,MM HIEP PHU,MM AN PHU,58.864000000000004,37.318400000000004,False,0.0,39.501695469731395,,,,,,,,False,False,False,False,
1,after_stackelberg,OREO CHOCOLATE 110.4/105G,3,negative_reduced_cost,MM HIEP PHU,MM DA NANG,16.88799999999999,12.132799999999994,False,0.0,12.759184443680745,,,,,,,,False,False,False,False,
1,after_stackelberg,OREO CHOCOLATE 110.4/105G,4,shortage_ratio,MM BINH PHU,MM AN PHU,17.200000000000003,12.320000000000002,False,0.0,14.465054945054947,,,,,,,,False,False,False,False,
1,after_stackelberg,OREO CHOCOLATE 110.4/105G,4,shortage_ratio,MM HIEP PHU,MM AN PHU,57.84,36.704,False,0.0,38.88700475866758,,,,,,,,False,False,False,False,
1,after_stackelberg,OREO CHOCOLATE 110.4/105G,4,shortage_ratio,MM BINH PHU,MM DA NANG,15.0,11.0,False,0.0,12.870687452082802,,,,,,,,False,False,False,False,
1,after_stackelberg,OREO CHOCOLATE 110.4/105G,4,shortage_ratio,MM HIEP PHU,MM DA NANG,15.0,11.0,False,0.0,11.566131939488479,,,,,,,,False,False,False,False,
1,after_stackelberg,OREO CHOCOLATE 110.4/105G,4,surplus_ratio,MM HIEP PHU,MM AN PHU,57.84,36.704,False,0.0,38.88700475866758,,,,,,,,False,False,False,False,
1,after_stackelberg,OREO CHOCOLATE 110.4/105G,4,surplus_ratio,MM HIEP PHU,MM DA NANG,15.0,11.0,False,0.0,11.566131939488479,,,,,,,,False,False,False,False,
1,after_stackelberg,OREO CHOCOLATE 110.4/105G,4,surplus_ratio,MM BINH PHU,MM AN PHU,17.200000000000003,12.320000000000002,False,0.0,14.465054945054947,,,,,,,,False,False,False,False,
1,after_stackelberg,OREO CHOCOLATE 110.4/105G,4,surplus_ratio,MM BINH PHU,MM DA NANG,15.0,11.0,False,0.0,12.870687452082802,,,,,,,,False,False,False,False,
1,after_stackelberg,OREO CHOCOLATE 110.4/105G,4,time_urgency,MM BINH PHU,MM AN PHU,17.200000000000003,12.320000000000002,False,0.0,14.465054945054947,,,,,,,,False,False,False,False,
1,after_stackelberg,OREO CHOCOLATE 110.4/105G,4,time_urgency,MM BINH PHU,MM DA NANG,15.0,11.0,False,0.0,12.870687452082802,,,,,,,,False,False,False,False,
1,after_stackelberg,OREO CHOCOLATE 110.4/105G,4,time_urgency,MM HIEP PHU,MM AN PHU,57.84,36.704,False,0.0,38.88700475866758,,,,,,,,False,False,False,False,
1,after_stackelberg,OREO CHOCOLATE 110.4/105G,4,time_urgency,MM HIEP PHU,MM DA NANG,15.0,11.0,False,0.0,11.566131939488479,,,,,,,,False,False,False,False,
1,after_stackelberg,OREO CHOCOLATE 110.4/105G,4,negative_reduced_cost,MM BINH PHU,MM AN PHU,17.200000000000003,12.320000000000002,False,0.0,14.465054945054947,,,,,,,,False,False,False,False,
1,after_stackelberg,OREO CHOCOLATE 110.4/105G,4,negative_reduced_cost,MM BINH PHU,MM DA NANG,15.0,11.0,False,0.0,12.870687452082802,,,,,,,,False,False,False,False,
1,after_stackelberg,OREO CHOCOLATE 110.4/105G,4,negative_reduced_cost,MM HIEP PHU,MM AN PHU,57.84,36.704,False,0.0,38.88700475866758,,,,,,,,False,False,False,False,
1,after_stackelberg,OREO CHOCOLATE 110.4/105G,4,negative_reduced_cost,MM HIEP PHU,MM DA NANG,15.0,11.0,False,0.0,11.566131939488479,,,,,,,,False,False,False,False,
1,after_stackelberg,OREO CHOCOLATE 110.4/105G,5,shortage_ratio,MM BINH PHU,MM AN PHU,15.200000000000003,11.120000000000001,False,0.0,13.258271604938273,,,,,,,,False,False,False,False,
1,after_stackelberg,OREO CHOCOLATE 110.4/105G,5,shortage_ratio,MM HIEP PHU,MM AN PHU,57.84,36.704,False,0.0,38.88700475866758,,,,,,,,False,False,False,False,
1,after_stackelberg,OREO CHOCOLATE 110.4/105G,5,shortage_ratio,MM BINH PHU,MM DA NANG,15.200000000000003,11.120000000000001,False,0.0,13.258271604938273,,,,,,,,False,False,False,False,
1,after_stackelberg,OREO CHOCOLATE 110.4/105G,5,shortage_ratio,MM HIEP PHU,MM DA NANG,18.0,12.799999999999999,False,0.0,13.479358327386173,,,,,,,,False,False,False,False,
1,after_stackelberg,OREO CHOCOLATE 110.4/105G,5,shortage_ratio,MM HIEP PHU,MM BINH PHU,5.799999999999997,5.479999999999999,False,0.0,5.698904349935543,,,,,,,,False,False,False,False,
1,after_stackelberg,OREO CHOCOLATE 110.4/105G,5,surplus_ratio,MM HIEP PHU,MM AN PHU,57.84,36.704,False,0.0,38.88700475866758,,,,,,,,False,False,False,False,
1,after_stackelberg,OREO CHOCOLATE 110.4/105G,5,surplus_ratio,MM HIEP PHU,MM BINH PHU,5.799999999999997,5.479999999999999,False,0.0,5.698904349935543,,,,,,,,False,False,False,False,
1,after_stackelberg,OREO CHOCOLATE 110.4/105G,5,surplus_ratio,MM HIEP PHU,MM DA NANG,18.0,12.799999999999999,False,0.0,13.479358327386173,,,,,,,,False,False,False,False,
1,after_stackelberg,OREO CHOCOLATE 110.4/105G,5,surplus_ratio,MM BINH PHU,MM AN PHU,15.200000000000003,11.120000000000001,False,0.0,13.258271604938273,,,,,,,,False,False,False,False,
1,after_stackelberg,OREO CHOCOLATE 110.4/105G,5,surplus_ratio,MM BINH PHU,MM DA NANG,15.200000000000003,11.120000000000001,False,0.0,13.258271604938273,,,,,,,,False,False,False,False,
1,after_stackelberg,OREO CHOCOLATE 110.4/105G,5,time_urgency,MM BINH PHU,MM AN PHU,15.200000000000003,11.120000000000001,False,0.0,13.258271604938273,,,,,,,,False,False,False,False,
1,after_stackelberg,OREO CHOCOLATE 110.4/105G,5,time_urgency,MM BINH PHU,MM DA NANG,15.200000000000003,11.120000000000001,False,0.0,13.258271604938273,,,,,,,,False,False,False,False,
1,after_stackelberg,OREO CHOCOLATE 110.4/105G,5,time_urgency,MM HIEP PHU,MM AN PHU,57.84,36.704,False,0.0,38.88700475866758,,,,,,,,False,False,False,False,
1,after_stackelberg,OREO CHOCOLATE 110.4/105G,5,time_urgency,MM HIEP PHU,MM BINH PHU,5.799999999999997,5.479999999999999,False,0.0,5.698904349935543,,,,,,,,False,False,False,False,
1,after_stackelberg,OREO CHOCOLATE 110.4/105G,5,time_urgency,MM HIEP PHU,MM DA NANG,18.0,12.799999999999999,False,0.0,13.479358327386173,,,,,,,,False,False,False,False,
1,after_stackelberg,OREO CHOCOLATE 110.4/105G,5,negative_reduced_cost,MM BINH PHU,MM AN PHU,15.200000000000003,11.120000000000001,False,0.0,13.258271604938273,,,,,,,,False,False,False,False,
1,after_stackelberg,OREO CHOCOLATE 110.4/105G,5,negative_reduced_cost,MM BINH PHU,MM DA NANG,15.200000000000003,11.120000000000001,False,0.0,13.258271604938273,,,,,,,,False,False,False,False,
1,after_stackelberg,OREO CHOCOLATE 110.4/105G,5,negative_reduced_cost,MM HIEP PHU,MM AN PHU,57.84,36.704,False,0.0,38.88700475866758,,,,,,,,False,False,False,False,
1,after_stackelberg,OREO CHOCOLATE 110.4/105G,5,negative_reduced_cost,MM HIEP PHU,MM BINH PHU,5.799999999999997,5.479999999999999,False,0.0,5.698904349935543,,,,,,,,False,False,False,False,
1,after_stackelberg,OREO CHOCOLATE 110.4/105G,5,negative_reduced_cost,MM HIEP PHU,MM DA NANG,18.0,12.799999999999999,False,0.0,13.479358327386173,,,,,,,,False,False,False,False,
1,after_stackelberg,OREO CHOCOLATE 110.4/105G,6,shortage_ratio,MM DA NANG,MM AN PHU,3.0,3.8,False,0.0,5.75,,,,,,,,False,False,False,False,
1,after_stackelberg,OREO CHOCOLATE 110.4/105G,6,shortage_ratio,MM HIEP PHU,MM AN PHU,57.328,36.3968,False,0.0,38.57965557536689,,,,,,,,False,False,False,False,
1,after_stackelberg,OREO CHOCOLATE 110.4/105G,6,shortage_ratio,MM DA NANG,MM BINH PHU,3.0,3.8,False,0.0,5.75,,,,,,,,False,False,False,False,
1,after_stackelberg,OREO CHOCOLATE 110.4/105G,6,shortage_ratio,MM HIEP PHU,MM BINH PHU,21.799999999999997,15.079999999999998,False,0.0,15.910069975282552,,,,,,,,False,False,False,False,
1,after_stackelberg,OREO CHOCOLATE 110.4/105G,6,shortage_ratio,MM HIEP PHU,MM DA NANG,16.0,11.6,False,0.0,12.209225669932149,,,,,,,,False,False,False,False,
1,after_stackelberg,OREO CHOCOLATE 110.4/105G,6,surplus_ratio,MM HIEP PHU,MM AN PHU,57.328,36.3968,False,0.0,38.57965557536689,,,,,,,,False,False,False,False,
1,after_stackelberg,OREO CHOCOLATE 110.4/105G,6,surplus_ratio,MM HIEP PHU,MM BINH PHU,21.799999999999997,15.079999999999998,False,0.0,15.910069975282552,,,,,,,,False,False,False,False,
1,after_stackelberg,OREO CHOCOLATE 110.4/105G,6,surplus_ratio,MM HIEP PHU,MM DA NANG,16.0,11.6,False,0.0,12.209225669932149,,,,,,,,False,False,False,False,
1,after_stackelberg,OREO CHOCOLATE 110.4/105G,6,surplus_ratio,MM DA NANG,MM AN PHU,3.0,3.8,False,0.0,5.75,,,,,,,,False,False,False,False,
1,after_stackelberg,OREO CHOCOLATE 110.4/105G,6,surplus_ratio,MM DA NANG,MM BINH PHU,3.0,3.8,False,0.0,5.75,,,,,,,,False,False,False,False,
1,after_stackelberg,OREO CHOCOLATE 110.4/105G,6,time_urgency,MM DA NANG,MM AN PHU,3.0,3.8,False,0.0,5.75,,,,,,,,False,False,False,False,
1,after_stackelberg,OREO CHOCOLATE 110.4/105G,6,time_urgency,MM DA NANG,MM BINH PHU,3.0,3.8,False,0.0,5.75,,,,,,,,False,False,False,False,
1,after_stackelberg,OREO CHOCOLATE 110.4/105G,6,time_urgency,MM HIEP PHU,MM AN PHU,57.328,36.3968,False,0.0,38.57965557536689,,,,,,,,False,False,False,False,
1,after_stackelberg,OREO CHOCOLATE 110.4/105G,6,time_urgency,MM HIEP PHU,MM BINH PHU,21.799999999999997,15.079999999999998,False,0.0,15.910069975282552,,,,,,,,False,False,False,False,
1,after_stackelberg,OREO CHOCOLATE 110.4/105G,6,time_urgency,MM HIEP PHU,MM DA NANG,16.0,11.6,False,0.0,12.209225669932149,,,,,,,,False,False,False,False,
1,after_stackelberg,OREO CHOCOLATE 110.4/105G,6,negative_reduced_cost,MM DA NANG,MM AN PHU,3.0,3.8,False,0.0,5.75,,,,,,,,False,False,False,False,
1,after_stackelberg,OREO CHOCOLATE 110.4/105G,6,negative_reduced_cost,MM DA NANG,MM BINH PHU,3.0,3.8,False,0.0,5.75,,,,,,,,False,False,False,False,
1,after_stackelberg,OREO CHOCOLATE 110.4/105G,6,negative_reduced_cost,MM HIEP PHU,MM AN PHU,57.328,36.3968,False,0.0,38.57965557536689,,,,,,,,False,False,False,False,
1,after_stackelberg,OREO CHOCOLATE 110.4/105G,6,negative_reduced_cost,MM HIEP PHU,MM BINH PHU,21.799999999999997,15.079999999999998,False,0.0,15.910069975282552,,,,,,,,False,False,False,False,
1,after_stackelberg,OREO CHOCOLATE 110.4/105G,6,negative_reduced_cost,MM HIEP PHU,MM DA NANG,16.0,11.6,False,0.0,12.209225669932149,,,,,,,,False,False,False,False,
1,after_stackelberg,OREO CHOCOLATE 110.4/105G,7,shortage_ratio,MM HIEP PHU,MM AN PHU,31.936,21.1616,False,0.0,22.37091624864516,,,,,,,,False,False,False,False,
1,after_stackelberg,OREO CHOCOLATE 110.4/105G,7,shortage_ratio,MM HIEP PHU,MM DA NANG,19.0,13.4,False,0.0,14.119470463560182,,,,,,,,False,False,False,False,
1,after_stackelberg,OREO CHOCOLATE 110.4/105G,7,shortage_ratio,MM HIEP PHU,MM BINH PHU,9.0,7.3999999999999995,False,0.0,7.740801798528507,,,,,,,,False,False,False,False,
1,after_stackelberg,OREO CHOCOLATE 110.4/105G,7,surplus_ratio,MM HIEP PHU,MM AN PHU,31.936,21.1616,False,0.0,22.37091624864516,,,,,,,,False,False,False,False,
1,after_stackelberg,OREO CHOCOLATE 110.4/105G,7,surplus_ratio,MM HIEP PHU,MM BINH PHU,9.0,7.3999999999999995,False,0.0,7.740801798528507,,,,,,,,False,False,False,False,
1,after_stackelberg,OREO CHOCOLATE 110.4/105G,7,surplus_ratio,MM HIEP PHU,MM DA NANG,19.0,13.4,False,0.0,14.119470463560182,,,,,,,,False,False,False,False,
1,after_stackelberg,OREO CHOCOLATE 110.4/105G,7,time_urgency,MM HIEP PHU,MM AN PHU,31.936,21.1616,False,0.0,22.37091624864516,,,,,,,,False,False,False,False,
1,after_stackelberg,OREO CHOCOLATE 110.4/105G,7,time_urgency,MM HIEP PHU,MM BINH PHU,9.0,7.3999999999999995,False,0.0,7.740801798528507,,,,,,,,False,False,False,False,
1,after_stackelberg,OREO CHOCOLATE 110.4/105G,7,time_urgency,MM HIEP PHU,MM DA NANG,19.0,13.4,False,0.0,14.119470463560182,,,,,,,,False,False,False,False,
1,after_stackelberg,OREO CHOCOLATE 110.4/105G,7,negative_reduced_cost,MM HIEP PHU,MM AN PHU,31.936,21.1616,False,0.0,22.37091624864516,,,,,,,,False,False,False,False,
1,after_stackelberg,OREO CHOCOLATE 110.4/105G,7,negative_reduced_cost,MM HIEP PHU,MM BINH PHU,9.0,7.3999999999999995,False,0.0,7.740801798528507,,,,,,,,False,False,False,False,
1,after_stackelberg,OREO CHOCOLATE 110.4/105G,7,negative_reduced_cost,MM HIEP PHU,MM DA NANG,19.0,13.4,False,0.0,14.119470463560182,,,,,,,,False,False,False,False,
1,after_stackelberg,OREO VANILLA 110.4/105G,2,shortage_ratio,MM BINH PHU,MM AN PHU,41.80000000000001,27.080000000000005,False,0.0,29.256635514018697,,,,,,,,False,False,False,False,
1,after_stackelberg,OREO VANILLA 110.4/105G,2,shortage_ratio,MM DA NANG,MM AN PHU,99.87999999999997,61.927999999999976,False,0.0,62.716653700656806,,,,,,,,False,False,False,False,
1,after_stackelberg,OREO VANILLA 110.4/105G,2,shortage_ratio,MM HIEP PHU,MM AN PHU,99.87999999999997,61.927999999999976,False,0.0,63.665694788151455,,,,,,,,False,False,False,False,
1,after_stackelberg,OREO VANILLA 110.4/105G,2,surplus_ratio,MM DA NANG,MM AN PHU,99.87999999999997,61.927999999999976,False,0.0,62.716653700656806,,,,,,,,False,False,False,False,
1,after_stackelberg,OREO VANILLA 110.4/105G,2,surplus_ratio,MM HIEP PHU,MM AN PHU,99.87999999999997,61.927999999999976,False,0.0,63.665694788151455,,,,,,,,False,False,False,False,
1,after_stackelberg,OREO VANILLA 110.4/105G,2,surplus_ratio,MM BINH PHU,MM AN PHU,41.80000000000001,27.080000000000005,False,0.0,29.256635514018697,,,,,,,,False,False,False,False,
1,after_stackelberg,OREO VANILLA 110.4/105G,2,time_urgency,MM BINH PHU,MM AN PHU,41.80000000000001,27.080000000000005,False,0.0,29.256635514018697,,,,,,,,False,False,False,False,
1,after_stackelberg,OREO VANILLA 110.4/105G,2,time_urgency,MM DA NANG,MM AN PHU,99.87999999999997,61.927999999999976,False,0.0,62.716653700656806,,,,,,,,False,False,False,False,
1,after_stackelberg,OREO VANILLA 110.4/105G,2,time_urgency,MM HIEP PHU,MM AN PHU,99.87999999999997,61.927999999999976,False,0.0,63.665694788151455,,,,,,,,False,False,False,False,
1,after_stackelberg,OREO VANILLA 110.4/105G,2,negative_reduced_cost,MM BINH PHU,MM AN PHU,41.80000000000001,27.080000000000005,False,0.0,29.256635514018697,,,,,,,,False,False,False,False,
1,after_stackelberg,OREO VANILLA 110.4/105G,2,negative_reduced_cost,MM DA NANG,MM AN PHU,99.87999999999997,61.927999999999976,False,0.0,62.716653700656806,,,,,,,,False,False,False,False,
1,after_stackelberg,OREO VANILLA 110.4/105G,2,negative_reduced_cost,MM HIEP PHU,MM AN PHU,99.87999999999997,61.927999999999976,False,0.0,63.665694788151455,,,,,,,,False,False,False,False,
1,after_stackelberg,OREO VANILLA 110.4/105G,3,shortage_ratio,MM BINH PHU,MM AN PHU,45.80000000000001,29.480000000000008,False,0.0,31.658632478632484,,,,,,,,False,False,False,False,
1,after_stackelberg,OREO VANILLA 110.4/105G,3,shortage_ratio,MM DA NANG,MM AN PHU,185.60799999999995,113.36479999999996,False,0.0,114.82266091402413,,,,,,,,False,False,False,False,
1,after_stackelberg,OREO VANILLA 110.4/105G,3,shortage_ratio,MM HIEP PHU,MM AN PHU,123.0,75.8,False,0.0,77.99193548387096,,,,,,,,False,False,False,False,
1,after_stackelberg,OREO VANILLA 110.4/105G,3,surplus_ratio,MM DA NANG,MM AN PHU,185.60799999999995,113.36479999999996,False,0.0,114.82266091402413,,,,,,,,False,False,False,False,
1,after_stackelberg,OREO VANILLA 110.4/105G,3,surplus_ratio,MM HIEP PHU,MM AN PHU,123.0,75.8,False,0.0,77.99193548387096,,,,,,,,False,False,False,False,
1,after_stackelberg,OREO VANILLA 110.4/105G,3,surplus_ratio,MM BINH PHU,MM AN PHU,45.80000000000001,29.480000000000008,False,0.0,31.658632478632484,,,,,,,,False,False,False,False,
1,after_stackelberg,OREO VANILLA 110.4/105G,3,time_urgency,MM BINH PHU,MM AN PHU,45.80000000000001,29.480000000000008,False,0.0,31.658632478632484,,,,,,,,False,False,False,False,
1,after_stackelberg,OREO VANILLA 110.4/105G,3,time_urgency,MM DA NANG,MM AN PHU,185.60799999999995,113.36479999999996,False,0.0,114.82266091402413,,,,,,,,False,False,False,False,
1,after_stackelberg,OREO VANILLA 110.4/105G,3,time_urgency,MM HIEP PHU,MM AN PHU,123.0,75.8,False,0.0,77.99193548387096,,,,,,,,False,False,False,False,
1,after_stackelberg,OREO VANILLA 110.4/105G,3,negative_reduced_cost,MM BINH PHU,MM AN PHU,45.80000000000001,29.480000000000008,False,0.0,31.658632478632484,,,,,,,,False,False,False,False,
1,after_stackelberg,OREO VANILLA 110.4/105G,3,negative_reduced_cost,MM DA NANG,MM AN PHU,185.60799999999995,113.36479999999996,False,0.0,114.82266091402413,,,,,,,,False,False,False,False,
1,after_stackelberg,OREO VANILLA 110.4/105G,3,negative_reduced_cost,MM HIEP PHU,MM AN PHU,123.0,75.8,False,0.0,77.99193548387096,,,,,,,,False,False,False,False,
1,after_stackelberg,OREO VANILLA 110.4/105G,4,shortage_ratio,MM BINH PHU,MM AN PHU,32.80000000000001,21.680000000000007,False,0.0,23.850414201183437,,,,,,,,False,False,False,False,
1,after_stackelberg,OREO VANILLA 110.4/105G,4,shortage_ratio,MM DA NANG,MM AN PHU,279.06399999999996,169.43839999999997,False,0.0,171.63482938756852,,,,,,,,False,False,False,False,
1,after_stackelberg,OREO VANILLA 110.4/105G,4,shortage_ratio,MM HIEP PHU,MM AN PHU,115.0,71.0,False,0.0,73.19137931034483,,,,,,,,False,False,False,False,
1,after_stackelberg,OREO VANILLA 110.4/105G,4,surplus_ratio,MM DA NANG,MM AN PHU,279.06399999999996,169.43839999999997,False,0.0,171.63482938756852,,,,,,,,False,False,False,False,
1,after_stackelberg,OREO VANILLA 110.4/105G,4,surplus_ratio,MM HIEP PHU,MM AN PHU,115.0,71.0,False,0.0,73.19137931034483,,,,,,,,False,False,False,False,
1,after_stackelberg,OREO VANILLA 110.4/105G,4,surplus_ratio,MM BINH PHU,MM AN PHU,32.80000000000001,21.680000000000007,False,0.0,23.850414201183437,,,,,,,,False,False,False,False,
1,after_stackelberg,OREO VANILLA 110.4/105G,4,time_urgency,MM BINH PHU,MM AN PHU,32.80000000000001,21.680000000000007,False,0.0,23.850414201183437,,,,,,,,False,False,False,False,
1,after_stackelberg,OREO VANILLA 110.4/105G,4,time_urgency,MM DA NANG,MM AN PHU,279.06399999999996,169.43839999999997,False,0.0,171.63482938756852,,,,,,,,False,False,False,False,
1,after_stackelberg,OREO VANILLA 110.4/105G,4,time_urgency,MM HIEP PHU,MM AN PHU,115.0,71.0,False,0.0,73.19137931034483,,,,,,,,False,False,False,False,
1,after_stackelberg,OREO VANILLA 110.4/105G,4,negative_reduced_cost,MM BINH PHU,MM AN PHU,32.80000000000001,21.680000000000007,False,0.0,23.850414201183437,,,,,,,,False,False,False,False,
1,after_stackelberg,OREO VANILLA 110.4/105G,4,negative_reduced_cost,MM DA NANG,MM AN PHU,279.06399999999996,169.43839999999997,False,0.0,171.63482938756852,,,,,,,,False,False,False,False,
1,after_stackelberg,OREO VANILLA 110.4/105G,4,negative_reduced_cost,MM HIEP PHU,MM AN PHU,115.0,71.0,False,0.0,73.19137931034483,,,,,,,,False,False,False,False,
1,after_stackelberg,OREO VANILLA 110.4/105G,5,shortage_ratio,MM BINH PHU,MM AN PHU,40.80000000000001,26.480000000000008,False,0.0,28.65607655502393,,,,,,,,False,False,False,False,
1,after_stackelberg,OREO VANILLA 110.4/105G,5,shortage_ratio,MM HIEP PHU,MM AN PHU,120.26400000000001,74.1584,False,0.0,76.35015352948938,,,,,,,,False,False,False,False,
1,after_stackelberg,OREO VANILLA 110.4/105G,5,shortage_ratio,MM BINH PHU,MM DA NANG,38.656000000000034,25.19360000000002,False,0.0,27.255325865465828,,,,,,,,False,False,False,False,
1,after_stackelberg,OREO VANILLA 110.4/105G,5,shortage_ratio,MM HIEP PHU,MM DA NANG,38.656000000000034,25.19360000000002,False,0.0,25.89808699890195,,,,,,,,False,False,False,False,
1,after_stackelberg,OREO VANILLA 110.4/105G,5,surplus_ratio,MM HIEP PHU,MM AN PHU,120.26400000000001,74.1584,False,0.0,76.35015352948938,,,,,,,,False,False,False,False,
1,after_stackelberg,OREO VANILLA 110.4/105G,5,surplus_ratio,MM HIEP PHU,MM DA NANG,38.656000000000034,25.19360000000002,False,0.0,25.89808699890195,,,,,,,,False,False,False,False,
1,after_stackelberg,OREO VANILLA 110.4/105G,5,surplus_ratio,MM BINH PHU,MM AN PHU,40.80000000000001,26.480000000000008,False,0.0,28.65607655502393,,,,,,,,False,False,False,False,
1,after_stackelberg,OREO VANILLA 110.4/105G,5,surplus_ratio,MM BINH PHU,MM DA NANG,38.656000000000034,25.19360000000002,False,0.0,27.255325865465828,,,,,,,,False,False,False,False,
1,after_stackelberg,OREO VANILLA 110.4/105G,5,time_urgency,MM BINH PHU,MM AN PHU,40.80000000000001,26.480000000000008,False,0.0,28.65607655502393,,,,,,,,False,False,False,False,
1,after_stackelberg,OREO VANILLA 110.4/105G,5,time_urgency,MM HIEP PHU,MM AN PHU,120.26400000000001,74.1584,False,0.0,76.35015352948938,,,,,,,,False,False,False,False,
1,after_stackelberg,OREO VANILLA 110.4/105G,5,time_urgency,MM BINH PHU,MM DA NANG,38.656000000000034,25.19360000000002,False,0.0,27.255325865465828,,,,,,,,False,False,False,False,
1,after_stackelberg,OREO VANILLA 110.4/105G,5,time_urgency,MM HIEP PHU,MM DA NANG,38.656000000000034,25.19360000000002,False,0.0,25.89808699890195,,,,,,,,False,False,False,False,
1,after_stackelberg,OREO VANILLA 110.4/105G,5,negative_reduced_cost,MM BINH PHU,MM AN PHU,40.80000000000001,26.480000000000008,False,0.0,28.65607655502393,,,,,,,,False,False,False,False,
1,after_stackelberg,OREO VANILLA 110.4/105G,5,negative_reduced_cost,MM BINH PHU,MM DA NANG,38.656000000000034,25.19360000000002,False,0.0,27.255325865465828,,,,,,,,False,False,False,False,
1,after_stackelberg,OREO VANILLA 110.4/105G,5,negative_reduced_cost,MM HIEP PHU,MM AN PHU,120.26400000000001,74.1584,False,0.0,76.35015352948938,,,,,,,,False,False,False,False,
1,after_stackelberg,OREO VANILLA 110.4/105G,5,negative_reduced_cost,MM HIEP PHU,MM DA NANG,38.656000000000034,25.19360000000002,False,0.0,25.89808699890195,,,,,,,,False,False,False,False,
1,after_stackelberg,OREO VANILLA 110.4/105G,6,shortage_ratio,MM BINH PHU,MM AN PHU,23.80000000000001,16.28000000000001,False,0.0,18.439677419354847,,,,,,,,False,False,False,False,
1,after_stackelberg,OREO VANILLA 110.4/105G,6,shortage_ratio,MM DA NANG,MM AN PHU,29.04,19.424,False,0.0,20.220177041196308,,,,,,,,False,False,False,False,
1,after_stackelberg,OREO VANILLA 110.4/105G,6,shortage_ratio,MM HIEP PHU,MM AN PHU,29.04,19.424,False,0.0,19.94686418646128,,,,,,,,False,False,False,False,
1,after_stackelberg,OREO VANILLA 110.4/105G,6,surplus_ratio,MM HIEP PHU,MM AN PHU,29.04,19.424,False,0.0,19.94686418646128,,,,,,,,False,False,False,False,
1,after_stackelberg,OREO VANILLA 110.4/105G,6,surplus_ratio,MM DA NANG,MM AN PHU,29.04,19.424,False,0.0,20.220177041196308,,,,,,,,False,False,False,False,
1,after_stackelberg,OREO VANILLA 110.4/105G,6,surplus_ratio,MM BINH PHU,MM AN PHU,23.80000000000001,16.28000000000001,False,0.0,18.439677419354847,,,,,,,,False,False,False,False,
1,after_stackelberg,OREO VANILLA 110.4/105G,6,time_urgency,MM BINH PHU,MM AN PHU,23.80000000000001,16.28000000000001,False,0.0,18.439677419354847,,,,,,,,False,False,False,False,
1,after_stackelberg,OREO VANILLA 110.4/105G,6,time_urgency,MM DA NANG,MM AN PHU,29.04,19.424,False,0.0,20.220177041196308,,,,,,,,False,False,False,False,
1,after_stackelberg,OREO VANILLA 110.4/105G,6,time_urgency,MM HIEP PHU,MM AN PHU,29.04,19.424,False,0.0,19.94686418646128,,,,,,,,False,False,False,False,
1,after_stackelberg,OREO VANILLA 110.4/105G,6,negative_reduced_cost,MM BINH PHU,MM AN PHU,23.80000000000001,16.28000000000001,False,0.0,18.439677419354847,,,,,,,,False,False,False,False,
1,after_stackelberg,OREO VANILLA 110.4/105G,6,negative_reduced_cost,MM DA NANG,MM AN PHU,29.04,19.424,False,0.0,20.220177041196308,,,,,,,,False,False,False,False,
1,after_stackelberg,OREO VANILLA 110.4/105G,6,negative_reduced_cost,MM HIEP PHU,MM AN PHU,29.04,19.424,False,0.0,19.94686418646128,,,,,,,,False,False,False,False,
1,after_stackelberg,OREO VANILLA 110.4/105G,7,shortage_ratio,MM BINH PHU,MM AN PHU,5.800000000000011,5.480000000000007,False,0.0,7.532941176470596,,,,,,,,False,False,False,False,
1,after_stackelberg,OREO VANILLA 110.4/105G,7,shortage_ratio,MM DA NANG,MM AN PHU,45.04,29.023999999999997,False,0.0,30.22077923312671,,,,,,,,False,False,False,False,
1,after_stackelberg,OREO VANILLA 110.4/105G,7,shortage_ratio,MM HIEP PHU,MM AN PHU,45.04,29.023999999999997,False,0.0,29.844832326949057,,,,,,,,False,False,False,False,
1,after_stackelberg,OREO VANILLA 110.4/105G,7,surplus_ratio,MM HIEP PHU,MM AN PHU,45.04,29.023999999999997,False,0.0,29.844832326949057,,,,,,,,False,False,False,False,
1,after_stackelberg,OREO VANILLA 110.4/105G,7,surplus_ratio,MM DA NANG,MM AN PHU,45.04,29.023999999999997,False,0.0,30.22077923312671,,,,,,,,False,False,False,False,
1,after_stackelberg,OREO VANILLA 110.4/105G,7,surplus_ratio,MM BINH PHU,MM AN PHU,5.800000000000011,5.480000000000007,False,0.0,7.532941176470596,,,,,,,,False,False,False,False,
1,after_stackelberg,OREO VANILLA 110.4/105G,7,time_urgency,MM BINH PHU,MM AN PHU,5.800000000000011,5.480000000000007,False,0.0,7.532941176470596,,,,,,,,False,False,False,False,
1,after_stackelberg,OREO VANILLA 110.4/105G,7,time_urgency,MM DA NANG,MM AN PHU,45.04,29.023999999999997,False,0.0,30.22077923312671,,,,,,,,False,False,False,False,
1,after_stackelberg,OREO VANILLA 110.4/105G,7,time_urgency,MM HIEP PHU,MM AN PHU,45.04,29.023999999999997,False,0.0,29.844832326949057,,,,,,,,False,False,False,False,
1,after_stackelberg,OREO VANILLA 110.4/105G,7,negative_reduced_cost,MM BINH PHU,MM AN PHU,5.800000000000011,5.480000000000007,False,0.0,7.532941176470596,,,,,,,,False,False,False,False,
1,after_stackelberg,OREO VANILLA 110.4/105G,7,negative_reduced_cost,MM DA NANG,MM AN PHU,45.04,29.023999999999997,False,0.0,30.22077923312671,,,,,,,,False,False,False,False,
1,after_stackelberg,OREO VANILLA 110.4/105G,7,negative_reduced_cost,MM HIEP PHU,MM AN PHU,45.04,29.023999999999997,False,0.0,29.844832326949057,,,,,,,,False,False,False,False,
1,after_stackelberg,OREO CHOCOLATE 110.4/105G,2,shortage_ratio,MM BINH PHU,MM AN PHU,3.896034998189144,0.4415860007243424,False,0.0,6.333374092923259,,,,,,,,False,False,False,False,
1,after_stackelberg,OREO CHOCOLATE 110.4/105G,2,shortage_ratio,MM BINH PHU,MM DA NANG,2.3623153040246905,1.0550738783901235,False,0.0,4.6274907547120945,,,,,,,,False,False,False,False,
1,after_stackelberg,OREO CHOCOLATE 110.4/105G,2,shortage_ratio,MM AN PHU,MM DA NANG,2.3623153040246905,1.4643108437584822,False,0.0,3.640978512384422,,,,,,,,False,False,False,False,
1,after_stackelberg,OREO CHOCOLATE 110.4/105G,2,surplus_ratio,MM BINH PHU,MM AN PHU,3.896034998189144,0.4415860007243424,False,0.0,6.333374092923259,,,,,,,,False,False,False,False,
1,after_stackelberg,OREO CHOCOLATE 110.4/105G,2,surplus_ratio,MM BINH PHU,MM DA NANG,2.3623153040246905,1.0550738783901235,False,0.0,4.6274907547120945,,,,,,,,False,False,False,False,
1,after_stackelberg,OREO CHOCOLATE 110.4/105G,2,surplus_ratio,MM AN PHU,MM DA NANG,2.3623153040246905,1.4643108437584822,False,0.0,3.640978512384422,,,,,,,,False,False,False,False,
1,after_stackelberg,OREO CHOCOLATE 110.4/105G,2,time_urgency,MM BINH PHU,MM AN PHU,3.896034998189144,0.4415860007243424,False,0.0,6.333374092923259,,,,,,,,False,False,False,False,
1,after_stackelberg,OREO CHOCOLATE 110.4/105G,2,time_urgency,MM BINH PHU,MM DA NANG,2.3623153040246905,1.0550738783901235,False,0.0,4.6274907547120945,,,,,,,,False,False,False,False,
1,after_stackelberg,OREO CHOCOLATE 110.4/105G,2,time_urgency,MM AN PHU,MM DA NANG,2.3623153040246905,1.4643108437584822,False,0.0,3.640978512384422,,,,,,,,False,False,False,False,
1,after_stackelberg,OREO CHOCOLATE 110.4/105G,2,negative_reduced_cost,MM BINH PHU,MM AN PHU,3.896034998189144,0.4415860007243424,False,0.0,6.333374092923259,,,,,,,,False,False,False,False,
1,after_stackelberg,OREO CHOCOLATE 110.4/105G,2,negative_reduced_cost,MM BINH PHU,MM DA NANG,2.3623153040246905,1.0550738783901235,False,0.0,4.6274907547120945,,,,,,,,False,False,False,False,
1,after_stackelberg,OREO CHOCOLATE 110.4/105G,2,negative_reduced_cost,MM AN PHU,MM DA NANG,2.3623153040246905,1.4643108437584822,False,0.0,3.640978512384422,,,,,,,,False,False,False,False,
1,after_stackelberg,OREO CHOCOLATE 110.4/105G,5,shortage_ratio,MM BINH PHU,MM AN PHU,0.8547819898831772,0.23782943295346115,False,0.0,4.173722272375539,,,,,,,,False,False,False,False,
1,after_stackelberg,OREO CHOCOLATE 110.4/105G,5,shortage_ratio,MM BINH PHU,MM DA NANG,0.8547819898831772,0.23782943295346115,False,0.0,4.173722272375539,,,,,,,,False,False,False,False,
1,after_stackelberg,OREO CHOCOLATE 110.4/105G,5,surplus_ratio,MM BINH PHU,MM AN PHU,0.8547819898831772,0.23782943295346115,False,0.0,4.173722272375539,,,,,,,,False,False,False,False,
1,after_stackelberg,OREO CHOCOLATE 110.4/105G,5,surplus_ratio,MM BINH PHU,MM DA NANG,0.8547819898831772,0.23782943295346115,False,0.0,4.173722272375539,,,,,,,,False,False,False,False,
1,after_stackelberg,OREO CHOCOLATE 110.4/105G,5,time_urgency,MM BINH PHU,MM AN PHU,0.8547819898831772,0.23782943295346115,False,0.0,4.173722272375539,,,,,,,,False,False,False,False,
1,after_stackelberg,OREO CHOCOLATE 110.4/105G,5,time_urgency,MM BINH PHU,MM DA NANG,0.8547819898831772,0.23782943295346115,False,0.0,4.173722272375539,,,,,,,,False,False,False,False,
1,after_stackelberg,OREO CHOCOLATE 110.4/105G,5,negative_reduced_cost,MM BINH PHU,MM AN PHU,0.8547819898831772,0.23782943295346115,False,0.0,4.173722272375539,,,,,,,,False,False,False,False,
1,after_stackelberg,OREO CHOCOLATE 110.4/105G,5,negative_reduced_cost,MM BINH PHU,MM DA NANG,0.8547819898831772,0.23782943295346115,False,0.0,4.173722272375539,,,,,,,,False,False,False,False,
1,after_stackelberg,OREO CHOCOLATE 110.4/105G,6,shortage_ratio,MM DA NANG,MM AN PHU,1.7553673581589813,-1436.3480132754694,False,0.0,4.890292402033918,,,,,,,,False,False,False,False,
1,after_stackelberg,OREO CHOCOLATE 110.4/105G,6,shortage_ratio,MM DA NANG,MM BINH PHU,1.7553673581589813,1.2978530567364075,False,0.0,4.890292402033918,,,,,,,,False,False,False,False,
1,stackelberg_pricing_fallback,OREO CHOCOLATE 110.4/105G,6,shortage_ratio,MM DA NANG,MM AN PHU,1.7553673581589813,-1436.3480132754694,False,0.1,4.890292402033918,,,,,,,,False,False,False,False,
1,after_stackelberg,OREO CHOCOLATE 110.4/105G,6,surplus_ratio,MM DA NANG,MM AN PHU,1.7553673581589813,-1436.3480132754694,False,0.0,4.890292402033918,,,,,,,,False,False,False,False,
1,after_stackelberg,OREO CHOCOLATE 110.4/105G,6,surplus_ratio,MM DA NANG,MM BINH PHU,1.7553673581589813,1.2978530567364075,False,0.0,4.890292402033918,,,,,,,,False,False,False,False,
1,stackelberg_pricing_fallback,OREO CHOCOLATE 110.4/105G,6,surplus_ratio,MM DA NANG,MM AN PHU,1.7553673581589813,-1436.3480132754694,False,0.1,4.890292402033918,,,,,,,,False,False,False,False,
1,after_stackelberg,OREO CHOCOLATE 110.4/105G,6,time_urgency,MM DA NANG,MM AN PHU,1.7553673581589813,-1436.3480132754694,False,0.0,4.890292402033918,,,,,,,,False,False,False,False,
1,after_stackelberg,OREO CHOCOLATE 110.4/105G,6,time_urgency,MM DA NANG,MM BINH PHU,1.7553673581589813,1.2978530567364075,False,0.0,4.890292402033918,,,,,,,,False,False,False,False,
1,stackelberg_pricing_fallback,OREO CHOCOLATE 110.4/105G,6,time_urgency,MM DA NANG,MM AN PHU,1.7553673581589813,-1436.3480132754694,False,0.1,4.890292402033918,,,,,,,,False,False,False,False,
1,after_stackelberg,OREO CHOCOLATE 110.4/105G,6,negative_reduced_cost,MM DA NANG,MM AN PHU,1.7553673581589813,-1436.3480132754694,False,0.0,4.890292402033918,,,,,,,,False,False,False,False,
1,after_stackelberg,OREO CHOCOLATE 110.4/105G,6,negative_reduced_cost,MM DA NANG,MM BINH PHU,1.7553673581589813,1.2978530567364075,False,0.0,4.890292402033918,,,,,,,,False,False,False,False,
1,stackelberg_pricing_fallback,OREO CHOCOLATE 110.4/105G,6,negative_reduced_cost,MM DA NANG,MM AN PHU,1.7553673581589813,-1436.3480132754694,False,0.1,4.890292402033918,,,,,,,,False,False,False,False,
1,pricing_dedup_rejected_before_gnn,OREO CHOCOLATE 110.4/105G,6,surplus_ratio,MM DA NANG,MM AN PHU,1.7553673581589813,,,0.1,4.890292,PRICED_E1_surplus_ratio_OREO CHOCOLATE 110.4/105G_T6_1,-1436.348013,,,,,,False,True,False,False,"('OREO CHOCOLATE 110.4/105G', 6, (('MM DA NANG', 'MM AN PHU', 1.755367),))"
1,pricing_dedup_rejected_before_gnn,OREO CHOCOLATE 110.4/105G,6,time_urgency,MM DA NANG,MM AN PHU,1.7553673581589813,,,0.1,4.890292,PRICED_E1_time_urgency_OREO CHOCOLATE 110.4/105G_T6_1,-1436.348013,,,,,,False,True,False,False,"('OREO CHOCOLATE 110.4/105G', 6, (('MM DA NANG', 'MM AN PHU', 1.755367),))"
1,pricing_dedup_rejected_before_gnn,OREO CHOCOLATE 110.4/105G,6,negative_reduced_cost,MM DA NANG,MM AN PHU,1.7553673581589813,,,0.1,4.890292,PRICED_E1_negative_reduced_cost_OREO CHOCOLATE 110.4/105G_T6_1,-1436.348013,,,,,,False,True,False,False,"('OREO CHOCOLATE 110.4/105G', 6, (('MM DA NANG', 'MM AN PHU', 1.755367),))"
1,teacher_full_batch_recorded_before_rmp,OREO CHOCOLATE 110.4/105G,6,shortage_ratio,MM DA NANG,MM AN PHU,1.7553673581589813,,,0.1,4.890292,PRICED_E1_shortage_ratio_OREO CHOCOLATE 110.4/105G_T6_1,-1436.348013,,,False,False,1.0,False,False,False,False,"(('MM DA NANG', 'MM AN PHU', 1.755367),)"
1,add_patterns_rejected,OREO CHOCOLATE 110.4/105G,6,shortage_ratio,MM DA NANG,MM AN PHU,1.7553673581589813,,,0.1,4.890292,PRICED_E1_shortage_ratio_OREO CHOCOLATE 110.4/105G_T6_1,-1436.348013,,,False,False,1.0,True,False,False,False,"('OREO CHOCOLATE 110.4/105G', 6, (('MM DA NANG', 'MM AN PHU', 1.755367),))"
1,after_stackelberg,OREO CHOCOLATE 110.4/105G,2,shortage_ratio,MM BINH PHU,MM AN PHU,3.896034998189144,0.4415860007243424,False,0.0,6.333374092923259,,,,,,,,False,False,False,False,
1,after_stackelberg,OREO CHOCOLATE 110.4/105G,2,shortage_ratio,MM BINH PHU,MM DA NANG,2.3623153040246905,1.0550738783901235,False,0.0,4.6274907547120945,,,,,,,,False,False,False,False,
1,after_stackelberg,OREO CHOCOLATE 110.4/105G,2,shortage_ratio,MM AN PHU,MM DA NANG,2.3623153040246905,1.4643108437584822,False,0.0,3.640978512384422,,,,,,,,False,False,False,False,
1,after_stackelberg,OREO CHOCOLATE 110.4/105G,2,surplus_ratio,MM BINH PHU,MM AN PHU,3.896034998189144,0.4415860007243424,False,0.0,6.333374092923259,,,,,,,,False,False,False,False,
1,after_stackelberg,OREO CHOCOLATE 110.4/105G,2,surplus_ratio,MM BINH PHU,MM DA NANG,2.3623153040246905,1.0550738783901235,False,0.0,4.6274907547120945,,,,,,,,False,False,False,False,
1,after_stackelberg,OREO CHOCOLATE 110.4/105G,2,surplus_ratio,MM AN PHU,MM DA NANG,2.3623153040246905,1.4643108437584822,False,0.0,3.640978512384422,,,,,,,,False,False,False,False,
1,after_stackelberg,OREO CHOCOLATE 110.4/105G,2,time_urgency,MM BINH PHU,MM AN PHU,3.896034998189144,0.4415860007243424,False,0.0,6.333374092923259,,,,,,,,False,False,False,False,
1,after_stackelberg,OREO CHOCOLATE 110.4/105G,2,time_urgency,MM BINH PHU,MM DA NANG,2.3623153040246905,1.0550738783901235,False,0.0,4.6274907547120945,,,,,,,,False,False,False,False,
1,after_stackelberg,OREO CHOCOLATE 110.4/105G,2,time_urgency,MM AN PHU,MM DA NANG,2.3623153040246905,1.4643108437584822,False,0.0,3.640978512384422,,,,,,,,False,False,False,False,
1,after_stackelberg,OREO CHOCOLATE 110.4/105G,2,negative_reduced_cost,MM BINH PHU,MM AN PHU,3.896034998189144,0.4415860007243424,False,0.0,6.333374092923259,,,,,,,,False,False,False,False,
1,after_stackelberg,OREO CHOCOLATE 110.4/105G,2,negative_reduced_cost,MM BINH PHU,MM DA NANG,2.3623153040246905,1.0550738783901235,False,0.0,4.6274907547120945,,,,,,,,False,False,False,False,
1,after_stackelberg,OREO CHOCOLATE 110.4/105G,2,negative_reduced_cost,MM AN PHU,MM DA NANG,2.3623153040246905,1.4643108437584822,False,0.0,3.640978512384422,,,,,,,,False,False,False,False,
1,after_stackelberg,OREO CHOCOLATE 110.4/105G,5,shortage_ratio,MM BINH PHU,MM AN PHU,0.8547819898831772,0.23782943295346115,False,0.0,4.173722272375539,,,,,,,,False,False,False,False,
1,after_stackelberg,OREO CHOCOLATE 110.4/105G,5,shortage_ratio,MM BINH PHU,MM DA NANG,0.8547819898831772,0.23782943295346115,False,0.0,4.173722272375539,,,,,,,,False,False,False,False,
1,after_stackelberg,OREO CHOCOLATE 110.4/105G,5,surplus_ratio,MM BINH PHU,MM AN PHU,0.8547819898831772,0.23782943295346115,False,0.0,4.173722272375539,,,,,,,,False,False,False,False,
1,after_stackelberg,OREO CHOCOLATE 110.4/105G,5,surplus_ratio,MM BINH PHU,MM DA NANG,0.8547819898831772,0.23782943295346115,False,0.0,4.173722272375539,,,,,,,,False,False,False,False,
1,after_stackelberg,OREO CHOCOLATE 110.4/105G,5,time_urgency,MM BINH PHU,MM AN PHU,0.8547819898831772,0.23782943295346115,False,0.0,4.173722272375539,,,,,,,,False,False,False,False,
1,after_stackelberg,OREO CHOCOLATE 110.4/105G,5,time_urgency,MM BINH PHU,MM DA NANG,0.8547819898831772,0.23782943295346115,False,0.0,4.173722272375539,,,,,,,,False,False,False,False,
1,after_stackelberg,OREO CHOCOLATE 110.4/105G,5,negative_reduced_cost,MM BINH PHU,MM AN PHU,0.8547819898831772,0.23782943295346115,False,0.0,4.173722272375539,,,,,,,,False,False,False,False,
1,after_stackelberg,OREO CHOCOLATE 110.4/105G,5,negative_reduced_cost,MM BINH PHU,MM DA NANG,0.8547819898831772,0.23782943295346115,False,0.0,4.173722272375539,,,,,,,,False,False,False,False,
1,after_stackelberg,OREO CHOCOLATE 110.4/105G,6,shortage_ratio,MM DA NANG,MM AN PHU,1.7553673581589813,-1436.3480132754694,False,0.0,4.890292402033918,,,,,,,,False,False,False,False,
1,after_stackelberg,OREO CHOCOLATE 110.4/105G,6,shortage_ratio,MM DA NANG,MM BINH PHU,1.7553673581589813,1.2978530567364075,False,0.0,4.890292402033918,,,,,,,,False,False,False,False,
1,stackelberg_pricing_fallback,OREO CHOCOLATE 110.4/105G,6,shortage_ratio,MM DA NANG,MM AN PHU,1.7553673581589813,-1436.3480132754694,False,0.1,4.890292402033918,,,,,,,,False,False,False,False,
1,after_stackelberg,OREO CHOCOLATE 110.4/105G,6,surplus_ratio,MM DA NANG,MM AN PHU,1.7553673581589813,-1436.3480132754694,False,0.0,4.890292402033918,,,,,,,,False,False,False,False,
1,after_stackelberg,OREO CHOCOLATE 110.4/105G,6,surplus_ratio,MM DA NANG,MM BINH PHU,1.7553673581589813,1.2978530567364075,False,0.0,4.890292402033918,,,,,,,,False,False,False,False,
1,stackelberg_pricing_fallback,OREO CHOCOLATE 110.4/105G,6,surplus_ratio,MM DA NANG,MM AN PHU,1.7553673581589813,-1436.3480132754694,False,0.1,4.890292402033918,,,,,,,,False,False,False,False,
1,after_stackelberg,OREO CHOCOLATE 110.4/105G,6,time_urgency,MM DA NANG,MM AN PHU,1.7553673581589813,-1436.3480132754694,False,0.0,4.890292402033918,,,,,,,,False,False,False,False,
1,after_stackelberg,OREO CHOCOLATE 110.4/105G,6,time_urgency,MM DA NANG,MM BINH PHU,1.7553673581589813,1.2978530567364075,False,0.0,4.890292402033918,,,,,,,,False,False,False,False,
1,stackelberg_pricing_fallback,OREO CHOCOLATE 110.4/105G,6,time_urgency,MM DA NANG,MM AN PHU,1.7553673581589813,-1436.3480132754694,False,0.1,4.890292402033918,,,,,,,,False,False,False,False,
1,after_stackelberg,OREO CHOCOLATE 110.4/105G,6,negative_reduced_cost,MM DA NANG,MM AN PHU,1.7553673581589813,-1436.3480132754694,False,0.0,4.890292402033918,,,,,,,,False,False,False,False,
1,after_stackelberg,OREO CHOCOLATE 110.4/105G,6,negative_reduced_cost,MM DA NANG,MM BINH PHU,1.7553673581589813,1.2978530567364075,False,0.0,4.890292402033918,,,,,,,,False,False,False,False,
1,stackelberg_pricing_fallback,OREO CHOCOLATE 110.4/105G,6,negative_reduced_cost,MM DA NANG,MM AN PHU,1.7553673581589813,-1436.3480132754694,False,0.1,4.890292402033918,,,,,,,,False,False,False,False,
1,pricing_dedup_rejected_before_gnn,OREO CHOCOLATE 110.4/105G,6,surplus_ratio,MM DA NANG,MM AN PHU,1.7553673581589813,,,0.1,4.890292,PRICED_E1_surplus_ratio_OREO CHOCOLATE 110.4/105G_T6_1,-1436.348013,,,,,,False,True,False,False,"('OREO CHOCOLATE 110.4/105G', 6, (('MM DA NANG', 'MM AN PHU', 1.755367),))"
1,pricing_dedup_rejected_before_gnn,OREO CHOCOLATE 110.4/105G,6,time_urgency,MM DA NANG,MM AN PHU,1.7553673581589813,,,0.1,4.890292,PRICED_E1_time_urgency_OREO CHOCOLATE 110.4/105G_T6_1,-1436.348013,,,,,,False,True,False,False,"('OREO CHOCOLATE 110.4/105G', 6, (('MM DA NANG', 'MM AN PHU', 1.755367),))"
1,pricing_dedup_rejected_before_gnn,OREO CHOCOLATE 110.4/105G,6,negative_reduced_cost,MM DA NANG,MM AN PHU,1.7553673581589813,,,0.1,4.890292,PRICED_E1_negative_reduced_cost_OREO CHOCOLATE 110.4/105G_T6_1,-1436.348013,,,,,,False,True,False,False,"('OREO CHOCOLATE 110.4/105G', 6, (('MM DA NANG', 'MM AN PHU', 1.755367),))"
1,teacher_full_batch_recorded_before_rmp,OREO CHOCOLATE 110.4/105G,6,shortage_ratio,MM DA NANG,MM AN PHU,1.7553673581589813,,,0.1,4.890292,PRICED_E1_shortage_ratio_OREO CHOCOLATE 110.4/105G_T6_1,-1436.348013,,,False,False,1.0,False,False,False,False,"(('MM DA NANG', 'MM AN PHU', 1.755367),)"
1,add_patterns_rejected,OREO CHOCOLATE 110.4/105G,6,shortage_ratio,MM DA NANG,MM AN PHU,1.7553673581589813,,,0.1,4.890292,PRICED_E1_shortage_ratio_OREO CHOCOLATE 110.4/105G_T6_1,-1436.348013,,,False,False,1.0,True,False,False,False,"('OREO CHOCOLATE 110.4/105G', 6, (('MM DA NANG', 'MM AN PHU', 1.755367),))"
1,after_stackelberg,OREO CHOCOLATE 110.4/105G,2,shortage_ratio,MM BINH PHU,MM AN PHU,3.896034998189144,0.4415860007243424,False,0.0,6.333374092923259,,,,,,,,False,False,False,False,
1,after_stackelberg,OREO CHOCOLATE 110.4/105G,2,shortage_ratio,MM BINH PHU,MM DA NANG,2.3623153040246905,1.0550738783901235,False,0.0,4.6274907547120945,,,,,,,,False,False,False,False,
1,after_stackelberg,OREO CHOCOLATE 110.4/105G,2,shortage_ratio,MM AN PHU,MM DA NANG,2.3623153040246905,1.4643108437584822,False,0.0,3.640978512384422,,,,,,,,False,False,False,False,
1,after_stackelberg,OREO CHOCOLATE 110.4/105G,2,surplus_ratio,MM BINH PHU,MM AN PHU,3.896034998189144,0.4415860007243424,False,0.0,6.333374092923259,,,,,,,,False,False,False,False,
1,after_stackelberg,OREO CHOCOLATE 110.4/105G,2,surplus_ratio,MM BINH PHU,MM DA NANG,2.3623153040246905,1.0550738783901235,False,0.0,4.6274907547120945,,,,,,,,False,False,False,False,
1,after_stackelberg,OREO CHOCOLATE 110.4/105G,2,surplus_ratio,MM AN PHU,MM DA NANG,2.3623153040246905,1.4643108437584822,False,0.0,3.640978512384422,,,,,,,,False,False,False,False,
1,after_stackelberg,OREO CHOCOLATE 110.4/105G,2,time_urgency,MM BINH PHU,MM AN PHU,3.896034998189144,0.4415860007243424,False,0.0,6.333374092923259,,,,,,,,False,False,False,False,
1,after_stackelberg,OREO CHOCOLATE 110.4/105G,2,time_urgency,MM BINH PHU,MM DA NANG,2.3623153040246905,1.0550738783901235,False,0.0,4.6274907547120945,,,,,,,,False,False,False,False,
1,after_stackelberg,OREO CHOCOLATE 110.4/105G,2,time_urgency,MM AN PHU,MM DA NANG,2.3623153040246905,1.4643108437584822,False,0.0,3.640978512384422,,,,,,,,False,False,False,False,
1,after_stackelberg,OREO CHOCOLATE 110.4/105G,2,negative_reduced_cost,MM BINH PHU,MM AN PHU,3.896034998189144,0.4415860007243424,False,0.0,6.333374092923259,,,,,,,,False,False,False,False,
1,after_stackelberg,OREO CHOCOLATE 110.4/105G,2,negative_reduced_cost,MM BINH PHU,MM DA NANG,2.3623153040246905,1.0550738783901235,False,0.0,4.6274907547120945,,,,,,,,False,False,False,False,
1,after_stackelberg,OREO CHOCOLATE 110.4/105G,2,negative_reduced_cost,MM AN PHU,MM DA NANG,2.3623153040246905,1.4643108437584822,False,0.0,3.640978512384422,,,,,,,,False,False,False,False,
1,after_stackelberg,OREO CHOCOLATE 110.4/105G,5,shortage_ratio,MM BINH PHU,MM AN PHU,0.8547819898831772,0.23782943295346115,False,0.0,4.173722272375539,,,,,,,,False,False,False,False,
1,after_stackelberg,OREO CHOCOLATE 110.4/105G,5,shortage_ratio,MM BINH PHU,MM DA NANG,0.8547819898831772,0.23782943295346115,False,0.0,4.173722272375539,,,,,,,,False,False,False,False,
1,after_stackelberg,OREO CHOCOLATE 110.4/105G,5,surplus_ratio,MM BINH PHU,MM AN PHU,0.8547819898831772,0.23782943295346115,False,0.0,4.173722272375539,,,,,,,,False,False,False,False,
1,after_stackelberg,OREO CHOCOLATE 110.4/105G,5,surplus_ratio,MM BINH PHU,MM DA NANG,0.8547819898831772,0.23782943295346115,False,0.0,4.173722272375539,,,,,,,,False,False,False,False,
1,after_stackelberg,OREO CHOCOLATE 110.4/105G,5,time_urgency,MM BINH PHU,MM AN PHU,0.8547819898831772,0.23782943295346115,False,0.0,4.173722272375539,,,,,,,,False,False,False,False,
1,after_stackelberg,OREO CHOCOLATE 110.4/105G,5,time_urgency,MM BINH PHU,MM DA NANG,0.8547819898831772,0.23782943295346115,False,0.0,4.173722272375539,,,,,,,,False,False,False,False,
1,after_stackelberg,OREO CHOCOLATE 110.4/105G,5,negative_reduced_cost,MM BINH PHU,MM AN PHU,0.8547819898831772,0.23782943295346115,False,0.0,4.173722272375539,,,,,,,,False,False,False,False,
1,after_stackelberg,OREO CHOCOLATE 110.4/105G,5,negative_reduced_cost,MM BINH PHU,MM DA NANG,0.8547819898831772,0.23782943295346115,False,0.0,4.173722272375539,,,,,,,,False,False,False,False,
1,after_stackelberg,OREO CHOCOLATE 110.4/105G,6,shortage_ratio,MM DA NANG,MM AN PHU,1.7553673581589813,-1436.3480132754694,False,0.0,4.890292402033918,,,,,,,,False,False,False,False,
1,after_stackelberg,OREO CHOCOLATE 110.4/105G,6,shortage_ratio,MM DA NANG,MM BINH PHU,1.7553673581589813,1.2978530567364075,False,0.0,4.890292402033918,,,,,,,,False,False,False,False,
1,stackelberg_pricing_fallback,OREO CHOCOLATE 110.4/105G,6,shortage_ratio,MM DA NANG,MM AN PHU,1.7553673581589813,-1436.3480132754694,False,0.1,4.890292402033918,,,,,,,,False,False,False,False,
1,after_stackelberg,OREO CHOCOLATE 110.4/105G,6,surplus_ratio,MM DA NANG,MM AN PHU,1.7553673581589813,-1436.3480132754694,False,0.0,4.890292402033918,,,,,,,,False,False,False,False,
1,after_stackelberg,OREO CHOCOLATE 110.4/105G,6,surplus_ratio,MM DA NANG,MM BINH PHU,1.7553673581589813,1.2978530567364075,False,0.0,4.890292402033918,,,,,,,,False,False,False,False,
1,stackelberg_pricing_fallback,OREO CHOCOLATE 110.4/105G,6,surplus_ratio,MM DA NANG,MM AN PHU,1.7553673581589813,-1436.3480132754694,False,0.1,4.890292402033918,,,,,,,,False,False,False,False,
1,after_stackelberg,OREO CHOCOLATE 110.4/105G,6,time_urgency,MM DA NANG,MM AN PHU,1.7553673581589813,-1436.3480132754694,False,0.0,4.890292402033918,,,,,,,,False,False,False,False,
1,after_stackelberg,OREO CHOCOLATE 110.4/105G,6,time_urgency,MM DA NANG,MM BINH PHU,1.7553673581589813,1.2978530567364075,False,0.0,4.890292402033918,,,,,,,,False,False,False,False,
1,stackelberg_pricing_fallback,OREO CHOCOLATE 110.4/105G,6,time_urgency,MM DA NANG,MM AN PHU,1.7553673581589813,-1436.3480132754694,False,0.1,4.890292402033918,,,,,,,,False,False,False,False,
1,after_stackelberg,OREO CHOCOLATE 110.4/105G,6,negative_reduced_cost,MM DA NANG,MM AN PHU,1.7553673581589813,-1436.3480132754694,False,0.0,4.890292402033918,,,,,,,,False,False,False,False,
1,after_stackelberg,OREO CHOCOLATE 110.4/105G,6,negative_reduced_cost,MM DA NANG,MM BINH PHU,1.7553673581589813,1.2978530567364075,False,0.0,4.890292402033918,,,,,,,,False,False,False,False,
1,stackelberg_pricing_fallback,OREO CHOCOLATE 110.4/105G,6,negative_reduced_cost,MM DA NANG,MM AN PHU,1.7553673581589813,-1436.3480132754694,False,0.1,4.890292402033918,,,,,,,,False,False,False,False,
1,pricing_dedup_rejected_before_gnn,OREO CHOCOLATE 110.4/105G,6,surplus_ratio,MM DA NANG,MM AN PHU,1.7553673581589813,,,0.1,4.890292,PRICED_E1_surplus_ratio_OREO CHOCOLATE 110.4/105G_T6_1,-1436.348013,,,,,,False,True,False,False,"('OREO CHOCOLATE 110.4/105G', 6, (('MM DA NANG', 'MM AN PHU', 1.755367),))"
1,pricing_dedup_rejected_before_gnn,OREO CHOCOLATE 110.4/105G,6,time_urgency,MM DA NANG,MM AN PHU,1.7553673581589813,,,0.1,4.890292,PRICED_E1_time_urgency_OREO CHOCOLATE 110.4/105G_T6_1,-1436.348013,,,,,,False,True,False,False,"('OREO CHOCOLATE 110.4/105G', 6, (('MM DA NANG', 'MM AN PHU', 1.755367),))"
1,pricing_dedup_rejected_before_gnn,OREO CHOCOLATE 110.4/105G,6,negative_reduced_cost,MM DA NANG,MM AN PHU,1.7553673581589813,,,0.1,4.890292,PRICED_E1_negative_reduced_cost_OREO CHOCOLATE 110.4/105G_T6_1,-1436.348013,,,,,,False,True,False,False,"('OREO CHOCOLATE 110.4/105G', 6, (('MM DA NANG', 'MM AN PHU', 1.755367),))"
1,teacher_full_batch_recorded_before_rmp,OREO CHOCOLATE 110.4/105G,6,shortage_ratio,MM DA NANG,MM AN PHU,1.7553673581589813,,,0.1,4.890292,PRICED_E1_shortage_ratio_OREO CHOCOLATE 110.4/105G_T6_1,-1436.348013,,,False,False,1.0,False,False,False,False,"(('MM DA NANG', 'MM AN PHU', 1.755367),)"
1,add_patterns_rejected,OREO CHOCOLATE 110.4/105G,6,shortage_ratio,MM DA NANG,MM AN PHU,1.7553673581589813,,,0.1,4.890292,PRICED_E1_shortage_ratio_OREO CHOCOLATE 110.4/105G_T6_1,-1436.348013,,,False,False,1.0,True,False,False,False,"('OREO CHOCOLATE 110.4/105G', 6, (('MM DA NANG', 'MM AN PHU', 1.755367),))"
1,after_stackelberg,OREO CHOCOLATE 110.4/105G,1,shortage_ratio,MM AN PHU,MM DA NANG,6.839392502716354,-0.735757001086542,False,0.0,6.6996665811988665,,,,,,,,False,False,False,False,
1,after_stackelberg,OREO CHOCOLATE 110.4/105G,1,shortage_ratio,MM BINH PHU,MM DA NANG,6.839392502716354,-0.735757001086542,False,0.0,6.412922876385784,,,,,,,,False,False,False,False,
1,after_stackelberg,OREO CHOCOLATE 110.4/105G,1,shortage_ratio,MM HIEP PHU,MM DA NANG,6.839392502716354,-0.735757001086542,False,0.0,6.389295993714072,,,,,,,,False,False,False,False,
1,stackelberg_pricing_fallback,OREO CHOCOLATE 110.4/105G,1,shortage_ratio,MM AN PHU,MM DA NANG,6.839392502716354,-0.735757001086542,False,0.1,6.6996665811988665,,,,,,,,False,False,False,False,
1,stackelberg_pricing_fallback,OREO CHOCOLATE 110.4/105G,1,shortage_ratio,MM BINH PHU,MM DA NANG,6.839392502716354,-0.735757001086542,False,0.1,6.412922876385784,,,,,,,,False,False,False,False,
1,stackelberg_pricing_fallback,OREO CHOCOLATE 110.4/105G,1,shortage_ratio,MM HIEP PHU,MM DA NANG,6.839392502716354,-0.735757001086542,False,0.1,6.389295993714072,,,,,,,,False,False,False,False,
1,after_stackelberg,OREO CHOCOLATE 110.4/105G,1,surplus_ratio,MM HIEP PHU,MM DA NANG,6.839392502716354,-0.735757001086542,False,0.0,6.389295993714072,,,,,,,,False,False,False,False,
1,after_stackelberg,OREO CHOCOLATE 110.4/105G,1,surplus_ratio,MM BINH PHU,MM DA NANG,6.839392502716354,-0.735757001086542,False,0.0,6.412922876385784,,,,,,,,False,False,False,False,
1,after_stackelberg,OREO CHOCOLATE 110.4/105G,1,surplus_ratio,MM AN PHU,MM DA NANG,6.839392502716354,-0.735757001086542,False,0.0,6.6996665811988665,,,,,,,,False,False,False,False,
1,stackelberg_pricing_fallback,OREO CHOCOLATE 110.4/105G,1,surplus_ratio,MM HIEP PHU,MM DA NANG,6.839392502716354,-0.735757001086542,False,0.1,6.389295993714072,,,,,,,,False,False,False,False,
1,stackelberg_pricing_fallback,OREO CHOCOLATE 110.4/105G,1,surplus_ratio,MM BINH PHU,MM DA NANG,6.839392502716354,-0.735757001086542,False,0.1,6.412922876385784,,,,,,,,False,False,False,False,
1,stackelberg_pricing_fallback,OREO CHOCOLATE 110.4/105G,1,surplus_ratio,MM AN PHU,MM DA NANG,6.839392502716354,-0.735757001086542,False,0.1,6.6996665811988665,,,,,,,,False,False,False,False,
1,after_stackelberg,OREO CHOCOLATE 110.4/105G,1,time_urgency,MM AN PHU,MM DA NANG,6.839392502716354,-0.735757001086542,False,0.0,6.6996665811988665,,,,,,,,False,False,False,False,
1,after_stackelberg,OREO CHOCOLATE 110.4/105G,1,time_urgency,MM BINH PHU,MM DA NANG,6.839392502716354,-0.735757001086542,False,0.0,6.412922876385784,,,,,,,,False,False,False,False,
1,after_stackelberg,OREO CHOCOLATE 110.4/105G,1,time_urgency,MM HIEP PHU,MM DA NANG,6.839392502716354,-0.735757001086542,False,0.0,6.389295993714072,,,,,,,,False,False,False,False,
1,stackelberg_pricing_fallback,OREO CHOCOLATE 110.4/105G,1,time_urgency,MM AN PHU,MM DA NANG,6.839392502716354,-0.735757001086542,False,0.1,6.6996665811988665,,,,,,,,False,False,False,False,
1,stackelberg_pricing_fallback,OREO CHOCOLATE 110.4/105G,1,time_urgency,MM BINH PHU,MM DA NANG,6.839392502716354,-0.735757001086542,False,0.1,6.412922876385784,,,,,,,,False,False,False,False,
1,stackelberg_pricing_fallback,OREO CHOCOLATE 110.4/105G,1,time_urgency,MM HIEP PHU,MM DA NANG,6.839392502716354,-0.735757001086542,False,0.1,6.389295993714072,,,,,,,,False,False,False,False,
1,after_stackelberg,OREO CHOCOLATE 110.4/105G,1,negative_reduced_cost,MM AN PHU,MM DA NANG,6.839392502716354,-0.735757001086542,False,0.0,6.6996665811988665,,,,,,,,False,False,False,False,
1,after_stackelberg,OREO CHOCOLATE 110.4/105G,1,negative_reduced_cost,MM BINH PHU,MM DA NANG,6.839392502716354,-0.735757001086542,False,0.0,6.412922876385784,,,,,,,,False,False,False,False,
1,after_stackelberg,OREO CHOCOLATE 110.4/105G,1,negative_reduced_cost,MM HIEP PHU,MM DA NANG,6.839392502716354,-0.735757001086542,False,0.0,6.389295993714072,,,,,,,,False,False,False,False,
1,stackelberg_pricing_fallback,OREO CHOCOLATE 110.4/105G,1,negative_reduced_cost,MM AN PHU,MM DA NANG,6.839392502716354,-0.735757001086542,False,0.1,6.6996665811988665,,,,,,,,False,False,False,False,
1,stackelberg_pricing_fallback,OREO CHOCOLATE 110.4/105G,1,negative_reduced_cost,MM BINH PHU,MM DA NANG,6.839392502716354,-0.735757001086542,False,0.1,6.412922876385784,,,,,,,,False,False,False,False,
1,stackelberg_pricing_fallback,OREO CHOCOLATE 110.4/105G,1,negative_reduced_cost,MM HIEP PHU,MM DA NANG,6.839392502716354,-0.735757001086542,False,0.1,6.389295993714072,,,,,,,,False,False,False,False,
1,after_stackelberg,OREO CHOCOLATE 110.4/105G,2,shortage_ratio,MM BINH PHU,MM AN PHU,3.896034998189144,0.4415860007243424,False,0.0,6.333374092923259,,,,,,,,False,False,False,False,
1,after_stackelberg,OREO CHOCOLATE 110.4/105G,2,shortage_ratio,MM BINH PHU,MM DA NANG,2.3623153040246905,1.0550738783901235,False,0.0,4.6274907547120945,,,,,,,,False,False,False,False,
1,after_stackelberg,OREO CHOCOLATE 110.4/105G,2,shortage_ratio,MM AN PHU,MM DA NANG,2.3623153040246905,1.4643108437584822,False,0.0,3.640978512384422,,,,,,,,False,False,False,False,
1,after_stackelberg,OREO CHOCOLATE 110.4/105G,2,surplus_ratio,MM BINH PHU,MM AN PHU,3.896034998189144,0.4415860007243424,False,0.0,6.333374092923259,,,,,,,,False,False,False,False,
1,after_stackelberg,OREO CHOCOLATE 110.4/105G,2,surplus_ratio,MM BINH PHU,MM DA NANG,2.3623153040246905,1.0550738783901235,False,0.0,4.6274907547120945,,,,,,,,False,False,False,False,
1,after_stackelberg,OREO CHOCOLATE 110.4/105G,2,surplus_ratio,MM AN PHU,MM DA NANG,2.3623153040246905,1.4643108437584822,False,0.0,3.640978512384422,,,,,,,,False,False,False,False,
1,after_stackelberg,OREO CHOCOLATE 110.4/105G,2,time_urgency,MM BINH PHU,MM AN PHU,3.896034998189144,0.4415860007243424,False,0.0,6.333374092923259,,,,,,,,False,False,False,False,
1,after_stackelberg,OREO CHOCOLATE 110.4/105G,2,time_urgency,MM BINH PHU,MM DA NANG,2.3623153040246905,1.0550738783901235,False,0.0,4.6274907547120945,,,,,,,,False,False,False,False,
1,after_stackelberg,OREO CHOCOLATE 110.4/105G,2,time_urgency,MM AN PHU,MM DA NANG,2.3623153040246905,1.4643108437584822,False,0.0,3.640978512384422,,,,,,,,False,False,False,False,
1,after_stackelberg,OREO CHOCOLATE 110.4/105G,2,negative_reduced_cost,MM BINH PHU,MM AN PHU,3.896034998189144,0.4415860007243424,False,0.0,6.333374092923259,,,,,,,,False,False,False,False,
1,after_stackelberg,OREO CHOCOLATE 110.4/105G,2,negative_reduced_cost,MM BINH PHU,MM DA NANG,2.3623153040246905,1.0550738783901235,False,0.0,4.6274907547120945,,,,,,,,False,False,False,False,
1,after_stackelberg,OREO CHOCOLATE 110.4/105G,2,negative_reduced_cost,MM AN PHU,MM DA NANG,2.3623153040246905,1.4643108437584822,False,0.0,3.640978512384422,,,,,,,,False,False,False,False,
1,after_stackelberg,OREO CHOCOLATE 110.4/105G,5,shortage_ratio,MM BINH PHU,MM AN PHU,0.8547819898831772,0.23782943295346115,False,0.0,4.173722272375539,,,,,,,,False,False,False,False,
1,after_stackelberg,OREO CHOCOLATE 110.4/105G,5,shortage_ratio,MM BINH PHU,MM DA NANG,0.8547819898831772,0.23782943295346115,False,0.0,4.173722272375539,,,,,,,,False,False,False,False,
1,after_stackelberg,OREO CHOCOLATE 110.4/105G,5,surplus_ratio,MM BINH PHU,MM AN PHU,0.8547819898831772,0.23782943295346115,False,0.0,4.173722272375539,,,,,,,,False,False,False,False,
1,after_stackelberg,OREO CHOCOLATE 110.4/105G,5,surplus_ratio,MM BINH PHU,MM DA NANG,0.8547819898831772,0.23782943295346115,False,0.0,4.173722272375539,,,,,,,,False,False,False,False,
1,after_stackelberg,OREO CHOCOLATE 110.4/105G,5,time_urgency,MM BINH PHU,MM AN PHU,0.8547819898831772,0.23782943295346115,False,0.0,4.173722272375539,,,,,,,,False,False,False,False,
1,after_stackelberg,OREO CHOCOLATE 110.4/105G,5,time_urgency,MM BINH PHU,MM DA NANG,0.8547819898831772,0.23782943295346115,False,0.0,4.173722272375539,,,,,,,,False,False,False,False,
1,after_stackelberg,OREO CHOCOLATE 110.4/105G,5,negative_reduced_cost,MM BINH PHU,MM AN PHU,0.8547819898831772,0.23782943295346115,False,0.0,4.173722272375539,,,,,,,,False,False,False,False,
1,after_stackelberg,OREO CHOCOLATE 110.4/105G,5,negative_reduced_cost,MM BINH PHU,MM DA NANG,0.8547819898831772,0.23782943295346115,False,0.0,4.173722272375539,,,,,,,,False,False,False,False,
1,after_stackelberg,OREO CHOCOLATE 110.4/105G,6,shortage_ratio,MM DA NANG,MM AN PHU,1.7553673581589813,-1436.3480132754694,False,0.0,4.890292402033918,,,,,,,,False,False,False,False,
1,after_stackelberg,OREO CHOCOLATE 110.4/105G,6,shortage_ratio,MM DA NANG,MM BINH PHU,1.7553673581589813,1.2978530567364075,False,0.0,4.890292402033918,,,,,,,,False,False,False,False,
1,stackelberg_pricing_fallback,OREO CHOCOLATE 110.4/105G,6,shortage_ratio,MM DA NANG,MM AN PHU,1.7553673581589813,-1436.3480132754694,False,0.1,4.890292402033918,,,,,,,,False,False,False,False,
1,after_stackelberg,OREO CHOCOLATE 110.4/105G,6,surplus_ratio,MM DA NANG,MM AN PHU,1.7553673581589813,-1436.3480132754694,False,0.0,4.890292402033918,,,,,,,,False,False,False,False,
1,after_stackelberg,OREO CHOCOLATE 110.4/105G,6,surplus_ratio,MM DA NANG,MM BINH PHU,1.7553673581589813,1.2978530567364075,False,0.0,4.890292402033918,,,,,,,,False,False,False,False,
1,stackelberg_pricing_fallback,OREO CHOCOLATE 110.4/105G,6,surplus_ratio,MM DA NANG,MM AN PHU,1.7553673581589813,-1436.3480132754694,False,0.1,4.890292402033918,,,,,,,,False,False,False,False,
1,after_stackelberg,OREO CHOCOLATE 110.4/105G,6,time_urgency,MM DA NANG,MM AN PHU,1.7553673581589813,-1436.3480132754694,False,0.0,4.890292402033918,,,,,,,,False,False,False,False,
1,after_stackelberg,OREO CHOCOLATE 110.4/105G,6,time_urgency,MM DA NANG,MM BINH PHU,1.7553673581589813,1.2978530567364075,False,0.0,4.890292402033918,,,,,,,,False,False,False,False,
1,stackelberg_pricing_fallback,OREO CHOCOLATE 110.4/105G,6,time_urgency,MM DA NANG,MM AN PHU,1.7553673581589813,-1436.3480132754694,False,0.1,4.890292402033918,,,,,,,,False,False,False,False,
1,after_stackelberg,OREO CHOCOLATE 110.4/105G,6,negative_reduced_cost,MM DA NANG,MM AN PHU,1.7553673581589813,-1436.3480132754694,False,0.0,4.890292402033918,,,,,,,,False,False,False,False,
1,after_stackelberg,OREO CHOCOLATE 110.4/105G,6,negative_reduced_cost,MM DA NANG,MM BINH PHU,1.7553673581589813,1.2978530567364075,False,0.0,4.890292402033918,,,,,,,,False,False,False,False,
1,stackelberg_pricing_fallback,OREO CHOCOLATE 110.4/105G,6,negative_reduced_cost,MM DA NANG,MM AN PHU,1.7553673581589813,-1436.3480132754694,False,0.1,4.890292402033918,,,,,,,,False,False,False,False,
1,pricing_dedup_rejected_before_gnn,OREO CHOCOLATE 110.4/105G,1,surplus_ratio,MM HIEP PHU,MM DA NANG,6.839392502716354,,,0.1,6.500628,PRICED_E1_surplus_ratio_OREO CHOCOLATE 110.4/105G_T1_1,-0.735757,,,,,,False,True,False,False,"('OREO CHOCOLATE 110.4/105G', 1, (('MM HIEP PHU', 'MM DA NANG', 6.839393),))"
1,pricing_dedup_rejected_before_gnn,OREO CHOCOLATE 110.4/105G,1,surplus_ratio,MM BINH PHU,MM DA NANG,6.839392502716354,,,0.1,6.500628,PRICED_E1_surplus_ratio_OREO CHOCOLATE 110.4/105G_T1_2,-0.735757,,,,,,False,True,False,False,"('OREO CHOCOLATE 110.4/105G', 1, (('MM BINH PHU', 'MM DA NANG', 6.839393),))"
1,pricing_dedup_rejected_before_gnn,OREO CHOCOLATE 110.4/105G,1,surplus_ratio,MM AN PHU,MM DA NANG,6.839392502716354,,,0.1,6.500628,PRICED_E1_surplus_ratio_OREO CHOCOLATE 110.4/105G_T1_3,-0.735757,,,,,,False,True,False,False,"('OREO CHOCOLATE 110.4/105G', 1, (('MM AN PHU', 'MM DA NANG', 6.839393),))"
1,pricing_dedup_rejected_before_gnn,OREO CHOCOLATE 110.4/105G,1,time_urgency,MM AN PHU,MM DA NANG,6.839392502716354,,,0.1,6.500628,PRICED_E1_time_urgency_OREO CHOCOLATE 110.4/105G_T1_1,-0.735757,,,,,,False,True,False,False,"('OREO CHOCOLATE 110.4/105G', 1, (('MM AN PHU', 'MM DA NANG', 6.839393),))"
1,pricing_dedup_rejected_before_gnn,OREO CHOCOLATE 110.4/105G,1,time_urgency,MM BINH PHU,MM DA NANG,6.839392502716354,,,0.1,6.500628,PRICED_E1_time_urgency_OREO CHOCOLATE 110.4/105G_T1_2,-0.735757,,,,,,False,True,False,False,"('OREO CHOCOLATE 110.4/105G', 1, (('MM BINH PHU', 'MM DA NANG', 6.839393),))"
1,pricing_dedup_rejected_before_gnn,OREO CHOCOLATE 110.4/105G,1,time_urgency,MM HIEP PHU,MM DA NANG,6.839392502716354,,,0.1,6.500628,PRICED_E1_time_urgency_OREO CHOCOLATE 110.4/105G_T1_3,-0.735757,,,,,,False,True,False,False,"('OREO CHOCOLATE 110.4/105G', 1, (('MM HIEP PHU', 'MM DA NANG', 6.839393),))"
1,pricing_dedup_rejected_before_gnn,OREO CHOCOLATE 110.4/105G,1,negative_reduced_cost,MM AN PHU,MM DA NANG,6.839392502716354,,,0.1,6.500628,PRICED_E1_negative_reduced_cost_OREO CHOCOLATE 110.4/105G_T1_1,-0.735757,,,,,,False,True,False,False,"('OREO CHOCOLATE 110.4/105G', 1, (('MM AN PHU', 'MM DA NANG', 6.839393),))"
1,pricing_dedup_rejected_before_gnn,OREO CHOCOLATE 110.4/105G,1,negative_reduced_cost,MM BINH PHU,MM DA NANG,6.839392502716354,,,0.1,6.500628,PRICED_E1_negative_reduced_cost_OREO CHOCOLATE 110.4/105G_T1_2,-0.735757,,,,,,False,True,False,False,"('OREO CHOCOLATE 110.4/105G', 1, (('MM BINH PHU', 'MM DA NANG', 6.839393),))"
1,pricing_dedup_rejected_before_gnn,OREO CHOCOLATE 110.4/105G,1,negative_reduced_cost,MM HIEP PHU,MM DA NANG,6.839392502716354,,,0.1,6.500628,PRICED_E1_negative_reduced_cost_OREO CHOCOLATE 110.4/105G_T1_3,-0.735757,,,,,,False,True,False,False,"('OREO CHOCOLATE 110.4/105G', 1, (('MM HIEP PHU', 'MM DA NANG', 6.839393),))"
1,pricing_dedup_rejected_before_gnn,OREO CHOCOLATE 110.4/105G,6,surplus_ratio,MM DA NANG,MM AN PHU,1.7553673581589813,,,0.1,4.890292,PRICED_E1_surplus_ratio_OREO CHOCOLATE 110.4/105G_T6_1,-1436.348013,,,,,,False,True,False,False,"('OREO CHOCOLATE 110.4/105G', 6, (('MM DA NANG', 'MM AN PHU', 1.755367),))"
1,pricing_dedup_rejected_before_gnn,OREO CHOCOLATE 110.4/105G,6,time_urgency,MM DA NANG,MM AN PHU,1.7553673581589813,,,0.1,4.890292,PRICED_E1_time_urgency_OREO CHOCOLATE 110.4/105G_T6_1,-1436.348013,,,,,,False,True,False,False,"('OREO CHOCOLATE 110.4/105G', 6, (('MM DA NANG', 'MM AN PHU', 1.755367),))"
1,pricing_dedup_rejected_before_gnn,OREO CHOCOLATE 110.4/105G,6,negative_reduced_cost,MM DA NANG,MM AN PHU,1.7553673581589813,,,0.1,4.890292,PRICED_E1_negative_reduced_cost_OREO CHOCOLATE 110.4/105G_T6_1,-1436.348013,,,,,,False,True,False,False,"('OREO CHOCOLATE 110.4/105G', 6, (('MM DA NANG', 'MM AN PHU', 1.755367),))"
1,teacher_full_batch_recorded_before_rmp,OREO CHOCOLATE 110.4/105G,1,shortage_ratio,MM AN PHU,MM DA NANG,6.839392502716354,,,0.1,6.500628,PRICED_E1_shortage_ratio_OREO CHOCOLATE 110.4/105G_T1_1,-0.735757,,,False,False,4.0,False,False,False,False,"(('MM AN PHU', 'MM DA NANG', 6.839393),)"
1,teacher_full_batch_recorded_before_rmp,OREO CHOCOLATE 110.4/105G,1,shortage_ratio,MM BINH PHU,MM DA NANG,6.839392502716354,,,0.1,6.500628,PRICED_E1_shortage_ratio_OREO CHOCOLATE 110.4/105G_T1_2,-0.735757,,,False,False,4.0,False,False,False,False,"(('MM BINH PHU', 'MM DA NANG', 6.839393),)"
1,teacher_full_batch_recorded_before_rmp,OREO CHOCOLATE 110.4/105G,1,shortage_ratio,MM HIEP PHU,MM DA NANG,6.839392502716354,,,0.1,6.500628,PRICED_E1_shortage_ratio_OREO CHOCOLATE 110.4/105G_T1_3,-0.735757,,,False,False,4.0,False,False,False,False,"(('MM HIEP PHU', 'MM DA NANG', 6.839393),)"
1,teacher_full_batch_recorded_before_rmp,OREO CHOCOLATE 110.4/105G,6,shortage_ratio,MM DA NANG,MM AN PHU,1.7553673581589813,,,0.1,4.890292,PRICED_E1_shortage_ratio_OREO CHOCOLATE 110.4/105G_T6_1,-1436.348013,,,False,False,4.0,False,False,False,False,"(('MM DA NANG', 'MM AN PHU', 1.755367),)"
1,add_patterns_added,OREO CHOCOLATE 110.4/105G,1,shortage_ratio,MM AN PHU,MM DA NANG,6.839392502716354,,,0.1,6.500628,PRICED_E1_shortage_ratio_OREO CHOCOLATE 110.4/105G_T1_1,-0.735757,,,False,False,4.0,False,False,False,True,"('OREO CHOCOLATE 110.4/105G', 1, (('MM AN PHU', 'MM DA NANG', 6.839393),))"
1,add_patterns_added,OREO CHOCOLATE 110.4/105G,1,shortage_ratio,MM BINH PHU,MM DA NANG,6.839392502716354,,,0.1,6.500628,PRICED_E1_shortage_ratio_OREO CHOCOLATE 110.4/105G_T1_2,-0.735757,,,False,False,4.0,False,False,False,True,"('OREO CHOCOLATE 110.4/105G', 1, (('MM BINH PHU', 'MM DA NANG', 6.839393),))"
1,add_patterns_added,OREO CHOCOLATE 110.4/105G,1,shortage_ratio,MM HIEP PHU,MM DA NANG,6.839392502716354,,,0.1,6.500628,PRICED_E1_shortage_ratio_OREO CHOCOLATE 110.4/105G_T1_3,-0.735757,,,False,False,4.0,False,False,False,True,"('OREO CHOCOLATE 110.4/105G', 1, (('MM HIEP PHU', 'MM DA NANG', 6.839393),))"
1,add_patterns_rejected,OREO CHOCOLATE 110.4/105G,6,shortage_ratio,MM DA NANG,MM AN PHU,1.7553673581589813,,,0.1,4.890292,PRICED_E1_shortage_ratio_OREO CHOCOLATE 110.4/105G_T6_1,-1436.348013,,,False,False,4.0,True,False,False,False,"('OREO CHOCOLATE 110.4/105G', 6, (('MM DA NANG', 'MM AN PHU', 1.755367),))"
2,after_stackelberg,OREO CHOCOLATE 110.4/105G,2,shortage_ratio,MM BINH PHU,MM AN PHU,3.896034998189144,0.4415860007243424,False,0.0,6.333374092923259,,,,,,,,False,False,False,False,
2,after_stackelberg,OREO CHOCOLATE 110.4/105G,2,shortage_ratio,MM BINH PHU,MM DA NANG,2.3623153040246905,1.0550738783901235,False,0.0,4.6274907547120945,,,,,,,,False,False,False,False,
2,after_stackelberg,OREO CHOCOLATE 110.4/105G,2,shortage_ratio,MM AN PHU,MM DA NANG,2.3623153040246905,1.4643108437584822,False,0.0,3.640978512384422,,,,,,,,False,False,False,False,
2,after_stackelberg,OREO CHOCOLATE 110.4/105G,2,surplus_ratio,MM BINH PHU,MM AN PHU,3.896034998189144,0.4415860007243424,False,0.0,6.333374092923259,,,,,,,,False,False,False,False,
2,after_stackelberg,OREO CHOCOLATE 110.4/105G,2,surplus_ratio,MM BINH PHU,MM DA NANG,2.3623153040246905,1.0550738783901235,False,0.0,4.6274907547120945,,,,,,,,False,False,False,False,
2,after_stackelberg,OREO CHOCOLATE 110.4/105G,2,surplus_ratio,MM AN PHU,MM DA NANG,2.3623153040246905,1.4643108437584822,False,0.0,3.640978512384422,,,,,,,,False,False,False,False,
2,after_stackelberg,OREO CHOCOLATE 110.4/105G,2,time_urgency,MM BINH PHU,MM AN PHU,3.896034998189144,0.4415860007243424,False,0.0,6.333374092923259,,,,,,,,False,False,False,False,
2,after_stackelberg,OREO CHOCOLATE 110.4/105G,2,time_urgency,MM BINH PHU,MM DA NANG,2.3623153040246905,1.0550738783901235,False,0.0,4.6274907547120945,,,,,,,,False,False,False,False,
2,after_stackelberg,OREO CHOCOLATE 110.4/105G,2,time_urgency,MM AN PHU,MM DA NANG,2.3623153040246905,1.4643108437584822,False,0.0,3.640978512384422,,,,,,,,False,False,False,False,
2,after_stackelberg,OREO CHOCOLATE 110.4/105G,2,negative_reduced_cost,MM BINH PHU,MM AN PHU,3.896034998189144,0.4415860007243424,False,0.0,6.333374092923259,,,,,,,,False,False,False,False,
2,after_stackelberg,OREO CHOCOLATE 110.4/105G,2,negative_reduced_cost,MM BINH PHU,MM DA NANG,2.3623153040246905,1.0550738783901235,False,0.0,4.6274907547120945,,,,,,,,False,False,False,False,
2,after_stackelberg,OREO CHOCOLATE 110.4/105G,2,negative_reduced_cost,MM AN PHU,MM DA NANG,2.3623153040246905,1.4643108437584822,False,0.0,3.640978512384422,,,,,,,,False,False,False,False,
2,after_stackelberg,OREO CHOCOLATE 110.4/105G,5,shortage_ratio,MM BINH PHU,MM AN PHU,0.8547819898831772,0.23782943295346115,False,0.0,4.173722272375539,,,,,,,,False,False,False,False,
2,after_stackelberg,OREO CHOCOLATE 110.4/105G,5,shortage_ratio,MM BINH PHU,MM DA NANG,0.8547819898831772,0.23782943295346115,False,0.0,4.173722272375539,,,,,,,,False,False,False,False,
2,after_stackelberg,OREO CHOCOLATE 110.4/105G,5,surplus_ratio,MM BINH PHU,MM AN PHU,0.8547819898831772,0.23782943295346115,False,0.0,4.173722272375539,,,,,,,,False,False,False,False,
2,after_stackelberg,OREO CHOCOLATE 110.4/105G,5,surplus_ratio,MM BINH PHU,MM DA NANG,0.8547819898831772,0.23782943295346115,False,0.0,4.173722272375539,,,,,,,,False,False,False,False,
2,after_stackelberg,OREO CHOCOLATE 110.4/105G,5,time_urgency,MM BINH PHU,MM AN PHU,0.8547819898831772,0.23782943295346115,False,0.0,4.173722272375539,,,,,,,,False,False,False,False,
2,after_stackelberg,OREO CHOCOLATE 110.4/105G,5,time_urgency,MM BINH PHU,MM DA NANG,0.8547819898831772,0.23782943295346115,False,0.0,4.173722272375539,,,,,,,,False,False,False,False,
2,after_stackelberg,OREO CHOCOLATE 110.4/105G,5,negative_reduced_cost,MM BINH PHU,MM AN PHU,0.8547819898831772,0.23782943295346115,False,0.0,4.173722272375539,,,,,,,,False,False,False,False,
2,after_stackelberg,OREO CHOCOLATE 110.4/105G,5,negative_reduced_cost,MM BINH PHU,MM DA NANG,0.8547819898831772,0.23782943295346115,False,0.0,4.173722272375539,,,,,,,,False,False,False,False,
2,after_stackelberg,OREO CHOCOLATE 110.4/105G,6,shortage_ratio,MM DA NANG,MM AN PHU,1.7553673581589813,-1436.3480132754694,False,0.0,4.890292402033918,,,,,,,,False,False,False,False,
2,after_stackelberg,OREO CHOCOLATE 110.4/105G,6,shortage_ratio,MM DA NANG,MM BINH PHU,1.7553673581589813,1.2978530567364075,False,0.0,4.890292402033918,,,,,,,,False,False,False,False,
2,stackelberg_pricing_fallback,OREO CHOCOLATE 110.4/105G,6,shortage_ratio,MM DA NANG,MM AN PHU,1.7553673581589813,-1436.3480132754694,False,0.1,4.890292402033918,,,,,,,,False,False,False,False,
2,after_stackelberg,OREO CHOCOLATE 110.4/105G,6,surplus_ratio,MM DA NANG,MM AN PHU,1.7553673581589813,-1436.3480132754694,False,0.0,4.890292402033918,,,,,,,,False,False,False,False,
2,after_stackelberg,OREO CHOCOLATE 110.4/105G,6,surplus_ratio,MM DA NANG,MM BINH PHU,1.7553673581589813,1.2978530567364075,False,0.0,4.890292402033918,,,,,,,,False,False,False,False,
2,stackelberg_pricing_fallback,OREO CHOCOLATE 110.4/105G,6,surplus_ratio,MM DA NANG,MM AN PHU,1.7553673581589813,-1436.3480132754694,False,0.1,4.890292402033918,,,,,,,,False,False,False,False,
2,after_stackelberg,OREO CHOCOLATE 110.4/105G,6,time_urgency,MM DA NANG,MM AN PHU,1.7553673581589813,-1436.3480132754694,False,0.0,4.890292402033918,,,,,,,,False,False,False,False,
2,after_stackelberg,OREO CHOCOLATE 110.4/105G,6,time_urgency,MM DA NANG,MM BINH PHU,1.7553673581589813,1.2978530567364075,False,0.0,4.890292402033918,,,,,,,,False,False,False,False,
2,stackelberg_pricing_fallback,OREO CHOCOLATE 110.4/105G,6,time_urgency,MM DA NANG,MM AN PHU,1.7553673581589813,-1436.3480132754694,False,0.1,4.890292402033918,,,,,,,,False,False,False,False,
2,after_stackelberg,OREO CHOCOLATE 110.4/105G,6,negative_reduced_cost,MM DA NANG,MM AN PHU,1.7553673581589813,-1436.3480132754694,False,0.0,4.890292402033918,,,,,,,,False,False,False,False,
2,after_stackelberg,OREO CHOCOLATE 110.4/105G,6,negative_reduced_cost,MM DA NANG,MM BINH PHU,1.7553673581589813,1.2978530567364075,False,0.0,4.890292402033918,,,,,,,,False,False,False,False,
2,stackelberg_pricing_fallback,OREO CHOCOLATE 110.4/105G,6,negative_reduced_cost,MM DA NANG,MM AN PHU,1.7553673581589813,-1436.3480132754694,False,0.1,4.890292402033918,,,,,,,,False,False,False,False,
2,pricing_dedup_rejected_before_gnn,OREO CHOCOLATE 110.4/105G,6,surplus_ratio,MM DA NANG,MM AN PHU,1.7553673581589813,,,0.1,4.890292,PRICED_E2_surplus_ratio_OREO CHOCOLATE 110.4/105G_T6_1,-1436.348013,,,,,,False,True,False,False,"('OREO CHOCOLATE 110.4/105G', 6, (('MM DA NANG', 'MM AN PHU', 1.755367),))"
2,pricing_dedup_rejected_before_gnn,OREO CHOCOLATE 110.4/105G,6,time_urgency,MM DA NANG,MM AN PHU,1.7553673581589813,,,0.1,4.890292,PRICED_E2_time_urgency_OREO CHOCOLATE 110.4/105G_T6_1,-1436.348013,,,,,,False,True,False,False,"('OREO CHOCOLATE 110.4/105G', 6, (('MM DA NANG', 'MM AN PHU', 1.755367),))"
2,pricing_dedup_rejected_before_gnn,OREO CHOCOLATE 110.4/105G,6,negative_reduced_cost,MM DA NANG,MM AN PHU,1.7553673581589813,,,0.1,4.890292,PRICED_E2_negative_reduced_cost_OREO CHOCOLATE 110.4/105G_T6_1,-1436.348013,,,,,,False,True,False,False,"('OREO CHOCOLATE 110.4/105G', 6, (('MM DA NANG', 'MM AN PHU', 1.755367),))"
2,teacher_full_batch_recorded_before_rmp,OREO CHOCOLATE 110.4/105G,6,shortage_ratio,MM DA NANG,MM AN PHU,1.7553673581589813,,,0.1,4.890292,PRICED_E2_shortage_ratio_OREO CHOCOLATE 110.4/105G_T6_1,-1436.348013,,,False,False,1.0,False,False,False,False,"(('MM DA NANG', 'MM AN PHU', 1.755367),)"
2,add_patterns_added,OREO CHOCOLATE 110.4/105G,6,shortage_ratio,MM DA NANG,MM AN PHU,1.7553673581589813,,,0.1,4.890292,PRICED_E2_shortage_ratio_OREO CHOCOLATE 110.4/105G_T6_1,-1436.348013,,,False,False,1.0,False,False,False,True,"('OREO CHOCOLATE 110.4/105G', 6, (('MM DA NANG', 'MM AN PHU', 1.755367),))"
3,after_stackelberg,OREO CHOCOLATE 110.4/105G,2,shortage_ratio,MM BINH PHU,MM AN PHU,3.896034998189144,0.4415860007243424,False,0.0,6.333374092923259,,,,,,,,False,False,False,False,
3,after_stackelberg,OREO CHOCOLATE 110.4/105G,2,shortage_ratio,MM BINH PHU,MM DA NANG,2.3623153040246905,1.0550738783901235,False,0.0,4.6274907547120945,,,,,,,,False,False,False,False,
3,after_stackelberg,OREO CHOCOLATE 110.4/105G,2,shortage_ratio,MM AN PHU,MM DA NANG,2.3623153040246905,1.4643108437584822,False,0.0,3.640978512384422,,,,,,,,False,False,False,False,
3,after_stackelberg,OREO CHOCOLATE 110.4/105G,2,surplus_ratio,MM BINH PHU,MM AN PHU,3.896034998189144,0.4415860007243424,False,0.0,6.333374092923259,,,,,,,,False,False,False,False,
3,after_stackelberg,OREO CHOCOLATE 110.4/105G,2,surplus_ratio,MM BINH PHU,MM DA NANG,2.3623153040246905,1.0550738783901235,False,0.0,4.6274907547120945,,,,,,,,False,False,False,False,
3,after_stackelberg,OREO CHOCOLATE 110.4/105G,2,surplus_ratio,MM AN PHU,MM DA NANG,2.3623153040246905,1.4643108437584822,False,0.0,3.640978512384422,,,,,,,,False,False,False,False,
3,after_stackelberg,OREO CHOCOLATE 110.4/105G,2,time_urgency,MM BINH PHU,MM AN PHU,3.896034998189144,0.4415860007243424,False,0.0,6.333374092923259,,,,,,,,False,False,False,False,
3,after_stackelberg,OREO CHOCOLATE 110.4/105G,2,time_urgency,MM BINH PHU,MM DA NANG,2.3623153040246905,1.0550738783901235,False,0.0,4.6274907547120945,,,,,,,,False,False,False,False,
3,after_stackelberg,OREO CHOCOLATE 110.4/105G,2,time_urgency,MM AN PHU,MM DA NANG,2.3623153040246905,1.4643108437584822,False,0.0,3.640978512384422,,,,,,,,False,False,False,False,
3,after_stackelberg,OREO CHOCOLATE 110.4/105G,2,negative_reduced_cost,MM BINH PHU,MM AN PHU,3.896034998189144,0.4415860007243424,False,0.0,6.333374092923259,,,,,,,,False,False,False,False,
3,after_stackelberg,OREO CHOCOLATE 110.4/105G,2,negative_reduced_cost,MM BINH PHU,MM DA NANG,2.3623153040246905,1.0550738783901235,False,0.0,4.6274907547120945,,,,,,,,False,False,False,False,
3,after_stackelberg,OREO CHOCOLATE 110.4/105G,2,negative_reduced_cost,MM AN PHU,MM DA NANG,2.3623153040246905,1.4643108437584822,False,0.0,3.640978512384422,,,,,,,,False,False,False,False,
3,after_stackelberg,OREO CHOCOLATE 110.4/105G,5,shortage_ratio,MM BINH PHU,MM AN PHU,0.8547819898831772,0.23782943295346115,False,0.0,4.173722272375539,,,,,,,,False,False,False,False,
3,after_stackelberg,OREO CHOCOLATE 110.4/105G,5,shortage_ratio,MM BINH PHU,MM DA NANG,0.8547819898831772,0.23782943295346115,False,0.0,4.173722272375539,,,,,,,,False,False,False,False,
3,after_stackelberg,OREO CHOCOLATE 110.4/105G,5,surplus_ratio,MM BINH PHU,MM AN PHU,0.8547819898831772,0.23782943295346115,False,0.0,4.173722272375539,,,,,,,,False,False,False,False,
3,after_stackelberg,OREO CHOCOLATE 110.4/105G,5,surplus_ratio,MM BINH PHU,MM DA NANG,0.8547819898831772,0.23782943295346115,False,0.0,4.173722272375539,,,,,,,,False,False,False,False,
3,after_stackelberg,OREO CHOCOLATE 110.4/105G,5,time_urgency,MM BINH PHU,MM AN PHU,0.8547819898831772,0.23782943295346115,False,0.0,4.173722272375539,,,,,,,,False,False,False,False,
3,after_stackelberg,OREO CHOCOLATE 110.4/105G,5,time_urgency,MM BINH PHU,MM DA NANG,0.8547819898831772,0.23782943295346115,False,0.0,4.173722272375539,,,,,,,,False,False,False,False,
3,after_stackelberg,OREO CHOCOLATE 110.4/105G,5,negative_reduced_cost,MM BINH PHU,MM AN PHU,0.8547819898831772,0.23782943295346115,False,0.0,4.173722272375539,,,,,,,,False,False,False,False,
3,after_stackelberg,OREO CHOCOLATE 110.4/105G,5,negative_reduced_cost,MM BINH PHU,MM DA NANG,0.8547819898831772,0.23782943295346115,False,0.0,4.173722272375539,,,,,,,,False,False,False,False,
1,after_stackelberg,OREO CHOCOLATE 110.4/105G,2,shortage_ratio,MM BINH PHU,MM AN PHU,3.896034998189144,0.4415860007243424,False,0.0,6.333374092923259,,,,,,,,False,False,False,False,
1,after_stackelberg,OREO CHOCOLATE 110.4/105G,2,shortage_ratio,MM BINH PHU,MM DA NANG,2.3623153040246905,1.0550738783901235,False,0.0,4.6274907547120945,,,,,,,,False,False,False,False,
1,after_stackelberg,OREO CHOCOLATE 110.4/105G,2,shortage_ratio,MM AN PHU,MM DA NANG,2.3623153040246905,1.4643108437584822,False,0.0,3.640978512384422,,,,,,,,False,False,False,False,
1,after_stackelberg,OREO CHOCOLATE 110.4/105G,2,surplus_ratio,MM BINH PHU,MM AN PHU,3.896034998189144,0.4415860007243424,False,0.0,6.333374092923259,,,,,,,,False,False,False,False,
1,after_stackelberg,OREO CHOCOLATE 110.4/105G,2,surplus_ratio,MM BINH PHU,MM DA NANG,2.3623153040246905,1.0550738783901235,False,0.0,4.6274907547120945,,,,,,,,False,False,False,False,
1,after_stackelberg,OREO CHOCOLATE 110.4/105G,2,surplus_ratio,MM AN PHU,MM DA NANG,2.3623153040246905,1.4643108437584822,False,0.0,3.640978512384422,,,,,,,,False,False,False,False,
1,after_stackelberg,OREO CHOCOLATE 110.4/105G,2,time_urgency,MM BINH PHU,MM AN PHU,3.896034998189144,0.4415860007243424,False,0.0,6.333374092923259,,,,,,,,False,False,False,False,
1,after_stackelberg,OREO CHOCOLATE 110.4/105G,2,time_urgency,MM BINH PHU,MM DA NANG,2.3623153040246905,1.0550738783901235,False,0.0,4.6274907547120945,,,,,,,,False,False,False,False,
1,after_stackelberg,OREO CHOCOLATE 110.4/105G,2,time_urgency,MM AN PHU,MM DA NANG,2.3623153040246905,1.4643108437584822,False,0.0,3.640978512384422,,,,,,,,False,False,False,False,
1,after_stackelberg,OREO CHOCOLATE 110.4/105G,2,negative_reduced_cost,MM BINH PHU,MM AN PHU,3.896034998189144,0.4415860007243424,False,0.0,6.333374092923259,,,,,,,,False,False,False,False,
1,after_stackelberg,OREO CHOCOLATE 110.4/105G,2,negative_reduced_cost,MM BINH PHU,MM DA NANG,2.3623153040246905,1.0550738783901235,False,0.0,4.6274907547120945,,,,,,,,False,False,False,False,
1,after_stackelberg,OREO CHOCOLATE 110.4/105G,2,negative_reduced_cost,MM AN PHU,MM DA NANG,2.3623153040246905,1.4643108437584822,False,0.0,3.640978512384422,,,,,,,,False,False,False,False,
1,after_stackelberg,OREO CHOCOLATE 110.4/105G,5,shortage_ratio,MM BINH PHU,MM AN PHU,0.8547819898831772,0.23782943295346115,False,0.0,4.173722272375539,,,,,,,,False,False,False,False,
1,after_stackelberg,OREO CHOCOLATE 110.4/105G,5,shortage_ratio,MM BINH PHU,MM DA NANG,0.8547819898831772,0.23782943295346115,False,0.0,4.173722272375539,,,,,,,,False,False,False,False,
1,after_stackelberg,OREO CHOCOLATE 110.4/105G,5,surplus_ratio,MM BINH PHU,MM AN PHU,0.8547819898831772,0.23782943295346115,False,0.0,4.173722272375539,,,,,,,,False,False,False,False,
1,after_stackelberg,OREO CHOCOLATE 110.4/105G,5,surplus_ratio,MM BINH PHU,MM DA NANG,0.8547819898831772,0.23782943295346115,False,0.0,4.173722272375539,,,,,,,,False,False,False,False,
1,after_stackelberg,OREO CHOCOLATE 110.4/105G,5,time_urgency,MM BINH PHU,MM AN PHU,0.8547819898831772,0.23782943295346115,False,0.0,4.173722272375539,,,,,,,,False,False,False,False,
1,after_stackelberg,OREO CHOCOLATE 110.4/105G,5,time_urgency,MM BINH PHU,MM DA NANG,0.8547819898831772,0.23782943295346115,False,0.0,4.173722272375539,,,,,,,,False,False,False,False,
1,after_stackelberg,OREO CHOCOLATE 110.4/105G,5,negative_reduced_cost,MM BINH PHU,MM AN PHU,0.8547819898831772,0.23782943295346115,False,0.0,4.173722272375539,,,,,,,,False,False,False,False,
1,after_stackelberg,OREO CHOCOLATE 110.4/105G,5,negative_reduced_cost,MM BINH PHU,MM DA NANG,0.8547819898831772,0.23782943295346115,False,0.0,4.173722272375539,,,,,,,,False,False,False,False,
1,after_stackelberg,OREO CHOCOLATE 110.4/105G,1,shortage_ratio,MM AN PHU,MM DA NANG,14.759999999999991,10.855999999999995,False,0.0,12.142286571642904,,,,,,,,False,False,False,False,
1,after_stackelberg,OREO CHOCOLATE 110.4/105G,1,shortage_ratio,MM BINH PHU,MM DA NANG,14.759999999999991,10.855999999999995,False,0.0,11.523468879668044,,,,,,,,False,False,False,False,
1,after_stackelberg,OREO CHOCOLATE 110.4/105G,1,shortage_ratio,MM HIEP PHU,MM DA NANG,14.759999999999991,10.855999999999995,False,0.0,11.391890573339666,,,,,,,,False,False,False,False,
1,after_stackelberg,OREO CHOCOLATE 110.4/105G,1,surplus_ratio,MM HIEP PHU,MM DA NANG,14.759999999999991,10.855999999999995,False,0.0,11.391890573339666,,,,,,,,False,False,False,False,
1,after_stackelberg,OREO CHOCOLATE 110.4/105G,1,surplus_ratio,MM BINH PHU,MM DA NANG,14.759999999999991,10.855999999999995,False,0.0,11.523468879668044,,,,,,,,False,False,False,False,
1,after_stackelberg,OREO CHOCOLATE 110.4/105G,1,surplus_ratio,MM AN PHU,MM DA NANG,14.759999999999991,10.855999999999995,False,0.0,12.142286571642904,,,,,,,,False,False,False,False,
1,after_stackelberg,OREO CHOCOLATE 110.4/105G,1,time_urgency,MM AN PHU,MM DA NANG,14.759999999999991,10.855999999999995,False,0.0,12.142286571642904,,,,,,,,False,False,False,False,
1,after_stackelberg,OREO CHOCOLATE 110.4/105G,1,time_urgency,MM BINH PHU,MM DA NANG,14.759999999999991,10.855999999999995,False,0.0,11.523468879668044,,,,,,,,False,False,False,False,
1,after_stackelberg,OREO CHOCOLATE 110.4/105G,1,time_urgency,MM HIEP PHU,MM DA NANG,14.759999999999991,10.855999999999995,False,0.0,11.391890573339666,,,,,,,,False,False,False,False,
1,after_stackelberg,OREO CHOCOLATE 110.4/105G,1,negative_reduced_cost,MM AN PHU,MM DA NANG,14.759999999999991,10.855999999999995,False,0.0,12.142286571642904,,,,,,,,False,False,False,False,
1,after_stackelberg,OREO CHOCOLATE 110.4/105G,1,negative_reduced_cost,MM BINH PHU,MM DA NANG,14.759999999999991,10.855999999999995,False,0.0,11.523468879668044,,,,,,,,False,False,False,False,
1,after_stackelberg,OREO CHOCOLATE 110.4/105G,1,negative_reduced_cost,MM HIEP PHU,MM DA NANG,14.759999999999991,10.855999999999995,False,0.0,11.391890573339666,,,,,,,,False,False,False,False,
1,after_stackelberg,OREO CHOCOLATE 110.4/105G,2,shortage_ratio,MM BINH PHU,MM AN PHU,46.2,29.720000000000002,False,0.0,31.898813559322036,,,,,,,,False,False,False,False,
1,after_stackelberg,OREO CHOCOLATE 110.4/105G,2,shortage_ratio,MM HIEP PHU,MM AN PHU,59.504000000000005,37.702400000000004,False,0.0,39.885872167129456,,,,,,,,False,False,False,False,
1,after_stackelberg,OREO CHOCOLATE 110.4/105G,2,shortage_ratio,MM AN PHU,MM DA NANG,22.799999999999997,15.679999999999998,False,0.0,17.83798319327731,,,,,,,,False,False,False,False,
1,after_stackelberg,OREO CHOCOLATE 110.4/105G,2,shortage_ratio,MM BINH PHU,MM DA NANG,35.50399999999999,23.302399999999995,False,0.0,24.976785208012323,,,,,,,,False,False,False,False,
1,after_stackelberg,OREO CHOCOLATE 110.4/105G,2,shortage_ratio,MM HIEP PHU,MM DA NANG,35.50399999999999,23.302399999999995,False,0.0,24.6052031026782,,,,,,,,False,False,False,False,
1,after_stackelberg,OREO CHOCOLATE 110.4/105G,2,surplus_ratio,MM HIEP PHU,MM AN PHU,59.504000000000005,37.702400000000004,False,0.0,39.885872167129456,,,,,,,,False,False,False,False,
1,after_stackelberg,OREO CHOCOLATE 110.4/105G,2,surplus_ratio,MM HIEP PHU,MM DA NANG,35.50399999999999,23.302399999999995,False,0.0,24.6052031026782,,,,,,,,False,False,False,False,
1,after_stackelberg,OREO CHOCOLATE 110.4/105G,2,surplus_ratio,MM BINH PHU,MM AN PHU,46.2,29.720000000000002,False,0.0,31.898813559322036,,,,,,,,False,False,False,False,
1,after_stackelberg,OREO CHOCOLATE 110.4/105G,2,surplus_ratio,MM BINH PHU,MM DA NANG,35.50399999999999,23.302399999999995,False,0.0,24.976785208012323,,,,,,,,False,False,False,False,
1,after_stackelberg,OREO CHOCOLATE 110.4/105G,2,surplus_ratio,MM AN PHU,MM DA NANG,22.799999999999997,15.679999999999998,False,0.0,17.83798319327731,,,,,,,,False,False,False,False,
1,after_stackelberg,OREO CHOCOLATE 110.4/105G,2,time_urgency,MM BINH PHU,MM AN PHU,46.2,29.720000000000002,False,0.0,31.898813559322036,,,,,,,,False,False,False,False,
1,after_stackelberg,OREO CHOCOLATE 110.4/105G,2,time_urgency,MM HIEP PHU,MM AN PHU,59.504000000000005,37.702400000000004,False,0.0,39.885872167129456,,,,,,,,False,False,False,False,
1,after_stackelberg,OREO CHOCOLATE 110.4/105G,2,time_urgency,MM AN PHU,MM DA NANG,22.799999999999997,15.679999999999998,False,0.0,17.83798319327731,,,,,,,,False,False,False,False,
1,after_stackelberg,OREO CHOCOLATE 110.4/105G,2,time_urgency,MM BINH PHU,MM DA NANG,35.50399999999999,23.302399999999995,False,0.0,24.976785208012323,,,,,,,,False,False,False,False,
1,after_stackelberg,OREO CHOCOLATE 110.4/105G,2,time_urgency,MM HIEP PHU,MM DA NANG,35.50399999999999,23.302399999999995,False,0.0,24.6052031026782,,,,,,,,False,False,False,False,
1,after_stackelberg,OREO CHOCOLATE 110.4/105G,2,negative_reduced_cost,MM AN PHU,MM DA NANG,22.799999999999997,15.679999999999998,False,0.0,17.83798319327731,,,,,,,,False,False,False,False,
1,after_stackelberg,OREO CHOCOLATE 110.4/105G,2,negative_reduced_cost,MM BINH PHU,MM AN PHU,46.2,29.720000000000002,False,0.0,31.898813559322036,,,,,,,,False,False,False,False,
1,after_stackelberg,OREO CHOCOLATE 110.4/105G,2,negative_reduced_cost,MM BINH PHU,MM DA NANG,35.50399999999999,23.302399999999995,False,0.0,24.976785208012323,,,,,,,,False,False,False,False,
1,after_stackelberg,OREO CHOCOLATE 110.4/105G,2,negative_reduced_cost,MM HIEP PHU,MM AN PHU,59.504000000000005,37.702400000000004,False,0.0,39.885872167129456,,,,,,,,False,False,False,False,
1,after_stackelberg,OREO CHOCOLATE 110.4/105G,2,negative_reduced_cost,MM HIEP PHU,MM DA NANG,35.50399999999999,23.302399999999995,False,0.0,24.6052031026782,,,,,,,,False,False,False,False,
1,after_stackelberg,OREO CHOCOLATE 110.4/105G,3,shortage_ratio,MM BINH PHU,MM AN PHU,14.200000000000003,10.520000000000001,False,0.0,12.65421052631579,,,,,,,,False,False,False,False,
1,after_stackelberg,OREO CHOCOLATE 110.4/105G,3,shortage_ratio,MM HIEP PHU,MM AN PHU,58.864000000000004,37.318400000000004,False,0.0,39.501695469731395,,,,,,,,False,False,False,False,
1,after_stackelberg,OREO CHOCOLATE 110.4/105G,3,shortage_ratio,MM BINH PHU,MM DA NANG,14.200000000000003,10.520000000000001,False,0.0,12.65421052631579,,,,,,,,False,False,False,False,
1,after_stackelberg,OREO CHOCOLATE 110.4/105G,3,shortage_ratio,MM HIEP PHU,MM DA NANG,16.88799999999999,12.132799999999994,False,0.0,12.759184443680745,,,,,,,,False,False,False,False,
1,after_stackelberg,OREO CHOCOLATE 110.4/105G,3,surplus_ratio,MM HIEP PHU,MM AN PHU,58.864000000000004,37.318400000000004,False,0.0,39.501695469731395,,,,,,,,False,False,False,False,
1,after_stackelberg,OREO CHOCOLATE 110.4/105G,3,surplus_ratio,MM HIEP PHU,MM DA NANG,16.88799999999999,12.132799999999994,False,0.0,12.759184443680745,,,,,,,,False,False,False,False,
1,after_stackelberg,OREO CHOCOLATE 110.4/105G,3,surplus_ratio,MM BINH PHU,MM AN PHU,14.200000000000003,10.520000000000001,False,0.0,12.65421052631579,,,,,,,,False,False,False,False,
1,after_stackelberg,OREO CHOCOLATE 110.4/105G,3,surplus_ratio,MM BINH PHU,MM DA NANG,14.200000000000003,10.520000000000001,False,0.0,12.65421052631579,,,,,,,,False,False,False,False,
1,after_stackelberg,OREO CHOCOLATE 110.4/105G,3,time_urgency,MM BINH PHU,MM AN PHU,14.200000000000003,10.520000000000001,False,0.0,12.65421052631579,,,,,,,,False,False,False,False,
1,after_stackelberg,OREO CHOCOLATE 110.4/105G,3,time_urgency,MM BINH PHU,MM DA NANG,14.200000000000003,10.520000000000001,False,0.0,12.65421052631579,,,,,,,,False,False,False,False,
1,after_stackelberg,OREO CHOCOLATE 110.4/105G,3,time_urgency,MM HIEP PHU,MM AN PHU,58.864000000000004,37.318400000000004,False,0.0,39.501695469731395,,,,,,,,False,False,False,False,
1,after_stackelberg,OREO CHOCOLATE 110.4/105G,3,time_urgency,MM HIEP PHU,MM DA NANG,16.88799999999999,12.132799999999994,False,0.0,12.759184443680745,,,,,,,,False,False,False,False,
1,after_stackelberg,OREO CHOCOLATE 110.4/105G,3,negative_reduced_cost,MM BINH PHU,MM AN PHU,14.200000000000003,10.520000000000001,False,0.0,12.65421052631579,,,,,,,,False,False,False,False,
1,after_stackelberg,OREO CHOCOLATE 110.4/105G,3,negative_reduced_cost,MM BINH PHU,MM DA NANG,14.200000000000003,10.520000000000001,False,0.0,12.65421052631579,,,,,,,,False,False,False,False,
1,after_stackelberg,OREO CHOCOLATE 110.4/105G,3,negative_reduced_cost,MM HIEP PHU,MM AN PHU,58.864000000000004,37.318400000000004,False,0.0,39.501695469731395,,,,,,,,False,False,False,False,
1,after_stackelberg,OREO CHOCOLATE 110.4/105G,3,negative_reduced_cost,MM HIEP PHU,MM DA NANG,16.88799999999999,12.132799999999994,False,0.0,12.759184443680745,,,,,,,,False,False,False,False,
1,after_stackelberg,OREO CHOCOLATE 110.4/105G,4,shortage_ratio,MM BINH PHU,MM AN PHU,17.200000000000003,12.320000000000002,False,0.0,14.465054945054947,,,,,,,,False,False,False,False,
1,after_stackelberg,OREO CHOCOLATE 110.4/105G,4,shortage_ratio,MM HIEP PHU,MM AN PHU,57.84,36.704,False,0.0,38.88700475866758,,,,,,,,False,False,False,False,
1,after_stackelberg,OREO CHOCOLATE 110.4/105G,4,shortage_ratio,MM BINH PHU,MM DA NANG,15.0,11.0,False,0.0,12.870687452082802,,,,,,,,False,False,False,False,
1,after_stackelberg,OREO CHOCOLATE 110.4/105G,4,shortage_ratio,MM HIEP PHU,MM DA NANG,15.0,11.0,False,0.0,11.566131939488479,,,,,,,,False,False,False,False,
1,after_stackelberg,OREO CHOCOLATE 110.4/105G,4,surplus_ratio,MM HIEP PHU,MM AN PHU,57.84,36.704,False,0.0,38.88700475866758,,,,,,,,False,False,False,False,
1,after_stackelberg,OREO CHOCOLATE 110.4/105G,4,surplus_ratio,MM HIEP PHU,MM DA NANG,15.0,11.0,False,0.0,11.566131939488479,,,,,,,,False,False,False,False,
1,after_stackelberg,OREO CHOCOLATE 110.4/105G,4,surplus_ratio,MM BINH PHU,MM AN PHU,17.200000000000003,12.320000000000002,False,0.0,14.465054945054947,,,,,,,,False,False,False,False,
1,after_stackelberg,OREO CHOCOLATE 110.4/105G,4,surplus_ratio,MM BINH PHU,MM DA NANG,15.0,11.0,False,0.0,12.870687452082802,,,,,,,,False,False,False,False,
1,after_stackelberg,OREO CHOCOLATE 110.4/105G,4,time_urgency,MM BINH PHU,MM AN PHU,17.200000000000003,12.320000000000002,False,0.0,14.465054945054947,,,,,,,,False,False,False,False,
1,after_stackelberg,OREO CHOCOLATE 110.4/105G,4,time_urgency,MM BINH PHU,MM DA NANG,15.0,11.0,False,0.0,12.870687452082802,,,,,,,,False,False,False,False,
1,after_stackelberg,OREO CHOCOLATE 110.4/105G,4,time_urgency,MM HIEP PHU,MM AN PHU,57.84,36.704,False,0.0,38.88700475866758,,,,,,,,False,False,False,False,
1,after_stackelberg,OREO CHOCOLATE 110.4/105G,4,time_urgency,MM HIEP PHU,MM DA NANG,15.0,11.0,False,0.0,11.566131939488479,,,,,,,,False,False,False,False,
1,after_stackelberg,OREO CHOCOLATE 110.4/105G,4,negative_reduced_cost,MM BINH PHU,MM AN PHU,17.200000000000003,12.320000000000002,False,0.0,14.465054945054947,,,,,,,,False,False,False,False,
1,after_stackelberg,OREO CHOCOLATE 110.4/105G,4,negative_reduced_cost,MM BINH PHU,MM DA NANG,15.0,11.0,False,0.0,12.870687452082802,,,,,,,,False,False,False,False,
1,after_stackelberg,OREO CHOCOLATE 110.4/105G,4,negative_reduced_cost,MM HIEP PHU,MM AN PHU,57.84,36.704,False,0.0,38.88700475866758,,,,,,,,False,False,False,False,
1,after_stackelberg,OREO CHOCOLATE 110.4/105G,4,negative_reduced_cost,MM HIEP PHU,MM DA NANG,15.0,11.0,False,0.0,11.566131939488479,,,,,,,,False,False,False,False,
1,after_stackelberg,OREO CHOCOLATE 110.4/105G,5,shortage_ratio,MM BINH PHU,MM AN PHU,15.200000000000003,11.120000000000001,False,0.0,13.258271604938273,,,,,,,,False,False,False,False,
1,after_stackelberg,OREO CHOCOLATE 110.4/105G,5,shortage_ratio,MM HIEP PHU,MM AN PHU,57.84,36.704,False,0.0,38.88700475866758,,,,,,,,False,False,False,False,
1,after_stackelberg,OREO CHOCOLATE 110.4/105G,5,shortage_ratio,MM BINH PHU,MM DA NANG,15.200000000000003,11.120000000000001,False,0.0,13.258271604938273,,,,,,,,False,False,False,False,
1,after_stackelberg,OREO CHOCOLATE 110.4/105G,5,shortage_ratio,MM HIEP PHU,MM DA NANG,18.0,12.799999999999999,False,0.0,13.479358327386173,,,,,,,,False,False,False,False,
1,after_stackelberg,OREO CHOCOLATE 110.4/105G,5,shortage_ratio,MM HIEP PHU,MM BINH PHU,5.799999999999997,5.479999999999999,False,0.0,5.698904349935543,,,,,,,,False,False,False,False,
1,after_stackelberg,OREO CHOCOLATE 110.4/105G,5,surplus_ratio,MM HIEP PHU,MM AN PHU,57.84,36.704,False,0.0,38.88700475866758,,,,,,,,False,False,False,False,
1,after_stackelberg,OREO CHOCOLATE 110.4/105G,5,surplus_ratio,MM HIEP PHU,MM BINH PHU,5.799999999999997,5.479999999999999,False,0.0,5.698904349935543,,,,,,,,False,False,False,False,
1,after_stackelberg,OREO CHOCOLATE 110.4/105G,5,surplus_ratio,MM HIEP PHU,MM DA NANG,18.0,12.799999999999999,False,0.0,13.479358327386173,,,,,,,,False,False,False,False,
1,after_stackelberg,OREO CHOCOLATE 110.4/105G,5,surplus_ratio,MM BINH PHU,MM AN PHU,15.200000000000003,11.120000000000001,False,0.0,13.258271604938273,,,,,,,,False,False,False,False,
1,after_stackelberg,OREO CHOCOLATE 110.4/105G,5,surplus_ratio,MM BINH PHU,MM DA NANG,15.200000000000003,11.120000000000001,False,0.0,13.258271604938273,,,,,,,,False,False,False,False,
1,after_stackelberg,OREO CHOCOLATE 110.4/105G,5,time_urgency,MM BINH PHU,MM AN PHU,15.200000000000003,11.120000000000001,False,0.0,13.258271604938273,,,,,,,,False,False,False,False,
1,after_stackelberg,OREO CHOCOLATE 110.4/105G,5,time_urgency,MM BINH PHU,MM DA NANG,15.200000000000003,11.120000000000001,False,0.0,13.258271604938273,,,,,,,,False,False,False,False,
1,after_stackelberg,OREO CHOCOLATE 110.4/105G,5,time_urgency,MM HIEP PHU,MM AN PHU,57.84,36.704,False,0.0,38.88700475866758,,,,,,,,False,False,False,False,
1,after_stackelberg,OREO CHOCOLATE 110.4/105G,5,time_urgency,MM HIEP PHU,MM BINH PHU,5.799999999999997,5.479999999999999,False,0.0,5.698904349935543,,,,,,,,False,False,False,False,
1,after_stackelberg,OREO CHOCOLATE 110.4/105G,5,time_urgency,MM HIEP PHU,MM DA NANG,18.0,12.799999999999999,False,0.0,13.479358327386173,,,,,,,,False,False,False,False,
1,after_stackelberg,OREO CHOCOLATE 110.4/105G,5,negative_reduced_cost,MM BINH PHU,MM AN PHU,15.200000000000003,11.120000000000001,False,0.0,13.258271604938273,,,,,,,,False,False,False,False,
1,after_stackelberg,OREO CHOCOLATE 110.4/105G,5,negative_reduced_cost,MM BINH PHU,MM DA NANG,15.200000000000003,11.120000000000001,False,0.0,13.258271604938273,,,,,,,,False,False,False,False,
1,after_stackelberg,OREO CHOCOLATE 110.4/105G,5,negative_reduced_cost,MM HIEP PHU,MM AN PHU,57.84,36.704,False,0.0,38.88700475866758,,,,,,,,False,False,False,False,
1,after_stackelberg,OREO CHOCOLATE 110.4/105G,5,negative_reduced_cost,MM HIEP PHU,MM BINH PHU,5.799999999999997,5.479999999999999,False,0.0,5.698904349935543,,,,,,,,False,False,False,False,
1,after_stackelberg,OREO CHOCOLATE 110.4/105G,5,negative_reduced_cost,MM HIEP PHU,MM DA NANG,18.0,12.799999999999999,False,0.0,13.479358327386173,,,,,,,,False,False,False,False,
1,after_stackelberg,OREO CHOCOLATE 110.4/105G,6,shortage_ratio,MM DA NANG,MM AN PHU,3.0,3.8,False,0.0,5.75,,,,,,,,False,False,False,False,
1,after_stackelberg,OREO CHOCOLATE 110.4/105G,6,shortage_ratio,MM HIEP PHU,MM AN PHU,57.328,36.3968,False,0.0,38.57965557536689,,,,,,,,False,False,False,False,
1,after_stackelberg,OREO CHOCOLATE 110.4/105G,6,shortage_ratio,MM DA NANG,MM BINH PHU,3.0,3.8,False,0.0,5.75,,,,,,,,False,False,False,False,
1,after_stackelberg,OREO CHOCOLATE 110.4/105G,6,shortage_ratio,MM HIEP PHU,MM BINH PHU,21.799999999999997,15.079999999999998,False,0.0,15.910069975282552,,,,,,,,False,False,False,False,
1,after_stackelberg,OREO CHOCOLATE 110.4/105G,6,shortage_ratio,MM HIEP PHU,MM DA NANG,16.0,11.6,False,0.0,12.209225669932149,,,,,,,,False,False,False,False,
1,after_stackelberg,OREO CHOCOLATE 110.4/105G,6,surplus_ratio,MM HIEP PHU,MM AN PHU,57.328,36.3968,False,0.0,38.57965557536689,,,,,,,,False,False,False,False,
1,after_stackelberg,OREO CHOCOLATE 110.4/105G,6,surplus_ratio,MM HIEP PHU,MM BINH PHU,21.799999999999997,15.079999999999998,False,0.0,15.910069975282552,,,,,,,,False,False,False,False,
1,after_stackelberg,OREO CHOCOLATE 110.4/105G,6,surplus_ratio,MM HIEP PHU,MM DA NANG,16.0,11.6,False,0.0,12.209225669932149,,,,,,,,False,False,False,False,
1,after_stackelberg,OREO CHOCOLATE 110.4/105G,6,surplus_ratio,MM DA NANG,MM AN PHU,3.0,3.8,False,0.0,5.75,,,,,,,,False,False,False,False,
1,after_stackelberg,OREO CHOCOLATE 110.4/105G,6,surplus_ratio,MM DA NANG,MM BINH PHU,3.0,3.8,False,0.0,5.75,,,,,,,,False,False,False,False,
1,after_stackelberg,OREO CHOCOLATE 110.4/105G,6,time_urgency,MM DA NANG,MM AN PHU,3.0,3.8,False,0.0,5.75,,,,,,,,False,False,False,False,
1,after_stackelberg,OREO CHOCOLATE 110.4/105G,6,time_urgency,MM DA NANG,MM BINH PHU,3.0,3.8,False,0.0,5.75,,,,,,,,False,False,False,False,
1,after_stackelberg,OREO CHOCOLATE 110.4/105G,6,time_urgency,MM HIEP PHU,MM AN PHU,57.328,36.3968,False,0.0,38.57965557536689,,,,,,,,False,False,False,False,
1,after_stackelberg,OREO CHOCOLATE 110.4/105G,6,time_urgency,MM HIEP PHU,MM BINH PHU,21.799999999999997,15.079999999999998,False,0.0,15.910069975282552,,,,,,,,False,False,False,False,
1,after_stackelberg,OREO CHOCOLATE 110.4/105G,6,time_urgency,MM HIEP PHU,MM DA NANG,16.0,11.6,False,0.0,12.209225669932149,,,,,,,,False,False,False,False,
1,after_stackelberg,OREO CHOCOLATE 110.4/105G,6,negative_reduced_cost,MM DA NANG,MM AN PHU,3.0,3.8,False,0.0,5.75,,,,,,,,False,False,False,False,
1,after_stackelberg,OREO CHOCOLATE 110.4/105G,6,negative_reduced_cost,MM DA NANG,MM BINH PHU,3.0,3.8,False,0.0,5.75,,,,,,,,False,False,False,False,
1,after_stackelberg,OREO CHOCOLATE 110.4/105G,6,negative_reduced_cost,MM HIEP PHU,MM AN PHU,57.328,36.3968,False,0.0,38.57965557536689,,,,,,,,False,False,False,False,
1,after_stackelberg,OREO CHOCOLATE 110.4/105G,6,negative_reduced_cost,MM HIEP PHU,MM BINH PHU,21.799999999999997,15.079999999999998,False,0.0,15.910069975282552,,,,,,,,False,False,False,False,
1,after_stackelberg,OREO CHOCOLATE 110.4/105G,6,negative_reduced_cost,MM HIEP PHU,MM DA NANG,16.0,11.6,False,0.0,12.209225669932149,,,,,,,,False,False,False,False,
1,after_stackelberg,OREO CHOCOLATE 110.4/105G,7,shortage_ratio,MM HIEP PHU,MM AN PHU,31.936,21.1616,False,0.0,22.37091624864516,,,,,,,,False,False,False,False,
1,after_stackelberg,OREO CHOCOLATE 110.4/105G,7,shortage_ratio,MM HIEP PHU,MM DA NANG,19.0,13.4,False,0.0,14.119470463560182,,,,,,,,False,False,False,False,
1,after_stackelberg,OREO CHOCOLATE 110.4/105G,7,shortage_ratio,MM HIEP PHU,MM BINH PHU,9.0,7.3999999999999995,False,0.0,7.740801798528507,,,,,,,,False,False,False,False,
1,after_stackelberg,OREO CHOCOLATE 110.4/105G,7,surplus_ratio,MM HIEP PHU,MM AN PHU,31.936,21.1616,False,0.0,22.37091624864516,,,,,,,,False,False,False,False,
1,after_stackelberg,OREO CHOCOLATE 110.4/105G,7,surplus_ratio,MM HIEP PHU,MM BINH PHU,9.0,7.3999999999999995,False,0.0,7.740801798528507,,,,,,,,False,False,False,False,
1,after_stackelberg,OREO CHOCOLATE 110.4/105G,7,surplus_ratio,MM HIEP PHU,MM DA NANG,19.0,13.4,False,0.0,14.119470463560182,,,,,,,,False,False,False,False,
1,after_stackelberg,OREO CHOCOLATE 110.4/105G,7,time_urgency,MM HIEP PHU,MM AN PHU,31.936,21.1616,False,0.0,22.37091624864516,,,,,,,,False,False,False,False,
1,after_stackelberg,OREO CHOCOLATE 110.4/105G,7,time_urgency,MM HIEP PHU,MM BINH PHU,9.0,7.3999999999999995,False,0.0,7.740801798528507,,,,,,,,False,False,False,False,
1,after_stackelberg,OREO CHOCOLATE 110.4/105G,7,time_urgency,MM HIEP PHU,MM DA NANG,19.0,13.4,False,0.0,14.119470463560182,,,,,,,,False,False,False,False,
1,after_stackelberg,OREO CHOCOLATE 110.4/105G,7,negative_reduced_cost,MM HIEP PHU,MM AN PHU,31.936,21.1616,False,0.0,22.37091624864516,,,,,,,,False,False,False,False,
1,after_stackelberg,OREO CHOCOLATE 110.4/105G,7,negative_reduced_cost,MM HIEP PHU,MM BINH PHU,9.0,7.3999999999999995,False,0.0,7.740801798528507,,,,,,,,False,False,False,False,
1,after_stackelberg,OREO CHOCOLATE 110.4/105G,7,negative_reduced_cost,MM HIEP PHU,MM DA NANG,19.0,13.4,False,0.0,14.119470463560182,,,,,,,,False,False,False,False,
1,after_stackelberg,OREO VANILLA 110.4/105G,2,shortage_ratio,MM BINH PHU,MM AN PHU,41.80000000000001,27.080000000000005,False,0.0,29.256635514018697,,,,,,,,False,False,False,False,
1,after_stackelberg,OREO VANILLA 110.4/105G,2,shortage_ratio,MM DA NANG,MM AN PHU,99.87999999999997,61.927999999999976,False,0.0,62.716653700656806,,,,,,,,False,False,False,False,
1,after_stackelberg,OREO VANILLA 110.4/105G,2,shortage_ratio,MM HIEP PHU,MM AN PHU,99.87999999999997,61.927999999999976,False,0.0,63.665694788151455,,,,,,,,False,False,False,False,
1,after_stackelberg,OREO VANILLA 110.4/105G,2,surplus_ratio,MM DA NANG,MM AN PHU,99.87999999999997,61.927999999999976,False,0.0,62.716653700656806,,,,,,,,False,False,False,False,
1,after_stackelberg,OREO VANILLA 110.4/105G,2,surplus_ratio,MM HIEP PHU,MM AN PHU,99.87999999999997,61.927999999999976,False,0.0,63.665694788151455,,,,,,,,False,False,False,False,
1,after_stackelberg,OREO VANILLA 110.4/105G,2,surplus_ratio,MM BINH PHU,MM AN PHU,41.80000000000001,27.080000000000005,False,0.0,29.256635514018697,,,,,,,,False,False,False,False,
1,after_stackelberg,OREO VANILLA 110.4/105G,2,time_urgency,MM BINH PHU,MM AN PHU,41.80000000000001,27.080000000000005,False,0.0,29.256635514018697,,,,,,,,False,False,False,False,
1,after_stackelberg,OREO VANILLA 110.4/105G,2,time_urgency,MM DA NANG,MM AN PHU,99.87999999999997,61.927999999999976,False,0.0,62.716653700656806,,,,,,,,False,False,False,False,
1,after_stackelberg,OREO VANILLA 110.4/105G,2,time_urgency,MM HIEP PHU,MM AN PHU,99.87999999999997,61.927999999999976,False,0.0,63.665694788151455,,,,,,,,False,False,False,False,
1,after_stackelberg,OREO VANILLA 110.4/105G,2,negative_reduced_cost,MM BINH PHU,MM AN PHU,41.80000000000001,27.080000000000005,False,0.0,29.256635514018697,,,,,,,,False,False,False,False,
1,after_stackelberg,OREO VANILLA 110.4/105G,2,negative_reduced_cost,MM DA NANG,MM AN PHU,99.87999999999997,61.927999999999976,False,0.0,62.716653700656806,,,,,,,,False,False,False,False,
1,after_stackelberg,OREO VANILLA 110.4/105G,2,negative_reduced_cost,MM HIEP PHU,MM AN PHU,99.87999999999997,61.927999999999976,False,0.0,63.665694788151455,,,,,,,,False,False,False,False,
1,after_stackelberg,OREO VANILLA 110.4/105G,3,shortage_ratio,MM BINH PHU,MM AN PHU,45.80000000000001,29.480000000000008,False,0.0,31.658632478632484,,,,,,,,False,False,False,False,
1,after_stackelberg,OREO VANILLA 110.4/105G,3,shortage_ratio,MM DA NANG,MM AN PHU,185.60799999999995,113.36479999999996,False,0.0,114.82266091402413,,,,,,,,False,False,False,False,
1,after_stackelberg,OREO VANILLA 110.4/105G,3,shortage_ratio,MM HIEP PHU,MM AN PHU,123.0,75.8,False,0.0,77.99193548387096,,,,,,,,False,False,False,False,
1,after_stackelberg,OREO VANILLA 110.4/105G,3,surplus_ratio,MM DA NANG,MM AN PHU,185.60799999999995,113.36479999999996,False,0.0,114.82266091402413,,,,,,,,False,False,False,False,
1,after_stackelberg,OREO VANILLA 110.4/105G,3,surplus_ratio,MM HIEP PHU,MM AN PHU,123.0,75.8,False,0.0,77.99193548387096,,,,,,,,False,False,False,False,
1,after_stackelberg,OREO VANILLA 110.4/105G,3,surplus_ratio,MM BINH PHU,MM AN PHU,45.80000000000001,29.480000000000008,False,0.0,31.658632478632484,,,,,,,,False,False,False,False,
1,after_stackelberg,OREO VANILLA 110.4/105G,3,time_urgency,MM BINH PHU,MM AN PHU,45.80000000000001,29.480000000000008,False,0.0,31.658632478632484,,,,,,,,False,False,False,False,
1,after_stackelberg,OREO VANILLA 110.4/105G,3,time_urgency,MM DA NANG,MM AN PHU,185.60799999999995,113.36479999999996,False,0.0,114.82266091402413,,,,,,,,False,False,False,False,
1,after_stackelberg,OREO VANILLA 110.4/105G,3,time_urgency,MM HIEP PHU,MM AN PHU,123.0,75.8,False,0.0,77.99193548387096,,,,,,,,False,False,False,False,
1,after_stackelberg,OREO VANILLA 110.4/105G,3,negative_reduced_cost,MM BINH PHU,MM AN PHU,45.80000000000001,29.480000000000008,False,0.0,31.658632478632484,,,,,,,,False,False,False,False,
1,after_stackelberg,OREO VANILLA 110.4/105G,3,negative_reduced_cost,MM DA NANG,MM AN PHU,185.60799999999995,113.36479999999996,False,0.0,114.82266091402413,,,,,,,,False,False,False,False,
1,after_stackelberg,OREO VANILLA 110.4/105G,3,negative_reduced_cost,MM HIEP PHU,MM AN PHU,123.0,75.8,False,0.0,77.99193548387096,,,,,,,,False,False,False,False,
1,after_stackelberg,OREO VANILLA 110.4/105G,4,shortage_ratio,MM BINH PHU,MM AN PHU,32.80000000000001,21.680000000000007,False,0.0,23.850414201183437,,,,,,,,False,False,False,False,
1,after_stackelberg,OREO VANILLA 110.4/105G,4,shortage_ratio,MM DA NANG,MM AN PHU,279.06399999999996,169.43839999999997,False,0.0,171.63482938756852,,,,,,,,False,False,False,False,
1,after_stackelberg,OREO VANILLA 110.4/105G,4,shortage_ratio,MM HIEP PHU,MM AN PHU,115.0,71.0,False,0.0,73.19137931034483,,,,,,,,False,False,False,False,
1,after_stackelberg,OREO VANILLA 110.4/105G,4,surplus_ratio,MM DA NANG,MM AN PHU,279.06399999999996,169.43839999999997,False,0.0,171.63482938756852,,,,,,,,False,False,False,False,
1,after_stackelberg,OREO VANILLA 110.4/105G,4,surplus_ratio,MM HIEP PHU,MM AN PHU,115.0,71.0,False,0.0,73.19137931034483,,,,,,,,False,False,False,False,
1,after_stackelberg,OREO VANILLA 110.4/105G,4,surplus_ratio,MM BINH PHU,MM AN PHU,32.80000000000001,21.680000000000007,False,0.0,23.850414201183437,,,,,,,,False,False,False,False,
1,after_stackelberg,OREO VANILLA 110.4/105G,4,time_urgency,MM BINH PHU,MM AN PHU,32.80000000000001,21.680000000000007,False,0.0,23.850414201183437,,,,,,,,False,False,False,False,
1,after_stackelberg,OREO VANILLA 110.4/105G,4,time_urgency,MM DA NANG,MM AN PHU,279.06399999999996,169.43839999999997,False,0.0,171.63482938756852,,,,,,,,False,False,False,False,
1,after_stackelberg,OREO VANILLA 110.4/105G,4,time_urgency,MM HIEP PHU,MM AN PHU,115.0,71.0,False,0.0,73.19137931034483,,,,,,,,False,False,False,False,
1,after_stackelberg,OREO VANILLA 110.4/105G,4,negative_reduced_cost,MM BINH PHU,MM AN PHU,32.80000000000001,21.680000000000007,False,0.0,23.850414201183437,,,,,,,,False,False,False,False,
1,after_stackelberg,OREO VANILLA 110.4/105G,4,negative_reduced_cost,MM DA NANG,MM AN PHU,279.06399999999996,169.43839999999997,False,0.0,171.63482938756852,,,,,,,,False,False,False,False,
1,after_stackelberg,OREO VANILLA 110.4/105G,4,negative_reduced_cost,MM HIEP PHU,MM AN PHU,115.0,71.0,False,0.0,73.19137931034483,,,,,,,,False,False,False,False,
1,after_stackelberg,OREO VANILLA 110.4/105G,5,shortage_ratio,MM BINH PHU,MM AN PHU,40.80000000000001,26.480000000000008,False,0.0,28.65607655502393,,,,,,,,False,False,False,False,
1,after_stackelberg,OREO VANILLA 110.4/105G,5,shortage_ratio,MM HIEP PHU,MM AN PHU,120.26400000000001,74.1584,False,0.0,76.35015352948938,,,,,,,,False,False,False,False,
1,after_stackelberg,OREO VANILLA 110.4/105G,5,shortage_ratio,MM BINH PHU,MM DA NANG,38.656000000000034,25.19360000000002,False,0.0,27.255325865465828,,,,,,,,False,False,False,False,
1,after_stackelberg,OREO VANILLA 110.4/105G,5,shortage_ratio,MM HIEP PHU,MM DA NANG,38.656000000000034,25.19360000000002,False,0.0,25.89808699890195,,,,,,,,False,False,False,False,
1,after_stackelberg,OREO VANILLA 110.4/105G,5,surplus_ratio,MM HIEP PHU,MM AN PHU,120.26400000000001,74.1584,False,0.0,76.35015352948938,,,,,,,,False,False,False,False,
1,after_stackelberg,OREO VANILLA 110.4/105G,5,surplus_ratio,MM HIEP PHU,MM DA NANG,38.656000000000034,25.19360000000002,False,0.0,25.89808699890195,,,,,,,,False,False,False,False,
1,after_stackelberg,OREO VANILLA 110.4/105G,5,surplus_ratio,MM BINH PHU,MM AN PHU,40.80000000000001,26.480000000000008,False,0.0,28.65607655502393,,,,,,,,False,False,False,False,
1,after_stackelberg,OREO VANILLA 110.4/105G,5,surplus_ratio,MM BINH PHU,MM DA NANG,38.656000000000034,25.19360000000002,False,0.0,27.255325865465828,,,,,,,,False,False,False,False,
1,after_stackelberg,OREO VANILLA 110.4/105G,5,time_urgency,MM BINH PHU,MM AN PHU,40.80000000000001,26.480000000000008,False,0.0,28.65607655502393,,,,,,,,False,False,False,False,
1,after_stackelberg,OREO VANILLA 110.4/105G,5,time_urgency,MM HIEP PHU,MM AN PHU,120.26400000000001,74.1584,False,0.0,76.35015352948938,,,,,,,,False,False,False,False,
1,after_stackelberg,OREO VANILLA 110.4/105G,5,time_urgency,MM BINH PHU,MM DA NANG,38.656000000000034,25.19360000000002,False,0.0,27.255325865465828,,,,,,,,False,False,False,False,
1,after_stackelberg,OREO VANILLA 110.4/105G,5,time_urgency,MM HIEP PHU,MM DA NANG,38.656000000000034,25.19360000000002,False,0.0,25.89808699890195,,,,,,,,False,False,False,False,
1,after_stackelberg,OREO VANILLA 110.4/105G,5,negative_reduced_cost,MM BINH PHU,MM AN PHU,40.80000000000001,26.480000000000008,False,0.0,28.65607655502393,,,,,,,,False,False,False,False,
1,after_stackelberg,OREO VANILLA 110.4/105G,5,negative_reduced_cost,MM BINH PHU,MM DA NANG,38.656000000000034,25.19360000000002,False,0.0,27.255325865465828,,,,,,,,False,False,False,False,
1,after_stackelberg,OREO VANILLA 110.4/105G,5,negative_reduced_cost,MM HIEP PHU,MM AN PHU,120.26400000000001,74.1584,False,0.0,76.35015352948938,,,,,,,,False,False,False,False,
1,after_stackelberg,OREO VANILLA 110.4/105G,5,negative_reduced_cost,MM HIEP PHU,MM DA NANG,38.656000000000034,25.19360000000002,False,0.0,25.89808699890195,,,,,,,,False,False,False,False,
1,after_stackelberg,OREO VANILLA 110.4/105G,6,shortage_ratio,MM BINH PHU,MM AN PHU,23.80000000000001,16.28000000000001,False,0.0,18.439677419354847,,,,,,,,False,False,False,False,
1,after_stackelberg,OREO VANILLA 110.4/105G,6,shortage_ratio,MM DA NANG,MM AN PHU,29.04,19.424,False,0.0,20.220177041196308,,,,,,,,False,False,False,False,
1,after_stackelberg,OREO VANILLA 110.4/105G,6,shortage_ratio,MM HIEP PHU,MM AN PHU,29.04,19.424,False,0.0,19.94686418646128,,,,,,,,False,False,False,False,
1,after_stackelberg,OREO VANILLA 110.4/105G,6,surplus_ratio,MM HIEP PHU,MM AN PHU,29.04,19.424,False,0.0,19.94686418646128,,,,,,,,False,False,False,False,
1,after_stackelberg,OREO VANILLA 110.4/105G,6,surplus_ratio,MM DA NANG,MM AN PHU,29.04,19.424,False,0.0,20.220177041196308,,,,,,,,False,False,False,False,
1,after_stackelberg,OREO VANILLA 110.4/105G,6,surplus_ratio,MM BINH PHU,MM AN PHU,23.80000000000001,16.28000000000001,False,0.0,18.439677419354847,,,,,,,,False,False,False,False,
1,after_stackelberg,OREO VANILLA 110.4/105G,6,time_urgency,MM BINH PHU,MM AN PHU,23.80000000000001,16.28000000000001,False,0.0,18.439677419354847,,,,,,,,False,False,False,False,
1,after_stackelberg,OREO VANILLA 110.4/105G,6,time_urgency,MM DA NANG,MM AN PHU,29.04,19.424,False,0.0,20.220177041196308,,,,,,,,False,False,False,False,
1,after_stackelberg,OREO VANILLA 110.4/105G,6,time_urgency,MM HIEP PHU,MM AN PHU,29.04,19.424,False,0.0,19.94686418646128,,,,,,,,False,False,False,False,
1,after_stackelberg,OREO VANILLA 110.4/105G,6,negative_reduced_cost,MM BINH PHU,MM AN PHU,23.80000000000001,16.28000000000001,False,0.0,18.439677419354847,,,,,,,,False,False,False,False,
1,after_stackelberg,OREO VANILLA 110.4/105G,6,negative_reduced_cost,MM DA NANG,MM AN PHU,29.04,19.424,False,0.0,20.220177041196308,,,,,,,,False,False,False,False,
1,after_stackelberg,OREO VANILLA 110.4/105G,6,negative_reduced_cost,MM HIEP PHU,MM AN PHU,29.04,19.424,False,0.0,19.94686418646128,,,,,,,,False,False,False,False,
1,after_stackelberg,OREO VANILLA 110.4/105G,7,shortage_ratio,MM BINH PHU,MM AN PHU,5.800000000000011,5.480000000000007,False,0.0,7.532941176470596,,,,,,,,False,False,False,False,
1,after_stackelberg,OREO VANILLA 110.4/105G,7,shortage_ratio,MM DA NANG,MM AN PHU,45.04,29.023999999999997,False,0.0,30.22077923312671,,,,,,,,False,False,False,False,
1,after_stackelberg,OREO VANILLA 110.4/105G,7,shortage_ratio,MM HIEP PHU,MM AN PHU,45.04,29.023999999999997,False,0.0,29.844832326949057,,,,,,,,False,False,False,False,
1,after_stackelberg,OREO VANILLA 110.4/105G,7,surplus_ratio,MM HIEP PHU,MM AN PHU,45.04,29.023999999999997,False,0.0,29.844832326949057,,,,,,,,False,False,False,False,
1,after_stackelberg,OREO VANILLA 110.4/105G,7,surplus_ratio,MM DA NANG,MM AN PHU,45.04,29.023999999999997,False,0.0,30.22077923312671,,,,,,,,False,False,False,False,
1,after_stackelberg,OREO VANILLA 110.4/105G,7,surplus_ratio,MM BINH PHU,MM AN PHU,5.800000000000011,5.480000000000007,False,0.0,7.532941176470596,,,,,,,,False,False,False,False,
1,after_stackelberg,OREO VANILLA 110.4/105G,7,time_urgency,MM BINH PHU,MM AN PHU,5.800000000000011,5.480000000000007,False,0.0,7.532941176470596,,,,,,,,False,False,False,False,
1,after_stackelberg,OREO VANILLA 110.4/105G,7,time_urgency,MM DA NANG,MM AN PHU,45.04,29.023999999999997,False,0.0,30.22077923312671,,,,,,,,False,False,False,False,
1,after_stackelberg,OREO VANILLA 110.4/105G,7,time_urgency,MM HIEP PHU,MM AN PHU,45.04,29.023999999999997,False,0.0,29.844832326949057,,,,,,,,False,False,False,False,
1,after_stackelberg,OREO VANILLA 110.4/105G,7,negative_reduced_cost,MM BINH PHU,MM AN PHU,5.800000000000011,5.480000000000007,False,0.0,7.532941176470596,,,,,,,,False,False,False,False,
1,after_stackelberg,OREO VANILLA 110.4/105G,7,negative_reduced_cost,MM DA NANG,MM AN PHU,45.04,29.023999999999997,False,0.0,30.22077923312671,,,,,,,,False,False,False,False,
1,after_stackelberg,OREO VANILLA 110.4/105G,7,negative_reduced_cost,MM HIEP PHU,MM AN PHU,45.04,29.023999999999997,False,0.0,29.844832326949057,,,,,,,,False,False,False,False,
1,after_stackelberg,OREO CHOCOLATE 110.4/105G,2,shortage_ratio,MM BINH PHU,MM AN PHU,3.896034998189144,0.4415860007243424,False,0.0,6.333374092923259,,,,,,,,False,False,False,False,
1,after_stackelberg,OREO CHOCOLATE 110.4/105G,2,shortage_ratio,MM BINH PHU,MM DA NANG,2.3623153040246905,1.0550738783901235,False,0.0,4.6274907547120945,,,,,,,,False,False,False,False,
1,after_stackelberg,OREO CHOCOLATE 110.4/105G,2,shortage_ratio,MM AN PHU,MM DA NANG,2.3623153040246905,1.4643108437584822,False,0.0,3.640978512384422,,,,,,,,False,False,False,False,
1,after_stackelberg,OREO CHOCOLATE 110.4/105G,2,surplus_ratio,MM BINH PHU,MM AN PHU,3.896034998189144,0.4415860007243424,False,0.0,6.333374092923259,,,,,,,,False,False,False,False,
1,after_stackelberg,OREO CHOCOLATE 110.4/105G,2,surplus_ratio,MM BINH PHU,MM DA NANG,2.3623153040246905,1.0550738783901235,False,0.0,4.6274907547120945,,,,,,,,False,False,False,False,
1,after_stackelberg,OREO CHOCOLATE 110.4/105G,2,surplus_ratio,MM AN PHU,MM DA NANG,2.3623153040246905,1.4643108437584822,False,0.0,3.640978512384422,,,,,,,,False,False,False,False,
1,after_stackelberg,OREO CHOCOLATE 110.4/105G,2,time_urgency,MM BINH PHU,MM AN PHU,3.896034998189144,0.4415860007243424,False,0.0,6.333374092923259,,,,,,,,False,False,False,False,
1,after_stackelberg,OREO CHOCOLATE 110.4/105G,2,time_urgency,MM BINH PHU,MM DA NANG,2.3623153040246905,1.0550738783901235,False,0.0,4.6274907547120945,,,,,,,,False,False,False,False,
1,after_stackelberg,OREO CHOCOLATE 110.4/105G,2,time_urgency,MM AN PHU,MM DA NANG,2.3623153040246905,1.4643108437584822,False,0.0,3.640978512384422,,,,,,,,False,False,False,False,
1,after_stackelberg,OREO CHOCOLATE 110.4/105G,2,negative_reduced_cost,MM BINH PHU,MM AN PHU,3.896034998189144,0.4415860007243424,False,0.0,6.333374092923259,,,,,,,,False,False,False,False,
1,after_stackelberg,OREO CHOCOLATE 110.4/105G,2,negative_reduced_cost,MM BINH PHU,MM DA NANG,2.3623153040246905,1.0550738783901235,False,0.0,4.6274907547120945,,,,,,,,False,False,False,False,
1,after_stackelberg,OREO CHOCOLATE 110.4/105G,2,negative_reduced_cost,MM AN PHU,MM DA NANG,2.3623153040246905,1.4643108437584822,False,0.0,3.640978512384422,,,,,,,,False,False,False,False,
1,after_stackelberg,OREO CHOCOLATE 110.4/105G,5,shortage_ratio,MM BINH PHU,MM AN PHU,0.8547819898831772,0.23782943295346115,False,0.0,4.173722272375539,,,,,,,,False,False,False,False,
1,after_stackelberg,OREO CHOCOLATE 110.4/105G,5,shortage_ratio,MM BINH PHU,MM DA NANG,0.8547819898831772,0.23782943295346115,False,0.0,4.173722272375539,,,,,,,,False,False,False,False,
1,after_stackelberg,OREO CHOCOLATE 110.4/105G,5,surplus_ratio,MM BINH PHU,MM AN PHU,0.8547819898831772,0.23782943295346115,False,0.0,4.173722272375539,,,,,,,,False,False,False,False,
1,after_stackelberg,OREO CHOCOLATE 110.4/105G,5,surplus_ratio,MM BINH PHU,MM DA NANG,0.8547819898831772,0.23782943295346115,False,0.0,4.173722272375539,,,,,,,,False,False,False,False,
1,after_stackelberg,OREO CHOCOLATE 110.4/105G,5,time_urgency,MM BINH PHU,MM AN PHU,0.8547819898831772,0.23782943295346115,False,0.0,4.173722272375539,,,,,,,,False,False,False,False,
1,after_stackelberg,OREO CHOCOLATE 110.4/105G,5,time_urgency,MM BINH PHU,MM DA NANG,0.8547819898831772,0.23782943295346115,False,0.0,4.173722272375539,,,,,,,,False,False,False,False,
1,after_stackelberg,OREO CHOCOLATE 110.4/105G,5,negative_reduced_cost,MM BINH PHU,MM AN PHU,0.8547819898831772,0.23782943295346115,False,0.0,4.173722272375539,,,,,,,,False,False,False,False,
1,after_stackelberg,OREO CHOCOLATE 110.4/105G,5,negative_reduced_cost,MM BINH PHU,MM DA NANG,0.8547819898831772,0.23782943295346115,False,0.0,4.173722272375539,,,,,,,,False,False,False,False,
