episode,stage,product,period,feature_name,donor_store,receiver_store,qty_cap,reduced_cost_proxy,stackelberg_accepted,acceptance_score,compensation,pattern_id,pattern_reduced_cost,gnn_score,gnn_combined_score,gnn_selected,gnn_selected_by_fallback,adaptive_k_star,duplicate_id_reject,duplicate_signature_reject,empty_flow_reject,added_to_pool,signature
1,after_stackelberg,OREO CHOCOLATE 110.4/105G,1,shortage_ratio,MM AN PHU,MM DA NANG,5.6114121294395005,-0.24456485177580056,False,0.0,5.855863813575095,,,,,,,,False,False,False,False,
1,after_stackelberg,OREO CHOCOLATE 110.4/105G,1,shortage_ratio,MM BINH DUONG,MM DA NANG,5.6114121294395005,-0.24456485177580056,False,0.0,5.863740103376299,,,,,,,,False,False,False,False,
1,after_stackelberg,OREO CHOCOLATE 110.4/105G,1,shortage_ratio,MM BINH PHU,MM DA NANG,5.6114121294395005,-0.24456485177580056,False,0.0,5.679384028416171,,,,,,,,False,False,False,False,
1,after_stackelberg,OREO CHOCOLATE 110.4/105G,1,shortage_ratio,MM HIEP PHU,MM DA NANG,5.6114121294395005,-0.24456485177580056,False,0.0,5.570580533984196,,,,,,,,False,False,False,False,
1,stackelberg_pricing_fallback,OREO CHOCOLATE 110.4/105G,1,shortage_ratio,MM AN PHU,MM DA NANG,5.6114121294395005,-0.24456485177580056,False,0.1,5.855863813575095,,,,,,,,False,False,False,False,
1,stackelberg_pricing_fallback,OREO CHOCOLATE 110.4/105G,1,shortage_ratio,MM BINH DUONG,MM DA NANG,5.6114121294395005,-0.24456485177580056,False,0.1,5.863740103376299,,,,,,,,False,False,False,False,
1,stackelberg_pricing_fallback,OREO CHOCOLATE 110.4/105G,1,shortage_ratio,MM BINH PHU,MM DA NANG,5.6114121294395005,-0.24456485177580056,False,0.1,5.679384028416171,,,,,,,,False,False,False,False,
1,stackelberg_pricing_fallback,OREO CHOCOLATE 110.4/105G,1,shortage_ratio,MM HIEP PHU,MM DA NANG,5.6114121294395005,-0.24456485177580056,False,0.1,5.570580533984196,,,,,,,,False,False,False,False,
1,after_stackelberg,OREO CHOCOLATE 110.4/105G,1,surplus_ratio,MM HIEP PHU,MM DA NANG,5.6114121294395005,-0.24456485177580056,False,0.0,5.570580533984196,,,,,,,,False,False,False,False,
1,after_stackelberg,OREO CHOCOLATE 110.4/105G,1,surplus_ratio,MM BINH PHU,MM DA NANG,5.6114121294395005,-0.24456485177580056,False,0.0,5.679384028416171,,,,,,,,False,False,False,False,
1,after_stackelberg,OREO CHOCOLATE 110.4/105G,1,surplus_ratio,MM AN PHU,MM DA NANG,5.6114121294395005,-0.24456485177580056,False,0.0,5.855863813575095,,,,,,,,False,False,False,False,
1,after_stackelberg,OREO CHOCOLATE 110.4/105G,1,surplus_ratio,MM BINH DUONG,MM DA NANG,5.6114121294395005,-0.24456485177580056,False,0.0,5.863740103376299,,,,,,,,False,False,False,False,
1,stackelberg_pricing_fallback,OREO CHOCOLATE 110.4/105G,1,surplus_ratio,MM HIEP PHU,MM DA NANG,5.6114121294395005,-0.24456485177580056,False,0.1,5.570580533984196,,,,,,,,False,False,False,False,
1,stackelberg_pricing_fallback,OREO CHOCOLATE 110.4/105G,1,surplus_ratio,MM BINH PHU,MM DA NANG,5.6114121294395005,-0.24456485177580056,False,0.1,5.679384028416171,,,,,,,,False,False,False,False,
1,stackelberg_pricing_fallback,OREO CHOCOLATE 110.4/105G,1,surplus_ratio,MM AN PHU,MM DA NANG,5.6114121294395005,-0.24456485177580056,False,0.1,5.855863813575095,,,,,,,,False,False,False,False,
1,stackelberg_pricing_fallback,OREO CHOCOLATE 110.4/105G,1,surplus_ratio,MM BINH DUONG,MM DA NANG,5.6114121294395005,-0.24456485177580056,False,0.1,5.863740103376299,,,,,,,,False,False,False,False,
1,after_stackelberg,OREO CHOCOLATE 110.4/105G,1,time_urgency,MM AN PHU,MM DA NANG,5.6114121294395005,-0.24456485177580056,False,0.0,5.855863813575095,,,,,,,,False,False,False,False,
1,after_stackelberg,OREO CHOCOLATE 110.4/105G,1,time_urgency,MM BINH DUONG,MM DA NANG,5.6114121294395005,-0.24456485177580056,False,0.0,5.863740103376299,,,,,,,,False,False,False,False,
1,after_stackelberg,OREO CHOCOLATE 110.4/105G,1,time_urgency,MM BINH PHU,MM DA NANG,5.6114121294395005,-0.24456485177580056,False,0.0,5.679384028416171,,,,,,,,False,False,False,False,
1,after_stackelberg,OREO CHOCOLATE 110.4/105G,1,time_urgency,MM HIEP PHU,MM DA NANG,5.6114121294395005,-0.24456485177580056,False,0.0,5.570580533984196,,,,,,,,False,False,False,False,
1,stackelberg_pricing_fallback,OREO CHOCOLATE 110.4/105G,1,time_urgency,MM AN PHU,MM DA NANG,5.6114121294395005,-0.24456485177580056,False,0.1,5.855863813575095,,,,,,,,False,False,False,False,
1,stackelberg_pricing_fallback,OREO CHOCOLATE 110.4/105G,1,time_urgency,MM BINH DUONG,MM DA NANG,5.6114121294395005,-0.24456485177580056,False,0.1,5.863740103376299,,,,,,,,False,False,False,False,
1,stackelberg_pricing_fallback,OREO CHOCOLATE 110.4/105G,1,time_urgency,MM BINH PHU,MM DA NANG,5.6114121294395005,-0.24456485177580056,False,0.1,5.679384028416171,,,,,,,,False,False,False,False,
1,stackelberg_pricing_fallback,OREO CHOCOLATE 110.4/105G,1,time_urgency,MM HIEP PHU,MM DA NANG,5.6114121294395005,-0.24456485177580056,False,0.1,5.570580533984196,,,,,,,,False,False,False,False,
1,after_stackelberg,OREO CHOCOLATE 110.4/105G,1,negative_reduced_cost,MM AN PHU,MM DA NANG,5.6114121294395005,-0.24456485177580056,False,0.0,5.855863813575095,,,,,,,,False,False,False,False,
1,after_stackelberg,OREO CHOCOLATE 110.4/105G,1,negative_reduced_cost,MM BINH DUONG,MM DA NANG,5.6114121294395005,-0.24456485177580056,False,0.0,5.863740103376299,,,,,,,,False,False,False,False,
1,after_stackelberg,OREO CHOCOLATE 110.4/105G,1,negative_reduced_cost,MM BINH PHU,MM DA NANG,5.6114121294395005,-0.24456485177580056,False,0.0,5.679384028416171,,,,,,,,False,False,False,False,
1,after_stackelberg,OREO CHOCOLATE 110.4/105G,1,negative_reduced_cost,MM HIEP PHU,MM DA NANG,5.6114121294395005,-0.24456485177580056,False,0.0,5.570580533984196,,,,,,,,False,False,False,False,
1,stackelberg_pricing_fallback,OREO CHOCOLATE 110.4/105G,1,negative_reduced_cost,MM AN PHU,MM DA NANG,5.6114121294395005,-0.24456485177580056,False,0.1,5.855863813575095,,,,,,,,False,False,False,False,
1,stackelberg_pricing_fallback,OREO CHOCOLATE 110.4/105G,1,negative_reduced_cost,MM BINH DUONG,MM DA NANG,5.6114121294395005,-0.24456485177580056,False,0.1,5.863740103376299,,,,,,,,False,False,False,False,
1,stackelberg_pricing_fallback,OREO CHOCOLATE 110.4/105G,1,negative_reduced_cost,MM BINH PHU,MM DA NANG,5.6114121294395005,-0.24456485177580056,False,0.1,5.679384028416171,,,,,,,,False,False,False,False,
1,stackelberg_pricing_fallback,OREO CHOCOLATE 110.4/105G,1,negative_reduced_cost,MM HIEP PHU,MM DA NANG,5.6114121294395005,-0.24456485177580056,False,0.1,5.570580533984196,,,,,,,,False,False,False,False,
1,after_stackelberg,OREO CHOCOLATE 110.4/105G,2,shortage_ratio,MM BINH PHU,MM AN PHU,46.2,-16.48,False,0.0,31.898813559322036,,,,,,,,False,False,False,False,
1,after_stackelberg,OREO CHOCOLATE 110.4/105G,2,shortage_ratio,MM HIEP PHU,MM AN PHU,48.575980116800785,-17.430392046720314,False,0.0,33.32541701148226,,,,,,,,False,False,False,False,
1,after_stackelberg,OREO CHOCOLATE 110.4/105G,2,shortage_ratio,MM AN PHU,MM DA NANG,4.236604302417831,0.30535827903286794,False,0.0,4.942950339397366,,,,,,,,False,False,False,False,
1,after_stackelberg,OREO CHOCOLATE 110.4/105G,2,shortage_ratio,MM BINH PHU,MM DA NANG,4.236604302417831,0.30535827903286794,False,0.0,4.741762817372561,,,,,,,,False,False,False,False,
1,after_stackelberg,OREO CHOCOLATE 110.4/105G,2,shortage_ratio,MM HIEP PHU,MM DA NANG,4.236604302417831,0.30535827903286794,False,0.0,4.732078615125614,,,,,,,,False,False,False,False,
1,stackelberg_pricing_fallback,OREO CHOCOLATE 110.4/105G,2,shortage_ratio,MM HIEP PHU,MM AN PHU,48.575980116800785,-17.430392046720314,False,0.1,33.32541701148226,,,,,,,,False,False,False,False,
1,stackelberg_pricing_fallback,OREO CHOCOLATE 110.4/105G,2,shortage_ratio,MM BINH PHU,MM AN PHU,46.2,-16.48,False,0.1,31.898813559322036,,,,,,,,False,False,False,False,
1,after_stackelberg,OREO CHOCOLATE 110.4/105G,2,surplus_ratio,MM HIEP PHU,MM AN PHU,48.575980116800785,-17.430392046720314,False,0.0,33.32541701148226,,,,,,,,False,False,False,False,
1,after_stackelberg,OREO CHOCOLATE 110.4/105G,2,surplus_ratio,MM HIEP PHU,MM DA NANG,4.236604302417831,0.30535827903286794,False,0.0,4.732078615125614,,,,,,,,False,False,False,False,
1,after_stackelberg,OREO CHOCOLATE 110.4/105G,2,surplus_ratio,MM BINH PHU,MM AN PHU,46.2,-16.48,False,0.0,31.898813559322036,,,,,,,,False,False,False,False,
1,after_stackelberg,OREO CHOCOLATE 110.4/105G,2,surplus_ratio,MM BINH PHU,MM DA NANG,4.236604302417831,0.30535827903286794,False,0.0,4.741762817372561,,,,,,,,False,False,False,False,
1,after_stackelberg,OREO CHOCOLATE 110.4/105G,2,surplus_ratio,MM AN PHU,MM DA NANG,4.236604302417831,0.30535827903286794,False,0.0,4.942950339397366,,,,,,,,False,False,False,False,
1,stackelberg_pricing_fallback,OREO CHOCOLATE 110.4/105G,2,surplus_ratio,MM HIEP PHU,MM AN PHU,48.575980116800785,-17.430392046720314,False,0.1,33.32541701148226,,,,,,,,False,False,False,False,
1,stackelberg_pricing_fallback,OREO CHOCOLATE 110.4/105G,2,surplus_ratio,MM BINH PHU,MM AN PHU,46.2,-16.48,False,0.1,31.898813559322036,,,,,,,,False,False,False,False,
1,after_stackelberg,OREO CHOCOLATE 110.4/105G,2,time_urgency,MM BINH PHU,MM AN PHU,46.2,-16.48,False,0.0,31.898813559322036,,,,,,,,False,False,False,False,
1,after_stackelberg,OREO CHOCOLATE 110.4/105G,2,time_urgency,MM HIEP PHU,MM AN PHU,48.575980116800785,-17.430392046720314,False,0.0,33.32541701148226,,,,,,,,False,False,False,False,
1,after_stackelberg,OREO CHOCOLATE 110.4/105G,2,time_urgency,MM AN PHU,MM DA NANG,4.236604302417831,0.30535827903286794,False,0.0,4.942950339397366,,,,,,,,False,False,False,False,
1,after_stackelberg,OREO CHOCOLATE 110.4/105G,2,time_urgency,MM BINH PHU,MM DA NANG,4.236604302417831,0.30535827903286794,False,0.0,4.741762817372561,,,,,,,,False,False,False,False,
1,after_stackelberg,OREO CHOCOLATE 110.4/105G,2,time_urgency,MM HIEP PHU,MM DA NANG,4.236604302417831,0.30535827903286794,False,0.0,4.732078615125614,,,,,,,,False,False,False,False,
1,stackelberg_pricing_fallback,OREO CHOCOLATE 110.4/105G,2,time_urgency,MM HIEP PHU,MM AN PHU,48.575980116800785,-17.430392046720314,False,0.1,33.32541701148226,,,,,,,,False,False,False,False,
1,stackelberg_pricing_fallback,OREO CHOCOLATE 110.4/105G,2,time_urgency,MM BINH PHU,MM AN PHU,46.2,-16.48,False,0.1,31.898813559322036,,,,,,,,False,False,False,False,
1,after_stackelberg,OREO CHOCOLATE 110.4/105G,2,negative_reduced_cost,MM HIEP PHU,MM AN PHU,48.575980116800785,-17.430392046720314,False,0.0,33.32541701148226,,,,,,,,False,False,False,False,
1,after_stackelberg,OREO CHOCOLATE 110.4/105G,2,negative_reduced_cost,MM BINH PHU,MM AN PHU,46.2,-16.48,False,0.0,31.898813559322036,,,,,,,,False,False,False,False,
1,after_stackelberg,OREO CHOCOLATE 110.4/105G,2,negative_reduced_cost,MM AN PHU,MM DA NANG,4.236604302417831,0.30535827903286794,False,0.0,4.942950339397366,,,,,,,,False,False,False,False,
1,after_stackelberg,OREO CHOCOLATE 110.4/105G,2,negative_reduced_cost,MM BINH PHU,MM DA NANG,4.236604302417831,0.30535827903286794,False,0.0,4.741762817372561,,,,,,,,False,False,False,False,
1,after_stackelberg,OREO CHOCOLATE 110.4/105G,2,negative_reduced_cost,MM HIEP PHU,MM DA NANG,4.236604302417831,0.30535827903286794,False,0.0,4.732078615125614,,,,,,,,False,False,False,False,
1,stackelberg_pricing_fallback,OREO CHOCOLATE 110.4/105G,2,negative_reduced_cost,MM HIEP PHU,MM AN PHU,48.575980116800785,-17.430392046720314,False,0.1,33.32541701148226,,,,,,,,False,False,False,False,
1,stackelberg_pricing_fallback,OREO CHOCOLATE 110.4/105G,2,negative_reduced_cost,MM BINH PHU,MM AN PHU,46.2,-16.48,False,0.1,31.898813559322036,,,,,,,,False,False,False,False,
1,after_stackelberg,OREO CHOCOLATE 110.4/105G,3,shortage_ratio,MM BINH DUONG,MM AN PHU,17.3897925390665,-14247.19600651109,False,0.0,14.579497530981548,,,,,,,,False,False,False,False,
1,after_stackelberg,OREO CHOCOLATE 110.4/105G,3,shortage_ratio,MM BINH PHU,MM AN PHU,7.826015539820368,-6410.63713332881,False,0.0,8.782307914497654,,,,,,,,False,False,False,False,
1,after_stackelberg,OREO CHOCOLATE 110.4/105G,3,shortage_ratio,MM HIEP PHU,MM AN PHU,25.269495208410937,-20703.82437377192,False,0.0,19.323630158320842,,,,,,,,False,False,False,False,
1,stackelberg_pricing_fallback,OREO CHOCOLATE 110.4/105G,3,shortage_ratio,MM HIEP PHU,MM AN PHU,25.269495208410937,-20703.82437377192,False,0.1,19.323630158320842,,,,,,,,False,False,False,False,
1,stackelberg_pricing_fallback,OREO CHOCOLATE 110.4/105G,3,shortage_ratio,MM BINH DUONG,MM AN PHU,17.3897925390665,-14247.19600651109,False,0.1,14.579497530981548,,,,,,,,False,False,False,False,
1,stackelberg_pricing_fallback,OREO CHOCOLATE 110.4/105G,3,shortage_ratio,MM BINH PHU,MM AN PHU,7.826015539820368,-6410.63713332881,False,0.1,8.782307914497654,,,,,,,,False,False,False,False,
1,after_stackelberg,OREO CHOCOLATE 110.4/105G,3,surplus_ratio,MM HIEP PHU,MM AN PHU,25.269495208410937,-20703.82437377192,False,0.0,19.323630158320842,,,,,,,,False,False,False,False,
1,after_stackelberg,OREO CHOCOLATE 110.4/105G,3,surplus_ratio,MM BINH DUONG,MM AN PHU,17.3897925390665,-14247.19600651109,False,0.0,14.579497530981548,,,,,,,,False,False,False,False,
1,after_stackelberg,OREO CHOCOLATE 110.4/105G,3,surplus_ratio,MM BINH PHU,MM AN PHU,7.826015539820368,-6410.63713332881,False,0.0,8.782307914497654,,,,,,,,False,False,False,False,
1,stackelberg_pricing_fallback,OREO CHOCOLATE 110.4/105G,3,surplus_ratio,MM HIEP PHU,MM AN PHU,25.269495208410937,-20703.82437377192,False,0.1,19.323630158320842,,,,,,,,False,False,False,False,
1,stackelberg_pricing_fallback,OREO CHOCOLATE 110.4/105G,3,surplus_ratio,MM BINH DUONG,MM AN PHU,17.3897925390665,-14247.19600651109,False,0.1,14.579497530981548,,,,,,,,False,False,False,False,
1,stackelberg_pricing_fallback,OREO CHOCOLATE 110.4/105G,3,surplus_ratio,MM BINH PHU,MM AN PHU,7.826015539820368,-6410.63713332881,False,0.1,8.782307914497654,,,,,,,,False,False,False,False,
1,after_stackelberg,OREO CHOCOLATE 110.4/105G,3,time_urgency,MM BINH DUONG,MM AN PHU,17.3897925390665,-14247.19600651109,False,0.0,14.579497530981548,,,,,,,,False,False,False,False,
1,after_stackelberg,OREO CHOCOLATE 110.4/105G,3,time_urgency,MM BINH PHU,MM AN PHU,7.826015539820368,-6410.63713332881,False,0.0,8.782307914497654,,,,,,,,False,False,False,False,
1,after_stackelberg,OREO CHOCOLATE 110.4/105G,3,time_urgency,MM HIEP PHU,MM AN PHU,25.269495208410937,-20703.82437377192,False,0.0,19.323630158320842,,,,,,,,False,False,False,False,
1,stackelberg_pricing_fallback,OREO CHOCOLATE 110.4/105G,3,time_urgency,MM HIEP PHU,MM AN PHU,25.269495208410937,-20703.82437377192,False,0.1,19.323630158320842,,,,,,,,False,False,False,False,
1,stackelberg_pricing_fallback,OREO CHOCOLATE 110.4/105G,3,time_urgency,MM BINH DUONG,MM AN PHU,17.3897925390665,-14247.19600651109,False,0.1,14.579497530981548,,,,,,,,False,False,False,False,
1,stackelberg_pricing_fallback,OREO CHOCOLATE 110.4/105G,3,time_urgency,MM BINH PHU,MM AN PHU,7.826015539820368,-6410.63713332881,False,0.1,8.782307914497654,,,,,,,,False,False,False,False,
1,after_stackelberg,OREO CHOCOLATE 110.4/105G,3,negative_reduced_cost,MM HIEP PHU,MM AN PHU,25.269495208410937,-20703.82437377192,False,0.0,19.323630158320842,,,,,,,,False,False,False,False,
1,after_stackelberg,OREO CHOCOLATE 110.4/105G,3,negative_reduced_cost,MM BINH DUONG,MM AN PHU,17.3897925390665,-14247.19600651109,False,0.0,14.579497530981548,,,,,,,,False,False,False,False,
1,after_stackelberg,OREO CHOCOLATE 110.4/105G,3,negative_reduced_cost,MM BINH PHU,MM AN PHU,7.826015539820368,-6410.63713332881,False,0.0,8.782307914497654,,,,,,,,False,False,False,False,
1,stackelberg_pricing_fallback,OREO CHOCOLATE 110.4/105G,3,negative_reduced_cost,MM HIEP PHU,MM AN PHU,25.269495208410937,-20703.82437377192,False,0.1,19.323630158320842,,,,,,,,False,False,False,False,
1,stackelberg_pricing_fallback,OREO CHOCOLATE 110.4/105G,3,negative_reduced_cost,MM BINH DUONG,MM AN PHU,17.3897925390665,-14247.19600651109,False,0.1,14.579497530981548,,,,,,,,False,False,False,False,
1,stackelberg_pricing_fallback,OREO CHOCOLATE 110.4/105G,3,negative_reduced_cost,MM BINH PHU,MM AN PHU,7.826015539820368,-6410.63713332881,False,0.1,8.782307914497654,,,,,,,,False,False,False,False,
1,after_stackelberg,OREO CHOCOLATE 110.4/105G,4,shortage_ratio,MM BINH DUONG,MM AN PHU,7.692927321840976,-6301.584647516495,False,0.0,8.700720345640171,,,,,,,,False,False,False,False,
1,after_stackelberg,OREO CHOCOLATE 110.4/105G,4,shortage_ratio,MM HIEP PHU,MM AN PHU,29.377664704417032,-24070.058458799314,False,0.0,21.793679899825495,,,,,,,,False,False,False,False,
1,stackelberg_pricing_fallback,OREO CHOCOLATE 110.4/105G,4,shortage_ratio,MM HIEP PHU,MM AN PHU,29.377664704417032,-24070.058458799314,False,0.1,21.793679899825495,,,,,,,,False,False,False,False,
1,stackelberg_pricing_fallback,OREO CHOCOLATE 110.4/105G,4,shortage_ratio,MM BINH DUONG,MM AN PHU,7.692927321840976,-6301.584647516495,False,0.1,8.700720345640171,,,,,,,,False,False,False,False,
1,after_stackelberg,OREO CHOCOLATE 110.4/105G,4,surplus_ratio,MM HIEP PHU,MM AN PHU,29.377664704417032,-24070.058458799314,False,0.0,21.793679899825495,,,,,,,,False,False,False,False,
1,after_stackelberg,OREO CHOCOLATE 110.4/105G,4,surplus_ratio,MM BINH DUONG,MM AN PHU,7.692927321840976,-6301.584647516495,False,0.0,8.700720345640171,,,,,,,,False,False,False,False,
1,stackelberg_pricing_fallback,OREO CHOCOLATE 110.4/105G,4,surplus_ratio,MM HIEP PHU,MM AN PHU,29.377664704417032,-24070.058458799314,False,0.1,21.793679899825495,,,,,,,,False,False,False,False,
1,stackelberg_pricing_fallback,OREO CHOCOLATE 110.4/105G,4,surplus_ratio,MM BINH DUONG,MM AN PHU,7.692927321840976,-6301.584647516495,False,0.1,8.700720345640171,,,,,,,,False,False,False,False,
1,after_stackelberg,OREO CHOCOLATE 110.4/105G,4,time_urgency,MM BINH DUONG,MM AN PHU,7.692927321840976,-6301.584647516495,False,0.0,8.700720345640171,,,,,,,,False,False,False,False,
1,after_stackelberg,OREO CHOCOLATE 110.4/105G,4,time_urgency,MM HIEP PHU,MM AN PHU,29.377664704417032,-24070.058458799314,False,0.0,21.793679899825495,,,,,,,,False,False,False,False,
1,stackelberg_pricing_fallback,OREO CHOCOLATE 110.4/105G,4,time_urgency,MM HIEP PHU,MM AN PHU,29.377664704417032,-24070.058458799314,False,0.1,21.793679899825495,,,,,,,,False,False,False,False,
1,stackelberg_pricing_fallback,OREO CHOCOLATE 110.4/105G,4,time_urgency,MM BINH DUONG,MM AN PHU,7.692927321840976,-6301.584647516495,False,0.1,8.700720345640171,,,,,,,,False,False,False,False,
1,after_stackelberg,OREO CHOCOLATE 110.4/105G,4,negative_reduced_cost,MM HIEP PHU,MM AN PHU,29.377664704417032,-24070.058458799314,False,0.0,21.793679899825495,,,,,,,,False,False,False,False,
1,after_stackelberg,OREO CHOCOLATE 110.4/105G,4,negative_reduced_cost,MM BINH DUONG,MM AN PHU,7.692927321840976,-6301.584647516495,False,0.0,8.700720345640171,,,,,,,,False,False,False,False,
1,stackelberg_pricing_fallback,OREO CHOCOLATE 110.4/105G,4,negative_reduced_cost,MM HIEP PHU,MM AN PHU,29.377664704417032,-24070.058458799314,False,0.1,21.793679899825495,,,,,,,,False,False,False,False,
1,stackelberg_pricing_fallback,OREO CHOCOLATE 110.4/105G,4,negative_reduced_cost,MM BINH DUONG,MM AN PHU,7.692927321840976,-6301.584647516495,False,0.1,8.700720345640171,,,,,,,,False,False,False,False,
1,after_stackelberg,OREO CHOCOLATE 110.4/105G,5,shortage_ratio,MM BINH DUONG,MM AN PHU,4.469180268209772,-3660.046311771088,False,0.0,6.698665403700871,,,,,,,,False,False,False,False,
1,after_stackelberg,OREO CHOCOLATE 110.4/105G,5,shortage_ratio,MM HIEP PHU,MM AN PHU,42.60897019528174,-34911.79017801386,False,0.0,29.742451055153087,,,,,,,,False,False,False,False,
1,after_stackelberg,OREO CHOCOLATE 110.4/105G,5,shortage_ratio,MM BINH DUONG,MM BINH PHU,4.469180268209772,0.21232789271609143,False,0.0,6.698665403700871,,,,,,,,False,False,False,False,
1,after_stackelberg,OREO CHOCOLATE 110.4/105G,5,shortage_ratio,MM HIEP PHU,MM BINH PHU,5.799999999999997,-0.3199999999999985,False,0.0,5.776346045971926,,,,,,,,False,False,False,False,
1,stackelberg_pricing_fallback,OREO CHOCOLATE 110.4/105G,5,shortage_ratio,MM HIEP PHU,MM AN PHU,42.60897019528174,-34911.79017801386,False,0.1,29.742451055153087,,,,,,,,False,False,False,False,
1,stackelberg_pricing_fallback,OREO CHOCOLATE 110.4/105G,5,shortage_ratio,MM BINH DUONG,MM AN PHU,4.469180268209772,-3660.046311771088,False,0.1,6.698665403700871,,,,,,,,False,False,False,False,
1,stackelberg_pricing_fallback,OREO CHOCOLATE 110.4/105G,5,shortage_ratio,MM HIEP PHU,MM BINH PHU,5.799999999999997,-0.3199999999999985,False,0.1,5.776346045971926,,,,,,,,False,False,False,False,
1,after_stackelberg,OREO CHOCOLATE 110.4/105G,5,surplus_ratio,MM HIEP PHU,MM AN PHU,42.60897019528174,-34911.79017801386,False,0.0,29.742451055153087,,,,,,,,False,False,False,False,
1,after_stackelberg,OREO CHOCOLATE 110.4/105G,5,surplus_ratio,MM BINH DUONG,MM AN PHU,4.469180268209772,-3660.046311771088,False,0.0,6.698665403700871,,,,,,,,False,False,False,False,
1,after_stackelberg,OREO CHOCOLATE 110.4/105G,5,surplus_ratio,MM HIEP PHU,MM BINH PHU,5.799999999999997,-0.3199999999999985,False,0.0,5.776346045971926,,,,,,,,False,False,False,False,
1,after_stackelberg,OREO CHOCOLATE 110.4/105G,5,surplus_ratio,MM BINH DUONG,MM BINH PHU,4.469180268209772,0.21232789271609143,False,0.0,6.698665403700871,,,,,,,,False,False,False,False,
1,stackelberg_pricing_fallback,OREO CHOCOLATE 110.4/105G,5,surplus_ratio,MM HIEP PHU,MM AN PHU,42.60897019528174,-34911.79017801386,False,0.1,29.742451055153087,,,,,,,,False,False,False,False,
1,stackelberg_pricing_fallback,OREO CHOCOLATE 110.4/105G,5,surplus_ratio,MM BINH DUONG,MM AN PHU,4.469180268209772,-3660.046311771088,False,0.1,6.698665403700871,,,,,,,,False,False,False,False,
1,stackelberg_pricing_fallback,OREO CHOCOLATE 110.4/105G,5,surplus_ratio,MM HIEP PHU,MM BINH PHU,5.799999999999997,-0.3199999999999985,False,0.1,5.776346045971926,,,,,,,,False,False,False,False,
1,after_stackelberg,OREO CHOCOLATE 110.4/105G,5,time_urgency,MM BINH DUONG,MM AN PHU,4.469180268209772,-3660.046311771088,False,0.0,6.698665403700871,,,,,,,,False,False,False,False,
1,after_stackelberg,OREO CHOCOLATE 110.4/105G,5,time_urgency,MM HIEP PHU,MM AN PHU,42.60897019528174,-34911.79017801386,False,0.0,29.742451055153087,,,,,,,,False,False,False,False,
1,after_stackelberg,OREO CHOCOLATE 110.4/105G,5,time_urgency,MM BINH DUONG,MM BINH PHU,4.469180268209772,0.21232789271609143,False,0.0,6.698665403700871,,,,,,,,False,False,False,False,
1,after_stackelberg,OREO CHOCOLATE 110.4/105G,5,time_urgency,MM HIEP PHU,MM BINH PHU,5.799999999999997,-0.3199999999999985,False,0.0,5.776346045971926,,,,,,,,False,False,False,False,
1,stackelberg_pricing_fallback,OREO CHOCOLATE 110.4/105G,5,time_urgency,MM HIEP PHU,MM AN PHU,42.60897019528174,-34911.79017801386,False,0.1,29.742451055153087,,,,,,,,False,False,False,False,
1,stackelberg_pricing_fallback,OREO CHOCOLATE 110.4/105G,5,time_urgency,MM BINH DUONG,MM AN PHU,4.469180268209772,-3660.046311771088,False,0.1,6.698665403700871,,,,,,,,False,False,False,False,
1,stackelberg_pricing_fallback,OREO CHOCOLATE 110.4/105G,5,time_urgency,MM HIEP PHU,MM BINH PHU,5.799999999999997,-0.3199999999999985,False,0.1,5.776346045971926,,,,,,,,False,False,False,False,
1,after_stackelberg,OREO CHOCOLATE 110.4/105G,5,negative_reduced_cost,MM HIEP PHU,MM AN PHU,42.60897019528174,-34911.79017801386,False,0.0,29.742451055153087,,,,,,,,False,False,False,False,
1,after_stackelberg,OREO CHOCOLATE 110.4/105G,5,negative_reduced_cost,MM BINH DUONG,MM AN PHU,4.469180268209772,-3660.046311771088,False,0.0,6.698665403700871,,,,,,,,False,False,False,False,
1,after_stackelberg,OREO CHOCOLATE 110.4/105G,5,negative_reduced_cost,MM HIEP PHU,MM BINH PHU,5.799999999999997,-0.3199999999999985,False,0.0,5.776346045971926,,,,,,,,False,False,False,False,
1,after_stackelberg,OREO CHOCOLATE 110.4/105G,5,negative_reduced_cost,MM BINH DUONG,MM BINH PHU,4.469180268209772,0.21232789271609143,False,0.0,6.698665403700871,,,,,,,,False,False,False,False,
1,stackelberg_pricing_fallback,OREO CHOCOLATE 110.4/105G,5,negative_reduced_cost,MM HIEP PHU,MM AN PHU,42.60897019528174,-34911.79017801386,False,0.1,29.742451055153087,,,,,,,,False,False,False,False,
1,stackelberg_pricing_fallback,OREO CHOCOLATE 110.4/105G,5,negative_reduced_cost,MM BINH DUONG,MM AN PHU,4.469180268209772,-3660.046311771088,False,0.1,6.698665403700871,,,,,,,,False,False,False,False,
1,stackelberg_pricing_fallback,OREO CHOCOLATE 110.4/105G,5,negative_reduced_cost,MM HIEP PHU,MM BINH PHU,5.799999999999997,-0.3199999999999985,False,0.1,5.776346045971926,,,,,,,,False,False,False,False,
1,after_stackelberg,OREO CHOCOLATE 110.4/105G,6,shortage_ratio,MM HIEP PHU,MM AN PHU,19.14170297309868,-15682.711416157059,False,0.0,15.635373548983756,,,,,,,,False,False,False,False,
1,after_stackelberg,OREO CHOCOLATE 110.4/105G,6,shortage_ratio,MM HIEP PHU,MM BINH PHU,7.6299431608576,-1.0519772643430398,False,0.0,7.435102890375986,,,,,,,,False,False,False,False,
1,after_stackelberg,OREO CHOCOLATE 110.4/105G,6,shortage_ratio,MM HIEP PHU,MM DA NANG,6.977693423990203,-0.7910773695960813,False,0.0,6.970480237840196,,,,,,,,False,False,False,False,
1,after_stackelberg,OREO CHOCOLATE 110.4/105G,6,shortage_ratio,MM DA NANG,MM AN PHU,3.0,8876.379613023335,False,0.0,5.75,,,,,,,,False,False,False,False,
1,after_stackelberg,OREO CHOCOLATE 110.4/105G,6,shortage_ratio,MM DA NANG,MM BINH PHU,3.0,11333.379613023335,False,0.0,5.75,,,,,,,,False,False,False,False,
1,stackelberg_pricing_fallback,OREO CHOCOLATE 110.4/105G,6,shortage_ratio,MM HIEP PHU,MM AN PHU,19.14170297309868,-15682.711416157059,False,0.1,15.635373548983756,,,,,,,,False,False,False,False,
1,stackelberg_pricing_fallback,OREO CHOCOLATE 110.4/105G,6,shortage_ratio,MM HIEP PHU,MM BINH PHU,7.6299431608576,-1.0519772643430398,False,0.1,7.435102890375986,,,,,,,,False,False,False,False,
1,stackelberg_pricing_fallback,OREO CHOCOLATE 110.4/105G,6,shortage_ratio,MM HIEP PHU,MM DA NANG,6.977693423990203,-0.7910773695960813,False,0.1,6.970480237840196,,,,,,,,False,False,False,False,
1,after_stackelberg,OREO CHOCOLATE 110.4/105G,6,surplus_ratio,MM HIEP PHU,MM AN PHU,19.14170297309868,-15682.711416157059,False,0.0,15.635373548983756,,,,,,,,False,False,False,False,
1,after_stackelberg,OREO CHOCOLATE 110.4/105G,6,surplus_ratio,MM HIEP PHU,MM BINH PHU,7.6299431608576,-1.0519772643430398,False,0.0,7.435102890375986,,,,,,,,False,False,False,False,
1,after_stackelberg,OREO CHOCOLATE 110.4/105G,6,surplus_ratio,MM HIEP PHU,MM DA NANG,6.977693423990203,-0.7910773695960813,False,0.0,6.970480237840196,,,,,,,,False,False,False,False,
1,after_stackelberg,OREO CHOCOLATE 110.4/105G,6,surplus_ratio,MM DA NANG,MM AN PHU,3.0,8876.379613023335,False,0.0,5.75,,,,,,,,False,False,False,False,
1,after_stackelberg,OREO CHOCOLATE 110.4/105G,6,surplus_ratio,MM DA NANG,MM BINH PHU,3.0,11333.379613023335,False,0.0,5.75,,,,,,,,False,False,False,False,
1,stackelberg_pricing_fallback,OREO CHOCOLATE 110.4/105G,6,surplus_ratio,MM HIEP PHU,MM AN PHU,19.14170297309868,-15682.711416157059,False,0.1,15.635373548983756,,,,,,,,False,False,False,False,
1,stackelberg_pricing_fallback,OREO CHOCOLATE 110.4/105G,6,surplus_ratio,MM HIEP PHU,MM BINH PHU,7.6299431608576,-1.0519772643430398,False,0.1,7.435102890375986,,,,,,,,False,False,False,False,
1,stackelberg_pricing_fallback,OREO CHOCOLATE 110.4/105G,6,surplus_ratio,MM HIEP PHU,MM DA NANG,6.977693423990203,-0.7910773695960813,False,0.1,6.970480237840196,,,,,,,,False,False,False,False,
1,after_stackelberg,OREO CHOCOLATE 110.4/105G,6,time_urgency,MM HIEP PHU,MM AN PHU,19.14170297309868,-15682.711416157059,False,0.0,15.635373548983756,,,,,,,,False,False,False,False,
1,after_stackelberg,OREO CHOCOLATE 110.4/105G,6,time_urgency,MM HIEP PHU,MM DA NANG,6.977693423990203,-0.7910773695960813,False,0.0,6.970480237840196,,,,,,,,False,False,False,False,
1,after_stackelberg,OREO CHOCOLATE 110.4/105G,6,time_urgency,MM HIEP PHU,MM BINH PHU,7.6299431608576,-1.0519772643430398,False,0.0,7.435102890375986,,,,,,,,False,False,False,False,
1,after_stackelberg,OREO CHOCOLATE 110.4/105G,6,time_urgency,MM DA NANG,MM AN PHU,3.0,8876.379613023335,False,0.0,5.75,,,,,,,,False,False,False,False,
1,after_stackelberg,OREO CHOCOLATE 110.4/105G,6,time_urgency,MM DA NANG,MM BINH PHU,3.0,11333.379613023335,False,0.0,5.75,,,,,,,,False,False,False,False,
1,stackelberg_pricing_fallback,OREO CHOCOLATE 110.4/105G,6,time_urgency,MM HIEP PHU,MM AN PHU,19.14170297309868,-15682.711416157059,False,0.1,15.635373548983756,,,,,,,,False,False,False,False,
1,stackelberg_pricing_fallback,OREO CHOCOLATE 110.4/105G,6,time_urgency,MM HIEP PHU,MM BINH PHU,7.6299431608576,-1.0519772643430398,False,0.1,7.435102890375986,,,,,,,,False,False,False,False,
1,stackelberg_pricing_fallback,OREO CHOCOLATE 110.4/105G,6,time_urgency,MM HIEP PHU,MM DA NANG,6.977693423990203,-0.7910773695960813,False,0.1,6.970480237840196,,,,,,,,False,False,False,False,
1,after_stackelberg,OREO CHOCOLATE 110.4/105G,6,negative_reduced_cost,MM HIEP PHU,MM AN PHU,19.14170297309868,-15682.711416157059,False,0.0,15.635373548983756,,,,,,,,False,False,False,False,
1,after_stackelberg,OREO CHOCOLATE 110.4/105G,6,negative_reduced_cost,MM HIEP PHU,MM BINH PHU,7.6299431608576,-1.0519772643430398,False,0.0,7.435102890375986,,,,,,,,False,False,False,False,
1,after_stackelberg,OREO CHOCOLATE 110.4/105G,6,negative_reduced_cost,MM HIEP PHU,MM DA NANG,6.977693423990203,-0.7910773695960813,False,0.0,6.970480237840196,,,,,,,,False,False,False,False,
1,after_stackelberg,OREO CHOCOLATE 110.4/105G,6,negative_reduced_cost,MM DA NANG,MM AN PHU,3.0,8876.379613023335,False,0.0,5.75,,,,,,,,False,False,False,False,
1,after_stackelberg,OREO CHOCOLATE 110.4/105G,6,negative_reduced_cost,MM DA NANG,MM BINH PHU,3.0,11333.379613023335,False,0.0,5.75,,,,,,,,False,False,False,False,
1,stackelberg_pricing_fallback,OREO CHOCOLATE 110.4/105G,6,negative_reduced_cost,MM HIEP PHU,MM AN PHU,19.14170297309868,-15682.711416157059,False,0.1,15.635373548983756,,,,,,,,False,False,False,False,
1,stackelberg_pricing_fallback,OREO CHOCOLATE 110.4/105G,6,negative_reduced_cost,MM HIEP PHU,MM BINH PHU,7.6299431608576,-1.0519772643430398,False,0.1,7.435102890375986,,,,,,,,False,False,False,False,
1,stackelberg_pricing_fallback,OREO CHOCOLATE 110.4/105G,6,negative_reduced_cost,MM HIEP PHU,MM DA NANG,6.977693423990203,-0.7910773695960813,False,0.1,6.970480237840196,,,,,,,,False,False,False,False,
1,after_stackelberg,OREO CHOCOLATE 110.4/105G,7,shortage_ratio,MM BINH DUONG,MM AN PHU,3.4334094815302816,-2811.3357291659127,False,0.0,6.034485653427193,,,,,,,,False,False,False,False,
1,after_stackelberg,OREO CHOCOLATE 110.4/105G,7,shortage_ratio,MM HIEP PHU,MM AN PHU,2.7167749046512384,-2224.1253568712245,False,0.0,5.561014482202296,,,,,,,,False,False,False,False,
1,after_stackelberg,OREO CHOCOLATE 110.4/105G,7,shortage_ratio,MM BINH DUONG,MM DA NANG,2.9010061431814016,-2375.0844337228405,False,0.0,5.408876141377981,,,,,,,,False,False,False,False,
1,after_stackelberg,OREO CHOCOLATE 110.4/105G,7,shortage_ratio,MM HIEP PHU,MM DA NANG,2.7167749046512384,-2224.1253568712245,False,0.0,5.561014482202296,,,,,,,,False,False,False,False,
1,stackelberg_pricing_fallback,OREO CHOCOLATE 110.4/105G,7,shortage_ratio,MM BINH DUONG,MM AN PHU,3.4334094815302816,-2811.3357291659127,False,0.1,6.034485653427193,,,,,,,,False,False,False,False,
1,stackelberg_pricing_fallback,OREO CHOCOLATE 110.4/105G,7,shortage_ratio,MM BINH DUONG,MM DA NANG,2.9010061431814016,-2375.0844337228405,False,0.1,5.408876141377981,,,,,,,,False,False,False,False,
1,stackelberg_pricing_fallback,OREO CHOCOLATE 110.4/105G,7,shortage_ratio,MM HIEP PHU,MM AN PHU,2.7167749046512384,-2224.1253568712245,False,0.1,5.561014482202296,,,,,,,,False,False,False,False,
1,stackelberg_pricing_fallback,OREO CHOCOLATE 110.4/105G,7,shortage_ratio,MM HIEP PHU,MM DA NANG,2.7167749046512384,-2224.1253568712245,False,0.1,5.561014482202296,,,,,,,,False,False,False,False,
1,after_stackelberg,OREO CHOCOLATE 110.4/105G,7,surplus_ratio,MM BINH DUONG,MM AN PHU,3.4334094815302816,-2811.3357291659127,False,0.0,6.034485653427193,,,,,,,,False,False,False,False,
1,after_stackelberg,OREO CHOCOLATE 110.4/105G,7,surplus_ratio,MM BINH DUONG,MM DA NANG,2.9010061431814016,-2375.0844337228405,False,0.0,5.408876141377981,,,,,,,,False,False,False,False,
1,after_stackelberg,OREO CHOCOLATE 110.4/105G,7,surplus_ratio,MM HIEP PHU,MM AN PHU,2.7167749046512384,-2224.1253568712245,False,0.0,5.561014482202296,,,,,,,,False,False,False,False,
1,after_stackelberg,OREO CHOCOLATE 110.4/105G,7,surplus_ratio,MM HIEP PHU,MM DA NANG,2.7167749046512384,-2224.1253568712245,False,0.0,5.561014482202296,,,,,,,,False,False,False,False,
1,stackelberg_pricing_fallback,OREO CHOCOLATE 110.4/105G,7,surplus_ratio,MM BINH DUONG,MM AN PHU,3.4334094815302816,-2811.3357291659127,False,0.1,6.034485653427193,,,,,,,,False,False,False,False,
1,stackelberg_pricing_fallback,OREO CHOCOLATE 110.4/105G,7,surplus_ratio,MM BINH DUONG,MM DA NANG,2.9010061431814016,-2375.0844337228405,False,0.1,5.408876141377981,,,,,,,,False,False,False,False,
1,stackelberg_pricing_fallback,OREO CHOCOLATE 110.4/105G,7,surplus_ratio,MM HIEP PHU,MM AN PHU,2.7167749046512384,-2224.1253568712245,False,0.1,5.561014482202296,,,,,,,,False,False,False,False,
1,stackelberg_pricing_fallback,OREO CHOCOLATE 110.4/105G,7,surplus_ratio,MM HIEP PHU,MM DA NANG,2.7167749046512384,-2224.1253568712245,False,0.1,5.561014482202296,,,,,,,,False,False,False,False,
1,after_stackelberg,OREO CHOCOLATE 110.4/105G,7,time_urgency,MM BINH DUONG,MM AN PHU,3.4334094815302816,-2811.3357291659127,False,0.0,6.034485653427193,,,,,,,,False,False,False,False,
1,after_stackelberg,OREO CHOCOLATE 110.4/105G,7,time_urgency,MM HIEP PHU,MM AN PHU,2.7167749046512384,-2224.1253568712245,False,0.0,5.561014482202296,,,,,,,,False,False,False,False,
1,after_stackelberg,OREO CHOCOLATE 110.4/105G,7,time_urgency,MM BINH DUONG,MM DA NANG,2.9010061431814016,-2375.0844337228405,False,0.0,5.408876141377981,,,,,,,,False,False,False,False,
1,after_stackelberg,OREO CHOCOLATE 110.4/105G,7,time_urgency,MM HIEP PHU,MM DA NANG,2.7167749046512384,-2224.1253568712245,False,0.0,5.561014482202296,,,,,,,,False,False,False,False,
1,stackelberg_pricing_fallback,OREO CHOCOLATE 110.4/105G,7,time_urgency,MM BINH DUONG,MM AN PHU,3.4334094815302816,-2811.3357291659127,False,0.1,6.034485653427193,,,,,,,,False,False,False,False,
1,stackelberg_pricing_fallback,OREO CHOCOLATE 110.4/105G,7,time_urgency,MM BINH DUONG,MM DA NANG,2.9010061431814016,-2375.0844337228405,False,0.1,5.408876141377981,,,,,,,,False,False,False,False,
1,stackelberg_pricing_fallback,OREO CHOCOLATE 110.4/105G,7,time_urgency,MM HIEP PHU,MM AN PHU,2.7167749046512384,-2224.1253568712245,False,0.1,5.561014482202296,,,,,,,,False,False,False,False,
1,stackelberg_pricing_fallback,OREO CHOCOLATE 110.4/105G,7,time_urgency,MM HIEP PHU,MM DA NANG,2.7167749046512384,-2224.1253568712245,False,0.1,5.561014482202296,,,,,,,,False,False,False,False,
1,after_stackelberg,OREO CHOCOLATE 110.4/105G,7,negative_reduced_cost,MM BINH DUONG,MM AN PHU,3.4334094815302816,-2811.3357291659127,False,0.0,6.034485653427193,,,,,,,,False,False,False,False,
1,after_stackelberg,OREO CHOCOLATE 110.4/105G,7,negative_reduced_cost,MM BINH DUONG,MM DA NANG,2.9010061431814016,-2375.0844337228405,False,0.0,5.408876141377981,,,,,,,,False,False,False,False,
1,after_stackelberg,OREO CHOCOLATE 110.4/105G,7,negative_reduced_cost,MM HIEP PHU,MM AN PHU,2.7167749046512384,-2224.1253568712245,False,0.0,5.561014482202296,,,,,,,,False,False,False,False,
1,after_stackelberg,OREO CHOCOLATE 110.4/105G,7,negative_reduced_cost,MM HIEP PHU,MM DA NANG,2.7167749046512384,-2224.1253568712245,False,0.0,5.561014482202296,,,,,,,,False,False,False,False,
1,stackelberg_pricing_fallback,OREO CHOCOLATE 110.4/105G,7,negative_reduced_cost,MM BINH DUONG,MM AN PHU,3.4334094815302816,-2811.3357291659127,False,0.1,6.034485653427193,,,,,,,,False,False,False,False,
1,stackelberg_pricing_fallback,OREO CHOCOLATE 110.4/105G,7,negative_reduced_cost,MM BINH DUONG,MM DA NANG,2.9010061431814016,-2375.0844337228405,False,0.1,5.408876141377981,,,,,,,,False,False,False,False,
1,stackelberg_pricing_fallback,OREO CHOCOLATE 110.4/105G,7,negative_reduced_cost,MM HIEP PHU,MM AN PHU,2.7167749046512384,-2224.1253568712245,False,0.1,5.561014482202296,,,,,,,,False,False,False,False,
1,stackelberg_pricing_fallback,OREO CHOCOLATE 110.4/105G,7,negative_reduced_cost,MM HIEP PHU,MM DA NANG,2.7167749046512384,-2224.1253568712245,False,0.1,5.561014482202296,,,,,,,,False,False,False,False,
1,after_stackelberg,OREO VANILLA 110.4/105G,2,shortage_ratio,MM BINH DUONG,MM AN PHU,31.796352283153375,-10.71854091326135,False,0.0,22.523145232015196,,,,,,,,False,False,False,False,
1,after_stackelberg,OREO VANILLA 110.4/105G,2,shortage_ratio,MM BINH PHU,MM AN PHU,31.796352283153375,-10.71854091326135,False,0.0,23.212198301744618,,,,,,,,False,False,False,False,
1,after_stackelberg,OREO VANILLA 110.4/105G,2,shortage_ratio,MM DA NANG,MM AN PHU,31.796352283153375,-10.71854091326135,False,0.0,21.363276844554623,,,,,,,,False,False,False,False,
1,after_stackelberg,OREO VANILLA 110.4/105G,2,shortage_ratio,MM HIEP PHU,MM AN PHU,31.796352283153375,-10.71854091326135,False,0.0,21.701997705655337,,,,,,,,False,False,False,False,
1,stackelberg_pricing_fallback,OREO VANILLA 110.4/105G,2,shortage_ratio,MM BINH DUONG,MM AN PHU,31.796352283153375,-10.71854091326135,False,0.1,22.523145232015196,,,,,,,,False,False,False,False,
1,stackelberg_pricing_fallback,OREO VANILLA 110.4/105G,2,shortage_ratio,MM BINH PHU,MM AN PHU,31.796352283153375,-10.71854091326135,False,0.1,23.212198301744618,,,,,,,,False,False,False,False,
1,stackelberg_pricing_fallback,OREO VANILLA 110.4/105G,2,shortage_ratio,MM DA NANG,MM AN PHU,31.796352283153375,-10.71854091326135,False,0.1,21.363276844554623,,,,,,,,False,False,False,False,
1,stackelberg_pricing_fallback,OREO VANILLA 110.4/105G,2,shortage_ratio,MM HIEP PHU,MM AN PHU,31.796352283153375,-10.71854091326135,False,0.1,21.701997705655337,,,,,,,,False,False,False,False,
1,after_stackelberg,OREO VANILLA 110.4/105G,2,surplus_ratio,MM DA NANG,MM AN PHU,31.796352283153375,-10.71854091326135,False,0.0,21.363276844554623,,,,,,,,False,False,False,False,
1,after_stackelberg,OREO VANILLA 110.4/105G,2,surplus_ratio,MM HIEP PHU,MM AN PHU,31.796352283153375,-10.71854091326135,False,0.0,21.701997705655337,,,,,,,,False,False,False,False,
1,after_stackelberg,OREO VANILLA 110.4/105G,2,surplus_ratio,MM BINH DUONG,MM AN PHU,31.796352283153375,-10.71854091326135,False,0.0,22.523145232015196,,,,,,,,False,False,False,False,
1,after_stackelberg,OREO VANILLA 110.4/105G,2,surplus_ratio,MM BINH PHU,MM AN PHU,31.796352283153375,-10.71854091326135,False,0.0,23.212198301744618,,,,,,,,False,False,False,False,
1,stackelberg_pricing_fallback,OREO VANILLA 110.4/105G,2,surplus_ratio,MM DA NANG,MM AN PHU,31.796352283153375,-10.71854091326135,False,0.1,21.363276844554623,,,,,,,,False,False,False,False,
1,stackelberg_pricing_fallback,OREO VANILLA 110.4/105G,2,surplus_ratio,MM HIEP PHU,MM AN PHU,31.796352283153375,-10.71854091326135,False,0.1,21.701997705655337,,,,,,,,False,False,False,False,
1,stackelberg_pricing_fallback,OREO VANILLA 110.4/105G,2,surplus_ratio,MM BINH DUONG,MM AN PHU,31.796352283153375,-10.71854091326135,False,0.1,22.523145232015196,,,,,,,,False,False,False,False,
1,stackelberg_pricing_fallback,OREO VANILLA 110.4/105G,2,surplus_ratio,MM BINH PHU,MM AN PHU,31.796352283153375,-10.71854091326135,False,0.1,23.212198301744618,,,,,,,,False,False,False,False,
1,after_stackelberg,OREO VANILLA 110.4/105G,2,time_urgency,MM BINH DUONG,MM AN PHU,31.796352283153375,-10.71854091326135,False,0.0,22.523145232015196,,,,,,,,False,False,False,False,
1,after_stackelberg,OREO VANILLA 110.4/105G,2,time_urgency,MM BINH PHU,MM AN PHU,31.796352283153375,-10.71854091326135,False,0.0,23.212198301744618,,,,,,,,False,False,False,False,
1,after_stackelberg,OREO VANILLA 110.4/105G,2,time_urgency,MM DA NANG,MM AN PHU,31.796352283153375,-10.71854091326135,False,0.0,21.363276844554623,,,,,,,,False,False,False,False,
1,after_stackelberg,OREO VANILLA 110.4/105G,2,time_urgency,MM HIEP PHU,MM AN PHU,31.796352283153375,-10.71854091326135,False,0.0,21.701997705655337,,,,,,,,False,False,False,False,
1,stackelberg_pricing_fallback,OREO VANILLA 110.4/105G,2,time_urgency,MM BINH DUONG,MM AN PHU,31.796352283153375,-10.71854091326135,False,0.1,22.523145232015196,,,,,,,,False,False,False,False,
1,stackelberg_pricing_fallback,OREO VANILLA 110.4/105G,2,time_urgency,MM BINH PHU,MM AN PHU,31.796352283153375,-10.71854091326135,False,0.1,23.212198301744618,,,,,,,,False,False,False,False,
1,stackelberg_pricing_fallback,OREO VANILLA 110.4/105G,2,time_urgency,MM DA NANG,MM AN PHU,31.796352283153375,-10.71854091326135,False,0.1,21.363276844554623,,,,,,,,False,False,False,False,
1,stackelberg_pricing_fallback,OREO VANILLA 110.4/105G,2,time_urgency,MM HIEP PHU,MM AN PHU,31.796352283153375,-10.71854091326135,False,0.1,21.701997705655337,,,,,,,,False,False,False,False,
1,after_stackelberg,OREO VANILLA 110.4/105G,2,negative_reduced_cost,MM BINH DUONG,MM AN PHU,31.796352283153375,-10.71854091326135,False,0.0,22.523145232015196,,,,,,,,False,False,False,False,
1,after_stackelberg,OREO VANILLA 110.4/105G,2,negative_reduced_cost,MM BINH PHU,MM AN PHU,31.796352283153375,-10.71854091326135,False,0.0,23.212198301744618,,,,,,,,False,False,False,False,
1,after_stackelberg,OREO VANILLA 110.4/105G,2,negative_reduced_cost,MM DA NANG,MM AN PHU,31.796352283153375,-10.71854091326135,False,0.0,21.363276844554623,,,,,,,,False,False,False,False,
1,after_stackelberg,OREO VANILLA 110.4/105G,2,negative_reduced_cost,MM HIEP PHU,MM AN PHU,31.796352283153375,-10.71854091326135,False,0.0,21.701997705655337,,,,,,,,False,False,False,False,
1,stackelberg_pricing_fallback,OREO VANILLA 110.4/105G,2,negative_reduced_cost,MM BINH DUONG,MM AN PHU,31.796352283153375,-10.71854091326135,False,0.1,22.523145232015196,,,,,,,,False,False,False,False,
1,stackelberg_pricing_fallback,OREO VANILLA 110.4/105G,2,negative_reduced_cost,MM BINH PHU,MM AN PHU,31.796352283153375,-10.71854091326135,False,0.1,23.212198301744618,,,,,,,,False,False,False,False,
1,stackelberg_pricing_fallback,OREO VANILLA 110.4/105G,2,negative_reduced_cost,MM DA NANG,MM AN PHU,31.796352283153375,-10.71854091326135,False,0.1,21.363276844554623,,,,,,,,False,False,False,False,
1,stackelberg_pricing_fallback,OREO VANILLA 110.4/105G,2,negative_reduced_cost,MM HIEP PHU,MM AN PHU,31.796352283153375,-10.71854091326135,False,0.1,21.701997705655337,,,,,,,,False,False,False,False,
1,after_stackelberg,OREO VANILLA 110.4/105G,3,shortage_ratio,MM BINH DUONG,MM AN PHU,32.1407178131982,-10.85628712527928,False,0.0,23.45425632640881,,,,,,,,False,False,False,False,
1,after_stackelberg,OREO VANILLA 110.4/105G,3,shortage_ratio,MM BINH PHU,MM AN PHU,17.264731577862868,-4.905892631145148,False,0.0,14.50408862116615,,,,,,,,False,False,False,False,
1,after_stackelberg,OREO VANILLA 110.4/105G,3,shortage_ratio,MM DA NANG,MM AN PHU,77.18774796465003,-28.875099185860016,False,0.0,49.01753103578754,,,,,,,,False,False,False,False,
1,after_stackelberg,OREO VANILLA 110.4/105G,3,shortage_ratio,MM HIEP PHU,MM AN PHU,77.18774796465003,-28.875099185860016,False,0.0,49.92668467965586,,,,,,,,False,False,False,False,
1,stackelberg_pricing_fallback,OREO VANILLA 110.4/105G,3,shortage_ratio,MM DA NANG,MM AN PHU,77.18774796465003,-28.875099185860016,False,0.1,49.01753103578754,,,,,,,,False,False,False,False,
1,stackelberg_pricing_fallback,OREO VANILLA 110.4/105G,3,shortage_ratio,MM HIEP PHU,MM AN PHU,77.18774796465003,-28.875099185860016,False,0.1,49.92668467965586,,,,,,,,False,False,False,False,
1,stackelberg_pricing_fallback,OREO VANILLA 110.4/105G,3,shortage_ratio,MM BINH DUONG,MM AN PHU,32.1407178131982,-10.85628712527928,False,0.1,23.45425632640881,,,,,,,,False,False,False,False,
1,stackelberg_pricing_fallback,OREO VANILLA 110.4/105G,3,shortage_ratio,MM BINH PHU,MM AN PHU,17.264731577862868,-4.905892631145148,False,0.1,14.50408862116615,,,,,,,,False,False,False,False,
1,after_stackelberg,OREO VANILLA 110.4/105G,3,surplus_ratio,MM DA NANG,MM AN PHU,77.18774796465003,-28.875099185860016,False,0.0,49.01753103578754,,,,,,,,False,False,False,False,
1,after_stackelberg,OREO VANILLA 110.4/105G,3,surplus_ratio,MM HIEP PHU,MM AN PHU,77.18774796465003,-28.875099185860016,False,0.0,49.92668467965586,,,,,,,,False,False,False,False,
1,after_stackelberg,OREO VANILLA 110.4/105G,3,surplus_ratio,MM BINH DUONG,MM AN PHU,32.1407178131982,-10.85628712527928,False,0.0,23.45425632640881,,,,,,,,False,False,False,False,
1,after_stackelberg,OREO VANILLA 110.4/105G,3,surplus_ratio,MM BINH PHU,MM AN PHU,17.264731577862868,-4.905892631145148,False,0.0,14.50408862116615,,,,,,,,False,False,False,False,
1,stackelberg_pricing_fallback,OREO VANILLA 110.4/105G,3,surplus_ratio,MM DA NANG,MM AN PHU,77.18774796465003,-28.875099185860016,False,0.1,49.01753103578754,,,,,,,,False,False,False,False,
1,stackelberg_pricing_fallback,OREO VANILLA 110.4/105G,3,surplus_ratio,MM HIEP PHU,MM AN PHU,77.18774796465003,-28.875099185860016,False,0.1,49.92668467965586,,,,,,,,False,False,False,False,
1,stackelberg_pricing_fallback,OREO VANILLA 110.4/105G,3,surplus_ratio,MM BINH DUONG,MM AN PHU,32.1407178131982,-10.85628712527928,False,0.1,23.45425632640881,,,,,,,,False,False,False,False,
1,stackelberg_pricing_fallback,OREO VANILLA 110.4/105G,3,surplus_ratio,MM BINH PHU,MM AN PHU,17.264731577862868,-4.905892631145148,False,0.1,14.50408862116615,,,,,,,,False,False,False,False,
1,after_stackelberg,OREO VANILLA 110.4/105G,3,time_urgency,MM BINH DUONG,MM AN PHU,32.1407178131982,-10.85628712527928,False,0.0,23.45425632640881,,,,,,,,False,False,False,False,
1,after_stackelberg,OREO VANILLA 110.4/105G,3,time_urgency,MM BINH PHU,MM AN PHU,17.264731577862868,-4.905892631145148,False,0.0,14.50408862116615,,,,,,,,False,False,False,False,
1,after_stackelberg,OREO VANILLA 110.4/105G,3,time_urgency,MM DA NANG,MM AN PHU,77.18774796465003,-28.875099185860016,False,0.0,49.01753103578754,,,,,,,,False,False,False,False,
1,after_stackelberg,OREO VANILLA 110.4/105G,3,time_urgency,MM HIEP PHU,MM AN PHU,77.18774796465003,-28.875099185860016,False,0.0,49.92668467965586,,,,,,,,False,False,False,False,
1,stackelberg_pricing_fallback,OREO VANILLA 110.4/105G,3,time_urgency,MM DA NANG,MM AN PHU,77.18774796465003,-28.875099185860016,False,0.1,49.01753103578754,,,,,,,,False,False,False,False,
1,stackelberg_pricing_fallback,OREO VANILLA 110.4/105G,3,time_urgency,MM HIEP PHU,MM AN PHU,77.18774796465003,-28.875099185860016,False,0.1,49.92668467965586,,,,,,,,False,False,False,False,
1,stackelberg_pricing_fallback,OREO VANILLA 110.4/105G,3,time_urgency,MM BINH DUONG,MM AN PHU,32.1407178131982,-10.85628712527928,False,0.1,23.45425632640881,,,,,,,,False,False,False,False,
1,stackelberg_pricing_fallback,OREO VANILLA 110.4/105G,3,time_urgency,MM BINH PHU,MM AN PHU,17.264731577862868,-4.905892631145148,False,0.1,14.50408862116615,,,,,,,,False,False,False,False,
1,after_stackelberg,OREO VANILLA 110.4/105G,3,negative_reduced_cost,MM DA NANG,MM AN PHU,77.18774796465003,-28.875099185860016,False,0.0,49.01753103578754,,,,,,,,False,False,False,False,
1,after_stackelberg,OREO VANILLA 110.4/105G,3,negative_reduced_cost,MM HIEP PHU,MM AN PHU,77.18774796465003,-28.875099185860016,False,0.0,49.92668467965586,,,,,,,,False,False,False,False,
1,after_stackelberg,OREO VANILLA 110.4/105G,3,negative_reduced_cost,MM BINH DUONG,MM AN PHU,32.1407178131982,-10.85628712527928,False,0.0,23.45425632640881,,,,,,,,False,False,False,False,
1,after_stackelberg,OREO VANILLA 110.4/105G,3,negative_reduced_cost,MM BINH PHU,MM AN PHU,17.264731577862868,-4.905892631145148,False,0.0,14.50408862116615,,,,,,,,False,False,False,False,
1,stackelberg_pricing_fallback,OREO VANILLA 110.4/105G,3,negative_reduced_cost,MM DA NANG,MM AN PHU,77.18774796465003,-28.875099185860016,False,0.1,49.01753103578754,,,,,,,,False,False,False,False,
1,stackelberg_pricing_fallback,OREO VANILLA 110.4/105G,3,negative_reduced_cost,MM HIEP PHU,MM AN PHU,77.18774796465003,-28.875099185860016,False,0.1,49.92668467965586,,,,,,,,False,False,False,False,
1,stackelberg_pricing_fallback,OREO VANILLA 110.4/105G,3,negative_reduced_cost,MM BINH DUONG,MM AN PHU,32.1407178131982,-10.85628712527928,False,0.1,23.45425632640881,,,,,,,,False,False,False,False,
1,stackelberg_pricing_fallback,OREO VANILLA 110.4/105G,3,negative_reduced_cost,MM BINH PHU,MM AN PHU,17.264731577862868,-4.905892631145148,False,0.1,14.50408862116615,,,,,,,,False,False,False,False,
1,after_stackelberg,OREO VANILLA 110.4/105G,4,shortage_ratio,MM BINH DUONG,MM AN PHU,46.31294132765661,-37946.82412388182,False,0.0,31.966628930339642,,,,,,,,False,False,False,False,
1,after_stackelberg,OREO VANILLA 110.4/105G,4,shortage_ratio,MM BINH PHU,MM AN PHU,25.92893590857497,-21244.17008348633,False,0.0,19.72022676925205,,,,,,,,False,False,False,False,
1,after_stackelberg,OREO VANILLA 110.4/105G,4,shortage_ratio,MM DA NANG,MM AN PHU,246.42674983238155,-201920.07881265346,False,0.0,152.0520082992354,,,,,,,,False,False,False,False,
1,after_stackelberg,OREO VANILLA 110.4/105G,4,shortage_ratio,MM HIEP PHU,MM AN PHU,94.26730164677033,-77240.62696936361,False,0.0,60.74988420708159,,,,,,,,False,False,False,False,
1,stackelberg_pricing_fallback,OREO VANILLA 110.4/105G,4,shortage_ratio,MM DA NANG,MM AN PHU,246.42674983238155,-201920.07881265346,False,0.1,152.0520082992354,,,,,,,,False,False,False,False,
1,stackelberg_pricing_fallback,OREO VANILLA 110.4/105G,4,shortage_ratio,MM HIEP PHU,MM AN PHU,94.26730164677033,-77240.62696936361,False,0.1,60.74988420708159,,,,,,,,False,False,False,False,
1,stackelberg_pricing_fallback,OREO VANILLA 110.4/105G,4,shortage_ratio,MM BINH DUONG,MM AN PHU,46.31294132765661,-37946.82412388182,False,0.1,31.966628930339642,,,,,,,,False,False,False,False,
1,stackelberg_pricing_fallback,OREO VANILLA 110.4/105G,4,shortage_ratio,MM BINH PHU,MM AN PHU,25.92893590857497,-21244.17008348633,False,0.1,19.72022676925205,,,,,,,,False,False,False,False,
1,after_stackelberg,OREO VANILLA 110.4/105G,4,surplus_ratio,MM DA NANG,MM AN PHU,246.42674983238155,-201920.07881265346,False,0.0,152.0520082992354,,,,,,,,False,False,False,False,
1,after_stackelberg,OREO VANILLA 110.4/105G,4,surplus_ratio,MM HIEP PHU,MM AN PHU,94.26730164677033,-77240.62696936361,False,0.0,60.74988420708159,,,,,,,,False,False,False,False,
1,after_stackelberg,OREO VANILLA 110.4/105G,4,surplus_ratio,MM BINH DUONG,MM AN PHU,46.31294132765661,-37946.82412388182,False,0.0,31.966628930339642,,,,,,,,False,False,False,False,
1,after_stackelberg,OREO VANILLA 110.4/105G,4,surplus_ratio,MM BINH PHU,MM AN PHU,25.92893590857497,-21244.17008348633,False,0.0,19.72022676925205,,,,,,,,False,False,False,False,
1,stackelberg_pricing_fallback,OREO VANILLA 110.4/105G,4,surplus_ratio,MM DA NANG,MM AN PHU,246.42674983238155,-201920.07881265346,False,0.1,152.0520082992354,,,,,,,,False,False,False,False,
1,stackelberg_pricing_fallback,OREO VANILLA 110.4/105G,4,surplus_ratio,MM HIEP PHU,MM AN PHU,94.26730164677033,-77240.62696936361,False,0.1,60.74988420708159,,,,,,,,False,False,False,False,
1,stackelberg_pricing_fallback,OREO VANILLA 110.4/105G,4,surplus_ratio,MM BINH DUONG,MM AN PHU,46.31294132765661,-37946.82412388182,False,0.1,31.966628930339642,,,,,,,,False,False,False,False,
1,stackelberg_pricing_fallback,OREO VANILLA 110.4/105G,4,surplus_ratio,MM BINH PHU,MM AN PHU,25.92893590857497,-21244.17008348633,False,0.1,19.72022676925205,,,,,,,,False,False,False,False,
1,after_stackelberg,OREO VANILLA 110.4/105G,4,time_urgency,MM BINH DUONG,MM AN PHU,46.31294132765661,-37946.82412388182,False,0.0,31.966628930339642,,,,,,,,False,False,False,False,
1,after_stackelberg,OREO VANILLA 110.4/105G,4,time_urgency,MM BINH PHU,MM AN PHU,25.92893590857497,-21244.17008348633,False,0.0,19.72022676925205,,,,,,,,False,False,False,False,
1,after_stackelberg,OREO VANILLA 110.4/105G,4,time_urgency,MM DA NANG,MM AN PHU,246.42674983238155,-201920.07881265346,False,0.0,152.0520082992354,,,,,,,,False,False,False,False,
1,after_stackelberg,OREO VANILLA 110.4/105G,4,time_urgency,MM HIEP PHU,MM AN PHU,94.26730164677033,-77240.62696936361,False,0.0,60.74988420708159,,,,,,,,False,False,False,False,
1,stackelberg_pricing_fallback,OREO VANILLA 110.4/105G,4,time_urgency,MM DA NANG,MM AN PHU,246.42674983238155,-201920.07881265346,False,0.1,152.0520082992354,,,,,,,,False,False,False,False,
1,stackelberg_pricing_fallback,OREO VANILLA 110.4/105G,4,time_urgency,MM HIEP PHU,MM AN PHU,94.26730164677033,-77240.62696936361,False,0.1,60.74988420708159,,,,,,,,False,False,False,False,
1,stackelberg_pricing_fallback,OREO VANILLA 110.4/105G,4,time_urgency,MM BINH DUONG,MM AN PHU,46.31294132765661,-37946.82412388182,False,0.1,31.966628930339642,,,,,,,,False,False,False,False,
1,stackelberg_pricing_fallback,OREO VANILLA 110.4/105G,4,time_urgency,MM BINH PHU,MM AN PHU,25.92893590857497,-21244.17008348633,False,0.1,19.72022676925205,,,,,,,,False,False,False,False,
1,after_stackelberg,OREO VANILLA 110.4/105G,4,negative_reduced_cost,MM DA NANG,MM AN PHU,246.42674983238155,-201920.07881265346,False,0.0,152.0520082992354,,,,,,,,False,False,False,False,
1,after_stackelberg,OREO VANILLA 110.4/105G,4,negative_reduced_cost,MM HIEP PHU,MM AN PHU,94.26730164677033,-77240.62696936361,False,0.0,60.74988420708159,,,,,,,,False,False,False,False,
1,after_stackelberg,OREO VANILLA 110.4/105G,4,negative_reduced_cost,MM BINH DUONG,MM AN PHU,46.31294132765661,-37946.82412388182,False,0.0,31.966628930339642,,,,,,,,False,False,False,False,
1,after_stackelberg,OREO VANILLA 110.4/105G,4,negative_reduced_cost,MM BINH PHU,MM AN PHU,25.92893590857497,-21244.17008348633,False,0.0,19.72022676925205,,,,,,,,False,False,False,False,
1,stackelberg_pricing_fallback,OREO VANILLA 110.4/105G,4,negative_reduced_cost,MM DA NANG,MM AN PHU,246.42674983238155,-201920.07881265346,False,0.1,152.0520082992354,,,,,,,,False,False,False,False,
1,stackelberg_pricing_fallback,OREO VANILLA 110.4/105G,4,negative_reduced_cost,MM HIEP PHU,MM AN PHU,94.26730164677033,-77240.62696936361,False,0.1,60.74988420708159,,,,,,,,False,False,False,False,
1,stackelberg_pricing_fallback,OREO VANILLA 110.4/105G,4,negative_reduced_cost,MM BINH DUONG,MM AN PHU,46.31294132765661,-37946.82412388182,False,0.1,31.966628930339642,,,,,,,,False,False,False,False,
1,stackelberg_pricing_fallback,OREO VANILLA 110.4/105G,4,negative_reduced_cost,MM BINH PHU,MM AN PHU,25.92893590857497,-21244.17008348633,False,0.1,19.72022676925205,,,,,,,,False,False,False,False,
1,after_stackelberg,OREO VANILLA 110.4/105G,5,shortage_ratio,MM BINH DUONG,MM AN PHU,19.885825393753983,-16292.445327642014,False,0.0,16.083615873998454,,,,,,,,False,False,False,False,
1,after_stackelberg,OREO VANILLA 110.4/105G,5,shortage_ratio,MM BINH PHU,MM AN PHU,8.558324622656038,-7010.691195804357,False,0.0,9.230373928468767,,,,,,,,False,False,False,False,
1,after_stackelberg,OREO VANILLA 110.4/105G,5,shortage_ratio,MM HIEP PHU,MM AN PHU,110.36546342691862,-90431.46073201712,False,0.0,70.41029861163373,,,,,,,,False,False,False,False,
1,after_stackelberg,OREO VANILLA 110.4/105G,5,shortage_ratio,MM BINH DUONG,MM DA NANG,19.885825393753983,-5.954330157501593,False,0.0,16.083615873998454,,,,,,,,False,False,False,False,
1,after_stackelberg,OREO VANILLA 110.4/105G,5,shortage_ratio,MM BINH PHU,MM DA NANG,8.558324622656038,-1.4233298490624149,False,0.0,9.230373928468767,,,,,,,,False,False,False,False,
1,after_stackelberg,OREO VANILLA 110.4/105G,5,shortage_ratio,MM HIEP PHU,MM DA NANG,30.21615080964731,-10.086460323858926,False,0.0,20.729553934695453,,,,,,,,False,False,False,False,
1,stackelberg_pricing_fallback,OREO VANILLA 110.4/105G,5,shortage_ratio,MM HIEP PHU,MM AN PHU,110.36546342691862,-90431.46073201712,False,0.1,70.41029861163373,,,,,,,,False,False,False,False,
1,stackelberg_pricing_fallback,OREO VANILLA 110.4/105G,5,shortage_ratio,MM BINH DUONG,MM AN PHU,19.885825393753983,-16292.445327642014,False,0.1,16.083615873998454,,,,,,,,False,False,False,False,
1,stackelberg_pricing_fallback,OREO VANILLA 110.4/105G,5,shortage_ratio,MM BINH PHU,MM AN PHU,8.558324622656038,-7010.691195804357,False,0.1,9.230373928468767,,,,,,,,False,False,False,False,
1,stackelberg_pricing_fallback,OREO VANILLA 110.4/105G,5,shortage_ratio,MM HIEP PHU,MM DA NANG,30.21615080964731,-10.086460323858926,False,0.1,20.729553934695453,,,,,,,,False,False,False,False,
1,stackelberg_pricing_fallback,OREO VANILLA 110.4/105G,5,shortage_ratio,MM BINH DUONG,MM DA NANG,19.885825393753983,-5.954330157501593,False,0.1,16.083615873998454,,,,,,,,False,False,False,False,
1,after_stackelberg,OREO VANILLA 110.4/105G,5,surplus_ratio,MM HIEP PHU,MM AN PHU,110.36546342691862,-90431.46073201712,False,0.0,70.41029861163373,,,,,,,,False,False,False,False,
1,after_stackelberg,OREO VANILLA 110.4/105G,5,surplus_ratio,MM BINH DUONG,MM AN PHU,19.885825393753983,-16292.445327642014,False,0.0,16.083615873998454,,,,,,,,False,False,False,False,
1,after_stackelberg,OREO VANILLA 110.4/105G,5,surplus_ratio,MM BINH PHU,MM AN PHU,8.558324622656038,-7010.691195804357,False,0.0,9.230373928468767,,,,,,,,False,False,False,False,
1,after_stackelberg,OREO VANILLA 110.4/105G,5,surplus_ratio,MM HIEP PHU,MM DA NANG,30.21615080964731,-10.086460323858926,False,0.0,20.729553934695453,,,,,,,,False,False,False,False,
1,after_stackelberg,OREO VANILLA 110.4/105G,5,surplus_ratio,MM BINH DUONG,MM DA NANG,19.885825393753983,-5.954330157501593,False,0.0,16.083615873998454,,,,,,,,False,False,False,False,
1,after_stackelberg,OREO VANILLA 110.4/105G,5,surplus_ratio,MM BINH PHU,MM DA NANG,8.558324622656038,-1.4233298490624149,False,0.0,9.230373928468767,,,,,,,,False,False,False,False,
1,stackelberg_pricing_fallback,OREO VANILLA 110.4/105G,5,surplus_ratio,MM HIEP PHU,MM AN PHU,110.36546342691862,-90431.46073201712,False,0.1,70.41029861163373,,,,,,,,False,False,False,False,
1,stackelberg_pricing_fallback,OREO VANILLA 110.4/105G,5,surplus_ratio,MM BINH DUONG,MM AN PHU,19.885825393753983,-16292.445327642014,False,0.1,16.083615873998454,,,,,,,,False,False,False,False,
1,stackelberg_pricing_fallback,OREO VANILLA 110.4/105G,5,surplus_ratio,MM BINH PHU,MM AN PHU,8.558324622656038,-7010.691195804357,False,0.1,9.230373928468767,,,,,,,,False,False,False,False,
1,stackelberg_pricing_fallback,OREO VANILLA 110.4/105G,5,surplus_ratio,MM HIEP PHU,MM DA NANG,30.21615080964731,-10.086460323858926,False,0.1,20.729553934695453,,,,,,,,False,False,False,False,
1,stackelberg_pricing_fallback,OREO VANILLA 110.4/105G,5,surplus_ratio,MM BINH DUONG,MM DA NANG,19.885825393753983,-5.954330157501593,False,0.1,16.083615873998454,,,,,,,,False,False,False,False,
1,after_stackelberg,OREO VANILLA 110.4/105G,5,time_urgency,MM BINH DUONG,MM AN PHU,19.885825393753983,-16292.445327642014,False,0.0,16.083615873998454,,,,,,,,False,False,False,False,
1,after_stackelberg,OREO VANILLA 110.4/105G,5,time_urgency,MM BINH PHU,MM AN PHU,8.558324622656038,-7010.691195804357,False,0.0,9.230373928468767,,,,,,,,False,False,False,False,
1,after_stackelberg,OREO VANILLA 110.4/105G,5,time_urgency,MM HIEP PHU,MM AN PHU,110.36546342691862,-90431.46073201712,False,0.0,70.41029861163373,,,,,,,,False,False,False,False,
1,after_stackelberg,OREO VANILLA 110.4/105G,5,time_urgency,MM BINH DUONG,MM DA NANG,19.885825393753983,-5.954330157501593,False,0.0,16.083615873998454,,,,,,,,False,False,False,False,
1,after_stackelberg,OREO VANILLA 110.4/105G,5,time_urgency,MM BINH PHU,MM DA NANG,8.558324622656038,-1.4233298490624149,False,0.0,9.230373928468767,,,,,,,,False,False,False,False,
1,after_stackelberg,OREO VANILLA 110.4/105G,5,time_urgency,MM HIEP PHU,MM DA NANG,30.21615080964731,-10.086460323858926,False,0.0,20.729553934695453,,,,,,,,False,False,False,False,
1,stackelberg_pricing_fallback,OREO VANILLA 110.4/105G,5,time_urgency,MM HIEP PHU,MM AN PHU,110.36546342691862,-90431.46073201712,False,0.1,70.41029861163373,,,,,,,,False,False,False,False,
1,stackelberg_pricing_fallback,OREO VANILLA 110.4/105G,5,time_urgency,MM BINH DUONG,MM AN PHU,19.885825393753983,-16292.445327642014,False,0.1,16.083615873998454,,,,,,,,False,False,False,False,
1,stackelberg_pricing_fallback,OREO VANILLA 110.4/105G,5,time_urgency,MM BINH PHU,MM AN PHU,8.558324622656038,-7010.691195804357,False,0.1,9.230373928468767,,,,,,,,False,False,False,False,
1,stackelberg_pricing_fallback,OREO VANILLA 110.4/105G,5,time_urgency,MM HIEP PHU,MM DA NANG,30.21615080964731,-10.086460323858926,False,0.1,20.729553934695453,,,,,,,,False,False,False,False,
1,stackelberg_pricing_fallback,OREO VANILLA 110.4/105G,5,time_urgency,MM BINH DUONG,MM DA NANG,19.885825393753983,-5.954330157501593,False,0.1,16.083615873998454,,,,,,,,False,False,False,False,
1,after_stackelberg,OREO VANILLA 110.4/105G,5,negative_reduced_cost,MM HIEP PHU,MM AN PHU,110.36546342691862,-90431.46073201712,False,0.0,70.41029861163373,,,,,,,,False,False,False,False,
1,after_stackelberg,OREO VANILLA 110.4/105G,5,negative_reduced_cost,MM BINH DUONG,MM AN PHU,19.885825393753983,-16292.445327642014,False,0.0,16.083615873998454,,,,,,,,False,False,False,False,
1,after_stackelberg,OREO VANILLA 110.4/105G,5,negative_reduced_cost,MM BINH PHU,MM AN PHU,8.558324622656038,-7010.691195804357,False,0.0,9.230373928468767,,,,,,,,False,False,False,False,
1,after_stackelberg,OREO VANILLA 110.4/105G,5,negative_reduced_cost,MM HIEP PHU,MM DA NANG,30.21615080964731,-10.086460323858926,False,0.0,20.729553934695453,,,,,,,,False,False,False,False,
1,after_stackelberg,OREO VANILLA 110.4/105G,5,negative_reduced_cost,MM BINH DUONG,MM DA NANG,19.885825393753983,-5.954330157501593,False,0.0,16.083615873998454,,,,,,,,False,False,False,False,
1,after_stackelberg,OREO VANILLA 110.4/105G,5,negative_reduced_cost,MM BINH PHU,MM DA NANG,8.558324622656038,-1.4233298490624149,False,0.0,9.230373928468767,,,,,,,,False,False,False,False,
1,stackelberg_pricing_fallback,OREO VANILLA 110.4/105G,5,negative_reduced_cost,MM HIEP PHU,MM AN PHU,110.36546342691862,-90431.46073201712,False,0.1,70.41029861163373,,,,,,,,False,False,False,False,
1,stackelberg_pricing_fallback,OREO VANILLA 110.4/105G,5,negative_reduced_cost,MM BINH DUONG,MM AN PHU,19.885825393753983,-16292.445327642014,False,0.1,16.083615873998454,,,,,,,,False,False,False,False,
1,stackelberg_pricing_fallback,OREO VANILLA 110.4/105G,5,negative_reduced_cost,MM BINH PHU,MM AN PHU,8.558324622656038,-7010.691195804357,False,0.1,9.230373928468767,,,,,,,,False,False,False,False,
1,stackelberg_pricing_fallback,OREO VANILLA 110.4/105G,5,negative_reduced_cost,MM HIEP PHU,MM DA NANG,30.21615080964731,-10.086460323858926,False,0.1,20.729553934695453,,,,,,,,False,False,False,False,
1,stackelberg_pricing_fallback,OREO VANILLA 110.4/105G,5,negative_reduced_cost,MM BINH DUONG,MM DA NANG,19.885825393753983,-5.954330157501593,False,0.1,16.083615873998454,,,,,,,,False,False,False,False,
1,after_stackelberg,OREO VANILLA 110.4/105G,7,shortage_ratio,MM DA NANG,MM AN PHU,12.69491484062064,-10400.213220404552,False,0.0,10.159995412402427,,,,,,,,False,False,False,False,
1,after_stackelberg,OREO VANILLA 110.4/105G,7,shortage_ratio,MM HIEP PHU,MM AN PHU,12.69491484062064,-10400.213220404552,False,0.0,9.862647259669146,,,,,,,,False,False,False,False,
1,stackelberg_pricing_fallback,OREO VANILLA 110.4/105G,7,shortage_ratio,MM DA NANG,MM AN PHU,12.69491484062064,-10400.213220404552,False,0.1,10.159995412402427,,,,,,,,False,False,False,False,
1,stackelberg_pricing_fallback,OREO VANILLA 110.4/105G,7,shortage_ratio,MM HIEP PHU,MM AN PHU,12.69491484062064,-10400.213220404552,False,0.1,9.862647259669146,,,,,,,,False,False,False,False,
1,after_stackelberg,OREO VANILLA 110.4/105G,7,surplus_ratio,MM HIEP PHU,MM AN PHU,12.69491484062064,-10400.213220404552,False,0.0,9.862647259669146,,,,,,,,False,False,False,False,
1,after_stackelberg,OREO VANILLA 110.4/105G,7,surplus_ratio,MM DA NANG,MM AN PHU,12.69491484062064,-10400.213220404552,False,0.0,10.159995412402427,,,,,,,,False,False,False,False,
1,stackelberg_pricing_fallback,OREO VANILLA 110.4/105G,7,surplus_ratio,MM HIEP PHU,MM AN PHU,12.69491484062064,-10400.213220404552,False,0.1,9.862647259669146,,,,,,,,False,False,False,False,
1,stackelberg_pricing_fallback,OREO VANILLA 110.4/105G,7,surplus_ratio,MM DA NANG,MM AN PHU,12.69491484062064,-10400.213220404552,False,0.1,10.159995412402427,,,,,,,,False,False,False,False,
1,after_stackelberg,OREO VANILLA 110.4/105G,7,time_urgency,MM DA NANG,MM AN PHU,12.69491484062064,-10400.213220404552,False,0.0,10.159995412402427,,,,,,,,False,False,False,False,
1,after_stackelberg,OREO VANILLA 110.4/105G,7,time_urgency,MM HIEP PHU,MM AN PHU,12.69491484062064,-10400.213220404552,False,0.0,9.862647259669146,,,,,,,,False,False,False,False,
1,stackelberg_pricing_fallback,OREO VANILLA 110.4/105G,7,time_urgency,MM DA NANG,MM AN PHU,12.69491484062064,-10400.213220404552,False,0.1,10.159995412402427,,,,,,,,False,False,False,False,
1,stackelberg_pricing_fallback,OREO VANILLA 110.4/105G,7,time_urgency,MM HIEP PHU,MM AN PHU,12.69491484062064,-10400.213220404552,False,0.1,9.862647259669146,,,,,,,,False,False,False,False,
1,after_stackelberg,OREO VANILLA 110.4/105G,7,negative_reduced_cost,MM DA NANG,MM AN PHU,12.69491484062064,-10400.213220404552,False,0.0,10.159995412402427,,,,,,,,False,False,False,False,
1,after_stackelberg,OREO VANILLA 110.4/105G,7,negative_reduced_cost,MM HIEP PHU,MM AN PHU,12.69491484062064,-10400.213220404552,False,0.0,9.862647259669146,,,,,,,,False,False,False,False,
1,stackelberg_pricing_fallback,OREO VANILLA 110.4/105G,7,negative_reduced_cost,MM DA NANG,MM AN PHU,12.69491484062064,-10400.213220404552,False,0.1,10.159995412402427,,,,,,,,False,False,False,False,
1,stackelberg_pricing_fallback,OREO VANILLA 110.4/105G,7,negative_reduced_cost,MM HIEP PHU,MM AN PHU,12.69491484062064,-10400.213220404552,False,0.1,9.862647259669146,,,,,,,,False,False,False,False,
1,pricing_dedup_rejected_before_gnn,OREO CHOCOLATE 110.4/105G,1,surplus_ratio,MM HIEP PHU,MM DA NANG,5.6114121294395005,,,0.1,5.742392,PRICED_E1_surplus_ratio_OREO CHOCOLATE 110.4/105G_T1_1,-0.244565,,,,,,False,True,False,False,"('OREO CHOCOLATE 110.4/105G', 1, (('MM HIEP PHU', 'MM DA NANG', 5.611412),))"
1,pricing_dedup_rejected_before_gnn,OREO CHOCOLATE 110.4/105G,1,surplus_ratio,MM BINH PHU,MM DA NANG,5.6114121294395005,,,0.1,5.742392,PRICED_E1_surplus_ratio_OREO CHOCOLATE 110.4/105G_T1_2,-0.244565,,,,,,False,True,False,False,"('OREO CHOCOLATE 110.4/105G', 1, (('MM BINH PHU', 'MM DA NANG', 5.611412),))"
1,pricing_dedup_rejected_before_gnn,OREO CHOCOLATE 110.4/105G,1,surplus_ratio,MM AN PHU,MM DA NANG,5.6114121294395005,,,0.1,5.742392,PRICED_E1_surplus_ratio_OREO CHOCOLATE 110.4/105G_T1_3,-0.244565,,,,,,False,True,False,False,"('OREO CHOCOLATE 110.4/105G', 1, (('MM AN PHU', 'MM DA NANG', 5.611412),))"
1,pricing_dedup_rejected_before_gnn,OREO CHOCOLATE 110.4/105G,1,surplus_ratio,MM BINH DUONG,MM DA NANG,5.6114121294395005,,,0.1,5.742392,PRICED_E1_surplus_ratio_OREO CHOCOLATE 110.4/105G_T1_4,-0.244565,,,,,,False,True,False,False,"('OREO CHOCOLATE 110.4/105G', 1, (('MM BINH DUONG', 'MM DA NANG', 5.611412),))"
1,pricing_dedup_rejected_before_gnn,OREO CHOCOLATE 110.4/105G,1,time_urgency,MM AN PHU,MM DA NANG,5.6114121294395005,,,0.1,5.742392,PRICED_E1_time_urgency_OREO CHOCOLATE 110.4/105G_T1_1,-0.244565,,,,,,False,True,False,False,"('OREO CHOCOLATE 110.4/105G', 1, (('MM AN PHU', 'MM DA NANG', 5.611412),))"
1,pricing_dedup_rejected_before_gnn,OREO CHOCOLATE 110.4/105G,1,time_urgency,MM BINH DUONG,MM DA NANG,5.6114121294395005,,,0.1,5.742392,PRICED_E1_time_urgency_OREO CHOCOLATE 110.4/105G_T1_2,-0.244565,,,,,,False,True,False,False,"('OREO CHOCOLATE 110.4/105G', 1, (('MM BINH DUONG', 'MM DA NANG', 5.611412),))"
1,pricing_dedup_rejected_before_gnn,OREO CHOCOLATE 110.4/105G,1,time_urgency,MM BINH PHU,MM DA NANG,5.6114121294395005,,,0.1,5.742392,PRICED_E1_time_urgency_OREO CHOCOLATE 110.4/105G_T1_3,-0.244565,,,,,,False,True,False,False,"('OREO CHOCOLATE 110.4/105G', 1, (('MM BINH PHU', 'MM DA NANG', 5.611412),))"
1,pricing_dedup_rejected_before_gnn,OREO CHOCOLATE 110.4/105G,1,time_urgency,MM HIEP PHU,MM DA NANG,5.6114121294395005,,,0.1,5.742392,PRICED_E1_time_urgency_OREO CHOCOLATE 110.4/105G_T1_4,-0.244565,,,,,,False,True,False,False,"('OREO CHOCOLATE 110.4/105G', 1, (('MM HIEP PHU', 'MM DA NANG', 5.611412),))"
1,pricing_dedup_rejected_before_gnn,OREO CHOCOLATE 110.4/105G,1,negative_reduced_cost,MM AN PHU,MM DA NANG,5.6114121294395005,,,0.1,5.742392,PRICED_E1_negative_reduced_cost_OREO CHOCOLATE 110.4/105G_T1_1,-0.244565,,,,,,False,True,False,False,"('OREO CHOCOLATE 110.4/105G', 1, (('MM AN PHU', 'MM DA NANG', 5.611412),))"
1,pricing_dedup_rejected_before_gnn,OREO CHOCOLATE 110.4/105G,1,negative_reduced_cost,MM BINH DUONG,MM DA NANG,5.6114121294395005,,,0.1,5.742392,PRICED_E1_negative_reduced_cost_OREO CHOCOLATE 110.4/105G_T1_2,-0.244565,,,,,,False,True,False,False,"('OREO CHOCOLATE 110.4/105G', 1, (('MM BINH DUONG', 'MM DA NANG', 5.611412),))"
1,pricing_dedup_rejected_before_gnn,OREO CHOCOLATE 110.4/105G,1,negative_reduced_cost,MM BINH PHU,MM DA NANG,5.6114121294395005,,,0.1,5.742392,PRICED_E1_negative_reduced_cost_OREO CHOCOLATE 110.4/105G_T1_3,-0.244565,,,,,,False,True,False,False,"('OREO CHOCOLATE 110.4/105G', 1, (('MM BINH PHU', 'MM DA NANG', 5.611412),))"
1,pricing_dedup_rejected_before_gnn,OREO CHOCOLATE 110.4/105G,1,negative_reduced_cost,MM HIEP PHU,MM DA NANG,5.6114121294395005,,,0.1,5.742392,PRICED_E1_negative_reduced_cost_OREO CHOCOLATE 110.4/105G_T1_4,-0.244565,,,,,,False,True,False,False,"('OREO CHOCOLATE 110.4/105G', 1, (('MM HIEP PHU', 'MM DA NANG', 5.611412),))"
1,pricing_dedup_rejected_before_gnn,OREO CHOCOLATE 110.4/105G,2,shortage_ratio,MM BINH PHU,MM AN PHU,46.2,,,0.1,32.612115,PRICED_E1_shortage_ratio_OREO CHOCOLATE 110.4/105G_T2_2,-33.910392,,,,,,False,True,False,False,"('OREO CHOCOLATE 110.4/105G', 2, (('MM BINH PHU', 'MM AN PHU', 46.2), ('MM HIEP PHU', 'MM AN PHU', 48.57598)))"
1,pricing_dedup_rejected_before_gnn,OREO CHOCOLATE 110.4/105G,2,shortage_ratio,MM HIEP PHU,MM AN PHU,48.575980116800785,,,0.1,32.612115,PRICED_E1_shortage_ratio_OREO CHOCOLATE 110.4/105G_T2_2,-33.910392,,,,,,False,True,False,False,"('OREO CHOCOLATE 110.4/105G', 2, (('MM BINH PHU', 'MM AN PHU', 46.2), ('MM HIEP PHU', 'MM AN PHU', 48.57598)))"
1,pricing_dedup_rejected_before_gnn,OREO CHOCOLATE 110.4/105G,2,surplus_ratio,MM HIEP PHU,MM AN PHU,48.575980116800785,,,0.1,32.612115,PRICED_E1_surplus_ratio_OREO CHOCOLATE 110.4/105G_T2_1,-33.910392,,,,,,False,True,False,False,"('OREO CHOCOLATE 110.4/105G', 2, (('MM BINH PHU', 'MM AN PHU', 46.2), ('MM HIEP PHU', 'MM AN PHU', 48.57598)))"
1,pricing_dedup_rejected_before_gnn,OREO CHOCOLATE 110.4/105G,2,surplus_ratio,MM BINH PHU,MM AN PHU,46.2,,,0.1,32.612115,PRICED_E1_surplus_ratio_OREO CHOCOLATE 110.4/105G_T2_1,-33.910392,,,,,,False,True,False,False,"('OREO CHOCOLATE 110.4/105G', 2, (('MM BINH PHU', 'MM AN PHU', 46.2), ('MM HIEP PHU', 'MM AN PHU', 48.57598)))"
1,pricing_dedup_rejected_before_gnn,OREO CHOCOLATE 110.4/105G,2,surplus_ratio,MM BINH PHU,MM AN PHU,46.2,,,0.1,32.612115,PRICED_E1_surplus_ratio_OREO CHOCOLATE 110.4/105G_T2_2,-33.910392,,,,,,False,True,False,False,"('OREO CHOCOLATE 110.4/105G', 2, (('MM BINH PHU', 'MM AN PHU', 46.2), ('MM HIEP PHU', 'MM AN PHU', 48.57598)))"
1,pricing_dedup_rejected_before_gnn,OREO CHOCOLATE 110.4/105G,2,surplus_ratio,MM HIEP PHU,MM AN PHU,48.575980116800785,,,0.1,32.612115,PRICED_E1_surplus_ratio_OREO CHOCOLATE 110.4/105G_T2_2,-33.910392,,,,,,False,True,False,False,"('OREO CHOCOLATE 110.4/105G', 2, (('MM BINH PHU', 'MM AN PHU', 46.2), ('MM HIEP PHU', 'MM AN PHU', 48.57598)))"
1,pricing_dedup_rejected_before_gnn,OREO CHOCOLATE 110.4/105G,2,time_urgency,MM HIEP PHU,MM AN PHU,48.575980116800785,,,0.1,32.612115,PRICED_E1_time_urgency_OREO CHOCOLATE 110.4/105G_T2_1,-33.910392,,,,,,False,True,False,False,"('OREO CHOCOLATE 110.4/105G', 2, (('MM BINH PHU', 'MM AN PHU', 46.2), ('MM HIEP PHU', 'MM AN PHU', 48.57598)))"
1,pricing_dedup_rejected_before_gnn,OREO CHOCOLATE 110.4/105G,2,time_urgency,MM BINH PHU,MM AN PHU,46.2,,,0.1,32.612115,PRICED_E1_time_urgency_OREO CHOCOLATE 110.4/105G_T2_1,-33.910392,,,,,,False,True,False,False,"('OREO CHOCOLATE 110.4/105G', 2, (('MM BINH PHU', 'MM AN PHU', 46.2), ('MM HIEP PHU', 'MM AN PHU', 48.57598)))"
1,pricing_dedup_rejected_before_gnn,OREO CHOCOLATE 110.4/105G,2,time_urgency,MM BINH PHU,MM AN PHU,46.2,,,0.1,32.612115,PRICED_E1_time_urgency_OREO CHOCOLATE 110.4/105G_T2_2,-33.910392,,,,,,False,True,False,False,"('OREO CHOCOLATE 110.4/105G', 2, (('MM BINH PHU', 'MM AN PHU', 46.2), ('MM HIEP PHU', 'MM AN PHU', 48.57598)))"
1,pricing_dedup_rejected_before_gnn,OREO CHOCOLATE 110.4/105G,2,time_urgency,MM HIEP PHU,MM AN PHU,48.575980116800785,,,0.1,32.612115,PRICED_E1_time_urgency_OREO CHOCOLATE 110.4/105G_T2_2,-33.910392,,,,,,False,True,False,False,"('OREO CHOCOLATE 110.4/105G', 2, (('MM BINH PHU', 'MM AN PHU', 46.2), ('MM HIEP PHU', 'MM AN PHU', 48.57598)))"
1,pricing_dedup_rejected_before_gnn,OREO CHOCOLATE 110.4/105G,2,negative_reduced_cost,MM HIEP PHU,MM AN PHU,48.575980116800785,,,0.1,32.612115,PRICED_E1_negative_reduced_cost_OREO CHOCOLATE 110.4/105G_T2_1,-33.910392,,,,,,False,True,False,False,"('OREO CHOCOLATE 110.4/105G', 2, (('MM BINH PHU', 'MM AN PHU', 46.2), ('MM HIEP PHU', 'MM AN PHU', 48.57598)))"
1,pricing_dedup_rejected_before_gnn,OREO CHOCOLATE 110.4/105G,2,negative_reduced_cost,MM BINH PHU,MM AN PHU,46.2,,,0.1,32.612115,PRICED_E1_negative_reduced_cost_OREO CHOCOLATE 110.4/105G_T2_1,-33.910392,,,,,,False,True,False,False,"('OREO CHOCOLATE 110.4/105G', 2, (('MM BINH PHU', 'MM AN PHU', 46.2), ('MM HIEP PHU', 'MM AN PHU', 48.57598)))"
1,pricing_dedup_rejected_before_gnn,OREO CHOCOLATE 110.4/105G,2,negative_reduced_cost,MM BINH PHU,MM AN PHU,46.2,,,0.1,32.612115,PRICED_E1_negative_reduced_cost_OREO CHOCOLATE 110.4/105G_T2_2,-33.910392,,,,,,False,True,False,False,"('OREO CHOCOLATE 110.4/105G', 2, (('MM BINH PHU', 'MM AN PHU', 46.2), ('MM HIEP PHU', 'MM AN PHU', 48.57598)))"
1,pricing_dedup_rejected_before_gnn,OREO CHOCOLATE 110.4/105G,2,negative_reduced_cost,MM HIEP PHU,MM AN PHU,48.575980116800785,,,0.1,32.612115,PRICED_E1_negative_reduced_cost_OREO CHOCOLATE 110.4/105G_T2_2,-33.910392,,,,,,False,True,False,False,"('OREO CHOCOLATE 110.4/105G', 2, (('MM BINH PHU', 'MM AN PHU', 46.2), ('MM HIEP PHU', 'MM AN PHU', 48.57598)))"
1,pricing_dedup_rejected_before_gnn,OREO CHOCOLATE 110.4/105G,3,shortage_ratio,MM BINH DUONG,MM AN PHU,17.3897925390665,,,0.1,14.228479,PRICED_E1_shortage_ratio_OREO CHOCOLATE 110.4/105G_T3_2,-41361.657514,,,,,,False,True,False,False,"('OREO CHOCOLATE 110.4/105G', 3, (('MM BINH DUONG', 'MM AN PHU', 17.389793), ('MM BINH PHU', 'MM AN PHU', 7.826016), ('MM HIEP PHU', 'MM AN PHU', 25.269495)))"
1,pricing_dedup_rejected_before_gnn,OREO CHOCOLATE 110.4/105G,3,shortage_ratio,MM BINH PHU,MM AN PHU,7.826015539820368,,,0.1,14.228479,PRICED_E1_shortage_ratio_OREO CHOCOLATE 110.4/105G_T3_2,-41361.657514,,,,,,False,True,False,False,"('OREO CHOCOLATE 110.4/105G', 3, (('MM BINH DUONG', 'MM AN PHU', 17.389793), ('MM BINH PHU', 'MM AN PHU', 7.826016), ('MM HIEP PHU', 'MM AN PHU', 25.269495)))"
1,pricing_dedup_rejected_before_gnn,OREO CHOCOLATE 110.4/105G,3,shortage_ratio,MM HIEP PHU,MM AN PHU,25.269495208410937,,,0.1,14.228479,PRICED_E1_shortage_ratio_OREO CHOCOLATE 110.4/105G_T3_2,-41361.657514,,,,,,False,True,False,False,"('OREO CHOCOLATE 110.4/105G', 3, (('MM BINH DUONG', 'MM AN PHU', 17.389793), ('MM BINH PHU', 'MM AN PHU', 7.826016), ('MM HIEP PHU', 'MM AN PHU', 25.269495)))"
1,pricing_dedup_rejected_before_gnn,OREO CHOCOLATE 110.4/105G,3,shortage_ratio,MM BINH PHU,MM AN PHU,7.826015539820368,,,0.1,14.228479,PRICED_E1_shortage_ratio_OREO CHOCOLATE 110.4/105G_T3_3,-41361.657514,,,,,,False,True,False,False,"('OREO CHOCOLATE 110.4/105G', 3, (('MM BINH DUONG', 'MM AN PHU', 17.389793), ('MM BINH PHU', 'MM AN PHU', 7.826016), ('MM HIEP PHU', 'MM AN PHU', 25.269495)))"
1,pricing_dedup_rejected_before_gnn,OREO CHOCOLATE 110.4/105G,3,shortage_ratio,MM HIEP PHU,MM AN PHU,25.269495208410937,,,0.1,14.228479,PRICED_E1_shortage_ratio_OREO CHOCOLATE 110.4/105G_T3_3,-41361.657514,,,,,,False,True,False,False,"('OREO CHOCOLATE 110.4/105G', 3, (('MM BINH DUONG', 'MM AN PHU', 17.389793), ('MM BINH PHU', 'MM AN PHU', 7.826016), ('MM HIEP PHU', 'MM AN PHU', 25.269495)))"
1,pricing_dedup_rejected_before_gnn,OREO CHOCOLATE 110.4/105G,3,shortage_ratio,MM BINH DUONG,MM AN PHU,17.3897925390665,,,0.1,14.228479,PRICED_E1_shortage_ratio_OREO CHOCOLATE 110.4/105G_T3_3,-41361.657514,,,,,,False,True,False,False,"('OREO CHOCOLATE 110.4/105G', 3, (('MM BINH DUONG', 'MM AN PHU', 17.389793), ('MM BINH PHU', 'MM AN PHU', 7.826016), ('MM HIEP PHU', 'MM AN PHU', 25.269495)))"
1,pricing_dedup_rejected_before_gnn,OREO CHOCOLATE 110.4/105G,3,surplus_ratio,MM HIEP PHU,MM AN PHU,25.269495208410937,,,0.1,14.228479,PRICED_E1_surplus_ratio_OREO CHOCOLATE 110.4/105G_T3_1,-41361.657514,,,,,,False,True,False,False,"('OREO CHOCOLATE 110.4/105G', 3, (('MM BINH DUONG', 'MM AN PHU', 17.389793), ('MM BINH PHU', 'MM AN PHU', 7.826016), ('MM HIEP PHU', 'MM AN PHU', 25.269495)))"
1,pricing_dedup_rejected_before_gnn,OREO CHOCOLATE 110.4/105G,3,surplus_ratio,MM BINH DUONG,MM AN PHU,17.3897925390665,,,0.1,14.228479,PRICED_E1_surplus_ratio_OREO CHOCOLATE 110.4/105G_T3_1,-41361.657514,,,,,,False,True,False,False,"('OREO CHOCOLATE 110.4/105G', 3, (('MM BINH DUONG', 'MM AN PHU', 17.389793), ('MM BINH PHU', 'MM AN PHU', 7.826016), ('MM HIEP PHU', 'MM AN PHU', 25.269495)))"
1,pricing_dedup_rejected_before_gnn,OREO CHOCOLATE 110.4/105G,3,surplus_ratio,MM BINH PHU,MM AN PHU,7.826015539820368,,,0.1,14.228479,PRICED_E1_surplus_ratio_OREO CHOCOLATE 110.4/105G_T3_1,-41361.657514,,,,,,False,True,False,False,"('OREO CHOCOLATE 110.4/105G', 3, (('MM BINH DUONG', 'MM AN PHU', 17.389793), ('MM BINH PHU', 'MM AN PHU', 7.826016), ('MM HIEP PHU', 'MM AN PHU', 25.269495)))"
1,pricing_dedup_rejected_before_gnn,OREO CHOCOLATE 110.4/105G,3,surplus_ratio,MM BINH DUONG,MM AN PHU,17.3897925390665,,,0.1,14.228479,PRICED_E1_surplus_ratio_OREO CHOCOLATE 110.4/105G_T3_2,-41361.657514,,,,,,False,True,False,False,"('OREO CHOCOLATE 110.4/105G', 3, (('MM BINH DUONG', 'MM AN PHU', 17.389793), ('MM BINH PHU', 'MM AN PHU', 7.826016), ('MM HIEP PHU', 'MM AN PHU', 25.269495)))"
1,pricing_dedup_rejected_before_gnn,OREO CHOCOLATE 110.4/105G,3,surplus_ratio,MM BINH PHU,MM AN PHU,7.826015539820368,,,0.1,14.228479,PRICED_E1_surplus_ratio_OREO CHOCOLATE 110.4/105G_T3_2,-41361.657514,,,,,,False,True,False,False,"('OREO CHOCOLATE 110.4/105G', 3, (('MM BINH DUONG', 'MM AN PHU', 17.389793), ('MM BINH PHU', 'MM AN PHU', 7.826016), ('MM HIEP PHU', 'MM AN PHU', 25.269495)))"
1,pricing_dedup_rejected_before_gnn,OREO CHOCOLATE 110.4/105G,3,surplus_ratio,MM HIEP PHU,MM AN PHU,25.269495208410937,,,0.1,14.228479,PRICED_E1_surplus_ratio_OREO CHOCOLATE 110.4/105G_T3_2,-41361.657514,,,,,,False,True,False,False,"('OREO CHOCOLATE 110.4/105G', 3, (('MM BINH DUONG', 'MM AN PHU', 17.389793), ('MM BINH PHU', 'MM AN PHU', 7.826016), ('MM HIEP PHU', 'MM AN PHU', 25.269495)))"
1,pricing_dedup_rejected_before_gnn,OREO CHOCOLATE 110.4/105G,3,surplus_ratio,MM BINH PHU,MM AN PHU,7.826015539820368,,,0.1,14.228479,PRICED_E1_surplus_ratio_OREO CHOCOLATE 110.4/105G_T3_3,-41361.657514,,,,,,False,True,False,False,"('OREO CHOCOLATE 110.4/105G', 3, (('MM BINH DUONG', 'MM AN PHU', 17.389793), ('MM BINH PHU', 'MM AN PHU', 7.826016), ('MM HIEP PHU', 'MM AN PHU', 25.269495)))"
1,pricing_dedup_rejected_before_gnn,OREO CHOCOLATE 110.4/105G,3,surplus_ratio,MM HIEP PHU,MM AN PHU,25.269495208410937,,,0.1,14.228479,PRICED_E1_surplus_ratio_OREO CHOCOLATE 110.4/105G_T3_3,-41361.657514,,,,,,False,True,False,False,"('OREO CHOCOLATE 110.4/105G', 3, (('MM BINH DUONG', 'MM AN PHU', 17.389793), ('MM BINH PHU', 'MM AN PHU', 7.826016), ('MM HIEP PHU', 'MM AN PHU', 25.269495)))"
1,pricing_dedup_rejected_before_gnn,OREO CHOCOLATE 110.4/105G,3,surplus_ratio,MM BINH DUONG,MM AN PHU,17.3897925390665,,,0.1,14.228479,PRICED_E1_surplus_ratio_OREO CHOCOLATE 110.4/105G_T3_3,-41361.657514,,,,,,False,True,False,False,"('OREO CHOCOLATE 110.4/105G', 3, (('MM BINH DUONG', 'MM AN PHU', 17.389793), ('MM BINH PHU', 'MM AN PHU', 7.826016), ('MM HIEP PHU', 'MM AN PHU', 25.269495)))"
1,pricing_dedup_rejected_before_gnn,OREO CHOCOLATE 110.4/105G,3,time_urgency,MM HIEP PHU,MM AN PHU,25.269495208410937,,,0.1,14.228479,PRICED_E1_time_urgency_OREO CHOCOLATE 110.4/105G_T3_1,-41361.657514,,,,,,False,True,False,False,"('OREO CHOCOLATE 110.4/105G', 3, (('MM BINH DUONG', 'MM AN PHU', 17.389793), ('MM BINH PHU', 'MM AN PHU', 7.826016), ('MM HIEP PHU', 'MM AN PHU', 25.269495)))"
1,pricing_dedup_rejected_before_gnn,OREO CHOCOLATE 110.4/105G,3,time_urgency,MM BINH DUONG,MM AN PHU,17.3897925390665,,,0.1,14.228479,PRICED_E1_time_urgency_OREO CHOCOLATE 110.4/105G_T3_1,-41361.657514,,,,,,False,True,False,False,"('OREO CHOCOLATE 110.4/105G', 3, (('MM BINH DUONG', 'MM AN PHU', 17.389793), ('MM BINH PHU', 'MM AN PHU', 7.826016), ('MM HIEP PHU', 'MM AN PHU', 25.269495)))"
1,pricing_dedup_rejected_before_gnn,OREO CHOCOLATE 110.4/105G,3,time_urgency,MM BINH PHU,MM AN PHU,7.826015539820368,,,0.1,14.228479,PRICED_E1_time_urgency_OREO CHOCOLATE 110.4/105G_T3_1,-41361.657514,,,,,,False,True,False,False,"('OREO CHOCOLATE 110.4/105G', 3, (('MM BINH DUONG', 'MM AN PHU', 17.389793), ('MM BINH PHU', 'MM AN PHU', 7.826016), ('MM HIEP PHU', 'MM AN PHU', 25.269495)))"
1,pricing_dedup_rejected_before_gnn,OREO CHOCOLATE 110.4/105G,3,time_urgency,MM BINH DUONG,MM AN PHU,17.3897925390665,,,0.1,14.228479,PRICED_E1_time_urgency_OREO CHOCOLATE 110.4/105G_T3_2,-41361.657514,,,,,,False,True,False,False,"('OREO CHOCOLATE 110.4/105G', 3, (('MM BINH DUONG', 'MM AN PHU', 17.389793), ('MM BINH PHU', 'MM AN PHU', 7.826016), ('MM HIEP PHU', 'MM AN PHU', 25.269495)))"
1,pricing_dedup_rejected_before_gnn,OREO CHOCOLATE 110.4/105G,3,time_urgency,MM BINH PHU,MM AN PHU,7.826015539820368,,,0.1,14.228479,PRICED_E1_time_urgency_OREO CHOCOLATE 110.4/105G_T3_2,-41361.657514,,,,,,False,True,False,False,"('OREO CHOCOLATE 110.4/105G', 3, (('MM BINH DUONG', 'MM AN PHU', 17.389793), ('MM BINH PHU', 'MM AN PHU', 7.826016), ('MM HIEP PHU', 'MM AN PHU', 25.269495)))"
1,pricing_dedup_rejected_before_gnn,OREO CHOCOLATE 110.4/105G,3,time_urgency,MM HIEP PHU,MM AN PHU,25.269495208410937,,,0.1,14.228479,PRICED_E1_time_urgency_OREO CHOCOLATE 110.4/105G_T3_2,-41361.657514,,,,,,False,True,False,False,"('OREO CHOCOLATE 110.4/105G', 3, (('MM BINH DUONG', 'MM AN PHU', 17.389793), ('MM BINH PHU', 'MM AN PHU', 7.826016), ('MM HIEP PHU', 'MM AN PHU', 25.269495)))"
1,pricing_dedup_rejected_before_gnn,OREO CHOCOLATE 110.4/105G,3,time_urgency,MM BINH PHU,MM AN PHU,7.826015539820368,,,0.1,14.228479,PRICED_E1_time_urgency_OREO CHOCOLATE 110.4/105G_T3_3,-41361.657514,,,,,,False,True,False,False,"('OREO CHOCOLATE 110.4/105G', 3, (('MM BINH DUONG', 'MM AN PHU', 17.389793), ('MM BINH PHU', 'MM AN PHU', 7.826016), ('MM HIEP PHU', 'MM AN PHU', 25.269495)))"
1,pricing_dedup_rejected_before_gnn,OREO CHOCOLATE 110.4/105G,3,time_urgency,MM HIEP PHU,MM AN PHU,25.269495208410937,,,0.1,14.228479,PRICED_E1_time_urgency_OREO CHOCOLATE 110.4/105G_T3_3,-41361.657514,,,,,,False,True,False,False,"('OREO CHOCOLATE 110.4/105G', 3, (('MM BINH DUONG', 'MM AN PHU', 17.389793), ('MM BINH PHU', 'MM AN PHU', 7.826016), ('MM HIEP PHU', 'MM AN PHU', 25.269495)))"
1,pricing_dedup_rejected_before_gnn,OREO CHOCOLATE 110.4/105G,3,time_urgency,MM BINH DUONG,MM AN PHU,17.3897925390665,,,0.1,14.228479,PRICED_E1_time_urgency_OREO CHOCOLATE 110.4/105G_T3_3,-41361.657514,,,,,,False,True,False,False,"('OREO CHOCOLATE 110.4/105G', 3, (('MM BINH DUONG', 'MM AN PHU', 17.389793), ('MM BINH PHU', 'MM AN PHU', 7.826016), ('MM HIEP PHU', 'MM AN PHU', 25.269495)))"
1,pricing_dedup_rejected_before_gnn,OREO CHOCOLATE 110.4/105G,3,negative_reduced_cost,MM HIEP PHU,MM AN PHU,25.269495208410937,,,0.1,14.228479,PRICED_E1_negative_reduced_cost_OREO CHOCOLATE 110.4/105G_T3_1,-41361.657514,,,,,,False,True,False,False,"('OREO CHOCOLATE 110.4/105G', 3, (('MM BINH DUONG', 'MM AN PHU', 17.389793), ('MM BINH PHU', 'MM AN PHU', 7.826016), ('MM HIEP PHU', 'MM AN PHU', 25.269495)))"
1,pricing_dedup_rejected_before_gnn,OREO CHOCOLATE 110.4/105G,3,negative_reduced_cost,MM BINH DUONG,MM AN PHU,17.3897925390665,,,0.1,14.228479,PRICED_E1_negative_reduced_cost_OREO CHOCOLATE 110.4/105G_T3_1,-41361.657514,,,,,,False,True,False,False,"('OREO CHOCOLATE 110.4/105G', 3, (('MM BINH DUONG', 'MM AN PHU', 17.389793), ('MM BINH PHU', 'MM AN PHU', 7.826016), ('MM HIEP PHU', 'MM AN PHU', 25.269495)))"
1,pricing_dedup_rejected_before_gnn,OREO CHOCOLATE 110.4/105G,3,negative_reduced_cost,MM BINH PHU,MM AN PHU,7.826015539820368,,,0.1,14.228479,PRICED_E1_negative_reduced_cost_OREO CHOCOLATE 110.4/105G_T3_1,-41361.657514,,,,,,False,True,False,False,"('OREO CHOCOLATE 110.4/105G', 3, (('MM BINH DUONG', 'MM AN PHU', 17.389793), ('MM BINH PHU', 'MM AN PHU', 7.826016), ('MM HIEP PHU', 'MM AN PHU', 25.269495)))"
1,pricing_dedup_rejected_before_gnn,OREO CHOCOLATE 110.4/105G,3,negative_reduced_cost,MM BINH DUONG,MM AN PHU,17.3897925390665,,,0.1,14.228479,PRICED_E1_negative_reduced_cost_OREO CHOCOLATE 110.4/105G_T3_2,-41361.657514,,,,,,False,True,False,False,"('OREO CHOCOLATE 110.4/105G', 3, (('MM BINH DUONG', 'MM AN PHU', 17.389793), ('MM BINH PHU', 'MM AN PHU', 7.826016), ('MM HIEP PHU', 'MM AN PHU', 25.269495)))"
1,pricing_dedup_rejected_before_gnn,OREO CHOCOLATE 110.4/105G,3,negative_reduced_cost,MM BINH PHU,MM AN PHU,7.826015539820368,,,0.1,14.228479,PRICED_E1_negative_reduced_cost_OREO CHOCOLATE 110.4/105G_T3_2,-41361.657514,,,,,,False,True,False,False,"('OREO CHOCOLATE 110.4/105G', 3, (('MM BINH DUONG', 'MM AN PHU', 17.389793), ('MM BINH PHU', 'MM AN PHU', 7.826016), ('MM HIEP PHU', 'MM AN PHU', 25.269495)))"
1,pricing_dedup_rejected_before_gnn,OREO CHOCOLATE 110.4/105G,3,negative_reduced_cost,MM HIEP PHU,MM AN PHU,25.269495208410937,,,0.1,14.228479,PRICED_E1_negative_reduced_cost_OREO CHOCOLATE 110.4/105G_T3_2,-41361.657514,,,,,,False,True,False,False,"('OREO CHOCOLATE 110.4/105G', 3, (('MM BINH DUONG', 'MM AN PHU', 17.389793), ('MM BINH PHU', 'MM AN PHU', 7.826016), ('MM HIEP PHU', 'MM AN PHU', 25.269495)))"
1,pricing_dedup_rejected_before_gnn,OREO CHOCOLATE 110.4/105G,3,negative_reduced_cost,MM BINH PHU,MM AN PHU,7.826015539820368,,,0.1,14.228479,PRICED_E1_negative_reduced_cost_OREO CHOCOLATE 110.4/105G_T3_3,-41361.657514,,,,,,False,True,False,False,"('OREO CHOCOLATE 110.4/105G', 3, (('MM BINH DUONG', 'MM AN PHU', 17.389793), ('MM BINH PHU', 'MM AN PHU', 7.826016), ('MM HIEP PHU', 'MM AN PHU', 25.269495)))"
1,pricing_dedup_rejected_before_gnn,OREO CHOCOLATE 110.4/105G,3,negative_reduced_cost,MM HIEP PHU,MM AN PHU,25.269495208410937,,,0.1,14.228479,PRICED_E1_negative_reduced_cost_OREO CHOCOLATE 110.4/105G_T3_3,-41361.657514,,,,,,False,True,False,False,"('OREO CHOCOLATE 110.4/105G', 3, (('MM BINH DUONG', 'MM AN PHU', 17.389793), ('MM BINH PHU', 'MM AN PHU', 7.826016), ('MM HIEP PHU', 'MM AN PHU', 25.269495)))"
1,pricing_dedup_rejected_before_gnn,OREO CHOCOLATE 110.4/105G,3,negative_reduced_cost,MM BINH DUONG,MM AN PHU,17.3897925390665,,,0.1,14.228479,PRICED_E1_negative_reduced_cost_OREO CHOCOLATE 110.4/105G_T3_3,-41361.657514,,,,,,False,True,False,False,"('OREO CHOCOLATE 110.4/105G', 3, (('MM BINH DUONG', 'MM AN PHU', 17.389793), ('MM BINH PHU', 'MM AN PHU', 7.826016), ('MM HIEP PHU', 'MM AN PHU', 25.269495)))"
1,pricing_dedup_rejected_before_gnn,OREO CHOCOLATE 110.4/105G,4,shortage_ratio,MM BINH DUONG,MM AN PHU,7.692927321840976,,,0.1,15.2472,PRICED_E1_shortage_ratio_OREO CHOCOLATE 110.4/105G_T4_2,-30371.643106,,,,,,False,True,False,False,"('OREO CHOCOLATE 110.4/105G', 4, (('MM BINH DUONG', 'MM AN PHU', 7.692927), ('MM HIEP PHU', 'MM AN PHU', 29.377665)))"
1,pricing_dedup_rejected_before_gnn,OREO CHOCOLATE 110.4/105G,4,shortage_ratio,MM HIEP PHU,MM AN PHU,29.377664704417032,,,0.1,15.2472,PRICED_E1_shortage_ratio_OREO CHOCOLATE 110.4/105G_T4_2,-30371.643106,,,,,,False,True,False,False,"('OREO CHOCOLATE 110.4/105G', 4, (('MM BINH DUONG', 'MM AN PHU', 7.692927), ('MM HIEP PHU', 'MM AN PHU', 29.377665)))"
1,pricing_dedup_rejected_before_gnn,OREO CHOCOLATE 110.4/105G,4,surplus_ratio,MM HIEP PHU,MM AN PHU,29.377664704417032,,,0.1,15.2472,PRICED_E1_surplus_ratio_OREO CHOCOLATE 110.4/105G_T4_1,-30371.643106,,,,,,False,True,False,False,"('OREO CHOCOLATE 110.4/105G', 4, (('MM BINH DUONG', 'MM AN PHU', 7.692927), ('MM HIEP PHU', 'MM AN PHU', 29.377665)))"
1,pricing_dedup_rejected_before_gnn,OREO CHOCOLATE 110.4/105G,4,surplus_ratio,MM BINH DUONG,MM AN PHU,7.692927321840976,,,0.1,15.2472,PRICED_E1_surplus_ratio_OREO CHOCOLATE 110.4/105G_T4_1,-30371.643106,,,,,,False,True,False,False,"('OREO CHOCOLATE 110.4/105G', 4, (('MM BINH DUONG', 'MM AN PHU', 7.692927), ('MM HIEP PHU', 'MM AN PHU', 29.377665)))"
1,pricing_dedup_rejected_before_gnn,OREO CHOCOLATE 110.4/105G,4,surplus_ratio,MM BINH DUONG,MM AN PHU,7.692927321840976,,,0.1,15.2472,PRICED_E1_surplus_ratio_OREO CHOCOLATE 110.4/105G_T4_2,-30371.643106,,,,,,False,True,False,False,"('OREO CHOCOLATE 110.4/105G', 4, (('MM BINH DUONG', 'MM AN PHU', 7.692927), ('MM HIEP PHU', 'MM AN PHU', 29.377665)))"
1,pricing_dedup_rejected_before_gnn,OREO CHOCOLATE 110.4/105G,4,surplus_ratio,MM HIEP PHU,MM AN PHU,29.377664704417032,,,0.1,15.2472,PRICED_E1_surplus_ratio_OREO CHOCOLATE 110.4/105G_T4_2,-30371.643106,,,,,,False,True,False,False,"('OREO CHOCOLATE 110.4/105G', 4, (('MM BINH DUONG', 'MM AN PHU', 7.692927), ('MM HIEP PHU', 'MM AN PHU', 29.377665)))"
1,pricing_dedup_rejected_before_gnn,OREO CHOCOLATE 110.4/105G,4,time_urgency,MM HIEP PHU,MM AN PHU,29.377664704417032,,,0.1,15.2472,PRICED_E1_time_urgency_OREO CHOCOLATE 110.4/105G_T4_1,-30371.643106,,,,,,False,True,False,False,"('OREO CHOCOLATE 110.4/105G', 4, (('MM BINH DUONG', 'MM AN PHU', 7.692927), ('MM HIEP PHU', 'MM AN PHU', 29.377665)))"
1,pricing_dedup_rejected_before_gnn,OREO CHOCOLATE 110.4/105G,4,time_urgency,MM BINH DUONG,MM AN PHU,7.692927321840976,,,0.1,15.2472,PRICED_E1_time_urgency_OREO CHOCOLATE 110.4/105G_T4_1,-30371.643106,,,,,,False,True,False,False,"('OREO CHOCOLATE 110.4/105G', 4, (('MM BINH DUONG', 'MM AN PHU', 7.692927), ('MM HIEP PHU', 'MM AN PHU', 29.377665)))"
1,pricing_dedup_rejected_before_gnn,OREO CHOCOLATE 110.4/105G,4,time_urgency,MM BINH DUONG,MM AN PHU,7.692927321840976,,,0.1,15.2472,PRICED_E1_time_urgency_OREO CHOCOLATE 110.4/105G_T4_2,-30371.643106,,,,,,False,True,False,False,"('OREO CHOCOLATE 110.4/105G', 4, (('MM BINH DUONG', 'MM AN PHU', 7.692927), ('MM HIEP PHU', 'MM AN PHU', 29.377665)))"
1,pricing_dedup_rejected_before_gnn,OREO CHOCOLATE 110.4/105G,4,time_urgency,MM HIEP PHU,MM AN PHU,29.377664704417032,,,0.1,15.2472,PRICED_E1_time_urgency_OREO CHOCOLATE 110.4/105G_T4_2,-30371.643106,,,,,,False,True,False,False,"('OREO CHOCOLATE 110.4/105G', 4, (('MM BINH DUONG', 'MM AN PHU', 7.692927), ('MM HIEP PHU', 'MM AN PHU', 29.377665)))"
1,pricing_dedup_rejected_before_gnn,OREO CHOCOLATE 110.4/105G,4,negative_reduced_cost,MM HIEP PHU,MM AN PHU,29.377664704417032,,,0.1,15.2472,PRICED_E1_negative_reduced_cost_OREO CHOCOLATE 110.4/105G_T4_1,-30371.643106,,,,,,False,True,False,False,"('OREO CHOCOLATE 110.4/105G', 4, (('MM BINH DUONG', 'MM AN PHU', 7.692927), ('MM HIEP PHU', 'MM AN PHU', 29.377665)))"
1,pricing_dedup_rejected_before_gnn,OREO CHOCOLATE 110.4/105G,4,negative_reduced_cost,MM BINH DUONG,MM AN PHU,7.692927321840976,,,0.1,15.2472,PRICED_E1_negative_reduced_cost_OREO CHOCOLATE 110.4/105G_T4_1,-30371.643106,,,,,,False,True,False,False,"('OREO CHOCOLATE 110.4/105G', 4, (('MM BINH DUONG', 'MM AN PHU', 7.692927), ('MM HIEP PHU', 'MM AN PHU', 29.377665)))"
1,pricing_dedup_rejected_before_gnn,OREO CHOCOLATE 110.4/105G,4,negative_reduced_cost,MM BINH DUONG,MM AN PHU,7.692927321840976,,,0.1,15.2472,PRICED_E1_negative_reduced_cost_OREO CHOCOLATE 110.4/105G_T4_2,-30371.643106,,,,,,False,True,False,False,"('OREO CHOCOLATE 110.4/105G', 4, (('MM BINH DUONG', 'MM AN PHU', 7.692927), ('MM HIEP PHU', 'MM AN PHU', 29.377665)))"
1,pricing_dedup_rejected_before_gnn,OREO CHOCOLATE 110.4/105G,4,negative_reduced_cost,MM HIEP PHU,MM AN PHU,29.377664704417032,,,0.1,15.2472,PRICED_E1_negative_reduced_cost_OREO CHOCOLATE 110.4/105G_T4_2,-30371.643106,,,,,,False,True,False,False,"('OREO CHOCOLATE 110.4/105G', 4, (('MM BINH DUONG', 'MM AN PHU', 7.692927), ('MM HIEP PHU', 'MM AN PHU', 29.377665)))"
1,pricing_dedup_rejected_before_gnn,OREO CHOCOLATE 110.4/105G,5,shortage_ratio,MM HIEP PHU,MM BINH PHU,5.799999999999997,,,0.1,14.072488,PRICED_E1_shortage_ratio_OREO CHOCOLATE 110.4/105G_T5_3,-33819.63649,,,,,,False,True,False,False,"('OREO CHOCOLATE 110.4/105G', 5, (('MM BINH DUONG', 'MM AN PHU', 4.46918), ('MM HIEP PHU', 'MM AN PHU', 36.80897), ('MM HIEP PHU', 'MM BINH PHU', 5.8)))"
1,pricing_dedup_rejected_before_gnn,OREO CHOCOLATE 110.4/105G,5,shortage_ratio,MM HIEP PHU,MM AN PHU,36.808970195281745,,,0.1,14.072488,PRICED_E1_shortage_ratio_OREO CHOCOLATE 110.4/105G_T5_3,-33819.63649,,,,,,False,True,False,False,"('OREO CHOCOLATE 110.4/105G', 5, (('MM BINH DUONG', 'MM AN PHU', 4.46918), ('MM HIEP PHU', 'MM AN PHU', 36.80897), ('MM HIEP PHU', 'MM BINH PHU', 5.8)))"
1,pricing_dedup_rejected_before_gnn,OREO CHOCOLATE 110.4/105G,5,shortage_ratio,MM BINH DUONG,MM AN PHU,4.469180268209772,,,0.1,14.072488,PRICED_E1_shortage_ratio_OREO CHOCOLATE 110.4/105G_T5_3,-33819.63649,,,,,,False,True,False,False,"('OREO CHOCOLATE 110.4/105G', 5, (('MM BINH DUONG', 'MM AN PHU', 4.46918), ('MM HIEP PHU', 'MM AN PHU', 36.80897), ('MM HIEP PHU', 'MM BINH PHU', 5.8)))"
1,pricing_dedup_rejected_before_gnn,OREO CHOCOLATE 110.4/105G,5,surplus_ratio,MM HIEP PHU,MM AN PHU,42.60897019528174,,,0.1,14.072488,PRICED_E1_surplus_ratio_OREO CHOCOLATE 110.4/105G_T5_1,-38571.83649,,,,,,False,True,False,False,"('OREO CHOCOLATE 110.4/105G', 5, (('MM BINH DUONG', 'MM AN PHU', 4.46918), ('MM HIEP PHU', 'MM AN PHU', 42.60897)))"
1,pricing_dedup_rejected_before_gnn,OREO CHOCOLATE 110.4/105G,5,surplus_ratio,MM BINH DUONG,MM AN PHU,4.469180268209772,,,0.1,14.072488,PRICED_E1_surplus_ratio_OREO CHOCOLATE 110.4/105G_T5_1,-38571.83649,,,,,,False,True,False,False,"('OREO CHOCOLATE 110.4/105G', 5, (('MM BINH DUONG', 'MM AN PHU', 4.46918), ('MM HIEP PHU', 'MM AN PHU', 42.60897)))"
1,pricing_dedup_rejected_before_gnn,OREO CHOCOLATE 110.4/105G,5,surplus_ratio,MM BINH DUONG,MM AN PHU,4.469180268209772,,,0.1,14.072488,PRICED_E1_surplus_ratio_OREO CHOCOLATE 110.4/105G_T5_2,-33819.63649,,,,,,False,True,False,False,"('OREO CHOCOLATE 110.4/105G', 5, (('MM BINH DUONG', 'MM AN PHU', 4.46918), ('MM HIEP PHU', 'MM AN PHU', 36.80897), ('MM HIEP PHU', 'MM BINH PHU', 5.8)))"
1,pricing_dedup_rejected_before_gnn,OREO CHOCOLATE 110.4/105G,5,surplus_ratio,MM HIEP PHU,MM BINH PHU,5.799999999999997,,,0.1,14.072488,PRICED_E1_surplus_ratio_OREO CHOCOLATE 110.4/105G_T5_2,-33819.63649,,,,,,False,True,False,False,"('OREO CHOCOLATE 110.4/105G', 5, (('MM BINH DUONG', 'MM AN PHU', 4.46918), ('MM HIEP PHU', 'MM AN PHU', 36.80897), ('MM HIEP PHU', 'MM BINH PHU', 5.8)))"
1,pricing_dedup_rejected_before_gnn,OREO CHOCOLATE 110.4/105G,5,surplus_ratio,MM HIEP PHU,MM AN PHU,36.808970195281745,,,0.1,14.072488,PRICED_E1_surplus_ratio_OREO CHOCOLATE 110.4/105G_T5_2,-33819.63649,,,,,,False,True,False,False,"('OREO CHOCOLATE 110.4/105G', 5, (('MM BINH DUONG', 'MM AN PHU', 4.46918), ('MM HIEP PHU', 'MM AN PHU', 36.80897), ('MM HIEP PHU', 'MM BINH PHU', 5.8)))"
1,pricing_dedup_rejected_before_gnn,OREO CHOCOLATE 110.4/105G,5,surplus_ratio,MM HIEP PHU,MM BINH PHU,5.799999999999997,,,0.1,14.072488,PRICED_E1_surplus_ratio_OREO CHOCOLATE 110.4/105G_T5_3,-33819.63649,,,,,,False,True,False,False,"('OREO CHOCOLATE 110.4/105G', 5, (('MM BINH DUONG', 'MM AN PHU', 4.46918), ('MM HIEP PHU', 'MM AN PHU', 36.80897), ('MM HIEP PHU', 'MM BINH PHU', 5.8)))"
1,pricing_dedup_rejected_before_gnn,OREO CHOCOLATE 110.4/105G,5,surplus_ratio,MM HIEP PHU,MM AN PHU,36.808970195281745,,,0.1,14.072488,PRICED_E1_surplus_ratio_OREO CHOCOLATE 110.4/105G_T5_3,-33819.63649,,,,,,False,True,False,False,"('OREO CHOCOLATE 110.4/105G', 5, (('MM BINH DUONG', 'MM AN PHU', 4.46918), ('MM HIEP PHU', 'MM AN PHU', 36.80897), ('MM HIEP PHU', 'MM BINH PHU', 5.8)))"
1,pricing_dedup_rejected_before_gnn,OREO CHOCOLATE 110.4/105G,5,surplus_ratio,MM BINH DUONG,MM AN PHU,4.469180268209772,,,0.1,14.072488,PRICED_E1_surplus_ratio_OREO CHOCOLATE 110.4/105G_T5_3,-33819.63649,,,,,,False,True,False,False,"('OREO CHOCOLATE 110.4/105G', 5, (('MM BINH DUONG', 'MM AN PHU', 4.46918), ('MM HIEP PHU', 'MM AN PHU', 36.80897), ('MM HIEP PHU', 'MM BINH PHU', 5.8)))"
1,pricing_dedup_rejected_before_gnn,OREO CHOCOLATE 110.4/105G,5,time_urgency,MM HIEP PHU,MM AN PHU,42.60897019528174,,,0.1,14.072488,PRICED_E1_time_urgency_OREO CHOCOLATE 110.4/105G_T5_1,-38571.83649,,,,,,False,True,False,False,"('OREO CHOCOLATE 110.4/105G', 5, (('MM BINH DUONG', 'MM AN PHU', 4.46918), ('MM HIEP PHU', 'MM AN PHU', 42.60897)))"
1,pricing_dedup_rejected_before_gnn,OREO CHOCOLATE 110.4/105G,5,time_urgency,MM BINH DUONG,MM AN PHU,4.469180268209772,,,0.1,14.072488,PRICED_E1_time_urgency_OREO CHOCOLATE 110.4/105G_T5_1,-38571.83649,,,,,,False,True,False,False,"('OREO CHOCOLATE 110.4/105G', 5, (('MM BINH DUONG', 'MM AN PHU', 4.46918), ('MM HIEP PHU', 'MM AN PHU', 42.60897)))"
1,pricing_dedup_rejected_before_gnn,OREO CHOCOLATE 110.4/105G,5,time_urgency,MM BINH DUONG,MM AN PHU,4.469180268209772,,,0.1,14.072488,PRICED_E1_time_urgency_OREO CHOCOLATE 110.4/105G_T5_2,-33819.63649,,,,,,False,True,False,False,"('OREO CHOCOLATE 110.4/105G', 5, (('MM BINH DUONG', 'MM AN PHU', 4.46918), ('MM HIEP PHU', 'MM AN PHU', 36.80897), ('MM HIEP PHU', 'MM BINH PHU', 5.8)))"
1,pricing_dedup_rejected_before_gnn,OREO CHOCOLATE 110.4/105G,5,time_urgency,MM HIEP PHU,MM BINH PHU,5.799999999999997,,,0.1,14.072488,PRICED_E1_time_urgency_OREO CHOCOLATE 110.4/105G_T5_2,-33819.63649,,,,,,False,True,False,False,"('OREO CHOCOLATE 110.4/105G', 5, (('MM BINH DUONG', 'MM AN PHU', 4.46918), ('MM HIEP PHU', 'MM AN PHU', 36.80897), ('MM HIEP PHU', 'MM BINH PHU', 5.8)))"
1,pricing_dedup_rejected_before_gnn,OREO CHOCOLATE 110.4/105G,5,time_urgency,MM HIEP PHU,MM AN PHU,36.808970195281745,,,0.1,14.072488,PRICED_E1_time_urgency_OREO CHOCOLATE 110.4/105G_T5_2,-33819.63649,,,,,,False,True,False,False,"('OREO CHOCOLATE 110.4/105G', 5, (('MM BINH DUONG', 'MM AN PHU', 4.46918), ('MM HIEP PHU', 'MM AN PHU', 36.80897), ('MM HIEP PHU', 'MM BINH PHU', 5.8)))"
1,pricing_dedup_rejected_before_gnn,OREO CHOCOLATE 110.4/105G,5,time_urgency,MM HIEP PHU,MM BINH PHU,5.799999999999997,,,0.1,14.072488,PRICED_E1_time_urgency_OREO CHOCOLATE 110.4/105G_T5_3,-33819.63649,,,,,,False,True,False,False,"('OREO CHOCOLATE 110.4/105G', 5, (('MM BINH DUONG', 'MM AN PHU', 4.46918), ('MM HIEP PHU', 'MM AN PHU', 36.80897), ('MM HIEP PHU', 'MM BINH PHU', 5.8)))"
1,pricing_dedup_rejected_before_gnn,OREO CHOCOLATE 110.4/105G,5,time_urgency,MM HIEP PHU,MM AN PHU,36.808970195281745,,,0.1,14.072488,PRICED_E1_time_urgency_OREO CHOCOLATE 110.4/105G_T5_3,-33819.63649,,,,,,False,True,False,False,"('OREO CHOCOLATE 110.4/105G', 5, (('MM BINH DUONG', 'MM AN PHU', 4.46918), ('MM HIEP PHU', 'MM AN PHU', 36.80897), ('MM HIEP PHU', 'MM BINH PHU', 5.8)))"
1,pricing_dedup_rejected_before_gnn,OREO CHOCOLATE 110.4/105G,5,time_urgency,MM BINH DUONG,MM AN PHU,4.469180268209772,,,0.1,14.072488,PRICED_E1_time_urgency_OREO CHOCOLATE 110.4/105G_T5_3,-33819.63649,,,,,,False,True,False,False,"('OREO CHOCOLATE 110.4/105G', 5, (('MM BINH DUONG', 'MM AN PHU', 4.46918), ('MM HIEP PHU', 'MM AN PHU', 36.80897), ('MM HIEP PHU', 'MM BINH PHU', 5.8)))"
1,pricing_dedup_rejected_before_gnn,OREO CHOCOLATE 110.4/105G,5,negative_reduced_cost,MM HIEP PHU,MM AN PHU,42.60897019528174,,,0.1,14.072488,PRICED_E1_negative_reduced_cost_OREO CHOCOLATE 110.4/105G_T5_1,-38571.83649,,,,,,False,True,False,False,"('OREO CHOCOLATE 110.4/105G', 5, (('MM BINH DUONG', 'MM AN PHU', 4.46918), ('MM HIEP PHU', 'MM AN PHU', 42.60897)))"
1,pricing_dedup_rejected_before_gnn,OREO CHOCOLATE 110.4/105G,5,negative_reduced_cost,MM BINH DUONG,MM AN PHU,4.469180268209772,,,0.1,14.072488,PRICED_E1_negative_reduced_cost_OREO CHOCOLATE 110.4/105G_T5_1,-38571.83649,,,,,,False,True,False,False,"('OREO CHOCOLATE 110.4/105G', 5, (('MM BINH DUONG', 'MM AN PHU', 4.46918), ('MM HIEP PHU', 'MM AN PHU', 42.60897)))"
1,pricing_dedup_rejected_before_gnn,OREO CHOCOLATE 110.4/105G,5,negative_reduced_cost,MM BINH DUONG,MM AN PHU,4.469180268209772,,,0.1,14.072488,PRICED_E1_negative_reduced_cost_OREO CHOCOLATE 110.4/105G_T5_2,-33819.63649,,,,,,False,True,False,False,"('OREO CHOCOLATE 110.4/105G', 5, (('MM BINH DUONG', 'MM AN PHU', 4.46918), ('MM HIEP PHU', 'MM AN PHU', 36.80897), ('MM HIEP PHU', 'MM BINH PHU', 5.8)))"
1,pricing_dedup_rejected_before_gnn,OREO CHOCOLATE 110.4/105G,5,negative_reduced_cost,MM HIEP PHU,MM BINH PHU,5.799999999999997,,,0.1,14.072488,PRICED_E1_negative_reduced_cost_OREO CHOCOLATE 110.4/105G_T5_2,-33819.63649,,,,,,False,True,False,False,"('OREO CHOCOLATE 110.4/105G', 5, (('MM BINH DUONG', 'MM AN PHU', 4.46918), ('MM HIEP PHU', 'MM AN PHU', 36.80897), ('MM HIEP PHU', 'MM BINH PHU', 5.8)))"
1,pricing_dedup_rejected_before_gnn,OREO CHOCOLATE 110.4/105G,5,negative_reduced_cost,MM HIEP PHU,MM AN PHU,36.808970195281745,,,0.1,14.072488,PRICED_E1_negative_reduced_cost_OREO CHOCOLATE 110.4/105G_T5_2,-33819.63649,,,,,,False,True,False,False,"('OREO CHOCOLATE 110.4/105G', 5, (('MM BINH DUONG', 'MM AN PHU', 4.46918), ('MM HIEP PHU', 'MM AN PHU', 36.80897), ('MM HIEP PHU', 'MM BINH PHU', 5.8)))"
1,pricing_dedup_rejected_before_gnn,OREO CHOCOLATE 110.4/105G,5,negative_reduced_cost,MM HIEP PHU,MM BINH PHU,5.799999999999997,,,0.1,14.072488,PRICED_E1_negative_reduced_cost_OREO CHOCOLATE 110.4/105G_T5_3,-33819.63649,,,,,,False,True,False,False,"('OREO CHOCOLATE 110.4/105G', 5, (('MM BINH DUONG', 'MM AN PHU', 4.46918), ('MM HIEP PHU', 'MM AN PHU', 36.80897), ('MM HIEP PHU', 'MM BINH PHU', 5.8)))"
1,pricing_dedup_rejected_before_gnn,OREO CHOCOLATE 110.4/105G,5,negative_reduced_cost,MM HIEP PHU,MM AN PHU,36.808970195281745,,,0.1,14.072488,PRICED_E1_negative_reduced_cost_OREO CHOCOLATE 110.4/105G_T5_3,-33819.63649,,,,,,False,True,False,False,"('OREO CHOCOLATE 110.4/105G', 5, (('MM BINH DUONG', 'MM AN PHU', 4.46918), ('MM HIEP PHU', 'MM AN PHU', 36.80897), ('MM HIEP PHU', 'MM BINH PHU', 5.8)))"
1,pricing_dedup_rejected_before_gnn,OREO CHOCOLATE 110.4/105G,5,negative_reduced_cost,MM BINH DUONG,MM AN PHU,4.469180268209772,,,0.1,14.072488,PRICED_E1_negative_reduced_cost_OREO CHOCOLATE 110.4/105G_T5_3,-33819.63649,,,,,,False,True,False,False,"('OREO CHOCOLATE 110.4/105G', 5, (('MM BINH DUONG', 'MM AN PHU', 4.46918), ('MM HIEP PHU', 'MM AN PHU', 36.80897), ('MM HIEP PHU', 'MM BINH PHU', 5.8)))"
1,pricing_dedup_rejected_before_gnn,OREO CHOCOLATE 110.4/105G,6,surplus_ratio,MM HIEP PHU,MM AN PHU,19.14170297309868,,,0.1,10.013652,PRICED_E1_surplus_ratio_OREO CHOCOLATE 110.4/105G_T6_1,-15682.711416,,,,,,False,True,False,False,"('OREO CHOCOLATE 110.4/105G', 6, (('MM HIEP PHU', 'MM AN PHU', 19.141703),))"
1,pricing_dedup_rejected_before_gnn,OREO CHOCOLATE 110.4/105G,6,surplus_ratio,MM HIEP PHU,MM BINH PHU,7.6299431608576,,,0.1,10.013652,PRICED_E1_surplus_ratio_OREO CHOCOLATE 110.4/105G_T6_2,-3715.057053,,,,,,False,True,False,False,"('OREO CHOCOLATE 110.4/105G', 6, (('MM HIEP PHU', 'MM AN PHU', 4.534066), ('MM HIEP PHU', 'MM BINH PHU', 7.629943), ('MM HIEP PHU', 'MM DA NANG', 6.977693)))"
1,pricing_dedup_rejected_before_gnn,OREO CHOCOLATE 110.4/105G,6,surplus_ratio,MM HIEP PHU,MM DA NANG,6.977693423990203,,,0.1,10.013652,PRICED_E1_surplus_ratio_OREO CHOCOLATE 110.4/105G_T6_2,-3715.057053,,,,,,False,True,False,False,"('OREO CHOCOLATE 110.4/105G', 6, (('MM HIEP PHU', 'MM AN PHU', 4.534066), ('MM HIEP PHU', 'MM BINH PHU', 7.629943), ('MM HIEP PHU', 'MM DA NANG', 6.977693)))"
1,pricing_dedup_rejected_before_gnn,OREO CHOCOLATE 110.4/105G,6,surplus_ratio,MM HIEP PHU,MM AN PHU,4.534066388250878,,,0.1,10.013652,PRICED_E1_surplus_ratio_OREO CHOCOLATE 110.4/105G_T6_2,-3715.057053,,,,,,False,True,False,False,"('OREO CHOCOLATE 110.4/105G', 6, (('MM HIEP PHU', 'MM AN PHU', 4.534066), ('MM HIEP PHU', 'MM BINH PHU', 7.629943), ('MM HIEP PHU', 'MM DA NANG', 6.977693)))"
1,pricing_dedup_rejected_before_gnn,OREO CHOCOLATE 110.4/105G,6,surplus_ratio,MM HIEP PHU,MM DA NANG,6.977693423990203,,,0.1,10.013652,PRICED_E1_surplus_ratio_OREO CHOCOLATE 110.4/105G_T6_3,-9965.980502,,,,,,False,True,False,False,"('OREO CHOCOLATE 110.4/105G', 6, (('MM HIEP PHU', 'MM AN PHU', 12.16401), ('MM HIEP PHU', 'MM DA NANG', 6.977693)))"
1,pricing_dedup_rejected_before_gnn,OREO CHOCOLATE 110.4/105G,6,surplus_ratio,MM HIEP PHU,MM AN PHU,12.164009549108478,,,0.1,10.013652,PRICED_E1_surplus_ratio_OREO CHOCOLATE 110.4/105G_T6_3,-9965.980502,,,,,,False,True,False,False,"('OREO CHOCOLATE 110.4/105G', 6, (('MM HIEP PHU', 'MM AN PHU', 12.16401), ('MM HIEP PHU', 'MM DA NANG', 6.977693)))"
1,pricing_dedup_rejected_before_gnn,OREO CHOCOLATE 110.4/105G,6,time_urgency,MM HIEP PHU,MM AN PHU,19.14170297309868,,,0.1,10.013652,PRICED_E1_time_urgency_OREO CHOCOLATE 110.4/105G_T6_1,-15682.711416,,,,,,False,True,False,False,"('OREO CHOCOLATE 110.4/105G', 6, (('MM HIEP PHU', 'MM AN PHU', 19.141703),))"
1,pricing_dedup_rejected_before_gnn,OREO CHOCOLATE 110.4/105G,6,time_urgency,MM HIEP PHU,MM BINH PHU,7.6299431608576,,,0.1,10.013652,PRICED_E1_time_urgency_OREO CHOCOLATE 110.4/105G_T6_2,-3715.057053,,,,,,False,True,False,False,"('OREO CHOCOLATE 110.4/105G', 6, (('MM HIEP PHU', 'MM AN PHU', 4.534066), ('MM HIEP PHU', 'MM BINH PHU', 7.629943), ('MM HIEP PHU', 'MM DA NANG', 6.977693)))"
1,pricing_dedup_rejected_before_gnn,OREO CHOCOLATE 110.4/105G,6,time_urgency,MM HIEP PHU,MM DA NANG,6.977693423990203,,,0.1,10.013652,PRICED_E1_time_urgency_OREO CHOCOLATE 110.4/105G_T6_2,-3715.057053,,,,,,False,True,False,False,"('OREO CHOCOLATE 110.4/105G', 6, (('MM HIEP PHU', 'MM AN PHU', 4.534066), ('MM HIEP PHU', 'MM BINH PHU', 7.629943), ('MM HIEP PHU', 'MM DA NANG', 6.977693)))"
1,pricing_dedup_rejected_before_gnn,OREO CHOCOLATE 110.4/105G,6,time_urgency,MM HIEP PHU,MM AN PHU,4.534066388250878,,,0.1,10.013652,PRICED_E1_time_urgency_OREO CHOCOLATE 110.4/105G_T6_2,-3715.057053,,,,,,False,True,False,False,"('OREO CHOCOLATE 110.4/105G', 6, (('MM HIEP PHU', 'MM AN PHU', 4.534066), ('MM HIEP PHU', 'MM BINH PHU', 7.629943), ('MM HIEP PHU', 'MM DA NANG', 6.977693)))"
1,pricing_dedup_rejected_before_gnn,OREO CHOCOLATE 110.4/105G,6,time_urgency,MM HIEP PHU,MM DA NANG,6.977693423990203,,,0.1,10.013652,PRICED_E1_time_urgency_OREO CHOCOLATE 110.4/105G_T6_3,-9965.980502,,,,,,False,True,False,False,"('OREO CHOCOLATE 110.4/105G', 6, (('MM HIEP PHU', 'MM AN PHU', 12.16401), ('MM HIEP PHU', 'MM DA NANG', 6.977693)))"
1,pricing_dedup_rejected_before_gnn,OREO CHOCOLATE 110.4/105G,6,time_urgency,MM HIEP PHU,MM AN PHU,12.164009549108478,,,0.1,10.013652,PRICED_E1_time_urgency_OREO CHOCOLATE 110.4/105G_T6_3,-9965.980502,,,,,,False,True,False,False,"('OREO CHOCOLATE 110.4/105G', 6, (('MM HIEP PHU', 'MM AN PHU', 12.16401), ('MM HIEP PHU', 'MM DA NANG', 6.977693)))"
1,pricing_dedup_rejected_before_gnn,OREO CHOCOLATE 110.4/105G,6,negative_reduced_cost,MM HIEP PHU,MM AN PHU,19.14170297309868,,,0.1,10.013652,PRICED_E1_negative_reduced_cost_OREO CHOCOLATE 110.4/105G_T6_1,-15682.711416,,,,,,False,True,False,False,"('OREO CHOCOLATE 110.4/105G', 6, (('MM HIEP PHU', 'MM AN PHU', 19.141703),))"
1,pricing_dedup_rejected_before_gnn,OREO CHOCOLATE 110.4/105G,6,negative_reduced_cost,MM HIEP PHU,MM BINH PHU,7.6299431608576,,,0.1,10.013652,PRICED_E1_negative_reduced_cost_OREO CHOCOLATE 110.4/105G_T6_2,-3715.057053,,,,,,False,True,False,False,"('OREO CHOCOLATE 110.4/105G', 6, (('MM HIEP PHU', 'MM AN PHU', 4.534066), ('MM HIEP PHU', 'MM BINH PHU', 7.629943), ('MM HIEP PHU', 'MM DA NANG', 6.977693)))"
1,pricing_dedup_rejected_before_gnn,OREO CHOCOLATE 110.4/105G,6,negative_reduced_cost,MM HIEP PHU,MM DA NANG,6.977693423990203,,,0.1,10.013652,PRICED_E1_negative_reduced_cost_OREO CHOCOLATE 110.4/105G_T6_2,-3715.057053,,,,,,False,True,False,False,"('OREO CHOCOLATE 110.4/105G', 6, (('MM HIEP PHU', 'MM AN PHU', 4.534066), ('MM HIEP PHU', 'MM BINH PHU', 7.629943), ('MM HIEP PHU', 'MM DA NANG', 6.977693)))"
1,pricing_dedup_rejected_before_gnn,OREO CHOCOLATE 110.4/105G,6,negative_reduced_cost,MM HIEP PHU,MM AN PHU,4.534066388250878,,,0.1,10.013652,PRICED_E1_negative_reduced_cost_OREO CHOCOLATE 110.4/105G_T6_2,-3715.057053,,,,,,False,True,False,False,"('OREO CHOCOLATE 110.4/105G', 6, (('MM HIEP PHU', 'MM AN PHU', 4.534066), ('MM HIEP PHU', 'MM BINH PHU', 7.629943), ('MM HIEP PHU', 'MM DA NANG', 6.977693)))"
1,pricing_dedup_rejected_before_gnn,OREO CHOCOLATE 110.4/105G,6,negative_reduced_cost,MM HIEP PHU,MM DA NANG,6.977693423990203,,,0.1,10.013652,PRICED_E1_negative_reduced_cost_OREO CHOCOLATE 110.4/105G_T6_3,-9965.980502,,,,,,False,True,False,False,"('OREO CHOCOLATE 110.4/105G', 6, (('MM HIEP PHU', 'MM AN PHU', 12.16401), ('MM HIEP PHU', 'MM DA NANG', 6.977693)))"
1,pricing_dedup_rejected_before_gnn,OREO CHOCOLATE 110.4/105G,6,negative_reduced_cost,MM HIEP PHU,MM AN PHU,12.164009549108478,,,0.1,10.013652,PRICED_E1_negative_reduced_cost_OREO CHOCOLATE 110.4/105G_T6_3,-9965.980502,,,,,,False,True,False,False,"('OREO CHOCOLATE 110.4/105G', 6, (('MM HIEP PHU', 'MM AN PHU', 12.16401), ('MM HIEP PHU', 'MM DA NANG', 6.977693)))"
1,pricing_dedup_rejected_before_gnn,OREO CHOCOLATE 110.4/105G,7,shortage_ratio,MM HIEP PHU,MM AN PHU,2.7167749046512384,,,0.1,5.641348,PRICED_E1_shortage_ratio_OREO CHOCOLATE 110.4/105G_T7_3,-5035.461086,,,,,,False,True,False,False,"('OREO CHOCOLATE 110.4/105G', 7, (('MM BINH DUONG', 'MM AN PHU', 3.433409), ('MM HIEP PHU', 'MM AN PHU', 2.716775)))"
1,pricing_dedup_rejected_before_gnn,OREO CHOCOLATE 110.4/105G,7,shortage_ratio,MM BINH DUONG,MM AN PHU,3.4334094815302816,,,0.1,5.641348,PRICED_E1_shortage_ratio_OREO CHOCOLATE 110.4/105G_T7_3,-5035.461086,,,,,,False,True,False,False,"('OREO CHOCOLATE 110.4/105G', 7, (('MM BINH DUONG', 'MM AN PHU', 3.433409), ('MM HIEP PHU', 'MM AN PHU', 2.716775)))"
1,pricing_dedup_rejected_before_gnn,OREO CHOCOLATE 110.4/105G,7,surplus_ratio,MM BINH DUONG,MM AN PHU,3.4334094815302816,,,0.1,5.641348,PRICED_E1_surplus_ratio_OREO CHOCOLATE 110.4/105G_T7_1,-5035.461086,,,,,,False,True,False,False,"('OREO CHOCOLATE 110.4/105G', 7, (('MM BINH DUONG', 'MM AN PHU', 3.433409), ('MM HIEP PHU', 'MM AN PHU', 2.716775)))"
1,pricing_dedup_rejected_before_gnn,OREO CHOCOLATE 110.4/105G,7,surplus_ratio,MM HIEP PHU,MM AN PHU,2.7167749046512384,,,0.1,5.641348,PRICED_E1_surplus_ratio_OREO CHOCOLATE 110.4/105G_T7_1,-5035.461086,,,,,,False,True,False,False,"('OREO CHOCOLATE 110.4/105G', 7, (('MM BINH DUONG', 'MM AN PHU', 3.433409), ('MM HIEP PHU', 'MM AN PHU', 2.716775)))"
1,pricing_dedup_rejected_before_gnn,OREO CHOCOLATE 110.4/105G,7,surplus_ratio,MM BINH DUONG,MM DA NANG,2.9010061431814016,,,0.1,5.641348,PRICED_E1_surplus_ratio_OREO CHOCOLATE 110.4/105G_T7_2,-5033.461086,,,,,,False,True,False,False,"('OREO CHOCOLATE 110.4/105G', 7, (('MM BINH DUONG', 'MM AN PHU', 0.532403), ('MM BINH DUONG', 'MM DA NANG', 2.901006), ('MM HIEP PHU', 'MM AN PHU', 2.716775)))"
1,pricing_dedup_rejected_before_gnn,OREO CHOCOLATE 110.4/105G,7,surplus_ratio,MM HIEP PHU,MM AN PHU,2.7167749046512384,,,0.1,5.641348,PRICED_E1_surplus_ratio_OREO CHOCOLATE 110.4/105G_T7_2,-5033.461086,,,,,,False,True,False,False,"('OREO CHOCOLATE 110.4/105G', 7, (('MM BINH DUONG', 'MM AN PHU', 0.532403), ('MM BINH DUONG', 'MM DA NANG', 2.901006), ('MM HIEP PHU', 'MM AN PHU', 2.716775)))"
1,pricing_dedup_rejected_before_gnn,OREO CHOCOLATE 110.4/105G,7,surplus_ratio,MM BINH DUONG,MM AN PHU,0.53240333834888,,,0.1,5.641348,PRICED_E1_surplus_ratio_OREO CHOCOLATE 110.4/105G_T7_2,-5033.461086,,,,,,False,True,False,False,"('OREO CHOCOLATE 110.4/105G', 7, (('MM BINH DUONG', 'MM AN PHU', 0.532403), ('MM BINH DUONG', 'MM DA NANG', 2.901006), ('MM HIEP PHU', 'MM AN PHU', 2.716775)))"
1,pricing_dedup_rejected_before_gnn,OREO CHOCOLATE 110.4/105G,7,surplus_ratio,MM HIEP PHU,MM AN PHU,2.7167749046512384,,,0.1,5.641348,PRICED_E1_surplus_ratio_OREO CHOCOLATE 110.4/105G_T7_3,-5035.461086,,,,,,False,True,False,False,"('OREO CHOCOLATE 110.4/105G', 7, (('MM BINH DUONG', 'MM AN PHU', 3.433409), ('MM HIEP PHU', 'MM AN PHU', 2.716775)))"
1,pricing_dedup_rejected_before_gnn,OREO CHOCOLATE 110.4/105G,7,surplus_ratio,MM BINH DUONG,MM AN PHU,3.4334094815302816,,,0.1,5.641348,PRICED_E1_surplus_ratio_OREO CHOCOLATE 110.4/105G_T7_3,-5035.461086,,,,,,False,True,False,False,"('OREO CHOCOLATE 110.4/105G', 7, (('MM BINH DUONG', 'MM AN PHU', 3.433409), ('MM HIEP PHU', 'MM AN PHU', 2.716775)))"
1,pricing_dedup_rejected_before_gnn,OREO CHOCOLATE 110.4/105G,7,surplus_ratio,MM HIEP PHU,MM DA NANG,2.7167749046512384,,,0.1,5.641348,PRICED_E1_surplus_ratio_OREO CHOCOLATE 110.4/105G_T7_4,-5035.461086,,,,,,False,True,False,False,"('OREO CHOCOLATE 110.4/105G', 7, (('MM BINH DUONG', 'MM AN PHU', 3.433409), ('MM HIEP PHU', 'MM DA NANG', 2.716775)))"
1,pricing_dedup_rejected_before_gnn,OREO CHOCOLATE 110.4/105G,7,surplus_ratio,MM BINH DUONG,MM AN PHU,3.4334094815302816,,,0.1,5.641348,PRICED_E1_surplus_ratio_OREO CHOCOLATE 110.4/105G_T7_4,-5035.461086,,,,,,False,True,False,False,"('OREO CHOCOLATE 110.4/105G', 7, (('MM BINH DUONG', 'MM AN PHU', 3.433409), ('MM HIEP PHU', 'MM DA NANG', 2.716775)))"
1,pricing_dedup_rejected_before_gnn,OREO CHOCOLATE 110.4/105G,7,time_urgency,MM BINH DUONG,MM AN PHU,3.4334094815302816,,,0.1,5.641348,PRICED_E1_time_urgency_OREO CHOCOLATE 110.4/105G_T7_1,-5035.461086,,,,,,False,True,False,False,"('OREO CHOCOLATE 110.4/105G', 7, (('MM BINH DUONG', 'MM AN PHU', 3.433409), ('MM HIEP PHU', 'MM AN PHU', 2.716775)))"
1,pricing_dedup_rejected_before_gnn,OREO CHOCOLATE 110.4/105G,7,time_urgency,MM HIEP PHU,MM AN PHU,2.7167749046512384,,,0.1,5.641348,PRICED_E1_time_urgency_OREO CHOCOLATE 110.4/105G_T7_1,-5035.461086,,,,,,False,True,False,False,"('OREO CHOCOLATE 110.4/105G', 7, (('MM BINH DUONG', 'MM AN PHU', 3.433409), ('MM HIEP PHU', 'MM AN PHU', 2.716775)))"
1,pricing_dedup_rejected_before_gnn,OREO CHOCOLATE 110.4/105G,7,time_urgency,MM BINH DUONG,MM DA NANG,2.9010061431814016,,,0.1,5.641348,PRICED_E1_time_urgency_OREO CHOCOLATE 110.4/105G_T7_2,-5033.461086,,,,,,False,True,False,False,"('OREO CHOCOLATE 110.4/105G', 7, (('MM BINH DUONG', 'MM AN PHU', 0.532403), ('MM BINH DUONG', 'MM DA NANG', 2.901006), ('MM HIEP PHU', 'MM AN PHU', 2.716775)))"
1,pricing_dedup_rejected_before_gnn,OREO CHOCOLATE 110.4/105G,7,time_urgency,MM HIEP PHU,MM AN PHU,2.7167749046512384,,,0.1,5.641348,PRICED_E1_time_urgency_OREO CHOCOLATE 110.4/105G_T7_2,-5033.461086,,,,,,False,True,False,False,"('OREO CHOCOLATE 110.4/105G', 7, (('MM BINH DUONG', 'MM AN PHU', 0.532403), ('MM BINH DUONG', 'MM DA NANG', 2.901006), ('MM HIEP PHU', 'MM AN PHU', 2.716775)))"
1,pricing_dedup_rejected_before_gnn,OREO CHOCOLATE 110.4/105G,7,time_urgency,MM BINH DUONG,MM AN PHU,0.53240333834888,,,0.1,5.641348,PRICED_E1_time_urgency_OREO CHOCOLATE 110.4/105G_T7_2,-5033.461086,,,,,,False,True,False,False,"('OREO CHOCOLATE 110.4/105G', 7, (('MM BINH DUONG', 'MM AN PHU', 0.532403), ('MM BINH DUONG', 'MM DA NANG', 2.901006), ('MM HIEP PHU', 'MM AN PHU', 2.716775)))"
1,pricing_dedup_rejected_before_gnn,OREO CHOCOLATE 110.4/105G,7,time_urgency,MM HIEP PHU,MM AN PHU,2.7167749046512384,,,0.1,5.641348,PRICED_E1_time_urgency_OREO CHOCOLATE 110.4/105G_T7_3,-5035.461086,,,,,,False,True,False,False,"('OREO CHOCOLATE 110.4/105G', 7, (('MM BINH DUONG', 'MM AN PHU', 3.433409), ('MM HIEP PHU', 'MM AN PHU', 2.716775)))"
1,pricing_dedup_rejected_before_gnn,OREO CHOCOLATE 110.4/105G,7,time_urgency,MM BINH DUONG,MM AN PHU,3.4334094815302816,,,0.1,5.641348,PRICED_E1_time_urgency_OREO CHOCOLATE 110.4/105G_T7_3,-5035.461086,,,,,,False,True,False,False,"('OREO CHOCOLATE 110.4/105G', 7, (('MM BINH DUONG', 'MM AN PHU', 3.433409), ('MM HIEP PHU', 'MM AN PHU', 2.716775)))"
1,pricing_dedup_rejected_before_gnn,OREO CHOCOLATE 110.4/105G,7,time_urgency,MM HIEP PHU,MM DA NANG,2.7167749046512384,,,0.1,5.641348,PRICED_E1_time_urgency_OREO CHOCOLATE 110.4/105G_T7_4,-5035.461086,,,,,,False,True,False,False,"('OREO CHOCOLATE 110.4/105G', 7, (('MM BINH DUONG', 'MM AN PHU', 3.433409), ('MM HIEP PHU', 'MM DA NANG', 2.716775)))"
1,pricing_dedup_rejected_before_gnn,OREO CHOCOLATE 110.4/105G,7,time_urgency,MM BINH DUONG,MM AN PHU,3.4334094815302816,,,0.1,5.641348,PRICED_E1_time_urgency_OREO CHOCOLATE 110.4/105G_T7_4,-5035.461086,,,,,,False,True,False,False,"('OREO CHOCOLATE 110.4/105G', 7, (('MM BINH DUONG', 'MM AN PHU', 3.433409), ('MM HIEP PHU', 'MM DA NANG', 2.716775)))"
1,pricing_dedup_rejected_before_gnn,OREO CHOCOLATE 110.4/105G,7,negative_reduced_cost,MM BINH DUONG,MM AN PHU,3.4334094815302816,,,0.1,5.641348,PRICED_E1_negative_reduced_cost_OREO CHOCOLATE 110.4/105G_T7_1,-5035.461086,,,,,,False,True,False,False,"('OREO CHOCOLATE 110.4/105G', 7, (('MM BINH DUONG', 'MM AN PHU', 3.433409), ('MM HIEP PHU', 'MM AN PHU', 2.716775)))"
1,pricing_dedup_rejected_before_gnn,OREO CHOCOLATE 110.4/105G,7,negative_reduced_cost,MM HIEP PHU,MM AN PHU,2.7167749046512384,,,0.1,5.641348,PRICED_E1_negative_reduced_cost_OREO CHOCOLATE 110.4/105G_T7_1,-5035.461086,,,,,,False,True,False,False,"('OREO CHOCOLATE 110.4/105G', 7, (('MM BINH DUONG', 'MM AN PHU', 3.433409), ('MM HIEP PHU', 'MM AN PHU', 2.716775)))"
1,pricing_dedup_rejected_before_gnn,OREO CHOCOLATE 110.4/105G,7,negative_reduced_cost,MM BINH DUONG,MM DA NANG,2.9010061431814016,,,0.1,5.641348,PRICED_E1_negative_reduced_cost_OREO CHOCOLATE 110.4/105G_T7_2,-5033.461086,,,,,,False,True,False,False,"('OREO CHOCOLATE 110.4/105G', 7, (('MM BINH DUONG', 'MM AN PHU', 0.532403), ('MM BINH DUONG', 'MM DA NANG', 2.901006), ('MM HIEP PHU', 'MM AN PHU', 2.716775)))"
1,pricing_dedup_rejected_before_gnn,OREO CHOCOLATE 110.4/105G,7,negative_reduced_cost,MM HIEP PHU,MM AN PHU,2.7167749046512384,,,0.1,5.641348,PRICED_E1_negative_reduced_cost_OREO CHOCOLATE 110.4/105G_T7_2,-5033.461086,,,,,,False,True,False,False,"('OREO CHOCOLATE 110.4/105G', 7, (('MM BINH DUONG', 'MM AN PHU', 0.532403), ('MM BINH DUONG', 'MM DA NANG', 2.901006), ('MM HIEP PHU', 'MM AN PHU', 2.716775)))"
1,pricing_dedup_rejected_before_gnn,OREO CHOCOLATE 110.4/105G,7,negative_reduced_cost,MM BINH DUONG,MM AN PHU,0.53240333834888,,,0.1,5.641348,PRICED_E1_negative_reduced_cost_OREO CHOCOLATE 110.4/105G_T7_2,-5033.461086,,,,,,False,True,False,False,"('OREO CHOCOLATE 110.4/105G', 7, (('MM BINH DUONG', 'MM AN PHU', 0.532403), ('MM BINH DUONG', 'MM DA NANG', 2.901006), ('MM HIEP PHU', 'MM AN PHU', 2.716775)))"
1,pricing_dedup_rejected_before_gnn,OREO CHOCOLATE 110.4/105G,7,negative_reduced_cost,MM HIEP PHU,MM AN PHU,2.7167749046512384,,,0.1,5.641348,PRICED_E1_negative_reduced_cost_OREO CHOCOLATE 110.4/105G_T7_3,-5035.461086,,,,,,False,True,False,False,"('OREO CHOCOLATE 110.4/105G', 7, (('MM BINH DUONG', 'MM AN PHU', 3.433409), ('MM HIEP PHU', 'MM AN PHU', 2.716775)))"
1,pricing_dedup_rejected_before_gnn,OREO CHOCOLATE 110.4/105G,7,negative_reduced_cost,MM BINH DUONG,MM AN PHU,3.4334094815302816,,,0.1,5.641348,PRICED_E1_negative_reduced_cost_OREO CHOCOLATE 110.4/105G_T7_3,-5035.461086,,,,,,False,True,False,False,"('OREO CHOCOLATE 110.4/105G', 7, (('MM BINH DUONG', 'MM AN PHU', 3.433409), ('MM HIEP PHU', 'MM AN PHU', 2.716775)))"
1,pricing_dedup_rejected_before_gnn,OREO CHOCOLATE 110.4/105G,7,negative_reduced_cost,MM HIEP PHU,MM DA NANG,2.7167749046512384,,,0.1,5.641348,PRICED_E1_negative_reduced_cost_OREO CHOCOLATE 110.4/105G_T7_4,-5035.461086,,,,,,False,True,False,False,"('OREO CHOCOLATE 110.4/105G', 7, (('MM BINH DUONG', 'MM AN PHU', 3.433409), ('MM HIEP PHU', 'MM DA NANG', 2.716775)))"
1,pricing_dedup_rejected_before_gnn,OREO CHOCOLATE 110.4/105G,7,negative_reduced_cost,MM BINH DUONG,MM AN PHU,3.4334094815302816,,,0.1,5.641348,PRICED_E1_negative_reduced_cost_OREO CHOCOLATE 110.4/105G_T7_4,-5035.461086,,,,,,False,True,False,False,"('OREO CHOCOLATE 110.4/105G', 7, (('MM BINH DUONG', 'MM AN PHU', 3.433409), ('MM HIEP PHU', 'MM DA NANG', 2.716775)))"
1,pricing_dedup_rejected_before_gnn,OREO VANILLA 110.4/105G,2,surplus_ratio,MM DA NANG,MM AN PHU,31.796352283153375,,,0.1,22.200155,PRICED_E1_surplus_ratio_OREO VANILLA 110.4/105G_T2_1,-10.718541,,,,,,False,True,False,False,"('OREO VANILLA 110.4/105G', 2, (('MM DA NANG', 'MM AN PHU', 31.796352),))"
1,pricing_dedup_rejected_before_gnn,OREO VANILLA 110.4/105G,2,surplus_ratio,MM HIEP PHU,MM AN PHU,31.796352283153375,,,0.1,22.200155,PRICED_E1_surplus_ratio_OREO VANILLA 110.4/105G_T2_2,-10.718541,,,,,,False,True,False,False,"('OREO VANILLA 110.4/105G', 2, (('MM HIEP PHU', 'MM AN PHU', 31.796352),))"
1,pricing_dedup_rejected_before_gnn,OREO VANILLA 110.4/105G,2,surplus_ratio,MM BINH DUONG,MM AN PHU,31.796352283153375,,,0.1,22.200155,PRICED_E1_surplus_ratio_OREO VANILLA 110.4/105G_T2_3,-10.718541,,,,,,False,True,False,False,"('OREO VANILLA 110.4/105G', 2, (('MM BINH DUONG', 'MM AN PHU', 31.796352),))"
1,pricing_dedup_rejected_before_gnn,OREO VANILLA 110.4/105G,2,surplus_ratio,MM BINH PHU,MM AN PHU,31.796352283153375,,,0.1,22.200155,PRICED_E1_surplus_ratio_OREO VANILLA 110.4/105G_T2_4,-10.718541,,,,,,False,True,False,False,"('OREO VANILLA 110.4/105G', 2, (('MM BINH PHU', 'MM AN PHU', 31.796352),))"
1,pricing_dedup_rejected_before_gnn,OREO VANILLA 110.4/105G,2,time_urgency,MM BINH DUONG,MM AN PHU,31.796352283153375,,,0.1,22.200155,PRICED_E1_time_urgency_OREO VANILLA 110.4/105G_T2_1,-10.718541,,,,,,False,True,False,False,"('OREO VANILLA 110.4/105G', 2, (('MM BINH DUONG', 'MM AN PHU', 31.796352),))"
1,pricing_dedup_rejected_before_gnn,OREO VANILLA 110.4/105G,2,time_urgency,MM BINH PHU,MM AN PHU,31.796352283153375,,,0.1,22.200155,PRICED_E1_time_urgency_OREO VANILLA 110.4/105G_T2_2,-10.718541,,,,,,False,True,False,False,"('OREO VANILLA 110.4/105G', 2, (('MM BINH PHU', 'MM AN PHU', 31.796352),))"
1,pricing_dedup_rejected_before_gnn,OREO VANILLA 110.4/105G,2,time_urgency,MM DA NANG,MM AN PHU,31.796352283153375,,,0.1,22.200155,PRICED_E1_time_urgency_OREO VANILLA 110.4/105G_T2_3,-10.718541,,,,,,False,True,False,False,"('OREO VANILLA 110.4/105G', 2, (('MM DA NANG', 'MM AN PHU', 31.796352),))"
1,pricing_dedup_rejected_before_gnn,OREO VANILLA 110.4/105G,2,time_urgency,MM HIEP PHU,MM AN PHU,31.796352283153375,,,0.1,22.200155,PRICED_E1_time_urgency_OREO VANILLA 110.4/105G_T2_4,-10.718541,,,,,,False,True,False,False,"('OREO VANILLA 110.4/105G', 2, (('MM HIEP PHU', 'MM AN PHU', 31.796352),))"
1,pricing_dedup_rejected_before_gnn,OREO VANILLA 110.4/105G,2,negative_reduced_cost,MM BINH DUONG,MM AN PHU,31.796352283153375,,,0.1,22.200155,PRICED_E1_negative_reduced_cost_OREO VANILLA 110.4/105G_T2_1,-10.718541,,,,,,False,True,False,False,"('OREO VANILLA 110.4/105G', 2, (('MM BINH DUONG', 'MM AN PHU', 31.796352),))"
1,pricing_dedup_rejected_before_gnn,OREO VANILLA 110.4/105G,2,negative_reduced_cost,MM BINH PHU,MM AN PHU,31.796352283153375,,,0.1,22.200155,PRICED_E1_negative_reduced_cost_OREO VANILLA 110.4/105G_T2_2,-10.718541,,,,,,False,True,False,False,"('OREO VANILLA 110.4/105G', 2, (('MM BINH PHU', 'MM AN PHU', 31.796352),))"
1,pricing_dedup_rejected_before_gnn,OREO VANILLA 110.4/105G,2,negative_reduced_cost,MM DA NANG,MM AN PHU,31.796352283153375,,,0.1,22.200155,PRICED_E1_negative_reduced_cost_OREO VANILLA 110.4/105G_T2_3,-10.718541,,,,,,False,True,False,False,"('OREO VANILLA 110.4/105G', 2, (('MM DA NANG', 'MM AN PHU', 31.796352),))"
1,pricing_dedup_rejected_before_gnn,OREO VANILLA 110.4/105G,2,negative_reduced_cost,MM HIEP PHU,MM AN PHU,31.796352283153375,,,0.1,22.200155,PRICED_E1_negative_reduced_cost_OREO VANILLA 110.4/105G_T2_4,-10.718541,,,,,,False,True,False,False,"('OREO VANILLA 110.4/105G', 2, (('MM HIEP PHU', 'MM AN PHU', 31.796352),))"
1,pricing_dedup_rejected_before_gnn,OREO VANILLA 110.4/105G,3,surplus_ratio,MM DA NANG,MM AN PHU,77.18774796465003,,,0.1,34.22564,PRICED_E1_surplus_ratio_OREO VANILLA 110.4/105G_T3_1,-28.875099,,,,,,False,True,False,False,"('OREO VANILLA 110.4/105G', 3, (('MM DA NANG', 'MM AN PHU', 77.187748),))"
1,pricing_dedup_rejected_before_gnn,OREO VANILLA 110.4/105G,3,surplus_ratio,MM HIEP PHU,MM AN PHU,77.18774796465003,,,0.1,34.22564,PRICED_E1_surplus_ratio_OREO VANILLA 110.4/105G_T3_2,-28.875099,,,,,,False,True,False,False,"('OREO VANILLA 110.4/105G', 3, (('MM HIEP PHU', 'MM AN PHU', 77.187748),))"
1,pricing_dedup_rejected_before_gnn,OREO VANILLA 110.4/105G,3,surplus_ratio,MM BINH DUONG,MM AN PHU,32.1407178131982,,,0.1,34.22564,PRICED_E1_surplus_ratio_OREO VANILLA 110.4/105G_T3_3,-24.875099,,,,,,False,True,False,False,"('OREO VANILLA 110.4/105G', 3, (('MM BINH DUONG', 'MM AN PHU', 32.140718), ('MM BINH PHU', 'MM AN PHU', 17.264732), ('MM DA NANG', 'MM AN PHU', 27.782299)))"
1,pricing_dedup_rejected_before_gnn,OREO VANILLA 110.4/105G,3,surplus_ratio,MM BINH PHU,MM AN PHU,17.264731577862868,,,0.1,34.22564,PRICED_E1_surplus_ratio_OREO VANILLA 110.4/105G_T3_3,-24.875099,,,,,,False,True,False,False,"('OREO VANILLA 110.4/105G', 3, (('MM BINH DUONG', 'MM AN PHU', 32.140718), ('MM BINH PHU', 'MM AN PHU', 17.264732), ('MM DA NANG', 'MM AN PHU', 27.782299)))"
1,pricing_dedup_rejected_before_gnn,OREO VANILLA 110.4/105G,3,surplus_ratio,MM DA NANG,MM AN PHU,27.78229857358896,,,0.1,34.22564,PRICED_E1_surplus_ratio_OREO VANILLA 110.4/105G_T3_3,-24.875099,,,,,,False,True,False,False,"('OREO VANILLA 110.4/105G', 3, (('MM BINH DUONG', 'MM AN PHU', 32.140718), ('MM BINH PHU', 'MM AN PHU', 17.264732), ('MM DA NANG', 'MM AN PHU', 27.782299)))"
1,pricing_dedup_rejected_before_gnn,OREO VANILLA 110.4/105G,3,surplus_ratio,MM BINH PHU,MM AN PHU,17.264731577862868,,,0.1,34.22564,PRICED_E1_surplus_ratio_OREO VANILLA 110.4/105G_T3_4,-26.875099,,,,,,False,True,False,False,"('OREO VANILLA 110.4/105G', 3, (('MM BINH PHU', 'MM AN PHU', 17.264732), ('MM DA NANG', 'MM AN PHU', 59.923016)))"
1,pricing_dedup_rejected_before_gnn,OREO VANILLA 110.4/105G,3,surplus_ratio,MM DA NANG,MM AN PHU,59.92301638678716,,,0.1,34.22564,PRICED_E1_surplus_ratio_OREO VANILLA 110.4/105G_T3_4,-26.875099,,,,,,False,True,False,False,"('OREO VANILLA 110.4/105G', 3, (('MM BINH PHU', 'MM AN PHU', 17.264732), ('MM DA NANG', 'MM AN PHU', 59.923016)))"
1,pricing_dedup_rejected_before_gnn,OREO VANILLA 110.4/105G,3,time_urgency,MM DA NANG,MM AN PHU,77.18774796465003,,,0.1,34.22564,PRICED_E1_time_urgency_OREO VANILLA 110.4/105G_T3_1,-28.875099,,,,,,False,True,False,False,"('OREO VANILLA 110.4/105G', 3, (('MM DA NANG', 'MM AN PHU', 77.187748),))"
1,pricing_dedup_rejected_before_gnn,OREO VANILLA 110.4/105G,3,time_urgency,MM HIEP PHU,MM AN PHU,77.18774796465003,,,0.1,34.22564,PRICED_E1_time_urgency_OREO VANILLA 110.4/105G_T3_2,-28.875099,,,,,,False,True,False,False,"('OREO VANILLA 110.4/105G', 3, (('MM HIEP PHU', 'MM AN PHU', 77.187748),))"
1,pricing_dedup_rejected_before_gnn,OREO VANILLA 110.4/105G,3,time_urgency,MM BINH DUONG,MM AN PHU,32.1407178131982,,,0.1,34.22564,PRICED_E1_time_urgency_OREO VANILLA 110.4/105G_T3_3,-24.875099,,,,,,False,True,False,False,"('OREO VANILLA 110.4/105G', 3, (('MM BINH DUONG', 'MM AN PHU', 32.140718), ('MM BINH PHU', 'MM AN PHU', 17.264732), ('MM DA NANG', 'MM AN PHU', 27.782299)))"
1,pricing_dedup_rejected_before_gnn,OREO VANILLA 110.4/105G,3,time_urgency,MM BINH PHU,MM AN PHU,17.264731577862868,,,0.1,34.22564,PRICED_E1_time_urgency_OREO VANILLA 110.4/105G_T3_3,-24.875099,,,,,,False,True,False,False,"('OREO VANILLA 110.4/105G', 3, (('MM BINH DUONG', 'MM AN PHU', 32.140718), ('MM BINH PHU', 'MM AN PHU', 17.264732), ('MM DA NANG', 'MM AN PHU', 27.782299)))"
1,pricing_dedup_rejected_before_gnn,OREO VANILLA 110.4/105G,3,time_urgency,MM DA NANG,MM AN PHU,27.78229857358896,,,0.1,34.22564,PRICED_E1_time_urgency_OREO VANILLA 110.4/105G_T3_3,-24.875099,,,,,,False,True,False,False,"('OREO VANILLA 110.4/105G', 3, (('MM BINH DUONG', 'MM AN PHU', 32.140718), ('MM BINH PHU', 'MM AN PHU', 17.264732), ('MM DA NANG', 'MM AN PHU', 27.782299)))"
1,pricing_dedup_rejected_before_gnn,OREO VANILLA 110.4/105G,3,time_urgency,MM BINH PHU,MM AN PHU,17.264731577862868,,,0.1,34.22564,PRICED_E1_time_urgency_OREO VANILLA 110.4/105G_T3_4,-26.875099,,,,,,False,True,False,False,"('OREO VANILLA 110.4/105G', 3, (('MM BINH PHU', 'MM AN PHU', 17.264732), ('MM DA NANG', 'MM AN PHU', 59.923016)))"
1,pricing_dedup_rejected_before_gnn,OREO VANILLA 110.4/105G,3,time_urgency,MM DA NANG,MM AN PHU,59.92301638678716,,,0.1,34.22564,PRICED_E1_time_urgency_OREO VANILLA 110.4/105G_T3_4,-26.875099,,,,,,False,True,False,False,"('OREO VANILLA 110.4/105G', 3, (('MM BINH PHU', 'MM AN PHU', 17.264732), ('MM DA NANG', 'MM AN PHU', 59.923016)))"
1,pricing_dedup_rejected_before_gnn,OREO VANILLA 110.4/105G,3,negative_reduced_cost,MM DA NANG,MM AN PHU,77.18774796465003,,,0.1,34.22564,PRICED_E1_negative_reduced_cost_OREO VANILLA 110.4/105G_T3_1,-28.875099,,,,,,False,True,False,False,"('OREO VANILLA 110.4/105G', 3, (('MM DA NANG', 'MM AN PHU', 77.187748),))"
1,pricing_dedup_rejected_before_gnn,OREO VANILLA 110.4/105G,3,negative_reduced_cost,MM HIEP PHU,MM AN PHU,77.18774796465003,,,0.1,34.22564,PRICED_E1_negative_reduced_cost_OREO VANILLA 110.4/105G_T3_2,-28.875099,,,,,,False,True,False,False,"('OREO VANILLA 110.4/105G', 3, (('MM HIEP PHU', 'MM AN PHU', 77.187748),))"
1,pricing_dedup_rejected_before_gnn,OREO VANILLA 110.4/105G,3,negative_reduced_cost,MM BINH DUONG,MM AN PHU,32.1407178131982,,,0.1,34.22564,PRICED_E1_negative_reduced_cost_OREO VANILLA 110.4/105G_T3_3,-24.875099,,,,,,False,True,False,False,"('OREO VANILLA 110.4/105G', 3, (('MM BINH DUONG', 'MM AN PHU', 32.140718), ('MM BINH PHU', 'MM AN PHU', 17.264732), ('MM DA NANG', 'MM AN PHU', 27.782299)))"
1,pricing_dedup_rejected_before_gnn,OREO VANILLA 110.4/105G,3,negative_reduced_cost,MM BINH PHU,MM AN PHU,17.264731577862868,,,0.1,34.22564,PRICED_E1_negative_reduced_cost_OREO VANILLA 110.4/105G_T3_3,-24.875099,,,,,,False,True,False,False,"('OREO VANILLA 110.4/105G', 3, (('MM BINH DUONG', 'MM AN PHU', 32.140718), ('MM BINH PHU', 'MM AN PHU', 17.264732), ('MM DA NANG', 'MM AN PHU', 27.782299)))"
1,pricing_dedup_rejected_before_gnn,OREO VANILLA 110.4/105G,3,negative_reduced_cost,MM DA NANG,MM AN PHU,27.78229857358896,,,0.1,34.22564,PRICED_E1_negative_reduced_cost_OREO VANILLA 110.4/105G_T3_3,-24.875099,,,,,,False,True,False,False,"('OREO VANILLA 110.4/105G', 3, (('MM BINH DUONG', 'MM AN PHU', 32.140718), ('MM BINH PHU', 'MM AN PHU', 17.264732), ('MM DA NANG', 'MM AN PHU', 27.782299)))"
1,pricing_dedup_rejected_before_gnn,OREO VANILLA 110.4/105G,3,negative_reduced_cost,MM BINH PHU,MM AN PHU,17.264731577862868,,,0.1,34.22564,PRICED_E1_negative_reduced_cost_OREO VANILLA 110.4/105G_T3_4,-26.875099,,,,,,False,True,False,False,"('OREO VANILLA 110.4/105G', 3, (('MM BINH PHU', 'MM AN PHU', 17.264732), ('MM DA NANG', 'MM AN PHU', 59.923016)))"
1,pricing_dedup_rejected_before_gnn,OREO VANILLA 110.4/105G,3,negative_reduced_cost,MM DA NANG,MM AN PHU,59.92301638678716,,,0.1,34.22564,PRICED_E1_negative_reduced_cost_OREO VANILLA 110.4/105G_T3_4,-26.875099,,,,,,False,True,False,False,"('OREO VANILLA 110.4/105G', 3, (('MM BINH PHU', 'MM AN PHU', 17.264732), ('MM DA NANG', 'MM AN PHU', 59.923016)))"
1,pricing_dedup_rejected_before_gnn,OREO VANILLA 110.4/105G,4,surplus_ratio,MM DA NANG,MM AN PHU,246.42674983238155,,,0.1,66.122187,PRICED_E1_surplus_ratio_OREO VANILLA 110.4/105G_T4_1,-264445.819989,,,,,,False,True,False,False,"('OREO VANILLA 110.4/105G', 4, (('MM DA NANG', 'MM AN PHU', 246.42675), ('MM HIEP PHU', 'MM AN PHU', 76.309179)))"
1,pricing_dedup_rejected_before_gnn,OREO VANILLA 110.4/105G,4,surplus_ratio,MM HIEP PHU,MM AN PHU,76.30917888300198,,,0.1,66.122187,PRICED_E1_surplus_ratio_OREO VANILLA 110.4/105G_T4_1,-264445.819989,,,,,,False,True,False,False,"('OREO VANILLA 110.4/105G', 4, (('MM DA NANG', 'MM AN PHU', 246.42675), ('MM HIEP PHU', 'MM AN PHU', 76.309179)))"
1,pricing_dedup_rejected_before_gnn,OREO VANILLA 110.4/105G,4,surplus_ratio,MM HIEP PHU,MM AN PHU,94.26730164677033,,,0.1,66.122187,PRICED_E1_surplus_ratio_OREO VANILLA 110.4/105G_T4_2,-264441.819989,,,,,,False,True,False,False,"('OREO VANILLA 110.4/105G', 4, (('MM BINH DUONG', 'MM AN PHU', 46.312941), ('MM BINH PHU', 'MM AN PHU', 25.928936), ('MM DA NANG', 'MM AN PHU', 156.22675), ('MM HIEP PHU', 'MM AN PHU', 94.267302)))"
1,pricing_dedup_rejected_before_gnn,OREO VANILLA 110.4/105G,4,surplus_ratio,MM BINH DUONG,MM AN PHU,46.31294132765661,,,0.1,66.122187,PRICED_E1_surplus_ratio_OREO VANILLA 110.4/105G_T4_2,-264441.819989,,,,,,False,True,False,False,"('OREO VANILLA 110.4/105G', 4, (('MM BINH DUONG', 'MM AN PHU', 46.312941), ('MM BINH PHU', 'MM AN PHU', 25.928936), ('MM DA NANG', 'MM AN PHU', 156.22675), ('MM HIEP PHU', 'MM AN PHU', 94.267302)))"
1,pricing_dedup_rejected_before_gnn,OREO VANILLA 110.4/105G,4,surplus_ratio,MM BINH PHU,MM AN PHU,25.92893590857497,,,0.1,66.122187,PRICED_E1_surplus_ratio_OREO VANILLA 110.4/105G_T4_2,-264441.819989,,,,,,False,True,False,False,"('OREO VANILLA 110.4/105G', 4, (('MM BINH DUONG', 'MM AN PHU', 46.312941), ('MM BINH PHU', 'MM AN PHU', 25.928936), ('MM DA NANG', 'MM AN PHU', 156.22675), ('MM HIEP PHU', 'MM AN PHU', 94.267302)))"
1,pricing_dedup_rejected_before_gnn,OREO VANILLA 110.4/105G,4,surplus_ratio,MM DA NANG,MM AN PHU,156.2267498323816,,,0.1,66.122187,PRICED_E1_surplus_ratio_OREO VANILLA 110.4/105G_T4_2,-264441.819989,,,,,,False,True,False,False,"('OREO VANILLA 110.4/105G', 4, (('MM BINH DUONG', 'MM AN PHU', 46.312941), ('MM BINH PHU', 'MM AN PHU', 25.928936), ('MM DA NANG', 'MM AN PHU', 156.22675), ('MM HIEP PHU', 'MM AN PHU', 94.267302)))"
1,pricing_dedup_rejected_before_gnn,OREO VANILLA 110.4/105G,4,surplus_ratio,MM BINH DUONG,MM AN PHU,46.31294132765661,,,0.1,66.122187,PRICED_E1_surplus_ratio_OREO VANILLA 110.4/105G_T4_3,-264441.819989,,,,,,False,True,False,False,"('OREO VANILLA 110.4/105G', 4, (('MM BINH DUONG', 'MM AN PHU', 46.312941), ('MM BINH PHU', 'MM AN PHU', 25.928936), ('MM DA NANG', 'MM AN PHU', 246.42675), ('MM HIEP PHU', 'MM AN PHU', 4.067302)))"
1,pricing_dedup_rejected_before_gnn,OREO VANILLA 110.4/105G,4,surplus_ratio,MM BINH PHU,MM AN PHU,25.92893590857497,,,0.1,66.122187,PRICED_E1_surplus_ratio_OREO VANILLA 110.4/105G_T4_3,-264441.819989,,,,,,False,True,False,False,"('OREO VANILLA 110.4/105G', 4, (('MM BINH DUONG', 'MM AN PHU', 46.312941), ('MM BINH PHU', 'MM AN PHU', 25.928936), ('MM DA NANG', 'MM AN PHU', 246.42675), ('MM HIEP PHU', 'MM AN PHU', 4.067302)))"
1,pricing_dedup_rejected_before_gnn,OREO VANILLA 110.4/105G,4,surplus_ratio,MM DA NANG,MM AN PHU,246.42674983238155,,,0.1,66.122187,PRICED_E1_surplus_ratio_OREO VANILLA 110.4/105G_T4_3,-264441.819989,,,,,,False,True,False,False,"('OREO VANILLA 110.4/105G', 4, (('MM BINH DUONG', 'MM AN PHU', 46.312941), ('MM BINH PHU', 'MM AN PHU', 25.928936), ('MM DA NANG', 'MM AN PHU', 246.42675), ('MM HIEP PHU', 'MM AN PHU', 4.067302)))"
1,pricing_dedup_rejected_before_gnn,OREO VANILLA 110.4/105G,4,surplus_ratio,MM HIEP PHU,MM AN PHU,4.067301646770375,,,0.1,66.122187,PRICED_E1_surplus_ratio_OREO VANILLA 110.4/105G_T4_3,-264441.819989,,,,,,False,True,False,False,"('OREO VANILLA 110.4/105G', 4, (('MM BINH DUONG', 'MM AN PHU', 46.312941), ('MM BINH PHU', 'MM AN PHU', 25.928936), ('MM DA NANG', 'MM AN PHU', 246.42675), ('MM HIEP PHU', 'MM AN PHU', 4.067302)))"
1,pricing_dedup_rejected_before_gnn,OREO VANILLA 110.4/105G,4,surplus_ratio,MM BINH PHU,MM AN PHU,25.92893590857497,,,0.1,66.122187,PRICED_E1_surplus_ratio_OREO VANILLA 110.4/105G_T4_4,-264443.819989,,,,,,False,True,False,False,"('OREO VANILLA 110.4/105G', 4, (('MM BINH PHU', 'MM AN PHU', 25.928936), ('MM DA NANG', 'MM AN PHU', 246.42675), ('MM HIEP PHU', 'MM AN PHU', 50.380243)))"
1,pricing_dedup_rejected_before_gnn,OREO VANILLA 110.4/105G,4,surplus_ratio,MM DA NANG,MM AN PHU,246.42674983238155,,,0.1,66.122187,PRICED_E1_surplus_ratio_OREO VANILLA 110.4/105G_T4_4,-264443.819989,,,,,,False,True,False,False,"('OREO VANILLA 110.4/105G', 4, (('MM BINH PHU', 'MM AN PHU', 25.928936), ('MM DA NANG', 'MM AN PHU', 246.42675), ('MM HIEP PHU', 'MM AN PHU', 50.380243)))"
1,pricing_dedup_rejected_before_gnn,OREO VANILLA 110.4/105G,4,surplus_ratio,MM HIEP PHU,MM AN PHU,50.380242974427034,,,0.1,66.122187,PRICED_E1_surplus_ratio_OREO VANILLA 110.4/105G_T4_4,-264443.819989,,,,,,False,True,False,False,"('OREO VANILLA 110.4/105G', 4, (('MM BINH PHU', 'MM AN PHU', 25.928936), ('MM DA NANG', 'MM AN PHU', 246.42675), ('MM HIEP PHU', 'MM AN PHU', 50.380243)))"
1,pricing_dedup_rejected_before_gnn,OREO VANILLA 110.4/105G,4,time_urgency,MM DA NANG,MM AN PHU,246.42674983238155,,,0.1,66.122187,PRICED_E1_time_urgency_OREO VANILLA 110.4/105G_T4_1,-264445.819989,,,,,,False,True,False,False,"('OREO VANILLA 110.4/105G', 4, (('MM DA NANG', 'MM AN PHU', 246.42675), ('MM HIEP PHU', 'MM AN PHU', 76.309179)))"
1,pricing_dedup_rejected_before_gnn,OREO VANILLA 110.4/105G,4,time_urgency,MM HIEP PHU,MM AN PHU,76.30917888300198,,,0.1,66.122187,PRICED_E1_time_urgency_OREO VANILLA 110.4/105G_T4_1,-264445.819989,,,,,,False,True,False,False,"('OREO VANILLA 110.4/105G', 4, (('MM DA NANG', 'MM AN PHU', 246.42675), ('MM HIEP PHU', 'MM AN PHU', 76.309179)))"
1,pricing_dedup_rejected_before_gnn,OREO VANILLA 110.4/105G,4,time_urgency,MM HIEP PHU,MM AN PHU,94.26730164677033,,,0.1,66.122187,PRICED_E1_time_urgency_OREO VANILLA 110.4/105G_T4_2,-264441.819989,,,,,,False,True,False,False,"('OREO VANILLA 110.4/105G', 4, (('MM BINH DUONG', 'MM AN PHU', 46.312941), ('MM BINH PHU', 'MM AN PHU', 25.928936), ('MM DA NANG', 'MM AN PHU', 156.22675), ('MM HIEP PHU', 'MM AN PHU', 94.267302)))"
1,pricing_dedup_rejected_before_gnn,OREO VANILLA 110.4/105G,4,time_urgency,MM BINH DUONG,MM AN PHU,46.31294132765661,,,0.1,66.122187,PRICED_E1_time_urgency_OREO VANILLA 110.4/105G_T4_2,-264441.819989,,,,,,False,True,False,False,"('OREO VANILLA 110.4/105G', 4, (('MM BINH DUONG', 'MM AN PHU', 46.312941), ('MM BINH PHU', 'MM AN PHU', 25.928936), ('MM DA NANG', 'MM AN PHU', 156.22675), ('MM HIEP PHU', 'MM AN PHU', 94.267302)))"
1,pricing_dedup_rejected_before_gnn,OREO VANILLA 110.4/105G,4,time_urgency,MM BINH PHU,MM AN PHU,25.92893590857497,,,0.1,66.122187,PRICED_E1_time_urgency_OREO VANILLA 110.4/105G_T4_2,-264441.819989,,,,,,False,True,False,False,"('OREO VANILLA 110.4/105G', 4, (('MM BINH DUONG', 'MM AN PHU', 46.312941), ('MM BINH PHU', 'MM AN PHU', 25.928936), ('MM DA NANG', 'MM AN PHU', 156.22675), ('MM HIEP PHU', 'MM AN PHU', 94.267302)))"
1,pricing_dedup_rejected_before_gnn,OREO VANILLA 110.4/105G,4,time_urgency,MM DA NANG,MM AN PHU,156.2267498323816,,,0.1,66.122187,PRICED_E1_time_urgency_OREO VANILLA 110.4/105G_T4_2,-264441.819989,,,,,,False,True,False,False,"('OREO VANILLA 110.4/105G', 4, (('MM BINH DUONG', 'MM AN PHU', 46.312941), ('MM BINH PHU', 'MM AN PHU', 25.928936), ('MM DA NANG', 'MM AN PHU', 156.22675), ('MM HIEP PHU', 'MM AN PHU', 94.267302)))"
1,pricing_dedup_rejected_before_gnn,OREO VANILLA 110.4/105G,4,time_urgency,MM BINH DUONG,MM AN PHU,46.31294132765661,,,0.1,66.122187,PRICED_E1_time_urgency_OREO VANILLA 110.4/105G_T4_3,-264441.819989,,,,,,False,True,False,False,"('OREO VANILLA 110.4/105G', 4, (('MM BINH DUONG', 'MM AN PHU', 46.312941), ('MM BINH PHU', 'MM AN PHU', 25.928936), ('MM DA NANG', 'MM AN PHU', 246.42675), ('MM HIEP PHU', 'MM AN PHU', 4.067302)))"
1,pricing_dedup_rejected_before_gnn,OREO VANILLA 110.4/105G,4,time_urgency,MM BINH PHU,MM AN PHU,25.92893590857497,,,0.1,66.122187,PRICED_E1_time_urgency_OREO VANILLA 110.4/105G_T4_3,-264441.819989,,,,,,False,True,False,False,"('OREO VANILLA 110.4/105G', 4, (('MM BINH DUONG', 'MM AN PHU', 46.312941), ('MM BINH PHU', 'MM AN PHU', 25.928936), ('MM DA NANG', 'MM AN PHU', 246.42675), ('MM HIEP PHU', 'MM AN PHU', 4.067302)))"
1,pricing_dedup_rejected_before_gnn,OREO VANILLA 110.4/105G,4,time_urgency,MM DA NANG,MM AN PHU,246.42674983238155,,,0.1,66.122187,PRICED_E1_time_urgency_OREO VANILLA 110.4/105G_T4_3,-264441.819989,,,,,,False,True,False,False,"('OREO VANILLA 110.4/105G', 4, (('MM BINH DUONG', 'MM AN PHU', 46.312941), ('MM BINH PHU', 'MM AN PHU', 25.928936), ('MM DA NANG', 'MM AN PHU', 246.42675), ('MM HIEP PHU', 'MM AN PHU', 4.067302)))"
1,pricing_dedup_rejected_before_gnn,OREO VANILLA 110.4/105G,4,time_urgency,MM HIEP PHU,MM AN PHU,4.067301646770375,,,0.1,66.122187,PRICED_E1_time_urgency_OREO VANILLA 110.4/105G_T4_3,-264441.819989,,,,,,False,True,False,False,"('OREO VANILLA 110.4/105G', 4, (('MM BINH DUONG', 'MM AN PHU', 46.312941), ('MM BINH PHU', 'MM AN PHU', 25.928936), ('MM DA NANG', 'MM AN PHU', 246.42675), ('MM HIEP PHU', 'MM AN PHU', 4.067302)))"
1,pricing_dedup_rejected_before_gnn,OREO VANILLA 110.4/105G,4,time_urgency,MM BINH PHU,MM AN PHU,25.92893590857497,,,0.1,66.122187,PRICED_E1_time_urgency_OREO VANILLA 110.4/105G_T4_4,-264443.819989,,,,,,False,True,False,False,"('OREO VANILLA 110.4/105G', 4, (('MM BINH PHU', 'MM AN PHU', 25.928936), ('MM DA NANG', 'MM AN PHU', 246.42675), ('MM HIEP PHU', 'MM AN PHU', 50.380243)))"
1,pricing_dedup_rejected_before_gnn,OREO VANILLA 110.4/105G,4,time_urgency,MM DA NANG,MM AN PHU,246.42674983238155,,,0.1,66.122187,PRICED_E1_time_urgency_OREO VANILLA 110.4/105G_T4_4,-264443.819989,,,,,,False,True,False,False,"('OREO VANILLA 110.4/105G', 4, (('MM BINH PHU', 'MM AN PHU', 25.928936), ('MM DA NANG', 'MM AN PHU', 246.42675), ('MM HIEP PHU', 'MM AN PHU', 50.380243)))"
1,pricing_dedup_rejected_before_gnn,OREO VANILLA 110.4/105G,4,time_urgency,MM HIEP PHU,MM AN PHU,50.380242974427034,,,0.1,66.122187,PRICED_E1_time_urgency_OREO VANILLA 110.4/105G_T4_4,-264443.819989,,,,,,False,True,False,False,"('OREO VANILLA 110.4/105G', 4, (('MM BINH PHU', 'MM AN PHU', 25.928936), ('MM DA NANG', 'MM AN PHU', 246.42675), ('MM HIEP PHU', 'MM AN PHU', 50.380243)))"
1,pricing_dedup_rejected_before_gnn,OREO VANILLA 110.4/105G,4,negative_reduced_cost,MM DA NANG,MM AN PHU,246.42674983238155,,,0.1,66.122187,PRICED_E1_negative_reduced_cost_OREO VANILLA 110.4/105G_T4_1,-264445.819989,,,,,,False,True,False,False,"('OREO VANILLA 110.4/105G', 4, (('MM DA NANG', 'MM AN PHU', 246.42675), ('MM HIEP PHU', 'MM AN PHU', 76.309179)))"
1,pricing_dedup_rejected_before_gnn,OREO VANILLA 110.4/105G,4,negative_reduced_cost,MM HIEP PHU,MM AN PHU,76.30917888300198,,,0.1,66.122187,PRICED_E1_negative_reduced_cost_OREO VANILLA 110.4/105G_T4_1,-264445.819989,,,,,,False,True,False,False,"('OREO VANILLA 110.4/105G', 4, (('MM DA NANG', 'MM AN PHU', 246.42675), ('MM HIEP PHU', 'MM AN PHU', 76.309179)))"
1,pricing_dedup_rejected_before_gnn,OREO VANILLA 110.4/105G,4,negative_reduced_cost,MM HIEP PHU,MM AN PHU,94.26730164677033,,,0.1,66.122187,PRICED_E1_negative_reduced_cost_OREO VANILLA 110.4/105G_T4_2,-264441.819989,,,,,,False,True,False,False,"('OREO VANILLA 110.4/105G', 4, (('MM BINH DUONG', 'MM AN PHU', 46.312941), ('MM BINH PHU', 'MM AN PHU', 25.928936), ('MM DA NANG', 'MM AN PHU', 156.22675), ('MM HIEP PHU', 'MM AN PHU', 94.267302)))"
1,pricing_dedup_rejected_before_gnn,OREO VANILLA 110.4/105G,4,negative_reduced_cost,MM BINH DUONG,MM AN PHU,46.31294132765661,,,0.1,66.122187,PRICED_E1_negative_reduced_cost_OREO VANILLA 110.4/105G_T4_2,-264441.819989,,,,,,False,True,False,False,"('OREO VANILLA 110.4/105G', 4, (('MM BINH DUONG', 'MM AN PHU', 46.312941), ('MM BINH PHU', 'MM AN PHU', 25.928936), ('MM DA NANG', 'MM AN PHU', 156.22675), ('MM HIEP PHU', 'MM AN PHU', 94.267302)))"
1,pricing_dedup_rejected_before_gnn,OREO VANILLA 110.4/105G,4,negative_reduced_cost,MM BINH PHU,MM AN PHU,25.92893590857497,,,0.1,66.122187,PRICED_E1_negative_reduced_cost_OREO VANILLA 110.4/105G_T4_2,-264441.819989,,,,,,False,True,False,False,"('OREO VANILLA 110.4/105G', 4, (('MM BINH DUONG', 'MM AN PHU', 46.312941), ('MM BINH PHU', 'MM AN PHU', 25.928936), ('MM DA NANG', 'MM AN PHU', 156.22675), ('MM HIEP PHU', 'MM AN PHU', 94.267302)))"
1,pricing_dedup_rejected_before_gnn,OREO VANILLA 110.4/105G,4,negative_reduced_cost,MM DA NANG,MM AN PHU,156.2267498323816,,,0.1,66.122187,PRICED_E1_negative_reduced_cost_OREO VANILLA 110.4/105G_T4_2,-264441.819989,,,,,,False,True,False,False,"('OREO VANILLA 110.4/105G', 4, (('MM BINH DUONG', 'MM AN PHU', 46.312941), ('MM BINH PHU', 'MM AN PHU', 25.928936), ('MM DA NANG', 'MM AN PHU', 156.22675), ('MM HIEP PHU', 'MM AN PHU', 94.267302)))"
1,pricing_dedup_rejected_before_gnn,OREO VANILLA 110.4/105G,4,negative_reduced_cost,MM BINH DUONG,MM AN PHU,46.31294132765661,,,0.1,66.122187,PRICED_E1_negative_reduced_cost_OREO VANILLA 110.4/105G_T4_3,-264441.819989,,,,,,False,True,False,False,"('OREO VANILLA 110.4/105G', 4, (('MM BINH DUONG', 'MM AN PHU', 46.312941), ('MM BINH PHU', 'MM AN PHU', 25.928936), ('MM DA NANG', 'MM AN PHU', 246.42675), ('MM HIEP PHU', 'MM AN PHU', 4.067302)))"
1,pricing_dedup_rejected_before_gnn,OREO VANILLA 110.4/105G,4,negative_reduced_cost,MM BINH PHU,MM AN PHU,25.92893590857497,,,0.1,66.122187,PRICED_E1_negative_reduced_cost_OREO VANILLA 110.4/105G_T4_3,-264441.819989,,,,,,False,True,False,False,"('OREO VANILLA 110.4/105G', 4, (('MM BINH DUONG', 'MM AN PHU', 46.312941), ('MM BINH PHU', 'MM AN PHU', 25.928936), ('MM DA NANG', 'MM AN PHU', 246.42675), ('MM HIEP PHU', 'MM AN PHU', 4.067302)))"
1,pricing_dedup_rejected_before_gnn,OREO VANILLA 110.4/105G,4,negative_reduced_cost,MM DA NANG,MM AN PHU,246.42674983238155,,,0.1,66.122187,PRICED_E1_negative_reduced_cost_OREO VANILLA 110.4/105G_T4_3,-264441.819989,,,,,,False,True,False,False,"('OREO VANILLA 110.4/105G', 4, (('MM BINH DUONG', 'MM AN PHU', 46.312941), ('MM BINH PHU', 'MM AN PHU', 25.928936), ('MM DA NANG', 'MM AN PHU', 246.42675), ('MM HIEP PHU', 'MM AN PHU', 4.067302)))"
1,pricing_dedup_rejected_before_gnn,OREO VANILLA 110.4/105G,4,negative_reduced_cost,MM HIEP PHU,MM AN PHU,4.067301646770375,,,0.1,66.122187,PRICED_E1_negative_reduced_cost_OREO VANILLA 110.4/105G_T4_3,-264441.819989,,,,,,False,True,False,False,"('OREO VANILLA 110.4/105G', 4, (('MM BINH DUONG', 'MM AN PHU', 46.312941), ('MM BINH PHU', 'MM AN PHU', 25.928936), ('MM DA NANG', 'MM AN PHU', 246.42675), ('MM HIEP PHU', 'MM AN PHU', 4.067302)))"
1,pricing_dedup_rejected_before_gnn,OREO VANILLA 110.4/105G,4,negative_reduced_cost,MM BINH PHU,MM AN PHU,25.92893590857497,,,0.1,66.122187,PRICED_E1_negative_reduced_cost_OREO VANILLA 110.4/105G_T4_4,-264443.819989,,,,,,False,True,False,False,"('OREO VANILLA 110.4/105G', 4, (('MM BINH PHU', 'MM AN PHU', 25.928936), ('MM DA NANG', 'MM AN PHU', 246.42675), ('MM HIEP PHU', 'MM AN PHU', 50.380243)))"
1,pricing_dedup_rejected_before_gnn,OREO VANILLA 110.4/105G,4,negative_reduced_cost,MM DA NANG,MM AN PHU,246.42674983238155,,,0.1,66.122187,PRICED_E1_negative_reduced_cost_OREO VANILLA 110.4/105G_T4_4,-264443.819989,,,,,,False,True,False,False,"('OREO VANILLA 110.4/105G', 4, (('MM BINH PHU', 'MM AN PHU', 25.928936), ('MM DA NANG', 'MM AN PHU', 246.42675), ('MM HIEP PHU', 'MM AN PHU', 50.380243)))"
1,pricing_dedup_rejected_before_gnn,OREO VANILLA 110.4/105G,4,negative_reduced_cost,MM HIEP PHU,MM AN PHU,50.380242974427034,,,0.1,66.122187,PRICED_E1_negative_reduced_cost_OREO VANILLA 110.4/105G_T4_4,-264443.819989,,,,,,False,True,False,False,"('OREO VANILLA 110.4/105G', 4, (('MM BINH PHU', 'MM AN PHU', 25.928936), ('MM DA NANG', 'MM AN PHU', 246.42675), ('MM HIEP PHU', 'MM AN PHU', 50.380243)))"
1,pricing_dedup_rejected_before_gnn,OREO VANILLA 110.4/105G,5,shortage_ratio,MM BINH PHU,MM AN PHU,8.558324622656038,,,0.1,26.507492,PRICED_E1_shortage_ratio_OREO VANILLA 110.4/105G_T5_3,-88985.569742,,,,,,False,True,False,False,"('OREO VANILLA 110.4/105G', 5, (('MM BINH DUONG', 'MM AN PHU', 19.885825), ('MM BINH PHU', 'MM AN PHU', 8.558325), ('MM HIEP PHU', 'MM AN PHU', 80.149313), ('MM HIEP PHU', 'MM DA NANG', 30.216151)))"
1,pricing_dedup_rejected_before_gnn,OREO VANILLA 110.4/105G,5,shortage_ratio,MM HIEP PHU,MM DA NANG,30.21615080964731,,,0.1,26.507492,PRICED_E1_shortage_ratio_OREO VANILLA 110.4/105G_T5_3,-88985.569742,,,,,,False,True,False,False,"('OREO VANILLA 110.4/105G', 5, (('MM BINH DUONG', 'MM AN PHU', 19.885825), ('MM BINH PHU', 'MM AN PHU', 8.558325), ('MM HIEP PHU', 'MM AN PHU', 80.149313), ('MM HIEP PHU', 'MM DA NANG', 30.216151)))"
1,pricing_dedup_rejected_before_gnn,OREO VANILLA 110.4/105G,5,shortage_ratio,MM HIEP PHU,MM AN PHU,80.1493126172713,,,0.1,26.507492,PRICED_E1_shortage_ratio_OREO VANILLA 110.4/105G_T5_3,-88985.569742,,,,,,False,True,False,False,"('OREO VANILLA 110.4/105G', 5, (('MM BINH DUONG', 'MM AN PHU', 19.885825), ('MM BINH PHU', 'MM AN PHU', 8.558325), ('MM HIEP PHU', 'MM AN PHU', 80.149313), ('MM HIEP PHU', 'MM DA NANG', 30.216151)))"
1,pricing_dedup_rejected_before_gnn,OREO VANILLA 110.4/105G,5,shortage_ratio,MM BINH DUONG,MM AN PHU,19.885825393753983,,,0.1,26.507492,PRICED_E1_shortage_ratio_OREO VANILLA 110.4/105G_T5_3,-88985.569742,,,,,,False,True,False,False,"('OREO VANILLA 110.4/105G', 5, (('MM BINH DUONG', 'MM AN PHU', 19.885825), ('MM BINH PHU', 'MM AN PHU', 8.558325), ('MM HIEP PHU', 'MM AN PHU', 80.149313), ('MM HIEP PHU', 'MM DA NANG', 30.216151)))"
1,pricing_dedup_rejected_before_gnn,OREO VANILLA 110.4/105G,5,shortage_ratio,MM HIEP PHU,MM DA NANG,30.21615080964731,,,0.1,26.507492,PRICED_E1_shortage_ratio_OREO VANILLA 110.4/105G_T5_4,-88985.569742,,,,,,False,True,False,False,"('OREO VANILLA 110.4/105G', 5, (('MM BINH DUONG', 'MM AN PHU', 19.885825), ('MM BINH PHU', 'MM AN PHU', 8.558325), ('MM HIEP PHU', 'MM AN PHU', 80.149313), ('MM HIEP PHU', 'MM DA NANG', 30.216151)))"
1,pricing_dedup_rejected_before_gnn,OREO VANILLA 110.4/105G,5,shortage_ratio,MM HIEP PHU,MM AN PHU,80.1493126172713,,,0.1,26.507492,PRICED_E1_shortage_ratio_OREO VANILLA 110.4/105G_T5_4,-88985.569742,,,,,,False,True,False,False,"('OREO VANILLA 110.4/105G', 5, (('MM BINH DUONG', 'MM AN PHU', 19.885825), ('MM BINH PHU', 'MM AN PHU', 8.558325), ('MM HIEP PHU', 'MM AN PHU', 80.149313), ('MM HIEP PHU', 'MM DA NANG', 30.216151)))"
1,pricing_dedup_rejected_before_gnn,OREO VANILLA 110.4/105G,5,shortage_ratio,MM BINH DUONG,MM AN PHU,19.885825393753983,,,0.1,26.507492,PRICED_E1_shortage_ratio_OREO VANILLA 110.4/105G_T5_4,-88985.569742,,,,,,False,True,False,False,"('OREO VANILLA 110.4/105G', 5, (('MM BINH DUONG', 'MM AN PHU', 19.885825), ('MM BINH PHU', 'MM AN PHU', 8.558325), ('MM HIEP PHU', 'MM AN PHU', 80.149313), ('MM HIEP PHU', 'MM DA NANG', 30.216151)))"
1,pricing_dedup_rejected_before_gnn,OREO VANILLA 110.4/105G,5,shortage_ratio,MM BINH PHU,MM AN PHU,8.558324622656038,,,0.1,26.507492,PRICED_E1_shortage_ratio_OREO VANILLA 110.4/105G_T5_4,-88985.569742,,,,,,False,True,False,False,"('OREO VANILLA 110.4/105G', 5, (('MM BINH DUONG', 'MM AN PHU', 19.885825), ('MM BINH PHU', 'MM AN PHU', 8.558325), ('MM HIEP PHU', 'MM AN PHU', 80.149313), ('MM HIEP PHU', 'MM DA NANG', 30.216151)))"
1,pricing_dedup_rejected_before_gnn,OREO VANILLA 110.4/105G,5,surplus_ratio,MM HIEP PHU,MM AN PHU,110.36546342691862,,,0.1,26.507492,PRICED_E1_surplus_ratio_OREO VANILLA 110.4/105G_T5_1,-91513.218413,,,,,,False,True,False,False,"('OREO VANILLA 110.4/105G', 5, (('MM BINH DUONG', 'MM AN PHU', 1.315999), ('MM BINH DUONG', 'MM DA NANG', 18.569826), ('MM HIEP PHU', 'MM AN PHU', 110.365463)))"
1,pricing_dedup_rejected_before_gnn,OREO VANILLA 110.4/105G,5,surplus_ratio,MM BINH DUONG,MM AN PHU,1.3159992067627257,,,0.1,26.507492,PRICED_E1_surplus_ratio_OREO VANILLA 110.4/105G_T5_1,-91513.218413,,,,,,False,True,False,False,"('OREO VANILLA 110.4/105G', 5, (('MM BINH DUONG', 'MM AN PHU', 1.315999), ('MM BINH DUONG', 'MM DA NANG', 18.569826), ('MM HIEP PHU', 'MM AN PHU', 110.365463)))"
1,pricing_dedup_rejected_before_gnn,OREO VANILLA 110.4/105G,5,surplus_ratio,MM BINH DUONG,MM DA NANG,18.569826186991257,,,0.1,26.507492,PRICED_E1_surplus_ratio_OREO VANILLA 110.4/105G_T5_1,-91513.218413,,,,,,False,True,False,False,"('OREO VANILLA 110.4/105G', 5, (('MM BINH DUONG', 'MM AN PHU', 1.315999), ('MM BINH DUONG', 'MM DA NANG', 18.569826), ('MM HIEP PHU', 'MM AN PHU', 110.365463)))"
1,pricing_dedup_rejected_before_gnn,OREO VANILLA 110.4/105G,5,surplus_ratio,MM BINH DUONG,MM AN PHU,19.885825393753983,,,0.1,26.507492,PRICED_E1_surplus_ratio_OREO VANILLA 110.4/105G_T5_2,-88985.569742,,,,,,False,True,False,False,"('OREO VANILLA 110.4/105G', 5, (('MM BINH DUONG', 'MM AN PHU', 19.885825), ('MM BINH PHU', 'MM AN PHU', 8.558325), ('MM HIEP PHU', 'MM AN PHU', 80.149313), ('MM HIEP PHU', 'MM DA NANG', 30.216151)))"
1,pricing_dedup_rejected_before_gnn,OREO VANILLA 110.4/105G,5,surplus_ratio,MM BINH PHU,MM AN PHU,8.558324622656038,,,0.1,26.507492,PRICED_E1_surplus_ratio_OREO VANILLA 110.4/105G_T5_2,-88985.569742,,,,,,False,True,False,False,"('OREO VANILLA 110.4/105G', 5, (('MM BINH DUONG', 'MM AN PHU', 19.885825), ('MM BINH PHU', 'MM AN PHU', 8.558325), ('MM HIEP PHU', 'MM AN PHU', 80.149313), ('MM HIEP PHU', 'MM DA NANG', 30.216151)))"
1,pricing_dedup_rejected_before_gnn,OREO VANILLA 110.4/105G,5,surplus_ratio,MM HIEP PHU,MM DA NANG,30.21615080964731,,,0.1,26.507492,PRICED_E1_surplus_ratio_OREO VANILLA 110.4/105G_T5_2,-88985.569742,,,,,,False,True,False,False,"('OREO VANILLA 110.4/105G', 5, (('MM BINH DUONG', 'MM AN PHU', 19.885825), ('MM BINH PHU', 'MM AN PHU', 8.558325), ('MM HIEP PHU', 'MM AN PHU', 80.149313), ('MM HIEP PHU', 'MM DA NANG', 30.216151)))"
1,pricing_dedup_rejected_before_gnn,OREO VANILLA 110.4/105G,5,surplus_ratio,MM HIEP PHU,MM AN PHU,80.1493126172713,,,0.1,26.507492,PRICED_E1_surplus_ratio_OREO VANILLA 110.4/105G_T5_2,-88985.569742,,,,,,False,True,False,False,"('OREO VANILLA 110.4/105G', 5, (('MM BINH DUONG', 'MM AN PHU', 19.885825), ('MM BINH PHU', 'MM AN PHU', 8.558325), ('MM HIEP PHU', 'MM AN PHU', 80.149313), ('MM HIEP PHU', 'MM DA NANG', 30.216151)))"
1,pricing_dedup_rejected_before_gnn,OREO VANILLA 110.4/105G,5,surplus_ratio,MM BINH PHU,MM AN PHU,8.558324622656038,,,0.1,26.507492,PRICED_E1_surplus_ratio_OREO VANILLA 110.4/105G_T5_3,-88985.569742,,,,,,False,True,False,False,"('OREO VANILLA 110.4/105G', 5, (('MM BINH DUONG', 'MM AN PHU', 19.885825), ('MM BINH PHU', 'MM AN PHU', 8.558325), ('MM HIEP PHU', 'MM AN PHU', 80.149313), ('MM HIEP PHU', 'MM DA NANG', 30.216151)))"
1,pricing_dedup_rejected_before_gnn,OREO VANILLA 110.4/105G,5,surplus_ratio,MM HIEP PHU,MM DA NANG,30.21615080964731,,,0.1,26.507492,PRICED_E1_surplus_ratio_OREO VANILLA 110.4/105G_T5_3,-88985.569742,,,,,,False,True,False,False,"('OREO VANILLA 110.4/105G', 5, (('MM BINH DUONG', 'MM AN PHU', 19.885825), ('MM BINH PHU', 'MM AN PHU', 8.558325), ('MM HIEP PHU', 'MM AN PHU', 80.149313), ('MM HIEP PHU', 'MM DA NANG', 30.216151)))"
1,pricing_dedup_rejected_before_gnn,OREO VANILLA 110.4/105G,5,surplus_ratio,MM HIEP PHU,MM AN PHU,80.1493126172713,,,0.1,26.507492,PRICED_E1_surplus_ratio_OREO VANILLA 110.4/105G_T5_3,-88985.569742,,,,,,False,True,False,False,"('OREO VANILLA 110.4/105G', 5, (('MM BINH DUONG', 'MM AN PHU', 19.885825), ('MM BINH PHU', 'MM AN PHU', 8.558325), ('MM HIEP PHU', 'MM AN PHU', 80.149313), ('MM HIEP PHU', 'MM DA NANG', 30.216151)))"
1,pricing_dedup_rejected_before_gnn,OREO VANILLA 110.4/105G,5,surplus_ratio,MM BINH DUONG,MM AN PHU,19.885825393753983,,,0.1,26.507492,PRICED_E1_surplus_ratio_OREO VANILLA 110.4/105G_T5_3,-88985.569742,,,,,,False,True,False,False,"('OREO VANILLA 110.4/105G', 5, (('MM BINH DUONG', 'MM AN PHU', 19.885825), ('MM BINH PHU', 'MM AN PHU', 8.558325), ('MM HIEP PHU', 'MM AN PHU', 80.149313), ('MM HIEP PHU', 'MM DA NANG', 30.216151)))"
1,pricing_dedup_rejected_before_gnn,OREO VANILLA 110.4/105G,5,surplus_ratio,MM HIEP PHU,MM DA NANG,30.21615080964731,,,0.1,26.507492,PRICED_E1_surplus_ratio_OREO VANILLA 110.4/105G_T5_4,-88985.569742,,,,,,False,True,False,False,"('OREO VANILLA 110.4/105G', 5, (('MM BINH DUONG', 'MM AN PHU', 19.885825), ('MM BINH PHU', 'MM AN PHU', 8.558325), ('MM HIEP PHU', 'MM AN PHU', 80.149313), ('MM HIEP PHU', 'MM DA NANG', 30.216151)))"
1,pricing_dedup_rejected_before_gnn,OREO VANILLA 110.4/105G,5,surplus_ratio,MM HIEP PHU,MM AN PHU,80.1493126172713,,,0.1,26.507492,PRICED_E1_surplus_ratio_OREO VANILLA 110.4/105G_T5_4,-88985.569742,,,,,,False,True,False,False,"('OREO VANILLA 110.4/105G', 5, (('MM BINH DUONG', 'MM AN PHU', 19.885825), ('MM BINH PHU', 'MM AN PHU', 8.558325), ('MM HIEP PHU', 'MM AN PHU', 80.149313), ('MM HIEP PHU', 'MM DA NANG', 30.216151)))"
1,pricing_dedup_rejected_before_gnn,OREO VANILLA 110.4/105G,5,surplus_ratio,MM BINH DUONG,MM AN PHU,19.885825393753983,,,0.1,26.507492,PRICED_E1_surplus_ratio_OREO VANILLA 110.4/105G_T5_4,-88985.569742,,,,,,False,True,False,False,"('OREO VANILLA 110.4/105G', 5, (('MM BINH DUONG', 'MM AN PHU', 19.885825), ('MM BINH PHU', 'MM AN PHU', 8.558325), ('MM HIEP PHU', 'MM AN PHU', 80.149313), ('MM HIEP PHU', 'MM DA NANG', 30.216151)))"
1,pricing_dedup_rejected_before_gnn,OREO VANILLA 110.4/105G,5,surplus_ratio,MM BINH PHU,MM AN PHU,8.558324622656038,,,0.1,26.507492,PRICED_E1_surplus_ratio_OREO VANILLA 110.4/105G_T5_4,-88985.569742,,,,,,False,True,False,False,"('OREO VANILLA 110.4/105G', 5, (('MM BINH DUONG', 'MM AN PHU', 19.885825), ('MM BINH PHU', 'MM AN PHU', 8.558325), ('MM HIEP PHU', 'MM AN PHU', 80.149313), ('MM HIEP PHU', 'MM DA NANG', 30.216151)))"
1,pricing_dedup_rejected_before_gnn,OREO VANILLA 110.4/105G,5,surplus_ratio,MM BINH DUONG,MM DA NANG,19.885825393753983,,,0.1,26.507492,PRICED_E1_surplus_ratio_OREO VANILLA 110.4/105G_T5_5,-91513.744812,,,,,,False,True,False,False,"('OREO VANILLA 110.4/105G', 5, (('MM BINH DUONG', 'MM DA NANG', 19.885825), ('MM BINH PHU', 'MM AN PHU', 1.315999), ('MM HIEP PHU', 'MM AN PHU', 110.365463)))"
1,pricing_dedup_rejected_before_gnn,OREO VANILLA 110.4/105G,5,surplus_ratio,MM HIEP PHU,MM AN PHU,110.36546342691862,,,0.1,26.507492,PRICED_E1_surplus_ratio_OREO VANILLA 110.4/105G_T5_5,-91513.744812,,,,,,False,True,False,False,"('OREO VANILLA 110.4/105G', 5, (('MM BINH DUONG', 'MM DA NANG', 19.885825), ('MM BINH PHU', 'MM AN PHU', 1.315999), ('MM HIEP PHU', 'MM AN PHU', 110.365463)))"
1,pricing_dedup_rejected_before_gnn,OREO VANILLA 110.4/105G,5,surplus_ratio,MM BINH PHU,MM AN PHU,1.3159992067627257,,,0.1,26.507492,PRICED_E1_surplus_ratio_OREO VANILLA 110.4/105G_T5_5,-91513.744812,,,,,,False,True,False,False,"('OREO VANILLA 110.4/105G', 5, (('MM BINH DUONG', 'MM DA NANG', 19.885825), ('MM BINH PHU', 'MM AN PHU', 1.315999), ('MM HIEP PHU', 'MM AN PHU', 110.365463)))"
1,pricing_dedup_rejected_before_gnn,OREO VANILLA 110.4/105G,5,time_urgency,MM HIEP PHU,MM AN PHU,110.36546342691862,,,0.1,26.507492,PRICED_E1_time_urgency_OREO VANILLA 110.4/105G_T5_1,-91513.218413,,,,,,False,True,False,False,"('OREO VANILLA 110.4/105G', 5, (('MM BINH DUONG', 'MM AN PHU', 1.315999), ('MM BINH DUONG', 'MM DA NANG', 18.569826), ('MM HIEP PHU', 'MM AN PHU', 110.365463)))"
1,pricing_dedup_rejected_before_gnn,OREO VANILLA 110.4/105G,5,time_urgency,MM BINH DUONG,MM AN PHU,1.3159992067627257,,,0.1,26.507492,PRICED_E1_time_urgency_OREO VANILLA 110.4/105G_T5_1,-91513.218413,,,,,,False,True,False,False,"('OREO VANILLA 110.4/105G', 5, (('MM BINH DUONG', 'MM AN PHU', 1.315999), ('MM BINH DUONG', 'MM DA NANG', 18.569826), ('MM HIEP PHU', 'MM AN PHU', 110.365463)))"
1,pricing_dedup_rejected_before_gnn,OREO VANILLA 110.4/105G,5,time_urgency,MM BINH DUONG,MM DA NANG,18.569826186991257,,,0.1,26.507492,PRICED_E1_time_urgency_OREO VANILLA 110.4/105G_T5_1,-91513.218413,,,,,,False,True,False,False,"('OREO VANILLA 110.4/105G', 5, (('MM BINH DUONG', 'MM AN PHU', 1.315999), ('MM BINH DUONG', 'MM DA NANG', 18.569826), ('MM HIEP PHU', 'MM AN PHU', 110.365463)))"
1,pricing_dedup_rejected_before_gnn,OREO VANILLA 110.4/105G,5,time_urgency,MM BINH DUONG,MM AN PHU,19.885825393753983,,,0.1,26.507492,PRICED_E1_time_urgency_OREO VANILLA 110.4/105G_T5_2,-88985.569742,,,,,,False,True,False,False,"('OREO VANILLA 110.4/105G', 5, (('MM BINH DUONG', 'MM AN PHU', 19.885825), ('MM BINH PHU', 'MM AN PHU', 8.558325), ('MM HIEP PHU', 'MM AN PHU', 80.149313), ('MM HIEP PHU', 'MM DA NANG', 30.216151)))"
1,pricing_dedup_rejected_before_gnn,OREO VANILLA 110.4/105G,5,time_urgency,MM BINH PHU,MM AN PHU,8.558324622656038,,,0.1,26.507492,PRICED_E1_time_urgency_OREO VANILLA 110.4/105G_T5_2,-88985.569742,,,,,,False,True,False,False,"('OREO VANILLA 110.4/105G', 5, (('MM BINH DUONG', 'MM AN PHU', 19.885825), ('MM BINH PHU', 'MM AN PHU', 8.558325), ('MM HIEP PHU', 'MM AN PHU', 80.149313), ('MM HIEP PHU', 'MM DA NANG', 30.216151)))"
1,pricing_dedup_rejected_before_gnn,OREO VANILLA 110.4/105G,5,time_urgency,MM HIEP PHU,MM DA NANG,30.21615080964731,,,0.1,26.507492,PRICED_E1_time_urgency_OREO VANILLA 110.4/105G_T5_2,-88985.569742,,,,,,False,True,False,False,"('OREO VANILLA 110.4/105G', 5, (('MM BINH DUONG', 'MM AN PHU', 19.885825), ('MM BINH PHU', 'MM AN PHU', 8.558325), ('MM HIEP PHU', 'MM AN PHU', 80.149313), ('MM HIEP PHU', 'MM DA NANG', 30.216151)))"
1,pricing_dedup_rejected_before_gnn,OREO VANILLA 110.4/105G,5,time_urgency,MM HIEP PHU,MM AN PHU,80.1493126172713,,,0.1,26.507492,PRICED_E1_time_urgency_OREO VANILLA 110.4/105G_T5_2,-88985.569742,,,,,,False,True,False,False,"('OREO VANILLA 110.4/105G', 5, (('MM BINH DUONG', 'MM AN PHU', 19.885825), ('MM BINH PHU', 'MM AN PHU', 8.558325), ('MM HIEP PHU', 'MM AN PHU', 80.149313), ('MM HIEP PHU', 'MM DA NANG', 30.216151)))"
1,pricing_dedup_rejected_before_gnn,OREO VANILLA 110.4/105G,5,time_urgency,MM BINH PHU,MM AN PHU,8.558324622656038,,,0.1,26.507492,PRICED_E1_time_urgency_OREO VANILLA 110.4/105G_T5_3,-88985.569742,,,,,,False,True,False,False,"('OREO VANILLA 110.4/105G', 5, (('MM BINH DUONG', 'MM AN PHU', 19.885825), ('MM BINH PHU', 'MM AN PHU', 8.558325), ('MM HIEP PHU', 'MM AN PHU', 80.149313), ('MM HIEP PHU', 'MM DA NANG', 30.216151)))"
1,pricing_dedup_rejected_before_gnn,OREO VANILLA 110.4/105G,5,time_urgency,MM HIEP PHU,MM DA NANG,30.21615080964731,,,0.1,26.507492,PRICED_E1_time_urgency_OREO VANILLA 110.4/105G_T5_3,-88985.569742,,,,,,False,True,False,False,"('OREO VANILLA 110.4/105G', 5, (('MM BINH DUONG', 'MM AN PHU', 19.885825), ('MM BINH PHU', 'MM AN PHU', 8.558325), ('MM HIEP PHU', 'MM AN PHU', 80.149313), ('MM HIEP PHU', 'MM DA NANG', 30.216151)))"
1,pricing_dedup_rejected_before_gnn,OREO VANILLA 110.4/105G,5,time_urgency,MM HIEP PHU,MM AN PHU,80.1493126172713,,,0.1,26.507492,PRICED_E1_time_urgency_OREO VANILLA 110.4/105G_T5_3,-88985.569742,,,,,,False,True,False,False,"('OREO VANILLA 110.4/105G', 5, (('MM BINH DUONG', 'MM AN PHU', 19.885825), ('MM BINH PHU', 'MM AN PHU', 8.558325), ('MM HIEP PHU', 'MM AN PHU', 80.149313), ('MM HIEP PHU', 'MM DA NANG', 30.216151)))"
1,pricing_dedup_rejected_before_gnn,OREO VANILLA 110.4/105G,5,time_urgency,MM BINH DUONG,MM AN PHU,19.885825393753983,,,0.1,26.507492,PRICED_E1_time_urgency_OREO VANILLA 110.4/105G_T5_3,-88985.569742,,,,,,False,True,False,False,"('OREO VANILLA 110.4/105G', 5, (('MM BINH DUONG', 'MM AN PHU', 19.885825), ('MM BINH PHU', 'MM AN PHU', 8.558325), ('MM HIEP PHU', 'MM AN PHU', 80.149313), ('MM HIEP PHU', 'MM DA NANG', 30.216151)))"
1,pricing_dedup_rejected_before_gnn,OREO VANILLA 110.4/105G,5,time_urgency,MM HIEP PHU,MM DA NANG,30.21615080964731,,,0.1,26.507492,PRICED_E1_time_urgency_OREO VANILLA 110.4/105G_T5_4,-88985.569742,,,,,,False,True,False,False,"('OREO VANILLA 110.4/105G', 5, (('MM BINH DUONG', 'MM AN PHU', 19.885825), ('MM BINH PHU', 'MM AN PHU', 8.558325), ('MM HIEP PHU', 'MM AN PHU', 80.149313), ('MM HIEP PHU', 'MM DA NANG', 30.216151)))"
1,pricing_dedup_rejected_before_gnn,OREO VANILLA 110.4/105G,5,time_urgency,MM HIEP PHU,MM AN PHU,80.1493126172713,,,0.1,26.507492,PRICED_E1_time_urgency_OREO VANILLA 110.4/105G_T5_4,-88985.569742,,,,,,False,True,False,False,"('OREO VANILLA 110.4/105G', 5, (('MM BINH DUONG', 'MM AN PHU', 19.885825), ('MM BINH PHU', 'MM AN PHU', 8.558325), ('MM HIEP PHU', 'MM AN PHU', 80.149313), ('MM HIEP PHU', 'MM DA NANG', 30.216151)))"
1,pricing_dedup_rejected_before_gnn,OREO VANILLA 110.4/105G,5,time_urgency,MM BINH DUONG,MM AN PHU,19.885825393753983,,,0.1,26.507492,PRICED_E1_time_urgency_OREO VANILLA 110.4/105G_T5_4,-88985.569742,,,,,,False,True,False,False,"('OREO VANILLA 110.4/105G', 5, (('MM BINH DUONG', 'MM AN PHU', 19.885825), ('MM BINH PHU', 'MM AN PHU', 8.558325), ('MM HIEP PHU', 'MM AN PHU', 80.149313), ('MM HIEP PHU', 'MM DA NANG', 30.216151)))"
1,pricing_dedup_rejected_before_gnn,OREO VANILLA 110.4/105G,5,time_urgency,MM BINH PHU,MM AN PHU,8.558324622656038,,,0.1,26.507492,PRICED_E1_time_urgency_OREO VANILLA 110.4/105G_T5_4,-88985.569742,,,,,,False,True,False,False,"('OREO VANILLA 110.4/105G', 5, (('MM BINH DUONG', 'MM AN PHU', 19.885825), ('MM BINH PHU', 'MM AN PHU', 8.558325), ('MM HIEP PHU', 'MM AN PHU', 80.149313), ('MM HIEP PHU', 'MM DA NANG', 30.216151)))"
1,pricing_dedup_rejected_before_gnn,OREO VANILLA 110.4/105G,5,time_urgency,MM BINH DUONG,MM DA NANG,19.885825393753983,,,0.1,26.507492,PRICED_E1_time_urgency_OREO VANILLA 110.4/105G_T5_5,-91513.744812,,,,,,False,True,False,False,"('OREO VANILLA 110.4/105G', 5, (('MM BINH DUONG', 'MM DA NANG', 19.885825), ('MM BINH PHU', 'MM AN PHU', 1.315999), ('MM HIEP PHU', 'MM AN PHU', 110.365463)))"
1,pricing_dedup_rejected_before_gnn,OREO VANILLA 110.4/105G,5,time_urgency,MM HIEP PHU,MM AN PHU,110.36546342691862,,,0.1,26.507492,PRICED_E1_time_urgency_OREO VANILLA 110.4/105G_T5_5,-91513.744812,,,,,,False,True,False,False,"('OREO VANILLA 110.4/105G', 5, (('MM BINH DUONG', 'MM DA NANG', 19.885825), ('MM BINH PHU', 'MM AN PHU', 1.315999), ('MM HIEP PHU', 'MM AN PHU', 110.365463)))"
1,pricing_dedup_rejected_before_gnn,OREO VANILLA 110.4/105G,5,time_urgency,MM BINH PHU,MM AN PHU,1.3159992067627257,,,0.1,26.507492,PRICED_E1_time_urgency_OREO VANILLA 110.4/105G_T5_5,-91513.744812,,,,,,False,True,False,False,"('OREO VANILLA 110.4/105G', 5, (('MM BINH DUONG', 'MM DA NANG', 19.885825), ('MM BINH PHU', 'MM AN PHU', 1.315999), ('MM HIEP PHU', 'MM AN PHU', 110.365463)))"
1,pricing_dedup_rejected_before_gnn,OREO VANILLA 110.4/105G,5,negative_reduced_cost,MM HIEP PHU,MM AN PHU,110.36546342691862,,,0.1,26.507492,PRICED_E1_negative_reduced_cost_OREO VANILLA 110.4/105G_T5_1,-91513.218413,,,,,,False,True,False,False,"('OREO VANILLA 110.4/105G', 5, (('MM BINH DUONG', 'MM AN PHU', 1.315999), ('MM BINH DUONG', 'MM DA NANG', 18.569826), ('MM HIEP PHU', 'MM AN PHU', 110.365463)))"
1,pricing_dedup_rejected_before_gnn,OREO VANILLA 110.4/105G,5,negative_reduced_cost,MM BINH DUONG,MM AN PHU,1.3159992067627257,,,0.1,26.507492,PRICED_E1_negative_reduced_cost_OREO VANILLA 110.4/105G_T5_1,-91513.218413,,,,,,False,True,False,False,"('OREO VANILLA 110.4/105G', 5, (('MM BINH DUONG', 'MM AN PHU', 1.315999), ('MM BINH DUONG', 'MM DA NANG', 18.569826), ('MM HIEP PHU', 'MM AN PHU', 110.365463)))"
1,pricing_dedup_rejected_before_gnn,OREO VANILLA 110.4/105G,5,negative_reduced_cost,MM BINH DUONG,MM DA NANG,18.569826186991257,,,0.1,26.507492,PRICED_E1_negative_reduced_cost_OREO VANILLA 110.4/105G_T5_1,-91513.218413,,,,,,False,True,False,False,"('OREO VANILLA 110.4/105G', 5, (('MM BINH DUONG', 'MM AN PHU', 1.315999), ('MM BINH DUONG', 'MM DA NANG', 18.569826), ('MM HIEP PHU', 'MM AN PHU', 110.365463)))"
1,pricing_dedup_rejected_before_gnn,OREO VANILLA 110.4/105G,5,negative_reduced_cost,MM BINH DUONG,MM AN PHU,19.885825393753983,,,0.1,26.507492,PRICED_E1_negative_reduced_cost_OREO VANILLA 110.4/105G_T5_2,-88985.569742,,,,,,False,True,False,False,"('OREO VANILLA 110.4/105G', 5, (('MM BINH DUONG', 'MM AN PHU', 19.885825), ('MM BINH PHU', 'MM AN PHU', 8.558325), ('MM HIEP PHU', 'MM AN PHU', 80.149313), ('MM HIEP PHU', 'MM DA NANG', 30.216151)))"
1,pricing_dedup_rejected_before_gnn,OREO VANILLA 110.4/105G,5,negative_reduced_cost,MM BINH PHU,MM AN PHU,8.558324622656038,,,0.1,26.507492,PRICED_E1_negative_reduced_cost_OREO VANILLA 110.4/105G_T5_2,-88985.569742,,,,,,False,True,False,False,"('OREO VANILLA 110.4/105G', 5, (('MM BINH DUONG', 'MM AN PHU', 19.885825), ('MM BINH PHU', 'MM AN PHU', 8.558325), ('MM HIEP PHU', 'MM AN PHU', 80.149313), ('MM HIEP PHU', 'MM DA NANG', 30.216151)))"
1,pricing_dedup_rejected_before_gnn,OREO VANILLA 110.4/105G,5,negative_reduced_cost,MM HIEP PHU,MM DA NANG,30.21615080964731,,,0.1,26.507492,PRICED_E1_negative_reduced_cost_OREO VANILLA 110.4/105G_T5_2,-88985.569742,,,,,,False,True,False,False,"('OREO VANILLA 110.4/105G', 5, (('MM BINH DUONG', 'MM AN PHU', 19.885825), ('MM BINH PHU', 'MM AN PHU', 8.558325), ('MM HIEP PHU', 'MM AN PHU', 80.149313), ('MM HIEP PHU', 'MM DA NANG', 30.216151)))"
1,pricing_dedup_rejected_before_gnn,OREO VANILLA 110.4/105G,5,negative_reduced_cost,MM HIEP PHU,MM AN PHU,80.1493126172713,,,0.1,26.507492,PRICED_E1_negative_reduced_cost_OREO VANILLA 110.4/105G_T5_2,-88985.569742,,,,,,False,True,False,False,"('OREO VANILLA 110.4/105G', 5, (('MM BINH DUONG', 'MM AN PHU', 19.885825), ('MM BINH PHU', 'MM AN PHU', 8.558325), ('MM HIEP PHU', 'MM AN PHU', 80.149313), ('MM HIEP PHU', 'MM DA NANG', 30.216151)))"
1,pricing_dedup_rejected_before_gnn,OREO VANILLA 110.4/105G,5,negative_reduced_cost,MM BINH PHU,MM AN PHU,8.558324622656038,,,0.1,26.507492,PRICED_E1_negative_reduced_cost_OREO VANILLA 110.4/105G_T5_3,-88985.569742,,,,,,False,True,False,False,"('OREO VANILLA 110.4/105G', 5, (('MM BINH DUONG', 'MM AN PHU', 19.885825), ('MM BINH PHU', 'MM AN PHU', 8.558325), ('MM HIEP PHU', 'MM AN PHU', 80.149313), ('MM HIEP PHU', 'MM DA NANG', 30.216151)))"
1,pricing_dedup_rejected_before_gnn,OREO VANILLA 110.4/105G,5,negative_reduced_cost,MM HIEP PHU,MM DA NANG,30.21615080964731,,,0.1,26.507492,PRICED_E1_negative_reduced_cost_OREO VANILLA 110.4/105G_T5_3,-88985.569742,,,,,,False,True,False,False,"('OREO VANILLA 110.4/105G', 5, (('MM BINH DUONG', 'MM AN PHU', 19.885825), ('MM BINH PHU', 'MM AN PHU', 8.558325), ('MM HIEP PHU', 'MM AN PHU', 80.149313), ('MM HIEP PHU', 'MM DA NANG', 30.216151)))"
1,pricing_dedup_rejected_before_gnn,OREO VANILLA 110.4/105G,5,negative_reduced_cost,MM HIEP PHU,MM AN PHU,80.1493126172713,,,0.1,26.507492,PRICED_E1_negative_reduced_cost_OREO VANILLA 110.4/105G_T5_3,-88985.569742,,,,,,False,True,False,False,"('OREO VANILLA 110.4/105G', 5, (('MM BINH DUONG', 'MM AN PHU', 19.885825), ('MM BINH PHU', 'MM AN PHU', 8.558325), ('MM HIEP PHU', 'MM AN PHU', 80.149313), ('MM HIEP PHU', 'MM DA NANG', 30.216151)))"
1,pricing_dedup_rejected_before_gnn,OREO VANILLA 110.4/105G,5,negative_reduced_cost,MM BINH DUONG,MM AN PHU,19.885825393753983,,,0.1,26.507492,PRICED_E1_negative_reduced_cost_OREO VANILLA 110.4/105G_T5_3,-88985.569742,,,,,,False,True,False,False,"('OREO VANILLA 110.4/105G', 5, (('MM BINH DUONG', 'MM AN PHU', 19.885825), ('MM BINH PHU', 'MM AN PHU', 8.558325), ('MM HIEP PHU', 'MM AN PHU', 80.149313), ('MM HIEP PHU', 'MM DA NANG', 30.216151)))"
1,pricing_dedup_rejected_before_gnn,OREO VANILLA 110.4/105G,5,negative_reduced_cost,MM HIEP PHU,MM DA NANG,30.21615080964731,,,0.1,26.507492,PRICED_E1_negative_reduced_cost_OREO VANILLA 110.4/105G_T5_4,-88985.569742,,,,,,False,True,False,False,"('OREO VANILLA 110.4/105G', 5, (('MM BINH DUONG', 'MM AN PHU', 19.885825), ('MM BINH PHU', 'MM AN PHU', 8.558325), ('MM HIEP PHU', 'MM AN PHU', 80.149313), ('MM HIEP PHU', 'MM DA NANG', 30.216151)))"
1,pricing_dedup_rejected_before_gnn,OREO VANILLA 110.4/105G,5,negative_reduced_cost,MM HIEP PHU,MM AN PHU,80.1493126172713,,,0.1,26.507492,PRICED_E1_negative_reduced_cost_OREO VANILLA 110.4/105G_T5_4,-88985.569742,,,,,,False,True,False,False,"('OREO VANILLA 110.4/105G', 5, (('MM BINH DUONG', 'MM AN PHU', 19.885825), ('MM BINH PHU', 'MM AN PHU', 8.558325), ('MM HIEP PHU', 'MM AN PHU', 80.149313), ('MM HIEP PHU', 'MM DA NANG', 30.216151)))"
1,pricing_dedup_rejected_before_gnn,OREO VANILLA 110.4/105G,5,negative_reduced_cost,MM BINH DUONG,MM AN PHU,19.885825393753983,,,0.1,26.507492,PRICED_E1_negative_reduced_cost_OREO VANILLA 110.4/105G_T5_4,-88985.569742,,,,,,False,True,False,False,"('OREO VANILLA 110.4/105G', 5, (('MM BINH DUONG', 'MM AN PHU', 19.885825), ('MM BINH PHU', 'MM AN PHU', 8.558325), ('MM HIEP PHU', 'MM AN PHU', 80.149313), ('MM HIEP PHU', 'MM DA NANG', 30.216151)))"
1,pricing_dedup_rejected_before_gnn,OREO VANILLA 110.4/105G,5,negative_reduced_cost,MM BINH PHU,MM AN PHU,8.558324622656038,,,0.1,26.507492,PRICED_E1_negative_reduced_cost_OREO VANILLA 110.4/105G_T5_4,-88985.569742,,,,,,False,True,False,False,"('OREO VANILLA 110.4/105G', 5, (('MM BINH DUONG', 'MM AN PHU', 19.885825), ('MM BINH PHU', 'MM AN PHU', 8.558325), ('MM HIEP PHU', 'MM AN PHU', 80.149313), ('MM HIEP PHU', 'MM DA NANG', 30.216151)))"
1,pricing_dedup_rejected_before_gnn,OREO VANILLA 110.4/105G,5,negative_reduced_cost,MM BINH DUONG,MM DA NANG,19.885825393753983,,,0.1,26.507492,PRICED_E1_negative_reduced_cost_OREO VANILLA 110.4/105G_T5_5,-91513.744812,,,,,,False,True,False,False,"('OREO VANILLA 110.4/105G', 5, (('MM BINH DUONG', 'MM DA NANG', 19.885825), ('MM BINH PHU', 'MM AN PHU', 1.315999), ('MM HIEP PHU', 'MM AN PHU', 110.365463)))"
1,pricing_dedup_rejected_before_gnn,OREO VANILLA 110.4/105G,5,negative_reduced_cost,MM HIEP PHU,MM AN PHU,110.36546342691862,,,0.1,26.507492,PRICED_E1_negative_reduced_cost_OREO VANILLA 110.4/105G_T5_5,-91513.744812,,,,,,False,True,False,False,"('OREO VANILLA 110.4/105G', 5, (('MM BINH DUONG', 'MM DA NANG', 19.885825), ('MM BINH PHU', 'MM AN PHU', 1.315999), ('MM HIEP PHU', 'MM AN PHU', 110.365463)))"
1,pricing_dedup_rejected_before_gnn,OREO VANILLA 110.4/105G,5,negative_reduced_cost,MM BINH PHU,MM AN PHU,1.3159992067627257,,,0.1,26.507492,PRICED_E1_negative_reduced_cost_OREO VANILLA 110.4/105G_T5_5,-91513.744812,,,,,,False,True,False,False,"('OREO VANILLA 110.4/105G', 5, (('MM BINH DUONG', 'MM DA NANG', 19.885825), ('MM BINH PHU', 'MM AN PHU', 1.315999), ('MM HIEP PHU', 'MM AN PHU', 110.365463)))"
1,pricing_dedup_rejected_before_gnn,OREO VANILLA 110.4/105G,7,surplus_ratio,MM HIEP PHU,MM AN PHU,12.69491484062064,,,0.1,10.011321,PRICED_E1_surplus_ratio_OREO VANILLA 110.4/105G_T7_1,-10400.21322,,,,,,False,True,False,False,"('OREO VANILLA 110.4/105G', 7, (('MM HIEP PHU', 'MM AN PHU', 12.694915),))"
1,pricing_dedup_rejected_before_gnn,OREO VANILLA 110.4/105G,7,surplus_ratio,MM DA NANG,MM AN PHU,12.69491484062064,,,0.1,10.011321,PRICED_E1_surplus_ratio_OREO VANILLA 110.4/105G_T7_2,-10400.21322,,,,,,False,True,False,False,"('OREO VANILLA 110.4/105G', 7, (('MM DA NANG', 'MM AN PHU', 12.694915),))"
1,pricing_dedup_rejected_before_gnn,OREO VANILLA 110.4/105G,7,time_urgency,MM DA NANG,MM AN PHU,12.69491484062064,,,0.1,10.011321,PRICED_E1_time_urgency_OREO VANILLA 110.4/105G_T7_1,-10400.21322,,,,,,False,True,False,False,"('OREO VANILLA 110.4/105G', 7, (('MM DA NANG', 'MM AN PHU', 12.694915),))"
1,pricing_dedup_rejected_before_gnn,OREO VANILLA 110.4/105G,7,time_urgency,MM HIEP PHU,MM AN PHU,12.69491484062064,,,0.1,10.011321,PRICED_E1_time_urgency_OREO VANILLA 110.4/105G_T7_2,-10400.21322,,,,,,False,True,False,False,"('OREO VANILLA 110.4/105G', 7, (('MM HIEP PHU', 'MM AN PHU', 12.694915),))"
1,pricing_dedup_rejected_before_gnn,OREO VANILLA 110.4/105G,7,negative_reduced_cost,MM DA NANG,MM AN PHU,12.69491484062064,,,0.1,10.011321,PRICED_E1_negative_reduced_cost_OREO VANILLA 110.4/105G_T7_1,-10400.21322,,,,,,False,True,False,False,"('OREO VANILLA 110.4/105G', 7, (('MM DA NANG', 'MM AN PHU', 12.694915),))"
1,pricing_dedup_rejected_before_gnn,OREO VANILLA 110.4/105G,7,negative_reduced_cost,MM HIEP PHU,MM AN PHU,12.69491484062064,,,0.1,10.011321,PRICED_E1_negative_reduced_cost_OREO VANILLA 110.4/105G_T7_2,-10400.21322,,,,,,False,True,False,False,"('OREO VANILLA 110.4/105G', 7, (('MM HIEP PHU', 'MM AN PHU', 12.694915),))"
1,teacher_full_batch_recorded_before_rmp,OREO CHOCOLATE 110.4/105G,1,shortage_ratio,MM AN PHU,MM DA NANG,5.6114121294395005,,,0.1,5.742392,PRICED_E1_shortage_ratio_OREO CHOCOLATE 110.4/105G_T1_1,-0.244565,,,False,False,28.0,False,False,False,False,"(('MM AN PHU', 'MM DA NANG', 5.611412),)"
1,teacher_full_batch_recorded_before_rmp,OREO CHOCOLATE 110.4/105G,1,shortage_ratio,MM BINH DUONG,MM DA NANG,5.6114121294395005,,,0.1,5.742392,PRICED_E1_shortage_ratio_OREO CHOCOLATE 110.4/105G_T1_2,-0.244565,,,False,False,28.0,False,False,False,False,"(('MM BINH DUONG', 'MM DA NANG', 5.611412),)"
1,teacher_full_batch_recorded_before_rmp,OREO CHOCOLATE 110.4/105G,1,shortage_ratio,MM BINH PHU,MM DA NANG,5.6114121294395005,,,0.1,5.742392,PRICED_E1_shortage_ratio_OREO CHOCOLATE 110.4/105G_T1_3,-0.244565,,,False,False,28.0,False,False,False,False,"(('MM BINH PHU', 'MM DA NANG', 5.611412),)"
1,teacher_full_batch_recorded_before_rmp,OREO CHOCOLATE 110.4/105G,2,shortage_ratio,MM HIEP PHU,MM AN PHU,48.575980116800785,,,0.1,32.612115,PRICED_E1_shortage_ratio_OREO CHOCOLATE 110.4/105G_T2_1,-33.910392,,,False,False,28.0,False,False,False,False,"(('MM BINH PHU', 'MM AN PHU', 46.2), ('MM HIEP PHU', 'MM AN PHU', 48.57598))"
1,teacher_full_batch_recorded_before_rmp,OREO CHOCOLATE 110.4/105G,2,shortage_ratio,MM BINH PHU,MM AN PHU,46.2,,,0.1,32.612115,PRICED_E1_shortage_ratio_OREO CHOCOLATE 110.4/105G_T2_1,-33.910392,,,False,False,28.0,False,False,False,False,"(('MM BINH PHU', 'MM AN PHU', 46.2), ('MM HIEP PHU', 'MM AN PHU', 48.57598))"
1,teacher_full_batch_recorded_before_rmp,OREO CHOCOLATE 110.4/105G,3,shortage_ratio,MM HIEP PHU,MM AN PHU,25.269495208410937,,,0.1,14.228479,PRICED_E1_shortage_ratio_OREO CHOCOLATE 110.4/105G_T3_1,-41361.657514,,,False,False,28.0,False,False,False,False,"(('MM BINH DUONG', 'MM AN PHU', 17.389793), ('MM BINH PHU', 'MM AN PHU', 7.826016), ('MM HIEP PHU', 'MM AN PHU', 25.269495))"
1,teacher_full_batch_recorded_before_rmp,OREO CHOCOLATE 110.4/105G,3,shortage_ratio,MM BINH DUONG,MM AN PHU,17.3897925390665,,,0.1,14.228479,PRICED_E1_shortage_ratio_OREO CHOCOLATE 110.4/105G_T3_1,-41361.657514,,,False,False,28.0,False,False,False,False,"(('MM BINH DUONG', 'MM AN PHU', 17.389793), ('MM BINH PHU', 'MM AN PHU', 7.826016), ('MM HIEP PHU', 'MM AN PHU', 25.269495))"
1,teacher_full_batch_recorded_before_rmp,OREO CHOCOLATE 110.4/105G,3,shortage_ratio,MM BINH PHU,MM AN PHU,7.826015539820368,,,0.1,14.228479,PRICED_E1_shortage_ratio_OREO CHOCOLATE 110.4/105G_T3_1,-41361.657514,,,False,False,28.0,False,False,False,False,"(('MM BINH DUONG', 'MM AN PHU', 17.389793), ('MM BINH PHU', 'MM AN PHU', 7.826016), ('MM HIEP PHU', 'MM AN PHU', 25.269495))"
1,teacher_full_batch_recorded_before_rmp,OREO CHOCOLATE 110.4/105G,4,shortage_ratio,MM HIEP PHU,MM AN PHU,29.377664704417032,,,0.1,15.2472,PRICED_E1_shortage_ratio_OREO CHOCOLATE 110.4/105G_T4_1,-30371.643106,,,False,False,28.0,False,False,False,False,"(('MM BINH DUONG', 'MM AN PHU', 7.692927), ('MM HIEP PHU', 'MM AN PHU', 29.377665))"
1,teacher_full_batch_recorded_before_rmp,OREO CHOCOLATE 110.4/105G,4,shortage_ratio,MM BINH DUONG,MM AN PHU,7.692927321840976,,,0.1,15.2472,PRICED_E1_shortage_ratio_OREO CHOCOLATE 110.4/105G_T4_1,-30371.643106,,,False,False,28.0,False,False,False,False,"(('MM BINH DUONG', 'MM AN PHU', 7.692927), ('MM HIEP PHU', 'MM AN PHU', 29.377665))"
1,teacher_full_batch_recorded_before_rmp,OREO CHOCOLATE 110.4/105G,5,shortage_ratio,MM HIEP PHU,MM AN PHU,42.60897019528174,,,0.1,14.072488,PRICED_E1_shortage_ratio_OREO CHOCOLATE 110.4/105G_T5_1,-38571.83649,,,False,False,28.0,False,False,False,False,"(('MM BINH DUONG', 'MM AN PHU', 4.46918), ('MM HIEP PHU', 'MM AN PHU', 42.60897))"
1,teacher_full_batch_recorded_before_rmp,OREO CHOCOLATE 110.4/105G,5,shortage_ratio,MM BINH DUONG,MM AN PHU,4.469180268209772,,,0.1,14.072488,PRICED_E1_shortage_ratio_OREO CHOCOLATE 110.4/105G_T5_1,-38571.83649,,,False,False,28.0,False,False,False,False,"(('MM BINH DUONG', 'MM AN PHU', 4.46918), ('MM HIEP PHU', 'MM AN PHU', 42.60897))"
1,teacher_full_batch_recorded_before_rmp,OREO CHOCOLATE 110.4/105G,5,shortage_ratio,MM BINH DUONG,MM AN PHU,4.469180268209772,,,0.1,14.072488,PRICED_E1_shortage_ratio_OREO CHOCOLATE 110.4/105G_T5_2,-33819.63649,,,False,False,28.0,False,False,False,False,"(('MM BINH DUONG', 'MM AN PHU', 4.46918), ('MM HIEP PHU', 'MM AN PHU', 36.80897), ('MM HIEP PHU', 'MM BINH PHU', 5.8))"
1,teacher_full_batch_recorded_before_rmp,OREO CHOCOLATE 110.4/105G,5,shortage_ratio,MM HIEP PHU,MM BINH PHU,5.799999999999997,,,0.1,14.072488,PRICED_E1_shortage_ratio_OREO CHOCOLATE 110.4/105G_T5_2,-33819.63649,,,False,False,28.0,False,False,False,False,"(('MM BINH DUONG', 'MM AN PHU', 4.46918), ('MM HIEP PHU', 'MM AN PHU', 36.80897), ('MM HIEP PHU', 'MM BINH PHU', 5.8))"
1,teacher_full_batch_recorded_before_rmp,OREO CHOCOLATE 110.4/105G,5,shortage_ratio,MM HIEP PHU,MM AN PHU,36.808970195281745,,,0.1,14.072488,PRICED_E1_shortage_ratio_OREO CHOCOLATE 110.4/105G_T5_2,-33819.63649,,,False,False,28.0,False,False,False,False,"(('MM BINH DUONG', 'MM AN PHU', 4.46918), ('MM HIEP PHU', 'MM AN PHU', 36.80897), ('MM HIEP PHU', 'MM BINH PHU', 5.8))"
1,teacher_full_batch_recorded_before_rmp,OREO CHOCOLATE 110.4/105G,6,shortage_ratio,MM HIEP PHU,MM AN PHU,19.14170297309868,,,0.1,10.013652,PRICED_E1_shortage_ratio_OREO CHOCOLATE 110.4/105G_T6_1,-15682.711416,,,False,False,28.0,False,False,False,False,"(('MM HIEP PHU', 'MM AN PHU', 19.141703),)"
1,teacher_full_batch_recorded_before_rmp,OREO CHOCOLATE 110.4/105G,6,shortage_ratio,MM HIEP PHU,MM DA NANG,6.977693423990203,,,0.1,10.013652,PRICED_E1_shortage_ratio_OREO CHOCOLATE 110.4/105G_T6_3,-9965.980502,,,False,False,28.0,False,False,False,False,"(('MM HIEP PHU', 'MM AN PHU', 12.16401), ('MM HIEP PHU', 'MM DA NANG', 6.977693))"
1,teacher_full_batch_recorded_before_rmp,OREO CHOCOLATE 110.4/105G,6,shortage_ratio,MM HIEP PHU,MM AN PHU,12.164009549108478,,,0.1,10.013652,PRICED_E1_shortage_ratio_OREO CHOCOLATE 110.4/105G_T6_3,-9965.980502,,,False,False,28.0,False,False,False,False,"(('MM HIEP PHU', 'MM AN PHU', 12.16401), ('MM HIEP PHU', 'MM DA NANG', 6.977693))"
1,teacher_full_batch_recorded_before_rmp,OREO CHOCOLATE 110.4/105G,6,shortage_ratio,MM HIEP PHU,MM BINH PHU,7.6299431608576,,,0.1,10.013652,PRICED_E1_shortage_ratio_OREO CHOCOLATE 110.4/105G_T6_2,-3715.057053,,,False,False,28.0,False,False,False,False,"(('MM HIEP PHU', 'MM AN PHU', 4.534066), ('MM HIEP PHU', 'MM BINH PHU', 7.629943), ('MM HIEP PHU', 'MM DA NANG', 6.977693))"
1,teacher_full_batch_recorded_before_rmp,OREO CHOCOLATE 110.4/105G,6,shortage_ratio,MM HIEP PHU,MM DA NANG,6.977693423990203,,,0.1,10.013652,PRICED_E1_shortage_ratio_OREO CHOCOLATE 110.4/105G_T6_2,-3715.057053,,,False,False,28.0,False,False,False,False,"(('MM HIEP PHU', 'MM AN PHU', 4.534066), ('MM HIEP PHU', 'MM BINH PHU', 7.629943), ('MM HIEP PHU', 'MM DA NANG', 6.977693))"
1,teacher_full_batch_recorded_before_rmp,OREO CHOCOLATE 110.4/105G,6,shortage_ratio,MM HIEP PHU,MM AN PHU,4.534066388250878,,,0.1,10.013652,PRICED_E1_shortage_ratio_OREO CHOCOLATE 110.4/105G_T6_2,-3715.057053,,,False,False,28.0,False,False,False,False,"(('MM HIEP PHU', 'MM AN PHU', 4.534066), ('MM HIEP PHU', 'MM BINH PHU', 7.629943), ('MM HIEP PHU', 'MM DA NANG', 6.977693))"
1,teacher_full_batch_recorded_before_rmp,OREO CHOCOLATE 110.4/105G,7,shortage_ratio,MM BINH DUONG,MM AN PHU,3.4334094815302816,,,0.1,5.641348,PRICED_E1_shortage_ratio_OREO CHOCOLATE 110.4/105G_T7_1,-5035.461086,,,False,False,28.0,False,False,False,False,"(('MM BINH DUONG', 'MM AN PHU', 3.433409), ('MM HIEP PHU', 'MM AN PHU', 2.716775))"
1,teacher_full_batch_recorded_before_rmp,OREO CHOCOLATE 110.4/105G,7,shortage_ratio,MM HIEP PHU,MM AN PHU,2.7167749046512384,,,0.1,5.641348,PRICED_E1_shortage_ratio_OREO CHOCOLATE 110.4/105G_T7_1,-5035.461086,,,False,False,28.0,False,False,False,False,"(('MM BINH DUONG', 'MM AN PHU', 3.433409), ('MM HIEP PHU', 'MM AN PHU', 2.716775))"
1,teacher_full_batch_recorded_before_rmp,OREO CHOCOLATE 110.4/105G,7,shortage_ratio,MM HIEP PHU,MM DA NANG,2.7167749046512384,,,0.1,5.641348,PRICED_E1_shortage_ratio_OREO CHOCOLATE 110.4/105G_T7_4,-5035.461086,,,False,False,28.0,False,False,False,False,"(('MM BINH DUONG', 'MM AN PHU', 3.433409), ('MM HIEP PHU', 'MM DA NANG', 2.716775))"
1,teacher_full_batch_recorded_before_rmp,OREO CHOCOLATE 110.4/105G,7,shortage_ratio,MM BINH DUONG,MM AN PHU,3.4334094815302816,,,0.1,5.641348,PRICED_E1_shortage_ratio_OREO CHOCOLATE 110.4/105G_T7_4,-5035.461086,,,False,False,28.0,False,False,False,False,"(('MM BINH DUONG', 'MM AN PHU', 3.433409), ('MM HIEP PHU', 'MM DA NANG', 2.716775))"
1,teacher_full_batch_recorded_before_rmp,OREO CHOCOLATE 110.4/105G,7,shortage_ratio,MM BINH DUONG,MM DA NANG,2.9010061431814016,,,0.1,5.641348,PRICED_E1_shortage_ratio_OREO CHOCOLATE 110.4/105G_T7_2,-5033.461086,,,False,False,28.0,False,False,False,False,"(('MM BINH DUONG', 'MM AN PHU', 0.532403), ('MM BINH DUONG', 'MM DA NANG', 2.901006), ('MM HIEP PHU', 'MM AN PHU', 2.716775))"
1,teacher_full_batch_recorded_before_rmp,OREO CHOCOLATE 110.4/105G,7,shortage_ratio,MM HIEP PHU,MM AN PHU,2.7167749046512384,,,0.1,5.641348,PRICED_E1_shortage_ratio_OREO CHOCOLATE 110.4/105G_T7_2,-5033.461086,,,False,False,28.0,False,False,False,False,"(('MM BINH DUONG', 'MM AN PHU', 0.532403), ('MM BINH DUONG', 'MM DA NANG', 2.901006), ('MM HIEP PHU', 'MM AN PHU', 2.716775))"
1,teacher_full_batch_recorded_before_rmp,OREO CHOCOLATE 110.4/105G,7,shortage_ratio,MM BINH DUONG,MM AN PHU,0.53240333834888,,,0.1,5.641348,PRICED_E1_shortage_ratio_OREO CHOCOLATE 110.4/105G_T7_2,-5033.461086,,,False,False,28.0,False,False,False,False,"(('MM BINH DUONG', 'MM AN PHU', 0.532403), ('MM BINH DUONG', 'MM DA NANG', 2.901006), ('MM HIEP PHU', 'MM AN PHU', 2.716775))"
1,teacher_full_batch_recorded_before_rmp,OREO VANILLA 110.4/105G,2,shortage_ratio,MM BINH DUONG,MM AN PHU,31.796352283153375,,,0.1,22.200155,PRICED_E1_shortage_ratio_OREO VANILLA 110.4/105G_T2_1,-10.718541,,,False,False,28.0,False,False,False,False,"(('MM BINH DUONG', 'MM AN PHU', 31.796352),)"
1,teacher_full_batch_recorded_before_rmp,OREO VANILLA 110.4/105G,2,shortage_ratio,MM BINH PHU,MM AN PHU,31.796352283153375,,,0.1,22.200155,PRICED_E1_shortage_ratio_OREO VANILLA 110.4/105G_T2_2,-10.718541,,,False,False,28.0,False,False,False,False,"(('MM BINH PHU', 'MM AN PHU', 31.796352),)"
1,teacher_full_batch_recorded_before_rmp,OREO VANILLA 110.4/105G,2,shortage_ratio,MM DA NANG,MM AN PHU,31.796352283153375,,,0.1,22.200155,PRICED_E1_shortage_ratio_OREO VANILLA 110.4/105G_T2_3,-10.718541,,,False,False,28.0,False,False,False,False,"(('MM DA NANG', 'MM AN PHU', 31.796352),)"
1,teacher_full_batch_recorded_before_rmp,OREO VANILLA 110.4/105G,3,shortage_ratio,MM DA NANG,MM AN PHU,77.18774796465003,,,0.1,34.22564,PRICED_E1_shortage_ratio_OREO VANILLA 110.4/105G_T3_1,-28.875099,,,False,False,28.0,False,False,False,False,"(('MM DA NANG', 'MM AN PHU', 77.187748),)"
1,teacher_full_batch_recorded_before_rmp,OREO VANILLA 110.4/105G,3,shortage_ratio,MM HIEP PHU,MM AN PHU,77.18774796465003,,,0.1,34.22564,PRICED_E1_shortage_ratio_OREO VANILLA 110.4/105G_T3_2,-28.875099,,,False,False,28.0,False,False,False,False,"(('MM HIEP PHU', 'MM AN PHU', 77.187748),)"
1,teacher_full_batch_recorded_before_rmp,OREO VANILLA 110.4/105G,3,shortage_ratio,MM BINH PHU,MM AN PHU,17.264731577862868,,,0.1,34.22564,PRICED_E1_shortage_ratio_OREO VANILLA 110.4/105G_T3_4,-26.875099,,,False,False,28.0,False,False,False,False,"(('MM BINH PHU', 'MM AN PHU', 17.264732), ('MM DA NANG', 'MM AN PHU', 59.923016))"
1,teacher_full_batch_recorded_before_rmp,OREO VANILLA 110.4/105G,3,shortage_ratio,MM DA NANG,MM AN PHU,59.92301638678716,,,0.1,34.22564,PRICED_E1_shortage_ratio_OREO VANILLA 110.4/105G_T3_4,-26.875099,,,False,False,28.0,False,False,False,False,"(('MM BINH PHU', 'MM AN PHU', 17.264732), ('MM DA NANG', 'MM AN PHU', 59.923016))"
1,teacher_full_batch_recorded_before_rmp,OREO VANILLA 110.4/105G,4,shortage_ratio,MM DA NANG,MM AN PHU,246.42674983238155,,,0.1,66.122187,PRICED_E1_shortage_ratio_OREO VANILLA 110.4/105G_T4_1,-264445.819989,,,False,False,28.0,False,False,False,False,"(('MM DA NANG', 'MM AN PHU', 246.42675), ('MM HIEP PHU', 'MM AN PHU', 76.309179))"
1,teacher_full_batch_recorded_before_rmp,OREO VANILLA 110.4/105G,4,shortage_ratio,MM HIEP PHU,MM AN PHU,76.30917888300198,,,0.1,66.122187,PRICED_E1_shortage_ratio_OREO VANILLA 110.4/105G_T4_1,-264445.819989,,,False,False,28.0,False,False,False,False,"(('MM DA NANG', 'MM AN PHU', 246.42675), ('MM HIEP PHU', 'MM AN PHU', 76.309179))"
1,teacher_full_batch_recorded_before_rmp,OREO VANILLA 110.4/105G,4,shortage_ratio,MM BINH PHU,MM AN PHU,25.92893590857497,,,0.1,66.122187,PRICED_E1_shortage_ratio_OREO VANILLA 110.4/105G_T4_4,-264443.819989,,,False,False,28.0,False,False,False,False,"(('MM BINH PHU', 'MM AN PHU', 25.928936), ('MM DA NANG', 'MM AN PHU', 246.42675), ('MM HIEP PHU', 'MM AN PHU', 50.380243))"
1,teacher_full_batch_recorded_before_rmp,OREO VANILLA 110.4/105G,4,shortage_ratio,MM DA NANG,MM AN PHU,246.42674983238155,,,0.1,66.122187,PRICED_E1_shortage_ratio_OREO VANILLA 110.4/105G_T4_4,-264443.819989,,,False,False,28.0,False,False,False,False,"(('MM BINH PHU', 'MM AN PHU', 25.928936), ('MM DA NANG', 'MM AN PHU', 246.42675), ('MM HIEP PHU', 'MM AN PHU', 50.380243))"
1,teacher_full_batch_recorded_before_rmp,OREO VANILLA 110.4/105G,4,shortage_ratio,MM HIEP PHU,MM AN PHU,50.380242974427034,,,0.1,66.122187,PRICED_E1_shortage_ratio_OREO VANILLA 110.4/105G_T4_4,-264443.819989,,,False,False,28.0,False,False,False,False,"(('MM BINH PHU', 'MM AN PHU', 25.928936), ('MM DA NANG', 'MM AN PHU', 246.42675), ('MM HIEP PHU', 'MM AN PHU', 50.380243))"
1,teacher_full_batch_recorded_before_rmp,OREO VANILLA 110.4/105G,4,shortage_ratio,MM HIEP PHU,MM AN PHU,94.26730164677033,,,0.1,66.122187,PRICED_E1_shortage_ratio_OREO VANILLA 110.4/105G_T4_2,-264441.819989,,,False,False,28.0,False,False,False,False,"(('MM BINH DUONG', 'MM AN PHU', 46.312941), ('MM BINH PHU', 'MM AN PHU', 25.928936), ('MM DA NANG', 'MM AN PHU', 156.22675), ('MM HIEP PHU', 'MM AN PHU', 94.267302))"
1,teacher_full_batch_recorded_before_rmp,OREO VANILLA 110.4/105G,4,shortage_ratio,MM BINH DUONG,MM AN PHU,46.31294132765661,,,0.1,66.122187,PRICED_E1_shortage_ratio_OREO VANILLA 110.4/105G_T4_2,-264441.819989,,,False,False,28.0,False,False,False,False,"(('MM BINH DUONG', 'MM AN PHU', 46.312941), ('MM BINH PHU', 'MM AN PHU', 25.928936), ('MM DA NANG', 'MM AN PHU', 156.22675), ('MM HIEP PHU', 'MM AN PHU', 94.267302))"
1,teacher_full_batch_recorded_before_rmp,OREO VANILLA 110.4/105G,4,shortage_ratio,MM BINH PHU,MM AN PHU,25.92893590857497,,,0.1,66.122187,PRICED_E1_shortage_ratio_OREO VANILLA 110.4/105G_T4_2,-264441.819989,,,False,False,28.0,False,False,False,False,"(('MM BINH DUONG', 'MM AN PHU', 46.312941), ('MM BINH PHU', 'MM AN PHU', 25.928936), ('MM DA NANG', 'MM AN PHU', 156.22675), ('MM HIEP PHU', 'MM AN PHU', 94.267302))"
1,teacher_full_batch_recorded_before_rmp,OREO VANILLA 110.4/105G,4,shortage_ratio,MM DA NANG,MM AN PHU,156.2267498323816,,,0.1,66.122187,PRICED_E1_shortage_ratio_OREO VANILLA 110.4/105G_T4_2,-264441.819989,,,False,False,28.0,False,False,False,False,"(('MM BINH DUONG', 'MM AN PHU', 46.312941), ('MM BINH PHU', 'MM AN PHU', 25.928936), ('MM DA NANG', 'MM AN PHU', 156.22675), ('MM HIEP PHU', 'MM AN PHU', 94.267302))"
1,teacher_full_batch_recorded_before_rmp,OREO VANILLA 110.4/105G,5,shortage_ratio,MM BINH DUONG,MM DA NANG,19.885825393753983,,,0.1,26.507492,PRICED_E1_shortage_ratio_OREO VANILLA 110.4/105G_T5_5,-91513.744812,,,False,False,28.0,False,False,False,False,"(('MM BINH DUONG', 'MM DA NANG', 19.885825), ('MM BINH PHU', 'MM AN PHU', 1.315999), ('MM HIEP PHU', 'MM AN PHU', 110.365463))"
1,teacher_full_batch_recorded_before_rmp,OREO VANILLA 110.4/105G,5,shortage_ratio,MM HIEP PHU,MM AN PHU,110.36546342691862,,,0.1,26.507492,PRICED_E1_shortage_ratio_OREO VANILLA 110.4/105G_T5_5,-91513.744812,,,False,False,28.0,False,False,False,False,"(('MM BINH DUONG', 'MM DA NANG', 19.885825), ('MM BINH PHU', 'MM AN PHU', 1.315999), ('MM HIEP PHU', 'MM AN PHU', 110.365463))"
1,teacher_full_batch_recorded_before_rmp,OREO VANILLA 110.4/105G,5,shortage_ratio,MM BINH PHU,MM AN PHU,1.3159992067627257,,,0.1,26.507492,PRICED_E1_shortage_ratio_OREO VANILLA 110.4/105G_T5_5,-91513.744812,,,False,False,28.0,False,False,False,False,"(('MM BINH DUONG', 'MM DA NANG', 19.885825), ('MM BINH PHU', 'MM AN PHU', 1.315999), ('MM HIEP PHU', 'MM AN PHU', 110.365463))"
1,teacher_full_batch_recorded_before_rmp,OREO VANILLA 110.4/105G,5,shortage_ratio,MM HIEP PHU,MM AN PHU,110.36546342691862,,,0.1,26.507492,PRICED_E1_shortage_ratio_OREO VANILLA 110.4/105G_T5_1,-91513.218413,,,False,False,28.0,False,False,False,False,"(('MM BINH DUONG', 'MM AN PHU', 1.315999), ('MM BINH DUONG', 'MM DA NANG', 18.569826), ('MM HIEP PHU', 'MM AN PHU', 110.365463))"
1,teacher_full_batch_recorded_before_rmp,OREO VANILLA 110.4/105G,5,shortage_ratio,MM BINH DUONG,MM AN PHU,1.3159992067627257,,,0.1,26.507492,PRICED_E1_shortage_ratio_OREO VANILLA 110.4/105G_T5_1,-91513.218413,,,False,False,28.0,False,False,False,False,"(('MM BINH DUONG', 'MM AN PHU', 1.315999), ('MM BINH DUONG', 'MM DA NANG', 18.569826), ('MM HIEP PHU', 'MM AN PHU', 110.365463))"
1,teacher_full_batch_recorded_before_rmp,OREO VANILLA 110.4/105G,5,shortage_ratio,MM BINH DUONG,MM DA NANG,18.569826186991257,,,0.1,26.507492,PRICED_E1_shortage_ratio_OREO VANILLA 110.4/105G_T5_1,-91513.218413,,,False,False,28.0,False,False,False,False,"(('MM BINH DUONG', 'MM AN PHU', 1.315999), ('MM BINH DUONG', 'MM DA NANG', 18.569826), ('MM HIEP PHU', 'MM AN PHU', 110.365463))"
1,teacher_full_batch_recorded_before_rmp,OREO VANILLA 110.4/105G,5,shortage_ratio,MM BINH DUONG,MM AN PHU,19.885825393753983,,,0.1,26.507492,PRICED_E1_shortage_ratio_OREO VANILLA 110.4/105G_T5_2,-88985.569742,,,False,False,28.0,False,False,False,False,"(('MM BINH DUONG', 'MM AN PHU', 19.885825), ('MM BINH PHU', 'MM AN PHU', 8.558325), ('MM HIEP PHU', 'MM AN PHU', 80.149313), ('MM HIEP PHU', 'MM DA NANG', 30.216151))"
1,teacher_full_batch_recorded_before_rmp,OREO VANILLA 110.4/105G,5,shortage_ratio,MM BINH PHU,MM AN PHU,8.558324622656038,,,0.1,26.507492,PRICED_E1_shortage_ratio_OREO VANILLA 110.4/105G_T5_2,-88985.569742,,,False,False,28.0,False,False,False,False,"(('MM BINH DUONG', 'MM AN PHU', 19.885825), ('MM BINH PHU', 'MM AN PHU', 8.558325), ('MM HIEP PHU', 'MM AN PHU', 80.149313), ('MM HIEP PHU', 'MM DA NANG', 30.216151))"
1,teacher_full_batch_recorded_before_rmp,OREO VANILLA 110.4/105G,5,shortage_ratio,MM HIEP PHU,MM DA NANG,30.21615080964731,,,0.1,26.507492,PRICED_E1_shortage_ratio_OREO VANILLA 110.4/105G_T5_2,-88985.569742,,,False,False,28.0,False,False,False,False,"(('MM BINH DUONG', 'MM AN PHU', 19.885825), ('MM BINH PHU', 'MM AN PHU', 8.558325), ('MM HIEP PHU', 'MM AN PHU', 80.149313), ('MM HIEP PHU', 'MM DA NANG', 30.216151))"
1,teacher_full_batch_recorded_before_rmp,OREO VANILLA 110.4/105G,5,shortage_ratio,MM HIEP PHU,MM AN PHU,80.1493126172713,,,0.1,26.507492,PRICED_E1_shortage_ratio_OREO VANILLA 110.4/105G_T5_2,-88985.569742,,,False,False,28.0,False,False,False,False,"(('MM BINH DUONG', 'MM AN PHU', 19.885825), ('MM BINH PHU', 'MM AN PHU', 8.558325), ('MM HIEP PHU', 'MM AN PHU', 80.149313), ('MM HIEP PHU', 'MM DA NANG', 30.216151))"
1,teacher_full_batch_recorded_before_rmp,OREO VANILLA 110.4/105G,7,shortage_ratio,MM DA NANG,MM AN PHU,12.69491484062064,,,0.1,10.011321,PRICED_E1_shortage_ratio_OREO VANILLA 110.4/105G_T7_1,-10400.21322,,,False,False,28.0,False,False,False,False,"(('MM DA NANG', 'MM AN PHU', 12.694915),)"
1,teacher_full_batch_recorded_before_rmp,OREO VANILLA 110.4/105G,7,shortage_ratio,MM HIEP PHU,MM AN PHU,12.69491484062064,,,0.1,10.011321,PRICED_E1_shortage_ratio_OREO VANILLA 110.4/105G_T7_2,-10400.21322,,,False,False,28.0,False,False,False,False,"(('MM HIEP PHU', 'MM AN PHU', 12.694915),)"
1,add_patterns_added,OREO CHOCOLATE 110.4/105G,1,shortage_ratio,MM AN PHU,MM DA NANG,5.6114121294395005,,,0.1,5.742392,PRICED_E1_shortage_ratio_OREO CHOCOLATE 110.4/105G_T1_1,-0.244565,,,False,False,28.0,False,False,False,True,"('OREO CHOCOLATE 110.4/105G', 1, (('MM AN PHU', 'MM DA NANG', 5.611412),))"
1,add_patterns_added,OREO CHOCOLATE 110.4/105G,1,shortage_ratio,MM BINH DUONG,MM DA NANG,5.6114121294395005,,,0.1,5.742392,PRICED_E1_shortage_ratio_OREO CHOCOLATE 110.4/105G_T1_2,-0.244565,,,False,False,28.0,False,False,False,True,"('OREO CHOCOLATE 110.4/105G', 1, (('MM BINH DUONG', 'MM DA NANG', 5.611412),))"
1,add_patterns_added,OREO CHOCOLATE 110.4/105G,1,shortage_ratio,MM BINH PHU,MM DA NANG,5.6114121294395005,,,0.1,5.742392,PRICED_E1_shortage_ratio_OREO CHOCOLATE 110.4/105G_T1_3,-0.244565,,,False,False,28.0,False,False,False,True,"('OREO CHOCOLATE 110.4/105G', 1, (('MM BINH PHU', 'MM DA NANG', 5.611412),))"
1,add_patterns_added,OREO CHOCOLATE 110.4/105G,2,shortage_ratio,MM HIEP PHU,MM AN PHU,48.575980116800785,,,0.1,32.612115,PRICED_E1_shortage_ratio_OREO CHOCOLATE 110.4/105G_T2_1,-33.910392,,,False,False,28.0,False,False,False,True,"('OREO CHOCOLATE 110.4/105G', 2, (('MM BINH PHU', 'MM AN PHU', 46.2), ('MM HIEP PHU', 'MM AN PHU', 48.57598)))"
1,add_patterns_added,OREO CHOCOLATE 110.4/105G,2,shortage_ratio,MM BINH PHU,MM AN PHU,46.2,,,0.1,32.612115,PRICED_E1_shortage_ratio_OREO CHOCOLATE 110.4/105G_T2_1,-33.910392,,,False,False,28.0,False,False,False,True,"('OREO CHOCOLATE 110.4/105G', 2, (('MM BINH PHU', 'MM AN PHU', 46.2), ('MM HIEP PHU', 'MM AN PHU', 48.57598)))"
1,add_patterns_added,OREO CHOCOLATE 110.4/105G,3,shortage_ratio,MM HIEP PHU,MM AN PHU,25.269495208410937,,,0.1,14.228479,PRICED_E1_shortage_ratio_OREO CHOCOLATE 110.4/105G_T3_1,-41361.657514,,,False,False,28.0,False,False,False,True,"('OREO CHOCOLATE 110.4/105G', 3, (('MM BINH DUONG', 'MM AN PHU', 17.389793), ('MM BINH PHU', 'MM AN PHU', 7.826016), ('MM HIEP PHU', 'MM AN PHU', 25.269495)))"
1,add_patterns_added,OREO CHOCOLATE 110.4/105G,3,shortage_ratio,MM BINH DUONG,MM AN PHU,17.3897925390665,,,0.1,14.228479,PRICED_E1_shortage_ratio_OREO CHOCOLATE 110.4/105G_T3_1,-41361.657514,,,False,False,28.0,False,False,False,True,"('OREO CHOCOLATE 110.4/105G', 3, (('MM BINH DUONG', 'MM AN PHU', 17.389793), ('MM BINH PHU', 'MM AN PHU', 7.826016), ('MM HIEP PHU', 'MM AN PHU', 25.269495)))"
1,add_patterns_added,OREO CHOCOLATE 110.4/105G,3,shortage_ratio,MM BINH PHU,MM AN PHU,7.826015539820368,,,0.1,14.228479,PRICED_E1_shortage_ratio_OREO CHOCOLATE 110.4/105G_T3_1,-41361.657514,,,False,False,28.0,False,False,False,True,"('OREO CHOCOLATE 110.4/105G', 3, (('MM BINH DUONG', 'MM AN PHU', 17.389793), ('MM BINH PHU', 'MM AN PHU', 7.826016), ('MM HIEP PHU', 'MM AN PHU', 25.269495)))"
1,add_patterns_added,OREO CHOCOLATE 110.4/105G,4,shortage_ratio,MM HIEP PHU,MM AN PHU,29.377664704417032,,,0.1,15.2472,PRICED_E1_shortage_ratio_OREO CHOCOLATE 110.4/105G_T4_1,-30371.643106,,,False,False,28.0,False,False,False,True,"('OREO CHOCOLATE 110.4/105G', 4, (('MM BINH DUONG', 'MM AN PHU', 7.692927), ('MM HIEP PHU', 'MM AN PHU', 29.377665)))"
1,add_patterns_added,OREO CHOCOLATE 110.4/105G,4,shortage_ratio,MM BINH DUONG,MM AN PHU,7.692927321840976,,,0.1,15.2472,PRICED_E1_shortage_ratio_OREO CHOCOLATE 110.4/105G_T4_1,-30371.643106,,,False,False,28.0,False,False,False,True,"('OREO CHOCOLATE 110.4/105G', 4, (('MM BINH DUONG', 'MM AN PHU', 7.692927), ('MM HIEP PHU', 'MM AN PHU', 29.377665)))"
1,add_patterns_added,OREO CHOCOLATE 110.4/105G,5,shortage_ratio,MM HIEP PHU,MM AN PHU,42.60897019528174,,,0.1,14.072488,PRICED_E1_shortage_ratio_OREO CHOCOLATE 110.4/105G_T5_1,-38571.83649,,,False,False,28.0,False,False,False,True,"('OREO CHOCOLATE 110.4/105G', 5, (('MM BINH DUONG', 'MM AN PHU', 4.46918), ('MM HIEP PHU', 'MM AN PHU', 42.60897)))"
1,add_patterns_added,OREO CHOCOLATE 110.4/105G,5,shortage_ratio,MM BINH DUONG,MM AN PHU,4.469180268209772,,,0.1,14.072488,PRICED_E1_shortage_ratio_OREO CHOCOLATE 110.4/105G_T5_1,-38571.83649,,,False,False,28.0,False,False,False,True,"('OREO CHOCOLATE 110.4/105G', 5, (('MM BINH DUONG', 'MM AN PHU', 4.46918), ('MM HIEP PHU', 'MM AN PHU', 42.60897)))"
1,add_patterns_added,OREO CHOCOLATE 110.4/105G,5,shortage_ratio,MM BINH DUONG,MM AN PHU,4.469180268209772,,,0.1,14.072488,PRICED_E1_shortage_ratio_OREO CHOCOLATE 110.4/105G_T5_2,-33819.63649,,,False,False,28.0,False,False,False,True,"('OREO CHOCOLATE 110.4/105G', 5, (('MM BINH DUONG', 'MM AN PHU', 4.46918), ('MM HIEP PHU', 'MM AN PHU', 36.80897), ('MM HIEP PHU', 'MM BINH PHU', 5.8)))"
1,add_patterns_added,OREO CHOCOLATE 110.4/105G,5,shortage_ratio,MM HIEP PHU,MM BINH PHU,5.799999999999997,,,0.1,14.072488,PRICED_E1_shortage_ratio_OREO CHOCOLATE 110.4/105G_T5_2,-33819.63649,,,False,False,28.0,False,False,False,True,"('OREO CHOCOLATE 110.4/105G', 5, (('MM BINH DUONG', 'MM AN PHU', 4.46918), ('MM HIEP PHU', 'MM AN PHU', 36.80897), ('MM HIEP PHU', 'MM BINH PHU', 5.8)))"
1,add_patterns_added,OREO CHOCOLATE 110.4/105G,5,shortage_ratio,MM HIEP PHU,MM AN PHU,36.808970195281745,,,0.1,14.072488,PRICED_E1_shortage_ratio_OREO CHOCOLATE 110.4/105G_T5_2,-33819.63649,,,False,False,28.0,False,False,False,True,"('OREO CHOCOLATE 110.4/105G', 5, (('MM BINH DUONG', 'MM AN PHU', 4.46918), ('MM HIEP PHU', 'MM AN PHU', 36.80897), ('MM HIEP PHU', 'MM BINH PHU', 5.8)))"
1,add_patterns_added,OREO CHOCOLATE 110.4/105G,6,shortage_ratio,MM HIEP PHU,MM AN PHU,19.14170297309868,,,0.1,10.013652,PRICED_E1_shortage_ratio_OREO CHOCOLATE 110.4/105G_T6_1,-15682.711416,,,False,False,28.0,False,False,False,True,"('OREO CHOCOLATE 110.4/105G', 6, (('MM HIEP PHU', 'MM AN PHU', 19.141703),))"
1,add_patterns_added,OREO CHOCOLATE 110.4/105G,6,shortage_ratio,MM HIEP PHU,MM DA NANG,6.977693423990203,,,0.1,10.013652,PRICED_E1_shortage_ratio_OREO CHOCOLATE 110.4/105G_T6_3,-9965.980502,,,False,False,28.0,False,False,False,True,"('OREO CHOCOLATE 110.4/105G', 6, (('MM HIEP PHU', 'MM AN PHU', 12.16401), ('MM HIEP PHU', 'MM DA NANG', 6.977693)))"
1,add_patterns_added,OREO CHOCOLATE 110.4/105G,6,shortage_ratio,MM HIEP PHU,MM AN PHU,12.164009549108478,,,0.1,10.013652,PRICED_E1_shortage_ratio_OREO CHOCOLATE 110.4/105G_T6_3,-9965.980502,,,False,False,28.0,False,False,False,True,"('OREO CHOCOLATE 110.4/105G', 6, (('MM HIEP PHU', 'MM AN PHU', 12.16401), ('MM HIEP PHU', 'MM DA NANG', 6.977693)))"
1,add_patterns_added,OREO CHOCOLATE 110.4/105G,6,shortage_ratio,MM HIEP PHU,MM BINH PHU,7.6299431608576,,,0.1,10.013652,PRICED_E1_shortage_ratio_OREO CHOCOLATE 110.4/105G_T6_2,-3715.057053,,,False,False,28.0,False,False,False,True,"('OREO CHOCOLATE 110.4/105G', 6, (('MM HIEP PHU', 'MM AN PHU', 4.534066), ('MM HIEP PHU', 'MM BINH PHU', 7.629943), ('MM HIEP PHU', 'MM DA NANG', 6.977693)))"
1,add_patterns_added,OREO CHOCOLATE 110.4/105G,6,shortage_ratio,MM HIEP PHU,MM DA NANG,6.977693423990203,,,0.1,10.013652,PRICED_E1_shortage_ratio_OREO CHOCOLATE 110.4/105G_T6_2,-3715.057053,,,False,False,28.0,False,False,False,True,"('OREO CHOCOLATE 110.4/105G', 6, (('MM HIEP PHU', 'MM AN PHU', 4.534066), ('MM HIEP PHU', 'MM BINH PHU', 7.629943), ('MM HIEP PHU', 'MM DA NANG', 6.977693)))"
1,add_patterns_added,OREO CHOCOLATE 110.4/105G,6,shortage_ratio,MM HIEP PHU,MM AN PHU,4.534066388250878,,,0.1,10.013652,PRICED_E1_shortage_ratio_OREO CHOCOLATE 110.4/105G_T6_2,-3715.057053,,,False,False,28.0,False,False,False,True,"('OREO CHOCOLATE 110.4/105G', 6, (('MM HIEP PHU', 'MM AN PHU', 4.534066), ('MM HIEP PHU', 'MM BINH PHU', 7.629943), ('MM HIEP PHU', 'MM DA NANG', 6.977693)))"
1,add_patterns_added,OREO CHOCOLATE 110.4/105G,7,shortage_ratio,MM BINH DUONG,MM AN PHU,3.4334094815302816,,,0.1,5.641348,PRICED_E1_shortage_ratio_OREO CHOCOLATE 110.4/105G_T7_1,-5035.461086,,,False,False,28.0,False,False,False,True,"('OREO CHOCOLATE 110.4/105G', 7, (('MM BINH DUONG', 'MM AN PHU', 3.433409), ('MM HIEP PHU', 'MM AN PHU', 2.716775)))"
1,add_patterns_added,OREO CHOCOLATE 110.4/105G,7,shortage_ratio,MM HIEP PHU,MM AN PHU,2.7167749046512384,,,0.1,5.641348,PRICED_E1_shortage_ratio_OREO CHOCOLATE 110.4/105G_T7_1,-5035.461086,,,False,False,28.0,False,False,False,True,"('OREO CHOCOLATE 110.4/105G', 7, (('MM BINH DUONG', 'MM AN PHU', 3.433409), ('MM HIEP PHU', 'MM AN PHU', 2.716775)))"
1,add_patterns_added,OREO CHOCOLATE 110.4/105G,7,shortage_ratio,MM HIEP PHU,MM DA NANG,2.7167749046512384,,,0.1,5.641348,PRICED_E1_shortage_ratio_OREO CHOCOLATE 110.4/105G_T7_4,-5035.461086,,,False,False,28.0,False,False,False,True,"('OREO CHOCOLATE 110.4/105G', 7, (('MM BINH DUONG', 'MM AN PHU', 3.433409), ('MM HIEP PHU', 'MM DA NANG', 2.716775)))"
1,add_patterns_added,OREO CHOCOLATE 110.4/105G,7,shortage_ratio,MM BINH DUONG,MM AN PHU,3.4334094815302816,,,0.1,5.641348,PRICED_E1_shortage_ratio_OREO CHOCOLATE 110.4/105G_T7_4,-5035.461086,,,False,False,28.0,False,False,False,True,"('OREO CHOCOLATE 110.4/105G', 7, (('MM BINH DUONG', 'MM AN PHU', 3.433409), ('MM HIEP PHU', 'MM DA NANG', 2.716775)))"
1,add_patterns_added,OREO CHOCOLATE 110.4/105G,7,shortage_ratio,MM BINH DUONG,MM DA NANG,2.9010061431814016,,,0.1,5.641348,PRICED_E1_shortage_ratio_OREO CHOCOLATE 110.4/105G_T7_2,-5033.461086,,,False,False,28.0,False,False,False,True,"('OREO CHOCOLATE 110.4/105G', 7, (('MM BINH DUONG', 'MM AN PHU', 0.532403), ('MM BINH DUONG', 'MM DA NANG', 2.901006), ('MM HIEP PHU', 'MM AN PHU', 2.716775)))"
1,add_patterns_added,OREO CHOCOLATE 110.4/105G,7,shortage_ratio,MM HIEP PHU,MM AN PHU,2.7167749046512384,,,0.1,5.641348,PRICED_E1_shortage_ratio_OREO CHOCOLATE 110.4/105G_T7_2,-5033.461086,,,False,False,28.0,False,False,False,True,"('OREO CHOCOLATE 110.4/105G', 7, (('MM BINH DUONG', 'MM AN PHU', 0.532403), ('MM BINH DUONG', 'MM DA NANG', 2.901006), ('MM HIEP PHU', 'MM AN PHU', 2.716775)))"
1,add_patterns_added,OREO CHOCOLATE 110.4/105G,7,shortage_ratio,MM BINH DUONG,MM AN PHU,0.53240333834888,,,0.1,5.641348,PRICED_E1_shortage_ratio_OREO CHOCOLATE 110.4/105G_T7_2,-5033.461086,,,False,False,28.0,False,False,False,True,"('OREO CHOCOLATE 110.4/105G', 7, (('MM BINH DUONG', 'MM AN PHU', 0.532403), ('MM BINH DUONG', 'MM DA NANG', 2.901006), ('MM HIEP PHU', 'MM AN PHU', 2.716775)))"
1,add_patterns_added,OREO VANILLA 110.4/105G,2,shortage_ratio,MM BINH DUONG,MM AN PHU,31.796352283153375,,,0.1,22.200155,PRICED_E1_shortage_ratio_OREO VANILLA 110.4/105G_T2_1,-10.718541,,,False,False,28.0,False,False,False,True,"('OREO VANILLA 110.4/105G', 2, (('MM BINH DUONG', 'MM AN PHU', 31.796352),))"
1,add_patterns_added,OREO VANILLA 110.4/105G,2,shortage_ratio,MM BINH PHU,MM AN PHU,31.796352283153375,,,0.1,22.200155,PRICED_E1_shortage_ratio_OREO VANILLA 110.4/105G_T2_2,-10.718541,,,False,False,28.0,False,False,False,True,"('OREO VANILLA 110.4/105G', 2, (('MM BINH PHU', 'MM AN PHU', 31.796352),))"
1,add_patterns_added,OREO VANILLA 110.4/105G,2,shortage_ratio,MM DA NANG,MM AN PHU,31.796352283153375,,,0.1,22.200155,PRICED_E1_shortage_ratio_OREO VANILLA 110.4/105G_T2_3,-10.718541,,,False,False,28.0,False,False,False,True,"('OREO VANILLA 110.4/105G', 2, (('MM DA NANG', 'MM AN PHU', 31.796352),))"
1,add_patterns_added,OREO VANILLA 110.4/105G,3,shortage_ratio,MM DA NANG,MM AN PHU,77.18774796465003,,,0.1,34.22564,PRICED_E1_shortage_ratio_OREO VANILLA 110.4/105G_T3_1,-28.875099,,,False,False,28.0,False,False,False,True,"('OREO VANILLA 110.4/105G', 3, (('MM DA NANG', 'MM AN PHU', 77.187748),))"
1,add_patterns_added,OREO VANILLA 110.4/105G,3,shortage_ratio,MM HIEP PHU,MM AN PHU,77.18774796465003,,,0.1,34.22564,PRICED_E1_shortage_ratio_OREO VANILLA 110.4/105G_T3_2,-28.875099,,,False,False,28.0,False,False,False,True,"('OREO VANILLA 110.4/105G', 3, (('MM HIEP PHU', 'MM AN PHU', 77.187748),))"
1,add_patterns_added,OREO VANILLA 110.4/105G,3,shortage_ratio,MM BINH PHU,MM AN PHU,17.264731577862868,,,0.1,34.22564,PRICED_E1_shortage_ratio_OREO VANILLA 110.4/105G_T3_4,-26.875099,,,False,False,28.0,False,False,False,True,"('OREO VANILLA 110.4/105G', 3, (('MM BINH PHU', 'MM AN PHU', 17.264732), ('MM DA NANG', 'MM AN PHU', 59.923016)))"
1,add_patterns_added,OREO VANILLA 110.4/105G,3,shortage_ratio,MM DA NANG,MM AN PHU,59.92301638678716,,,0.1,34.22564,PRICED_E1_shortage_ratio_OREO VANILLA 110.4/105G_T3_4,-26.875099,,,False,False,28.0,False,False,False,True,"('OREO VANILLA 110.4/105G', 3, (('MM BINH PHU', 'MM AN PHU', 17.264732), ('MM DA NANG', 'MM AN PHU', 59.923016)))"
1,add_patterns_added,OREO VANILLA 110.4/105G,4,shortage_ratio,MM DA NANG,MM AN PHU,246.42674983238155,,,0.1,66.122187,PRICED_E1_shortage_ratio_OREO VANILLA 110.4/105G_T4_1,-264445.819989,,,False,False,28.0,False,False,False,True,"('OREO VANILLA 110.4/105G', 4, (('MM DA NANG', 'MM AN PHU', 246.42675), ('MM HIEP PHU', 'MM AN PHU', 76.309179)))"
1,add_patterns_added,OREO VANILLA 110.4/105G,4,shortage_ratio,MM HIEP PHU,MM AN PHU,76.30917888300198,,,0.1,66.122187,PRICED_E1_shortage_ratio_OREO VANILLA 110.4/105G_T4_1,-264445.819989,,,False,False,28.0,False,False,False,True,"('OREO VANILLA 110.4/105G', 4, (('MM DA NANG', 'MM AN PHU', 246.42675), ('MM HIEP PHU', 'MM AN PHU', 76.309179)))"
1,add_patterns_added,OREO VANILLA 110.4/105G,4,shortage_ratio,MM BINH PHU,MM AN PHU,25.92893590857497,,,0.1,66.122187,PRICED_E1_shortage_ratio_OREO VANILLA 110.4/105G_T4_4,-264443.819989,,,False,False,28.0,False,False,False,True,"('OREO VANILLA 110.4/105G', 4, (('MM BINH PHU', 'MM AN PHU', 25.928936), ('MM DA NANG', 'MM AN PHU', 246.42675), ('MM HIEP PHU', 'MM AN PHU', 50.380243)))"
1,add_patterns_added,OREO VANILLA 110.4/105G,4,shortage_ratio,MM DA NANG,MM AN PHU,246.42674983238155,,,0.1,66.122187,PRICED_E1_shortage_ratio_OREO VANILLA 110.4/105G_T4_4,-264443.819989,,,False,False,28.0,False,False,False,True,"('OREO VANILLA 110.4/105G', 4, (('MM BINH PHU', 'MM AN PHU', 25.928936), ('MM DA NANG', 'MM AN PHU', 246.42675), ('MM HIEP PHU', 'MM AN PHU', 50.380243)))"
1,add_patterns_added,OREO VANILLA 110.4/105G,4,shortage_ratio,MM HIEP PHU,MM AN PHU,50.380242974427034,,,0.1,66.122187,PRICED_E1_shortage_ratio_OREO VANILLA 110.4/105G_T4_4,-264443.819989,,,False,False,28.0,False,False,False,True,"('OREO VANILLA 110.4/105G', 4, (('MM BINH PHU', 'MM AN PHU', 25.928936), ('MM DA NANG', 'MM AN PHU', 246.42675), ('MM HIEP PHU', 'MM AN PHU', 50.380243)))"
1,add_patterns_added,OREO VANILLA 110.4/105G,4,shortage_ratio,MM HIEP PHU,MM AN PHU,94.26730164677033,,,0.1,66.122187,PRICED_E1_shortage_ratio_OREO VANILLA 110.4/105G_T4_2,-264441.819989,,,False,False,28.0,False,False,False,True,"('OREO VANILLA 110.4/105G', 4, (('MM BINH DUONG', 'MM AN PHU', 46.312941), ('MM BINH PHU', 'MM AN PHU', 25.928936), ('MM DA NANG', 'MM AN PHU', 156.22675), ('MM HIEP PHU', 'MM AN PHU', 94.267302)))"
1,add_patterns_added,OREO VANILLA 110.4/105G,4,shortage_ratio,MM BINH DUONG,MM AN PHU,46.31294132765661,,,0.1,66.122187,PRICED_E1_shortage_ratio_OREO VANILLA 110.4/105G_T4_2,-264441.819989,,,False,False,28.0,False,False,False,True,"('OREO VANILLA 110.4/105G', 4, (('MM BINH DUONG', 'MM AN PHU', 46.312941), ('MM BINH PHU', 'MM AN PHU', 25.928936), ('MM DA NANG', 'MM AN PHU', 156.22675), ('MM HIEP PHU', 'MM AN PHU', 94.267302)))"
1,add_patterns_added,OREO VANILLA 110.4/105G,4,shortage_ratio,MM BINH PHU,MM AN PHU,25.92893590857497,,,0.1,66.122187,PRICED_E1_shortage_ratio_OREO VANILLA 110.4/105G_T4_2,-264441.819989,,,False,False,28.0,False,False,False,True,"('OREO VANILLA 110.4/105G', 4, (('MM BINH DUONG', 'MM AN PHU', 46.312941), ('MM BINH PHU', 'MM AN PHU', 25.928936), ('MM DA NANG', 'MM AN PHU', 156.22675), ('MM HIEP PHU', 'MM AN PHU', 94.267302)))"
1,add_patterns_added,OREO VANILLA 110.4/105G,4,shortage_ratio,MM DA NANG,MM AN PHU,156.2267498323816,,,0.1,66.122187,PRICED_E1_shortage_ratio_OREO VANILLA 110.4/105G_T4_2,-264441.819989,,,False,False,28.0,False,False,False,True,"('OREO VANILLA 110.4/105G', 4, (('MM BINH DUONG', 'MM AN PHU', 46.312941), ('MM BINH PHU', 'MM AN PHU', 25.928936), ('MM DA NANG', 'MM AN PHU', 156.22675), ('MM HIEP PHU', 'MM AN PHU', 94.267302)))"
1,add_patterns_added,OREO VANILLA 110.4/105G,5,shortage_ratio,MM BINH DUONG,MM DA NANG,19.885825393753983,,,0.1,26.507492,PRICED_E1_shortage_ratio_OREO VANILLA 110.4/105G_T5_5,-91513.744812,,,False,False,28.0,False,False,False,True,"('OREO VANILLA 110.4/105G', 5, (('MM BINH DUONG', 'MM DA NANG', 19.885825), ('MM BINH PHU', 'MM AN PHU', 1.315999), ('MM HIEP PHU', 'MM AN PHU', 110.365463)))"
1,add_patterns_added,OREO VANILLA 110.4/105G,5,shortage_ratio,MM HIEP PHU,MM AN PHU,110.36546342691862,,,0.1,26.507492,PRICED_E1_shortage_ratio_OREO VANILLA 110.4/105G_T5_5,-91513.744812,,,False,False,28.0,False,False,False,True,"('OREO VANILLA 110.4/105G', 5, (('MM BINH DUONG', 'MM DA NANG', 19.885825), ('MM BINH PHU', 'MM AN PHU', 1.315999), ('MM HIEP PHU', 'MM AN PHU', 110.365463)))"
1,add_patterns_added,OREO VANILLA 110.4/105G,5,shortage_ratio,MM BINH PHU,MM AN PHU,1.3159992067627257,,,0.1,26.507492,PRICED_E1_shortage_ratio_OREO VANILLA 110.4/105G_T5_5,-91513.744812,,,False,False,28.0,False,False,False,True,"('OREO VANILLA 110.4/105G', 5, (('MM BINH DUONG', 'MM DA NANG', 19.885825), ('MM BINH PHU', 'MM AN PHU', 1.315999), ('MM HIEP PHU', 'MM AN PHU', 110.365463)))"
1,add_patterns_added,OREO VANILLA 110.4/105G,5,shortage_ratio,MM HIEP PHU,MM AN PHU,110.36546342691862,,,0.1,26.507492,PRICED_E1_shortage_ratio_OREO VANILLA 110.4/105G_T5_1,-91513.218413,,,False,False,28.0,False,False,False,True,"('OREO VANILLA 110.4/105G', 5, (('MM BINH DUONG', 'MM AN PHU', 1.315999), ('MM BINH DUONG', 'MM DA NANG', 18.569826), ('MM HIEP PHU', 'MM AN PHU', 110.365463)))"
1,add_patterns_added,OREO VANILLA 110.4/105G,5,shortage_ratio,MM BINH DUONG,MM AN PHU,1.3159992067627257,,,0.1,26.507492,PRICED_E1_shortage_ratio_OREO VANILLA 110.4/105G_T5_1,-91513.218413,,,False,False,28.0,False,False,False,True,"('OREO VANILLA 110.4/105G', 5, (('MM BINH DUONG', 'MM AN PHU', 1.315999), ('MM BINH DUONG', 'MM DA NANG', 18.569826), ('MM HIEP PHU', 'MM AN PHU', 110.365463)))"
1,add_patterns_added,OREO VANILLA 110.4/105G,5,shortage_ratio,MM BINH DUONG,MM DA NANG,18.569826186991257,,,0.1,26.507492,PRICED_E1_shortage_ratio_OREO VANILLA 110.4/105G_T5_1,-91513.218413,,,False,False,28.0,False,False,False,True,"('OREO VANILLA 110.4/105G', 5, (('MM BINH DUONG', 'MM AN PHU', 1.315999), ('MM BINH DUONG', 'MM DA NANG', 18.569826), ('MM HIEP PHU', 'MM AN PHU', 110.365463)))"
1,add_patterns_added,OREO VANILLA 110.4/105G,5,shortage_ratio,MM BINH DUONG,MM AN PHU,19.885825393753983,,,0.1,26.507492,PRICED_E1_shortage_ratio_OREO VANILLA 110.4/105G_T5_2,-88985.569742,,,False,False,28.0,False,False,False,True,"('OREO VANILLA 110.4/105G', 5, (('MM BINH DUONG', 'MM AN PHU', 19.885825), ('MM BINH PHU', 'MM AN PHU', 8.558325), ('MM HIEP PHU', 'MM AN PHU', 80.149313), ('MM HIEP PHU', 'MM DA NANG', 30.216151)))"
1,add_patterns_added,OREO VANILLA 110.4/105G,5,shortage_ratio,MM BINH PHU,MM AN PHU,8.558324622656038,,,0.1,26.507492,PRICED_E1_shortage_ratio_OREO VANILLA 110.4/105G_T5_2,-88985.569742,,,False,False,28.0,False,False,False,True,"('OREO VANILLA 110.4/105G', 5, (('MM BINH DUONG', 'MM AN PHU', 19.885825), ('MM BINH PHU', 'MM AN PHU', 8.558325), ('MM HIEP PHU', 'MM AN PHU', 80.149313), ('MM HIEP PHU', 'MM DA NANG', 30.216151)))"
1,add_patterns_added,OREO VANILLA 110.4/105G,5,shortage_ratio,MM HIEP PHU,MM DA NANG,30.21615080964731,,,0.1,26.507492,PRICED_E1_shortage_ratio_OREO VANILLA 110.4/105G_T5_2,-88985.569742,,,False,False,28.0,False,False,False,True,"('OREO VANILLA 110.4/105G', 5, (('MM BINH DUONG', 'MM AN PHU', 19.885825), ('MM BINH PHU', 'MM AN PHU', 8.558325), ('MM HIEP PHU', 'MM AN PHU', 80.149313), ('MM HIEP PHU', 'MM DA NANG', 30.216151)))"
1,add_patterns_added,OREO VANILLA 110.4/105G,5,shortage_ratio,MM HIEP PHU,MM AN PHU,80.1493126172713,,,0.1,26.507492,PRICED_E1_shortage_ratio_OREO VANILLA 110.4/105G_T5_2,-88985.569742,,,False,False,28.0,False,False,False,True,"('OREO VANILLA 110.4/105G', 5, (('MM BINH DUONG', 'MM AN PHU', 19.885825), ('MM BINH PHU', 'MM AN PHU', 8.558325), ('MM HIEP PHU', 'MM AN PHU', 80.149313), ('MM HIEP PHU', 'MM DA NANG', 30.216151)))"
1,add_patterns_added,OREO VANILLA 110.4/105G,7,shortage_ratio,MM DA NANG,MM AN PHU,12.69491484062064,,,0.1,10.011321,PRICED_E1_shortage_ratio_OREO VANILLA 110.4/105G_T7_1,-10400.21322,,,False,False,28.0,False,False,False,True,"('OREO VANILLA 110.4/105G', 7, (('MM DA NANG', 'MM AN PHU', 12.694915),))"
1,add_patterns_added,OREO VANILLA 110.4/105G,7,shortage_ratio,MM HIEP PHU,MM AN PHU,12.69491484062064,,,0.1,10.011321,PRICED_E1_shortage_ratio_OREO VANILLA 110.4/105G_T7_2,-10400.21322,,,False,False,28.0,False,False,False,True,"('OREO VANILLA 110.4/105G', 7, (('MM HIEP PHU', 'MM AN PHU', 12.694915),))"
2,after_stackelberg,OREO CHOCOLATE 110.4/105G,2,shortage_ratio,MM AN PHU,MM DA NANG,4.236604302417831,0.30535827903286794,False,0.0,4.942950339397366,,,,,,,,False,False,False,False,
2,after_stackelberg,OREO CHOCOLATE 110.4/105G,2,surplus_ratio,MM AN PHU,MM DA NANG,4.236604302417831,0.30535827903286794,False,0.0,4.942950339397366,,,,,,,,False,False,False,False,
2,after_stackelberg,OREO CHOCOLATE 110.4/105G,2,time_urgency,MM AN PHU,MM DA NANG,4.236604302417831,0.30535827903286794,False,0.0,4.942950339397366,,,,,,,,False,False,False,False,
2,after_stackelberg,OREO CHOCOLATE 110.4/105G,2,negative_reduced_cost,MM AN PHU,MM DA NANG,4.236604302417831,0.30535827903286794,False,0.0,4.942950339397366,,,,,,,,False,False,False,False,
2,after_stackelberg,OREO CHOCOLATE 110.4/105G,5,shortage_ratio,MM BINH DUONG,MM AN PHU,1.1621084778338933,-950.2316867370921,False,0.0,4.434753603001863,,,,,,,,False,False,False,False,
2,after_stackelberg,OREO CHOCOLATE 110.4/105G,5,shortage_ratio,MM BINH PHU,MM AN PHU,2.568351968715284,-2102.5076031653034,False,0.0,5.460769767610987,,,,,,,,False,False,False,False,
2,after_stackelberg,OREO CHOCOLATE 110.4/105G,5,shortage_ratio,MM BINH DUONG,MM BINH PHU,1.1621084778338933,1.5351566088664428,False,0.0,4.434753603001863,,,,,,,,False,False,False,False,
2,stackelberg_pricing_fallback,OREO CHOCOLATE 110.4/105G,5,shortage_ratio,MM BINH PHU,MM AN PHU,2.568351968715284,-2102.5076031653034,False,0.1,5.460769767610987,,,,,,,,False,False,False,False,
2,stackelberg_pricing_fallback,OREO CHOCOLATE 110.4/105G,5,shortage_ratio,MM BINH DUONG,MM AN PHU,1.1621084778338933,-950.2316867370921,False,0.1,4.434753603001863,,,,,,,,False,False,False,False,
2,after_stackelberg,OREO CHOCOLATE 110.4/105G,5,surplus_ratio,MM BINH PHU,MM AN PHU,2.568351968715284,-2102.5076031653034,False,0.0,5.460769767610987,,,,,,,,False,False,False,False,
2,after_stackelberg,OREO CHOCOLATE 110.4/105G,5,surplus_ratio,MM BINH DUONG,MM AN PHU,1.1621084778338933,-950.2316867370921,False,0.0,4.434753603001863,,,,,,,,False,False,False,False,
2,after_stackelberg,OREO CHOCOLATE 110.4/105G,5,surplus_ratio,MM BINH DUONG,MM BINH PHU,1.1621084778338933,1.5351566088664428,False,0.0,4.434753603001863,,,,,,,,False,False,False,False,
2,stackelberg_pricing_fallback,OREO CHOCOLATE 110.4/105G,5,surplus_ratio,MM BINH PHU,MM AN PHU,2.568351968715284,-2102.5076031653034,False,0.1,5.460769767610987,,,,,,,,False,False,False,False,
2,stackelberg_pricing_fallback,OREO CHOCOLATE 110.4/105G,5,surplus_ratio,MM BINH DUONG,MM AN PHU,1.1621084778338933,-950.2316867370921,False,0.1,4.434753603001863,,,,,,,,False,False,False,False,
2,after_stackelberg,OREO CHOCOLATE 110.4/105G,5,time_urgency,MM BINH DUONG,MM AN PHU,1.1621084778338933,-950.2316867370921,False,0.0,4.434753603001863,,,,,,,,False,False,False,False,
2,after_stackelberg,OREO CHOCOLATE 110.4/105G,5,time_urgency,MM BINH PHU,MM AN PHU,2.568351968715284,-2102.5076031653034,False,0.0,5.460769767610987,,,,,,,,False,False,False,False,
2,after_stackelberg,OREO CHOCOLATE 110.4/105G,5,time_urgency,MM BINH DUONG,MM BINH PHU,1.1621084778338933,1.5351566088664428,False,0.0,4.434753603001863,,,,,,,,False,False,False,False,
2,stackelberg_pricing_fallback,OREO CHOCOLATE 110.4/105G,5,time_urgency,MM BINH PHU,MM AN PHU,2.568351968715284,-2102.5076031653034,False,0.1,5.460769767610987,,,,,,,,False,False,False,False,
2,stackelberg_pricing_fallback,OREO CHOCOLATE 110.4/105G,5,time_urgency,MM BINH DUONG,MM AN PHU,1.1621084778338933,-950.2316867370921,False,0.1,4.434753603001863,,,,,,,,False,False,False,False,
2,after_stackelberg,OREO CHOCOLATE 110.4/105G,5,negative_reduced_cost,MM BINH PHU,MM AN PHU,2.568351968715284,-2102.5076031653034,False,0.0,5.460769767610987,,,,,,,,False,False,False,False,
2,after_stackelberg,OREO CHOCOLATE 110.4/105G,5,negative_reduced_cost,MM BINH DUONG,MM AN PHU,1.1621084778338933,-950.2316867370921,False,0.0,4.434753603001863,,,,,,,,False,False,False,False,
2,after_stackelberg,OREO CHOCOLATE 110.4/105G,5,negative_reduced_cost,MM BINH DUONG,MM BINH PHU,1.1621084778338933,1.5351566088664428,False,0.0,4.434753603001863,,,,,,,,False,False,False,False,
2,stackelberg_pricing_fallback,OREO CHOCOLATE 110.4/105G,5,negative_reduced_cost,MM BINH PHU,MM AN PHU,2.568351968715284,-2102.5076031653034,False,0.1,5.460769767610987,,,,,,,,False,False,False,False,
2,stackelberg_pricing_fallback,OREO CHOCOLATE 110.4/105G,5,negative_reduced_cost,MM BINH DUONG,MM AN PHU,1.1621084778338933,-950.2316867370921,False,0.1,4.434753603001863,,,,,,,,False,False,False,False,
2,after_stackelberg,OREO CHOCOLATE 110.4/105G,6,shortage_ratio,MM DA NANG,MM AN PHU,3.0,105.9418052285403,False,0.0,5.75,,,,,,,,False,False,False,False,
2,after_stackelberg,OREO CHOCOLATE 110.4/105G,6,shortage_ratio,MM DA NANG,MM BINH PHU,3.0,2562.9418052285405,False,0.0,5.75,,,,,,,,False,False,False,False,
2,after_stackelberg,OREO CHOCOLATE 110.4/105G,6,surplus_ratio,MM DA NANG,MM AN PHU,3.0,105.9418052285403,False,0.0,5.75,,,,,,,,False,False,False,False,
2,after_stackelberg,OREO CHOCOLATE 110.4/105G,6,surplus_ratio,MM DA NANG,MM BINH PHU,3.0,2562.9418052285405,False,0.0,5.75,,,,,,,,False,False,False,False,
2,after_stackelberg,OREO CHOCOLATE 110.4/105G,6,time_urgency,MM DA NANG,MM AN PHU,3.0,105.9418052285403,False,0.0,5.75,,,,,,,,False,False,False,False,
2,after_stackelberg,OREO CHOCOLATE 110.4/105G,6,time_urgency,MM DA NANG,MM BINH PHU,3.0,2562.9418052285405,False,0.0,5.75,,,,,,,,False,False,False,False,
2,after_stackelberg,OREO CHOCOLATE 110.4/105G,6,negative_reduced_cost,MM DA NANG,MM AN PHU,3.0,105.9418052285403,False,0.0,5.75,,,,,,,,False,False,False,False,
2,after_stackelberg,OREO CHOCOLATE 110.4/105G,6,negative_reduced_cost,MM DA NANG,MM BINH PHU,3.0,2562.9418052285405,False,0.0,5.75,,,,,,,,False,False,False,False,
2,after_stackelberg,OREO VANILLA 110.4/105G,5,shortage_ratio,MM BINH PHU,MM DA NANG,7.242325415893312,-0.8969301663573246,False,0.0,8.424070265439662,,,,,,,,False,False,False,False,
2,stackelberg_pricing_fallback,OREO VANILLA 110.4/105G,5,shortage_ratio,MM BINH PHU,MM DA NANG,7.242325415893312,-0.8969301663573246,False,0.1,8.424070265439662,,,,,,,,False,False,False,False,
2,after_stackelberg,OREO VANILLA 110.4/105G,5,surplus_ratio,MM BINH PHU,MM DA NANG,7.242325415893312,-0.8969301663573246,False,0.0,8.424070265439662,,,,,,,,False,False,False,False,
2,stackelberg_pricing_fallback,OREO VANILLA 110.4/105G,5,surplus_ratio,MM BINH PHU,MM DA NANG,7.242325415893312,-0.8969301663573246,False,0.1,8.424070265439662,,,,,,,,False,False,False,False,
2,after_stackelberg,OREO VANILLA 110.4/105G,5,time_urgency,MM BINH PHU,MM DA NANG,7.242325415893312,-0.8969301663573246,False,0.0,8.424070265439662,,,,,,,,False,False,False,False,
2,stackelberg_pricing_fallback,OREO VANILLA 110.4/105G,5,time_urgency,MM BINH PHU,MM DA NANG,7.242325415893312,-0.8969301663573246,False,0.1,8.424070265439662,,,,,,,,False,False,False,False,
2,after_stackelberg,OREO VANILLA 110.4/105G,5,negative_reduced_cost,MM BINH PHU,MM DA NANG,7.242325415893312,-0.8969301663573246,False,0.0,8.424070265439662,,,,,,,,False,False,False,False,
2,stackelberg_pricing_fallback,OREO VANILLA 110.4/105G,5,negative_reduced_cost,MM BINH PHU,MM DA NANG,7.242325415893312,-0.8969301663573246,False,0.1,8.424070265439662,,,,,,,,False,False,False,False,
2,pricing_dedup_rejected_before_gnn,OREO CHOCOLATE 110.4/105G,5,shortage_ratio,MM BINH DUONG,MM AN PHU,1.1621084778338933,,,0.1,4.947762,PRICED_E2_shortage_ratio_OREO CHOCOLATE 110.4/105G_T5_2,-3052.73929,,,,,,False,True,False,False,"('OREO CHOCOLATE 110.4/105G', 5, (('MM BINH DUONG', 'MM AN PHU', 1.162108), ('MM BINH PHU', 'MM AN PHU', 2.568352)))"
2,pricing_dedup_rejected_before_gnn,OREO CHOCOLATE 110.4/105G,5,shortage_ratio,MM BINH PHU,MM AN PHU,2.568351968715284,,,0.1,4.947762,PRICED_E2_shortage_ratio_OREO CHOCOLATE 110.4/105G_T5_2,-3052.73929,,,,,,False,True,False,False,"('OREO CHOCOLATE 110.4/105G', 5, (('MM BINH DUONG', 'MM AN PHU', 1.162108), ('MM BINH PHU', 'MM AN PHU', 2.568352)))"
2,pricing_dedup_rejected_before_gnn,OREO CHOCOLATE 110.4/105G,5,surplus_ratio,MM BINH PHU,MM AN PHU,2.568351968715284,,,0.1,4.947762,PRICED_E2_surplus_ratio_OREO CHOCOLATE 110.4/105G_T5_1,-3052.73929,,,,,,False,True,False,False,"('OREO CHOCOLATE 110.4/105G', 5, (('MM BINH DUONG', 'MM AN PHU', 1.162108), ('MM BINH PHU', 'MM AN PHU', 2.568352)))"
2,pricing_dedup_rejected_before_gnn,OREO CHOCOLATE 110.4/105G,5,surplus_ratio,MM BINH DUONG,MM AN PHU,1.1621084778338933,,,0.1,4.947762,PRICED_E2_surplus_ratio_OREO CHOCOLATE 110.4/105G_T5_1,-3052.73929,,,,,,False,True,False,False,"('OREO CHOCOLATE 110.4/105G', 5, (('MM BINH DUONG', 'MM AN PHU', 1.162108), ('MM BINH PHU', 'MM AN PHU', 2.568352)))"
2,pricing_dedup_rejected_before_gnn,OREO CHOCOLATE 110.4/105G,5,surplus_ratio,MM BINH DUONG,MM AN PHU,1.1621084778338933,,,0.1,4.947762,PRICED_E2_surplus_ratio_OREO CHOCOLATE 110.4/105G_T5_2,-3052.73929,,,,,,False,True,False,False,"('OREO CHOCOLATE 110.4/105G', 5, (('MM BINH DUONG', 'MM AN PHU', 1.162108), ('MM BINH PHU', 'MM AN PHU', 2.568352)))"
2,pricing_dedup_rejected_before_gnn,OREO CHOCOLATE 110.4/105G,5,surplus_ratio,MM BINH PHU,MM AN PHU,2.568351968715284,,,0.1,4.947762,PRICED_E2_surplus_ratio_OREO CHOCOLATE 110.4/105G_T5_2,-3052.73929,,,,,,False,True,False,False,"('OREO CHOCOLATE 110.4/105G', 5, (('MM BINH DUONG', 'MM AN PHU', 1.162108), ('MM BINH PHU', 'MM AN PHU', 2.568352)))"
2,pricing_dedup_rejected_before_gnn,OREO CHOCOLATE 110.4/105G,5,time_urgency,MM BINH PHU,MM AN PHU,2.568351968715284,,,0.1,4.947762,PRICED_E2_time_urgency_OREO CHOCOLATE 110.4/105G_T5_1,-3052.73929,,,,,,False,True,False,False,"('OREO CHOCOLATE 110.4/105G', 5, (('MM BINH DUONG', 'MM AN PHU', 1.162108), ('MM BINH PHU', 'MM AN PHU', 2.568352)))"
2,pricing_dedup_rejected_before_gnn,OREO CHOCOLATE 110.4/105G,5,time_urgency,MM BINH DUONG,MM AN PHU,1.1621084778338933,,,0.1,4.947762,PRICED_E2_time_urgency_OREO CHOCOLATE 110.4/105G_T5_1,-3052.73929,,,,,,False,True,False,False,"('OREO CHOCOLATE 110.4/105G', 5, (('MM BINH DUONG', 'MM AN PHU', 1.162108), ('MM BINH PHU', 'MM AN PHU', 2.568352)))"
2,pricing_dedup_rejected_before_gnn,OREO CHOCOLATE 110.4/105G,5,time_urgency,MM BINH DUONG,MM AN PHU,1.1621084778338933,,,0.1,4.947762,PRICED_E2_time_urgency_OREO CHOCOLATE 110.4/105G_T5_2,-3052.73929,,,,,,False,True,False,False,"('OREO CHOCOLATE 110.4/105G', 5, (('MM BINH DUONG', 'MM AN PHU', 1.162108), ('MM BINH PHU', 'MM AN PHU', 2.568352)))"
2,pricing_dedup_rejected_before_gnn,OREO CHOCOLATE 110.4/105G,5,time_urgency,MM BINH PHU,MM AN PHU,2.568351968715284,,,0.1,4.947762,PRICED_E2_time_urgency_OREO CHOCOLATE 110.4/105G_T5_2,-3052.73929,,,,,,False,True,False,False,"('OREO CHOCOLATE 110.4/105G', 5, (('MM BINH DUONG', 'MM AN PHU', 1.162108), ('MM BINH PHU', 'MM AN PHU', 2.568352)))"
2,pricing_dedup_rejected_before_gnn,OREO CHOCOLATE 110.4/105G,5,negative_reduced_cost,MM BINH PHU,MM AN PHU,2.568351968715284,,,0.1,4.947762,PRICED_E2_negative_reduced_cost_OREO CHOCOLATE 110.4/105G_T5_1,-3052.73929,,,,,,False,True,False,False,"('OREO CHOCOLATE 110.4/105G', 5, (('MM BINH DUONG', 'MM AN PHU', 1.162108), ('MM BINH PHU', 'MM AN PHU', 2.568352)))"
2,pricing_dedup_rejected_before_gnn,OREO CHOCOLATE 110.4/105G,5,negative_reduced_cost,MM BINH DUONG,MM AN PHU,1.1621084778338933,,,0.1,4.947762,PRICED_E2_negative_reduced_cost_OREO CHOCOLATE 110.4/105G_T5_1,-3052.73929,,,,,,False,True,False,False,"('OREO CHOCOLATE 110.4/105G', 5, (('MM BINH DUONG', 'MM AN PHU', 1.162108), ('MM BINH PHU', 'MM AN PHU', 2.568352)))"
2,pricing_dedup_rejected_before_gnn,OREO CHOCOLATE 110.4/105G,5,negative_reduced_cost,MM BINH DUONG,MM AN PHU,1.1621084778338933,,,0.1,4.947762,PRICED_E2_negative_reduced_cost_OREO CHOCOLATE 110.4/105G_T5_2,-3052.73929,,,,,,False,True,False,False,"('OREO CHOCOLATE 110.4/105G', 5, (('MM BINH DUONG', 'MM AN PHU', 1.162108), ('MM BINH PHU', 'MM AN PHU', 2.568352)))"
2,pricing_dedup_rejected_before_gnn,OREO CHOCOLATE 110.4/105G,5,negative_reduced_cost,MM BINH PHU,MM AN PHU,2.568351968715284,,,0.1,4.947762,PRICED_E2_negative_reduced_cost_OREO CHOCOLATE 110.4/105G_T5_2,-3052.73929,,,,,,False,True,False,False,"('OREO CHOCOLATE 110.4/105G', 5, (('MM BINH DUONG', 'MM AN PHU', 1.162108), ('MM BINH PHU', 'MM AN PHU', 2.568352)))"
2,pricing_dedup_rejected_before_gnn,OREO VANILLA 110.4/105G,5,surplus_ratio,MM BINH PHU,MM DA NANG,7.242325415893312,,,0.1,8.42407,PRICED_E2_surplus_ratio_OREO VANILLA 110.4/105G_T5_1,-0.89693,,,,,,False,True,False,False,"('OREO VANILLA 110.4/105G', 5, (('MM BINH PHU', 'MM DA NANG', 7.242325),))"
2,pricing_dedup_rejected_before_gnn,OREO VANILLA 110.4/105G,5,time_urgency,MM BINH PHU,MM DA NANG,7.242325415893312,,,0.1,8.42407,PRICED_E2_time_urgency_OREO VANILLA 110.4/105G_T5_1,-0.89693,,,,,,False,True,False,False,"('OREO VANILLA 110.4/105G', 5, (('MM BINH PHU', 'MM DA NANG', 7.242325),))"
2,pricing_dedup_rejected_before_gnn,OREO VANILLA 110.4/105G,5,negative_reduced_cost,MM BINH PHU,MM DA NANG,7.242325415893312,,,0.1,8.42407,PRICED_E2_negative_reduced_cost_OREO VANILLA 110.4/105G_T5_1,-0.89693,,,,,,False,True,False,False,"('OREO VANILLA 110.4/105G', 5, (('MM BINH PHU', 'MM DA NANG', 7.242325),))"
2,teacher_full_batch_recorded_before_rmp,OREO CHOCOLATE 110.4/105G,5,shortage_ratio,MM BINH PHU,MM AN PHU,2.568351968715284,,,0.1,4.947762,PRICED_E2_shortage_ratio_OREO CHOCOLATE 110.4/105G_T5_1,-3052.73929,,,False,False,2.0,False,False,False,False,"(('MM BINH DUONG', 'MM AN PHU', 1.162108), ('MM BINH PHU', 'MM AN PHU', 2.568352))"
2,teacher_full_batch_recorded_before_rmp,OREO CHOCOLATE 110.4/105G,5,shortage_ratio,MM BINH DUONG,MM AN PHU,1.1621084778338933,,,0.1,4.947762,PRICED_E2_shortage_ratio_OREO CHOCOLATE 110.4/105G_T5_1,-3052.73929,,,False,False,2.0,False,False,False,False,"(('MM BINH DUONG', 'MM AN PHU', 1.162108), ('MM BINH PHU', 'MM AN PHU', 2.568352))"
2,teacher_full_batch_recorded_before_rmp,OREO VANILLA 110.4/105G,5,shortage_ratio,MM BINH PHU,MM DA NANG,7.242325415893312,,,0.1,8.42407,PRICED_E2_shortage_ratio_OREO VANILLA 110.4/105G_T5_1,-0.89693,,,False,False,2.0,False,False,False,False,"(('MM BINH PHU', 'MM DA NANG', 7.242325),)"
2,add_patterns_added,OREO CHOCOLATE 110.4/105G,5,shortage_ratio,MM BINH PHU,MM AN PHU,2.568351968715284,,,0.1,4.947762,PRICED_E2_shortage_ratio_OREO CHOCOLATE 110.4/105G_T5_1,-3052.73929,,,False,False,2.0,False,False,False,True,"('OREO CHOCOLATE 110.4/105G', 5, (('MM BINH DUONG', 'MM AN PHU', 1.162108), ('MM BINH PHU', 'MM AN PHU', 2.568352)))"
2,add_patterns_added,OREO CHOCOLATE 110.4/105G,5,shortage_ratio,MM BINH DUONG,MM AN PHU,1.1621084778338933,,,0.1,4.947762,PRICED_E2_shortage_ratio_OREO CHOCOLATE 110.4/105G_T5_1,-3052.73929,,,False,False,2.0,False,False,False,True,"('OREO CHOCOLATE 110.4/105G', 5, (('MM BINH DUONG', 'MM AN PHU', 1.162108), ('MM BINH PHU', 'MM AN PHU', 2.568352)))"
2,add_patterns_added,OREO VANILLA 110.4/105G,5,shortage_ratio,MM BINH PHU,MM DA NANG,7.242325415893312,,,0.1,8.42407,PRICED_E2_shortage_ratio_OREO VANILLA 110.4/105G_T5_1,-0.89693,,,False,False,2.0,False,False,False,True,"('OREO VANILLA 110.4/105G', 5, (('MM BINH PHU', 'MM DA NANG', 7.242325),))"
3,after_stackelberg,OREO CHOCOLATE 110.4/105G,2,shortage_ratio,MM AN PHU,MM DA NANG,4.236604302417831,0.30535827903286794,False,0.0,4.942950339397366,,,,,,,,False,False,False,False,
3,after_stackelberg,OREO CHOCOLATE 110.4/105G,2,surplus_ratio,MM AN PHU,MM DA NANG,4.236604302417831,0.30535827903286794,False,0.0,4.942950339397366,,,,,,,,False,False,False,False,
3,after_stackelberg,OREO CHOCOLATE 110.4/105G,2,time_urgency,MM AN PHU,MM DA NANG,4.236604302417831,0.30535827903286794,False,0.0,4.942950339397366,,,,,,,,False,False,False,False,
3,after_stackelberg,OREO CHOCOLATE 110.4/105G,2,negative_reduced_cost,MM AN PHU,MM DA NANG,4.236604302417831,0.30535827903286794,False,0.0,4.942950339397366,,,,,,,,False,False,False,False,
3,after_stackelberg,OREO CHOCOLATE 110.4/105G,5,shortage_ratio,MM BINH PHU,MM AN PHU,0.7292832067723616,-139.86908950194632,False,0.0,4.059295644822332,,,,,,,,False,False,False,False,
3,stackelberg_pricing_fallback,OREO CHOCOLATE 110.4/105G,5,shortage_ratio,MM BINH PHU,MM AN PHU,0.7292832067723616,-139.86908950194632,False,0.1,4.059295644822332,,,,,,,,False,False,False,False,
3,after_stackelberg,OREO CHOCOLATE 110.4/105G,5,surplus_ratio,MM BINH PHU,MM AN PHU,0.7292832067723616,-139.86908950194632,False,0.0,4.059295644822332,,,,,,,,False,False,False,False,
3,stackelberg_pricing_fallback,OREO CHOCOLATE 110.4/105G,5,surplus_ratio,MM BINH PHU,MM AN PHU,0.7292832067723616,-139.86908950194632,False,0.1,4.059295644822332,,,,,,,,False,False,False,False,
3,after_stackelberg,OREO CHOCOLATE 110.4/105G,5,time_urgency,MM BINH PHU,MM AN PHU,0.7292832067723616,-139.86908950194632,False,0.0,4.059295644822332,,,,,,,,False,False,False,False,
3,stackelberg_pricing_fallback,OREO CHOCOLATE 110.4/105G,5,time_urgency,MM BINH PHU,MM AN PHU,0.7292832067723616,-139.86908950194632,False,0.1,4.059295644822332,,,,,,,,False,False,False,False,
3,after_stackelberg,OREO CHOCOLATE 110.4/105G,5,negative_reduced_cost,MM BINH PHU,MM AN PHU,0.7292832067723616,-139.86908950194632,False,0.0,4.059295644822332,,,,,,,,False,False,False,False,
3,stackelberg_pricing_fallback,OREO CHOCOLATE 110.4/105G,5,negative_reduced_cost,MM BINH PHU,MM AN PHU,0.7292832067723616,-139.86908950194632,False,0.1,4.059295644822332,,,,,,,,False,False,False,False,
3,after_stackelberg,OREO CHOCOLATE 110.4/105G,6,shortage_ratio,MM DA NANG,MM AN PHU,3.0,105.9418052285403,False,0.0,5.75,,,,,,,,False,False,False,False,
3,after_stackelberg,OREO CHOCOLATE 110.4/105G,6,shortage_ratio,MM DA NANG,MM BINH PHU,3.0,2562.9418052285405,False,0.0,5.75,,,,,,,,False,False,False,False,
3,after_stackelberg,OREO CHOCOLATE 110.4/105G,6,surplus_ratio,MM DA NANG,MM AN PHU,3.0,105.9418052285403,False,0.0,5.75,,,,,,,,False,False,False,False,
3,after_stackelberg,OREO CHOCOLATE 110.4/105G,6,surplus_ratio,MM DA NANG,MM BINH PHU,3.0,2562.9418052285405,False,0.0,5.75,,,,,,,,False,False,False,False,
3,after_stackelberg,OREO CHOCOLATE 110.4/105G,6,time_urgency,MM DA NANG,MM AN PHU,3.0,105.9418052285403,False,0.0,5.75,,,,,,,,False,False,False,False,
3,after_stackelberg,OREO CHOCOLATE 110.4/105G,6,time_urgency,MM DA NANG,MM BINH PHU,3.0,2562.9418052285405,False,0.0,5.75,,,,,,,,False,False,False,False,
3,after_stackelberg,OREO CHOCOLATE 110.4/105G,6,negative_reduced_cost,MM DA NANG,MM AN PHU,3.0,105.9418052285403,False,0.0,5.75,,,,,,,,False,False,False,False,
3,after_stackelberg,OREO CHOCOLATE 110.4/105G,6,negative_reduced_cost,MM DA NANG,MM BINH PHU,3.0,2562.9418052285405,False,0.0,5.75,,,,,,,,False,False,False,False,
3,pricing_dedup_rejected_before_gnn,OREO CHOCOLATE 110.4/105G,5,surplus_ratio,MM BINH PHU,MM AN PHU,0.7292832067723616,,,0.1,4.059296,PRICED_E3_surplus_ratio_OREO CHOCOLATE 110.4/105G_T5_1,-139.86909,,,,,,False,True,False,False,"('OREO CHOCOLATE 110.4/105G', 5, (('MM BINH PHU', 'MM AN PHU', 0.729283),))"
3,pricing_dedup_rejected_before_gnn,OREO CHOCOLATE 110.4/105G,5,time_urgency,MM BINH PHU,MM AN PHU,0.7292832067723616,,,0.1,4.059296,PRICED_E3_time_urgency_OREO CHOCOLATE 110.4/105G_T5_1,-139.86909,,,,,,False,True,False,False,"('OREO CHOCOLATE 110.4/105G', 5, (('MM BINH PHU', 'MM AN PHU', 0.729283),))"
3,pricing_dedup_rejected_before_gnn,OREO CHOCOLATE 110.4/105G,5,negative_reduced_cost,MM BINH PHU,MM AN PHU,0.7292832067723616,,,0.1,4.059296,PRICED_E3_negative_reduced_cost_OREO CHOCOLATE 110.4/105G_T5_1,-139.86909,,,,,,False,True,False,False,"('OREO CHOCOLATE 110.4/105G', 5, (('MM BINH PHU', 'MM AN PHU', 0.729283),))"
3,teacher_full_batch_recorded_before_rmp,OREO CHOCOLATE 110.4/105G,5,shortage_ratio,MM BINH PHU,MM AN PHU,0.7292832067723616,,,0.1,4.059296,PRICED_E3_shortage_ratio_OREO CHOCOLATE 110.4/105G_T5_1,-139.86909,,,False,False,1.0,False,False,False,False,"(('MM BINH PHU', 'MM AN PHU', 0.729283),)"
3,add_patterns_added,OREO CHOCOLATE 110.4/105G,5,shortage_ratio,MM BINH PHU,MM AN PHU,0.7292832067723616,,,0.1,4.059296,PRICED_E3_shortage_ratio_OREO CHOCOLATE 110.4/105G_T5_1,-139.86909,,,False,False,1.0,False,False,False,True,"('OREO CHOCOLATE 110.4/105G', 5, (('MM BINH PHU', 'MM AN PHU', 0.729283),))"
4,after_stackelberg,OREO CHOCOLATE 110.4/105G,2,shortage_ratio,MM AN PHU,MM DA NANG,4.236604302417831,0.30535827903286794,False,0.0,4.942950339397366,,,,,,,,False,False,False,False,
4,after_stackelberg,OREO CHOCOLATE 110.4/105G,2,surplus_ratio,MM AN PHU,MM DA NANG,4.236604302417831,0.30535827903286794,False,0.0,4.942950339397366,,,,,,,,False,False,False,False,
4,after_stackelberg,OREO CHOCOLATE 110.4/105G,2,time_urgency,MM AN PHU,MM DA NANG,4.236604302417831,0.30535827903286794,False,0.0,4.942950339397366,,,,,,,,False,False,False,False,
4,after_stackelberg,OREO CHOCOLATE 110.4/105G,2,negative_reduced_cost,MM AN PHU,MM DA NANG,4.236604302417831,0.30535827903286794,False,0.0,4.942950339397366,,,,,,,,False,False,False,False,
4,after_stackelberg,OREO CHOCOLATE 110.4/105G,5,shortage_ratio,MM BINH PHU,MM AN PHU,0.5571219664915255,-106.37817927755684,False,0.0,3.8920627291277357,,,,,,,,False,False,False,False,
4,stackelberg_pricing_fallback,OREO CHOCOLATE 110.4/105G,5,shortage_ratio,MM BINH PHU,MM AN PHU,0.5571219664915255,-106.37817927755684,False,0.1,3.8920627291277357,,,,,,,,False,False,False,False,
4,after_stackelberg,OREO CHOCOLATE 110.4/105G,5,surplus_ratio,MM BINH PHU,MM AN PHU,0.5571219664915255,-106.37817927755684,False,0.0,3.8920627291277357,,,,,,,,False,False,False,False,
4,stackelberg_pricing_fallback,OREO CHOCOLATE 110.4/105G,5,surplus_ratio,MM BINH PHU,MM AN PHU,0.5571219664915255,-106.37817927755684,False,0.1,3.8920627291277357,,,,,,,,False,False,False,False,
4,after_stackelberg,OREO CHOCOLATE 110.4/105G,5,time_urgency,MM BINH PHU,MM AN PHU,0.5571219664915255,-106.37817927755684,False,0.0,3.8920627291277357,,,,,,,,False,False,False,False,
4,stackelberg_pricing_fallback,OREO CHOCOLATE 110.4/105G,5,time_urgency,MM BINH PHU,MM AN PHU,0.5571219664915255,-106.37817927755684,False,0.1,3.8920627291277357,,,,,,,,False,False,False,False,
4,after_stackelberg,OREO CHOCOLATE 110.4/105G,5,negative_reduced_cost,MM BINH PHU,MM AN PHU,0.5571219664915255,-106.37817927755684,False,0.0,3.8920627291277357,,,,,,,,False,False,False,False,
4,stackelberg_pricing_fallback,OREO CHOCOLATE 110.4/105G,5,negative_reduced_cost,MM BINH PHU,MM AN PHU,0.5571219664915255,-106.37817927755684,False,0.1,3.8920627291277357,,,,,,,,False,False,False,False,
4,after_stackelberg,OREO CHOCOLATE 110.4/105G,6,shortage_ratio,MM DA NANG,MM AN PHU,3.0,105.9418052285403,False,0.0,5.75,,,,,,,,False,False,False,False,
4,after_stackelberg,OREO CHOCOLATE 110.4/105G,6,shortage_ratio,MM DA NANG,MM BINH PHU,3.0,2562.9418052285405,False,0.0,5.75,,,,,,,,False,False,False,False,
4,after_stackelberg,OREO CHOCOLATE 110.4/105G,6,surplus_ratio,MM DA NANG,MM AN PHU,3.0,105.9418052285403,False,0.0,5.75,,,,,,,,False,False,False,False,
4,after_stackelberg,OREO CHOCOLATE 110.4/105G,6,surplus_ratio,MM DA NANG,MM BINH PHU,3.0,2562.9418052285405,False,0.0,5.75,,,,,,,,False,False,False,False,
4,after_stackelberg,OREO CHOCOLATE 110.4/105G,6,time_urgency,MM DA NANG,MM AN PHU,3.0,105.9418052285403,False,0.0,5.75,,,,,,,,False,False,False,False,
4,after_stackelberg,OREO CHOCOLATE 110.4/105G,6,time_urgency,MM DA NANG,MM BINH PHU,3.0,2562.9418052285405,False,0.0,5.75,,,,,,,,False,False,False,False,
4,after_stackelberg,OREO CHOCOLATE 110.4/105G,6,negative_reduced_cost,MM DA NANG,MM AN PHU,3.0,105.9418052285403,False,0.0,5.75,,,,,,,,False,False,False,False,
4,after_stackelberg,OREO CHOCOLATE 110.4/105G,6,negative_reduced_cost,MM DA NANG,MM BINH PHU,3.0,2562.9418052285405,False,0.0,5.75,,,,,,,,False,False,False,False,
4,pricing_dedup_rejected_before_gnn,OREO CHOCOLATE 110.4/105G,5,surplus_ratio,MM BINH PHU,MM AN PHU,0.5571219664915255,,,0.1,3.892063,PRICED_E4_surplus_ratio_OREO CHOCOLATE 110.4/105G_T5_1,-106.378179,,,,,,False,True,False,False,"('OREO CHOCOLATE 110.4/105G', 5, (('MM BINH PHU', 'MM AN PHU', 0.557122),))"
4,pricing_dedup_rejected_before_gnn,OREO CHOCOLATE 110.4/105G,5,time_urgency,MM BINH PHU,MM AN PHU,0.5571219664915255,,,0.1,3.892063,PRICED_E4_time_urgency_OREO CHOCOLATE 110.4/105G_T5_1,-106.378179,,,,,,False,True,False,False,"('OREO CHOCOLATE 110.4/105G', 5, (('MM BINH PHU', 'MM AN PHU', 0.557122),))"
4,pricing_dedup_rejected_before_gnn,OREO CHOCOLATE 110.4/105G,5,negative_reduced_cost,MM BINH PHU,MM AN PHU,0.5571219664915255,,,0.1,3.892063,PRICED_E4_negative_reduced_cost_OREO CHOCOLATE 110.4/105G_T5_1,-106.378179,,,,,,False,True,False,False,"('OREO CHOCOLATE 110.4/105G', 5, (('MM BINH PHU', 'MM AN PHU', 0.557122),))"
4,teacher_full_batch_recorded_before_rmp,OREO CHOCOLATE 110.4/105G,5,shortage_ratio,MM BINH PHU,MM AN PHU,0.5571219664915255,,,0.1,3.892063,PRICED_E4_shortage_ratio_OREO CHOCOLATE 110.4/105G_T5_1,-106.378179,,,False,False,1.0,False,False,False,False,"(('MM BINH PHU', 'MM AN PHU', 0.557122),)"
4,add_patterns_added,OREO CHOCOLATE 110.4/105G,5,shortage_ratio,MM BINH PHU,MM AN PHU,0.5571219664915255,,,0.1,3.892063,PRICED_E4_shortage_ratio_OREO CHOCOLATE 110.4/105G_T5_1,-106.378179,,,False,False,1.0,False,False,False,True,"('OREO CHOCOLATE 110.4/105G', 5, (('MM BINH PHU', 'MM AN PHU', 0.557122),))"
1,after_stackelberg,OREO CHOCOLATE 110.4/105G,2,shortage_ratio,MM HIEP PHU,MM AN PHU,1.3895453508501916,1.4441818596599232,False,0.0,4.615237559479134,,,,,,,,False,False,False,False,
1,after_stackelberg,OREO CHOCOLATE 110.4/105G,2,shortage_ratio,MM AN PHU,MM DA NANG,13.321023298631342,-3.328409319452536,False,0.0,11.253427329867487,,,,,,,,False,False,False,False,
1,after_stackelberg,OREO CHOCOLATE 110.4/105G,2,shortage_ratio,MM HIEP PHU,MM DA NANG,1.3895453508501916,1.4441818596599232,False,0.0,4.615237559479134,,,,,,,,False,False,False,False,
1,stackelberg_pricing_fallback,OREO CHOCOLATE 110.4/105G,2,shortage_ratio,MM AN PHU,MM DA NANG,13.321023298631342,-3.328409319452536,False,0.1,11.253427329867487,,,,,,,,False,False,False,False,
1,after_stackelberg,OREO CHOCOLATE 110.4/105G,2,surplus_ratio,MM AN PHU,MM DA NANG,13.321023298631342,-3.328409319452536,False,0.0,11.253427329867487,,,,,,,,False,False,False,False,
1,after_stackelberg,OREO CHOCOLATE 110.4/105G,2,surplus_ratio,MM HIEP PHU,MM AN PHU,1.3895453508501916,1.4441818596599232,False,0.0,4.615237559479134,,,,,,,,False,False,False,False,
1,after_stackelberg,OREO CHOCOLATE 110.4/105G,2,surplus_ratio,MM HIEP PHU,MM DA NANG,1.3895453508501916,1.4441818596599232,False,0.0,4.615237559479134,,,,,,,,False,False,False,False,
1,stackelberg_pricing_fallback,OREO CHOCOLATE 110.4/105G,2,surplus_ratio,MM AN PHU,MM DA NANG,13.321023298631342,-3.328409319452536,False,0.1,11.253427329867487,,,,,,,,False,False,False,False,
1,after_stackelberg,OREO CHOCOLATE 110.4/105G,2,time_urgency,MM HIEP PHU,MM AN PHU,1.3895453508501916,1.4441818596599232,False,0.0,4.615237559479134,,,,,,,,False,False,False,False,
1,after_stackelberg,OREO CHOCOLATE 110.4/105G,2,time_urgency,MM AN PHU,MM DA NANG,13.321023298631342,-3.328409319452536,False,0.0,11.253427329867487,,,,,,,,False,False,False,False,
1,after_stackelberg,OREO CHOCOLATE 110.4/105G,2,time_urgency,MM HIEP PHU,MM DA NANG,1.3895453508501916,1.4441818596599232,False,0.0,4.615237559479134,,,,,,,,False,False,False,False,
1,stackelberg_pricing_fallback,OREO CHOCOLATE 110.4/105G,2,time_urgency,MM AN PHU,MM DA NANG,13.321023298631342,-3.328409319452536,False,0.1,11.253427329867487,,,,,,,,False,False,False,False,
1,after_stackelberg,OREO CHOCOLATE 110.4/105G,2,negative_reduced_cost,MM AN PHU,MM DA NANG,13.321023298631342,-3.328409319452536,False,0.0,11.253427329867487,,,,,,,,False,False,False,False,
1,after_stackelberg,OREO CHOCOLATE 110.4/105G,2,negative_reduced_cost,MM HIEP PHU,MM AN PHU,1.3895453508501916,1.4441818596599232,False,0.0,4.615237559479134,,,,,,,,False,False,False,False,
1,after_stackelberg,OREO CHOCOLATE 110.4/105G,2,negative_reduced_cost,MM HIEP PHU,MM DA NANG,1.3895453508501916,1.4441818596599232,False,0.0,4.615237559479134,,,,,,,,False,False,False,False,
1,stackelberg_pricing_fallback,OREO CHOCOLATE 110.4/105G,2,negative_reduced_cost,MM AN PHU,MM DA NANG,13.321023298631342,-3.328409319452536,False,0.1,11.253427329867487,,,,,,,,False,False,False,False,
1,after_stackelberg,OREO CHOCOLATE 110.4/105G,5,shortage_ratio,MM BINH PHU,MM AN PHU,0.47217500780563704,0.30494938726536325,False,0.0,3.8040379374543587,,,,,,,,False,False,False,False,
1,after_stackelberg,OREO CHOCOLATE 110.4/105G,5,surplus_ratio,MM BINH PHU,MM AN PHU,0.47217500780563704,0.30494938726536325,False,0.0,3.8040379374543587,,,,,,,,False,False,False,False,
1,after_stackelberg,OREO CHOCOLATE 110.4/105G,5,time_urgency,MM BINH PHU,MM AN PHU,0.47217500780563704,0.30494938726536325,False,0.0,3.8040379374543587,,,,,,,,False,False,False,False,
1,after_stackelberg,OREO CHOCOLATE 110.4/105G,5,negative_reduced_cost,MM BINH PHU,MM AN PHU,0.47217500780563704,0.30494938726536325,False,0.0,3.8040379374543587,,,,,,,,False,False,False,False,
1,after_stackelberg,OREO CHOCOLATE 110.4/105G,6,shortage_ratio,MM DA NANG,MM AN PHU,3.0,105.9418052285403,False,0.0,5.75,,,,,,,,False,False,False,False,
1,after_stackelberg,OREO CHOCOLATE 110.4/105G,6,shortage_ratio,MM DA NANG,MM BINH PHU,3.0,2562.9418052285405,False,0.0,5.75,,,,,,,,False,False,False,False,
1,after_stackelberg,OREO CHOCOLATE 110.4/105G,6,surplus_ratio,MM DA NANG,MM AN PHU,3.0,105.9418052285403,False,0.0,5.75,,,,,,,,False,False,False,False,
1,after_stackelberg,OREO CHOCOLATE 110.4/105G,6,surplus_ratio,MM DA NANG,MM BINH PHU,3.0,2562.9418052285405,False,0.0,5.75,,,,,,,,False,False,False,False,
1,after_stackelberg,OREO CHOCOLATE 110.4/105G,6,time_urgency,MM DA NANG,MM AN PHU,3.0,105.9418052285403,False,0.0,5.75,,,,,,,,False,False,False,False,
1,after_stackelberg,OREO CHOCOLATE 110.4/105G,6,time_urgency,MM DA NANG,MM BINH PHU,3.0,2562.9418052285405,False,0.0,5.75,,,,,,,,False,False,False,False,
1,after_stackelberg,OREO CHOCOLATE 110.4/105G,6,negative_reduced_cost,MM DA NANG,MM AN PHU,3.0,105.9418052285403,False,0.0,5.75,,,,,,,,False,False,False,False,
1,after_stackelberg,OREO CHOCOLATE 110.4/105G,6,negative_reduced_cost,MM DA NANG,MM BINH PHU,3.0,2562.9418052285405,False,0.0,5.75,,,,,,,,False,False,False,False,
1,pricing_dedup_rejected_before_gnn,OREO CHOCOLATE 110.4/105G,2,surplus_ratio,MM AN PHU,MM DA NANG,13.321023298631342,,,0.1,11.253427,PRICED_E1_surplus_ratio_OREO CHOCOLATE 110.4/105G_T2_1,-3.328409,,,,,,False,True,False,False,"('OREO CHOCOLATE 110.4/105G', 2, (('MM AN PHU', 'MM DA NANG', 13.321023),))"
1,pricing_dedup_rejected_before_gnn,OREO CHOCOLATE 110.4/105G,2,time_urgency,MM AN PHU,MM DA NANG,13.321023298631342,,,0.1,11.253427,PRICED_E1_time_urgency_OREO CHOCOLATE 110.4/105G_T2_1,-3.328409,,,,,,False,True,False,False,"('OREO CHOCOLATE 110.4/105G', 2, (('MM AN PHU', 'MM DA NANG', 13.321023),))"
1,pricing_dedup_rejected_before_gnn,OREO CHOCOLATE 110.4/105G,2,negative_reduced_cost,MM AN PHU,MM DA NANG,13.321023298631342,,,0.1,11.253427,PRICED_E1_negative_reduced_cost_OREO CHOCOLATE 110.4/105G_T2_1,-3.328409,,,,,,False,True,False,False,"('OREO CHOCOLATE 110.4/105G', 2, (('MM AN PHU', 'MM DA NANG', 13.321023),))"
1,teacher_full_batch_recorded_before_rmp,OREO CHOCOLATE 110.4/105G,2,shortage_ratio,MM AN PHU,MM DA NANG,13.321023298631342,,,0.1,11.253427,PRICED_E1_shortage_ratio_OREO CHOCOLATE 110.4/105G_T2_1,-3.328409,,,False,False,1.0,False,False,False,False,"(('MM AN PHU', 'MM DA NANG', 13.321023),)"
1,add_patterns_rejected,OREO CHOCOLATE 110.4/105G,2,shortage_ratio,MM AN PHU,MM DA NANG,13.321023298631342,,,0.1,11.253427,PRICED_E1_shortage_ratio_OREO CHOCOLATE 110.4/105G_T2_1,-3.328409,,,False,False,1.0,True,False,False,False,"('OREO CHOCOLATE 110.4/105G', 2, (('MM AN PHU', 'MM DA NANG', 13.321023),))"
1,after_stackelberg,OREO CHOCOLATE 110.4/105G,2,shortage_ratio,MM HIEP PHU,MM AN PHU,1.3895453508501916,1.4441818596599232,False,0.0,4.615237559479134,,,,,,,,False,False,False,False,
1,after_stackelberg,OREO CHOCOLATE 110.4/105G,2,shortage_ratio,MM AN PHU,MM DA NANG,13.321023298631342,-3.328409319452536,False,0.0,11.253427329867487,,,,,,,,False,False,False,False,
1,after_stackelberg,OREO CHOCOLATE 110.4/105G,2,shortage_ratio,MM HIEP PHU,MM DA NANG,1.3895453508501916,1.4441818596599232,False,0.0,4.615237559479134,,,,,,,,False,False,False,False,
1,stackelberg_pricing_fallback,OREO CHOCOLATE 110.4/105G,2,shortage_ratio,MM AN PHU,MM DA NANG,13.321023298631342,-3.328409319452536,False,0.1,11.253427329867487,,,,,,,,False,False,False,False,
1,after_stackelberg,OREO CHOCOLATE 110.4/105G,2,surplus_ratio,MM AN PHU,MM DA NANG,13.321023298631342,-3.328409319452536,False,0.0,11.253427329867487,,,,,,,,False,False,False,False,
1,after_stackelberg,OREO CHOCOLATE 110.4/105G,2,surplus_ratio,MM HIEP PHU,MM AN PHU,1.3895453508501916,1.4441818596599232,False,0.0,4.615237559479134,,,,,,,,False,False,False,False,
1,after_stackelberg,OREO CHOCOLATE 110.4/105G,2,surplus_ratio,MM HIEP PHU,MM DA NANG,1.3895453508501916,1.4441818596599232,False,0.0,4.615237559479134,,,,,,,,False,False,False,False,
1,stackelberg_pricing_fallback,OREO CHOCOLATE 110.4/105G,2,surplus_ratio,MM AN PHU,MM DA NANG,13.321023298631342,-3.328409319452536,False,0.1,11.253427329867487,,,,,,,,False,False,False,False,
1,after_stackelberg,OREO CHOCOLATE 110.4/105G,2,time_urgency,MM HIEP PHU,MM AN PHU,1.3895453508501916,1.4441818596599232,False,0.0,4.615237559479134,,,,,,,,False,False,False,False,
1,after_stackelberg,OREO CHOCOLATE 110.4/105G,2,time_urgency,MM AN PHU,MM DA NANG,13.321023298631342,-3.328409319452536,False,0.0,11.253427329867487,,,,,,,,False,False,False,False,
1,after_stackelberg,OREO CHOCOLATE 110.4/105G,2,time_urgency,MM HIEP PHU,MM DA NANG,1.3895453508501916,1.4441818596599232,False,0.0,4.615237559479134,,,,,,,,False,False,False,False,
1,stackelberg_pricing_fallback,OREO CHOCOLATE 110.4/105G,2,time_urgency,MM AN PHU,MM DA NANG,13.321023298631342,-3.328409319452536,False,0.1,11.253427329867487,,,,,,,,False,False,False,False,
1,after_stackelberg,OREO CHOCOLATE 110.4/105G,2,negative_reduced_cost,MM AN PHU,MM DA NANG,13.321023298631342,-3.328409319452536,False,0.0,11.253427329867487,,,,,,,,False,False,False,False,
1,after_stackelberg,OREO CHOCOLATE 110.4/105G,2,negative_reduced_cost,MM HIEP PHU,MM AN PHU,1.3895453508501916,1.4441818596599232,False,0.0,4.615237559479134,,,,,,,,False,False,False,False,
1,after_stackelberg,OREO CHOCOLATE 110.4/105G,2,negative_reduced_cost,MM HIEP PHU,MM DA NANG,1.3895453508501916,1.4441818596599232,False,0.0,4.615237559479134,,,,,,,,False,False,False,False,
1,stackelberg_pricing_fallback,OREO CHOCOLATE 110.4/105G,2,negative_reduced_cost,MM AN PHU,MM DA NANG,13.321023298631342,-3.328409319452536,False,0.1,11.253427329867487,,,,,,,,False,False,False,False,
1,after_stackelberg,OREO CHOCOLATE 110.4/105G,5,shortage_ratio,MM BINH PHU,MM AN PHU,0.47217500780563704,0.30494938726536325,False,0.0,3.8040379374543587,,,,,,,,False,False,False,False,
1,after_stackelberg,OREO CHOCOLATE 110.4/105G,5,surplus_ratio,MM BINH PHU,MM AN PHU,0.47217500780563704,0.30494938726536325,False,0.0,3.8040379374543587,,,,,,,,False,False,False,False,
1,after_stackelberg,OREO CHOCOLATE 110.4/105G,5,time_urgency,MM BINH PHU,MM AN PHU,0.47217500780563704,0.30494938726536325,False,0.0,3.8040379374543587,,,,,,,,False,False,False,False,
1,after_stackelberg,OREO CHOCOLATE 110.4/105G,5,negative_reduced_cost,MM BINH PHU,MM AN PHU,0.47217500780563704,0.30494938726536325,False,0.0,3.8040379374543587,,,,,,,,False,False,False,False,
1,after_stackelberg,OREO CHOCOLATE 110.4/105G,6,shortage_ratio,MM DA NANG,MM AN PHU,3.0,105.9418052285403,False,0.0,5.75,,,,,,,,False,False,False,False,
1,after_stackelberg,OREO CHOCOLATE 110.4/105G,6,shortage_ratio,MM DA NANG,MM BINH PHU,3.0,2562.9418052285405,False,0.0,5.75,,,,,,,,False,False,False,False,
1,after_stackelberg,OREO CHOCOLATE 110.4/105G,6,surplus_ratio,MM DA NANG,MM AN PHU,3.0,105.9418052285403,False,0.0,5.75,,,,,,,,False,False,False,False,
1,after_stackelberg,OREO CHOCOLATE 110.4/105G,6,surplus_ratio,MM DA NANG,MM BINH PHU,3.0,2562.9418052285405,False,0.0,5.75,,,,,,,,False,False,False,False,
1,after_stackelberg,OREO CHOCOLATE 110.4/105G,6,time_urgency,MM DA NANG,MM AN PHU,3.0,105.9418052285403,False,0.0,5.75,,,,,,,,False,False,False,False,
1,after_stackelberg,OREO CHOCOLATE 110.4/105G,6,time_urgency,MM DA NANG,MM BINH PHU,3.0,2562.9418052285405,False,0.0,5.75,,,,,,,,False,False,False,False,
1,after_stackelberg,OREO CHOCOLATE 110.4/105G,6,negative_reduced_cost,MM DA NANG,MM AN PHU,3.0,105.9418052285403,False,0.0,5.75,,,,,,,,False,False,False,False,
1,after_stackelberg,OREO CHOCOLATE 110.4/105G,6,negative_reduced_cost,MM DA NANG,MM BINH PHU,3.0,2562.9418052285405,False,0.0,5.75,,,,,,,,False,False,False,False,
1,pricing_dedup_rejected_before_gnn,OREO CHOCOLATE 110.4/105G,2,surplus_ratio,MM AN PHU,MM DA NANG,13.321023298631342,,,0.1,11.253427,PRICED_E1_surplus_ratio_OREO CHOCOLATE 110.4/105G_T2_1,-3.328409,,,,,,False,True,False,False,"('OREO CHOCOLATE 110.4/105G', 2, (('MM AN PHU', 'MM DA NANG', 13.321023),))"
1,pricing_dedup_rejected_before_gnn,OREO CHOCOLATE 110.4/105G,2,time_urgency,MM AN PHU,MM DA NANG,13.321023298631342,,,0.1,11.253427,PRICED_E1_time_urgency_OREO CHOCOLATE 110.4/105G_T2_1,-3.328409,,,,,,False,True,False,False,"('OREO CHOCOLATE 110.4/105G', 2, (('MM AN PHU', 'MM DA NANG', 13.321023),))"
1,pricing_dedup_rejected_before_gnn,OREO CHOCOLATE 110.4/105G,2,negative_reduced_cost,MM AN PHU,MM DA NANG,13.321023298631342,,,0.1,11.253427,PRICED_E1_negative_reduced_cost_OREO CHOCOLATE 110.4/105G_T2_1,-3.328409,,,,,,False,True,False,False,"('OREO CHOCOLATE 110.4/105G', 2, (('MM AN PHU', 'MM DA NANG', 13.321023),))"
1,teacher_full_batch_recorded_before_rmp,OREO CHOCOLATE 110.4/105G,2,shortage_ratio,MM AN PHU,MM DA NANG,13.321023298631342,,,0.1,11.253427,PRICED_E1_shortage_ratio_OREO CHOCOLATE 110.4/105G_T2_1,-3.328409,,,False,False,1.0,False,False,False,False,"(('MM AN PHU', 'MM DA NANG', 13.321023),)"
1,add_patterns_rejected,OREO CHOCOLATE 110.4/105G,2,shortage_ratio,MM AN PHU,MM DA NANG,13.321023298631342,,,0.1,11.253427,PRICED_E1_shortage_ratio_OREO CHOCOLATE 110.4/105G_T2_1,-3.328409,,,False,False,1.0,True,False,False,False,"('OREO CHOCOLATE 110.4/105G', 2, (('MM AN PHU', 'MM DA NANG', 13.321023),))"
1,after_stackelberg,OREO CHOCOLATE 110.4/105G,2,shortage_ratio,MM HIEP PHU,MM AN PHU,1.3895453508501916,1.4441818596599232,False,0.0,4.615237559479134,,,,,,,,False,False,False,False,
1,after_stackelberg,OREO CHOCOLATE 110.4/105G,2,shortage_ratio,MM AN PHU,MM DA NANG,13.321023298631342,-3.328409319452536,False,0.0,11.253427329867487,,,,,,,,False,False,False,False,
1,after_stackelberg,OREO CHOCOLATE 110.4/105G,2,shortage_ratio,MM HIEP PHU,MM DA NANG,1.3895453508501916,1.4441818596599232,False,0.0,4.615237559479134,,,,,,,,False,False,False,False,
1,stackelberg_pricing_fallback,OREO CHOCOLATE 110.4/105G,2,shortage_ratio,MM AN PHU,MM DA NANG,13.321023298631342,-3.328409319452536,False,0.1,11.253427329867487,,,,,,,,False,False,False,False,
1,after_stackelberg,OREO CHOCOLATE 110.4/105G,2,surplus_ratio,MM AN PHU,MM DA NANG,13.321023298631342,-3.328409319452536,False,0.0,11.253427329867487,,,,,,,,False,False,False,False,
1,after_stackelberg,OREO CHOCOLATE 110.4/105G,2,surplus_ratio,MM HIEP PHU,MM AN PHU,1.3895453508501916,1.4441818596599232,False,0.0,4.615237559479134,,,,,,,,False,False,False,False,
1,after_stackelberg,OREO CHOCOLATE 110.4/105G,2,surplus_ratio,MM HIEP PHU,MM DA NANG,1.3895453508501916,1.4441818596599232,False,0.0,4.615237559479134,,,,,,,,False,False,False,False,
1,stackelberg_pricing_fallback,OREO CHOCOLATE 110.4/105G,2,surplus_ratio,MM AN PHU,MM DA NANG,13.321023298631342,-3.328409319452536,False,0.1,11.253427329867487,,,,,,,,False,False,False,False,
1,after_stackelberg,OREO CHOCOLATE 110.4/105G,2,time_urgency,MM HIEP PHU,MM AN PHU,1.3895453508501916,1.4441818596599232,False,0.0,4.615237559479134,,,,,,,,False,False,False,False,
1,after_stackelberg,OREO CHOCOLATE 110.4/105G,2,time_urgency,MM AN PHU,MM DA NANG,13.321023298631342,-3.328409319452536,False,0.0,11.253427329867487,,,,,,,,False,False,False,False,
1,after_stackelberg,OREO CHOCOLATE 110.4/105G,2,time_urgency,MM HIEP PHU,MM DA NANG,1.3895453508501916,1.4441818596599232,False,0.0,4.615237559479134,,,,,,,,False,False,False,False,
1,stackelberg_pricing_fallback,OREO CHOCOLATE 110.4/105G,2,time_urgency,MM AN PHU,MM DA NANG,13.321023298631342,-3.328409319452536,False,0.1,11.253427329867487,,,,,,,,False,False,False,False,
1,after_stackelberg,OREO CHOCOLATE 110.4/105G,2,negative_reduced_cost,MM AN PHU,MM DA NANG,13.321023298631342,-3.328409319452536,False,0.0,11.253427329867487,,,,,,,,False,False,False,False,
1,after_stackelberg,OREO CHOCOLATE 110.4/105G,2,negative_reduced_cost,MM HIEP PHU,MM AN PHU,1.3895453508501916,1.4441818596599232,False,0.0,4.615237559479134,,,,,,,,False,False,False,False,
1,after_stackelberg,OREO CHOCOLATE 110.4/105G,2,negative_reduced_cost,MM HIEP PHU,MM DA NANG,1.3895453508501916,1.4441818596599232,False,0.0,4.615237559479134,,,,,,,,False,False,False,False,
1,stackelberg_pricing_fallback,OREO CHOCOLATE 110.4/105G,2,negative_reduced_cost,MM AN PHU,MM DA NANG,13.321023298631342,-3.328409319452536,False,0.1,11.253427329867487,,,,,,,,False,False,False,False,
1,after_stackelberg,OREO CHOCOLATE 110.4/105G,5,shortage_ratio,MM BINH PHU,MM AN PHU,0.47217500780563704,0.30494938726536325,False,0.0,3.8040379374543587,,,,,,,,False,False,False,False,
1,after_stackelberg,OREO CHOCOLATE 110.4/105G,5,surplus_ratio,MM BINH PHU,MM AN PHU,0.47217500780563704,0.30494938726536325,False,0.0,3.8040379374543587,,,,,,,,False,False,False,False,
1,after_stackelberg,OREO CHOCOLATE 110.4/105G,5,time_urgency,MM BINH PHU,MM AN PHU,0.47217500780563704,0.30494938726536325,False,0.0,3.8040379374543587,,,,,,,,False,False,False,False,
1,after_stackelberg,OREO CHOCOLATE 110.4/105G,5,negative_reduced_cost,MM BINH PHU,MM AN PHU,0.47217500780563704,0.30494938726536325,False,0.0,3.8040379374543587,,,,,,,,False,False,False,False,
1,after_stackelberg,OREO CHOCOLATE 110.4/105G,6,shortage_ratio,MM DA NANG,MM AN PHU,3.0,105.9418052285403,False,0.0,5.75,,,,,,,,False,False,False,False,
1,after_stackelberg,OREO CHOCOLATE 110.4/105G,6,shortage_ratio,MM DA NANG,MM BINH PHU,3.0,2562.9418052285405,False,0.0,5.75,,,,,,,,False,False,False,False,
1,after_stackelberg,OREO CHOCOLATE 110.4/105G,6,surplus_ratio,MM DA NANG,MM AN PHU,3.0,105.9418052285403,False,0.0,5.75,,,,,,,,False,False,False,False,
1,after_stackelberg,OREO CHOCOLATE 110.4/105G,6,surplus_ratio,MM DA NANG,MM BINH PHU,3.0,2562.9418052285405,False,0.0,5.75,,,,,,,,False,False,False,False,
1,after_stackelberg,OREO CHOCOLATE 110.4/105G,6,time_urgency,MM DA NANG,MM AN PHU,3.0,105.9418052285403,False,0.0,5.75,,,,,,,,False,False,False,False,
1,after_stackelberg,OREO CHOCOLATE 110.4/105G,6,time_urgency,MM DA NANG,MM BINH PHU,3.0,2562.9418052285405,False,0.0,5.75,,,,,,,,False,False,False,False,
1,after_stackelberg,OREO CHOCOLATE 110.4/105G,6,negative_reduced_cost,MM DA NANG,MM AN PHU,3.0,105.9418052285403,False,0.0,5.75,,,,,,,,False,False,False,False,
1,after_stackelberg,OREO CHOCOLATE 110.4/105G,6,negative_reduced_cost,MM DA NANG,MM BINH PHU,3.0,2562.9418052285405,False,0.0,5.75,,,,,,,,False,False,False,False,
1,pricing_dedup_rejected_before_gnn,OREO CHOCOLATE 110.4/105G,2,surplus_ratio,MM AN PHU,MM DA NANG,13.321023298631342,,,0.1,11.253427,PRICED_E1_surplus_ratio_OREO CHOCOLATE 110.4/105G_T2_1,-3.328409,,,,,,False,True,False,False,"('OREO CHOCOLATE 110.4/105G', 2, (('MM AN PHU', 'MM DA NANG', 13.321023),))"
1,pricing_dedup_rejected_before_gnn,OREO CHOCOLATE 110.4/105G,2,time_urgency,MM AN PHU,MM DA NANG,13.321023298631342,,,0.1,11.253427,PRICED_E1_time_urgency_OREO CHOCOLATE 110.4/105G_T2_1,-3.328409,,,,,,False,True,False,False,"('OREO CHOCOLATE 110.4/105G', 2, (('MM AN PHU', 'MM DA NANG', 13.321023),))"
1,pricing_dedup_rejected_before_gnn,OREO CHOCOLATE 110.4/105G,2,negative_reduced_cost,MM AN PHU,MM DA NANG,13.321023298631342,,,0.1,11.253427,PRICED_E1_negative_reduced_cost_OREO CHOCOLATE 110.4/105G_T2_1,-3.328409,,,,,,False,True,False,False,"('OREO CHOCOLATE 110.4/105G', 2, (('MM AN PHU', 'MM DA NANG', 13.321023),))"
1,teacher_full_batch_recorded_before_rmp,OREO CHOCOLATE 110.4/105G,2,shortage_ratio,MM AN PHU,MM DA NANG,13.321023298631342,,,0.1,11.253427,PRICED_E1_shortage_ratio_OREO CHOCOLATE 110.4/105G_T2_1,-3.328409,,,False,False,1.0,False,False,False,False,"(('MM AN PHU', 'MM DA NANG', 13.321023),)"
1,add_patterns_rejected,OREO CHOCOLATE 110.4/105G,2,shortage_ratio,MM AN PHU,MM DA NANG,13.321023298631342,,,0.1,11.253427,PRICED_E1_shortage_ratio_OREO CHOCOLATE 110.4/105G_T2_1,-3.328409,,,False,False,1.0,True,False,False,False,"('OREO CHOCOLATE 110.4/105G', 2, (('MM AN PHU', 'MM DA NANG', 13.321023),))"
1,after_stackelberg,OREO CHOCOLATE 110.4/105G,2,shortage_ratio,MM HIEP PHU,MM AN PHU,1.3895453508501916,1.4441818596599232,False,0.0,4.615237559479134,,,,,,,,False,False,False,False,
1,after_stackelberg,OREO CHOCOLATE 110.4/105G,2,shortage_ratio,MM AN PHU,MM DA NANG,13.321023298631342,-3.328409319452536,False,0.0,11.253427329867487,,,,,,,,False,False,False,False,
1,after_stackelberg,OREO CHOCOLATE 110.4/105G,2,shortage_ratio,MM HIEP PHU,MM DA NANG,1.3895453508501916,1.4441818596599232,False,0.0,4.615237559479134,,,,,,,,False,False,False,False,
1,stackelberg_pricing_fallback,OREO CHOCOLATE 110.4/105G,2,shortage_ratio,MM AN PHU,MM DA NANG,13.321023298631342,-3.328409319452536,False,0.1,11.253427329867487,,,,,,,,False,False,False,False,
1,after_stackelberg,OREO CHOCOLATE 110.4/105G,2,surplus_ratio,MM AN PHU,MM DA NANG,13.321023298631342,-3.328409319452536,False,0.0,11.253427329867487,,,,,,,,False,False,False,False,
1,after_stackelberg,OREO CHOCOLATE 110.4/105G,2,surplus_ratio,MM HIEP PHU,MM AN PHU,1.3895453508501916,1.4441818596599232,False,0.0,4.615237559479134,,,,,,,,False,False,False,False,
1,after_stackelberg,OREO CHOCOLATE 110.4/105G,2,surplus_ratio,MM HIEP PHU,MM DA NANG,1.3895453508501916,1.4441818596599232,False,0.0,4.615237559479134,,,,,,,,False,False,False,False,
1,stackelberg_pricing_fallback,OREO CHOCOLATE 110.4/105G,2,surplus_ratio,MM AN PHU,MM DA NANG,13.321023298631342,-3.328409319452536,False,0.1,11.253427329867487,,,,,,,,False,False,False,False,
1,after_stackelberg,OREO CHOCOLATE 110.4/105G,2,time_urgency,MM HIEP PHU,MM AN PHU,1.3895453508501916,1.4441818596599232,False,0.0,4.615237559479134,,,,,,,,False,False,False,False,
1,after_stackelberg,OREO CHOCOLATE 110.4/105G,2,time_urgency,MM AN PHU,MM DA NANG,13.321023298631342,-3.328409319452536,False,0.0,11.253427329867487,,,,,,,,False,False,False,False,
1,after_stackelberg,OREO CHOCOLATE 110.4/105G,2,time_urgency,MM HIEP PHU,MM DA NANG,1.3895453508501916,1.4441818596599232,False,0.0,4.615237559479134,,,,,,,,False,False,False,False,
1,stackelberg_pricing_fallback,OREO CHOCOLATE 110.4/105G,2,time_urgency,MM AN PHU,MM DA NANG,13.321023298631342,-3.328409319452536,False,0.1,11.253427329867487,,,,,,,,False,False,False,False,
1,after_stackelberg,OREO CHOCOLATE 110.4/105G,2,negative_reduced_cost,MM AN PHU,MM DA NANG,13.321023298631342,-3.328409319452536,False,0.0,11.253427329867487,,,,,,,,False,False,False,False,
1,after_stackelberg,OREO CHOCOLATE 110.4/105G,2,negative_reduced_cost,MM HIEP PHU,MM AN PHU,1.3895453508501916,1.4441818596599232,False,0.0,4.615237559479134,,,,,,,,False,False,False,False,
1,after_stackelberg,OREO CHOCOLATE 110.4/105G,2,negative_reduced_cost,MM HIEP PHU,MM DA NANG,1.3895453508501916,1.4441818596599232,False,0.0,4.615237559479134,,,,,,,,False,False,False,False,
1,stackelberg_pricing_fallback,OREO CHOCOLATE 110.4/105G,2,negative_reduced_cost,MM AN PHU,MM DA NANG,13.321023298631342,-3.328409319452536,False,0.1,11.253427329867487,,,,,,,,False,False,False,False,
1,after_stackelberg,OREO CHOCOLATE 110.4/105G,5,shortage_ratio,MM BINH PHU,MM AN PHU,0.47217500780563704,0.30494938726536325,False,0.0,3.8040379374543587,,,,,,,,False,False,False,False,
1,after_stackelberg,OREO CHOCOLATE 110.4/105G,5,surplus_ratio,MM BINH PHU,MM AN PHU,0.47217500780563704,0.30494938726536325,False,0.0,3.8040379374543587,,,,,,,,False,False,False,False,
1,after_stackelberg,OREO CHOCOLATE 110.4/105G,5,time_urgency,MM BINH PHU,MM AN PHU,0.47217500780563704,0.30494938726536325,False,0.0,3.8040379374543587,,,,,,,,False,False,False,False,
1,after_stackelberg,OREO CHOCOLATE 110.4/105G,5,negative_reduced_cost,MM BINH PHU,MM AN PHU,0.47217500780563704,0.30494938726536325,False,0.0,3.8040379374543587,,,,,,,,False,False,False,False,
1,after_stackelberg,OREO CHOCOLATE 110.4/105G,6,shortage_ratio,MM DA NANG,MM AN PHU,3.0,105.9418052285403,False,0.0,5.75,,,,,,,,False,False,False,False,
1,after_stackelberg,OREO CHOCOLATE 110.4/105G,6,shortage_ratio,MM DA NANG,MM BINH PHU,3.0,2562.9418052285405,False,0.0,5.75,,,,,,,,False,False,False,False,
1,after_stackelberg,OREO CHOCOLATE 110.4/105G,6,surplus_ratio,MM DA NANG,MM AN PHU,3.0,105.9418052285403,False,0.0,5.75,,,,,,,,False,False,False,False,
1,after_stackelberg,OREO CHOCOLATE 110.4/105G,6,surplus_ratio,MM DA NANG,MM BINH PHU,3.0,2562.9418052285405,False,0.0,5.75,,,,,,,,False,False,False,False,
1,after_stackelberg,OREO CHOCOLATE 110.4/105G,6,time_urgency,MM DA NANG,MM AN PHU,3.0,105.9418052285403,False,0.0,5.75,,,,,,,,False,False,False,False,
1,after_stackelberg,OREO CHOCOLATE 110.4/105G,6,time_urgency,MM DA NANG,MM BINH PHU,3.0,2562.9418052285405,False,0.0,5.75,,,,,,,,False,False,False,False,
1,after_stackelberg,OREO CHOCOLATE 110.4/105G,6,negative_reduced_cost,MM DA NANG,MM AN PHU,3.0,105.9418052285403,False,0.0,5.75,,,,,,,,False,False,False,False,
1,after_stackelberg,OREO CHOCOLATE 110.4/105G,6,negative_reduced_cost,MM DA NANG,MM BINH PHU,3.0,2562.9418052285405,False,0.0,5.75,,,,,,,,False,False,False,False,
1,pricing_dedup_rejected_before_gnn,OREO CHOCOLATE 110.4/105G,2,surplus_ratio,MM AN PHU,MM DA NANG,13.321023298631342,,,0.1,11.253427,PRICED_E1_surplus_ratio_OREO CHOCOLATE 110.4/105G_T2_1,-3.328409,,,,,,False,True,False,False,"('OREO CHOCOLATE 110.4/105G', 2, (('MM AN PHU', 'MM DA NANG', 13.321023),))"
1,pricing_dedup_rejected_before_gnn,OREO CHOCOLATE 110.4/105G,2,time_urgency,MM AN PHU,MM DA NANG,13.321023298631342,,,0.1,11.253427,PRICED_E1_time_urgency_OREO CHOCOLATE 110.4/105G_T2_1,-3.328409,,,,,,False,True,False,False,"('OREO CHOCOLATE 110.4/105G', 2, (('MM AN PHU', 'MM DA NANG', 13.321023),))"
1,pricing_dedup_rejected_before_gnn,OREO CHOCOLATE 110.4/105G,2,negative_reduced_cost,MM AN PHU,MM DA NANG,13.321023298631342,,,0.1,11.253427,PRICED_E1_negative_reduced_cost_OREO CHOCOLATE 110.4/105G_T2_1,-3.328409,,,,,,False,True,False,False,"('OREO CHOCOLATE 110.4/105G', 2, (('MM AN PHU', 'MM DA NANG', 13.321023),))"
1,teacher_full_batch_recorded_before_rmp,OREO CHOCOLATE 110.4/105G,2,shortage_ratio,MM AN PHU,MM DA NANG,13.321023298631342,,,0.1,11.253427,PRICED_E1_shortage_ratio_OREO CHOCOLATE 110.4/105G_T2_1,-3.328409,,,False,False,1.0,False,False,False,False,"(('MM AN PHU', 'MM DA NANG', 13.321023),)"
1,add_patterns_rejected,OREO CHOCOLATE 110.4/105G,2,shortage_ratio,MM AN PHU,MM DA NANG,13.321023298631342,,,0.1,11.253427,PRICED_E1_shortage_ratio_OREO CHOCOLATE 110.4/105G_T2_1,-3.328409,,,False,False,1.0,True,False,False,False,"('OREO CHOCOLATE 110.4/105G', 2, (('MM AN PHU', 'MM DA NANG', 13.321023),))"
1,after_stackelberg,OREO CHOCOLATE 110.4/105G,2,shortage_ratio,MM HIEP PHU,MM AN PHU,1.3895453508501916,1.4441818596599232,False,0.0,4.615237559479134,,,,,,,,False,False,False,False,
1,after_stackelberg,OREO CHOCOLATE 110.4/105G,2,shortage_ratio,MM AN PHU,MM DA NANG,13.321023298631342,-3.328409319452536,False,0.0,11.253427329867487,,,,,,,,False,False,False,False,
1,after_stackelberg,OREO CHOCOLATE 110.4/105G,2,shortage_ratio,MM HIEP PHU,MM DA NANG,1.3895453508501916,1.4441818596599232,False,0.0,4.615237559479134,,,,,,,,False,False,False,False,
1,stackelberg_pricing_fallback,OREO CHOCOLATE 110.4/105G,2,shortage_ratio,MM AN PHU,MM DA NANG,13.321023298631342,-3.328409319452536,False,0.1,11.253427329867487,,,,,,,,False,False,False,False,
1,after_stackelberg,OREO CHOCOLATE 110.4/105G,2,surplus_ratio,MM AN PHU,MM DA NANG,13.321023298631342,-3.328409319452536,False,0.0,11.253427329867487,,,,,,,,False,False,False,False,
1,after_stackelberg,OREO CHOCOLATE 110.4/105G,2,surplus_ratio,MM HIEP PHU,MM AN PHU,1.3895453508501916,1.4441818596599232,False,0.0,4.615237559479134,,,,,,,,False,False,False,False,
1,after_stackelberg,OREO CHOCOLATE 110.4/105G,2,surplus_ratio,MM HIEP PHU,MM DA NANG,1.3895453508501916,1.4441818596599232,False,0.0,4.615237559479134,,,,,,,,False,False,False,False,
1,stackelberg_pricing_fallback,OREO CHOCOLATE 110.4/105G,2,surplus_ratio,MM AN PHU,MM DA NANG,13.321023298631342,-3.328409319452536,False,0.1,11.253427329867487,,,,,,,,False,False,False,False,
1,after_stackelberg,OREO CHOCOLATE 110.4/105G,2,time_urgency,MM HIEP PHU,MM AN PHU,1.3895453508501916,1.4441818596599232,False,0.0,4.615237559479134,,,,,,,,False,False,False,False,
1,after_stackelberg,OREO CHOCOLATE 110.4/105G,2,time_urgency,MM AN PHU,MM DA NANG,13.321023298631342,-3.328409319452536,False,0.0,11.253427329867487,,,,,,,,False,False,False,False,
1,after_stackelberg,OREO CHOCOLATE 110.4/105G,2,time_urgency,MM HIEP PHU,MM DA NANG,1.3895453508501916,1.4441818596599232,False,0.0,4.615237559479134,,,,,,,,False,False,False,False,
1,stackelberg_pricing_fallback,OREO CHOCOLATE 110.4/105G,2,time_urgency,MM AN PHU,MM DA NANG,13.321023298631342,-3.328409319452536,False,0.1,11.253427329867487,,,,,,,,False,False,False,False,
1,after_stackelberg,OREO CHOCOLATE 110.4/105G,2,negative_reduced_cost,MM AN PHU,MM DA NANG,13.321023298631342,-3.328409319452536,False,0.0,11.253427329867487,,,,,,,,False,False,False,False,
1,after_stackelberg,OREO CHOCOLATE 110.4/105G,2,negative_reduced_cost,MM HIEP PHU,MM AN PHU,1.3895453508501916,1.4441818596599232,False,0.0,4.615237559479134,,,,,,,,False,False,False,False,
1,after_stackelberg,OREO CHOCOLATE 110.4/105G,2,negative_reduced_cost,MM HIEP PHU,MM DA NANG,1.3895453508501916,1.4441818596599232,False,0.0,4.615237559479134,,,,,,,,False,False,False,False,
1,stackelberg_pricing_fallback,OREO CHOCOLATE 110.4/105G,2,negative_reduced_cost,MM AN PHU,MM DA NANG,13.321023298631342,-3.328409319452536,False,0.1,11.253427329867487,,,,,,,,False,False,False,False,
1,after_stackelberg,OREO CHOCOLATE 110.4/105G,5,shortage_ratio,MM BINH PHU,MM AN PHU,0.47217500780563704,0.30494938726536325,False,0.0,3.8040379374543587,,,,,,,,False,False,False,False,
1,after_stackelberg,OREO CHOCOLATE 110.4/105G,5,surplus_ratio,MM BINH PHU,MM AN PHU,0.47217500780563704,0.30494938726536325,False,0.0,3.8040379374543587,,,,,,,,False,False,False,False,
1,after_stackelberg,OREO CHOCOLATE 110.4/105G,5,time_urgency,MM BINH PHU,MM AN PHU,0.47217500780563704,0.30494938726536325,False,0.0,3.8040379374543587,,,,,,,,False,False,False,False,
1,after_stackelberg,OREO CHOCOLATE 110.4/105G,5,negative_reduced_cost,MM BINH PHU,MM AN PHU,0.47217500780563704,0.30494938726536325,False,0.0,3.8040379374543587,,,,,,,,False,False,False,False,
1,after_stackelberg,OREO CHOCOLATE 110.4/105G,6,shortage_ratio,MM BINH DUONG,MM AN PHU,6.180250802982753,-5062.0975079640675,False,0.0,7.768879580613806,,,,,,,,False,False,False,False,
1,after_stackelberg,OREO CHOCOLATE 110.4/105G,6,shortage_ratio,MM BINH DUONG,MM BINH PHU,6.180250802982753,-0.47210032119310164,False,0.0,7.768879580613806,,,,,,,,False,False,False,False,
1,after_stackelberg,OREO CHOCOLATE 110.4/105G,6,shortage_ratio,MM BINH DUONG,MM DA NANG,6.180250802982753,-0.47210032119310164,False,0.0,7.768879580613806,,,,,,,,False,False,False,False,
1,after_stackelberg,OREO CHOCOLATE 110.4/105G,6,shortage_ratio,MM DA NANG,MM AN PHU,3.0,6452.90167816694,False,0.0,5.75,,,,,,,,False,False,False,False,
1,after_stackelberg,OREO CHOCOLATE 110.4/105G,6,shortage_ratio,MM DA NANG,MM BINH PHU,3.0,8909.901678166938,False,0.0,5.75,,,,,,,,False,False,False,False,
1,stackelberg_pricing_fallback,OREO CHOCOLATE 110.4/105G,6,shortage_ratio,MM BINH DUONG,MM AN PHU,6.180250802982753,-5062.0975079640675,False,0.1,7.768879580613806,,,,,,,,False,False,False,False,
1,stackelberg_pricing_fallback,OREO CHOCOLATE 110.4/105G,6,shortage_ratio,MM BINH DUONG,MM BINH PHU,6.180250802982753,-0.47210032119310164,False,0.1,7.768879580613806,,,,,,,,False,False,False,False,
1,stackelberg_pricing_fallback,OREO CHOCOLATE 110.4/105G,6,shortage_ratio,MM BINH DUONG,MM DA NANG,6.180250802982753,-0.47210032119310164,False,0.1,7.768879580613806,,,,,,,,False,False,False,False,
1,after_stackelberg,OREO CHOCOLATE 110.4/105G,6,surplus_ratio,MM BINH DUONG,MM AN PHU,6.180250802982753,-5062.0975079640675,False,0.0,7.768879580613806,,,,,,,,False,False,False,False,
1,after_stackelberg,OREO CHOCOLATE 110.4/105G,6,surplus_ratio,MM BINH DUONG,MM BINH PHU,6.180250802982753,-0.47210032119310164,False,0.0,7.768879580613806,,,,,,,,False,False,False,False,
1,after_stackelberg,OREO CHOCOLATE 110.4/105G,6,surplus_ratio,MM BINH DUONG,MM DA NANG,6.180250802982753,-0.47210032119310164,False,0.0,7.768879580613806,,,,,,,,False,False,False,False,
1,after_stackelberg,OREO CHOCOLATE 110.4/105G,6,surplus_ratio,MM DA NANG,MM AN PHU,3.0,6452.90167816694,False,0.0,5.75,,,,,,,,False,False,False,False,
1,after_stackelberg,OREO CHOCOLATE 110.4/105G,6,surplus_ratio,MM DA NANG,MM BINH PHU,3.0,8909.901678166938,False,0.0,5.75,,,,,,,,False,False,False,False,
1,stackelberg_pricing_fallback,OREO CHOCOLATE 110.4/105G,6,surplus_ratio,MM BINH DUONG,MM AN PHU,6.180250802982753,-5062.0975079640675,False,0.1,7.768879580613806,,,,,,,,False,False,False,False,
1,stackelberg_pricing_fallback,OREO CHOCOLATE 110.4/105G,6,surplus_ratio,MM BINH DUONG,MM BINH PHU,6.180250802982753,-0.47210032119310164,False,0.1,7.768879580613806,,,,,,,,False,False,False,False,
1,stackelberg_pricing_fallback,OREO CHOCOLATE 110.4/105G,6,surplus_ratio,MM BINH DUONG,MM DA NANG,6.180250802982753,-0.47210032119310164,False,0.1,7.768879580613806,,,,,,,,False,False,False,False,
1,after_stackelberg,OREO CHOCOLATE 110.4/105G,6,time_urgency,MM BINH DUONG,MM AN PHU,6.180250802982753,-5062.0975079640675,False,0.0,7.768879580613806,,,,,,,,False,False,False,False,
1,after_stackelberg,OREO CHOCOLATE 110.4/105G,6,time_urgency,MM BINH DUONG,MM DA NANG,6.180250802982753,-0.47210032119310164,False,0.0,7.768879580613806,,,,,,,,False,False,False,False,
1,after_stackelberg,OREO CHOCOLATE 110.4/105G,6,time_urgency,MM BINH DUONG,MM BINH PHU,6.180250802982753,-0.47210032119310164,False,0.0,7.768879580613806,,,,,,,,False,False,False,False,
1,after_stackelberg,OREO CHOCOLATE 110.4/105G,6,time_urgency,MM DA NANG,MM AN PHU,3.0,6452.90167816694,False,0.0,5.75,,,,,,,,False,False,False,False,
1,after_stackelberg,OREO CHOCOLATE 110.4/105G,6,time_urgency,MM DA NANG,MM BINH PHU,3.0,8909.901678166938,False,0.0,5.75,,,,,,,,False,False,False,False,
1,stackelberg_pricing_fallback,OREO CHOCOLATE 110.4/105G,6,time_urgency,MM BINH DUONG,MM AN PHU,6.180250802982753,-5062.0975079640675,False,0.1,7.768879580613806,,,,,,,,False,False,False,False,
1,stackelberg_pricing_fallback,OREO CHOCOLATE 110.4/105G,6,time_urgency,MM BINH DUONG,MM DA NANG,6.180250802982753,-0.47210032119310164,False,0.1,7.768879580613806,,,,,,,,False,False,False,False,
1,stackelberg_pricing_fallback,OREO CHOCOLATE 110.4/105G,6,time_urgency,MM BINH DUONG,MM BINH PHU,6.180250802982753,-0.47210032119310164,False,0.1,7.768879580613806,,,,,,,,False,False,False,False,
1,after_stackelberg,OREO CHOCOLATE 110.4/105G,6,negative_reduced_cost,MM BINH DUONG,MM AN PHU,6.180250802982753,-5062.0975079640675,False,0.0,7.768879580613806,,,,,,,,False,False,False,False,
1,after_stackelberg,OREO CHOCOLATE 110.4/105G,6,negative_reduced_cost,MM BINH DUONG,MM BINH PHU,6.180250802982753,-0.47210032119310164,False,0.0,7.768879580613806,,,,,,,,False,False,False,False,
1,after_stackelberg,OREO CHOCOLATE 110.4/105G,6,negative_reduced_cost,MM BINH DUONG,MM DA NANG,6.180250802982753,-0.47210032119310164,False,0.0,7.768879580613806,,,,,,,,False,False,False,False,
1,after_stackelberg,OREO CHOCOLATE 110.4/105G,6,negative_reduced_cost,MM DA NANG,MM AN PHU,3.0,6452.90167816694,False,0.0,5.75,,,,,,,,False,False,False,False,
1,after_stackelberg,OREO CHOCOLATE 110.4/105G,6,negative_reduced_cost,MM DA NANG,MM BINH PHU,3.0,8909.901678166938,False,0.0,5.75,,,,,,,,False,False,False,False,
1,stackelberg_pricing_fallback,OREO CHOCOLATE 110.4/105G,6,negative_reduced_cost,MM BINH DUONG,MM AN PHU,6.180250802982753,-5062.0975079640675,False,0.1,7.768879580613806,,,,,,,,False,False,False,False,
1,stackelberg_pricing_fallback,OREO CHOCOLATE 110.4/105G,6,negative_reduced_cost,MM BINH DUONG,MM BINH PHU,6.180250802982753,-0.47210032119310164,False,0.1,7.768879580613806,,,,,,,,False,False,False,False,
1,stackelberg_pricing_fallback,OREO CHOCOLATE 110.4/105G,6,negative_reduced_cost,MM BINH DUONG,MM DA NANG,6.180250802982753,-0.47210032119310164,False,0.1,7.768879580613806,,,,,,,,False,False,False,False,
1,pricing_dedup_rejected_before_gnn,OREO CHOCOLATE 110.4/105G,2,surplus_ratio,MM AN PHU,MM DA NANG,13.321023298631342,,,0.1,11.253427,PRICED_E1_surplus_ratio_OREO CHOCOLATE 110.4/105G_T2_1,-3.328409,,,,,,False,True,False,False,"('OREO CHOCOLATE 110.4/105G', 2, (('MM AN PHU', 'MM DA NANG', 13.321023),))"
1,pricing_dedup_rejected_before_gnn,OREO CHOCOLATE 110.4/105G,2,time_urgency,MM AN PHU,MM DA NANG,13.321023298631342,,,0.1,11.253427,PRICED_E1_time_urgency_OREO CHOCOLATE 110.4/105G_T2_1,-3.328409,,,,,,False,True,False,False,"('OREO CHOCOLATE 110.4/105G', 2, (('MM AN PHU', 'MM DA NANG', 13.321023),))"
1,pricing_dedup_rejected_before_gnn,OREO CHOCOLATE 110.4/105G,2,negative_reduced_cost,MM AN PHU,MM DA NANG,13.321023298631342,,,0.1,11.253427,PRICED_E1_negative_reduced_cost_OREO CHOCOLATE 110.4/105G_T2_1,-3.328409,,,,,,False,True,False,False,"('OREO CHOCOLATE 110.4/105G', 2, (('MM AN PHU', 'MM DA NANG', 13.321023),))"
1,pricing_dedup_rejected_before_gnn,OREO CHOCOLATE 110.4/105G,6,surplus_ratio,MM BINH DUONG,MM AN PHU,6.180250802982753,,,0.1,7.76888,PRICED_E1_surplus_ratio_OREO CHOCOLATE 110.4/105G_T6_1,-5062.097508,,,,,,False,True,False,False,"('OREO CHOCOLATE 110.4/105G', 6, (('MM BINH DUONG', 'MM AN PHU', 6.180251),))"
1,pricing_dedup_rejected_before_gnn,OREO CHOCOLATE 110.4/105G,6,surplus_ratio,MM BINH DUONG,MM BINH PHU,6.180250802982753,,,0.1,7.76888,PRICED_E1_surplus_ratio_OREO CHOCOLATE 110.4/105G_T6_2,-0.4721,,,,,,False,True,False,False,"('OREO CHOCOLATE 110.4/105G', 6, (('MM BINH DUONG', 'MM BINH PHU', 6.180251),))"
1,pricing_dedup_rejected_before_gnn,OREO CHOCOLATE 110.4/105G,6,surplus_ratio,MM BINH DUONG,MM DA NANG,6.180250802982753,,,0.1,7.76888,PRICED_E1_surplus_ratio_OREO CHOCOLATE 110.4/105G_T6_3,-0.4721,,,,,,False,True,False,False,"('OREO CHOCOLATE 110.4/105G', 6, (('MM BINH DUONG', 'MM DA NANG', 6.180251),))"
1,pricing_dedup_rejected_before_gnn,OREO CHOCOLATE 110.4/105G,6,time_urgency,MM BINH DUONG,MM AN PHU,6.180250802982753,,,0.1,7.76888,PRICED_E1_time_urgency_OREO CHOCOLATE 110.4/105G_T6_1,-5062.097508,,,,,,False,True,False,False,"('OREO CHOCOLATE 110.4/105G', 6, (('MM BINH DUONG', 'MM AN PHU', 6.180251),))"
1,pricing_dedup_rejected_before_gnn,OREO CHOCOLATE 110.4/105G,6,time_urgency,MM BINH DUONG,MM DA NANG,6.180250802982753,,,0.1,7.76888,PRICED_E1_time_urgency_OREO CHOCOLATE 110.4/105G_T6_2,-0.4721,,,,,,False,True,False,False,"('OREO CHOCOLATE 110.4/105G', 6, (('MM BINH DUONG', 'MM DA NANG', 6.180251),))"
1,pricing_dedup_rejected_before_gnn,OREO CHOCOLATE 110.4/105G,6,time_urgency,MM BINH DUONG,MM BINH PHU,6.180250802982753,,,0.1,7.76888,PRICED_E1_time_urgency_OREO CHOCOLATE 110.4/105G_T6_3,-0.4721,,,,,,False,True,False,False,"('OREO CHOCOLATE 110.4/105G', 6, (('MM BINH DUONG', 'MM BINH PHU', 6.180251),))"
1,pricing_dedup_rejected_before_gnn,OREO CHOCOLATE 110.4/105G,6,negative_reduced_cost,MM BINH DUONG,MM AN PHU,6.180250802982753,,,0.1,7.76888,PRICED_E1_negative_reduced_cost_OREO CHOCOLATE 110.4/105G_T6_1,-5062.097508,,,,,,False,True,False,False,"('OREO CHOCOLATE 110.4/105G', 6, (('MM BINH DUONG', 'MM AN PHU', 6.180251),))"
1,pricing_dedup_rejected_before_gnn,OREO CHOCOLATE 110.4/105G,6,negative_reduced_cost,MM BINH DUONG,MM BINH PHU,6.180250802982753,,,0.1,7.76888,PRICED_E1_negative_reduced_cost_OREO CHOCOLATE 110.4/105G_T6_2,-0.4721,,,,,,False,True,False,False,"('OREO CHOCOLATE 110.4/105G', 6, (('MM BINH DUONG', 'MM BINH PHU', 6.180251),))"
1,pricing_dedup_rejected_before_gnn,OREO CHOCOLATE 110.4/105G,6,negative_reduced_cost,MM BINH DUONG,MM DA NANG,6.180250802982753,,,0.1,7.76888,PRICED_E1_negative_reduced_cost_OREO CHOCOLATE 110.4/105G_T6_3,-0.4721,,,,,,False,True,False,False,"('OREO CHOCOLATE 110.4/105G', 6, (('MM BINH DUONG', 'MM DA NANG', 6.180251),))"
1,teacher_full_batch_recorded_before_rmp,OREO CHOCOLATE 110.4/105G,2,shortage_ratio,MM AN PHU,MM DA NANG,13.321023298631342,,,0.1,11.253427,PRICED_E1_shortage_ratio_OREO CHOCOLATE 110.4/105G_T2_1,-3.328409,,,False,False,4.0,False,False,False,False,"(('MM AN PHU', 'MM DA NANG', 13.321023),)"
1,teacher_full_batch_recorded_before_rmp,OREO CHOCOLATE 110.4/105G,6,shortage_ratio,MM BINH DUONG,MM AN PHU,6.180250802982753,,,0.1,7.76888,PRICED_E1_shortage_ratio_OREO CHOCOLATE 110.4/105G_T6_1,-5062.097508,,,False,False,4.0,False,False,False,False,"(('MM BINH DUONG', 'MM AN PHU', 6.180251),)"
1,teacher_full_batch_recorded_before_rmp,OREO CHOCOLATE 110.4/105G,6,shortage_ratio,MM BINH DUONG,MM BINH PHU,6.180250802982753,,,0.1,7.76888,PRICED_E1_shortage_ratio_OREO CHOCOLATE 110.4/105G_T6_2,-0.4721,,,False,False,4.0,False,False,False,False,"(('MM BINH DUONG', 'MM BINH PHU', 6.180251),)"
1,teacher_full_batch_recorded_before_rmp,OREO CHOCOLATE 110.4/105G,6,shortage_ratio,MM BINH DUONG,MM DA NANG,6.180250802982753,,,0.1,7.76888,PRICED_E1_shortage_ratio_OREO CHOCOLATE 110.4/105G_T6_3,-0.4721,,,False,False,4.0,False,False,False,False,"(('MM BINH DUONG', 'MM DA NANG', 6.180251),)"
1,add_patterns_rejected,OREO CHOCOLATE 110.4/105G,2,shortage_ratio,MM AN PHU,MM DA NANG,13.321023298631342,,,0.1,11.253427,PRICED_E1_shortage_ratio_OREO CHOCOLATE 110.4/105G_T2_1,-3.328409,,,False,False,4.0,True,False,False,False,"('OREO CHOCOLATE 110.4/105G', 2, (('MM AN PHU', 'MM DA NANG', 13.321023),))"
1,add_patterns_rejected,OREO CHOCOLATE 110.4/105G,6,shortage_ratio,MM BINH DUONG,MM AN PHU,6.180250802982753,,,0.1,7.76888,PRICED_E1_shortage_ratio_OREO CHOCOLATE 110.4/105G_T6_1,-5062.097508,,,False,False,4.0,True,False,False,False,"('OREO CHOCOLATE 110.4/105G', 6, (('MM BINH DUONG', 'MM AN PHU', 6.180251),))"
1,add_patterns_rejected,OREO CHOCOLATE 110.4/105G,6,shortage_ratio,MM BINH DUONG,MM BINH PHU,6.180250802982753,,,0.1,7.76888,PRICED_E1_shortage_ratio_OREO CHOCOLATE 110.4/105G_T6_2,-0.4721,,,False,False,4.0,True,False,False,False,"('OREO CHOCOLATE 110.4/105G', 6, (('MM BINH DUONG', 'MM BINH PHU', 6.180251),))"
1,add_patterns_rejected,OREO CHOCOLATE 110.4/105G,6,shortage_ratio,MM BINH DUONG,MM DA NANG,6.180250802982753,,,0.1,7.76888,PRICED_E1_shortage_ratio_OREO CHOCOLATE 110.4/105G_T6_3,-0.4721,,,False,False,4.0,True,False,False,False,"('OREO CHOCOLATE 110.4/105G', 6, (('MM BINH DUONG', 'MM DA NANG', 6.180251),))"
1,after_stackelberg,OREO CHOCOLATE 110.4/105G,2,shortage_ratio,MM HIEP PHU,MM AN PHU,1.3895453508501916,1.4441818596599232,False,0.0,4.615237559479134,,,,,,,,False,False,False,False,
1,after_stackelberg,OREO CHOCOLATE 110.4/105G,2,shortage_ratio,MM AN PHU,MM DA NANG,13.321023298631342,-3.328409319452536,False,0.0,11.253427329867487,,,,,,,,False,False,False,False,
1,after_stackelberg,OREO CHOCOLATE 110.4/105G,2,shortage_ratio,MM HIEP PHU,MM DA NANG,1.3895453508501916,1.4441818596599232,False,0.0,4.615237559479134,,,,,,,,False,False,False,False,
1,stackelberg_pricing_fallback,OREO CHOCOLATE 110.4/105G,2,shortage_ratio,MM AN PHU,MM DA NANG,13.321023298631342,-3.328409319452536,False,0.1,11.253427329867487,,,,,,,,False,False,False,False,
1,after_stackelberg,OREO CHOCOLATE 110.4/105G,2,surplus_ratio,MM AN PHU,MM DA NANG,13.321023298631342,-3.328409319452536,False,0.0,11.253427329867487,,,,,,,,False,False,False,False,
1,after_stackelberg,OREO CHOCOLATE 110.4/105G,2,surplus_ratio,MM HIEP PHU,MM AN PHU,1.3895453508501916,1.4441818596599232,False,0.0,4.615237559479134,,,,,,,,False,False,False,False,
1,after_stackelberg,OREO CHOCOLATE 110.4/105G,2,surplus_ratio,MM HIEP PHU,MM DA NANG,1.3895453508501916,1.4441818596599232,False,0.0,4.615237559479134,,,,,,,,False,False,False,False,
1,stackelberg_pricing_fallback,OREO CHOCOLATE 110.4/105G,2,surplus_ratio,MM AN PHU,MM DA NANG,13.321023298631342,-3.328409319452536,False,0.1,11.253427329867487,,,,,,,,False,False,False,False,
1,after_stackelberg,OREO CHOCOLATE 110.4/105G,2,time_urgency,MM HIEP PHU,MM AN PHU,1.3895453508501916,1.4441818596599232,False,0.0,4.615237559479134,,,,,,,,False,False,False,False,
1,after_stackelberg,OREO CHOCOLATE 110.4/105G,2,time_urgency,MM AN PHU,MM DA NANG,13.321023298631342,-3.328409319452536,False,0.0,11.253427329867487,,,,,,,,False,False,False,False,
1,after_stackelberg,OREO CHOCOLATE 110.4/105G,2,time_urgency,MM HIEP PHU,MM DA NANG,1.3895453508501916,1.4441818596599232,False,0.0,4.615237559479134,,,,,,,,False,False,False,False,
1,stackelberg_pricing_fallback,OREO CHOCOLATE 110.4/105G,2,time_urgency,MM AN PHU,MM DA NANG,13.321023298631342,-3.328409319452536,False,0.1,11.253427329867487,,,,,,,,False,False,False,False,
1,after_stackelberg,OREO CHOCOLATE 110.4/105G,2,negative_reduced_cost,MM AN PHU,MM DA NANG,13.321023298631342,-3.328409319452536,False,0.0,11.253427329867487,,,,,,,,False,False,False,False,
1,after_stackelberg,OREO CHOCOLATE 110.4/105G,2,negative_reduced_cost,MM HIEP PHU,MM AN PHU,1.3895453508501916,1.4441818596599232,False,0.0,4.615237559479134,,,,,,,,False,False,False,False,
1,after_stackelberg,OREO CHOCOLATE 110.4/105G,2,negative_reduced_cost,MM HIEP PHU,MM DA NANG,1.3895453508501916,1.4441818596599232,False,0.0,4.615237559479134,,,,,,,,False,False,False,False,
1,stackelberg_pricing_fallback,OREO CHOCOLATE 110.4/105G,2,negative_reduced_cost,MM AN PHU,MM DA NANG,13.321023298631342,-3.328409319452536,False,0.1,11.253427329867487,,,,,,,,False,False,False,False,
1,after_stackelberg,OREO CHOCOLATE 110.4/105G,5,shortage_ratio,MM BINH PHU,MM AN PHU,0.47217500780563704,0.30494938726536325,False,0.0,3.8040379374543587,,,,,,,,False,False,False,False,
1,after_stackelberg,OREO CHOCOLATE 110.4/105G,5,surplus_ratio,MM BINH PHU,MM AN PHU,0.47217500780563704,0.30494938726536325,False,0.0,3.8040379374543587,,,,,,,,False,False,False,False,
1,after_stackelberg,OREO CHOCOLATE 110.4/105G,5,time_urgency,MM BINH PHU,MM AN PHU,0.47217500780563704,0.30494938726536325,False,0.0,3.8040379374543587,,,,,,,,False,False,False,False,
1,after_stackelberg,OREO CHOCOLATE 110.4/105G,5,negative_reduced_cost,MM BINH PHU,MM AN PHU,0.47217500780563704,0.30494938726536325,False,0.0,3.8040379374543587,,,,,,,,False,False,False,False,
1,after_stackelberg,OREO CHOCOLATE 110.4/105G,6,shortage_ratio,MM BINH DUONG,MM AN PHU,6.180250802982753,-5062.0975079640675,False,0.0,7.768879580613806,,,,,,,,False,False,False,False,
1,after_stackelberg,OREO CHOCOLATE 110.4/105G,6,shortage_ratio,MM BINH DUONG,MM BINH PHU,6.180250802982753,-0.47210032119310164,False,0.0,7.768879580613806,,,,,,,,False,False,False,False,
1,after_stackelberg,OREO CHOCOLATE 110.4/105G,6,shortage_ratio,MM BINH DUONG,MM DA NANG,5.860533677497042,-0.3442134709988167,False,0.0,7.470443537225906,,,,,,,,False,False,False,False,
1,after_stackelberg,OREO CHOCOLATE 110.4/105G,6,shortage_ratio,MM DA NANG,MM AN PHU,3.0,5057.425558230611,False,0.0,5.75,,,,,,,,False,False,False,False,
1,after_stackelberg,OREO CHOCOLATE 110.4/105G,6,shortage_ratio,MM DA NANG,MM BINH PHU,3.0,7514.425558230611,False,0.0,5.75,,,,,,,,False,False,False,False,
1,stackelberg_pricing_fallback,OREO CHOCOLATE 110.4/105G,6,shortage_ratio,MM BINH DUONG,MM AN PHU,6.180250802982753,-5062.0975079640675,False,0.1,7.768879580613806,,,,,,,,False,False,False,False,
1,stackelberg_pricing_fallback,OREO CHOCOLATE 110.4/105G,6,shortage_ratio,MM BINH DUONG,MM BINH PHU,6.180250802982753,-0.47210032119310164,False,0.1,7.768879580613806,,,,,,,,False,False,False,False,
1,stackelberg_pricing_fallback,OREO CHOCOLATE 110.4/105G,6,shortage_ratio,MM BINH DUONG,MM DA NANG,5.860533677497042,-0.3442134709988167,False,0.1,7.470443537225906,,,,,,,,False,False,False,False,
1,after_stackelberg,OREO CHOCOLATE 110.4/105G,6,surplus_ratio,MM BINH DUONG,MM AN PHU,6.180250802982753,-5062.0975079640675,False,0.0,7.768879580613806,,,,,,,,False,False,False,False,
1,after_stackelberg,OREO CHOCOLATE 110.4/105G,6,surplus_ratio,MM BINH DUONG,MM BINH PHU,6.180250802982753,-0.47210032119310164,False,0.0,7.768879580613806,,,,,,,,False,False,False,False,
1,after_stackelberg,OREO CHOCOLATE 110.4/105G,6,surplus_ratio,MM BINH DUONG,MM DA NANG,5.860533677497042,-0.3442134709988167,False,0.0,7.470443537225906,,,,,,,,False,False,False,False,
1,after_stackelberg,OREO CHOCOLATE 110.4/105G,6,surplus_ratio,MM DA NANG,MM AN PHU,3.0,5057.425558230611,False,0.0,5.75,,,,,,,,False,False,False,False,
1,after_stackelberg,OREO CHOCOLATE 110.4/105G,6,surplus_ratio,MM DA NANG,MM BINH PHU,3.0,7514.425558230611,False,0.0,5.75,,,,,,,,False,False,False,False,
1,stackelberg_pricing_fallback,OREO CHOCOLATE 110.4/105G,6,surplus_ratio,MM BINH DUONG,MM AN PHU,6.180250802982753,-5062.0975079640675,False,0.1,7.768879580613806,,,,,,,,False,False,False,False,
1,stackelberg_pricing_fallback,OREO CHOCOLATE 110.4/105G,6,surplus_ratio,MM BINH DUONG,MM BINH PHU,6.180250802982753,-0.47210032119310164,False,0.1,7.768879580613806,,,,,,,,False,False,False,False,
1,stackelberg_pricing_fallback,OREO CHOCOLATE 110.4/105G,6,surplus_ratio,MM BINH DUONG,MM DA NANG,5.860533677497042,-0.3442134709988167,False,0.1,7.470443537225906,,,,,,,,False,False,False,False,
1,after_stackelberg,OREO CHOCOLATE 110.4/105G,6,time_urgency,MM BINH DUONG,MM AN PHU,6.180250802982753,-5062.0975079640675,False,0.0,7.768879580613806,,,,,,,,False,False,False,False,
1,after_stackelberg,OREO CHOCOLATE 110.4/105G,6,time_urgency,MM BINH DUONG,MM DA NANG,5.860533677497042,-0.3442134709988167,False,0.0,7.470443537225906,,,,,,,,False,False,False,False,
1,after_stackelberg,OREO CHOCOLATE 110.4/105G,6,time_urgency,MM BINH DUONG,MM BINH PHU,6.180250802982753,-0.47210032119310164,False,0.0,7.768879580613806,,,,,,,,False,False,False,False,
1,after_stackelberg,OREO CHOCOLATE 110.4/105G,6,time_urgency,MM DA NANG,MM AN PHU,3.0,5057.425558230611,False,0.0,5.75,,,,,,,,False,False,False,False,
1,after_stackelberg,OREO CHOCOLATE 110.4/105G,6,time_urgency,MM DA NANG,MM BINH PHU,3.0,7514.425558230611,False,0.0,5.75,,,,,,,,False,False,False,False,
1,stackelberg_pricing_fallback,OREO CHOCOLATE 110.4/105G,6,time_urgency,MM BINH DUONG,MM AN PHU,6.180250802982753,-5062.0975079640675,False,0.1,7.768879580613806,,,,,,,,False,False,False,False,
1,stackelberg_pricing_fallback,OREO CHOCOLATE 110.4/105G,6,time_urgency,MM BINH DUONG,MM BINH PHU,6.180250802982753,-0.47210032119310164,False,0.1,7.768879580613806,,,,,,,,False,False,False,False,
1,stackelberg_pricing_fallback,OREO CHOCOLATE 110.4/105G,6,time_urgency,MM BINH DUONG,MM DA NANG,5.860533677497042,-0.3442134709988167,False,0.1,7.470443537225906,,,,,,,,False,False,False,False,
1,after_stackelberg,OREO CHOCOLATE 110.4/105G,6,negative_reduced_cost,MM BINH DUONG,MM AN PHU,6.180250802982753,-5062.0975079640675,False,0.0,7.768879580613806,,,,,,,,False,False,False,False,
1,after_stackelberg,OREO CHOCOLATE 110.4/105G,6,negative_reduced_cost,MM BINH DUONG,MM BINH PHU,6.180250802982753,-0.47210032119310164,False,0.0,7.768879580613806,,,,,,,,False,False,False,False,
1,after_stackelberg,OREO CHOCOLATE 110.4/105G,6,negative_reduced_cost,MM BINH DUONG,MM DA NANG,5.860533677497042,-0.3442134709988167,False,0.0,7.470443537225906,,,,,,,,False,False,False,False,
1,after_stackelberg,OREO CHOCOLATE 110.4/105G,6,negative_reduced_cost,MM DA NANG,MM AN PHU,3.0,5057.425558230611,False,0.0,5.75,,,,,,,,False,False,False,False,
1,after_stackelberg,OREO CHOCOLATE 110.4/105G,6,negative_reduced_cost,MM DA NANG,MM BINH PHU,3.0,7514.425558230611,False,0.0,5.75,,,,,,,,False,False,False,False,
1,stackelberg_pricing_fallback,OREO CHOCOLATE 110.4/105G,6,negative_reduced_cost,MM BINH DUONG,MM AN PHU,6.180250802982753,-5062.0975079640675,False,0.1,7.768879580613806,,,,,,,,False,False,False,False,
1,stackelberg_pricing_fallback,OREO CHOCOLATE 110.4/105G,6,negative_reduced_cost,MM BINH DUONG,MM BINH PHU,6.180250802982753,-0.47210032119310164,False,0.1,7.768879580613806,,,,,,,,False,False,False,False,
1,stackelberg_pricing_fallback,OREO CHOCOLATE 110.4/105G,6,negative_reduced_cost,MM BINH DUONG,MM DA NANG,5.860533677497042,-0.3442134709988167,False,0.1,7.470443537225906,,,,,,,,False,False,False,False,
1,pricing_dedup_rejected_before_gnn,OREO CHOCOLATE 110.4/105G,2,surplus_ratio,MM AN PHU,MM DA NANG,13.321023298631342,,,0.1,11.253427,PRICED_E1_surplus_ratio_OREO CHOCOLATE 110.4/105G_T2_1,-3.328409,,,,,,False,True,False,False,"('OREO CHOCOLATE 110.4/105G', 2, (('MM AN PHU', 'MM DA NANG', 13.321023),))"
1,pricing_dedup_rejected_before_gnn,OREO CHOCOLATE 110.4/105G,2,time_urgency,MM AN PHU,MM DA NANG,13.321023298631342,,,0.1,11.253427,PRICED_E1_time_urgency_OREO CHOCOLATE 110.4/105G_T2_1,-3.328409,,,,,,False,True,False,False,"('OREO CHOCOLATE 110.4/105G', 2, (('MM AN PHU', 'MM DA NANG', 13.321023),))"
1,pricing_dedup_rejected_before_gnn,OREO CHOCOLATE 110.4/105G,2,negative_reduced_cost,MM AN PHU,MM DA NANG,13.321023298631342,,,0.1,11.253427,PRICED_E1_negative_reduced_cost_OREO CHOCOLATE 110.4/105G_T2_1,-3.328409,,,,,,False,True,False,False,"('OREO CHOCOLATE 110.4/105G', 2, (('MM AN PHU', 'MM DA NANG', 13.321023),))"
1,pricing_dedup_rejected_before_gnn,OREO CHOCOLATE 110.4/105G,6,surplus_ratio,MM BINH DUONG,MM AN PHU,6.180250802982753,,,0.1,7.669401,PRICED_E1_surplus_ratio_OREO CHOCOLATE 110.4/105G_T6_1,-5062.097508,,,,,,False,True,False,False,"('OREO CHOCOLATE 110.4/105G', 6, (('MM BINH DUONG', 'MM AN PHU', 6.180251),))"
1,pricing_dedup_rejected_before_gnn,OREO CHOCOLATE 110.4/105G,6,surplus_ratio,MM BINH DUONG,MM BINH PHU,6.180250802982753,,,0.1,7.669401,PRICED_E1_surplus_ratio_OREO CHOCOLATE 110.4/105G_T6_2,-0.4721,,,,,,False,True,False,False,"('OREO CHOCOLATE 110.4/105G', 6, (('MM BINH DUONG', 'MM BINH PHU', 6.180251),))"
1,pricing_dedup_rejected_before_gnn,OREO CHOCOLATE 110.4/105G,6,surplus_ratio,MM BINH DUONG,MM DA NANG,5.860533677497042,,,0.1,7.669401,PRICED_E1_surplus_ratio_OREO CHOCOLATE 110.4/105G_T6_3,-260.320426,,,,,,False,True,False,False,"('OREO CHOCOLATE 110.4/105G', 6, (('MM BINH DUONG', 'MM AN PHU', 0.319717), ('MM BINH DUONG', 'MM DA NANG', 5.860534)))"
1,pricing_dedup_rejected_before_gnn,OREO CHOCOLATE 110.4/105G,6,surplus_ratio,MM BINH DUONG,MM AN PHU,0.3197171254857114,,,0.1,7.669401,PRICED_E1_surplus_ratio_OREO CHOCOLATE 110.4/105G_T6_3,-260.320426,,,,,,False,True,False,False,"('OREO CHOCOLATE 110.4/105G', 6, (('MM BINH DUONG', 'MM AN PHU', 0.319717), ('MM BINH DUONG', 'MM DA NANG', 5.860534)))"
1,pricing_dedup_rejected_before_gnn,OREO CHOCOLATE 110.4/105G,6,time_urgency,MM BINH DUONG,MM AN PHU,6.180250802982753,,,0.1,7.669401,PRICED_E1_time_urgency_OREO CHOCOLATE 110.4/105G_T6_1,-5062.097508,,,,,,False,True,False,False,"('OREO CHOCOLATE 110.4/105G', 6, (('MM BINH DUONG', 'MM AN PHU', 6.180251),))"
1,pricing_dedup_rejected_before_gnn,OREO CHOCOLATE 110.4/105G,6,time_urgency,MM BINH DUONG,MM BINH PHU,6.180250802982753,,,0.1,7.669401,PRICED_E1_time_urgency_OREO CHOCOLATE 110.4/105G_T6_2,-0.4721,,,,,,False,True,False,False,"('OREO CHOCOLATE 110.4/105G', 6, (('MM BINH DUONG', 'MM BINH PHU', 6.180251),))"
1,pricing_dedup_rejected_before_gnn,OREO CHOCOLATE 110.4/105G,6,time_urgency,MM BINH DUONG,MM DA NANG,5.860533677497042,,,0.1,7.669401,PRICED_E1_time_urgency_OREO CHOCOLATE 110.4/105G_T6_3,-260.320426,,,,,,False,True,False,False,"('OREO CHOCOLATE 110.4/105G', 6, (('MM BINH DUONG', 'MM AN PHU', 0.319717), ('MM BINH DUONG', 'MM DA NANG', 5.860534)))"
1,pricing_dedup_rejected_before_gnn,OREO CHOCOLATE 110.4/105G,6,time_urgency,MM BINH DUONG,MM AN PHU,0.3197171254857114,,,0.1,7.669401,PRICED_E1_time_urgency_OREO CHOCOLATE 110.4/105G_T6_3,-260.320426,,,,,,False,True,False,False,"('OREO CHOCOLATE 110.4/105G', 6, (('MM BINH DUONG', 'MM AN PHU', 0.319717), ('MM BINH DUONG', 'MM DA NANG', 5.860534)))"
1,pricing_dedup_rejected_before_gnn,OREO CHOCOLATE 110.4/105G,6,negative_reduced_cost,MM BINH DUONG,MM AN PHU,6.180250802982753,,,0.1,7.669401,PRICED_E1_negative_reduced_cost_OREO CHOCOLATE 110.4/105G_T6_1,-5062.097508,,,,,,False,True,False,False,"('OREO CHOCOLATE 110.4/105G', 6, (('MM BINH DUONG', 'MM AN PHU', 6.180251),))"
1,pricing_dedup_rejected_before_gnn,OREO CHOCOLATE 110.4/105G,6,negative_reduced_cost,MM BINH DUONG,MM BINH PHU,6.180250802982753,,,0.1,7.669401,PRICED_E1_negative_reduced_cost_OREO CHOCOLATE 110.4/105G_T6_2,-0.4721,,,,,,False,True,False,False,"('OREO CHOCOLATE 110.4/105G', 6, (('MM BINH DUONG', 'MM BINH PHU', 6.180251),))"
1,pricing_dedup_rejected_before_gnn,OREO CHOCOLATE 110.4/105G,6,negative_reduced_cost,MM BINH DUONG,MM DA NANG,5.860533677497042,,,0.1,7.669401,PRICED_E1_negative_reduced_cost_OREO CHOCOLATE 110.4/105G_T6_3,-260.320426,,,,,,False,True,False,False,"('OREO CHOCOLATE 110.4/105G', 6, (('MM BINH DUONG', 'MM AN PHU', 0.319717), ('MM BINH DUONG', 'MM DA NANG', 5.860534)))"
1,pricing_dedup_rejected_before_gnn,OREO CHOCOLATE 110.4/105G,6,negative_reduced_cost,MM BINH DUONG,MM AN PHU,0.3197171254857114,,,0.1,7.669401,PRICED_E1_negative_reduced_cost_OREO CHOCOLATE 110.4/105G_T6_3,-260.320426,,,,,,False,True,False,False,"('OREO CHOCOLATE 110.4/105G', 6, (('MM BINH DUONG', 'MM AN PHU', 0.319717), ('MM BINH DUONG', 'MM DA NANG', 5.860534)))"
1,teacher_full_batch_recorded_before_rmp,OREO CHOCOLATE 110.4/105G,2,shortage_ratio,MM AN PHU,MM DA NANG,13.321023298631342,,,0.1,11.253427,PRICED_E1_shortage_ratio_OREO CHOCOLATE 110.4/105G_T2_1,-3.328409,,,False,False,4.0,False,False,False,False,"(('MM AN PHU', 'MM DA NANG', 13.321023),)"
1,teacher_full_batch_recorded_before_rmp,OREO CHOCOLATE 110.4/105G,6,shortage_ratio,MM BINH DUONG,MM AN PHU,6.180250802982753,,,0.1,7.669401,PRICED_E1_shortage_ratio_OREO CHOCOLATE 110.4/105G_T6_1,-5062.097508,,,False,False,4.0,False,False,False,False,"(('MM BINH DUONG', 'MM AN PHU', 6.180251),)"
1,teacher_full_batch_recorded_before_rmp,OREO CHOCOLATE 110.4/105G,6,shortage_ratio,MM BINH DUONG,MM DA NANG,5.860533677497042,,,0.1,7.669401,PRICED_E1_shortage_ratio_OREO CHOCOLATE 110.4/105G_T6_3,-260.320426,,,False,False,4.0,False,False,False,False,"(('MM BINH DUONG', 'MM AN PHU', 0.319717), ('MM BINH DUONG', 'MM DA NANG', 5.860534))"
1,teacher_full_batch_recorded_before_rmp,OREO CHOCOLATE 110.4/105G,6,shortage_ratio,MM BINH DUONG,MM AN PHU,0.3197171254857114,,,0.1,7.669401,PRICED_E1_shortage_ratio_OREO CHOCOLATE 110.4/105G_T6_3,-260.320426,,,False,False,4.0,False,False,False,False,"(('MM BINH DUONG', 'MM AN PHU', 0.319717), ('MM BINH DUONG', 'MM DA NANG', 5.860534))"
1,teacher_full_batch_recorded_before_rmp,OREO CHOCOLATE 110.4/105G,6,shortage_ratio,MM BINH DUONG,MM BINH PHU,6.180250802982753,,,0.1,7.669401,PRICED_E1_shortage_ratio_OREO CHOCOLATE 110.4/105G_T6_2,-0.4721,,,False,False,4.0,False,False,False,False,"(('MM BINH DUONG', 'MM BINH PHU', 6.180251),)"
1,add_patterns_rejected,OREO CHOCOLATE 110.4/105G,2,shortage_ratio,MM AN PHU,MM DA NANG,13.321023298631342,,,0.1,11.253427,PRICED_E1_shortage_ratio_OREO CHOCOLATE 110.4/105G_T2_1,-3.328409,,,False,False,4.0,True,False,False,False,"('OREO CHOCOLATE 110.4/105G', 2, (('MM AN PHU', 'MM DA NANG', 13.321023),))"
1,add_patterns_rejected,OREO CHOCOLATE 110.4/105G,6,shortage_ratio,MM BINH DUONG,MM AN PHU,6.180250802982753,,,0.1,7.669401,PRICED_E1_shortage_ratio_OREO CHOCOLATE 110.4/105G_T6_1,-5062.097508,,,False,False,4.0,True,False,False,False,"('OREO CHOCOLATE 110.4/105G', 6, (('MM BINH DUONG', 'MM AN PHU', 6.180251),))"
1,add_patterns_rejected,OREO CHOCOLATE 110.4/105G,6,shortage_ratio,MM BINH DUONG,MM DA NANG,5.860533677497042,,,0.1,7.669401,PRICED_E1_shortage_ratio_OREO CHOCOLATE 110.4/105G_T6_3,-260.320426,,,False,False,4.0,True,False,False,False,"('OREO CHOCOLATE 110.4/105G', 6, (('MM BINH DUONG', 'MM AN PHU', 0.319717), ('MM BINH DUONG', 'MM DA NANG', 5.860534)))"
1,add_patterns_rejected,OREO CHOCOLATE 110.4/105G,6,shortage_ratio,MM BINH DUONG,MM AN PHU,0.3197171254857114,,,0.1,7.669401,PRICED_E1_shortage_ratio_OREO CHOCOLATE 110.4/105G_T6_3,-260.320426,,,False,False,4.0,True,False,False,False,"('OREO CHOCOLATE 110.4/105G', 6, (('MM BINH DUONG', 'MM AN PHU', 0.319717), ('MM BINH DUONG', 'MM DA NANG', 5.860534)))"
1,add_patterns_rejected,OREO CHOCOLATE 110.4/105G,6,shortage_ratio,MM BINH DUONG,MM BINH PHU,6.180250802982753,,,0.1,7.669401,PRICED_E1_shortage_ratio_OREO CHOCOLATE 110.4/105G_T6_2,-0.4721,,,False,False,4.0,True,False,False,False,"('OREO CHOCOLATE 110.4/105G', 6, (('MM BINH DUONG', 'MM BINH PHU', 6.180251),))"
1,after_stackelberg,OREO CHOCOLATE 110.4/105G,2,shortage_ratio,MM HIEP PHU,MM AN PHU,1.3895453508501916,1.4441818596599232,False,0.0,4.615237559479134,,,,,,,,False,False,False,False,
1,after_stackelberg,OREO CHOCOLATE 110.4/105G,2,shortage_ratio,MM AN PHU,MM DA NANG,13.321023298631342,-3.328409319452536,False,0.0,11.253427329867487,,,,,,,,False,False,False,False,
1,after_stackelberg,OREO CHOCOLATE 110.4/105G,2,shortage_ratio,MM HIEP PHU,MM DA NANG,1.3895453508501916,1.4441818596599232,False,0.0,4.615237559479134,,,,,,,,False,False,False,False,
1,stackelberg_pricing_fallback,OREO CHOCOLATE 110.4/105G,2,shortage_ratio,MM AN PHU,MM DA NANG,13.321023298631342,-3.328409319452536,False,0.1,11.253427329867487,,,,,,,,False,False,False,False,
1,after_stackelberg,OREO CHOCOLATE 110.4/105G,2,surplus_ratio,MM AN PHU,MM DA NANG,13.321023298631342,-3.328409319452536,False,0.0,11.253427329867487,,,,,,,,False,False,False,False,
1,after_stackelberg,OREO CHOCOLATE 110.4/105G,2,surplus_ratio,MM HIEP PHU,MM AN PHU,1.3895453508501916,1.4441818596599232,False,0.0,4.615237559479134,,,,,,,,False,False,False,False,
1,after_stackelberg,OREO CHOCOLATE 110.4/105G,2,surplus_ratio,MM HIEP PHU,MM DA NANG,1.3895453508501916,1.4441818596599232,False,0.0,4.615237559479134,,,,,,,,False,False,False,False,
1,stackelberg_pricing_fallback,OREO CHOCOLATE 110.4/105G,2,surplus_ratio,MM AN PHU,MM DA NANG,13.321023298631342,-3.328409319452536,False,0.1,11.253427329867487,,,,,,,,False,False,False,False,
1,after_stackelberg,OREO CHOCOLATE 110.4/105G,2,time_urgency,MM HIEP PHU,MM AN PHU,1.3895453508501916,1.4441818596599232,False,0.0,4.615237559479134,,,,,,,,False,False,False,False,
1,after_stackelberg,OREO CHOCOLATE 110.4/105G,2,time_urgency,MM AN PHU,MM DA NANG,13.321023298631342,-3.328409319452536,False,0.0,11.253427329867487,,,,,,,,False,False,False,False,
1,after_stackelberg,OREO CHOCOLATE 110.4/105G,2,time_urgency,MM HIEP PHU,MM DA NANG,1.3895453508501916,1.4441818596599232,False,0.0,4.615237559479134,,,,,,,,False,False,False,False,
1,stackelberg_pricing_fallback,OREO CHOCOLATE 110.4/105G,2,time_urgency,MM AN PHU,MM DA NANG,13.321023298631342,-3.328409319452536,False,0.1,11.253427329867487,,,,,,,,False,False,False,False,
1,after_stackelberg,OREO CHOCOLATE 110.4/105G,2,negative_reduced_cost,MM AN PHU,MM DA NANG,13.321023298631342,-3.328409319452536,False,0.0,11.253427329867487,,,,,,,,False,False,False,False,
1,after_stackelberg,OREO CHOCOLATE 110.4/105G,2,negative_reduced_cost,MM HIEP PHU,MM AN PHU,1.3895453508501916,1.4441818596599232,False,0.0,4.615237559479134,,,,,,,,False,False,False,False,
1,after_stackelberg,OREO CHOCOLATE 110.4/105G,2,negative_reduced_cost,MM HIEP PHU,MM DA NANG,1.3895453508501916,1.4441818596599232,False,0.0,4.615237559479134,,,,,,,,False,False,False,False,
1,stackelberg_pricing_fallback,OREO CHOCOLATE 110.4/105G,2,negative_reduced_cost,MM AN PHU,MM DA NANG,13.321023298631342,-3.328409319452536,False,0.1,11.253427329867487,,,,,,,,False,False,False,False,
1,after_stackelberg,OREO CHOCOLATE 110.4/105G,5,shortage_ratio,MM BINH PHU,MM AN PHU,0.47217500780563704,0.30494938726536325,False,0.0,3.8040379374543587,,,,,,,,False,False,False,False,
1,after_stackelberg,OREO CHOCOLATE 110.4/105G,5,surplus_ratio,MM BINH PHU,MM AN PHU,0.47217500780563704,0.30494938726536325,False,0.0,3.8040379374543587,,,,,,,,False,False,False,False,
1,after_stackelberg,OREO CHOCOLATE 110.4/105G,5,time_urgency,MM BINH PHU,MM AN PHU,0.47217500780563704,0.30494938726536325,False,0.0,3.8040379374543587,,,,,,,,False,False,False,False,
1,after_stackelberg,OREO CHOCOLATE 110.4/105G,5,negative_reduced_cost,MM BINH PHU,MM AN PHU,0.47217500780563704,0.30494938726536325,False,0.0,3.8040379374543587,,,,,,,,False,False,False,False,
1,after_stackelberg,OREO CHOCOLATE 110.4/105G,6,shortage_ratio,MM BINH DUONG,MM AN PHU,2.1456459287764815,-1756.142274039449,False,0.0,5.169487824542646,,,,,,,,False,False,False,False,
1,after_stackelberg,OREO CHOCOLATE 110.4/105G,6,shortage_ratio,MM BINH DUONG,MM DA NANG,2.1456459287764815,1.1417416284894073,False,0.0,5.169487824542646,,,,,,,,False,False,False,False,
1,after_stackelberg,OREO CHOCOLATE 110.4/105G,6,shortage_ratio,MM BINH DUONG,MM BINH PHU,2.1456459287764815,1.1417416284894073,False,0.0,5.169487824542646,,,,,,,,False,False,False,False,
1,after_stackelberg,OREO CHOCOLATE 110.4/105G,6,shortage_ratio,MM DA NANG,MM AN PHU,3.0,7978.776261231432,False,0.0,5.75,,,,,,,,False,False,False,False,
1,after_stackelberg,OREO CHOCOLATE 110.4/105G,6,shortage_ratio,MM DA NANG,MM BINH PHU,3.0,10435.77626123143,False,0.0,5.75,,,,,,,,False,False,False,False,
1,stackelberg_pricing_fallback,OREO CHOCOLATE 110.4/105G,6,shortage_ratio,MM BINH DUONG,MM AN PHU,2.1456459287764815,-1756.142274039449,False,0.1,5.169487824542646,,,,,,,,False,False,False,False,
1,after_stackelberg,OREO CHOCOLATE 110.4/105G,6,surplus_ratio,MM BINH DUONG,MM AN PHU,2.1456459287764815,-1756.142274039449,False,0.0,5.169487824542646,,,,,,,,False,False,False,False,
1,after_stackelberg,OREO CHOCOLATE 110.4/105G,6,surplus_ratio,MM BINH DUONG,MM BINH PHU,2.1456459287764815,1.1417416284894073,False,0.0,5.169487824542646,,,,,,,,False,False,False,False,
1,after_stackelberg,OREO CHOCOLATE 110.4/105G,6,surplus_ratio,MM BINH DUONG,MM DA NANG,2.1456459287764815,1.1417416284894073,False,0.0,5.169487824542646,,,,,,,,False,False,False,False,
1,after_stackelberg,OREO CHOCOLATE 110.4/105G,6,surplus_ratio,MM DA NANG,MM AN PHU,3.0,7978.776261231432,False,0.0,5.75,,,,,,,,False,False,False,False,
1,after_stackelberg,OREO CHOCOLATE 110.4/105G,6,surplus_ratio,MM DA NANG,MM BINH PHU,3.0,10435.77626123143,False,0.0,5.75,,,,,,,,False,False,False,False,
1,stackelberg_pricing_fallback,OREO CHOCOLATE 110.4/105G,6,surplus_ratio,MM BINH DUONG,MM AN PHU,2.1456459287764815,-1756.142274039449,False,0.1,5.169487824542646,,,,,,,,False,False,False,False,
1,after_stackelberg,OREO CHOCOLATE 110.4/105G,6,time_urgency,MM BINH DUONG,MM AN PHU,2.1456459287764815,-1756.142274039449,False,0.0,5.169487824542646,,,,,,,,False,False,False,False,
1,after_stackelberg,OREO CHOCOLATE 110.4/105G,6,time_urgency,MM BINH DUONG,MM DA NANG,2.1456459287764815,1.1417416284894073,False,0.0,5.169487824542646,,,,,,,,False,False,False,False,
1,after_stackelberg,OREO CHOCOLATE 110.4/105G,6,time_urgency,MM BINH DUONG,MM BINH PHU,2.1456459287764815,1.1417416284894073,False,0.0,5.169487824542646,,,,,,,,False,False,False,False,
1,after_stackelberg,OREO CHOCOLATE 110.4/105G,6,time_urgency,MM DA NANG,MM AN PHU,3.0,7978.776261231432,False,0.0,5.75,,,,,,,,False,False,False,False,
1,after_stackelberg,OREO CHOCOLATE 110.4/105G,6,time_urgency,MM DA NANG,MM BINH PHU,3.0,10435.77626123143,False,0.0,5.75,,,,,,,,False,False,False,False,
1,stackelberg_pricing_fallback,OREO CHOCOLATE 110.4/105G,6,time_urgency,MM BINH DUONG,MM AN PHU,2.1456459287764815,-1756.142274039449,False,0.1,5.169487824542646,,,,,,,,False,False,False,False,
1,after_stackelberg,OREO CHOCOLATE 110.4/105G,6,negative_reduced_cost,MM BINH DUONG,MM AN PHU,2.1456459287764815,-1756.142274039449,False,0.0,5.169487824542646,,,,,,,,False,False,False,False,
1,after_stackelberg,OREO CHOCOLATE 110.4/105G,6,negative_reduced_cost,MM BINH DUONG,MM BINH PHU,2.1456459287764815,1.1417416284894073,False,0.0,5.169487824542646,,,,,,,,False,False,False,False,
1,after_stackelberg,OREO CHOCOLATE 110.4/105G,6,negative_reduced_cost,MM BINH DUONG,MM DA NANG,2.1456459287764815,1.1417416284894073,False,0.0,5.169487824542646,,,,,,,,False,False,False,False,
1,after_stackelberg,OREO CHOCOLATE 110.4/105G,6,negative_reduced_cost,MM DA NANG,MM AN PHU,3.0,7978.776261231432,False,0.0,5.75,,,,,,,,False,False,False,False,
1,after_stackelberg,OREO CHOCOLATE 110.4/105G,6,negative_reduced_cost,MM DA NANG,MM BINH PHU,3.0,10435.77626123143,False,0.0,5.75,,,,,,,,False,False,False,False,
1,stackelberg_pricing_fallback,OREO CHOCOLATE 110.4/105G,6,negative_reduced_cost,MM BINH DUONG,MM AN PHU,2.1456459287764815,-1756.142274039449,False,0.1,5.169487824542646,,,,,,,,False,False,False,False,
1,pricing_dedup_rejected_before_gnn,OREO CHOCOLATE 110.4/105G,2,surplus_ratio,MM AN PHU,MM DA NANG,13.321023298631342,,,0.1,11.253427,PRICED_E1_surplus_ratio_OREO CHOCOLATE 110.4/105G_T2_1,-3.328409,,,,,,False,True,False,False,"('OREO CHOCOLATE 110.4/105G', 2, (('MM AN PHU', 'MM DA NANG', 13.321023),))"
1,pricing_dedup_rejected_before_gnn,OREO CHOCOLATE 110.4/105G,2,time_urgency,MM AN PHU,MM DA NANG,13.321023298631342,,,0.1,11.253427,PRICED_E1_time_urgency_OREO CHOCOLATE 110.4/105G_T2_1,-3.328409,,,,,,False,True,False,False,"('OREO CHOCOLATE 110.4/105G', 2, (('MM AN PHU', 'MM DA NANG', 13.321023),))"
1,pricing_dedup_rejected_before_gnn,OREO CHOCOLATE 110.4/105G,2,negative_reduced_cost,MM AN PHU,MM DA NANG,13.321023298631342,,,0.1,11.253427,PRICED_E1_negative_reduced_cost_OREO CHOCOLATE 110.4/105G_T2_1,-3.328409,,,,,,False,True,False,False,"('OREO CHOCOLATE 110.4/105G', 2, (('MM AN PHU', 'MM DA NANG', 13.321023),))"
1,pricing_dedup_rejected_before_gnn,OREO CHOCOLATE 110.4/105G,6,surplus_ratio,MM BINH DUONG,MM AN PHU,2.1456459287764815,,,0.1,5.169488,PRICED_E1_surplus_ratio_OREO CHOCOLATE 110.4/105G_T6_1,-1756.142274,,,,,,False,True,False,False,"('OREO CHOCOLATE 110.4/105G', 6, (('MM BINH DUONG', 'MM AN PHU', 2.145646),))"
1,pricing_dedup_rejected_before_gnn,OREO CHOCOLATE 110.4/105G,6,time_urgency,MM BINH DUONG,MM AN PHU,2.1456459287764815,,,0.1,5.169488,PRICED_E1_time_urgency_OREO CHOCOLATE 110.4/105G_T6_1,-1756.142274,,,,,,False,True,False,False,"('OREO CHOCOLATE 110.4/105G', 6, (('MM BINH DUONG', 'MM AN PHU', 2.145646),))"
1,pricing_dedup_rejected_before_gnn,OREO CHOCOLATE 110.4/105G,6,negative_reduced_cost,MM BINH DUONG,MM AN PHU,2.1456459287764815,,,0.1,5.169488,PRICED_E1_negative_reduced_cost_OREO CHOCOLATE 110.4/105G_T6_1,-1756.142274,,,,,,False,True,False,False,"('OREO CHOCOLATE 110.4/105G', 6, (('MM BINH DUONG', 'MM AN PHU', 2.145646),))"
1,teacher_full_batch_recorded_before_rmp,OREO CHOCOLATE 110.4/105G,2,shortage_ratio,MM AN PHU,MM DA NANG,13.321023298631342,,,0.1,11.253427,PRICED_E1_shortage_ratio_OREO CHOCOLATE 110.4/105G_T2_1,-3.328409,,,False,False,2.0,False,False,False,False,"(('MM AN PHU', 'MM DA NANG', 13.321023),)"
1,teacher_full_batch_recorded_before_rmp,OREO CHOCOLATE 110.4/105G,6,shortage_ratio,MM BINH DUONG,MM AN PHU,2.1456459287764815,,,0.1,5.169488,PRICED_E1_shortage_ratio_OREO CHOCOLATE 110.4/105G_T6_1,-1756.142274,,,False,False,2.0,False,False,False,False,"(('MM BINH DUONG', 'MM AN PHU', 2.145646),)"
1,add_patterns_rejected,OREO CHOCOLATE 110.4/105G,2,shortage_ratio,MM AN PHU,MM DA NANG,13.321023298631342,,,0.1,11.253427,PRICED_E1_shortage_ratio_OREO CHOCOLATE 110.4/105G_T2_1,-3.328409,,,False,False,2.0,True,False,False,False,"('OREO CHOCOLATE 110.4/105G', 2, (('MM AN PHU', 'MM DA NANG', 13.321023),))"
1,add_patterns_rejected,OREO CHOCOLATE 110.4/105G,6,shortage_ratio,MM BINH DUONG,MM AN PHU,2.1456459287764815,,,0.1,5.169488,PRICED_E1_shortage_ratio_OREO CHOCOLATE 110.4/105G_T6_1,-1756.142274,,,False,False,2.0,True,False,False,False,"('OREO CHOCOLATE 110.4/105G', 6, (('MM BINH DUONG', 'MM AN PHU', 2.145646),))"
1,after_stackelberg,OREO CHOCOLATE 110.4/105G,2,shortage_ratio,MM HIEP PHU,MM AN PHU,1.3895453508501916,1.4441818596599232,False,0.0,4.615237559479134,,,,,,,,False,False,False,False,
1,after_stackelberg,OREO CHOCOLATE 110.4/105G,2,shortage_ratio,MM AN PHU,MM DA NANG,13.321023298631342,-3.328409319452536,False,0.0,11.253427329867487,,,,,,,,False,False,False,False,
1,after_stackelberg,OREO CHOCOLATE 110.4/105G,2,shortage_ratio,MM HIEP PHU,MM DA NANG,1.3895453508501916,1.4441818596599232,False,0.0,4.615237559479134,,,,,,,,False,False,False,False,
1,stackelberg_pricing_fallback,OREO CHOCOLATE 110.4/105G,2,shortage_ratio,MM AN PHU,MM DA NANG,13.321023298631342,-3.328409319452536,False,0.1,11.253427329867487,,,,,,,,False,False,False,False,
1,after_stackelberg,OREO CHOCOLATE 110.4/105G,2,surplus_ratio,MM AN PHU,MM DA NANG,13.321023298631342,-3.328409319452536,False,0.0,11.253427329867487,,,,,,,,False,False,False,False,
1,after_stackelberg,OREO CHOCOLATE 110.4/105G,2,surplus_ratio,MM HIEP PHU,MM AN PHU,1.3895453508501916,1.4441818596599232,False,0.0,4.615237559479134,,,,,,,,False,False,False,False,
1,after_stackelberg,OREO CHOCOLATE 110.4/105G,2,surplus_ratio,MM HIEP PHU,MM DA NANG,1.3895453508501916,1.4441818596599232,False,0.0,4.615237559479134,,,,,,,,False,False,False,False,
1,stackelberg_pricing_fallback,OREO CHOCOLATE 110.4/105G,2,surplus_ratio,MM AN PHU,MM DA NANG,13.321023298631342,-3.328409319452536,False,0.1,11.253427329867487,,,,,,,,False,False,False,False,
1,after_stackelberg,OREO CHOCOLATE 110.4/105G,2,time_urgency,MM HIEP PHU,MM AN PHU,1.3895453508501916,1.4441818596599232,False,0.0,4.615237559479134,,,,,,,,False,False,False,False,
1,after_stackelberg,OREO CHOCOLATE 110.4/105G,2,time_urgency,MM AN PHU,MM DA NANG,13.321023298631342,-3.328409319452536,False,0.0,11.253427329867487,,,,,,,,False,False,False,False,
1,after_stackelberg,OREO CHOCOLATE 110.4/105G,2,time_urgency,MM HIEP PHU,MM DA NANG,1.3895453508501916,1.4441818596599232,False,0.0,4.615237559479134,,,,,,,,False,False,False,False,
1,stackelberg_pricing_fallback,OREO CHOCOLATE 110.4/105G,2,time_urgency,MM AN PHU,MM DA NANG,13.321023298631342,-3.328409319452536,False,0.1,11.253427329867487,,,,,,,,False,False,False,False,
1,after_stackelberg,OREO CHOCOLATE 110.4/105G,2,negative_reduced_cost,MM AN PHU,MM DA NANG,13.321023298631342,-3.328409319452536,False,0.0,11.253427329867487,,,,,,,,False,False,False,False,
1,after_stackelberg,OREO CHOCOLATE 110.4/105G,2,negative_reduced_cost,MM HIEP PHU,MM AN PHU,1.3895453508501916,1.4441818596599232,False,0.0,4.615237559479134,,,,,,,,False,False,False,False,
1,after_stackelberg,OREO CHOCOLATE 110.4/105G,2,negative_reduced_cost,MM HIEP PHU,MM DA NANG,1.3895453508501916,1.4441818596599232,False,0.0,4.615237559479134,,,,,,,,False,False,False,False,
1,stackelberg_pricing_fallback,OREO CHOCOLATE 110.4/105G,2,negative_reduced_cost,MM AN PHU,MM DA NANG,13.321023298631342,-3.328409319452536,False,0.1,11.253427329867487,,,,,,,,False,False,False,False,
1,after_stackelberg,OREO CHOCOLATE 110.4/105G,5,shortage_ratio,MM BINH PHU,MM AN PHU,0.47217500780563704,0.30494938726536325,False,0.0,3.8040379374543587,,,,,,,,False,False,False,False,
1,after_stackelberg,OREO CHOCOLATE 110.4/105G,5,surplus_ratio,MM BINH PHU,MM AN PHU,0.47217500780563704,0.30494938726536325,False,0.0,3.8040379374543587,,,,,,,,False,False,False,False,
1,after_stackelberg,OREO CHOCOLATE 110.4/105G,5,time_urgency,MM BINH PHU,MM AN PHU,0.47217500780563704,0.30494938726536325,False,0.0,3.8040379374543587,,,,,,,,False,False,False,False,
1,after_stackelberg,OREO CHOCOLATE 110.4/105G,5,negative_reduced_cost,MM BINH PHU,MM AN PHU,0.47217500780563704,0.30494938726536325,False,0.0,3.8040379374543587,,,,,,,,False,False,False,False,
1,after_stackelberg,OREO CHOCOLATE 110.4/105G,6,shortage_ratio,MM BINH DUONG,MM AN PHU,0.04387715064083508,-33.952937235100265,False,0.0,3.2683591585375193,,,,,,,,False,False,False,False,
1,after_stackelberg,OREO CHOCOLATE 110.4/105G,6,shortage_ratio,MM DA NANG,MM AN PHU,3.0,-2456.2,False,0.0,5.75,,,,,,,,False,False,False,False,
1,after_stackelberg,OREO CHOCOLATE 110.4/105G,6,shortage_ratio,MM BINH DUONG,MM BINH PHU,0.04387715064083508,1.9824491397436659,False,0.0,3.2683591585375193,,,,,,,,False,False,False,False,
1,after_stackelberg,OREO CHOCOLATE 110.4/105G,6,shortage_ratio,MM DA NANG,MM BINH PHU,3.0,0.7999999999999998,False,0.0,5.75,,,,,,,,False,False,False,False,
1,after_stackelberg,OREO CHOCOLATE 110.4/105G,6,shortage_ratio,MM BINH DUONG,MM DA NANG,0.04387715064083508,1.9824491397436659,False,0.0,3.2683591585375193,,,,,,,,False,False,False,False,
1,stackelberg_pricing_fallback,OREO CHOCOLATE 110.4/105G,6,shortage_ratio,MM DA NANG,MM AN PHU,3.0,-2456.2,False,0.1,5.75,,,,,,,,False,False,False,False,
1,stackelberg_pricing_fallback,OREO CHOCOLATE 110.4/105G,6,shortage_ratio,MM BINH DUONG,MM AN PHU,0.04387715064083508,-33.952937235100265,False,0.1,3.2683591585375193,,,,,,,,False,False,False,False,
1,after_stackelberg,OREO CHOCOLATE 110.4/105G,6,surplus_ratio,MM DA NANG,MM AN PHU,3.0,-2456.2,False,0.0,5.75,,,,,,,,False,False,False,False,
1,after_stackelberg,OREO CHOCOLATE 110.4/105G,6,surplus_ratio,MM BINH DUONG,MM AN PHU,0.04387715064083508,-33.952937235100265,False,0.0,3.2683591585375193,,,,,,,,False,False,False,False,
1,after_stackelberg,OREO CHOCOLATE 110.4/105G,6,surplus_ratio,MM DA NANG,MM BINH PHU,3.0,0.7999999999999998,False,0.0,5.75,,,,,,,,False,False,False,False,
1,after_stackelberg,OREO CHOCOLATE 110.4/105G,6,surplus_ratio,MM BINH DUONG,MM BINH PHU,0.04387715064083508,1.9824491397436659,False,0.0,3.2683591585375193,,,,,,,,False,False,False,False,
1,after_stackelberg,OREO CHOCOLATE 110.4/105G,6,surplus_ratio,MM BINH DUONG,MM DA NANG,0.04387715064083508,1.9824491397436659,False,0.0,3.2683591585375193,,,,,,,,False,False,False,False,
1,stackelberg_pricing_fallback,OREO CHOCOLATE 110.4/105G,6,surplus_ratio,MM DA NANG,MM AN PHU,3.0,-2456.2,False,0.1,5.75,,,,,,,,False,False,False,False,
1,stackelberg_pricing_fallback,OREO CHOCOLATE 110.4/105G,6,surplus_ratio,MM BINH DUONG,MM AN PHU,0.04387715064083508,-33.952937235100265,False,0.1,3.2683591585375193,,,,,,,,False,False,False,False,
1,after_stackelberg,OREO CHOCOLATE 110.4/105G,6,time_urgency,MM BINH DUONG,MM AN PHU,0.04387715064083508,-33.952937235100265,False,0.0,3.2683591585375193,,,,,,,,False,False,False,False,
1,after_stackelberg,OREO CHOCOLATE 110.4/105G,6,time_urgency,MM DA NANG,MM AN PHU,3.0,-2456.2,False,0.0,5.75,,,,,,,,False,False,False,False,
1,after_stackelberg,OREO CHOCOLATE 110.4/105G,6,time_urgency,MM BINH DUONG,MM DA NANG,0.04387715064083508,1.9824491397436659,False,0.0,3.2683591585375193,,,,,,,,False,False,False,False,
1,after_stackelberg,OREO CHOCOLATE 110.4/105G,6,time_urgency,MM BINH DUONG,MM BINH PHU,0.04387715064083508,1.9824491397436659,False,0.0,3.2683591585375193,,,,,,,,False,False,False,False,
1,after_stackelberg,OREO CHOCOLATE 110.4/105G,6,time_urgency,MM DA NANG,MM BINH PHU,3.0,0.7999999999999998,False,0.0,5.75,,,,,,,,False,False,False,False,
1,stackelberg_pricing_fallback,OREO CHOCOLATE 110.4/105G,6,time_urgency,MM DA NANG,MM AN PHU,3.0,-2456.2,False,0.1,5.75,,,,,,,,False,False,False,False,
1,stackelberg_pricing_fallback,OREO CHOCOLATE 110.4/105G,6,time_urgency,MM BINH DUONG,MM AN PHU,0.04387715064083508,-33.952937235100265,False,0.1,3.2683591585375193,,,,,,,,False,False,False,False,
1,after_stackelberg,OREO CHOCOLATE 110.4/105G,6,negative_reduced_cost,MM DA NANG,MM AN PHU,3.0,-2456.2,False,0.0,5.75,,,,,,,,False,False,False,False,
1,after_stackelberg,OREO CHOCOLATE 110.4/105G,6,negative_reduced_cost,MM BINH DUONG,MM AN PHU,0.04387715064083508,-33.952937235100265,False,0.0,3.2683591585375193,,,,,,,,False,False,False,False,
1,after_stackelberg,OREO CHOCOLATE 110.4/105G,6,negative_reduced_cost,MM BINH DUONG,MM BINH PHU,0.04387715064083508,1.9824491397436659,False,0.0,3.2683591585375193,,,,,,,,False,False,False,False,
1,after_stackelberg,OREO CHOCOLATE 110.4/105G,6,negative_reduced_cost,MM BINH DUONG,MM DA NANG,0.04387715064083508,1.9824491397436659,False,0.0,3.2683591585375193,,,,,,,,False,False,False,False,
1,after_stackelberg,OREO CHOCOLATE 110.4/105G,6,negative_reduced_cost,MM DA NANG,MM BINH PHU,3.0,0.7999999999999998,False,0.0,5.75,,,,,,,,False,False,False,False,
1,stackelberg_pricing_fallback,OREO CHOCOLATE 110.4/105G,6,negative_reduced_cost,MM DA NANG,MM AN PHU,3.0,-2456.2,False,0.1,5.75,,,,,,,,False,False,False,False,
1,stackelberg_pricing_fallback,OREO CHOCOLATE 110.4/105G,6,negative_reduced_cost,MM BINH DUONG,MM AN PHU,0.04387715064083508,-33.952937235100265,False,0.1,3.2683591585375193,,,,,,,,False,False,False,False,
1,pricing_dedup_rejected_before_gnn,OREO CHOCOLATE 110.4/105G,2,surplus_ratio,MM AN PHU,MM DA NANG,13.321023298631342,,,0.1,11.253427,PRICED_E1_surplus_ratio_OREO CHOCOLATE 110.4/105G_T2_1,-3.328409,,,,,,False,True,False,False,"('OREO CHOCOLATE 110.4/105G', 2, (('MM AN PHU', 'MM DA NANG', 13.321023),))"
1,pricing_dedup_rejected_before_gnn,OREO CHOCOLATE 110.4/105G,2,time_urgency,MM AN PHU,MM DA NANG,13.321023298631342,,,0.1,11.253427,PRICED_E1_time_urgency_OREO CHOCOLATE 110.4/105G_T2_1,-3.328409,,,,,,False,True,False,False,"('OREO CHOCOLATE 110.4/105G', 2, (('MM AN PHU', 'MM DA NANG', 13.321023),))"
1,pricing_dedup_rejected_before_gnn,OREO CHOCOLATE 110.4/105G,2,negative_reduced_cost,MM AN PHU,MM DA NANG,13.321023298631342,,,0.1,11.253427,PRICED_E1_negative_reduced_cost_OREO CHOCOLATE 110.4/105G_T2_1,-3.328409,,,,,,False,True,False,False,"('OREO CHOCOLATE 110.4/105G', 2, (('MM AN PHU', 'MM DA NANG', 13.321023),))"
1,pricing_dedup_rejected_before_gnn,OREO CHOCOLATE 110.4/105G,6,shortage_ratio,MM BINH DUONG,MM AN PHU,0.04387715064083508,,,0.1,4.50918,PRICED_E1_shortage_ratio_OREO CHOCOLATE 110.4/105G_T6_2,-2490.152937,,,,,,False,True,False,False,"('OREO CHOCOLATE 110.4/105G', 6, (('MM BINH DUONG', 'MM AN PHU', 0.043877), ('MM DA NANG', 'MM AN PHU', 3.0)))"
1,pricing_dedup_rejected_before_gnn,OREO CHOCOLATE 110.4/105G,6,shortage_ratio,MM DA NANG,MM AN PHU,3.0,,,0.1,4.50918,PRICED_E1_shortage_ratio_OREO CHOCOLATE 110.4/105G_T6_2,-2490.152937,,,,,,False,True,False,False,"('OREO CHOCOLATE 110.4/105G', 6, (('MM BINH DUONG', 'MM AN PHU', 0.043877), ('MM DA NANG', 'MM AN PHU', 3.0)))"
1,pricing_dedup_rejected_before_gnn,OREO CHOCOLATE 110.4/105G,6,surplus_ratio,MM DA NANG,MM AN PHU,3.0,,,0.1,4.50918,PRICED_E1_surplus_ratio_OREO CHOCOLATE 110.4/105G_T6_1,-2490.152937,,,,,,False,True,False,False,"('OREO CHOCOLATE 110.4/105G', 6, (('MM BINH DUONG', 'MM AN PHU', 0.043877), ('MM DA NANG', 'MM AN PHU', 3.0)))"
1,pricing_dedup_rejected_before_gnn,OREO CHOCOLATE 110.4/105G,6,surplus_ratio,MM BINH DUONG,MM AN PHU,0.04387715064083508,,,0.1,4.50918,PRICED_E1_surplus_ratio_OREO CHOCOLATE 110.4/105G_T6_1,-2490.152937,,,,,,False,True,False,False,"('OREO CHOCOLATE 110.4/105G', 6, (('MM BINH DUONG', 'MM AN PHU', 0.043877), ('MM DA NANG', 'MM AN PHU', 3.0)))"
1,pricing_dedup_rejected_before_gnn,OREO CHOCOLATE 110.4/105G,6,surplus_ratio,MM BINH DUONG,MM AN PHU,0.04387715064083508,,,0.1,4.50918,PRICED_E1_surplus_ratio_OREO CHOCOLATE 110.4/105G_T6_2,-2490.152937,,,,,,False,True,False,False,"('OREO CHOCOLATE 110.4/105G', 6, (('MM BINH DUONG', 'MM AN PHU', 0.043877), ('MM DA NANG', 'MM AN PHU', 3.0)))"
1,pricing_dedup_rejected_before_gnn,OREO CHOCOLATE 110.4/105G,6,surplus_ratio,MM DA NANG,MM AN PHU,3.0,,,0.1,4.50918,PRICED_E1_surplus_ratio_OREO CHOCOLATE 110.4/105G_T6_2,-2490.152937,,,,,,False,True,False,False,"('OREO CHOCOLATE 110.4/105G', 6, (('MM BINH DUONG', 'MM AN PHU', 0.043877), ('MM DA NANG', 'MM AN PHU', 3.0)))"
1,pricing_dedup_rejected_before_gnn,OREO CHOCOLATE 110.4/105G,6,time_urgency,MM DA NANG,MM AN PHU,3.0,,,0.1,4.50918,PRICED_E1_time_urgency_OREO CHOCOLATE 110.4/105G_T6_1,-2490.152937,,,,,,False,True,False,False,"('OREO CHOCOLATE 110.4/105G', 6, (('MM BINH DUONG', 'MM AN PHU', 0.043877), ('MM DA NANG', 'MM AN PHU', 3.0)))"
1,pricing_dedup_rejected_before_gnn,OREO CHOCOLATE 110.4/105G,6,time_urgency,MM BINH DUONG,MM AN PHU,0.04387715064083508,,,0.1,4.50918,PRICED_E1_time_urgency_OREO CHOCOLATE 110.4/105G_T6_1,-2490.152937,,,,,,False,True,False,False,"('OREO CHOCOLATE 110.4/105G', 6, (('MM BINH DUONG', 'MM AN PHU', 0.043877), ('MM DA NANG', 'MM AN PHU', 3.0)))"
1,pricing_dedup_rejected_before_gnn,OREO CHOCOLATE 110.4/105G,6,time_urgency,MM BINH DUONG,MM AN PHU,0.04387715064083508,,,0.1,4.50918,PRICED_E1_time_urgency_OREO CHOCOLATE 110.4/105G_T6_2,-2490.152937,,,,,,False,True,False,False,"('OREO CHOCOLATE 110.4/105G', 6, (('MM BINH DUONG', 'MM AN PHU', 0.043877), ('MM DA NANG', 'MM AN PHU', 3.0)))"
1,pricing_dedup_rejected_before_gnn,OREO CHOCOLATE 110.4/105G,6,time_urgency,MM DA NANG,MM AN PHU,3.0,,,0.1,4.50918,PRICED_E1_time_urgency_OREO CHOCOLATE 110.4/105G_T6_2,-2490.152937,,,,,,False,True,False,False,"('OREO CHOCOLATE 110.4/105G', 6, (('MM BINH DUONG', 'MM AN PHU', 0.043877), ('MM DA NANG', 'MM AN PHU', 3.0)))"
1,pricing_dedup_rejected_before_gnn,OREO CHOCOLATE 110.4/105G,6,negative_reduced_cost,MM DA NANG,MM AN PHU,3.0,,,0.1,4.50918,PRICED_E1_negative_reduced_cost_OREO CHOCOLATE 110.4/105G_T6_1,-2490.152937,,,,,,False,True,False,False,"('OREO CHOCOLATE 110.4/105G', 6, (('MM BINH DUONG', 'MM AN PHU', 0.043877), ('MM DA NANG', 'MM AN PHU', 3.0)))"
1,pricing_dedup_rejected_before_gnn,OREO CHOCOLATE 110.4/105G,6,negative_reduced_cost,MM BINH DUONG,MM AN PHU,0.04387715064083508,,,0.1,4.50918,PRICED_E1_negative_reduced_cost_OREO CHOCOLATE 110.4/105G_T6_1,-2490.152937,,,,,,False,True,False,False,"('OREO CHOCOLATE 110.4/105G', 6, (('MM BINH DUONG', 'MM AN PHU', 0.043877), ('MM DA NANG', 'MM AN PHU', 3.0)))"
1,pricing_dedup_rejected_before_gnn,OREO CHOCOLATE 110.4/105G,6,negative_reduced_cost,MM BINH DUONG,MM AN PHU,0.04387715064083508,,,0.1,4.50918,PRICED_E1_negative_reduced_cost_OREO CHOCOLATE 110.4/105G_T6_2,-2490.152937,,,,,,False,True,False,False,"('OREO CHOCOLATE 110.4/105G', 6, (('MM BINH DUONG', 'MM AN PHU', 0.043877), ('MM DA NANG', 'MM AN PHU', 3.0)))"
1,pricing_dedup_rejected_before_gnn,OREO CHOCOLATE 110.4/105G,6,negative_reduced_cost,MM DA NANG,MM AN PHU,3.0,,,0.1,4.50918,PRICED_E1_negative_reduced_cost_OREO CHOCOLATE 110.4/105G_T6_2,-2490.152937,,,,,,False,True,False,False,"('OREO CHOCOLATE 110.4/105G', 6, (('MM BINH DUONG', 'MM AN PHU', 0.043877), ('MM DA NANG', 'MM AN PHU', 3.0)))"
1,teacher_full_batch_recorded_before_rmp,OREO CHOCOLATE 110.4/105G,2,shortage_ratio,MM AN PHU,MM DA NANG,13.321023298631342,,,0.1,11.253427,PRICED_E1_shortage_ratio_OREO CHOCOLATE 110.4/105G_T2_1,-3.328409,,,False,False,2.0,False,False,False,False,"(('MM AN PHU', 'MM DA NANG', 13.321023),)"
1,teacher_full_batch_recorded_before_rmp,OREO CHOCOLATE 110.4/105G,6,shortage_ratio,MM DA NANG,MM AN PHU,3.0,,,0.1,4.50918,PRICED_E1_shortage_ratio_OREO CHOCOLATE 110.4/105G_T6_1,-2490.152937,,,False,False,2.0,False,False,False,False,"(('MM BINH DUONG', 'MM AN PHU', 0.043877), ('MM DA NANG', 'MM AN PHU', 3.0))"
1,teacher_full_batch_recorded_before_rmp,OREO CHOCOLATE 110.4/105G,6,shortage_ratio,MM BINH DUONG,MM AN PHU,0.04387715064083508,,,0.1,4.50918,PRICED_E1_shortage_ratio_OREO CHOCOLATE 110.4/105G_T6_1,-2490.152937,,,False,False,2.0,False,False,False,False,"(('MM BINH DUONG', 'MM AN PHU', 0.043877), ('MM DA NANG', 'MM AN PHU', 3.0))"
1,add_patterns_rejected,OREO CHOCOLATE 110.4/105G,2,shortage_ratio,MM AN PHU,MM DA NANG,13.321023298631342,,,0.1,11.253427,PRICED_E1_shortage_ratio_OREO CHOCOLATE 110.4/105G_T2_1,-3.328409,,,False,False,2.0,True,False,False,False,"('OREO CHOCOLATE 110.4/105G', 2, (('MM AN PHU', 'MM DA NANG', 13.321023),))"
1,add_patterns_rejected,OREO CHOCOLATE 110.4/105G,6,shortage_ratio,MM DA NANG,MM AN PHU,3.0,,,0.1,4.50918,PRICED_E1_shortage_ratio_OREO CHOCOLATE 110.4/105G_T6_1,-2490.152937,,,False,False,2.0,True,False,False,False,"('OREO CHOCOLATE 110.4/105G', 6, (('MM BINH DUONG', 'MM AN PHU', 0.043877), ('MM DA NANG', 'MM AN PHU', 3.0)))"
1,add_patterns_rejected,OREO CHOCOLATE 110.4/105G,6,shortage_ratio,MM BINH DUONG,MM AN PHU,0.04387715064083508,,,0.1,4.50918,PRICED_E1_shortage_ratio_OREO CHOCOLATE 110.4/105G_T6_1,-2490.152937,,,False,False,2.0,True,False,False,False,"('OREO CHOCOLATE 110.4/105G', 6, (('MM BINH DUONG', 'MM AN PHU', 0.043877), ('MM DA NANG', 'MM AN PHU', 3.0)))"
1,after_stackelberg,OREO CHOCOLATE 110.4/105G,2,shortage_ratio,MM HIEP PHU,MM AN PHU,1.3895453508501916,1.4441818596599232,False,0.0,4.615237559479134,,,,,,,,False,False,False,False,
1,after_stackelberg,OREO CHOCOLATE 110.4/105G,2,shortage_ratio,MM AN PHU,MM DA NANG,13.321023298631342,-3.328409319452536,False,0.0,11.253427329867487,,,,,,,,False,False,False,False,
1,after_stackelberg,OREO CHOCOLATE 110.4/105G,2,shortage_ratio,MM HIEP PHU,MM DA NANG,1.3895453508501916,1.4441818596599232,False,0.0,4.615237559479134,,,,,,,,False,False,False,False,
1,stackelberg_pricing_fallback,OREO CHOCOLATE 110.4/105G,2,shortage_ratio,MM AN PHU,MM DA NANG,13.321023298631342,-3.328409319452536,False,0.1,11.253427329867487,,,,,,,,False,False,False,False,
1,after_stackelberg,OREO CHOCOLATE 110.4/105G,2,surplus_ratio,MM AN PHU,MM DA NANG,13.321023298631342,-3.328409319452536,False,0.0,11.253427329867487,,,,,,,,False,False,False,False,
1,after_stackelberg,OREO CHOCOLATE 110.4/105G,2,surplus_ratio,MM HIEP PHU,MM AN PHU,1.3895453508501916,1.4441818596599232,False,0.0,4.615237559479134,,,,,,,,False,False,False,False,
1,after_stackelberg,OREO CHOCOLATE 110.4/105G,2,surplus_ratio,MM HIEP PHU,MM DA NANG,1.3895453508501916,1.4441818596599232,False,0.0,4.615237559479134,,,,,,,,False,False,False,False,
1,stackelberg_pricing_fallback,OREO CHOCOLATE 110.4/105G,2,surplus_ratio,MM AN PHU,MM DA NANG,13.321023298631342,-3.328409319452536,False,0.1,11.253427329867487,,,,,,,,False,False,False,False,
1,after_stackelberg,OREO CHOCOLATE 110.4/105G,2,time_urgency,MM HIEP PHU,MM AN PHU,1.3895453508501916,1.4441818596599232,False,0.0,4.615237559479134,,,,,,,,False,False,False,False,
1,after_stackelberg,OREO CHOCOLATE 110.4/105G,2,time_urgency,MM AN PHU,MM DA NANG,13.321023298631342,-3.328409319452536,False,0.0,11.253427329867487,,,,,,,,False,False,False,False,
1,after_stackelberg,OREO CHOCOLATE 110.4/105G,2,time_urgency,MM HIEP PHU,MM DA NANG,1.3895453508501916,1.4441818596599232,False,0.0,4.615237559479134,,,,,,,,False,False,False,False,
1,stackelberg_pricing_fallback,OREO CHOCOLATE 110.4/105G,2,time_urgency,MM AN PHU,MM DA NANG,13.321023298631342,-3.328409319452536,False,0.1,11.253427329867487,,,,,,,,False,False,False,False,
1,after_stackelberg,OREO CHOCOLATE 110.4/105G,2,negative_reduced_cost,MM AN PHU,MM DA NANG,13.321023298631342,-3.328409319452536,False,0.0,11.253427329867487,,,,,,,,False,False,False,False,
1,after_stackelberg,OREO CHOCOLATE 110.4/105G,2,negative_reduced_cost,MM HIEP PHU,MM AN PHU,1.3895453508501916,1.4441818596599232,False,0.0,4.615237559479134,,,,,,,,False,False,False,False,
1,after_stackelberg,OREO CHOCOLATE 110.4/105G,2,negative_reduced_cost,MM HIEP PHU,MM DA NANG,1.3895453508501916,1.4441818596599232,False,0.0,4.615237559479134,,,,,,,,False,False,False,False,
1,stackelberg_pricing_fallback,OREO CHOCOLATE 110.4/105G,2,negative_reduced_cost,MM AN PHU,MM DA NANG,13.321023298631342,-3.328409319452536,False,0.1,11.253427329867487,,,,,,,,False,False,False,False,
1,after_stackelberg,OREO CHOCOLATE 110.4/105G,4,shortage_ratio,MM HIEP PHU,MM AN PHU,2.143644167718236,-1754.5020310283223,False,0.0,5.168084340638122,,,,,,,,False,False,False,False,
1,stackelberg_pricing_fallback,OREO CHOCOLATE 110.4/105G,4,shortage_ratio,MM HIEP PHU,MM AN PHU,2.143644167718236,-1754.5020310283223,False,0.1,5.168084340638122,,,,,,,,False,False,False,False,
1,after_stackelberg,OREO CHOCOLATE 110.4/105G,4,surplus_ratio,MM HIEP PHU,MM AN PHU,2.143644167718236,-1754.5020310283223,False,0.0,5.168084340638122,,,,,,,,False,False,False,False,
1,stackelberg_pricing_fallback,OREO CHOCOLATE 110.4/105G,4,surplus_ratio,MM HIEP PHU,MM AN PHU,2.143644167718236,-1754.5020310283223,False,0.1,5.168084340638122,,,,,,,,False,False,False,False,
1,after_stackelberg,OREO CHOCOLATE 110.4/105G,4,time_urgency,MM HIEP PHU,MM AN PHU,2.143644167718236,-1754.5020310283223,False,0.0,5.168084340638122,,,,,,,,False,False,False,False,
1,stackelberg_pricing_fallback,OREO CHOCOLATE 110.4/105G,4,time_urgency,MM HIEP PHU,MM AN PHU,2.143644167718236,-1754.5020310283223,False,0.1,5.168084340638122,,,,,,,,False,False,False,False,
1,after_stackelberg,OREO CHOCOLATE 110.4/105G,4,negative_reduced_cost,MM HIEP PHU,MM AN PHU,2.143644167718236,-1754.5020310283223,False,0.0,5.168084340638122,,,,,,,,False,False,False,False,
1,stackelberg_pricing_fallback,OREO CHOCOLATE 110.4/105G,4,negative_reduced_cost,MM HIEP PHU,MM AN PHU,2.143644167718236,-1754.5020310283223,False,0.1,5.168084340638122,,,,,,,,False,False,False,False,
1,after_stackelberg,OREO CHOCOLATE 110.4/105G,5,shortage_ratio,MM BINH PHU,MM AN PHU,0.47217500780563704,0.30494938726536325,False,0.0,3.8040379374543587,,,,,,,,False,False,False,False,
1,after_stackelberg,OREO CHOCOLATE 110.4/105G,5,surplus_ratio,MM BINH PHU,MM AN PHU,0.47217500780563704,0.30494938726536325,False,0.0,3.8040379374543587,,,,,,,,False,False,False,False,
1,after_stackelberg,OREO CHOCOLATE 110.4/105G,5,time_urgency,MM BINH PHU,MM AN PHU,0.47217500780563704,0.30494938726536325,False,0.0,3.8040379374543587,,,,,,,,False,False,False,False,
1,after_stackelberg,OREO CHOCOLATE 110.4/105G,5,negative_reduced_cost,MM BINH PHU,MM AN PHU,0.47217500780563704,0.30494938726536325,False,0.0,3.8040379374543587,,,,,,,,False,False,False,False,
1,after_stackelberg,OREO CHOCOLATE 110.4/105G,6,shortage_ratio,MM BINH DUONG,MM AN PHU,0.04387715064083508,-33.952937235100265,False,0.0,3.2683591585375193,,,,,,,,False,False,False,False,
1,after_stackelberg,OREO CHOCOLATE 110.4/105G,6,shortage_ratio,MM DA NANG,MM AN PHU,3.0,-2456.2,False,0.0,5.75,,,,,,,,False,False,False,False,
1,after_stackelberg,OREO CHOCOLATE 110.4/105G,6,shortage_ratio,MM BINH DUONG,MM BINH PHU,0.04387715064083508,1.9824491397436659,False,0.0,3.2683591585375193,,,,,,,,False,False,False,False,
1,after_stackelberg,OREO CHOCOLATE 110.4/105G,6,shortage_ratio,MM DA NANG,MM BINH PHU,3.0,0.7999999999999998,False,0.0,5.75,,,,,,,,False,False,False,False,
1,after_stackelberg,OREO CHOCOLATE 110.4/105G,6,shortage_ratio,MM BINH DUONG,MM DA NANG,0.04387715064083508,1.9824491397436659,False,0.0,3.2683591585375193,,,,,,,,False,False,False,False,
1,stackelberg_pricing_fallback,OREO CHOCOLATE 110.4/105G,6,shortage_ratio,MM DA NANG,MM AN PHU,3.0,-2456.2,False,0.1,5.75,,,,,,,,False,False,False,False,
1,stackelberg_pricing_fallback,OREO CHOCOLATE 110.4/105G,6,shortage_ratio,MM BINH DUONG,MM AN PHU,0.04387715064083508,-33.952937235100265,False,0.1,3.2683591585375193,,,,,,,,False,False,False,False,
1,after_stackelberg,OREO CHOCOLATE 110.4/105G,6,surplus_ratio,MM DA NANG,MM AN PHU,3.0,-2456.2,False,0.0,5.75,,,,,,,,False,False,False,False,
1,after_stackelberg,OREO CHOCOLATE 110.4/105G,6,surplus_ratio,MM BINH DUONG,MM AN PHU,0.04387715064083508,-33.952937235100265,False,0.0,3.2683591585375193,,,,,,,,False,False,False,False,
1,after_stackelberg,OREO CHOCOLATE 110.4/105G,6,surplus_ratio,MM DA NANG,MM BINH PHU,3.0,0.7999999999999998,False,0.0,5.75,,,,,,,,False,False,False,False,
1,after_stackelberg,OREO CHOCOLATE 110.4/105G,6,surplus_ratio,MM BINH DUONG,MM BINH PHU,0.04387715064083508,1.9824491397436659,False,0.0,3.2683591585375193,,,,,,,,False,False,False,False,
1,after_stackelberg,OREO CHOCOLATE 110.4/105G,6,surplus_ratio,MM BINH DUONG,MM DA NANG,0.04387715064083508,1.9824491397436659,False,0.0,3.2683591585375193,,,,,,,,False,False,False,False,
1,stackelberg_pricing_fallback,OREO CHOCOLATE 110.4/105G,6,surplus_ratio,MM DA NANG,MM AN PHU,3.0,-2456.2,False,0.1,5.75,,,,,,,,False,False,False,False,
1,stackelberg_pricing_fallback,OREO CHOCOLATE 110.4/105G,6,surplus_ratio,MM BINH DUONG,MM AN PHU,0.04387715064083508,-33.952937235100265,False,0.1,3.2683591585375193,,,,,,,,False,False,False,False,
1,after_stackelberg,OREO CHOCOLATE 110.4/105G,6,time_urgency,MM BINH DUONG,MM AN PHU,0.04387715064083508,-33.952937235100265,False,0.0,3.2683591585375193,,,,,,,,False,False,False,False,
1,after_stackelberg,OREO CHOCOLATE 110.4/105G,6,time_urgency,MM DA NANG,MM AN PHU,3.0,-2456.2,False,0.0,5.75,,,,,,,,False,False,False,False,
1,after_stackelberg,OREO CHOCOLATE 110.4/105G,6,time_urgency,MM BINH DUONG,MM DA NANG,0.04387715064083508,1.9824491397436659,False,0.0,3.2683591585375193,,,,,,,,False,False,False,False,
1,after_stackelberg,OREO CHOCOLATE 110.4/105G,6,time_urgency,MM BINH DUONG,MM BINH PHU,0.04387715064083508,1.9824491397436659,False,0.0,3.2683591585375193,,,,,,,,False,False,False,False,
1,after_stackelberg,OREO CHOCOLATE 110.4/105G,6,time_urgency,MM DA NANG,MM BINH PHU,3.0,0.7999999999999998,False,0.0,5.75,,,,,,,,False,False,False,False,
1,stackelberg_pricing_fallback,OREO CHOCOLATE 110.4/105G,6,time_urgency,MM DA NANG,MM AN PHU,3.0,-2456.2,False,0.1,5.75,,,,,,,,False,False,False,False,
1,stackelberg_pricing_fallback,OREO CHOCOLATE 110.4/105G,6,time_urgency,MM BINH DUONG,MM AN PHU,0.04387715064083508,-33.952937235100265,False,0.1,3.2683591585375193,,,,,,,,False,False,False,False,
1,after_stackelberg,OREO CHOCOLATE 110.4/105G,6,negative_reduced_cost,MM DA NANG,MM AN PHU,3.0,-2456.2,False,0.0,5.75,,,,,,,,False,False,False,False,
1,after_stackelberg,OREO CHOCOLATE 110.4/105G,6,negative_reduced_cost,MM BINH DUONG,MM AN PHU,0.04387715064083508,-33.952937235100265,False,0.0,3.2683591585375193,,,,,,,,False,False,False,False,
1,after_stackelberg,OREO CHOCOLATE 110.4/105G,6,negative_reduced_cost,MM BINH DUONG,MM BINH PHU,0.04387715064083508,1.9824491397436659,False,0.0,3.2683591585375193,,,,,,,,False,False,False,False,
1,after_stackelberg,OREO CHOCOLATE 110.4/105G,6,negative_reduced_cost,MM BINH DUONG,MM DA NANG,0.04387715064083508,1.9824491397436659,False,0.0,3.2683591585375193,,,,,,,,False,False,False,False,
1,after_stackelberg,OREO CHOCOLATE 110.4/105G,6,negative_reduced_cost,MM DA NANG,MM BINH PHU,3.0,0.7999999999999998,False,0.0,5.75,,,,,,,,False,False,False,False,
1,stackelberg_pricing_fallback,OREO CHOCOLATE 110.4/105G,6,negative_reduced_cost,MM DA NANG,MM AN PHU,3.0,-2456.2,False,0.1,5.75,,,,,,,,False,False,False,False,
1,stackelberg_pricing_fallback,OREO CHOCOLATE 110.4/105G,6,negative_reduced_cost,MM BINH DUONG,MM AN PHU,0.04387715064083508,-33.952937235100265,False,0.1,3.2683591585375193,,,,,,,,False,False,False,False,
1,pricing_dedup_rejected_before_gnn,OREO CHOCOLATE 110.4/105G,2,surplus_ratio,MM AN PHU,MM DA NANG,13.321023298631342,,,0.1,11.253427,PRICED_E1_surplus_ratio_OREO CHOCOLATE 110.4/105G_T2_1,-3.328409,,,,,,False,True,False,False,"('OREO CHOCOLATE 110.4/105G', 2, (('MM AN PHU', 'MM DA NANG', 13.321023),))"
1,pricing_dedup_rejected_before_gnn,OREO CHOCOLATE 110.4/105G,2,time_urgency,MM AN PHU,MM DA NANG,13.321023298631342,,,0.1,11.253427,PRICED_E1_time_urgency_OREO CHOCOLATE 110.4/105G_T2_1,-3.328409,,,,,,False,True,False,False,"('OREO CHOCOLATE 110.4/105G', 2, (('MM AN PHU', 'MM DA NANG', 13.321023),))"
1,pricing_dedup_rejected_before_gnn,OREO CHOCOLATE 110.4/105G,2,negative_reduced_cost,MM AN PHU,MM DA NANG,13.321023298631342,,,0.1,11.253427,PRICED_E1_negative_reduced_cost_OREO CHOCOLATE 110.4/105G_T2_1,-3.328409,,,,,,False,True,False,False,"('OREO CHOCOLATE 110.4/105G', 2, (('MM AN PHU', 'MM DA NANG', 13.321023),))"
1,pricing_dedup_rejected_before_gnn,OREO CHOCOLATE 110.4/105G,4,surplus_ratio,MM HIEP PHU,MM AN PHU,2.143644167718236,,,0.1,5.168084,PRICED_E1_surplus_ratio_OREO CHOCOLATE 110.4/105G_T4_1,-1754.502031,,,,,,False,True,False,False,"('OREO CHOCOLATE 110.4/105G', 4, (('MM HIEP PHU', 'MM AN PHU', 2.143644),))"
1,pricing_dedup_rejected_before_gnn,OREO CHOCOLATE 110.4/105G,4,time_urgency,MM HIEP PHU,MM AN PHU,2.143644167718236,,,0.1,5.168084,PRICED_E1_time_urgency_OREO CHOCOLATE 110.4/105G_T4_1,-1754.502031,,,,,,False,True,False,False,"('OREO CHOCOLATE 110.4/105G', 4, (('MM HIEP PHU', 'MM AN PHU', 2.143644),))"
1,pricing_dedup_rejected_before_gnn,OREO CHOCOLATE 110.4/105G,4,negative_reduced_cost,MM HIEP PHU,MM AN PHU,2.143644167718236,,,0.1,5.168084,PRICED_E1_negative_reduced_cost_OREO CHOCOLATE 110.4/105G_T4_1,-1754.502031,,,,,,False,True,False,False,"('OREO CHOCOLATE 110.4/105G', 4, (('MM HIEP PHU', 'MM AN PHU', 2.143644),))"
1,pricing_dedup_rejected_before_gnn,OREO CHOCOLATE 110.4/105G,6,shortage_ratio,MM BINH DUONG,MM AN PHU,0.04387715064083508,,,0.1,4.50918,PRICED_E1_shortage_ratio_OREO CHOCOLATE 110.4/105G_T6_2,-2490.152937,,,,,,False,True,False,False,"('OREO CHOCOLATE 110.4/105G', 6, (('MM BINH DUONG', 'MM AN PHU', 0.043877), ('MM DA NANG', 'MM AN PHU', 3.0)))"
1,pricing_dedup_rejected_before_gnn,OREO CHOCOLATE 110.4/105G,6,shortage_ratio,MM DA NANG,MM AN PHU,3.0,,,0.1,4.50918,PRICED_E1_shortage_ratio_OREO CHOCOLATE 110.4/105G_T6_2,-2490.152937,,,,,,False,True,False,False,"('OREO CHOCOLATE 110.4/105G', 6, (('MM BINH DUONG', 'MM AN PHU', 0.043877), ('MM DA NANG', 'MM AN PHU', 3.0)))"
1,pricing_dedup_rejected_before_gnn,OREO CHOCOLATE 110.4/105G,6,surplus_ratio,MM DA NANG,MM AN PHU,3.0,,,0.1,4.50918,PRICED_E1_surplus_ratio_OREO CHOCOLATE 110.4/105G_T6_1,-2490.152937,,,,,,False,True,False,False,"('OREO CHOCOLATE 110.4/105G', 6, (('MM BINH DUONG', 'MM AN PHU', 0.043877), ('MM DA NANG', 'MM AN PHU', 3.0)))"
1,pricing_dedup_rejected_before_gnn,OREO CHOCOLATE 110.4/105G,6,surplus_ratio,MM BINH DUONG,MM AN PHU,0.04387715064083508,,,0.1,4.50918,PRICED_E1_surplus_ratio_OREO CHOCOLATE 110.4/105G_T6_1,-2490.152937,,,,,,False,True,False,False,"('OREO CHOCOLATE 110.4/105G', 6, (('MM BINH DUONG', 'MM AN PHU', 0.043877), ('MM DA NANG', 'MM AN PHU', 3.0)))"
1,pricing_dedup_rejected_before_gnn,OREO CHOCOLATE 110.4/105G,6,surplus_ratio,MM BINH DUONG,MM AN PHU,0.04387715064083508,,,0.1,4.50918,PRICED_E1_surplus_ratio_OREO CHOCOLATE 110.4/105G_T6_2,-2490.152937,,,,,,False,True,False,False,"('OREO CHOCOLATE 110.4/105G', 6, (('MM BINH DUONG', 'MM AN PHU', 0.043877), ('MM DA NANG', 'MM AN PHU', 3.0)))"
1,pricing_dedup_rejected_before_gnn,OREO CHOCOLATE 110.4/105G,6,surplus_ratio,MM DA NANG,MM AN PHU,3.0,,,0.1,4.50918,PRICED_E1_surplus_ratio_OREO CHOCOLATE 110.4/105G_T6_2,-2490.152937,,,,,,False,True,False,False,"('OREO CHOCOLATE 110.4/105G', 6, (('MM BINH DUONG', 'MM AN PHU', 0.043877), ('MM DA NANG', 'MM AN PHU', 3.0)))"
1,pricing_dedup_rejected_before_gnn,OREO CHOCOLATE 110.4/105G,6,time_urgency,MM DA NANG,MM AN PHU,3.0,,,0.1,4.50918,PRICED_E1_time_urgency_OREO CHOCOLATE 110.4/105G_T6_1,-2490.152937,,,,,,False,True,False,False,"('OREO CHOCOLATE 110.4/105G', 6, (('MM BINH DUONG', 'MM AN PHU', 0.043877), ('MM DA NANG', 'MM AN PHU', 3.0)))"
1,pricing_dedup_rejected_before_gnn,OREO CHOCOLATE 110.4/105G,6,time_urgency,MM BINH DUONG,MM AN PHU,0.04387715064083508,,,0.1,4.50918,PRICED_E1_time_urgency_OREO CHOCOLATE 110.4/105G_T6_1,-2490.152937,,,,,,False,True,False,False,"('OREO CHOCOLATE 110.4/105G', 6, (('MM BINH DUONG', 'MM AN PHU', 0.043877), ('MM DA NANG', 'MM AN PHU', 3.0)))"
1,pricing_dedup_rejected_before_gnn,OREO CHOCOLATE 110.4/105G,6,time_urgency,MM BINH DUONG,MM AN PHU,0.04387715064083508,,,0.1,4.50918,PRICED_E1_time_urgency_OREO CHOCOLATE 110.4/105G_T6_2,-2490.152937,,,,,,False,True,False,False,"('OREO CHOCOLATE 110.4/105G', 6, (('MM BINH DUONG', 'MM AN PHU', 0.043877), ('MM DA NANG', 'MM AN PHU', 3.0)))"
1,pricing_dedup_rejected_before_gnn,OREO CHOCOLATE 110.4/105G,6,time_urgency,MM DA NANG,MM AN PHU,3.0,,,0.1,4.50918,PRICED_E1_time_urgency_OREO CHOCOLATE 110.4/105G_T6_2,-2490.152937,,,,,,False,True,False,False,"('OREO CHOCOLATE 110.4/105G', 6, (('MM BINH DUONG', 'MM AN PHU', 0.043877), ('MM DA NANG', 'MM AN PHU', 3.0)))"
1,pricing_dedup_rejected_before_gnn,OREO CHOCOLATE 110.4/105G,6,negative_reduced_cost,MM DA NANG,MM AN PHU,3.0,,,0.1,4.50918,PRICED_E1_negative_reduced_cost_OREO CHOCOLATE 110.4/105G_T6_1,-2490.152937,,,,,,False,True,False,False,"('OREO CHOCOLATE 110.4/105G', 6, (('MM BINH DUONG', 'MM AN PHU', 0.043877), ('MM DA NANG', 'MM AN PHU', 3.0)))"
1,pricing_dedup_rejected_before_gnn,OREO CHOCOLATE 110.4/105G,6,negative_reduced_cost,MM BINH DUONG,MM AN PHU,0.04387715064083508,,,0.1,4.50918,PRICED_E1_negative_reduced_cost_OREO CHOCOLATE 110.4/105G_T6_1,-2490.152937,,,,,,False,True,False,False,"('OREO CHOCOLATE 110.4/105G', 6, (('MM BINH DUONG', 'MM AN PHU', 0.043877), ('MM DA NANG', 'MM AN PHU', 3.0)))"
1,pricing_dedup_rejected_before_gnn,OREO CHOCOLATE 110.4/105G,6,negative_reduced_cost,MM BINH DUONG,MM AN PHU,0.04387715064083508,,,0.1,4.50918,PRICED_E1_negative_reduced_cost_OREO CHOCOLATE 110.4/105G_T6_2,-2490.152937,,,,,,False,True,False,False,"('OREO CHOCOLATE 110.4/105G', 6, (('MM BINH DUONG', 'MM AN PHU', 0.043877), ('MM DA NANG', 'MM AN PHU', 3.0)))"
1,pricing_dedup_rejected_before_gnn,OREO CHOCOLATE 110.4/105G,6,negative_reduced_cost,MM DA NANG,MM AN PHU,3.0,,,0.1,4.50918,PRICED_E1_negative_reduced_cost_OREO CHOCOLATE 110.4/105G_T6_2,-2490.152937,,,,,,False,True,False,False,"('OREO CHOCOLATE 110.4/105G', 6, (('MM BINH DUONG', 'MM AN PHU', 0.043877), ('MM DA NANG', 'MM AN PHU', 3.0)))"
1,teacher_full_batch_recorded_before_rmp,OREO CHOCOLATE 110.4/105G,2,shortage_ratio,MM AN PHU,MM DA NANG,13.321023298631342,,,0.1,11.253427,PRICED_E1_shortage_ratio_OREO CHOCOLATE 110.4/105G_T2_1,-3.328409,,,False,False,3.0,False,False,False,False,"(('MM AN PHU', 'MM DA NANG', 13.321023),)"
1,teacher_full_batch_recorded_before_rmp,OREO CHOCOLATE 110.4/105G,4,shortage_ratio,MM HIEP PHU,MM AN PHU,2.143644167718236,,,0.1,5.168084,PRICED_E1_shortage_ratio_OREO CHOCOLATE 110.4/105G_T4_1,-1754.502031,,,False,False,3.0,False,False,False,False,"(('MM HIEP PHU', 'MM AN PHU', 2.143644),)"
1,teacher_full_batch_recorded_before_rmp,OREO CHOCOLATE 110.4/105G,6,shortage_ratio,MM DA NANG,MM AN PHU,3.0,,,0.1,4.50918,PRICED_E1_shortage_ratio_OREO CHOCOLATE 110.4/105G_T6_1,-2490.152937,,,False,False,3.0,False,False,False,False,"(('MM BINH DUONG', 'MM AN PHU', 0.043877), ('MM DA NANG', 'MM AN PHU', 3.0))"
1,teacher_full_batch_recorded_before_rmp,OREO CHOCOLATE 110.4/105G,6,shortage_ratio,MM BINH DUONG,MM AN PHU,0.04387715064083508,,,0.1,4.50918,PRICED_E1_shortage_ratio_OREO CHOCOLATE 110.4/105G_T6_1,-2490.152937,,,False,False,3.0,False,False,False,False,"(('MM BINH DUONG', 'MM AN PHU', 0.043877), ('MM DA NANG', 'MM AN PHU', 3.0))"
1,add_patterns_rejected,OREO CHOCOLATE 110.4/105G,2,shortage_ratio,MM AN PHU,MM DA NANG,13.321023298631342,,,0.1,11.253427,PRICED_E1_shortage_ratio_OREO CHOCOLATE 110.4/105G_T2_1,-3.328409,,,False,False,3.0,True,False,False,False,"('OREO CHOCOLATE 110.4/105G', 2, (('MM AN PHU', 'MM DA NANG', 13.321023),))"
1,add_patterns_rejected,OREO CHOCOLATE 110.4/105G,4,shortage_ratio,MM HIEP PHU,MM AN PHU,2.143644167718236,,,0.1,5.168084,PRICED_E1_shortage_ratio_OREO CHOCOLATE 110.4/105G_T4_1,-1754.502031,,,False,False,3.0,True,False,False,False,"('OREO CHOCOLATE 110.4/105G', 4, (('MM HIEP PHU', 'MM AN PHU', 2.143644),))"
1,add_patterns_rejected,OREO CHOCOLATE 110.4/105G,6,shortage_ratio,MM DA NANG,MM AN PHU,3.0,,,0.1,4.50918,PRICED_E1_shortage_ratio_OREO CHOCOLATE 110.4/105G_T6_1,-2490.152937,,,False,False,3.0,True,False,False,False,"('OREO CHOCOLATE 110.4/105G', 6, (('MM BINH DUONG', 'MM AN PHU', 0.043877), ('MM DA NANG', 'MM AN PHU', 3.0)))"
1,add_patterns_rejected,OREO CHOCOLATE 110.4/105G,6,shortage_ratio,MM BINH DUONG,MM AN PHU,0.04387715064083508,,,0.1,4.50918,PRICED_E1_shortage_ratio_OREO CHOCOLATE 110.4/105G_T6_1,-2490.152937,,,False,False,3.0,True,False,False,False,"('OREO CHOCOLATE 110.4/105G', 6, (('MM BINH DUONG', 'MM AN PHU', 0.043877), ('MM DA NANG', 'MM AN PHU', 3.0)))"
1,after_stackelberg,OREO CHOCOLATE 110.4/105G,2,shortage_ratio,MM HIEP PHU,MM AN PHU,1.3895453508501916,1.4441818596599232,False,0.0,4.615237559479134,,,,,,,,False,False,False,False,
1,after_stackelberg,OREO CHOCOLATE 110.4/105G,2,shortage_ratio,MM AN PHU,MM DA NANG,13.321023298631342,-3.328409319452536,False,0.0,11.253427329867487,,,,,,,,False,False,False,False,
1,after_stackelberg,OREO CHOCOLATE 110.4/105G,2,shortage_ratio,MM HIEP PHU,MM DA NANG,1.3895453508501916,1.4441818596599232,False,0.0,4.615237559479134,,,,,,,,False,False,False,False,
1,stackelberg_pricing_fallback,OREO CHOCOLATE 110.4/105G,2,shortage_ratio,MM AN PHU,MM DA NANG,13.321023298631342,-3.328409319452536,False,0.1,11.253427329867487,,,,,,,,False,False,False,False,
1,after_stackelberg,OREO CHOCOLATE 110.4/105G,2,surplus_ratio,MM AN PHU,MM DA NANG,13.321023298631342,-3.328409319452536,False,0.0,11.253427329867487,,,,,,,,False,False,False,False,
1,after_stackelberg,OREO CHOCOLATE 110.4/105G,2,surplus_ratio,MM HIEP PHU,MM AN PHU,1.3895453508501916,1.4441818596599232,False,0.0,4.615237559479134,,,,,,,,False,False,False,False,
1,after_stackelberg,OREO CHOCOLATE 110.4/105G,2,surplus_ratio,MM HIEP PHU,MM DA NANG,1.3895453508501916,1.4441818596599232,False,0.0,4.615237559479134,,,,,,,,False,False,False,False,
1,stackelberg_pricing_fallback,OREO CHOCOLATE 110.4/105G,2,surplus_ratio,MM AN PHU,MM DA NANG,13.321023298631342,-3.328409319452536,False,0.1,11.253427329867487,,,,,,,,False,False,False,False,
1,after_stackelberg,OREO CHOCOLATE 110.4/105G,2,time_urgency,MM HIEP PHU,MM AN PHU,1.3895453508501916,1.4441818596599232,False,0.0,4.615237559479134,,,,,,,,False,False,False,False,
1,after_stackelberg,OREO CHOCOLATE 110.4/105G,2,time_urgency,MM AN PHU,MM DA NANG,13.321023298631342,-3.328409319452536,False,0.0,11.253427329867487,,,,,,,,False,False,False,False,
1,after_stackelberg,OREO CHOCOLATE 110.4/105G,2,time_urgency,MM HIEP PHU,MM DA NANG,1.3895453508501916,1.4441818596599232,False,0.0,4.615237559479134,,,,,,,,False,False,False,False,
1,stackelberg_pricing_fallback,OREO CHOCOLATE 110.4/105G,2,time_urgency,MM AN PHU,MM DA NANG,13.321023298631342,-3.328409319452536,False,0.1,11.253427329867487,,,,,,,,False,False,False,False,
1,after_stackelberg,OREO CHOCOLATE 110.4/105G,2,negative_reduced_cost,MM AN PHU,MM DA NANG,13.321023298631342,-3.328409319452536,False,0.0,11.253427329867487,,,,,,,,False,False,False,False,
1,after_stackelberg,OREO CHOCOLATE 110.4/105G,2,negative_reduced_cost,MM HIEP PHU,MM AN PHU,1.3895453508501916,1.4441818596599232,False,0.0,4.615237559479134,,,,,,,,False,False,False,False,
1,after_stackelberg,OREO CHOCOLATE 110.4/105G,2,negative_reduced_cost,MM HIEP PHU,MM DA NANG,1.3895453508501916,1.4441818596599232,False,0.0,4.615237559479134,,,,,,,,False,False,False,False,
1,stackelberg_pricing_fallback,OREO CHOCOLATE 110.4/105G,2,negative_reduced_cost,MM AN PHU,MM DA NANG,13.321023298631342,-3.328409319452536,False,0.1,11.253427329867487,,,,,,,,False,False,False,False,
1,after_stackelberg,OREO CHOCOLATE 110.4/105G,4,shortage_ratio,MM BINH PHU,MM AN PHU,9.247936929446396,-7575.759519988377,False,0.0,9.651181541502392,,,,,,,,False,False,False,False,
1,after_stackelberg,OREO CHOCOLATE 110.4/105G,4,shortage_ratio,MM HIEP PHU,MM AN PHU,7.075395140024426,-5795.578777736015,False,0.0,8.321404134337227,,,,,,,,False,False,False,False,
1,stackelberg_pricing_fallback,OREO CHOCOLATE 110.4/105G,4,shortage_ratio,MM BINH PHU,MM AN PHU,9.247936929446396,-7575.759519988377,False,0.1,9.651181541502392,,,,,,,,False,False,False,False,
1,stackelberg_pricing_fallback,OREO CHOCOLATE 110.4/105G,4,shortage_ratio,MM HIEP PHU,MM AN PHU,7.075395140024426,-5795.578777736015,False,0.1,8.321404134337227,,,,,,,,False,False,False,False,
1,after_stackelberg,OREO CHOCOLATE 110.4/105G,4,surplus_ratio,MM BINH PHU,MM AN PHU,9.247936929446396,-7575.759519988377,False,0.0,9.651181541502392,,,,,,,,False,False,False,False,
1,after_stackelberg,OREO CHOCOLATE 110.4/105G,4,surplus_ratio,MM HIEP PHU,MM AN PHU,7.075395140024426,-5795.578777736015,False,0.0,8.321404134337227,,,,,,,,False,False,False,False,
1,stackelberg_pricing_fallback,OREO CHOCOLATE 110.4/105G,4,surplus_ratio,MM BINH PHU,MM AN PHU,9.247936929446396,-7575.759519988377,False,0.1,9.651181541502392,,,,,,,,False,False,False,False,
1,stackelberg_pricing_fallback,OREO CHOCOLATE 110.4/105G,4,surplus_ratio,MM HIEP PHU,MM AN PHU,7.075395140024426,-5795.578777736015,False,0.1,8.321404134337227,,,,,,,,False,False,False,False,
1,after_stackelberg,OREO CHOCOLATE 110.4/105G,4,time_urgency,MM BINH PHU,MM AN PHU,9.247936929446396,-7575.759519988377,False,0.0,9.651181541502392,,,,,,,,False,False,False,False,
1,after_stackelberg,OREO CHOCOLATE 110.4/105G,4,time_urgency,MM HIEP PHU,MM AN PHU,7.075395140024426,-5795.578777736015,False,0.0,8.321404134337227,,,,,,,,False,False,False,False,
1,stackelberg_pricing_fallback,OREO CHOCOLATE 110.4/105G,4,time_urgency,MM BINH PHU,MM AN PHU,9.247936929446396,-7575.759519988377,False,0.1,9.651181541502392,,,,,,,,False,False,False,False,
1,stackelberg_pricing_fallback,OREO CHOCOLATE 110.4/105G,4,time_urgency,MM HIEP PHU,MM AN PHU,7.075395140024426,-5795.578777736015,False,0.1,8.321404134337227,,,,,,,,False,False,False,False,
1,after_stackelberg,OREO CHOCOLATE 110.4/105G,4,negative_reduced_cost,MM BINH PHU,MM AN PHU,9.247936929446396,-7575.759519988377,False,0.0,9.651181541502392,,,,,,,,False,False,False,False,
1,after_stackelberg,OREO CHOCOLATE 110.4/105G,4,negative_reduced_cost,MM HIEP PHU,MM AN PHU,7.075395140024426,-5795.578777736015,False,0.0,8.321404134337227,,,,,,,,False,False,False,False,
1,stackelberg_pricing_fallback,OREO CHOCOLATE 110.4/105G,4,negative_reduced_cost,MM BINH PHU,MM AN PHU,9.247936929446396,-7575.759519988377,False,0.1,9.651181541502392,,,,,,,,False,False,False,False,
1,stackelberg_pricing_fallback,OREO CHOCOLATE 110.4/105G,4,negative_reduced_cost,MM HIEP PHU,MM AN PHU,7.075395140024426,-5795.578777736015,False,0.1,8.321404134337227,,,,,,,,False,False,False,False,
1,after_stackelberg,OREO CHOCOLATE 110.4/105G,5,shortage_ratio,MM BINH PHU,MM AN PHU,0.47217500780563704,0.30494938726536325,False,0.0,3.8040379374543587,,,,,,,,False,False,False,False,
1,after_stackelberg,OREO CHOCOLATE 110.4/105G,5,surplus_ratio,MM BINH PHU,MM AN PHU,0.47217500780563704,0.30494938726536325,False,0.0,3.8040379374543587,,,,,,,,False,False,False,False,
1,after_stackelberg,OREO CHOCOLATE 110.4/105G,5,time_urgency,MM BINH PHU,MM AN PHU,0.47217500780563704,0.30494938726536325,False,0.0,3.8040379374543587,,,,,,,,False,False,False,False,
1,after_stackelberg,OREO CHOCOLATE 110.4/105G,5,negative_reduced_cost,MM BINH PHU,MM AN PHU,0.47217500780563704,0.30494938726536325,False,0.0,3.8040379374543587,,,,,,,,False,False,False,False,
1,after_stackelberg,OREO CHOCOLATE 110.4/105G,6,shortage_ratio,MM BINH DUONG,MM AN PHU,0.04387715064083508,-33.952937235100265,False,0.0,3.2683591585375193,,,,,,,,False,False,False,False,
1,after_stackelberg,OREO CHOCOLATE 110.4/105G,6,shortage_ratio,MM DA NANG,MM AN PHU,3.0,-2456.2,False,0.0,5.75,,,,,,,,False,False,False,False,
1,after_stackelberg,OREO CHOCOLATE 110.4/105G,6,shortage_ratio,MM BINH DUONG,MM BINH PHU,0.04387715064083508,1.9824491397436659,False,0.0,3.2683591585375193,,,,,,,,False,False,False,False,
1,after_stackelberg,OREO CHOCOLATE 110.4/105G,6,shortage_ratio,MM DA NANG,MM BINH PHU,3.0,0.7999999999999998,False,0.0,5.75,,,,,,,,False,False,False,False,
1,after_stackelberg,OREO CHOCOLATE 110.4/105G,6,shortage_ratio,MM BINH DUONG,MM DA NANG,0.04387715064083508,1.9824491397436659,False,0.0,3.2683591585375193,,,,,,,,False,False,False,False,
1,stackelberg_pricing_fallback,OREO CHOCOLATE 110.4/105G,6,shortage_ratio,MM DA NANG,MM AN PHU,3.0,-2456.2,False,0.1,5.75,,,,,,,,False,False,False,False,
1,stackelberg_pricing_fallback,OREO CHOCOLATE 110.4/105G,6,shortage_ratio,MM BINH DUONG,MM AN PHU,0.04387715064083508,-33.952937235100265,False,0.1,3.2683591585375193,,,,,,,,False,False,False,False,
1,after_stackelberg,OREO CHOCOLATE 110.4/105G,6,surplus_ratio,MM DA NANG,MM AN PHU,3.0,-2456.2,False,0.0,5.75,,,,,,,,False,False,False,False,
1,after_stackelberg,OREO CHOCOLATE 110.4/105G,6,surplus_ratio,MM BINH DUONG,MM AN PHU,0.04387715064083508,-33.952937235100265,False,0.0,3.2683591585375193,,,,,,,,False,False,False,False,
1,after_stackelberg,OREO CHOCOLATE 110.4/105G,6,surplus_ratio,MM DA NANG,MM BINH PHU,3.0,0.7999999999999998,False,0.0,5.75,,,,,,,,False,False,False,False,
1,after_stackelberg,OREO CHOCOLATE 110.4/105G,6,surplus_ratio,MM BINH DUONG,MM BINH PHU,0.04387715064083508,1.9824491397436659,False,0.0,3.2683591585375193,,,,,,,,False,False,False,False,
1,after_stackelberg,OREO CHOCOLATE 110.4/105G,6,surplus_ratio,MM BINH DUONG,MM DA NANG,0.04387715064083508,1.9824491397436659,False,0.0,3.2683591585375193,,,,,,,,False,False,False,False,
1,stackelberg_pricing_fallback,OREO CHOCOLATE 110.4/105G,6,surplus_ratio,MM DA NANG,MM AN PHU,3.0,-2456.2,False,0.1,5.75,,,,,,,,False,False,False,False,
1,stackelberg_pricing_fallback,OREO CHOCOLATE 110.4/105G,6,surplus_ratio,MM BINH DUONG,MM AN PHU,0.04387715064083508,-33.952937235100265,False,0.1,3.2683591585375193,,,,,,,,False,False,False,False,
1,after_stackelberg,OREO CHOCOLATE 110.4/105G,6,time_urgency,MM BINH DUONG,MM AN PHU,0.04387715064083508,-33.952937235100265,False,0.0,3.2683591585375193,,,,,,,,False,False,False,False,
1,after_stackelberg,OREO CHOCOLATE 110.4/105G,6,time_urgency,MM DA NANG,MM AN PHU,3.0,-2456.2,False,0.0,5.75,,,,,,,,False,False,False,False,
1,after_stackelberg,OREO CHOCOLATE 110.4/105G,6,time_urgency,MM BINH DUONG,MM DA NANG,0.04387715064083508,1.9824491397436659,False,0.0,3.2683591585375193,,,,,,,,False,False,False,False,
1,after_stackelberg,OREO CHOCOLATE 110.4/105G,6,time_urgency,MM BINH DUONG,MM BINH PHU,0.04387715064083508,1.9824491397436659,False,0.0,3.2683591585375193,,,,,,,,False,False,False,False,
1,after_stackelberg,OREO CHOCOLATE 110.4/105G,6,time_urgency,MM DA NANG,MM BINH PHU,3.0,0.7999999999999998,False,0.0,5.75,,,,,,,,False,False,False,False,
1,stackelberg_pricing_fallback,OREO CHOCOLATE 110.4/105G,6,time_urgency,MM DA NANG,MM AN PHU,3.0,-2456.2,False,0.1,5.75,,,,,,,,False,False,False,False,
1,stackelberg_pricing_fallback,OREO CHOCOLATE 110.4/105G,6,time_urgency,MM BINH DUONG,MM AN PHU,0.04387715064083508,-33.952937235100265,False,0.1,3.2683591585375193,,,,,,,,False,False,False,False,
1,after_stackelberg,OREO CHOCOLATE 110.4/105G,6,negative_reduced_cost,MM DA NANG,MM AN PHU,3.0,-2456.2,False,0.0,5.75,,,,,,,,False,False,False,False,
1,after_stackelberg,OREO CHOCOLATE 110.4/105G,6,negative_reduced_cost,MM BINH DUONG,MM AN PHU,0.04387715064083508,-33.952937235100265,False,0.0,3.2683591585375193,,,,,,,,False,False,False,False,
1,after_stackelberg,OREO CHOCOLATE 110.4/105G,6,negative_reduced_cost,MM BINH DUONG,MM BINH PHU,0.04387715064083508,1.9824491397436659,False,0.0,3.2683591585375193,,,,,,,,False,False,False,False,
1,after_stackelberg,OREO CHOCOLATE 110.4/105G,6,negative_reduced_cost,MM BINH DUONG,MM DA NANG,0.04387715064083508,1.9824491397436659,False,0.0,3.2683591585375193,,,,,,,,False,False,False,False,
1,after_stackelberg,OREO CHOCOLATE 110.4/105G,6,negative_reduced_cost,MM DA NANG,MM BINH PHU,3.0,0.7999999999999998,False,0.0,5.75,,,,,,,,False,False,False,False,
1,stackelberg_pricing_fallback,OREO CHOCOLATE 110.4/105G,6,negative_reduced_cost,MM DA NANG,MM AN PHU,3.0,-2456.2,False,0.1,5.75,,,,,,,,False,False,False,False,
1,stackelberg_pricing_fallback,OREO CHOCOLATE 110.4/105G,6,negative_reduced_cost,MM BINH DUONG,MM AN PHU,0.04387715064083508,-33.952937235100265,False,0.1,3.2683591585375193,,,,,,,,False,False,False,False,
1,pricing_dedup_rejected_before_gnn,OREO CHOCOLATE 110.4/105G,2,surplus_ratio,MM AN PHU,MM DA NANG,13.321023298631342,,,0.1,11.253427,PRICED_E1_surplus_ratio_OREO CHOCOLATE 110.4/105G_T2_1,-3.328409,,,,,,False,True,False,False,"('OREO CHOCOLATE 110.4/105G', 2, (('MM AN PHU', 'MM DA NANG', 13.321023),))"
1,pricing_dedup_rejected_before_gnn,OREO CHOCOLATE 110.4/105G,2,time_urgency,MM AN PHU,MM DA NANG,13.321023298631342,,,0.1,11.253427,PRICED_E1_time_urgency_OREO CHOCOLATE 110.4/105G_T2_1,-3.328409,,,,,,False,True,False,False,"('OREO CHOCOLATE 110.4/105G', 2, (('MM AN PHU', 'MM DA NANG', 13.321023),))"
1,pricing_dedup_rejected_before_gnn,OREO CHOCOLATE 110.4/105G,2,negative_reduced_cost,MM AN PHU,MM DA NANG,13.321023298631342,,,0.1,11.253427,PRICED_E1_negative_reduced_cost_OREO CHOCOLATE 110.4/105G_T2_1,-3.328409,,,,,,False,True,False,False,"('OREO CHOCOLATE 110.4/105G', 2, (('MM AN PHU', 'MM DA NANG', 13.321023),))"
1,pricing_dedup_rejected_before_gnn,OREO CHOCOLATE 110.4/105G,4,shortage_ratio,MM HIEP PHU,MM AN PHU,7.075395140024426,,,0.1,8.986293,PRICED_E1_shortage_ratio_OREO CHOCOLATE 110.4/105G_T4_2,-13371.338298,,,,,,False,True,False,False,"('OREO CHOCOLATE 110.4/105G', 4, (('MM BINH PHU', 'MM AN PHU', 9.247937), ('MM HIEP PHU', 'MM AN PHU', 7.075395)))"
1,pricing_dedup_rejected_before_gnn,OREO CHOCOLATE 110.4/105G,4,shortage_ratio,MM BINH PHU,MM AN PHU,9.247936929446396,,,0.1,8.986293,PRICED_E1_shortage_ratio_OREO CHOCOLATE 110.4/105G_T4_2,-13371.338298,,,,,,False,True,False,False,"('OREO CHOCOLATE 110.4/105G', 4, (('MM BINH PHU', 'MM AN PHU', 9.247937), ('MM HIEP PHU', 'MM AN PHU', 7.075395)))"
1,pricing_dedup_rejected_before_gnn,OREO CHOCOLATE 110.4/105G,4,surplus_ratio,MM BINH PHU,MM AN PHU,9.247936929446396,,,0.1,8.986293,PRICED_E1_surplus_ratio_OREO CHOCOLATE 110.4/105G_T4_1,-13371.338298,,,,,,False,True,False,False,"('OREO CHOCOLATE 110.4/105G', 4, (('MM BINH PHU', 'MM AN PHU', 9.247937), ('MM HIEP PHU', 'MM AN PHU', 7.075395)))"
1,pricing_dedup_rejected_before_gnn,OREO CHOCOLATE 110.4/105G,4,surplus_ratio,MM HIEP PHU,MM AN PHU,7.075395140024426,,,0.1,8.986293,PRICED_E1_surplus_ratio_OREO CHOCOLATE 110.4/105G_T4_1,-13371.338298,,,,,,False,True,False,False,"('OREO CHOCOLATE 110.4/105G', 4, (('MM BINH PHU', 'MM AN PHU', 9.247937), ('MM HIEP PHU', 'MM AN PHU', 7.075395)))"
1,pricing_dedup_rejected_before_gnn,OREO CHOCOLATE 110.4/105G,4,surplus_ratio,MM HIEP PHU,MM AN PHU,7.075395140024426,,,0.1,8.986293,PRICED_E1_surplus_ratio_OREO CHOCOLATE 110.4/105G_T4_2,-13371.338298,,,,,,False,True,False,False,"('OREO CHOCOLATE 110.4/105G', 4, (('MM BINH PHU', 'MM AN PHU', 9.247937), ('MM HIEP PHU', 'MM AN PHU', 7.075395)))"
1,pricing_dedup_rejected_before_gnn,OREO CHOCOLATE 110.4/105G,4,surplus_ratio,MM BINH PHU,MM AN PHU,9.247936929446396,,,0.1,8.986293,PRICED_E1_surplus_ratio_OREO CHOCOLATE 110.4/105G_T4_2,-13371.338298,,,,,,False,True,False,False,"('OREO CHOCOLATE 110.4/105G', 4, (('MM BINH PHU', 'MM AN PHU', 9.247937), ('MM HIEP PHU', 'MM AN PHU', 7.075395)))"
1,pricing_dedup_rejected_before_gnn,OREO CHOCOLATE 110.4/105G,4,time_urgency,MM BINH PHU,MM AN PHU,9.247936929446396,,,0.1,8.986293,PRICED_E1_time_urgency_OREO CHOCOLATE 110.4/105G_T4_1,-13371.338298,,,,,,False,True,False,False,"('OREO CHOCOLATE 110.4/105G', 4, (('MM BINH PHU', 'MM AN PHU', 9.247937), ('MM HIEP PHU', 'MM AN PHU', 7.075395)))"
1,pricing_dedup_rejected_before_gnn,OREO CHOCOLATE 110.4/105G,4,time_urgency,MM HIEP PHU,MM AN PHU,7.075395140024426,,,0.1,8.986293,PRICED_E1_time_urgency_OREO CHOCOLATE 110.4/105G_T4_1,-13371.338298,,,,,,False,True,False,False,"('OREO CHOCOLATE 110.4/105G', 4, (('MM BINH PHU', 'MM AN PHU', 9.247937), ('MM HIEP PHU', 'MM AN PHU', 7.075395)))"
1,pricing_dedup_rejected_before_gnn,OREO CHOCOLATE 110.4/105G,4,time_urgency,MM HIEP PHU,MM AN PHU,7.075395140024426,,,0.1,8.986293,PRICED_E1_time_urgency_OREO CHOCOLATE 110.4/105G_T4_2,-13371.338298,,,,,,False,True,False,False,"('OREO CHOCOLATE 110.4/105G', 4, (('MM BINH PHU', 'MM AN PHU', 9.247937), ('MM HIEP PHU', 'MM AN PHU', 7.075395)))"
1,pricing_dedup_rejected_before_gnn,OREO CHOCOLATE 110.4/105G,4,time_urgency,MM BINH PHU,MM AN PHU,9.247936929446396,,,0.1,8.986293,PRICED_E1_time_urgency_OREO CHOCOLATE 110.4/105G_T4_2,-13371.338298,,,,,,False,True,False,False,"('OREO CHOCOLATE 110.4/105G', 4, (('MM BINH PHU', 'MM AN PHU', 9.247937), ('MM HIEP PHU', 'MM AN PHU', 7.075395)))"
1,pricing_dedup_rejected_before_gnn,OREO CHOCOLATE 110.4/105G,4,negative_reduced_cost,MM BINH PHU,MM AN PHU,9.247936929446396,,,0.1,8.986293,PRICED_E1_negative_reduced_cost_OREO CHOCOLATE 110.4/105G_T4_1,-13371.338298,,,,,,False,True,False,False,"('OREO CHOCOLATE 110.4/105G', 4, (('MM BINH PHU', 'MM AN PHU', 9.247937), ('MM HIEP PHU', 'MM AN PHU', 7.075395)))"
1,pricing_dedup_rejected_before_gnn,OREO CHOCOLATE 110.4/105G,4,negative_reduced_cost,MM HIEP PHU,MM AN PHU,7.075395140024426,,,0.1,8.986293,PRICED_E1_negative_reduced_cost_OREO CHOCOLATE 110.4/105G_T4_1,-13371.338298,,,,,,False,True,False,False,"('OREO CHOCOLATE 110.4/105G', 4, (('MM BINH PHU', 'MM AN PHU', 9.247937), ('MM HIEP PHU', 'MM AN PHU', 7.075395)))"
1,pricing_dedup_rejected_before_gnn,OREO CHOCOLATE 110.4/105G,4,negative_reduced_cost,MM HIEP PHU,MM AN PHU,7.075395140024426,,,0.1,8.986293,PRICED_E1_negative_reduced_cost_OREO CHOCOLATE 110.4/105G_T4_2,-13371.338298,,,,,,False,True,False,False,"('OREO CHOCOLATE 110.4/105G', 4, (('MM BINH PHU', 'MM AN PHU', 9.247937), ('MM HIEP PHU', 'MM AN PHU', 7.075395)))"
1,pricing_dedup_rejected_before_gnn,OREO CHOCOLATE 110.4/105G,4,negative_reduced_cost,MM BINH PHU,MM AN PHU,9.247936929446396,,,0.1,8.986293,PRICED_E1_negative_reduced_cost_OREO CHOCOLATE 110.4/105G_T4_2,-13371.338298,,,,,,False,True,False,False,"('OREO CHOCOLATE 110.4/105G', 4, (('MM BINH PHU', 'MM AN PHU', 9.247937), ('MM HIEP PHU', 'MM AN PHU', 7.075395)))"
1,pricing_dedup_rejected_before_gnn,OREO CHOCOLATE 110.4/105G,6,shortage_ratio,MM BINH DUONG,MM AN PHU,0.04387715064083508,,,0.1,4.50918,PRICED_E1_shortage_ratio_OREO CHOCOLATE 110.4/105G_T6_2,-2490.152937,,,,,,False,True,False,False,"('OREO CHOCOLATE 110.4/105G', 6, (('MM BINH DUONG', 'MM AN PHU', 0.043877), ('MM DA NANG', 'MM AN PHU', 3.0)))"
1,pricing_dedup_rejected_before_gnn,OREO CHOCOLATE 110.4/105G,6,shortage_ratio,MM DA NANG,MM AN PHU,3.0,,,0.1,4.50918,PRICED_E1_shortage_ratio_OREO CHOCOLATE 110.4/105G_T6_2,-2490.152937,,,,,,False,True,False,False,"('OREO CHOCOLATE 110.4/105G', 6, (('MM BINH DUONG', 'MM AN PHU', 0.043877), ('MM DA NANG', 'MM AN PHU', 3.0)))"
1,pricing_dedup_rejected_before_gnn,OREO CHOCOLATE 110.4/105G,6,surplus_ratio,MM DA NANG,MM AN PHU,3.0,,,0.1,4.50918,PRICED_E1_surplus_ratio_OREO CHOCOLATE 110.4/105G_T6_1,-2490.152937,,,,,,False,True,False,False,"('OREO CHOCOLATE 110.4/105G', 6, (('MM BINH DUONG', 'MM AN PHU', 0.043877), ('MM DA NANG', 'MM AN PHU', 3.0)))"
1,pricing_dedup_rejected_before_gnn,OREO CHOCOLATE 110.4/105G,6,surplus_ratio,MM BINH DUONG,MM AN PHU,0.04387715064083508,,,0.1,4.50918,PRICED_E1_surplus_ratio_OREO CHOCOLATE 110.4/105G_T6_1,-2490.152937,,,,,,False,True,False,False,"('OREO CHOCOLATE 110.4/105G', 6, (('MM BINH DUONG', 'MM AN PHU', 0.043877), ('MM DA NANG', 'MM AN PHU', 3.0)))"
1,pricing_dedup_rejected_before_gnn,OREO CHOCOLATE 110.4/105G,6,surplus_ratio,MM BINH DUONG,MM AN PHU,0.04387715064083508,,,0.1,4.50918,PRICED_E1_surplus_ratio_OREO CHOCOLATE 110.4/105G_T6_2,-2490.152937,,,,,,False,True,False,False,"('OREO CHOCOLATE 110.4/105G', 6, (('MM BINH DUONG', 'MM AN PHU', 0.043877), ('MM DA NANG', 'MM AN PHU', 3.0)))"
1,pricing_dedup_rejected_before_gnn,OREO CHOCOLATE 110.4/105G,6,surplus_ratio,MM DA NANG,MM AN PHU,3.0,,,0.1,4.50918,PRICED_E1_surplus_ratio_OREO CHOCOLATE 110.4/105G_T6_2,-2490.152937,,,,,,False,True,False,False,"('OREO CHOCOLATE 110.4/105G', 6, (('MM BINH DUONG', 'MM AN PHU', 0.043877), ('MM DA NANG', 'MM AN PHU', 3.0)))"
1,pricing_dedup_rejected_before_gnn,OREO CHOCOLATE 110.4/105G,6,time_urgency,MM DA NANG,MM AN PHU,3.0,,,0.1,4.50918,PRICED_E1_time_urgency_OREO CHOCOLATE 110.4/105G_T6_1,-2490.152937,,,,,,False,True,False,False,"('OREO CHOCOLATE 110.4/105G', 6, (('MM BINH DUONG', 'MM AN PHU', 0.043877), ('MM DA NANG', 'MM AN PHU', 3.0)))"
1,pricing_dedup_rejected_before_gnn,OREO CHOCOLATE 110.4/105G,6,time_urgency,MM BINH DUONG,MM AN PHU,0.04387715064083508,,,0.1,4.50918,PRICED_E1_time_urgency_OREO CHOCOLATE 110.4/105G_T6_1,-2490.152937,,,,,,False,True,False,False,"('OREO CHOCOLATE 110.4/105G', 6, (('MM BINH DUONG', 'MM AN PHU', 0.043877), ('MM DA NANG', 'MM AN PHU', 3.0)))"
1,pricing_dedup_rejected_before_gnn,OREO CHOCOLATE 110.4/105G,6,time_urgency,MM BINH DUONG,MM AN PHU,0.04387715064083508,,,0.1,4.50918,PRICED_E1_time_urgency_OREO CHOCOLATE 110.4/105G_T6_2,-2490.152937,,,,,,False,True,False,False,"('OREO CHOCOLATE 110.4/105G', 6, (('MM BINH DUONG', 'MM AN PHU', 0.043877), ('MM DA NANG', 'MM AN PHU', 3.0)))"
1,pricing_dedup_rejected_before_gnn,OREO CHOCOLATE 110.4/105G,6,time_urgency,MM DA NANG,MM AN PHU,3.0,,,0.1,4.50918,PRICED_E1_time_urgency_OREO CHOCOLATE 110.4/105G_T6_2,-2490.152937,,,,,,False,True,False,False,"('OREO CHOCOLATE 110.4/105G', 6, (('MM BINH DUONG', 'MM AN PHU', 0.043877), ('MM DA NANG', 'MM AN PHU', 3.0)))"
1,pricing_dedup_rejected_before_gnn,OREO CHOCOLATE 110.4/105G,6,negative_reduced_cost,MM DA NANG,MM AN PHU,3.0,,,0.1,4.50918,PRICED_E1_negative_reduced_cost_OREO CHOCOLATE 110.4/105G_T6_1,-2490.152937,,,,,,False,True,False,False,"('OREO CHOCOLATE 110.4/105G', 6, (('MM BINH DUONG', 'MM AN PHU', 0.043877), ('MM DA NANG', 'MM AN PHU', 3.0)))"
1,pricing_dedup_rejected_before_gnn,OREO CHOCOLATE 110.4/105G,6,negative_reduced_cost,MM BINH DUONG,MM AN PHU,0.04387715064083508,,,0.1,4.50918,PRICED_E1_negative_reduced_cost_OREO CHOCOLATE 110.4/105G_T6_1,-2490.152937,,,,,,False,True,False,False,"('OREO CHOCOLATE 110.4/105G', 6, (('MM BINH DUONG', 'MM AN PHU', 0.043877), ('MM DA NANG', 'MM AN PHU', 3.0)))"
1,pricing_dedup_rejected_before_gnn,OREO CHOCOLATE 110.4/105G,6,negative_reduced_cost,MM BINH DUONG,MM AN PHU,0.04387715064083508,,,0.1,4.50918,PRICED_E1_negative_reduced_cost_OREO CHOCOLATE 110.4/105G_T6_2,-2490.152937,,,,,,False,True,False,False,"('OREO CHOCOLATE 110.4/105G', 6, (('MM BINH DUONG', 'MM AN PHU', 0.043877), ('MM DA NANG', 'MM AN PHU', 3.0)))"
1,pricing_dedup_rejected_before_gnn,OREO CHOCOLATE 110.4/105G,6,negative_reduced_cost,MM DA NANG,MM AN PHU,3.0,,,0.1,4.50918,PRICED_E1_negative_reduced_cost_OREO CHOCOLATE 110.4/105G_T6_2,-2490.152937,,,,,,False,True,False,False,"('OREO CHOCOLATE 110.4/105G', 6, (('MM BINH DUONG', 'MM AN PHU', 0.043877), ('MM DA NANG', 'MM AN PHU', 3.0)))"
1,teacher_full_batch_recorded_before_rmp,OREO CHOCOLATE 110.4/105G,2,shortage_ratio,MM AN PHU,MM DA NANG,13.321023298631342,,,0.1,11.253427,PRICED_E1_shortage_ratio_OREO CHOCOLATE 110.4/105G_T2_1,-3.328409,,,False,False,3.0,False,False,False,False,"(('MM AN PHU', 'MM DA NANG', 13.321023),)"
1,teacher_full_batch_recorded_before_rmp,OREO CHOCOLATE 110.4/105G,4,shortage_ratio,MM BINH PHU,MM AN PHU,9.247936929446396,,,0.1,8.986293,PRICED_E1_shortage_ratio_OREO CHOCOLATE 110.4/105G_T4_1,-13371.338298,,,False,False,3.0,False,False,False,False,"(('MM BINH PHU', 'MM AN PHU', 9.247937), ('MM HIEP PHU', 'MM AN PHU', 7.075395))"
1,teacher_full_batch_recorded_before_rmp,OREO CHOCOLATE 110.4/105G,4,shortage_ratio,MM HIEP PHU,MM AN PHU,7.075395140024426,,,0.1,8.986293,PRICED_E1_shortage_ratio_OREO CHOCOLATE 110.4/105G_T4_1,-13371.338298,,,False,False,3.0,False,False,False,False,"(('MM BINH PHU', 'MM AN PHU', 9.247937), ('MM HIEP PHU', 'MM AN PHU', 7.075395))"
1,teacher_full_batch_recorded_before_rmp,OREO CHOCOLATE 110.4/105G,6,shortage_ratio,MM DA NANG,MM AN PHU,3.0,,,0.1,4.50918,PRICED_E1_shortage_ratio_OREO CHOCOLATE 110.4/105G_T6_1,-2490.152937,,,False,False,3.0,False,False,False,False,"(('MM BINH DUONG', 'MM AN PHU', 0.043877), ('MM DA NANG', 'MM AN PHU', 3.0))"
1,teacher_full_batch_recorded_before_rmp,OREO CHOCOLATE 110.4/105G,6,shortage_ratio,MM BINH DUONG,MM AN PHU,0.04387715064083508,,,0.1,4.50918,PRICED_E1_shortage_ratio_OREO CHOCOLATE 110.4/105G_T6_1,-2490.152937,,,False,False,3.0,False,False,False,False,"(('MM BINH DUONG', 'MM AN PHU', 0.043877), ('MM DA NANG', 'MM AN PHU', 3.0))"
1,add_patterns_rejected,OREO CHOCOLATE 110.4/105G,2,shortage_ratio,MM AN PHU,MM DA NANG,13.321023298631342,,,0.1,11.253427,PRICED_E1_shortage_ratio_OREO CHOCOLATE 110.4/105G_T2_1,-3.328409,,,False,False,3.0,True,False,False,False,"('OREO CHOCOLATE 110.4/105G', 2, (('MM AN PHU', 'MM DA NANG', 13.321023),))"
1,add_patterns_rejected,OREO CHOCOLATE 110.4/105G,4,shortage_ratio,MM BINH PHU,MM AN PHU,9.247936929446396,,,0.1,8.986293,PRICED_E1_shortage_ratio_OREO CHOCOLATE 110.4/105G_T4_1,-13371.338298,,,False,False,3.0,True,False,False,False,"('OREO CHOCOLATE 110.4/105G', 4, (('MM BINH PHU', 'MM AN PHU', 9.247937), ('MM HIEP PHU', 'MM AN PHU', 7.075395)))"
1,add_patterns_rejected,OREO CHOCOLATE 110.4/105G,4,shortage_ratio,MM HIEP PHU,MM AN PHU,7.075395140024426,,,0.1,8.986293,PRICED_E1_shortage_ratio_OREO CHOCOLATE 110.4/105G_T4_1,-13371.338298,,,False,False,3.0,True,False,False,False,"('OREO CHOCOLATE 110.4/105G', 4, (('MM BINH PHU', 'MM AN PHU', 9.247937), ('MM HIEP PHU', 'MM AN PHU', 7.075395)))"
1,add_patterns_rejected,OREO CHOCOLATE 110.4/105G,6,shortage_ratio,MM DA NANG,MM AN PHU,3.0,,,0.1,4.50918,PRICED_E1_shortage_ratio_OREO CHOCOLATE 110.4/105G_T6_1,-2490.152937,,,False,False,3.0,True,False,False,False,"('OREO CHOCOLATE 110.4/105G', 6, (('MM BINH DUONG', 'MM AN PHU', 0.043877), ('MM DA NANG', 'MM AN PHU', 3.0)))"
1,add_patterns_rejected,OREO CHOCOLATE 110.4/105G,6,shortage_ratio,MM BINH DUONG,MM AN PHU,0.04387715064083508,,,0.1,4.50918,PRICED_E1_shortage_ratio_OREO CHOCOLATE 110.4/105G_T6_1,-2490.152937,,,False,False,3.0,True,False,False,False,"('OREO CHOCOLATE 110.4/105G', 6, (('MM BINH DUONG', 'MM AN PHU', 0.043877), ('MM DA NANG', 'MM AN PHU', 3.0)))"
1,after_stackelberg,OREO CHOCOLATE 110.4/105G,2,shortage_ratio,MM HIEP PHU,MM AN PHU,1.3895453508501916,1.4441818596599232,False,0.0,4.615237559479134,,,,,,,,False,False,False,False,
1,after_stackelberg,OREO CHOCOLATE 110.4/105G,2,shortage_ratio,MM AN PHU,MM DA NANG,13.321023298631342,-3.328409319452536,False,0.0,11.253427329867487,,,,,,,,False,False,False,False,
1,after_stackelberg,OREO CHOCOLATE 110.4/105G,2,shortage_ratio,MM HIEP PHU,MM DA NANG,1.3895453508501916,1.4441818596599232,False,0.0,4.615237559479134,,,,,,,,False,False,False,False,
1,stackelberg_pricing_fallback,OREO CHOCOLATE 110.4/105G,2,shortage_ratio,MM AN PHU,MM DA NANG,13.321023298631342,-3.328409319452536,False,0.1,11.253427329867487,,,,,,,,False,False,False,False,
1,after_stackelberg,OREO CHOCOLATE 110.4/105G,2,surplus_ratio,MM AN PHU,MM DA NANG,13.321023298631342,-3.328409319452536,False,0.0,11.253427329867487,,,,,,,,False,False,False,False,
1,after_stackelberg,OREO CHOCOLATE 110.4/105G,2,surplus_ratio,MM HIEP PHU,MM AN PHU,1.3895453508501916,1.4441818596599232,False,0.0,4.615237559479134,,,,,,,,False,False,False,False,
1,after_stackelberg,OREO CHOCOLATE 110.4/105G,2,surplus_ratio,MM HIEP PHU,MM DA NANG,1.3895453508501916,1.4441818596599232,False,0.0,4.615237559479134,,,,,,,,False,False,False,False,
1,stackelberg_pricing_fallback,OREO CHOCOLATE 110.4/105G,2,surplus_ratio,MM AN PHU,MM DA NANG,13.321023298631342,-3.328409319452536,False,0.1,11.253427329867487,,,,,,,,False,False,False,False,
1,after_stackelberg,OREO CHOCOLATE 110.4/105G,2,time_urgency,MM HIEP PHU,MM AN PHU,1.3895453508501916,1.4441818596599232,False,0.0,4.615237559479134,,,,,,,,False,False,False,False,
1,after_stackelberg,OREO CHOCOLATE 110.4/105G,2,time_urgency,MM AN PHU,MM DA NANG,13.321023298631342,-3.328409319452536,False,0.0,11.253427329867487,,,,,,,,False,False,False,False,
1,after_stackelberg,OREO CHOCOLATE 110.4/105G,2,time_urgency,MM HIEP PHU,MM DA NANG,1.3895453508501916,1.4441818596599232,False,0.0,4.615237559479134,,,,,,,,False,False,False,False,
1,stackelberg_pricing_fallback,OREO CHOCOLATE 110.4/105G,2,time_urgency,MM AN PHU,MM DA NANG,13.321023298631342,-3.328409319452536,False,0.1,11.253427329867487,,,,,,,,False,False,False,False,
1,after_stackelberg,OREO CHOCOLATE 110.4/105G,2,negative_reduced_cost,MM AN PHU,MM DA NANG,13.321023298631342,-3.328409319452536,False,0.0,11.253427329867487,,,,,,,,False,False,False,False,
1,after_stackelberg,OREO CHOCOLATE 110.4/105G,2,negative_reduced_cost,MM HIEP PHU,MM AN PHU,1.3895453508501916,1.4441818596599232,False,0.0,4.615237559479134,,,,,,,,False,False,False,False,
1,after_stackelberg,OREO CHOCOLATE 110.4/105G,2,negative_reduced_cost,MM HIEP PHU,MM DA NANG,1.3895453508501916,1.4441818596599232,False,0.0,4.615237559479134,,,,,,,,False,False,False,False,
1,stackelberg_pricing_fallback,OREO CHOCOLATE 110.4/105G,2,negative_reduced_cost,MM AN PHU,MM DA NANG,13.321023298631342,-3.328409319452536,False,0.1,11.253427329867487,,,,,,,,False,False,False,False,
1,after_stackelberg,OREO CHOCOLATE 110.4/105G,5,shortage_ratio,MM BINH PHU,MM AN PHU,0.47217500780563704,0.30494938726536325,False,0.0,3.8040379374543587,,,,,,,,False,False,False,False,
1,after_stackelberg,OREO CHOCOLATE 110.4/105G,5,surplus_ratio,MM BINH PHU,MM AN PHU,0.47217500780563704,0.30494938726536325,False,0.0,3.8040379374543587,,,,,,,,False,False,False,False,
1,after_stackelberg,OREO CHOCOLATE 110.4/105G,5,time_urgency,MM BINH PHU,MM AN PHU,0.47217500780563704,0.30494938726536325,False,0.0,3.8040379374543587,,,,,,,,False,False,False,False,
1,after_stackelberg,OREO CHOCOLATE 110.4/105G,5,negative_reduced_cost,MM BINH PHU,MM AN PHU,0.47217500780563704,0.30494938726536325,False,0.0,3.8040379374543587,,,,,,,,False,False,False,False,
1,after_stackelberg,OREO CHOCOLATE 110.4/105G,6,shortage_ratio,MM DA NANG,MM AN PHU,3.0,105.9418052285403,False,0.0,5.75,,,,,,,,False,False,False,False,
1,after_stackelberg,OREO CHOCOLATE 110.4/105G,6,shortage_ratio,MM DA NANG,MM BINH PHU,3.0,2562.9418052285405,False,0.0,5.75,,,,,,,,False,False,False,False,
1,after_stackelberg,OREO CHOCOLATE 110.4/105G,6,surplus_ratio,MM DA NANG,MM AN PHU,3.0,105.9418052285403,False,0.0,5.75,,,,,,,,False,False,False,False,
1,after_stackelberg,OREO CHOCOLATE 110.4/105G,6,surplus_ratio,MM DA NANG,MM BINH PHU,3.0,2562.9418052285405,False,0.0,5.75,,,,,,,,False,False,False,False,
1,after_stackelberg,OREO CHOCOLATE 110.4/105G,6,time_urgency,MM DA NANG,MM AN PHU,3.0,105.9418052285403,False,0.0,5.75,,,,,,,,False,False,False,False,
1,after_stackelberg,OREO CHOCOLATE 110.4/105G,6,time_urgency,MM DA NANG,MM BINH PHU,3.0,2562.9418052285405,False,0.0,5.75,,,,,,,,False,False,False,False,
1,after_stackelberg,OREO CHOCOLATE 110.4/105G,6,negative_reduced_cost,MM DA NANG,MM AN PHU,3.0,105.9418052285403,False,0.0,5.75,,,,,,,,False,False,False,False,
1,after_stackelberg,OREO CHOCOLATE 110.4/105G,6,negative_reduced_cost,MM DA NANG,MM BINH PHU,3.0,2562.9418052285405,False,0.0,5.75,,,,,,,,False,False,False,False,
1,pricing_dedup_rejected_before_gnn,OREO CHOCOLATE 110.4/105G,2,surplus_ratio,MM AN PHU,MM DA NANG,13.321023298631342,,,0.1,11.253427,PRICED_E1_surplus_ratio_OREO CHOCOLATE 110.4/105G_T2_1,-3.328409,,,,,,False,True,False,False,"('OREO CHOCOLATE 110.4/105G', 2, (('MM AN PHU', 'MM DA NANG', 13.321023),))"
1,pricing_dedup_rejected_before_gnn,OREO CHOCOLATE 110.4/105G,2,time_urgency,MM AN PHU,MM DA NANG,13.321023298631342,,,0.1,11.253427,PRICED_E1_time_urgency_OREO CHOCOLATE 110.4/105G_T2_1,-3.328409,,,,,,False,True,False,False,"('OREO CHOCOLATE 110.4/105G', 2, (('MM AN PHU', 'MM DA NANG', 13.321023),))"
1,pricing_dedup_rejected_before_gnn,OREO CHOCOLATE 110.4/105G,2,negative_reduced_cost,MM AN PHU,MM DA NANG,13.321023298631342,,,0.1,11.253427,PRICED_E1_negative_reduced_cost_OREO CHOCOLATE 110.4/105G_T2_1,-3.328409,,,,,,False,True,False,False,"('OREO CHOCOLATE 110.4/105G', 2, (('MM AN PHU', 'MM DA NANG', 13.321023),))"
1,teacher_full_batch_recorded_before_rmp,OREO CHOCOLATE 110.4/105G,2,shortage_ratio,MM AN PHU,MM DA NANG,13.321023298631342,,,0.1,11.253427,PRICED_E1_shortage_ratio_OREO CHOCOLATE 110.4/105G_T2_1,-3.328409,,,False,False,1.0,False,False,False,False,"(('MM AN PHU', 'MM DA NANG', 13.321023),)"
1,add_patterns_rejected,OREO CHOCOLATE 110.4/105G,2,shortage_ratio,MM AN PHU,MM DA NANG,13.321023298631342,,,0.1,11.253427,PRICED_E1_shortage_ratio_OREO CHOCOLATE 110.4/105G_T2_1,-3.328409,,,False,False,1.0,True,False,False,False,"('OREO CHOCOLATE 110.4/105G', 2, (('MM AN PHU', 'MM DA NANG', 13.321023),))"
1,after_stackelberg,OREO CHOCOLATE 110.4/105G,2,shortage_ratio,MM HIEP PHU,MM AN PHU,1.3895453508501916,1.4441818596599232,False,0.0,4.615237559479134,,,,,,,,False,False,False,False,
1,after_stackelberg,OREO CHOCOLATE 110.4/105G,2,shortage_ratio,MM AN PHU,MM DA NANG,13.321023298631342,-3.328409319452536,False,0.0,11.253427329867487,,,,,,,,False,False,False,False,
1,after_stackelberg,OREO CHOCOLATE 110.4/105G,2,shortage_ratio,MM HIEP PHU,MM DA NANG,1.3895453508501916,1.4441818596599232,False,0.0,4.615237559479134,,,,,,,,False,False,False,False,
1,stackelberg_pricing_fallback,OREO CHOCOLATE 110.4/105G,2,shortage_ratio,MM AN PHU,MM DA NANG,13.321023298631342,-3.328409319452536,False,0.1,11.253427329867487,,,,,,,,False,False,False,False,
1,after_stackelberg,OREO CHOCOLATE 110.4/105G,2,surplus_ratio,MM AN PHU,MM DA NANG,13.321023298631342,-3.328409319452536,False,0.0,11.253427329867487,,,,,,,,False,False,False,False,
1,after_stackelberg,OREO CHOCOLATE 110.4/105G,2,surplus_ratio,MM HIEP PHU,MM AN PHU,1.3895453508501916,1.4441818596599232,False,0.0,4.615237559479134,,,,,,,,False,False,False,False,
1,after_stackelberg,OREO CHOCOLATE 110.4/105G,2,surplus_ratio,MM HIEP PHU,MM DA NANG,1.3895453508501916,1.4441818596599232,False,0.0,4.615237559479134,,,,,,,,False,False,False,False,
1,stackelberg_pricing_fallback,OREO CHOCOLATE 110.4/105G,2,surplus_ratio,MM AN PHU,MM DA NANG,13.321023298631342,-3.328409319452536,False,0.1,11.253427329867487,,,,,,,,False,False,False,False,
1,after_stackelberg,OREO CHOCOLATE 110.4/105G,2,time_urgency,MM HIEP PHU,MM AN PHU,1.3895453508501916,1.4441818596599232,False,0.0,4.615237559479134,,,,,,,,False,False,False,False,
1,after_stackelberg,OREO CHOCOLATE 110.4/105G,2,time_urgency,MM AN PHU,MM DA NANG,13.321023298631342,-3.328409319452536,False,0.0,11.253427329867487,,,,,,,,False,False,False,False,
1,after_stackelberg,OREO CHOCOLATE 110.4/105G,2,time_urgency,MM HIEP PHU,MM DA NANG,1.3895453508501916,1.4441818596599232,False,0.0,4.615237559479134,,,,,,,,False,False,False,False,
1,stackelberg_pricing_fallback,OREO CHOCOLATE 110.4/105G,2,time_urgency,MM AN PHU,MM DA NANG,13.321023298631342,-3.328409319452536,False,0.1,11.253427329867487,,,,,,,,False,False,False,False,
1,after_stackelberg,OREO CHOCOLATE 110.4/105G,2,negative_reduced_cost,MM AN PHU,MM DA NANG,13.321023298631342,-3.328409319452536,False,0.0,11.253427329867487,,,,,,,,False,False,False,False,
1,after_stackelberg,OREO CHOCOLATE 110.4/105G,2,negative_reduced_cost,MM HIEP PHU,MM AN PHU,1.3895453508501916,1.4441818596599232,False,0.0,4.615237559479134,,,,,,,,False,False,False,False,
1,after_stackelberg,OREO CHOCOLATE 110.4/105G,2,negative_reduced_cost,MM HIEP PHU,MM DA NANG,1.3895453508501916,1.4441818596599232,False,0.0,4.615237559479134,,,,,,,,False,False,False,False,
1,stackelberg_pricing_fallback,OREO CHOCOLATE 110.4/105G,2,negative_reduced_cost,MM AN PHU,MM DA NANG,13.321023298631342,-3.328409319452536,False,0.1,11.253427329867487,,,,,,,,False,False,False,False,
1,after_stackelberg,OREO CHOCOLATE 110.4/105G,5,shortage_ratio,MM BINH PHU,MM AN PHU,0.47217500780563704,0.30494938726536325,False,0.0,3.8040379374543587,,,,,,,,False,False,False,False,
1,after_stackelberg,OREO CHOCOLATE 110.4/105G,5,surplus_ratio,MM BINH PHU,MM AN PHU,0.47217500780563704,0.30494938726536325,False,0.0,3.8040379374543587,,,,,,,,False,False,False,False,
1,after_stackelberg,OREO CHOCOLATE 110.4/105G,5,time_urgency,MM BINH PHU,MM AN PHU,0.47217500780563704,0.30494938726536325,False,0.0,3.8040379374543587,,,,,,,,False,False,False,False,
1,after_stackelberg,OREO CHOCOLATE 110.4/105G,5,negative_reduced_cost,MM BINH PHU,MM AN PHU,0.47217500780563704,0.30494938726536325,False,0.0,3.8040379374543587,,,,,,,,False,False,False,False,
1,after_stackelberg,OREO CHOCOLATE 110.4/105G,6,shortage_ratio,MM BINH DUONG,MM AN PHU,6.180250802982753,-5062.0975079640675,False,0.0,7.768879580613806,,,,,,,,False,False,False,False,
1,after_stackelberg,OREO CHOCOLATE 110.4/105G,6,shortage_ratio,MM BINH DUONG,MM BINH PHU,6.180250802982753,-0.47210032119310164,False,0.0,7.768879580613806,,,,,,,,False,False,False,False,
1,after_stackelberg,OREO CHOCOLATE 110.4/105G,6,shortage_ratio,MM BINH DUONG,MM DA NANG,6.180250802982753,-0.47210032119310164,False,0.0,7.768879580613806,,,,,,,,False,False,False,False,
1,after_stackelberg,OREO CHOCOLATE 110.4/105G,6,shortage_ratio,MM DA NANG,MM AN PHU,3.0,6452.90167816694,False,0.0,5.75,,,,,,,,False,False,False,False,
1,after_stackelberg,OREO CHOCOLATE 110.4/105G,6,shortage_ratio,MM DA NANG,MM BINH PHU,3.0,8909.901678166938,False,0.0,5.75,,,,,,,,False,False,False,False,
1,stackelberg_pricing_fallback,OREO CHOCOLATE 110.4/105G,6,shortage_ratio,MM BINH DUONG,MM AN PHU,6.180250802982753,-5062.0975079640675,False,0.1,7.768879580613806,,,,,,,,False,False,False,False,
1,stackelberg_pricing_fallback,OREO CHOCOLATE 110.4/105G,6,shortage_ratio,MM BINH DUONG,MM BINH PHU,6.180250802982753,-0.47210032119310164,False,0.1,7.768879580613806,,,,,,,,False,False,False,False,
1,stackelberg_pricing_fallback,OREO CHOCOLATE 110.4/105G,6,shortage_ratio,MM BINH DUONG,MM DA NANG,6.180250802982753,-0.47210032119310164,False,0.1,7.768879580613806,,,,,,,,False,False,False,False,
1,after_stackelberg,OREO CHOCOLATE 110.4/105G,6,surplus_ratio,MM BINH DUONG,MM AN PHU,6.180250802982753,-5062.0975079640675,False,0.0,7.768879580613806,,,,,,,,False,False,False,False,
1,after_stackelberg,OREO CHOCOLATE 110.4/105G,6,surplus_ratio,MM BINH DUONG,MM BINH PHU,6.180250802982753,-0.47210032119310164,False,0.0,7.768879580613806,,,,,,,,False,False,False,False,
1,after_stackelberg,OREO CHOCOLATE 110.4/105G,6,surplus_ratio,MM BINH DUONG,MM DA NANG,6.180250802982753,-0.47210032119310164,False,0.0,7.768879580613806,,,,,,,,False,False,False,False,
1,after_stackelberg,OREO CHOCOLATE 110.4/105G,6,surplus_ratio,MM DA NANG,MM AN PHU,3.0,6452.90167816694,False,0.0,5.75,,,,,,,,False,False,False,False,
1,after_stackelberg,OREO CHOCOLATE 110.4/105G,6,surplus_ratio,MM DA NANG,MM BINH PHU,3.0,8909.901678166938,False,0.0,5.75,,,,,,,,False,False,False,False,
1,stackelberg_pricing_fallback,OREO CHOCOLATE 110.4/105G,6,surplus_ratio,MM BINH DUONG,MM AN PHU,6.180250802982753,-5062.0975079640675,False,0.1,7.768879580613806,,,,,,,,False,False,False,False,
1,stackelberg_pricing_fallback,OREO CHOCOLATE 110.4/105G,6,surplus_ratio,MM BINH DUONG,MM BINH PHU,6.180250802982753,-0.47210032119310164,False,0.1,7.768879580613806,,,,,,,,False,False,False,False,
1,stackelberg_pricing_fallback,OREO CHOCOLATE 110.4/105G,6,surplus_ratio,MM BINH DUONG,MM DA NANG,6.180250802982753,-0.47210032119310164,False,0.1,7.768879580613806,,,,,,,,False,False,False,False,
1,after_stackelberg,OREO CHOCOLATE 110.4/105G,6,time_urgency,MM BINH DUONG,MM AN PHU,6.180250802982753,-5062.0975079640675,False,0.0,7.768879580613806,,,,,,,,False,False,False,False,
1,after_stackelberg,OREO CHOCOLATE 110.4/105G,6,time_urgency,MM BINH DUONG,MM DA NANG,6.180250802982753,-0.47210032119310164,False,0.0,7.768879580613806,,,,,,,,False,False,False,False,
1,after_stackelberg,OREO CHOCOLATE 110.4/105G,6,time_urgency,MM BINH DUONG,MM BINH PHU,6.180250802982753,-0.47210032119310164,False,0.0,7.768879580613806,,,,,,,,False,False,False,False,
1,after_stackelberg,OREO CHOCOLATE 110.4/105G,6,time_urgency,MM DA NANG,MM AN PHU,3.0,6452.90167816694,False,0.0,5.75,,,,,,,,False,False,False,False,
1,after_stackelberg,OREO CHOCOLATE 110.4/105G,6,time_urgency,MM DA NANG,MM BINH PHU,3.0,8909.901678166938,False,0.0,5.75,,,,,,,,False,False,False,False,
1,stackelberg_pricing_fallback,OREO CHOCOLATE 110.4/105G,6,time_urgency,MM BINH DUONG,MM AN PHU,6.180250802982753,-5062.0975079640675,False,0.1,7.768879580613806,,,,,,,,False,False,False,False,
1,stackelberg_pricing_fallback,OREO CHOCOLATE 110.4/105G,6,time_urgency,MM BINH DUONG,MM DA NANG,6.180250802982753,-0.47210032119310164,False,0.1,7.768879580613806,,,,,,,,False,False,False,False,
1,stackelberg_pricing_fallback,OREO CHOCOLATE 110.4/105G,6,time_urgency,MM BINH DUONG,MM BINH PHU,6.180250802982753,-0.47210032119310164,False,0.1,7.768879580613806,,,,,,,,False,False,False,False,
1,after_stackelberg,OREO CHOCOLATE 110.4/105G,6,negative_reduced_cost,MM BINH DUONG,MM AN PHU,6.180250802982753,-5062.0975079640675,False,0.0,7.768879580613806,,,,,,,,False,False,False,False,
1,after_stackelberg,OREO CHOCOLATE 110.4/105G,6,negative_reduced_cost,MM BINH DUONG,MM BINH PHU,6.180250802982753,-0.47210032119310164,False,0.0,7.768879580613806,,,,,,,,False,False,False,False,
1,after_stackelberg,OREO CHOCOLATE 110.4/105G,6,negative_reduced_cost,MM BINH DUONG,MM DA NANG,6.180250802982753,-0.47210032119310164,False,0.0,7.768879580613806,,,,,,,,False,False,False,False,
1,after_stackelberg,OREO CHOCOLATE 110.4/105G,6,negative_reduced_cost,MM DA NANG,MM AN PHU,3.0,6452.90167816694,False,0.0,5.75,,,,,,,,False,False,False,False,
1,after_stackelberg,OREO CHOCOLATE 110.4/105G,6,negative_reduced_cost,MM DA NANG,MM BINH PHU,3.0,8909.901678166938,False,0.0,5.75,,,,,,,,False,False,False,False,
1,stackelberg_pricing_fallback,OREO CHOCOLATE 110.4/105G,6,negative_reduced_cost,MM BINH DUONG,MM AN PHU,6.180250802982753,-5062.0975079640675,False,0.1,7.768879580613806,,,,,,,,False,False,False,False,
1,stackelberg_pricing_fallback,OREO CHOCOLATE 110.4/105G,6,negative_reduced_cost,MM BINH DUONG,MM BINH PHU,6.180250802982753,-0.47210032119310164,False,0.1,7.768879580613806,,,,,,,,False,False,False,False,
1,stackelberg_pricing_fallback,OREO CHOCOLATE 110.4/105G,6,negative_reduced_cost,MM BINH DUONG,MM DA NANG,6.180250802982753,-0.47210032119310164,False,0.1,7.768879580613806,,,,,,,,False,False,False,False,
1,pricing_dedup_rejected_before_gnn,OREO CHOCOLATE 110.4/105G,2,surplus_ratio,MM AN PHU,MM DA NANG,13.321023298631342,,,0.1,11.253427,PRICED_E1_surplus_ratio_OREO CHOCOLATE 110.4/105G_T2_1,-3.328409,,,,,,False,True,False,False,"('OREO CHOCOLATE 110.4/105G', 2, (('MM AN PHU', 'MM DA NANG', 13.321023),))"
1,pricing_dedup_rejected_before_gnn,OREO CHOCOLATE 110.4/105G,2,time_urgency,MM AN PHU,MM DA NANG,13.321023298631342,,,0.1,11.253427,PRICED_E1_time_urgency_OREO CHOCOLATE 110.4/105G_T2_1,-3.328409,,,,,,False,True,False,False,"('OREO CHOCOLATE 110.4/105G', 2, (('MM AN PHU', 'MM DA NANG', 13.321023),))"
1,pricing_dedup_rejected_before_gnn,OREO CHOCOLATE 110.4/105G,2,negative_reduced_cost,MM AN PHU,MM DA NANG,13.321023298631342,,,0.1,11.253427,PRICED_E1_negative_reduced_cost_OREO CHOCOLATE 110.4/105G_T2_1,-3.328409,,,,,,False,True,False,False,"('OREO CHOCOLATE 110.4/105G', 2, (('MM AN PHU', 'MM DA NANG', 13.321023),))"
1,pricing_dedup_rejected_before_gnn,OREO CHOCOLATE 110.4/105G,6,surplus_ratio,MM BINH DUONG,MM AN PHU,6.180250802982753,,,0.1,7.76888,PRICED_E1_surplus_ratio_OREO CHOCOLATE 110.4/105G_T6_1,-5062.097508,,,,,,False,True,False,False,"('OREO CHOCOLATE 110.4/105G', 6, (('MM BINH DUONG', 'MM AN PHU', 6.180251),))"
1,pricing_dedup_rejected_before_gnn,OREO CHOCOLATE 110.4/105G,6,surplus_ratio,MM BINH DUONG,MM BINH PHU,6.180250802982753,,,0.1,7.76888,PRICED_E1_surplus_ratio_OREO CHOCOLATE 110.4/105G_T6_2,-0.4721,,,,,,False,True,False,False,"('OREO CHOCOLATE 110.4/105G', 6, (('MM BINH DUONG', 'MM BINH PHU', 6.180251),))"
1,pricing_dedup_rejected_before_gnn,OREO CHOCOLATE 110.4/105G,6,surplus_ratio,MM BINH DUONG,MM DA NANG,6.180250802982753,,,0.1,7.76888,PRICED_E1_surplus_ratio_OREO CHOCOLATE 110.4/105G_T6_3,-0.4721,,,,,,False,True,False,False,"('OREO CHOCOLATE 110.4/105G', 6, (('MM BINH DUONG', 'MM DA NANG', 6.180251),))"
1,pricing_dedup_rejected_before_gnn,OREO CHOCOLATE 110.4/105G,6,time_urgency,MM BINH DUONG,MM AN PHU,6.180250802982753,,,0.1,7.76888,PRICED_E1_time_urgency_OREO CHOCOLATE 110.4/105G_T6_1,-5062.097508,,,,,,False,True,False,False,"('OREO CHOCOLATE 110.4/105G', 6, (('MM BINH DUONG', 'MM AN PHU', 6.180251),))"
1,pricing_dedup_rejected_before_gnn,OREO CHOCOLATE 110.4/105G,6,time_urgency,MM BINH DUONG,MM DA NANG,6.180250802982753,,,0.1,7.76888,PRICED_E1_time_urgency_OREO CHOCOLATE 110.4/105G_T6_2,-0.4721,,,,,,False,True,False,False,"('OREO CHOCOLATE 110.4/105G', 6, (('MM BINH DUONG', 'MM DA NANG', 6.180251),))"
1,pricing_dedup_rejected_before_gnn,OREO CHOCOLATE 110.4/105G,6,time_urgency,MM BINH DUONG,MM BINH PHU,6.180250802982753,,,0.1,7.76888,PRICED_E1_time_urgency_OREO CHOCOLATE 110.4/105G_T6_3,-0.4721,,,,,,False,True,False,False,"('OREO CHOCOLATE 110.4/105G', 6, (('MM BINH DUONG', 'MM BINH PHU', 6.180251),))"
1,pricing_dedup_rejected_before_gnn,OREO CHOCOLATE 110.4/105G,6,negative_reduced_cost,MM BINH DUONG,MM AN PHU,6.180250802982753,,,0.1,7.76888,PRICED_E1_negative_reduced_cost_OREO CHOCOLATE 110.4/105G_T6_1,-5062.097508,,,,,,False,True,False,False,"('OREO CHOCOLATE 110.4/105G', 6, (('MM BINH DUONG', 'MM AN PHU', 6.180251),))"
1,pricing_dedup_rejected_before_gnn,OREO CHOCOLATE 110.4/105G,6,negative_reduced_cost,MM BINH DUONG,MM BINH PHU,6.180250802982753,,,0.1,7.76888,PRICED_E1_negative_reduced_cost_OREO CHOCOLATE 110.4/105G_T6_2,-0.4721,,,,,,False,True,False,False,"('OREO CHOCOLATE 110.4/105G', 6, (('MM BINH DUONG', 'MM BINH PHU', 6.180251),))"
1,pricing_dedup_rejected_before_gnn,OREO CHOCOLATE 110.4/105G,6,negative_reduced_cost,MM BINH DUONG,MM DA NANG,6.180250802982753,,,0.1,7.76888,PRICED_E1_negative_reduced_cost_OREO CHOCOLATE 110.4/105G_T6_3,-0.4721,,,,,,False,True,False,False,"('OREO CHOCOLATE 110.4/105G', 6, (('MM BINH DUONG', 'MM DA NANG', 6.180251),))"
1,teacher_full_batch_recorded_before_rmp,OREO CHOCOLATE 110.4/105G,2,shortage_ratio,MM AN PHU,MM DA NANG,13.321023298631342,,,0.1,11.253427,PRICED_E1_shortage_ratio_OREO CHOCOLATE 110.4/105G_T2_1,-3.328409,,,False,False,4.0,False,False,False,False,"(('MM AN PHU', 'MM DA NANG', 13.321023),)"
1,teacher_full_batch_recorded_before_rmp,OREO CHOCOLATE 110.4/105G,6,shortage_ratio,MM BINH DUONG,MM AN PHU,6.180250802982753,,,0.1,7.76888,PRICED_E1_shortage_ratio_OREO CHOCOLATE 110.4/105G_T6_1,-5062.097508,,,False,False,4.0,False,False,False,False,"(('MM BINH DUONG', 'MM AN PHU', 6.180251),)"
1,teacher_full_batch_recorded_before_rmp,OREO CHOCOLATE 110.4/105G,6,shortage_ratio,MM BINH DUONG,MM BINH PHU,6.180250802982753,,,0.1,7.76888,PRICED_E1_shortage_ratio_OREO CHOCOLATE 110.4/105G_T6_2,-0.4721,,,False,False,4.0,False,False,False,False,"(('MM BINH DUONG', 'MM BINH PHU', 6.180251),)"
1,teacher_full_batch_recorded_before_rmp,OREO CHOCOLATE 110.4/105G,6,shortage_ratio,MM BINH DUONG,MM DA NANG,6.180250802982753,,,0.1,7.76888,PRICED_E1_shortage_ratio_OREO CHOCOLATE 110.4/105G_T6_3,-0.4721,,,False,False,4.0,False,False,False,False,"(('MM BINH DUONG', 'MM DA NANG', 6.180251),)"
1,add_patterns_rejected,OREO CHOCOLATE 110.4/105G,2,shortage_ratio,MM AN PHU,MM DA NANG,13.321023298631342,,,0.1,11.253427,PRICED_E1_shortage_ratio_OREO CHOCOLATE 110.4/105G_T2_1,-3.328409,,,False,False,4.0,True,False,False,False,"('OREO CHOCOLATE 110.4/105G', 2, (('MM AN PHU', 'MM DA NANG', 13.321023),))"
1,add_patterns_rejected,OREO CHOCOLATE 110.4/105G,6,shortage_ratio,MM BINH DUONG,MM AN PHU,6.180250802982753,,,0.1,7.76888,PRICED_E1_shortage_ratio_OREO CHOCOLATE 110.4/105G_T6_1,-5062.097508,,,False,False,4.0,True,False,False,False,"('OREO CHOCOLATE 110.4/105G', 6, (('MM BINH DUONG', 'MM AN PHU', 6.180251),))"
1,add_patterns_rejected,OREO CHOCOLATE 110.4/105G,6,shortage_ratio,MM BINH DUONG,MM BINH PHU,6.180250802982753,,,0.1,7.76888,PRICED_E1_shortage_ratio_OREO CHOCOLATE 110.4/105G_T6_2,-0.4721,,,False,False,4.0,True,False,False,False,"('OREO CHOCOLATE 110.4/105G', 6, (('MM BINH DUONG', 'MM BINH PHU', 6.180251),))"
1,add_patterns_rejected,OREO CHOCOLATE 110.4/105G,6,shortage_ratio,MM BINH DUONG,MM DA NANG,6.180250802982753,,,0.1,7.76888,PRICED_E1_shortage_ratio_OREO CHOCOLATE 110.4/105G_T6_3,-0.4721,,,False,False,4.0,True,False,False,False,"('OREO CHOCOLATE 110.4/105G', 6, (('MM BINH DUONG', 'MM DA NANG', 6.180251),))"
1,after_stackelberg,OREO CHOCOLATE 110.4/105G,2,shortage_ratio,MM HIEP PHU,MM AN PHU,1.3895453508501916,1.4441818596599232,False,0.0,4.615237559479134,,,,,,,,False,False,False,False,
1,after_stackelberg,OREO CHOCOLATE 110.4/105G,2,shortage_ratio,MM AN PHU,MM DA NANG,13.321023298631342,-3.328409319452536,False,0.0,11.253427329867487,,,,,,,,False,False,False,False,
1,after_stackelberg,OREO CHOCOLATE 110.4/105G,2,shortage_ratio,MM HIEP PHU,MM DA NANG,1.3895453508501916,1.4441818596599232,False,0.0,4.615237559479134,,,,,,,,False,False,False,False,
1,stackelberg_pricing_fallback,OREO CHOCOLATE 110.4/105G,2,shortage_ratio,MM AN PHU,MM DA NANG,13.321023298631342,-3.328409319452536,False,0.1,11.253427329867487,,,,,,,,False,False,False,False,
1,after_stackelberg,OREO CHOCOLATE 110.4/105G,2,surplus_ratio,MM AN PHU,MM DA NANG,13.321023298631342,-3.328409319452536,False,0.0,11.253427329867487,,,,,,,,False,False,False,False,
1,after_stackelberg,OREO CHOCOLATE 110.4/105G,2,surplus_ratio,MM HIEP PHU,MM AN PHU,1.3895453508501916,1.4441818596599232,False,0.0,4.615237559479134,,,,,,,,False,False,False,False,
1,after_stackelberg,OREO CHOCOLATE 110.4/105G,2,surplus_ratio,MM HIEP PHU,MM DA NANG,1.3895453508501916,1.4441818596599232,False,0.0,4.615237559479134,,,,,,,,False,False,False,False,
1,stackelberg_pricing_fallback,OREO CHOCOLATE 110.4/105G,2,surplus_ratio,MM AN PHU,MM DA NANG,13.321023298631342,-3.328409319452536,False,0.1,11.253427329867487,,,,,,,,False,False,False,False,
1,after_stackelberg,OREO CHOCOLATE 110.4/105G,2,time_urgency,MM HIEP PHU,MM AN PHU,1.3895453508501916,1.4441818596599232,False,0.0,4.615237559479134,,,,,,,,False,False,False,False,
1,after_stackelberg,OREO CHOCOLATE 110.4/105G,2,time_urgency,MM AN PHU,MM DA NANG,13.321023298631342,-3.328409319452536,False,0.0,11.253427329867487,,,,,,,,False,False,False,False,
1,after_stackelberg,OREO CHOCOLATE 110.4/105G,2,time_urgency,MM HIEP PHU,MM DA NANG,1.3895453508501916,1.4441818596599232,False,0.0,4.615237559479134,,,,,,,,False,False,False,False,
1,stackelberg_pricing_fallback,OREO CHOCOLATE 110.4/105G,2,time_urgency,MM AN PHU,MM DA NANG,13.321023298631342,-3.328409319452536,False,0.1,11.253427329867487,,,,,,,,False,False,False,False,
1,after_stackelberg,OREO CHOCOLATE 110.4/105G,2,negative_reduced_cost,MM AN PHU,MM DA NANG,13.321023298631342,-3.328409319452536,False,0.0,11.253427329867487,,,,,,,,False,False,False,False,
1,after_stackelberg,OREO CHOCOLATE 110.4/105G,2,negative_reduced_cost,MM HIEP PHU,MM AN PHU,1.3895453508501916,1.4441818596599232,False,0.0,4.615237559479134,,,,,,,,False,False,False,False,
1,after_stackelberg,OREO CHOCOLATE 110.4/105G,2,negative_reduced_cost,MM HIEP PHU,MM DA NANG,1.3895453508501916,1.4441818596599232,False,0.0,4.615237559479134,,,,,,,,False,False,False,False,
1,stackelberg_pricing_fallback,OREO CHOCOLATE 110.4/105G,2,negative_reduced_cost,MM AN PHU,MM DA NANG,13.321023298631342,-3.328409319452536,False,0.1,11.253427329867487,,,,,,,,False,False,False,False,
1,after_stackelberg,OREO CHOCOLATE 110.4/105G,5,shortage_ratio,MM BINH PHU,MM AN PHU,0.47217500780563704,0.30494938726536325,False,0.0,3.8040379374543587,,,,,,,,False,False,False,False,
1,after_stackelberg,OREO CHOCOLATE 110.4/105G,5,surplus_ratio,MM BINH PHU,MM AN PHU,0.47217500780563704,0.30494938726536325,False,0.0,3.8040379374543587,,,,,,,,False,False,False,False,
1,after_stackelberg,OREO CHOCOLATE 110.4/105G,5,time_urgency,MM BINH PHU,MM AN PHU,0.47217500780563704,0.30494938726536325,False,0.0,3.8040379374543587,,,,,,,,False,False,False,False,
1,after_stackelberg,OREO CHOCOLATE 110.4/105G,5,negative_reduced_cost,MM BINH PHU,MM AN PHU,0.47217500780563704,0.30494938726536325,False,0.0,3.8040379374543587,,,,,,,,False,False,False,False,
1,after_stackelberg,OREO CHOCOLATE 110.4/105G,6,shortage_ratio,MM BINH DUONG,MM AN PHU,6.180250802982753,-5062.0975079640675,False,0.0,7.768879580613806,,,,,,,,False,False,False,False,
1,after_stackelberg,OREO CHOCOLATE 110.4/105G,6,shortage_ratio,MM BINH DUONG,MM BINH PHU,6.180250802982753,-0.47210032119310164,False,0.0,7.768879580613806,,,,,,,,False,False,False,False,
1,after_stackelberg,OREO CHOCOLATE 110.4/105G,6,shortage_ratio,MM BINH DUONG,MM DA NANG,5.860533677497042,-0.3442134709988167,False,0.0,7.470443537225906,,,,,,,,False,False,False,False,
1,after_stackelberg,OREO CHOCOLATE 110.4/105G,6,shortage_ratio,MM DA NANG,MM AN PHU,3.0,5057.425558230611,False,0.0,5.75,,,,,,,,False,False,False,False,
1,after_stackelberg,OREO CHOCOLATE 110.4/105G,6,shortage_ratio,MM DA NANG,MM BINH PHU,3.0,7514.425558230611,False,0.0,5.75,,,,,,,,False,False,False,False,
1,stackelberg_pricing_fallback,OREO CHOCOLATE 110.4/105G,6,shortage_ratio,MM BINH DUONG,MM AN PHU,6.180250802982753,-5062.0975079640675,False,0.1,7.768879580613806,,,,,,,,False,False,False,False,
1,stackelberg_pricing_fallback,OREO CHOCOLATE 110.4/105G,6,shortage_ratio,MM BINH DUONG,MM BINH PHU,6.180250802982753,-0.47210032119310164,False,0.1,7.768879580613806,,,,,,,,False,False,False,False,
1,stackelberg_pricing_fallback,OREO CHOCOLATE 110.4/105G,6,shortage_ratio,MM BINH DUONG,MM DA NANG,5.860533677497042,-0.3442134709988167,False,0.1,7.470443537225906,,,,,,,,False,False,False,False,
1,after_stackelberg,OREO CHOCOLATE 110.4/105G,6,surplus_ratio,MM BINH DUONG,MM AN PHU,6.180250802982753,-5062.0975079640675,False,0.0,7.768879580613806,,,,,,,,False,False,False,False,
1,after_stackelberg,OREO CHOCOLATE 110.4/105G,6,surplus_ratio,MM BINH DUONG,MM BINH PHU,6.180250802982753,-0.47210032119310164,False,0.0,7.768879580613806,,,,,,,,False,False,False,False,
1,after_stackelberg,OREO CHOCOLATE 110.4/105G,6,surplus_ratio,MM BINH DUONG,MM DA NANG,5.860533677497042,-0.3442134709988167,False,0.0,7.470443537225906,,,,,,,,False,False,False,False,
1,after_stackelberg,OREO CHOCOLATE 110.4/105G,6,surplus_ratio,MM DA NANG,MM AN PHU,3.0,5057.425558230611,False,0.0,5.75,,,,,,,,False,False,False,False,
1,after_stackelberg,OREO CHOCOLATE 110.4/105G,6,surplus_ratio,MM DA NANG,MM BINH PHU,3.0,7514.425558230611,False,0.0,5.75,,,,,,,,False,False,False,False,
1,stackelberg_pricing_fallback,OREO CHOCOLATE 110.4/105G,6,surplus_ratio,MM BINH DUONG,MM AN PHU,6.180250802982753,-5062.0975079640675,False,0.1,7.768879580613806,,,,,,,,False,False,False,False,
1,stackelberg_pricing_fallback,OREO CHOCOLATE 110.4/105G,6,surplus_ratio,MM BINH DUONG,MM BINH PHU,6.180250802982753,-0.47210032119310164,False,0.1,7.768879580613806,,,,,,,,False,False,False,False,
1,stackelberg_pricing_fallback,OREO CHOCOLATE 110.4/105G,6,surplus_ratio,MM BINH DUONG,MM DA NANG,5.860533677497042,-0.3442134709988167,False,0.1,7.470443537225906,,,,,,,,False,False,False,False,
1,after_stackelberg,OREO CHOCOLATE 110.4/105G,6,time_urgency,MM BINH DUONG,MM AN PHU,6.180250802982753,-5062.0975079640675,False,0.0,7.768879580613806,,,,,,,,False,False,False,False,
1,after_stackelberg,OREO CHOCOLATE 110.4/105G,6,time_urgency,MM BINH DUONG,MM DA NANG,5.860533677497042,-0.3442134709988167,False,0.0,7.470443537225906,,,,,,,,False,False,False,False,
1,after_stackelberg,OREO CHOCOLATE 110.4/105G,6,time_urgency,MM BINH DUONG,MM BINH PHU,6.180250802982753,-0.47210032119310164,False,0.0,7.768879580613806,,,,,,,,False,False,False,False,
1,after_stackelberg,OREO CHOCOLATE 110.4/105G,6,time_urgency,MM DA NANG,MM AN PHU,3.0,5057.425558230611,False,0.0,5.75,,,,,,,,False,False,False,False,
1,after_stackelberg,OREO CHOCOLATE 110.4/105G,6,time_urgency,MM DA NANG,MM BINH PHU,3.0,7514.425558230611,False,0.0,5.75,,,,,,,,False,False,False,False,
1,stackelberg_pricing_fallback,OREO CHOCOLATE 110.4/105G,6,time_urgency,MM BINH DUONG,MM AN PHU,6.180250802982753,-5062.0975079640675,False,0.1,7.768879580613806,,,,,,,,False,False,False,False,
1,stackelberg_pricing_fallback,OREO CHOCOLATE 110.4/105G,6,time_urgency,MM BINH DUONG,MM BINH PHU,6.180250802982753,-0.47210032119310164,False,0.1,7.768879580613806,,,,,,,,False,False,False,False,
1,stackelberg_pricing_fallback,OREO CHOCOLATE 110.4/105G,6,time_urgency,MM BINH DUONG,MM DA NANG,5.860533677497042,-0.3442134709988167,False,0.1,7.470443537225906,,,,,,,,False,False,False,False,
1,after_stackelberg,OREO CHOCOLATE 110.4/105G,6,negative_reduced_cost,MM BINH DUONG,MM AN PHU,6.180250802982753,-5062.0975079640675,False,0.0,7.768879580613806,,,,,,,,False,False,False,False,
1,after_stackelberg,OREO CHOCOLATE 110.4/105G,6,negative_reduced_cost,MM BINH DUONG,MM BINH PHU,6.180250802982753,-0.47210032119310164,False,0.0,7.768879580613806,,,,,,,,False,False,False,False,
1,after_stackelberg,OREO CHOCOLATE 110.4/105G,6,negative_reduced_cost,MM BINH DUONG,MM DA NANG,5.860533677497042,-0.3442134709988167,False,0.0,7.470443537225906,,,,,,,,False,False,False,False,
1,after_stackelberg,OREO CHOCOLATE 110.4/105G,6,negative_reduced_cost,MM DA NANG,MM AN PHU,3.0,5057.425558230611,False,0.0,5.75,,,,,,,,False,False,False,False,
1,after_stackelberg,OREO CHOCOLATE 110.4/105G,6,negative_reduced_cost,MM DA NANG,MM BINH PHU,3.0,7514.425558230611,False,0.0,5.75,,,,,,,,False,False,False,False,
1,stackelberg_pricing_fallback,OREO CHOCOLATE 110.4/105G,6,negative_reduced_cost,MM BINH DUONG,MM AN PHU,6.180250802982753,-5062.0975079640675,False,0.1,7.768879580613806,,,,,,,,False,False,False,False,
1,stackelberg_pricing_fallback,OREO CHOCOLATE 110.4/105G,6,negative_reduced_cost,MM BINH DUONG,MM BINH PHU,6.180250802982753,-0.47210032119310164,False,0.1,7.768879580613806,,,,,,,,False,False,False,False,
1,stackelberg_pricing_fallback,OREO CHOCOLATE 110.4/105G,6,negative_reduced_cost,MM BINH DUONG,MM DA NANG,5.860533677497042,-0.3442134709988167,False,0.1,7.470443537225906,,,,,,,,False,False,False,False,
1,pricing_dedup_rejected_before_gnn,OREO CHOCOLATE 110.4/105G,2,surplus_ratio,MM AN PHU,MM DA NANG,13.321023298631342,,,0.1,11.253427,PRICED_E1_surplus_ratio_OREO CHOCOLATE 110.4/105G_T2_1,-3.328409,,,,,,False,True,False,False,"('OREO CHOCOLATE 110.4/105G', 2, (('MM AN PHU', 'MM DA NANG', 13.321023),))"
1,pricing_dedup_rejected_before_gnn,OREO CHOCOLATE 110.4/105G,2,time_urgency,MM AN PHU,MM DA NANG,13.321023298631342,,,0.1,11.253427,PRICED_E1_time_urgency_OREO CHOCOLATE 110.4/105G_T2_1,-3.328409,,,,,,False,True,False,False,"('OREO CHOCOLATE 110.4/105G', 2, (('MM AN PHU', 'MM DA NANG', 13.321023),))"
1,pricing_dedup_rejected_before_gnn,OREO CHOCOLATE 110.4/105G,2,negative_reduced_cost,MM AN PHU,MM DA NANG,13.321023298631342,,,0.1,11.253427,PRICED_E1_negative_reduced_cost_OREO CHOCOLATE 110.4/105G_T2_1,-3.328409,,,,,,False,True,False,False,"('OREO CHOCOLATE 110.4/105G', 2, (('MM AN PHU', 'MM DA NANG', 13.321023),))"
1,pricing_dedup_rejected_before_gnn,OREO CHOCOLATE 110.4/105G,6,surplus_ratio,MM BINH DUONG,MM AN PHU,6.180250802982753,,,0.1,7.669401,PRICED_E1_surplus_ratio_OREO CHOCOLATE 110.4/105G_T6_1,-5062.097508,,,,,,False,True,False,False,"('OREO CHOCOLATE 110.4/105G', 6, (('MM BINH DUONG', 'MM AN PHU', 6.180251),))"
1,pricing_dedup_rejected_before_gnn,OREO CHOCOLATE 110.4/105G,6,surplus_ratio,MM BINH DUONG,MM BINH PHU,6.180250802982753,,,0.1,7.669401,PRICED_E1_surplus_ratio_OREO CHOCOLATE 110.4/105G_T6_2,-0.4721,,,,,,False,True,False,False,"('OREO CHOCOLATE 110.4/105G', 6, (('MM BINH DUONG', 'MM BINH PHU', 6.180251),))"
1,pricing_dedup_rejected_before_gnn,OREO CHOCOLATE 110.4/105G,6,surplus_ratio,MM BINH DUONG,MM DA NANG,5.860533677497042,,,0.1,7.669401,PRICED_E1_surplus_ratio_OREO CHOCOLATE 110.4/105G_T6_3,-260.320426,,,,,,False,True,False,False,"('OREO CHOCOLATE 110.4/105G', 6, (('MM BINH DUONG', 'MM AN PHU', 0.319717), ('MM BINH DUONG', 'MM DA NANG', 5.860534)))"
1,pricing_dedup_rejected_before_gnn,OREO CHOCOLATE 110.4/105G,6,surplus_ratio,MM BINH DUONG,MM AN PHU,0.3197171254857114,,,0.1,7.669401,PRICED_E1_surplus_ratio_OREO CHOCOLATE 110.4/105G_T6_3,-260.320426,,,,,,False,True,False,False,"('OREO CHOCOLATE 110.4/105G', 6, (('MM BINH DUONG', 'MM AN PHU', 0.319717), ('MM BINH DUONG', 'MM DA NANG', 5.860534)))"
1,pricing_dedup_rejected_before_gnn,OREO CHOCOLATE 110.4/105G,6,time_urgency,MM BINH DUONG,MM AN PHU,6.180250802982753,,,0.1,7.669401,PRICED_E1_time_urgency_OREO CHOCOLATE 110.4/105G_T6_1,-5062.097508,,,,,,False,True,False,False,"('OREO CHOCOLATE 110.4/105G', 6, (('MM BINH DUONG', 'MM AN PHU', 6.180251),))"
1,pricing_dedup_rejected_before_gnn,OREO CHOCOLATE 110.4/105G,6,time_urgency,MM BINH DUONG,MM BINH PHU,6.180250802982753,,,0.1,7.669401,PRICED_E1_time_urgency_OREO CHOCOLATE 110.4/105G_T6_2,-0.4721,,,,,,False,True,False,False,"('OREO CHOCOLATE 110.4/105G', 6, (('MM BINH DUONG', 'MM BINH PHU', 6.180251),))"
1,pricing_dedup_rejected_before_gnn,OREO CHOCOLATE 110.4/105G,6,time_urgency,MM BINH DUONG,MM DA NANG,5.860533677497042,,,0.1,7.669401,PRICED_E1_time_urgency_OREO CHOCOLATE 110.4/105G_T6_3,-260.320426,,,,,,False,True,False,False,"('OREO CHOCOLATE 110.4/105G', 6, (('MM BINH DUONG', 'MM AN PHU', 0.319717), ('MM BINH DUONG', 'MM DA NANG', 5.860534)))"
1,pricing_dedup_rejected_before_gnn,OREO CHOCOLATE 110.4/105G,6,time_urgency,MM BINH DUONG,MM AN PHU,0.3197171254857114,,,0.1,7.669401,PRICED_E1_time_urgency_OREO CHOCOLATE 110.4/105G_T6_3,-260.320426,,,,,,False,True,False,False,"('OREO CHOCOLATE 110.4/105G', 6, (('MM BINH DUONG', 'MM AN PHU', 0.319717), ('MM BINH DUONG', 'MM DA NANG', 5.860534)))"
1,pricing_dedup_rejected_before_gnn,OREO CHOCOLATE 110.4/105G,6,negative_reduced_cost,MM BINH DUONG,MM AN PHU,6.180250802982753,,,0.1,7.669401,PRICED_E1_negative_reduced_cost_OREO CHOCOLATE 110.4/105G_T6_1,-5062.097508,,,,,,False,True,False,False,"('OREO CHOCOLATE 110.4/105G', 6, (('MM BINH DUONG', 'MM AN PHU', 6.180251),))"
1,pricing_dedup_rejected_before_gnn,OREO CHOCOLATE 110.4/105G,6,negative_reduced_cost,MM BINH DUONG,MM BINH PHU,6.180250802982753,,,0.1,7.669401,PRICED_E1_negative_reduced_cost_OREO CHOCOLATE 110.4/105G_T6_2,-0.4721,,,,,,False,True,False,False,"('OREO CHOCOLATE 110.4/105G', 6, (('MM BINH DUONG', 'MM BINH PHU', 6.180251),))"
1,pricing_dedup_rejected_before_gnn,OREO CHOCOLATE 110.4/105G,6,negative_reduced_cost,MM BINH DUONG,MM DA NANG,5.860533677497042,,,0.1,7.669401,PRICED_E1_negative_reduced_cost_OREO CHOCOLATE 110.4/105G_T6_3,-260.320426,,,,,,False,True,False,False,"('OREO CHOCOLATE 110.4/105G', 6, (('MM BINH DUONG', 'MM AN PHU', 0.319717), ('MM BINH DUONG', 'MM DA NANG', 5.860534)))"
1,pricing_dedup_rejected_before_gnn,OREO CHOCOLATE 110.4/105G,6,negative_reduced_cost,MM BINH DUONG,MM AN PHU,0.3197171254857114,,,0.1,7.669401,PRICED_E1_negative_reduced_cost_OREO CHOCOLATE 110.4/105G_T6_3,-260.320426,,,,,,False,True,False,False,"('OREO CHOCOLATE 110.4/105G', 6, (('MM BINH DUONG', 'MM AN PHU', 0.319717), ('MM BINH DUONG', 'MM DA NANG', 5.860534)))"
1,teacher_full_batch_recorded_before_rmp,OREO CHOCOLATE 110.4/105G,2,shortage_ratio,MM AN PHU,MM DA NANG,13.321023298631342,,,0.1,11.253427,PRICED_E1_shortage_ratio_OREO CHOCOLATE 110.4/105G_T2_1,-3.328409,,,False,False,4.0,False,False,False,False,"(('MM AN PHU', 'MM DA NANG', 13.321023),)"
1,teacher_full_batch_recorded_before_rmp,OREO CHOCOLATE 110.4/105G,6,shortage_ratio,MM BINH DUONG,MM AN PHU,6.180250802982753,,,0.1,7.669401,PRICED_E1_shortage_ratio_OREO CHOCOLATE 110.4/105G_T6_1,-5062.097508,,,False,False,4.0,False,False,False,False,"(('MM BINH DUONG', 'MM AN PHU', 6.180251),)"
1,teacher_full_batch_recorded_before_rmp,OREO CHOCOLATE 110.4/105G,6,shortage_ratio,MM BINH DUONG,MM DA NANG,5.860533677497042,,,0.1,7.669401,PRICED_E1_shortage_ratio_OREO CHOCOLATE 110.4/105G_T6_3,-260.320426,,,False,False,4.0,False,False,False,False,"(('MM BINH DUONG', 'MM AN PHU', 0.319717), ('MM BINH DUONG', 'MM DA NANG', 5.860534))"
1,teacher_full_batch_recorded_before_rmp,OREO CHOCOLATE 110.4/105G,6,shortage_ratio,MM BINH DUONG,MM AN PHU,0.3197171254857114,,,0.1,7.669401,PRICED_E1_shortage_ratio_OREO CHOCOLATE 110.4/105G_T6_3,-260.320426,,,False,False,4.0,False,False,False,False,"(('MM BINH DUONG', 'MM AN PHU', 0.319717), ('MM BINH DUONG', 'MM DA NANG', 5.860534))"
1,teacher_full_batch_recorded_before_rmp,OREO CHOCOLATE 110.4/105G,6,shortage_ratio,MM BINH DUONG,MM BINH PHU,6.180250802982753,,,0.1,7.669401,PRICED_E1_shortage_ratio_OREO CHOCOLATE 110.4/105G_T6_2,-0.4721,,,False,False,4.0,False,False,False,False,"(('MM BINH DUONG', 'MM BINH PHU', 6.180251),)"
1,add_patterns_rejected,OREO CHOCOLATE 110.4/105G,2,shortage_ratio,MM AN PHU,MM DA NANG,13.321023298631342,,,0.1,11.253427,PRICED_E1_shortage_ratio_OREO CHOCOLATE 110.4/105G_T2_1,-3.328409,,,False,False,4.0,True,False,False,False,"('OREO CHOCOLATE 110.4/105G', 2, (('MM AN PHU', 'MM DA NANG', 13.321023),))"
1,add_patterns_rejected,OREO CHOCOLATE 110.4/105G,6,shortage_ratio,MM BINH DUONG,MM AN PHU,6.180250802982753,,,0.1,7.669401,PRICED_E1_shortage_ratio_OREO CHOCOLATE 110.4/105G_T6_1,-5062.097508,,,False,False,4.0,True,False,False,False,"('OREO CHOCOLATE 110.4/105G', 6, (('MM BINH DUONG', 'MM AN PHU', 6.180251),))"
1,add_patterns_rejected,OREO CHOCOLATE 110.4/105G,6,shortage_ratio,MM BINH DUONG,MM DA NANG,5.860533677497042,,,0.1,7.669401,PRICED_E1_shortage_ratio_OREO CHOCOLATE 110.4/105G_T6_3,-260.320426,,,False,False,4.0,True,False,False,False,"('OREO CHOCOLATE 110.4/105G', 6, (('MM BINH DUONG', 'MM AN PHU', 0.319717), ('MM BINH DUONG', 'MM DA NANG', 5.860534)))"
1,add_patterns_rejected,OREO CHOCOLATE 110.4/105G,6,shortage_ratio,MM BINH DUONG,MM AN PHU,0.3197171254857114,,,0.1,7.669401,PRICED_E1_shortage_ratio_OREO CHOCOLATE 110.4/105G_T6_3,-260.320426,,,False,False,4.0,True,False,False,False,"('OREO CHOCOLATE 110.4/105G', 6, (('MM BINH DUONG', 'MM AN PHU', 0.319717), ('MM BINH DUONG', 'MM DA NANG', 5.860534)))"
1,add_patterns_rejected,OREO CHOCOLATE 110.4/105G,6,shortage_ratio,MM BINH DUONG,MM BINH PHU,6.180250802982753,,,0.1,7.669401,PRICED_E1_shortage_ratio_OREO CHOCOLATE 110.4/105G_T6_2,-0.4721,,,False,False,4.0,True,False,False,False,"('OREO CHOCOLATE 110.4/105G', 6, (('MM BINH DUONG', 'MM BINH PHU', 6.180251),))"
1,after_stackelberg,OREO CHOCOLATE 110.4/105G,2,shortage_ratio,MM HIEP PHU,MM AN PHU,1.3895453508501916,1.4441818596599232,False,0.0,4.615237559479134,,,,,,,,False,False,False,False,
1,after_stackelberg,OREO CHOCOLATE 110.4/105G,2,shortage_ratio,MM AN PHU,MM DA NANG,13.321023298631342,-3.328409319452536,False,0.0,11.253427329867487,,,,,,,,False,False,False,False,
1,after_stackelberg,OREO CHOCOLATE 110.4/105G,2,shortage_ratio,MM HIEP PHU,MM DA NANG,1.3895453508501916,1.4441818596599232,False,0.0,4.615237559479134,,,,,,,,False,False,False,False,
1,stackelberg_pricing_fallback,OREO CHOCOLATE 110.4/105G,2,shortage_ratio,MM AN PHU,MM DA NANG,13.321023298631342,-3.328409319452536,False,0.1,11.253427329867487,,,,,,,,False,False,False,False,
1,after_stackelberg,OREO CHOCOLATE 110.4/105G,2,surplus_ratio,MM AN PHU,MM DA NANG,13.321023298631342,-3.328409319452536,False,0.0,11.253427329867487,,,,,,,,False,False,False,False,
1,after_stackelberg,OREO CHOCOLATE 110.4/105G,2,surplus_ratio,MM HIEP PHU,MM AN PHU,1.3895453508501916,1.4441818596599232,False,0.0,4.615237559479134,,,,,,,,False,False,False,False,
1,after_stackelberg,OREO CHOCOLATE 110.4/105G,2,surplus_ratio,MM HIEP PHU,MM DA NANG,1.3895453508501916,1.4441818596599232,False,0.0,4.615237559479134,,,,,,,,False,False,False,False,
1,stackelberg_pricing_fallback,OREO CHOCOLATE 110.4/105G,2,surplus_ratio,MM AN PHU,MM DA NANG,13.321023298631342,-3.328409319452536,False,0.1,11.253427329867487,,,,,,,,False,False,False,False,
1,after_stackelberg,OREO CHOCOLATE 110.4/105G,2,time_urgency,MM HIEP PHU,MM AN PHU,1.3895453508501916,1.4441818596599232,False,0.0,4.615237559479134,,,,,,,,False,False,False,False,
1,after_stackelberg,OREO CHOCOLATE 110.4/105G,2,time_urgency,MM AN PHU,MM DA NANG,13.321023298631342,-3.328409319452536,False,0.0,11.253427329867487,,,,,,,,False,False,False,False,
1,after_stackelberg,OREO CHOCOLATE 110.4/105G,2,time_urgency,MM HIEP PHU,MM DA NANG,1.3895453508501916,1.4441818596599232,False,0.0,4.615237559479134,,,,,,,,False,False,False,False,
1,stackelberg_pricing_fallback,OREO CHOCOLATE 110.4/105G,2,time_urgency,MM AN PHU,MM DA NANG,13.321023298631342,-3.328409319452536,False,0.1,11.253427329867487,,,,,,,,False,False,False,False,
1,after_stackelberg,OREO CHOCOLATE 110.4/105G,2,negative_reduced_cost,MM AN PHU,MM DA NANG,13.321023298631342,-3.328409319452536,False,0.0,11.253427329867487,,,,,,,,False,False,False,False,
1,after_stackelberg,OREO CHOCOLATE 110.4/105G,2,negative_reduced_cost,MM HIEP PHU,MM AN PHU,1.3895453508501916,1.4441818596599232,False,0.0,4.615237559479134,,,,,,,,False,False,False,False,
1,after_stackelberg,OREO CHOCOLATE 110.4/105G,2,negative_reduced_cost,MM HIEP PHU,MM DA NANG,1.3895453508501916,1.4441818596599232,False,0.0,4.615237559479134,,,,,,,,False,False,False,False,
1,stackelberg_pricing_fallback,OREO CHOCOLATE 110.4/105G,2,negative_reduced_cost,MM AN PHU,MM DA NANG,13.321023298631342,-3.328409319452536,False,0.1,11.253427329867487,,,,,,,,False,False,False,False,
1,after_stackelberg,OREO CHOCOLATE 110.4/105G,5,shortage_ratio,MM BINH PHU,MM AN PHU,0.47217500780563704,0.30494938726536325,False,0.0,3.8040379374543587,,,,,,,,False,False,False,False,
1,after_stackelberg,OREO CHOCOLATE 110.4/105G,5,surplus_ratio,MM BINH PHU,MM AN PHU,0.47217500780563704,0.30494938726536325,False,0.0,3.8040379374543587,,,,,,,,False,False,False,False,
1,after_stackelberg,OREO CHOCOLATE 110.4/105G,5,time_urgency,MM BINH PHU,MM AN PHU,0.47217500780563704,0.30494938726536325,False,0.0,3.8040379374543587,,,,,,,,False,False,False,False,
1,after_stackelberg,OREO CHOCOLATE 110.4/105G,5,negative_reduced_cost,MM BINH PHU,MM AN PHU,0.47217500780563704,0.30494938726536325,False,0.0,3.8040379374543587,,,,,,,,False,False,False,False,
1,after_stackelberg,OREO CHOCOLATE 110.4/105G,6,shortage_ratio,MM BINH DUONG,MM AN PHU,2.1456459287764815,-1756.142274039449,False,0.0,5.169487824542646,,,,,,,,False,False,False,False,
1,after_stackelberg,OREO CHOCOLATE 110.4/105G,6,shortage_ratio,MM BINH DUONG,MM DA NANG,2.1456459287764815,1.1417416284894073,False,0.0,5.169487824542646,,,,,,,,False,False,False,False,
1,after_stackelberg,OREO CHOCOLATE 110.4/105G,6,shortage_ratio,MM BINH DUONG,MM BINH PHU,2.1456459287764815,1.1417416284894073,False,0.0,5.169487824542646,,,,,,,,False,False,False,False,
1,after_stackelberg,OREO CHOCOLATE 110.4/105G,6,shortage_ratio,MM DA NANG,MM AN PHU,3.0,7978.776261231432,False,0.0,5.75,,,,,,,,False,False,False,False,
1,after_stackelberg,OREO CHOCOLATE 110.4/105G,6,shortage_ratio,MM DA NANG,MM BINH PHU,3.0,10435.77626123143,False,0.0,5.75,,,,,,,,False,False,False,False,
1,stackelberg_pricing_fallback,OREO CHOCOLATE 110.4/105G,6,shortage_ratio,MM BINH DUONG,MM AN PHU,2.1456459287764815,-1756.142274039449,False,0.1,5.169487824542646,,,,,,,,False,False,False,False,
1,after_stackelberg,OREO CHOCOLATE 110.4/105G,6,surplus_ratio,MM BINH DUONG,MM AN PHU,2.1456459287764815,-1756.142274039449,False,0.0,5.169487824542646,,,,,,,,False,False,False,False,
1,after_stackelberg,OREO CHOCOLATE 110.4/105G,6,surplus_ratio,MM BINH DUONG,MM BINH PHU,2.1456459287764815,1.1417416284894073,False,0.0,5.169487824542646,,,,,,,,False,False,False,False,
1,after_stackelberg,OREO CHOCOLATE 110.4/105G,6,surplus_ratio,MM BINH DUONG,MM DA NANG,2.1456459287764815,1.1417416284894073,False,0.0,5.169487824542646,,,,,,,,False,False,False,False,
1,after_stackelberg,OREO CHOCOLATE 110.4/105G,6,surplus_ratio,MM DA NANG,MM AN PHU,3.0,7978.776261231432,False,0.0,5.75,,,,,,,,False,False,False,False,
1,after_stackelberg,OREO CHOCOLATE 110.4/105G,6,surplus_ratio,MM DA NANG,MM BINH PHU,3.0,10435.77626123143,False,0.0,5.75,,,,,,,,False,False,False,False,
1,stackelberg_pricing_fallback,OREO CHOCOLATE 110.4/105G,6,surplus_ratio,MM BINH DUONG,MM AN PHU,2.1456459287764815,-1756.142274039449,False,0.1,5.169487824542646,,,,,,,,False,False,False,False,
1,after_stackelberg,OREO CHOCOLATE 110.4/105G,6,time_urgency,MM BINH DUONG,MM AN PHU,2.1456459287764815,-1756.142274039449,False,0.0,5.169487824542646,,,,,,,,False,False,False,False,
1,after_stackelberg,OREO CHOCOLATE 110.4/105G,6,time_urgency,MM BINH DUONG,MM DA NANG,2.1456459287764815,1.1417416284894073,False,0.0,5.169487824542646,,,,,,,,False,False,False,False,
1,after_stackelberg,OREO CHOCOLATE 110.4/105G,6,time_urgency,MM BINH DUONG,MM BINH PHU,2.1456459287764815,1.1417416284894073,False,0.0,5.169487824542646,,,,,,,,False,False,False,False,
1,after_stackelberg,OREO CHOCOLATE 110.4/105G,6,time_urgency,MM DA NANG,MM AN PHU,3.0,7978.776261231432,False,0.0,5.75,,,,,,,,False,False,False,False,
1,after_stackelberg,OREO CHOCOLATE 110.4/105G,6,time_urgency,MM DA NANG,MM BINH PHU,3.0,10435.77626123143,False,0.0,5.75,,,,,,,,False,False,False,False,
1,stackelberg_pricing_fallback,OREO CHOCOLATE 110.4/105G,6,time_urgency,MM BINH DUONG,MM AN PHU,2.1456459287764815,-1756.142274039449,False,0.1,5.169487824542646,,,,,,,,False,False,False,False,
1,after_stackelberg,OREO CHOCOLATE 110.4/105G,6,negative_reduced_cost,MM BINH DUONG,MM AN PHU,2.1456459287764815,-1756.142274039449,False,0.0,5.169487824542646,,,,,,,,False,False,False,False,
1,after_stackelberg,OREO CHOCOLATE 110.4/105G,6,negative_reduced_cost,MM BINH DUONG,MM BINH PHU,2.1456459287764815,1.1417416284894073,False,0.0,5.169487824542646,,,,,,,,False,False,False,False,
1,after_stackelberg,OREO CHOCOLATE 110.4/105G,6,negative_reduced_cost,MM BINH DUONG,MM DA NANG,2.1456459287764815,1.1417416284894073,False,0.0,5.169487824542646,,,,,,,,False,False,False,False,
1,after_stackelberg,OREO CHOCOLATE 110.4/105G,6,negative_reduced_cost,MM DA NANG,MM AN PHU,3.0,7978.776261231432,False,0.0,5.75,,,,,,,,False,False,False,False,
1,after_stackelberg,OREO CHOCOLATE 110.4/105G,6,negative_reduced_cost,MM DA NANG,MM BINH PHU,3.0,10435.77626123143,False,0.0,5.75,,,,,,,,False,False,False,False,
1,stackelberg_pricing_fallback,OREO CHOCOLATE 110.4/105G,6,negative_reduced_cost,MM BINH DUONG,MM AN PHU,2.1456459287764815,-1756.142274039449,False,0.1,5.169487824542646,,,,,,,,False,False,False,False,
1,pricing_dedup_rejected_before_gnn,OREO CHOCOLATE 110.4/105G,2,surplus_ratio,MM AN PHU,MM DA NANG,13.321023298631342,,,0.1,11.253427,PRICED_E1_surplus_ratio_OREO CHOCOLATE 110.4/105G_T2_1,-3.328409,,,,,,False,True,False,False,"('OREO CHOCOLATE 110.4/105G', 2, (('MM AN PHU', 'MM DA NANG', 13.321023),))"
1,pricing_dedup_rejected_before_gnn,OREO CHOCOLATE 110.4/105G,2,time_urgency,MM AN PHU,MM DA NANG,13.321023298631342,,,0.1,11.253427,PRICED_E1_time_urgency_OREO CHOCOLATE 110.4/105G_T2_1,-3.328409,,,,,,False,True,False,False,"('OREO CHOCOLATE 110.4/105G', 2, (('MM AN PHU', 'MM DA NANG', 13.321023),))"
1,pricing_dedup_rejected_before_gnn,OREO CHOCOLATE 110.4/105G,2,negative_reduced_cost,MM AN PHU,MM DA NANG,13.321023298631342,,,0.1,11.253427,PRICED_E1_negative_reduced_cost_OREO CHOCOLATE 110.4/105G_T2_1,-3.328409,,,,,,False,True,False,False,"('OREO CHOCOLATE 110.4/105G', 2, (('MM AN PHU', 'MM DA NANG', 13.321023),))"
1,pricing_dedup_rejected_before_gnn,OREO CHOCOLATE 110.4/105G,6,surplus_ratio,MM BINH DUONG,MM AN PHU,2.1456459287764815,,,0.1,5.169488,PRICED_E1_surplus_ratio_OREO CHOCOLATE 110.4/105G_T6_1,-1756.142274,,,,,,False,True,False,False,"('OREO CHOCOLATE 110.4/105G', 6, (('MM BINH DUONG', 'MM AN PHU', 2.145646),))"
1,pricing_dedup_rejected_before_gnn,OREO CHOCOLATE 110.4/105G,6,time_urgency,MM BINH DUONG,MM AN PHU,2.1456459287764815,,,0.1,5.169488,PRICED_E1_time_urgency_OREO CHOCOLATE 110.4/105G_T6_1,-1756.142274,,,,,,False,True,False,False,"('OREO CHOCOLATE 110.4/105G', 6, (('MM BINH DUONG', 'MM AN PHU', 2.145646),))"
1,pricing_dedup_rejected_before_gnn,OREO CHOCOLATE 110.4/105G,6,negative_reduced_cost,MM BINH DUONG,MM AN PHU,2.1456459287764815,,,0.1,5.169488,PRICED_E1_negative_reduced_cost_OREO CHOCOLATE 110.4/105G_T6_1,-1756.142274,,,,,,False,True,False,False,"('OREO CHOCOLATE 110.4/105G', 6, (('MM BINH DUONG', 'MM AN PHU', 2.145646),))"
1,teacher_full_batch_recorded_before_rmp,OREO CHOCOLATE 110.4/105G,2,shortage_ratio,MM AN PHU,MM DA NANG,13.321023298631342,,,0.1,11.253427,PRICED_E1_shortage_ratio_OREO CHOCOLATE 110.4/105G_T2_1,-3.328409,,,False,False,2.0,False,False,False,False,"(('MM AN PHU', 'MM DA NANG', 13.321023),)"
1,teacher_full_batch_recorded_before_rmp,OREO CHOCOLATE 110.4/105G,6,shortage_ratio,MM BINH DUONG,MM AN PHU,2.1456459287764815,,,0.1,5.169488,PRICED_E1_shortage_ratio_OREO CHOCOLATE 110.4/105G_T6_1,-1756.142274,,,False,False,2.0,False,False,False,False,"(('MM BINH DUONG', 'MM AN PHU', 2.145646),)"
1,add_patterns_rejected,OREO CHOCOLATE 110.4/105G,2,shortage_ratio,MM AN PHU,MM DA NANG,13.321023298631342,,,0.1,11.253427,PRICED_E1_shortage_ratio_OREO CHOCOLATE 110.4/105G_T2_1,-3.328409,,,False,False,2.0,True,False,False,False,"('OREO CHOCOLATE 110.4/105G', 2, (('MM AN PHU', 'MM DA NANG', 13.321023),))"
1,add_patterns_rejected,OREO CHOCOLATE 110.4/105G,6,shortage_ratio,MM BINH DUONG,MM AN PHU,2.1456459287764815,,,0.1,5.169488,PRICED_E1_shortage_ratio_OREO CHOCOLATE 110.4/105G_T6_1,-1756.142274,,,False,False,2.0,True,False,False,False,"('OREO CHOCOLATE 110.4/105G', 6, (('MM BINH DUONG', 'MM AN PHU', 2.145646),))"
