source,period,vehicle,from_store,to_store,sku,lt_qty,lt_unit_cost,lt_fixed_cost,lt_total_cost,pattern_id,lambda_value
CG_LT,100,,MM BIEN HOA,MM DA NANG,AN RICE CRACKER SEAWEED 111.3G,5,0.6,2.0,5.125664,LT_AN RICE CRACKER SEAWEED 111.3G_T100_4,1.0
CG_LT,100,,MM BINH PHU,MM DA NANG,AN RICE CRACKER SEAWEED 111.3G,7,0.6,2.0,5.976661,LT_AN RICE CRACKER SEAWEED 111.3G_T100_4,1.0
CG_LT,103,,MM BIEN HOA,MM DA NANG,AN RICE CRACKER SEAWEED 111.3G,3,0.6,1.324439,3.355591,LT_AN RICE CRACKER SEAWEED 111.3G_T103_1,0.66222
CG_LT,103,,MM BINH PHU,MM AN PHU,AN RICE CRACKER SEAWEED 111.3G,5,0.6,1.324439,4.451339,LT_AN RICE CRACKER SEAWEED 111.3G_T103_1,0.66222
CG_LT,103,,MM HIEP PHU,MM DA NANG,AN RICE CRACKER SEAWEED 111.3G,2,0.6,1.324439,2.278834,LT_AN RICE CRACKER SEAWEED 111.3G_T103_1,0.66222
CG_LT,103,,MM BIEN HOA,MM AN PHU,AN RICE CRACKER SEAWEED 111.3G,10,0.6,2.0,7.909859,LT_AN RICE CRACKER SEAWEED 111.3G_T103_3,1.0
CG_LT,103,,MM BINH PHU,MM DA NANG,AN RICE CRACKER SEAWEED 111.3G,8,0.6,2.0,6.539484,LT_AN RICE CRACKER SEAWEED 111.3G_T103_3,1.0
CG_LT,103,,MM HIEP PHU,MM DA NANG,AN RICE CRACKER SEAWEED 111.3G,10,0.6,2.0,7.796127,LT_AN RICE CRACKER SEAWEED 111.3G_T103_3,1.0
CG_LT,103,,MM BIEN HOA,MM AN PHU,AN RICE CRACKER SEAWEED 111.3G,9,0.6,2.0,7.274286,LT_AN RICE CRACKER SEAWEED 111.3G_T103_4,1.0
CG_LT,103,,MM BIEN HOA,MM DA NANG,AN RICE CRACKER SEAWEED 111.3G,5,0.6,2.0,5.093733,LT_AN RICE CRACKER SEAWEED 111.3G_T103_4,1.0
CG_LT,103,,MM BIEN HOA,MM AN PHU,AN RICE CRACKER SEAWEED 111.3G,3,0.6,2.0,3.888956,LT_AN RICE CRACKER SEAWEED 111.3G_T103_5,1.0
CG_LT,103,,MM BIEN HOA,MM DA NANG,AN RICE CRACKER SEAWEED 111.3G,6,0.6,2.0,5.528622,LT_AN RICE CRACKER SEAWEED 111.3G_T103_5,1.0
CG_LT,104,,MM BIEN HOA,MM AN PHU,AN RICE CRACKER SEAWEED 111.3G,1,0.6,2.0,2.605651,LT_AN RICE CRACKER SEAWEED 111.3G_T104_1,1.0
CG_LT,104,,MM BIEN HOA,MM BINH PHU,AN RICE CRACKER SEAWEED 111.3G,9,0.6,2.0,7.646724,LT_AN RICE CRACKER SEAWEED 111.3G_T104_1,1.0
CG_LT,104,,MM HIEP PHU,MM AN PHU,AN RICE CRACKER SEAWEED 111.3G,1,0.6,2.0,2.753907,LT_AN RICE CRACKER SEAWEED 111.3G_T104_1,1.0
CG_LT,104,,MM BIEN HOA,MM AN PHU,AN RICE CRACKER SEAWEED 111.3G,4,0.6,2.0,4.257822,LT_AN RICE CRACKER SEAWEED 111.3G_T104_3,1.0
CG_LT,104,,MM BIEN HOA,MM BINH PHU,AN RICE CRACKER SEAWEED 111.3G,8,0.6,2.0,7.077784,LT_AN RICE CRACKER SEAWEED 111.3G_T104_3,1.0
CG_LT,104,,MM BIEN HOA,MM DA NANG,AN RICE CRACKER SEAWEED 111.3G,7,0.6,2.0,6.381167,LT_AN RICE CRACKER SEAWEED 111.3G_T104_3,1.0
CG_LT,104,,MM HIEP PHU,MM BINH PHU,AN RICE CRACKER SEAWEED 111.3G,7,0.6,2.0,6.01803,LT_AN RICE CRACKER SEAWEED 111.3G_T104_3,1.0
CG_LT,104,,MM HIEP PHU,MM AN PHU,AN RICE CRACKER SEAWEED 111.3G,5,0.6,2.0,5.016151,LT_AN RICE CRACKER SEAWEED 111.3G_T104_4,1.0
CG_LT,104,,MM HIEP PHU,MM BINH PHU,AN RICE CRACKER SEAWEED 111.3G,8,0.6,2.0,6.511642,LT_AN RICE CRACKER SEAWEED 111.3G_T104_4,1.0
CG_LT,104,,MM BIEN HOA,MM AN PHU,AN RICE CRACKER SEAWEED 111.3G,5,0.6,1.444999,4.508318,LT_AN RICE CRACKER SEAWEED 111.3G_T104_5,0.722499
CG_LT,104,,MM HIEP PHU,MM BINH PHU,AN RICE CRACKER SEAWEED 111.3G,6,0.6,1.444999,5.174037,LT_AN RICE CRACKER SEAWEED 111.3G_T104_5,0.722499
CG_LT,105,,MM BIEN HOA,MM AN PHU,AN RICE CRACKER SEAWEED 111.3G,4,0.6,0.728831,2.88118,LT_AN RICE CRACKER SEAWEED 111.3G_T105_2,0.364415
CG_LT,105,,MM BIEN HOA,MM DA NANG,AN RICE CRACKER SEAWEED 111.3G,0,0.6,0.728831,0.892508,LT_AN RICE CRACKER SEAWEED 111.3G_T105_2,0.364415
CG_LT,105,,MM HIEP PHU,MM AN PHU,AN RICE CRACKER SEAWEED 111.3G,1,0.6,0.728831,1.492891,LT_AN RICE CRACKER SEAWEED 111.3G_T105_2,0.364415
CG_LT,105,,MM HIEP PHU,MM DA NANG,AN RICE CRACKER SEAWEED 111.3G,1,0.6,0.728831,1.179175,LT_AN RICE CRACKER SEAWEED 111.3G_T105_2,0.364415
CG_LT,105,,MM BIEN HOA,MM AN PHU,AN RICE CRACKER SEAWEED 111.3G,4,0.6,2.0,4.366182,LT_AN RICE CRACKER SEAWEED 111.3G_T105_3,1.0
CG_LT,105,,MM BIEN HOA,MM BINH PHU,AN RICE CRACKER SEAWEED 111.3G,2,0.6,2.0,3.437791,LT_AN RICE CRACKER SEAWEED 111.3G_T105_3,1.0
CG_LT,105,,MM HIEP PHU,MM DA NANG,AN RICE CRACKER SEAWEED 111.3G,10,0.6,2.0,7.973087,LT_AN RICE CRACKER SEAWEED 111.3G_T105_3,1.0
CG_LT,106,,MM DA NANG,MM BINH PHU,AN RICE CRACKER SEAWEED 111.3G,2,0.6,0.807539,2.293811,LT_AN RICE CRACKER SEAWEED 111.3G_T106_1,0.403769
CG_LT,107,,MM BIEN HOA,MM AN PHU,AN RICE CRACKER SEAWEED 111.3G,3,0.6,2.0,3.797228,LT_AN RICE CRACKER SEAWEED 111.3G_T107_3,1.0
CG_LT,107,,MM BIEN HOA,MM BINH PHU,AN RICE CRACKER SEAWEED 111.3G,1,0.6,2.0,2.697413,LT_AN RICE CRACKER SEAWEED 111.3G_T107_3,1.0
CG_LT,107,,MM DA NANG,MM BINH PHU,AN RICE CRACKER SEAWEED 111.3G,7,0.6,2.0,6.307994,LT_AN RICE CRACKER SEAWEED 111.3G_T107_3,1.0
CG_LT,107,,MM HIEP PHU,MM BINH PHU,AN RICE CRACKER SEAWEED 111.3G,6,0.6,2.0,5.845442,LT_AN RICE CRACKER SEAWEED 111.3G_T107_3,1.0
CG_LT,107,,MM BIEN HOA,MM AN PHU,AN RICE CRACKER SEAWEED 111.3G,0,0.6,0.725594,1.006118,LT_AN RICE CRACKER SEAWEED 111.3G_T107_5,0.362797
CG_LT,107,,MM DA NANG,MM BINH PHU,AN RICE CRACKER SEAWEED 111.3G,3,0.6,0.725594,2.390253,LT_AN RICE CRACKER SEAWEED 111.3G_T107_5,0.362797
CG_LT,107,,MM HIEP PHU,MM BIEN HOA,AN RICE CRACKER SEAWEED 111.3G,3,0.6,0.725594,2.451401,LT_AN RICE CRACKER SEAWEED 111.3G_T107_5,0.362797
CG_LT,108,,MM HIEP PHU,MM AN PHU,AN RICE CRACKER SEAWEED 111.3G,4,0.6,2.0,4.435328,LT_AN RICE CRACKER SEAWEED 111.3G_T108_1,1.0
CG_LT,108,,MM HIEP PHU,MM BIEN HOA,AN RICE CRACKER SEAWEED 111.3G,1,0.6,2.0,2.610489,LT_AN RICE CRACKER SEAWEED 111.3G_T108_1,1.0
CG_LT,108,,MM HIEP PHU,MM BINH PHU,AN RICE CRACKER SEAWEED 111.3G,4,0.6,2.0,4.424403,LT_AN RICE CRACKER SEAWEED 111.3G_T108_1,1.0
CG_LT,108,,MM HIEP PHU,MM DA NANG,AN RICE CRACKER SEAWEED 111.3G,10,0.6,2.0,7.8468,LT_AN RICE CRACKER SEAWEED 111.3G_T108_1,1.0
CG_LT,108,,MM HIEP PHU,MM AN PHU,AN RICE CRACKER SEAWEED 111.3G,5,0.6,2.0,5.07252,LT_AN RICE CRACKER SEAWEED 111.3G_T108_2,1.0
CG_LT,108,,MM HIEP PHU,MM DA NANG,AN RICE CRACKER SEAWEED 111.3G,4,0.6,2.0,4.247851,LT_AN RICE CRACKER SEAWEED 111.3G_T108_2,1.0
CG_LT,108,,MM HIEP PHU,MM AN PHU,AN RICE CRACKER SEAWEED 111.3G,5,0.6,2.0,4.825759,LT_AN RICE CRACKER SEAWEED 111.3G_T108_3,1.0
CG_LT,108,,MM HIEP PHU,MM DA NANG,AN RICE CRACKER SEAWEED 111.3G,9,0.6,2.0,7.117621,LT_AN RICE CRACKER SEAWEED 111.3G_T108_3,1.0
CG_LT,108,,MM HIEP PHU,MM AN PHU,AN RICE CRACKER SEAWEED 111.3G,3,0.6,2.0,3.783195,LT_AN RICE CRACKER SEAWEED 111.3G_T108_4,1.0
CG_LT,108,,MM HIEP PHU,MM BIEN HOA,AN RICE CRACKER SEAWEED 111.3G,5,0.6,2.0,5.184605,LT_AN RICE CRACKER SEAWEED 111.3G_T108_4,1.0
CG_LT,108,,MM HIEP PHU,MM BINH PHU,AN RICE CRACKER SEAWEED 111.3G,3,0.6,2.0,3.723948,LT_AN RICE CRACKER SEAWEED 111.3G_T108_4,1.0
CG_LT,108,,MM HIEP PHU,MM AN PHU,AN RICE CRACKER SEAWEED 111.3G,5,0.6,2.0,5.160096,LT_AN RICE CRACKER SEAWEED 111.3G_T108_5,1.0
CG_LT,108,,MM HIEP PHU,MM BIEN HOA,AN RICE CRACKER SEAWEED 111.3G,3,0.6,2.0,3.666421,LT_AN RICE CRACKER SEAWEED 111.3G_T108_5,1.0
CG_LT,109,,MM DA NANG,MM AN PHU,AN RICE CRACKER SEAWEED 111.3G,4,0.6,1.691475,3.959925,LT_AN RICE CRACKER SEAWEED 111.3G_T109_1,0.845737
CG_LT,109,,MM BIEN HOA,MM AN PHU,AN RICE CRACKER SEAWEED 111.3G,0,0.6,1.931615,2.057669,LT_AN RICE CRACKER SEAWEED 111.3G_T109_3,0.965808
CG_LT,109,,MM BIEN HOA,MM BINH PHU,AN RICE CRACKER SEAWEED 111.3G,3,0.6,1.931615,3.725561,LT_AN RICE CRACKER SEAWEED 111.3G_T109_3,0.965808
CG_LT,109,,MM DA NANG,MM AN PHU,AN RICE CRACKER SEAWEED 111.3G,3,0.6,1.931615,3.863164,LT_AN RICE CRACKER SEAWEED 111.3G_T109_3,0.965808
CG_LT,109,,MM HIEP PHU,MM BINH PHU,AN RICE CRACKER SEAWEED 111.3G,1,0.6,1.931615,2.758066,LT_AN RICE CRACKER SEAWEED 111.3G_T109_3,0.965808
CG_LT,109,,MM HIEP PHU,MM AN PHU,AN RICE CRACKER SEAWEED 111.3G,8,0.6,2.0,6.789338,LT_AN RICE CRACKER SEAWEED 111.3G_T109_4,1.0
CG_LT,109,,MM HIEP PHU,MM BIEN HOA,AN RICE CRACKER SEAWEED 111.3G,6,0.6,2.0,5.41356,LT_AN RICE CRACKER SEAWEED 111.3G_T109_4,1.0
CG_LT,109,,MM HIEP PHU,MM BINH PHU,AN RICE CRACKER SEAWEED 111.3G,1,0.6,2.0,2.838743,LT_AN RICE CRACKER SEAWEED 111.3G_T109_4,1.0
CG_LT,110,,MM DA NANG,MM AN PHU,AN RICE CRACKER SEAWEED 111.3G,5,0.6,2.0,4.95048,LT_AN RICE CRACKER SEAWEED 111.3G_T110_1,1.0
CG_LT,110,,MM HIEP PHU,MM BIEN HOA,AN RICE CRACKER SEAWEED 111.3G,5,0.6,2.0,4.991483,LT_AN RICE CRACKER SEAWEED 111.3G_T110_1,1.0
CG_LT,110,,MM HIEP PHU,MM BINH PHU,AN RICE CRACKER SEAWEED 111.3G,8,0.6,2.0,6.967706,LT_AN RICE CRACKER SEAWEED 111.3G_T110_1,1.0
CG_LT,110,,MM DA NANG,MM AN PHU,AN RICE CRACKER SEAWEED 111.3G,6,0.6,2.0,5.37476,LT_AN RICE CRACKER SEAWEED 111.3G_T110_2,1.0
CG_LT,110,,MM HIEP PHU,MM AN PHU,AN RICE CRACKER SEAWEED 111.3G,8,0.6,2.0,6.612746,LT_AN RICE CRACKER SEAWEED 111.3G_T110_2,1.0
CG_LT,110,,MM HIEP PHU,MM BINH PHU,AN RICE CRACKER SEAWEED 111.3G,7,0.6,2.0,6.262138,LT_AN RICE CRACKER SEAWEED 111.3G_T110_2,1.0
CG_LT,110,,MM DA NANG,MM AN PHU,AN RICE CRACKER SEAWEED 111.3G,0,0.6,0.126916,0.401676,LT_AN RICE CRACKER SEAWEED 111.3G_T110_3,0.063458
CG_LT,110,,MM HIEP PHU,MM AN PHU,AN RICE CRACKER SEAWEED 111.3G,0,0.6,0.126916,0.339373,LT_AN RICE CRACKER SEAWEED 111.3G_T110_3,0.063458
CG_LT,110,,MM HIEP PHU,MM BINH PHU,AN RICE CRACKER SEAWEED 111.3G,0,0.6,0.126916,0.3102,LT_AN RICE CRACKER SEAWEED 111.3G_T110_3,0.063458
CG_LT,110,,MM HIEP PHU,MM BINH PHU,AN RICE CRACKER SEAWEED 111.3G,5,0.6,2.0,5.249143,LT_AN RICE CRACKER SEAWEED 111.3G_T110_5,1.0
CG_LT,112,,MM HIEP PHU,MM BINH PHU,AN RICE CRACKER SEAWEED 111.3G,6,0.6,2.0,5.789462,LT_AN RICE CRACKER SEAWEED 111.3G_T112_2,1.0
CG_LT,112,,MM DA NANG,MM AN PHU,AN RICE CRACKER SEAWEED 111.3G,3,0.6,1.459475,3.118922,LT_AN RICE CRACKER SEAWEED 111.3G_T112_3,0.729737
CG_LT,112,,MM DA NANG,MM BINH PHU,AN RICE CRACKER SEAWEED 111.3G,7,0.6,1.459475,5.598366,LT_AN RICE CRACKER SEAWEED 111.3G_T112_3,0.729737
CG_LT,112,,MM HIEP PHU,MM BINH PHU,AN RICE CRACKER SEAWEED 111.3G,4,0.6,1.459475,3.796093,LT_AN RICE CRACKER SEAWEED 111.3G_T112_3,0.729737
CG_LT,112,,MM DA NANG,MM BIEN HOA,AN RICE CRACKER SEAWEED 111.3G,8,0.6,1.894051,6.836203,LT_AN RICE CRACKER SEAWEED 111.3G_T112_5,0.947025
CG_LT,112,,MM DA NANG,MM BINH PHU,AN RICE CRACKER SEAWEED 111.3G,2,0.6,1.894051,3.314652,LT_AN RICE CRACKER SEAWEED 111.3G_T112_5,0.947025
CG_LT,112,,MM HIEP PHU,MM BIEN HOA,AN RICE CRACKER SEAWEED 111.3G,8,0.6,1.894051,6.938212,LT_AN RICE CRACKER SEAWEED 111.3G_T112_5,0.947025
CG_LT,113,,MM DA NANG,MM BIEN HOA,AN RICE CRACKER SEAWEED 111.3G,3,0.6,1.065639,2.869536,LT_AN RICE CRACKER SEAWEED 111.3G_T113_1,0.532819
CG_LT,113,,MM HIEP PHU,MM AN PHU,AN RICE CRACKER SEAWEED 111.3G,3,0.6,1.065639,2.859505,LT_AN RICE CRACKER SEAWEED 111.3G_T113_1,0.532819
CG_LT,113,,MM HIEP PHU,MM BINH PHU,AN RICE CRACKER SEAWEED 111.3G,5,0.6,1.065639,4.093005,LT_AN RICE CRACKER SEAWEED 111.3G_T113_1,0.532819
CG_LT,113,,MM HIEP PHU,MM BIEN HOA,AN RICE CRACKER SEAWEED 111.3G,1,0.6,2.0,2.7116,LT_AN RICE CRACKER SEAWEED 111.3G_T113_3,1.0
CG_LT,113,,MM DA NANG,MM AN PHU,AN RICE CRACKER SEAWEED 111.3G,2,0.6,2.0,2.946497,LT_AN RICE CRACKER SEAWEED 111.3G_T113_5,1.0
CG_LT,113,,MM HIEP PHU,MM BIEN HOA,AN RICE CRACKER SEAWEED 111.3G,7,0.6,2.0,6.031304,LT_AN RICE CRACKER SEAWEED 111.3G_T113_5,1.0
CG_LT,113,,MM HIEP PHU,MM BINH PHU,AN RICE CRACKER SEAWEED 111.3G,7,0.6,2.0,6.005477,LT_AN RICE CRACKER SEAWEED 111.3G_T113_5,1.0
CG_LT,114,,MM DA NANG,MM BINH PHU,AN RICE CRACKER SEAWEED 111.3G,5,0.6,1.502135,4.700646,LT_AN RICE CRACKER SEAWEED 111.3G_T114_2,0.751067
CG_LT,114,,MM DA NANG,MM AN PHU,AN RICE CRACKER SEAWEED 111.3G,7,0.6,1.433573,5.492918,LT_AN RICE CRACKER SEAWEED 111.3G_T114_3,0.716786
CG_LT,114,,MM DA NANG,MM BIEN HOA,AN RICE CRACKER SEAWEED 111.3G,2,0.6,1.433573,2.390126,LT_AN RICE CRACKER SEAWEED 111.3G_T114_3,0.716786
CG_LT,114,,MM HIEP PHU,MM BINH PHU,AN RICE CRACKER SEAWEED 111.3G,6,0.6,1.433573,4.791227,LT_AN RICE CRACKER SEAWEED 111.3G_T114_3,0.716786
CG_LT,114,,MM DA NANG,MM BINH PHU,AN RICE CRACKER SEAWEED 111.3G,4,0.6,2.0,4.455772,LT_AN RICE CRACKER SEAWEED 111.3G_T114_4,1.0
CG_LT,114,,MM HIEP PHU,MM AN PHU,AN RICE CRACKER SEAWEED 111.3G,7,0.6,2.0,6.300096,LT_AN RICE CRACKER SEAWEED 111.3G_T114_4,1.0
CG_LT,114,,MM HIEP PHU,MM BINH PHU,AN RICE CRACKER SEAWEED 111.3G,8,0.6,2.0,6.632475,LT_AN RICE CRACKER SEAWEED 111.3G_T114_5,1.0
CG_LT,115,,MM DA NANG,MM BIEN HOA,AN RICE CRACKER SEAWEED 111.3G,10,0.6,2.0,7.888446,LT_AN RICE CRACKER SEAWEED 111.3G_T115_3,1.0
CG_LT,115,,MM DA NANG,MM BINH PHU,AN RICE CRACKER SEAWEED 111.3G,8,0.6,2.0,6.776874,LT_AN RICE CRACKER SEAWEED 111.3G_T115_3,1.0
CG_LT,115,,MM HIEP PHU,MM BINH PHU,AN RICE CRACKER SEAWEED 111.3G,8,0.6,2.0,6.775099,LT_AN RICE CRACKER SEAWEED 111.3G_T115_3,1.0
CG_LT,115,,MM DA NANG,MM BIEN HOA,AN RICE CRACKER SEAWEED 111.3G,8,0.6,2.0,6.689641,LT_AN RICE CRACKER SEAWEED 111.3G_T115_5,1.0
CG_LT,115,,MM DA NANG,MM BINH PHU,AN RICE CRACKER SEAWEED 111.3G,8,0.6,2.0,6.697941,LT_AN RICE CRACKER SEAWEED 111.3G_T115_5,1.0
CG_LT,115,,MM HIEP PHU,MM BINH PHU,AN RICE CRACKER SEAWEED 111.3G,1,0.6,2.0,2.753269,LT_AN RICE CRACKER SEAWEED 111.3G_T115_5,1.0
CG_LT,116,,MM BINH PHU,MM AN PHU,AN RICE CRACKER SEAWEED 111.3G,2,0.6,0.580867,1.74853,LT_AN RICE CRACKER SEAWEED 111.3G_T116_4,0.290434
CG_LT,116,,MM BINH PHU,MM BIEN HOA,AN RICE CRACKER SEAWEED 111.3G,2,0.6,0.580867,1.513931,LT_AN RICE CRACKER SEAWEED 111.3G_T116_4,0.290434
CG_LT,116,,MM DA NANG,MM BIEN HOA,AN RICE CRACKER SEAWEED 111.3G,2,0.6,0.580867,1.675013,LT_AN RICE CRACKER SEAWEED 111.3G_T116_4,0.290434
CG_LT,116,,MM HIEP PHU,MM AN PHU,AN RICE CRACKER SEAWEED 111.3G,3,0.6,0.580867,2.209626,LT_AN RICE CRACKER SEAWEED 111.3G_T116_4,0.290434
CG_LT,117,,MM BINH PHU,MM AN PHU,AN RICE CRACKER SEAWEED 111.3G,0,0.6,0.010461,0.027932,LT_AN RICE CRACKER SEAWEED 111.3G_T117_1,0.00523
CG_LT,117,,MM BINH PHU,MM BIEN HOA,AN RICE CRACKER SEAWEED 111.3G,0,0.6,0.010461,0.039066,LT_AN RICE CRACKER SEAWEED 111.3G_T117_1,0.00523
CG_LT,117,,MM DA NANG,MM BIEN HOA,AN RICE CRACKER SEAWEED 111.3G,0,0.6,0.010461,0.017603,LT_AN RICE CRACKER SEAWEED 111.3G_T117_1,0.00523
CG_LT,117,,MM BINH PHU,MM AN PHU,AN RICE CRACKER SEAWEED 111.3G,9,0.6,2.0,7.220513,LT_AN RICE CRACKER SEAWEED 111.3G_T117_4,1.0
CG_LT,117,,MM BINH PHU,MM BIEN HOA,AN RICE CRACKER SEAWEED 111.3G,1,0.6,2.0,2.635386,LT_AN RICE CRACKER SEAWEED 111.3G_T117_4,1.0
CG_LT,117,,MM DA NANG,MM BIEN HOA,AN RICE CRACKER SEAWEED 111.3G,8,0.6,2.0,6.51438,LT_AN RICE CRACKER SEAWEED 111.3G_T117_4,1.0
CG_LT,117,,MM HIEP PHU,MM BIEN HOA,AN RICE CRACKER SEAWEED 111.3G,7,0.6,2.0,6.414487,LT_AN RICE CRACKER SEAWEED 111.3G_T117_4,1.0
CG_LT,118,,MM BINH PHU,MM AN PHU,AN RICE CRACKER SEAWEED 111.3G,8,0.6,2.0,6.60202,LT_AN RICE CRACKER SEAWEED 111.3G_T118_1,1.0
CG_LT,118,,MM DA NANG,MM BIEN HOA,AN RICE CRACKER SEAWEED 111.3G,8,0.6,2.0,6.843566,LT_AN RICE CRACKER SEAWEED 111.3G_T118_1,1.0
CG_LT,118,,MM HIEP PHU,MM AN PHU,AN RICE CRACKER SEAWEED 111.3G,6,0.6,2.0,5.536748,LT_AN RICE CRACKER SEAWEED 111.3G_T118_1,1.0
CG_LT,118,,MM HIEP PHU,MM BIEN HOA,AN RICE CRACKER SEAWEED 111.3G,7,0.6,2.0,5.903479,LT_AN RICE CRACKER SEAWEED 111.3G_T118_1,1.0
CG_LT,118,,MM DA NANG,MM AN PHU,AN RICE CRACKER SEAWEED 111.3G,1,0.6,0.342996,0.689749,LT_AN RICE CRACKER SEAWEED 111.3G_T118_5,0.171498
CG_LT,118,,MM DA NANG,MM BIEN HOA,AN RICE CRACKER SEAWEED 111.3G,0,0.6,0.342996,0.470027,LT_AN RICE CRACKER SEAWEED 111.3G_T118_5,0.171498
CG_LT,118,,MM HIEP PHU,MM AN PHU,AN RICE CRACKER SEAWEED 111.3G,1,0.6,0.342996,0.883947,LT_AN RICE CRACKER SEAWEED 111.3G_T118_5,0.171498
CG_LT,118,,MM HIEP PHU,MM BIEN HOA,AN RICE CRACKER SEAWEED 111.3G,1,0.6,0.342996,1.068922,LT_AN RICE CRACKER SEAWEED 111.3G_T118_5,0.171498
CG_LT,119,,MM BINH PHU,MM BIEN HOA,AN RICE CRACKER SEAWEED 111.3G,8,0.6,2.0,7.094924,LT_AN RICE CRACKER SEAWEED 111.3G_T119_3,1.0
CG_LT,119,,MM BINH PHU,MM AN PHU,AN RICE CRACKER SEAWEED 111.3G,2,0.6,1.729173,2.995017,LT_AN RICE CRACKER SEAWEED 111.3G_T119_4,0.864587
CG_LT,119,,MM DA NANG,MM AN PHU,AN RICE CRACKER SEAWEED 111.3G,5,0.6,1.729173,4.872197,LT_AN RICE CRACKER SEAWEED 111.3G_T119_4,0.864587
CG_LT,119,,MM DA NANG,MM BIEN HOA,AN RICE CRACKER SEAWEED 111.3G,8,0.6,1.729173,6.540672,LT_AN RICE CRACKER SEAWEED 111.3G_T119_4,0.864587
CG_LT,119,,MM HIEP PHU,MM BIEN HOA,AN RICE CRACKER SEAWEED 111.3G,8,0.6,1.729173,6.82275,LT_AN RICE CRACKER SEAWEED 111.3G_T119_4,0.864587
CG_LT,120,,MM BINH PHU,MM AN PHU,AN RICE CRACKER SEAWEED 111.3G,2,0.6,0.529727,1.540951,LT_AN RICE CRACKER SEAWEED 111.3G_T120_1,0.264863
CG_LT,120,,MM HIEP PHU,MM AN PHU,AN RICE CRACKER SEAWEED 111.3G,1,0.6,0.529727,0.958103,LT_AN RICE CRACKER SEAWEED 111.3G_T120_1,0.264863
CG_LT,120,,MM HIEP PHU,MM BIEN HOA,AN RICE CRACKER SEAWEED 111.3G,2,0.6,0.529727,1.579212,LT_AN RICE CRACKER SEAWEED 111.3G_T120_1,0.264863
CG_LT,120,,MM DA NANG,MM AN PHU,AN RICE CRACKER SEAWEED 111.3G,7,0.6,2.0,5.971757,LT_AN RICE CRACKER SEAWEED 111.3G_T120_3,1.0
CG_LT,120,,MM DA NANG,MM BIEN HOA,AN RICE CRACKER SEAWEED 111.3G,9,0.6,2.0,7.169318,LT_AN RICE CRACKER SEAWEED 111.3G_T120_3,1.0
CG_LT,120,,MM HIEP PHU,MM AN PHU,AN RICE CRACKER SEAWEED 111.3G,9,0.6,2.0,7.511533,LT_AN RICE CRACKER SEAWEED 111.3G_T120_3,1.0
CG_LT,120,,MM DA NANG,MM BIEN HOA,AN RICE CRACKER SEAWEED 111.3G,8,0.6,2.0,6.773197,LT_AN RICE CRACKER SEAWEED 111.3G_T120_5,1.0
CG_LT,121,,MM BINH PHU,MM AN PHU,AN RICE CRACKER SEAWEED 111.3G,9,0.6,2.0,7.316877,LT_AN RICE CRACKER SEAWEED 111.3G_T121_3,1.0
CG_LT,121,,MM HIEP PHU,MM AN PHU,AN RICE CRACKER SEAWEED 111.3G,9,0.6,2.0,7.6637,LT_AN RICE CRACKER SEAWEED 111.3G_T121_3,1.0
CG_LT,121,,MM BIEN HOA,MM AN PHU,AN RICE CRACKER SEAWEED 111.3G,3,0.6,0.64859,2.343295,LT_AN RICE CRACKER SEAWEED 111.3G_T121_5,0.324295
CG_LT,121,,MM BINH PHU,MM AN PHU,AN RICE CRACKER SEAWEED 111.3G,3,0.6,0.64859,2.448108,LT_AN RICE CRACKER SEAWEED 111.3G_T121_5,0.324295
CG_LT,121,,MM DA NANG,MM AN PHU,AN RICE CRACKER SEAWEED 111.3G,2,0.6,0.64859,1.886919,LT_AN RICE CRACKER SEAWEED 111.3G_T121_5,0.324295
CG_LT,121,,MM HIEP PHU,MM AN PHU,AN RICE CRACKER SEAWEED 111.3G,2,0.6,0.64859,1.760168,LT_AN RICE CRACKER SEAWEED 111.3G_T121_5,0.324295
CG_LT,122,,MM DA NANG,MM AN PHU,AN RICE CRACKER SEAWEED 111.3G,3,0.6,0.817329,2.85873,LT_AN RICE CRACKER SEAWEED 111.3G_T122_4,0.408665
CG_LT,123,,MM BIEN HOA,MM AN PHU,AN RICE CRACKER SEAWEED 111.3G,1,0.6,0.562342,1.240879,LT_AN RICE CRACKER SEAWEED 111.3G_T123_2,0.281171
CG_LT,123,,MM BINH PHU,MM AN PHU,AN RICE CRACKER SEAWEED 111.3G,2,0.6,0.562342,1.610011,LT_AN RICE CRACKER SEAWEED 111.3G_T123_2,0.281171
CG_LT,123,,MM DA NANG,MM AN PHU,AN RICE CRACKER SEAWEED 111.3G,1,0.6,0.562342,1.130294,LT_AN RICE CRACKER SEAWEED 111.3G_T123_2,0.281171
CG_LT,123,,MM BIEN HOA,MM AN PHU,AN RICE CRACKER SEAWEED 111.3G,7,0.6,2.0,6.286782,LT_AN RICE CRACKER SEAWEED 111.3G_T123_4,1.0
CG_LT,123,,MM BINH PHU,MM AN PHU,AN RICE CRACKER SEAWEED 111.3G,9,0.6,2.0,7.18732,LT_AN RICE CRACKER SEAWEED 111.3G_T123_4,1.0
CG_LT,123,,MM DA NANG,MM AN PHU,AN RICE CRACKER SEAWEED 111.3G,2,0.6,2.0,2.954037,LT_AN RICE CRACKER SEAWEED 111.3G_T123_4,1.0
CG_LT,123,,MM HIEP PHU,MM AN PHU,AN RICE CRACKER SEAWEED 111.3G,10,0.6,2.0,7.877703,LT_AN RICE CRACKER SEAWEED 111.3G_T123_4,1.0
CG_LT,124,,MM BIEN HOA,MM AN PHU,AN RICE CRACKER SEAWEED 111.3G,0,0.6,0.176389,0.432101,LT_AN RICE CRACKER SEAWEED 111.3G_T124_1,0.088195
CG_LT,124,,MM BINH PHU,MM AN PHU,AN RICE CRACKER SEAWEED 111.3G,1,0.6,0.176389,0.588163,LT_AN RICE CRACKER SEAWEED 111.3G_T124_1,0.088195
CG_LT,124,,MM DA NANG,MM AN PHU,AN RICE CRACKER SEAWEED 111.3G,0,0.6,0.176389,0.455007,LT_AN RICE CRACKER SEAWEED 111.3G_T124_1,0.088195
CG_LT,124,,MM HIEP PHU,MM AN PHU,AN RICE CRACKER SEAWEED 111.3G,1,0.6,0.176389,0.52246,LT_AN RICE CRACKER SEAWEED 111.3G_T124_1,0.088195
CG_LT,124,,MM BIEN HOA,MM AN PHU,AN RICE CRACKER SEAWEED 111.3G,5,0.6,2.0,5.230539,LT_AN RICE CRACKER SEAWEED 111.3G_T124_2,1.0
CG_LT,124,,MM BINH PHU,MM AN PHU,AN RICE CRACKER SEAWEED 111.3G,7,0.6,2.0,6.238519,LT_AN RICE CRACKER SEAWEED 111.3G_T124_2,1.0
CG_LT,124,,MM HIEP PHU,MM AN PHU,AN RICE CRACKER SEAWEED 111.3G,7,0.6,2.0,6.312595,LT_AN RICE CRACKER SEAWEED 111.3G_T124_3,1.0
CG_LT,124,,MM DA NANG,MM AN PHU,AN RICE CRACKER SEAWEED 111.3G,7,0.6,2.0,6.326172,LT_AN RICE CRACKER SEAWEED 111.3G_T124_5,1.0
CG_LT,125,,MM BINH PHU,MM AN PHU,AN RICE CRACKER SEAWEED 111.3G,4,0.6,2.0,4.564866,LT_AN RICE CRACKER SEAWEED 111.3G_T125_3,1.0
CG_LT,125,,MM DA NANG,MM AN PHU,AN RICE CRACKER SEAWEED 111.3G,7,0.6,2.0,6.283029,LT_AN RICE CRACKER SEAWEED 111.3G_T125_5,1.0
CG_LT,125,,MM HIEP PHU,MM BIEN HOA,AN RICE CRACKER SEAWEED 111.3G,9,0.6,2.0,7.365705,LT_AN RICE CRACKER SEAWEED 111.3G_T125_5,1.0
CG_LT,129,,MM BIEN HOA,MM AN PHU,AN RICE CRACKER SEAWEED 111.3G,1,0.6,0.619432,1.227591,LT_AN RICE CRACKER SEAWEED 111.3G_T129_2,0.309716
CG_LT,129,,MM BINH PHU,MM AN PHU,AN RICE CRACKER SEAWEED 111.3G,2,0.6,0.619432,1.946183,LT_AN RICE CRACKER SEAWEED 111.3G_T129_2,0.309716
CG_LT,129,,MM DA NANG,MM AN PHU,AN RICE CRACKER SEAWEED 111.3G,1,0.6,0.619432,1.437104,LT_AN RICE CRACKER SEAWEED 111.3G_T129_2,0.309716
CG_LT,129,,MM HIEP PHU,MM AN PHU,AN RICE CRACKER SEAWEED 111.3G,2,0.6,0.619432,1.666894,LT_AN RICE CRACKER SEAWEED 111.3G_T129_2,0.309716
CG_LT,129,,MM BIEN HOA,MM AN PHU,AN RICE CRACKER SEAWEED 111.3G,10,0.6,2.0,7.861036,LT_AN RICE CRACKER SEAWEED 111.3G_T129_3,1.0
CG_LT,129,,MM BINH PHU,MM AN PHU,AN RICE CRACKER SEAWEED 111.3G,6,0.6,2.0,5.539651,LT_AN RICE CRACKER SEAWEED 111.3G_T129_3,1.0
CG_LT,129,,MM DA NANG,MM AN PHU,AN RICE CRACKER SEAWEED 111.3G,6,0.6,2.0,5.887223,LT_AN RICE CRACKER SEAWEED 111.3G_T129_3,1.0
CG_LT,129,,MM BIEN HOA,MM AN PHU,AN RICE CRACKER SEAWEED 111.3G,6,0.6,2.0,5.718558,LT_AN RICE CRACKER SEAWEED 111.3G_T129_5,1.0
CG_LT,129,,MM BINH PHU,MM AN PHU,AN RICE CRACKER SEAWEED 111.3G,9,0.6,2.0,7.312091,LT_AN RICE CRACKER SEAWEED 111.3G_T129_5,1.0
CG_LT,129,,MM DA NANG,MM AN PHU,AN RICE CRACKER SEAWEED 111.3G,4,0.6,2.0,4.620287,LT_AN RICE CRACKER SEAWEED 111.3G_T129_5,1.0
CG_LT,129,,MM HIEP PHU,MM AN PHU,AN RICE CRACKER SEAWEED 111.3G,5,0.6,2.0,5.244218,LT_AN RICE CRACKER SEAWEED 111.3G_T129_5,1.0
CG_LT,12,,MM BIEN HOA,MM DA NANG,AN RICE CRACKER SEAWEED 111.3G,4,0.6,2.0,4.234865,LT_AN RICE CRACKER SEAWEED 111.3G_T12_1,1.0
CG_LT,12,,MM HIEP PHU,MM AN PHU,AN RICE CRACKER SEAWEED 111.3G,9,0.6,2.0,7.274636,LT_AN RICE CRACKER SEAWEED 111.3G_T12_1,1.0
CG_LT,12,,MM HIEP PHU,MM DA NANG,AN RICE CRACKER SEAWEED 111.3G,5,0.6,2.0,4.990647,LT_AN RICE CRACKER SEAWEED 111.3G_T12_2,1.0
CG_LT,12,,MM BIEN HOA,MM BINH PHU,AN RICE CRACKER SEAWEED 111.3G,5,0.6,1.786644,5.072318,LT_AN RICE CRACKER SEAWEED 111.3G_T12_3,0.893322
CG_LT,12,,MM BIEN HOA,MM DA NANG,AN RICE CRACKER SEAWEED 111.3G,4,0.6,1.786644,4.283148,LT_AN RICE CRACKER SEAWEED 111.3G_T12_3,0.893322
CG_LT,12,,MM HIEP PHU,MM BINH PHU,AN RICE CRACKER SEAWEED 111.3G,7,0.6,1.786644,6.14087,LT_AN RICE CRACKER SEAWEED 111.3G_T12_3,0.893322
CG_LT,12,,MM HIEP PHU,MM DA NANG,AN RICE CRACKER SEAWEED 111.3G,2,0.6,1.786644,2.857843,LT_AN RICE CRACKER SEAWEED 111.3G_T12_3,0.893322
CG_LT,12,,MM BIEN HOA,MM AN PHU,AN RICE CRACKER SEAWEED 111.3G,2,0.6,1.475585,2.693005,LT_AN RICE CRACKER SEAWEED 111.3G_T12_4,0.737793
CG_LT,12,,MM HIEP PHU,MM BINH PHU,AN RICE CRACKER SEAWEED 111.3G,2,0.6,1.475585,2.761412,LT_AN RICE CRACKER SEAWEED 111.3G_T12_4,0.737793
CG_LT,12,,MM BIEN HOA,MM BINH PHU,AN RICE CRACKER SEAWEED 111.3G,7,0.6,2.0,6.143553,LT_AN RICE CRACKER SEAWEED 111.3G_T12_5,1.0
CG_LT,12,,MM BIEN HOA,MM DA NANG,AN RICE CRACKER SEAWEED 111.3G,1,0.6,2.0,2.659163,LT_AN RICE CRACKER SEAWEED 111.3G_T12_5,1.0
CG_LT,12,,MM HIEP PHU,MM AN PHU,AN RICE CRACKER SEAWEED 111.3G,6,0.6,2.0,5.553409,LT_AN RICE CRACKER SEAWEED 111.3G_T12_5,1.0
CG_LT,12,,MM HIEP PHU,MM DA NANG,AN RICE CRACKER SEAWEED 111.3G,9,0.6,2.0,7.606546,LT_AN RICE CRACKER SEAWEED 111.3G_T12_5,1.0
CG_LT,131,,MM BINH PHU,MM AN PHU,AN RICE CRACKER SEAWEED 111.3G,7,0.6,2.0,5.950706,LT_AN RICE CRACKER SEAWEED 111.3G_T131_1,1.0
CG_LT,131,,MM HIEP PHU,MM AN PHU,AN RICE CRACKER SEAWEED 111.3G,9,0.6,2.0,7.655189,LT_AN RICE CRACKER SEAWEED 111.3G_T131_1,1.0
CG_LT,131,,MM BINH PHU,MM AN PHU,AN RICE CRACKER SEAWEED 111.3G,9,0.6,2.0,7.673303,LT_AN RICE CRACKER SEAWEED 111.3G_T131_3,1.0
CG_LT,131,,MM DA NANG,MM AN PHU,AN RICE CRACKER SEAWEED 111.3G,7,0.6,2.0,6.455926,LT_AN RICE CRACKER SEAWEED 111.3G_T131_3,1.0
CG_LT,131,,MM HIEP PHU,MM AN PHU,AN RICE CRACKER SEAWEED 111.3G,5,0.6,2.0,4.720942,LT_AN RICE CRACKER SEAWEED 111.3G_T131_3,1.0
CG_LT,131,,MM BIEN HOA,MM AN PHU,AN RICE CRACKER SEAWEED 111.3G,9,0.6,1.861609,7.090307,LT_AN RICE CRACKER SEAWEED 111.3G_T131_4,0.930804
CG_LT,131,,MM DA NANG,MM AN PHU,AN RICE CRACKER SEAWEED 111.3G,8,0.6,1.861609,6.701159,LT_AN RICE CRACKER SEAWEED 111.3G_T131_4,0.930804
CG_LT,131,,MM HIEP PHU,MM AN PHU,AN RICE CRACKER SEAWEED 111.3G,3,0.6,1.861609,3.570894,LT_AN RICE CRACKER SEAWEED 111.3G_T131_4,0.930804
CG_LT,139,,MM BINH PHU,MM AN PHU,AN RICE CRACKER SEAWEED 111.3G,6,0.6,1.200074,4.632231,LT_AN RICE CRACKER SEAWEED 111.3G_T139_1,0.600037
CG_LT,139,,MM DA NANG,MM AN PHU,AN RICE CRACKER SEAWEED 111.3G,2,0.6,1.200074,2.244102,LT_AN RICE CRACKER SEAWEED 111.3G_T139_1,0.600037
CG_LT,139,,MM HIEP PHU,MM AN PHU,AN RICE CRACKER SEAWEED 111.3G,3,0.6,1.200074,3.202967,LT_AN RICE CRACKER SEAWEED 111.3G_T139_1,0.600037
CG_LT,139,,MM DA NANG,MM AN PHU,AN RICE CRACKER SEAWEED 111.3G,9,0.6,2.0,7.506901,LT_AN RICE CRACKER SEAWEED 111.3G_T139_3,1.0
CG_LT,139,,MM HIEP PHU,MM AN PHU,AN RICE CRACKER SEAWEED 111.3G,9,0.6,2.0,7.329742,LT_AN RICE CRACKER SEAWEED 111.3G_T139_3,1.0
CG_LT,139,,MM BINH PHU,MM AN PHU,AN RICE CRACKER SEAWEED 111.3G,6,0.6,2.0,5.722994,LT_AN RICE CRACKER SEAWEED 111.3G_T139_4,1.0
CG_LT,139,,MM HIEP PHU,MM AN PHU,AN RICE CRACKER SEAWEED 111.3G,10,0.6,2.0,7.782785,LT_AN RICE CRACKER SEAWEED 111.3G_T139_4,1.0
CG_LT,13,,MM HIEP PHU,MM DA NANG,AN RICE CRACKER SEAWEED 111.3G,4,0.6,1.484724,3.968674,LT_AN RICE CRACKER SEAWEED 111.3G_T13_5,0.742362
CG_LT,142,,MM BIEN HOA,MM BINH PHU,AN RICE CRACKER SEAWEED 111.3G,8,0.6,1.678159,6.597829,LT_AN RICE CRACKER SEAWEED 111.3G_T142_4,0.83908
CG_LT,142,,MM HIEP PHU,MM BINH PHU,AN RICE CRACKER SEAWEED 111.3G,1,0.6,1.678159,2.460277,LT_AN RICE CRACKER SEAWEED 111.3G_T142_4,0.83908
CG_LT,143,,MM DA NANG,MM BIEN HOA,AN RICE CRACKER SEAWEED 111.3G,3,0.6,2.0,3.655686,LT_AN RICE CRACKER SEAWEED 111.3G_T143_1,1.0
CG_LT,143,,MM HIEP PHU,MM BIEN HOA,AN RICE CRACKER SEAWEED 111.3G,9,0.6,2.0,7.200191,LT_AN RICE CRACKER SEAWEED 111.3G_T143_1,1.0
CG_LT,143,,MM HIEP PHU,MM BINH PHU,AN RICE CRACKER SEAWEED 111.3G,3,0.6,2.0,3.85202,LT_AN RICE CRACKER SEAWEED 111.3G_T143_1,1.0
CG_LT,143,,MM DA NANG,MM BINH PHU,AN RICE CRACKER SEAWEED 111.3G,10,0.6,2.0,7.987915,LT_AN RICE CRACKER SEAWEED 111.3G_T143_2,1.0
CG_LT,143,,MM HIEP PHU,MM BINH PHU,AN RICE CRACKER SEAWEED 111.3G,7,0.6,2.0,6.055865,LT_AN RICE CRACKER SEAWEED 111.3G_T143_2,1.0
CG_LT,143,,MM DA NANG,MM BIEN HOA,AN RICE CRACKER SEAWEED 111.3G,5,0.6,2.0,4.786964,LT_AN RICE CRACKER SEAWEED 111.3G_T143_3,1.0
CG_LT,143,,MM DA NANG,MM BINH PHU,AN RICE CRACKER SEAWEED 111.3G,2,0.6,2.0,3.186581,LT_AN RICE CRACKER SEAWEED 111.3G_T143_3,1.0
CG_LT,143,,MM HIEP PHU,MM BIEN HOA,AN RICE CRACKER SEAWEED 111.3G,7,0.6,2.0,6.35811,LT_AN RICE CRACKER SEAWEED 111.3G_T143_3,1.0
CG_LT,143,,MM HIEP PHU,MM BINH PHU,AN RICE CRACKER SEAWEED 111.3G,9,0.6,2.0,7.229769,LT_AN RICE CRACKER SEAWEED 111.3G_T143_3,1.0
CG_LT,144,,MM BIEN HOA,MM BINH PHU,AN RICE CRACKER SEAWEED 111.3G,5,0.6,1.931255,4.797473,LT_AN RICE CRACKER SEAWEED 111.3G_T144_1,0.965627
CG_LT,144,,MM DA NANG,MM AN PHU,AN RICE CRACKER SEAWEED 111.3G,7,0.6,1.931255,5.906039,LT_AN RICE CRACKER SEAWEED 111.3G_T144_1,0.965627
CG_LT,144,,MM HIEP PHU,MM AN PHU,AN RICE CRACKER SEAWEED 111.3G,6,0.6,1.931255,5.505088,LT_AN RICE CRACKER SEAWEED 111.3G_T144_1,0.965627
CG_LT,144,,MM HIEP PHU,MM BINH PHU,AN RICE CRACKER SEAWEED 111.3G,3,0.6,1.931255,3.445308,LT_AN RICE CRACKER SEAWEED 111.3G_T144_1,0.965627
CG_LT,144,,MM HIEP PHU,MM AN PHU,AN RICE CRACKER SEAWEED 111.3G,6,0.6,2.0,5.534832,LT_AN RICE CRACKER SEAWEED 111.3G_T144_4,1.0
CG_LT,144,,MM HIEP PHU,MM BINH PHU,AN RICE CRACKER SEAWEED 111.3G,9,0.6,2.0,7.615989,LT_AN RICE CRACKER SEAWEED 111.3G_T144_4,1.0
CG_LT,144,,MM DA NANG,MM AN PHU,AN RICE CRACKER SEAWEED 111.3G,9,0.6,2.0,7.277723,LT_AN RICE CRACKER SEAWEED 111.3G_T144_5,1.0
CG_LT,144,,MM HIEP PHU,MM BINH PHU,AN RICE CRACKER SEAWEED 111.3G,8,0.6,2.0,6.973108,LT_AN RICE CRACKER SEAWEED 111.3G_T144_5,1.0
CG_LT,145,,MM BIEN HOA,MM BINH PHU,AN RICE CRACKER SEAWEED 111.3G,0,0.6,0.159345,0.454828,LT_AN RICE CRACKER SEAWEED 111.3G_T145_1,0.079672
CG_LT,145,,MM DA NANG,MM AN PHU,AN RICE CRACKER SEAWEED 111.3G,1,0.6,0.159345,0.626199,LT_AN RICE CRACKER SEAWEED 111.3G_T145_1,0.079672
CG_LT,145,,MM HIEP PHU,MM AN PHU,AN RICE CRACKER SEAWEED 111.3G,0,0.6,0.159345,0.438854,LT_AN RICE CRACKER SEAWEED 111.3G_T145_1,0.079672
CG_LT,145,,MM HIEP PHU,MM BINH PHU,AN RICE CRACKER SEAWEED 111.3G,1,0.6,0.159345,0.558376,LT_AN RICE CRACKER SEAWEED 111.3G_T145_1,0.079672
CG_LT,145,,MM BIEN HOA,MM AN PHU,AN RICE CRACKER SEAWEED 111.3G,1,0.6,2.0,2.70557,LT_AN RICE CRACKER SEAWEED 111.3G_T145_2,1.0
CG_LT,145,,MM DA NANG,MM AN PHU,AN RICE CRACKER SEAWEED 111.3G,7,0.6,2.0,6.175226,LT_AN RICE CRACKER SEAWEED 111.3G_T145_2,1.0
CG_LT,145,,MM HIEP PHU,MM BINH PHU,AN RICE CRACKER SEAWEED 111.3G,7,0.6,2.0,6.280253,LT_AN RICE CRACKER SEAWEED 111.3G_T145_2,1.0
CG_LT,145,,MM BIEN HOA,MM AN PHU,AN RICE CRACKER SEAWEED 111.3G,4,0.6,2.0,4.555102,LT_AN RICE CRACKER SEAWEED 111.3G_T145_3,1.0
CG_LT,145,,MM BIEN HOA,MM BINH PHU,AN RICE CRACKER SEAWEED 111.3G,3,0.6,2.0,3.906245,LT_AN RICE CRACKER SEAWEED 111.3G_T145_3,1.0
CG_LT,145,,MM HIEP PHU,MM BINH PHU,AN RICE CRACKER SEAWEED 111.3G,8,0.6,2.0,7.059193,LT_AN RICE CRACKER SEAWEED 111.3G_T145_3,1.0
CG_LT,14,,MM HIEP PHU,MM DA NANG,AN RICE CRACKER SEAWEED 111.3G,3,0.6,0.759225,2.586967,LT_AN RICE CRACKER SEAWEED 111.3G_T14_1,0.379613
CG_LT,14,,MM HIEP PHU,MM AN PHU,AN RICE CRACKER SEAWEED 111.3G,9,0.6,2.0,7.197329,LT_AN RICE CRACKER SEAWEED 111.3G_T14_2,1.0
CG_LT,14,,MM HIEP PHU,MM BIEN HOA,AN RICE CRACKER SEAWEED 111.3G,1,0.6,2.0,2.628703,LT_AN RICE CRACKER SEAWEED 111.3G_T14_2,1.0
CG_LT,14,,MM HIEP PHU,MM BINH PHU,AN RICE CRACKER SEAWEED 111.3G,2,0.6,2.0,3.281194,LT_AN RICE CRACKER SEAWEED 111.3G_T14_2,1.0
CG_LT,14,,MM HIEP PHU,MM DA NANG,AN RICE CRACKER SEAWEED 111.3G,5,0.6,2.0,5.165886,LT_AN RICE CRACKER SEAWEED 111.3G_T14_2,1.0
CG_LT,14,,MM HIEP PHU,MM AN PHU,AN RICE CRACKER SEAWEED 111.3G,2,0.6,2.0,3.39061,LT_AN RICE CRACKER SEAWEED 111.3G_T14_3,1.0
CG_LT,150,,MM BIEN HOA,MM AN PHU,AN RICE CRACKER SEAWEED 111.3G,1,0.6,2.0,2.817137,LT_AN RICE CRACKER SEAWEED 111.3G_T150_1,1.0
CG_LT,150,,MM HIEP PHU,MM BINH PHU,AN RICE CRACKER SEAWEED 111.3G,6,0.6,2.0,5.825414,LT_AN RICE CRACKER SEAWEED 111.3G_T150_1,1.0
CG_LT,150,,MM BIEN HOA,MM BINH PHU,AN RICE CRACKER SEAWEED 111.3G,1,0.6,1.585984,2.100094,LT_AN RICE CRACKER SEAWEED 111.3G_T150_3,0.792992
CG_LT,150,,MM BIEN HOA,MM DA NANG,AN RICE CRACKER SEAWEED 111.3G,4,0.6,1.585984,3.917138,LT_AN RICE CRACKER SEAWEED 111.3G_T150_3,0.792992
CG_LT,150,,MM HIEP PHU,MM BINH PHU,AN RICE CRACKER SEAWEED 111.3G,7,0.6,1.585984,5.649072,LT_AN RICE CRACKER SEAWEED 111.3G_T150_3,0.792992
CG_LT,150,,MM HIEP PHU,MM DA NANG,AN RICE CRACKER SEAWEED 111.3G,3,0.6,1.585984,3.353783,LT_AN RICE CRACKER SEAWEED 111.3G_T150_3,0.792992
CG_LT,150,,MM HIEP PHU,MM BINH PHU,AN RICE CRACKER SEAWEED 111.3G,7,0.6,2.0,6.450804,LT_AN RICE CRACKER SEAWEED 111.3G_T150_5,1.0
CG_LT,153,,MM DA NANG,MM AN PHU,AN RICE CRACKER SEAWEED 111.3G,9,0.6,2.0,7.636792,LT_AN RICE CRACKER SEAWEED 111.3G_T153_1,1.0
CG_LT,153,,MM DA NANG,MM BINH PHU,AN RICE CRACKER SEAWEED 111.3G,4,0.6,2.0,4.177426,LT_AN RICE CRACKER SEAWEED 111.3G_T153_1,1.0
CG_LT,153,,MM HIEP PHU,MM AN PHU,AN RICE CRACKER SEAWEED 111.3G,7,0.6,2.0,5.969471,LT_AN RICE CRACKER SEAWEED 111.3G_T153_1,1.0
CG_LT,153,,MM DA NANG,MM AN PHU,AN RICE CRACKER SEAWEED 111.3G,1,0.6,0.915672,1.516797,LT_AN RICE CRACKER SEAWEED 111.3G_T153_5,0.457836
CG_LT,153,,MM DA NANG,MM BINH PHU,AN RICE CRACKER SEAWEED 111.3G,1,0.6,0.915672,1.382516,LT_AN RICE CRACKER SEAWEED 111.3G_T153_5,0.457836
CG_LT,153,,MM HIEP PHU,MM AN PHU,AN RICE CRACKER SEAWEED 111.3G,3,0.6,0.915672,2.892343,LT_AN RICE CRACKER SEAWEED 111.3G_T153_5,0.457836
CG_LT,153,,MM HIEP PHU,MM BINH PHU,AN RICE CRACKER SEAWEED 111.3G,2,0.6,0.915672,1.871402,LT_AN RICE CRACKER SEAWEED 111.3G_T153_5,0.457836
CG_LT,15,,MM HIEP PHU,MM BINH PHU,AN RICE CRACKER SEAWEED 111.3G,7,0.6,2.0,6.246499,LT_AN RICE CRACKER SEAWEED 111.3G_T15_1,1.0
CG_LT,15,,MM HIEP PHU,MM AN PHU,AN RICE CRACKER SEAWEED 111.3G,2,0.6,2.0,2.912958,LT_AN RICE CRACKER SEAWEED 111.3G_T15_2,1.0
CG_LT,15,,MM HIEP PHU,MM BINH PHU,AN RICE CRACKER SEAWEED 111.3G,8,0.6,2.0,6.849219,LT_AN RICE CRACKER SEAWEED 111.3G_T15_2,1.0
CG_LT,15,,MM HIEP PHU,MM DA NANG,AN RICE CRACKER SEAWEED 111.3G,8,0.6,2.0,6.999122,LT_AN RICE CRACKER SEAWEED 111.3G_T15_2,1.0
CG_LT,15,,MM HIEP PHU,MM AN PHU,AN RICE CRACKER SEAWEED 111.3G,6,0.6,2.0,5.609612,LT_AN RICE CRACKER SEAWEED 111.3G_T15_3,1.0
CG_LT,15,,MM HIEP PHU,MM BIEN HOA,AN RICE CRACKER SEAWEED 111.3G,1,0.6,2.0,2.604344,LT_AN RICE CRACKER SEAWEED 111.3G_T15_3,1.0
CG_LT,15,,MM HIEP PHU,MM DA NANG,AN RICE CRACKER SEAWEED 111.3G,3,0.6,2.0,3.866155,LT_AN RICE CRACKER SEAWEED 111.3G_T15_3,1.0
CG_LT,15,,MM HIEP PHU,MM AN PHU,AN RICE CRACKER SEAWEED 111.3G,9,0.6,2.0,7.334778,LT_AN RICE CRACKER SEAWEED 111.3G_T15_4,1.0
CG_LT,15,,MM HIEP PHU,MM BINH PHU,AN RICE CRACKER SEAWEED 111.3G,9,0.6,2.0,7.171117,LT_AN RICE CRACKER SEAWEED 111.3G_T15_4,1.0
CG_LT,15,,MM HIEP PHU,MM DA NANG,AN RICE CRACKER SEAWEED 111.3G,7,0.6,2.0,5.980879,LT_AN RICE CRACKER SEAWEED 111.3G_T15_4,1.0
CG_LT,15,,MM HIEP PHU,MM DA NANG,AN RICE CRACKER SEAWEED 111.3G,8,0.6,2.0,6.92255,LT_AN RICE CRACKER SEAWEED 111.3G_T15_5,1.0
CG_LT,16,,MM HIEP PHU,MM BIEN HOA,AN RICE CRACKER SEAWEED 111.3G,1,0.6,2.0,2.6,LT_AN RICE CRACKER SEAWEED 111.3G_T16_2,1.0
CG_LT,16,,MM HIEP PHU,MM DA NANG,AN RICE CRACKER SEAWEED 111.3G,4,0.6,2.0,4.534643,LT_AN RICE CRACKER SEAWEED 111.3G_T16_2,1.0
CG_LT,16,,MM BIEN HOA,MM DA NANG,AN RICE CRACKER SEAWEED 111.3G,5,0.6,1.150484,4.294169,LT_AN RICE CRACKER SEAWEED 111.3G_T16_3,0.575242
CG_LT,16,,MM HIEP PHU,MM AN PHU,AN RICE CRACKER SEAWEED 111.3G,4,0.6,1.150484,3.759258,LT_AN RICE CRACKER SEAWEED 111.3G_T16_3,0.575242
CG_LT,16,,MM HIEP PHU,MM BIEN HOA,AN RICE CRACKER SEAWEED 111.3G,1,0.6,1.150484,1.495629,LT_AN RICE CRACKER SEAWEED 111.3G_T16_3,0.575242
CG_LT,16,,MM BIEN HOA,MM AN PHU,AN RICE CRACKER SEAWEED 111.3G,7,0.6,2.0,5.953823,LT_AN RICE CRACKER SEAWEED 111.3G_T16_5,1.0
CG_LT,16,,MM BIEN HOA,MM DA NANG,AN RICE CRACKER SEAWEED 111.3G,2,0.6,2.0,3.302492,LT_AN RICE CRACKER SEAWEED 111.3G_T16_5,1.0
CG_LT,16,,MM HIEP PHU,MM DA NANG,AN RICE CRACKER SEAWEED 111.3G,5,0.6,2.0,4.818037,LT_AN RICE CRACKER SEAWEED 111.3G_T16_5,1.0
CG_LT,18,,MM HIEP PHU,MM AN PHU,AN RICE CRACKER SEAWEED 111.3G,1,0.6,1.618587,2.38787,LT_AN RICE CRACKER SEAWEED 111.3G_T18_1,0.809294
CG_LT,18,,MM HIEP PHU,MM BIEN HOA,AN RICE CRACKER SEAWEED 111.3G,1,0.6,1.618587,2.208294,LT_AN RICE CRACKER SEAWEED 111.3G_T18_1,0.809294
CG_LT,18,,MM HIEP PHU,MM BINH PHU,AN RICE CRACKER SEAWEED 111.3G,7,0.6,1.618587,5.562002,LT_AN RICE CRACKER SEAWEED 111.3G_T18_1,0.809294
CG_LT,18,,MM HIEP PHU,MM DA NANG,AN RICE CRACKER SEAWEED 111.3G,7,0.6,1.618587,5.722973,LT_AN RICE CRACKER SEAWEED 111.3G_T18_1,0.809294
CG_LT,18,,MM HIEP PHU,MM BIEN HOA,AN RICE CRACKER SEAWEED 111.3G,5,0.6,2.0,4.90567,LT_AN RICE CRACKER SEAWEED 111.3G_T18_3,1.0
CG_LT,18,,MM HIEP PHU,MM BINH PHU,AN RICE CRACKER SEAWEED 111.3G,10,0.6,2.0,7.790336,LT_AN RICE CRACKER SEAWEED 111.3G_T18_3,1.0
CG_LT,18,,MM HIEP PHU,MM DA NANG,AN RICE CRACKER SEAWEED 111.3G,4,0.6,2.0,4.138379,LT_AN RICE CRACKER SEAWEED 111.3G_T18_3,1.0
CG_LT,18,,MM HIEP PHU,MM BIEN HOA,AN RICE CRACKER SEAWEED 111.3G,5,0.6,1.176674,4.281298,LT_AN RICE CRACKER SEAWEED 111.3G_T18_4,0.588337
CG_LT,19,,MM HIEP PHU,MM AN PHU,AN RICE CRACKER SEAWEED 111.3G,2,0.6,2.0,3.002872,LT_AN RICE CRACKER SEAWEED 111.3G_T19_1,1.0
CG_LT,19,,MM HIEP PHU,MM BINH PHU,AN RICE CRACKER SEAWEED 111.3G,8,0.6,2.0,7.087042,LT_AN RICE CRACKER SEAWEED 111.3G_T19_1,1.0
CG_LT,19,,MM HIEP PHU,MM DA NANG,AN RICE CRACKER SEAWEED 111.3G,3,0.6,2.0,3.767411,LT_AN RICE CRACKER SEAWEED 111.3G_T19_1,1.0
CG_LT,19,,MM HIEP PHU,MM DA NANG,AN RICE CRACKER SEAWEED 111.3G,3,0.6,2.0,3.724457,LT_AN RICE CRACKER SEAWEED 111.3G_T19_2,1.0
CG_LT,19,,MM HIEP PHU,MM BINH PHU,AN RICE CRACKER SEAWEED 111.3G,9,0.6,2.0,7.122231,LT_AN RICE CRACKER SEAWEED 111.3G_T19_3,1.0
CG_LT,19,,MM HIEP PHU,MM AN PHU,AN RICE CRACKER SEAWEED 111.3G,7,0.6,2.0,6.071779,LT_AN RICE CRACKER SEAWEED 111.3G_T19_4,1.0
CG_LT,19,,MM HIEP PHU,MM BIEN HOA,AN RICE CRACKER SEAWEED 111.3G,3,0.6,2.0,3.602371,LT_AN RICE CRACKER SEAWEED 111.3G_T19_4,1.0
CG_LT,19,,MM HIEP PHU,MM BINH PHU,AN RICE CRACKER SEAWEED 111.3G,7,0.6,2.0,6.174304,LT_AN RICE CRACKER SEAWEED 111.3G_T19_4,1.0
CG_LT,19,,MM HIEP PHU,MM AN PHU,AN RICE CRACKER SEAWEED 111.3G,1,0.6,2.0,2.834928,LT_AN RICE CRACKER SEAWEED 111.3G_T19_5,1.0
CG_LT,20,,MM HIEP PHU,MM AN PHU,AN RICE CRACKER SEAWEED 111.3G,5,0.6,2.0,4.872329,LT_AN RICE CRACKER SEAWEED 111.3G_T20_1,1.0
CG_LT,20,,MM HIEP PHU,MM BINH PHU,AN RICE CRACKER SEAWEED 111.3G,2,0.6,2.0,3.393371,LT_AN RICE CRACKER SEAWEED 111.3G_T20_1,1.0
CG_LT,20,,MM HIEP PHU,MM DA NANG,AN RICE CRACKER SEAWEED 111.3G,4,0.6,2.0,4.569871,LT_AN RICE CRACKER SEAWEED 111.3G_T20_1,1.0
CG_LT,20,,MM HIEP PHU,MM AN PHU,AN RICE CRACKER SEAWEED 111.3G,9,0.6,2.0,7.407517,LT_AN RICE CRACKER SEAWEED 111.3G_T20_2,1.0
CG_LT,20,,MM HIEP PHU,MM AN PHU,AN RICE CRACKER SEAWEED 111.3G,3,0.6,2.0,3.929972,LT_AN RICE CRACKER SEAWEED 111.3G_T20_3,1.0
CG_LT,20,,MM HIEP PHU,MM BIEN HOA,AN RICE CRACKER SEAWEED 111.3G,3,0.6,2.0,3.762339,LT_AN RICE CRACKER SEAWEED 111.3G_T20_3,1.0
CG_LT,20,,MM HIEP PHU,MM BINH PHU,AN RICE CRACKER SEAWEED 111.3G,4,0.6,2.0,4.26162,LT_AN RICE CRACKER SEAWEED 111.3G_T20_3,1.0
CG_LT,20,,MM HIEP PHU,MM DA NANG,AN RICE CRACKER SEAWEED 111.3G,8,0.6,2.0,6.912151,LT_AN RICE CRACKER SEAWEED 111.3G_T20_3,1.0
CG_LT,20,,MM HIEP PHU,MM AN PHU,AN RICE CRACKER SEAWEED 111.3G,9,0.6,2.0,7.100886,LT_AN RICE CRACKER SEAWEED 111.3G_T20_4,1.0
CG_LT,20,,MM HIEP PHU,MM BIEN HOA,AN RICE CRACKER SEAWEED 111.3G,3,0.6,2.0,3.574957,LT_AN RICE CRACKER SEAWEED 111.3G_T20_4,1.0
CG_LT,20,,MM HIEP PHU,MM BINH PHU,AN RICE CRACKER SEAWEED 111.3G,3,0.6,2.0,3.725802,LT_AN RICE CRACKER SEAWEED 111.3G_T20_4,1.0
CG_LT,20,,MM HIEP PHU,MM DA NANG,AN RICE CRACKER SEAWEED 111.3G,8,0.6,2.0,6.59675,LT_AN RICE CRACKER SEAWEED 111.3G_T20_4,1.0
CG_LT,22,,MM HIEP PHU,MM DA NANG,AN RICE CRACKER SEAWEED 111.3G,7,0.6,2.0,6.044494,LT_AN RICE CRACKER SEAWEED 111.3G_T22_3,1.0
CG_LT,22,,MM BIEN HOA,MM AN PHU,AN RICE CRACKER SEAWEED 111.3G,6,0.6,1.593161,5.209037,LT_AN RICE CRACKER SEAWEED 111.3G_T22_5,0.79658
CG_LT,22,,MM BIEN HOA,MM DA NANG,AN RICE CRACKER SEAWEED 111.3G,7,0.6,1.593161,5.607732,LT_AN RICE CRACKER SEAWEED 111.3G_T22_5,0.79658
CG_LT,22,,MM BINH PHU,MM AN PHU,AN RICE CRACKER SEAWEED 111.3G,6,0.6,1.593161,5.061483,LT_AN RICE CRACKER SEAWEED 111.3G_T22_5,0.79658
CG_LT,22,,MM HIEP PHU,MM DA NANG,AN RICE CRACKER SEAWEED 111.3G,6,0.6,1.593161,4.934096,LT_AN RICE CRACKER SEAWEED 111.3G_T22_5,0.79658
CG_LT,23,,MM BINH PHU,MM DA NANG,AN RICE CRACKER SEAWEED 111.3G,8,0.6,2.0,6.945649,LT_AN RICE CRACKER SEAWEED 111.3G_T23_1,1.0
CG_LT,23,,MM HIEP PHU,MM DA NANG,AN RICE CRACKER SEAWEED 111.3G,8,0.6,2.0,7.004747,LT_AN RICE CRACKER SEAWEED 111.3G_T23_1,1.0
CG_LT,23,,MM BIEN HOA,MM AN PHU,AN RICE CRACKER SEAWEED 111.3G,0,0.6,0.214034,0.425081,LT_AN RICE CRACKER SEAWEED 111.3G_T23_2,0.107017
CG_LT,23,,MM BIEN HOA,MM DA NANG,AN RICE CRACKER SEAWEED 111.3G,0,0.6,0.214034,0.447839,LT_AN RICE CRACKER SEAWEED 111.3G_T23_2,0.107017
CG_LT,23,,MM BINH PHU,MM DA NANG,AN RICE CRACKER SEAWEED 111.3G,1,0.6,0.214034,0.829832,LT_AN RICE CRACKER SEAWEED 111.3G_T23_2,0.107017
CG_LT,24,,MM BINH PHU,MM DA NANG,AN RICE CRACKER SEAWEED 111.3G,2,0.6,0.853298,1.769985,LT_AN RICE CRACKER SEAWEED 111.3G_T24_2,0.426649
CG_LT,24,,MM HIEP PHU,MM AN PHU,AN RICE CRACKER SEAWEED 111.3G,4,0.6,0.853298,3.290375,LT_AN RICE CRACKER SEAWEED 111.3G_T24_2,0.426649
CG_LT,24,,MM HIEP PHU,MM BIEN HOA,AN RICE CRACKER SEAWEED 111.3G,1,0.6,0.853298,1.22805,LT_AN RICE CRACKER SEAWEED 111.3G_T24_2,0.426649
CG_LT,24,,MM HIEP PHU,MM DA NANG,AN RICE CRACKER SEAWEED 111.3G,4,0.6,0.853298,3.266159,LT_AN RICE CRACKER SEAWEED 111.3G_T24_2,0.426649
CG_LT,24,,MM BINH PHU,MM DA NANG,AN RICE CRACKER SEAWEED 111.3G,6,0.6,2.0,5.87073,LT_AN RICE CRACKER SEAWEED 111.3G_T24_3,1.0
CG_LT,24,,MM HIEP PHU,MM BIEN HOA,AN RICE CRACKER SEAWEED 111.3G,2,0.6,2.0,3.253903,LT_AN RICE CRACKER SEAWEED 111.3G_T24_3,1.0
CG_LT,24,,MM HIEP PHU,MM DA NANG,AN RICE CRACKER SEAWEED 111.3G,5,0.6,2.0,4.999721,LT_AN RICE CRACKER SEAWEED 111.3G_T24_3,1.0
CG_LT,25,,MM BINH PHU,MM AN PHU,AN RICE CRACKER SEAWEED 111.3G,8,0.6,1.976862,6.780679,LT_AN RICE CRACKER SEAWEED 111.3G_T25_1,0.988431
CG_LT,25,,MM BINH PHU,MM DA NANG,AN RICE CRACKER SEAWEED 111.3G,5,0.6,1.976862,5.04413,LT_AN RICE CRACKER SEAWEED 111.3G_T25_1,0.988431
CG_LT,25,,MM BINH PHU,MM AN PHU,AN RICE CRACKER SEAWEED 111.3G,4,0.6,1.241985,3.451259,LT_AN RICE CRACKER SEAWEED 111.3G_T25_5,0.620993
CG_LT,25,,MM BINH PHU,MM DA NANG,AN RICE CRACKER SEAWEED 111.3G,3,0.6,1.241985,3.274158,LT_AN RICE CRACKER SEAWEED 111.3G_T25_5,0.620993
CG_LT,25,,MM HIEP PHU,MM BIEN HOA,AN RICE CRACKER SEAWEED 111.3G,3,0.6,1.241985,2.849456,LT_AN RICE CRACKER SEAWEED 111.3G_T25_5,0.620993
CG_LT,25,,MM HIEP PHU,MM DA NANG,AN RICE CRACKER SEAWEED 111.3G,5,0.6,1.241985,3.942545,LT_AN RICE CRACKER SEAWEED 111.3G_T25_5,0.620993
CG_LT,26,,MM BIEN HOA,MM AN PHU,AN RICE CRACKER SEAWEED 111.3G,7,0.6,2.0,5.930995,LT_AN RICE CRACKER SEAWEED 111.3G_T26_1,1.0
CG_LT,26,,MM HIEP PHU,MM AN PHU,AN RICE CRACKER SEAWEED 111.3G,5,0.6,2.0,5.052591,LT_AN RICE CRACKER SEAWEED 111.3G_T26_1,1.0
CG_LT,26,,MM HIEP PHU,MM BINH PHU,AN RICE CRACKER SEAWEED 111.3G,2,0.6,2.0,3.434205,LT_AN RICE CRACKER SEAWEED 111.3G_T26_1,1.0
CG_LT,26,,MM HIEP PHU,MM DA NANG,AN RICE CRACKER SEAWEED 111.3G,7,0.6,2.0,5.911584,LT_AN RICE CRACKER SEAWEED 111.3G_T26_1,1.0
CG_LT,26,,MM BIEN HOA,MM DA NANG,AN RICE CRACKER SEAWEED 111.3G,7,0.6,2.0,5.900009,LT_AN RICE CRACKER SEAWEED 111.3G_T26_2,1.0
CG_LT,26,,MM HIEP PHU,MM BINH PHU,AN RICE CRACKER SEAWEED 111.3G,8,0.6,2.0,6.746611,LT_AN RICE CRACKER SEAWEED 111.3G_T26_2,1.0
CG_LT,26,,MM HIEP PHU,MM DA NANG,AN RICE CRACKER SEAWEED 111.3G,9,0.6,2.0,7.619082,LT_AN RICE CRACKER SEAWEED 111.3G_T26_2,1.0
CG_LT,26,,MM BIEN HOA,MM BINH PHU,AN RICE CRACKER SEAWEED 111.3G,4,0.6,2.0,4.47612,LT_AN RICE CRACKER SEAWEED 111.3G_T26_3,1.0
CG_LT,26,,MM BIEN HOA,MM DA NANG,AN RICE CRACKER SEAWEED 111.3G,1,0.6,2.0,2.813371,LT_AN RICE CRACKER SEAWEED 111.3G_T26_3,1.0
CG_LT,26,,MM HIEP PHU,MM AN PHU,AN RICE CRACKER SEAWEED 111.3G,3,0.6,2.0,3.91423,LT_AN RICE CRACKER SEAWEED 111.3G_T26_3,1.0
CG_LT,26,,MM BIEN HOA,MM BINH PHU,AN RICE CRACKER SEAWEED 111.3G,1,0.6,0.266494,1.052371,LT_AN RICE CRACKER SEAWEED 111.3G_T26_4,0.133247
CG_LT,26,,MM BIEN HOA,MM AN PHU,AN RICE CRACKER SEAWEED 111.3G,9,0.6,2.0,7.411061,LT_AN RICE CRACKER SEAWEED 111.3G_T26_5,1.0
CG_LT,26,,MM BIEN HOA,MM DA NANG,AN RICE CRACKER SEAWEED 111.3G,3,0.6,2.0,3.882567,LT_AN RICE CRACKER SEAWEED 111.3G_T26_5,1.0
CG_LT,26,,MM HIEP PHU,MM BINH PHU,AN RICE CRACKER SEAWEED 111.3G,4,0.6,2.0,4.257044,LT_AN RICE CRACKER SEAWEED 111.3G_T26_5,1.0
CG_LT,26,,MM HIEP PHU,MM DA NANG,AN RICE CRACKER SEAWEED 111.3G,5,0.6,2.0,5.033052,LT_AN RICE CRACKER SEAWEED 111.3G_T26_5,1.0
CG_LT,27,,MM BIEN HOA,MM AN PHU,AN RICE CRACKER SEAWEED 111.3G,7,0.6,2.0,5.923613,LT_AN RICE CRACKER SEAWEED 111.3G_T27_1,1.0
CG_LT,27,,MM BINH PHU,MM AN PHU,AN RICE CRACKER SEAWEED 111.3G,6,0.6,2.0,5.458943,LT_AN RICE CRACKER SEAWEED 111.3G_T27_3,1.0
CG_LT,27,,MM HIEP PHU,MM DA NANG,AN RICE CRACKER SEAWEED 111.3G,3,0.6,2.0,3.854923,LT_AN RICE CRACKER SEAWEED 111.3G_T27_3,1.0
CG_LT,27,,MM BIEN HOA,MM AN PHU,AN RICE CRACKER SEAWEED 111.3G,3,0.6,1.91047,3.867328,LT_AN RICE CRACKER SEAWEED 111.3G_T27_5,0.955235
CG_LT,27,,MM BIEN HOA,MM DA NANG,AN RICE CRACKER SEAWEED 111.3G,10,0.6,1.91047,7.616776,LT_AN RICE CRACKER SEAWEED 111.3G_T27_5,0.955235
CG_LT,27,,MM BINH PHU,MM AN PHU,AN RICE CRACKER SEAWEED 111.3G,9,0.6,1.91047,7.227171,LT_AN RICE CRACKER SEAWEED 111.3G_T27_5,0.955235
CG_LT,27,,MM HIEP PHU,MM DA NANG,AN RICE CRACKER SEAWEED 111.3G,2,0.6,1.91047,2.885935,LT_AN RICE CRACKER SEAWEED 111.3G_T27_5,0.955235
CG_LT,28,,MM BINH PHU,MM AN PHU,AN RICE CRACKER SEAWEED 111.3G,0,0.6,0.161205,0.223368,LT_AN RICE CRACKER SEAWEED 111.3G_T28_1,0.080602
CG_LT,28,,MM BIEN HOA,MM AN PHU,AN RICE CRACKER SEAWEED 111.3G,4,0.6,2.0,4.494241,LT_AN RICE CRACKER SEAWEED 111.3G_T28_3,1.0
CG_LT,28,,MM BINH PHU,MM AN PHU,AN RICE CRACKER SEAWEED 111.3G,2,0.6,2.0,2.955436,LT_AN RICE CRACKER SEAWEED 111.3G_T28_3,1.0
CG_LT,28,,MM HIEP PHU,MM AN PHU,AN RICE CRACKER SEAWEED 111.3G,3,0.6,2.0,3.846238,LT_AN RICE CRACKER SEAWEED 111.3G_T28_3,1.0
CG_LT,28,,MM HIEP PHU,MM DA NANG,AN RICE CRACKER SEAWEED 111.3G,5,0.6,2.0,5.191082,LT_AN RICE CRACKER SEAWEED 111.3G_T28_3,1.0
CG_LT,28,,MM BIEN HOA,MM AN PHU,AN RICE CRACKER SEAWEED 111.3G,3,0.6,1.592196,3.678456,LT_AN RICE CRACKER SEAWEED 111.3G_T28_4,0.796098
CG_LT,28,,MM BIEN HOA,MM DA NANG,AN RICE CRACKER SEAWEED 111.3G,4,0.6,1.592196,4.005274,LT_AN RICE CRACKER SEAWEED 111.3G_T28_4,0.796098
CG_LT,28,,MM HIEP PHU,MM AN PHU,AN RICE CRACKER SEAWEED 111.3G,4,0.6,1.592196,3.735256,LT_AN RICE CRACKER SEAWEED 111.3G_T28_4,0.796098
CG_LT,28,,MM BIEN HOA,MM AN PHU,AN RICE CRACKER SEAWEED 111.3G,8,0.6,2.0,7.00642,LT_AN RICE CRACKER SEAWEED 111.3G_T28_5,1.0
CG_LT,28,,MM HIEP PHU,MM DA NANG,AN RICE CRACKER SEAWEED 111.3G,7,0.6,2.0,6.24639,LT_AN RICE CRACKER SEAWEED 111.3G_T28_5,1.0
CG_LT,29,,MM BIEN HOA,MM AN PHU,AN RICE CRACKER SEAWEED 111.3G,4,0.6,2.0,4.577673,LT_AN RICE CRACKER SEAWEED 111.3G_T29_1,1.0
CG_LT,29,,MM HIEP PHU,MM BINH PHU,AN RICE CRACKER SEAWEED 111.3G,10,0.6,2.0,7.964101,LT_AN RICE CRACKER SEAWEED 111.3G_T29_1,1.0
CG_LT,29,,MM HIEP PHU,MM DA NANG,AN RICE CRACKER SEAWEED 111.3G,9,0.6,2.0,7.352152,LT_AN RICE CRACKER SEAWEED 111.3G_T29_1,1.0
CG_LT,29,,MM BIEN HOA,MM AN PHU,AN RICE CRACKER SEAWEED 111.3G,4,0.6,0.837258,3.312312,LT_AN RICE CRACKER SEAWEED 111.3G_T29_2,0.418629
CG_LT,29,,MM HIEP PHU,MM BINH PHU,AN RICE CRACKER SEAWEED 111.3G,1,0.6,0.837258,1.598102,LT_AN RICE CRACKER SEAWEED 111.3G_T29_2,0.418629
CG_LT,29,,MM BIEN HOA,MM AN PHU,AN RICE CRACKER SEAWEED 111.3G,3,0.6,0.698077,2.426606,LT_AN RICE CRACKER SEAWEED 111.3G_T29_3,0.349039
CG_LT,29,,MM BIEN HOA,MM BINH PHU,AN RICE CRACKER SEAWEED 111.3G,2,0.6,0.698077,1.771506,LT_AN RICE CRACKER SEAWEED 111.3G_T29_3,0.349039
CG_LT,29,,MM BIEN HOA,MM DA NANG,AN RICE CRACKER SEAWEED 111.3G,0,0.6,0.698077,0.90877,LT_AN RICE CRACKER SEAWEED 111.3G_T29_3,0.349039
CG_LT,29,,MM HIEP PHU,MM DA NANG,AN RICE CRACKER SEAWEED 111.3G,3,0.6,0.698077,2.734884,LT_AN RICE CRACKER SEAWEED 111.3G_T29_3,0.349039
CG_LT,29,,MM BIEN HOA,MM DA NANG,AN RICE CRACKER SEAWEED 111.3G,3,0.6,2.0,3.534622,LT_AN RICE CRACKER SEAWEED 111.3G_T29_5,1.0
CG_LT,29,,MM HIEP PHU,MM DA NANG,AN RICE CRACKER SEAWEED 111.3G,6,0.6,2.0,5.465726,LT_AN RICE CRACKER SEAWEED 111.3G_T29_5,1.0
CG_LT,30,,MM HIEP PHU,MM AN PHU,AN RICE CRACKER SEAWEED 111.3G,4,0.6,2.0,4.661046,LT_AN RICE CRACKER SEAWEED 111.3G_T30_1,1.0
CG_LT,30,,MM HIEP PHU,MM AN PHU,AN RICE CRACKER SEAWEED 111.3G,2,0.6,2.0,3.005327,LT_AN RICE CRACKER SEAWEED 111.3G_T30_2,1.0
CG_LT,30,,MM HIEP PHU,MM BIEN HOA,AN RICE CRACKER SEAWEED 111.3G,8,0.6,2.0,6.599141,LT_AN RICE CRACKER SEAWEED 111.3G_T30_2,1.0
CG_LT,30,,MM HIEP PHU,MM AN PHU,AN RICE CRACKER SEAWEED 111.3G,9,0.6,2.0,7.506134,LT_AN RICE CRACKER SEAWEED 111.3G_T30_3,1.0
CG_LT,30,,MM HIEP PHU,MM AN PHU,AN RICE CRACKER SEAWEED 111.3G,6,0.6,2.0,5.534687,LT_AN RICE CRACKER SEAWEED 111.3G_T30_4,1.0
CG_LT,30,,MM HIEP PHU,MM BIEN HOA,AN RICE CRACKER SEAWEED 111.3G,3,0.6,2.0,3.891521,LT_AN RICE CRACKER SEAWEED 111.3G_T30_4,1.0
CG_LT,30,,MM HIEP PHU,MM BINH PHU,AN RICE CRACKER SEAWEED 111.3G,1,0.6,2.0,2.81751,LT_AN RICE CRACKER SEAWEED 111.3G_T30_4,1.0
CG_LT,30,,MM HIEP PHU,MM DA NANG,AN RICE CRACKER SEAWEED 111.3G,5,0.6,2.0,5.199238,LT_AN RICE CRACKER SEAWEED 111.3G_T30_4,1.0
CG_LT,30,,MM HIEP PHU,MM BINH PHU,AN RICE CRACKER SEAWEED 111.3G,6,0.6,2.0,5.395014,LT_AN RICE CRACKER SEAWEED 111.3G_T30_5,1.0
CG_LT,31,,MM HIEP PHU,MM DA NANG,AN RICE CRACKER SEAWEED 111.3G,6,0.6,1.74986,5.640678,LT_AN RICE CRACKER SEAWEED 111.3G_T31_5,0.87493
CG_LT,32,,MM BINH PHU,MM BIEN HOA,AN RICE CRACKER SEAWEED 111.3G,2,0.6,1.647334,2.903362,LT_AN RICE CRACKER SEAWEED 111.3G_T32_1,0.823667
CG_LT,32,,MM HIEP PHU,MM AN PHU,AN RICE CRACKER SEAWEED 111.3G,6,0.6,1.647334,5.058087,LT_AN RICE CRACKER SEAWEED 111.3G_T32_1,0.823667
CG_LT,32,,MM HIEP PHU,MM BIEN HOA,AN RICE CRACKER SEAWEED 111.3G,2,0.6,1.647334,3.012912,LT_AN RICE CRACKER SEAWEED 111.3G_T32_1,0.823667
CG_LT,32,,MM BINH PHU,MM AN PHU,AN RICE CRACKER SEAWEED 111.3G,4,0.6,2.0,4.582497,LT_AN RICE CRACKER SEAWEED 111.3G_T32_3,1.0
CG_LT,32,,MM HIEP PHU,MM AN PHU,AN RICE CRACKER SEAWEED 111.3G,6,0.6,2.0,5.350435,LT_AN RICE CRACKER SEAWEED 111.3G_T32_3,1.0
CG_LT,32,,MM HIEP PHU,MM BIEN HOA,AN RICE CRACKER SEAWEED 111.3G,5,0.6,2.0,5.069212,LT_AN RICE CRACKER SEAWEED 111.3G_T32_3,1.0
CG_LT,32,,MM HIEP PHU,MM BIEN HOA,AN RICE CRACKER SEAWEED 111.3G,7,0.6,2.0,6.199632,LT_AN RICE CRACKER SEAWEED 111.3G_T32_4,1.0
CG_LT,32,,MM BINH PHU,MM BIEN HOA,AN RICE CRACKER SEAWEED 111.3G,3,0.6,2.0,3.731384,LT_AN RICE CRACKER SEAWEED 111.3G_T32_5,1.0
CG_LT,33,,MM BINH PHU,MM AN PHU,AN RICE CRACKER SEAWEED 111.3G,5,0.6,1.469271,4.219926,LT_AN RICE CRACKER SEAWEED 111.3G_T33_1,0.734635
CG_LT,33,,MM BINH PHU,MM DA NANG,AN RICE CRACKER SEAWEED 111.3G,2,0.6,1.469271,2.452741,LT_AN RICE CRACKER SEAWEED 111.3G_T33_1,0.734635
CG_LT,33,,MM HIEP PHU,MM AN PHU,AN RICE CRACKER SEAWEED 111.3G,3,0.6,1.469271,3.427381,LT_AN RICE CRACKER SEAWEED 111.3G_T33_1,0.734635
CG_LT,33,,MM HIEP PHU,MM BIEN HOA,AN RICE CRACKER SEAWEED 111.3G,6,0.6,1.469271,4.880046,LT_AN RICE CRACKER SEAWEED 111.3G_T33_1,0.734635
CG_LT,33,,MM HIEP PHU,MM BIEN HOA,AN RICE CRACKER SEAWEED 111.3G,1,0.6,1.983492,2.866267,LT_AN RICE CRACKER SEAWEED 111.3G_T33_2,0.991746
CG_LT,33,,MM HIEP PHU,MM DA NANG,AN RICE CRACKER SEAWEED 111.3G,5,0.6,1.983492,5.2478,LT_AN RICE CRACKER SEAWEED 111.3G_T33_2,0.991746
CG_LT,33,,MM BINH PHU,MM BIEN HOA,AN RICE CRACKER SEAWEED 111.3G,10,0.6,2.0,7.74428,LT_AN RICE CRACKER SEAWEED 111.3G_T33_3,1.0
CG_LT,33,,MM BINH PHU,MM DA NANG,AN RICE CRACKER SEAWEED 111.3G,7,0.6,2.0,6.102159,LT_AN RICE CRACKER SEAWEED 111.3G_T33_3,1.0
CG_LT,33,,MM HIEP PHU,MM BIEN HOA,AN RICE CRACKER SEAWEED 111.3G,4,0.6,2.0,4.653469,LT_AN RICE CRACKER SEAWEED 111.3G_T33_3,1.0
CG_LT,33,,MM BINH PHU,MM AN PHU,AN RICE CRACKER SEAWEED 111.3G,1,0.6,2.0,2.699587,LT_AN RICE CRACKER SEAWEED 111.3G_T33_5,1.0
CG_LT,33,,MM BINH PHU,MM DA NANG,AN RICE CRACKER SEAWEED 111.3G,7,0.6,2.0,6.462982,LT_AN RICE CRACKER SEAWEED 111.3G_T33_5,1.0
CG_LT,33,,MM HIEP PHU,MM AN PHU,AN RICE CRACKER SEAWEED 111.3G,1,0.6,2.0,2.69952,LT_AN RICE CRACKER SEAWEED 111.3G_T33_5,1.0
CG_LT,33,,MM HIEP PHU,MM BIEN HOA,AN RICE CRACKER SEAWEED 111.3G,10,0.6,2.0,7.9087,LT_AN RICE CRACKER SEAWEED 111.3G_T33_5,1.0
CG_LT,34,,MM BINH PHU,MM BIEN HOA,AN RICE CRACKER SEAWEED 111.3G,2,0.6,1.886128,3.125946,LT_AN RICE CRACKER SEAWEED 111.3G_T34_1,0.943064
CG_LT,34,,MM BINH PHU,MM AN PHU,AN RICE CRACKER SEAWEED 111.3G,5,0.6,2.0,5.288085,LT_AN RICE CRACKER SEAWEED 111.3G_T34_3,1.0
CG_LT,34,,MM BINH PHU,MM BIEN HOA,AN RICE CRACKER SEAWEED 111.3G,8,0.6,2.0,6.571705,LT_AN RICE CRACKER SEAWEED 111.3G_T34_3,1.0
CG_LT,34,,MM HIEP PHU,MM DA NANG,AN RICE CRACKER SEAWEED 111.3G,2,0.6,0.654345,1.665779,LT_AN RICE CRACKER SEAWEED 111.3G_T34_4,0.327172
CG_LT,35,,MM HIEP PHU,MM DA NANG,AN RICE CRACKER SEAWEED 111.3G,8,0.6,2.0,6.939436,LT_AN RICE CRACKER SEAWEED 111.3G_T35_2,1.0
CG_LT,35,,MM BINH PHU,MM DA NANG,AN RICE CRACKER SEAWEED 111.3G,3,0.6,1.366925,3.13421,LT_AN RICE CRACKER SEAWEED 111.3G_T35_3,0.683462
CG_LT,35,,MM HIEP PHU,MM AN PHU,AN RICE CRACKER SEAWEED 111.3G,3,0.6,1.366925,3.01116,LT_AN RICE CRACKER SEAWEED 111.3G_T35_3,0.683462
CG_LT,35,,MM BINH PHU,MM AN PHU,AN RICE CRACKER SEAWEED 111.3G,1,0.6,0.297997,1.016883,LT_AN RICE CRACKER SEAWEED 111.3G_T35_4,0.148999
CG_LT,35,,MM BINH PHU,MM BIEN HOA,AN RICE CRACKER SEAWEED 111.3G,0,0.6,0.297997,0.412046,LT_AN RICE CRACKER SEAWEED 111.3G_T35_4,0.148999
CG_LT,35,,MM BINH PHU,MM DA NANG,AN RICE CRACKER SEAWEED 111.3G,0,0.6,0.297997,0.418547,LT_AN RICE CRACKER SEAWEED 111.3G_T35_4,0.148999
CG_LT,35,,MM HIEP PHU,MM AN PHU,AN RICE CRACKER SEAWEED 111.3G,0,0.6,0.297997,0.474257,LT_AN RICE CRACKER SEAWEED 111.3G_T35_4,0.148999
CG_LT,35,,MM BINH PHU,MM DA NANG,AN RICE CRACKER SEAWEED 111.3G,8,0.6,2.0,6.529501,LT_AN RICE CRACKER SEAWEED 111.3G_T35_5,1.0
CG_LT,35,,MM HIEP PHU,MM BIEN HOA,AN RICE CRACKER SEAWEED 111.3G,6,0.6,2.0,5.485951,LT_AN RICE CRACKER SEAWEED 111.3G_T35_5,1.0
CG_LT,37,,MM BIEN HOA,MM AN PHU,AN RICE CRACKER SEAWEED 111.3G,2,0.6,2.0,3.349321,LT_AN RICE CRACKER SEAWEED 111.3G_T37_1,1.0
CG_LT,37,,MM BIEN HOA,MM DA NANG,AN RICE CRACKER SEAWEED 111.3G,7,0.6,2.0,6.288125,LT_AN RICE CRACKER SEAWEED 111.3G_T37_1,1.0
CG_LT,37,,MM BINH PHU,MM DA NANG,AN RICE CRACKER SEAWEED 111.3G,2,0.6,2.0,3.349511,LT_AN RICE CRACKER SEAWEED 111.3G_T37_1,1.0
CG_LT,37,,MM HIEP PHU,MM DA NANG,AN RICE CRACKER SEAWEED 111.3G,9,0.6,2.0,7.384689,LT_AN RICE CRACKER SEAWEED 111.3G_T37_1,1.0
CG_LT,37,,MM HIEP PHU,MM AN PHU,AN RICE CRACKER SEAWEED 111.3G,3,0.6,1.03667,3.061466,LT_AN RICE CRACKER SEAWEED 111.3G_T37_2,0.518335
CG_LT,37,,MM HIEP PHU,MM DA NANG,AN RICE CRACKER SEAWEED 111.3G,1,0.6,1.03667,1.585979,LT_AN RICE CRACKER SEAWEED 111.3G_T37_2,0.518335
CG_LT,37,,MM BIEN HOA,MM DA NANG,AN RICE CRACKER SEAWEED 111.3G,4,0.6,2.0,4.19655,LT_AN RICE CRACKER SEAWEED 111.3G_T37_3,1.0
CG_LT,37,,MM BINH PHU,MM AN PHU,AN RICE CRACKER SEAWEED 111.3G,6,0.6,2.0,5.661279,LT_AN RICE CRACKER SEAWEED 111.3G_T37_3,1.0
CG_LT,37,,MM HIEP PHU,MM AN PHU,AN RICE CRACKER SEAWEED 111.3G,3,0.6,2.0,3.933662,LT_AN RICE CRACKER SEAWEED 111.3G_T37_3,1.0
CG_LT,37,,MM HIEP PHU,MM DA NANG,AN RICE CRACKER SEAWEED 111.3G,10,0.6,2.0,7.881912,LT_AN RICE CRACKER SEAWEED 111.3G_T37_3,1.0
CG_LT,37,,MM BIEN HOA,MM AN PHU,AN RICE CRACKER SEAWEED 111.3G,3,0.6,2.0,3.776575,LT_AN RICE CRACKER SEAWEED 111.3G_T37_5,1.0
CG_LT,37,,MM BIEN HOA,MM DA NANG,AN RICE CRACKER SEAWEED 111.3G,2,0.6,2.0,2.98493,LT_AN RICE CRACKER SEAWEED 111.3G_T37_5,1.0
CG_LT,37,,MM BINH PHU,MM AN PHU,AN RICE CRACKER SEAWEED 111.3G,6,0.6,2.0,5.366094,LT_AN RICE CRACKER SEAWEED 111.3G_T37_5,1.0
CG_LT,37,,MM BINH PHU,MM DA NANG,AN RICE CRACKER SEAWEED 111.3G,7,0.6,2.0,6.267192,LT_AN RICE CRACKER SEAWEED 111.3G_T37_5,1.0
CG_LT,38,,MM BINH PHU,MM DA NANG,AN RICE CRACKER SEAWEED 111.3G,9,0.6,2.0,7.23655,LT_AN RICE CRACKER SEAWEED 111.3G_T38_2,1.0
CG_LT,38,,MM BINH PHU,MM DA NANG,AN RICE CRACKER SEAWEED 111.3G,2,0.6,2.0,2.90182,LT_AN RICE CRACKER SEAWEED 111.3G_T38_3,1.0
CG_LT,38,,MM HIEP PHU,MM AN PHU,AN RICE CRACKER SEAWEED 111.3G,4,0.6,2.0,4.216832,LT_AN RICE CRACKER SEAWEED 111.3G_T38_3,1.0
CG_LT,38,,MM HIEP PHU,MM DA NANG,AN RICE CRACKER SEAWEED 111.3G,10,0.6,2.0,7.754062,LT_AN RICE CRACKER SEAWEED 111.3G_T38_3,1.0
CG_LT,38,,MM BIEN HOA,MM AN PHU,AN RICE CRACKER SEAWEED 111.3G,4,0.6,2.0,4.183407,LT_AN RICE CRACKER SEAWEED 111.3G_T38_4,1.0
CG_LT,38,,MM BINH PHU,MM DA NANG,AN RICE CRACKER SEAWEED 111.3G,10,0.6,2.0,7.834548,LT_AN RICE CRACKER SEAWEED 111.3G_T38_4,1.0
CG_LT,38,,MM HIEP PHU,MM AN PHU,AN RICE CRACKER SEAWEED 111.3G,9,0.6,2.0,7.326464,LT_AN RICE CRACKER SEAWEED 111.3G_T38_4,1.0
CG_LT,38,,MM BINH PHU,MM DA NANG,AN RICE CRACKER SEAWEED 111.3G,6,0.6,2.0,5.581444,LT_AN RICE CRACKER SEAWEED 111.3G_T38_5,1.0
CG_LT,38,,MM HIEP PHU,MM AN PHU,AN RICE CRACKER SEAWEED 111.3G,1,0.6,2.0,2.719481,LT_AN RICE CRACKER SEAWEED 111.3G_T38_5,1.0
CG_LT,39,,MM BINH PHU,MM DA NANG,AN RICE CRACKER SEAWEED 111.3G,7,0.6,1.580528,5.806745,LT_AN RICE CRACKER SEAWEED 111.3G_T39_1,0.790264
CG_LT,40,,MM BINH PHU,MM AN PHU,AN RICE CRACKER SEAWEED 111.3G,2,0.6,2.0,3.250283,LT_AN RICE CRACKER SEAWEED 111.3G_T40_2,1.0
CG_LT,40,,MM BINH PHU,MM BIEN HOA,AN RICE CRACKER SEAWEED 111.3G,6,0.6,2.0,5.578969,LT_AN RICE CRACKER SEAWEED 111.3G_T40_2,1.0
CG_LT,40,,MM HIEP PHU,MM AN PHU,AN RICE CRACKER SEAWEED 111.3G,3,0.6,2.0,3.797723,LT_AN RICE CRACKER SEAWEED 111.3G_T40_2,1.0
CG_LT,40,,MM HIEP PHU,MM DA NANG,AN RICE CRACKER SEAWEED 111.3G,9,0.6,2.0,7.215714,LT_AN RICE CRACKER SEAWEED 111.3G_T40_2,1.0
CG_LT,40,,MM BINH PHU,MM DA NANG,AN RICE CRACKER SEAWEED 111.3G,4,0.6,2.0,4.145265,LT_AN RICE CRACKER SEAWEED 111.3G_T40_4,1.0
CG_LT,40,,MM HIEP PHU,MM AN PHU,AN RICE CRACKER SEAWEED 111.3G,7,0.6,2.0,6.158098,LT_AN RICE CRACKER SEAWEED 111.3G_T40_4,1.0
CG_LT,40,,MM HIEP PHU,MM BIEN HOA,AN RICE CRACKER SEAWEED 111.3G,6,0.6,2.0,5.756563,LT_AN RICE CRACKER SEAWEED 111.3G_T40_4,1.0
CG_LT,40,,MM HIEP PHU,MM DA NANG,AN RICE CRACKER SEAWEED 111.3G,7,0.6,2.0,6.250386,LT_AN RICE CRACKER SEAWEED 111.3G_T40_4,1.0
CG_LT,41,,MM AN PHU,MM DA NANG,AN RICE CRACKER SEAWEED 111.3G,10,0.6,2.0,7.763943,LT_AN RICE CRACKER SEAWEED 111.3G_T41_1,1.0
CG_LT,41,,MM BIEN HOA,MM DA NANG,AN RICE CRACKER SEAWEED 111.3G,10,0.6,2.0,7.773954,LT_AN RICE CRACKER SEAWEED 111.3G_T41_1,1.0
CG_LT,41,,MM BINH PHU,MM DA NANG,AN RICE CRACKER SEAWEED 111.3G,10,0.6,2.0,7.934372,LT_AN RICE CRACKER SEAWEED 111.3G_T41_1,1.0
CG_LT,41,,MM BINH PHU,MM DA NANG,AN RICE CRACKER SEAWEED 111.3G,9,0.6,2.0,7.552581,LT_AN RICE CRACKER SEAWEED 111.3G_T41_2,1.0
CG_LT,44,,MM BIEN HOA,MM DA NANG,AN RICE CRACKER SEAWEED 111.3G,1,0.6,1.42977,2.123725,LT_AN RICE CRACKER SEAWEED 111.3G_T44_2,0.714885
CG_LT,44,,MM BINH PHU,MM DA NANG,AN RICE CRACKER SEAWEED 111.3G,7,0.6,1.42977,5.553848,LT_AN RICE CRACKER SEAWEED 111.3G_T44_2,0.714885
CG_LT,44,,MM HIEP PHU,MM DA NANG,AN RICE CRACKER SEAWEED 111.3G,7,0.6,1.42977,5.385384,LT_AN RICE CRACKER SEAWEED 111.3G_T44_2,0.714885
CG_LT,44,,MM AN PHU,MM DA NANG,AN RICE CRACKER SEAWEED 111.3G,4,0.6,2.0,4.52938,LT_AN RICE CRACKER SEAWEED 111.3G_T44_3,1.0
CG_LT,44,,MM HIEP PHU,MM DA NANG,AN RICE CRACKER SEAWEED 111.3G,10,0.6,2.0,7.780807,LT_AN RICE CRACKER SEAWEED 111.3G_T44_3,1.0
CG_LT,44,,MM BIEN HOA,MM DA NANG,AN RICE CRACKER SEAWEED 111.3G,6,0.6,2.0,5.381773,LT_AN RICE CRACKER SEAWEED 111.3G_T44_5,1.0
CG_LT,44,,MM HIEP PHU,MM DA NANG,AN RICE CRACKER SEAWEED 111.3G,9,0.6,2.0,7.430392,LT_AN RICE CRACKER SEAWEED 111.3G_T44_5,1.0
CG_LT,45,,MM BINH PHU,MM BIEN HOA,AN RICE CRACKER SEAWEED 111.3G,4,0.6,0.879776,3.503417,LT_AN RICE CRACKER SEAWEED 111.3G_T45_1,0.439888
CG_LT,45,,MM AN PHU,MM BIEN HOA,AN RICE CRACKER SEAWEED 111.3G,4,0.6,2.0,4.658215,LT_AN RICE CRACKER SEAWEED 111.3G_T45_2,1.0
CG_LT,45,,MM HIEP PHU,MM DA NANG,AN RICE CRACKER SEAWEED 111.3G,5,0.6,2.0,5.182174,LT_AN RICE CRACKER SEAWEED 111.3G_T45_2,1.0
CG_LT,45,,MM AN PHU,MM DA NANG,AN RICE CRACKER SEAWEED 111.3G,9,0.6,2.0,7.363076,LT_AN RICE CRACKER SEAWEED 111.3G_T45_4,1.0
CG_LT,45,,MM BINH PHU,MM BIEN HOA,AN RICE CRACKER SEAWEED 111.3G,2,0.6,2.0,3.433344,LT_AN RICE CRACKER SEAWEED 111.3G_T45_4,1.0
CG_LT,45,,MM BINH PHU,MM DA NANG,AN RICE CRACKER SEAWEED 111.3G,7,0.6,2.0,6.428281,LT_AN RICE CRACKER SEAWEED 111.3G_T45_4,1.0
CG_LT,45,,MM AN PHU,MM DA NANG,AN RICE CRACKER SEAWEED 111.3G,0,0.6,0.184795,0.272901,LT_AN RICE CRACKER SEAWEED 111.3G_T45_5,0.092397
CG_LT,45,,MM BINH PHU,MM DA NANG,AN RICE CRACKER SEAWEED 111.3G,0,0.6,0.184795,0.323157,LT_AN RICE CRACKER SEAWEED 111.3G_T45_5,0.092397
CG_LT,46,,MM BIEN HOA,MM DA NANG,AN RICE CRACKER SEAWEED 111.3G,9,0.6,2.0,7.368059,LT_AN RICE CRACKER SEAWEED 111.3G_T46_1,1.0
CG_LT,46,,MM AN PHU,MM DA NANG,AN RICE CRACKER SEAWEED 111.3G,8,0.6,1.713573,6.385317,LT_AN RICE CRACKER SEAWEED 111.3G_T46_5,0.856786
CG_LT,46,,MM BIEN HOA,MM DA NANG,AN RICE CRACKER SEAWEED 111.3G,2,0.6,1.713573,3.080078,LT_AN RICE CRACKER SEAWEED 111.3G_T46_5,0.856786
CG_LT,46,,MM BINH PHU,MM DA NANG,AN RICE CRACKER SEAWEED 111.3G,4,0.6,1.713573,4.107264,LT_AN RICE CRACKER SEAWEED 111.3G_T46_5,0.856786
CG_LT,47,,MM AN PHU,MM DA NANG,AN RICE CRACKER SEAWEED 111.3G,3,0.6,1.493393,3.185339,LT_AN RICE CRACKER SEAWEED 111.3G_T47_1,0.746696
CG_LT,47,,MM BIEN HOA,MM DA NANG,AN RICE CRACKER SEAWEED 111.3G,6,0.6,1.493393,5.049974,LT_AN RICE CRACKER SEAWEED 111.3G_T47_1,0.746696
CG_LT,47,,MM BINH PHU,MM DA NANG,AN RICE CRACKER SEAWEED 111.3G,7,0.6,1.493393,5.63085,LT_AN RICE CRACKER SEAWEED 111.3G_T47_1,0.746696
CG_LT,47,,MM AN PHU,MM DA NANG,AN RICE CRACKER SEAWEED 111.3G,9,0.6,2.0,7.320076,LT_AN RICE CRACKER SEAWEED 111.3G_T47_3,1.0
CG_LT,47,,MM BINH PHU,MM DA NANG,AN RICE CRACKER SEAWEED 111.3G,7,0.6,2.0,6.389287,LT_AN RICE CRACKER SEAWEED 111.3G_T47_3,1.0
CG_LT,47,,MM HIEP PHU,MM DA NANG,AN RICE CRACKER SEAWEED 111.3G,6,0.6,2.0,5.704652,LT_AN RICE CRACKER SEAWEED 111.3G_T47_3,1.0
CG_LT,48,,MM BINH PHU,MM AN PHU,AN RICE CRACKER SEAWEED 111.3G,9,0.6,2.0,7.624154,LT_AN RICE CRACKER SEAWEED 111.3G_T48_1,1.0
CG_LT,48,,MM BINH PHU,MM DA NANG,AN RICE CRACKER SEAWEED 111.3G,10,0.6,2.0,7.835712,LT_AN RICE CRACKER SEAWEED 111.3G_T48_1,1.0
CG_LT,48,,MM HIEP PHU,MM AN PHU,AN RICE CRACKER SEAWEED 111.3G,4,0.6,2.0,4.386194,LT_AN RICE CRACKER SEAWEED 111.3G_T48_1,1.0
CG_LT,48,,MM BINH PHU,MM AN PHU,AN RICE CRACKER SEAWEED 111.3G,4,0.6,2.0,4.177645,LT_AN RICE CRACKER SEAWEED 111.3G_T48_2,1.0
CG_LT,48,,MM BINH PHU,MM DA NANG,AN RICE CRACKER SEAWEED 111.3G,6,0.6,2.0,5.498294,LT_AN RICE CRACKER SEAWEED 111.3G_T48_2,1.0
CG_LT,48,,MM BIEN HOA,MM AN PHU,AN RICE CRACKER SEAWEED 111.3G,8,0.6,2.0,6.966868,LT_AN RICE CRACKER SEAWEED 111.3G_T48_4,1.0
CG_LT,48,,MM BIEN HOA,MM DA NANG,AN RICE CRACKER SEAWEED 111.3G,7,0.6,2.0,6.106319,LT_AN RICE CRACKER SEAWEED 111.3G_T48_4,1.0
CG_LT,48,,MM BINH PHU,MM DA NANG,AN RICE CRACKER SEAWEED 111.3G,7,0.6,2.0,6.117119,LT_AN RICE CRACKER SEAWEED 111.3G_T48_4,1.0
CG_LT,48,,MM HIEP PHU,MM AN PHU,AN RICE CRACKER SEAWEED 111.3G,2,0.6,2.0,2.950649,LT_AN RICE CRACKER SEAWEED 111.3G_T48_4,1.0
CG_LT,48,,MM BIEN HOA,MM DA NANG,AN RICE CRACKER SEAWEED 111.3G,3,0.6,2.0,3.53448,LT_AN RICE CRACKER SEAWEED 111.3G_T48_5,1.0
CG_LT,48,,MM BINH PHU,MM AN PHU,AN RICE CRACKER SEAWEED 111.3G,7,0.6,2.0,6.190723,LT_AN RICE CRACKER SEAWEED 111.3G_T48_5,1.0
CG_LT,49,,MM BIEN HOA,MM AN PHU,AN RICE CRACKER SEAWEED 111.3G,4,0.6,1.323503,3.951699,LT_AN RICE CRACKER SEAWEED 111.3G_T49_1,0.661751
CG_LT,49,,MM BIEN HOA,MM DA NANG,AN RICE CRACKER SEAWEED 111.3G,1,0.6,1.323503,1.966762,LT_AN RICE CRACKER SEAWEED 111.3G_T49_1,0.661751
CG_LT,49,,MM BINH PHU,MM DA NANG,AN RICE CRACKER SEAWEED 111.3G,2,0.6,1.323503,2.676379,LT_AN RICE CRACKER SEAWEED 111.3G_T49_1,0.661751
CG_LT,49,,MM HIEP PHU,MM DA NANG,AN RICE CRACKER SEAWEED 111.3G,5,0.6,1.323503,4.512406,LT_AN RICE CRACKER SEAWEED 111.3G_T49_1,0.661751
CG_LT,49,,MM BIEN HOA,MM DA NANG,AN RICE CRACKER SEAWEED 111.3G,9,0.6,2.0,7.150034,LT_AN RICE CRACKER SEAWEED 111.3G_T49_3,1.0
CG_LT,49,,MM BINH PHU,MM AN PHU,AN RICE CRACKER SEAWEED 111.3G,6,0.6,2.0,5.601804,LT_AN RICE CRACKER SEAWEED 111.3G_T49_3,1.0
CG_LT,49,,MM BINH PHU,MM DA NANG,AN RICE CRACKER SEAWEED 111.3G,6,0.6,2.0,5.452478,LT_AN RICE CRACKER SEAWEED 111.3G_T49_3,1.0
CG_LT,49,,MM HIEP PHU,MM DA NANG,AN RICE CRACKER SEAWEED 111.3G,8,0.6,2.0,7.008608,LT_AN RICE CRACKER SEAWEED 111.3G_T49_3,1.0
CG_LT,49,,MM BIEN HOA,MM DA NANG,AN RICE CRACKER SEAWEED 111.3G,8,0.6,2.0,6.603842,LT_AN RICE CRACKER SEAWEED 111.3G_T49_4,1.0
CG_LT,50,,MM BINH PHU,MM BIEN HOA,AN RICE CRACKER SEAWEED 111.3G,3,0.6,0.734665,2.287714,LT_AN RICE CRACKER SEAWEED 111.3G_T50_2,0.367332
CG_LT,50,,MM BINH PHU,MM DA NANG,AN RICE CRACKER SEAWEED 111.3G,2,0.6,0.734665,1.736672,LT_AN RICE CRACKER SEAWEED 111.3G_T50_2,0.367332
CG_LT,50,,MM BINH PHU,MM BIEN HOA,AN RICE CRACKER SEAWEED 111.3G,2,0.6,2.0,2.920932,LT_AN RICE CRACKER SEAWEED 111.3G_T50_4,1.0
CG_LT,50,,MM BINH PHU,MM DA NANG,AN RICE CRACKER SEAWEED 111.3G,7,0.6,2.0,5.906164,LT_AN RICE CRACKER SEAWEED 111.3G_T50_4,1.0
CG_LT,50,,MM HIEP PHU,MM BIEN HOA,AN RICE CRACKER SEAWEED 111.3G,4,0.6,2.0,4.579827,LT_AN RICE CRACKER SEAWEED 111.3G_T50_4,1.0
CG_LT,50,,MM HIEP PHU,MM DA NANG,AN RICE CRACKER SEAWEED 111.3G,8,0.6,2.0,7.076659,LT_AN RICE CRACKER SEAWEED 111.3G_T50_4,1.0
CG_LT,52,,MM BINH PHU,MM DA NANG,AN RICE CRACKER SEAWEED 111.3G,10,0.6,2.0,7.988706,LT_AN RICE CRACKER SEAWEED 111.3G_T52_1,1.0
CG_LT,52,,MM HIEP PHU,MM AN PHU,AN RICE CRACKER SEAWEED 111.3G,4,0.6,2.0,4.212217,LT_AN RICE CRACKER SEAWEED 111.3G_T52_1,1.0
CG_LT,52,,MM HIEP PHU,MM DA NANG,AN RICE CRACKER SEAWEED 111.3G,10,0.6,2.0,7.893993,LT_AN RICE CRACKER SEAWEED 111.3G_T52_1,1.0
CG_LT,52,,MM BIEN HOA,MM AN PHU,AN RICE CRACKER SEAWEED 111.3G,3,0.6,2.0,3.998618,LT_AN RICE CRACKER SEAWEED 111.3G_T52_2,1.0
CG_LT,52,,MM BIEN HOA,MM DA NANG,AN RICE CRACKER SEAWEED 111.3G,1,0.6,2.0,2.624466,LT_AN RICE CRACKER SEAWEED 111.3G_T52_2,1.0
CG_LT,52,,MM HIEP PHU,MM DA NANG,AN RICE CRACKER SEAWEED 111.3G,8,0.6,2.0,7.090476,LT_AN RICE CRACKER SEAWEED 111.3G_T52_2,1.0
CG_LT,52,,MM BIEN HOA,MM DA NANG,AN RICE CRACKER SEAWEED 111.3G,0,0.6,0.273068,0.474869,LT_AN RICE CRACKER SEAWEED 111.3G_T52_4,0.136534
CG_LT,52,,MM BINH PHU,MM AN PHU,AN RICE CRACKER SEAWEED 111.3G,0,0.6,0.273068,0.505028,LT_AN RICE CRACKER SEAWEED 111.3G_T52_4,0.136534
CG_LT,52,,MM HIEP PHU,MM AN PHU,AN RICE CRACKER SEAWEED 111.3G,0,0.6,0.273068,0.454115,LT_AN RICE CRACKER SEAWEED 111.3G_T52_4,0.136534
CG_LT,52,,MM BINH PHU,MM DA NANG,AN RICE CRACKER SEAWEED 111.3G,9,0.6,2.0,7.314968,LT_AN RICE CRACKER SEAWEED 111.3G_T52_5,1.0
CG_LT,53,,MM BIEN HOA,MM AN PHU,AN RICE CRACKER SEAWEED 111.3G,7,0.6,2.0,6.081461,LT_AN RICE CRACKER SEAWEED 111.3G_T53_1,1.0
CG_LT,53,,MM BIEN HOA,MM DA NANG,AN RICE CRACKER SEAWEED 111.3G,9,0.6,2.0,7.591949,LT_AN RICE CRACKER SEAWEED 111.3G_T53_1,1.0
CG_LT,53,,MM BINH PHU,MM AN PHU,AN RICE CRACKER SEAWEED 111.3G,4,0.6,2.0,4.372058,LT_AN RICE CRACKER SEAWEED 111.3G_T53_1,1.0
CG_LT,53,,MM HIEP PHU,MM DA NANG,AN RICE CRACKER SEAWEED 111.3G,6,0.6,2.0,5.82826,LT_AN RICE CRACKER SEAWEED 111.3G_T53_1,1.0
CG_LT,54,,MM BIEN HOA,MM AN PHU,AN RICE CRACKER SEAWEED 111.3G,1,0.6,0.212514,0.550632,LT_AN RICE CRACKER SEAWEED 111.3G_T54_1,0.106257
CG_LT,54,,MM BIEN HOA,MM DA NANG,AN RICE CRACKER SEAWEED 111.3G,0,0.6,0.212514,0.40225,LT_AN RICE CRACKER SEAWEED 111.3G_T54_1,0.106257
CG_LT,54,,MM BINH PHU,MM AN PHU,AN RICE CRACKER SEAWEED 111.3G,1,0.6,0.212514,0.544086,LT_AN RICE CRACKER SEAWEED 111.3G_T54_1,0.106257
CG_LT,54,,MM HIEP PHU,MM AN PHU,AN RICE CRACKER SEAWEED 111.3G,0,0.6,0.212514,0.291458,LT_AN RICE CRACKER SEAWEED 111.3G_T54_1,0.106257
CG_LT,54,,MM HIEP PHU,MM DA NANG,AN RICE CRACKER SEAWEED 111.3G,7,0.6,2.0,6.246266,LT_AN RICE CRACKER SEAWEED 111.3G_T54_3,1.0
CG_LT,54,,MM BINH PHU,MM AN PHU,AN RICE CRACKER SEAWEED 111.3G,3,0.6,2.0,3.889972,LT_AN RICE CRACKER SEAWEED 111.3G_T54_4,1.0
CG_LT,54,,MM HIEP PHU,MM AN PHU,AN RICE CRACKER SEAWEED 111.3G,8,0.6,2.0,6.561395,LT_AN RICE CRACKER SEAWEED 111.3G_T54_4,1.0
CG_LT,55,,MM BINH PHU,MM DA NANG,AN RICE CRACKER SEAWEED 111.3G,3,0.6,2.0,4.054302,LT_AN RICE CRACKER SEAWEED 111.3G_T55_1,1.0
CG_LT,55,,MM HIEP PHU,MM DA NANG,AN RICE CRACKER SEAWEED 111.3G,8,0.6,2.0,6.647146,LT_AN RICE CRACKER SEAWEED 111.3G_T55_1,1.0
CG_LT,55,,MM BINH PHU,MM BIEN HOA,AN RICE CRACKER SEAWEED 111.3G,1,0.6,0.404006,0.956822,LT_AN RICE CRACKER SEAWEED 111.3G_T55_3,0.202003
CG_LT,55,,MM BINH PHU,MM DA NANG,AN RICE CRACKER SEAWEED 111.3G,2,0.6,0.404006,1.353577,LT_AN RICE CRACKER SEAWEED 111.3G_T55_3,0.202003
CG_LT,55,,MM HIEP PHU,MM DA NANG,AN RICE CRACKER SEAWEED 111.3G,1,0.6,0.404006,1.19348,LT_AN RICE CRACKER SEAWEED 111.3G_T55_3,0.202003
CG_LT,55,,MM HIEP PHU,MM DA NANG,AN RICE CRACKER SEAWEED 111.3G,9,0.6,2.0,7.129106,LT_AN RICE CRACKER SEAWEED 111.3G_T55_4,1.0
CG_LT,57,,MM HIEP PHU,MM DA NANG,AN RICE CRACKER SEAWEED 111.3G,3,0.6,1.201634,2.900403,LT_AN RICE CRACKER SEAWEED 111.3G_T57_4,0.600817
CG_LT,57,,MM BINH PHU,MM DA NANG,AN RICE CRACKER SEAWEED 111.3G,6,0.6,2.0,5.71962,LT_AN RICE CRACKER SEAWEED 111.3G_T57_5,1.0
CG_LT,58,,MM HIEP PHU,MM DA NANG,AN RICE CRACKER SEAWEED 111.3G,2,0.6,1.776116,3.048351,LT_AN RICE CRACKER SEAWEED 111.3G_T58_3,0.888058
CG_LT,58,,MM BIEN HOA,MM AN PHU,AN RICE CRACKER SEAWEED 111.3G,2,0.6,2.0,3.19165,LT_AN RICE CRACKER SEAWEED 111.3G_T58_4,1.0
CG_LT,58,,MM BIEN HOA,MM DA NANG,AN RICE CRACKER SEAWEED 111.3G,10,0.6,2.0,7.981609,LT_AN RICE CRACKER SEAWEED 111.3G_T58_4,1.0
CG_LT,58,,MM HIEP PHU,MM AN PHU,AN RICE CRACKER SEAWEED 111.3G,2,0.6,2.0,3.371725,LT_AN RICE CRACKER SEAWEED 111.3G_T58_4,1.0
CG_LT,58,,MM HIEP PHU,MM DA NANG,AN RICE CRACKER SEAWEED 111.3G,7,0.6,2.0,6.273382,LT_AN RICE CRACKER SEAWEED 111.3G_T58_4,1.0
CG_LT,58,,MM HIEP PHU,MM DA NANG,AN RICE CRACKER SEAWEED 111.3G,8,0.6,2.0,6.786272,LT_AN RICE CRACKER SEAWEED 111.3G_T58_5,1.0
CG_LT,59,,MM BINH PHU,MM BIEN HOA,AN RICE CRACKER SEAWEED 111.3G,9,0.6,2.0,7.62501,LT_AN RICE CRACKER SEAWEED 111.3G_T59_2,1.0
CG_LT,59,,MM HIEP PHU,MM DA NANG,AN RICE CRACKER SEAWEED 111.3G,4,0.6,2.0,4.554951,LT_AN RICE CRACKER SEAWEED 111.3G_T59_2,1.0
CG_LT,59,,MM BINH PHU,MM BIEN HOA,AN RICE CRACKER SEAWEED 111.3G,8,0.6,2.0,6.881759,LT_AN RICE CRACKER SEAWEED 111.3G_T59_3,1.0
CG_LT,59,,MM HIEP PHU,MM AN PHU,AN RICE CRACKER SEAWEED 111.3G,9,0.6,2.0,7.280573,LT_AN RICE CRACKER SEAWEED 111.3G_T59_3,1.0
CG_LT,59,,MM HIEP PHU,MM DA NANG,AN RICE CRACKER SEAWEED 111.3G,8,0.6,2.0,7.08148,LT_AN RICE CRACKER SEAWEED 111.3G_T59_3,1.0
CG_LT,59,,MM BINH PHU,MM DA NANG,AN RICE CRACKER SEAWEED 111.3G,6,0.6,2.0,5.805842,LT_AN RICE CRACKER SEAWEED 111.3G_T59_4,1.0
CG_LT,59,,MM HIEP PHU,MM BIEN HOA,AN RICE CRACKER SEAWEED 111.3G,8,0.6,2.0,6.909366,LT_AN RICE CRACKER SEAWEED 111.3G_T59_4,1.0
CG_LT,59,,MM BINH PHU,MM AN PHU,AN RICE CRACKER SEAWEED 111.3G,1,0.6,2.0,2.835898,LT_AN RICE CRACKER SEAWEED 111.3G_T59_5,1.0
CG_LT,59,,MM BINH PHU,MM DA NANG,AN RICE CRACKER SEAWEED 111.3G,7,0.6,2.0,6.474908,LT_AN RICE CRACKER SEAWEED 111.3G_T59_5,1.0
CG_LT,59,,MM HIEP PHU,MM BIEN HOA,AN RICE CRACKER SEAWEED 111.3G,9,0.6,2.0,7.686819,LT_AN RICE CRACKER SEAWEED 111.3G_T59_5,1.0
CG_LT,60,,MM BINH PHU,MM BIEN HOA,AN RICE CRACKER SEAWEED 111.3G,3,0.6,2.0,3.611521,LT_AN RICE CRACKER SEAWEED 111.3G_T60_1,1.0
CG_LT,60,,MM BINH PHU,MM DA NANG,AN RICE CRACKER SEAWEED 111.3G,2,0.6,2.0,3.11288,LT_AN RICE CRACKER SEAWEED 111.3G_T60_1,1.0
CG_LT,60,,MM BINH PHU,MM DA NANG,AN RICE CRACKER SEAWEED 111.3G,8,0.6,2.0,6.862523,LT_AN RICE CRACKER SEAWEED 111.3G_T60_2,1.0
CG_LT,60,,MM HIEP PHU,MM DA NANG,AN RICE CRACKER SEAWEED 111.3G,3,0.6,2.0,4.000659,LT_AN RICE CRACKER SEAWEED 111.3G_T60_2,1.0
CG_LT,60,,MM BINH PHU,MM BIEN HOA,AN RICE CRACKER SEAWEED 111.3G,1,0.6,2.0,2.699124,LT_AN RICE CRACKER SEAWEED 111.3G_T60_3,1.0
CG_LT,60,,MM HIEP PHU,MM AN PHU,AN RICE CRACKER SEAWEED 111.3G,7,0.6,2.0,6.015223,LT_AN RICE CRACKER SEAWEED 111.3G_T60_3,1.0
CG_LT,60,,MM HIEP PHU,MM BIEN HOA,AN RICE CRACKER SEAWEED 111.3G,5,0.6,2.0,4.859584,LT_AN RICE CRACKER SEAWEED 111.3G_T60_3,1.0
CG_LT,60,,MM HIEP PHU,MM DA NANG,AN RICE CRACKER SEAWEED 111.3G,9,0.6,2.0,7.365476,LT_AN RICE CRACKER SEAWEED 111.3G_T60_3,1.0
CG_LT,60,,MM HIEP PHU,MM AN PHU,AN RICE CRACKER SEAWEED 111.3G,3,0.6,2.0,3.820122,LT_AN RICE CRACKER SEAWEED 111.3G_T60_5,1.0
CG_LT,60,,MM HIEP PHU,MM DA NANG,AN RICE CRACKER SEAWEED 111.3G,6,0.6,2.0,5.755251,LT_AN RICE CRACKER SEAWEED 111.3G_T60_5,1.0
CG_LT,61,,MM BIEN HOA,MM DA NANG,AN RICE CRACKER SEAWEED 111.3G,1,0.6,0.251696,0.885657,LT_AN RICE CRACKER SEAWEED 111.3G_T61_2,0.125848
CG_LT,61,,MM HIEP PHU,MM AN PHU,AN RICE CRACKER SEAWEED 111.3G,1,0.6,0.251696,0.985918,LT_AN RICE CRACKER SEAWEED 111.3G_T61_2,0.125848
CG_LT,61,,MM HIEP PHU,MM DA NANG,AN RICE CRACKER SEAWEED 111.3G,1,0.6,0.251696,0.930931,LT_AN RICE CRACKER SEAWEED 111.3G_T61_2,0.125848
CG_LT,63,,MM BINH PHU,MM AN PHU,AN RICE CRACKER SEAWEED 111.3G,7,0.6,2.0,6.225844,LT_AN RICE CRACKER SEAWEED 111.3G_T63_1,1.0
CG_LT,63,,MM HIEP PHU,MM DA NANG,AN RICE CRACKER SEAWEED 111.3G,4,0.6,2.0,4.329796,LT_AN RICE CRACKER SEAWEED 111.3G_T63_1,1.0
CG_LT,63,,MM BINH PHU,MM AN PHU,AN RICE CRACKER SEAWEED 111.3G,3,0.6,2.0,3.548992,LT_AN RICE CRACKER SEAWEED 111.3G_T63_2,1.0
CG_LT,63,,MM BIEN HOA,MM AN PHU,AN RICE CRACKER SEAWEED 111.3G,1,0.6,0.271458,0.571553,LT_AN RICE CRACKER SEAWEED 111.3G_T63_3,0.135729
CG_LT,63,,MM BIEN HOA,MM AN PHU,AN RICE CRACKER SEAWEED 111.3G,6,0.6,2.0,5.899905,LT_AN RICE CRACKER SEAWEED 111.3G_T63_4,1.0
CG_LT,63,,MM BINH PHU,MM AN PHU,AN RICE CRACKER SEAWEED 111.3G,3,0.6,2.0,3.645677,LT_AN RICE CRACKER SEAWEED 111.3G_T63_4,1.0
CG_LT,63,,MM HIEP PHU,MM AN PHU,AN RICE CRACKER SEAWEED 111.3G,6,0.6,2.0,5.506754,LT_AN RICE CRACKER SEAWEED 111.3G_T63_4,1.0
CG_LT,63,,MM HIEP PHU,MM DA NANG,AN RICE CRACKER SEAWEED 111.3G,7,0.6,2.0,6.481667,LT_AN RICE CRACKER SEAWEED 111.3G_T63_4,1.0
CG_LT,64,,MM BINH PHU,MM DA NANG,AN RICE CRACKER SEAWEED 111.3G,1,0.6,2.0,2.6,LT_AN RICE CRACKER SEAWEED 111.3G_T64_5,1.0
CG_LT,67,,MM BINH PHU,MM DA NANG,AN RICE CRACKER SEAWEED 111.3G,1,0.6,2.0,2.6403,LT_AN RICE CRACKER SEAWEED 111.3G_T67_2,1.0
CG_LT,67,,MM HIEP PHU,MM DA NANG,AN RICE CRACKER SEAWEED 111.3G,10,0.6,2.0,7.750004,LT_AN RICE CRACKER SEAWEED 111.3G_T67_2,1.0
CG_LT,67,,MM BINH PHU,MM AN PHU,AN RICE CRACKER SEAWEED 111.3G,0,0.6,0.254071,0.426225,LT_AN RICE CRACKER SEAWEED 111.3G_T67_3,0.127035
CG_LT,67,,MM BINH PHU,MM DA NANG,AN RICE CRACKER SEAWEED 111.3G,1,0.6,0.254071,0.933404,LT_AN RICE CRACKER SEAWEED 111.3G_T67_3,0.127035
CG_LT,67,,MM HIEP PHU,MM AN PHU,AN RICE CRACKER SEAWEED 111.3G,1,0.6,0.254071,0.968105,LT_AN RICE CRACKER SEAWEED 111.3G_T67_3,0.127035
CG_LT,67,,MM HIEP PHU,MM DA NANG,AN RICE CRACKER SEAWEED 111.3G,0,0.6,0.254071,0.384433,LT_AN RICE CRACKER SEAWEED 111.3G_T67_3,0.127035
CG_LT,68,,MM BINH PHU,MM DA NANG,AN RICE CRACKER SEAWEED 111.3G,1,0.6,0.747903,1.40778,LT_AN RICE CRACKER SEAWEED 111.3G_T68_1,0.373952
CG_LT,68,,MM HIEP PHU,MM AN PHU,AN RICE CRACKER SEAWEED 111.3G,2,0.6,0.747903,1.775851,LT_AN RICE CRACKER SEAWEED 111.3G_T68_1,0.373952
CG_LT,68,,MM BIEN HOA,MM DA NANG,AN RICE CRACKER SEAWEED 111.3G,9,0.6,2.0,7.488635,LT_AN RICE CRACKER SEAWEED 111.3G_T68_3,1.0
CG_LT,68,,MM BINH PHU,MM AN PHU,AN RICE CRACKER SEAWEED 111.3G,7,0.6,2.0,6.360397,LT_AN RICE CRACKER SEAWEED 111.3G_T68_3,1.0
CG_LT,68,,MM BINH PHU,MM DA NANG,AN RICE CRACKER SEAWEED 111.3G,9,0.6,2.0,7.356081,LT_AN RICE CRACKER SEAWEED 111.3G_T68_3,1.0
CG_LT,68,,MM HIEP PHU,MM DA NANG,AN RICE CRACKER SEAWEED 111.3G,1,0.6,2.0,2.716259,LT_AN RICE CRACKER SEAWEED 111.3G_T68_3,1.0
CG_LT,68,,MM BIEN HOA,MM AN PHU,AN RICE CRACKER SEAWEED 111.3G,0,0.6,0.201586,0.288174,LT_AN RICE CRACKER SEAWEED 111.3G_T68_4,0.100793
CG_LT,68,,MM BIEN HOA,MM DA NANG,AN RICE CRACKER SEAWEED 111.3G,1,0.6,0.201586,0.626363,LT_AN RICE CRACKER SEAWEED 111.3G_T68_4,0.100793
CG_LT,68,,MM BINH PHU,MM DA NANG,AN RICE CRACKER SEAWEED 111.3G,1,0.6,0.201586,0.755958,LT_AN RICE CRACKER SEAWEED 111.3G_T68_4,0.100793
CG_LT,69,,MM BINH PHU,MM DA NANG,AN RICE CRACKER SEAWEED 111.3G,7,0.6,2.0,6.148929,LT_AN RICE CRACKER SEAWEED 111.3G_T69_3,1.0
CG_LT,69,,MM HIEP PHU,MM DA NANG,AN RICE CRACKER SEAWEED 111.3G,7,0.6,2.0,6.237386,LT_AN RICE CRACKER SEAWEED 111.3G_T69_3,1.0
CG_LT,69,,MM BIEN HOA,MM DA NANG,AN RICE CRACKER SEAWEED 111.3G,0,0.6,0.003388,0.004537,LT_AN RICE CRACKER SEAWEED 111.3G_T69_5,0.001694
CG_LT,69,,MM BINH PHU,MM AN PHU,AN RICE CRACKER SEAWEED 111.3G,0,0.6,0.003388,0.004544,LT_AN RICE CRACKER SEAWEED 111.3G_T69_5,0.001694
CG_LT,69,,MM BINH PHU,MM DA NANG,AN RICE CRACKER SEAWEED 111.3G,0,0.6,0.003388,0.007695,LT_AN RICE CRACKER SEAWEED 111.3G_T69_5,0.001694
CG_LT,69,,MM HIEP PHU,MM DA NANG,AN RICE CRACKER SEAWEED 111.3G,0,0.6,0.003388,0.011617,LT_AN RICE CRACKER SEAWEED 111.3G_T69_5,0.001694
CG_LT,70,,MM BIEN HOA,MM DA NANG,AN RICE CRACKER SEAWEED 111.3G,3,0.6,1.796869,3.58327,LT_AN RICE CRACKER SEAWEED 111.3G_T70_5,0.898434
CG_LT,70,,MM BINH PHU,MM AN PHU,AN RICE CRACKER SEAWEED 111.3G,4,0.6,1.796869,4.322363,LT_AN RICE CRACKER SEAWEED 111.3G_T70_5,0.898434
CG_LT,70,,MM HIEP PHU,MM AN PHU,AN RICE CRACKER SEAWEED 111.3G,6,0.6,1.796869,5.356058,LT_AN RICE CRACKER SEAWEED 111.3G_T70_5,0.898434
CG_LT,70,,MM HIEP PHU,MM DA NANG,AN RICE CRACKER SEAWEED 111.3G,6,0.6,1.796869,5.248011,LT_AN RICE CRACKER SEAWEED 111.3G_T70_5,0.898434
CG_LT,71,,MM BIEN HOA,MM AN PHU,AN RICE CRACKER SEAWEED 111.3G,9,0.6,2.0,7.321571,LT_AN RICE CRACKER SEAWEED 111.3G_T71_3,1.0
CG_LT,72,,MM BIEN HOA,MM AN PHU,AN RICE CRACKER SEAWEED 111.3G,0,0.6,0.059463,0.123075,LT_AN RICE CRACKER SEAWEED 111.3G_T72_3,0.029731
CG_LT,72,,MM BIEN HOA,MM DA NANG,AN RICE CRACKER SEAWEED 111.3G,0,0.6,0.059463,0.152526,LT_AN RICE CRACKER SEAWEED 111.3G_T72_3,0.029731
CG_LT,72,,MM BINH PHU,MM AN PHU,AN RICE CRACKER SEAWEED 111.3G,0,0.6,0.059463,0.218834,LT_AN RICE CRACKER SEAWEED 111.3G_T72_3,0.029731
CG_LT,72,,MM BINH PHU,MM DA NANG,AN RICE CRACKER SEAWEED 111.3G,0,0.6,0.059463,0.214958,LT_AN RICE CRACKER SEAWEED 111.3G_T72_3,0.029731
CG_LT,72,,MM BIEN HOA,MM DA NANG,AN RICE CRACKER SEAWEED 111.3G,8,0.6,2.0,6.660441,LT_AN RICE CRACKER SEAWEED 111.3G_T72_4,1.0
CG_LT,72,,MM BINH PHU,MM DA NANG,AN RICE CRACKER SEAWEED 111.3G,3,0.6,2.0,4.045552,LT_AN RICE CRACKER SEAWEED 111.3G_T72_4,1.0
CG_LT,73,,MM BIEN HOA,MM DA NANG,AN RICE CRACKER SEAWEED 111.3G,0,0.6,0.594452,0.879191,LT_AN RICE CRACKER SEAWEED 111.3G_T73_5,0.297226
CG_LT,73,,MM BINH PHU,MM DA NANG,AN RICE CRACKER SEAWEED 111.3G,1,0.6,0.594452,1.488395,LT_AN RICE CRACKER SEAWEED 111.3G_T73_5,0.297226
CG_LT,73,,MM HIEP PHU,MM DA NANG,AN RICE CRACKER SEAWEED 111.3G,0,0.6,0.594452,0.866991,LT_AN RICE CRACKER SEAWEED 111.3G_T73_5,0.297226
CG_LT,74,,MM BIEN HOA,MM AN PHU,AN RICE CRACKER SEAWEED 111.3G,1,0.6,1.509583,1.962458,LT_AN RICE CRACKER SEAWEED 111.3G_T74_1,0.754792
CG_LT,74,,MM BINH PHU,MM DA NANG,AN RICE CRACKER SEAWEED 111.3G,7,0.6,1.509583,5.994646,LT_AN RICE CRACKER SEAWEED 111.3G_T74_1,0.754792
CG_LT,74,,MM HIEP PHU,MM BIEN HOA,AN RICE CRACKER SEAWEED 111.3G,1,0.6,1.509583,1.962458,LT_AN RICE CRACKER SEAWEED 111.3G_T74_1,0.754792
CG_LT,74,,MM HIEP PHU,MM DA NANG,AN RICE CRACKER SEAWEED 111.3G,8,0.6,2.0,6.514937,LT_AN RICE CRACKER SEAWEED 111.3G_T74_5,1.0
CG_LT,75,,MM HIEP PHU,MM DA NANG,AN RICE CRACKER SEAWEED 111.3G,5,0.6,2.0,4.903201,LT_AN RICE CRACKER SEAWEED 111.3G_T75_1,1.0
CG_LT,75,,MM BIEN HOA,MM DA NANG,AN RICE CRACKER SEAWEED 111.3G,1,0.6,2.0,2.676646,LT_AN RICE CRACKER SEAWEED 111.3G_T75_2,1.0
CG_LT,75,,MM BINH PHU,MM AN PHU,AN RICE CRACKER SEAWEED 111.3G,5,0.6,2.0,4.857196,LT_AN RICE CRACKER SEAWEED 111.3G_T75_2,1.0
CG_LT,75,,MM BINH PHU,MM BIEN HOA,AN RICE CRACKER SEAWEED 111.3G,4,0.6,2.0,4.359261,LT_AN RICE CRACKER SEAWEED 111.3G_T75_2,1.0
CG_LT,75,,MM HIEP PHU,MM AN PHU,AN RICE CRACKER SEAWEED 111.3G,7,0.6,2.0,6.128309,LT_AN RICE CRACKER SEAWEED 111.3G_T75_2,1.0
CG_LT,75,,MM HIEP PHU,MM AN PHU,AN RICE CRACKER SEAWEED 111.3G,6,0.6,2.0,5.522558,LT_AN RICE CRACKER SEAWEED 111.3G_T75_3,1.0
CG_LT,75,,MM BIEN HOA,MM DA NANG,AN RICE CRACKER SEAWEED 111.3G,2,0.6,1.961378,3.084731,LT_AN RICE CRACKER SEAWEED 111.3G_T75_4,0.980689
CG_LT,75,,MM BINH PHU,MM AN PHU,AN RICE CRACKER SEAWEED 111.3G,6,0.6,1.961378,5.817787,LT_AN RICE CRACKER SEAWEED 111.3G_T75_4,0.980689
CG_LT,75,,MM BINH PHU,MM BIEN HOA,AN RICE CRACKER SEAWEED 111.3G,3,0.6,1.961378,3.545457,LT_AN RICE CRACKER SEAWEED 111.3G_T75_4,0.980689
CG_LT,76,,MM AN PHU,MM DA NANG,AN RICE CRACKER SEAWEED 111.3G,1,0.6,1.091496,1.642585,LT_AN RICE CRACKER SEAWEED 111.3G_T76_1,0.545748
CG_LT,76,,MM BIEN HOA,MM DA NANG,AN RICE CRACKER SEAWEED 111.3G,5,0.6,1.091496,4.177542,LT_AN RICE CRACKER SEAWEED 111.3G_T76_1,0.545748
CG_LT,76,,MM BINH PHU,MM DA NANG,AN RICE CRACKER SEAWEED 111.3G,1,0.6,1.091496,1.976004,LT_AN RICE CRACKER SEAWEED 111.3G_T76_1,0.545748
CG_LT,76,,MM HIEP PHU,MM DA NANG,AN RICE CRACKER SEAWEED 111.3G,2,0.6,1.091496,2.39362,LT_AN RICE CRACKER SEAWEED 111.3G_T76_1,0.545748
CG_LT,76,,MM BIEN HOA,MM DA NANG,AN RICE CRACKER SEAWEED 111.3G,8,0.6,2.0,6.924918,LT_AN RICE CRACKER SEAWEED 111.3G_T76_2,1.0
CG_LT,76,,MM BINH PHU,MM DA NANG,AN RICE CRACKER SEAWEED 111.3G,5,0.6,2.0,5.083099,LT_AN RICE CRACKER SEAWEED 111.3G_T76_2,1.0
CG_LT,76,,MM HIEP PHU,MM DA NANG,AN RICE CRACKER SEAWEED 111.3G,4,0.6,2.0,4.301507,LT_AN RICE CRACKER SEAWEED 111.3G_T76_2,1.0
CG_LT,76,,MM AN PHU,MM DA NANG,AN RICE CRACKER SEAWEED 111.3G,4,0.6,2.0,4.651989,LT_AN RICE CRACKER SEAWEED 111.3G_T76_3,1.0
CG_LT,76,,MM BINH PHU,MM DA NANG,AN RICE CRACKER SEAWEED 111.3G,8,0.6,2.0,6.693693,LT_AN RICE CRACKER SEAWEED 111.3G_T76_3,1.0
CG_LT,76,,MM BIEN HOA,MM DA NANG,AN RICE CRACKER SEAWEED 111.3G,2,0.6,2.0,2.983283,LT_AN RICE CRACKER SEAWEED 111.3G_T76_4,1.0
CG_LT,76,,MM BINH PHU,MM DA NANG,AN RICE CRACKER SEAWEED 111.3G,8,0.6,2.0,6.576123,LT_AN RICE CRACKER SEAWEED 111.3G_T76_4,1.0
CG_LT,76,,MM HIEP PHU,MM DA NANG,AN RICE CRACKER SEAWEED 111.3G,8,0.6,2.0,6.574102,LT_AN RICE CRACKER SEAWEED 111.3G_T76_4,1.0
CG_LT,77,,MM AN PHU,MM DA NANG,AN RICE CRACKER SEAWEED 111.3G,2,0.6,0.441991,1.546907,LT_AN RICE CRACKER SEAWEED 111.3G_T77_1,0.220995
CG_LT,77,,MM BIEN HOA,MM DA NANG,AN RICE CRACKER SEAWEED 111.3G,0,0.6,0.441991,0.633891,LT_AN RICE CRACKER SEAWEED 111.3G_T77_1,0.220995
CG_LT,77,,MM BINH PHU,MM DA NANG,AN RICE CRACKER SEAWEED 111.3G,1,0.6,0.441991,1.007333,LT_AN RICE CRACKER SEAWEED 111.3G_T77_1,0.220995
CG_LT,77,,MM HIEP PHU,MM DA NANG,AN RICE CRACKER SEAWEED 111.3G,2,0.6,0.441991,1.635486,LT_AN RICE CRACKER SEAWEED 111.3G_T77_1,0.220995
CG_LT,77,,MM BIEN HOA,MM DA NANG,AN RICE CRACKER SEAWEED 111.3G,6,0.6,2.0,5.46674,LT_AN RICE CRACKER SEAWEED 111.3G_T77_4,1.0
CG_LT,77,,MM BIEN HOA,MM DA NANG,AN RICE CRACKER SEAWEED 111.3G,8,0.6,2.0,7.068981,LT_AN RICE CRACKER SEAWEED 111.3G_T77_5,1.0
CG_LT,77,,MM HIEP PHU,MM DA NANG,AN RICE CRACKER SEAWEED 111.3G,5,0.6,2.0,5.054441,LT_AN RICE CRACKER SEAWEED 111.3G_T77_5,1.0
CG_LT,7,,MM BIEN HOA,MM AN PHU,AN RICE CRACKER SEAWEED 111.3G,1,0.6,2.0,2.654821,LT_AN RICE CRACKER SEAWEED 111.3G_T7_1,1.0
CG_LT,7,,MM BIEN HOA,MM HIEP PHU,AN RICE CRACKER SEAWEED 111.3G,5,0.6,2.0,5.090999,LT_AN RICE CRACKER SEAWEED 111.3G_T7_1,1.0
CG_LT,7,,MM BINH PHU,MM AN PHU,AN RICE CRACKER SEAWEED 111.3G,5,0.6,2.0,5.064238,LT_AN RICE CRACKER SEAWEED 111.3G_T7_1,1.0
CG_LT,7,,MM BINH PHU,MM DA NANG,AN RICE CRACKER SEAWEED 111.3G,4,0.6,2.0,4.644387,LT_AN RICE CRACKER SEAWEED 111.3G_T7_1,1.0
CG_LT,7,,MM BIEN HOA,MM AN PHU,AN RICE CRACKER SEAWEED 111.3G,5,0.6,0.959655,3.800655,LT_AN RICE CRACKER SEAWEED 111.3G_T7_3,0.479827
CG_LT,7,,MM BINH PHU,MM AN PHU,AN RICE CRACKER SEAWEED 111.3G,3,0.6,0.959655,3.046286,LT_AN RICE CRACKER SEAWEED 111.3G_T7_3,0.479827
CG_LT,7,,MM BINH PHU,MM DA NANG,AN RICE CRACKER SEAWEED 111.3G,2,0.6,0.959655,2.29488,LT_AN RICE CRACKER SEAWEED 111.3G_T7_3,0.479827
CG_LT,7,,MM DA NANG,MM AN PHU,AN RICE CRACKER SEAWEED 111.3G,1,0.6,0.959655,1.437953,LT_AN RICE CRACKER SEAWEED 111.3G_T7_3,0.479827
CG_LT,7,,MM BIEN HOA,MM HIEP PHU,AN RICE CRACKER SEAWEED 111.3G,8,0.6,2.0,7.053687,LT_AN RICE CRACKER SEAWEED 111.3G_T7_5,1.0
CG_LT,80,,MM AN PHU,MM BIEN HOA,AN RICE CRACKER SEAWEED 111.3G,8,0.6,1.709029,6.223154,LT_AN RICE CRACKER SEAWEED 111.3G_T80_2,0.854515
CG_LT,80,,MM AN PHU,MM DA NANG,AN RICE CRACKER SEAWEED 111.3G,4,0.6,1.709029,3.876322,LT_AN RICE CRACKER SEAWEED 111.3G_T80_2,0.854515
CG_LT,80,,MM HIEP PHU,MM DA NANG,AN RICE CRACKER SEAWEED 111.3G,4,0.6,1.709029,4.191685,LT_AN RICE CRACKER SEAWEED 111.3G_T80_2,0.854515
CG_LT,81,,MM BIEN HOA,MM AN PHU,AN RICE CRACKER SEAWEED 111.3G,10,0.6,2.0,7.954079,LT_AN RICE CRACKER SEAWEED 111.3G_T81_5,1.0
CG_LT,81,,MM HIEP PHU,MM AN PHU,AN RICE CRACKER SEAWEED 111.3G,8,0.6,2.0,6.621007,LT_AN RICE CRACKER SEAWEED 111.3G_T81_5,1.0
CG_LT,82,,MM BINH PHU,MM AN PHU,AN RICE CRACKER SEAWEED 111.3G,6,0.6,2.0,5.462058,LT_AN RICE CRACKER SEAWEED 111.3G_T82_3,1.0
CG_LT,82,,MM DA NANG,MM AN PHU,AN RICE CRACKER SEAWEED 111.3G,7,0.6,2.0,6.473177,LT_AN RICE CRACKER SEAWEED 111.3G_T82_3,1.0
CG_LT,82,,MM HIEP PHU,MM AN PHU,AN RICE CRACKER SEAWEED 111.3G,7,0.6,2.0,6.294009,LT_AN RICE CRACKER SEAWEED 111.3G_T82_3,1.0
CG_LT,82,,MM BINH PHU,MM AN PHU,AN RICE CRACKER SEAWEED 111.3G,1,0.6,0.420022,1.222126,LT_AN RICE CRACKER SEAWEED 111.3G_T82_4,0.210011
CG_LT,82,,MM DA NANG,MM AN PHU,AN RICE CRACKER SEAWEED 111.3G,1,0.6,0.420022,1.235337,LT_AN RICE CRACKER SEAWEED 111.3G_T82_4,0.210011
CG_LT,82,,MM HIEP PHU,MM AN PHU,AN RICE CRACKER SEAWEED 111.3G,1,0.6,0.420022,1.269998,LT_AN RICE CRACKER SEAWEED 111.3G_T82_4,0.210011
CG_LT,89,,MM BINH PHU,MM AN PHU,AN RICE CRACKER SEAWEED 111.3G,10,0.6,2.0,7.762035,LT_AN RICE CRACKER SEAWEED 111.3G_T89_1,1.0
CG_LT,89,,MM BINH PHU,MM DA NANG,AN RICE CRACKER SEAWEED 111.3G,9,0.6,2.0,7.212351,LT_AN RICE CRACKER SEAWEED 111.3G_T89_1,1.0
CG_LT,89,,MM HIEP PHU,MM DA NANG,AN RICE CRACKER SEAWEED 111.3G,3,0.6,2.0,3.972867,LT_AN RICE CRACKER SEAWEED 111.3G_T89_1,1.0
CG_LT,89,,MM BIEN HOA,MM AN PHU,AN RICE CRACKER SEAWEED 111.3G,3,0.6,2.0,3.795898,LT_AN RICE CRACKER SEAWEED 111.3G_T89_3,1.0
CG_LT,89,,MM HIEP PHU,MM AN PHU,AN RICE CRACKER SEAWEED 111.3G,8,0.6,2.0,6.603248,LT_AN RICE CRACKER SEAWEED 111.3G_T89_3,1.0
CG_LT,89,,MM HIEP PHU,MM DA NANG,AN RICE CRACKER SEAWEED 111.3G,8,0.6,2.0,6.7449,LT_AN RICE CRACKER SEAWEED 111.3G_T89_3,1.0
CG_LT,8,,MM BINH PHU,MM HIEP PHU,AN RICE CRACKER SEAWEED 111.3G,7,0.6,2.0,5.999935,LT_AN RICE CRACKER SEAWEED 111.3G_T8_2,1.0
CG_LT,8,,MM BIEN HOA,MM AN PHU,AN RICE CRACKER SEAWEED 111.3G,7,0.6,2.0,6.209615,LT_AN RICE CRACKER SEAWEED 111.3G_T8_3,1.0
CG_LT,8,,MM BINH PHU,MM AN PHU,AN RICE CRACKER SEAWEED 111.3G,8,0.6,2.0,6.596888,LT_AN RICE CRACKER SEAWEED 111.3G_T8_3,1.0
CG_LT,8,,MM BINH PHU,MM BIEN HOA,AN RICE CRACKER SEAWEED 111.3G,3,0.6,2.0,3.908677,LT_AN RICE CRACKER SEAWEED 111.3G_T8_3,1.0
CG_LT,8,,MM BINH PHU,MM HIEP PHU,AN RICE CRACKER SEAWEED 111.3G,9,0.6,2.0,7.303817,LT_AN RICE CRACKER SEAWEED 111.3G_T8_3,1.0
CG_LT,8,,MM BIEN HOA,MM AN PHU,AN RICE CRACKER SEAWEED 111.3G,2,0.6,0.408674,1.492791,LT_AN RICE CRACKER SEAWEED 111.3G_T8_4,0.204337
CG_LT,8,,MM BIEN HOA,MM DA NANG,AN RICE CRACKER SEAWEED 111.3G,1,0.6,0.408674,1.106811,LT_AN RICE CRACKER SEAWEED 111.3G_T8_4,0.204337
CG_LT,90,,MM BIEN HOA,MM AN PHU,AN RICE CRACKER SEAWEED 111.3G,3,0.6,1.567419,3.388192,LT_AN RICE CRACKER SEAWEED 111.3G_T90_3,0.783709
CG_LT,90,,MM BINH PHU,MM AN PHU,AN RICE CRACKER SEAWEED 111.3G,6,0.6,1.567419,5.415075,LT_AN RICE CRACKER SEAWEED 111.3G_T90_3,0.783709
CG_LT,90,,MM BIEN HOA,MM AN PHU,AN RICE CRACKER SEAWEED 111.3G,1,0.6,1.658482,2.237709,LT_AN RICE CRACKER SEAWEED 111.3G_T90_4,0.829241
CG_LT,90,,MM HIEP PHU,MM AN PHU,AN RICE CRACKER SEAWEED 111.3G,6,0.6,1.658482,5.398905,LT_AN RICE CRACKER SEAWEED 111.3G_T90_4,0.829241
CG_LT,90,,MM HIEP PHU,MM DA NANG,AN RICE CRACKER SEAWEED 111.3G,8,0.6,1.658482,6.439665,LT_AN RICE CRACKER SEAWEED 111.3G_T90_4,0.829241
CG_LT,92,,MM BINH PHU,MM DA NANG,AN RICE CRACKER SEAWEED 111.3G,8,0.6,2.0,6.629697,LT_AN RICE CRACKER SEAWEED 111.3G_T92_2,1.0
CG_LT,92,,MM BIEN HOA,MM DA NANG,AN RICE CRACKER SEAWEED 111.3G,2,0.6,0.933118,2.088641,LT_AN RICE CRACKER SEAWEED 111.3G_T92_4,0.466559
CG_LT,92,,MM HIEP PHU,MM DA NANG,AN RICE CRACKER SEAWEED 111.3G,2,0.6,0.933118,2.347898,LT_AN RICE CRACKER SEAWEED 111.3G_T92_4,0.466559
CG_LT,93,,MM BIEN HOA,MM AN PHU,AN RICE CRACKER SEAWEED 111.3G,4,0.6,2.0,4.281732,LT_AN RICE CRACKER SEAWEED 111.3G_T93_1,1.0
CG_LT,93,,MM BINH PHU,MM DA NANG,AN RICE CRACKER SEAWEED 111.3G,2,0.6,2.0,3.021582,LT_AN RICE CRACKER SEAWEED 111.3G_T93_1,1.0
CG_LT,93,,MM HIEP PHU,MM AN PHU,AN RICE CRACKER SEAWEED 111.3G,5,0.6,2.0,4.920171,LT_AN RICE CRACKER SEAWEED 111.3G_T93_1,1.0
CG_LT,93,,MM HIEP PHU,MM DA NANG,AN RICE CRACKER SEAWEED 111.3G,2,0.6,2.0,3.475659,LT_AN RICE CRACKER SEAWEED 111.3G_T93_1,1.0
CG_LT,93,,MM HIEP PHU,MM DA NANG,AN RICE CRACKER SEAWEED 111.3G,2,0.6,2.0,2.975167,LT_AN RICE CRACKER SEAWEED 111.3G_T93_2,1.0
CG_LT,93,,MM BIEN HOA,MM AN PHU,AN RICE CRACKER SEAWEED 111.3G,4,0.6,2.0,4.415716,LT_AN RICE CRACKER SEAWEED 111.3G_T93_3,1.0
CG_LT,93,,MM BIEN HOA,MM DA NANG,AN RICE CRACKER SEAWEED 111.3G,4,0.6,2.0,4.557401,LT_AN RICE CRACKER SEAWEED 111.3G_T93_3,1.0
CG_LT,93,,MM BINH PHU,MM AN PHU,AN RICE CRACKER SEAWEED 111.3G,6,0.6,2.0,5.570061,LT_AN RICE CRACKER SEAWEED 111.3G_T93_3,1.0
CG_LT,93,,MM BIEN HOA,MM DA NANG,AN RICE CRACKER SEAWEED 111.3G,1,0.6,2.0,2.765186,LT_AN RICE CRACKER SEAWEED 111.3G_T93_4,1.0
CG_LT,93,,MM BINH PHU,MM AN PHU,AN RICE CRACKER SEAWEED 111.3G,2,0.6,2.0,3.305514,LT_AN RICE CRACKER SEAWEED 111.3G_T93_4,1.0
CG_LT,93,,MM HIEP PHU,MM AN PHU,AN RICE CRACKER SEAWEED 111.3G,10,0.6,2.0,7.994667,LT_AN RICE CRACKER SEAWEED 111.3G_T93_4,1.0
CG_LT,93,,MM HIEP PHU,MM DA NANG,AN RICE CRACKER SEAWEED 111.3G,4,0.6,2.0,4.229511,LT_AN RICE CRACKER SEAWEED 111.3G_T93_4,1.0
CG_LT,93,,MM BINH PHU,MM AN PHU,AN RICE CRACKER SEAWEED 111.3G,8,0.6,2.0,6.870955,LT_AN RICE CRACKER SEAWEED 111.3G_T93_5,1.0
CG_LT,93,,MM HIEP PHU,MM AN PHU,AN RICE CRACKER SEAWEED 111.3G,4,0.6,2.0,4.474396,LT_AN RICE CRACKER SEAWEED 111.3G_T93_5,1.0
CG_LT,93,,MM HIEP PHU,MM DA NANG,AN RICE CRACKER SEAWEED 111.3G,9,0.6,2.0,7.180226,LT_AN RICE CRACKER SEAWEED 111.3G_T93_5,1.0
CG_LT,94,,MM BIEN HOA,MM DA NANG,AN RICE CRACKER SEAWEED 111.3G,3,0.6,1.595119,3.39729,LT_AN RICE CRACKER SEAWEED 111.3G_T94_3,0.79756
CG_LT,95,,MM BIEN HOA,MM AN PHU,AN RICE CRACKER SEAWEED 111.3G,4,0.6,0.851052,3.165035,LT_AN RICE CRACKER SEAWEED 111.3G_T95_2,0.425526
CG_LT,95,,MM BINH PHU,MM AN PHU,AN RICE CRACKER SEAWEED 111.3G,3,0.6,0.851052,2.657169,LT_AN RICE CRACKER SEAWEED 111.3G_T95_2,0.425526
CG_LT,95,,MM BINH PHU,MM DA NANG,AN RICE CRACKER SEAWEED 111.3G,3,0.6,0.851052,2.619364,LT_AN RICE CRACKER SEAWEED 111.3G_T95_2,0.425526
CG_LT,95,,MM BIEN HOA,MM DA NANG,AN RICE CRACKER SEAWEED 111.3G,3,0.6,2.0,3.879073,LT_AN RICE CRACKER SEAWEED 111.3G_T95_3,1.0
CG_LT,95,,MM BINH PHU,MM AN PHU,AN RICE CRACKER SEAWEED 111.3G,10,0.6,2.0,7.81773,LT_AN RICE CRACKER SEAWEED 111.3G_T95_3,1.0
CG_LT,95,,MM HIEP PHU,MM AN PHU,AN RICE CRACKER SEAWEED 111.3G,6,0.6,2.0,5.703469,LT_AN RICE CRACKER SEAWEED 111.3G_T95_3,1.0
CG_LT,95,,MM BIEN HOA,MM AN PHU,AN RICE CRACKER SEAWEED 111.3G,5,0.6,2.0,4.773161,LT_AN RICE CRACKER SEAWEED 111.3G_T95_4,1.0
CG_LT,97,,MM BIEN HOA,MM AN PHU,AN RICE CRACKER SEAWEED 111.3G,5,0.6,1.057176,3.863253,LT_AN RICE CRACKER SEAWEED 111.3G_T97_2,0.528588
CG_LT,97,,MM BINH PHU,MM AN PHU,AN RICE CRACKER SEAWEED 111.3G,2,0.6,1.057176,2.246787,LT_AN RICE CRACKER SEAWEED 111.3G_T97_2,0.528588
CG_LT,98,,MM BIEN HOA,MM DA NANG,AN RICE CRACKER SEAWEED 111.3G,1,0.6,0.704891,1.041927,LT_AN RICE CRACKER SEAWEED 111.3G_T98_5,0.352445
CG_LT,98,,MM BINH PHU,MM DA NANG,AN RICE CRACKER SEAWEED 111.3G,1,0.6,0.704891,1.592574,LT_AN RICE CRACKER SEAWEED 111.3G_T98_5,0.352445
CG_LT,99,,MM BIEN HOA,MM AN PHU,AN RICE CRACKER SEAWEED 111.3G,8,0.6,1.849238,6.936499,LT_AN RICE CRACKER SEAWEED 111.3G_T99_1,0.924619
CG_LT,99,,MM BINH PHU,MM DA NANG,AN RICE CRACKER SEAWEED 111.3G,4,0.6,1.849238,3.972766,LT_AN RICE CRACKER SEAWEED 111.3G_T99_1,0.924619
CG_LT,99,,MM HIEP PHU,MM DA NANG,AN RICE CRACKER SEAWEED 111.3G,9,0.6,1.849238,7.127574,LT_AN RICE CRACKER SEAWEED 111.3G_T99_1,0.924619
CG_LT,100,,MM HIEP PHU,MM AN PHU,OREO VANILLA 110.4/105G,2,0.6,1.037386,2.186197,LT_OREO VANILLA 110.4/105G_T100_1,0.518693
CG_LT,100,,MM HIEP PHU,MM DA NANG,OREO VANILLA 110.4/105G,3,0.6,1.037386,2.656581,LT_OREO VANILLA 110.4/105G_T100_1,0.518693
CG_LT,100,,MM BIEN HOA,MM AN PHU,OREO VANILLA 110.4/105G,2,0.6,2.0,3.280499,LT_OREO VANILLA 110.4/105G_T100_3,1.0
CG_LT,100,,MM BIEN HOA,MM DA NANG,OREO VANILLA 110.4/105G,8,0.6,2.0,6.962821,LT_OREO VANILLA 110.4/105G_T100_3,1.0
CG_LT,100,,MM HIEP PHU,MM DA NANG,OREO VANILLA 110.4/105G,10,0.6,2.0,7.839028,LT_OREO VANILLA 110.4/105G_T100_3,1.0
CG_LT,100,,MM BIEN HOA,MM AN PHU,OREO VANILLA 110.4/105G,6,0.6,2.0,5.307789,LT_OREO VANILLA 110.4/105G_T100_4,1.0
CG_LT,100,,MM BIEN HOA,MM DA NANG,OREO VANILLA 110.4/105G,3,0.6,2.0,3.569784,LT_OREO VANILLA 110.4/105G_T100_4,1.0
CG_LT,100,,MM HIEP PHU,MM DA NANG,OREO VANILLA 110.4/105G,9,0.6,2.0,7.10678,LT_OREO VANILLA 110.4/105G_T100_4,1.0
CG_LT,102,,MM BIEN HOA,MM AN PHU,OREO VANILLA 110.4/105G,1,0.6,2.0,2.779078,LT_OREO VANILLA 110.4/105G_T102_3,1.0
CG_LT,102,,MM HIEP PHU,MM DA NANG,OREO VANILLA 110.4/105G,9,0.6,2.0,7.690078,LT_OREO VANILLA 110.4/105G_T102_3,1.0
CG_LT,102,,MM BIEN HOA,MM AN PHU,OREO VANILLA 110.4/105G,5,0.6,1.734146,4.559764,LT_OREO VANILLA 110.4/105G_T102_4,0.867073
CG_LT,102,,MM BIEN HOA,MM DA NANG,OREO VANILLA 110.4/105G,7,0.6,1.734146,6.166134,LT_OREO VANILLA 110.4/105G_T102_4,0.867073
CG_LT,102,,MM BINH PHU,MM AN PHU,OREO VANILLA 110.4/105G,6,0.6,1.734146,5.224635,LT_OREO VANILLA 110.4/105G_T102_4,0.867073
CG_LT,102,,MM BINH PHU,MM DA NANG,OREO VANILLA 110.4/105G,9,0.6,1.734146,6.919899,LT_OREO VANILLA 110.4/105G_T102_4,0.867073
CG_LT,102,,MM BINH PHU,MM DA NANG,OREO VANILLA 110.4/105G,9,0.6,2.0,7.539402,LT_OREO VANILLA 110.4/105G_T102_5,1.0
CG_LT,102,,MM HIEP PHU,MM DA NANG,OREO VANILLA 110.4/105G,6,0.6,2.0,5.669531,LT_OREO VANILLA 110.4/105G_T102_5,1.0
CG_LT,103,,MM BINH PHU,MM DA NANG,OREO VANILLA 110.4/105G,7,0.6,1.931312,6.106848,LT_OREO VANILLA 110.4/105G_T103_1,0.965656
CG_LT,103,,MM HIEP PHU,MM AN PHU,OREO VANILLA 110.4/105G,3,0.6,1.931312,3.738114,LT_OREO VANILLA 110.4/105G_T103_1,0.965656
CG_LT,103,,MM HIEP PHU,MM DA NANG,OREO VANILLA 110.4/105G,4,0.6,1.931312,4.279286,LT_OREO VANILLA 110.4/105G_T103_1,0.965656
CG_LT,103,,MM BIEN HOA,MM DA NANG,OREO VANILLA 110.4/105G,9,0.6,2.0,7.195082,LT_OREO VANILLA 110.4/105G_T103_2,1.0
CG_LT,104,,MM HIEP PHU,MM DA NANG,OREO VANILLA 110.4/105G,2,0.6,1.76167,2.955118,LT_OREO VANILLA 110.4/105G_T104_1,0.880835
CG_LT,104,,MM BINH PHU,MM DA NANG,OREO VANILLA 110.4/105G,6,0.6,2.0,5.566448,LT_OREO VANILLA 110.4/105G_T104_2,1.0
CG_LT,104,,MM HIEP PHU,MM DA NANG,OREO VANILLA 110.4/105G,3,0.6,2.0,3.551686,LT_OREO VANILLA 110.4/105G_T104_3,1.0
CG_LT,104,,MM BIEN HOA,MM DA NANG,OREO VANILLA 110.4/105G,6,0.6,2.0,5.576041,LT_OREO VANILLA 110.4/105G_T104_5,1.0
CG_LT,104,,MM HIEP PHU,MM AN PHU,OREO VANILLA 110.4/105G,4,0.6,2.0,4.683974,LT_OREO VANILLA 110.4/105G_T104_5,1.0
CG_LT,105,,MM BIEN HOA,MM AN PHU,OREO VANILLA 110.4/105G,3,0.6,0.726705,2.635582,LT_OREO VANILLA 110.4/105G_T105_1,0.363353
CG_LT,105,,MM BINH PHU,MM AN PHU,OREO VANILLA 110.4/105G,1,0.6,0.726705,1.228218,LT_OREO VANILLA 110.4/105G_T105_1,0.363353
CG_LT,105,,MM BINH PHU,MM DA NANG,OREO VANILLA 110.4/105G,2,0.6,0.726705,1.898642,LT_OREO VANILLA 110.4/105G_T105_1,0.363353
CG_LT,105,,MM HIEP PHU,MM AN PHU,OREO VANILLA 110.4/105G,4,0.6,0.726705,2.868997,LT_OREO VANILLA 110.4/105G_T105_1,0.363353
CG_LT,105,,MM BIEN HOA,MM AN PHU,OREO VANILLA 110.4/105G,4,0.6,2.0,4.414739,LT_OREO VANILLA 110.4/105G_T105_2,1.0
CG_LT,105,,MM BINH PHU,MM DA NANG,OREO VANILLA 110.4/105G,7,0.6,2.0,6.072846,LT_OREO VANILLA 110.4/105G_T105_2,1.0
CG_LT,105,,MM BIEN HOA,MM DA NANG,OREO VANILLA 110.4/105G,5,0.6,2.0,4.750877,LT_OREO VANILLA 110.4/105G_T105_3,1.0
CG_LT,105,,MM BINH PHU,MM AN PHU,OREO VANILLA 110.4/105G,8,0.6,2.0,6.782784,LT_OREO VANILLA 110.4/105G_T105_3,1.0
CG_LT,105,,MM BINH PHU,MM DA NANG,OREO VANILLA 110.4/105G,3,0.6,2.0,3.726779,LT_OREO VANILLA 110.4/105G_T105_3,1.0
CG_LT,105,,MM HIEP PHU,MM AN PHU,OREO VANILLA 110.4/105G,8,0.6,2.0,6.886529,LT_OREO VANILLA 110.4/105G_T105_3,1.0
CG_LT,105,,MM BINH PHU,MM DA NANG,OREO VANILLA 110.4/105G,9,0.6,2.0,7.444656,LT_OREO VANILLA 110.4/105G_T105_4,1.0
CG_LT,105,,MM HIEP PHU,MM AN PHU,OREO VANILLA 110.4/105G,3,0.6,2.0,4.03511,LT_OREO VANILLA 110.4/105G_T105_4,1.0
CG_LT,105,,MM HIEP PHU,MM DA NANG,OREO VANILLA 110.4/105G,9,0.6,2.0,7.49871,LT_OREO VANILLA 110.4/105G_T105_4,1.0
CG_LT,105,,MM BIEN HOA,MM AN PHU,OREO VANILLA 110.4/105G,3,0.6,2.0,3.51101,LT_OREO VANILLA 110.4/105G_T105_5,1.0
CG_LT,105,,MM BIEN HOA,MM DA NANG,OREO VANILLA 110.4/105G,7,0.6,2.0,6.384994,LT_OREO VANILLA 110.4/105G_T105_5,1.0
CG_LT,105,,MM BINH PHU,MM AN PHU,OREO VANILLA 110.4/105G,2,0.6,2.0,3.089166,LT_OREO VANILLA 110.4/105G_T105_5,1.0
CG_LT,105,,MM BINH PHU,MM DA NANG,OREO VANILLA 110.4/105G,7,0.6,2.0,6.349202,LT_OREO VANILLA 110.4/105G_T105_5,1.0
CG_LT,10,,MM HIEP PHU,MM AN PHU,OREO VANILLA 110.4/105G,10,0.6,2.0,7.845388,LT_OREO VANILLA 110.4/105G_T10_1,1.0
CG_LT,10,,MM HIEP PHU,MM AN PHU,OREO VANILLA 110.4/105G,4,0.6,2.0,4.484944,LT_OREO VANILLA 110.4/105G_T10_2,1.0
CG_LT,10,,MM HIEP PHU,MM BIEN HOA,OREO VANILLA 110.4/105G,3,0.6,2.0,3.556336,LT_OREO VANILLA 110.4/105G_T10_2,1.0
CG_LT,10,,MM HIEP PHU,MM AN PHU,OREO VANILLA 110.4/105G,3,0.6,2.0,3.685649,LT_OREO VANILLA 110.4/105G_T10_3,1.0
CG_LT,10,,MM HIEP PHU,MM BIEN HOA,OREO VANILLA 110.4/105G,1,0.6,2.0,2.81362,LT_OREO VANILLA 110.4/105G_T10_3,1.0
CG_LT,10,,MM HIEP PHU,MM DA NANG,OREO VANILLA 110.4/105G,6,0.6,2.0,5.68997,LT_OREO VANILLA 110.4/105G_T10_3,1.0
CG_LT,10,,MM HIEP PHU,MM AN PHU,OREO VANILLA 110.4/105G,8,0.6,2.0,6.865089,LT_OREO VANILLA 110.4/105G_T10_4,1.0
CG_LT,10,,MM HIEP PHU,MM BIEN HOA,OREO VANILLA 110.4/105G,7,0.6,2.0,6.074508,LT_OREO VANILLA 110.4/105G_T10_4,1.0
CG_LT,10,,MM HIEP PHU,MM DA NANG,OREO VANILLA 110.4/105G,1,0.6,2.0,2.691819,LT_OREO VANILLA 110.4/105G_T10_4,1.0
CG_LT,10,,MM HIEP PHU,MM BIEN HOA,OREO VANILLA 110.4/105G,8,0.6,2.0,6.80989,LT_OREO VANILLA 110.4/105G_T10_5,1.0
CG_LT,111,,MM BIEN HOA,MM AN PHU,OREO VANILLA 110.4/105G,0,0.6,0.54976,0.845005,LT_OREO VANILLA 110.4/105G_T111_1,0.27488
CG_LT,111,,MM BINH PHU,MM AN PHU,OREO VANILLA 110.4/105G,1,0.6,0.54976,0.887854,LT_OREO VANILLA 110.4/105G_T111_1,0.27488
CG_LT,111,,MM DA NANG,MM AN PHU,OREO VANILLA 110.4/105G,2,0.6,0.54976,1.58092,LT_OREO VANILLA 110.4/105G_T111_1,0.27488
CG_LT,111,,MM HIEP PHU,MM AN PHU,OREO VANILLA 110.4/105G,1,0.6,0.54976,1.121801,LT_OREO VANILLA 110.4/105G_T111_1,0.27488
CG_LT,111,,MM BIEN HOA,MM AN PHU,OREO VANILLA 110.4/105G,8,0.6,2.0,6.560763,LT_OREO VANILLA 110.4/105G_T111_2,1.0
CG_LT,111,,MM DA NANG,MM AN PHU,OREO VANILLA 110.4/105G,1,0.6,2.0,2.60645,LT_OREO VANILLA 110.4/105G_T111_2,1.0
CG_LT,111,,MM HIEP PHU,MM AN PHU,OREO VANILLA 110.4/105G,7,0.6,2.0,6.32152,LT_OREO VANILLA 110.4/105G_T111_2,1.0
CG_LT,111,,MM BIEN HOA,MM AN PHU,OREO VANILLA 110.4/105G,8,0.6,2.0,6.674577,LT_OREO VANILLA 110.4/105G_T111_4,1.0
CG_LT,111,,MM DA NANG,MM AN PHU,OREO VANILLA 110.4/105G,3,0.6,2.0,3.659877,LT_OREO VANILLA 110.4/105G_T111_4,1.0
CG_LT,111,,MM HIEP PHU,MM AN PHU,OREO VANILLA 110.4/105G,4,0.6,2.0,4.105089,LT_OREO VANILLA 110.4/105G_T111_4,1.0
CG_LT,111,,MM BIEN HOA,MM AN PHU,OREO VANILLA 110.4/105G,6,0.6,2.0,5.736716,LT_OREO VANILLA 110.4/105G_T111_5,1.0
CG_LT,111,,MM BINH PHU,MM AN PHU,OREO VANILLA 110.4/105G,9,0.6,2.0,7.599958,LT_OREO VANILLA 110.4/105G_T111_5,1.0
CG_LT,111,,MM DA NANG,MM AN PHU,OREO VANILLA 110.4/105G,1,0.6,2.0,2.688296,LT_OREO VANILLA 110.4/105G_T111_5,1.0
CG_LT,111,,MM HIEP PHU,MM AN PHU,OREO VANILLA 110.4/105G,10,0.6,2.0,7.834214,LT_OREO VANILLA 110.4/105G_T111_5,1.0
CG_LT,112,,MM BIEN HOA,MM AN PHU,OREO VANILLA 110.4/105G,10,0.6,2.0,7.712799,LT_OREO VANILLA 110.4/105G_T112_1,1.0
CG_LT,112,,MM HIEP PHU,MM AN PHU,OREO VANILLA 110.4/105G,6,0.6,2.0,5.376113,LT_OREO VANILLA 110.4/105G_T112_1,1.0
CG_LT,112,,MM BINH PHU,MM AN PHU,OREO VANILLA 110.4/105G,9,0.6,2.0,7.125814,LT_OREO VANILLA 110.4/105G_T112_2,1.0
CG_LT,112,,MM DA NANG,MM AN PHU,OREO VANILLA 110.4/105G,6,0.6,2.0,5.753736,LT_OREO VANILLA 110.4/105G_T112_2,1.0
CG_LT,112,,MM HIEP PHU,MM AN PHU,OREO VANILLA 110.4/105G,9,0.6,2.0,7.54055,LT_OREO VANILLA 110.4/105G_T112_2,1.0
CG_LT,112,,MM BINH PHU,MM AN PHU,OREO VANILLA 110.4/105G,9,0.6,2.0,7.406749,LT_OREO VANILLA 110.4/105G_T112_3,1.0
CG_LT,112,,MM DA NANG,MM AN PHU,OREO VANILLA 110.4/105G,8,0.6,2.0,6.736194,LT_OREO VANILLA 110.4/105G_T112_3,1.0
CG_LT,112,,MM BIEN HOA,MM AN PHU,OREO VANILLA 110.4/105G,4,0.6,1.67509,3.979665,LT_OREO VANILLA 110.4/105G_T112_4,0.837545
CG_LT,112,,MM BINH PHU,MM AN PHU,OREO VANILLA 110.4/105G,6,0.6,1.67509,5.209757,LT_OREO VANILLA 110.4/105G_T112_4,0.837545
CG_LT,112,,MM DA NANG,MM AN PHU,OREO VANILLA 110.4/105G,2,0.6,1.67509,3.044458,LT_OREO VANILLA 110.4/105G_T112_4,0.837545
CG_LT,112,,MM HIEP PHU,MM AN PHU,OREO VANILLA 110.4/105G,4,0.6,1.67509,4.122926,LT_OREO VANILLA 110.4/105G_T112_4,0.837545
CG_LT,112,,MM BIEN HOA,MM AN PHU,OREO VANILLA 110.4/105G,7,0.6,2.0,6.037161,LT_OREO VANILLA 110.4/105G_T112_5,1.0
CG_LT,112,,MM DA NANG,MM AN PHU,OREO VANILLA 110.4/105G,1,0.6,2.0,2.806406,LT_OREO VANILLA 110.4/105G_T112_5,1.0
CG_LT,112,,MM HIEP PHU,MM AN PHU,OREO VANILLA 110.4/105G,7,0.6,2.0,5.995231,LT_OREO VANILLA 110.4/105G_T112_5,1.0
CG_LT,113,,MM BIEN HOA,MM AN PHU,OREO VANILLA 110.4/105G,8,0.6,1.985603,6.873939,LT_OREO VANILLA 110.4/105G_T113_4,0.992802
CG_LT,113,,MM BINH PHU,MM AN PHU,OREO VANILLA 110.4/105G,6,0.6,1.985603,5.714077,LT_OREO VANILLA 110.4/105G_T113_4,0.992802
CG_LT,113,,MM DA NANG,MM AN PHU,OREO VANILLA 110.4/105G,8,0.6,1.985603,6.866028,LT_OREO VANILLA 110.4/105G_T113_4,0.992802
CG_LT,113,,MM HIEP PHU,MM AN PHU,OREO VANILLA 110.4/105G,9,0.6,1.985603,7.16032,LT_OREO VANILLA 110.4/105G_T113_4,0.992802
CG_LT,114,,MM BIEN HOA,MM AN PHU,OREO VANILLA 110.4/105G,3,0.6,1.214433,2.851227,LT_OREO VANILLA 110.4/105G_T114_1,0.607217
CG_LT,114,,MM BINH PHU,MM AN PHU,OREO VANILLA 110.4/105G,4,0.6,1.214433,3.409397,LT_OREO VANILLA 110.4/105G_T114_1,0.607217
CG_LT,114,,MM DA NANG,MM AN PHU,OREO VANILLA 110.4/105G,5,0.6,1.214433,4.391476,LT_OREO VANILLA 110.4/105G_T114_1,0.607217
CG_LT,114,,MM HIEP PHU,MM AN PHU,OREO VANILLA 110.4/105G,3,0.6,1.214433,2.999742,LT_OREO VANILLA 110.4/105G_T114_1,0.607217
CG_LT,114,,MM DA NANG,MM AN PHU,OREO VANILLA 110.4/105G,10,0.6,2.0,7.883408,LT_OREO VANILLA 110.4/105G_T114_2,1.0
CG_LT,114,,MM HIEP PHU,MM AN PHU,OREO VANILLA 110.4/105G,9,0.6,2.0,7.596743,LT_OREO VANILLA 110.4/105G_T114_2,1.0
CG_LT,114,,MM BIEN HOA,MM AN PHU,OREO VANILLA 110.4/105G,5,0.6,2.0,5.277719,LT_OREO VANILLA 110.4/105G_T114_3,1.0
CG_LT,114,,MM BINH PHU,MM AN PHU,OREO VANILLA 110.4/105G,8,0.6,2.0,6.774919,LT_OREO VANILLA 110.4/105G_T114_3,1.0
CG_LT,114,,MM DA NANG,MM AN PHU,OREO VANILLA 110.4/105G,9,0.6,2.0,7.323687,LT_OREO VANILLA 110.4/105G_T114_3,1.0
CG_LT,114,,MM HIEP PHU,MM AN PHU,OREO VANILLA 110.4/105G,2,0.6,2.0,3.265988,LT_OREO VANILLA 110.4/105G_T114_3,1.0
CG_LT,114,,MM BIEN HOA,MM AN PHU,OREO VANILLA 110.4/105G,7,0.6,2.0,6.496253,LT_OREO VANILLA 110.4/105G_T114_5,1.0
CG_LT,114,,MM BINH PHU,MM AN PHU,OREO VANILLA 110.4/105G,4,0.6,2.0,4.565011,LT_OREO VANILLA 110.4/105G_T114_5,1.0
CG_LT,114,,MM DA NANG,MM AN PHU,OREO VANILLA 110.4/105G,9,0.6,2.0,7.35589,LT_OREO VANILLA 110.4/105G_T114_5,1.0
CG_LT,114,,MM HIEP PHU,MM AN PHU,OREO VANILLA 110.4/105G,5,0.6,2.0,4.783074,LT_OREO VANILLA 110.4/105G_T114_5,1.0
CG_LT,119,,MM BIEN HOA,MM AN PHU,OREO VANILLA 110.4/105G,10,0.6,2.0,7.73375,LT_OREO VANILLA 110.4/105G_T119_1,1.0
CG_LT,119,,MM BINH PHU,MM AN PHU,OREO VANILLA 110.4/105G,9,0.6,2.0,7.59838,LT_OREO VANILLA 110.4/105G_T119_1,1.0
CG_LT,119,,MM DA NANG,MM AN PHU,OREO VANILLA 110.4/105G,4,0.6,2.0,4.530494,LT_OREO VANILLA 110.4/105G_T119_1,1.0
CG_LT,119,,MM HIEP PHU,MM AN PHU,OREO VANILLA 110.4/105G,5,0.6,2.0,4.906551,LT_OREO VANILLA 110.4/105G_T119_1,1.0
CG_LT,119,,MM BIEN HOA,MM AN PHU,OREO VANILLA 110.4/105G,1,0.6,2.0,2.62035,LT_OREO VANILLA 110.4/105G_T119_2,1.0
CG_LT,119,,MM BINH PHU,MM AN PHU,OREO VANILLA 110.4/105G,9,0.6,2.0,7.209957,LT_OREO VANILLA 110.4/105G_T119_2,1.0
CG_LT,119,,MM DA NANG,MM AN PHU,OREO VANILLA 110.4/105G,10,0.6,2.0,7.932056,LT_OREO VANILLA 110.4/105G_T119_2,1.0
CG_LT,119,,MM HIEP PHU,MM AN PHU,OREO VANILLA 110.4/105G,3,0.6,2.0,3.80263,LT_OREO VANILLA 110.4/105G_T119_2,1.0
CG_LT,119,,MM BIEN HOA,MM AN PHU,OREO VANILLA 110.4/105G,1,0.6,1.876798,2.73286,LT_OREO VANILLA 110.4/105G_T119_3,0.938399
CG_LT,119,,MM BINH PHU,MM AN PHU,OREO VANILLA 110.4/105G,3,0.6,1.876798,3.465516,LT_OREO VANILLA 110.4/105G_T119_3,0.938399
CG_LT,119,,MM DA NANG,MM AN PHU,OREO VANILLA 110.4/105G,5,0.6,1.876798,4.908628,LT_OREO VANILLA 110.4/105G_T119_3,0.938399
CG_LT,119,,MM HIEP PHU,MM AN PHU,OREO VANILLA 110.4/105G,2,0.6,1.876798,3.043572,LT_OREO VANILLA 110.4/105G_T119_3,0.938399
CG_LT,119,,MM BIEN HOA,MM AN PHU,OREO VANILLA 110.4/105G,6,0.6,2.0,5.396852,LT_OREO VANILLA 110.4/105G_T119_4,1.0
CG_LT,119,,MM BIEN HOA,MM AN PHU,OREO VANILLA 110.4/105G,6,0.6,2.0,5.833595,LT_OREO VANILLA 110.4/105G_T119_5,1.0
CG_LT,11,,MM BINH PHU,MM AN PHU,OREO VANILLA 110.4/105G,8,0.6,1.997209,6.510081,LT_OREO VANILLA 110.4/105G_T11_5,0.998604
CG_LT,11,,MM BINH PHU,MM DA NANG,OREO VANILLA 110.4/105G,10,0.6,1.997209,7.768241,LT_OREO VANILLA 110.4/105G_T11_5,0.998604
CG_LT,11,,MM HIEP PHU,MM DA NANG,OREO VANILLA 110.4/105G,7,0.6,1.997209,6.283477,LT_OREO VANILLA 110.4/105G_T11_5,0.998604
CG_LT,121,,MM BINH PHU,MM AN PHU,OREO VANILLA 110.4/105G,6,0.6,2.0,5.528596,LT_OREO VANILLA 110.4/105G_T121_1,1.0
CG_LT,121,,MM HIEP PHU,MM AN PHU,OREO VANILLA 110.4/105G,9,0.6,2.0,7.589537,LT_OREO VANILLA 110.4/105G_T121_1,1.0
CG_LT,121,,MM BINH PHU,MM AN PHU,OREO VANILLA 110.4/105G,10,0.6,2.0,7.955297,LT_OREO VANILLA 110.4/105G_T121_2,1.0
CG_LT,121,,MM HIEP PHU,MM AN PHU,OREO VANILLA 110.4/105G,1,0.6,2.0,2.725947,LT_OREO VANILLA 110.4/105G_T121_2,1.0
CG_LT,121,,MM BIEN HOA,MM AN PHU,OREO VANILLA 110.4/105G,4,0.6,0.954703,3.075929,LT_OREO VANILLA 110.4/105G_T121_3,0.477351
CG_LT,121,,MM BINH PHU,MM AN PHU,OREO VANILLA 110.4/105G,1,0.6,0.954703,1.759894,LT_OREO VANILLA 110.4/105G_T121_3,0.477351
CG_LT,121,,MM DA NANG,MM AN PHU,OREO VANILLA 110.4/105G,1,0.6,0.954703,1.37767,LT_OREO VANILLA 110.4/105G_T121_3,0.477351
CG_LT,121,,MM BIEN HOA,MM AN PHU,OREO VANILLA 110.4/105G,6,0.6,2.0,5.840787,LT_OREO VANILLA 110.4/105G_T121_5,1.0
CG_LT,121,,MM BINH PHU,MM AN PHU,OREO VANILLA 110.4/105G,7,0.6,2.0,6.484389,LT_OREO VANILLA 110.4/105G_T121_5,1.0
CG_LT,121,,MM DA NANG,MM AN PHU,OREO VANILLA 110.4/105G,2,0.6,2.0,3.099939,LT_OREO VANILLA 110.4/105G_T121_5,1.0
CG_LT,125,,MM BIEN HOA,MM AN PHU,OREO VANILLA 110.4/105G,8,0.6,2.0,6.770308,LT_OREO VANILLA 110.4/105G_T125_1,1.0
CG_LT,125,,MM BINH PHU,MM AN PHU,OREO VANILLA 110.4/105G,4,0.6,2.0,4.357853,LT_OREO VANILLA 110.4/105G_T125_1,1.0
CG_LT,125,,MM DA NANG,MM AN PHU,OREO VANILLA 110.4/105G,9,0.6,2.0,7.442389,LT_OREO VANILLA 110.4/105G_T125_1,1.0
CG_LT,125,,MM HIEP PHU,MM AN PHU,OREO VANILLA 110.4/105G,3,0.6,2.0,3.985303,LT_OREO VANILLA 110.4/105G_T125_1,1.0
CG_LT,125,,MM BINH PHU,MM AN PHU,OREO VANILLA 110.4/105G,3,0.6,2.0,3.657449,LT_OREO VANILLA 110.4/105G_T125_2,1.0
CG_LT,125,,MM DA NANG,MM AN PHU,OREO VANILLA 110.4/105G,9,0.6,2.0,7.244861,LT_OREO VANILLA 110.4/105G_T125_2,1.0
CG_LT,125,,MM HIEP PHU,MM AN PHU,OREO VANILLA 110.4/105G,6,0.6,2.0,5.503057,LT_OREO VANILLA 110.4/105G_T125_2,1.0
CG_LT,125,,MM BIEN HOA,MM AN PHU,OREO VANILLA 110.4/105G,8,0.6,2.0,6.76343,LT_OREO VANILLA 110.4/105G_T125_4,1.0
CG_LT,125,,MM BINH PHU,MM AN PHU,OREO VANILLA 110.4/105G,6,0.6,2.0,5.455183,LT_OREO VANILLA 110.4/105G_T125_4,1.0
CG_LT,125,,MM DA NANG,MM AN PHU,OREO VANILLA 110.4/105G,2,0.6,2.0,2.945198,LT_OREO VANILLA 110.4/105G_T125_4,1.0
CG_LT,125,,MM HIEP PHU,MM AN PHU,OREO VANILLA 110.4/105G,5,0.6,2.0,4.842513,LT_OREO VANILLA 110.4/105G_T125_4,1.0
CG_LT,125,,MM BIEN HOA,MM AN PHU,OREO VANILLA 110.4/105G,6,0.6,2.0,5.758461,LT_OREO VANILLA 110.4/105G_T125_5,1.0
CG_LT,125,,MM BINH PHU,MM AN PHU,OREO VANILLA 110.4/105G,2,0.6,2.0,3.403922,LT_OREO VANILLA 110.4/105G_T125_5,1.0
CG_LT,125,,MM DA NANG,MM AN PHU,OREO VANILLA 110.4/105G,7,0.6,2.0,6.176488,LT_OREO VANILLA 110.4/105G_T125_5,1.0
CG_LT,125,,MM HIEP PHU,MM AN PHU,OREO VANILLA 110.4/105G,9,0.6,2.0,7.577265,LT_OREO VANILLA 110.4/105G_T125_5,1.0
CG_LT,12,,MM BIEN HOA,MM AN PHU,OREO VANILLA 110.4/105G,8,0.6,2.0,6.643439,LT_OREO VANILLA 110.4/105G_T12_1,1.0
CG_LT,12,,MM BINH PHU,MM AN PHU,OREO VANILLA 110.4/105G,10,0.6,2.0,7.919045,LT_OREO VANILLA 110.4/105G_T12_1,1.0
CG_LT,12,,MM BINH PHU,MM DA NANG,OREO VANILLA 110.4/105G,10,0.6,2.0,7.783315,LT_OREO VANILLA 110.4/105G_T12_1,1.0
CG_LT,12,,MM HIEP PHU,MM AN PHU,OREO VANILLA 110.4/105G,8,0.6,2.0,6.962602,LT_OREO VANILLA 110.4/105G_T12_1,1.0
CG_LT,12,,MM BIEN HOA,MM AN PHU,OREO VANILLA 110.4/105G,7,0.6,2.0,6.100425,LT_OREO VANILLA 110.4/105G_T12_2,1.0
CG_LT,12,,MM HIEP PHU,MM AN PHU,OREO VANILLA 110.4/105G,8,0.6,2.0,6.91856,LT_OREO VANILLA 110.4/105G_T12_2,1.0
CG_LT,12,,MM HIEP PHU,MM DA NANG,OREO VANILLA 110.4/105G,8,0.6,2.0,7.04584,LT_OREO VANILLA 110.4/105G_T12_2,1.0
CG_LT,12,,MM BINH PHU,MM DA NANG,OREO VANILLA 110.4/105G,7,0.6,2.0,6.201044,LT_OREO VANILLA 110.4/105G_T12_3,1.0
CG_LT,12,,MM BIEN HOA,MM DA NANG,OREO VANILLA 110.4/105G,9,0.6,2.0,7.358725,LT_OREO VANILLA 110.4/105G_T12_4,1.0
CG_LT,12,,MM BINH PHU,MM DA NANG,OREO VANILLA 110.4/105G,1,0.6,2.0,2.77758,LT_OREO VANILLA 110.4/105G_T12_4,1.0
CG_LT,12,,MM HIEP PHU,MM AN PHU,OREO VANILLA 110.4/105G,8,0.6,2.0,6.728205,LT_OREO VANILLA 110.4/105G_T12_4,1.0
CG_LT,12,,MM HIEP PHU,MM DA NANG,OREO VANILLA 110.4/105G,6,0.6,2.0,5.754206,LT_OREO VANILLA 110.4/105G_T12_4,1.0
CG_LT,12,,MM BIEN HOA,MM AN PHU,OREO VANILLA 110.4/105G,2,0.6,2.0,3.14474,LT_OREO VANILLA 110.4/105G_T12_5,1.0
CG_LT,12,,MM BINH PHU,MM DA NANG,OREO VANILLA 110.4/105G,4,0.6,2.0,4.601606,LT_OREO VANILLA 110.4/105G_T12_5,1.0
CG_LT,12,,MM HIEP PHU,MM DA NANG,OREO VANILLA 110.4/105G,5,0.6,2.0,4.843038,LT_OREO VANILLA 110.4/105G_T12_5,1.0
CG_LT,138,,MM BIEN HOA,MM AN PHU,OREO VANILLA 110.4/105G,2,0.6,0.829062,1.959785,LT_OREO VANILLA 110.4/105G_T138_3,0.414531
CG_LT,138,,MM BINH PHU,MM AN PHU,OREO VANILLA 110.4/105G,1,0.6,0.829062,1.589771,LT_OREO VANILLA 110.4/105G_T138_3,0.414531
CG_LT,138,,MM DA NANG,MM AN PHU,OREO VANILLA 110.4/105G,4,0.6,0.829062,3.126298,LT_OREO VANILLA 110.4/105G_T138_3,0.414531
CG_LT,138,,MM HIEP PHU,MM AN PHU,OREO VANILLA 110.4/105G,4,0.6,0.829062,3.131994,LT_OREO VANILLA 110.4/105G_T138_3,0.414531
CG_LT,13,,MM BINH PHU,MM AN PHU,OREO VANILLA 110.4/105G,0,0.6,0.258426,0.495033,LT_OREO VANILLA 110.4/105G_T13_4,0.129213
CG_LT,13,,MM HIEP PHU,MM DA NANG,OREO VANILLA 110.4/105G,1,0.6,0.258426,0.86805,LT_OREO VANILLA 110.4/105G_T13_4,0.129213
CG_LT,13,,MM BIEN HOA,MM AN PHU,OREO VANILLA 110.4/105G,9,0.6,2.0,7.449593,LT_OREO VANILLA 110.4/105G_T13_5,1.0
CG_LT,13,,MM BIEN HOA,MM DA NANG,OREO VANILLA 110.4/105G,10,0.6,2.0,7.81404,LT_OREO VANILLA 110.4/105G_T13_5,1.0
CG_LT,14,,MM BIEN HOA,MM DA NANG,OREO VANILLA 110.4/105G,3,0.6,1.313526,3.344308,LT_OREO VANILLA 110.4/105G_T14_3,0.656763
CG_LT,14,,MM HIEP PHU,MM AN PHU,OREO VANILLA 110.4/105G,4,0.6,1.313526,3.567561,LT_OREO VANILLA 110.4/105G_T14_3,0.656763
CG_LT,14,,MM HIEP PHU,MM DA NANG,OREO VANILLA 110.4/105G,6,0.6,1.313526,4.871635,LT_OREO VANILLA 110.4/105G_T14_3,0.656763
CG_LT,14,,MM BIEN HOA,MM BINH PHU,OREO VANILLA 110.4/105G,6,0.6,2.0,5.62038,LT_OREO VANILLA 110.4/105G_T14_4,1.0
CG_LT,15,,MM BIEN HOA,MM AN PHU,OREO VANILLA 110.4/105G,1,0.6,1.299363,1.886163,LT_OREO VANILLA 110.4/105G_T15_1,0.649682
CG_LT,15,,MM BIEN HOA,MM DA NANG,OREO VANILLA 110.4/105G,6,0.6,1.299363,5.164864,LT_OREO VANILLA 110.4/105G_T15_1,0.649682
CG_LT,15,,MM HIEP PHU,MM AN PHU,OREO VANILLA 110.4/105G,2,0.6,1.299363,2.781274,LT_OREO VANILLA 110.4/105G_T15_1,0.649682
CG_LT,15,,MM HIEP PHU,MM BINH PHU,OREO VANILLA 110.4/105G,2,0.6,1.299363,2.371402,LT_OREO VANILLA 110.4/105G_T15_1,0.649682
CG_LT,15,,MM BIEN HOA,MM BINH PHU,OREO VANILLA 110.4/105G,6,0.6,2.0,5.665244,LT_OREO VANILLA 110.4/105G_T15_2,1.0
CG_LT,15,,MM HIEP PHU,MM AN PHU,OREO VANILLA 110.4/105G,9,0.6,2.0,7.144282,LT_OREO VANILLA 110.4/105G_T15_2,1.0
CG_LT,15,,MM HIEP PHU,MM BINH PHU,OREO VANILLA 110.4/105G,2,0.6,2.0,3.135754,LT_OREO VANILLA 110.4/105G_T15_2,1.0
CG_LT,15,,MM HIEP PHU,MM DA NANG,OREO VANILLA 110.4/105G,8,0.6,2.0,6.818143,LT_OREO VANILLA 110.4/105G_T15_2,1.0
CG_LT,15,,MM BIEN HOA,MM BINH PHU,OREO VANILLA 110.4/105G,4,0.6,2.0,4.221414,LT_OREO VANILLA 110.4/105G_T15_3,1.0
CG_LT,15,,MM BIEN HOA,MM DA NANG,OREO VANILLA 110.4/105G,4,0.6,2.0,4.120132,LT_OREO VANILLA 110.4/105G_T15_3,1.0
CG_LT,15,,MM HIEP PHU,MM AN PHU,OREO VANILLA 110.4/105G,4,0.6,2.0,4.182535,LT_OREO VANILLA 110.4/105G_T15_3,1.0
CG_LT,15,,MM HIEP PHU,MM BINH PHU,OREO VANILLA 110.4/105G,7,0.6,2.0,6.159318,LT_OREO VANILLA 110.4/105G_T15_3,1.0
CG_LT,15,,MM BIEN HOA,MM AN PHU,OREO VANILLA 110.4/105G,8,0.6,2.0,6.571143,LT_OREO VANILLA 110.4/105G_T15_5,1.0
CG_LT,15,,MM BIEN HOA,MM BINH PHU,OREO VANILLA 110.4/105G,3,0.6,2.0,3.620599,LT_OREO VANILLA 110.4/105G_T15_5,1.0
CG_LT,15,,MM BIEN HOA,MM DA NANG,OREO VANILLA 110.4/105G,1,0.6,2.0,2.65904,LT_OREO VANILLA 110.4/105G_T15_5,1.0
CG_LT,15,,MM HIEP PHU,MM BINH PHU,OREO VANILLA 110.4/105G,9,0.6,2.0,7.16282,LT_OREO VANILLA 110.4/105G_T15_5,1.0
CG_LT,16,,MM BIEN HOA,MM DA NANG,OREO VANILLA 110.4/105G,7,0.6,2.0,6.051025,LT_OREO VANILLA 110.4/105G_T16_2,1.0
CG_LT,17,,MM HIEP PHU,MM AN PHU,OREO VANILLA 110.4/105G,10,0.6,2.0,7.7628,LT_OREO VANILLA 110.4/105G_T17_1,1.0
CG_LT,17,,MM HIEP PHU,MM BINH PHU,OREO VANILLA 110.4/105G,8,0.6,2.0,6.900487,LT_OREO VANILLA 110.4/105G_T17_1,1.0
CG_LT,17,,MM BIEN HOA,MM BINH PHU,OREO VANILLA 110.4/105G,3,0.6,2.0,3.512852,LT_OREO VANILLA 110.4/105G_T17_2,1.0
CG_LT,17,,MM HIEP PHU,MM BINH PHU,OREO VANILLA 110.4/105G,9,0.6,2.0,7.646952,LT_OREO VANILLA 110.4/105G_T17_2,1.0
CG_LT,17,,MM HIEP PHU,MM BINH PHU,OREO VANILLA 110.4/105G,7,0.6,2.0,5.996665,LT_OREO VANILLA 110.4/105G_T17_3,1.0
CG_LT,17,,MM BIEN HOA,MM AN PHU,OREO VANILLA 110.4/105G,0,0.6,0.206618,0.490864,LT_OREO VANILLA 110.4/105G_T17_4,0.103309
CG_LT,17,,MM HIEP PHU,MM AN PHU,OREO VANILLA 110.4/105G,0,0.6,0.206618,0.455168,LT_OREO VANILLA 110.4/105G_T17_4,0.103309
CG_LT,17,,MM HIEP PHU,MM BINH PHU,OREO VANILLA 110.4/105G,1,0.6,0.206618,0.507457,LT_OREO VANILLA 110.4/105G_T17_4,0.103309
CG_LT,18,,MM BIEN HOA,MM AN PHU,OREO VANILLA 110.4/105G,4,0.6,2.0,4.355579,LT_OREO VANILLA 110.4/105G_T18_1,1.0
CG_LT,18,,MM BIEN HOA,MM BINH PHU,OREO VANILLA 110.4/105G,9,0.6,2.0,7.160414,LT_OREO VANILLA 110.4/105G_T18_1,1.0
CG_LT,18,,MM BIEN HOA,MM DA NANG,OREO VANILLA 110.4/105G,2,0.6,2.0,3.077115,LT_OREO VANILLA 110.4/105G_T18_1,1.0
CG_LT,18,,MM HIEP PHU,MM BINH PHU,OREO VANILLA 110.4/105G,2,0.6,2.0,3.013657,LT_OREO VANILLA 110.4/105G_T18_1,1.0
CG_LT,18,,MM BIEN HOA,MM AN PHU,OREO VANILLA 110.4/105G,3,0.6,1.569097,3.550721,LT_OREO VANILLA 110.4/105G_T18_2,0.784548
CG_LT,18,,MM BIEN HOA,MM BINH PHU,OREO VANILLA 110.4/105G,6,0.6,1.569097,5.302849,LT_OREO VANILLA 110.4/105G_T18_2,0.784548
CG_LT,18,,MM HIEP PHU,MM BINH PHU,OREO VANILLA 110.4/105G,6,0.6,1.569097,5.123784,LT_OREO VANILLA 110.4/105G_T18_2,0.784548
CG_LT,18,,MM BIEN HOA,MM BINH PHU,OREO VANILLA 110.4/105G,8,0.6,2.0,6.869977,LT_OREO VANILLA 110.4/105G_T18_4,1.0
CG_LT,19,,MM BIEN HOA,MM AN PHU,OREO VANILLA 110.4/105G,6,0.6,2.0,5.495637,LT_OREO VANILLA 110.4/105G_T19_2,1.0
CG_LT,19,,MM BIEN HOA,MM BINH PHU,OREO VANILLA 110.4/105G,8,0.6,2.0,6.991304,LT_OREO VANILLA 110.4/105G_T19_2,1.0
CG_LT,19,,MM BIEN HOA,MM DA NANG,OREO VANILLA 110.4/105G,6,0.6,2.0,5.570389,LT_OREO VANILLA 110.4/105G_T19_2,1.0
CG_LT,19,,MM BIEN HOA,MM DA NANG,OREO VANILLA 110.4/105G,9,0.6,2.0,7.531434,LT_OREO VANILLA 110.4/105G_T19_3,1.0
CG_LT,19,,MM BIEN HOA,MM AN PHU,OREO VANILLA 110.4/105G,5,0.6,1.47937,4.564184,LT_OREO VANILLA 110.4/105G_T19_5,0.739685
CG_LT,19,,MM BIEN HOA,MM BINH PHU,OREO VANILLA 110.4/105G,3,0.6,1.47937,3.055404,LT_OREO VANILLA 110.4/105G_T19_5,0.739685
CG_LT,19,,MM BIEN HOA,MM DA NANG,OREO VANILLA 110.4/105G,7,0.6,1.47937,5.476158,LT_OREO VANILLA 110.4/105G_T19_5,0.739685
CG_LT,19,,MM HIEP PHU,MM AN PHU,OREO VANILLA 110.4/105G,1,0.6,1.47937,2.055362,LT_OREO VANILLA 110.4/105G_T19_5,0.739685
CG_LT,20,,MM HIEP PHU,MM BINH PHU,OREO VANILLA 110.4/105G,2,0.6,2.0,3.037016,LT_OREO VANILLA 110.4/105G_T20_1,1.0
CG_LT,20,,MM BIEN HOA,MM AN PHU,OREO VANILLA 110.4/105G,4,0.6,2.0,4.569916,LT_OREO VANILLA 110.4/105G_T20_2,1.0
CG_LT,20,,MM HIEP PHU,MM AN PHU,OREO VANILLA 110.4/105G,7,0.6,2.0,5.955539,LT_OREO VANILLA 110.4/105G_T20_3,1.0
CG_LT,20,,MM HIEP PHU,MM BINH PHU,OREO VANILLA 110.4/105G,8,0.6,2.0,7.083872,LT_OREO VANILLA 110.4/105G_T20_3,1.0
CG_LT,20,,MM BIEN HOA,MM DA NANG,OREO VANILLA 110.4/105G,7,0.6,2.0,5.985361,LT_OREO VANILLA 110.4/105G_T20_4,1.0
CG_LT,20,,MM HIEP PHU,MM BINH PHU,OREO VANILLA 110.4/105G,5,0.6,2.0,4.903477,LT_OREO VANILLA 110.4/105G_T20_4,1.0
CG_LT,20,,MM HIEP PHU,MM DA NANG,OREO VANILLA 110.4/105G,3,0.6,2.0,3.840292,LT_OREO VANILLA 110.4/105G_T20_4,1.0
CG_LT,20,,MM BIEN HOA,MM DA NANG,OREO VANILLA 110.4/105G,10,0.6,2.0,7.785682,LT_OREO VANILLA 110.4/105G_T20_5,1.0
CG_LT,20,,MM HIEP PHU,MM BINH PHU,OREO VANILLA 110.4/105G,7,0.6,2.0,6.367473,LT_OREO VANILLA 110.4/105G_T20_5,1.0
CG_LT,20,,MM HIEP PHU,MM DA NANG,OREO VANILLA 110.4/105G,3,0.6,2.0,3.912839,LT_OREO VANILLA 110.4/105G_T20_5,1.0
CG_LT,22,,MM BIEN HOA,MM AN PHU,OREO VANILLA 110.4/105G,4,0.6,2.0,4.116985,LT_OREO VANILLA 110.4/105G_T22_1,1.0
CG_LT,22,,MM BIEN HOA,MM DA NANG,OREO VANILLA 110.4/105G,8,0.6,2.0,6.851328,LT_OREO VANILLA 110.4/105G_T22_1,1.0
CG_LT,22,,MM BINH PHU,MM AN PHU,OREO VANILLA 110.4/105G,5,0.6,2.0,5.141201,LT_OREO VANILLA 110.4/105G_T22_3,1.0
CG_LT,22,,MM BINH PHU,MM DA NANG,OREO VANILLA 110.4/105G,6,0.6,2.0,5.333774,LT_OREO VANILLA 110.4/105G_T22_3,1.0
CG_LT,22,,MM BINH PHU,MM DA NANG,OREO VANILLA 110.4/105G,8,0.6,2.0,6.769476,LT_OREO VANILLA 110.4/105G_T22_4,1.0
CG_LT,23,,MM BIEN HOA,MM AN PHU,OREO VANILLA 110.4/105G,4,0.6,2.0,4.626203,LT_OREO VANILLA 110.4/105G_T23_1,1.0
CG_LT,23,,MM BINH PHU,MM AN PHU,OREO VANILLA 110.4/105G,9,0.6,2.0,7.391476,LT_OREO VANILLA 110.4/105G_T23_1,1.0
CG_LT,23,,MM BINH PHU,MM DA NANG,OREO VANILLA 110.4/105G,5,0.6,2.0,5.293329,LT_OREO VANILLA 110.4/105G_T23_1,1.0
CG_LT,23,,MM HIEP PHU,MM AN PHU,OREO VANILLA 110.4/105G,9,0.6,2.0,7.410278,LT_OREO VANILLA 110.4/105G_T23_1,1.0
CG_LT,23,,MM BIEN HOA,MM AN PHU,OREO VANILLA 110.4/105G,3,0.6,2.0,3.547559,LT_OREO VANILLA 110.4/105G_T23_3,1.0
CG_LT,23,,MM BINH PHU,MM AN PHU,OREO VANILLA 110.4/105G,4,0.6,2.0,4.154823,LT_OREO VANILLA 110.4/105G_T23_3,1.0
CG_LT,23,,MM HIEP PHU,MM AN PHU,OREO VANILLA 110.4/105G,3,0.6,2.0,3.72559,LT_OREO VANILLA 110.4/105G_T23_3,1.0
CG_LT,23,,MM HIEP PHU,MM DA NANG,OREO VANILLA 110.4/105G,2,0.6,2.0,2.956444,LT_OREO VANILLA 110.4/105G_T23_3,1.0
CG_LT,24,,MM BIEN HOA,MM DA NANG,OREO VANILLA 110.4/105G,5,0.6,1.481735,4.657323,LT_OREO VANILLA 110.4/105G_T24_4,0.740868
CG_LT,24,,MM BINH PHU,MM AN PHU,OREO VANILLA 110.4/105G,7,0.6,1.481735,5.583612,LT_OREO VANILLA 110.4/105G_T24_4,0.740868
CG_LT,24,,MM BINH PHU,MM DA NANG,OREO VANILLA 110.4/105G,7,0.6,1.481735,5.775149,LT_OREO VANILLA 110.4/105G_T24_4,0.740868
CG_LT,24,,MM HIEP PHU,MM AN PHU,OREO VANILLA 110.4/105G,6,0.6,1.481735,5.299482,LT_OREO VANILLA 110.4/105G_T24_4,0.740868
CG_LT,25,,MM BINH PHU,MM DA NANG,OREO VANILLA 110.4/105G,3,0.6,2.0,3.651035,LT_OREO VANILLA 110.4/105G_T25_1,1.0
CG_LT,25,,MM BIEN HOA,MM BINH PHU,OREO VANILLA 110.4/105G,3,0.6,1.458599,3.509115,LT_OREO VANILLA 110.4/105G_T25_5,0.7293
CG_LT,25,,MM BIEN HOA,MM DA NANG,OREO VANILLA 110.4/105G,3,0.6,1.458599,3.30497,LT_OREO VANILLA 110.4/105G_T25_5,0.7293
CG_LT,26,,MM BIEN HOA,MM DA NANG,OREO VANILLA 110.4/105G,7,0.6,2.0,6.472967,LT_OREO VANILLA 110.4/105G_T26_2,1.0
CG_LT,27,,MM HIEP PHU,MM BINH PHU,OREO VANILLA 110.4/105G,6,0.6,2.0,5.540832,LT_OREO VANILLA 110.4/105G_T27_1,1.0
CG_LT,27,,MM BIEN HOA,MM AN PHU,OREO VANILLA 110.4/105G,2,0.6,1.728523,2.711143,LT_OREO VANILLA 110.4/105G_T27_2,0.864261
CG_LT,27,,MM BIEN HOA,MM DA NANG,OREO VANILLA 110.4/105G,1,0.6,1.728523,2.277851,LT_OREO VANILLA 110.4/105G_T27_2,0.864261
CG_LT,27,,MM HIEP PHU,MM AN PHU,OREO VANILLA 110.4/105G,5,0.6,1.728523,4.697608,LT_OREO VANILLA 110.4/105G_T27_2,0.864261
CG_LT,27,,MM HIEP PHU,MM BINH PHU,OREO VANILLA 110.4/105G,8,0.6,1.728523,6.35371,LT_OREO VANILLA 110.4/105G_T27_2,0.864261
CG_LT,27,,MM BIEN HOA,MM AN PHU,OREO VANILLA 110.4/105G,5,0.6,2.0,4.798103,LT_OREO VANILLA 110.4/105G_T27_3,1.0
CG_LT,27,,MM HIEP PHU,MM AN PHU,OREO VANILLA 110.4/105G,6,0.6,2.0,5.799635,LT_OREO VANILLA 110.4/105G_T27_3,1.0
CG_LT,27,,MM HIEP PHU,MM BINH PHU,OREO VANILLA 110.4/105G,10,0.6,2.0,7.886016,LT_OREO VANILLA 110.4/105G_T27_3,1.0
CG_LT,27,,MM HIEP PHU,MM DA NANG,OREO VANILLA 110.4/105G,7,0.6,2.0,5.943284,LT_OREO VANILLA 110.4/105G_T27_3,1.0
CG_LT,27,,MM BIEN HOA,MM DA NANG,OREO VANILLA 110.4/105G,4,0.6,1.810589,4.425456,LT_OREO VANILLA 110.4/105G_T27_4,0.905294
CG_LT,27,,MM HIEP PHU,MM AN PHU,OREO VANILLA 110.4/105G,1,0.6,1.810589,2.37004,LT_OREO VANILLA 110.4/105G_T27_4,0.905294
CG_LT,27,,MM HIEP PHU,MM BINH PHU,OREO VANILLA 110.4/105G,3,0.6,1.810589,3.753928,LT_OREO VANILLA 110.4/105G_T27_4,0.905294
CG_LT,27,,MM HIEP PHU,MM DA NANG,OREO VANILLA 110.4/105G,6,0.6,1.810589,5.619981,LT_OREO VANILLA 110.4/105G_T27_4,0.905294
CG_LT,28,,MM HIEP PHU,MM DA NANG,OREO VANILLA 110.4/105G,7,0.6,2.0,6.158283,LT_OREO VANILLA 110.4/105G_T28_1,1.0
CG_LT,28,,MM HIEP PHU,MM AN PHU,OREO VANILLA 110.4/105G,2,0.6,2.0,3.308756,LT_OREO VANILLA 110.4/105G_T28_2,1.0
CG_LT,28,,MM HIEP PHU,MM DA NANG,OREO VANILLA 110.4/105G,4,0.6,2.0,4.4535,LT_OREO VANILLA 110.4/105G_T28_2,1.0
CG_LT,28,,MM BIEN HOA,MM AN PHU,OREO VANILLA 110.4/105G,3,0.6,2.0,4.040206,LT_OREO VANILLA 110.4/105G_T28_3,1.0
CG_LT,28,,MM HIEP PHU,MM AN PHU,OREO VANILLA 110.4/105G,7,0.6,2.0,5.946197,LT_OREO VANILLA 110.4/105G_T28_3,1.0
CG_LT,28,,MM HIEP PHU,MM DA NANG,OREO VANILLA 110.4/105G,6,0.6,2.0,5.857683,LT_OREO VANILLA 110.4/105G_T28_3,1.0
CG_LT,28,,MM BIEN HOA,MM BINH PHU,OREO VANILLA 110.4/105G,4,0.6,2.0,4.316572,LT_OREO VANILLA 110.4/105G_T28_4,1.0
CG_LT,28,,MM BIEN HOA,MM DA NANG,OREO VANILLA 110.4/105G,4,0.6,2.0,4.158838,LT_OREO VANILLA 110.4/105G_T28_5,1.0
CG_LT,28,,MM HIEP PHU,MM AN PHU,OREO VANILLA 110.4/105G,4,0.6,2.0,4.460909,LT_OREO VANILLA 110.4/105G_T28_5,1.0
CG_LT,28,,MM HIEP PHU,MM DA NANG,OREO VANILLA 110.4/105G,7,0.6,2.0,6.365315,LT_OREO VANILLA 110.4/105G_T28_5,1.0
CG_LT,29,,MM HIEP PHU,MM DA NANG,OREO VANILLA 110.4/105G,7,0.6,2.0,6.271657,LT_OREO VANILLA 110.4/105G_T29_1,1.0
CG_LT,29,,MM BIEN HOA,MM AN PHU,OREO VANILLA 110.4/105G,6,0.6,2.0,5.321321,LT_OREO VANILLA 110.4/105G_T29_2,1.0
CG_LT,29,,MM BIEN HOA,MM BINH PHU,OREO VANILLA 110.4/105G,8,0.6,2.0,6.608499,LT_OREO VANILLA 110.4/105G_T29_2,1.0
CG_LT,29,,MM BIEN HOA,MM DA NANG,OREO VANILLA 110.4/105G,7,0.6,2.0,6.422359,LT_OREO VANILLA 110.4/105G_T29_2,1.0
CG_LT,29,,MM HIEP PHU,MM AN PHU,OREO VANILLA 110.4/105G,4,0.6,2.0,4.203485,LT_OREO VANILLA 110.4/105G_T29_2,1.0
CG_LT,29,,MM BIEN HOA,MM AN PHU,OREO VANILLA 110.4/105G,9,0.6,2.0,7.533878,LT_OREO VANILLA 110.4/105G_T29_3,1.0
CG_LT,29,,MM HIEP PHU,MM AN PHU,OREO VANILLA 110.4/105G,2,0.6,2.0,3.423974,LT_OREO VANILLA 110.4/105G_T29_3,1.0
CG_LT,29,,MM HIEP PHU,MM BINH PHU,OREO VANILLA 110.4/105G,7,0.6,2.0,6.340603,LT_OREO VANILLA 110.4/105G_T29_3,1.0
CG_LT,29,,MM HIEP PHU,MM DA NANG,OREO VANILLA 110.4/105G,6,0.6,2.0,5.561836,LT_OREO VANILLA 110.4/105G_T29_3,1.0
CG_LT,29,,MM BIEN HOA,MM DA NANG,OREO VANILLA 110.4/105G,1,0.6,0.635305,1.319141,LT_OREO VANILLA 110.4/105G_T29_4,0.317653
CG_LT,30,,MM HIEP PHU,MM BINH PHU,OREO VANILLA 110.4/105G,4,0.6,2.0,4.688882,LT_OREO VANILLA 110.4/105G_T30_1,1.0
CG_LT,30,,MM BIEN HOA,MM AN PHU,OREO VANILLA 110.4/105G,5,0.6,2.0,5.028448,LT_OREO VANILLA 110.4/105G_T30_2,1.0
CG_LT,30,,MM HIEP PHU,MM BINH PHU,OREO VANILLA 110.4/105G,7,0.6,2.0,5.992999,LT_OREO VANILLA 110.4/105G_T30_2,1.0
CG_LT,30,,MM HIEP PHU,MM DA NANG,OREO VANILLA 110.4/105G,5,0.6,2.0,5.146444,LT_OREO VANILLA 110.4/105G_T30_2,1.0
CG_LT,30,,MM HIEP PHU,MM BINH PHU,OREO VANILLA 110.4/105G,10,0.6,2.0,7.73513,LT_OREO VANILLA 110.4/105G_T30_3,1.0
CG_LT,30,,MM HIEP PHU,MM DA NANG,OREO VANILLA 110.4/105G,6,0.6,2.0,5.844235,LT_OREO VANILLA 110.4/105G_T30_3,1.0
CG_LT,30,,MM HIEP PHU,MM BINH PHU,OREO VANILLA 110.4/105G,8,0.6,2.0,6.654348,LT_OREO VANILLA 110.4/105G_T30_4,1.0
CG_LT,30,,MM BIEN HOA,MM AN PHU,OREO VANILLA 110.4/105G,5,0.6,2.0,4.918538,LT_OREO VANILLA 110.4/105G_T30_5,1.0
CG_LT,30,,MM BIEN HOA,MM BINH PHU,OREO VANILLA 110.4/105G,3,0.6,2.0,3.918607,LT_OREO VANILLA 110.4/105G_T30_5,1.0
CG_LT,30,,MM HIEP PHU,MM AN PHU,OREO VANILLA 110.4/105G,5,0.6,2.0,4.749497,LT_OREO VANILLA 110.4/105G_T30_5,1.0
CG_LT,30,,MM HIEP PHU,MM DA NANG,OREO VANILLA 110.4/105G,6,0.6,2.0,5.448081,LT_OREO VANILLA 110.4/105G_T30_5,1.0
CG_LT,32,,MM BIEN HOA,MM DA NANG,OREO VANILLA 110.4/105G,8,0.6,2.0,6.949141,LT_OREO VANILLA 110.4/105G_T32_1,1.0
CG_LT,32,,MM BINH PHU,MM AN PHU,OREO VANILLA 110.4/105G,9,0.6,2.0,7.329852,LT_OREO VANILLA 110.4/105G_T32_1,1.0
CG_LT,32,,MM HIEP PHU,MM DA NANG,OREO VANILLA 110.4/105G,3,0.6,2.0,3.571805,LT_OREO VANILLA 110.4/105G_T32_1,1.0
CG_LT,32,,MM BIEN HOA,MM AN PHU,OREO VANILLA 110.4/105G,9,0.6,2.0,7.254149,LT_OREO VANILLA 110.4/105G_T32_3,1.0
CG_LT,32,,MM BIEN HOA,MM DA NANG,OREO VANILLA 110.4/105G,5,0.6,2.0,4.716057,LT_OREO VANILLA 110.4/105G_T32_3,1.0
CG_LT,32,,MM BINH PHU,MM DA NANG,OREO VANILLA 110.4/105G,7,0.6,2.0,5.953613,LT_OREO VANILLA 110.4/105G_T32_3,1.0
CG_LT,32,,MM BIEN HOA,MM DA NANG,OREO VANILLA 110.4/105G,3,0.6,1.94095,3.878741,LT_OREO VANILLA 110.4/105G_T32_4,0.970475
CG_LT,32,,MM BINH PHU,MM AN PHU,OREO VANILLA 110.4/105G,5,0.6,1.94095,4.833311,LT_OREO VANILLA 110.4/105G_T32_4,0.970475
CG_LT,32,,MM BINH PHU,MM DA NANG,OREO VANILLA 110.4/105G,10,0.6,1.94095,7.697164,LT_OREO VANILLA 110.4/105G_T32_4,0.970475
CG_LT,32,,MM HIEP PHU,MM AN PHU,OREO VANILLA 110.4/105G,7,0.6,1.94095,5.84968,LT_OREO VANILLA 110.4/105G_T32_4,0.970475
CG_LT,32,,MM BINH PHU,MM DA NANG,OREO VANILLA 110.4/105G,1,0.6,2.0,2.771755,LT_OREO VANILLA 110.4/105G_T32_5,1.0
CG_LT,32,,MM HIEP PHU,MM DA NANG,OREO VANILLA 110.4/105G,9,0.6,2.0,7.343625,LT_OREO VANILLA 110.4/105G_T32_5,1.0
CG_LT,33,,MM BIEN HOA,MM DA NANG,OREO VANILLA 110.4/105G,4,0.6,2.0,4.258532,LT_OREO VANILLA 110.4/105G_T33_1,1.0
CG_LT,33,,MM BIEN HOA,MM HIEP PHU,OREO VANILLA 110.4/105G,7,0.6,2.0,6.260204,LT_OREO VANILLA 110.4/105G_T33_1,1.0
CG_LT,33,,MM BINH PHU,MM AN PHU,OREO VANILLA 110.4/105G,3,0.6,2.0,3.952659,LT_OREO VANILLA 110.4/105G_T33_1,1.0
CG_LT,33,,MM HIEP PHU,MM DA NANG,OREO VANILLA 110.4/105G,3,0.6,2.0,3.675639,LT_OREO VANILLA 110.4/105G_T33_1,1.0
CG_LT,33,,MM BIEN HOA,MM DA NANG,OREO VANILLA 110.4/105G,9,0.6,2.0,7.557894,LT_OREO VANILLA 110.4/105G_T33_2,1.0
CG_LT,33,,MM BIEN HOA,MM HIEP PHU,OREO VANILLA 110.4/105G,1,0.6,2.0,2.684579,LT_OREO VANILLA 110.4/105G_T33_2,1.0
CG_LT,33,,MM BINH PHU,MM DA NANG,OREO VANILLA 110.4/105G,6,0.6,2.0,5.562791,LT_OREO VANILLA 110.4/105G_T33_2,1.0
CG_LT,33,,MM BIEN HOA,MM HIEP PHU,OREO VANILLA 110.4/105G,2,0.6,1.83174,2.978504,LT_OREO VANILLA 110.4/105G_T33_4,0.91587
CG_LT,33,,MM BINH PHU,MM AN PHU,OREO VANILLA 110.4/105G,6,0.6,1.83174,5.574572,LT_OREO VANILLA 110.4/105G_T33_4,0.91587
CG_LT,33,,MM HIEP PHU,MM DA NANG,OREO VANILLA 110.4/105G,3,0.6,1.83174,3.779212,LT_OREO VANILLA 110.4/105G_T33_4,0.91587
CG_LT,33,,MM BIEN HOA,MM DA NANG,OREO VANILLA 110.4/105G,5,0.6,2.0,5.110741,LT_OREO VANILLA 110.4/105G_T33_5,1.0
CG_LT,33,,MM BIEN HOA,MM HIEP PHU,OREO VANILLA 110.4/105G,9,0.6,2.0,7.506746,LT_OREO VANILLA 110.4/105G_T33_5,1.0
CG_LT,33,,MM BINH PHU,MM HIEP PHU,OREO VANILLA 110.4/105G,7,0.6,2.0,6.26863,LT_OREO VANILLA 110.4/105G_T33_5,1.0
CG_LT,33,,MM HIEP PHU,MM DA NANG,OREO VANILLA 110.4/105G,7,0.6,2.0,6.283104,LT_OREO VANILLA 110.4/105G_T33_5,1.0
CG_LT,34,,MM BIEN HOA,MM DA NANG,OREO VANILLA 110.4/105G,5,0.6,1.772908,5.011579,LT_OREO VANILLA 110.4/105G_T34_3,0.886454
CG_LT,35,,MM BIEN HOA,MM HIEP PHU,OREO VANILLA 110.4/105G,2,0.6,1.986383,3.42277,LT_OREO VANILLA 110.4/105G_T35_2,0.993191
CG_LT,35,,MM BINH PHU,MM AN PHU,OREO VANILLA 110.4/105G,9,0.6,1.986383,7.483216,LT_OREO VANILLA 110.4/105G_T35_2,0.993191
CG_LT,35,,MM BINH PHU,MM HIEP PHU,OREO VANILLA 110.4/105G,9,0.6,1.986383,7.532634,LT_OREO VANILLA 110.4/105G_T35_2,0.993191
CG_LT,35,,MM BIEN HOA,MM DA NANG,OREO VANILLA 110.4/105G,3,0.6,1.422629,3.370326,LT_OREO VANILLA 110.4/105G_T35_3,0.711315
CG_LT,35,,MM BIEN HOA,MM HIEP PHU,OREO VANILLA 110.4/105G,3,0.6,1.422629,3.238851,LT_OREO VANILLA 110.4/105G_T35_3,0.711315
CG_LT,35,,MM BINH PHU,MM HIEP PHU,OREO VANILLA 110.4/105G,1,0.6,1.422629,1.860897,LT_OREO VANILLA 110.4/105G_T35_3,0.711315
CG_LT,35,,MM BIEN HOA,MM DA NANG,OREO VANILLA 110.4/105G,10,0.6,2.0,7.844271,LT_OREO VANILLA 110.4/105G_T35_4,1.0
CG_LT,35,,MM BIEN HOA,MM HIEP PHU,OREO VANILLA 110.4/105G,3,0.6,2.0,4.009029,LT_OREO VANILLA 110.4/105G_T35_4,1.0
CG_LT,35,,MM BIEN HOA,MM DA NANG,OREO VANILLA 110.4/105G,6,0.6,2.0,5.864313,LT_OREO VANILLA 110.4/105G_T35_5,1.0
CG_LT,35,,MM BINH PHU,MM AN PHU,OREO VANILLA 110.4/105G,9,0.6,2.0,7.695205,LT_OREO VANILLA 110.4/105G_T35_5,1.0
CG_LT,35,,MM BINH PHU,MM DA NANG,OREO VANILLA 110.4/105G,9,0.6,2.0,7.143719,LT_OREO VANILLA 110.4/105G_T35_5,1.0
CG_LT,37,,MM BIEN HOA,MM AN PHU,OREO VANILLA 110.4/105G,4,0.6,1.4937,4.03935,LT_OREO VANILLA 110.4/105G_T37_3,0.74685
CG_LT,37,,MM BINH PHU,MM AN PHU,OREO VANILLA 110.4/105G,4,0.6,1.4937,3.706849,LT_OREO VANILLA 110.4/105G_T37_3,0.74685
CG_LT,37,,MM BINH PHU,MM DA NANG,OREO VANILLA 110.4/105G,4,0.6,1.4937,3.982089,LT_OREO VANILLA 110.4/105G_T37_3,0.74685
CG_LT,37,,MM HIEP PHU,MM AN PHU,OREO VANILLA 110.4/105G,6,0.6,1.4937,5.195344,LT_OREO VANILLA 110.4/105G_T37_3,0.74685
CG_LT,37,,MM BIEN HOA,MM AN PHU,OREO VANILLA 110.4/105G,6,0.6,2.0,5.634008,LT_OREO VANILLA 110.4/105G_T37_4,1.0
CG_LT,37,,MM BINH PHU,MM AN PHU,OREO VANILLA 110.4/105G,9,0.6,2.0,7.552801,LT_OREO VANILLA 110.4/105G_T37_4,1.0
CG_LT,37,,MM HIEP PHU,MM AN PHU,OREO VANILLA 110.4/105G,7,0.6,2.0,6.141431,LT_OREO VANILLA 110.4/105G_T37_4,1.0
CG_LT,37,,MM HIEP PHU,MM DA NANG,OREO VANILLA 110.4/105G,10,0.6,2.0,7.754658,LT_OREO VANILLA 110.4/105G_T37_4,1.0
CG_LT,37,,MM BIEN HOA,MM AN PHU,OREO VANILLA 110.4/105G,5,0.6,2.0,5.184265,LT_OREO VANILLA 110.4/105G_T37_5,1.0
CG_LT,38,,MM BIEN HOA,MM DA NANG,OREO VANILLA 110.4/105G,9,0.6,2.0,7.482909,LT_OREO VANILLA 110.4/105G_T38_1,1.0
CG_LT,38,,MM HIEP PHU,MM DA NANG,OREO VANILLA 110.4/105G,3,0.6,0.843917,2.873471,LT_OREO VANILLA 110.4/105G_T38_4,0.421958
CG_LT,39,,MM BINH PHU,MM DA NANG,OREO VANILLA 110.4/105G,9,0.6,2.0,7.674329,LT_OREO VANILLA 110.4/105G_T39_1,1.0
CG_LT,39,,MM HIEP PHU,MM DA NANG,OREO VANILLA 110.4/105G,4,0.6,2.0,4.542813,LT_OREO VANILLA 110.4/105G_T39_1,1.0
CG_LT,39,,MM BINH PHU,MM AN PHU,OREO VANILLA 110.4/105G,7,0.6,1.604835,5.554066,LT_OREO VANILLA 110.4/105G_T39_2,0.802417
CG_LT,39,,MM BINH PHU,MM DA NANG,OREO VANILLA 110.4/105G,1,0.6,1.604835,2.270371,LT_OREO VANILLA 110.4/105G_T39_2,0.802417
CG_LT,39,,MM HIEP PHU,MM AN PHU,OREO VANILLA 110.4/105G,2,0.6,1.604835,2.695681,LT_OREO VANILLA 110.4/105G_T39_2,0.802417
CG_LT,39,,MM BINH PHU,MM AN PHU,OREO VANILLA 110.4/105G,2,0.6,2.0,2.958599,LT_OREO VANILLA 110.4/105G_T39_3,1.0
CG_LT,39,,MM BINH PHU,MM DA NANG,OREO VANILLA 110.4/105G,8,0.6,2.0,6.504807,LT_OREO VANILLA 110.4/105G_T39_3,1.0
CG_LT,39,,MM HIEP PHU,MM AN PHU,OREO VANILLA 110.4/105G,7,0.6,2.0,6.430717,LT_OREO VANILLA 110.4/105G_T39_3,1.0
CG_LT,39,,MM HIEP PHU,MM DA NANG,OREO VANILLA 110.4/105G,3,0.6,2.0,3.906997,LT_OREO VANILLA 110.4/105G_T39_3,1.0
CG_LT,39,,MM BIEN HOA,MM AN PHU,OREO VANILLA 110.4/105G,4,0.6,2.0,4.688707,LT_OREO VANILLA 110.4/105G_T39_5,1.0
CG_LT,39,,MM BINH PHU,MM DA NANG,OREO VANILLA 110.4/105G,6,0.6,2.0,5.554698,LT_OREO VANILLA 110.4/105G_T39_5,1.0
CG_LT,39,,MM HIEP PHU,MM AN PHU,OREO VANILLA 110.4/105G,1,0.6,2.0,2.68536,LT_OREO VANILLA 110.4/105G_T39_5,1.0
CG_LT,3,,MM BIEN HOA,MM AN PHU,OREO VANILLA 110.4/105G,5,0.6,1.625684,4.686919,LT_OREO VANILLA 110.4/105G_T3_2,0.812842
CG_LT,3,,MM DA NANG,MM AN PHU,OREO VANILLA 110.4/105G,7,0.6,1.625684,5.678497,LT_OREO VANILLA 110.4/105G_T3_2,0.812842
CG_LT,3,,MM HIEP PHU,MM AN PHU,OREO VANILLA 110.4/105G,6,0.6,1.625684,5.146097,LT_OREO VANILLA 110.4/105G_T3_2,0.812842
CG_LT,3,,MM BINH PHU,MM AN PHU,OREO VANILLA 110.4/105G,9,0.6,2.0,7.450338,LT_OREO VANILLA 110.4/105G_T3_5,1.0
CG_LT,40,,MM BIEN HOA,MM DA NANG,OREO VANILLA 110.4/105G,4,0.6,2.0,4.504211,LT_OREO VANILLA 110.4/105G_T40_1,1.0
CG_LT,40,,MM BIEN HOA,MM HIEP PHU,OREO VANILLA 110.4/105G,1,0.6,2.0,2.834056,LT_OREO VANILLA 110.4/105G_T40_1,1.0
CG_LT,40,,MM BINH PHU,MM AN PHU,OREO VANILLA 110.4/105G,6,0.6,2.0,5.35537,LT_OREO VANILLA 110.4/105G_T40_2,1.0
CG_LT,40,,MM BINH PHU,MM DA NANG,OREO VANILLA 110.4/105G,9,0.6,2.0,7.679838,LT_OREO VANILLA 110.4/105G_T40_2,1.0
CG_LT,40,,MM BINH PHU,MM HIEP PHU,OREO VANILLA 110.4/105G,9,0.6,2.0,7.391297,LT_OREO VANILLA 110.4/105G_T40_2,1.0
CG_LT,40,,MM BINH PHU,MM DA NANG,OREO VANILLA 110.4/105G,10,0.6,2.0,7.92426,LT_OREO VANILLA 110.4/105G_T40_3,1.0
CG_LT,40,,MM BIEN HOA,MM DA NANG,OREO VANILLA 110.4/105G,8,0.6,2.0,6.868095,LT_OREO VANILLA 110.4/105G_T40_4,1.0
CG_LT,40,,MM BINH PHU,MM HIEP PHU,OREO VANILLA 110.4/105G,2,0.6,2.0,2.983463,LT_OREO VANILLA 110.4/105G_T40_4,1.0
CG_LT,40,,MM BIEN HOA,MM AN PHU,OREO VANILLA 110.4/105G,3,0.6,2.0,3.893926,LT_OREO VANILLA 110.4/105G_T40_5,1.0
CG_LT,40,,MM BIEN HOA,MM HIEP PHU,OREO VANILLA 110.4/105G,4,0.6,2.0,4.42396,LT_OREO VANILLA 110.4/105G_T40_5,1.0
CG_LT,40,,MM BINH PHU,MM DA NANG,OREO VANILLA 110.4/105G,8,0.6,2.0,6.917455,LT_OREO VANILLA 110.4/105G_T40_5,1.0
CG_LT,42,,MM BINH PHU,MM DA NANG,OREO VANILLA 110.4/105G,7,0.6,2.0,6.08179,LT_OREO VANILLA 110.4/105G_T42_3,1.0
CG_LT,42,,MM AN PHU,MM DA NANG,OREO VANILLA 110.4/105G,1,0.6,0.828627,1.481722,LT_OREO VANILLA 110.4/105G_T42_4,0.414313
CG_LT,42,,MM BIEN HOA,MM DA NANG,OREO VANILLA 110.4/105G,3,0.6,0.828627,2.606466,LT_OREO VANILLA 110.4/105G_T42_4,0.414313
CG_LT,42,,MM BINH PHU,MM DA NANG,OREO VANILLA 110.4/105G,3,0.6,0.828627,2.454338,LT_OREO VANILLA 110.4/105G_T42_4,0.414313
CG_LT,42,,MM HIEP PHU,MM DA NANG,OREO VANILLA 110.4/105G,4,0.6,0.828627,2.980163,LT_OREO VANILLA 110.4/105G_T42_4,0.414313
CG_LT,42,,MM HIEP PHU,MM DA NANG,OREO VANILLA 110.4/105G,8,0.6,2.0,6.773455,LT_OREO VANILLA 110.4/105G_T42_5,1.0
CG_LT,43,,MM AN PHU,MM DA NANG,OREO VANILLA 110.4/105G,1,0.6,0.286226,0.939258,LT_OREO VANILLA 110.4/105G_T43_1,0.143113
CG_LT,43,,MM BIEN HOA,MM DA NANG,OREO VANILLA 110.4/105G,1,0.6,0.286226,1.014945,LT_OREO VANILLA 110.4/105G_T43_1,0.143113
CG_LT,43,,MM BINH PHU,MM DA NANG,OREO VANILLA 110.4/105G,1,0.6,0.286226,1.091128,LT_OREO VANILLA 110.4/105G_T43_1,0.143113
CG_LT,43,,MM HIEP PHU,MM DA NANG,OREO VANILLA 110.4/105G,1,0.6,0.286226,0.593817,LT_OREO VANILLA 110.4/105G_T43_1,0.143113
CG_LT,44,,MM AN PHU,MM HIEP PHU,OREO VANILLA 110.4/105G,8,0.6,2.0,6.917117,LT_OREO VANILLA 110.4/105G_T44_3,1.0
CG_LT,44,,MM BINH PHU,MM HIEP PHU,OREO VANILLA 110.4/105G,4,0.6,2.0,4.347931,LT_OREO VANILLA 110.4/105G_T44_3,1.0
CG_LT,45,,MM AN PHU,MM HIEP PHU,OREO VANILLA 110.4/105G,2,0.6,0.888874,2.197347,LT_OREO VANILLA 110.4/105G_T45_4,0.444437
CG_LT,45,,MM BIEN HOA,MM DA NANG,OREO VANILLA 110.4/105G,4,0.6,0.888874,3.344596,LT_OREO VANILLA 110.4/105G_T45_4,0.444437
CG_LT,46,,MM BIEN HOA,MM AN PHU,OREO VANILLA 110.4/105G,2,0.6,2.0,3.01703,LT_OREO VANILLA 110.4/105G_T46_2,1.0
CG_LT,46,,MM HIEP PHU,MM DA NANG,OREO VANILLA 110.4/105G,5,0.6,2.0,4.787749,LT_OREO VANILLA 110.4/105G_T46_2,1.0
CG_LT,46,,MM BIEN HOA,MM DA NANG,OREO VANILLA 110.4/105G,5,0.6,2.0,4.935305,LT_OREO VANILLA 110.4/105G_T46_3,1.0
CG_LT,46,,MM BINH PHU,MM DA NANG,OREO VANILLA 110.4/105G,4,0.6,2.0,4.470033,LT_OREO VANILLA 110.4/105G_T46_3,1.0
CG_LT,47,,MM BINH PHU,MM DA NANG,OREO VANILLA 110.4/105G,5,0.6,2.0,4.737742,LT_OREO VANILLA 110.4/105G_T47_1,1.0
CG_LT,47,,MM BINH PHU,MM HIEP PHU,OREO VANILLA 110.4/105G,2,0.6,2.0,3.44718,LT_OREO VANILLA 110.4/105G_T47_1,1.0
CG_LT,47,,MM BINH PHU,MM DA NANG,OREO VANILLA 110.4/105G,2,0.6,2.0,3.384788,LT_OREO VANILLA 110.4/105G_T47_3,1.0
CG_LT,47,,MM BIEN HOA,MM DA NANG,OREO VANILLA 110.4/105G,5,0.6,1.512411,4.275576,LT_OREO VANILLA 110.4/105G_T47_5,0.756206
CG_LT,47,,MM BINH PHU,MM AN PHU,OREO VANILLA 110.4/105G,5,0.6,1.512411,4.63028,LT_OREO VANILLA 110.4/105G_T47_5,0.756206
CG_LT,47,,MM BINH PHU,MM DA NANG,OREO VANILLA 110.4/105G,2,0.6,1.512411,2.780285,LT_OREO VANILLA 110.4/105G_T47_5,0.756206
CG_LT,48,,MM BIEN HOA,MM DA NANG,OREO VANILLA 110.4/105G,9,0.6,2.0,7.309317,LT_OREO VANILLA 110.4/105G_T48_2,1.0
CG_LT,48,,MM BINH PHU,MM AN PHU,OREO VANILLA 110.4/105G,8,0.6,2.0,7.044133,LT_OREO VANILLA 110.4/105G_T48_2,1.0
CG_LT,48,,MM BINH PHU,MM DA NANG,OREO VANILLA 110.4/105G,3,0.6,2.0,4.027835,LT_OREO VANILLA 110.4/105G_T48_2,1.0
CG_LT,48,,MM BIEN HOA,MM AN PHU,OREO VANILLA 110.4/105G,5,0.6,2.0,5.193131,LT_OREO VANILLA 110.4/105G_T48_4,1.0
CG_LT,48,,MM BINH PHU,MM AN PHU,OREO VANILLA 110.4/105G,6,0.6,2.0,5.54207,LT_OREO VANILLA 110.4/105G_T48_4,1.0
CG_LT,48,,MM BINH PHU,MM DA NANG,OREO VANILLA 110.4/105G,5,0.6,2.0,4.936301,LT_OREO VANILLA 110.4/105G_T48_4,1.0
CG_LT,48,,MM HIEP PHU,MM DA NANG,OREO VANILLA 110.4/105G,4,0.6,2.0,4.393453,LT_OREO VANILLA 110.4/105G_T48_4,1.0
CG_LT,48,,MM BIEN HOA,MM DA NANG,OREO VANILLA 110.4/105G,3,0.6,1.577928,3.253458,LT_OREO VANILLA 110.4/105G_T48_5,0.788964
CG_LT,48,,MM HIEP PHU,MM AN PHU,OREO VANILLA 110.4/105G,4,0.6,1.577928,3.9374,LT_OREO VANILLA 110.4/105G_T48_5,0.788964
CG_LT,48,,MM HIEP PHU,MM DA NANG,OREO VANILLA 110.4/105G,2,0.6,1.577928,2.835492,LT_OREO VANILLA 110.4/105G_T48_5,0.788964
CG_LT,49,,MM BINH PHU,MM HIEP PHU,OREO VANILLA 110.4/105G,7,0.6,2.0,6.284731,LT_OREO VANILLA 110.4/105G_T49_1,1.0
CG_LT,49,,MM BINH PHU,MM AN PHU,OREO VANILLA 110.4/105G,6,0.6,2.0,5.743316,LT_OREO VANILLA 110.4/105G_T49_2,1.0
CG_LT,49,,MM BINH PHU,MM DA NANG,OREO VANILLA 110.4/105G,9,0.6,2.0,7.416375,LT_OREO VANILLA 110.4/105G_T49_2,1.0
CG_LT,49,,MM BIEN HOA,MM DA NANG,OREO VANILLA 110.4/105G,1,0.6,1.822971,2.561019,LT_OREO VANILLA 110.4/105G_T49_5,0.911486
CG_LT,49,,MM BIEN HOA,MM HIEP PHU,OREO VANILLA 110.4/105G,2,0.6,1.822971,2.769662,LT_OREO VANILLA 110.4/105G_T49_5,0.911486
CG_LT,49,,MM BINH PHU,MM DA NANG,OREO VANILLA 110.4/105G,9,0.6,1.822971,7.068547,LT_OREO VANILLA 110.4/105G_T49_5,0.911486
CG_LT,4,,MM BIEN HOA,MM AN PHU,OREO VANILLA 110.4/105G,3,0.6,1.771688,3.831438,LT_OREO VANILLA 110.4/105G_T4_2,0.885844
CG_LT,4,,MM BINH PHU,MM AN PHU,OREO VANILLA 110.4/105G,7,0.6,1.771688,5.865799,LT_OREO VANILLA 110.4/105G_T4_2,0.885844
CG_LT,4,,MM HIEP PHU,MM AN PHU,OREO VANILLA 110.4/105G,7,0.6,1.771688,6.210915,LT_OREO VANILLA 110.4/105G_T4_2,0.885844
CG_LT,4,,MM HIEP PHU,MM AN PHU,OREO VANILLA 110.4/105G,9,0.6,2.0,7.399556,LT_OREO VANILLA 110.4/105G_T4_5,1.0
CG_LT,50,,MM BIEN HOA,MM DA NANG,OREO VANILLA 110.4/105G,9,0.6,2.0,7.127639,LT_OREO VANILLA 110.4/105G_T50_1,1.0
CG_LT,50,,MM BINH PHU,MM AN PHU,OREO VANILLA 110.4/105G,10,0.6,2.0,7.906515,LT_OREO VANILLA 110.4/105G_T50_1,1.0
CG_LT,50,,MM BINH PHU,MM DA NANG,OREO VANILLA 110.4/105G,8,0.6,2.0,6.606618,LT_OREO VANILLA 110.4/105G_T50_1,1.0
CG_LT,50,,MM HIEP PHU,MM DA NANG,OREO VANILLA 110.4/105G,1,0.6,2.0,2.892918,LT_OREO VANILLA 110.4/105G_T50_1,1.0
CG_LT,50,,MM BIEN HOA,MM HIEP PHU,OREO VANILLA 110.4/105G,1,0.6,1.550141,2.404776,LT_OREO VANILLA 110.4/105G_T50_2,0.775071
CG_LT,50,,MM BINH PHU,MM DA NANG,OREO VANILLA 110.4/105G,3,0.6,1.550141,3.359736,LT_OREO VANILLA 110.4/105G_T50_2,0.775071
CG_LT,50,,MM HIEP PHU,MM DA NANG,OREO VANILLA 110.4/105G,1,0.6,1.550141,2.276781,LT_OREO VANILLA 110.4/105G_T50_2,0.775071
CG_LT,52,,MM BIEN HOA,MM AN PHU,OREO VANILLA 110.4/105G,2,0.6,2.0,3.247497,LT_OREO VANILLA 110.4/105G_T52_1,1.0
CG_LT,52,,MM BINH PHU,MM DA NANG,OREO VANILLA 110.4/105G,9,0.6,2.0,7.158957,LT_OREO VANILLA 110.4/105G_T52_1,1.0
CG_LT,52,,MM HIEP PHU,MM AN PHU,OREO VANILLA 110.4/105G,9,0.6,2.0,7.100119,LT_OREO VANILLA 110.4/105G_T52_1,1.0
CG_LT,52,,MM HIEP PHU,MM DA NANG,OREO VANILLA 110.4/105G,6,0.6,2.0,5.589308,LT_OREO VANILLA 110.4/105G_T52_1,1.0
CG_LT,52,,MM BIEN HOA,MM AN PHU,OREO VANILLA 110.4/105G,8,0.6,2.0,6.520413,LT_OREO VANILLA 110.4/105G_T52_2,1.0
CG_LT,52,,MM BINH PHU,MM DA NANG,OREO VANILLA 110.4/105G,9,0.6,2.0,7.67642,LT_OREO VANILLA 110.4/105G_T52_2,1.0
CG_LT,52,,MM HIEP PHU,MM AN PHU,OREO VANILLA 110.4/105G,5,0.6,2.0,5.033346,LT_OREO VANILLA 110.4/105G_T52_2,1.0
CG_LT,52,,MM HIEP PHU,MM DA NANG,OREO VANILLA 110.4/105G,9,0.6,2.0,7.543998,LT_OREO VANILLA 110.4/105G_T52_2,1.0
CG_LT,52,,MM BIEN HOA,MM DA NANG,OREO VANILLA 110.4/105G,5,0.6,2.0,5.208129,LT_OREO VANILLA 110.4/105G_T52_3,1.0
CG_LT,52,,MM BINH PHU,MM DA NANG,OREO VANILLA 110.4/105G,9,0.6,2.0,7.359776,LT_OREO VANILLA 110.4/105G_T52_3,1.0
CG_LT,52,,MM HIEP PHU,MM DA NANG,OREO VANILLA 110.4/105G,9,0.6,2.0,7.30952,LT_OREO VANILLA 110.4/105G_T52_3,1.0
CG_LT,52,,MM BIEN HOA,MM AN PHU,OREO VANILLA 110.4/105G,2,0.6,1.069871,2.12557,LT_OREO VANILLA 110.4/105G_T52_5,0.534936
CG_LT,52,,MM BIEN HOA,MM DA NANG,OREO VANILLA 110.4/105G,3,0.6,1.069871,2.594167,LT_OREO VANILLA 110.4/105G_T52_5,0.534936
CG_LT,52,,MM HIEP PHU,MM DA NANG,OREO VANILLA 110.4/105G,1,0.6,1.069871,1.650948,LT_OREO VANILLA 110.4/105G_T52_5,0.534936
CG_LT,53,,MM BIEN HOA,MM DA NANG,OREO VANILLA 110.4/105G,7,0.6,2.0,6.380406,LT_OREO VANILLA 110.4/105G_T53_1,1.0
CG_LT,53,,MM BINH PHU,MM AN PHU,OREO VANILLA 110.4/105G,6,0.6,2.0,5.865436,LT_OREO VANILLA 110.4/105G_T53_1,1.0
CG_LT,53,,MM BINH PHU,MM DA NANG,OREO VANILLA 110.4/105G,4,0.6,2.0,4.428523,LT_OREO VANILLA 110.4/105G_T53_1,1.0
CG_LT,53,,MM HIEP PHU,MM AN PHU,OREO VANILLA 110.4/105G,8,0.6,2.0,6.520589,LT_OREO VANILLA 110.4/105G_T53_1,1.0
CG_LT,53,,MM BINH PHU,MM DA NANG,OREO VANILLA 110.4/105G,8,0.6,2.0,6.648508,LT_OREO VANILLA 110.4/105G_T53_2,1.0
CG_LT,53,,MM BIEN HOA,MM DA NANG,OREO VANILLA 110.4/105G,8,0.6,2.0,6.926637,LT_OREO VANILLA 110.4/105G_T53_3,1.0
CG_LT,53,,MM HIEP PHU,MM AN PHU,OREO VANILLA 110.4/105G,8,0.6,2.0,6.685382,LT_OREO VANILLA 110.4/105G_T53_3,1.0
CG_LT,53,,MM HIEP PHU,MM DA NANG,OREO VANILLA 110.4/105G,5,0.6,2.0,5.157403,LT_OREO VANILLA 110.4/105G_T53_3,1.0
CG_LT,53,,MM BINH PHU,MM DA NANG,OREO VANILLA 110.4/105G,6,0.6,2.0,5.315984,LT_OREO VANILLA 110.4/105G_T53_4,1.0
CG_LT,53,,MM BIEN HOA,MM AN PHU,OREO VANILLA 110.4/105G,3,0.6,2.0,3.905567,LT_OREO VANILLA 110.4/105G_T53_5,1.0
CG_LT,53,,MM BINH PHU,MM DA NANG,OREO VANILLA 110.4/105G,3,0.6,2.0,3.946809,LT_OREO VANILLA 110.4/105G_T53_5,1.0
CG_LT,54,,MM BINH PHU,MM DA NANG,OREO VANILLA 110.4/105G,6,0.6,2.0,5.630519,LT_OREO VANILLA 110.4/105G_T54_1,1.0
CG_LT,54,,MM HIEP PHU,MM AN PHU,OREO VANILLA 110.4/105G,1,0.6,2.0,2.805483,LT_OREO VANILLA 110.4/105G_T54_1,1.0
CG_LT,54,,MM HIEP PHU,MM DA NANG,OREO VANILLA 110.4/105G,2,0.6,2.0,3.218065,LT_OREO VANILLA 110.4/105G_T54_2,1.0
CG_LT,54,,MM BIEN HOA,MM DA NANG,OREO VANILLA 110.4/105G,8,0.6,2.0,6.974663,LT_OREO VANILLA 110.4/105G_T54_3,1.0
CG_LT,54,,MM BINH PHU,MM DA NANG,OREO VANILLA 110.4/105G,3,0.6,2.0,4.083973,LT_OREO VANILLA 110.4/105G_T54_3,1.0
CG_LT,54,,MM HIEP PHU,MM AN PHU,OREO VANILLA 110.4/105G,4,0.6,2.0,4.565913,LT_OREO VANILLA 110.4/105G_T54_3,1.0
CG_LT,54,,MM BIEN HOA,MM DA NANG,OREO VANILLA 110.4/105G,2,0.6,2.0,3.049931,LT_OREO VANILLA 110.4/105G_T54_4,1.0
CG_LT,54,,MM BINH PHU,MM AN PHU,OREO VANILLA 110.4/105G,5,0.6,2.0,4.953666,LT_OREO VANILLA 110.4/105G_T54_4,1.0
CG_LT,54,,MM HIEP PHU,MM DA NANG,OREO VANILLA 110.4/105G,2,0.6,2.0,3.068739,LT_OREO VANILLA 110.4/105G_T54_4,1.0
CG_LT,55,,MM HIEP PHU,MM DA NANG,OREO VANILLA 110.4/105G,2,0.6,0.46315,1.63741,LT_OREO VANILLA 110.4/105G_T55_5,0.231575
CG_LT,56,,MM BINH PHU,MM AN PHU,OREO VANILLA 110.4/105G,10,0.6,2.0,7.779649,LT_OREO VANILLA 110.4/105G_T56_1,1.0
CG_LT,56,,MM HIEP PHU,MM AN PHU,OREO VANILLA 110.4/105G,7,0.6,2.0,6.035315,LT_OREO VANILLA 110.4/105G_T56_1,1.0
CG_LT,56,,MM HIEP PHU,MM AN PHU,OREO VANILLA 110.4/105G,4,0.6,1.769804,4.204242,LT_OREO VANILLA 110.4/105G_T56_2,0.884902
CG_LT,56,,MM BINH PHU,MM AN PHU,OREO VANILLA 110.4/105G,9,0.6,2.0,7.683883,LT_OREO VANILLA 110.4/105G_T56_3,1.0
CG_LT,57,,MM BIEN HOA,MM DA NANG,OREO VANILLA 110.4/105G,10,0.6,2.0,7.899639,LT_OREO VANILLA 110.4/105G_T57_2,1.0
CG_LT,57,,MM BINH PHU,MM DA NANG,OREO VANILLA 110.4/105G,10,0.6,2.0,7.940122,LT_OREO VANILLA 110.4/105G_T57_2,1.0
CG_LT,57,,MM BINH PHU,MM DA NANG,OREO VANILLA 110.4/105G,8,0.6,1.90221,6.862838,LT_OREO VANILLA 110.4/105G_T57_5,0.951105
CG_LT,57,,MM HIEP PHU,MM AN PHU,OREO VANILLA 110.4/105G,4,0.6,1.90221,4.262764,LT_OREO VANILLA 110.4/105G_T57_5,0.951105
CG_LT,57,,MM HIEP PHU,MM DA NANG,OREO VANILLA 110.4/105G,4,0.6,1.90221,4.520902,LT_OREO VANILLA 110.4/105G_T57_5,0.951105
CG_LT,58,,MM BIEN HOA,MM AN PHU,OREO VANILLA 110.4/105G,4,0.6,1.412434,3.777201,LT_OREO VANILLA 110.4/105G_T58_1,0.706217
CG_LT,58,,MM BINH PHU,MM DA NANG,OREO VANILLA 110.4/105G,5,0.6,1.412434,4.669964,LT_OREO VANILLA 110.4/105G_T58_1,0.706217
CG_LT,58,,MM BIEN HOA,MM DA NANG,OREO VANILLA 110.4/105G,8,0.6,2.0,6.699642,LT_OREO VANILLA 110.4/105G_T58_3,1.0
CG_LT,58,,MM BIEN HOA,MM DA NANG,OREO VANILLA 110.4/105G,5,0.6,2.0,4.769397,LT_OREO VANILLA 110.4/105G_T58_5,1.0
CG_LT,59,,MM BIEN HOA,MM DA NANG,OREO VANILLA 110.4/105G,2,0.6,1.074842,2.443782,LT_OREO VANILLA 110.4/105G_T59_1,0.537421
CG_LT,59,,MM HIEP PHU,MM AN PHU,OREO VANILLA 110.4/105G,1,0.6,1.074842,1.731128,LT_OREO VANILLA 110.4/105G_T59_1,0.537421
CG_LT,59,,MM BIEN HOA,MM AN PHU,OREO VANILLA 110.4/105G,2,0.6,2.0,3.184951,LT_OREO VANILLA 110.4/105G_T59_2,1.0
CG_LT,59,,MM BINH PHU,MM DA NANG,OREO VANILLA 110.4/105G,2,0.6,2.0,2.931362,LT_OREO VANILLA 110.4/105G_T59_2,1.0
CG_LT,59,,MM HIEP PHU,MM AN PHU,OREO VANILLA 110.4/105G,3,0.6,2.0,3.571181,LT_OREO VANILLA 110.4/105G_T59_2,1.0
CG_LT,59,,MM HIEP PHU,MM DA NANG,OREO VANILLA 110.4/105G,9,0.6,2.0,7.18681,LT_OREO VANILLA 110.4/105G_T59_2,1.0
CG_LT,59,,MM BIEN HOA,MM DA NANG,OREO VANILLA 110.4/105G,9,0.6,2.0,7.156853,LT_OREO VANILLA 110.4/105G_T59_4,1.0
CG_LT,59,,MM BINH PHU,MM DA NANG,OREO VANILLA 110.4/105G,8,0.6,2.0,6.556362,LT_OREO VANILLA 110.4/105G_T59_4,1.0
CG_LT,59,,MM HIEP PHU,MM AN PHU,OREO VANILLA 110.4/105G,2,0.6,2.0,3.407879,LT_OREO VANILLA 110.4/105G_T59_4,1.0
CG_LT,59,,MM HIEP PHU,MM DA NANG,OREO VANILLA 110.4/105G,2,0.6,2.0,3.312716,LT_OREO VANILLA 110.4/105G_T59_4,1.0
CG_LT,59,,MM BINH PHU,MM DA NANG,OREO VANILLA 110.4/105G,6,0.6,2.0,5.451926,LT_OREO VANILLA 110.4/105G_T59_5,1.0
CG_LT,59,,MM HIEP PHU,MM DA NANG,OREO VANILLA 110.4/105G,6,0.6,2.0,5.523152,LT_OREO VANILLA 110.4/105G_T59_5,1.0
CG_LT,5,,MM BIEN HOA,MM AN PHU,OREO VANILLA 110.4/105G,6,0.6,2.0,5.595345,LT_OREO VANILLA 110.4/105G_T5_2,1.0
CG_LT,5,,MM HIEP PHU,MM AN PHU,OREO VANILLA 110.4/105G,7,0.6,2.0,6.347105,LT_OREO VANILLA 110.4/105G_T5_2,1.0
CG_LT,5,,MM HIEP PHU,MM DA NANG,OREO VANILLA 110.4/105G,9,0.6,2.0,7.63283,LT_OREO VANILLA 110.4/105G_T5_2,1.0
CG_LT,5,,MM BIEN HOA,MM AN PHU,OREO VANILLA 110.4/105G,6,0.6,2.0,5.6774,LT_OREO VANILLA 110.4/105G_T5_3,1.0
CG_LT,5,,MM BINH PHU,MM DA NANG,OREO VANILLA 110.4/105G,8,0.6,2.0,6.777486,LT_OREO VANILLA 110.4/105G_T5_3,1.0
CG_LT,5,,MM HIEP PHU,MM AN PHU,OREO VANILLA 110.4/105G,4,0.6,2.0,4.11773,LT_OREO VANILLA 110.4/105G_T5_3,1.0
CG_LT,5,,MM HIEP PHU,MM DA NANG,OREO VANILLA 110.4/105G,2,0.6,2.0,3.078546,LT_OREO VANILLA 110.4/105G_T5_3,1.0
CG_LT,5,,MM BINH PHU,MM AN PHU,OREO VANILLA 110.4/105G,10,0.6,2.0,7.834074,LT_OREO VANILLA 110.4/105G_T5_4,1.0
CG_LT,5,,MM HIEP PHU,MM AN PHU,OREO VANILLA 110.4/105G,5,0.6,2.0,5.234405,LT_OREO VANILLA 110.4/105G_T5_4,1.0
CG_LT,5,,MM HIEP PHU,MM DA NANG,OREO VANILLA 110.4/105G,6,0.6,2.0,5.42334,LT_OREO VANILLA 110.4/105G_T5_4,1.0
CG_LT,5,,MM BIEN HOA,MM DA NANG,OREO VANILLA 110.4/105G,4,0.6,1.270616,3.717871,LT_OREO VANILLA 110.4/105G_T5_5,0.635308
CG_LT,5,,MM BINH PHU,MM AN PHU,OREO VANILLA 110.4/105G,5,0.6,1.270616,4.551525,LT_OREO VANILLA 110.4/105G_T5_5,0.635308
CG_LT,5,,MM BINH PHU,MM DA NANG,OREO VANILLA 110.4/105G,2,0.6,1.270616,2.199848,LT_OREO VANILLA 110.4/105G_T5_5,0.635308
CG_LT,60,,MM HIEP PHU,MM AN PHU,OREO VANILLA 110.4/105G,4,0.6,2.0,4.561485,LT_OREO VANILLA 110.4/105G_T60_2,1.0
CG_LT,60,,MM HIEP PHU,MM DA NANG,OREO VANILLA 110.4/105G,6,0.6,2.0,5.689436,LT_OREO VANILLA 110.4/105G_T60_2,1.0
CG_LT,60,,MM BINH PHU,MM AN PHU,OREO VANILLA 110.4/105G,7,0.6,2.0,6.023245,LT_OREO VANILLA 110.4/105G_T60_3,1.0
CG_LT,60,,MM BINH PHU,MM DA NANG,OREO VANILLA 110.4/105G,9,0.6,2.0,7.472928,LT_OREO VANILLA 110.4/105G_T60_3,1.0
CG_LT,60,,MM HIEP PHU,MM AN PHU,OREO VANILLA 110.4/105G,3,0.6,2.0,3.921992,LT_OREO VANILLA 110.4/105G_T60_3,1.0
CG_LT,60,,MM HIEP PHU,MM DA NANG,OREO VANILLA 110.4/105G,10,0.6,2.0,7.922126,LT_OREO VANILLA 110.4/105G_T60_3,1.0
CG_LT,60,,MM BIEN HOA,MM DA NANG,OREO VANILLA 110.4/105G,2,0.6,2.0,2.987175,LT_OREO VANILLA 110.4/105G_T60_4,1.0
CG_LT,60,,MM BINH PHU,MM DA NANG,OREO VANILLA 110.4/105G,7,0.6,2.0,6.249267,LT_OREO VANILLA 110.4/105G_T60_4,1.0
CG_LT,60,,MM HIEP PHU,MM DA NANG,OREO VANILLA 110.4/105G,2,0.6,2.0,3.117956,LT_OREO VANILLA 110.4/105G_T60_4,1.0
CG_LT,61,,MM BIEN HOA,MM AN PHU,OREO VANILLA 110.4/105G,6,0.6,1.797769,5.612648,LT_OREO VANILLA 110.4/105G_T61_3,0.898885
CG_LT,61,,MM HIEP PHU,MM AN PHU,OREO VANILLA 110.4/105G,9,0.6,1.797769,7.151171,LT_OREO VANILLA 110.4/105G_T61_3,0.898885
CG_LT,62,,MM BIEN HOA,MM AN PHU,OREO VANILLA 110.4/105G,2,0.6,2.0,3.36023,LT_OREO VANILLA 110.4/105G_T62_1,1.0
CG_LT,62,,MM BINH PHU,MM AN PHU,OREO VANILLA 110.4/105G,9,0.6,2.0,7.639849,LT_OREO VANILLA 110.4/105G_T62_1,1.0
CG_LT,62,,MM BINH PHU,MM DA NANG,OREO VANILLA 110.4/105G,7,0.6,2.0,6.191489,LT_OREO VANILLA 110.4/105G_T62_1,1.0
CG_LT,62,,MM HIEP PHU,MM AN PHU,OREO VANILLA 110.4/105G,9,0.6,2.0,7.34176,LT_OREO VANILLA 110.4/105G_T62_1,1.0
CG_LT,62,,MM BIEN HOA,MM AN PHU,OREO VANILLA 110.4/105G,9,0.6,2.0,7.651113,LT_OREO VANILLA 110.4/105G_T62_2,1.0
CG_LT,62,,MM BIEN HOA,MM AN PHU,OREO VANILLA 110.4/105G,10,0.6,2.0,7.818584,LT_OREO VANILLA 110.4/105G_T62_3,1.0
CG_LT,62,,MM BIEN HOA,MM AN PHU,OREO VANILLA 110.4/105G,10,0.6,2.0,7.937473,LT_OREO VANILLA 110.4/105G_T62_4,1.0
CG_LT,62,,MM BIEN HOA,MM DA NANG,OREO VANILLA 110.4/105G,5,0.6,2.0,5.284611,LT_OREO VANILLA 110.4/105G_T62_4,1.0
CG_LT,62,,MM HIEP PHU,MM DA NANG,OREO VANILLA 110.4/105G,2,0.6,2.0,3.280463,LT_OREO VANILLA 110.4/105G_T62_4,1.0
CG_LT,62,,MM BINH PHU,MM AN PHU,OREO VANILLA 110.4/105G,4,0.6,2.0,4.179594,LT_OREO VANILLA 110.4/105G_T62_5,1.0
CG_LT,62,,MM HIEP PHU,MM AN PHU,OREO VANILLA 110.4/105G,9,0.6,2.0,7.213106,LT_OREO VANILLA 110.4/105G_T62_5,1.0
CG_LT,64,,MM BIEN HOA,MM DA NANG,OREO VANILLA 110.4/105G,2,0.6,2.0,3.379171,LT_OREO VANILLA 110.4/105G_T64_1,1.0
CG_LT,64,,MM BINH PHU,MM DA NANG,OREO VANILLA 110.4/105G,8,0.6,2.0,6.748514,LT_OREO VANILLA 110.4/105G_T64_1,1.0
CG_LT,64,,MM HIEP PHU,MM DA NANG,OREO VANILLA 110.4/105G,8,0.6,2.0,6.614605,LT_OREO VANILLA 110.4/105G_T64_1,1.0
CG_LT,64,,MM BIEN HOA,MM DA NANG,OREO VANILLA 110.4/105G,7,0.6,1.812181,6.280987,LT_OREO VANILLA 110.4/105G_T64_4,0.906091
CG_LT,64,,MM HIEP PHU,MM AN PHU,OREO VANILLA 110.4/105G,7,0.6,1.812181,6.121868,LT_OREO VANILLA 110.4/105G_T64_4,0.906091
CG_LT,64,,MM HIEP PHU,MM DA NANG,OREO VANILLA 110.4/105G,6,0.6,1.812181,5.701662,LT_OREO VANILLA 110.4/105G_T64_4,0.906091
CG_LT,65,,MM BIEN HOA,MM DA NANG,OREO VANILLA 110.4/105G,7,0.6,2.0,6.456162,LT_OREO VANILLA 110.4/105G_T65_1,1.0
CG_LT,65,,MM BIEN HOA,MM DA NANG,OREO VANILLA 110.4/105G,5,0.6,2.0,5.226416,LT_OREO VANILLA 110.4/105G_T65_4,1.0
CG_LT,67,,MM HIEP PHU,MM DA NANG,OREO VANILLA 110.4/105G,7,0.6,2.0,6.352323,LT_OREO VANILLA 110.4/105G_T67_2,1.0
CG_LT,67,,MM BINH PHU,MM DA NANG,OREO VANILLA 110.4/105G,2,0.6,2.0,3.256001,LT_OREO VANILLA 110.4/105G_T67_4,1.0
CG_LT,67,,MM HIEP PHU,MM DA NANG,OREO VANILLA 110.4/105G,9,0.6,2.0,7.353014,LT_OREO VANILLA 110.4/105G_T67_4,1.0
CG_LT,67,,MM BIEN HOA,MM AN PHU,OREO VANILLA 110.4/105G,9,0.6,2.0,7.22278,LT_OREO VANILLA 110.4/105G_T67_5,1.0
CG_LT,67,,MM BINH PHU,MM AN PHU,OREO VANILLA 110.4/105G,7,0.6,2.0,6.385211,LT_OREO VANILLA 110.4/105G_T67_5,1.0
CG_LT,67,,MM BINH PHU,MM DA NANG,OREO VANILLA 110.4/105G,8,0.6,2.0,6.566247,LT_OREO VANILLA 110.4/105G_T67_5,1.0
CG_LT,67,,MM HIEP PHU,MM DA NANG,OREO VANILLA 110.4/105G,2,0.6,2.0,3.104659,LT_OREO VANILLA 110.4/105G_T67_5,1.0
CG_LT,68,,MM BINH PHU,MM DA NANG,OREO VANILLA 110.4/105G,8,0.6,1.947148,6.824805,LT_OREO VANILLA 110.4/105G_T68_4,0.973574
CG_LT,68,,MM HIEP PHU,MM DA NANG,OREO VANILLA 110.4/105G,9,0.6,1.947148,7.515253,LT_OREO VANILLA 110.4/105G_T68_4,0.973574
CG_LT,69,,MM BINH PHU,MM DA NANG,OREO VANILLA 110.4/105G,5,0.6,2.0,4.802129,LT_OREO VANILLA 110.4/105G_T69_2,1.0
CG_LT,69,,MM HIEP PHU,MM DA NANG,OREO VANILLA 110.4/105G,8,0.6,2.0,6.798708,LT_OREO VANILLA 110.4/105G_T69_4,1.0
CG_LT,69,,MM BIEN HOA,MM DA NANG,OREO VANILLA 110.4/105G,3,0.6,1.801949,3.428004,LT_OREO VANILLA 110.4/105G_T69_5,0.900975
CG_LT,69,,MM BINH PHU,MM AN PHU,OREO VANILLA 110.4/105G,2,0.6,1.801949,2.985184,LT_OREO VANILLA 110.4/105G_T69_5,0.900975
CG_LT,69,,MM HIEP PHU,MM DA NANG,OREO VANILLA 110.4/105G,6,0.6,1.801949,5.385497,LT_OREO VANILLA 110.4/105G_T69_5,0.900975
CG_LT,6,,MM BIEN HOA,MM AN PHU,OREO VANILLA 110.4/105G,1,0.6,1.784077,2.621595,LT_OREO VANILLA 110.4/105G_T6_3,0.892038
CG_LT,6,,MM BINH PHU,MM BIEN HOA,OREO VANILLA 110.4/105G,1,0.6,1.784077,2.356042,LT_OREO VANILLA 110.4/105G_T6_3,0.892038
CG_LT,6,,MM DA NANG,MM BIEN HOA,OREO VANILLA 110.4/105G,7,0.6,1.784077,6.048797,LT_OREO VANILLA 110.4/105G_T6_3,0.892038
CG_LT,6,,MM HIEP PHU,MM AN PHU,OREO VANILLA 110.4/105G,6,0.6,1.784077,5.343885,LT_OREO VANILLA 110.4/105G_T6_3,0.892038
CG_LT,6,,MM BINH PHU,MM AN PHU,OREO VANILLA 110.4/105G,6,0.6,2.0,5.889302,LT_OREO VANILLA 110.4/105G_T6_4,1.0
CG_LT,6,,MM DA NANG,MM AN PHU,OREO VANILLA 110.4/105G,7,0.6,2.0,6.486459,LT_OREO VANILLA 110.4/105G_T6_4,1.0
CG_LT,6,,MM HIEP PHU,MM BIEN HOA,OREO VANILLA 110.4/105G,1,0.6,2.0,2.678215,LT_OREO VANILLA 110.4/105G_T6_4,1.0
CG_LT,71,,MM BIEN HOA,MM DA NANG,OREO VANILLA 110.4/105G,2,0.6,0.989393,2.108439,LT_OREO VANILLA 110.4/105G_T71_2,0.494697
CG_LT,71,,MM BINH PHU,MM DA NANG,OREO VANILLA 110.4/105G,5,0.6,2.0,4.97271,LT_OREO VANILLA 110.4/105G_T71_5,1.0
CG_LT,72,,MM BIEN HOA,MM DA NANG,OREO VANILLA 110.4/105G,1,0.6,0.341483,1.029369,LT_OREO VANILLA 110.4/105G_T72_4,0.170741
CG_LT,72,,MM BINH PHU,MM DA NANG,OREO VANILLA 110.4/105G,1,0.6,0.341483,0.999286,LT_OREO VANILLA 110.4/105G_T72_4,0.170741
CG_LT,72,,MM HIEP PHU,MM DA NANG,OREO VANILLA 110.4/105G,1,0.6,0.341483,0.677048,LT_OREO VANILLA 110.4/105G_T72_4,0.170741
CG_LT,73,,MM BIEN HOA,MM DA NANG,OREO VANILLA 110.4/105G,3,0.6,1.579422,3.264627,LT_OREO VANILLA 110.4/105G_T73_2,0.789711
CG_LT,73,,MM HIEP PHU,MM AN PHU,OREO VANILLA 110.4/105G,7,0.6,1.579422,5.761891,LT_OREO VANILLA 110.4/105G_T73_2,0.789711
CG_LT,73,,MM BINH PHU,MM AN PHU,OREO VANILLA 110.4/105G,5,0.6,2.0,4.703794,LT_OREO VANILLA 110.4/105G_T73_3,1.0
CG_LT,73,,MM HIEP PHU,MM AN PHU,OREO VANILLA 110.4/105G,8,0.6,2.0,6.929811,LT_OREO VANILLA 110.4/105G_T73_3,1.0
CG_LT,73,,MM BIEN HOA,MM AN PHU,OREO VANILLA 110.4/105G,5,0.6,2.0,4.833736,LT_OREO VANILLA 110.4/105G_T73_4,1.0
CG_LT,73,,MM BINH PHU,MM AN PHU,OREO VANILLA 110.4/105G,6,0.6,2.0,5.840779,LT_OREO VANILLA 110.4/105G_T73_4,1.0
CG_LT,73,,MM HIEP PHU,MM AN PHU,OREO VANILLA 110.4/105G,8,0.6,2.0,6.644934,LT_OREO VANILLA 110.4/105G_T73_4,1.0
CG_LT,73,,MM HIEP PHU,MM DA NANG,OREO VANILLA 110.4/105G,1,0.6,2.0,2.668839,LT_OREO VANILLA 110.4/105G_T73_4,1.0
CG_LT,73,,MM BIEN HOA,MM AN PHU,OREO VANILLA 110.4/105G,9,0.6,2.0,7.358473,LT_OREO VANILLA 110.4/105G_T73_5,1.0
CG_LT,73,,MM BIEN HOA,MM DA NANG,OREO VANILLA 110.4/105G,7,0.6,2.0,5.958662,LT_OREO VANILLA 110.4/105G_T73_5,1.0
CG_LT,73,,MM BINH PHU,MM AN PHU,OREO VANILLA 110.4/105G,10,0.6,2.0,7.949847,LT_OREO VANILLA 110.4/105G_T73_5,1.0
CG_LT,73,,MM HIEP PHU,MM AN PHU,OREO VANILLA 110.4/105G,6,0.6,2.0,5.410378,LT_OREO VANILLA 110.4/105G_T73_5,1.0
CG_LT,74,,MM BINH PHU,MM DA NANG,OREO VANILLA 110.4/105G,8,0.6,2.0,6.905988,LT_OREO VANILLA 110.4/105G_T74_4,1.0
CG_LT,75,,MM BIEN HOA,MM AN PHU,OREO VANILLA 110.4/105G,7,0.6,2.0,6.305657,LT_OREO VANILLA 110.4/105G_T75_1,1.0
CG_LT,75,,MM BINH PHU,MM DA NANG,OREO VANILLA 110.4/105G,7,0.6,2.0,6.06859,LT_OREO VANILLA 110.4/105G_T75_1,1.0
CG_LT,75,,MM HIEP PHU,MM AN PHU,OREO VANILLA 110.4/105G,3,0.6,2.0,3.838491,LT_OREO VANILLA 110.4/105G_T75_1,1.0
CG_LT,75,,MM BIEN HOA,MM AN PHU,OREO VANILLA 110.4/105G,8,0.6,2.0,6.859073,LT_OREO VANILLA 110.4/105G_T75_2,1.0
CG_LT,75,,MM BIEN HOA,MM DA NANG,OREO VANILLA 110.4/105G,9,0.6,2.0,7.21556,LT_OREO VANILLA 110.4/105G_T75_2,1.0
CG_LT,75,,MM HIEP PHU,MM DA NANG,OREO VANILLA 110.4/105G,2,0.6,2.0,3.121495,LT_OREO VANILLA 110.4/105G_T75_2,1.0
CG_LT,75,,MM BIEN HOA,MM AN PHU,OREO VANILLA 110.4/105G,4,0.6,1.855869,4.375278,LT_OREO VANILLA 110.4/105G_T75_3,0.927935
CG_LT,75,,MM BIEN HOA,MM DA NANG,OREO VANILLA 110.4/105G,6,0.6,1.855869,5.409067,LT_OREO VANILLA 110.4/105G_T75_3,0.927935
CG_LT,77,,MM BIEN HOA,MM DA NANG,OREO VANILLA 110.4/105G,0,0.6,0.095135,0.188625,LT_OREO VANILLA 110.4/105G_T77_3,0.047567
CG_LT,77,,MM BINH PHU,MM DA NANG,OREO VANILLA 110.4/105G,0,0.6,0.095135,0.368604,LT_OREO VANILLA 110.4/105G_T77_3,0.047567
CG_LT,77,,MM BIEN HOA,MM DA NANG,OREO VANILLA 110.4/105G,7,0.6,2.0,6.431934,LT_OREO VANILLA 110.4/105G_T77_5,1.0
CG_LT,77,,MM HIEP PHU,MM DA NANG,OREO VANILLA 110.4/105G,7,0.6,2.0,6.060052,LT_OREO VANILLA 110.4/105G_T77_5,1.0
CG_LT,78,,MM AN PHU,MM DA NANG,OREO VANILLA 110.4/105G,4,0.6,0.840266,3.089275,LT_OREO VANILLA 110.4/105G_T78_1,0.420133
CG_LT,78,,MM BIEN HOA,MM DA NANG,OREO VANILLA 110.4/105G,3,0.6,0.840266,2.491694,LT_OREO VANILLA 110.4/105G_T78_1,0.420133
CG_LT,78,,MM BINH PHU,MM DA NANG,OREO VANILLA 110.4/105G,1,0.6,0.840266,1.272447,LT_OREO VANILLA 110.4/105G_T78_1,0.420133
CG_LT,78,,MM HIEP PHU,MM DA NANG,OREO VANILLA 110.4/105G,4,0.6,0.840266,3.180125,LT_OREO VANILLA 110.4/105G_T78_1,0.420133
CG_LT,78,,MM AN PHU,MM DA NANG,OREO VANILLA 110.4/105G,9,0.6,2.0,7.14495,LT_OREO VANILLA 110.4/105G_T78_3,1.0
CG_LT,78,,MM BINH PHU,MM DA NANG,OREO VANILLA 110.4/105G,6,0.6,2.0,5.656681,LT_OREO VANILLA 110.4/105G_T78_3,1.0
CG_LT,78,,MM BIEN HOA,MM DA NANG,OREO VANILLA 110.4/105G,10,0.6,2.0,7.701583,LT_OREO VANILLA 110.4/105G_T78_4,1.0
CG_LT,78,,MM BINH PHU,MM DA NANG,OREO VANILLA 110.4/105G,8,0.6,2.0,6.906684,LT_OREO VANILLA 110.4/105G_T78_4,1.0
CG_LT,7,,MM BINH PHU,MM DA NANG,OREO VANILLA 110.4/105G,1,0.6,2.0,2.70962,LT_OREO VANILLA 110.4/105G_T7_1,1.0
CG_LT,7,,MM HIEP PHU,MM BIEN HOA,OREO VANILLA 110.4/105G,6,0.6,2.0,5.68151,LT_OREO VANILLA 110.4/105G_T7_1,1.0
CG_LT,7,,MM BINH PHU,MM BIEN HOA,OREO VANILLA 110.4/105G,9,0.6,2.0,7.222828,LT_OREO VANILLA 110.4/105G_T7_2,1.0
CG_LT,7,,MM BINH PHU,MM DA NANG,OREO VANILLA 110.4/105G,2,0.6,2.0,3.073407,LT_OREO VANILLA 110.4/105G_T7_2,1.0
CG_LT,7,,MM HIEP PHU,MM BIEN HOA,OREO VANILLA 110.4/105G,2,0.6,2.0,3.141232,LT_OREO VANILLA 110.4/105G_T7_2,1.0
CG_LT,7,,MM HIEP PHU,MM DA NANG,OREO VANILLA 110.4/105G,1,0.6,2.0,2.81568,LT_OREO VANILLA 110.4/105G_T7_2,1.0
CG_LT,7,,MM BINH PHU,MM BIEN HOA,OREO VANILLA 110.4/105G,0,0.6,0.337765,0.475325,LT_OREO VANILLA 110.4/105G_T7_3,0.168883
CG_LT,7,,MM BINH PHU,MM DA NANG,OREO VANILLA 110.4/105G,1,0.6,0.337765,0.692635,LT_OREO VANILLA 110.4/105G_T7_3,0.168883
CG_LT,7,,MM DA NANG,MM BIEN HOA,OREO VANILLA 110.4/105G,1,0.6,0.337765,1.001104,LT_OREO VANILLA 110.4/105G_T7_3,0.168883
CG_LT,7,,MM HIEP PHU,MM BIEN HOA,OREO VANILLA 110.4/105G,1,0.6,0.337765,0.701004,LT_OREO VANILLA 110.4/105G_T7_3,0.168883
CG_LT,7,,MM DA NANG,MM AN PHU,OREO VANILLA 110.4/105G,3,0.6,1.664359,3.702928,LT_OREO VANILLA 110.4/105G_T7_5,0.832179
CG_LT,7,,MM DA NANG,MM BIEN HOA,OREO VANILLA 110.4/105G,5,0.6,1.664359,4.546219,LT_OREO VANILLA 110.4/105G_T7_5,0.832179
CG_LT,7,,MM HIEP PHU,MM AN PHU,OREO VANILLA 110.4/105G,7,0.6,1.664359,5.68102,LT_OREO VANILLA 110.4/105G_T7_5,0.832179
CG_LT,80,,MM AN PHU,MM DA NANG,OREO VANILLA 110.4/105G,4,0.6,1.13316,3.462653,LT_OREO VANILLA 110.4/105G_T80_1,0.56658
CG_LT,88,,MM BIEN HOA,MM AN PHU,OREO VANILLA 110.4/105G,9,0.6,2.0,7.161211,LT_OREO VANILLA 110.4/105G_T88_2,1.0
CG_LT,88,,MM BINH PHU,MM DA NANG,OREO VANILLA 110.4/105G,5,0.6,2.0,4.773587,LT_OREO VANILLA 110.4/105G_T88_2,1.0
CG_LT,88,,MM HIEP PHU,MM AN PHU,OREO VANILLA 110.4/105G,7,0.6,2.0,6.225214,LT_OREO VANILLA 110.4/105G_T88_2,1.0
CG_LT,88,,MM HIEP PHU,MM DA NANG,OREO VANILLA 110.4/105G,7,0.6,2.0,5.942739,LT_OREO VANILLA 110.4/105G_T88_2,1.0
CG_LT,88,,MM BIEN HOA,MM DA NANG,OREO VANILLA 110.4/105G,9,0.6,2.0,7.561729,LT_OREO VANILLA 110.4/105G_T88_3,1.0
CG_LT,88,,MM HIEP PHU,MM AN PHU,OREO VANILLA 110.4/105G,10,0.6,2.0,7.783069,LT_OREO VANILLA 110.4/105G_T88_3,1.0
CG_LT,88,,MM HIEP PHU,MM DA NANG,OREO VANILLA 110.4/105G,1,0.6,2.0,2.643414,LT_OREO VANILLA 110.4/105G_T88_3,1.0
CG_LT,88,,MM BIEN HOA,MM AN PHU,OREO VANILLA 110.4/105G,9,0.6,2.0,7.431385,LT_OREO VANILLA 110.4/105G_T88_4,1.0
CG_LT,88,,MM BIEN HOA,MM DA NANG,OREO VANILLA 110.4/105G,5,0.6,2.0,5.027137,LT_OREO VANILLA 110.4/105G_T88_4,1.0
CG_LT,88,,MM BINH PHU,MM DA NANG,OREO VANILLA 110.4/105G,6,0.6,2.0,5.518912,LT_OREO VANILLA 110.4/105G_T88_4,1.0
CG_LT,88,,MM HIEP PHU,MM DA NANG,OREO VANILLA 110.4/105G,9,0.6,2.0,7.311315,LT_OREO VANILLA 110.4/105G_T88_4,1.0
CG_LT,88,,MM BIEN HOA,MM DA NANG,OREO VANILLA 110.4/105G,0,0.6,0.780753,1.015957,LT_OREO VANILLA 110.4/105G_T88_5,0.390377
CG_LT,88,,MM BINH PHU,MM AN PHU,OREO VANILLA 110.4/105G,1,0.6,0.780753,1.241145,LT_OREO VANILLA 110.4/105G_T88_5,0.390377
CG_LT,88,,MM BINH PHU,MM DA NANG,OREO VANILLA 110.4/105G,1,0.6,0.780753,1.566717,LT_OREO VANILLA 110.4/105G_T88_5,0.390377
CG_LT,89,,MM BIEN HOA,MM AN PHU,OREO VANILLA 110.4/105G,6,0.6,2.0,5.789643,LT_OREO VANILLA 110.4/105G_T89_1,1.0
CG_LT,89,,MM BIEN HOA,MM DA NANG,OREO VANILLA 110.4/105G,6,0.6,2.0,5.566162,LT_OREO VANILLA 110.4/105G_T89_1,1.0
CG_LT,89,,MM BINH PHU,MM AN PHU,OREO VANILLA 110.4/105G,5,0.6,2.0,4.824388,LT_OREO VANILLA 110.4/105G_T89_1,1.0
CG_LT,89,,MM HIEP PHU,MM DA NANG,OREO VANILLA 110.4/105G,5,0.6,2.0,5.217019,LT_OREO VANILLA 110.4/105G_T89_1,1.0
CG_LT,89,,MM BINH PHU,MM DA NANG,OREO VANILLA 110.4/105G,3,0.6,1.96229,3.536562,LT_OREO VANILLA 110.4/105G_T89_2,0.981145
CG_LT,89,,MM BIEN HOA,MM DA NANG,OREO VANILLA 110.4/105G,9,0.6,2.0,7.219283,LT_OREO VANILLA 110.4/105G_T89_3,1.0
CG_LT,89,,MM BINH PHU,MM DA NANG,OREO VANILLA 110.4/105G,6,0.6,2.0,5.627552,LT_OREO VANILLA 110.4/105G_T89_3,1.0
CG_LT,89,,MM HIEP PHU,MM AN PHU,OREO VANILLA 110.4/105G,7,0.6,2.0,6.275336,LT_OREO VANILLA 110.4/105G_T89_3,1.0
CG_LT,89,,MM BIEN HOA,MM DA NANG,OREO VANILLA 110.4/105G,3,0.6,2.0,3.933914,LT_OREO VANILLA 110.4/105G_T89_5,1.0
CG_LT,89,,MM BINH PHU,MM DA NANG,OREO VANILLA 110.4/105G,3,0.6,2.0,3.606848,LT_OREO VANILLA 110.4/105G_T89_5,1.0
CG_LT,8,,MM BINH PHU,MM AN PHU,OREO VANILLA 110.4/105G,2,0.6,2.0,3.115958,LT_OREO VANILLA 110.4/105G_T8_3,1.0
CG_LT,8,,MM HIEP PHU,MM AN PHU,OREO VANILLA 110.4/105G,8,0.6,2.0,6.733525,LT_OREO VANILLA 110.4/105G_T8_3,1.0
CG_LT,8,,MM HIEP PHU,MM BIEN HOA,OREO VANILLA 110.4/105G,6,0.6,2.0,5.385317,LT_OREO VANILLA 110.4/105G_T8_3,1.0
CG_LT,8,,MM BINH PHU,MM AN PHU,OREO VANILLA 110.4/105G,4,0.6,1.653483,4.314924,LT_OREO VANILLA 110.4/105G_T8_4,0.826741
CG_LT,8,,MM BINH PHU,MM DA NANG,OREO VANILLA 110.4/105G,3,0.6,1.653483,3.688046,LT_OREO VANILLA 110.4/105G_T8_4,0.826741
CG_LT,8,,MM HIEP PHU,MM AN PHU,OREO VANILLA 110.4/105G,7,0.6,1.653483,5.831896,LT_OREO VANILLA 110.4/105G_T8_4,0.826741
CG_LT,8,,MM HIEP PHU,MM BIEN HOA,OREO VANILLA 110.4/105G,2,0.6,1.653483,2.564447,LT_OREO VANILLA 110.4/105G_T8_4,0.826741
CG_LT,90,,MM HIEP PHU,MM DA NANG,OREO VANILLA 110.4/105G,7,0.6,2.0,6.268687,LT_OREO VANILLA 110.4/105G_T90_2,1.0
CG_LT,91,,MM BIEN HOA,MM AN PHU,OREO VANILLA 110.4/105G,0,0.6,0.140261,0.252955,LT_OREO VANILLA 110.4/105G_T91_2,0.07013
CG_LT,91,,MM BIEN HOA,MM DA NANG,OREO VANILLA 110.4/105G,0,0.6,0.140261,0.230156,LT_OREO VANILLA 110.4/105G_T91_2,0.07013
CG_LT,91,,MM BINH PHU,MM DA NANG,OREO VANILLA 110.4/105G,1,0.6,0.140261,0.464225,LT_OREO VANILLA 110.4/105G_T91_2,0.07013
CG_LT,91,,MM HIEP PHU,MM DA NANG,OREO VANILLA 110.4/105G,1,0.6,0.140261,0.479246,LT_OREO VANILLA 110.4/105G_T91_2,0.07013
CG_LT,92,,MM BIEN HOA,MM DA NANG,OREO VANILLA 110.4/105G,3,0.6,2.0,3.818276,LT_OREO VANILLA 110.4/105G_T92_1,1.0
CG_LT,92,,MM HIEP PHU,MM DA NANG,OREO VANILLA 110.4/105G,9,0.6,2.0,7.528251,LT_OREO VANILLA 110.4/105G_T92_1,1.0
CG_LT,92,,MM BIEN HOA,MM DA NANG,OREO VANILLA 110.4/105G,8,0.6,2.0,6.800335,LT_OREO VANILLA 110.4/105G_T92_2,1.0
CG_LT,92,,MM BINH PHU,MM AN PHU,OREO VANILLA 110.4/105G,2,0.6,2.0,3.279497,LT_OREO VANILLA 110.4/105G_T92_2,1.0
CG_LT,92,,MM BINH PHU,MM DA NANG,OREO VANILLA 110.4/105G,6,0.6,2.0,5.304134,LT_OREO VANILLA 110.4/105G_T92_2,1.0
CG_LT,92,,MM HIEP PHU,MM DA NANG,OREO VANILLA 110.4/105G,6,0.6,2.0,5.661838,LT_OREO VANILLA 110.4/105G_T92_2,1.0
CG_LT,92,,MM BIEN HOA,MM AN PHU,OREO VANILLA 110.4/105G,2,0.6,0.651351,2.072082,LT_OREO VANILLA 110.4/105G_T92_3,0.325676
CG_LT,92,,MM BINH PHU,MM DA NANG,OREO VANILLA 110.4/105G,3,0.6,0.651351,2.518103,LT_OREO VANILLA 110.4/105G_T92_3,0.325676
CG_LT,92,,MM HIEP PHU,MM AN PHU,OREO VANILLA 110.4/105G,2,0.6,0.651351,2.004146,LT_OREO VANILLA 110.4/105G_T92_3,0.325676
CG_LT,92,,MM HIEP PHU,MM DA NANG,OREO VANILLA 110.4/105G,1,0.6,0.651351,1.271766,LT_OREO VANILLA 110.4/105G_T92_3,0.325676
CG_LT,93,,MM BINH PHU,MM AN PHU,OREO VANILLA 110.4/105G,5,0.6,2.0,5.181767,LT_OREO VANILLA 110.4/105G_T93_1,1.0
CG_LT,93,,MM BINH PHU,MM DA NANG,OREO VANILLA 110.4/105G,2,0.6,2.0,3.112663,LT_OREO VANILLA 110.4/105G_T93_1,1.0
CG_LT,93,,MM HIEP PHU,MM AN PHU,OREO VANILLA 110.4/105G,3,0.6,2.0,3.81626,LT_OREO VANILLA 110.4/105G_T93_1,1.0
CG_LT,93,,MM HIEP PHU,MM DA NANG,OREO VANILLA 110.4/105G,9,0.6,2.0,7.506514,LT_OREO VANILLA 110.4/105G_T93_1,1.0
CG_LT,93,,MM BIEN HOA,MM DA NANG,OREO VANILLA 110.4/105G,6,0.6,2.0,5.420485,LT_OREO VANILLA 110.4/105G_T93_2,1.0
CG_LT,93,,MM HIEP PHU,MM AN PHU,OREO VANILLA 110.4/105G,1,0.6,0.193056,0.579081,LT_OREO VANILLA 110.4/105G_T93_3,0.096528
CG_LT,93,,MM HIEP PHU,MM DA NANG,OREO VANILLA 110.4/105G,0,0.6,0.193056,0.469531,LT_OREO VANILLA 110.4/105G_T93_3,0.096528
CG_LT,94,,MM BINH PHU,MM AN PHU,OREO VANILLA 110.4/105G,8,0.6,2.0,7.010802,LT_OREO VANILLA 110.4/105G_T94_1,1.0
CG_LT,94,,MM BINH PHU,MM DA NANG,OREO VANILLA 110.4/105G,4,0.6,2.0,4.191064,LT_OREO VANILLA 110.4/105G_T94_1,1.0
CG_LT,94,,MM HIEP PHU,MM AN PHU,OREO VANILLA 110.4/105G,1,0.6,2.0,2.754119,LT_OREO VANILLA 110.4/105G_T94_1,1.0
CG_LT,94,,MM BIEN HOA,MM AN PHU,OREO VANILLA 110.4/105G,9,0.6,2.0,7.216079,LT_OREO VANILLA 110.4/105G_T94_2,1.0
CG_LT,94,,MM BIEN HOA,MM DA NANG,OREO VANILLA 110.4/105G,1,0.6,2.0,2.620214,LT_OREO VANILLA 110.4/105G_T94_2,1.0
CG_LT,94,,MM BINH PHU,MM DA NANG,OREO VANILLA 110.4/105G,10,0.6,2.0,7.907237,LT_OREO VANILLA 110.4/105G_T94_2,1.0
CG_LT,94,,MM HIEP PHU,MM DA NANG,OREO VANILLA 110.4/105G,5,0.6,2.0,4.753303,LT_OREO VANILLA 110.4/105G_T94_2,1.0
CG_LT,94,,MM BIEN HOA,MM AN PHU,OREO VANILLA 110.4/105G,2,0.6,2.0,3.247623,LT_OREO VANILLA 110.4/105G_T94_3,1.0
CG_LT,94,,MM BIEN HOA,MM DA NANG,OREO VANILLA 110.4/105G,5,0.6,2.0,4.843267,LT_OREO VANILLA 110.4/105G_T94_3,1.0
CG_LT,94,,MM BINH PHU,MM AN PHU,OREO VANILLA 110.4/105G,8,0.6,2.0,6.509909,LT_OREO VANILLA 110.4/105G_T94_3,1.0
CG_LT,94,,MM HIEP PHU,MM AN PHU,OREO VANILLA 110.4/105G,1,0.6,2.0,2.642453,LT_OREO VANILLA 110.4/105G_T94_3,1.0
CG_LT,94,,MM BIEN HOA,MM DA NANG,OREO VANILLA 110.4/105G,2,0.6,2.0,2.964466,LT_OREO VANILLA 110.4/105G_T94_5,1.0
CG_LT,94,,MM HIEP PHU,MM AN PHU,OREO VANILLA 110.4/105G,3,0.6,2.0,3.654062,LT_OREO VANILLA 110.4/105G_T94_5,1.0
CG_LT,94,,MM HIEP PHU,MM DA NANG,OREO VANILLA 110.4/105G,9,0.6,2.0,7.208086,LT_OREO VANILLA 110.4/105G_T94_5,1.0
CG_LT,95,,MM BIEN HOA,MM DA NANG,OREO VANILLA 110.4/105G,1,0.6,2.0,2.727779,LT_OREO VANILLA 110.4/105G_T95_1,1.0
CG_LT,95,,MM BINH PHU,MM DA NANG,OREO VANILLA 110.4/105G,5,0.6,2.0,5.071573,LT_OREO VANILLA 110.4/105G_T95_1,1.0
CG_LT,95,,MM HIEP PHU,MM AN PHU,OREO VANILLA 110.4/105G,3,0.6,2.0,3.663358,LT_OREO VANILLA 110.4/105G_T95_1,1.0
CG_LT,95,,MM HIEP PHU,MM DA NANG,OREO VANILLA 110.4/105G,3,0.6,2.0,3.993289,LT_OREO VANILLA 110.4/105G_T95_1,1.0
CG_LT,95,,MM BIEN HOA,MM AN PHU,OREO VANILLA 110.4/105G,5,0.6,2.0,4.965559,LT_OREO VANILLA 110.4/105G_T95_2,1.0
CG_LT,95,,MM BIEN HOA,MM DA NANG,OREO VANILLA 110.4/105G,3,0.6,2.0,3.918596,LT_OREO VANILLA 110.4/105G_T95_2,1.0
CG_LT,95,,MM BINH PHU,MM AN PHU,OREO VANILLA 110.4/105G,10,0.6,2.0,7.973119,LT_OREO VANILLA 110.4/105G_T95_2,1.0
CG_LT,95,,MM HIEP PHU,MM DA NANG,OREO VANILLA 110.4/105G,9,0.6,2.0,7.595778,LT_OREO VANILLA 110.4/105G_T95_2,1.0
CG_LT,95,,MM HIEP PHU,MM DA NANG,OREO VANILLA 110.4/105G,9,0.6,2.0,7.283208,LT_OREO VANILLA 110.4/105G_T95_3,1.0
CG_LT,95,,MM BINH PHU,MM AN PHU,OREO VANILLA 110.4/105G,2,0.6,0.640807,1.616316,LT_OREO VANILLA 110.4/105G_T95_4,0.320403
CG_LT,95,,MM HIEP PHU,MM AN PHU,OREO VANILLA 110.4/105G,2,0.6,0.640807,1.95062,LT_OREO VANILLA 110.4/105G_T95_4,0.320403
CG_LT,95,,MM HIEP PHU,MM DA NANG,OREO VANILLA 110.4/105G,2,0.6,0.640807,2.04595,LT_OREO VANILLA 110.4/105G_T95_4,0.320403
CG_LT,96,,MM BIEN HOA,MM AN PHU,OREO VANILLA 110.4/105G,9,0.6,2.0,7.115884,LT_OREO VANILLA 110.4/105G_T96_1,1.0
CG_LT,96,,MM BIEN HOA,MM DA NANG,OREO VANILLA 110.4/105G,10,0.6,2.0,7.890601,LT_OREO VANILLA 110.4/105G_T96_1,1.0
CG_LT,96,,MM BINH PHU,MM DA NANG,OREO VANILLA 110.4/105G,9,0.6,2.0,7.686706,LT_OREO VANILLA 110.4/105G_T96_3,1.0
CG_LT,96,,MM BIEN HOA,MM DA NANG,OREO VANILLA 110.4/105G,7,0.6,2.0,6.2734,LT_OREO VANILLA 110.4/105G_T96_4,1.0
CG_LT,96,,MM BINH PHU,MM AN PHU,OREO VANILLA 110.4/105G,4,0.6,2.0,4.606942,LT_OREO VANILLA 110.4/105G_T96_4,1.0
CG_LT,96,,MM HIEP PHU,MM DA NANG,OREO VANILLA 110.4/105G,5,0.6,2.0,5.20904,LT_OREO VANILLA 110.4/105G_T96_4,1.0
CG_LT,96,,MM BINH PHU,MM DA NANG,OREO VANILLA 110.4/105G,7,0.6,2.0,6.316201,LT_OREO VANILLA 110.4/105G_T96_5,1.0
CG_LT,96,,MM HIEP PHU,MM AN PHU,OREO VANILLA 110.4/105G,2,0.6,2.0,3.400282,LT_OREO VANILLA 110.4/105G_T96_5,1.0
CG_LT,97,,MM BIEN HOA,MM AN PHU,OREO VANILLA 110.4/105G,5,0.6,1.821078,4.853446,LT_OREO VANILLA 110.4/105G_T97_2,0.910539
CG_LT,97,,MM BIEN HOA,MM DA NANG,OREO VANILLA 110.4/105G,7,0.6,1.821078,6.303235,LT_OREO VANILLA 110.4/105G_T97_2,0.910539
CG_LT,97,,MM BINH PHU,MM AN PHU,OREO VANILLA 110.4/105G,7,0.6,1.821078,6.239873,LT_OREO VANILLA 110.4/105G_T97_2,0.910539
CG_LT,97,,MM HIEP PHU,MM DA NANG,OREO VANILLA 110.4/105G,6,0.6,1.821078,5.300188,LT_OREO VANILLA 110.4/105G_T97_2,0.910539
CG_LT,97,,MM HIEP PHU,MM DA NANG,OREO VANILLA 110.4/105G,3,0.6,2.0,4.083262,LT_OREO VANILLA 110.4/105G_T97_3,1.0
CG_LT,97,,MM BIEN HOA,MM DA NANG,OREO VANILLA 110.4/105G,8,0.6,2.0,7.022856,LT_OREO VANILLA 110.4/105G_T97_5,1.0
CG_LT,97,,MM BINH PHU,MM AN PHU,OREO VANILLA 110.4/105G,4,0.6,2.0,4.343091,LT_OREO VANILLA 110.4/105G_T97_5,1.0
CG_LT,97,,MM BINH PHU,MM DA NANG,OREO VANILLA 110.4/105G,7,0.6,2.0,6.1122,LT_OREO VANILLA 110.4/105G_T97_5,1.0
CG_LT,97,,MM HIEP PHU,MM DA NANG,OREO VANILLA 110.4/105G,4,0.6,2.0,4.505124,LT_OREO VANILLA 110.4/105G_T97_5,1.0
CG_LT,98,,MM BINH PHU,MM AN PHU,OREO VANILLA 110.4/105G,5,0.6,2.0,4.854699,LT_OREO VANILLA 110.4/105G_T98_1,1.0
CG_LT,98,,MM BINH PHU,MM DA NANG,OREO VANILLA 110.4/105G,5,0.6,2.0,4.893108,LT_OREO VANILLA 110.4/105G_T98_1,1.0
CG_LT,98,,MM HIEP PHU,MM AN PHU,OREO VANILLA 110.4/105G,4,0.6,2.0,4.506901,LT_OREO VANILLA 110.4/105G_T98_1,1.0
CG_LT,98,,MM HIEP PHU,MM DA NANG,OREO VANILLA 110.4/105G,10,0.6,2.0,7.760158,LT_OREO VANILLA 110.4/105G_T98_1,1.0
CG_LT,98,,MM BIEN HOA,MM AN PHU,OREO VANILLA 110.4/105G,6,0.6,2.0,5.669922,LT_OREO VANILLA 110.4/105G_T98_2,1.0
CG_LT,98,,MM BIEN HOA,MM DA NANG,OREO VANILLA 110.4/105G,8,0.6,2.0,6.635902,LT_OREO VANILLA 110.4/105G_T98_2,1.0
CG_LT,98,,MM BINH PHU,MM DA NANG,OREO VANILLA 110.4/105G,3,0.6,2.0,3.556678,LT_OREO VANILLA 110.4/105G_T98_2,1.0
CG_LT,98,,MM HIEP PHU,MM DA NANG,OREO VANILLA 110.4/105G,6,0.6,2.0,5.591609,LT_OREO VANILLA 110.4/105G_T98_2,1.0
CG_LT,98,,MM BIEN HOA,MM AN PHU,OREO VANILLA 110.4/105G,3,0.6,1.613307,3.480969,LT_OREO VANILLA 110.4/105G_T98_4,0.806653
CG_LT,98,,MM BINH PHU,MM AN PHU,OREO VANILLA 110.4/105G,5,0.6,1.613307,4.514127,LT_OREO VANILLA 110.4/105G_T98_4,0.806653
CG_LT,98,,MM BINH PHU,MM DA NANG,OREO VANILLA 110.4/105G,5,0.6,1.613307,4.727793,LT_OREO VANILLA 110.4/105G_T98_4,0.806653
CG_LT,98,,MM HIEP PHU,MM DA NANG,OREO VANILLA 110.4/105G,4,0.6,1.613307,4.155818,LT_OREO VANILLA 110.4/105G_T98_4,0.806653
CG_LT,98,,MM BIEN HOA,MM AN PHU,OREO VANILLA 110.4/105G,2,0.6,2.0,2.927358,LT_OREO VANILLA 110.4/105G_T98_5,1.0
CG_LT,98,,MM BIEN HOA,MM DA NANG,OREO VANILLA 110.4/105G,1,0.6,2.0,2.792588,LT_OREO VANILLA 110.4/105G_T98_5,1.0
CG_LT,98,,MM HIEP PHU,MM DA NANG,OREO VANILLA 110.4/105G,9,0.6,2.0,7.112961,LT_OREO VANILLA 110.4/105G_T98_5,1.0
CG_LT,99,,MM BIEN HOA,MM DA NANG,OREO VANILLA 110.4/105G,6,0.6,2.0,5.55114,LT_OREO VANILLA 110.4/105G_T99_1,1.0
CG_LT,99,,MM HIEP PHU,MM AN PHU,OREO VANILLA 110.4/105G,2,0.6,2.0,3.249154,LT_OREO VANILLA 110.4/105G_T99_1,1.0
CG_LT,99,,MM BIEN HOA,MM AN PHU,OREO VANILLA 110.4/105G,6,0.6,2.0,5.433036,LT_OREO VANILLA 110.4/105G_T99_2,1.0
CG_LT,99,,MM BIEN HOA,MM DA NANG,OREO VANILLA 110.4/105G,6,0.6,2.0,5.619953,LT_OREO VANILLA 110.4/105G_T99_2,1.0
CG_LT,99,,MM HIEP PHU,MM AN PHU,OREO VANILLA 110.4/105G,2,0.6,2.0,3.163152,LT_OREO VANILLA 110.4/105G_T99_2,1.0
CG_LT,99,,MM BINH PHU,MM DA NANG,OREO VANILLA 110.4/105G,5,0.6,2.0,4.961158,LT_OREO VANILLA 110.4/105G_T99_3,1.0
CG_LT,99,,MM HIEP PHU,MM DA NANG,OREO VANILLA 110.4/105G,2,0.6,2.0,3.455359,LT_OREO VANILLA 110.4/105G_T99_3,1.0
CG_LT,99,,MM BIEN HOA,MM DA NANG,OREO VANILLA 110.4/105G,5,0.6,2.0,5.250121,LT_OREO VANILLA 110.4/105G_T99_4,1.0
CG_LT,99,,MM BINH PHU,MM AN PHU,OREO VANILLA 110.4/105G,6,0.6,2.0,5.326172,LT_OREO VANILLA 110.4/105G_T99_4,1.0
CG_LT,99,,MM HIEP PHU,MM AN PHU,OREO VANILLA 110.4/105G,4,0.6,2.0,4.471684,LT_OREO VANILLA 110.4/105G_T99_4,1.0
CG_LT,99,,MM BIEN HOA,MM AN PHU,OREO VANILLA 110.4/105G,4,0.6,2.0,4.173642,LT_OREO VANILLA 110.4/105G_T99_5,1.0
CG_LT,99,,MM HIEP PHU,MM DA NANG,OREO VANILLA 110.4/105G,8,0.6,2.0,7.045823,LT_OREO VANILLA 110.4/105G_T99_5,1.0
CG_LT,9,,MM BINH PHU,MM AN PHU,OREO VANILLA 110.4/105G,8,0.6,2.0,6.57766,LT_OREO VANILLA 110.4/105G_T9_1,1.0
CG_LT,9,,MM HIEP PHU,MM AN PHU,OREO VANILLA 110.4/105G,3,0.6,2.0,3.839511,LT_OREO VANILLA 110.4/105G_T9_1,1.0
CG_LT,9,,MM HIEP PHU,MM BIEN HOA,OREO VANILLA 110.4/105G,8,0.6,2.0,7.073652,LT_OREO VANILLA 110.4/105G_T9_1,1.0
CG_LT,9,,MM HIEP PHU,MM DA NANG,OREO VANILLA 110.4/105G,4,0.6,2.0,4.563131,LT_OREO VANILLA 110.4/105G_T9_1,1.0
CG_LT,9,,MM BINH PHU,MM AN PHU,OREO VANILLA 110.4/105G,3,0.6,0.593839,2.144471,LT_OREO VANILLA 110.4/105G_T9_2,0.296919
CG_LT,9,,MM BINH PHU,MM DA NANG,OREO VANILLA 110.4/105G,1,0.6,0.593839,1.216365,LT_OREO VANILLA 110.4/105G_T9_2,0.296919
CG_LT,9,,MM HIEP PHU,MM BIEN HOA,OREO VANILLA 110.4/105G,2,0.6,0.593839,1.604023,LT_OREO VANILLA 110.4/105G_T9_2,0.296919
CG_LT,9,,MM BINH PHU,MM BIEN HOA,OREO VANILLA 110.4/105G,9,0.6,2.0,7.671828,LT_OREO VANILLA 110.4/105G_T9_3,1.0
CG_LT,9,,MM HIEP PHU,MM AN PHU,OREO VANILLA 110.4/105G,2,0.6,2.0,3.488678,LT_OREO VANILLA 110.4/105G_T9_3,1.0
CG_LT,9,,MM HIEP PHU,MM BIEN HOA,OREO VANILLA 110.4/105G,7,0.6,2.0,5.936787,LT_OREO VANILLA 110.4/105G_T9_3,1.0
CG_LT,9,,MM HIEP PHU,MM DA NANG,OREO VANILLA 110.4/105G,7,0.6,2.0,6.164562,LT_OREO VANILLA 110.4/105G_T9_3,1.0
CG_LT,9,,MM HIEP PHU,MM BIEN HOA,OREO VANILLA 110.4/105G,2,0.6,2.0,3.40667,LT_OREO VANILLA 110.4/105G_T9_4,1.0
CG_LT,9,,MM BINH PHU,MM DA NANG,OREO VANILLA 110.4/105G,1,0.6,0.186012,0.722576,LT_OREO VANILLA 110.4/105G_T9_5,0.093006
CG_LT,9,,MM HIEP PHU,MM BIEN HOA,OREO VANILLA 110.4/105G,1,0.6,0.186012,0.486891,LT_OREO VANILLA 110.4/105G_T9_5,0.093006
CG_LT,9,,MM HIEP PHU,MM DA NANG,OREO VANILLA 110.4/105G,0,0.6,0.186012,0.353136,LT_OREO VANILLA 110.4/105G_T9_5,0.093006
CG_LT,100,,MM HIEP PHU,MM AN PHU,AN RICE CRACKER SEAWEED 111.3G,187,0.6,2.0,114.433318,PRICED_E1_shortage_ratio_AN RICE CRACKER SEAWEED 111.3G_T100_1,1.0
CG_LT,100,,MM HIEP PHU,MM DA NANG,AN RICE CRACKER SEAWEED 111.3G,200,0.6,2.0,122.163094,PRICED_E1_shortage_ratio_AN RICE CRACKER SEAWEED 111.3G_T100_1,1.0
CG_LT,100,,MM BIEN HOA,MM DA NANG,AN RICE CRACKER SEAWEED 111.3G,4,0.6,0.243778,2.598677,PRICED_E1_shortage_ratio_AN RICE CRACKER SEAWEED 111.3G_T100_5,0.121889
CG_LT,100,,MM HIEP PHU,MM AN PHU,AN RICE CRACKER SEAWEED 111.3G,23,0.6,0.243778,13.948184,PRICED_E1_shortage_ratio_AN RICE CRACKER SEAWEED 111.3G_T100_5,0.121889
CG_LT,100,,MM HIEP PHU,MM DA NANG,AN RICE CRACKER SEAWEED 111.3G,20,0.6,0.243778,12.535461,PRICED_E1_shortage_ratio_AN RICE CRACKER SEAWEED 111.3G_T100_5,0.121889
CG_LT,101,,MM BIEN HOA,MM AN PHU,AN RICE CRACKER SEAWEED 111.3G,26,0.6,2.0,17.775846,PRICED_E1_shortage_ratio_AN RICE CRACKER SEAWEED 111.3G_T101_1,1.0
CG_LT,101,,MM HIEP PHU,MM DA NANG,AN RICE CRACKER SEAWEED 111.3G,245,0.6,2.0,148.916996,PRICED_E1_shortage_ratio_AN RICE CRACKER SEAWEED 111.3G_T101_1,1.0
CG_LT,101,,MM BINH PHU,MM AN PHU,AN RICE CRACKER SEAWEED 111.3G,4,0.6,0.296742,2.637418,PRICED_E1_shortage_ratio_AN RICE CRACKER SEAWEED 111.3G_T101_5,0.148371
CG_LT,101,,MM HIEP PHU,MM DA NANG,AN RICE CRACKER SEAWEED 111.3G,36,0.6,0.296742,22.094946,PRICED_E1_shortage_ratio_AN RICE CRACKER SEAWEED 111.3G_T101_5,0.148371
CG_LT,102,,MM HIEP PHU,MM DA NANG,AN RICE CRACKER SEAWEED 111.3G,203,0.6,2.0,124.071114,PRICED_E1_shortage_ratio_AN RICE CRACKER SEAWEED 111.3G_T102_1,1.0
CG_LT,102,,MM BINH PHU,MM DA NANG,AN RICE CRACKER SEAWEED 111.3G,11,0.6,0.393647,6.936446,PRICED_E1_shortage_ratio_AN RICE CRACKER SEAWEED 111.3G_T102_3,0.196824
CG_LT,102,,MM HIEP PHU,MM DA NANG,AN RICE CRACKER SEAWEED 111.3G,29,0.6,0.393647,17.877335,PRICED_E1_shortage_ratio_AN RICE CRACKER SEAWEED 111.3G_T102_3,0.196824
CG_LT,103,,MM HIEP PHU,MM BINH PHU,AN RICE CRACKER SEAWEED 111.3G,94,0.6,2.0,58.592,PRICED_E1_shortage_ratio_AN RICE CRACKER SEAWEED 111.3G_T103_1,1.0
CG_LT,103,,MM HIEP PHU,MM DA NANG,AN RICE CRACKER SEAWEED 111.3G,102,0.6,2.0,63.338501,PRICED_E1_shortage_ratio_AN RICE CRACKER SEAWEED 111.3G_T103_1,1.0
CG_LT,103,,MM BIEN HOA,MM BINH PHU,AN RICE CRACKER SEAWEED 111.3G,2,0.6,0.104743,1.244207,PRICED_E1_shortage_ratio_AN RICE CRACKER SEAWEED 111.3G_T103_5,0.052371
CG_LT,103,,MM HIEP PHU,MM BINH PHU,AN RICE CRACKER SEAWEED 111.3G,3,0.6,0.104743,1.929083,PRICED_E1_shortage_ratio_AN RICE CRACKER SEAWEED 111.3G_T103_5,0.052371
CG_LT,103,,MM HIEP PHU,MM DA NANG,AN RICE CRACKER SEAWEED 111.3G,5,0.6,0.104743,3.317129,PRICED_E1_shortage_ratio_AN RICE CRACKER SEAWEED 111.3G_T103_5,0.052371
CG_LT,104,,MM HIEP PHU,MM AN PHU,AN RICE CRACKER SEAWEED 111.3G,160,0.6,2.0,98.113776,PRICED_E1_shortage_ratio_AN RICE CRACKER SEAWEED 111.3G_T104_1,1.0
CG_LT,104,,MM HIEP PHU,MM BINH PHU,AN RICE CRACKER SEAWEED 111.3G,127,0.6,2.0,77.933245,PRICED_E1_shortage_ratio_AN RICE CRACKER SEAWEED 111.3G_T104_1,1.0
CG_LT,104,,MM HIEP PHU,MM DA NANG,AN RICE CRACKER SEAWEED 111.3G,44,0.6,2.0,28.617252,PRICED_E1_shortage_ratio_AN RICE CRACKER SEAWEED 111.3G_T104_1,1.0
CG_LT,104,,MM BIEN HOA,MM AN PHU,AN RICE CRACKER SEAWEED 111.3G,0,0.6,0.06023,0.21853,PRICED_E1_shortage_ratio_AN RICE CRACKER SEAWEED 111.3G_T104_2,0.030115
CG_LT,104,,MM HIEP PHU,MM AN PHU,AN RICE CRACKER SEAWEED 111.3G,5,0.6,0.06023,2.796406,PRICED_E1_shortage_ratio_AN RICE CRACKER SEAWEED 111.3G_T104_2,0.030115
CG_LT,104,,MM HIEP PHU,MM BINH PHU,AN RICE CRACKER SEAWEED 111.3G,4,0.6,0.06023,2.346967,PRICED_E1_shortage_ratio_AN RICE CRACKER SEAWEED 111.3G_T104_2,0.030115
CG_LT,104,,MM HIEP PHU,MM DA NANG,AN RICE CRACKER SEAWEED 111.3G,1,0.6,0.06023,0.861811,PRICED_E1_shortage_ratio_AN RICE CRACKER SEAWEED 111.3G_T104_2,0.030115
CG_LT,105,,MM HIEP PHU,MM AN PHU,AN RICE CRACKER SEAWEED 111.3G,213,0.6,2.0,129.504609,PRICED_E1_shortage_ratio_AN RICE CRACKER SEAWEED 111.3G_T105_1,1.0
CG_LT,105,,MM HIEP PHU,MM BIEN HOA,AN RICE CRACKER SEAWEED 111.3G,26,0.6,2.0,17.48,PRICED_E1_shortage_ratio_AN RICE CRACKER SEAWEED 111.3G_T105_1,1.0
CG_LT,105,,MM HIEP PHU,MM BINH PHU,AN RICE CRACKER SEAWEED 111.3G,96,0.6,2.0,59.362209,PRICED_E1_shortage_ratio_AN RICE CRACKER SEAWEED 111.3G_T105_1,1.0
CG_LT,105,,MM HIEP PHU,MM DA NANG,AN RICE CRACKER SEAWEED 111.3G,30,0.6,2.0,20.012891,PRICED_E1_shortage_ratio_AN RICE CRACKER SEAWEED 111.3G_T105_1,1.0
CG_LT,106,,MM HIEP PHU,MM AN PHU,AN RICE CRACKER SEAWEED 111.3G,243,0.6,2.0,148.044403,PRICED_E1_shortage_ratio_AN RICE CRACKER SEAWEED 111.3G_T106_1,1.0
CG_LT,106,,MM HIEP PHU,MM BINH PHU,AN RICE CRACKER SEAWEED 111.3G,125,0.6,2.0,76.983462,PRICED_E1_shortage_ratio_AN RICE CRACKER SEAWEED 111.3G_T106_1,1.0
CG_LT,106,,MM DA NANG,MM BINH PHU,AN RICE CRACKER SEAWEED 111.3G,6,0.6,0.184848,3.6517,PRICED_E1_shortage_ratio_AN RICE CRACKER SEAWEED 111.3G_T106_3,0.092424
CG_LT,106,,MM HIEP PHU,MM AN PHU,AN RICE CRACKER SEAWEED 111.3G,22,0.6,0.184848,13.682845,PRICED_E1_shortage_ratio_AN RICE CRACKER SEAWEED 111.3G_T106_3,0.092424
CG_LT,106,,MM HIEP PHU,MM BINH PHU,AN RICE CRACKER SEAWEED 111.3G,6,0.6,0.184848,3.648262,PRICED_E1_shortage_ratio_AN RICE CRACKER SEAWEED 111.3G_T106_3,0.092424
CG_LT,107,,MM HIEP PHU,MM AN PHU,AN RICE CRACKER SEAWEED 111.3G,415,0.6,2.0,250.863148,PRICED_E1_shortage_ratio_AN RICE CRACKER SEAWEED 111.3G_T107_1,1.0
CG_LT,107,,MM HIEP PHU,MM BINH PHU,AN RICE CRACKER SEAWEED 111.3G,105,0.6,2.0,65.052851,PRICED_E1_shortage_ratio_AN RICE CRACKER SEAWEED 111.3G_T107_1,1.0
CG_LT,107,,MM DA NANG,MM AN PHU,AN RICE CRACKER SEAWEED 111.3G,2,0.6,0.121537,1.026405,PRICED_E1_shortage_ratio_AN RICE CRACKER SEAWEED 111.3G_T107_5,0.060769
CG_LT,107,,MM HIEP PHU,MM AN PHU,AN RICE CRACKER SEAWEED 111.3G,24,0.6,0.121537,14.33977,PRICED_E1_shortage_ratio_AN RICE CRACKER SEAWEED 111.3G_T107_5,0.060769
CG_LT,107,,MM HIEP PHU,MM BINH PHU,AN RICE CRACKER SEAWEED 111.3G,6,0.6,0.121537,3.95318,PRICED_E1_shortage_ratio_AN RICE CRACKER SEAWEED 111.3G_T107_5,0.060769
CG_LT,108,,MM HIEP PHU,MM AN PHU,AN RICE CRACKER SEAWEED 111.3G,405,0.6,2.0,245.225503,PRICED_E1_shortage_ratio_AN RICE CRACKER SEAWEED 111.3G_T108_1,1.0
CG_LT,108,,MM HIEP PHU,MM BIEN HOA,AN RICE CRACKER SEAWEED 111.3G,35,0.6,2.0,22.818484,PRICED_E1_shortage_ratio_AN RICE CRACKER SEAWEED 111.3G_T108_1,1.0
CG_LT,108,,MM HIEP PHU,MM BINH PHU,AN RICE CRACKER SEAWEED 111.3G,84,0.6,2.0,52.451649,PRICED_E1_shortage_ratio_AN RICE CRACKER SEAWEED 111.3G_T108_1,1.0
CG_LT,108,,MM HIEP PHU,MM DA NANG,AN RICE CRACKER SEAWEED 111.3G,9,0.6,2.0,7.387728,PRICED_E1_shortage_ratio_AN RICE CRACKER SEAWEED 111.3G_T108_1,1.0
CG_LT,109,,MM HIEP PHU,MM AN PHU,AN RICE CRACKER SEAWEED 111.3G,261,0.6,2.0,158.743809,PRICED_E1_shortage_ratio_AN RICE CRACKER SEAWEED 111.3G_T109_1,1.0
CG_LT,109,,MM HIEP PHU,MM BIEN HOA,AN RICE CRACKER SEAWEED 111.3G,6,0.6,2.0,5.78644,PRICED_E1_shortage_ratio_AN RICE CRACKER SEAWEED 111.3G_T109_1,1.0
CG_LT,109,,MM HIEP PHU,MM BINH PHU,AN RICE CRACKER SEAWEED 111.3G,37,0.6,2.0,24.34086,PRICED_E1_shortage_ratio_AN RICE CRACKER SEAWEED 111.3G_T109_1,1.0
CG_LT,10,,MM BINH PHU,MM AN PHU,AN RICE CRACKER SEAWEED 111.3G,98,0.6,2.0,60.675836,PRICED_E1_shortage_ratio_AN RICE CRACKER SEAWEED 111.3G_T10_1,1.0
CG_LT,10,,MM BINH PHU,MM AN PHU,AN RICE CRACKER SEAWEED 111.3G,30,0.6,1.221987,19.422248,PRICED_E1_shortage_ratio_AN RICE CRACKER SEAWEED 111.3G_T10_3,0.610994
CG_LT,10,,MM BINH PHU,MM DA NANG,AN RICE CRACKER SEAWEED 111.3G,29,0.6,1.221987,18.872291,PRICED_E1_shortage_ratio_AN RICE CRACKER SEAWEED 111.3G_T10_3,0.610994
CG_LT,110,,MM HIEP PHU,MM AN PHU,AN RICE CRACKER SEAWEED 111.3G,97,0.6,2.0,60.453197,PRICED_E1_shortage_ratio_AN RICE CRACKER SEAWEED 111.3G_T110_1,1.0
CG_LT,110,,MM HIEP PHU,MM BINH PHU,AN RICE CRACKER SEAWEED 111.3G,46,0.6,2.0,29.60013,PRICED_E1_shortage_ratio_AN RICE CRACKER SEAWEED 111.3G_T110_1,1.0
CG_LT,111,,MM DA NANG,MM BINH PHU,AN RICE CRACKER SEAWEED 111.3G,15,0.6,0.544104,9.283282,PRICED_E1_shortage_ratio_AN RICE CRACKER SEAWEED 111.3G_T111_4,0.272052
CG_LT,111,,MM HIEP PHU,MM AN PHU,AN RICE CRACKER SEAWEED 111.3G,11,0.6,0.544104,6.991026,PRICED_E1_shortage_ratio_AN RICE CRACKER SEAWEED 111.3G_T111_4,0.272052
CG_LT,112,,MM DA NANG,MM BIEN HOA,AN RICE CRACKER SEAWEED 111.3G,8,0.6,2.0,6.935072,PRICED_E1_shortage_ratio_AN RICE CRACKER SEAWEED 111.3G_T112_1,1.0
CG_LT,112,,MM HIEP PHU,MM AN PHU,AN RICE CRACKER SEAWEED 111.3G,225,0.6,2.0,136.998846,PRICED_E1_shortage_ratio_AN RICE CRACKER SEAWEED 111.3G_T112_1,1.0
CG_LT,112,,MM HIEP PHU,MM BINH PHU,AN RICE CRACKER SEAWEED 111.3G,227,0.6,2.0,138.392561,PRICED_E1_shortage_ratio_AN RICE CRACKER SEAWEED 111.3G_T112_1,1.0
CG_LT,113,,MM HIEP PHU,MM AN PHU,AN RICE CRACKER SEAWEED 111.3G,440,0.6,2.0,266.251691,PRICED_E1_shortage_ratio_AN RICE CRACKER SEAWEED 111.3G_T113_1,1.0
CG_LT,113,,MM HIEP PHU,MM BIEN HOA,AN RICE CRACKER SEAWEED 111.3G,64,0.6,2.0,40.671526,PRICED_E1_shortage_ratio_AN RICE CRACKER SEAWEED 111.3G_T113_1,1.0
CG_LT,113,,MM HIEP PHU,MM BINH PHU,AN RICE CRACKER SEAWEED 111.3G,335,0.6,2.0,202.727981,PRICED_E1_shortage_ratio_AN RICE CRACKER SEAWEED 111.3G_T113_1,1.0
CG_LT,113,,MM DA NANG,MM AN PHU,AN RICE CRACKER SEAWEED 111.3G,3,0.6,0.0818,1.650998,PRICED_E1_shortage_ratio_AN RICE CRACKER SEAWEED 111.3G_T113_2,0.0409
CG_LT,113,,MM HIEP PHU,MM AN PHU,AN RICE CRACKER SEAWEED 111.3G,15,0.6,0.0818,9.320548,PRICED_E1_shortage_ratio_AN RICE CRACKER SEAWEED 111.3G_T113_2,0.0409
CG_LT,113,,MM HIEP PHU,MM BIEN HOA,AN RICE CRACKER SEAWEED 111.3G,3,0.6,0.0818,1.663473,PRICED_E1_shortage_ratio_AN RICE CRACKER SEAWEED 111.3G_T113_2,0.0409
CG_LT,113,,MM HIEP PHU,MM BINH PHU,AN RICE CRACKER SEAWEED 111.3G,14,0.6,0.0818,8.291614,PRICED_E1_shortage_ratio_AN RICE CRACKER SEAWEED 111.3G_T113_2,0.0409
CG_LT,114,,MM HIEP PHU,MM AN PHU,AN RICE CRACKER SEAWEED 111.3G,227,0.6,2.0,138.218108,PRICED_E1_shortage_ratio_AN RICE CRACKER SEAWEED 111.3G_T114_1,1.0
CG_LT,114,,MM HIEP PHU,MM BIEN HOA,AN RICE CRACKER SEAWEED 111.3G,473,0.6,2.0,285.982355,PRICED_E1_shortage_ratio_AN RICE CRACKER SEAWEED 111.3G_T114_1,1.0
CG_LT,114,,MM HIEP PHU,MM BINH PHU,AN RICE CRACKER SEAWEED 111.3G,179,0.6,2.0,109.568816,PRICED_E1_shortage_ratio_AN RICE CRACKER SEAWEED 111.3G_T114_1,1.0
CG_LT,114,,MM DA NANG,MM AN PHU,AN RICE CRACKER SEAWEED 111.3G,2,0.6,0.044377,1.002412,PRICED_E1_shortage_ratio_AN RICE CRACKER SEAWEED 111.3G_T114_5,0.022188
CG_LT,114,,MM HIEP PHU,MM AN PHU,AN RICE CRACKER SEAWEED 111.3G,3,0.6,0.044377,2.108793,PRICED_E1_shortage_ratio_AN RICE CRACKER SEAWEED 111.3G_T114_5,0.022188
CG_LT,114,,MM HIEP PHU,MM BIEN HOA,AN RICE CRACKER SEAWEED 111.3G,11,0.6,0.044377,6.345469,PRICED_E1_shortage_ratio_AN RICE CRACKER SEAWEED 111.3G_T114_5,0.022188
CG_LT,114,,MM HIEP PHU,MM BINH PHU,AN RICE CRACKER SEAWEED 111.3G,4,0.6,0.044377,2.431148,PRICED_E1_shortage_ratio_AN RICE CRACKER SEAWEED 111.3G_T114_5,0.022188
CG_LT,115,,MM HIEP PHU,MM BIEN HOA,AN RICE CRACKER SEAWEED 111.3G,430,0.6,2.0,260.233223,PRICED_E1_shortage_ratio_AN RICE CRACKER SEAWEED 111.3G_T115_1,1.0
CG_LT,115,,MM HIEP PHU,MM BINH PHU,AN RICE CRACKER SEAWEED 111.3G,79,0.6,2.0,49.143276,PRICED_E1_shortage_ratio_AN RICE CRACKER SEAWEED 111.3G_T115_1,1.0
CG_LT,115,,MM DA NANG,MM BIEN HOA,AN RICE CRACKER SEAWEED 111.3G,2,0.6,0.064923,1.138844,PRICED_E1_shortage_ratio_AN RICE CRACKER SEAWEED 111.3G_T115_2,0.032461
CG_LT,115,,MM HIEP PHU,MM BIEN HOA,AN RICE CRACKER SEAWEED 111.3G,12,0.6,0.064923,7.373634,PRICED_E1_shortage_ratio_AN RICE CRACKER SEAWEED 111.3G_T115_2,0.032461
CG_LT,115,,MM HIEP PHU,MM BINH PHU,AN RICE CRACKER SEAWEED 111.3G,3,0.6,0.064923,1.595263,PRICED_E1_shortage_ratio_AN RICE CRACKER SEAWEED 111.3G_T115_2,0.032461
CG_LT,116,,MM BINH PHU,MM AN PHU,AN RICE CRACKER SEAWEED 111.3G,51,0.6,0.967853,31.844796,PRICED_E1_shortage_ratio_AN RICE CRACKER SEAWEED 111.3G_T116_3,0.483926
CG_LT,116,,MM HIEP PHU,MM BIEN HOA,AN RICE CRACKER SEAWEED 111.3G,12,0.6,0.967853,8.108401,PRICED_E1_shortage_ratio_AN RICE CRACKER SEAWEED 111.3G_T116_3,0.483926
CG_LT,116,,MM BINH PHU,MM BIEN HOA,AN RICE CRACKER SEAWEED 111.3G,25,0.6,2.0,16.755442,PRICED_E1_shortage_ratio_AN RICE CRACKER SEAWEED 111.3G_T116_5,1.0
CG_LT,116,,MM DA NANG,MM AN PHU,AN RICE CRACKER SEAWEED 111.3G,106,0.6,2.0,65.805035,PRICED_E1_shortage_ratio_AN RICE CRACKER SEAWEED 111.3G_T116_5,1.0
CG_LT,117,,MM HIEP PHU,MM AN PHU,AN RICE CRACKER SEAWEED 111.3G,361,0.6,2.0,218.72102,PRICED_E1_shortage_ratio_AN RICE CRACKER SEAWEED 111.3G_T117_1,1.0
CG_LT,117,,MM BINH PHU,MM AN PHU,AN RICE CRACKER SEAWEED 111.3G,11,0.6,0.232891,6.553395,PRICED_E1_shortage_ratio_AN RICE CRACKER SEAWEED 111.3G_T117_3,0.116446
CG_LT,117,,MM HIEP PHU,MM AN PHU,AN RICE CRACKER SEAWEED 111.3G,32,0.6,0.232891,19.148582,PRICED_E1_shortage_ratio_AN RICE CRACKER SEAWEED 111.3G_T117_3,0.116446
CG_LT,118,,MM HIEP PHU,MM AN PHU,AN RICE CRACKER SEAWEED 111.3G,279,0.6,2.0,169.669066,PRICED_E1_shortage_ratio_AN RICE CRACKER SEAWEED 111.3G_T118_1,1.0
CG_LT,118,,MM DA NANG,MM AN PHU,AN RICE CRACKER SEAWEED 111.3G,12,0.6,0.215077,7.193926,PRICED_E1_shortage_ratio_AN RICE CRACKER SEAWEED 111.3G_T118_3,0.107538
CG_LT,118,,MM HIEP PHU,MM AN PHU,AN RICE CRACKER SEAWEED 111.3G,18,0.6,0.215077,11.267091,PRICED_E1_shortage_ratio_AN RICE CRACKER SEAWEED 111.3G_T118_3,0.107538
CG_LT,119,,MM HIEP PHU,MM AN PHU,AN RICE CRACKER SEAWEED 111.3G,100,0.6,2.0,62.118237,PRICED_E1_shortage_ratio_AN RICE CRACKER SEAWEED 111.3G_T119_1,1.0
CG_LT,119,,MM DA NANG,MM AN PHU,AN RICE CRACKER SEAWEED 111.3G,14,0.6,0.417873,9.067505,PRICED_E1_shortage_ratio_AN RICE CRACKER SEAWEED 111.3G_T119_3,0.208937
CG_LT,119,,MM HIEP PHU,MM AN PHU,AN RICE CRACKER SEAWEED 111.3G,7,0.6,0.417873,4.329136,PRICED_E1_shortage_ratio_AN RICE CRACKER SEAWEED 111.3G_T119_3,0.208937
CG_LT,11,,MM BINH PHU,MM DA NANG,AN RICE CRACKER SEAWEED 111.3G,4,0.6,0.364586,2.872019,PRICED_E1_shortage_ratio_AN RICE CRACKER SEAWEED 111.3G_T11_5,0.182293
CG_LT,11,,MM HIEP PHU,MM AN PHU,AN RICE CRACKER SEAWEED 111.3G,24,0.6,0.364586,15.036192,PRICED_E1_shortage_ratio_AN RICE CRACKER SEAWEED 111.3G_T11_5,0.182293
CG_LT,120,,MM BINH PHU,MM AN PHU,AN RICE CRACKER SEAWEED 111.3G,3,0.6,0.26078,2.106441,PRICED_E1_shortage_ratio_AN RICE CRACKER SEAWEED 111.3G_T120_1,0.13039
CG_LT,120,,MM DA NANG,MM AN PHU,AN RICE CRACKER SEAWEED 111.3G,24,0.6,2.0,16.154925,PRICED_E1_shortage_ratio_AN RICE CRACKER SEAWEED 111.3G_T120_2,1.0
CG_LT,120,,MM HIEP PHU,MM AN PHU,AN RICE CRACKER SEAWEED 111.3G,24,0.6,2.0,16.154925,PRICED_E1_shortage_ratio_AN RICE CRACKER SEAWEED 111.3G_T120_3,1.0
CG_LT,121,,MM BIEN HOA,MM AN PHU,AN RICE CRACKER SEAWEED 111.3G,20,0.6,2.0,14.263764,PRICED_E1_shortage_ratio_AN RICE CRACKER SEAWEED 111.3G_T121_1,1.0
CG_LT,121,,MM BINH PHU,MM AN PHU,AN RICE CRACKER SEAWEED 111.3G,20,0.6,2.0,14.263764,PRICED_E1_shortage_ratio_AN RICE CRACKER SEAWEED 111.3G_T121_2,1.0
CG_LT,121,,MM DA NANG,MM AN PHU,AN RICE CRACKER SEAWEED 111.3G,20,0.6,2.0,14.263764,PRICED_E1_shortage_ratio_AN RICE CRACKER SEAWEED 111.3G_T121_3,1.0
CG_LT,122,,MM BIEN HOA,MM AN PHU,AN RICE CRACKER SEAWEED 111.3G,31,0.6,2.0,20.591533,PRICED_E1_shortage_ratio_AN RICE CRACKER SEAWEED 111.3G_T122_1,1.0
CG_LT,122,,MM BINH PHU,MM AN PHU,AN RICE CRACKER SEAWEED 111.3G,31,0.6,2.0,20.591533,PRICED_E1_shortage_ratio_AN RICE CRACKER SEAWEED 111.3G_T122_2,1.0
CG_LT,122,,MM DA NANG,MM AN PHU,AN RICE CRACKER SEAWEED 111.3G,31,0.6,2.0,20.591533,PRICED_E1_shortage_ratio_AN RICE CRACKER SEAWEED 111.3G_T122_3,1.0
CG_LT,125,,MM BINH PHU,MM AN PHU,AN RICE CRACKER SEAWEED 111.3G,15,0.6,0.285089,9.084218,PRICED_E1_shortage_ratio_AN RICE CRACKER SEAWEED 111.3G_T125_1,0.142545
CG_LT,125,,MM HIEP PHU,MM BIEN HOA,AN RICE CRACKER SEAWEED 111.3G,33,0.6,0.285089,20.048656,PRICED_E1_shortage_ratio_AN RICE CRACKER SEAWEED 111.3G_T125_1,0.142545
CG_LT,125,,MM HIEP PHU,MM AN PHU,AN RICE CRACKER SEAWEED 111.3G,103,0.6,2.0,63.728975,PRICED_E1_shortage_ratio_AN RICE CRACKER SEAWEED 111.3G_T125_2,1.0
CG_LT,125,,MM HIEP PHU,MM BIEN HOA,AN RICE CRACKER SEAWEED 111.3G,231,0.6,2.0,140.648345,PRICED_E1_shortage_ratio_AN RICE CRACKER SEAWEED 111.3G_T125_2,1.0
CG_LT,126,,MM BINH PHU,MM AN PHU,AN RICE CRACKER SEAWEED 111.3G,58,0.6,2.0,36.576614,PRICED_E1_shortage_ratio_AN RICE CRACKER SEAWEED 111.3G_T126_1,1.0
CG_LT,126,,MM DA NANG,MM AN PHU,AN RICE CRACKER SEAWEED 111.3G,58,0.6,2.0,36.576614,PRICED_E1_shortage_ratio_AN RICE CRACKER SEAWEED 111.3G_T126_2,1.0
CG_LT,126,,MM HIEP PHU,MM AN PHU,AN RICE CRACKER SEAWEED 111.3G,31,0.6,1.067009,19.513781,PRICED_E1_shortage_ratio_AN RICE CRACKER SEAWEED 111.3G_T126_3,0.533504
CG_LT,127,,MM BINH PHU,MM AN PHU,AN RICE CRACKER SEAWEED 111.3G,43,0.6,2.0,27.679815,PRICED_E1_shortage_ratio_AN RICE CRACKER SEAWEED 111.3G_T127_1,1.0
CG_LT,127,,MM DA NANG,MM AN PHU,AN RICE CRACKER SEAWEED 111.3G,18,0.6,0.862465,11.936434,PRICED_E1_shortage_ratio_AN RICE CRACKER SEAWEED 111.3G_T127_2,0.431232
CG_LT,127,,MM HIEP PHU,MM AN PHU,AN RICE CRACKER SEAWEED 111.3G,43,0.6,2.0,27.679815,PRICED_E1_shortage_ratio_AN RICE CRACKER SEAWEED 111.3G_T127_3,1.0
CG_LT,128,,MM DA NANG,MM AN PHU,AN RICE CRACKER SEAWEED 111.3G,92,0.6,2.0,56.908521,PRICED_E1_shortage_ratio_AN RICE CRACKER SEAWEED 111.3G_T128_2,1.0
CG_LT,128,,MM HIEP PHU,MM AN PHU,AN RICE CRACKER SEAWEED 111.3G,49,0.6,1.078342,30.683421,PRICED_E1_shortage_ratio_AN RICE CRACKER SEAWEED 111.3G_T128_3,0.539171
CG_LT,129,,MM BINH PHU,MM AN PHU,AN RICE CRACKER SEAWEED 111.3G,18,0.6,2.0,12.889364,PRICED_E1_shortage_ratio_AN RICE CRACKER SEAWEED 111.3G_T129_1,1.0
CG_LT,129,,MM DA NANG,MM AN PHU,AN RICE CRACKER SEAWEED 111.3G,18,0.6,2.0,12.889364,PRICED_E1_shortage_ratio_AN RICE CRACKER SEAWEED 111.3G_T129_2,1.0
CG_LT,129,,MM HIEP PHU,MM AN PHU,AN RICE CRACKER SEAWEED 111.3G,18,0.6,2.0,12.889364,PRICED_E1_shortage_ratio_AN RICE CRACKER SEAWEED 111.3G_T129_3,1.0
CG_LT,12,,MM BIEN HOA,MM AN PHU,AN RICE CRACKER SEAWEED 111.3G,6,0.6,0.533598,4.141219,PRICED_E1_shortage_ratio_AN RICE CRACKER SEAWEED 111.3G_T12_4,0.266799
CG_LT,12,,MM HIEP PHU,MM BINH PHU,AN RICE CRACKER SEAWEED 111.3G,45,0.6,0.533598,27.802874,PRICED_E1_shortage_ratio_AN RICE CRACKER SEAWEED 111.3G_T12_4,0.266799
CG_LT,12,,MM HIEP PHU,MM DA NANG,AN RICE CRACKER SEAWEED 111.3G,6,0.6,0.533598,4.086034,PRICED_E1_shortage_ratio_AN RICE CRACKER SEAWEED 111.3G_T12_4,0.266799
CG_LT,130,,MM DA NANG,MM AN PHU,AN RICE CRACKER SEAWEED 111.3G,18,0.6,0.795804,11.670049,PRICED_E1_shortage_ratio_AN RICE CRACKER SEAWEED 111.3G_T130_2,0.397902
CG_LT,130,,MM HIEP PHU,MM AN PHU,AN RICE CRACKER SEAWEED 111.3G,46,0.6,2.0,29.328955,PRICED_E1_shortage_ratio_AN RICE CRACKER SEAWEED 111.3G_T130_3,1.0
CG_LT,132,,MM BIEN HOA,MM AN PHU,AN RICE CRACKER SEAWEED 111.3G,29,0.6,2.0,19.32826,PRICED_E1_shortage_ratio_AN RICE CRACKER SEAWEED 111.3G_T132_1,1.0
CG_LT,132,,MM BINH PHU,MM AN PHU,AN RICE CRACKER SEAWEED 111.3G,29,0.6,2.0,19.32826,PRICED_E1_shortage_ratio_AN RICE CRACKER SEAWEED 111.3G_T132_2,1.0
CG_LT,132,,MM DA NANG,MM AN PHU,AN RICE CRACKER SEAWEED 111.3G,23,0.6,1.592714,15.392195,PRICED_E1_shortage_ratio_AN RICE CRACKER SEAWEED 111.3G_T132_3,0.796357
CG_LT,133,,MM BINH PHU,MM AN PHU,AN RICE CRACKER SEAWEED 111.3G,44,0.6,2.0,28.183086,PRICED_E1_shortage_ratio_AN RICE CRACKER SEAWEED 111.3G_T133_1,1.0
CG_LT,133,,MM DA NANG,MM AN PHU,AN RICE CRACKER SEAWEED 111.3G,12,0.6,0.53508,7.540108,PRICED_E1_shortage_ratio_AN RICE CRACKER SEAWEED 111.3G_T133_2,0.26754
CG_LT,133,,MM HIEP PHU,MM AN PHU,AN RICE CRACKER SEAWEED 111.3G,44,0.6,2.0,28.183086,PRICED_E1_shortage_ratio_AN RICE CRACKER SEAWEED 111.3G_T133_3,1.0
CG_LT,134,,MM DA NANG,MM AN PHU,AN RICE CRACKER SEAWEED 111.3G,98,0.6,2.0,61.091331,PRICED_E1_shortage_ratio_AN RICE CRACKER SEAWEED 111.3G_T134_1,1.0
CG_LT,134,,MM HIEP PHU,MM AN PHU,AN RICE CRACKER SEAWEED 111.3G,58,0.6,1.186693,36.248322,PRICED_E1_shortage_ratio_AN RICE CRACKER SEAWEED 111.3G_T134_2,0.593346
CG_LT,135,,MM HIEP PHU,MM AN PHU,AN RICE CRACKER SEAWEED 111.3G,147,0.6,2.0,90.117115,PRICED_E1_shortage_ratio_AN RICE CRACKER SEAWEED 111.3G_T135_1,1.0
CG_LT,135,,MM BINH PHU,MM AN PHU,AN RICE CRACKER SEAWEED 111.3G,19,0.6,0.715935,11.950114,PRICED_E1_shortage_ratio_AN RICE CRACKER SEAWEED 111.3G_T135_2,0.357967
CG_LT,135,,MM DA NANG,MM AN PHU,AN RICE CRACKER SEAWEED 111.3G,34,0.6,0.715935,21.024801,PRICED_E1_shortage_ratio_AN RICE CRACKER SEAWEED 111.3G_T135_2,0.357967
CG_LT,136,,MM BINH PHU,MM AN PHU,AN RICE CRACKER SEAWEED 111.3G,78,0.6,2.0,49.021035,PRICED_E1_shortage_ratio_AN RICE CRACKER SEAWEED 111.3G_T136_1,1.0
CG_LT,136,,MM DA NANG,MM AN PHU,AN RICE CRACKER SEAWEED 111.3G,41,0.6,1.036326,25.400891,PRICED_E1_shortage_ratio_AN RICE CRACKER SEAWEED 111.3G_T136_2,0.518163
CG_LT,137,,MM BINH PHU,MM AN PHU,AN RICE CRACKER SEAWEED 111.3G,24,0.6,1.120901,15.688295,PRICED_E1_shortage_ratio_AN RICE CRACKER SEAWEED 111.3G_T137_1,0.56045
CG_LT,137,,MM DA NANG,MM AN PHU,AN RICE CRACKER SEAWEED 111.3G,43,0.6,2.0,27.992303,PRICED_E1_shortage_ratio_AN RICE CRACKER SEAWEED 111.3G_T137_2,1.0
CG_LT,137,,MM HIEP PHU,MM AN PHU,AN RICE CRACKER SEAWEED 111.3G,43,0.6,2.0,27.992303,PRICED_E1_shortage_ratio_AN RICE CRACKER SEAWEED 111.3G_T137_3,1.0
CG_LT,138,,MM BINH PHU,MM AN PHU,AN RICE CRACKER SEAWEED 111.3G,44,0.6,1.023841,27.599599,PRICED_E1_shortage_ratio_AN RICE CRACKER SEAWEED 111.3G_T138_1,0.51192
CG_LT,138,,MM HIEP PHU,MM AN PHU,AN RICE CRACKER SEAWEED 111.3G,87,0.6,2.0,53.913842,PRICED_E1_shortage_ratio_AN RICE CRACKER SEAWEED 111.3G_T138_3,1.0
CG_LT,139,,MM BINH PHU,MM AN PHU,AN RICE CRACKER SEAWEED 111.3G,19,0.6,2.0,13.5779,PRICED_E1_shortage_ratio_AN RICE CRACKER SEAWEED 111.3G_T139_1,1.0
CG_LT,139,,MM DA NANG,MM AN PHU,AN RICE CRACKER SEAWEED 111.3G,19,0.6,2.0,13.5779,PRICED_E1_shortage_ratio_AN RICE CRACKER SEAWEED 111.3G_T139_2,1.0
CG_LT,139,,MM HIEP PHU,MM AN PHU,AN RICE CRACKER SEAWEED 111.3G,19,0.6,2.0,13.5779,PRICED_E1_shortage_ratio_AN RICE CRACKER SEAWEED 111.3G_T139_3,1.0
CG_LT,13,,MM HIEP PHU,MM AN PHU,AN RICE CRACKER SEAWEED 111.3G,57,0.6,2.0,35.949818,PRICED_E1_shortage_ratio_AN RICE CRACKER SEAWEED 111.3G_T13_1,1.0
CG_LT,13,,MM HIEP PHU,MM BINH PHU,AN RICE CRACKER SEAWEED 111.3G,71,0.6,2.0,44.587074,PRICED_E1_shortage_ratio_AN RICE CRACKER SEAWEED 111.3G_T13_1,1.0
CG_LT,13,,MM HIEP PHU,MM DA NANG,AN RICE CRACKER SEAWEED 111.3G,33,0.6,2.0,21.585307,PRICED_E1_shortage_ratio_AN RICE CRACKER SEAWEED 111.3G_T13_1,1.0
CG_LT,13,,MM BIEN HOA,MM AN PHU,AN RICE CRACKER SEAWEED 111.3G,6,0.6,0.809867,4.636818,PRICED_E1_shortage_ratio_AN RICE CRACKER SEAWEED 111.3G_T13_5,0.404933
CG_LT,13,,MM HIEP PHU,MM AN PHU,AN RICE CRACKER SEAWEED 111.3G,17,0.6,0.809867,10.730329,PRICED_E1_shortage_ratio_AN RICE CRACKER SEAWEED 111.3G_T13_5,0.404933
CG_LT,13,,MM HIEP PHU,MM BINH PHU,AN RICE CRACKER SEAWEED 111.3G,29,0.6,0.809867,18.054793,PRICED_E1_shortage_ratio_AN RICE CRACKER SEAWEED 111.3G_T13_5,0.404933
CG_LT,13,,MM HIEP PHU,MM DA NANG,AN RICE CRACKER SEAWEED 111.3G,13,0.6,0.809867,8.74061,PRICED_E1_shortage_ratio_AN RICE CRACKER SEAWEED 111.3G_T13_5,0.404933
CG_LT,140,,MM DA NANG,MM AN PHU,AN RICE CRACKER SEAWEED 111.3G,133,0.6,2.0,81.807109,PRICED_E1_shortage_ratio_AN RICE CRACKER SEAWEED 111.3G_T140_1,1.0
CG_LT,140,,MM HIEP PHU,MM AN PHU,AN RICE CRACKER SEAWEED 111.3G,51,0.6,0.764626,31.275917,PRICED_E1_shortage_ratio_AN RICE CRACKER SEAWEED 111.3G_T140_2,0.382313
CG_LT,141,,MM DA NANG,MM AN PHU,AN RICE CRACKER SEAWEED 111.3G,83,0.6,0.888555,50.444163,PRICED_E1_shortage_ratio_AN RICE CRACKER SEAWEED 111.3G_T141_1,0.444278
CG_LT,141,,MM HIEP PHU,MM AN PHU,AN RICE CRACKER SEAWEED 111.3G,186,0.6,2.0,113.541992,PRICED_E1_shortage_ratio_AN RICE CRACKER SEAWEED 111.3G_T141_2,1.0
CG_LT,142,,MM DA NANG,MM BINH PHU,AN RICE CRACKER SEAWEED 111.3G,68,0.6,2.0,42.982675,PRICED_E1_shortage_ratio_AN RICE CRACKER SEAWEED 111.3G_T142_1,1.0
CG_LT,142,,MM HIEP PHU,MM AN PHU,AN RICE CRACKER SEAWEED 111.3G,438,0.6,2.0,264.853054,PRICED_E1_shortage_ratio_AN RICE CRACKER SEAWEED 111.3G_T142_1,1.0
CG_LT,142,,MM HIEP PHU,MM AN PHU,AN RICE CRACKER SEAWEED 111.3G,31,0.6,0.141266,18.707412,PRICED_E1_shortage_ratio_AN RICE CRACKER SEAWEED 111.3G_T142_5,0.070633
CG_LT,142,,MM HIEP PHU,MM BINH PHU,AN RICE CRACKER SEAWEED 111.3G,5,0.6,0.141266,3.036003,PRICED_E1_shortage_ratio_AN RICE CRACKER SEAWEED 111.3G_T142_5,0.070633
CG_LT,143,,MM DA NANG,MM BINH PHU,AN RICE CRACKER SEAWEED 111.3G,2,0.6,0.083244,1.269533,PRICED_E1_shortage_ratio_AN RICE CRACKER SEAWEED 111.3G_T143_1,0.041622
CG_LT,143,,MM HIEP PHU,MM AN PHU,AN RICE CRACKER SEAWEED 111.3G,19,0.6,0.083244,11.604064,PRICED_E1_shortage_ratio_AN RICE CRACKER SEAWEED 111.3G_T143_1,0.041622
CG_LT,143,,MM HIEP PHU,MM AN PHU,AN RICE CRACKER SEAWEED 111.3G,461,0.6,2.0,278.796969,PRICED_E1_shortage_ratio_AN RICE CRACKER SEAWEED 111.3G_T143_4,1.0
CG_LT,143,,MM HIEP PHU,MM BINH PHU,AN RICE CRACKER SEAWEED 111.3G,48,0.6,2.0,30.501561,PRICED_E1_shortage_ratio_AN RICE CRACKER SEAWEED 111.3G_T143_4,1.0
CG_LT,144,,MM DA NANG,MM BINH PHU,AN RICE CRACKER SEAWEED 111.3G,5,0.6,2.0,4.874712,PRICED_E1_shortage_ratio_AN RICE CRACKER SEAWEED 111.3G_T144_1,1.0
CG_LT,144,,MM HIEP PHU,MM AN PHU,AN RICE CRACKER SEAWEED 111.3G,182,0.6,2.0,111.466308,PRICED_E1_shortage_ratio_AN RICE CRACKER SEAWEED 111.3G_T144_1,1.0
CG_LT,144,,MM HIEP PHU,MM AN PHU,AN RICE CRACKER SEAWEED 111.3G,10,0.6,0.108478,6.045797,PRICED_E1_shortage_ratio_AN RICE CRACKER SEAWEED 111.3G_T144_4,0.054239
CG_LT,144,,MM HIEP PHU,MM BINH PHU,AN RICE CRACKER SEAWEED 111.3G,0,0.6,0.108478,0.264398,PRICED_E1_shortage_ratio_AN RICE CRACKER SEAWEED 111.3G_T144_4,0.054239
CG_LT,145,,MM DA NANG,MM BINH PHU,AN RICE CRACKER SEAWEED 111.3G,4,0.6,0.278263,2.971821,PRICED_E1_shortage_ratio_AN RICE CRACKER SEAWEED 111.3G_T145_2,0.139131
CG_LT,145,,MM HIEP PHU,MM AN PHU,AN RICE CRACKER SEAWEED 111.3G,14,0.6,0.278263,8.486871,PRICED_E1_shortage_ratio_AN RICE CRACKER SEAWEED 111.3G_T145_2,0.139131
CG_LT,145,,MM DA NANG,MM AN PHU,AN RICE CRACKER SEAWEED 111.3G,98,0.6,2.0,60.999027,PRICED_E1_shortage_ratio_AN RICE CRACKER SEAWEED 111.3G_T145_4,1.0
CG_LT,145,,MM HIEP PHU,MM BINH PHU,AN RICE CRACKER SEAWEED 111.3G,32,0.6,2.0,21.359836,PRICED_E1_shortage_ratio_AN RICE CRACKER SEAWEED 111.3G_T145_4,1.0
CG_LT,146,,MM AN PHU,MM BINH PHU,AN RICE CRACKER SEAWEED 111.3G,50,0.6,2.0,31.940844,PRICED_E1_shortage_ratio_AN RICE CRACKER SEAWEED 111.3G_T146_1,1.0
CG_LT,146,,MM HIEP PHU,MM BINH PHU,AN RICE CRACKER SEAWEED 111.3G,43,0.6,1.734019,27.693015,PRICED_E1_shortage_ratio_AN RICE CRACKER SEAWEED 111.3G_T146_3,0.86701
CG_LT,147,,MM AN PHU,MM BINH PHU,AN RICE CRACKER SEAWEED 111.3G,40,0.6,2.0,25.86906,PRICED_E1_shortage_ratio_AN RICE CRACKER SEAWEED 111.3G_T147_1,1.0
CG_LT,147,,MM DA NANG,MM BINH PHU,AN RICE CRACKER SEAWEED 111.3G,38,0.6,1.889139,24.435119,PRICED_E1_shortage_ratio_AN RICE CRACKER SEAWEED 111.3G_T147_2,0.944569
CG_LT,148,,MM HIEP PHU,MM BINH PHU,AN RICE CRACKER SEAWEED 111.3G,223,0.6,2.0,135.554772,PRICED_E1_shortage_ratio_AN RICE CRACKER SEAWEED 111.3G_T148_1,1.0
CG_LT,148,,MM BIEN HOA,MM BINH PHU,AN RICE CRACKER SEAWEED 111.3G,1,0.6,0.748787,1.272829,PRICED_E1_shortage_ratio_AN RICE CRACKER SEAWEED 111.3G_T148_4,0.374393
CG_LT,148,,MM HIEP PHU,MM BINH PHU,AN RICE CRACKER SEAWEED 111.3G,82,0.6,0.748787,50.226773,PRICED_E1_shortage_ratio_AN RICE CRACKER SEAWEED 111.3G_T148_4,0.374393
CG_LT,149,,MM DA NANG,MM AN PHU,AN RICE CRACKER SEAWEED 111.3G,31,0.6,2.0,20.6912,PRICED_E1_shortage_ratio_AN RICE CRACKER SEAWEED 111.3G_T149_1,1.0
CG_LT,149,,MM HIEP PHU,MM BINH PHU,AN RICE CRACKER SEAWEED 111.3G,227,0.6,2.0,138.395372,PRICED_E1_shortage_ratio_AN RICE CRACKER SEAWEED 111.3G_T149_1,1.0
CG_LT,149,,MM HIEP PHU,MM AN PHU,AN RICE CRACKER SEAWEED 111.3G,8,0.6,0.534514,5.52987,PRICED_E1_shortage_ratio_AN RICE CRACKER SEAWEED 111.3G_T149_4,0.267257
CG_LT,149,,MM HIEP PHU,MM BINH PHU,AN RICE CRACKER SEAWEED 111.3G,61,0.6,0.534514,36.987142,PRICED_E1_shortage_ratio_AN RICE CRACKER SEAWEED 111.3G_T149_4,0.267257
CG_LT,14,,MM HIEP PHU,MM AN PHU,AN RICE CRACKER SEAWEED 111.3G,90,0.6,2.0,56.022263,PRICED_E1_shortage_ratio_AN RICE CRACKER SEAWEED 111.3G_T14_1,1.0
CG_LT,14,,MM HIEP PHU,MM DA NANG,AN RICE CRACKER SEAWEED 111.3G,111,0.6,2.0,68.86058,PRICED_E1_shortage_ratio_AN RICE CRACKER SEAWEED 111.3G_T14_1,1.0
CG_LT,14,,MM HIEP PHU,MM AN PHU,AN RICE CRACKER SEAWEED 111.3G,14,0.6,0.271137,8.895816,PRICED_E1_shortage_ratio_AN RICE CRACKER SEAWEED 111.3G_T14_2,0.135569
CG_LT,14,,MM HIEP PHU,MM BIEN HOA,AN RICE CRACKER SEAWEED 111.3G,3,0.6,0.271137,2.034937,PRICED_E1_shortage_ratio_AN RICE CRACKER SEAWEED 111.3G_T14_2,0.135569
CG_LT,14,,MM HIEP PHU,MM BINH PHU,AN RICE CRACKER SEAWEED 111.3G,3,0.6,0.271137,2.361601,PRICED_E1_shortage_ratio_AN RICE CRACKER SEAWEED 111.3G_T14_2,0.135569
CG_LT,14,,MM HIEP PHU,MM DA NANG,AN RICE CRACKER SEAWEED 111.3G,7,0.6,0.271137,4.180129,PRICED_E1_shortage_ratio_AN RICE CRACKER SEAWEED 111.3G_T14_2,0.135569
CG_LT,150,,MM HIEP PHU,MM AN PHU,AN RICE CRACKER SEAWEED 111.3G,8,0.6,2.0,6.611663,PRICED_E1_shortage_ratio_AN RICE CRACKER SEAWEED 111.3G_T150_1,1.0
CG_LT,150,,MM HIEP PHU,MM BINH PHU,AN RICE CRACKER SEAWEED 111.3G,5,0.6,2.0,4.746585,PRICED_E1_shortage_ratio_AN RICE CRACKER SEAWEED 111.3G_T150_1,1.0
CG_LT,150,,MM HIEP PHU,MM DA NANG,AN RICE CRACKER SEAWEED 111.3G,24,0.6,2.0,16.395447,PRICED_E1_shortage_ratio_AN RICE CRACKER SEAWEED 111.3G_T150_1,1.0
CG_LT,151,,MM AN PHU,MM BINH PHU,AN RICE CRACKER SEAWEED 111.3G,15,0.6,2.0,10.966017,PRICED_E1_shortage_ratio_AN RICE CRACKER SEAWEED 111.3G_T151_1,1.0
CG_LT,151,,MM DA NANG,MM BINH PHU,AN RICE CRACKER SEAWEED 111.3G,15,0.6,2.0,10.966017,PRICED_E1_shortage_ratio_AN RICE CRACKER SEAWEED 111.3G_T151_2,1.0
CG_LT,151,,MM HIEP PHU,MM BINH PHU,AN RICE CRACKER SEAWEED 111.3G,11,0.6,1.458477,7.996843,PRICED_E1_shortage_ratio_AN RICE CRACKER SEAWEED 111.3G_T151_3,0.729239
CG_LT,152,,MM AN PHU,MM BINH PHU,AN RICE CRACKER SEAWEED 111.3G,21,0.6,2.0,14.600746,PRICED_E1_shortage_ratio_AN RICE CRACKER SEAWEED 111.3G_T152_1,1.0
CG_LT,152,,MM DA NANG,MM BINH PHU,AN RICE CRACKER SEAWEED 111.3G,6,0.6,0.550588,4.019496,PRICED_E1_shortage_ratio_AN RICE CRACKER SEAWEED 111.3G_T152_2,0.275294
CG_LT,152,,MM HIEP PHU,MM BINH PHU,AN RICE CRACKER SEAWEED 111.3G,21,0.6,2.0,14.600746,PRICED_E1_shortage_ratio_AN RICE CRACKER SEAWEED 111.3G_T152_3,1.0
CG_LT,153,,MM HIEP PHU,MM AN PHU,AN RICE CRACKER SEAWEED 111.3G,34,0.6,2.0,22.54058,PRICED_E1_shortage_ratio_AN RICE CRACKER SEAWEED 111.3G_T153_1,1.0
CG_LT,153,,MM BIEN HOA,MM AN PHU,AN RICE CRACKER SEAWEED 111.3G,2,0.6,0.548394,1.552612,PRICED_E1_shortage_ratio_AN RICE CRACKER SEAWEED 111.3G_T153_3,0.274197
CG_LT,153,,MM HIEP PHU,MM AN PHU,AN RICE CRACKER SEAWEED 111.3G,8,0.6,0.548394,5.176336,PRICED_E1_shortage_ratio_AN RICE CRACKER SEAWEED 111.3G_T153_3,0.274197
CG_LT,15,,MM HIEP PHU,MM DA NANG,AN RICE CRACKER SEAWEED 111.3G,183,0.6,2.0,111.765807,PRICED_E1_shortage_ratio_AN RICE CRACKER SEAWEED 111.3G_T15_1,1.0
CG_LT,16,,MM HIEP PHU,MM AN PHU,AN RICE CRACKER SEAWEED 111.3G,261,0.6,2.0,158.322774,PRICED_E1_shortage_ratio_AN RICE CRACKER SEAWEED 111.3G_T16_1,1.0
CG_LT,16,,MM HIEP PHU,MM DA NANG,AN RICE CRACKER SEAWEED 111.3G,125,0.6,2.0,77.047397,PRICED_E1_shortage_ratio_AN RICE CRACKER SEAWEED 111.3G_T16_1,1.0
CG_LT,16,,MM HIEP PHU,MM AN PHU,AN RICE CRACKER SEAWEED 111.3G,0,0.6,0.008097,0.107337,PRICED_E1_shortage_ratio_AN RICE CRACKER SEAWEED 111.3G_T16_2,0.004048
CG_LT,16,,MM HIEP PHU,MM BINH PHU,AN RICE CRACKER SEAWEED 111.3G,0,0.6,0.008097,0.214563,PRICED_E1_shortage_ratio_AN RICE CRACKER SEAWEED 111.3G_T16_2,0.004048
CG_LT,16,,MM HIEP PHU,MM DA NANG,AN RICE CRACKER SEAWEED 111.3G,1,0.6,0.008097,0.639059,PRICED_E1_shortage_ratio_AN RICE CRACKER SEAWEED 111.3G_T16_2,0.004048
CG_LT,17,,MM HIEP PHU,MM AN PHU,AN RICE CRACKER SEAWEED 111.3G,9,0.6,0.054792,5.292719,PRICED_E1_shortage_ratio_AN RICE CRACKER SEAWEED 111.3G_T17_1,0.027396
CG_LT,17,,MM HIEP PHU,MM DA NANG,AN RICE CRACKER SEAWEED 111.3G,0,0.6,0.054792,0.231532,PRICED_E1_shortage_ratio_AN RICE CRACKER SEAWEED 111.3G_T17_1,0.027396
CG_LT,17,,MM HIEP PHU,MM AN PHU,AN RICE CRACKER SEAWEED 111.3G,35,0.6,0.353437,21.160034,PRICED_E1_shortage_ratio_AN RICE CRACKER SEAWEED 111.3G_T17_2,0.176719
CG_LT,17,,MM HIEP PHU,MM BINH PHU,AN RICE CRACKER SEAWEED 111.3G,8,0.6,0.353437,5.452344,PRICED_E1_shortage_ratio_AN RICE CRACKER SEAWEED 111.3G_T17_2,0.176719
CG_LT,17,,MM HIEP PHU,MM DA NANG,AN RICE CRACKER SEAWEED 111.3G,15,0.6,0.353437,9.375573,PRICED_E1_shortage_ratio_AN RICE CRACKER SEAWEED 111.3G_T17_2,0.176719
CG_LT,17,,MM HIEP PHU,MM AN PHU,AN RICE CRACKER SEAWEED 111.3G,281,0.6,2.0,170.792275,PRICED_E1_shortage_ratio_AN RICE CRACKER SEAWEED 111.3G_T17_3,1.0
CG_LT,17,,MM HIEP PHU,MM BINH PHU,AN RICE CRACKER SEAWEED 111.3G,48,0.6,2.0,30.853257,PRICED_E1_shortage_ratio_AN RICE CRACKER SEAWEED 111.3G_T17_3,1.0
CG_LT,18,,MM HIEP PHU,MM AN PHU,AN RICE CRACKER SEAWEED 111.3G,168,0.6,1.797769,102.305304,PRICED_E1_shortage_ratio_AN RICE CRACKER SEAWEED 111.3G_T18_2,0.898885
CG_LT,18,,MM HIEP PHU,MM BINH PHU,AN RICE CRACKER SEAWEED 111.3G,24,0.6,1.797769,15.943516,PRICED_E1_shortage_ratio_AN RICE CRACKER SEAWEED 111.3G_T18_2,0.898885
CG_LT,18,,MM HIEP PHU,MM DA NANG,AN RICE CRACKER SEAWEED 111.3G,111,0.6,1.797769,68.372858,PRICED_E1_shortage_ratio_AN RICE CRACKER SEAWEED 111.3G_T18_2,0.898885
CG_LT,18,,MM HIEP PHU,MM AN PHU,AN RICE CRACKER SEAWEED 111.3G,30,0.6,0.320328,18.414711,PRICED_E1_shortage_ratio_AN RICE CRACKER SEAWEED 111.3G_T18_3,0.160164
CG_LT,18,,MM HIEP PHU,MM BINH PHU,AN RICE CRACKER SEAWEED 111.3G,4,0.6,0.320328,2.84083,PRICED_E1_shortage_ratio_AN RICE CRACKER SEAWEED 111.3G_T18_3,0.160164
CG_LT,18,,MM HIEP PHU,MM DA NANG,AN RICE CRACKER SEAWEED 111.3G,19,0.6,0.320328,11.996875,PRICED_E1_shortage_ratio_AN RICE CRACKER SEAWEED 111.3G_T18_3,0.160164
CG_LT,19,,MM HIEP PHU,MM AN PHU,AN RICE CRACKER SEAWEED 111.3G,71,0.6,2.0,44.613622,PRICED_E1_shortage_ratio_AN RICE CRACKER SEAWEED 111.3G_T19_1,1.0
CG_LT,19,,MM HIEP PHU,MM BIEN HOA,AN RICE CRACKER SEAWEED 111.3G,2,0.6,2.0,3.474429,PRICED_E1_shortage_ratio_AN RICE CRACKER SEAWEED 111.3G_T19_1,1.0
CG_LT,19,,MM HIEP PHU,MM BINH PHU,AN RICE CRACKER SEAWEED 111.3G,9,0.6,2.0,7.416423,PRICED_E1_shortage_ratio_AN RICE CRACKER SEAWEED 111.3G_T19_1,1.0
CG_LT,19,,MM HIEP PHU,MM DA NANG,AN RICE CRACKER SEAWEED 111.3G,116,0.6,2.0,71.602532,PRICED_E1_shortage_ratio_AN RICE CRACKER SEAWEED 111.3G_T19_1,1.0
CG_LT,20,,MM HIEP PHU,MM AN PHU,AN RICE CRACKER SEAWEED 111.3G,45,0.6,2.0,29.198096,PRICED_E1_shortage_ratio_AN RICE CRACKER SEAWEED 111.3G_T20_1,1.0
CG_LT,21,,MM BINH PHU,MM AN PHU,AN RICE CRACKER SEAWEED 111.3G,35,0.6,2.0,23.22756,PRICED_E1_shortage_ratio_AN RICE CRACKER SEAWEED 111.3G_T21_1,1.0
CG_LT,21,,MM HIEP PHU,MM AN PHU,AN RICE CRACKER SEAWEED 111.3G,35,0.6,2.0,23.22756,PRICED_E1_shortage_ratio_AN RICE CRACKER SEAWEED 111.3G_T21_2,1.0
CG_LT,21,,MM BIEN HOA,MM AN PHU,AN RICE CRACKER SEAWEED 111.3G,0,0.6,0.43921,0.492018,PRICED_E1_shortage_ratio_AN RICE CRACKER SEAWEED 111.3G_T21_3,0.219605
CG_LT,21,,MM BINH PHU,MM AN PHU,AN RICE CRACKER SEAWEED 111.3G,8,0.6,0.43921,5.048082,PRICED_E1_shortage_ratio_AN RICE CRACKER SEAWEED 111.3G_T21_3,0.219605
CG_LT,22,,MM BINH PHU,MM AN PHU,AN RICE CRACKER SEAWEED 111.3G,50,0.6,2.0,31.885624,PRICED_E1_shortage_ratio_AN RICE CRACKER SEAWEED 111.3G_T22_1,1.0
CG_LT,22,,MM HIEP PHU,MM AN PHU,AN RICE CRACKER SEAWEED 111.3G,27,0.6,1.093434,17.432411,PRICED_E1_shortage_ratio_AN RICE CRACKER SEAWEED 111.3G_T22_2,0.546717
CG_LT,23,,MM HIEP PHU,MM AN PHU,AN RICE CRACKER SEAWEED 111.3G,95,0.6,2.0,58.967689,PRICED_E1_shortage_ratio_AN RICE CRACKER SEAWEED 111.3G_T23_1,1.0
CG_LT,23,,MM BINH PHU,MM AN PHU,AN RICE CRACKER SEAWEED 111.3G,22,0.6,0.509049,13.833544,PRICED_E1_shortage_ratio_AN RICE CRACKER SEAWEED 111.3G_T23_2,0.254524
CG_LT,23,,MM HIEP PHU,MM AN PHU,AN RICE CRACKER SEAWEED 111.3G,2,0.6,0.509049,1.684217,PRICED_E1_shortage_ratio_AN RICE CRACKER SEAWEED 111.3G_T23_2,0.254524
CG_LT,24,,MM BINH PHU,MM AN PHU,AN RICE CRACKER SEAWEED 111.3G,62,0.6,2.0,39.131254,PRICED_E1_shortage_ratio_AN RICE CRACKER SEAWEED 111.3G_T24_1,1.0
CG_LT,24,,MM HIEP PHU,MM AN PHU,AN RICE CRACKER SEAWEED 111.3G,14,0.6,0.440969,8.627838,PRICED_E1_shortage_ratio_AN RICE CRACKER SEAWEED 111.3G_T24_2,0.220485
CG_LT,25,,MM BINH PHU,MM AN PHU,AN RICE CRACKER SEAWEED 111.3G,26,0.6,2.0,17.720372,PRICED_E1_shortage_ratio_AN RICE CRACKER SEAWEED 111.3G_T25_1,1.0
CG_LT,25,,MM BINH PHU,MM BIEN HOA,AN RICE CRACKER SEAWEED 111.3G,6,0.6,2.0,5.411449,PRICED_E1_shortage_ratio_AN RICE CRACKER SEAWEED 111.3G_T25_1,1.0
CG_LT,25,,MM BINH PHU,MM BIEN HOA,AN RICE CRACKER SEAWEED 111.3G,2,0.6,0.575169,1.556249,PRICED_E1_shortage_ratio_AN RICE CRACKER SEAWEED 111.3G_T25_2,0.287585
CG_LT,25,,MM HIEP PHU,MM AN PHU,AN RICE CRACKER SEAWEED 111.3G,8,0.6,0.575169,5.096105,PRICED_E1_shortage_ratio_AN RICE CRACKER SEAWEED 111.3G_T25_2,0.287585
CG_LT,26,,MM HIEP PHU,MM AN PHU,AN RICE CRACKER SEAWEED 111.3G,33,0.6,2.0,21.891123,PRICED_E1_shortage_ratio_AN RICE CRACKER SEAWEED 111.3G_T26_1,1.0
CG_LT,26,,MM HIEP PHU,MM BINH PHU,AN RICE CRACKER SEAWEED 111.3G,38,0.6,2.0,24.514543,PRICED_E1_shortage_ratio_AN RICE CRACKER SEAWEED 111.3G_T26_1,1.0
CG_LT,26,,MM HIEP PHU,MM DA NANG,AN RICE CRACKER SEAWEED 111.3G,74,0.6,2.0,46.157134,PRICED_E1_shortage_ratio_AN RICE CRACKER SEAWEED 111.3G_T26_1,1.0
CG_LT,27,,MM HIEP PHU,MM AN PHU,AN RICE CRACKER SEAWEED 111.3G,46,0.6,2.0,29.53452,PRICED_E1_shortage_ratio_AN RICE CRACKER SEAWEED 111.3G_T27_1,1.0
CG_LT,27,,MM HIEP PHU,MM DA NANG,AN RICE CRACKER SEAWEED 111.3G,90,0.6,2.0,56.027802,PRICED_E1_shortage_ratio_AN RICE CRACKER SEAWEED 111.3G_T27_1,1.0
CG_LT,27,,MM BINH PHU,MM DA NANG,AN RICE CRACKER SEAWEED 111.3G,0,0.6,0.07227,0.303276,PRICED_E1_shortage_ratio_AN RICE CRACKER SEAWEED 111.3G_T27_2,0.036135
CG_LT,27,,MM HIEP PHU,MM AN PHU,AN RICE CRACKER SEAWEED 111.3G,2,0.6,0.07227,1.067236,PRICED_E1_shortage_ratio_AN RICE CRACKER SEAWEED 111.3G_T27_2,0.036135
CG_LT,27,,MM HIEP PHU,MM DA NANG,AN RICE CRACKER SEAWEED 111.3G,3,0.6,0.07227,1.793571,PRICED_E1_shortage_ratio_AN RICE CRACKER SEAWEED 111.3G_T27_2,0.036135
CG_LT,28,,MM HIEP PHU,MM AN PHU,AN RICE CRACKER SEAWEED 111.3G,42,0.6,2.0,27.24618,PRICED_E1_shortage_ratio_AN RICE CRACKER SEAWEED 111.3G_T28_1,1.0
CG_LT,28,,MM HIEP PHU,MM BINH PHU,AN RICE CRACKER SEAWEED 111.3G,8,0.6,2.0,6.9824,PRICED_E1_shortage_ratio_AN RICE CRACKER SEAWEED 111.3G_T28_1,1.0
CG_LT,28,,MM HIEP PHU,MM DA NANG,AN RICE CRACKER SEAWEED 111.3G,3,0.6,2.0,3.549449,PRICED_E1_shortage_ratio_AN RICE CRACKER SEAWEED 111.3G_T28_1,1.0
CG_LT,29,,MM HIEP PHU,MM AN PHU,AN RICE CRACKER SEAWEED 111.3G,129,0.6,2.0,79.161144,PRICED_E1_shortage_ratio_AN RICE CRACKER SEAWEED 111.3G_T29_1,1.0
CG_LT,29,,MM HIEP PHU,MM BINH PHU,AN RICE CRACKER SEAWEED 111.3G,19,0.6,2.0,13.584025,PRICED_E1_shortage_ratio_AN RICE CRACKER SEAWEED 111.3G_T29_1,1.0
CG_LT,30,,MM HIEP PHU,MM AN PHU,AN RICE CRACKER SEAWEED 111.3G,169,0.6,2.0,103.643206,PRICED_E1_shortage_ratio_AN RICE CRACKER SEAWEED 111.3G_T30_1,1.0
CG_LT,30,,MM HIEP PHU,MM BINH PHU,AN RICE CRACKER SEAWEED 111.3G,22,0.6,2.0,15.125076,PRICED_E1_shortage_ratio_AN RICE CRACKER SEAWEED 111.3G_T30_1,1.0
CG_LT,30,,MM HIEP PHU,MM DA NANG,AN RICE CRACKER SEAWEED 111.3G,18,0.6,2.0,12.600762,PRICED_E1_shortage_ratio_AN RICE CRACKER SEAWEED 111.3G_T30_1,1.0
CG_LT,31,,MM BINH PHU,MM BIEN HOA,AN RICE CRACKER SEAWEED 111.3G,18,0.6,2.0,13.068493,PRICED_E1_shortage_ratio_AN RICE CRACKER SEAWEED 111.3G_T31_1,1.0
CG_LT,31,,MM HIEP PHU,MM AN PHU,AN RICE CRACKER SEAWEED 111.3G,133,0.6,2.0,81.980211,PRICED_E1_shortage_ratio_AN RICE CRACKER SEAWEED 111.3G_T31_1,1.0
CG_LT,31,,MM HIEP PHU,MM AN PHU,AN RICE CRACKER SEAWEED 111.3G,29,0.6,0.429881,17.62087,PRICED_E1_shortage_ratio_AN RICE CRACKER SEAWEED 111.3G_T31_4,0.214941
CG_LT,31,,MM HIEP PHU,MM BIEN HOA,AN RICE CRACKER SEAWEED 111.3G,4,0.6,0.429881,2.808949,PRICED_E1_shortage_ratio_AN RICE CRACKER SEAWEED 111.3G_T31_4,0.214941
CG_LT,32,,MM BINH PHU,MM BIEN HOA,AN RICE CRACKER SEAWEED 111.3G,1,0.6,0.159968,0.721208,PRICED_E1_shortage_ratio_AN RICE CRACKER SEAWEED 111.3G_T32_1,0.079984
CG_LT,32,,MM BINH PHU,MM DA NANG,AN RICE CRACKER SEAWEED 111.3G,3,0.6,0.159968,1.695658,PRICED_E1_shortage_ratio_AN RICE CRACKER SEAWEED 111.3G_T32_1,0.079984
CG_LT,32,,MM HIEP PHU,MM AN PHU,AN RICE CRACKER SEAWEED 111.3G,11,0.6,0.159968,6.791048,PRICED_E1_shortage_ratio_AN RICE CRACKER SEAWEED 111.3G_T32_1,0.079984
CG_LT,33,,MM BINH PHU,MM DA NANG,AN RICE CRACKER SEAWEED 111.3G,6,0.6,2.0,5.604664,PRICED_E1_shortage_ratio_AN RICE CRACKER SEAWEED 111.3G_T33_1,1.0
CG_LT,33,,MM HIEP PHU,MM AN PHU,AN RICE CRACKER SEAWEED 111.3G,98,0.6,2.0,60.552341,PRICED_E1_shortage_ratio_AN RICE CRACKER SEAWEED 111.3G_T33_1,1.0
CG_LT,33,,MM HIEP PHU,MM AN PHU,AN RICE CRACKER SEAWEED 111.3G,10,0.6,0.212179,6.423966,PRICED_E1_shortage_ratio_AN RICE CRACKER SEAWEED 111.3G_T33_4,0.106089
CG_LT,33,,MM HIEP PHU,MM DA NANG,AN RICE CRACKER SEAWEED 111.3G,1,0.6,0.212179,0.594596,PRICED_E1_shortage_ratio_AN RICE CRACKER SEAWEED 111.3G_T33_4,0.106089
CG_LT,34,,MM BINH PHU,MM BIEN HOA,AN RICE CRACKER SEAWEED 111.3G,0,0.6,0.209779,0.284631,PRICED_E1_shortage_ratio_AN RICE CRACKER SEAWEED 111.3G_T34_4,0.10489
CG_LT,34,,MM HIEP PHU,MM AN PHU,AN RICE CRACKER SEAWEED 111.3G,15,0.6,0.209779,9.027524,PRICED_E1_shortage_ratio_AN RICE CRACKER SEAWEED 111.3G_T34_4,0.10489
CG_LT,34,,MM HIEP PHU,MM DA NANG,AN RICE CRACKER SEAWEED 111.3G,6,0.6,0.209779,3.645237,PRICED_E1_shortage_ratio_AN RICE CRACKER SEAWEED 111.3G_T34_4,0.10489
CG_LT,35,,MM BINH PHU,MM DA NANG,AN RICE CRACKER SEAWEED 111.3G,36,0.6,2.0,23.423351,PRICED_E1_shortage_ratio_AN RICE CRACKER SEAWEED 111.3G_T35_1,1.0
CG_LT,35,,MM HIEP PHU,MM AN PHU,AN RICE CRACKER SEAWEED 111.3G,164,0.6,2.0,100.310198,PRICED_E1_shortage_ratio_AN RICE CRACKER SEAWEED 111.3G_T35_1,1.0
CG_LT,35,,MM HIEP PHU,MM AN PHU,AN RICE CRACKER SEAWEED 111.3G,20,0.6,0.244581,12.267001,PRICED_E1_shortage_ratio_AN RICE CRACKER SEAWEED 111.3G_T35_4,0.122291
CG_LT,35,,MM HIEP PHU,MM DA NANG,AN RICE CRACKER SEAWEED 111.3G,4,0.6,0.244581,2.864457,PRICED_E1_shortage_ratio_AN RICE CRACKER SEAWEED 111.3G_T35_4,0.122291
CG_LT,36,,MM BINH PHU,MM AN PHU,AN RICE CRACKER SEAWEED 111.3G,142,0.6,2.0,87.264421,PRICED_E1_shortage_ratio_AN RICE CRACKER SEAWEED 111.3G_T36_1,1.0
CG_LT,36,,MM HIEP PHU,MM AN PHU,AN RICE CRACKER SEAWEED 111.3G,18,0.6,0.259475,11.321454,PRICED_E1_shortage_ratio_AN RICE CRACKER SEAWEED 111.3G_T36_2,0.129737
CG_LT,37,,MM BINH PHU,MM DA NANG,AN RICE CRACKER SEAWEED 111.3G,1,0.6,0.066346,0.576794,PRICED_E1_shortage_ratio_AN RICE CRACKER SEAWEED 111.3G_T37_1,0.033173
CG_LT,37,,MM HIEP PHU,MM AN PHU,AN RICE CRACKER SEAWEED 111.3G,6,0.6,0.066346,3.962323,PRICED_E1_shortage_ratio_AN RICE CRACKER SEAWEED 111.3G_T37_1,0.033173
CG_LT,39,,MM BINH PHU,MM AN PHU,AN RICE CRACKER SEAWEED 111.3G,35,0.6,0.749524,21.765135,PRICED_E1_shortage_ratio_AN RICE CRACKER SEAWEED 111.3G_T39_4,0.374762
CG_LT,39,,MM HIEP PHU,MM DA NANG,AN RICE CRACKER SEAWEED 111.3G,20,0.6,0.749524,12.814479,PRICED_E1_shortage_ratio_AN RICE CRACKER SEAWEED 111.3G_T39_4,0.374762
CG_LT,40,,MM BINH PHU,MM AN PHU,AN RICE CRACKER SEAWEED 111.3G,5,0.6,0.117433,3.175473,PRICED_E1_shortage_ratio_AN RICE CRACKER SEAWEED 111.3G_T40_4,0.058716
CG_LT,40,,MM HIEP PHU,MM DA NANG,AN RICE CRACKER SEAWEED 111.3G,3,0.6,0.117433,1.679531,PRICED_E1_shortage_ratio_AN RICE CRACKER SEAWEED 111.3G_T40_4,0.058716
CG_LT,41,,MM AN PHU,MM DA NANG,AN RICE CRACKER SEAWEED 111.3G,9,0.6,2.0,7.54047,PRICED_E1_shortage_ratio_AN RICE CRACKER SEAWEED 111.3G_T41_1,1.0
CG_LT,41,,MM BIEN HOA,MM DA NANG,AN RICE CRACKER SEAWEED 111.3G,7,0.6,1.598295,6.025946,PRICED_E1_shortage_ratio_AN RICE CRACKER SEAWEED 111.3G_T41_2,0.799147
CG_LT,41,,MM BINH PHU,MM DA NANG,AN RICE CRACKER SEAWEED 111.3G,9,0.6,2.0,7.54047,PRICED_E1_shortage_ratio_AN RICE CRACKER SEAWEED 111.3G_T41_3,1.0
CG_LT,42,,MM BINH PHU,MM DA NANG,AN RICE CRACKER SEAWEED 111.3G,84,0.6,2.0,52.345985,PRICED_E1_shortage_ratio_AN RICE CRACKER SEAWEED 111.3G_T42_2,1.0
CG_LT,42,,MM HIEP PHU,MM DA NANG,AN RICE CRACKER SEAWEED 111.3G,58,0.6,1.392169,36.437224,PRICED_E1_shortage_ratio_AN RICE CRACKER SEAWEED 111.3G_T42_3,0.696084
CG_LT,43,,MM BINH PHU,MM DA NANG,AN RICE CRACKER SEAWEED 111.3G,64,0.6,1.631701,40.060342,PRICED_E1_shortage_ratio_AN RICE CRACKER SEAWEED 111.3G_T43_2,0.81585
CG_LT,43,,MM HIEP PHU,MM DA NANG,AN RICE CRACKER SEAWEED 111.3G,79,0.6,2.0,49.102559,PRICED_E1_shortage_ratio_AN RICE CRACKER SEAWEED 111.3G_T43_3,1.0
CG_LT,48,,MM BINH PHU,MM AN PHU,AN RICE CRACKER SEAWEED 111.3G,130,0.6,2.0,79.936728,PRICED_E1_shortage_ratio_AN RICE CRACKER SEAWEED 111.3G_T48_2,1.0
CG_LT,48,,MM BINH PHU,MM DA NANG,AN RICE CRACKER SEAWEED 111.3G,15,0.6,2.0,11.108075,PRICED_E1_shortage_ratio_AN RICE CRACKER SEAWEED 111.3G_T48_2,1.0
CG_LT,49,,MM HIEP PHU,MM AN PHU,AN RICE CRACKER SEAWEED 111.3G,231,0.6,2.0,140.705654,PRICED_E1_shortage_ratio_AN RICE CRACKER SEAWEED 111.3G_T49_1,1.0
CG_LT,49,,MM BIEN HOA,MM AN PHU,AN RICE CRACKER SEAWEED 111.3G,0,0.6,0.131991,0.181065,PRICED_E1_shortage_ratio_AN RICE CRACKER SEAWEED 111.3G_T49_2,0.065995
CG_LT,49,,MM BINH PHU,MM AN PHU,AN RICE CRACKER SEAWEED 111.3G,15,0.6,0.131991,9.236863,PRICED_E1_shortage_ratio_AN RICE CRACKER SEAWEED 111.3G_T49_2,0.065995
CG_LT,50,,MM BINH PHU,MM DA NANG,AN RICE CRACKER SEAWEED 111.3G,56,0.6,2.0,35.889384,PRICED_E1_shortage_ratio_AN RICE CRACKER SEAWEED 111.3G_T50_1,1.0
CG_LT,50,,MM HIEP PHU,MM AN PHU,AN RICE CRACKER SEAWEED 111.3G,245,0.6,2.0,148.855895,PRICED_E1_shortage_ratio_AN RICE CRACKER SEAWEED 111.3G_T50_1,1.0
CG_LT,50,,MM HIEP PHU,MM AN PHU,AN RICE CRACKER SEAWEED 111.3G,12,0.6,0.101848,7.580353,PRICED_E1_shortage_ratio_AN RICE CRACKER SEAWEED 111.3G_T50_4,0.050924
CG_LT,50,,MM HIEP PHU,MM DA NANG,AN RICE CRACKER SEAWEED 111.3G,3,0.6,0.101848,1.827635,PRICED_E1_shortage_ratio_AN RICE CRACKER SEAWEED 111.3G_T50_4,0.050924
CG_LT,51,,MM BINH PHU,MM DA NANG,AN RICE CRACKER SEAWEED 111.3G,11,0.6,0.277732,6.681032,PRICED_E1_shortage_ratio_AN RICE CRACKER SEAWEED 111.3G_T51_1,0.138866
CG_LT,51,,MM HIEP PHU,MM AN PHU,AN RICE CRACKER SEAWEED 111.3G,42,0.6,0.277732,25.407917,PRICED_E1_shortage_ratio_AN RICE CRACKER SEAWEED 111.3G_T51_1,0.138866
CG_LT,51,,MM HIEP PHU,MM AN PHU,AN RICE CRACKER SEAWEED 111.3G,302,0.6,2.0,182.967414,PRICED_E1_shortage_ratio_AN RICE CRACKER SEAWEED 111.3G_T51_5,1.0
CG_LT,51,,MM HIEP PHU,MM DA NANG,AN RICE CRACKER SEAWEED 111.3G,77,0.6,2.0,48.111429,PRICED_E1_shortage_ratio_AN RICE CRACKER SEAWEED 111.3G_T51_5,1.0
CG_LT,53,,MM BINH PHU,MM AN PHU,AN RICE CRACKER SEAWEED 111.3G,53,0.6,2.0,33.92605,PRICED_E1_shortage_ratio_AN RICE CRACKER SEAWEED 111.3G_T53_1,1.0
CG_LT,53,,MM BINH PHU,MM DA NANG,AN RICE CRACKER SEAWEED 111.3G,31,0.6,2.0,20.693828,PRICED_E1_shortage_ratio_AN RICE CRACKER SEAWEED 111.3G_T53_1,1.0
CG_LT,53,,MM BINH PHU,MM DA NANG,AN RICE CRACKER SEAWEED 111.3G,19,0.6,1.20266,12.443824,PRICED_E1_shortage_ratio_AN RICE CRACKER SEAWEED 111.3G_T53_2,0.60133
CG_LT,53,,MM HIEP PHU,MM AN PHU,AN RICE CRACKER SEAWEED 111.3G,32,0.6,1.20266,20.400758,PRICED_E1_shortage_ratio_AN RICE CRACKER SEAWEED 111.3G_T53_2,0.60133
CG_LT,54,,MM BINH PHU,MM BIEN HOA,AN RICE CRACKER SEAWEED 111.3G,3,0.6,0.223378,1.959829,PRICED_E1_shortage_ratio_AN RICE CRACKER SEAWEED 111.3G_T54_1,0.111689
CG_LT,54,,MM BINH PHU,MM DA NANG,AN RICE CRACKER SEAWEED 111.3G,4,0.6,0.223378,2.827424,PRICED_E1_shortage_ratio_AN RICE CRACKER SEAWEED 111.3G_T54_1,0.111689
CG_LT,54,,MM BINH PHU,MM DA NANG,AN RICE CRACKER SEAWEED 111.3G,39,0.6,2.0,25.315152,PRICED_E1_shortage_ratio_AN RICE CRACKER SEAWEED 111.3G_T54_5,1.0
CG_LT,54,,MM HIEP PHU,MM BIEN HOA,AN RICE CRACKER SEAWEED 111.3G,26,0.6,2.0,17.5472,PRICED_E1_shortage_ratio_AN RICE CRACKER SEAWEED 111.3G_T54_5,1.0
CG_LT,55,,MM BINH PHU,MM BIEN HOA,AN RICE CRACKER SEAWEED 111.3G,7,0.6,0.313059,4.681862,PRICED_E1_shortage_ratio_AN RICE CRACKER SEAWEED 111.3G_T55_1,0.15653
CG_LT,55,,MM HIEP PHU,MM BIEN HOA,AN RICE CRACKER SEAWEED 111.3G,47,0.6,2.0,29.910381,PRICED_E1_shortage_ratio_AN RICE CRACKER SEAWEED 111.3G_T55_2,1.0
CG_LT,56,,MM BINH PHU,MM DA NANG,AN RICE CRACKER SEAWEED 111.3G,18,0.6,2.0,13.03479,PRICED_E1_shortage_ratio_AN RICE CRACKER SEAWEED 111.3G_T56_1,1.0
CG_LT,56,,MM HIEP PHU,MM DA NANG,AN RICE CRACKER SEAWEED 111.3G,18,0.6,2.0,13.03479,PRICED_E1_shortage_ratio_AN RICE CRACKER SEAWEED 111.3G_T56_2,1.0
CG_LT,56,,MM BIEN HOA,MM DA NANG,AN RICE CRACKER SEAWEED 111.3G,6,0.6,0.690388,4.356505,PRICED_E1_shortage_ratio_AN RICE CRACKER SEAWEED 111.3G_T56_3,0.345194
CG_LT,56,,MM BINH PHU,MM DA NANG,AN RICE CRACKER SEAWEED 111.3G,0,0.6,0.690388,0.833411,PRICED_E1_shortage_ratio_AN RICE CRACKER SEAWEED 111.3G_T56_3,0.345194
CG_LT,57,,MM BINH PHU,MM AN PHU,AN RICE CRACKER SEAWEED 111.3G,41,0.6,2.0,26.509285,PRICED_E1_shortage_ratio_AN RICE CRACKER SEAWEED 111.3G_T57_1,1.0
CG_LT,57,,MM BINH PHU,MM DA NANG,AN RICE CRACKER SEAWEED 111.3G,17,0.6,2.0,12.002902,PRICED_E1_shortage_ratio_AN RICE CRACKER SEAWEED 111.3G_T57_1,1.0
CG_LT,57,,MM BINH PHU,MM DA NANG,AN RICE CRACKER SEAWEED 111.3G,15,0.6,1.77705,10.664879,PRICED_E1_shortage_ratio_AN RICE CRACKER SEAWEED 111.3G_T57_2,0.888525
CG_LT,57,,MM HIEP PHU,MM AN PHU,AN RICE CRACKER SEAWEED 111.3G,36,0.6,1.77705,23.554165,PRICED_E1_shortage_ratio_AN RICE CRACKER SEAWEED 111.3G_T57_2,0.888525
CG_LT,58,,MM BINH PHU,MM DA NANG,AN RICE CRACKER SEAWEED 111.3G,4,0.6,2.0,4.126134,PRICED_E1_shortage_ratio_AN RICE CRACKER SEAWEED 111.3G_T58_2,1.0
CG_LT,58,,MM HIEP PHU,MM AN PHU,AN RICE CRACKER SEAWEED 111.3G,146,0.6,2.0,89.816112,PRICED_E1_shortage_ratio_AN RICE CRACKER SEAWEED 111.3G_T58_2,1.0
CG_LT,59,,MM BINH PHU,MM DA NANG,AN RICE CRACKER SEAWEED 111.3G,16,0.6,2.0,11.882818,PRICED_E1_shortage_ratio_AN RICE CRACKER SEAWEED 111.3G_T59_2,1.0
CG_LT,59,,MM HIEP PHU,MM AN PHU,AN RICE CRACKER SEAWEED 111.3G,106,0.6,2.0,65.646729,PRICED_E1_shortage_ratio_AN RICE CRACKER SEAWEED 111.3G_T59_2,1.0
CG_LT,5,,MM BIEN HOA,MM AN PHU,AN RICE CRACKER SEAWEED 111.3G,65,0.6,2.0,40.900335,PRICED_E1_shortage_ratio_AN RICE CRACKER SEAWEED 111.3G_T5_1,1.0
CG_LT,5,,MM DA NANG,MM AN PHU,AN RICE CRACKER SEAWEED 111.3G,48,0.6,1.466335,29.9868,PRICED_E1_shortage_ratio_AN RICE CRACKER SEAWEED 111.3G_T5_2,0.733168
CG_LT,60,,MM BINH PHU,MM DA NANG,AN RICE CRACKER SEAWEED 111.3G,10,0.6,2.0,7.703211,PRICED_E1_shortage_ratio_AN RICE CRACKER SEAWEED 111.3G_T60_2,1.0
CG_LT,60,,MM HIEP PHU,MM AN PHU,AN RICE CRACKER SEAWEED 111.3G,52,0.6,2.0,33.211055,PRICED_E1_shortage_ratio_AN RICE CRACKER SEAWEED 111.3G_T60_2,1.0
CG_LT,61,,MM BINH PHU,MM AN PHU,AN RICE CRACKER SEAWEED 111.3G,22,0.6,0.833315,14.17857,PRICED_E1_shortage_ratio_AN RICE CRACKER SEAWEED 111.3G_T61_1,0.416657
CG_LT,61,,MM HIEP PHU,MM AN PHU,AN RICE CRACKER SEAWEED 111.3G,53,0.6,2.0,34.029322,PRICED_E1_shortage_ratio_AN RICE CRACKER SEAWEED 111.3G_T61_2,1.0
CG_LT,62,,MM BINH PHU,MM AN PHU,AN RICE CRACKER SEAWEED 111.3G,20,0.6,0.622737,12.43473,PRICED_E1_shortage_ratio_AN RICE CRACKER SEAWEED 111.3G_T62_2,0.311369
CG_LT,62,,MM HIEP PHU,MM DA NANG,AN RICE CRACKER SEAWEED 111.3G,41,0.6,0.622737,25.238024,PRICED_E1_shortage_ratio_AN RICE CRACKER SEAWEED 111.3G_T62_2,0.311369
CG_LT,63,,MM BINH PHU,MM AN PHU,AN RICE CRACKER SEAWEED 111.3G,4,0.6,0.111909,2.24806,PRICED_E1_shortage_ratio_AN RICE CRACKER SEAWEED 111.3G_T63_2,0.055954
CG_LT,63,,MM HIEP PHU,MM DA NANG,AN RICE CRACKER SEAWEED 111.3G,8,0.6,0.111909,4.623105,PRICED_E1_shortage_ratio_AN RICE CRACKER SEAWEED 111.3G_T63_2,0.055954
CG_LT,63,,MM BINH PHU,MM DA NANG,AN RICE CRACKER SEAWEED 111.3G,134,0.6,2.0,82.622578,PRICED_E1_shortage_ratio_AN RICE CRACKER SEAWEED 111.3G_T63_4,1.0
CG_LT,63,,MM HIEP PHU,MM AN PHU,AN RICE CRACKER SEAWEED 111.3G,64,0.6,2.0,40.176581,PRICED_E1_shortage_ratio_AN RICE CRACKER SEAWEED 111.3G_T63_4,1.0
CG_LT,64,,MM BINH PHU,MM AN PHU,AN RICE CRACKER SEAWEED 111.3G,25,0.6,0.73918,16.030221,PRICED_E1_shortage_ratio_AN RICE CRACKER SEAWEED 111.3G_T64_1,0.36959
CG_LT,64,,MM HIEP PHU,MM AN PHU,AN RICE CRACKER SEAWEED 111.3G,69,0.6,2.0,43.37296,PRICED_E1_shortage_ratio_AN RICE CRACKER SEAWEED 111.3G_T64_2,1.0
CG_LT,65,,MM BINH PHU,MM AN PHU,AN RICE CRACKER SEAWEED 111.3G,89,0.6,2.0,55.160618,PRICED_E1_shortage_ratio_AN RICE CRACKER SEAWEED 111.3G_T65_1,1.0
CG_LT,65,,MM HIEP PHU,MM AN PHU,AN RICE CRACKER SEAWEED 111.3G,35,0.6,0.787327,21.714709,PRICED_E1_shortage_ratio_AN RICE CRACKER SEAWEED 111.3G_T65_2,0.393663
CG_LT,66,,MM BINH PHU,MM AN PHU,AN RICE CRACKER SEAWEED 111.3G,39,0.6,1.014765,24.236182,PRICED_E1_shortage_ratio_AN RICE CRACKER SEAWEED 111.3G_T66_1,0.507383
CG_LT,66,,MM HIEP PHU,MM AN PHU,AN RICE CRACKER SEAWEED 111.3G,76,0.6,2.0,47.767063,PRICED_E1_shortage_ratio_AN RICE CRACKER SEAWEED 111.3G_T66_2,1.0
CG_LT,67,,MM BINH PHU,MM AN PHU,AN RICE CRACKER SEAWEED 111.3G,33,0.6,2.0,21.661666,PRICED_E1_shortage_ratio_AN RICE CRACKER SEAWEED 111.3G_T67_1,1.0
CG_LT,67,,MM HIEP PHU,MM AN PHU,AN RICE CRACKER SEAWEED 111.3G,24,0.6,1.463215,15.84784,PRICED_E1_shortage_ratio_AN RICE CRACKER SEAWEED 111.3G_T67_2,0.731608
CG_LT,68,,MM BINH PHU,MM AN PHU,AN RICE CRACKER SEAWEED 111.3G,60,0.6,2.0,37.917431,PRICED_E1_shortage_ratio_AN RICE CRACKER SEAWEED 111.3G_T68_1,1.0
CG_LT,68,,MM HIEP PHU,MM AN PHU,AN RICE CRACKER SEAWEED 111.3G,16,0.6,0.536321,10.167957,PRICED_E1_shortage_ratio_AN RICE CRACKER SEAWEED 111.3G_T68_2,0.26816
CG_LT,69,,MM BINH PHU,MM AN PHU,AN RICE CRACKER SEAWEED 111.3G,9,0.6,0.199533,5.681584,PRICED_E1_shortage_ratio_AN RICE CRACKER SEAWEED 111.3G_T69_1,0.099767
CG_LT,69,,MM HIEP PHU,MM AN PHU,AN RICE CRACKER SEAWEED 111.3G,92,0.6,2.0,56.948793,PRICED_E1_shortage_ratio_AN RICE CRACKER SEAWEED 111.3G_T69_2,1.0
CG_LT,6,,MM BINH PHU,MM AN PHU,AN RICE CRACKER SEAWEED 111.3G,141,0.6,2.0,86.638029,PRICED_E1_shortage_ratio_AN RICE CRACKER SEAWEED 111.3G_T6_1,1.0
CG_LT,6,,MM BIEN HOA,MM AN PHU,AN RICE CRACKER SEAWEED 111.3G,8,0.6,0.397447,4.90549,PRICED_E1_shortage_ratio_AN RICE CRACKER SEAWEED 111.3G_T6_3,0.198724
CG_LT,6,,MM BINH PHU,MM AN PHU,AN RICE CRACKER SEAWEED 111.3G,21,0.6,0.397447,12.708976,PRICED_E1_shortage_ratio_AN RICE CRACKER SEAWEED 111.3G_T6_3,0.198724
CG_LT,70,,MM BINH PHU,MM AN PHU,AN RICE CRACKER SEAWEED 111.3G,225,0.6,2.0,137.281367,PRICED_E1_shortage_ratio_AN RICE CRACKER SEAWEED 111.3G_T70_1,1.0
CG_LT,70,,MM BINH PHU,MM DA NANG,AN RICE CRACKER SEAWEED 111.3G,63,0.6,2.0,40.025956,PRICED_E1_shortage_ratio_AN RICE CRACKER SEAWEED 111.3G_T70_1,1.0
CG_LT,70,,MM BINH PHU,MM AN PHU,AN RICE CRACKER SEAWEED 111.3G,14,0.6,0.12289,8.435239,PRICED_E1_shortage_ratio_AN RICE CRACKER SEAWEED 111.3G_T70_4,0.061445
CG_LT,70,,MM HIEP PHU,MM DA NANG,AN RICE CRACKER SEAWEED 111.3G,4,0.6,0.12289,2.459391,PRICED_E1_shortage_ratio_AN RICE CRACKER SEAWEED 111.3G_T70_4,0.061445
CG_LT,71,,MM BINH PHU,MM DA NANG,AN RICE CRACKER SEAWEED 111.3G,12,0.6,0.305021,7.55957,PRICED_E1_shortage_ratio_AN RICE CRACKER SEAWEED 111.3G_T71_2,0.152511
CG_LT,71,,MM HIEP PHU,MM AN PHU,AN RICE CRACKER SEAWEED 111.3G,33,0.6,0.305021,20.399129,PRICED_E1_shortage_ratio_AN RICE CRACKER SEAWEED 111.3G_T71_2,0.152511
CG_LT,71,,MM BINH PHU,MM AN PHU,AN RICE CRACKER SEAWEED 111.3G,220,0.6,2.0,133.755521,PRICED_E1_shortage_ratio_AN RICE CRACKER SEAWEED 111.3G_T71_5,1.0
CG_LT,71,,MM HIEP PHU,MM DA NANG,AN RICE CRACKER SEAWEED 111.3G,79,0.6,2.0,49.567521,PRICED_E1_shortage_ratio_AN RICE CRACKER SEAWEED 111.3G_T71_5,1.0
CG_LT,72,,MM BINH PHU,MM AN PHU,AN RICE CRACKER SEAWEED 111.3G,28,0.6,0.485606,17.490558,PRICED_E1_shortage_ratio_AN RICE CRACKER SEAWEED 111.3G_T72_1,0.242803
CG_LT,72,,MM BINH PHU,MM DA NANG,AN RICE CRACKER SEAWEED 111.3G,8,0.6,0.485606,5.57403,PRICED_E1_shortage_ratio_AN RICE CRACKER SEAWEED 111.3G_T72_1,0.242803
CG_LT,72,,MM BINH PHU,MM AN PHU,AN RICE CRACKER SEAWEED 111.3G,117,0.6,2.0,72.036065,PRICED_E1_shortage_ratio_AN RICE CRACKER SEAWEED 111.3G_T72_4,1.0
CG_LT,72,,MM HIEP PHU,MM DA NANG,AN RICE CRACKER SEAWEED 111.3G,35,0.6,2.0,22.957024,PRICED_E1_shortage_ratio_AN RICE CRACKER SEAWEED 111.3G_T72_4,1.0
CG_LT,73,,MM BINH PHU,MM AN PHU,AN RICE CRACKER SEAWEED 111.3G,16,0.6,0.318377,9.872407,PRICED_E1_shortage_ratio_AN RICE CRACKER SEAWEED 111.3G_T73_1,0.159188
CG_LT,73,,MM BINH PHU,MM DA NANG,AN RICE CRACKER SEAWEED 111.3G,6,0.6,0.318377,3.991716,PRICED_E1_shortage_ratio_AN RICE CRACKER SEAWEED 111.3G_T73_1,0.159188
CG_LT,73,,MM BINH PHU,MM DA NANG,AN RICE CRACKER SEAWEED 111.3G,38,0.6,2.0,25.075439,PRICED_E1_shortage_ratio_AN RICE CRACKER SEAWEED 111.3G_T73_2,1.0
CG_LT,73,,MM HIEP PHU,MM AN PHU,AN RICE CRACKER SEAWEED 111.3G,100,0.6,2.0,62.017169,PRICED_E1_shortage_ratio_AN RICE CRACKER SEAWEED 111.3G_T73_2,1.0
CG_LT,74,,MM BINH PHU,MM AN PHU,AN RICE CRACKER SEAWEED 111.3G,8,0.6,0.268064,5.236973,PRICED_E1_shortage_ratio_AN RICE CRACKER SEAWEED 111.3G_T74_1,0.134032
CG_LT,74,,MM HIEP PHU,MM AN PHU,AN RICE CRACKER SEAWEED 111.3G,62,0.6,2.0,39.072616,PRICED_E1_shortage_ratio_AN RICE CRACKER SEAWEED 111.3G_T74_2,1.0
CG_LT,77,,MM AN PHU,MM DA NANG,AN RICE CRACKER SEAWEED 111.3G,22,0.6,2.0,14.979821,PRICED_E1_shortage_ratio_AN RICE CRACKER SEAWEED 111.3G_T77_1,1.0
CG_LT,77,,MM BINH PHU,MM DA NANG,AN RICE CRACKER SEAWEED 111.3G,22,0.6,2.0,14.979821,PRICED_E1_shortage_ratio_AN RICE CRACKER SEAWEED 111.3G_T77_2,1.0
CG_LT,77,,MM HIEP PHU,MM DA NANG,AN RICE CRACKER SEAWEED 111.3G,22,0.6,2.0,14.979821,PRICED_E1_shortage_ratio_AN RICE CRACKER SEAWEED 111.3G_T77_3,1.0
CG_LT,78,,MM AN PHU,MM DA NANG,AN RICE CRACKER SEAWEED 111.3G,43,0.6,1.437103,27.42309,PRICED_E1_shortage_ratio_AN RICE CRACKER SEAWEED 111.3G_T78_1,0.718551
CG_LT,78,,MM BINH PHU,MM DA NANG,AN RICE CRACKER SEAWEED 111.3G,60,0.6,2.0,38.164413,PRICED_E1_shortage_ratio_AN RICE CRACKER SEAWEED 111.3G_T78_2,1.0
CG_LT,79,,MM AN PHU,MM DA NANG,AN RICE CRACKER SEAWEED 111.3G,36,0.6,0.958301,22.816063,PRICED_E1_shortage_ratio_AN RICE CRACKER SEAWEED 111.3G_T79_1,0.47915
CG_LT,79,,MM BINH PHU,MM DA NANG,AN RICE CRACKER SEAWEED 111.3G,76,0.6,2.0,47.617758,PRICED_E1_shortage_ratio_AN RICE CRACKER SEAWEED 111.3G_T79_2,1.0
CG_LT,7,,MM BIEN HOA,MM AN PHU,AN RICE CRACKER SEAWEED 111.3G,11,0.6,1.87282,8.319368,PRICED_E1_shortage_ratio_AN RICE CRACKER SEAWEED 111.3G_T7_2,0.93641
CG_LT,7,,MM BINH PHU,MM AN PHU,AN RICE CRACKER SEAWEED 111.3G,83,0.6,1.87282,51.46358,PRICED_E1_shortage_ratio_AN RICE CRACKER SEAWEED 111.3G_T7_2,0.93641
CG_LT,7,,MM BINH PHU,MM HIEP PHU,AN RICE CRACKER SEAWEED 111.3G,50,0.6,1.87282,31.902329,PRICED_E1_shortage_ratio_AN RICE CRACKER SEAWEED 111.3G_T7_2,0.93641
CG_LT,7,,MM DA NANG,MM AN PHU,AN RICE CRACKER SEAWEED 111.3G,12,0.6,1.87282,8.916122,PRICED_E1_shortage_ratio_AN RICE CRACKER SEAWEED 111.3G_T7_2,0.93641
CG_LT,80,,MM AN PHU,MM DA NANG,AN RICE CRACKER SEAWEED 111.3G,18,0.6,2.0,13.071457,PRICED_E1_shortage_ratio_AN RICE CRACKER SEAWEED 111.3G_T80_1,1.0
CG_LT,80,,MM BINH PHU,MM DA NANG,AN RICE CRACKER SEAWEED 111.3G,18,0.6,2.0,13.071457,PRICED_E1_shortage_ratio_AN RICE CRACKER SEAWEED 111.3G_T80_2,1.0
CG_LT,80,,MM HIEP PHU,MM DA NANG,AN RICE CRACKER SEAWEED 111.3G,18,0.6,2.0,13.071457,PRICED_E1_shortage_ratio_AN RICE CRACKER SEAWEED 111.3G_T80_3,1.0
CG_LT,83,,MM BINH PHU,MM AN PHU,AN RICE CRACKER SEAWEED 111.3G,50,0.6,2.0,31.898902,PRICED_E1_shortage_ratio_AN RICE CRACKER SEAWEED 111.3G_T83_1,1.0
CG_LT,83,,MM BINH PHU,MM DA NANG,AN RICE CRACKER SEAWEED 111.3G,42,0.6,2.0,27.438157,PRICED_E1_shortage_ratio_AN RICE CRACKER SEAWEED 111.3G_T83_1,1.0
CG_LT,83,,MM BINH PHU,MM AN PHU,AN RICE CRACKER SEAWEED 111.3G,5,0.6,0.219126,3.494944,PRICED_E1_shortage_ratio_AN RICE CRACKER SEAWEED 111.3G_T83_4,0.109563
CG_LT,83,,MM HIEP PHU,MM DA NANG,AN RICE CRACKER SEAWEED 111.3G,5,0.6,0.219126,3.006211,PRICED_E1_shortage_ratio_AN RICE CRACKER SEAWEED 111.3G_T83_4,0.109563
CG_LT,84,,MM BINH PHU,MM AN PHU,AN RICE CRACKER SEAWEED 111.3G,17,0.6,0.872666,11.242644,PRICED_E1_shortage_ratio_AN RICE CRACKER SEAWEED 111.3G_T84_1,0.436333
CG_LT,84,,MM DA NANG,MM AN PHU,AN RICE CRACKER SEAWEED 111.3G,40,0.6,2.0,25.766211,PRICED_E1_shortage_ratio_AN RICE CRACKER SEAWEED 111.3G_T84_2,1.0
CG_LT,84,,MM HIEP PHU,MM AN PHU,AN RICE CRACKER SEAWEED 111.3G,40,0.6,2.0,25.766211,PRICED_E1_shortage_ratio_AN RICE CRACKER SEAWEED 111.3G_T84_3,1.0
CG_LT,85,,MM BINH PHU,MM AN PHU,AN RICE CRACKER SEAWEED 111.3G,79,0.6,2.0,49.405763,PRICED_E1_shortage_ratio_AN RICE CRACKER SEAWEED 111.3G_T85_1,1.0
CG_LT,85,,MM HIEP PHU,MM AN PHU,AN RICE CRACKER SEAWEED 111.3G,34,0.6,0.853931,21.094568,PRICED_E1_shortage_ratio_AN RICE CRACKER SEAWEED 111.3G_T85_2,0.426966
CG_LT,86,,MM BINH PHU,MM AN PHU,AN RICE CRACKER SEAWEED 111.3G,92,0.6,2.0,57.319857,PRICED_E1_shortage_ratio_AN RICE CRACKER SEAWEED 111.3G_T86_1,1.0
CG_LT,86,,MM HIEP PHU,MM AN PHU,AN RICE CRACKER SEAWEED 111.3G,65,0.6,1.405683,40.286786,PRICED_E1_shortage_ratio_AN RICE CRACKER SEAWEED 111.3G_T86_2,0.702842
CG_LT,87,,MM BINH PHU,MM AN PHU,AN RICE CRACKER SEAWEED 111.3G,190,0.6,2.0,115.792396,PRICED_E1_shortage_ratio_AN RICE CRACKER SEAWEED 111.3G_T87_1,1.0
CG_LT,87,,MM HIEP PHU,MM AN PHU,AN RICE CRACKER SEAWEED 111.3G,62,0.6,0.650233,37.645996,PRICED_E1_shortage_ratio_AN RICE CRACKER SEAWEED 111.3G_T87_2,0.325116
CG_LT,88,,MM BINH PHU,MM AN PHU,AN RICE CRACKER SEAWEED 111.3G,207,0.6,2.0,125.969432,PRICED_E1_shortage_ratio_AN RICE CRACKER SEAWEED 111.3G_T88_1,1.0
CG_LT,88,,MM HIEP PHU,MM AN PHU,AN RICE CRACKER SEAWEED 111.3G,9,0.6,0.09138,5.755548,PRICED_E1_shortage_ratio_AN RICE CRACKER SEAWEED 111.3G_T88_2,0.04569
CG_LT,89,,MM BINH PHU,MM AN PHU,AN RICE CRACKER SEAWEED 111.3G,3,0.6,0.120485,1.751273,PRICED_E1_shortage_ratio_AN RICE CRACKER SEAWEED 111.3G_T89_1,0.060242
CG_LT,89,,MM BINH PHU,MM DA NANG,AN RICE CRACKER SEAWEED 111.3G,11,0.6,0.120485,6.962022,PRICED_E1_shortage_ratio_AN RICE CRACKER SEAWEED 111.3G_T89_1,0.060242
CG_LT,89,,MM BINH PHU,MM AN PHU,AN RICE CRACKER SEAWEED 111.3G,45,0.6,2.0,29.070431,PRICED_E1_shortage_ratio_AN RICE CRACKER SEAWEED 111.3G_T89_4,1.0
CG_LT,89,,MM HIEP PHU,MM DA NANG,AN RICE CRACKER SEAWEED 111.3G,189,0.6,2.0,115.566769,PRICED_E1_shortage_ratio_AN RICE CRACKER SEAWEED 111.3G_T89_4,1.0
CG_LT,8,,MM BIEN HOA,MM AN PHU,AN RICE CRACKER SEAWEED 111.3G,3,0.6,2.0,3.908677,PRICED_E1_shortage_ratio_AN RICE CRACKER SEAWEED 111.3G_T8_1,1.0
CG_LT,8,,MM BINH PHU,MM AN PHU,AN RICE CRACKER SEAWEED 111.3G,127,0.6,2.0,78.485383,PRICED_E1_shortage_ratio_AN RICE CRACKER SEAWEED 111.3G_T8_1,1.0
CG_LT,8,,MM BIEN HOA,MM AN PHU,AN RICE CRACKER SEAWEED 111.3G,0,0.6,0.14471,0.282812,PRICED_E1_shortage_ratio_AN RICE CRACKER SEAWEED 111.3G_T8_2,0.072355
CG_LT,8,,MM BINH PHU,MM DA NANG,AN RICE CRACKER SEAWEED 111.3G,4,0.6,0.14471,2.584754,PRICED_E1_shortage_ratio_AN RICE CRACKER SEAWEED 111.3G_T8_2,0.072355
CG_LT,8,,MM BINH PHU,MM HIEP PHU,AN RICE CRACKER SEAWEED 111.3G,5,0.6,0.14471,3.238765,PRICED_E1_shortage_ratio_AN RICE CRACKER SEAWEED 111.3G_T8_2,0.072355
CG_LT,90,,MM BINH PHU,MM AN PHU,AN RICE CRACKER SEAWEED 111.3G,57,0.6,2.0,36.49374,PRICED_E1_shortage_ratio_AN RICE CRACKER SEAWEED 111.3G_T90_1,1.0
CG_LT,90,,MM HIEP PHU,MM DA NANG,AN RICE CRACKER SEAWEED 111.3G,438,0.6,2.0,264.995964,PRICED_E1_shortage_ratio_AN RICE CRACKER SEAWEED 111.3G_T90_1,1.0
CG_LT,90,,MM HIEP PHU,MM AN PHU,AN RICE CRACKER SEAWEED 111.3G,1,0.6,0.030045,0.548227,PRICED_E1_shortage_ratio_AN RICE CRACKER SEAWEED 111.3G_T90_4,0.015022
CG_LT,90,,MM HIEP PHU,MM DA NANG,AN RICE CRACKER SEAWEED 111.3G,7,0.6,0.030045,3.980899,PRICED_E1_shortage_ratio_AN RICE CRACKER SEAWEED 111.3G_T90_4,0.015022
CG_LT,91,,MM BINH PHU,MM AN PHU,AN RICE CRACKER SEAWEED 111.3G,17,0.6,0.436174,10.388196,PRICED_E1_shortage_ratio_AN RICE CRACKER SEAWEED 111.3G_T91_2,0.218087
CG_LT,91,,MM HIEP PHU,MM DA NANG,AN RICE CRACKER SEAWEED 111.3G,45,0.6,0.436174,27.602498,PRICED_E1_shortage_ratio_AN RICE CRACKER SEAWEED 111.3G_T91_2,0.218087
CG_LT,91,,MM BINH PHU,MM DA NANG,AN RICE CRACKER SEAWEED 111.3G,208,0.6,2.0,126.566476,PRICED_E1_shortage_ratio_AN RICE CRACKER SEAWEED 111.3G_T91_5,1.0
CG_LT,91,,MM HIEP PHU,MM AN PHU,AN RICE CRACKER SEAWEED 111.3G,76,0.6,2.0,47.633274,PRICED_E1_shortage_ratio_AN RICE CRACKER SEAWEED 111.3G_T91_5,1.0
CG_LT,92,,MM BINH PHU,MM AN PHU,AN RICE CRACKER SEAWEED 111.3G,20,0.6,0.318471,12.30739,PRICED_E1_shortage_ratio_AN RICE CRACKER SEAWEED 111.3G_T92_1,0.159236
CG_LT,92,,MM HIEP PHU,MM AN PHU,AN RICE CRACKER SEAWEED 111.3G,125,0.6,2.0,77.290441,PRICED_E1_shortage_ratio_AN RICE CRACKER SEAWEED 111.3G_T92_2,1.0
CG_LT,93,,MM BINH PHU,MM AN PHU,AN RICE CRACKER SEAWEED 111.3G,167,0.6,2.0,101.912388,PRICED_E1_shortage_ratio_AN RICE CRACKER SEAWEED 111.3G_T93_1,1.0
CG_LT,93,,MM BINH PHU,MM DA NANG,AN RICE CRACKER SEAWEED 111.3G,26,0.6,2.0,17.795266,PRICED_E1_shortage_ratio_AN RICE CRACKER SEAWEED 111.3G_T93_1,1.0
CG_LT,94,,MM BINH PHU,MM AN PHU,AN RICE CRACKER SEAWEED 111.3G,27,0.6,0.329544,16.479386,PRICED_E1_shortage_ratio_AN RICE CRACKER SEAWEED 111.3G_T94_1,0.164772
CG_LT,94,,MM BINH PHU,MM DA NANG,AN RICE CRACKER SEAWEED 111.3G,8,0.6,0.329544,5.337019,PRICED_E1_shortage_ratio_AN RICE CRACKER SEAWEED 111.3G_T94_1,0.164772
CG_LT,95,,MM BINH PHU,MM AN PHU,AN RICE CRACKER SEAWEED 111.3G,57,0.6,2.0,36.458848,PRICED_E1_shortage_ratio_AN RICE CRACKER SEAWEED 111.3G_T95_1,1.0
CG_LT,95,,MM BINH PHU,MM DA NANG,AN RICE CRACKER SEAWEED 111.3G,77,0.6,2.0,48.463425,PRICED_E1_shortage_ratio_AN RICE CRACKER SEAWEED 111.3G_T95_1,1.0
CG_LT,95,,MM BINH PHU,MM DA NANG,AN RICE CRACKER SEAWEED 111.3G,16,0.6,0.408527,9.899318,PRICED_E1_shortage_ratio_AN RICE CRACKER SEAWEED 111.3G_T95_4,0.204264
CG_LT,95,,MM HIEP PHU,MM AN PHU,AN RICE CRACKER SEAWEED 111.3G,12,0.6,0.408527,7.447219,PRICED_E1_shortage_ratio_AN RICE CRACKER SEAWEED 111.3G_T95_4,0.204264
CG_LT,96,,MM BIEN HOA,MM AN PHU,AN RICE CRACKER SEAWEED 111.3G,3,0.6,0.10782,2.173664,PRICED_E1_shortage_ratio_AN RICE CRACKER SEAWEED 111.3G_T96_2,0.05391
CG_LT,96,,MM HIEP PHU,MM DA NANG,AN RICE CRACKER SEAWEED 111.3G,13,0.6,0.10782,7.760512,PRICED_E1_shortage_ratio_AN RICE CRACKER SEAWEED 111.3G_T96_2,0.05391
CG_LT,97,,MM HIEP PHU,MM AN PHU,AN RICE CRACKER SEAWEED 111.3G,251,0.6,2.0,152.72981,PRICED_E1_shortage_ratio_AN RICE CRACKER SEAWEED 111.3G_T97_1,1.0
CG_LT,97,,MM HIEP PHU,MM DA NANG,AN RICE CRACKER SEAWEED 111.3G,222,0.6,2.0,134.996499,PRICED_E1_shortage_ratio_AN RICE CRACKER SEAWEED 111.3G_T97_1,1.0
CG_LT,97,,MM BIEN HOA,MM AN PHU,AN RICE CRACKER SEAWEED 111.3G,9,0.6,0.129452,5.515705,PRICED_E1_shortage_ratio_AN RICE CRACKER SEAWEED 111.3G_T97_5,0.064726
CG_LT,97,,MM HIEP PHU,MM AN PHU,AN RICE CRACKER SEAWEED 111.3G,7,0.6,0.129452,4.499301,PRICED_E1_shortage_ratio_AN RICE CRACKER SEAWEED 111.3G_T97_5,0.064726
CG_LT,97,,MM HIEP PHU,MM DA NANG,AN RICE CRACKER SEAWEED 111.3G,14,0.6,0.129452,8.737752,PRICED_E1_shortage_ratio_AN RICE CRACKER SEAWEED 111.3G_T97_5,0.064726
CG_LT,98,,MM BINH PHU,MM DA NANG,AN RICE CRACKER SEAWEED 111.3G,10,0.6,0.244373,6.186657,PRICED_E1_shortage_ratio_AN RICE CRACKER SEAWEED 111.3G_T98_1,0.122186
CG_LT,98,,MM HIEP PHU,MM AN PHU,AN RICE CRACKER SEAWEED 111.3G,32,0.6,0.244373,19.612713,PRICED_E1_shortage_ratio_AN RICE CRACKER SEAWEED 111.3G_T98_1,0.122186
CG_LT,99,,MM BINH PHU,MM DA NANG,AN RICE CRACKER SEAWEED 111.3G,18,0.6,0.4015,11.101168,PRICED_E1_shortage_ratio_AN RICE CRACKER SEAWEED 111.3G_T99_1,0.20075
CG_LT,99,,MM HIEP PHU,MM AN PHU,AN RICE CRACKER SEAWEED 111.3G,41,0.6,0.4015,25.12901,PRICED_E1_shortage_ratio_AN RICE CRACKER SEAWEED 111.3G_T99_1,0.20075
CG_LT,9,,MM BINH PHU,MM AN PHU,AN RICE CRACKER SEAWEED 111.3G,103,0.6,2.0,63.990308,PRICED_E1_shortage_ratio_AN RICE CRACKER SEAWEED 111.3G_T9_1,1.0
CG_LT,9,,MM BINH PHU,MM DA NANG,AN RICE CRACKER SEAWEED 111.3G,2,0.6,1.091838,2.135225,PRICED_E1_shortage_ratio_AN RICE CRACKER SEAWEED 111.3G_T9_2,0.545919
CG_LT,9,,MM BINH PHU,MM HIEP PHU,AN RICE CRACKER SEAWEED 111.3G,55,0.6,1.091838,33.890143,PRICED_E1_shortage_ratio_AN RICE CRACKER SEAWEED 111.3G_T9_2,0.545919
CG_LT,100,,MM BIEN HOA,MM DA NANG,OREO VANILLA 110.4/105G,49,0.6,2.0,31.523423,PRICED_E1_shortage_ratio_OREO VANILLA 110.4/105G_T100_2,1.0
CG_LT,100,,MM BINH PHU,MM AN PHU,OREO VANILLA 110.4/105G,218,0.6,2.0,132.686111,PRICED_E1_shortage_ratio_OREO VANILLA 110.4/105G_T100_2,1.0
CG_LT,100,,MM BIEN HOA,MM DA NANG,OREO VANILLA 110.4/105G,6,0.6,0.242449,3.821419,PRICED_E1_shortage_ratio_OREO VANILLA 110.4/105G_T100_3,0.121225
CG_LT,100,,MM HIEP PHU,MM AN PHU,OREO VANILLA 110.4/105G,26,0.6,0.242449,16.08484,PRICED_E1_shortage_ratio_OREO VANILLA 110.4/105G_T100_3,0.121225
CG_LT,101,,MM BIEN HOA,MM DA NANG,OREO VANILLA 110.4/105G,2,0.6,0.210089,1.355808,PRICED_E1_shortage_ratio_OREO VANILLA 110.4/105G_T101_2,0.105045
CG_LT,101,,MM BINH PHU,MM AN PHU,OREO VANILLA 110.4/105G,27,0.6,0.210089,16.475689,PRICED_E1_shortage_ratio_OREO VANILLA 110.4/105G_T101_2,0.105045
CG_LT,101,,MM BIEN HOA,MM DA NANG,OREO VANILLA 110.4/105G,18,0.6,2.0,12.906979,PRICED_E1_shortage_ratio_OREO VANILLA 110.4/105G_T101_3,1.0
CG_LT,101,,MM HIEP PHU,MM AN PHU,OREO VANILLA 110.4/105G,258,0.6,2.0,156.8448,PRICED_E1_shortage_ratio_OREO VANILLA 110.4/105G_T101_3,1.0
CG_LT,102,,MM BIEN HOA,MM DA NANG,OREO VANILLA 110.4/105G,41,0.6,2.0,26.8268,PRICED_E1_shortage_ratio_OREO VANILLA 110.4/105G_T102_2,1.0
CG_LT,102,,MM BINH PHU,MM AN PHU,OREO VANILLA 110.4/105G,193,0.6,2.0,117.547705,PRICED_E1_shortage_ratio_OREO VANILLA 110.4/105G_T102_2,1.0
CG_LT,102,,MM BIEN HOA,MM DA NANG,OREO VANILLA 110.4/105G,4,0.6,0.196856,2.640504,PRICED_E1_shortage_ratio_OREO VANILLA 110.4/105G_T102_3,0.098428
CG_LT,102,,MM HIEP PHU,MM AN PHU,OREO VANILLA 110.4/105G,19,0.6,0.196856,11.569965,PRICED_E1_shortage_ratio_OREO VANILLA 110.4/105G_T102_3,0.098428
CG_LT,103,,MM BIEN HOA,MM AN PHU,OREO VANILLA 110.4/105G,32,0.6,0.980508,20.132418,PRICED_E1_shortage_ratio_OREO VANILLA 110.4/105G_T103_1,0.490254
CG_LT,103,,MM BIEN HOA,MM DA NANG,OREO VANILLA 110.4/105G,25,0.6,0.980508,16.135855,PRICED_E1_shortage_ratio_OREO VANILLA 110.4/105G_T103_1,0.490254
CG_LT,103,,MM BIEN HOA,MM DA NANG,OREO VANILLA 110.4/105G,52,0.6,2.0,32.913261,PRICED_E1_shortage_ratio_OREO VANILLA 110.4/105G_T103_2,1.0
CG_LT,103,,MM BINH PHU,MM AN PHU,OREO VANILLA 110.4/105G,65,0.6,2.0,41.065288,PRICED_E1_shortage_ratio_OREO VANILLA 110.4/105G_T103_2,1.0
CG_LT,104,,MM BIEN HOA,MM DA NANG,OREO VANILLA 110.4/105G,0,0.6,0.040614,0.202071,PRICED_E1_shortage_ratio_OREO VANILLA 110.4/105G_T104_2,0.020307
CG_LT,104,,MM BINH PHU,MM AN PHU,OREO VANILLA 110.4/105G,6,0.6,0.040614,3.426272,PRICED_E1_shortage_ratio_OREO VANILLA 110.4/105G_T104_2,0.020307
CG_LT,104,,MM BIEN HOA,MM DA NANG,OREO VANILLA 110.4/105G,13,0.6,2.0,9.950919,PRICED_E1_shortage_ratio_OREO VANILLA 110.4/105G_T104_3,1.0
CG_LT,104,,MM HIEP PHU,MM AN PHU,OREO VANILLA 110.4/105G,278,0.6,2.0,168.725568,PRICED_E1_shortage_ratio_OREO VANILLA 110.4/105G_T104_3,1.0
CG_LT,105,,MM BIEN HOA,MM AN PHU,OREO VANILLA 110.4/105G,342,0.6,2.0,207.461418,PRICED_E1_shortage_ratio_OREO VANILLA 110.4/105G_T105_1,1.0
CG_LT,105,,MM BINH PHU,MM AN PHU,OREO VANILLA 110.4/105G,13,0.6,0.077649,8.054613,PRICED_E1_shortage_ratio_OREO VANILLA 110.4/105G_T105_2,0.038825
CG_LT,106,,MM BIEN HOA,MM AN PHU,OREO VANILLA 110.4/105G,39,0.6,0.373614,23.611608,PRICED_E1_shortage_ratio_OREO VANILLA 110.4/105G_T106_1,0.186807
CG_LT,106,,MM BINH PHU,MM AN PHU,OREO VANILLA 110.4/105G,207,0.6,2.0,126.395607,PRICED_E1_shortage_ratio_OREO VANILLA 110.4/105G_T106_2,1.0
CG_LT,107,,MM BINH PHU,MM AN PHU,OREO VANILLA 110.4/105G,55,0.6,0.841626,33.643409,PRICED_E1_shortage_ratio_OREO VANILLA 110.4/105G_T107_2,0.420813
CG_LT,107,,MM HIEP PHU,MM AN PHU,OREO VANILLA 110.4/105G,130,0.6,2.0,79.948617,PRICED_E1_shortage_ratio_OREO VANILLA 110.4/105G_T107_3,1.0
CG_LT,108,,MM BIEN HOA,MM AN PHU,OREO VANILLA 110.4/105G,234,0.6,2.0,142.456164,PRICED_E1_shortage_ratio_OREO VANILLA 110.4/105G_T108_1,1.0
CG_LT,108,,MM HIEP PHU,MM AN PHU,OREO VANILLA 110.4/105G,72,0.6,0.616253,43.894489,PRICED_E1_shortage_ratio_OREO VANILLA 110.4/105G_T108_3,0.308126
CG_LT,109,,MM BIEN HOA,MM AN PHU,OREO VANILLA 110.4/105G,249,0.6,2.0,151.336693,PRICED_E1_shortage_ratio_OREO VANILLA 110.4/105G_T109_1,1.0
CG_LT,109,,MM HIEP PHU,MM AN PHU,OREO VANILLA 110.4/105G,80,0.6,0.639705,48.405412,PRICED_E1_shortage_ratio_OREO VANILLA 110.4/105G_T109_3,0.319852
CG_LT,10,,MM BINH PHU,MM AN PHU,OREO VANILLA 110.4/105G,104,0.6,2.0,64.5776,PRICED_E1_shortage_ratio_OREO VANILLA 110.4/105G_T10_1,1.0
CG_LT,10,,MM HIEP PHU,MM AN PHU,OREO VANILLA 110.4/105G,25,0.6,2.0,17.217186,PRICED_E1_shortage_ratio_OREO VANILLA 110.4/105G_T10_1,1.0
CG_LT,110,,MM BIEN HOA,MM AN PHU,OREO VANILLA 110.4/105G,67,0.6,2.0,42.056592,PRICED_E1_shortage_ratio_OREO VANILLA 110.4/105G_T110_1,1.0
CG_LT,110,,MM BINH PHU,MM AN PHU,OREO VANILLA 110.4/105G,21,0.6,0.633125,13.313541,PRICED_E1_shortage_ratio_OREO VANILLA 110.4/105G_T110_2,0.316563
CG_LT,110,,MM HIEP PHU,MM AN PHU,OREO VANILLA 110.4/105G,67,0.6,2.0,42.056592,PRICED_E1_shortage_ratio_OREO VANILLA 110.4/105G_T110_3,1.0
CG_LT,113,,MM BIEN HOA,MM AN PHU,OREO VANILLA 110.4/105G,29,0.6,2.0,19.379216,PRICED_E1_shortage_ratio_OREO VANILLA 110.4/105G_T113_1,1.0
CG_LT,113,,MM BINH PHU,MM AN PHU,OREO VANILLA 110.4/105G,29,0.6,2.0,19.379216,PRICED_E1_shortage_ratio_OREO VANILLA 110.4/105G_T113_2,1.0
CG_LT,113,,MM DA NANG,MM AN PHU,OREO VANILLA 110.4/105G,29,0.6,2.0,19.379216,PRICED_E1_shortage_ratio_OREO VANILLA 110.4/105G_T113_3,1.0
CG_LT,115,,MM BINH PHU,MM AN PHU,OREO VANILLA 110.4/105G,44,0.6,2.0,28.552578,PRICED_E1_shortage_ratio_OREO VANILLA 110.4/105G_T115_2,1.0
CG_LT,115,,MM DA NANG,MM AN PHU,OREO VANILLA 110.4/105G,40,0.6,1.798049,25.669471,PRICED_E1_shortage_ratio_OREO VANILLA 110.4/105G_T115_3,0.899025
CG_LT,116,,MM BIEN HOA,MM AN PHU,OREO VANILLA 110.4/105G,0,0.6,0.016114,0.059496,PRICED_E1_shortage_ratio_OREO VANILLA 110.4/105G_T116_1,0.008057
CG_LT,116,,MM BINH PHU,MM AN PHU,OREO VANILLA 110.4/105G,3,0.6,0.016114,1.802826,PRICED_E1_shortage_ratio_OREO VANILLA 110.4/105G_T116_1,0.008057
CG_LT,116,,MM HIEP PHU,MM AN PHU,OREO VANILLA 110.4/105G,4,0.6,0.016114,2.20107,PRICED_E1_shortage_ratio_OREO VANILLA 110.4/105G_T116_1,0.008057
CG_LT,116,,MM BIEN HOA,MM AN PHU,OREO VANILLA 110.4/105G,30,0.6,0.191135,18.489534,PRICED_E1_shortage_ratio_OREO VANILLA 110.4/105G_T116_2,0.095567
CG_LT,116,,MM BINH PHU,MM AN PHU,OREO VANILLA 110.4/105G,35,0.6,0.191135,21.384435,PRICED_E1_shortage_ratio_OREO VANILLA 110.4/105G_T116_2,0.095567
CG_LT,116,,MM DA NANG,MM AN PHU,OREO VANILLA 110.4/105G,14,0.6,0.191135,8.324442,PRICED_E1_shortage_ratio_OREO VANILLA 110.4/105G_T116_2,0.095567
CG_LT,116,,MM BIEN HOA,MM AN PHU,OREO VANILLA 110.4/105G,319,0.6,2.0,193.471018,PRICED_E1_shortage_ratio_OREO VANILLA 110.4/105G_T116_3,1.0
CG_LT,116,,MM DA NANG,MM AN PHU,OREO VANILLA 110.4/105G,247,0.6,2.0,149.976255,PRICED_E1_shortage_ratio_OREO VANILLA 110.4/105G_T116_3,1.0
CG_LT,116,,MM HIEP PHU,MM AN PHU,OREO VANILLA 110.4/105G,265,0.6,2.0,160.89187,PRICED_E1_shortage_ratio_OREO VANILLA 110.4/105G_T116_3,1.0
CG_LT,117,,MM BIEN HOA,MM AN PHU,OREO VANILLA 110.4/105G,18,0.6,0.106713,10.88515,PRICED_E1_shortage_ratio_OREO VANILLA 110.4/105G_T117_1,0.053356
CG_LT,117,,MM BINH PHU,MM AN PHU,OREO VANILLA 110.4/105G,4,0.6,0.106713,2.55125,PRICED_E1_shortage_ratio_OREO VANILLA 110.4/105G_T117_1,0.053356
CG_LT,117,,MM HIEP PHU,MM AN PHU,OREO VANILLA 110.4/105G,23,0.6,0.106713,14.16705,PRICED_E1_shortage_ratio_OREO VANILLA 110.4/105G_T117_1,0.053356
CG_LT,117,,MM BIEN HOA,MM AN PHU,OREO VANILLA 110.4/105G,17,0.6,0.102968,10.503131,PRICED_E1_shortage_ratio_OREO VANILLA 110.4/105G_T117_2,0.051484
CG_LT,117,,MM BINH PHU,MM AN PHU,OREO VANILLA 110.4/105G,15,0.6,0.102968,9.218716,PRICED_E1_shortage_ratio_OREO VANILLA 110.4/105G_T117_2,0.051484
CG_LT,117,,MM DA NANG,MM AN PHU,OREO VANILLA 110.4/105G,11,0.6,0.102968,6.912849,PRICED_E1_shortage_ratio_OREO VANILLA 110.4/105G_T117_2,0.051484
CG_LT,117,,MM BINH PHU,MM AN PHU,OREO VANILLA 110.4/105G,295,0.6,2.0,179.060515,PRICED_E1_shortage_ratio_OREO VANILLA 110.4/105G_T117_3,1.0
CG_LT,117,,MM DA NANG,MM AN PHU,OREO VANILLA 110.4/105G,236,0.6,2.0,143.732689,PRICED_E1_shortage_ratio_OREO VANILLA 110.4/105G_T117_3,1.0
CG_LT,117,,MM HIEP PHU,MM AN PHU,OREO VANILLA 110.4/105G,321,0.6,2.0,194.548091,PRICED_E1_shortage_ratio_OREO VANILLA 110.4/105G_T117_3,1.0
CG_LT,118,,MM BIEN HOA,MM AN PHU,OREO VANILLA 110.4/105G,63,0.6,2.0,40.086164,PRICED_E1_shortage_ratio_OREO VANILLA 110.4/105G_T118_1,1.0
CG_LT,118,,MM BINH PHU,MM AN PHU,OREO VANILLA 110.4/105G,59,0.6,1.865089,37.382125,PRICED_E1_shortage_ratio_OREO VANILLA 110.4/105G_T118_2,0.932544
CG_LT,11,,MM BIEN HOA,MM AN PHU,OREO VANILLA 110.4/105G,115,0.6,2.0,71.256586,PRICED_E1_shortage_ratio_OREO VANILLA 110.4/105G_T11_2,1.0
CG_LT,11,,MM BIEN HOA,MM DA NANG,OREO VANILLA 110.4/105G,21,0.6,2.0,14.601925,PRICED_E1_shortage_ratio_OREO VANILLA 110.4/105G_T11_2,1.0
CG_LT,11,,MM BINH PHU,MM AN PHU,OREO VANILLA 110.4/105G,93,0.6,2.0,57.911471,PRICED_E1_shortage_ratio_OREO VANILLA 110.4/105G_T11_2,1.0
CG_LT,11,,MM HIEP PHU,MM AN PHU,OREO VANILLA 110.4/105G,24,0.6,2.0,16.256593,PRICED_E1_shortage_ratio_OREO VANILLA 110.4/105G_T11_2,1.0
CG_LT,11,,MM BIEN HOA,MM AN PHU,OREO VANILLA 110.4/105G,9,0.6,0.128139,5.372779,PRICED_E1_shortage_ratio_OREO VANILLA 110.4/105G_T11_5,0.06407
CG_LT,11,,MM BINH PHU,MM AN PHU,OREO VANILLA 110.4/105G,5,0.6,0.128139,2.902963,PRICED_E1_shortage_ratio_OREO VANILLA 110.4/105G_T11_5,0.06407
CG_LT,11,,MM BINH PHU,MM DA NANG,OREO VANILLA 110.4/105G,1,0.6,0.128139,0.935539,PRICED_E1_shortage_ratio_OREO VANILLA 110.4/105G_T11_5,0.06407
CG_LT,11,,MM HIEP PHU,MM AN PHU,OREO VANILLA 110.4/105G,2,0.6,0.128139,1.041553,PRICED_E1_shortage_ratio_OREO VANILLA 110.4/105G_T11_5,0.06407
CG_LT,120,,MM BINH PHU,MM AN PHU,OREO VANILLA 110.4/105G,48,0.6,2.0,30.993137,PRICED_E1_shortage_ratio_OREO VANILLA 110.4/105G_T120_1,1.0
CG_LT,120,,MM DA NANG,MM AN PHU,OREO VANILLA 110.4/105G,48,0.6,2.0,30.993137,PRICED_E1_shortage_ratio_OREO VANILLA 110.4/105G_T120_2,1.0
CG_LT,120,,MM HIEP PHU,MM AN PHU,OREO VANILLA 110.4/105G,8,0.6,0.318374,4.9337,PRICED_E1_shortage_ratio_OREO VANILLA 110.4/105G_T120_3,0.159187
CG_LT,121,,MM BIEN HOA,MM AN PHU,OREO VANILLA 110.4/105G,9,0.6,2.0,7.142575,PRICED_E1_shortage_ratio_OREO VANILLA 110.4/105G_T121_1,1.0
CG_LT,121,,MM BINH PHU,MM AN PHU,OREO VANILLA 110.4/105G,9,0.6,2.0,7.142575,PRICED_E1_shortage_ratio_OREO VANILLA 110.4/105G_T121_2,1.0
CG_LT,121,,MM DA NANG,MM AN PHU,OREO VANILLA 110.4/105G,9,0.6,2.0,7.142575,PRICED_E1_shortage_ratio_OREO VANILLA 110.4/105G_T121_3,1.0
CG_LT,122,,MM BINH PHU,MM AN PHU,OREO VANILLA 110.4/105G,76,0.6,1.431389,46.733399,PRICED_E1_shortage_ratio_OREO VANILLA 110.4/105G_T122_2,0.715694
CG_LT,122,,MM DA NANG,MM AN PHU,OREO VANILLA 110.4/105G,105,0.6,2.0,65.297989,PRICED_E1_shortage_ratio_OREO VANILLA 110.4/105G_T122_3,1.0
CG_LT,123,,MM BIEN HOA,MM HIEP PHU,OREO VANILLA 110.4/105G,41,0.6,1.524082,26.070211,PRICED_E1_shortage_ratio_OREO VANILLA 110.4/105G_T123_1,0.762041
CG_LT,123,,MM BINH PHU,MM AN PHU,OREO VANILLA 110.4/105G,246,0.6,1.524082,149.127145,PRICED_E1_shortage_ratio_OREO VANILLA 110.4/105G_T123_1,0.762041
CG_LT,123,,MM BINH PHU,MM AN PHU,OREO VANILLA 110.4/105G,124,0.6,0.770419,75.383356,PRICED_E1_shortage_ratio_OREO VANILLA 110.4/105G_T123_5,0.38521
CG_LT,123,,MM BINH PHU,MM HIEP PHU,OREO VANILLA 110.4/105G,21,0.6,0.770419,13.178419,PRICED_E1_shortage_ratio_OREO VANILLA 110.4/105G_T123_5,0.38521
CG_LT,124,,MM BINH PHU,MM AN PHU,OREO VANILLA 110.4/105G,66,0.6,0.805257,40.392378,PRICED_E1_shortage_ratio_OREO VANILLA 110.4/105G_T124_1,0.402629
CG_LT,124,,MM DA NANG,MM AN PHU,OREO VANILLA 110.4/105G,164,0.6,2.0,100.321679,PRICED_E1_shortage_ratio_OREO VANILLA 110.4/105G_T124_2,1.0
CG_LT,125,,MM BIEN HOA,MM AN PHU,OREO VANILLA 110.4/105G,5,0.6,2.0,4.846423,PRICED_E1_shortage_ratio_OREO VANILLA 110.4/105G_T125_1,1.0
CG_LT,125,,MM BINH PHU,MM AN PHU,OREO VANILLA 110.4/105G,4,0.6,1.709583,4.142681,PRICED_E1_shortage_ratio_OREO VANILLA 110.4/105G_T125_2,0.854791
CG_LT,126,,MM BIEN HOA,MM AN PHU,OREO VANILLA 110.4/105G,55,0.6,2.0,34.850743,PRICED_E1_shortage_ratio_OREO VANILLA 110.4/105G_T126_1,1.0
CG_LT,126,,MM BINH PHU,MM AN PHU,OREO VANILLA 110.4/105G,55,0.6,2.0,34.850743,PRICED_E1_shortage_ratio_OREO VANILLA 110.4/105G_T126_2,1.0
CG_LT,126,,MM DA NANG,MM AN PHU,OREO VANILLA 110.4/105G,15,0.6,0.541852,9.441966,PRICED_E1_shortage_ratio_OREO VANILLA 110.4/105G_T126_3,0.270926
CG_LT,127,,MM BIEN HOA,MM AN PHU,OREO VANILLA 110.4/105G,23,0.6,1.129163,14.910635,PRICED_E1_shortage_ratio_OREO VANILLA 110.4/105G_T127_1,0.564582
CG_LT,127,,MM BINH PHU,MM AN PHU,OREO VANILLA 110.4/105G,41,0.6,2.0,26.410064,PRICED_E1_shortage_ratio_OREO VANILLA 110.4/105G_T127_2,1.0
CG_LT,127,,MM DA NANG,MM AN PHU,OREO VANILLA 110.4/105G,41,0.6,2.0,26.410064,PRICED_E1_shortage_ratio_OREO VANILLA 110.4/105G_T127_3,1.0
CG_LT,128,,MM BIEN HOA,MM AN PHU,OREO VANILLA 110.4/105G,39,0.6,2.0,25.421346,PRICED_E1_shortage_ratio_OREO VANILLA 110.4/105G_T128_1,1.0
CG_LT,128,,MM BINH PHU,MM AN PHU,OREO VANILLA 110.4/105G,8,0.6,0.390662,4.96557,PRICED_E1_shortage_ratio_OREO VANILLA 110.4/105G_T128_2,0.195331
CG_LT,128,,MM DA NANG,MM AN PHU,OREO VANILLA 110.4/105G,39,0.6,2.0,25.421346,PRICED_E1_shortage_ratio_OREO VANILLA 110.4/105G_T128_3,1.0
CG_LT,129,,MM BINH PHU,MM AN PHU,OREO VANILLA 110.4/105G,160,0.6,2.0,98.216316,PRICED_E1_shortage_ratio_OREO VANILLA 110.4/105G_T129_1,1.0
CG_LT,129,,MM HIEP PHU,MM AN PHU,OREO VANILLA 110.4/105G,77,0.6,0.956039,46.949324,PRICED_E1_shortage_ratio_OREO VANILLA 110.4/105G_T129_3,0.47802
CG_LT,12,,MM BIEN HOA,MM AN PHU,OREO VANILLA 110.4/105G,117,0.6,2.0,72.366024,PRICED_E1_shortage_ratio_OREO VANILLA 110.4/105G_T12_4,1.0
CG_LT,12,,MM BIEN HOA,MM DA NANG,OREO VANILLA 110.4/105G,5,0.6,2.0,5.234647,PRICED_E1_shortage_ratio_OREO VANILLA 110.4/105G_T12_4,1.0
CG_LT,12,,MM BINH PHU,MM AN PHU,OREO VANILLA 110.4/105G,29,0.6,2.0,19.503359,PRICED_E1_shortage_ratio_OREO VANILLA 110.4/105G_T12_4,1.0
CG_LT,130,,MM BINH PHU,MM AN PHU,OREO VANILLA 110.4/105G,76,0.6,0.449128,45.89378,PRICED_E1_shortage_ratio_OREO VANILLA 110.4/105G_T130_2,0.224564
CG_LT,130,,MM HIEP PHU,MM AN PHU,OREO VANILLA 110.4/105G,24,0.6,0.449128,14.960084,PRICED_E1_shortage_ratio_OREO VANILLA 110.4/105G_T130_2,0.224564
CG_LT,130,,MM BIEN HOA,MM AN PHU,OREO VANILLA 110.4/105G,160,0.6,2.0,98.149313,PRICED_E1_shortage_ratio_OREO VANILLA 110.4/105G_T130_4,1.0
CG_LT,130,,MM DA NANG,MM AN PHU,OREO VANILLA 110.4/105G,285,0.6,2.0,172.837479,PRICED_E1_shortage_ratio_OREO VANILLA 110.4/105G_T130_4,1.0
CG_LT,131,,MM BINH PHU,MM AN PHU,OREO VANILLA 110.4/105G,335,0.6,2.0,202.936913,PRICED_E1_shortage_ratio_OREO VANILLA 110.4/105G_T131_1,1.0
CG_LT,131,,MM DA NANG,MM AN PHU,OREO VANILLA 110.4/105G,67,0.6,0.39803,40.387517,PRICED_E1_shortage_ratio_OREO VANILLA 110.4/105G_T131_2,0.199015
CG_LT,132,,MM BIEN HOA,MM AN PHU,OREO VANILLA 110.4/105G,39,0.6,2.0,25.583127,PRICED_E1_shortage_ratio_OREO VANILLA 110.4/105G_T132_1,1.0
CG_LT,132,,MM BINH PHU,MM AN PHU,OREO VANILLA 110.4/105G,39,0.6,2.0,25.583127,PRICED_E1_shortage_ratio_OREO VANILLA 110.4/105G_T132_2,1.0
CG_LT,132,,MM DA NANG,MM AN PHU,OREO VANILLA 110.4/105G,20,0.6,1.042792,13.338937,PRICED_E1_shortage_ratio_OREO VANILLA 110.4/105G_T132_3,0.521396
CG_LT,133,,MM BIEN HOA,MM AN PHU,OREO VANILLA 110.4/105G,35,0.6,1.599749,22.448609,PRICED_E1_shortage_ratio_OREO VANILLA 110.4/105G_T133_1,0.799874
CG_LT,133,,MM BINH PHU,MM AN PHU,OREO VANILLA 110.4/105G,43,0.6,2.0,28.06517,PRICED_E1_shortage_ratio_OREO VANILLA 110.4/105G_T133_2,1.0
CG_LT,133,,MM DA NANG,MM AN PHU,OREO VANILLA 110.4/105G,43,0.6,2.0,28.06517,PRICED_E1_shortage_ratio_OREO VANILLA 110.4/105G_T133_3,1.0
CG_LT,134,,MM BIEN HOA,MM AN PHU,OREO VANILLA 110.4/105G,105,0.6,2.0,64.729886,PRICED_E1_shortage_ratio_OREO VANILLA 110.4/105G_T134_1,1.0
CG_LT,134,,MM DA NANG,MM AN PHU,OREO VANILLA 110.4/105G,44,0.6,0.834706,27.01522,PRICED_E1_shortage_ratio_OREO VANILLA 110.4/105G_T134_3,0.417353
CG_LT,135,,MM BIEN HOA,MM AN PHU,OREO VANILLA 110.4/105G,146,0.6,2.0,89.477973,PRICED_E1_shortage_ratio_OREO VANILLA 110.4/105G_T135_1,1.0
CG_LT,135,,MM BINH PHU,MM AN PHU,OREO VANILLA 110.4/105G,79,0.6,1.076944,48.181371,PRICED_E1_shortage_ratio_OREO VANILLA 110.4/105G_T135_2,0.538472
CG_LT,136,,MM BIEN HOA,MM AN PHU,OREO VANILLA 110.4/105G,190,0.6,2.0,116.288079,PRICED_E1_shortage_ratio_OREO VANILLA 110.4/105G_T136_1,1.0
CG_LT,136,,MM BINH PHU,MM AN PHU,OREO VANILLA 110.4/105G,97,0.6,1.01789,59.18421,PRICED_E1_shortage_ratio_OREO VANILLA 110.4/105G_T136_2,0.508945
CG_LT,137,,MM BINH PHU,MM AN PHU,OREO VANILLA 110.4/105G,111,0.6,2.0,68.536774,PRICED_E1_shortage_ratio_OREO VANILLA 110.4/105G_T137_2,1.0
CG_LT,137,,MM DA NANG,MM AN PHU,OREO VANILLA 110.4/105G,82,0.6,1.484389,50.867615,PRICED_E1_shortage_ratio_OREO VANILLA 110.4/105G_T137_3,0.742194
CG_LT,138,,MM BIEN HOA,MM AN PHU,OREO VANILLA 110.4/105G,37,0.6,2.0,24.026533,PRICED_E1_shortage_ratio_OREO VANILLA 110.4/105G_T138_1,1.0
CG_LT,138,,MM BINH PHU,MM AN PHU,OREO VANILLA 110.4/105G,37,0.6,2.0,24.026533,PRICED_E1_shortage_ratio_OREO VANILLA 110.4/105G_T138_2,1.0
CG_LT,138,,MM DA NANG,MM AN PHU,OREO VANILLA 110.4/105G,37,0.6,2.0,24.026533,PRICED_E1_shortage_ratio_OREO VANILLA 110.4/105G_T138_3,1.0
CG_LT,139,,MM BIEN HOA,MM AN PHU,OREO VANILLA 110.4/105G,55,0.6,1.087852,34.02599,PRICED_E1_shortage_ratio_OREO VANILLA 110.4/105G_T139_1,0.543926
CG_LT,139,,MM BINH PHU,MM AN PHU,OREO VANILLA 110.4/105G,101,0.6,2.0,62.556263,PRICED_E1_shortage_ratio_OREO VANILLA 110.4/105G_T139_2,1.0
CG_LT,13,,MM BIEN HOA,MM AN PHU,OREO VANILLA 110.4/105G,49,0.6,2.0,31.332863,PRICED_E1_shortage_ratio_OREO VANILLA 110.4/105G_T13_1,1.0
CG_LT,13,,MM BIEN HOA,MM DA NANG,OREO VANILLA 110.4/105G,20,0.6,2.0,14.133489,PRICED_E1_shortage_ratio_OREO VANILLA 110.4/105G_T13_1,1.0
CG_LT,13,,MM BIEN HOA,MM AN PHU,OREO VANILLA 110.4/105G,49,0.6,1.985059,31.098796,PRICED_E1_shortage_ratio_OREO VANILLA 110.4/105G_T13_5,0.99253
CG_LT,13,,MM BINH PHU,MM DA NANG,OREO VANILLA 110.4/105G,20,0.6,1.985059,14.027907,PRICED_E1_shortage_ratio_OREO VANILLA 110.4/105G_T13_5,0.99253
CG_LT,140,,MM BIEN HOA,MM AN PHU,OREO VANILLA 110.4/105G,60,0.6,1.297767,37.000612,PRICED_E1_shortage_ratio_OREO VANILLA 110.4/105G_T140_1,0.648884
CG_LT,140,,MM DA NANG,MM AN PHU,OREO VANILLA 110.4/105G,92,0.6,2.0,57.021956,PRICED_E1_shortage_ratio_OREO VANILLA 110.4/105G_T140_3,1.0
CG_LT,141,,MM BINH PHU,MM AN PHU,OREO VANILLA 110.4/105G,72,0.6,2.0,45.311121,PRICED_E1_shortage_ratio_OREO VANILLA 110.4/105G_T141_2,1.0
CG_LT,141,,MM DA NANG,MM AN PHU,OREO VANILLA 110.4/105G,55,0.6,1.52449,34.538168,PRICED_E1_shortage_ratio_OREO VANILLA 110.4/105G_T141_3,0.762245
CG_LT,142,,MM BIEN HOA,MM AN PHU,OREO VANILLA 110.4/105G,92,0.6,2.0,57.296172,PRICED_E1_shortage_ratio_OREO VANILLA 110.4/105G_T142_1,1.0
CG_LT,142,,MM DA NANG,MM AN PHU,OREO VANILLA 110.4/105G,89,0.6,1.928634,55.251661,PRICED_E1_shortage_ratio_OREO VANILLA 110.4/105G_T142_3,0.964317
CG_LT,143,,MM BINH PHU,MM AN PHU,OREO VANILLA 110.4/105G,251,0.6,2.0,152.562262,PRICED_E1_shortage_ratio_OREO VANILLA 110.4/105G_T143_1,1.0
CG_LT,143,,MM DA NANG,MM AN PHU,OREO VANILLA 110.4/105G,60,0.6,0.475074,36.239212,PRICED_E1_shortage_ratio_OREO VANILLA 110.4/105G_T143_2,0.237537
CG_LT,144,,MM DA NANG,MM AN PHU,OREO VANILLA 110.4/105G,399,0.6,2.0,241.673276,PRICED_E1_shortage_ratio_OREO VANILLA 110.4/105G_T144_1,1.0
CG_LT,144,,MM HIEP PHU,MM AN PHU,OREO VANILLA 110.4/105G,65,0.6,0.324484,39.209608,PRICED_E1_shortage_ratio_OREO VANILLA 110.4/105G_T144_2,0.162242
CG_LT,145,,MM DA NANG,MM AN PHU,OREO VANILLA 110.4/105G,249,0.6,2.0,151.402218,PRICED_E1_shortage_ratio_OREO VANILLA 110.4/105G_T145_1,1.0
CG_LT,145,,MM HIEP PHU,MM AN PHU,OREO VANILLA 110.4/105G,75,0.6,0.600058,45.425039,PRICED_E1_shortage_ratio_OREO VANILLA 110.4/105G_T145_2,0.300029
CG_LT,148,,MM DA NANG,MM BIEN HOA,OREO VANILLA 110.4/105G,11,0.6,2.0,8.3792,PRICED_E1_shortage_ratio_OREO VANILLA 110.4/105G_T148_3,1.0
CG_LT,14,,MM BIEN HOA,MM AN PHU,OREO VANILLA 110.4/105G,11,0.6,0.232191,7.052738,PRICED_E1_shortage_ratio_OREO VANILLA 110.4/105G_T14_1,0.116096
CG_LT,14,,MM BIEN HOA,MM DA NANG,OREO VANILLA 110.4/105G,3,0.6,0.232191,2.253969,PRICED_E1_shortage_ratio_OREO VANILLA 110.4/105G_T14_1,0.116096
CG_LT,14,,MM HIEP PHU,MM DA NANG,OREO VANILLA 110.4/105G,3,0.6,0.232191,2.309932,PRICED_E1_shortage_ratio_OREO VANILLA 110.4/105G_T14_1,0.116096
CG_LT,14,,MM BIEN HOA,MM AN PHU,OREO VANILLA 110.4/105G,1,0.6,0.102582,0.941537,PRICED_E1_shortage_ratio_OREO VANILLA 110.4/105G_T14_2,0.051291
CG_LT,14,,MM BIEN HOA,MM DA NANG,OREO VANILLA 110.4/105G,3,0.6,0.102582,1.913751,PRICED_E1_shortage_ratio_OREO VANILLA 110.4/105G_T14_2,0.051291
CG_LT,14,,MM BINH PHU,MM AN PHU,OREO VANILLA 110.4/105G,2,0.6,0.102582,1.127255,PRICED_E1_shortage_ratio_OREO VANILLA 110.4/105G_T14_2,0.051291
CG_LT,14,,MM HIEP PHU,MM AN PHU,OREO VANILLA 110.4/105G,2,0.6,0.102582,1.252276,PRICED_E1_shortage_ratio_OREO VANILLA 110.4/105G_T14_2,0.051291
CG_LT,14,,MM BIEN HOA,MM AN PHU,OREO VANILLA 110.4/105G,61,0.6,1.897418,38.680587,PRICED_E1_shortage_ratio_OREO VANILLA 110.4/105G_T14_5,0.948709
CG_LT,14,,MM BIEN HOA,MM DA NANG,OREO VANILLA 110.4/105G,56,0.6,1.897418,35.397837,PRICED_E1_shortage_ratio_OREO VANILLA 110.4/105G_T14_5,0.948709
CG_LT,14,,MM BINH PHU,MM AN PHU,OREO VANILLA 110.4/105G,32,0.6,1.897418,20.850345,PRICED_E1_shortage_ratio_OREO VANILLA 110.4/105G_T14_5,0.948709
CG_LT,15,,MM BIEN HOA,MM BINH PHU,OREO VANILLA 110.4/105G,10,0.6,0.206492,6.081656,PRICED_E1_shortage_ratio_OREO VANILLA 110.4/105G_T15_1,0.103246
CG_LT,15,,MM BIEN HOA,MM AN PHU,OREO VANILLA 110.4/105G,95,0.6,2.0,58.904565,PRICED_E1_shortage_ratio_OREO VANILLA 110.4/105G_T15_2,1.0
CG_LT,16,,MM BIEN HOA,MM BINH PHU,OREO VANILLA 110.4/105G,99,0.6,1.966054,61.537476,PRICED_E1_shortage_ratio_OREO VANILLA 110.4/105G_T16_1,0.983027
CG_LT,16,,MM BIEN HOA,MM DA NANG,OREO VANILLA 110.4/105G,95,0.6,1.966054,59.030602,PRICED_E1_shortage_ratio_OREO VANILLA 110.4/105G_T16_1,0.983027
CG_LT,16,,MM HIEP PHU,MM AN PHU,OREO VANILLA 110.4/105G,246,0.6,1.966054,149.310012,PRICED_E1_shortage_ratio_OREO VANILLA 110.4/105G_T16_1,0.983027
CG_LT,17,,MM BIEN HOA,MM AN PHU,OREO VANILLA 110.4/105G,76,0.6,1.508319,47.186797,PRICED_E1_shortage_ratio_OREO VANILLA 110.4/105G_T17_1,0.75416
CG_LT,17,,MM BIEN HOA,MM DA NANG,OREO VANILLA 110.4/105G,65,0.6,1.508319,40.235422,PRICED_E1_shortage_ratio_OREO VANILLA 110.4/105G_T17_1,0.75416
CG_LT,17,,MM HIEP PHU,MM AN PHU,OREO VANILLA 110.4/105G,153,0.6,1.508319,93.058506,PRICED_E1_shortage_ratio_OREO VANILLA 110.4/105G_T17_1,0.75416
CG_LT,17,,MM BIEN HOA,MM AN PHU,OREO VANILLA 110.4/105G,38,0.6,0.406186,23.136368,PRICED_E1_shortage_ratio_OREO VANILLA 110.4/105G_T17_2,0.203093
CG_LT,17,,MM HIEP PHU,MM AN PHU,OREO VANILLA 110.4/105G,22,0.6,0.406186,13.7278,PRICED_E1_shortage_ratio_OREO VANILLA 110.4/105G_T17_2,0.203093
CG_LT,17,,MM HIEP PHU,MM DA NANG,OREO VANILLA 110.4/105G,19,0.6,0.406186,11.738776,PRICED_E1_shortage_ratio_OREO VANILLA 110.4/105G_T17_2,0.203093
CG_LT,17,,MM BIEN HOA,MM AN PHU,OREO VANILLA 110.4/105G,6,0.6,0.205746,3.554373,PRICED_E1_shortage_ratio_OREO VANILLA 110.4/105G_T17_3,0.102873
CG_LT,17,,MM BIEN HOA,MM BINH PHU,OREO VANILLA 110.4/105G,4,0.6,0.205746,2.630351,PRICED_E1_shortage_ratio_OREO VANILLA 110.4/105G_T17_3,0.102873
CG_LT,17,,MM BIEN HOA,MM DA NANG,OREO VANILLA 110.4/105G,10,0.6,0.205746,5.946053,PRICED_E1_shortage_ratio_OREO VANILLA 110.4/105G_T17_3,0.102873
CG_LT,17,,MM HIEP PHU,MM AN PHU,OREO VANILLA 110.4/105G,21,0.6,0.205746,12.693862,PRICED_E1_shortage_ratio_OREO VANILLA 110.4/105G_T17_3,0.102873
CG_LT,18,,MM BIEN HOA,MM AN PHU,OREO VANILLA 110.4/105G,12,0.6,0.154467,7.63007,PRICED_E1_shortage_ratio_OREO VANILLA 110.4/105G_T18_2,0.077233
CG_LT,18,,MM HIEP PHU,MM AN PHU,OREO VANILLA 110.4/105G,13,0.6,0.154467,8.216705,PRICED_E1_shortage_ratio_OREO VANILLA 110.4/105G_T18_2,0.077233
CG_LT,18,,MM HIEP PHU,MM DA NANG,OREO VANILLA 110.4/105G,4,0.6,0.154467,2.426191,PRICED_E1_shortage_ratio_OREO VANILLA 110.4/105G_T18_2,0.077233
CG_LT,18,,MM BIEN HOA,MM AN PHU,OREO VANILLA 110.4/105G,122,0.6,2.0,75.233814,PRICED_E1_shortage_ratio_OREO VANILLA 110.4/105G_T18_5,1.0
CG_LT,18,,MM BIEN HOA,MM BINH PHU,OREO VANILLA 110.4/105G,39,0.6,2.0,25.55852,PRICED_E1_shortage_ratio_OREO VANILLA 110.4/105G_T18_5,1.0
CG_LT,18,,MM HIEP PHU,MM AN PHU,OREO VANILLA 110.4/105G,223,0.6,2.0,135.801694,PRICED_E1_shortage_ratio_OREO VANILLA 110.4/105G_T18_5,1.0
CG_LT,19,,MM HIEP PHU,MM AN PHU,OREO VANILLA 110.4/105G,223,0.6,2.0,135.566555,PRICED_E1_shortage_ratio_OREO VANILLA 110.4/105G_T19_1,1.0
CG_LT,19,,MM HIEP PHU,MM AN PHU,OREO VANILLA 110.4/105G,15,0.6,0.171466,9.216517,PRICED_E1_shortage_ratio_OREO VANILLA 110.4/105G_T19_3,0.085733
CG_LT,19,,MM HIEP PHU,MM BINH PHU,OREO VANILLA 110.4/105G,4,0.6,0.171466,2.577468,PRICED_E1_shortage_ratio_OREO VANILLA 110.4/105G_T19_3,0.085733
CG_LT,20,,MM BIEN HOA,MM AN PHU,OREO VANILLA 110.4/105G,68,0.6,2.0,43.00128,PRICED_E1_shortage_ratio_OREO VANILLA 110.4/105G_T20_1,1.0
CG_LT,20,,MM BIEN HOA,MM BINH PHU,OREO VANILLA 110.4/105G,11,0.6,2.0,8.408161,PRICED_E1_shortage_ratio_OREO VANILLA 110.4/105G_T20_1,1.0
CG_LT,20,,MM HIEP PHU,MM AN PHU,OREO VANILLA 110.4/105G,42,0.6,2.0,27.073265,PRICED_E1_shortage_ratio_OREO VANILLA 110.4/105G_T20_1,1.0
CG_LT,20,,MM HIEP PHU,MM DA NANG,OREO VANILLA 110.4/105G,167,0.6,2.0,102.418227,PRICED_E1_shortage_ratio_OREO VANILLA 110.4/105G_T20_1,1.0
CG_LT,21,,MM BIEN HOA,MM DA NANG,OREO VANILLA 110.4/105G,18,0.6,0.249388,10.954558,PRICED_E1_shortage_ratio_OREO VANILLA 110.4/105G_T21_5,0.124694
CG_LT,21,,MM HIEP PHU,MM AN PHU,OREO VANILLA 110.4/105G,11,0.6,0.249388,6.831628,PRICED_E1_shortage_ratio_OREO VANILLA 110.4/105G_T21_5,0.124694
CG_LT,22,,MM BIEN HOA,MM DA NANG,OREO VANILLA 110.4/105G,13,0.6,0.368722,7.878735,PRICED_E1_shortage_ratio_OREO VANILLA 110.4/105G_T22_1,0.184361
CG_LT,22,,MM HIEP PHU,MM AN PHU,OREO VANILLA 110.4/105G,27,0.6,0.368722,16.62564,PRICED_E1_shortage_ratio_OREO VANILLA 110.4/105G_T22_1,0.184361
CG_LT,23,,MM BIEN HOA,MM AN PHU,OREO VANILLA 110.4/105G,84,0.6,2.0,52.358161,PRICED_E1_shortage_ratio_OREO VANILLA 110.4/105G_T23_1,1.0
CG_LT,23,,MM HIEP PHU,MM DA NANG,OREO VANILLA 110.4/105G,143,0.6,2.0,87.793657,PRICED_E1_shortage_ratio_OREO VANILLA 110.4/105G_T23_1,1.0
CG_LT,24,,MM HIEP PHU,MM AN PHU,OREO VANILLA 110.4/105G,75,0.6,2.0,46.755154,PRICED_E1_shortage_ratio_OREO VANILLA 110.4/105G_T24_1,1.0
CG_LT,24,,MM HIEP PHU,MM DA NANG,OREO VANILLA 110.4/105G,185,0.6,2.0,113.283642,PRICED_E1_shortage_ratio_OREO VANILLA 110.4/105G_T24_1,1.0
CG_LT,25,,MM BIEN HOA,MM DA NANG,OREO VANILLA 110.4/105G,8,0.6,2.0,6.93033,PRICED_E1_shortage_ratio_OREO VANILLA 110.4/105G_T25_1,1.0
CG_LT,25,,MM HIEP PHU,MM AN PHU,OREO VANILLA 110.4/105G,256,0.6,2.0,155.456962,PRICED_E1_shortage_ratio_OREO VANILLA 110.4/105G_T25_1,1.0
CG_LT,25,,MM HIEP PHU,MM DA NANG,OREO VANILLA 110.4/105G,161,0.6,2.0,98.355338,PRICED_E1_shortage_ratio_OREO VANILLA 110.4/105G_T25_1,1.0
CG_LT,25,,MM BIEN HOA,MM AN PHU,OREO VANILLA 110.4/105G,5,0.6,0.106837,3.059168,PRICED_E1_shortage_ratio_OREO VANILLA 110.4/105G_T25_2,0.053418
CG_LT,25,,MM BINH PHU,MM AN PHU,OREO VANILLA 110.4/105G,0,0.6,0.106837,0.235041,PRICED_E1_shortage_ratio_OREO VANILLA 110.4/105G_T25_2,0.053418
CG_LT,25,,MM HIEP PHU,MM AN PHU,OREO VANILLA 110.4/105G,9,0.6,0.106837,5.22374,PRICED_E1_shortage_ratio_OREO VANILLA 110.4/105G_T25_2,0.053418
CG_LT,25,,MM HIEP PHU,MM DA NANG,OREO VANILLA 110.4/105G,9,0.6,0.106837,5.517364,PRICED_E1_shortage_ratio_OREO VANILLA 110.4/105G_T25_2,0.053418
CG_LT,26,,MM BIEN HOA,MM BINH PHU,OREO VANILLA 110.4/105G,5,0.6,0.169479,3.383535,PRICED_E1_shortage_ratio_OREO VANILLA 110.4/105G_T26_2,0.084739
CG_LT,26,,MM BIEN HOA,MM DA NANG,OREO VANILLA 110.4/105G,5,0.6,0.169479,3.042153,PRICED_E1_shortage_ratio_OREO VANILLA 110.4/105G_T26_2,0.084739
CG_LT,26,,MM HIEP PHU,MM AN PHU,OREO VANILLA 110.4/105G,17,0.6,0.169479,10.407394,PRICED_E1_shortage_ratio_OREO VANILLA 110.4/105G_T26_2,0.084739
CG_LT,26,,MM BIEN HOA,MM AN PHU,OREO VANILLA 110.4/105G,201,0.6,2.0,122.816485,PRICED_E1_shortage_ratio_OREO VANILLA 110.4/105G_T26_4,1.0
CG_LT,26,,MM BIEN HOA,MM DA NANG,OREO VANILLA 110.4/105G,57,0.6,2.0,35.900103,PRICED_E1_shortage_ratio_OREO VANILLA 110.4/105G_T26_4,1.0
CG_LT,26,,MM HIEP PHU,MM BINH PHU,OREO VANILLA 110.4/105G,63,0.6,2.0,39.928715,PRICED_E1_shortage_ratio_OREO VANILLA 110.4/105G_T26_4,1.0
CG_LT,27,,MM BIEN HOA,MM BINH PHU,OREO VANILLA 110.4/105G,2,0.6,0.077679,1.007397,PRICED_E1_shortage_ratio_OREO VANILLA 110.4/105G_T27_2,0.03884
CG_LT,27,,MM BIEN HOA,MM DA NANG,OREO VANILLA 110.4/105G,1,0.6,0.077679,0.836016,PRICED_E1_shortage_ratio_OREO VANILLA 110.4/105G_T27_2,0.03884
CG_LT,27,,MM HIEP PHU,MM AN PHU,OREO VANILLA 110.4/105G,10,0.6,0.077679,5.942377,PRICED_E1_shortage_ratio_OREO VANILLA 110.4/105G_T27_2,0.03884
CG_LT,27,,MM BIEN HOA,MM AN PHU,OREO VANILLA 110.4/105G,252,0.6,2.0,152.997608,PRICED_E1_shortage_ratio_OREO VANILLA 110.4/105G_T27_4,1.0
CG_LT,27,,MM BIEN HOA,MM DA NANG,OREO VANILLA 110.4/105G,33,0.6,2.0,21.524792,PRICED_E1_shortage_ratio_OREO VANILLA 110.4/105G_T27_4,1.0
CG_LT,27,,MM HIEP PHU,MM BINH PHU,OREO VANILLA 110.4/105G,40,0.6,2.0,25.93731,PRICED_E1_shortage_ratio_OREO VANILLA 110.4/105G_T27_4,1.0
CG_LT,29,,MM BIEN HOA,MM BINH PHU,OREO VANILLA 110.4/105G,3,0.6,0.104212,1.770792,PRICED_E1_shortage_ratio_OREO VANILLA 110.4/105G_T29_2,0.052106
CG_LT,29,,MM BIEN HOA,MM DA NANG,OREO VANILLA 110.4/105G,2,0.6,0.104212,1.573156,PRICED_E1_shortage_ratio_OREO VANILLA 110.4/105G_T29_2,0.052106
CG_LT,29,,MM HIEP PHU,MM AN PHU,OREO VANILLA 110.4/105G,13,0.6,0.104212,8.17401,PRICED_E1_shortage_ratio_OREO VANILLA 110.4/105G_T29_2,0.052106
CG_LT,30,,MM BIEN HOA,MM AN PHU,OREO VANILLA 110.4/105G,300,0.6,2.0,182.010717,PRICED_E1_shortage_ratio_OREO VANILLA 110.4/105G_T30_4,1.0
CG_LT,30,,MM BIEN HOA,MM BINH PHU,OREO VANILLA 110.4/105G,26,0.6,2.0,17.483634,PRICED_E1_shortage_ratio_OREO VANILLA 110.4/105G_T30_4,1.0
CG_LT,30,,MM HIEP PHU,MM DA NANG,OREO VANILLA 110.4/105G,77,0.6,2.0,47.961241,PRICED_E1_shortage_ratio_OREO VANILLA 110.4/105G_T30_4,1.0
CG_LT,31,,MM BIEN HOA,MM AN PHU,OREO VANILLA 110.4/105G,15,0.6,0.109032,9.222514,PRICED_E1_shortage_ratio_OREO VANILLA 110.4/105G_T31_5,0.054516
CG_LT,31,,MM BINH PHU,MM DA NANG,OREO VANILLA 110.4/105G,2,0.6,0.109032,1.39834,PRICED_E1_shortage_ratio_OREO VANILLA 110.4/105G_T31_5,0.054516
CG_LT,32,,MM HIEP PHU,MM AN PHU,OREO VANILLA 110.4/105G,270,0.6,2.0,163.745599,PRICED_E1_shortage_ratio_OREO VANILLA 110.4/105G_T32_1,1.0
CG_LT,32,,MM BIEN HOA,MM AN PHU,OREO VANILLA 110.4/105G,4,0.6,0.037754,2.703202,PRICED_E1_shortage_ratio_OREO VANILLA 110.4/105G_T32_2,0.018877
CG_LT,32,,MM BINH PHU,MM AN PHU,OREO VANILLA 110.4/105G,1,0.6,0.037754,0.425615,PRICED_E1_shortage_ratio_OREO VANILLA 110.4/105G_T32_2,0.018877
CG_LT,33,,MM BINH PHU,MM DA NANG,OREO VANILLA 110.4/105G,0,0.6,0.093539,0.272429,PRICED_E1_shortage_ratio_OREO VANILLA 110.4/105G_T33_5,0.04677
CG_LT,33,,MM HIEP PHU,MM AN PHU,OREO VANILLA 110.4/105G,10,0.6,0.093539,6.175813,PRICED_E1_shortage_ratio_OREO VANILLA 110.4/105G_T33_5,0.04677
CG_LT,34,,MM BIEN HOA,MM AN PHU,OREO VANILLA 110.4/105G,6,0.6,0.215615,4.108675,PRICED_E1_shortage_ratio_OREO VANILLA 110.4/105G_T34_1,0.107807
CG_LT,34,,MM BIEN HOA,MM HIEP PHU,OREO VANILLA 110.4/105G,16,0.6,0.215615,9.681764,PRICED_E1_shortage_ratio_OREO VANILLA 110.4/105G_T34_1,0.107807
CG_LT,34,,MM BINH PHU,MM HIEP PHU,OREO VANILLA 110.4/105G,23,0.6,0.215615,13.79097,PRICED_E1_shortage_ratio_OREO VANILLA 110.4/105G_T34_1,0.107807
CG_LT,34,,MM BIEN HOA,MM HIEP PHU,OREO VANILLA 110.4/105G,207,0.6,2.0,125.91732,PRICED_E1_shortage_ratio_OREO VANILLA 110.4/105G_T34_2,1.0
CG_LT,34,,MM BINH PHU,MM AN PHU,OREO VANILLA 110.4/105G,178,0.6,2.0,108.653728,PRICED_E1_shortage_ratio_OREO VANILLA 110.4/105G_T34_2,1.0
CG_LT,34,,MM BINH PHU,MM HIEP PHU,OREO VANILLA 110.4/105G,32,0.6,2.0,21.268517,PRICED_E1_shortage_ratio_OREO VANILLA 110.4/105G_T34_2,1.0
CG_LT,35,,MM BIEN HOA,MM HIEP PHU,OREO VANILLA 110.4/105G,2,0.6,0.101401,1.064249,PRICED_E1_shortage_ratio_OREO VANILLA 110.4/105G_T35_2,0.0507
CG_LT,35,,MM BINH PHU,MM AN PHU,OREO VANILLA 110.4/105G,5,0.6,0.101401,3.381653,PRICED_E1_shortage_ratio_OREO VANILLA 110.4/105G_T35_2,0.0507
CG_LT,35,,MM BIEN HOA,MM AN PHU,OREO VANILLA 110.4/105G,108,0.6,2.0,66.698909,PRICED_E1_shortage_ratio_OREO VANILLA 110.4/105G_T35_4,1.0
CG_LT,35,,MM BINH PHU,MM HIEP PHU,OREO VANILLA 110.4/105G,32,0.6,2.0,20.990993,PRICED_E1_shortage_ratio_OREO VANILLA 110.4/105G_T35_4,1.0
CG_LT,36,,MM BIEN HOA,MM DA NANG,OREO VANILLA 110.4/105G,25,0.6,2.0,16.723245,PRICED_E1_shortage_ratio_OREO VANILLA 110.4/105G_T36_2,1.0
CG_LT,36,,MM BINH PHU,MM AN PHU,OREO VANILLA 110.4/105G,204,0.6,2.0,124.481967,PRICED_E1_shortage_ratio_OREO VANILLA 110.4/105G_T36_2,1.0
CG_LT,36,,MM BIEN HOA,MM AN PHU,OREO VANILLA 110.4/105G,13,0.6,0.130887,8.146519,PRICED_E1_shortage_ratio_OREO VANILLA 110.4/105G_T36_5,0.065443
CG_LT,36,,MM BINH PHU,MM DA NANG,OREO VANILLA 110.4/105G,2,0.6,0.130887,1.094426,PRICED_E1_shortage_ratio_OREO VANILLA 110.4/105G_T36_5,0.065443
CG_LT,37,,MM BIEN HOA,MM AN PHU,OREO VANILLA 110.4/105G,17,0.6,0.235099,10.640487,PRICED_E1_shortage_ratio_OREO VANILLA 110.4/105G_T37_2,0.117549
CG_LT,37,,MM BINH PHU,MM DA NANG,OREO VANILLA 110.4/105G,21,0.6,0.235099,12.611265,PRICED_E1_shortage_ratio_OREO VANILLA 110.4/105G_T37_2,0.117549
CG_LT,38,,MM BIEN HOA,MM DA NANG,OREO VANILLA 110.4/105G,16,0.6,0.182322,10.073331,PRICED_E1_shortage_ratio_OREO VANILLA 110.4/105G_T38_2,0.091161
CG_LT,38,,MM BINH PHU,MM AN PHU,OREO VANILLA 110.4/105G,18,0.6,0.182322,11.112,PRICED_E1_shortage_ratio_OREO VANILLA 110.4/105G_T38_2,0.091161
CG_LT,39,,MM BIEN HOA,MM AN PHU,OREO VANILLA 110.4/105G,6,0.6,0.048341,3.379683,PRICED_E1_shortage_ratio_OREO VANILLA 110.4/105G_T39_2,0.024171
CG_LT,39,,MM BINH PHU,MM AN PHU,OREO VANILLA 110.4/105G,4,0.6,0.048341,2.618152,PRICED_E1_shortage_ratio_OREO VANILLA 110.4/105G_T39_2,0.024171
CG_LT,39,,MM BINH PHU,MM DA NANG,OREO VANILLA 110.4/105G,0,0.6,0.048341,0.24139,PRICED_E1_shortage_ratio_OREO VANILLA 110.4/105G_T39_2,0.024171
CG_LT,39,,MM HIEP PHU,MM AN PHU,OREO VANILLA 110.4/105G,0,0.6,0.048341,0.126648,PRICED_E1_shortage_ratio_OREO VANILLA 110.4/105G_T39_2,0.024171
CG_LT,39,,MM BIEN HOA,MM DA NANG,OREO VANILLA 110.4/105G,13,0.6,1.992695,9.950466,PRICED_E1_shortage_ratio_OREO VANILLA 110.4/105G_T39_3,0.996348
CG_LT,39,,MM BINH PHU,MM AN PHU,OREO VANILLA 110.4/105G,405,0.6,1.992695,245.247435,PRICED_E1_shortage_ratio_OREO VANILLA 110.4/105G_T39_3,0.996348
CG_LT,39,,MM HIEP PHU,MM AN PHU,OREO VANILLA 110.4/105G,5,0.6,1.992695,5.220636,PRICED_E1_shortage_ratio_OREO VANILLA 110.4/105G_T39_3,0.996348
CG_LT,41,,MM BIEN HOA,MM DA NANG,OREO VANILLA 110.4/105G,100,0.6,2.0,61.786394,PRICED_E1_shortage_ratio_OREO VANILLA 110.4/105G_T41_1,1.0
CG_LT,41,,MM BINH PHU,MM DA NANG,OREO VANILLA 110.4/105G,65,0.6,1.30601,40.346815,PRICED_E1_shortage_ratio_OREO VANILLA 110.4/105G_T41_2,0.653005
CG_LT,42,,MM AN PHU,MM DA NANG,OREO VANILLA 110.4/105G,29,0.6,2.0,19.538858,PRICED_E1_shortage_ratio_OREO VANILLA 110.4/105G_T42_1,1.0
CG_LT,42,,MM BIEN HOA,MM DA NANG,OREO VANILLA 110.4/105G,29,0.6,2.0,19.538858,PRICED_E1_shortage_ratio_OREO VANILLA 110.4/105G_T42_2,1.0
CG_LT,42,,MM BINH PHU,MM DA NANG,OREO VANILLA 110.4/105G,29,0.6,2.0,19.538858,PRICED_E1_shortage_ratio_OREO VANILLA 110.4/105G_T42_3,1.0
CG_LT,43,,MM AN PHU,MM DA NANG,OREO VANILLA 110.4/105G,38,0.6,2.0,24.826185,PRICED_E1_shortage_ratio_OREO VANILLA 110.4/105G_T43_1,1.0
CG_LT,43,,MM BIEN HOA,MM DA NANG,OREO VANILLA 110.4/105G,38,0.6,2.0,24.826185,PRICED_E1_shortage_ratio_OREO VANILLA 110.4/105G_T43_2,1.0
CG_LT,43,,MM BINH PHU,MM DA NANG,OREO VANILLA 110.4/105G,38,0.6,2.0,24.826185,PRICED_E1_shortage_ratio_OREO VANILLA 110.4/105G_T43_3,1.0
CG_LT,44,,MM BIEN HOA,MM DA NANG,OREO VANILLA 110.4/105G,28,0.6,0.84938,17.850691,PRICED_E1_shortage_ratio_OREO VANILLA 110.4/105G_T44_1,0.42469
CG_LT,44,,MM BINH PHU,MM DA NANG,OREO VANILLA 110.4/105G,67,0.6,2.0,42.032289,PRICED_E1_shortage_ratio_OREO VANILLA 110.4/105G_T44_2,1.0
CG_LT,45,,MM AN PHU,MM DA NANG,OREO VANILLA 110.4/105G,20,0.6,2.0,13.768626,PRICED_E1_shortage_ratio_OREO VANILLA 110.4/105G_T45_1,1.0
CG_LT,45,,MM BIEN HOA,MM DA NANG,OREO VANILLA 110.4/105G,20,0.6,2.0,13.768626,PRICED_E1_shortage_ratio_OREO VANILLA 110.4/105G_T45_2,1.0
CG_LT,45,,MM BINH PHU,MM DA NANG,OREO VANILLA 110.4/105G,20,0.6,2.0,13.768626,PRICED_E1_shortage_ratio_OREO VANILLA 110.4/105G_T45_3,1.0
CG_LT,46,,MM BIEN HOA,MM AN PHU,OREO VANILLA 110.4/105G,68,0.6,2.0,42.68506,PRICED_E1_shortage_ratio_OREO VANILLA 110.4/105G_T46_1,1.0
CG_LT,46,,MM BIEN HOA,MM DA NANG,OREO VANILLA 110.4/105G,35,0.6,2.0,23.011144,PRICED_E1_shortage_ratio_OREO VANILLA 110.4/105G_T46_1,1.0
CG_LT,46,,MM BIEN HOA,MM AN PHU,OREO VANILLA 110.4/105G,47,0.6,1.385681,29.573934,PRICED_E1_shortage_ratio_OREO VANILLA 110.4/105G_T46_3,0.69284
CG_LT,46,,MM HIEP PHU,MM DA NANG,OREO VANILLA 110.4/105G,24,0.6,1.385681,15.94305,PRICED_E1_shortage_ratio_OREO VANILLA 110.4/105G_T46_3,0.69284
CG_LT,47,,MM BIEN HOA,MM DA NANG,OREO VANILLA 110.4/105G,7,0.6,0.370367,4.440088,PRICED_E1_shortage_ratio_OREO VANILLA 110.4/105G_T47_2,0.185183
CG_LT,47,,MM BIEN HOA,MM HIEP PHU,OREO VANILLA 110.4/105G,9,0.6,0.370367,5.726905,PRICED_E1_shortage_ratio_OREO VANILLA 110.4/105G_T47_2,0.185183
CG_LT,47,,MM BINH PHU,MM AN PHU,OREO VANILLA 110.4/105G,21,0.6,0.370367,12.924095,PRICED_E1_shortage_ratio_OREO VANILLA 110.4/105G_T47_2,0.185183
CG_LT,47,,MM BIEN HOA,MM AN PHU,OREO VANILLA 110.4/105G,113,0.6,2.0,69.790803,PRICED_E1_shortage_ratio_OREO VANILLA 110.4/105G_T47_4,1.0
CG_LT,47,,MM BIEN HOA,MM HIEP PHU,OREO VANILLA 110.4/105G,48,0.6,2.0,30.92559,PRICED_E1_shortage_ratio_OREO VANILLA 110.4/105G_T47_4,1.0
CG_LT,47,,MM BINH PHU,MM DA NANG,OREO VANILLA 110.4/105G,37,0.6,2.0,23.976709,PRICED_E1_shortage_ratio_OREO VANILLA 110.4/105G_T47_4,1.0
CG_LT,48,,MM BIEN HOA,MM AN PHU,OREO VANILLA 110.4/105G,33,0.6,2.0,21.513247,PRICED_E1_shortage_ratio_OREO VANILLA 110.4/105G_T48_1,1.0
CG_LT,48,,MM BINH PHU,MM AN PHU,OREO VANILLA 110.4/105G,22,0.6,1.369731,14.733679,PRICED_E1_shortage_ratio_OREO VANILLA 110.4/105G_T48_2,0.684865
CG_LT,49,,MM BIEN HOA,MM AN PHU,OREO VANILLA 110.4/105G,72,0.6,2.0,45.455992,PRICED_E1_shortage_ratio_OREO VANILLA 110.4/105G_T49_1,1.0
CG_LT,49,,MM BINH PHU,MM AN PHU,OREO VANILLA 110.4/105G,13,0.6,0.36579,8.313682,PRICED_E1_shortage_ratio_OREO VANILLA 110.4/105G_T49_2,0.182895
CG_LT,4,,MM BINH PHU,MM AN PHU,OREO VANILLA 110.4/105G,25,0.6,2.0,17.058292,PRICED_E1_shortage_ratio_OREO VANILLA 110.4/105G_T4_3,1.0
CG_LT,4,,MM DA NANG,MM AN PHU,OREO VANILLA 110.4/105G,260,0.6,2.0,158.022362,PRICED_E1_shortage_ratio_OREO VANILLA 110.4/105G_T4_3,1.0
CG_LT,4,,MM DA NANG,MM BIEN HOA,OREO VANILLA 110.4/105G,17,0.6,2.0,12.08,PRICED_E1_shortage_ratio_OREO VANILLA 110.4/105G_T4_3,1.0
CG_LT,4,,MM DA NANG,MM AN PHU,OREO VANILLA 110.4/105G,2,0.6,0.015959,1.271566,PRICED_E1_shortage_ratio_OREO VANILLA 110.4/105G_T4_5,0.007979
CG_LT,4,,MM DA NANG,MM BIEN HOA,OREO VANILLA 110.4/105G,0,0.6,0.015959,0.09639,PRICED_E1_shortage_ratio_OREO VANILLA 110.4/105G_T4_5,0.007979
CG_LT,4,,MM HIEP PHU,MM AN PHU,OREO VANILLA 110.4/105G,0,0.6,0.015959,0.125452,PRICED_E1_shortage_ratio_OREO VANILLA 110.4/105G_T4_5,0.007979
CG_LT,50,,MM BIEN HOA,MM AN PHU,OREO VANILLA 110.4/105G,14,0.6,0.154944,8.381243,PRICED_E1_shortage_ratio_OREO VANILLA 110.4/105G_T50_1,0.077472
CG_LT,50,,MM BIEN HOA,MM DA NANG,OREO VANILLA 110.4/105G,1,0.6,0.154944,0.890973,PRICED_E1_shortage_ratio_OREO VANILLA 110.4/105G_T50_1,0.077472
CG_LT,50,,MM BIEN HOA,MM DA NANG,OREO VANILLA 110.4/105G,16,0.6,2.0,11.50056,PRICED_E1_shortage_ratio_OREO VANILLA 110.4/105G_T50_2,1.0
CG_LT,50,,MM BINH PHU,MM AN PHU,OREO VANILLA 110.4/105G,177,0.6,2.0,108.183986,PRICED_E1_shortage_ratio_OREO VANILLA 110.4/105G_T50_2,1.0
CG_LT,51,,MM BIEN HOA,MM DA NANG,OREO VANILLA 110.4/105G,63,0.6,2.0,39.509623,PRICED_E1_shortage_ratio_OREO VANILLA 110.4/105G_T51_2,1.0
CG_LT,51,,MM BINH PHU,MM AN PHU,OREO VANILLA 110.4/105G,126,0.6,2.0,77.608408,PRICED_E1_shortage_ratio_OREO VANILLA 110.4/105G_T51_2,1.0
CG_LT,51,,MM BIEN HOA,MM AN PHU,OREO VANILLA 110.4/105G,29,0.6,0.465758,18.073349,PRICED_E1_shortage_ratio_OREO VANILLA 110.4/105G_T51_5,0.232879
CG_LT,51,,MM BINH PHU,MM DA NANG,OREO VANILLA 110.4/105G,15,0.6,0.465758,9.200952,PRICED_E1_shortage_ratio_OREO VANILLA 110.4/105G_T51_5,0.232879
CG_LT,52,,MM BIEN HOA,MM DA NANG,OREO VANILLA 110.4/105G,3,0.6,0.120468,1.950844,PRICED_E1_shortage_ratio_OREO VANILLA 110.4/105G_T52_2,0.060234
CG_LT,52,,MM BINH PHU,MM AN PHU,OREO VANILLA 110.4/105G,9,0.6,0.120468,5.259166,PRICED_E1_shortage_ratio_OREO VANILLA 110.4/105G_T52_2,0.060234
CG_LT,52,,MM BIEN HOA,MM AN PHU,OREO VANILLA 110.4/105G,142,0.6,2.0,87.312229,PRICED_E1_shortage_ratio_OREO VANILLA 110.4/105G_T52_5,1.0
CG_LT,52,,MM BINH PHU,MM DA NANG,OREO VANILLA 110.4/105G,51,0.6,2.0,32.387744,PRICED_E1_shortage_ratio_OREO VANILLA 110.4/105G_T52_5,1.0
CG_LT,53,,MM BIEN HOA,MM DA NANG,OREO VANILLA 110.4/105G,21,0.6,2.0,14.395729,PRICED_E1_shortage_ratio_OREO VANILLA 110.4/105G_T53_1,1.0
CG_LT,53,,MM BINH PHU,MM AN PHU,OREO VANILLA 110.4/105G,239,0.6,2.0,145.621747,PRICED_E1_shortage_ratio_OREO VANILLA 110.4/105G_T53_1,1.0
CG_LT,54,,MM BIEN HOA,MM AN PHU,OREO VANILLA 110.4/105G,75,0.6,2.0,46.880045,PRICED_E1_shortage_ratio_OREO VANILLA 110.4/105G_T54_1,1.0
CG_LT,54,,MM BIEN HOA,MM DA NANG,OREO VANILLA 110.4/105G,9,0.6,2.0,7.557361,PRICED_E1_shortage_ratio_OREO VANILLA 110.4/105G_T54_1,1.0
CG_LT,54,,MM BIEN HOA,MM DA NANG,OREO VANILLA 110.4/105G,2,0.6,0.483952,1.8287,PRICED_E1_shortage_ratio_OREO VANILLA 110.4/105G_T54_3,0.241976
CG_LT,54,,MM HIEP PHU,MM AN PHU,OREO VANILLA 110.4/105G,18,0.6,0.483952,11.343845,PRICED_E1_shortage_ratio_OREO VANILLA 110.4/105G_T54_3,0.241976
CG_LT,55,,MM BIEN HOA,MM AN PHU,OREO VANILLA 110.4/105G,20,0.6,2.0,14.051105,PRICED_E1_shortage_ratio_OREO VANILLA 110.4/105G_T55_1,1.0
CG_LT,55,,MM BIEN HOA,MM DA NANG,OREO VANILLA 110.4/105G,14,0.6,2.0,10.20453,PRICED_E1_shortage_ratio_OREO VANILLA 110.4/105G_T55_1,1.0
CG_LT,55,,MM BIEN HOA,MM DA NANG,OREO VANILLA 110.4/105G,8,0.6,1.107847,5.652528,PRICED_E1_shortage_ratio_OREO VANILLA 110.4/105G_T55_2,0.553923
CG_LT,55,,MM BINH PHU,MM AN PHU,OREO VANILLA 110.4/105G,11,0.6,1.107847,7.783236,PRICED_E1_shortage_ratio_OREO VANILLA 110.4/105G_T55_2,0.553923
CG_LT,55,,MM BIEN HOA,MM DA NANG,OREO VANILLA 110.4/105G,14,0.6,2.0,10.20453,PRICED_E1_shortage_ratio_OREO VANILLA 110.4/105G_T55_3,1.0
CG_LT,55,,MM HIEP PHU,MM AN PHU,OREO VANILLA 110.4/105G,20,0.6,2.0,14.051105,PRICED_E1_shortage_ratio_OREO VANILLA 110.4/105G_T55_3,1.0
CG_LT,56,,MM BIEN HOA,MM AN PHU,OREO VANILLA 110.4/105G,64,0.6,2.0,40.446706,PRICED_E1_shortage_ratio_OREO VANILLA 110.4/105G_T56_1,1.0
CG_LT,56,,MM BIEN HOA,MM DA NANG,OREO VANILLA 110.4/105G,51,0.6,2.0,32.451462,PRICED_E1_shortage_ratio_OREO VANILLA 110.4/105G_T56_1,1.0
CG_LT,56,,MM BIEN HOA,MM DA NANG,OREO VANILLA 110.4/105G,5,0.6,0.206791,3.355329,PRICED_E1_shortage_ratio_OREO VANILLA 110.4/105G_T56_3,0.103395
CG_LT,56,,MM HIEP PHU,MM AN PHU,OREO VANILLA 110.4/105G,7,0.6,0.206791,4.181999,PRICED_E1_shortage_ratio_OREO VANILLA 110.4/105G_T56_3,0.103395
CG_LT,57,,MM BIEN HOA,MM AN PHU,OREO VANILLA 110.4/105G,36,0.6,0.546394,21.983248,PRICED_E1_shortage_ratio_OREO VANILLA 110.4/105G_T57_1,0.273197
CG_LT,57,,MM BIEN HOA,MM DA NANG,OREO VANILLA 110.4/105G,13,0.6,0.546394,8.352856,PRICED_E1_shortage_ratio_OREO VANILLA 110.4/105G_T57_1,0.273197
CG_LT,57,,MM BIEN HOA,MM DA NANG,OREO VANILLA 110.4/105G,48,0.6,2.0,30.574457,PRICED_E1_shortage_ratio_OREO VANILLA 110.4/105G_T57_3,1.0
CG_LT,57,,MM HIEP PHU,MM AN PHU,OREO VANILLA 110.4/105G,131,0.6,2.0,80.466593,PRICED_E1_shortage_ratio_OREO VANILLA 110.4/105G_T57_3,1.0
CG_LT,58,,MM BIEN HOA,MM DA NANG,OREO VANILLA 110.4/105G,8,0.6,0.199491,4.777369,PRICED_E1_shortage_ratio_OREO VANILLA 110.4/105G_T58_3,0.099746
CG_LT,58,,MM HIEP PHU,MM AN PHU,OREO VANILLA 110.4/105G,21,0.6,0.199491,12.753073,PRICED_E1_shortage_ratio_OREO VANILLA 110.4/105G_T58_3,0.099746
CG_LT,58,,MM BIEN HOA,MM AN PHU,OREO VANILLA 110.4/105G,210,0.6,2.0,127.856051,PRICED_E1_shortage_ratio_OREO VANILLA 110.4/105G_T58_5,1.0
CG_LT,58,,MM BINH PHU,MM DA NANG,OREO VANILLA 110.4/105G,76,0.6,2.0,47.895554,PRICED_E1_shortage_ratio_OREO VANILLA 110.4/105G_T58_5,1.0
CG_LT,59,,MM BIEN HOA,MM DA NANG,OREO VANILLA 110.4/105G,57,0.6,2.0,35.933579,PRICED_E1_shortage_ratio_OREO VANILLA 110.4/105G_T59_1,1.0
CG_LT,59,,MM BINH PHU,MM AN PHU,OREO VANILLA 110.4/105G,272,0.6,2.0,165.34457,PRICED_E1_shortage_ratio_OREO VANILLA 110.4/105G_T59_1,1.0
CG_LT,59,,MM BINH PHU,MM AN PHU,OREO VANILLA 110.4/105G,9,0.6,0.069447,5.74138,PRICED_E1_shortage_ratio_OREO VANILLA 110.4/105G_T59_5,0.034724
CG_LT,59,,MM BINH PHU,MM DA NANG,OREO VANILLA 110.4/105G,2,0.6,0.069447,1.247748,PRICED_E1_shortage_ratio_OREO VANILLA 110.4/105G_T59_5,0.034724
CG_LT,5,,MM BINH PHU,MM DA NANG,OREO VANILLA 110.4/105G,16,0.6,2.0,11.6583,PRICED_E1_shortage_ratio_OREO VANILLA 110.4/105G_T5_1,1.0
CG_LT,5,,MM HIEP PHU,MM AN PHU,OREO VANILLA 110.4/105G,75,0.6,2.0,46.713032,PRICED_E1_shortage_ratio_OREO VANILLA 110.4/105G_T5_1,1.0
CG_LT,5,,MM HIEP PHU,MM DA NANG,OREO VANILLA 110.4/105G,13,0.6,2.0,9.611412,PRICED_E1_shortage_ratio_OREO VANILLA 110.4/105G_T5_1,1.0
CG_LT,60,,MM BIEN HOA,MM AN PHU,OREO VANILLA 110.4/105G,152,0.6,2.0,93.234344,PRICED_E1_shortage_ratio_OREO VANILLA 110.4/105G_T60_1,1.0
CG_LT,60,,MM BIEN HOA,MM DA NANG,OREO VANILLA 110.4/105G,68,0.6,2.0,42.500818,PRICED_E1_shortage_ratio_OREO VANILLA 110.4/105G_T60_1,1.0
CG_LT,60,,MM BIEN HOA,MM DA NANG,OREO VANILLA 110.4/105G,16,0.6,0.466454,9.912348,PRICED_E1_shortage_ratio_OREO VANILLA 110.4/105G_T60_3,0.233227
CG_LT,60,,MM HIEP PHU,MM AN PHU,OREO VANILLA 110.4/105G,35,0.6,0.466454,21.744789,PRICED_E1_shortage_ratio_OREO VANILLA 110.4/105G_T60_3,0.233227
CG_LT,61,,MM BIEN HOA,MM AN PHU,OREO VANILLA 110.4/105G,21,0.6,0.700393,13.539618,PRICED_E1_shortage_ratio_OREO VANILLA 110.4/105G_T61_1,0.350197
CG_LT,61,,MM BIEN HOA,MM DA NANG,OREO VANILLA 110.4/105G,24,0.6,0.700393,15.324967,PRICED_E1_shortage_ratio_OREO VANILLA 110.4/105G_T61_1,0.350197
CG_LT,61,,MM BIEN HOA,MM AN PHU,OREO VANILLA 110.4/105G,61,0.6,2.0,38.662895,PRICED_E1_shortage_ratio_OREO VANILLA 110.4/105G_T61_3,1.0
CG_LT,61,,MM HIEP PHU,MM DA NANG,OREO VANILLA 110.4/105G,70,0.6,2.0,43.761027,PRICED_E1_shortage_ratio_OREO VANILLA 110.4/105G_T61_3,1.0
CG_LT,62,,MM BIEN HOA,MM AN PHU,OREO VANILLA 110.4/105G,59,0.6,2.0,37.328691,PRICED_E1_shortage_ratio_OREO VANILLA 110.4/105G_T62_1,1.0
CG_LT,62,,MM BIEN HOA,MM DA NANG,OREO VANILLA 110.4/105G,253,0.6,2.0,153.505838,PRICED_E1_shortage_ratio_OREO VANILLA 110.4/105G_T62_1,1.0
CG_LT,63,,MM BIEN HOA,MM DA NANG,OREO VANILLA 110.4/105G,22,0.6,0.169114,13.411236,PRICED_E1_shortage_ratio_OREO VANILLA 110.4/105G_T63_3,0.084557
CG_LT,63,,MM HIEP PHU,MM AN PHU,OREO VANILLA 110.4/105G,23,0.6,0.169114,13.961698,PRICED_E1_shortage_ratio_OREO VANILLA 110.4/105G_T63_3,0.084557
CG_LT,63,,MM BIEN HOA,MM AN PHU,OREO VANILLA 110.4/105G,272,0.6,2.0,165.116216,PRICED_E1_shortage_ratio_OREO VANILLA 110.4/105G_T63_5,1.0
CG_LT,63,,MM BINH PHU,MM DA NANG,OREO VANILLA 110.4/105G,261,0.6,2.0,158.606258,PRICED_E1_shortage_ratio_OREO VANILLA 110.4/105G_T63_5,1.0
CG_LT,64,,MM BIEN HOA,MM AN PHU,OREO VANILLA 110.4/105G,39,0.6,0.277926,23.971837,PRICED_E1_shortage_ratio_OREO VANILLA 110.4/105G_T64_5,0.138963
CG_LT,64,,MM BINH PHU,MM DA NANG,OREO VANILLA 110.4/105G,19,0.6,0.277926,11.422488,PRICED_E1_shortage_ratio_OREO VANILLA 110.4/105G_T64_5,0.138963
CG_LT,65,,MM BIEN HOA,MM AN PHU,OREO VANILLA 110.4/105G,195,0.6,2.0,118.71893,PRICED_E1_shortage_ratio_OREO VANILLA 110.4/105G_T65_2,1.0
CG_LT,65,,MM BINH PHU,MM DA NANG,OREO VANILLA 110.4/105G,200,0.6,2.0,122.16283,PRICED_E1_shortage_ratio_OREO VANILLA 110.4/105G_T65_2,1.0
CG_LT,66,,MM BIEN HOA,MM DA NANG,OREO VANILLA 110.4/105G,8,0.6,0.208066,5.173201,PRICED_E1_shortage_ratio_OREO VANILLA 110.4/105G_T66_2,0.104033
CG_LT,66,,MM BINH PHU,MM AN PHU,OREO VANILLA 110.4/105G,31,0.6,0.208066,18.569339,PRICED_E1_shortage_ratio_OREO VANILLA 110.4/105G_T66_2,0.104033
CG_LT,66,,MM BIEN HOA,MM AN PHU,OREO VANILLA 110.4/105G,294,0.6,2.0,178.494727,PRICED_E1_shortage_ratio_OREO VANILLA 110.4/105G_T66_5,1.0
CG_LT,66,,MM BINH PHU,MM DA NANG,OREO VANILLA 110.4/105G,80,0.6,2.0,49.726549,PRICED_E1_shortage_ratio_OREO VANILLA 110.4/105G_T66_5,1.0
CG_LT,67,,MM BIEN HOA,MM AN PHU,OREO VANILLA 110.4/105G,221,0.6,2.0,134.64281,PRICED_E1_shortage_ratio_OREO VANILLA 110.4/105G_T67_1,1.0
CG_LT,67,,MM BIEN HOA,MM DA NANG,OREO VANILLA 110.4/105G,52,0.6,2.0,33.370989,PRICED_E1_shortage_ratio_OREO VANILLA 110.4/105G_T67_1,1.0
CG_LT,67,,MM BIEN HOA,MM DA NANG,OREO VANILLA 110.4/105G,7,0.6,0.267557,4.464325,PRICED_E1_shortage_ratio_OREO VANILLA 110.4/105G_T67_2,0.133779
CG_LT,67,,MM BINH PHU,MM AN PHU,OREO VANILLA 110.4/105G,30,0.6,0.267557,18.012331,PRICED_E1_shortage_ratio_OREO VANILLA 110.4/105G_T67_2,0.133779
CG_LT,68,,MM BIEN HOA,MM AN PHU,OREO VANILLA 110.4/105G,41,0.6,2.0,26.436879,PRICED_E1_shortage_ratio_OREO VANILLA 110.4/105G_T68_1,1.0
CG_LT,68,,MM BIEN HOA,MM DA NANG,OREO VANILLA 110.4/105G,66,0.6,2.0,41.553451,PRICED_E1_shortage_ratio_OREO VANILLA 110.4/105G_T68_1,1.0
CG_LT,69,,MM BIEN HOA,MM AN PHU,OREO VANILLA 110.4/105G,23,0.6,0.337768,14.10309,PRICED_E1_shortage_ratio_OREO VANILLA 110.4/105G_T69_1,0.168884
CG_LT,69,,MM BIEN HOA,MM DA NANG,OREO VANILLA 110.4/105G,11,0.6,0.337768,6.994974,PRICED_E1_shortage_ratio_OREO VANILLA 110.4/105G_T69_1,0.168884
CG_LT,69,,MM BIEN HOA,MM DA NANG,OREO VANILLA 110.4/105G,66,0.6,2.0,41.418754,PRICED_E1_shortage_ratio_OREO VANILLA 110.4/105G_T69_3,1.0
CG_LT,69,,MM HIEP PHU,MM AN PHU,OREO VANILLA 110.4/105G,136,0.6,2.0,83.507444,PRICED_E1_shortage_ratio_OREO VANILLA 110.4/105G_T69_3,1.0
CG_LT,6,,MM BIEN HOA,MM AN PHU,OREO VANILLA 110.4/105G,8,0.6,2.0,6.942304,PRICED_E1_shortage_ratio_OREO VANILLA 110.4/105G_T6_1,1.0
CG_LT,6,,MM BINH PHU,MM BIEN HOA,OREO VANILLA 110.4/105G,14,0.6,2.0,10.393207,PRICED_E1_shortage_ratio_OREO VANILLA 110.4/105G_T6_1,1.0
CG_LT,6,,MM BINH PHU,MM AN PHU,OREO VANILLA 110.4/105G,8,0.6,2.0,6.942304,PRICED_E1_shortage_ratio_OREO VANILLA 110.4/105G_T6_2,1.0
CG_LT,6,,MM BINH PHU,MM BIEN HOA,OREO VANILLA 110.4/105G,14,0.6,2.0,10.393207,PRICED_E1_shortage_ratio_OREO VANILLA 110.4/105G_T6_2,1.0
CG_LT,6,,MM BINH PHU,MM BIEN HOA,OREO VANILLA 110.4/105G,14,0.6,2.0,10.393207,PRICED_E1_shortage_ratio_OREO VANILLA 110.4/105G_T6_3,1.0
CG_LT,6,,MM HIEP PHU,MM AN PHU,OREO VANILLA 110.4/105G,8,0.6,2.0,6.942304,PRICED_E1_shortage_ratio_OREO VANILLA 110.4/105G_T6_3,1.0
CG_LT,70,,MM BIEN HOA,MM AN PHU,OREO VANILLA 110.4/105G,48,0.6,0.582595,29.109176,PRICED_E1_shortage_ratio_OREO VANILLA 110.4/105G_T70_1,0.291297
CG_LT,70,,MM BIEN HOA,MM DA NANG,OREO VANILLA 110.4/105G,20,0.6,0.582595,12.794102,PRICED_E1_shortage_ratio_OREO VANILLA 110.4/105G_T70_1,0.291297
CG_LT,70,,MM BIEN HOA,MM DA NANG,OREO VANILLA 110.4/105G,70,0.6,2.0,43.921106,PRICED_E1_shortage_ratio_OREO VANILLA 110.4/105G_T70_2,1.0
CG_LT,70,,MM BINH PHU,MM AN PHU,OREO VANILLA 110.4/105G,163,0.6,2.0,99.929419,PRICED_E1_shortage_ratio_OREO VANILLA 110.4/105G_T70_2,1.0
CG_LT,71,,MM BIEN HOA,MM AN PHU,OREO VANILLA 110.4/105G,161,0.6,2.0,98.497008,PRICED_E1_shortage_ratio_OREO VANILLA 110.4/105G_T71_1,1.0
CG_LT,71,,MM BIEN HOA,MM DA NANG,OREO VANILLA 110.4/105G,106,0.6,2.0,65.528079,PRICED_E1_shortage_ratio_OREO VANILLA 110.4/105G_T71_1,1.0
CG_LT,71,,MM BIEN HOA,MM AN PHU,OREO VANILLA 110.4/105G,30,0.6,0.367742,18.110734,PRICED_E1_shortage_ratio_OREO VANILLA 110.4/105G_T71_2,0.183871
CG_LT,71,,MM BINH PHU,MM DA NANG,OREO VANILLA 110.4/105G,19,0.6,0.367742,12.048707,PRICED_E1_shortage_ratio_OREO VANILLA 110.4/105G_T71_2,0.183871
CG_LT,72,,MM BIEN HOA,MM AN PHU,OREO VANILLA 110.4/105G,149,0.6,2.0,91.349385,PRICED_E1_shortage_ratio_OREO VANILLA 110.4/105G_T72_1,1.0
CG_LT,72,,MM BIEN HOA,MM DA NANG,OREO VANILLA 110.4/105G,127,0.6,2.0,78.176605,PRICED_E1_shortage_ratio_OREO VANILLA 110.4/105G_T72_1,1.0
CG_LT,72,,MM BIEN HOA,MM DA NANG,OREO VANILLA 110.4/105G,30,0.6,0.47657,18.62831,PRICED_E1_shortage_ratio_OREO VANILLA 110.4/105G_T72_3,0.238285
CG_LT,72,,MM HIEP PHU,MM AN PHU,OREO VANILLA 110.4/105G,35,0.6,0.47657,21.767185,PRICED_E1_shortage_ratio_OREO VANILLA 110.4/105G_T72_3,0.238285
CG_LT,73,,MM BIEN HOA,MM AN PHU,OREO VANILLA 110.4/105G,67,0.6,2.0,42.195094,PRICED_E1_shortage_ratio_OREO VANILLA 110.4/105G_T73_1,1.0
CG_LT,73,,MM BIEN HOA,MM DA NANG,OREO VANILLA 110.4/105G,100,0.6,2.0,62.093366,PRICED_E1_shortage_ratio_OREO VANILLA 110.4/105G_T73_1,1.0
CG_LT,73,,MM BIEN HOA,MM AN PHU,OREO VANILLA 110.4/105G,12,0.6,0.346245,7.30493,PRICED_E1_shortage_ratio_OREO VANILLA 110.4/105G_T73_2,0.173123
CG_LT,73,,MM BINH PHU,MM DA NANG,OREO VANILLA 110.4/105G,17,0.6,0.346245,10.749773,PRICED_E1_shortage_ratio_OREO VANILLA 110.4/105G_T73_2,0.173123
CG_LT,74,,MM BIEN HOA,MM AN PHU,OREO VANILLA 110.4/105G,85,0.6,2.0,52.812058,PRICED_E1_shortage_ratio_OREO VANILLA 110.4/105G_T74_1,1.0
CG_LT,74,,MM BIEN HOA,MM DA NANG,OREO VANILLA 110.4/105G,67,0.6,2.0,42.382925,PRICED_E1_shortage_ratio_OREO VANILLA 110.4/105G_T74_1,1.0
CG_LT,74,,MM BIEN HOA,MM DA NANG,OREO VANILLA 110.4/105G,32,0.6,0.945384,20.034071,PRICED_E1_shortage_ratio_OREO VANILLA 110.4/105G_T74_2,0.472692
CG_LT,74,,MM BINH PHU,MM AN PHU,OREO VANILLA 110.4/105G,40,0.6,0.945384,24.963839,PRICED_E1_shortage_ratio_OREO VANILLA 110.4/105G_T74_2,0.472692
CG_LT,75,,MM BIEN HOA,MM AN PHU,OREO VANILLA 110.4/105G,14,0.6,2.0,10.43623,PRICED_E1_shortage_ratio_OREO VANILLA 110.4/105G_T75_2,1.0
CG_LT,75,,MM BINH PHU,MM DA NANG,OREO VANILLA 110.4/105G,57,0.6,2.0,36.257331,PRICED_E1_shortage_ratio_OREO VANILLA 110.4/105G_T75_2,1.0
CG_LT,75,,MM BIEN HOA,MM AN PHU,OREO VANILLA 110.4/105G,5,0.6,0.768386,4.009526,PRICED_E1_shortage_ratio_OREO VANILLA 110.4/105G_T75_3,0.384193
CG_LT,75,,MM HIEP PHU,MM DA NANG,OREO VANILLA 110.4/105G,22,0.6,0.768386,13.929812,PRICED_E1_shortage_ratio_OREO VANILLA 110.4/105G_T75_3,0.384193
CG_LT,76,,MM AN PHU,MM DA NANG,OREO VANILLA 110.4/105G,12,0.6,0.8732,8.126288,PRICED_E1_shortage_ratio_OREO VANILLA 110.4/105G_T76_1,0.4366
CG_LT,76,,MM BIEN HOA,MM DA NANG,OREO VANILLA 110.4/105G,28,0.6,2.0,18.612656,PRICED_E1_shortage_ratio_OREO VANILLA 110.4/105G_T76_2,1.0
CG_LT,76,,MM BINH PHU,MM DA NANG,OREO VANILLA 110.4/105G,28,0.6,2.0,18.612656,PRICED_E1_shortage_ratio_OREO VANILLA 110.4/105G_T76_3,1.0
CG_LT,77,,MM AN PHU,MM DA NANG,OREO VANILLA 110.4/105G,27,0.6,2.0,17.943018,PRICED_E1_shortage_ratio_OREO VANILLA 110.4/105G_T77_1,1.0
CG_LT,77,,MM BIEN HOA,MM DA NANG,OREO VANILLA 110.4/105G,27,0.6,2.0,17.943018,PRICED_E1_shortage_ratio_OREO VANILLA 110.4/105G_T77_2,1.0
CG_LT,77,,MM BINH PHU,MM DA NANG,OREO VANILLA 110.4/105G,27,0.6,2.0,17.943018,PRICED_E1_shortage_ratio_OREO VANILLA 110.4/105G_T77_3,1.0
CG_LT,78,,MM AN PHU,MM DA NANG,OREO VANILLA 110.4/105G,31,0.6,2.0,20.609874,PRICED_E1_shortage_ratio_OREO VANILLA 110.4/105G_T78_1,1.0
CG_LT,78,,MM BIEN HOA,MM DA NANG,OREO VANILLA 110.4/105G,31,0.6,2.0,20.609874,PRICED_E1_shortage_ratio_OREO VANILLA 110.4/105G_T78_2,1.0
CG_LT,78,,MM BINH PHU,MM DA NANG,OREO VANILLA 110.4/105G,31,0.6,2.0,20.609874,PRICED_E1_shortage_ratio_OREO VANILLA 110.4/105G_T78_3,1.0
CG_LT,79,,MM BIEN HOA,MM DA NANG,OREO VANILLA 110.4/105G,93,0.6,2.0,58.096564,PRICED_E1_shortage_ratio_OREO VANILLA 110.4/105G_T79_2,1.0
CG_LT,79,,MM BINH PHU,MM DA NANG,OREO VANILLA 110.4/105G,79,0.6,1.696825,49.289862,PRICED_E1_shortage_ratio_OREO VANILLA 110.4/105G_T79_3,0.848413
CG_LT,7,,MM BINH PHU,MM AN PHU,OREO VANILLA 110.4/105G,126,0.6,2.0,77.467393,PRICED_E1_shortage_ratio_OREO VANILLA 110.4/105G_T7_2,1.0
CG_LT,7,,MM BINH PHU,MM BIEN HOA,OREO VANILLA 110.4/105G,34,0.6,2.0,22.169593,PRICED_E1_shortage_ratio_OREO VANILLA 110.4/105G_T7_2,1.0
CG_LT,7,,MM DA NANG,MM AN PHU,OREO VANILLA 110.4/105G,26,0.6,2.0,17.892991,PRICED_E1_shortage_ratio_OREO VANILLA 110.4/105G_T7_2,1.0
CG_LT,7,,MM HIEP PHU,MM AN PHU,OREO VANILLA 110.4/105G,65,0.6,2.0,40.763263,PRICED_E1_shortage_ratio_OREO VANILLA 110.4/105G_T7_2,1.0
CG_LT,7,,MM BINH PHU,MM AN PHU,OREO VANILLA 110.4/105G,7,0.6,0.083765,4.089295,PRICED_E1_shortage_ratio_OREO VANILLA 110.4/105G_T7_4,0.041883
CG_LT,7,,MM DA NANG,MM AN PHU,OREO VANILLA 110.4/105G,1,0.6,0.083765,0.749406,PRICED_E1_shortage_ratio_OREO VANILLA 110.4/105G_T7_4,0.041883
CG_LT,7,,MM HIEP PHU,MM AN PHU,OREO VANILLA 110.4/105G,1,0.6,0.083765,0.862517,PRICED_E1_shortage_ratio_OREO VANILLA 110.4/105G_T7_4,0.041883
CG_LT,7,,MM HIEP PHU,MM BIEN HOA,OREO VANILLA 110.4/105G,1,0.6,0.083765,0.928521,PRICED_E1_shortage_ratio_OREO VANILLA 110.4/105G_T7_4,0.041883
CG_LT,80,,MM AN PHU,MM DA NANG,OREO VANILLA 110.4/105G,34,0.6,2.0,22.485902,PRICED_E1_shortage_ratio_OREO VANILLA 110.4/105G_T80_1,1.0
CG_LT,80,,MM BIEN HOA,MM DA NANG,OREO VANILLA 110.4/105G,34,0.6,2.0,22.485902,PRICED_E1_shortage_ratio_OREO VANILLA 110.4/105G_T80_2,1.0
CG_LT,80,,MM BINH PHU,MM DA NANG,OREO VANILLA 110.4/105G,34,0.6,2.0,22.485902,PRICED_E1_shortage_ratio_OREO VANILLA 110.4/105G_T80_3,1.0
CG_LT,81,,MM BIEN HOA,MM AN PHU,OREO VANILLA 110.4/105G,31,0.6,2.0,20.508028,PRICED_E1_shortage_ratio_OREO VANILLA 110.4/105G_T81_1,1.0
CG_LT,81,,MM BINH PHU,MM AN PHU,OREO VANILLA 110.4/105G,31,0.6,2.0,20.508028,PRICED_E1_shortage_ratio_OREO VANILLA 110.4/105G_T81_2,1.0
CG_LT,81,,MM DA NANG,MM AN PHU,OREO VANILLA 110.4/105G,29,0.6,1.859684,19.069229,PRICED_E1_shortage_ratio_OREO VANILLA 110.4/105G_T81_3,0.929842
CG_LT,82,,MM BIEN HOA,MM AN PHU,OREO VANILLA 110.4/105G,160,0.6,2.0,97.766506,PRICED_E1_shortage_ratio_OREO VANILLA 110.4/105G_T82_1,1.0
CG_LT,82,,MM HIEP PHU,MM AN PHU,OREO VANILLA 110.4/105G,65,0.6,0.82036,40.101854,PRICED_E1_shortage_ratio_OREO VANILLA 110.4/105G_T82_3,0.41018
CG_LT,83,,MM BINH PHU,MM AN PHU,OREO VANILLA 110.4/105G,78,0.6,2.0,48.937313,PRICED_E1_shortage_ratio_OREO VANILLA 110.4/105G_T83_2,1.0
CG_LT,83,,MM HIEP PHU,MM AN PHU,OREO VANILLA 110.4/105G,63,0.6,1.607467,39.332554,PRICED_E1_shortage_ratio_OREO VANILLA 110.4/105G_T83_3,0.803733
CG_LT,84,,MM BIEN HOA,MM AN PHU,OREO VANILLA 110.4/105G,134,0.6,2.0,82.441555,PRICED_E1_shortage_ratio_OREO VANILLA 110.4/105G_T84_1,1.0
CG_LT,84,,MM HIEP PHU,MM AN PHU,OREO VANILLA 110.4/105G,39,0.6,0.584813,24.106458,PRICED_E1_shortage_ratio_OREO VANILLA 110.4/105G_T84_3,0.292407
CG_LT,85,,MM BIEN HOA,MM AN PHU,OREO VANILLA 110.4/105G,46,0.6,0.846936,28.170823,PRICED_E1_shortage_ratio_OREO VANILLA 110.4/105G_T85_1,0.423468
CG_LT,85,,MM BINH PHU,MM AN PHU,OREO VANILLA 110.4/105G,108,0.6,2.0,66.524112,PRICED_E1_shortage_ratio_OREO VANILLA 110.4/105G_T85_2,1.0
CG_LT,86,,MM BIEN HOA,MM AN PHU,OREO VANILLA 110.4/105G,36,0.6,1.249316,22.952774,PRICED_E1_shortage_ratio_OREO VANILLA 110.4/105G_T86_1,0.624658
CG_LT,86,,MM BINH PHU,MM AN PHU,OREO VANILLA 110.4/105G,58,0.6,2.0,36.744542,PRICED_E1_shortage_ratio_OREO VANILLA 110.4/105G_T86_2,1.0
CG_LT,87,,MM BIEN HOA,MM AN PHU,OREO VANILLA 110.4/105G,120,0.6,2.0,74.207261,PRICED_E1_shortage_ratio_OREO VANILLA 110.4/105G_T87_1,1.0
CG_LT,87,,MM BINH PHU,MM AN PHU,OREO VANILLA 110.4/105G,21,0.6,0.346711,12.86425,PRICED_E1_shortage_ratio_OREO VANILLA 110.4/105G_T87_2,0.173356
CG_LT,88,,MM BIEN HOA,MM AN PHU,OREO VANILLA 110.4/105G,74,0.6,2.0,46.339302,PRICED_E1_shortage_ratio_OREO VANILLA 110.4/105G_T88_1,1.0
CG_LT,88,,MM BINH PHU,MM AN PHU,OREO VANILLA 110.4/105G,6,0.6,0.166905,3.867133,PRICED_E1_shortage_ratio_OREO VANILLA 110.4/105G_T88_2,0.083453
CG_LT,89,,MM BIEN HOA,MM AN PHU,OREO VANILLA 110.4/105G,87,0.6,2.0,53.98593,PRICED_E1_shortage_ratio_OREO VANILLA 110.4/105G_T89_1,1.0
CG_LT,89,,MM BIEN HOA,MM DA NANG,OREO VANILLA 110.4/105G,2,0.6,2.0,3.424698,PRICED_E1_shortage_ratio_OREO VANILLA 110.4/105G_T89_1,1.0
CG_LT,89,,MM BIEN HOA,MM DA NANG,OREO VANILLA 110.4/105G,0,0.6,0.042469,0.072722,PRICED_E1_shortage_ratio_OREO VANILLA 110.4/105G_T89_3,0.021235
CG_LT,89,,MM HIEP PHU,MM AN PHU,OREO VANILLA 110.4/105G,2,0.6,0.042469,1.146373,PRICED_E1_shortage_ratio_OREO VANILLA 110.4/105G_T89_3,0.021235
CG_LT,8,,MM BINH PHU,MM AN PHU,OREO VANILLA 110.4/105G,118,0.6,2.0,72.905161,PRICED_E1_shortage_ratio_OREO VANILLA 110.4/105G_T8_1,1.0
CG_LT,8,,MM HIEP PHU,MM AN PHU,OREO VANILLA 110.4/105G,54,0.6,2.0,34.614819,PRICED_E1_shortage_ratio_OREO VANILLA 110.4/105G_T8_1,1.0
CG_LT,8,,MM BINH PHU,MM AN PHU,OREO VANILLA 110.4/105G,40,0.6,0.671852,24.49073,PRICED_E1_shortage_ratio_OREO VANILLA 110.4/105G_T8_4,0.335926
CG_LT,8,,MM HIEP PHU,MM AN PHU,OREO VANILLA 110.4/105G,18,0.6,0.671852,11.478202,PRICED_E1_shortage_ratio_OREO VANILLA 110.4/105G_T8_4,0.335926
CG_LT,8,,MM HIEP PHU,MM BIEN HOA,OREO VANILLA 110.4/105G,0,0.6,0.671852,0.821664,PRICED_E1_shortage_ratio_OREO VANILLA 110.4/105G_T8_4,0.335926
CG_LT,90,,MM BIEN HOA,MM AN PHU,OREO VANILLA 110.4/105G,153,0.6,2.0,93.596907,PRICED_E1_shortage_ratio_OREO VANILLA 110.4/105G_T90_1,1.0
CG_LT,90,,MM BIEN HOA,MM DA NANG,OREO VANILLA 110.4/105G,124,0.6,2.0,76.264559,PRICED_E1_shortage_ratio_OREO VANILLA 110.4/105G_T90_1,1.0
CG_LT,90,,MM BIEN HOA,MM DA NANG,OREO VANILLA 110.4/105G,23,0.6,0.373442,14.240196,PRICED_E1_shortage_ratio_OREO VANILLA 110.4/105G_T90_2,0.186721
CG_LT,90,,MM BINH PHU,MM AN PHU,OREO VANILLA 110.4/105G,29,0.6,0.373442,17.47651,PRICED_E1_shortage_ratio_OREO VANILLA 110.4/105G_T90_2,0.186721
CG_LT,91,,MM BIEN HOA,MM AN PHU,OREO VANILLA 110.4/105G,95,0.6,2.0,58.866822,PRICED_E1_shortage_ratio_OREO VANILLA 110.4/105G_T91_2,1.0
CG_LT,91,,MM BINH PHU,MM DA NANG,OREO VANILLA 110.4/105G,109,0.6,2.0,67.356074,PRICED_E1_shortage_ratio_OREO VANILLA 110.4/105G_T91_2,1.0
CG_LT,91,,MM BIEN HOA,MM AN PHU,OREO VANILLA 110.4/105G,33,0.6,0.694383,20.438067,PRICED_E1_shortage_ratio_OREO VANILLA 110.4/105G_T91_3,0.347192
CG_LT,91,,MM HIEP PHU,MM DA NANG,OREO VANILLA 110.4/105G,38,0.6,0.694383,23.385465,PRICED_E1_shortage_ratio_OREO VANILLA 110.4/105G_T91_3,0.347192
CG_LT,92,,MM BINH PHU,MM AN PHU,OREO VANILLA 110.4/105G,95,0.6,2.0,59.052864,PRICED_E1_shortage_ratio_OREO VANILLA 110.4/105G_T92_2,1.0
CG_LT,92,,MM HIEP PHU,MM AN PHU,OREO VANILLA 110.4/105G,18,0.6,0.378698,11.181612,PRICED_E1_shortage_ratio_OREO VANILLA 110.4/105G_T92_3,0.189349
CG_LT,93,,MM BIEN HOA,MM AN PHU,OREO VANILLA 110.4/105G,17,0.6,0.236363,10.273258,PRICED_E1_shortage_ratio_OREO VANILLA 110.4/105G_T93_1,0.118181
CG_LT,93,,MM BIEN HOA,MM DA NANG,OREO VANILLA 110.4/105G,4,0.6,0.236363,2.824081,PRICED_E1_shortage_ratio_OREO VANILLA 110.4/105G_T93_1,0.118181
CG_LT,93,,MM BIEN HOA,MM DA NANG,OREO VANILLA 110.4/105G,36,0.6,2.0,23.896145,PRICED_E1_shortage_ratio_OREO VANILLA 110.4/105G_T93_3,1.0
CG_LT,93,,MM HIEP PHU,MM AN PHU,OREO VANILLA 110.4/105G,142,0.6,2.0,86.927854,PRICED_E1_shortage_ratio_OREO VANILLA 110.4/105G_T93_3,1.0
CG_LT,94,,MM BIEN HOA,MM AN PHU,OREO VANILLA 110.4/105G,176,0.6,2.0,107.628933,PRICED_E1_shortage_ratio_OREO VANILLA 110.4/105G_T94_1,1.0
CG_LT,94,,MM BIEN HOA,MM DA NANG,OREO VANILLA 110.4/105G,33,0.6,2.0,21.698724,PRICED_E1_shortage_ratio_OREO VANILLA 110.4/105G_T94_1,1.0
CG_LT,94,,MM BIEN HOA,MM DA NANG,OREO VANILLA 110.4/105G,4,0.6,0.245055,2.658695,PRICED_E1_shortage_ratio_OREO VANILLA 110.4/105G_T94_2,0.122528
CG_LT,94,,MM BINH PHU,MM AN PHU,OREO VANILLA 110.4/105G,22,0.6,0.245055,13.187526,PRICED_E1_shortage_ratio_OREO VANILLA 110.4/105G_T94_2,0.122528
CG_LT,95,,MM BIEN HOA,MM AN PHU,OREO VANILLA 110.4/105G,18,0.6,0.257943,10.891466,PRICED_E1_shortage_ratio_OREO VANILLA 110.4/105G_T95_1,0.128971
CG_LT,95,,MM BIEN HOA,MM DA NANG,OREO VANILLA 110.4/105G,5,0.6,0.257943,3.238346,PRICED_E1_shortage_ratio_OREO VANILLA 110.4/105G_T95_1,0.128971
CG_LT,95,,MM BIEN HOA,MM AN PHU,OREO VANILLA 110.4/105G,137,0.6,2.0,84.448718,PRICED_E1_shortage_ratio_OREO VANILLA 110.4/105G_T95_5,1.0
CG_LT,95,,MM BINH PHU,MM DA NANG,OREO VANILLA 110.4/105G,39,0.6,2.0,25.10903,PRICED_E1_shortage_ratio_OREO VANILLA 110.4/105G_T95_5,1.0
CG_LT,96,,MM BIEN HOA,MM AN PHU,OREO VANILLA 110.4/105G,90,0.6,2.0,55.800092,PRICED_E1_shortage_ratio_OREO VANILLA 110.4/105G_T96_1,1.0
CG_LT,96,,MM BIEN HOA,MM DA NANG,OREO VANILLA 110.4/105G,62,0.6,2.0,39.108851,PRICED_E1_shortage_ratio_OREO VANILLA 110.4/105G_T96_1,1.0
CG_LT,97,,MM BIEN HOA,MM DA NANG,OREO VANILLA 110.4/105G,50,0.6,2.0,31.745756,PRICED_E1_shortage_ratio_OREO VANILLA 110.4/105G_T97_2,1.0
CG_LT,97,,MM BINH PHU,MM AN PHU,OREO VANILLA 110.4/105G,178,0.6,2.0,108.594818,PRICED_E1_shortage_ratio_OREO VANILLA 110.4/105G_T97_2,1.0
CG_LT,97,,MM BIEN HOA,MM DA NANG,OREO VANILLA 110.4/105G,5,0.6,0.213108,3.382645,PRICED_E1_shortage_ratio_OREO VANILLA 110.4/105G_T97_3,0.106554
CG_LT,97,,MM HIEP PHU,MM AN PHU,OREO VANILLA 110.4/105G,19,0.6,0.213108,11.571238,PRICED_E1_shortage_ratio_OREO VANILLA 110.4/105G_T97_3,0.106554
CG_LT,98,,MM BIEN HOA,MM AN PHU,OREO VANILLA 110.4/105G,160,0.6,2.0,98.249951,PRICED_E1_shortage_ratio_OREO VANILLA 110.4/105G_T98_1,1.0
CG_LT,98,,MM HIEP PHU,MM AN PHU,OREO VANILLA 110.4/105G,5,0.6,0.056924,2.79641,PRICED_E1_shortage_ratio_OREO VANILLA 110.4/105G_T98_3,0.028462
CG_LT,99,,MM BIEN HOA,MM DA NANG,OREO VANILLA 110.4/105G,34,0.6,2.0,22.316446,PRICED_E1_shortage_ratio_OREO VANILLA 110.4/105G_T99_2,1.0
CG_LT,99,,MM BINH PHU,MM AN PHU,OREO VANILLA 110.4/105G,182,0.6,2.0,111.447161,PRICED_E1_shortage_ratio_OREO VANILLA 110.4/105G_T99_2,1.0
CG_LT,9,,MM BINH PHU,MM AN PHU,OREO VANILLA 110.4/105G,96,0.6,2.0,59.719748,PRICED_E1_shortage_ratio_OREO VANILLA 110.4/105G_T9_1,1.0
CG_LT,9,,MM BINH PHU,MM DA NANG,OREO VANILLA 110.4/105G,24,0.6,2.0,16.633287,PRICED_E1_shortage_ratio_OREO VANILLA 110.4/105G_T9_1,1.0
CG_LT,9,,MM BINH PHU,MM AN PHU,OREO VANILLA 110.4/105G,6,0.6,0.127228,3.798998,PRICED_E1_shortage_ratio_OREO VANILLA 110.4/105G_T9_4,0.063614
CG_LT,9,,MM HIEP PHU,MM DA NANG,OREO VANILLA 110.4/105G,1,0.6,0.127228,0.897632,PRICED_E1_shortage_ratio_OREO VANILLA 110.4/105G_T9_4,0.063614
CG_LT,111,,MM HIEP PHU,MM AN PHU,AN RICE CRACKER SEAWEED 111.3G,39,0.6,2.0,25.697413,PRICED_E1_surplus_ratio_AN RICE CRACKER SEAWEED 111.3G_T111_1,1.0
CG_LT,111,,MM HIEP PHU,MM BINH PHU,AN RICE CRACKER SEAWEED 111.3G,54,0.6,2.0,34.123221,PRICED_E1_surplus_ratio_AN RICE CRACKER SEAWEED 111.3G_T111_1,1.0
CG_LT,112,,MM HIEP PHU,MM AN PHU,AN RICE CRACKER SEAWEED 111.3G,25,0.6,0.226386,15.507292,PRICED_E1_surplus_ratio_AN RICE CRACKER SEAWEED 111.3G_T112_1,0.113193
CG_LT,112,,MM HIEP PHU,MM BIEN HOA,AN RICE CRACKER SEAWEED 111.3G,1,0.6,0.226386,0.785001,PRICED_E1_surplus_ratio_AN RICE CRACKER SEAWEED 111.3G_T112_1,0.113193
CG_LT,112,,MM HIEP PHU,MM BINH PHU,AN RICE CRACKER SEAWEED 111.3G,26,0.6,0.226386,15.665051,PRICED_E1_surplus_ratio_AN RICE CRACKER SEAWEED 111.3G_T112_1,0.113193
CG_LT,11,,MM HIEP PHU,MM AN PHU,AN RICE CRACKER SEAWEED 111.3G,134,0.6,2.0,82.483594,PRICED_E1_surplus_ratio_AN RICE CRACKER SEAWEED 111.3G_T11_1,1.0
CG_LT,11,,MM HIEP PHU,MM DA NANG,AN RICE CRACKER SEAWEED 111.3G,23,0.6,2.0,15.754948,PRICED_E1_surplus_ratio_AN RICE CRACKER SEAWEED 111.3G_T11_1,1.0
CG_LT,12,,MM HIEP PHU,MM AN PHU,AN RICE CRACKER SEAWEED 111.3G,17,0.6,1.530397,11.877312,PRICED_E1_surplus_ratio_AN RICE CRACKER SEAWEED 111.3G_T12_1,0.765198
CG_LT,12,,MM HIEP PHU,MM BINH PHU,AN RICE CRACKER SEAWEED 111.3G,127,0.6,1.530397,77.839521,PRICED_E1_surplus_ratio_AN RICE CRACKER SEAWEED 111.3G_T12_1,0.765198
CG_LT,12,,MM HIEP PHU,MM DA NANG,AN RICE CRACKER SEAWEED 111.3G,17,0.6,1.530397,11.719036,PRICED_E1_surplus_ratio_AN RICE CRACKER SEAWEED 111.3G_T12_1,0.765198
CG_LT,32,,MM HIEP PHU,MM AN PHU,AN RICE CRACKER SEAWEED 111.3G,138,0.6,2.0,84.905235,PRICED_E1_surplus_ratio_AN RICE CRACKER SEAWEED 111.3G_T32_1,1.0
CG_LT,32,,MM HIEP PHU,MM BIEN HOA,AN RICE CRACKER SEAWEED 111.3G,12,0.6,2.0,9.016925,PRICED_E1_surplus_ratio_AN RICE CRACKER SEAWEED 111.3G_T32_1,1.0
CG_LT,32,,MM HIEP PHU,MM DA NANG,AN RICE CRACKER SEAWEED 111.3G,32,0.6,2.0,21.2,PRICED_E1_surplus_ratio_AN RICE CRACKER SEAWEED 111.3G_T32_1,1.0
CG_LT,34,,MM HIEP PHU,MM AN PHU,AN RICE CRACKER SEAWEED 111.3G,140,0.6,2.0,86.06697,PRICED_E1_surplus_ratio_AN RICE CRACKER SEAWEED 111.3G_T34_1,1.0
CG_LT,34,,MM HIEP PHU,MM BIEN HOA,AN RICE CRACKER SEAWEED 111.3G,1,0.6,2.0,2.713626,PRICED_E1_surplus_ratio_AN RICE CRACKER SEAWEED 111.3G_T34_1,1.0
CG_LT,34,,MM HIEP PHU,MM DA NANG,AN RICE CRACKER SEAWEED 111.3G,55,0.6,2.0,34.753108,PRICED_E1_surplus_ratio_AN RICE CRACKER SEAWEED 111.3G_T34_1,1.0
CG_LT,37,,MM HIEP PHU,MM AN PHU,AN RICE CRACKER SEAWEED 111.3G,196,0.6,2.0,119.443496,PRICED_E1_surplus_ratio_AN RICE CRACKER SEAWEED 111.3G_T37_1,1.0
CG_LT,37,,MM HIEP PHU,MM DA NANG,AN RICE CRACKER SEAWEED 111.3G,26,0.6,2.0,17.387335,PRICED_E1_surplus_ratio_AN RICE CRACKER SEAWEED 111.3G_T37_1,1.0
CG_LT,38,,MM HIEP PHU,MM AN PHU,AN RICE CRACKER SEAWEED 111.3G,13,0.6,0.188003,7.737861,PRICED_E1_surplus_ratio_AN RICE CRACKER SEAWEED 111.3G_T38_1,0.094001
CG_LT,38,,MM HIEP PHU,MM DA NANG,AN RICE CRACKER SEAWEED 111.3G,3,0.6,0.188003,2.059122,PRICED_E1_surplus_ratio_AN RICE CRACKER SEAWEED 111.3G_T38_1,0.094001
CG_LT,38,,MM BINH PHU,MM AN PHU,AN RICE CRACKER SEAWEED 111.3G,134,0.6,2.0,82.316577,PRICED_E1_surplus_ratio_AN RICE CRACKER SEAWEED 111.3G_T38_2,1.0
CG_LT,38,,MM HIEP PHU,MM DA NANG,AN RICE CRACKER SEAWEED 111.3G,33,0.6,2.0,21.905257,PRICED_E1_surplus_ratio_AN RICE CRACKER SEAWEED 111.3G_T38_2,1.0
CG_LT,39,,MM HIEP PHU,MM AN PHU,AN RICE CRACKER SEAWEED 111.3G,93,0.6,2.0,58.077189,PRICED_E1_surplus_ratio_AN RICE CRACKER SEAWEED 111.3G_T39_1,1.0
CG_LT,39,,MM HIEP PHU,MM DA NANG,AN RICE CRACKER SEAWEED 111.3G,54,0.6,2.0,34.193628,PRICED_E1_surplus_ratio_AN RICE CRACKER SEAWEED 111.3G_T39_1,1.0
CG_LT,40,,MM HIEP PHU,MM AN PHU,AN RICE CRACKER SEAWEED 111.3G,87,0.6,2.0,54.081566,PRICED_E1_surplus_ratio_AN RICE CRACKER SEAWEED 111.3G_T40_1,1.0
CG_LT,40,,MM HIEP PHU,MM DA NANG,AN RICE CRACKER SEAWEED 111.3G,44,0.6,2.0,28.604137,PRICED_E1_surplus_ratio_AN RICE CRACKER SEAWEED 111.3G_T40_1,1.0
CG_LT,52,,MM HIEP PHU,MM AN PHU,AN RICE CRACKER SEAWEED 111.3G,13,0.6,0.100453,8.014572,PRICED_E1_surplus_ratio_AN RICE CRACKER SEAWEED 111.3G_T52_1,0.050226
CG_LT,52,,MM HIEP PHU,MM DA NANG,AN RICE CRACKER SEAWEED 111.3G,2,0.6,0.100453,1.376671,PRICED_E1_surplus_ratio_AN RICE CRACKER SEAWEED 111.3G_T52_1,0.050226
CG_LT,52,,MM BINH PHU,MM AN PHU,AN RICE CRACKER SEAWEED 111.3G,263,0.6,2.0,159.56924,PRICED_E1_surplus_ratio_AN RICE CRACKER SEAWEED 111.3G_T52_2,1.0
CG_LT,52,,MM HIEP PHU,MM DA NANG,AN RICE CRACKER SEAWEED 111.3G,42,0.6,2.0,27.409373,PRICED_E1_surplus_ratio_AN RICE CRACKER SEAWEED 111.3G_T52_2,1.0
CG_LT,58,,MM HIEP PHU,MM AN PHU,AN RICE CRACKER SEAWEED 111.3G,11,0.6,0.150854,6.774567,PRICED_E1_surplus_ratio_AN RICE CRACKER SEAWEED 111.3G_T58_1,0.075427
CG_LT,58,,MM HIEP PHU,MM DA NANG,AN RICE CRACKER SEAWEED 111.3G,0,0.6,0.150854,0.311222,PRICED_E1_surplus_ratio_AN RICE CRACKER SEAWEED 111.3G_T58_1,0.075427
CG_LT,62,,MM HIEP PHU,MM AN PHU,AN RICE CRACKER SEAWEED 111.3G,63,0.6,2.0,39.93571,PRICED_E1_surplus_ratio_AN RICE CRACKER SEAWEED 111.3G_T62_1,1.0
CG_LT,62,,MM HIEP PHU,MM DA NANG,AN RICE CRACKER SEAWEED 111.3G,132,0.6,2.0,81.055113,PRICED_E1_surplus_ratio_AN RICE CRACKER SEAWEED 111.3G_T62_1,1.0
CG_LT,94,,MM HIEP PHU,MM AN PHU,AN RICE CRACKER SEAWEED 111.3G,163,0.6,2.0,100.013357,PRICED_E1_surplus_ratio_AN RICE CRACKER SEAWEED 111.3G_T94_1,1.0
CG_LT,94,,MM HIEP PHU,MM DA NANG,AN RICE CRACKER SEAWEED 111.3G,51,0.6,2.0,32.390354,PRICED_E1_surplus_ratio_AN RICE CRACKER SEAWEED 111.3G_T94_1,1.0
CG_LT,96,,MM HIEP PHU,MM AN PHU,AN RICE CRACKER SEAWEED 111.3G,64,0.6,2.0,40.320409,PRICED_E1_surplus_ratio_AN RICE CRACKER SEAWEED 111.3G_T96_1,1.0
CG_LT,96,,MM HIEP PHU,MM DA NANG,AN RICE CRACKER SEAWEED 111.3G,237,0.6,2.0,143.953708,PRICED_E1_surplus_ratio_AN RICE CRACKER SEAWEED 111.3G_T96_1,1.0
CG_LT,98,,MM HIEP PHU,MM AN PHU,AN RICE CRACKER SEAWEED 111.3G,264,0.6,2.0,160.514859,PRICED_E1_surplus_ratio_AN RICE CRACKER SEAWEED 111.3G_T98_1,1.0
CG_LT,98,,MM HIEP PHU,MM DA NANG,AN RICE CRACKER SEAWEED 111.3G,81,0.6,2.0,50.632995,PRICED_E1_surplus_ratio_AN RICE CRACKER SEAWEED 111.3G_T98_1,1.0
CG_LT,99,,MM HIEP PHU,MM AN PHU,AN RICE CRACKER SEAWEED 111.3G,205,0.6,2.0,125.175629,PRICED_E1_surplus_ratio_AN RICE CRACKER SEAWEED 111.3G_T99_1,1.0
CG_LT,99,,MM HIEP PHU,MM DA NANG,AN RICE CRACKER SEAWEED 111.3G,89,0.6,2.0,55.298467,PRICED_E1_surplus_ratio_AN RICE CRACKER SEAWEED 111.3G_T99_1,1.0
CG_LT,16,,MM BIEN HOA,MM AN PHU,OREO VANILLA 110.4/105G,9,0.6,0.078609,5.663655,PRICED_E1_surplus_ratio_OREO VANILLA 110.4/105G_T16_2,0.039304
CG_LT,16,,MM HIEP PHU,MM AN PHU,OREO VANILLA 110.4/105G,1,0.6,0.078609,0.384803,PRICED_E1_surplus_ratio_OREO VANILLA 110.4/105G_T16_2,0.039304
CG_LT,16,,MM HIEP PHU,MM BINH PHU,OREO VANILLA 110.4/105G,4,0.6,0.078609,2.460448,PRICED_E1_surplus_ratio_OREO VANILLA 110.4/105G_T16_2,0.039304
CG_LT,16,,MM HIEP PHU,MM DA NANG,OREO VANILLA 110.4/105G,4,0.6,0.078609,2.360216,PRICED_E1_surplus_ratio_OREO VANILLA 110.4/105G_T16_2,0.039304
CG_LT,21,,MM HIEP PHU,MM AN PHU,OREO VANILLA 110.4/105G,88,0.6,2.0,54.78721,PRICED_E1_surplus_ratio_OREO VANILLA 110.4/105G_T21_1,1.0
CG_LT,21,,MM HIEP PHU,MM DA NANG,OREO VANILLA 110.4/105G,143,0.6,2.0,87.85163,PRICED_E1_surplus_ratio_OREO VANILLA 110.4/105G_T21_1,1.0
CG_LT,22,,MM HIEP PHU,MM AN PHU,OREO VANILLA 110.4/105G,147,0.6,2.0,90.179902,PRICED_E1_surplus_ratio_OREO VANILLA 110.4/105G_T22_1,1.0
CG_LT,22,,MM HIEP PHU,MM DA NANG,OREO VANILLA 110.4/105G,68,0.6,2.0,42.735409,PRICED_E1_surplus_ratio_OREO VANILLA 110.4/105G_T22_1,1.0
CG_LT,23,,MM HIEP PHU,MM AN PHU,OREO VANILLA 110.4/105G,17,0.6,0.398502,10.432412,PRICED_E1_surplus_ratio_OREO VANILLA 110.4/105G_T23_1,0.199251
CG_LT,23,,MM HIEP PHU,MM DA NANG,OREO VANILLA 110.4/105G,28,0.6,0.398502,17.492968,PRICED_E1_surplus_ratio_OREO VANILLA 110.4/105G_T23_1,0.199251
CG_LT,24,,MM BIEN HOA,MM DA NANG,OREO VANILLA 110.4/105G,15,0.6,0.434597,9.702496,PRICED_E1_surplus_ratio_OREO VANILLA 110.4/105G_T24_2,0.217298
CG_LT,24,,MM HIEP PHU,MM AN PHU,OREO VANILLA 110.4/105G,16,0.6,0.434597,10.15982,PRICED_E1_surplus_ratio_OREO VANILLA 110.4/105G_T24_2,0.217298
CG_LT,24,,MM HIEP PHU,MM DA NANG,OREO VANILLA 110.4/105G,25,0.6,0.434597,15.348454,PRICED_E1_surplus_ratio_OREO VANILLA 110.4/105G_T24_2,0.217298
CG_LT,28,,MM HIEP PHU,MM AN PHU,OREO VANILLA 110.4/105G,325,0.6,2.0,197.184732,PRICED_E1_surplus_ratio_OREO VANILLA 110.4/105G_T28_1,1.0
CG_LT,28,,MM HIEP PHU,MM BINH PHU,OREO VANILLA 110.4/105G,37,0.6,2.0,24.283428,PRICED_E1_surplus_ratio_OREO VANILLA 110.4/105G_T28_1,1.0
CG_LT,28,,MM HIEP PHU,MM DA NANG,OREO VANILLA 110.4/105G,32,0.6,2.0,21.00638,PRICED_E1_surplus_ratio_OREO VANILLA 110.4/105G_T28_1,1.0
CG_LT,29,,MM HIEP PHU,MM AN PHU,OREO VANILLA 110.4/105G,258,0.6,2.0,156.872243,PRICED_E1_surplus_ratio_OREO VANILLA 110.4/105G_T29_1,1.0
CG_LT,29,,MM HIEP PHU,MM BINH PHU,OREO VANILLA 110.4/105G,53,0.6,2.0,33.984318,PRICED_E1_surplus_ratio_OREO VANILLA 110.4/105G_T29_1,1.0
CG_LT,29,,MM HIEP PHU,MM DA NANG,OREO VANILLA 110.4/105G,47,0.6,2.0,30.191368,PRICED_E1_surplus_ratio_OREO VANILLA 110.4/105G_T29_1,1.0
CG_LT,31,,MM HIEP PHU,MM AN PHU,OREO VANILLA 110.4/105G,279,0.6,2.0,169.171318,PRICED_E1_surplus_ratio_OREO VANILLA 110.4/105G_T31_1,1.0
CG_LT,31,,MM HIEP PHU,MM DA NANG,OREO VANILLA 110.4/105G,39,0.6,2.0,25.650169,PRICED_E1_surplus_ratio_OREO VANILLA 110.4/105G_T31_1,1.0
CG_LT,33,,MM HIEP PHU,MM AN PHU,OREO VANILLA 110.4/105G,217,0.6,2.0,132.047835,PRICED_E1_surplus_ratio_OREO VANILLA 110.4/105G_T33_1,1.0
CG_LT,33,,MM HIEP PHU,MM DA NANG,OREO VANILLA 110.4/105G,6,0.6,2.0,5.824937,PRICED_E1_surplus_ratio_OREO VANILLA 110.4/105G_T33_1,1.0
CG_LT,37,,MM BIEN HOA,MM DA NANG,OREO VANILLA 110.4/105G,175,0.6,2.0,107.284788,PRICED_E1_surplus_ratio_OREO VANILLA 110.4/105G_T37_2,1.0
CG_LT,37,,MM BINH PHU,MM AN PHU,OREO VANILLA 110.4/105G,148,0.6,2.0,90.519263,PRICED_E1_surplus_ratio_OREO VANILLA 110.4/105G_T37_2,1.0
CG_LT,38,,MM BIEN HOA,MM AN PHU,OREO VANILLA 110.4/105G,200,0.6,2.0,121.894322,PRICED_E1_surplus_ratio_OREO VANILLA 110.4/105G_T38_2,1.0
CG_LT,38,,MM BINH PHU,MM DA NANG,OREO VANILLA 110.4/105G,181,0.6,2.0,110.500527,PRICED_E1_surplus_ratio_OREO VANILLA 110.4/105G_T38_2,1.0
CG_LT,40,,MM BINH PHU,MM AN PHU,OREO VANILLA 110.4/105G,296,0.6,2.0,179.592304,PRICED_E1_surplus_ratio_OREO VANILLA 110.4/105G_T40_1,1.0
CG_LT,40,,MM BINH PHU,MM DA NANG,OREO VANILLA 110.4/105G,75,0.6,2.0,47.19254,PRICED_E1_surplus_ratio_OREO VANILLA 110.4/105G_T40_1,1.0
CG_LT,40,,MM BINH PHU,MM HIEP PHU,OREO VANILLA 110.4/105G,10,0.6,2.0,7.967224,PRICED_E1_surplus_ratio_OREO VANILLA 110.4/105G_T40_1,1.0
CG_LT,64,,MM BINH PHU,MM AN PHU,OREO VANILLA 110.4/105G,284,0.6,2.0,172.505202,PRICED_E1_surplus_ratio_OREO VANILLA 110.4/105G_T64_1,1.0
CG_LT,64,,MM BINH PHU,MM DA NANG,OREO VANILLA 110.4/105G,134,0.6,2.0,82.198062,PRICED_E1_surplus_ratio_OREO VANILLA 110.4/105G_T64_1,1.0
CG_LT,65,,MM BIEN HOA,MM DA NANG,OREO VANILLA 110.4/105G,12,0.6,0.119801,7.317593,PRICED_E1_surplus_ratio_OREO VANILLA 110.4/105G_T65_2,0.0599
CG_LT,65,,MM BINH PHU,MM AN PHU,OREO VANILLA 110.4/105G,12,0.6,0.119801,7.111302,PRICED_E1_surplus_ratio_OREO VANILLA 110.4/105G_T65_2,0.0599
CG_LT,68,,MM BINH PHU,MM AN PHU,OREO VANILLA 110.4/105G,20,0.6,0.995473,13.158594,PRICED_E1_surplus_ratio_OREO VANILLA 110.4/105G_T68_1,0.497736
CG_LT,68,,MM BINH PHU,MM DA NANG,OREO VANILLA 110.4/105G,33,0.6,0.995473,20.68266,PRICED_E1_surplus_ratio_OREO VANILLA 110.4/105G_T68_1,0.497736
CG_LT,100,,MM BINH PHU,MM BIEN HOA,AN RICE CRACKER SEAWEED 111.3G,4,0.6,0.327897,3.015418,PRICED_E2_shortage_ratio_AN RICE CRACKER SEAWEED 111.3G_T100_1,0.163948
CG_LT,100,,MM HIEP PHU,MM BIEN HOA,AN RICE CRACKER SEAWEED 111.3G,27,0.6,2.0,18.392479,PRICED_E2_shortage_ratio_AN RICE CRACKER SEAWEED 111.3G_T100_2,1.0
CG_LT,101,,MM BIEN HOA,MM AN PHU,AN RICE CRACKER SEAWEED 111.3G,6,0.6,1.466832,4.816335,PRICED_E2_shortage_ratio_AN RICE CRACKER SEAWEED 111.3G_T101_1,0.733416
CG_LT,101,,MM BINH PHU,MM AN PHU,AN RICE CRACKER SEAWEED 111.3G,8,0.6,2.0,6.566988,PRICED_E2_shortage_ratio_AN RICE CRACKER SEAWEED 111.3G_T101_2,1.0
CG_LT,101,,MM HIEP PHU,MM AN PHU,AN RICE CRACKER SEAWEED 111.3G,8,0.6,2.0,6.566988,PRICED_E2_shortage_ratio_AN RICE CRACKER SEAWEED 111.3G_T101_3,1.0
CG_LT,107,,MM DA NANG,MM BIEN HOA,AN RICE CRACKER SEAWEED 111.3G,1,0.6,0.124475,0.719421,PRICED_E2_shortage_ratio_AN RICE CRACKER SEAWEED 111.3G_T107_1,0.062238
CG_LT,107,,MM HIEP PHU,MM BIEN HOA,AN RICE CRACKER SEAWEED 111.3G,16,0.6,2.0,11.559248,PRICED_E2_shortage_ratio_AN RICE CRACKER SEAWEED 111.3G_T107_2,1.0
CG_LT,111,,MM HIEP PHU,MM AN PHU,AN RICE CRACKER SEAWEED 111.3G,7,0.6,2.0,6.194865,PRICED_E2_shortage_ratio_AN RICE CRACKER SEAWEED 111.3G_T111_2,1.0
CG_LT,11,,MM BIEN HOA,MM DA NANG,AN RICE CRACKER SEAWEED 111.3G,9,0.6,2.0,7.567544,PRICED_E2_shortage_ratio_AN RICE CRACKER SEAWEED 111.3G_T11_2,1.0
CG_LT,11,,MM HIEP PHU,MM BINH PHU,AN RICE CRACKER SEAWEED 111.3G,12,0.6,2.0,9.034471,PRICED_E2_shortage_ratio_AN RICE CRACKER SEAWEED 111.3G_T11_2,1.0
CG_LT,11,,MM BIEN HOA,MM BINH PHU,AN RICE CRACKER SEAWEED 111.3G,2,0.6,0.300625,1.357994,PRICED_E2_shortage_ratio_AN RICE CRACKER SEAWEED 111.3G_T11_4,0.150313
CG_LT,11,,MM BINH PHU,MM DA NANG,AN RICE CRACKER SEAWEED 111.3G,1,0.6,0.300625,1.137497,PRICED_E2_shortage_ratio_AN RICE CRACKER SEAWEED 111.3G_T11_4,0.150313
CG_LT,142,,MM HIEP PHU,MM BIEN HOA,AN RICE CRACKER SEAWEED 111.3G,8,0.6,2.0,6.7376,PRICED_E2_shortage_ratio_AN RICE CRACKER SEAWEED 111.3G_T142_2,1.0
CG_LT,21,,MM BIEN HOA,MM DA NANG,AN RICE CRACKER SEAWEED 111.3G,9,0.6,2.0,7.316898,PRICED_E2_shortage_ratio_AN RICE CRACKER SEAWEED 111.3G_T21_1,1.0
CG_LT,21,,MM BINH PHU,MM DA NANG,AN RICE CRACKER SEAWEED 111.3G,9,0.6,2.0,7.316898,PRICED_E2_shortage_ratio_AN RICE CRACKER SEAWEED 111.3G_T21_2,1.0
CG_LT,21,,MM HIEP PHU,MM DA NANG,AN RICE CRACKER SEAWEED 111.3G,0,0.6,0.062519,0.228723,PRICED_E2_shortage_ratio_AN RICE CRACKER SEAWEED 111.3G_T21_3,0.03126
CG_LT,24,,MM BINH PHU,MM BIEN HOA,AN RICE CRACKER SEAWEED 111.3G,8,0.6,2.0,6.971345,PRICED_E2_shortage_ratio_AN RICE CRACKER SEAWEED 111.3G_T24_1,1.0
CG_LT,31,,MM BINH PHU,MM DA NANG,AN RICE CRACKER SEAWEED 111.3G,11,0.6,2.0,8.754591,PRICED_E2_shortage_ratio_AN RICE CRACKER SEAWEED 111.3G_T31_1,1.0
CG_LT,31,,MM HIEP PHU,MM DA NANG,AN RICE CRACKER SEAWEED 111.3G,11,0.6,2.0,8.754591,PRICED_E2_shortage_ratio_AN RICE CRACKER SEAWEED 111.3G_T31_2,1.0
CG_LT,36,,MM HIEP PHU,MM DA NANG,AN RICE CRACKER SEAWEED 111.3G,42,0.6,2.0,27.05555,PRICED_E2_shortage_ratio_AN RICE CRACKER SEAWEED 111.3G_T36_1,1.0
CG_LT,36,,MM BIEN HOA,MM DA NANG,AN RICE CRACKER SEAWEED 111.3G,3,0.6,0.250998,2.265956,PRICED_E2_shortage_ratio_AN RICE CRACKER SEAWEED 111.3G_T36_3,0.125499
CG_LT,36,,MM HIEP PHU,MM DA NANG,AN RICE CRACKER SEAWEED 111.3G,2,0.6,0.250998,1.380491,PRICED_E2_shortage_ratio_AN RICE CRACKER SEAWEED 111.3G_T36_3,0.125499
CG_LT,40,,MM BINH PHU,MM BIEN HOA,AN RICE CRACKER SEAWEED 111.3G,9,0.6,2.0,7.392839,PRICED_E2_shortage_ratio_AN RICE CRACKER SEAWEED 111.3G_T40_1,1.0
CG_LT,40,,MM HIEP PHU,MM BIEN HOA,AN RICE CRACKER SEAWEED 111.3G,3,0.6,0.662667,2.449496,PRICED_E2_shortage_ratio_AN RICE CRACKER SEAWEED 111.3G_T40_2,0.331334
CG_LT,50,,MM BINH PHU,MM BIEN HOA,AN RICE CRACKER SEAWEED 111.3G,15,0.6,2.0,11.230171,PRICED_E2_shortage_ratio_AN RICE CRACKER SEAWEED 111.3G_T50_1,1.0
CG_LT,50,,MM HIEP PHU,MM BIEN HOA,AN RICE CRACKER SEAWEED 111.3G,12,0.6,1.610202,9.041422,PRICED_E2_shortage_ratio_AN RICE CRACKER SEAWEED 111.3G_T50_2,0.805101
CG_LT,51,,MM BINH PHU,MM DA NANG,AN RICE CRACKER SEAWEED 111.3G,8,0.6,0.808505,5.381516,PRICED_E2_shortage_ratio_AN RICE CRACKER SEAWEED 111.3G_T51_2,0.404253
CG_LT,51,,MM HIEP PHU,MM DA NANG,AN RICE CRACKER SEAWEED 111.3G,19,0.6,2.0,13.31226,PRICED_E2_shortage_ratio_AN RICE CRACKER SEAWEED 111.3G_T51_3,1.0
CG_LT,61,,MM BIEN HOA,MM DA NANG,AN RICE CRACKER SEAWEED 111.3G,10,0.6,2.0,8.162268,PRICED_E2_shortage_ratio_AN RICE CRACKER SEAWEED 111.3G_T61_1,1.0
CG_LT,61,,MM BINH PHU,MM DA NANG,AN RICE CRACKER SEAWEED 111.3G,10,0.6,2.0,8.162268,PRICED_E2_shortage_ratio_AN RICE CRACKER SEAWEED 111.3G_T61_2,1.0
CG_LT,61,,MM HIEP PHU,MM DA NANG,AN RICE CRACKER SEAWEED 111.3G,10,0.6,2.0,8.162268,PRICED_E2_shortage_ratio_AN RICE CRACKER SEAWEED 111.3G_T61_3,1.0
CG_LT,65,,MM BINH PHU,MM BIEN HOA,AN RICE CRACKER SEAWEED 111.3G,6,0.6,2.0,5.6,PRICED_E2_shortage_ratio_AN RICE CRACKER SEAWEED 111.3G_T65_1,1.0
CG_LT,6,,MM BIEN HOA,MM HIEP PHU,AN RICE CRACKER SEAWEED 111.3G,8,0.6,1.017101,6.107762,PRICED_E2_shortage_ratio_AN RICE CRACKER SEAWEED 111.3G_T6_1,0.50855
CG_LT,6,,MM DA NANG,MM HIEP PHU,AN RICE CRACKER SEAWEED 111.3G,17,0.6,2.0,12.010139,PRICED_E2_shortage_ratio_AN RICE CRACKER SEAWEED 111.3G_T6_2,1.0
CG_LT,7,,MM BIEN HOA,MM AN PHU,AN RICE CRACKER SEAWEED 111.3G,10,0.6,2.0,7.92088,PRICED_E2_shortage_ratio_AN RICE CRACKER SEAWEED 111.3G_T7_1,1.0
CG_LT,7,,MM BINH PHU,MM AN PHU,AN RICE CRACKER SEAWEED 111.3G,12,0.6,2.0,9.131431,PRICED_E2_shortage_ratio_AN RICE CRACKER SEAWEED 111.3G_T7_1,1.0
CG_LT,7,,MM BIEN HOA,MM AN PHU,AN RICE CRACKER SEAWEED 111.3G,3,0.6,0.556696,2.20476,PRICED_E2_shortage_ratio_AN RICE CRACKER SEAWEED 111.3G_T7_2,0.278348
CG_LT,7,,MM BINH PHU,MM DA NANG,AN RICE CRACKER SEAWEED 111.3G,3,0.6,0.556696,2.21144,PRICED_E2_shortage_ratio_AN RICE CRACKER SEAWEED 111.3G_T7_2,0.278348
CG_LT,7,,MM BINH PHU,MM HIEP PHU,AN RICE CRACKER SEAWEED 111.3G,1,0.6,0.556696,0.88697,PRICED_E2_shortage_ratio_AN RICE CRACKER SEAWEED 111.3G_T7_2,0.278348
CG_LT,83,,MM BINH PHU,MM DA NANG,AN RICE CRACKER SEAWEED 111.3G,14,0.6,2.0,10.483238,PRICED_E2_shortage_ratio_AN RICE CRACKER SEAWEED 111.3G_T83_2,1.0
CG_LT,85,,MM HIEP PHU,MM BIEN HOA,AN RICE CRACKER SEAWEED 111.3G,7,0.6,2.0,6.2,PRICED_E2_shortage_ratio_AN RICE CRACKER SEAWEED 111.3G_T85_3,1.0
CG_LT,88,,MM HIEP PHU,MM DA NANG,AN RICE CRACKER SEAWEED 111.3G,8,0.6,2.0,7.07648,PRICED_E2_shortage_ratio_AN RICE CRACKER SEAWEED 111.3G_T88_2,1.0
CG_LT,8,,MM BIEN HOA,MM HIEP PHU,AN RICE CRACKER SEAWEED 111.3G,3,0.6,2.0,3.908677,PRICED_E2_shortage_ratio_AN RICE CRACKER SEAWEED 111.3G_T8_1,1.0
CG_LT,8,,MM BIEN HOA,MM AN PHU,AN RICE CRACKER SEAWEED 111.3G,3,0.6,2.0,3.908677,PRICED_E2_shortage_ratio_AN RICE CRACKER SEAWEED 111.3G_T8_2,1.0
CG_LT,91,,MM BINH PHU,MM AN PHU,AN RICE CRACKER SEAWEED 111.3G,12,0.6,2.0,8.989012,PRICED_E2_shortage_ratio_AN RICE CRACKER SEAWEED 111.3G_T91_2,1.0
CG_LT,91,,MM HIEP PHU,MM AN PHU,AN RICE CRACKER SEAWEED 111.3G,11,0.6,1.94896,8.759611,PRICED_E2_shortage_ratio_AN RICE CRACKER SEAWEED 111.3G_T91_3,0.97448
CG_LT,96,,MM BIEN HOA,MM AN PHU,AN RICE CRACKER SEAWEED 111.3G,28,0.6,2.0,19.017479,PRICED_E2_shortage_ratio_AN RICE CRACKER SEAWEED 111.3G_T96_1,1.0
CG_LT,96,,MM HIEP PHU,MM AN PHU,AN RICE CRACKER SEAWEED 111.3G,22,0.6,1.574413,14.97068,PRICED_E2_shortage_ratio_AN RICE CRACKER SEAWEED 111.3G_T96_3,0.787206
CG_LT,101,,MM BIEN HOA,MM DA NANG,OREO VANILLA 110.4/105G,14,0.6,2.0,10.124526,PRICED_E2_shortage_ratio_OREO VANILLA 110.4/105G_T101_1,1.0
CG_LT,101,,MM HIEP PHU,MM DA NANG,OREO VANILLA 110.4/105G,9,0.6,1.384149,7.006926,PRICED_E2_shortage_ratio_OREO VANILLA 110.4/105G_T101_3,0.692074
CG_LT,11,,MM HIEP PHU,MM DA NANG,OREO VANILLA 110.4/105G,11,0.6,2.0,8.300525,PRICED_E2_shortage_ratio_OREO VANILLA 110.4/105G_T11_1,1.0
CG_LT,123,,MM DA NANG,MM HIEP PHU,OREO VANILLA 110.4/105G,34,0.6,2.0,22.32715,PRICED_E2_shortage_ratio_OREO VANILLA 110.4/105G_T123_2,1.0
CG_LT,14,,MM HIEP PHU,MM BINH PHU,OREO VANILLA 110.4/105G,39,0.6,2.0,25.31722,PRICED_E2_shortage_ratio_OREO VANILLA 110.4/105G_T14_1,1.0
CG_LT,16,,MM BIEN HOA,MM DA NANG,OREO VANILLA 110.4/105G,6,0.6,2.0,5.80282,PRICED_E2_shortage_ratio_OREO VANILLA 110.4/105G_T16_1,1.0
CG_LT,21,,MM BIEN HOA,MM AN PHU,OREO VANILLA 110.4/105G,23,0.6,2.0,15.501107,PRICED_E2_shortage_ratio_OREO VANILLA 110.4/105G_T21_1,1.0
CG_LT,21,,MM HIEP PHU,MM AN PHU,OREO VANILLA 110.4/105G,21,0.6,1.873364,14.519605,PRICED_E2_shortage_ratio_OREO VANILLA 110.4/105G_T21_3,0.936682
CG_LT,25,,MM BIEN HOA,MM BINH PHU,OREO VANILLA 110.4/105G,24,0.6,1.954041,16.103525,PRICED_E2_shortage_ratio_OREO VANILLA 110.4/105G_T25_1,0.97702
CG_LT,26,,MM HIEP PHU,MM BINH PHU,OREO VANILLA 110.4/105G,7,0.6,2.0,5.919629,PRICED_E2_shortage_ratio_OREO VANILLA 110.4/105G_T26_2,1.0
CG_LT,31,,MM BINH PHU,MM DA NANG,OREO VANILLA 110.4/105G,17,0.6,2.0,12.460522,PRICED_E2_shortage_ratio_OREO VANILLA 110.4/105G_T31_2,1.0
CG_LT,33,,MM BIEN HOA,MM HIEP PHU,OREO VANILLA 110.4/105G,18,0.6,0.822998,11.917676,PRICED_E2_shortage_ratio_OREO VANILLA 110.4/105G_T33_1,0.411499
CG_LT,36,,MM BINH PHU,MM DA NANG,OREO VANILLA 110.4/105G,13,0.6,2.0,9.713216,PRICED_E2_shortage_ratio_OREO VANILLA 110.4/105G_T36_2,1.0
CG_LT,45,,MM AN PHU,MM HIEP PHU,OREO VANILLA 110.4/105G,8,0.6,2.0,6.729927,PRICED_E2_shortage_ratio_OREO VANILLA 110.4/105G_T45_1,1.0
CG_LT,47,,MM BINH PHU,MM HIEP PHU,OREO VANILLA 110.4/105G,9,0.6,2.0,7.339492,PRICED_E2_shortage_ratio_OREO VANILLA 110.4/105G_T47_2,1.0
CG_LT,49,,MM BINH PHU,MM HIEP PHU,OREO VANILLA 110.4/105G,6,0.6,2.0,5.437378,PRICED_E2_shortage_ratio_OREO VANILLA 110.4/105G_T49_2,1.0
CG_LT,51,,MM BIEN HOA,MM DA NANG,OREO VANILLA 110.4/105G,6,0.6,2.0,5.324783,PRICED_E2_shortage_ratio_OREO VANILLA 110.4/105G_T51_1,1.0
CG_LT,66,,MM BIEN HOA,MM DA NANG,OREO VANILLA 110.4/105G,15,0.6,2.0,10.894229,PRICED_E2_shortage_ratio_OREO VANILLA 110.4/105G_T66_1,1.0
CG_LT,66,,MM HIEP PHU,MM DA NANG,OREO VANILLA 110.4/105G,7,0.6,0.992573,5.40666,PRICED_E2_shortage_ratio_OREO VANILLA 110.4/105G_T66_3,0.496287
CG_LT,7,,MM HIEP PHU,MM BIEN HOA,OREO VANILLA 110.4/105G,2,0.6,2.0,2.974107,PRICED_E2_shortage_ratio_OREO VANILLA 110.4/105G_T7_1,1.0
CG_LT,86,,MM BIEN HOA,MM DA NANG,OREO VANILLA 110.4/105G,3,0.6,0.506348,2.308295,PRICED_E2_shortage_ratio_OREO VANILLA 110.4/105G_T86_1,0.253174
CG_LT,86,,MM BINH PHU,MM DA NANG,OREO VANILLA 110.4/105G,12,0.6,2.0,9.117426,PRICED_E2_shortage_ratio_OREO VANILLA 110.4/105G_T86_2,1.0
CG_LT,86,,MM HIEP PHU,MM DA NANG,OREO VANILLA 110.4/105G,12,0.6,2.0,9.117426,PRICED_E2_shortage_ratio_OREO VANILLA 110.4/105G_T86_3,1.0
CG_LT,87,,MM BINH PHU,MM DA NANG,OREO VANILLA 110.4/105G,28,0.6,2.0,18.559747,PRICED_E2_shortage_ratio_OREO VANILLA 110.4/105G_T87_2,1.0
CG_LT,87,,MM HIEP PHU,MM DA NANG,OREO VANILLA 110.4/105G,15,0.6,1.096279,10.173332,PRICED_E2_shortage_ratio_OREO VANILLA 110.4/105G_T87_3,0.54814
CG_LT,11,,MM BIEN HOA,MM DA NANG,AN RICE CRACKER SEAWEED 111.3G,9,0.6,2.0,7.533204,PRICED_E3_shortage_ratio_AN RICE CRACKER SEAWEED 111.3G_T11_1,1.0
