iteration,current_cost,candidate_cost,best_cost,temperature,accepted,new_best,destroy_op,repair_op,feasible
0,5267449250869.997,5267449250869.997,5267449250869.997,263372462544.49988,1.0,1.0,initial,initial,1.0
1,5110230337353.696,5110230337353.696,5110230337353.696,263372462544.49988,1.0,1.0,destroy_random_route,repair_random,1.0
2,5239328293913.197,5239328293913.197,5110230337353.696,262845717619.4109,1.0,0.0,destroy_random_delivery,repair_random,1.0
3,5255563678663.197,5255563678663.197,5110230337353.696,262320026184.17206,1.0,0.0,destroy_low_demand_stores,repair_random,1.0
4,5261392795949.298,5261392795949.298,5110230337353.696,261795386131.8037,1.0,0.0,destroy_shaw_stores,repair_regret2,1.0
5,5261392795949.298,5558379827548.197,5110230337353.696,261271795359.5401,0.0,0.0,destroy_worst_delivery,repair_random,1.0
6,5572183122753.496,5572183122753.496,5110230337353.696,260749251768.821,1.0,0.0,destroy_worst_delivery,repair_regret2,1.0
7,5596163427085.296,5596163427085.296,5110230337353.696,260227753265.2834,1.0,0.0,destroy_random_period,repair_regret2,1.0
8,5647392895676.597,5647392895676.597,5110230337353.696,259707297758.7528,1.0,0.0,destroy_random_delivery,repair_greedy,1.0
9,5647392895676.597,5760596903843.997,5110230337353.696,259187883163.2353,0.0,0.0,destroy_random_route,repair_greedy,1.0
10,5658157752315.397,5658157752315.397,5110230337353.696,258669507396.9088,1.0,0.0,destroy_shaw_stores,repair_random,1.0
11,5743228281900.998,5743228281900.998,5110230337353.696,258152168382.115,1.0,0.0,destroy_random_route,repair_regret2,1.0
12,5744825655823.998,5744825655823.998,5110230337353.696,257635864045.35077,1.0,0.0,destroy_random_period,repair_regret2,1.0
13,5761744435515.998,5761744435515.998,5110230337353.696,257120592317.26007,1.0,0.0,destroy_random_period,repair_greedy,1.0
14,5781935860202.499,5781935860202.499,5110230337353.696,256606351132.62555,1.0,0.0,destroy_random_route,repair_random,1.0
15,5781935860102.599,5781935860102.599,5110230337353.696,256093138430.3603,1.0,0.0,destroy_random_period,repair_regret2,1.0
16,5781935860102.599,5781935860102.599,5110230337353.696,255580952153.49957,1.0,0.0,destroy_random_period,repair_random,1.0
17,5902103007548.499,5902103007548.499,5110230337353.696,255069790249.19257,1.0,0.0,destroy_worst_delivery,repair_greedy,1.0
18,5902103007492.6,5902103007492.6,5110230337353.696,254559650668.69418,1.0,0.0,destroy_random_period,repair_greedy,1.0
19,5902103007522.3,5902103007522.3,5110230337353.696,254050531367.35678,1.0,0.0,destroy_random_delivery,repair_random,1.0
20,5902103007522.3,5902103007522.3,5110230337353.696,253542430304.62207,1.0,0.0,destroy_low_demand_stores,repair_regret2,1.0
21,5915413377165.899,5915413377165.899,5110230337353.696,253035345444.01282,1.0,0.0,destroy_random_route,repair_greedy,1.0
22,5904066118222.199,5904066118222.199,5110230337353.696,252529274753.1248,1.0,0.0,destroy_worst_delivery,repair_random,1.0
23,5904066118222.199,5904066118222.199,5110230337353.696,252024216203.61853,1.0,0.0,destroy_random_delivery,repair_greedy,1.0
24,5904066118222.199,5904066118222.199,5110230337353.696,251520167771.2113,1.0,0.0,destroy_low_demand_stores,repair_regret2,1.0
25,5904066118222.199,5904066118222.199,5110230337353.696,251017127435.66888,1.0,0.0,destroy_low_demand_stores,repair_greedy,1.0
26,5915874863634.399,5915874863634.399,5110230337353.696,250515093180.79755,1.0,0.0,destroy_shaw_stores,repair_greedy,1.0
27,5915874863639.3,5915874863639.3,5110230337353.696,250014062994.43594,1.0,0.0,destroy_shaw_stores,repair_random,1.0
28,5908592550545.998,5908592550545.998,5110230337353.696,249514034868.44708,1.0,0.0,destroy_random_route,repair_regret2,1.0
29,5904066117756.298,5904066117756.298,5110230337353.696,249015006798.71017,1.0,0.0,destroy_worst_delivery,repair_regret2,1.0
30,5904066117756.298,5904066117756.298,5110230337353.696,248516976785.11276,1.0,0.0,destroy_worst_delivery,repair_greedy,1.0
31,5904066118201.798,5904066118201.798,5110230337353.696,248019942831.54254,1.0,0.0,destroy_random_route,repair_random,1.0
32,5904066118185.198,5904066118185.198,5110230337353.696,247523902945.87946,1.0,0.0,destroy_random_period,repair_regret2,1.0
33,5904066118185.198,5904066118185.198,5110230337353.696,247028855139.9877,1.0,0.0,destroy_random_period,repair_regret2,1.0
34,5904066118185.198,5904066118185.198,5110230337353.696,246534797429.70773,1.0,0.0,destroy_shaw_stores,repair_greedy,1.0
35,5904066118199.099,5904066118199.099,5110230337353.696,246041727834.84833,1.0,0.0,destroy_shaw_stores,repair_random,1.0
36,5904066118266.398,5904066118266.398,5110230337353.696,245549644379.17862,1.0,0.0,destroy_random_period,repair_random,1.0
37,5904066118266.398,5904066118266.398,5110230337353.696,245058545090.42026,1.0,0.0,destroy_shaw_stores,repair_regret2,1.0
38,5902103007144.398,5902103007144.398,5110230337353.696,244568428000.2394,1.0,0.0,destroy_worst_delivery,repair_greedy,1.0
39,5902103006993.898,5902103006993.898,5110230337353.696,244079291144.23892,1.0,0.0,destroy_low_demand_stores,repair_greedy,1.0
40,5906847610106.597,5906847610106.597,5110230337353.696,243591132561.95044,1.0,0.0,destroy_random_route,repair_regret2,1.0
41,5906847610041.397,5906847610041.397,5110230337353.696,243103950296.82654,1.0,0.0,destroy_random_route,repair_greedy,1.0
42,5906847610041.397,5906847610041.397,5110230337353.696,242617742396.23288,1.0,0.0,destroy_random_delivery,repair_greedy,1.0
43,5906847610138.397,5906847610138.397,5110230337353.696,242132506911.4404,1.0,0.0,destroy_random_period,repair_random,1.0
44,5897143568414.695,5897143568414.695,5110230337353.696,241648241897.61752,1.0,0.0,destroy_worst_delivery,repair_random,1.0
45,5904066118069.8955,5904066118069.8955,5110230337353.696,241164945413.8223,1.0,0.0,destroy_worst_delivery,repair_regret2,1.0
46,5904066118444.197,5904066118444.197,5110230337353.696,240682615522.99466,1.0,0.0,destroy_random_route,repair_random,1.0
47,5904066118444.197,5904066118444.197,5110230337353.696,240201250291.94867,1.0,0.0,destroy_low_demand_stores,repair_random,1.0
48,5904066118444.197,5904066118444.197,5110230337353.696,239720847791.36478,1.0,0.0,destroy_random_delivery,repair_greedy,1.0
49,5904066118444.197,5904066118444.197,5110230337353.696,239241406095.78204,1.0,0.0,destroy_shaw_stores,repair_regret2,1.0
50,5904066118378.997,5904066118378.997,5110230337353.696,238762923283.59048,1.0,0.0,destroy_random_period,repair_greedy,1.0
51,5904066117817.8955,5904066117817.8955,5110230337353.696,238285397437.02332,1.0,0.0,destroy_random_route,repair_regret2,1.0
52,5904066117817.8955,5904066117817.8955,5110230337353.696,237808826642.14926,1.0,0.0,destroy_shaw_stores,repair_greedy,1.0
53,5897143568255.995,5897143568255.995,5110230337353.696,237333208988.86496,1.0,0.0,destroy_worst_delivery,repair_random,1.0
54,5911206686639.095,5911206686639.095,5110230337353.696,236858542570.88724,1.0,0.0,destroy_random_route,repair_regret2,1.0
55,5911206686639.095,5911206686639.095,5110230337353.696,236384825485.74545,1.0,0.0,destroy_random_period,repair_regret2,1.0
56,5911206686467.495,5911206686467.495,5110230337353.696,235912055834.77396,1.0,0.0,destroy_random_route,repair_greedy,1.0
57,5939250607450.995,5939250607450.995,5110230337353.696,235440231723.1044,1.0,0.0,destroy_worst_delivery,repair_greedy,1.0
58,5932319552522.995,5932319552522.995,5110230337353.696,234969351259.6582,1.0,0.0,destroy_worst_delivery,repair_regret2,1.0
59,5932319552941.394,5932319552941.394,5110230337353.696,234499412557.1389,1.0,0.0,destroy_low_demand_stores,repair_random,1.0
60,5933225952536.394,5933225952536.394,5110230337353.696,234030413732.0246,1.0,0.0,destroy_worst_delivery,repair_greedy,1.0
61,5933225952469.094,5933225952469.094,5110230337353.696,233562352904.56055,1.0,0.0,destroy_random_period,repair_regret2,1.0
62,5933225952333.395,5933225952333.395,5110230337353.696,233095228198.75143,1.0,0.0,destroy_low_demand_stores,repair_regret2,1.0
63,5933225952388.295,5933225952388.295,5110230337353.696,232629037742.35394,1.0,0.0,destroy_low_demand_stores,repair_random,1.0
64,5939979109223.295,5939979109223.295,5110230337353.696,232163779666.86923,1.0,0.0,destroy_random_delivery,repair_regret2,1.0
65,5939979109307.295,5939979109307.295,5110230337353.696,231699452107.5355,1.0,0.0,destroy_shaw_stores,repair_random,1.0
66,5939979109105.3955,5939979109105.3955,5110230337353.696,231236053203.32043,1.0,0.0,destroy_low_demand_stores,repair_regret2,1.0
67,5939979109105.3955,5939979109105.3955,5110230337353.696,230773581096.9138,1.0,0.0,destroy_shaw_stores,repair_greedy,1.0
68,5919674964853.3955,5919674964853.3955,5110230337353.696,230312033934.71997,1.0,0.0,destroy_worst_delivery,repair_regret2,1.0
69,5919674965003.8955,5919674965003.8955,5110230337353.696,229851409866.85052,1.0,0.0,destroy_low_demand_stores,repair_random,1.0
70,5917778392049.296,5917778392049.296,5110230337353.696,229391707047.11682,1.0,0.0,destroy_random_delivery,repair_greedy,1.0
71,5917778392123.695,5917778392123.695,5110230337353.696,228932923633.02258,1.0,0.0,destroy_shaw_stores,repair_random,1.0
72,5911780868783.996,5911780868783.996,5110230337353.696,228475057785.75653,1.0,0.0,destroy_random_period,repair_regret2,1.0
73,5911780868768.096,5911780868768.096,5110230337353.696,228018107670.18503,1.0,0.0,destroy_low_demand_stores,repair_regret2,1.0
74,5911780868768.096,5911780868768.096,5110230337353.696,227562071454.84467,1.0,0.0,destroy_random_period,repair_regret2,1.0
75,5911780868768.096,5911780868768.096,5110230337353.696,227106947311.93497,1.0,0.0,destroy_low_demand_stores,repair_regret2,1.0
76,5911780868679.595,5911780868679.595,5110230337353.696,226652733417.3111,1.0,0.0,destroy_random_route,repair_regret2,1.0
77,5911780868762.795,5911780868762.795,5110230337353.696,226199427950.47647,1.0,0.0,destroy_low_demand_stores,repair_random,1.0
78,5911780868762.795,5911780868762.795,5110230337353.696,225747029094.57553,1.0,0.0,destroy_shaw_stores,repair_regret2,1.0
79,5905291324869.395,5905291324869.395,5110230337353.696,225295535036.38638,1.0,0.0,destroy_worst_delivery,repair_greedy,1.0
80,5905291324869.395,5905291324869.395,5110230337353.696,224844943966.3136,1.0,0.0,destroy_random_period,repair_greedy,1.0
81,5905291324873.8955,5905291324873.8955,5110230337353.696,224395254078.38098,1.0,0.0,destroy_random_period,repair_greedy,1.0
82,5905291324941.195,5905291324941.195,5110230337353.696,223946463570.2242,1.0,0.0,destroy_low_demand_stores,repair_random,1.0
83,5903337517770.095,5903337517770.095,5110230337353.696,223498570643.08377,1.0,0.0,destroy_worst_delivery,repair_random,1.0
84,5903337517770.095,5903337517770.095,5110230337353.696,223051573501.7976,1.0,0.0,destroy_shaw_stores,repair_regret2,1.0
85,5903337517835.693,5903337517835.693,5110230337353.696,222605470354.794,1.0,0.0,destroy_shaw_stores,repair_random,1.0
86,5910260067472.594,5910260067472.594,5110230337353.696,222160259414.0844,1.0,0.0,destroy_worst_delivery,repair_regret2,1.0
87,5907626940671.294,5907626940671.294,5110230337353.696,221715938895.25626,1.0,0.0,destroy_random_delivery,repair_greedy,1.0
88,5907626940667.895,5907626940667.895,5110230337353.696,221272507017.46573,1.0,0.0,destroy_shaw_stores,repair_random,1.0
89,5907626940667.895,5907626940667.895,5110230337353.696,220829962003.4308,1.0,0.0,destroy_shaw_stores,repair_regret2,1.0
90,5907626940598.194,5907626940598.194,5110230337353.696,220388302079.42392,1.0,0.0,destroy_shaw_stores,repair_regret2,1.0
91,5903337517695.294,5903337517695.294,5110230337353.696,219947525475.26508,1.0,0.0,destroy_worst_delivery,repair_random,1.0
92,5902103006941.093,5902103006941.093,5110230337353.696,219507630424.31454,1.0,0.0,destroy_worst_delivery,repair_random,1.0
93,5902103007008.393,5902103007008.393,5110230337353.696,219068615163.4659,1.0,0.0,destroy_random_period,repair_random,1.0
94,5902103007092.393,5902103007092.393,5110230337353.696,218630477933.13898,1.0,0.0,destroy_random_period,repair_random,1.0
95,5902103007092.393,5902103007092.393,5110230337353.696,218193216977.2727,1.0,0.0,destroy_random_delivery,repair_greedy,1.0
96,5902103007055.693,5902103007055.693,5110230337353.696,217756830543.31815,1.0,0.0,destroy_random_delivery,repair_greedy,1.0
97,5902103007071.594,5902103007071.594,5110230337353.696,217321316882.2315,1.0,0.0,destroy_random_period,repair_random,1.0
98,5902103007071.594,5902103007071.594,5110230337353.696,216886674248.46704,1.0,0.0,destroy_random_period,repair_regret2,1.0
99,5902103007071.594,5902103007071.594,5110230337353.696,216452900899.9701,1.0,0.0,destroy_low_demand_stores,repair_greedy,1.0
100,5902103007060.193,5902103007060.193,5110230337353.696,216019995098.17017,1.0,0.0,destroy_random_delivery,repair_greedy,1.0
101,5907207568205.994,5907207568205.994,5110230337353.696,215587955107.97382,1.0,0.0,destroy_random_route,repair_greedy,1.0
102,5907207568143.195,5907207568143.195,5110230337353.696,215156779197.75787,1.0,0.0,destroy_shaw_stores,repair_random,1.0
103,5915015665050.793,5915015665050.793,5110230337353.696,214726465639.36237,1.0,0.0,destroy_random_route,repair_random,1.0
104,5916362950144.594,5916362950144.594,5110230337353.696,214297012708.08365,1.0,0.0,destroy_random_route,repair_regret2,1.0
105,5916362950059.594,5916362950059.594,5110230337353.696,213868418682.66748,1.0,0.0,destroy_low_demand_stores,repair_greedy,1.0
106,5913861474315.893,5913861474315.893,5110230337353.696,213440681845.30215,1.0,0.0,destroy_worst_delivery,repair_random,1.0
107,5913861474385.993,5913861474385.993,5110230337353.696,213013800481.61154,1.0,0.0,destroy_random_period,repair_random,1.0
108,5913861474385.993,5913861474385.993,5110230337353.696,212587772880.64832,1.0,0.0,destroy_random_delivery,repair_regret2,1.0
109,5913861474385.993,5931688379366.194,5110230337353.696,212162597334.88702,0.0,0.0,destroy_worst_delivery,repair_greedy,1.0
110,5900682731168.794,5900682731168.794,5110230337353.696,211738272140.21725,1.0,0.0,destroy_worst_delivery,repair_random,1.0
111,5900682731268.694,5900682731268.694,5110230337353.696,211314795595.93683,1.0,0.0,destroy_random_period,repair_random,1.0
112,5900682731268.694,5900682731268.694,5110230337353.696,210892166004.74496,1.0,0.0,destroy_low_demand_stores,repair_regret2,1.0
113,5900750792087.694,5900750792087.694,5110230337353.696,210470381672.73547,1.0,0.0,destroy_random_delivery,repair_regret2,1.0
114,5900750792087.694,5900750792087.694,5110230337353.696,210049440909.39,1.0,0.0,destroy_low_demand_stores,repair_regret2,1.0
115,5900750792087.694,5900750792087.694,5110230337353.696,209629342027.57123,1.0,0.0,destroy_low_demand_stores,repair_greedy,1.0
116,5907673341594.395,5907673341594.395,5110230337353.696,209210083343.51608,1.0,0.0,destroy_random_route,repair_regret2,1.0
117,5907673341594.395,5907673341594.395,5110230337353.696,208791663176.82904,1.0,0.0,destroy_low_demand_stores,repair_greedy,1.0
118,5910260067737.395,5910260067737.395,5110230337353.696,208374079850.47537,1.0,0.0,destroy_random_delivery,repair_greedy,1.0
119,5910260067737.395,5910260067737.395,5110230337353.696,207957331690.7744,1.0,0.0,destroy_random_period,repair_regret2,1.0
120,5910260067662.995,5910260067662.995,5110230337353.696,207541417027.39285,1.0,0.0,destroy_shaw_stores,repair_regret2,1.0
121,5910260067662.995,5910260067662.995,5110230337353.696,207126334193.33807,1.0,0.0,destroy_low_demand_stores,repair_greedy,1.0
122,5911206686822.095,5911206686822.095,5110230337353.696,206712081524.9514,1.0,0.0,destroy_worst_delivery,repair_regret2,1.0
123,5918129236498.395,5918129236498.395,5110230337353.696,206298657361.9015,1.0,0.0,destroy_shaw_stores,repair_regret2,1.0
124,5918129236498.395,5918129236498.395,5110230337353.696,205886060047.17767,1.0,0.0,destroy_worst_delivery,repair_greedy,1.0
125,5918129236568.094,5918129236568.094,5110230337353.696,205474287927.0833,1.0,0.0,destroy_random_delivery,repair_random,1.0
126,5918129236568.094,5918129236568.094,5110230337353.696,205063339351.22916,1.0,0.0,destroy_low_demand_stores,repair_greedy,1.0
127,5915937359224.793,5915937359224.793,5110230337353.696,204653212672.5267,1.0,0.0,destroy_random_route,repair_regret2,1.0
128,5915937359224.793,5915937359224.793,5110230337353.696,204243906247.18164,1.0,0.0,destroy_low_demand_stores,repair_regret2,1.0
129,5915937359224.793,5915937359224.793,5110230337353.696,203835418434.6873,1.0,0.0,destroy_low_demand_stores,repair_greedy,1.0
130,5931216416853.196,5931216416853.196,5110230337353.696,203427747597.8179,1.0,0.0,destroy_random_route,repair_greedy,1.0
131,5931216416853.196,5931216416853.196,5110230337353.696,203020892102.62225,1.0,0.0,destroy_low_demand_stores,repair_greedy,1.0
132,5931216416848.695,5931216416848.695,5110230337353.696,202614850318.41702,1.0,0.0,destroy_shaw_stores,repair_regret2,1.0
133,5931216416853.196,5931216416853.196,5110230337353.696,202209620617.78018,1.0,0.0,destroy_random_period,repair_greedy,1.0
134,5931216416853.196,5931216416853.196,5110230337353.696,201805201376.54462,1.0,0.0,destroy_low_demand_stores,repair_greedy,1.0
135,5931216416853.196,5931216416853.196,5110230337353.696,201401590973.79153,1.0,0.0,destroy_low_demand_stores,repair_random,1.0
136,5913547058932.897,5913547058932.897,5110230337353.696,200998787791.84396,1.0,0.0,destroy_random_route,repair_regret2,1.0
137,5913547059230.696,5913547059230.696,5110230337353.696,200596790216.26028,1.0,0.0,destroy_random_route,repair_random,1.0
138,5913547059309.3955,5913547059309.3955,5110230337353.696,200195596635.82776,1.0,0.0,destroy_random_route,repair_random,1.0
139,5911736486205.3955,5911736486205.3955,5110230337353.696,199795205442.5561,1.0,0.0,destroy_random_delivery,repair_greedy,1.0
140,5911733132452.495,5911733132452.495,5110230337353.696,199395615031.671,1.0,0.0,destroy_worst_delivery,repair_greedy,1.0
141,5897143568390.694,5897143568390.694,5110230337353.696,198996823801.60764,1.0,0.0,destroy_worst_delivery,repair_random,1.0
142,5897143568462.494,5897143568462.494,5110230337353.696,198598830154.00443,1.0,0.0,destroy_shaw_stores,repair_random,1.0
143,5897143568440.294,5897143568440.294,5110230337353.696,198201632493.6964,1.0,0.0,destroy_random_delivery,repair_greedy,1.0
144,5910357059810.697,5910357059810.697,5110230337353.696,197805229228.709,1.0,0.0,destroy_random_route,repair_greedy,1.0
145,5910357059810.697,5910357059810.697,5110230337353.696,197409618770.2516,1.0,0.0,destroy_random_period,repair_greedy,1.0
146,5910357059743.397,5910357059743.397,5110230337353.696,197014799532.7111,1.0,0.0,destroy_low_demand_stores,repair_greedy,1.0
147,5915461621004.696,5915461621004.696,5110230337353.696,196620769933.64566,1.0,0.0,destroy_random_route,repair_greedy,1.0
148,5915461621004.696,5915461621004.696,5110230337353.696,196227528393.77838,1.0,0.0,destroy_low_demand_stores,repair_greedy,1.0
149,5917431978232.696,5917431978232.696,5110230337353.696,195835073336.9908,1.0,0.0,destroy_worst_delivery,repair_greedy,1.0
150,5917431978332.596,5917431978332.596,5110230337353.696,195443403190.31683,1.0,0.0,destroy_random_period,repair_random,1.0
151,5918381226224.596,5918381226224.596,5110230337353.696,195052516383.9362,1.0,0.0,destroy_worst_delivery,repair_greedy,1.0
152,5918381226308.596,5918381226308.596,5110230337353.696,194662411351.1683,1.0,0.0,destroy_random_period,repair_random,1.0
153,5913276664950.8955,5913276664950.8955,5110230337353.696,194273086528.46597,1.0,0.0,destroy_shaw_stores,repair_regret2,1.0
154,5912727420974.8955,5912727420974.8955,5110230337353.696,193884540355.40903,1.0,0.0,destroy_random_delivery,repair_regret2,1.0
155,5912727421137.493,5912727421137.493,5110230337353.696,193496771274.6982,1.0,0.0,destroy_random_route,repair_random,1.0
156,5912727421093.493,5912727421093.493,5110230337353.696,193109777732.1488,1.0,0.0,destroy_low_demand_stores,repair_greedy,1.0
157,5912727421093.493,5912727421093.493,5110230337353.696,192723558176.6845,1.0,0.0,destroy_shaw_stores,repair_regret2,1.0
158,5913276665160.094,5913276665160.094,5110230337353.696,192338111060.33115,1.0,0.0,destroy_random_delivery,repair_random,1.0
159,5910299599029.694,5910299599029.694,5110230337353.696,191953434838.21048,1.0,0.0,destroy_random_delivery,repair_greedy,1.0
160,5917222148705.994,5917222148705.994,5110230337353.696,191569527968.53406,1.0,0.0,destroy_shaw_stores,repair_regret2,1.0
161,5917222148705.994,5917222148705.994,5110230337353.696,191186388912.597,1.0,0.0,destroy_low_demand_stores,repair_regret2,1.0
162,5917222148705.994,5917222148705.994,5110230337353.696,190804016134.7718,1.0,0.0,destroy_shaw_stores,repair_greedy,1.0
163,5915937359377.996,5915937359377.996,5110230337353.696,190422408102.50226,1.0,0.0,destroy_worst_delivery,repair_regret2,1.0
164,5915937359377.996,5915937359377.996,5110230337353.696,190041563286.29724,1.0,0.0,destroy_shaw_stores,repair_greedy,1.0
165,5916328506748.996,5916328506748.996,5110230337353.696,189661480159.72464,1.0,0.0,destroy_random_delivery,repair_regret2,1.0
166,5916318482446.996,5916318482446.996,5110230337353.696,189282157199.40518,1.0,0.0,destroy_worst_delivery,repair_greedy,1.0
167,5914365395626.996,5914365395626.996,5110230337353.696,188903592885.00638,1.0,0.0,destroy_random_delivery,repair_greedy,1.0
168,5926274370875.596,5926274370875.596,5110230337353.696,188525785699.23636,1.0,0.0,destroy_random_route,repair_regret2,1.0
169,5926274370875.596,5926274370875.596,5110230337353.696,188148734127.8379,1.0,0.0,destroy_shaw_stores,repair_greedy,1.0
170,5926274370875.596,5926274370875.596,5110230337353.696,187772436659.5822,1.0,0.0,destroy_random_period,repair_greedy,1.0
171,5922241621412.8955,5922241621412.8955,5110230337353.696,187396891786.26306,1.0,0.0,destroy_random_delivery,repair_regret2,1.0
172,5922241621331.3955,5922241621331.3955,5110230337353.696,187022098002.69052,1.0,0.0,destroy_shaw_stores,repair_greedy,1.0
173,5922241621240.3955,5922241621240.3955,5110230337353.696,186648053806.68515,1.0,0.0,destroy_random_delivery,repair_greedy,1.0
174,5922241621240.3955,5922241621240.3955,5110230337353.696,186274757699.07178,1.0,0.0,destroy_low_demand_stores,repair_regret2,1.0
175,5922241621240.3955,5922241621240.3955,5110230337353.696,185902208183.67365,1.0,0.0,destroy_random_delivery,repair_regret2,1.0
176,5922241621240.3955,5922241621240.3955,5110230337353.696,185530403767.3063,1.0,0.0,destroy_shaw_stores,repair_regret2,1.0
177,5922241621240.3955,5922241621240.3955,5110230337353.696,185159342959.7717,1.0,0.0,destroy_low_demand_stores,repair_greedy,1.0
178,5922241621240.3955,5922241621240.3955,5110230337353.696,184789024273.85214,1.0,0.0,destroy_low_demand_stores,repair_greedy,1.0
179,5929507523831.3955,5929507523831.3955,5110230337353.696,184419446225.30444,1.0,0.0,destroy_worst_delivery,repair_greedy,1.0
180,5930190568575.3955,5930190568575.3955,5110230337353.696,184050607332.85382,1.0,0.0,destroy_random_delivery,repair_regret2,1.0
181,5930190568575.3955,5930190568575.3955,5110230337353.696,183682506118.1881,1.0,0.0,destroy_shaw_stores,repair_greedy,1.0
182,5923268018901.8955,5923268018901.8955,5110230337353.696,183315141105.95172,1.0,0.0,destroy_random_delivery,repair_random,1.0
183,5921054167167.8955,5921054167167.8955,5110230337353.696,182948510823.7398,1.0,0.0,destroy_random_delivery,repair_regret2,1.0
184,5924593329620.895,5924593329620.895,5110230337353.696,182582613802.09232,1.0,0.0,destroy_random_route,repair_regret2,1.0
185,5924593329620.895,5924593329620.895,5110230337353.696,182217448574.48813,1.0,0.0,destroy_low_demand_stores,repair_regret2,1.0
186,5924593329620.895,5924593329620.895,5110230337353.696,181853013677.33914,1.0,0.0,destroy_low_demand_stores,repair_greedy,1.0
187,5921311665869.895,5921311665869.895,5110230337353.696,181489307649.98447,1.0,0.0,destroy_random_delivery,repair_regret2,1.0
188,5928209835974.895,5928209835974.895,5110230337353.696,181126329034.6845,1.0,0.0,destroy_worst_delivery,repair_greedy,1.0
189,5928209836137.594,5928209836137.594,5110230337353.696,180764076376.61514,1.0,0.0,destroy_low_demand_stores,repair_random,1.0
190,5937522087141.594,5937522087141.594,5110230337353.696,180402548223.8619,1.0,0.0,destroy_worst_delivery,repair_greedy,1.0
191,5937522087141.594,5937522087141.594,5110230337353.696,180041743127.41418,1.0,0.0,destroy_shaw_stores,repair_greedy,1.0
192,5920292441645.294,5920292441645.294,5110230337353.696,179681659641.15936,1.0,0.0,destroy_random_delivery,repair_regret2,1.0
193,5920292441719.493,5920292441719.493,5110230337353.696,179322296321.87704,1.0,0.0,destroy_shaw_stores,repair_random,1.0
194,5920292441810.494,5920292441810.494,5110230337353.696,178963651729.23328,1.0,0.0,destroy_shaw_stores,repair_random,1.0
195,5920292441631.195,5920292441631.195,5110230337353.696,178605724425.7748,1.0,0.0,destroy_low_demand_stores,repair_regret2,1.0
196,5921294425517.195,5921294425517.195,5110230337353.696,178248512976.92325,1.0,0.0,destroy_worst_delivery,repair_greedy,1.0
197,5921294425586.8955,5921294425586.8955,5110230337353.696,177892015950.9694,1.0,0.0,destroy_random_period,repair_random,1.0
198,5921294425656.996,5921294425656.996,5110230337353.696,177536231919.06744,1.0,0.0,destroy_random_period,repair_random,1.0
199,5911359043706.597,5911359043706.597,5110230337353.696,177181159455.2293,1.0,0.0,destroy_worst_delivery,repair_greedy,1.0
200,5911359043706.597,5911359043706.597,5110230337353.696,176826797136.31885,1.0,0.0,destroy_low_demand_stores,repair_regret2,1.0
201,5904066118437.695,5904066118437.695,5110230337353.696,176473143542.0462,1.0,0.0,destroy_random_route,repair_random,1.0
202,5897143568600.995,5897143568600.995,5110230337353.696,176120197254.9621,1.0,0.0,destroy_worst_delivery,repair_regret2,1.0
203,5900682731133.095,5900682731133.095,5110230337353.696,175767956860.45218,1.0,0.0,destroy_random_period,repair_greedy,1.0
204,5900682731133.095,5900682731133.095,5110230337353.696,175416420946.73126,1.0,0.0,destroy_random_delivery,repair_random,1.0
205,5900682731133.095,5900682731133.095,5110230337353.696,175065588104.8378,1.0,0.0,destroy_random_period,repair_greedy,1.0
206,5900682731133.095,5900682731133.095,5110230337353.696,174715456928.6281,1.0,0.0,destroy_worst_delivery,repair_regret2,1.0
207,5900682731133.095,5900682731133.095,5110230337353.696,174366026014.77084,1.0,0.0,destroy_worst_delivery,repair_greedy,1.0
208,5900682731121.695,5900682731121.695,5110230337353.696,174017293962.7413,1.0,0.0,destroy_random_period,repair_random,1.0
209,5900682731121.695,5900682731121.695,5110230337353.696,173669259374.81583,1.0,0.0,destroy_shaw_stores,repair_random,1.0
210,5900682731121.695,5900682731121.695,5110230337353.696,173321920856.0662,1.0,0.0,destroy_low_demand_stores,repair_regret2,1.0
211,5897143568462.195,5897143568462.195,5110230337353.696,172975277014.35406,1.0,0.0,destroy_random_route,repair_random,1.0
212,5902248129794.696,5902248129794.696,5110230337353.696,172629326460.32535,1.0,0.0,destroy_random_period,repair_greedy,1.0
213,5902248129720.496,5902248129720.496,5110230337353.696,172284067807.4047,1.0,0.0,destroy_random_period,repair_greedy,1.0
214,5900750791632.796,5900750791632.796,5110230337353.696,171939499671.7899,1.0,0.0,destroy_worst_delivery,repair_greedy,1.0
215,5900750791700.096,5900750791700.096,5110230337353.696,171595620672.44632,1.0,0.0,destroy_low_demand_stores,repair_random,1.0
216,5912335783255.796,5912335783255.796,5110230337353.696,171252429431.10144,1.0,0.0,destroy_random_route,repair_greedy,1.0
217,5908960679881.996,5908960679881.996,5110230337353.696,170909924572.23923,1.0,0.0,destroy_random_route,repair_random,1.0
218,5915883229560.696,5915883229560.696,5110230337353.696,170568104723.09476,1.0,0.0,destroy_worst_delivery,repair_regret2,1.0
219,5924159126822.997,5924159126822.997,5110230337353.696,170226968513.64856,1.0,0.0,destroy_random_route,repair_greedy,1.0
220,5924159126818.497,5924159126818.497,5110230337353.696,169886514576.62128,1.0,0.0,destroy_random_delivery,repair_regret2,1.0
221,5924475542782.497,5924475542782.497,5110230337353.696,169546741547.46805,1.0,0.0,destroy_random_delivery,repair_greedy,1.0
222,5913951586939.597,5913951586939.597,5110230337353.696,169207648064.3731,1.0,0.0,destroy_random_route,repair_random,1.0
223,5913951586939.597,5913951586939.597,5110230337353.696,168869232768.24435,1.0,0.0,destroy_random_period,repair_greedy,1.0
224,5913951586939.597,5913951586939.597,5110230337353.696,168531494302.70786,1.0,0.0,destroy_random_delivery,repair_greedy,1.0
225,5913951586906.3955,5913951586906.3955,5110230337353.696,168194431314.10245,1.0,0.0,destroy_low_demand_stores,repair_regret2,1.0
226,5911672059910.8955,5911672059910.8955,5110230337353.696,167858042451.47424,1.0,0.0,destroy_worst_delivery,repair_random,1.0
227,5911672059910.8955,5911672059910.8955,5110230337353.696,167522326366.5713,1.0,0.0,destroy_low_demand_stores,repair_greedy,1.0
228,5907441221350.594,5907441221350.594,5110230337353.696,167187281713.83813,1.0,0.0,destroy_random_route,repair_regret2,1.0
229,5907757637233.494,5907757637233.494,5110230337353.696,166852907150.41046,1.0,0.0,destroy_worst_delivery,repair_regret2,1.0
230,5907757637233.494,5907757637233.494,5110230337353.696,166519201336.10965,1.0,0.0,destroy_worst_delivery,repair_regret2,1.0
231,5907757637231.895,5907757637231.895,5110230337353.696,166186162933.43744,1.0,0.0,destroy_random_period,repair_random,1.0
232,5907757637322.394,5907757637322.394,5110230337353.696,165853790607.57056,1.0,0.0,destroy_worst_delivery,repair_random,1.0
233,5922382472158.095,5922382472158.095,5110230337353.696,165522083026.3554,1.0,0.0,destroy_random_route,repair_regret2,1.0
234,5922382472158.095,5922382472158.095,5110230337353.696,165191038860.3027,1.0,0.0,destroy_shaw_stores,repair_regret2,1.0
235,5929131123582.696,5929131123582.696,5110230337353.696,164860656782.5821,1.0,0.0,destroy_random_route,repair_greedy,1.0
236,5929131123917.798,5929131123917.798,5110230337353.696,164530935469.01694,1.0,0.0,destroy_random_route,repair_random,1.0
237,5909939835761.494,5909939835761.494,5110230337353.696,164201873598.0789,1.0,0.0,destroy_random_route,repair_regret2,1.0
238,5909939835761.494,5909939835761.494,5110230337353.696,163873469850.88272,1.0,0.0,destroy_shaw_stores,repair_greedy,1.0
239,5899859427731.994,5899859427731.994,5110230337353.696,163545722911.18097,1.0,0.0,destroy_random_delivery,repair_random,1.0
240,5921521128834.8955,5921521128834.8955,5110230337353.696,163218631465.3586,1.0,0.0,destroy_worst_delivery,repair_greedy,1.0
241,5921521128834.8955,5921521128834.8955,5110230337353.696,162892194202.4279,1.0,0.0,destroy_random_period,repair_regret2,1.0
242,5921521128834.8955,5921521128834.8955,5110230337353.696,162566409814.02304,1.0,0.0,destroy_shaw_stores,repair_random,1.0
243,5921521128812.495,5921521128812.495,5110230337353.696,162241276994.395,1.0,0.0,destroy_worst_delivery,repair_greedy,1.0
244,5914590073884.495,5914590073884.495,5110230337353.696,161916794440.4062,1.0,0.0,destroy_worst_delivery,repair_regret2,1.0
245,5914590073895.8955,5914590073895.8955,5110230337353.696,161592960851.5254,1.0,0.0,destroy_random_period,repair_regret2,1.0
246,5914590073816.195,5914590073816.195,5110230337353.696,161269774929.82233,1.0,0.0,destroy_shaw_stores,repair_regret2,1.0
247,5914590073883.496,5914590073883.496,5110230337353.696,160947235379.96268,1.0,0.0,destroy_low_demand_stores,repair_random,1.0
248,5914590073883.496,5914590073883.496,5110230337353.696,160625340909.20276,1.0,0.0,destroy_low_demand_stores,repair_greedy,1.0
249,5914590073883.496,5914590073883.496,5110230337353.696,160304090227.38434,1.0,0.0,destroy_random_delivery,repair_random,1.0
250,5914590073883.496,5914590073883.496,5110230337353.696,159983482046.92957,1.0,0.0,destroy_low_demand_stores,repair_regret2,1.0
251,5914590073883.496,5914590073883.496,5110230337353.696,159663515082.8357,1.0,0.0,destroy_random_period,repair_greedy,1.0
252,5914590074025.695,5914590074025.695,5110230337353.696,159344188052.67,1.0,0.0,destroy_random_delivery,repair_random,1.0
253,5914590074025.695,5914590074025.695,5110230337353.696,159025499676.56467,1.0,0.0,destroy_low_demand_stores,repair_random,1.0
254,5914590074025.695,5914590074025.695,5110230337353.696,158707448677.21155,1.0,0.0,destroy_random_period,repair_greedy,1.0
255,5912682403799.695,5912682403799.695,5110230337353.696,158390033779.85712,1.0,0.0,destroy_random_delivery,repair_greedy,1.0
256,5902158447828.3955,5902158447828.3955,5110230337353.696,158073253712.2974,1.0,0.0,destroy_random_delivery,repair_random,1.0
257,5902158447898.095,5902158447898.095,5110230337353.696,157757107204.8728,1.0,0.0,destroy_random_period,repair_random,1.0
258,5907667524425.095,5907667524425.095,5110230337353.696,157441592990.46304,1.0,0.0,destroy_worst_delivery,repair_regret2,1.0
259,5907667524350.693,5907667524350.693,5110230337353.696,157126709804.48212,1.0,0.0,destroy_random_delivery,repair_regret2,1.0
260,5907667524423.193,5907667524423.193,5110230337353.696,156812456384.87314,1.0,0.0,destroy_random_delivery,repair_random,1.0
261,5897143568691.593,5897143568691.593,5110230337353.696,156498831472.1034,1.0,0.0,destroy_random_route,repair_random,1.0
262,5897143568691.593,5897143568691.593,5110230337353.696,156185833809.15918,1.0,0.0,destroy_random_delivery,repair_regret2,1.0
263,5897143568691.593,5897143568691.593,5110230337353.696,155873462141.54086,1.0,0.0,destroy_random_delivery,repair_random,1.0
264,5897143568783.493,5897143568783.493,5110230337353.696,155561715217.25778,1.0,0.0,destroy_random_period,repair_random,1.0
265,5897143568801.793,5897143568801.793,5110230337353.696,155250591786.82327,1.0,0.0,destroy_worst_delivery,repair_random,1.0
266,5897143568403.293,5897143568403.293,5110230337353.696,154940090603.24963,1.0,0.0,destroy_random_route,repair_regret2,1.0
267,5897143568540.292,5897143568540.292,5110230337353.696,154630210422.04312,1.0,0.0,destroy_random_delivery,repair_random,1.0
268,5897143568528.892,5897143568528.892,5110230337353.696,154320950001.19904,1.0,0.0,destroy_random_delivery,repair_regret2,1.0
269,5897143568443.893,5897143568443.893,5110230337353.696,154012308101.19662,1.0,0.0,destroy_low_demand_stores,repair_greedy,1.0
270,5907667524581.595,5907667524581.595,5110230337353.696,153704283484.99423,1.0,0.0,destroy_worst_delivery,repair_regret2,1.0
271,5907667524651.694,5907667524651.694,5110230337353.696,153396874918.02423,1.0,0.0,destroy_shaw_stores,repair_random,1.0
272,5907667524651.694,5907667524651.694,5110230337353.696,153090081168.18817,1.0,0.0,destroy_worst_delivery,repair_regret2,1.0
273,5907667524786.294,5907667524786.294,5110230337353.696,152783901005.8518,1.0,0.0,destroy_low_demand_stores,repair_random,1.0
274,5907667524712.094,5907667524712.094,5110230337353.696,152478333203.8401,1.0,0.0,destroy_shaw_stores,repair_regret2,1.0
275,5903734496336.793,5903734496336.793,5110230337353.696,152173376537.4324,1.0,0.0,destroy_random_delivery,repair_random,1.0
276,5903734496202.193,5903734496202.193,5110230337353.696,151869029784.35754,1.0,0.0,destroy_low_demand_stores,repair_greedy,1.0
277,5903734496146.293,5903734496146.293,5110230337353.696,151565291724.78882,1.0,0.0,destroy_random_period,repair_regret2,1.0
278,5903734496146.293,5903734496146.293,5110230337353.696,151262161141.33923,1.0,0.0,destroy_shaw_stores,repair_greedy,1.0
279,5907667524601.293,5907667524601.293,5110230337353.696,150959636819.05655,1.0,0.0,destroy_worst_delivery,repair_regret2,1.0
280,5907667524601.293,5907667524601.293,5110230337353.696,150657717545.41843,1.0,0.0,destroy_shaw_stores,repair_greedy,1.0
281,5907667524531.193,5907667524531.193,5110230337353.696,150356402110.32758,1.0,0.0,destroy_random_period,repair_regret2,1.0
282,5907667524512.894,5907667524512.894,5110230337353.696,150055689306.10693,1.0,0.0,destroy_random_delivery,repair_regret2,1.0
283,5907667524487.294,5907667524487.294,5110230337353.696,149755577927.49472,1.0,0.0,destroy_random_delivery,repair_regret2,1.0
284,5907667524487.294,5907667524487.294,5110230337353.696,149456066771.63974,1.0,0.0,destroy_random_period,repair_regret2,1.0
285,5908952313804.294,5908952313804.294,5110230337353.696,149157154638.09647,1.0,0.0,destroy_worst_delivery,repair_greedy,1.0
286,5908952313748.394,5908952313748.394,5110230337353.696,148858840328.82028,1.0,0.0,destroy_random_period,repair_greedy,1.0
287,5907667524361.694,5907667524361.694,5110230337353.696,148561122648.16263,1.0,0.0,destroy_worst_delivery,repair_regret2,1.0
288,5916902481610.495,5916902481610.495,5110230337353.696,148264000402.8663,1.0,0.0,destroy_random_route,repair_greedy,1.0
289,5916902481610.495,5916902481610.495,5110230337353.696,147967472402.06058,1.0,0.0,destroy_random_period,repair_random,1.0
290,5916902481610.495,5916902481610.495,5110230337353.696,147671537457.25647,1.0,0.0,destroy_random_period,repair_regret2,1.0
291,5916902481540.796,5916902481540.796,5110230337353.696,147376194382.34195,1.0,0.0,destroy_random_period,repair_random,1.0
292,5916902481540.796,5916902481540.796,5110230337353.696,147081441993.57727,1.0,0.0,destroy_random_period,repair_greedy,1.0
293,5916902481743.795,5916902481743.795,5110230337353.696,146787279109.59012,1.0,0.0,destroy_low_demand_stores,repair_random,1.0
294,5910657045695.596,5910657045695.596,5110230337353.696,146493704551.37094,1.0,0.0,destroy_worst_delivery,repair_random,1.0
295,5910657045942.8955,5910657045942.8955,5110230337353.696,146200717142.2682,1.0,0.0,destroy_random_route,repair_random,1.0
296,5910657045942.8955,5910657045942.8955,5110230337353.696,145908315707.98364,1.0,0.0,destroy_random_period,repair_regret2,1.0
297,5910657045910.395,5910657045910.395,5110230337353.696,145616499076.5677,1.0,0.0,destroy_random_delivery,repair_regret2,1.0
298,5910657045980.094,5910657045980.094,5110230337353.696,145325266078.41455,1.0,0.0,destroy_random_period,repair_random,1.0
299,5910657045896.894,5910657045896.894,5110230337353.696,145034615546.25772,1.0,0.0,destroy_low_demand_stores,repair_regret2,1.0
300,5910657046262.792,5910657046262.792,5110230337353.696,144744546315.1652,1.0,0.0,destroy_low_demand_stores,repair_random,1.0
301,5910657046258.292,5910657046258.292,5110230337353.696,144455057222.53485,1.0,0.0,destroy_shaw_stores,repair_random,1.0
302,5910657046258.292,5910657046258.292,5110230337353.696,144166147108.08978,1.0,0.0,destroy_shaw_stores,repair_greedy,1.0
303,5910657046162.692,5910657046162.692,5110230337353.696,143877814813.8736,1.0,0.0,destroy_low_demand_stores,repair_random,1.0
304,5910657046162.692,5910657046162.692,5110230337353.696,143590059184.24585,1.0,0.0,destroy_random_delivery,repair_random,1.0
305,5914590074536.992,5914590074536.992,5110230337353.696,143302879065.87735,1.0,0.0,destroy_worst_delivery,repair_regret2,1.0
306,5914590074536.992,5914590074536.992,5110230337353.696,143016273307.7456,1.0,0.0,destroy_worst_delivery,repair_regret2,1.0
307,5914590074536.992,5914590074536.992,5110230337353.696,142730240761.13013,1.0,0.0,destroy_random_period,repair_regret2,1.0
308,5914590074536.992,5914590074536.992,5110230337353.696,142444780279.60788,1.0,0.0,destroy_random_delivery,repair_greedy,1.0
309,5914590074536.992,5914590074536.992,5110230337353.696,142159890719.04868,1.0,0.0,destroy_worst_delivery,repair_regret2,1.0
310,5914590074469.692,5914590074469.692,5110230337353.696,141875570937.61057,1.0,0.0,destroy_shaw_stores,repair_greedy,1.0
311,5922562345286.692,5922562345286.692,5110230337353.696,141591819795.73535,1.0,0.0,destroy_worst_delivery,repair_greedy,1.0
312,5922562345286.692,5922562345286.692,5110230337353.696,141308636156.1439,1.0,0.0,destroy_shaw_stores,repair_greedy,1.0
313,5922562345377.692,5922562345377.692,5110230337353.696,141026018883.8316,1.0,0.0,destroy_random_period,repair_random,1.0
314,5897143568744.293,5897143568744.293,5110230337353.696,140743966846.06393,1.0,0.0,destroy_worst_delivery,repair_random,1.0
315,5897143568744.293,5897143568744.293,5110230337353.696,140462478912.3718,1.0,0.0,destroy_random_delivery,repair_regret2,1.0
316,5909052544056.594,5909052544056.594,5110230337353.696,140181553954.54706,1.0,0.0,destroy_random_route,repair_greedy,1.0
317,5921607078234.995,5921607078234.995,5110230337353.696,139901190846.63797,1.0,0.0,destroy_random_route,repair_greedy,1.0
318,5921607078370.694,5921607078370.694,5110230337353.696,139621388464.9447,1.0,0.0,destroy_low_demand_stores,repair_random,1.0
319,5921607078298.895,5921607078298.895,5110230337353.696,139342145688.0148,1.0,0.0,destroy_random_route,repair_regret2,1.0
320,5921607078390.794,5921607078390.794,5110230337353.696,139063461396.63876,1.0,0.0,destroy_random_period,repair_random,1.0
321,5921607078386.294,5921607078386.294,5110230337353.696,138785334473.8455,1.0,0.0,destroy_random_period,repair_regret2,1.0
322,5921607078250.594,5921607078250.594,5110230337353.696,138507763804.8978,1.0,0.0,destroy_low_demand_stores,repair_greedy,1.0
323,5932101154654.594,5932101154654.594,5110230337353.696,138230748277.288,1.0,0.0,destroy_random_delivery,repair_greedy,1.0
324,5932101154654.594,5932101154654.594,5110230337353.696,137954286780.73343,1.0,0.0,destroy_low_demand_stores,repair_greedy,1.0
325,5932101154654.594,5932101154654.594,5110230337353.696,137678378207.17197,1.0,0.0,destroy_low_demand_stores,repair_random,1.0
326,5943365486204.594,5943365486204.594,5110230337353.696,137403021450.75763,1.0,0.0,destroy_random_delivery,repair_greedy,1.0
327,5934471320135.194,5934471320135.194,5110230337353.696,137128215407.85611,1.0,0.0,destroy_random_delivery,repair_greedy,1.0
328,5934471320043.294,5934471320043.294,5110230337353.696,136853958977.04039,1.0,0.0,destroy_shaw_stores,repair_greedy,1.0
329,5939215923312.794,5939215923312.794,5110230337353.696,136580251059.0863,1.0,0.0,destroy_random_route,repair_regret2,1.0
330,5939215923312.794,5939215923312.794,5110230337353.696,136307090556.96812,1.0,0.0,destroy_low_demand_stores,repair_greedy,1.0
331,5940758782404.794,5940758782404.794,5110230337353.696,136034476375.85419,1.0,0.0,destroy_random_delivery,repair_regret2,1.0
332,5940758782540.494,5940758782540.494,5110230337353.696,135762407423.10248,1.0,0.0,destroy_low_demand_stores,repair_random,1.0
333,5937912098878.494,5937912098878.494,5110230337353.696,135490882608.25627,1.0,0.0,destroy_random_delivery,repair_regret2,1.0
334,5937912098878.494,5937912098878.494,5110230337353.696,135219900843.03976,1.0,0.0,destroy_random_period,repair_regret2,1.0
335,5937912098878.494,5937912098878.494,5110230337353.696,134949461041.35368,1.0,0.0,destroy_low_demand_stores,repair_regret2,1.0
336,5929261506296.095,5929261506296.095,5110230337353.696,134679562119.27098,1.0,0.0,destroy_random_delivery,repair_random,1.0
337,5929261506364.095,5929261506364.095,5110230337353.696,134410202995.03244,1.0,0.0,destroy_shaw_stores,repair_random,1.0
338,5929261506434.195,5929261506434.195,5110230337353.696,134141382589.04237,1.0,0.0,destroy_shaw_stores,repair_random,1.0
339,5922357991989.994,5922357991989.994,5110230337353.696,133873099823.86429,1.0,0.0,destroy_worst_delivery,repair_regret2,1.0
340,5922357992075.594,5922357992075.594,5110230337353.696,133605353624.21655,1.0,0.0,destroy_shaw_stores,repair_random,1.0
341,5922357992141.193,5922357992141.193,5110230337353.696,133338142916.96812,1.0,0.0,destroy_shaw_stores,repair_random,1.0
342,5922357992040.293,5922357992040.293,5110230337353.696,133071466631.13419,1.0,0.0,destroy_low_demand_stores,repair_greedy,1.0
343,5922357992040.293,5922357992040.293,5110230337353.696,132805323697.87192,1.0,0.0,destroy_random_period,repair_regret2,1.0
344,5922357992040.293,5922357992040.293,5110230337353.696,132539713050.47618,1.0,0.0,destroy_worst_delivery,repair_regret2,1.0
345,5920923785013.293,5920923785013.293,5110230337353.696,132274633624.37523,1.0,0.0,destroy_shaw_stores,repair_greedy,1.0
346,5906298949952.692,5906298949952.692,5110230337353.696,132010084357.12648,1.0,0.0,destroy_random_delivery,repair_regret2,1.0
347,5906298949952.692,5906298949952.692,5110230337353.696,131746064188.41223,1.0,0.0,destroy_random_period,repair_regret2,1.0
348,5897143568342.893,5897143568342.893,5110230337353.696,131482572060.0354,1.0,0.0,destroy_worst_delivery,repair_random,1.0
349,5897143568372.592,5897143568372.592,5110230337353.696,131219606915.91533,1.0,0.0,destroy_random_period,repair_random,1.0
350,5917602906255.691,5917602906255.691,5110230337353.696,130957167702.0835,1.0,0.0,destroy_worst_delivery,repair_greedy,1.0
351,5917602906251.192,5917602906251.192,5110230337353.696,130695253366.67932,1.0,0.0,destroy_shaw_stores,repair_regret2,1.0
352,5917602906321.293,5917602906321.293,5110230337353.696,130433862859.94597,1.0,0.0,destroy_shaw_stores,repair_random,1.0
353,5917602906303.993,5917602906303.993,5110230337353.696,130172995134.22607,1.0,0.0,destroy_random_delivery,repair_regret2,1.0
354,5897143568490.593,5897143568490.593,5110230337353.696,129912649143.95763,1.0,0.0,destroy_worst_delivery,repair_random,1.0
355,5897143568560.293,5897143568560.293,5110230337353.696,129652823845.66971,1.0,0.0,destroy_worst_delivery,repair_random,1.0
356,5897143568449.492,5897143568449.492,5110230337353.696,129393518197.97836,1.0,0.0,destroy_random_route,repair_random,1.0
357,5897143568521.992,5897143568521.992,5110230337353.696,129134731161.58241,1.0,0.0,destroy_random_delivery,repair_random,1.0
358,5897143568831.691,5897143568831.691,5110230337353.696,128876461699.25925,1.0,0.0,destroy_worst_delivery,repair_random,1.0
359,5897143568335.392,5897143568335.392,5110230337353.696,128618708775.86073,1.0,0.0,destroy_random_route,repair_greedy,1.0
360,5897143568313.191,5897143568313.191,5110230337353.696,128361471358.309,1.0,0.0,destroy_worst_delivery,repair_random,1.0
361,5907667524336.592,5907667524336.592,5110230337353.696,128104748415.59239,1.0,0.0,destroy_worst_delivery,repair_regret2,1.0
362,5901670000677.292,5901670000677.292,5110230337353.696,127848538918.7612,1.0,0.0,destroy_random_route,repair_regret2,1.0
363,5901670000677.292,5901670000677.292,5110230337353.696,127592841840.92368,1.0,0.0,destroy_random_delivery,repair_random,1.0
364,5901670000677.292,5901670000677.292,5110230337353.696,127337656157.24182,1.0,0.0,destroy_random_period,repair_regret2,1.0
365,5909014809247.893,5909014809247.893,5110230337353.696,127082980844.92734,1.0,0.0,destroy_random_route,repair_regret2,1.0
366,5909014809344.893,5909014809344.893,5110230337353.696,126828814883.23749,1.0,0.0,destroy_shaw_stores,repair_random,1.0
367,5913988178892.593,5913988178892.593,5110230337353.696,126575157253.47101,1.0,0.0,destroy_random_delivery,repair_greedy,1.0
368,5913988178984.492,5913988178984.492,5110230337353.696,126322006938.96407,1.0,0.0,destroy_shaw_stores,repair_random,1.0
369,5913988178984.492,5913988178984.492,5110230337353.696,126069362925.08614,1.0,0.0,destroy_random_period,repair_regret2,1.0
370,5926388113318.192,5926388113318.192,5110230337353.696,125817224199.23596,1.0,0.0,destroy_random_delivery,repair_random,1.0
371,5926388113318.192,5926388113318.192,5110230337353.696,125565589750.8375,1.0,0.0,destroy_worst_delivery,repair_greedy,1.0
372,5926388113389.993,5926388113389.993,5110230337353.696,125314458571.33582,1.0,0.0,destroy_shaw_stores,repair_random,1.0
373,5926388113389.993,5926388113389.993,5110230337353.696,125063829654.19315,1.0,0.0,destroy_random_period,repair_regret2,1.0
374,5914423596887.992,5914423596887.992,5110230337353.696,124813701994.88477,1.0,0.0,destroy_random_delivery,repair_random,1.0
375,5914423596887.992,5914423596887.992,5110230337353.696,124564074590.89499,1.0,0.0,destroy_low_demand_stores,repair_regret2,1.0
376,5914423596887.992,5914423596887.992,5110230337353.696,124314946441.7132,1.0,0.0,destroy_random_delivery,repair_greedy,1.0
377,5909319035537.393,5909319035537.393,5110230337353.696,124066316548.82977,1.0,0.0,destroy_random_delivery,repair_regret2,1.0
378,5909319035537.393,5909319035537.393,5110230337353.696,123818183915.73212,1.0,0.0,destroy_random_period,repair_greedy,1.0
379,5909319035470.093,5909319035470.093,5110230337353.696,123570547547.90065,1.0,0.0,destroy_random_period,repair_greedy,1.0
380,5903321511643.294,5903321511643.294,5110230337353.696,123323406452.80486,1.0,0.0,destroy_random_route,repair_regret2,1.0
381,5903321511647.795,5903321511647.795,5110230337353.696,123076759639.89925,1.0,0.0,destroy_random_period,repair_greedy,1.0
382,5898795079345.194,5898795079345.194,5110230337353.696,122830606120.61945,1.0,0.0,destroy_random_route,repair_random,1.0
383,5898795079253.294,5898795079253.294,5110230337353.696,122584944908.3782,1.0,0.0,destroy_random_period,repair_greedy,1.0
384,5898795079253.294,5898795079253.294,5110230337353.696,122339775018.56145,1.0,0.0,destroy_low_demand_stores,repair_regret2,1.0
385,5919254417289.594,5919254417289.594,5110230337353.696,122095095468.52432,1.0,0.0,destroy_worst_delivery,repair_greedy,1.0
386,5903017286028.494,5903017286028.494,5110230337353.696,121850905277.58728,1.0,0.0,destroy_random_route,repair_regret2,1.0
387,5900835087768.994,5900835087768.994,5110230337353.696,121607203467.0321,1.0,0.0,destroy_worst_delivery,repair_random,1.0
388,5900835087686.894,5900835087686.894,5110230337353.696,121363989060.09804,1.0,0.0,destroy_random_delivery,repair_regret2,1.0
389,5900835087686.894,5900835087686.894,5110230337353.696,121121261081.97784,1.0,0.0,destroy_low_demand_stores,repair_regret2,1.0
390,5913438537654.095,5913438537654.095,5110230337353.696,120879018559.81389,1.0,0.0,destroy_worst_delivery,repair_greedy,1.0
391,5910657045925.497,5910657045925.497,5110230337353.696,120637260522.69426,1.0,0.0,destroy_random_route,repair_random,1.0
392,5924525456374.996,5924525456374.996,5110230337353.696,120395986001.64886,1.0,0.0,destroy_random_delivery,repair_random,1.0
393,5924525456445.096,5924525456445.096,5110230337353.696,120155194029.64557,1.0,0.0,destroy_shaw_stores,repair_random,1.0
394,5908592551099.096,5908592551099.096,5110230337353.696,119914883641.58627,1.0,0.0,destroy_shaw_stores,repair_regret2,1.0
395,5908592551083.195,5908592551083.195,5110230337353.696,119675053874.3031,1.0,0.0,destroy_low_demand_stores,repair_greedy,1.0
396,5906827021893.195,5906827021893.195,5110230337353.696,119435703766.55449,1.0,0.0,destroy_random_delivery,repair_greedy,1.0
397,5906827021893.195,5915435845298.196,5110230337353.696,119196832359.02138,0.0,0.0,destroy_shaw_stores,repair_greedy,1.0
398,5911586353033.897,5911586353033.897,5110230337353.696,118958438694.30333,1.0,0.0,destroy_random_route,repair_greedy,1.0
399,5911586353013.696,5911586353013.696,5110230337353.696,118720521816.91472,1.0,0.0,destroy_shaw_stores,repair_random,1.0
400,5918480449166.796,5918480449166.796,5110230337353.696,118483080773.28088,1.0,0.0,destroy_random_route,repair_random,1.0
401,5918480449103.997,5918480449103.997,5110230337353.696,118246114611.73433,1.0,0.0,destroy_shaw_stores,repair_random,1.0
402,5918480448947.497,5918480448947.497,5110230337353.696,118009622382.51086,1.0,0.0,destroy_random_route,repair_regret2,1.0
403,5929021715423.297,5929021715423.297,5110230337353.696,117773603137.74585,1.0,0.0,destroy_random_delivery,repair_regret2,1.0
404,5929021715408.996,5929021715408.996,5110230337353.696,117538055931.47035,1.0,0.0,destroy_random_delivery,repair_greedy,1.0
405,5929021715324.996,5929021715324.996,5110230337353.696,117302979819.6074,1.0,0.0,destroy_random_period,repair_regret2,1.0
406,5919080573962.896,5919080573962.896,5110230337353.696,117068373859.96819,1.0,0.0,destroy_random_route,repair_regret2,1.0
407,5911733805901.296,5911733805901.296,5110230337353.696,116834237112.24825,1.0,0.0,destroy_worst_delivery,repair_greedy,1.0
408,5911733805901.296,5911733805901.296,5110230337353.696,116600568638.02374,1.0,0.0,destroy_random_delivery,repair_regret2,1.0
409,5911733805901.296,5911733805901.296,5110230337353.696,116367367500.7477,1.0,0.0,destroy_low_demand_stores,repair_regret2,1.0
410,5911733805968.596,5911733805968.596,5110230337353.696,116134632765.7462,1.0,0.0,destroy_low_demand_stores,repair_random,1.0
411,5911733806177.597,5911733806177.597,5110230337353.696,115902363500.2147,1.0,0.0,destroy_random_delivery,repair_random,1.0
412,5911733806380.596,5911733806380.596,5110230337353.696,115670558773.21428,1.0,0.0,destroy_low_demand_stores,repair_random,1.0
413,5911733806312.196,5911733806312.196,5110230337353.696,115439217655.66785,1.0,0.0,destroy_random_delivery,repair_greedy,1.0
414,5899925060988.3955,5899925060988.3955,5110230337353.696,115208339220.3565,1.0,0.0,destroy_worst_delivery,repair_random,1.0
415,5907757637761.396,5907757637761.396,5110230337353.696,114977922541.91579,1.0,0.0,destroy_random_delivery,repair_greedy,1.0
416,5907757637908.395,5907757637908.395,5110230337353.696,114747966696.83195,1.0,0.0,destroy_low_demand_stores,repair_random,1.0
417,5907757637908.395,5907757637908.395,5110230337353.696,114518470763.4383,1.0,0.0,destroy_random_delivery,repair_regret2,1.0
418,5907757637908.395,5907757637908.395,5110230337353.696,114289433821.91142,1.0,0.0,destroy_shaw_stores,repair_regret2,1.0
419,5907757637841.095,5907757637841.095,5110230337353.696,114060854954.2676,1.0,0.0,destroy_shaw_stores,repair_regret2,1.0
420,5918281593847.896,5918281593847.896,5110230337353.696,113832733244.35905,1.0,0.0,destroy_worst_delivery,repair_regret2,1.0
421,5915937359433.596,5915937359433.596,5110230337353.696,113605067777.87033,1.0,0.0,destroy_random_route,repair_regret2,1.0
422,5918281593624.596,5918281593624.596,5110230337353.696,113377857642.31459,1.0,0.0,destroy_random_delivery,repair_regret2,1.0
423,5918281593550.195,5918281593550.195,5110230337353.696,113151101927.02997,1.0,0.0,destroy_random_period,repair_regret2,1.0
424,5918281593480.496,5918281593480.496,5110230337353.696,112924799723.1759,1.0,0.0,destroy_shaw_stores,repair_greedy,1.0
425,5918281593333.497,5918281593333.497,5110230337353.696,112698950123.72955,1.0,0.0,destroy_low_demand_stores,repair_regret2,1.0
426,5918281593333.497,5918281593333.497,5110230337353.696,112473552223.4821,1.0,0.0,destroy_shaw_stores,repair_random,1.0
427,5918281593333.497,5918281593333.497,5110230337353.696,112248605119.03514,1.0,0.0,destroy_low_demand_stores,repair_random,1.0
428,5918914425168.497,5918914425168.497,5110230337353.696,112024107908.79707,1.0,0.0,destroy_random_delivery,repair_greedy,1.0
429,5918914425255.896,5918914425255.896,5110230337353.696,111800059692.97948,1.0,0.0,destroy_random_period,repair_random,1.0
430,5918914425199.997,5918914425199.997,5110230337353.696,111576459573.59352,1.0,0.0,destroy_random_period,repair_greedy,1.0
431,5918914425199.997,5918914425199.997,5110230337353.696,111353306654.44633,1.0,0.0,destroy_worst_delivery,repair_regret2,1.0
432,5900518671713.197,5900518671713.197,5110230337353.696,111130600041.13744,1.0,0.0,destroy_worst_delivery,repair_random,1.0
433,5901811827188.597,5901811827188.597,5110230337353.696,110908338841.05516,1.0,0.0,destroy_shaw_stores,repair_greedy,1.0
434,5900518671368.296,5900518671368.296,5110230337353.696,110686522163.37305,1.0,0.0,destroy_random_route,repair_regret2,1.0
435,5911991875357.596,5911991875357.596,5110230337353.696,110465149119.0463,1.0,0.0,destroy_worst_delivery,repair_regret2,1.0
436,5911991875506.995,5911991875506.995,5110230337353.696,110244218820.8082,1.0,0.0,destroy_random_delivery,repair_random,1.0
437,5925466419921.896,5925466419921.896,5110230337353.696,110023730383.16658,1.0,0.0,destroy_random_route,repair_greedy,1.0
438,5925466419921.896,5925466419921.896,5110230337353.696,109803682922.40025,1.0,0.0,destroy_random_delivery,repair_regret2,1.0
439,5925466419921.896,5925466419921.896,5110230337353.696,109584075556.55545,1.0,0.0,destroy_low_demand_stores,repair_greedy,1.0
440,5925466419842.196,5925466419842.196,5110230337353.696,109364907405.44234,1.0,0.0,destroy_random_period,repair_regret2,1.0
441,5925466419828.396,5925466419828.396,5110230337353.696,109146177590.63145,1.0,0.0,destroy_shaw_stores,repair_random,1.0
442,5925466419828.396,5925466419828.396,5110230337353.696,108927885235.4502,1.0,0.0,destroy_random_period,repair_greedy,1.0
443,5925466419828.396,5925466419828.396,5110230337353.696,108710029464.9793,1.0,0.0,destroy_shaw_stores,repair_greedy,1.0
444,5925466419895.696,5925466419895.696,5110230337353.696,108492609406.04933,1.0,0.0,destroy_random_period,repair_random,1.0
445,5913041559646.997,5913041559646.997,5110230337353.696,108275624187.23723,1.0,0.0,destroy_worst_delivery,repair_random,1.0
446,5913041559646.997,5913041559646.997,5110230337353.696,108059072938.86275,1.0,0.0,destroy_shaw_stores,repair_greedy,1.0
447,5906119009799.097,5906119009799.097,5110230337353.696,107842954792.98502,1.0,0.0,destroy_worst_delivery,repair_regret2,1.0
448,5906119009799.097,5906119009799.097,5110230337353.696,107627268883.39905,1.0,0.0,destroy_shaw_stores,repair_greedy,1.0
449,5906119009803.598,5906119009803.598,5110230337353.696,107412014345.63225,1.0,0.0,destroy_shaw_stores,repair_greedy,1.0
450,5907029037118.396,5907029037118.396,5110230337353.696,107197190316.94098,1.0,0.0,destroy_random_delivery,repair_random,1.0
451,5907029037399.995,5907029037399.995,5110230337353.696,106982795936.3071,1.0,0.0,destroy_low_demand_stores,repair_random,1.0
452,5907029037399.995,5907029037399.995,5110230337353.696,106768830344.43448,1.0,0.0,destroy_random_period,repair_regret2,1.0
453,5917602906830.794,5917602906830.794,5110230337353.696,106555292683.7456,1.0,0.0,destroy_worst_delivery,repair_random,1.0
454,5917602906927.794,5917602906927.794,5110230337353.696,106342182098.37811,1.0,0.0,destroy_shaw_stores,repair_random,1.0
455,5917602907139.895,5917602907139.895,5110230337353.696,106129497734.18135,1.0,0.0,destroy_random_route,repair_random,1.0
456,5897143568932.394,5897143568932.394,5110230337353.696,105917238738.71298,1.0,0.0,destroy_random_delivery,repair_regret2,1.0
457,5897143568936.895,5897143568936.895,5110230337353.696,105705404261.23555,1.0,0.0,destroy_shaw_stores,repair_greedy,1.0
458,5897143568936.895,5897143568936.895,5110230337353.696,105493993452.71307,1.0,0.0,destroy_random_delivery,repair_greedy,1.0
459,5910997173486.194,5910997173486.194,5110230337353.696,105283005465.80765,1.0,0.0,destroy_worst_delivery,repair_greedy,1.0
460,5902103007436.194,5902103007436.194,5110230337353.696,105072439454.87604,1.0,0.0,destroy_random_delivery,repair_random,1.0
461,5902103007588.193,5902103007588.193,5110230337353.696,104862294575.96628,1.0,0.0,destroy_low_demand_stores,repair_random,1.0
462,5910997173638.193,5910997173638.193,5110230337353.696,104652569986.81435,1.0,0.0,destroy_worst_delivery,repair_greedy,1.0
463,5913778665279.294,5913778665279.294,5110230337353.696,104443264846.84071,1.0,0.0,destroy_random_route,repair_regret2,1.0
464,5913778665348.994,5913778665348.994,5110230337353.696,104234378317.14703,1.0,0.0,destroy_random_delivery,repair_random,1.0
465,5913778665353.495,5913778665353.495,5110230337353.696,104025909560.51274,1.0,0.0,destroy_shaw_stores,repair_greedy,1.0
466,5906847610425.495,5906847610425.495,5110230337353.696,103817857741.39171,1.0,0.0,destroy_worst_delivery,repair_greedy,1.0
467,5906847610341.295,5906847610341.295,5110230337353.696,103610222025.90892,1.0,0.0,destroy_shaw_stores,repair_regret2,1.0
468,5906847610341.295,5929280541778.095,5110230337353.696,103403001581.8571,0.0,0.0,destroy_random_route,repair_regret2,1.0
469,5906847610258.095,5906847610258.095,5110230337353.696,103196195578.69339,1.0,0.0,destroy_low_demand_stores,repair_greedy,1.0
470,5906847610258.095,5906847610258.095,5110230337353.696,102989803187.536,1.0,0.0,destroy_worst_delivery,repair_regret2,1.0
471,5906847610258.095,5906847610258.095,5110230337353.696,102783823581.16092,1.0,0.0,destroy_worst_delivery,repair_greedy,1.0
472,5915937359188.594,5915937359188.594,5110230337353.696,102578255933.9986,1.0,0.0,destroy_random_route,repair_regret2,1.0
473,5915937359263.195,5915937359263.195,5110230337353.696,102373099422.1306,1.0,0.0,destroy_random_period,repair_random,1.0
474,5915937359263.195,5915937359263.195,5110230337353.696,102168353223.28633,1.0,0.0,destroy_low_demand_stores,repair_greedy,1.0
475,5915181011551.495,5915181011551.495,5110230337353.696,101964016516.83975,1.0,0.0,destroy_worst_delivery,repair_greedy,1.0
476,5915181011621.194,5915181011621.194,5110230337353.696,101760088483.80608,1.0,0.0,destroy_random_period,repair_random,1.0
477,5915181011757.295,5915181011757.295,5110230337353.696,101556568306.83847,1.0,0.0,destroy_low_demand_stores,repair_random,1.0
478,5932049425658.996,5932049425658.996,5110230337353.696,101353455170.2248,1.0,0.0,destroy_random_route,repair_greedy,1.0
479,5932049425658.996,5932049425658.996,5110230337353.696,101150748259.88434,1.0,0.0,destroy_random_delivery,repair_regret2,1.0
480,5932049425591.697,5932049425591.697,5110230337353.696,100948446763.36456,1.0,0.0,destroy_low_demand_stores,repair_greedy,1.0
481,5932049425591.697,5932049425591.697,5110230337353.696,100746549869.83783,1.0,0.0,destroy_random_period,repair_greedy,1.0
482,5934386003278.697,5934386003278.697,5110230337353.696,100545056770.09816,1.0,0.0,destroy_random_delivery,repair_greedy,1.0
483,5934386003362.697,5934386003362.697,5110230337353.696,100343966656.55797,1.0,0.0,destroy_shaw_stores,repair_random,1.0
484,5927103690310.094,5927103690310.094,5110230337353.696,100143278723.24486,1.0,0.0,destroy_random_route,repair_regret2,1.0
485,5927103690384.294,5927103690384.294,5110230337353.696,99942992165.79837,1.0,0.0,destroy_shaw_stores,repair_random,1.0
486,5914143029366.794,5914143029366.794,5110230337353.696,99743106181.46677,1.0,0.0,destroy_random_delivery,repair_regret2,1.0
487,5914143029366.794,5914143029366.794,5110230337353.696,99543619969.10384,1.0,0.0,destroy_low_demand_stores,repair_regret2,1.0
488,5914143029366.794,5914143029366.794,5110230337353.696,99344532729.16563,1.0,0.0,destroy_low_demand_stores,repair_greedy,1.0
489,5914143029366.794,5914143029366.794,5110230337353.696,99145843663.7073,1.0,0.0,destroy_random_period,repair_regret2,1.0
490,5914143029366.794,5914143029366.794,5110230337353.696,98947551976.3799,1.0,0.0,destroy_low_demand_stores,repair_regret2,1.0
491,5914143029292.594,5914143029292.594,5110230337353.696,98749656872.42714,1.0,0.0,destroy_random_route,repair_regret2,1.0
492,5912926198035.594,5912926198035.594,5110230337353.696,98552157558.68228,1.0,0.0,destroy_random_delivery,repair_greedy,1.0
493,5910362876386.194,5910362876386.194,5110230337353.696,98355053243.56491,1.0,0.0,destroy_worst_delivery,repair_regret2,1.0
494,5910362876457.994,5910362876457.994,5110230337353.696,98158343137.07777,1.0,0.0,destroy_random_period,repair_random,1.0
495,5910362876457.994,5910362876457.994,5110230337353.696,97962026450.80362,1.0,0.0,destroy_low_demand_stores,repair_regret2,1.0
496,5909151008609.994,5909151008609.994,5110230337353.696,97766102397.90201,1.0,0.0,destroy_random_delivery,repair_greedy,1.0
497,5909151008680.095,5909151008680.095,5110230337353.696,97570570193.1062,1.0,0.0,destroy_random_period,repair_random,1.0
498,5909151008680.095,5909151008680.095,5110230337353.696,97375429052.71999,1.0,0.0,destroy_shaw_stores,repair_greedy,1.0
499,5909151008680.095,5909151008680.095,5110230337353.696,97180678194.61455,1.0,0.0,destroy_random_delivery,repair_regret2,1.0
500,5909401749292.095,5909401749292.095,5110230337353.696,96986316838.22531,1.0,0.0,destroy_random_delivery,repair_greedy,1.0
501,5909401749366.494,5909401749366.494,5110230337353.696,96792344204.54886,1.0,0.0,destroy_random_period,repair_random,1.0
502,5909401749366.494,5909401749366.494,5110230337353.696,96598759516.13976,1.0,0.0,destroy_low_demand_stores,repair_regret2,1.0
503,5909401749366.494,5909401749366.494,5110230337353.696,96405561997.10748,1.0,0.0,destroy_low_demand_stores,repair_greedy,1.0
504,5909401749568.394,5909401749568.394,5110230337353.696,96212750873.11327,1.0,0.0,destroy_low_demand_stores,repair_random,1.0
505,5909401749501.094,5909401749501.094,5110230337353.696,96020325371.36703,1.0,0.0,destroy_shaw_stores,repair_greedy,1.0
506,5900835087746.094,5900835087746.094,5110230337353.696,95828284720.6243,1.0,0.0,destroy_worst_delivery,repair_random,1.0
507,5900835087746.094,5900835087746.094,5110230337353.696,95636628151.18304,1.0,0.0,destroy_low_demand_stores,repair_regret2,1.0
508,5909939835609.294,5909939835609.294,5110230337353.696,95445354894.88068,1.0,0.0,destroy_random_route,repair_regret2,1.0
509,5909939835609.294,5909939835609.294,5110230337353.696,95254464185.09091,1.0,0.0,destroy_shaw_stores,repair_regret2,1.0
510,5909939835609.294,5909939835609.294,5110230337353.696,95063955256.72073,1.0,0.0,destroy_shaw_stores,repair_regret2,1.0
511,5909939835626.194,5909939835626.194,5110230337353.696,94873827346.20729,1.0,0.0,destroy_random_period,repair_random,1.0
512,5898490853199.595,5898490853199.595,5110230337353.696,94684079691.51488,1.0,0.0,destroy_worst_delivery,repair_random,1.0
513,5898490853199.595,5898490853199.595,5110230337353.696,94494711532.13185,1.0,0.0,destroy_random_delivery,repair_regret2,1.0
514,5899784008680.895,5899784008680.895,5110230337353.696,94305722109.06758,1.0,0.0,destroy_random_period,repair_greedy,1.0
515,5899784008753.395,5899784008753.395,5110230337353.696,94117110664.84944,1.0,0.0,destroy_shaw_stores,repair_random,1.0
516,5899784008753.395,5899784008753.395,5110230337353.696,93928876443.51974,1.0,0.0,destroy_shaw_stores,repair_regret2,1.0
517,5900088234486.395,5900088234486.395,5110230337353.696,93741018690.6327,1.0,0.0,destroy_random_delivery,repair_greedy,1.0
518,5900088234481.895,5900088234481.895,5110230337353.696,93553536653.25143,1.0,0.0,destroy_random_period,repair_regret2,1.0
519,5898795078990.994,5898795078990.994,5110230337353.696,93366429579.94493,1.0,0.0,destroy_random_delivery,repair_regret2,1.0
520,5898490853257.994,5898490853257.994,5110230337353.696,93179696720.78503,1.0,0.0,destroy_random_period,repair_regret2,1.0
521,5905413402935.994,5905413402935.994,5110230337353.696,92993337327.34346,1.0,0.0,destroy_shaw_stores,repair_greedy,1.0
522,5905413402935.994,5905413402935.994,5110230337353.696,92807350652.68877,1.0,0.0,destroy_random_delivery,repair_regret2,1.0
523,5905413402935.994,5905413402935.994,5110230337353.696,92621735951.38339,1.0,0.0,destroy_random_period,repair_regret2,1.0
524,5905413402935.994,5905413402935.994,5110230337353.696,92436492479.48062,1.0,0.0,destroy_low_demand_stores,repair_greedy,1.0
525,5905413402935.994,5905413402935.994,5110230337353.696,92251619494.52167,1.0,0.0,destroy_low_demand_stores,repair_regret2,1.0
526,5905413402845.994,5905413402845.994,5110230337353.696,92067116255.53262,1.0,0.0,destroy_random_route,repair_regret2,1.0
527,5909939835587.293,5909939835587.293,5110230337353.696,91882982023.02156,1.0,0.0,destroy_random_route,repair_regret2,1.0
528,5909939835587.293,5909939835587.293,5110230337353.696,91699216058.97552,1.0,0.0,destroy_random_route,repair_regret2,1.0
529,5909939835587.293,5909939835587.293,5110230337353.696,91515817626.85757,1.0,0.0,destroy_random_period,repair_regret2,1.0
530,5905413402815.894,5905413402815.894,5110230337353.696,91332785991.60387,1.0,0.0,destroy_worst_delivery,repair_greedy,1.0
531,5905413402815.894,5905413402815.894,5110230337353.696,91150120419.62065,1.0,0.0,destroy_shaw_stores,repair_greedy,1.0
532,5914688691934.894,5914688691934.894,5110230337353.696,90967820178.7814,1.0,0.0,destroy_worst_delivery,repair_greedy,1.0
533,5907757636934.394,5907757636934.394,5110230337353.696,90785884538.42384,1.0,0.0,destroy_random_delivery,repair_regret2,1.0
534,5914688691946.293,5914688691946.293,5110230337353.696,90604312769.347,1.0,0.0,destroy_random_delivery,repair_random,1.0
535,5914688691878.993,5914688691878.993,5110230337353.696,90423104143.8083,1.0,0.0,destroy_random_delivery,repair_greedy,1.0
536,5914688691878.993,5914688691878.993,5110230337353.696,90242257935.52069,1.0,0.0,destroy_shaw_stores,repair_greedy,1.0
537,5914688692110.893,5914688692110.893,5110230337353.696,90061773419.64964,1.0,0.0,destroy_random_delivery,repair_random,1.0
538,5914688692183.393,5914688692183.393,5110230337353.696,89881649872.81035,1.0,0.0,destroy_random_delivery,repair_random,1.0
539,5914688692183.393,5914688692183.393,5110230337353.696,89701886573.06473,1.0,0.0,destroy_random_delivery,repair_regret2,1.0
540,5914688692283.293,5914688692283.293,5110230337353.696,89522482799.9186,1.0,0.0,destroy_random_period,repair_random,1.0
541,5914688692339.193,5914688692339.193,5110230337353.696,89343437834.31876,1.0,0.0,destroy_random_period,repair_random,1.0
542,5920882641826.394,5920882641826.394,5110230337353.696,89164750958.65012,1.0,0.0,destroy_shaw_stores,repair_greedy,1.0
543,5920882641909.594,5920882641909.594,5110230337353.696,88986421456.73282,1.0,0.0,destroy_low_demand_stores,repair_random,1.0
544,5911988475691.694,5911988475691.694,5110230337353.696,88808448613.81935,1.0,0.0,destroy_random_route,repair_greedy,1.0
545,5911988475608.494,5911988475608.494,5110230337353.696,88630831716.5917,1.0,0.0,destroy_low_demand_stores,repair_regret2,1.0
546,5907057515201.995,5907057515201.995,5110230337353.696,88453570053.15852,1.0,0.0,destroy_random_route,repair_greedy,1.0
547,5907057515271.695,5907057515271.695,5110230337353.696,88276662913.0522,1.0,0.0,destroy_random_period,repair_random,1.0
548,5907057515271.695,5907057515271.695,5110230337353.696,88100109587.22609,1.0,0.0,destroy_shaw_stores,repair_regret2,1.0
549,5909085333633.295,5909085333633.295,5110230337353.696,87923909368.05164,1.0,0.0,destroy_random_delivery,repair_random,1.0
550,5902228459493.595,5902228459493.595,5110230337353.696,87748061549.31554,1.0,0.0,destroy_random_delivery,repair_random,1.0
551,5899914391647.595,5899914391647.595,5110230337353.696,87572565426.2169,1.0,0.0,destroy_random_delivery,repair_regret2,1.0
552,5898621236626.193,5898621236626.193,5110230337353.696,87397420295.36447,1.0,0.0,destroy_random_route,repair_random,1.0
553,5901467920173.594,5901467920173.594,5110230337353.696,87222625454.77374,1.0,0.0,destroy_worst_delivery,repair_greedy,1.0
554,5901467920238.792,5901467920238.792,5110230337353.696,87048180203.8642,1.0,0.0,destroy_shaw_stores,repair_random,1.0
555,5901467920238.792,5901467920238.792,5110230337353.696,86874083843.45647,1.0,0.0,destroy_random_period,repair_regret2,1.0
556,5901467920318.492,5901467920318.492,5110230337353.696,86700335675.76955,1.0,0.0,destroy_shaw_stores,repair_random,1.0
557,5901467920318.492,5901467920318.492,5110230337353.696,86526935004.41801,1.0,0.0,destroy_shaw_stores,repair_regret2,1.0
558,5901467920246.692,5901467920246.692,5110230337353.696,86353881134.40918,1.0,0.0,destroy_shaw_stores,repair_greedy,1.0
559,5901467920326.392,5901467920326.392,5110230337353.696,86181173372.14037,1.0,0.0,destroy_random_period,repair_random,1.0
560,5900835088398.392,5900835088398.392,5110230337353.696,86008811025.39609,1.0,0.0,destroy_worst_delivery,repair_regret2,1.0
561,5907757638151.392,5907757638151.392,5110230337353.696,85836793403.34529,1.0,0.0,destroy_random_period,repair_random,1.0
562,5907757638218.691,5907757638218.691,5110230337353.696,85665119816.5386,1.0,0.0,destroy_low_demand_stores,repair_random,1.0
563,5901467920379.791,5901467920379.791,5110230337353.696,85493789576.90553,1.0,0.0,destroy_worst_delivery,repair_greedy,1.0
564,5901467920305.191,5901467920305.191,5110230337353.696,85322801997.75172,1.0,0.0,destroy_shaw_stores,repair_regret2,1.0
565,5901467920305.191,5901467920305.191,5110230337353.696,85152156393.75623,1.0,0.0,destroy_random_delivery,repair_regret2,1.0
566,5901467920305.191,5913376895698.191,5110230337353.696,84981852080.96872,0.0,0.0,destroy_random_period,repair_greedy,1.0
567,5901467920249.291,5901467920249.291,5110230337353.696,84811888376.80678,1.0,0.0,destroy_random_period,repair_regret2,1.0
568,5901467920249.291,5901467920249.291,5110230337353.696,84642264600.05316,1.0,0.0,destroy_shaw_stores,repair_random,1.0
569,5901467920256.392,5901467920256.392,5110230337353.696,84472980070.85306,1.0,0.0,destroy_random_period,repair_random,1.0
570,5900835088297.893,5900835088297.893,5110230337353.696,84304034110.71135,1.0,0.0,destroy_random_delivery,repair_regret2,1.0
571,5904374250793.992,5904374250793.992,5110230337353.696,84135426042.48993,1.0,0.0,destroy_worst_delivery,repair_regret2,1.0
572,5904442311614.092,5904442311614.092,5110230337353.696,83967155190.40495,1.0,0.0,destroy_worst_delivery,repair_greedy,1.0
573,5904442311614.092,5904442311614.092,5110230337353.696,83799220880.02414,1.0,0.0,destroy_random_period,repair_greedy,1.0
574,5900835088274.392,5900835088274.392,5110230337353.696,83631622438.26408,1.0,0.0,destroy_random_period,repair_regret2,1.0
575,5900835088274.392,5900835088274.392,5110230337353.696,83464359193.38756,1.0,0.0,destroy_random_period,repair_greedy,1.0
576,5900835088274.393,5900835088274.393,5110230337353.696,83297430475.00078,1.0,0.0,destroy_low_demand_stores,repair_random,1.0
577,5900835088274.393,5900835088274.393,5110230337353.696,83130835614.05078,1.0,0.0,destroy_low_demand_stores,repair_greedy,1.0
578,5904374250795.093,5904374250795.093,5110230337353.696,82964573942.82268,1.0,0.0,destroy_random_period,repair_greedy,1.0
579,5903464223629.993,5903464223629.993,5110230337353.696,82798644794.93703,1.0,0.0,destroy_worst_delivery,repair_regret2,1.0
580,5906556448724.295,5906556448724.295,5110230337353.696,82633047505.34715,1.0,0.0,destroy_random_route,repair_regret2,1.0
581,5906556448645.595,5906556448645.595,5110230337353.696,82467781410.33646,1.0,0.0,destroy_random_delivery,repair_greedy,1.0
582,5901670001368.8955,5901670001368.8955,5110230337353.696,82302845847.51578,1.0,0.0,destroy_random_route,repair_random,1.0
583,5897143568579.195,5897143568579.195,5110230337353.696,82138240155.82074,1.0,0.0,destroy_worst_delivery,repair_greedy,1.0
584,5897143568579.195,5897143568579.195,5110230337353.696,81973963675.5091,1.0,0.0,destroy_worst_delivery,repair_greedy,1.0
585,5909052543756.396,5909052543756.396,5110230337353.696,81810015748.15808,1.0,0.0,destroy_random_route,repair_greedy,1.0
586,5897143568444.696,5897143568444.696,5110230337353.696,81646395716.66176,1.0,0.0,destroy_worst_delivery,repair_random,1.0
587,5897143568377.396,5897143568377.396,5110230337353.696,81483102925.22844,1.0,0.0,destroy_low_demand_stores,repair_regret2,1.0
588,5901670000796.097,5901670000796.097,5110230337353.696,81320136719.37798,1.0,0.0,destroy_random_route,repair_regret2,1.0
589,5897143568142.3955,5897143568142.3955,5110230337353.696,81157496445.93922,1.0,0.0,destroy_worst_delivery,repair_random,1.0
590,5897143568142.3955,5897143568142.3955,5110230337353.696,80995181453.04735,1.0,0.0,destroy_random_period,repair_regret2,1.0
591,5901670000879.595,5901670000879.595,5110230337353.696,80833191090.14125,1.0,0.0,destroy_random_route,repair_regret2,1.0
592,5901670000879.595,5901670000879.595,5110230337353.696,80671524707.96097,1.0,0.0,destroy_low_demand_stores,repair_random,1.0
593,5902103006584.796,5902103006584.796,5110230337353.696,80510181658.54504,1.0,0.0,destroy_worst_delivery,repair_random,1.0
594,5902103006584.796,5902103006584.796,5110230337353.696,80349161295.22795,1.0,0.0,destroy_worst_delivery,repair_greedy,1.0
595,5902103006589.295,5902103006589.295,5110230337353.696,80188462972.6375,1.0,0.0,destroy_random_period,repair_random,1.0
596,5897143568014.095,5897143568014.095,5110230337353.696,80028086046.69221,1.0,0.0,destroy_random_delivery,repair_regret2,1.0
597,5910019664350.998,5910019664350.998,5110230337353.696,79868029874.59883,1.0,0.0,destroy_random_route,repair_greedy,1.0
598,5907805812616.998,5907805812616.998,5110230337353.696,79708293814.84964,1.0,0.0,destroy_random_delivery,repair_regret2,1.0
599,5907805812701.997,5907805812701.997,5110230337353.696,79548877227.21994,1.0,0.0,destroy_low_demand_stores,repair_random,1.0
600,5907805812629.097,5907805812629.097,5110230337353.696,79389779472.7655,1.0,0.0,destroy_shaw_stores,repair_regret2,1.0
601,5905034989717.396,5905034989717.396,5110230337353.696,79230999913.81998,1.0,0.0,destroy_random_delivery,repair_random,1.0
602,5904066117523.395,5904066117523.395,5110230337353.696,79072537913.99234,1.0,0.0,destroy_random_route,repair_regret2,1.0
603,5904066117607.395,5904066117607.395,5110230337353.696,78914392838.16435,1.0,0.0,destroy_random_period,repair_random,1.0
604,5904066117607.395,5904066117607.395,5110230337353.696,78756564052.48802,1.0,0.0,destroy_shaw_stores,repair_regret2,1.0
605,5904066117607.395,5904066117607.395,5110230337353.696,78599050924.38304,1.0,0.0,destroy_random_delivery,repair_regret2,1.0
606,5904066117607.395,5904066117607.395,5110230337353.696,78441852822.53427,1.0,0.0,destroy_low_demand_stores,repair_regret2,1.0
607,5904066117607.395,5904066117607.395,5110230337353.696,78284969116.8892,1.0,0.0,destroy_low_demand_stores,repair_regret2,1.0
608,5922562344561.694,5922562344561.694,5110230337353.696,78128399178.65543,1.0,0.0,destroy_worst_delivery,repair_greedy,1.0
609,5922562344561.694,5922562344561.694,5110230337353.696,77972142380.29811,1.0,0.0,destroy_random_delivery,repair_random,1.0
610,5904818866111.694,5904818866111.694,5110230337353.696,77816198095.53752,1.0,0.0,destroy_random_delivery,repair_regret2,1.0
611,5921521128672.694,5921521128672.694,5110230337353.696,77660565699.34645,1.0,0.0,destroy_worst_delivery,repair_greedy,1.0
612,5907667524068.395,5907667524068.395,5110230337353.696,77505244567.94775,1.0,0.0,destroy_worst_delivery,repair_regret2,1.0
613,5907667524068.395,5907667524068.395,5110230337353.696,77350234078.81186,1.0,0.0,destroy_shaw_stores,repair_regret2,1.0
614,5908952313385.395,5908952313385.395,5110230337353.696,77195533610.65424,1.0,0.0,destroy_worst_delivery,repair_greedy,1.0
615,5908952313734.293,5908952313734.293,5110230337353.696,77041142543.43292,1.0,0.0,destroy_low_demand_stores,repair_random,1.0
616,5908952313803.992,5908952313803.992,5110230337353.696,76887060258.34605,1.0,0.0,destroy_random_period,repair_random,1.0
617,5908952313803.992,5908952313803.992,5110230337353.696,76733286137.82936,1.0,0.0,destroy_random_period,repair_greedy,1.0
618,5913911752083.496,5913911752083.496,5110230337353.696,76579819565.5537,1.0,0.0,destroy_random_route,repair_greedy,1.0
619,5913911752016.196,5913911752016.196,5110230337353.696,76426659926.42259,1.0,0.0,destroy_shaw_stores,repair_greedy,1.0
620,5917518975855.496,5917518975855.496,5110230337353.696,76273806606.56975,1.0,0.0,destroy_random_route,repair_random,1.0
621,5918197297651.597,5918197297651.597,5110230337353.696,76121258993.35661,1.0,0.0,destroy_worst_delivery,repair_regret2,1.0
622,5918197297640.597,5918197297640.597,5110230337353.696,75969016475.3699,1.0,0.0,destroy_random_period,repair_random,1.0
623,5910997173301.996,5910997173301.996,5110230337353.696,75817078442.41916,1.0,0.0,destroy_worst_delivery,repair_random,1.0
624,5910997173053.297,5910997173053.297,5110230337353.696,75665444285.53432,1.0,0.0,destroy_random_route,repair_regret2,1.0
625,5910997173048.796,5910997173048.796,5110230337353.696,75514113396.96324,1.0,0.0,destroy_shaw_stores,repair_regret2,1.0
626,5910997173513.695,5910997173513.695,5110230337353.696,75363085170.16931,1.0,0.0,destroy_random_route,repair_random,1.0
627,5910997173120.098,5910997173120.098,5110230337353.696,75212358999.82898,1.0,0.0,destroy_random_route,repair_greedy,1.0
628,5921521129259.898,5921521129259.898,5110230337353.696,75061934281.82932,1.0,0.0,destroy_worst_delivery,repair_greedy,1.0
629,5921521129334.3,5921521129334.3,5110230337353.696,74911810413.26566,1.0,0.0,destroy_shaw_stores,repair_random,1.0
630,5921521129402.398,5921521129402.398,5110230337353.696,74761986792.43912,1.0,0.0,destroy_random_route,repair_random,1.0
631,5922868414201.696,5922868414201.696,5110230337353.696,74612462818.85423,1.0,0.0,destroy_random_route,repair_regret2,1.0
632,5922868414201.696,5922868414201.696,5110230337353.696,74463237893.21652,1.0,0.0,destroy_low_demand_stores,repair_regret2,1.0
633,5909014809547.795,5909014809547.795,5110230337353.696,74314311417.43008,1.0,0.0,destroy_worst_delivery,repair_regret2,1.0
634,5909014809817.893,5909014809817.893,5110230337353.696,74165682794.59523,1.0,0.0,destroy_low_demand_stores,repair_random,1.0
635,5909014809682.395,5909014809682.395,5110230337353.696,74017351429.00604,1.0,0.0,destroy_low_demand_stores,repair_greedy,1.0
636,5909014809682.395,5909014809682.395,5110230337353.696,73869316726.14803,1.0,0.0,destroy_low_demand_stores,repair_greedy,1.0
637,5909014809682.395,5909014809682.395,5110230337353.696,73721578092.69572,1.0,0.0,destroy_random_delivery,repair_random,1.0
638,5903583090346.694,5903583090346.694,5110230337353.696,73574134936.51033,1.0,0.0,destroy_random_delivery,repair_regret2,1.0
639,5903583090212.095,5903583090212.095,5110230337353.696,73426986666.63731,1.0,0.0,destroy_low_demand_stores,repair_greedy,1.0
640,5906864753895.795,5906864753895.795,5110230337353.696,73280132693.30405,1.0,0.0,destroy_random_route,repair_greedy,1.0
641,5906864753895.795,5906864753895.795,5110230337353.696,73133572427.91743,1.0,0.0,destroy_random_period,repair_regret2,1.0
642,5906864753895.3955,5906864753895.3955,5110230337353.696,72987305283.0616,1.0,0.0,destroy_random_delivery,repair_greedy,1.0
643,5909014809456.3955,5909014809456.3955,5110230337353.696,72841330672.49548,1.0,0.0,destroy_worst_delivery,repair_regret2,1.0
644,5909014809659.193,5909014809659.193,5110230337353.696,72695648011.1505,1.0,0.0,destroy_low_demand_stores,repair_random,1.0
645,5909014809988.993,5909014809988.993,5110230337353.696,72550256715.12819,1.0,0.0,destroy_random_route,repair_random,1.0
646,5898490853896.393,5898490853896.393,5110230337353.696,72405156201.69794,1.0,0.0,destroy_random_period,repair_greedy,1.0
647,5898490853828.194,5898490853828.194,5110230337353.696,72260345889.29454,1.0,0.0,destroy_low_demand_stores,repair_greedy,1.0
648,5912344458344.496,5912344458344.496,5110230337353.696,72115825197.51595,1.0,0.0,destroy_random_route,repair_greedy,1.0
649,5912344458144.497,5912344458144.497,5110230337353.696,71971593547.12091,1.0,0.0,destroy_random_route,repair_greedy,1.0
650,5905413403295.797,5905413403295.797,5110230337353.696,71827650360.02667,1.0,0.0,destroy_worst_delivery,repair_random,1.0
651,5903450292104.097,5903450292104.097,5110230337353.696,71683995059.30663,1.0,0.0,destroy_worst_delivery,repair_greedy,1.0
652,5903450292104.097,5903450292104.097,5110230337353.696,71540627069.18802,1.0,0.0,destroy_random_period,repair_regret2,1.0
653,5907441221434.598,5907441221434.598,5110230337353.696,71397545815.04964,1.0,0.0,destroy_worst_delivery,repair_greedy,1.0
654,5907441221434.598,5907441221434.598,5110230337353.696,71254750723.41954,1.0,0.0,destroy_low_demand_stores,repair_regret2,1.0
655,5897143568617.297,5897143568617.297,5110230337353.696,71112241221.9727,1.0,0.0,destroy_random_route,repair_random,1.0
656,5897143568124.3955,5897143568124.3955,5110230337353.696,70970016739.52876,1.0,0.0,destroy_random_route,repair_greedy,1.0
657,5907084709844.096,5907084709844.096,5110230337353.696,70828076706.0497,1.0,0.0,destroy_random_route,repair_random,1.0
658,5908431995149.096,5908431995149.096,5110230337353.696,70686420552.6376,1.0,0.0,destroy_shaw_stores,repair_regret2,1.0
659,5908431995149.096,5908431995149.096,5110230337353.696,70545047711.53233,1.0,0.0,destroy_random_period,repair_greedy,1.0
660,5898490853743.496,5898490853743.496,5110230337353.696,70403957616.10927,1.0,0.0,destroy_random_period,repair_random,1.0
661,5898490853657.896,5898490853657.896,5110230337353.696,70263149700.87704,1.0,0.0,destroy_random_period,repair_regret2,1.0
662,5910399828866.398,5910399828866.398,5110230337353.696,70122623401.4753,1.0,0.0,destroy_random_route,repair_greedy,1.0
663,5910399828866.398,5910399828866.398,5110230337353.696,69982378154.67235,1.0,0.0,destroy_shaw_stores,repair_regret2,1.0
664,5910399828790.097,5910399828790.097,5110230337353.696,69842413398.363,1.0,0.0,destroy_random_route,repair_regret2,1.0
665,5917642121131.697,5917642121131.697,5110230337353.696,69702728571.56628,1.0,0.0,destroy_random_period,repair_greedy,1.0
666,5909340368877.297,5909340368877.297,5110230337353.696,69563323114.42316,1.0,0.0,destroy_random_route,repair_regret2,1.0
667,5912622032606.097,5912622032606.097,5110230337353.696,69424196468.1943,1.0,0.0,destroy_worst_delivery,repair_regret2,1.0
668,5909014809333.696,5909014809333.696,5110230337353.696,69285348075.25792,1.0,0.0,destroy_random_delivery,repair_random,1.0
669,5909014809333.696,5909014809333.696,5110230337353.696,69146777379.1074,1.0,0.0,destroy_worst_delivery,repair_regret2,1.0
670,5909014809480.596,5909014809480.596,5110230337353.696,69008483824.3492,1.0,0.0,destroy_random_delivery,repair_random,1.0
671,5909014809480.596,5909014809480.596,5110230337353.696,68870466856.7005,1.0,0.0,destroy_shaw_stores,repair_regret2,1.0
672,5898490853631.796,5898490853631.796,5110230337353.696,68732725922.9871,1.0,0.0,destroy_worst_delivery,repair_random,1.0
673,5911359043671.596,5911359043671.596,5110230337353.696,68595260471.14113,1.0,0.0,destroy_worst_delivery,repair_regret2,1.0
674,5911359043671.596,5911359043671.596,5110230337353.696,68458069950.198845,1.0,0.0,destroy_low_demand_stores,repair_greedy,1.0
675,5911359043671.596,5911359043671.596,5110230337353.696,68321153810.29845,1.0,0.0,destroy_random_delivery,repair_greedy,1.0
676,5911359043599.096,5911359043599.096,5110230337353.696,68184511502.67785,1.0,0.0,destroy_random_period,repair_regret2,1.0
677,5911359043599.096,5927672902527.8955,5110230337353.696,68048142479.67249,0.0,0.0,destroy_worst_delivery,repair_greedy,1.0
678,5911359043803.195,5911359043803.195,5110230337353.696,67912046194.71315,1.0,0.0,destroy_low_demand_stores,repair_random,1.0
679,5911359043735.895,5911359043735.895,5110230337353.696,67776222102.32372,1.0,0.0,destroy_shaw_stores,repair_regret2,1.0
680,5900835088186.294,5900835088186.294,5110230337353.696,67640669658.11907,1.0,0.0,destroy_random_route,repair_random,1.0
681,5899925061136.394,5899925061136.394,5110230337353.696,67505388318.80283,1.0,0.0,destroy_worst_delivery,repair_random,1.0
682,5899925061227.394,5899925061227.394,5110230337353.696,67370377542.16523,1.0,0.0,destroy_random_period,repair_random,1.0
683,5899925060836.994,5899925060836.994,5110230337353.696,67235636787.0809,1.0,0.0,destroy_random_route,repair_regret2,1.0
684,5899925060814.895,5899925060814.895,5110230337353.696,67101165513.50674,1.0,0.0,destroy_random_delivery,repair_regret2,1.0
685,5900835087960.594,5900835087960.594,5110230337353.696,66966963182.47972,1.0,0.0,destroy_worst_delivery,repair_regret2,1.0
686,5914078656804.3955,5914078656804.3955,5110230337353.696,66833029256.11476,1.0,0.0,destroy_random_route,repair_greedy,1.0
687,5914078656804.3955,5914078656804.3955,5110230337353.696,66699363197.60253,1.0,0.0,destroy_random_period,repair_greedy,1.0
688,5915080640690.3955,5915080640690.3955,5110230337353.696,66565964471.20733,1.0,0.0,destroy_random_period,repair_greedy,1.0
689,5914078656804.3955,5914078656804.3955,5110230337353.696,66432832542.264915,1.0,0.0,destroy_random_delivery,repair_greedy,1.0
690,5914078656993.896,5914078656993.896,5110230337353.696,66299966877.18038,1.0,0.0,destroy_low_demand_stores,repair_random,1.0
691,5911742079287.497,5911742079287.497,5110230337353.696,66167366943.42602,1.0,0.0,destroy_random_delivery,repair_regret2,1.0
692,5911742079001.697,5911742079001.697,5110230337353.696,66035032209.53917,1.0,0.0,destroy_low_demand_stores,repair_greedy,1.0
693,5911742079006.198,5911742079006.198,5110230337353.696,65902962145.120094,1.0,0.0,destroy_random_route,repair_greedy,1.0
694,5912744062892.198,5912744062892.198,5110230337353.696,65771156220.82986,1.0,0.0,destroy_worst_delivery,repair_regret2,1.0
695,5909866202179.196,5909866202179.196,5110230337353.696,65639613908.3882,1.0,0.0,destroy_worst_delivery,repair_random,1.0
696,5909866202179.196,5909866202179.196,5110230337353.696,65508334680.57142,1.0,0.0,destroy_random_period,repair_regret2,1.0
697,5909866202179.196,5909866202179.196,5110230337353.696,65377318011.21027,1.0,0.0,destroy_random_period,repair_greedy,1.0
698,5908562377465.598,5908562377465.598,5110230337353.696,65246563375.18785,1.0,0.0,destroy_random_delivery,repair_greedy,1.0
699,5908562377465.598,5908562377465.598,5110230337353.696,65116070248.43748,1.0,0.0,destroy_shaw_stores,repair_regret2,1.0
700,5908562377467.698,5908562377467.698,5110230337353.696,64985838107.940605,1.0,0.0,destroy_shaw_stores,repair_random,1.0
701,5908562377467.698,5908562377467.698,5110230337353.696,64855866431.724724,1.0,0.0,destroy_random_delivery,repair_regret2,1.0
702,5917452761128.099,5917452761128.099,5110230337353.696,64726154698.861275,1.0,0.0,destroy_worst_delivery,repair_regret2,1.0
703,5904066117942.898,5904066117942.898,5110230337353.696,64596702389.463554,1.0,0.0,destroy_random_delivery,repair_random,1.0
704,5904066117942.898,5904066117942.898,5110230337353.696,64467508984.68462,1.0,0.0,destroy_shaw_stores,repair_regret2,1.0
705,5904066117942.898,5904066117942.898,5110230337353.696,64338573966.715256,1.0,0.0,destroy_random_period,repair_regret2,1.0
706,5909020626367.697,5909020626367.697,5110230337353.696,64209896818.78182,1.0,0.0,destroy_random_route,repair_regret2,1.0
707,5909939835688.3955,5909939835688.3955,5110230337353.696,64081477025.14426,1.0,0.0,destroy_random_route,repair_regret2,1.0
708,5908259645041.3955,5908259645041.3955,5110230337353.696,63953314071.09397,1.0,0.0,destroy_random_delivery,repair_regret2,1.0
709,5910070218145.3955,5910070218145.3955,5110230337353.696,63825407442.95178,1.0,0.0,destroy_random_period,repair_regret2,1.0
710,5905543785362.596,5905543785362.596,5110230337353.696,63697756628.06588,1.0,0.0,destroy_worst_delivery,repair_regret2,1.0
711,5905543785367.096,5905543785367.096,5110230337353.696,63570361114.809746,1.0,0.0,destroy_random_period,repair_greedy,1.0
712,5905543785367.096,5905543785367.096,5110230337353.696,63443220392.580124,1.0,0.0,destroy_low_demand_stores,repair_regret2,1.0
713,5905543785367.096,5925518355919.597,5110230337353.696,63316333951.79496,0.0,0.0,destroy_random_route,repair_regret2,1.0
714,5905543785367.096,5913478998034.995,5110230337353.696,63189701283.89137,0.0,0.0,destroy_random_route,repair_regret2,1.0
715,5905543785367.096,5905543785367.096,5110230337353.696,63063321881.32359,1.0,0.0,destroy_low_demand_stores,repair_greedy,1.0
716,5903580674394.495,5903580674394.495,5110230337353.696,62937195237.56094,1.0,0.0,destroy_random_delivery,repair_random,1.0
717,5906427358056.495,5906427358056.495,5110230337353.696,62811320847.08582,1.0,0.0,destroy_worst_delivery,repair_greedy,1.0
718,5906847610086.495,5906847610086.495,5110230337353.696,62685698205.391655,1.0,0.0,destroy_worst_delivery,repair_regret2,1.0
719,5913478998143.897,5913478998143.897,5110230337353.696,62560326808.98087,1.0,0.0,destroy_random_route,repair_regret2,1.0
720,5913478998216.397,5913478998216.397,5110230337353.696,62435206155.362915,1.0,0.0,destroy_shaw_stores,repair_random,1.0
721,5913478998216.397,5913478998216.397,5110230337353.696,62310335743.05219,1.0,0.0,destroy_random_period,repair_greedy,1.0
722,5913870145587.397,5913870145587.397,5110230337353.696,62185715071.566086,1.0,0.0,destroy_random_delivery,repair_regret2,1.0
723,5909017272549.997,5909017272549.997,5110230337353.696,62061343641.42295,1.0,0.0,destroy_worst_delivery,repair_greedy,1.0
724,5909017272564.197,5909017272564.197,5110230337353.696,61937220954.14011,1.0,0.0,destroy_random_period,repair_random,1.0
725,5909017272559.696,5909017272559.696,5110230337353.696,61813346512.23183,1.0,0.0,destroy_random_period,repair_regret2,1.0
726,5910386772481.696,5910386772481.696,5110230337353.696,61689719819.20736,1.0,0.0,destroy_worst_delivery,repair_regret2,1.0
727,5910386772481.696,5910386772481.696,5110230337353.696,61566340379.56895,1.0,0.0,destroy_shaw_stores,repair_greedy,1.0
728,5910386772481.696,5910386772481.696,5110230337353.696,61443207698.80981,1.0,0.0,destroy_low_demand_stores,repair_regret2,1.0
729,5920861540700.896,5920861540700.896,5110230337353.696,61320321283.412186,1.0,0.0,destroy_random_route,repair_regret2,1.0
730,5906989454239.297,5906989454239.297,5110230337353.696,61197680640.84536,1.0,0.0,destroy_worst_delivery,repair_random,1.0
731,5906989454239.297,5945506173688.8955,5110230337353.696,61075285279.56367,0.0,0.0,destroy_worst_delivery,repair_greedy,1.0
732,5906706558334.297,5906706558334.297,5110230337353.696,60953134709.00454,1.0,0.0,destroy_random_delivery,repair_regret2,1.0
733,5906706558264.597,5906706558264.597,5110230337353.696,60831228439.58653,1.0,0.0,destroy_random_period,repair_regret2,1.0
734,5906706558680.795,5906706558680.795,5110230337353.696,60709565982.70736,1.0,0.0,destroy_low_demand_stores,repair_random,1.0
735,5906706558680.795,5906706558680.795,5110230337353.696,60588146850.74194,1.0,0.0,destroy_shaw_stores,repair_regret2,1.0
736,5905413403638.796,5905413403638.796,5110230337353.696,60466970557.04046,1.0,0.0,destroy_random_route,repair_random,1.0
737,5905413403638.796,5905413403638.796,5110230337353.696,60346036615.92638,1.0,0.0,destroy_random_period,repair_greedy,1.0
738,5903450292516.796,5903450292516.796,5110230337353.696,60225344542.69453,1.0,0.0,destroy_random_delivery,repair_random,1.0
739,5905413403627.795,5905413403627.795,5110230337353.696,60104893853.60914,1.0,0.0,destroy_worst_delivery,repair_regret2,1.0
740,5905413403627.795,5905413403627.795,5110230337353.696,59984684065.90192,1.0,0.0,destroy_random_delivery,repair_greedy,1.0
741,5915194506402.095,5915194506402.095,5110230337353.696,59864714697.77011,1.0,0.0,destroy_random_route,repair_greedy,1.0
742,5915324888722.095,5915324888722.095,5110230337353.696,59744985268.37457,1.0,0.0,destroy_random_delivery,repair_greedy,1.0
743,5915324888717.595,5915324888717.595,5110230337353.696,59625495297.83782,1.0,0.0,destroy_shaw_stores,repair_random,1.0
744,5915324888620.596,5915324888620.596,5110230337353.696,59506244307.24215,1.0,0.0,destroy_low_demand_stores,repair_regret2,1.0
745,5915324888616.095,5915324888616.095,5110230337353.696,59387231818.62766,1.0,0.0,destroy_random_period,repair_regret2,1.0
746,5915324888616.095,5915324888616.095,5110230337353.696,59268457354.99041,1.0,0.0,destroy_low_demand_stores,repair_regret2,1.0
747,5915324888671.995,5915324888671.995,5110230337353.696,59149920440.280426,1.0,0.0,destroy_random_period,repair_random,1.0
748,5915324888671.995,5915324888671.995,5110230337353.696,59031620599.399864,1.0,0.0,destroy_low_demand_stores,repair_random,1.0
749,5921059984272.995,5921059984272.995,5110230337353.696,58913557358.201065,1.0,0.0,destroy_worst_delivery,repair_regret2,1.0
750,5921059984217.095,5921059984217.095,5110230337353.696,58795730243.484665,1.0,0.0,destroy_random_period,repair_regret2,1.0
751,5942663129118.095,5942663129118.095,5110230337353.696,58678138782.997696,1.0,0.0,destroy_random_route,repair_greedy,1.0
752,5942663129118.095,5942663129118.095,5110230337353.696,58560782505.4317,1.0,0.0,destroy_random_period,repair_regret2,1.0
753,5942663129118.095,5942663129118.095,5110230337353.696,58443660940.42084,1.0,0.0,destroy_random_period,repair_greedy,1.0
754,5937727586858.895,5937727586858.895,5110230337353.696,58326773618.53999,1.0,0.0,destroy_random_delivery,repair_random,1.0
755,5937727586858.895,5937727586858.895,5110230337353.696,58210120071.30291,1.0,0.0,destroy_random_period,repair_regret2,1.0
756,5937727586791.594,5937727586791.594,5110230337353.696,58093699831.1603,1.0,0.0,destroy_shaw_stores,repair_regret2,1.0
757,5915975093807.292,5915975093807.292,5110230337353.696,57977512431.49798,1.0,0.0,destroy_random_route,repair_random,1.0
758,5917322378860.292,5917322378860.292,5110230337353.696,57861557406.63498,1.0,0.0,destroy_random_route,repair_regret2,1.0
759,5915937359170.593,5915937359170.593,5110230337353.696,57745834291.82171,1.0,0.0,destroy_random_route,repair_regret2,1.0
760,5897143568343.094,5897143568343.094,5110230337353.696,57630342623.23807,1.0,0.0,destroy_random_route,repair_random,1.0
761,5897143568343.094,5897143568343.094,5110230337353.696,57515081937.99159,1.0,0.0,destroy_low_demand_stores,repair_regret2,1.0
762,5897143568327.193,5897143568327.193,5110230337353.696,57400051774.11561,1.0,0.0,destroy_low_demand_stores,repair_greedy,1.0
763,5897143568327.193,5897143568327.193,5110230337353.696,57285251670.567375,1.0,0.0,destroy_low_demand_stores,repair_regret2,1.0
764,5897143568327.193,5897143568327.193,5110230337353.696,57170681167.22624,1.0,0.0,destroy_low_demand_stores,repair_random,1.0
765,5897143568327.193,5897143568327.193,5110230337353.696,57056339804.89179,1.0,0.0,destroy_random_period,repair_greedy,1.0
766,5897143568327.193,5897143568327.193,5110230337353.696,56942227125.282005,1.0,0.0,destroy_random_delivery,repair_greedy,1.0
767,5910997172933.894,5910997172933.894,5110230337353.696,56828342671.03144,1.0,0.0,destroy_worst_delivery,repair_greedy,1.0
768,5910997172933.894,5910997172933.894,5110230337353.696,56714685985.68938,1.0,0.0,destroy_random_delivery,repair_greedy,1.0
769,5917191122435.595,5917191122435.595,5110230337353.696,56601256613.717995,1.0,0.0,destroy_random_route,repair_random,1.0
770,5917191122435.595,5917191122435.595,5110230337353.696,56488054100.490555,1.0,0.0,destroy_low_demand_stores,repair_regret2,1.0
771,5916342828972.494,5916342828972.494,5110230337353.696,56375077992.28957,1.0,0.0,destroy_random_delivery,repair_regret2,1.0
772,5916342828972.494,5916342828972.494,5110230337353.696,56262327836.30499,1.0,0.0,destroy_shaw_stores,repair_greedy,1.0
773,5916342828972.494,5916342828972.494,5110230337353.696,56149803180.632385,1.0,0.0,destroy_shaw_stores,repair_greedy,1.0
774,5916342829355.496,5916342829355.496,5110230337353.696,56037503574.27112,1.0,0.0,destroy_random_route,repair_random,1.0
775,5915951681984.496,5915951681984.496,5110230337353.696,55925428567.122574,1.0,0.0,destroy_random_delivery,repair_greedy,1.0
776,5913686709251.694,5913686709251.694,5110230337353.696,55813577709.98833,1.0,0.0,destroy_worst_delivery,repair_random,1.0
777,5913686709328.494,5913686709328.494,5110230337353.696,55701950554.56835,1.0,0.0,destroy_random_route,repair_random,1.0
778,5913686709328.494,5913686709328.494,5110230337353.696,55590546653.45921,1.0,0.0,destroy_low_demand_stores,repair_regret2,1.0
779,5913686709328.494,5913686709328.494,5110230337353.696,55479365560.1523,1.0,0.0,destroy_low_demand_stores,repair_regret2,1.0
780,5913686708589.796,5913686708589.796,5110230337353.696,55368406829.03199,1.0,0.0,destroy_random_route,repair_greedy,1.0
781,5913686708673.695,5913686708673.695,5110230337353.696,55257670015.373924,1.0,0.0,destroy_low_demand_stores,repair_random,1.0
782,5925495453892.995,5925495453892.995,5110230337353.696,55147154675.34318,1.0,0.0,destroy_random_route,repair_greedy,1.0
783,5925495453964.095,5925495453964.095,5110230337353.696,55036860365.99249,1.0,0.0,destroy_random_delivery,repair_random,1.0
784,5932457030788.294,5932457030788.294,5110230337353.696,54926786645.260506,1.0,0.0,destroy_worst_delivery,repair_greedy,1.0
785,5921888816921.294,5921888816921.294,5110230337353.696,54816933071.969986,1.0,0.0,destroy_worst_delivery,repair_regret2,1.0
786,5933797792065.396,5933797792065.396,5110230337353.696,54707299205.82604,1.0,0.0,destroy_random_route,repair_regret2,1.0
787,5933797792065.396,5933797792065.396,5110230337353.696,54597884607.41439,1.0,0.0,destroy_shaw_stores,repair_regret2,1.0
788,5933797792139.796,5933797792139.796,5110230337353.696,54488688838.19956,1.0,0.0,destroy_random_period,repair_random,1.0
789,5933797792123.196,5933797792123.196,5110230337353.696,54379711460.52316,1.0,0.0,destroy_low_demand_stores,repair_regret2,1.0
790,5933797792048.796,5933797792048.796,5110230337353.696,54270952037.60212,1.0,0.0,destroy_random_period,repair_greedy,1.0
791,5907667524257.796,5907667524257.796,5110230337353.696,54162410133.52692,1.0,0.0,destroy_worst_delivery,repair_random,1.0
792,5907667524092.3955,5907667524092.3955,5110230337353.696,54054085313.259865,1.0,0.0,destroy_random_route,repair_regret2,1.0
793,5907667524179.794,5907667524179.794,5110230337353.696,53945977142.63335,1.0,0.0,destroy_random_period,repair_random,1.0
794,5907667524179.794,5907667524179.794,5110230337353.696,53838085188.34808,1.0,0.0,destroy_shaw_stores,repair_regret2,1.0
795,5907667524179.794,5907667524179.794,5110230337353.696,53730409017.97139,1.0,0.0,destroy_low_demand_stores,repair_greedy,1.0
796,5907667524263.794,5907667524263.794,5110230337353.696,53622948199.93545,1.0,0.0,destroy_random_period,repair_random,1.0
797,5908260928484.396,5908260928484.396,5110230337353.696,53515702303.535576,1.0,0.0,destroy_random_delivery,repair_regret2,1.0
798,5908260928482.796,5908260928482.796,5110230337353.696,53408670898.928505,1.0,0.0,destroy_random_delivery,repair_greedy,1.0
799,5908260928487.297,5908260928487.297,5110230337353.696,53301853557.130646,1.0,0.0,destroy_random_period,repair_random,1.0
800,5921517189003.097,5921517189003.097,5110230337353.696,53195249850.01639,1.0,0.0,destroy_random_route,repair_regret2,1.0
801,5941132248994.597,5941132248994.597,5110230337353.696,53088859350.31635,1.0,0.0,destroy_worst_delivery,repair_greedy,1.0
802,5936172810456.597,5936172810456.597,5110230337353.696,52982681631.61572,1.0,0.0,destroy_shaw_stores,repair_random,1.0
803,5915713472713.396,5915713472713.396,5110230337353.696,52876716268.35249,1.0,0.0,destroy_random_delivery,repair_random,1.0
804,5915713472799.995,5915713472799.995,5110230337353.696,52770962835.81579,1.0,0.0,destroy_worst_delivery,repair_random,1.0
805,5926243246351.496,5926243246351.496,5110230337353.696,52665420910.14416,1.0,0.0,destroy_random_route,repair_random,1.0
806,5924313418302.597,5924313418302.597,5110230337353.696,52560090068.32387,1.0,0.0,destroy_worst_delivery,repair_random,1.0
807,5924313418302.597,5924313418302.597,5110230337353.696,52454969888.18722,1.0,0.0,destroy_low_demand_stores,repair_random,1.0
808,5924313418497.997,5924313418497.997,5110230337353.696,52350059948.41084,1.0,0.0,destroy_low_demand_stores,repair_random,1.0
809,5928617830106.197,5928617830106.197,5110230337353.696,52245359828.51402,1.0,0.0,destroy_random_delivery,repair_greedy,1.0
810,5928617830057.796,5928617830057.796,5110230337353.696,52140869108.856995,1.0,0.0,destroy_low_demand_stores,repair_greedy,1.0
811,5928617829586.596,5928617829586.596,5110230337353.696,52036587370.63928,1.0,0.0,destroy_random_route,repair_regret2,1.0
812,5928617829586.596,5928617829586.596,5110230337353.696,51932514195.898,1.0,0.0,destroy_low_demand_stores,repair_greedy,1.0
813,5928617829586.596,5928617829586.596,5110230337353.696,51828649167.50621,1.0,0.0,destroy_low_demand_stores,repair_greedy,1.0
814,5932225052629.496,5932225052629.496,5110230337353.696,51724991869.171196,1.0,0.0,destroy_random_route,repair_regret2,1.0
815,5923273835978.496,5923273835978.496,5110230337353.696,51621541885.43285,1.0,0.0,destroy_worst_delivery,repair_regret2,1.0
816,5923273835983.196,5923273835983.196,5110230337353.696,51518298801.66199,1.0,0.0,destroy_shaw_stores,repair_random,1.0
817,5923273835983.196,5923273835983.196,5110230337353.696,51415262204.05866,1.0,0.0,destroy_random_period,repair_regret2,1.0
818,5923273835983.196,5923273835983.196,5110230337353.696,51312431679.65054,1.0,0.0,destroy_low_demand_stores,repair_greedy,1.0
819,5920929602197.694,5920929602197.694,5110230337353.696,51209806816.291245,1.0,0.0,destroy_random_delivery,repair_random,1.0
820,5918919760068.094,5918919760068.094,5110230337353.696,51107387202.65866,1.0,0.0,destroy_random_delivery,repair_regret2,1.0
821,5918919760159.994,5918919760159.994,5110230337353.696,51005172428.25334,1.0,0.0,destroy_shaw_stores,repair_random,1.0
822,5918919760159.994,5918919760159.994,5110230337353.696,50903162083.396835,1.0,0.0,destroy_random_delivery,repair_greedy,1.0
823,5923838607915.093,5923838607915.093,5110230337353.696,50801355759.23004,1.0,0.0,destroy_random_delivery,repair_random,1.0
824,5923838607291.696,5923838607291.696,5110230337353.696,50699753047.71158,1.0,0.0,destroy_random_route,repair_greedy,1.0
825,5923838607263.597,5923838607263.597,5110230337353.696,50598353541.61616,1.0,0.0,destroy_random_delivery,repair_regret2,1.0
826,5921165766877.597,5921165766877.597,5110230337353.696,50497156834.53293,1.0,0.0,destroy_random_delivery,repair_regret2,1.0
827,5921539233442.597,5921539233442.597,5110230337353.696,50396162520.86386,1.0,0.0,destroy_worst_delivery,repair_greedy,1.0
828,5910997172848.196,5910997172848.196,5110230337353.696,50295370195.822136,1.0,0.0,destroy_worst_delivery,repair_random,1.0
829,5912344457940.096,5912344457940.096,5110230337353.696,50194779455.43049,1.0,0.0,destroy_random_route,repair_regret2,1.0
830,5916870890692.796,5916870890692.796,5110230337353.696,50094389896.51963,1.0,0.0,destroy_shaw_stores,repair_regret2,1.0
831,5905413402981.996,5905413402981.996,5110230337353.696,49994201116.72659,1.0,0.0,destroy_worst_delivery,repair_regret2,1.0
832,5905413402722.494,5905413402722.494,5110230337353.696,49894212714.49314,1.0,0.0,destroy_random_route,repair_regret2,1.0
833,5905413402722.494,5905413402722.494,5110230337353.696,49794424289.064156,1.0,0.0,destroy_low_demand_stores,repair_regret2,1.0
834,5905413402722.494,5905413402722.494,5110230337353.696,49694835440.48603,1.0,0.0,destroy_random_delivery,repair_regret2,1.0
835,5909939835505.294,5909939835505.294,5110230337353.696,49595445769.60506,1.0,0.0,destroy_random_route,repair_regret2,1.0
836,5909939835500.793,5909939835500.793,5110230337353.696,49496254878.06585,1.0,0.0,destroy_random_period,repair_greedy,1.0
837,5905717628462.394,5905717628462.394,5110230337353.696,49397262368.309715,1.0,0.0,destroy_random_delivery,repair_regret2,1.0
838,5905717628553.394,5905717628553.394,5110230337353.696,49298467843.5731,1.0,0.0,destroy_shaw_stores,repair_random,1.0
839,5905717628553.394,5905717628553.394,5110230337353.696,49199870907.88595,1.0,0.0,destroy_random_delivery,repair_regret2,1.0
840,5904792541991.993,5904792541991.993,5110230337353.696,49101471166.070175,1.0,0.0,destroy_worst_delivery,repair_greedy,1.0
841,5903841439283.193,5903841439283.193,5110230337353.696,49003268223.73804,1.0,0.0,destroy_random_delivery,repair_random,1.0
842,5907757637225.193,5907757637225.193,5110230337353.696,48905261687.29056,1.0,0.0,destroy_worst_delivery,repair_regret2,1.0
843,5907757637225.193,5907757637225.193,5110230337353.696,48807451163.91598,1.0,0.0,destroy_shaw_stores,repair_greedy,1.0
844,5907757637134.193,5907757637134.193,5110230337353.696,48709836261.58814,1.0,0.0,destroy_random_period,repair_greedy,1.0
845,5914688692062.193,5914688692062.193,5110230337353.696,48612416589.064964,1.0,0.0,destroy_shaw_stores,repair_greedy,1.0
846,5914688692062.193,5914688692062.193,5110230337353.696,48515191755.88683,1.0,0.0,destroy_low_demand_stores,repair_regret2,1.0
847,5914688692062.193,5914688692062.193,5110230337353.696,48418161372.37506,1.0,0.0,destroy_random_period,repair_random,1.0
848,5918227854440.194,5918227854440.194,5110230337353.696,48321325049.63031,1.0,0.0,destroy_random_route,repair_regret2,1.0
849,5918227854444.693,5918227854444.693,5110230337353.696,48224682399.53105,1.0,0.0,destroy_shaw_stores,repair_greedy,1.0
850,5917225870558.693,5917225870558.693,5110230337353.696,48128233034.73199,1.0,0.0,destroy_random_delivery,repair_greedy,1.0
851,5917225870558.693,5917225870558.693,5110230337353.696,48031976568.66252,1.0,0.0,destroy_random_period,repair_regret2,1.0
852,5917225870558.693,5917225870558.693,5110230337353.696,47935912615.5252,1.0,0.0,destroy_low_demand_stores,repair_regret2,1.0
853,5910582671196.594,5910582671196.594,5110230337353.696,47840040790.29415,1.0,0.0,destroy_worst_delivery,repair_greedy,1.0
854,5910582671196.594,5910582671196.594,5110230337353.696,47744360708.71356,1.0,0.0,destroy_random_period,repair_regret2,1.0
855,5910582671192.094,5910582671192.094,5110230337353.696,47648871987.296135,1.0,0.0,destroy_shaw_stores,repair_regret2,1.0
856,5906712620914.993,5906712620914.993,5110230337353.696,47553574243.32154,1.0,0.0,destroy_random_delivery,repair_random,1.0
857,5906712620914.993,5906712620914.993,5110230337353.696,47458467094.8349,1.0,0.0,destroy_shaw_stores,repair_greedy,1.0
858,5906712620914.993,5906712620914.993,5110230337353.696,47363550160.64523,1.0,0.0,destroy_random_period,repair_greedy,1.0
859,5906712620914.993,5906712620914.993,5110230337353.696,47268823060.323944,1.0,0.0,destroy_random_period,repair_greedy,1.0
860,5906712620919.493,5906712620919.493,5110230337353.696,47174285414.20329,1.0,0.0,destroy_random_period,repair_greedy,1.0
861,5906712620919.493,5906712620919.493,5110230337353.696,47079936843.374886,1.0,0.0,destroy_random_period,repair_greedy,1.0
862,5906712620846.993,5906712620846.993,5110230337353.696,46985776969.68813,1.0,0.0,destroy_random_route,repair_regret2,1.0
863,5908410093706.495,5908410093706.495,5110230337353.696,46891805415.74876,1.0,0.0,destroy_random_route,repair_random,1.0
864,5900518672609.894,5900518672609.894,5110230337353.696,46798021804.91726,1.0,0.0,destroy_random_route,repair_random,1.0
865,5900518672540.194,5900518672540.194,5110230337353.696,46704425761.30743,1.0,0.0,destroy_random_period,repair_greedy,1.0
866,5898621236770.194,5898621236770.194,5110230337353.696,46611016909.78481,1.0,0.0,destroy_random_delivery,repair_regret2,1.0
867,5898621236770.194,5909145192648.596,5110230337353.696,46517794875.96524,0.0,0.0,destroy_random_route,repair_greedy,1.0
868,5898621236770.194,5917579402349.497,5110230337353.696,46424759286.21331,0.0,0.0,destroy_random_route,repair_greedy,1.0
869,5898621236769.495,5898621236769.495,5110230337353.696,46331909767.640884,1.0,0.0,destroy_random_period,repair_random,1.0
870,5905543786536.795,5905543786536.795,5110230337353.696,46239245948.105606,1.0,0.0,destroy_shaw_stores,repair_random,1.0
871,5905413403802.095,5905413403802.095,5110230337353.696,46146767456.2094,1.0,0.0,destroy_random_route,repair_regret2,1.0
872,5905413403790.694,5905413403790.694,5110230337353.696,46054473921.296974,1.0,0.0,destroy_random_delivery,repair_regret2,1.0
873,5908952565807.896,5908952565807.896,5110230337353.696,45962364973.454384,1.0,0.0,destroy_random_route,repair_regret2,1.0
874,5910260067593.196,5910260067593.196,5110230337353.696,45870440243.50748,1.0,0.0,destroy_random_delivery,repair_random,1.0
875,5910260067593.196,5910260067593.196,5110230337353.696,45778699363.02046,1.0,0.0,destroy_random_period,repair_regret2,1.0
876,5910260067593.196,5910260067593.196,5110230337353.696,45687141964.29442,1.0,0.0,destroy_low_demand_stores,repair_regret2,1.0
877,5910260067678.796,5910260067678.796,5110230337353.696,45595767680.36583,1.0,0.0,destroy_shaw_stores,repair_random,1.0
878,5910260067671.694,5910260067671.694,5110230337353.696,45504576145.0051,1.0,0.0,destroy_shaw_stores,repair_random,1.0
879,5910260067671.694,5910260067671.694,5110230337353.696,45413566992.71509,1.0,0.0,destroy_random_delivery,repair_regret2,1.0
880,5920784023629.095,5920784023629.095,5110230337353.696,45322739858.72966,1.0,0.0,destroy_random_route,repair_regret2,1.0
881,5920784023258.8955,5920784023258.8955,5110230337353.696,45232094379.0122,1.0,0.0,destroy_random_route,repair_greedy,1.0
882,5920784023191.596,5920784023191.596,5110230337353.696,45141630190.25417,1.0,0.0,destroy_low_demand_stores,repair_regret2,1.0
883,5910260066959.597,5910260066959.597,5110230337353.696,45051346929.873665,1.0,0.0,destroy_random_route,repair_greedy,1.0
884,5907673340816.597,5907673340816.597,5110230337353.696,44961244236.013916,1.0,0.0,destroy_random_delivery,repair_greedy,1.0
885,5907673340816.597,5907673340816.597,5110230337353.696,44871321747.541885,1.0,0.0,destroy_random_period,repair_regret2,1.0
886,5907673340821.097,5907673340821.097,5110230337353.696,44781579104.0468,1.0,0.0,destroy_random_period,repair_random,1.0
887,5907673340900.797,5907673340900.797,5110230337353.696,44692015945.83871,1.0,0.0,destroy_random_delivery,repair_random,1.0
888,5907673340900.797,5907673340900.797,5110230337353.696,44602631913.94703,1.0,0.0,destroy_worst_delivery,repair_regret2,1.0
889,5917518975101.596,5917518975101.596,5110230337353.696,44513426650.11913,1.0,0.0,destroy_random_route,repair_greedy,1.0
890,5915952746406.994,5915952746406.994,5110230337353.696,44424399796.81889,1.0,0.0,destroy_random_delivery,repair_random,1.0
891,5915952746688.594,5915952746688.594,5110230337353.696,44335550997.22526,1.0,0.0,destroy_low_demand_stores,repair_random,1.0
892,5915259037291.593,5915259037291.593,5110230337353.696,44246879895.230804,1.0,0.0,destroy_random_route,repair_regret2,1.0
893,5918236103410.593,5918236103410.593,5110230337353.696,44158386135.440346,1.0,0.0,destroy_worst_delivery,repair_greedy,1.0
894,5918236103410.593,5923738376976.993,5110230337353.696,44070069363.169464,0.0,0.0,destroy_random_route,repair_regret2,1.0
895,5906427358012.593,5906427358012.593,5110230337353.696,43981929224.44312,1.0,0.0,destroy_random_period,repair_random,1.0
896,5906427358658.3955,5906427358658.3955,5110230337353.696,43893965365.99424,1.0,0.0,destroy_random_route,repair_random,1.0
897,5906427358592.796,5906427358592.796,5110230337353.696,43806177435.26225,1.0,0.0,destroy_shaw_stores,repair_greedy,1.0
898,5905478110825.194,5905478110825.194,5110230337353.696,43718565080.39173,1.0,0.0,destroy_worst_delivery,repair_random,1.0
899,5905478110825.194,5914372276875.194,5110230337353.696,43631127950.23095,0.0,0.0,destroy_random_delivery,repair_greedy,1.0
900,5906771266366.693,5906771266366.693,5110230337353.696,43543865694.33049,1.0,0.0,destroy_random_route,repair_random,1.0
901,5906771266287.194,5906771266287.194,5110230337353.696,43456777962.941826,1.0,0.0,destroy_shaw_stores,repair_greedy,1.0
902,5911672060276.194,5911672060276.194,5110230337353.696,43369864407.015945,1.0,0.0,destroy_random_delivery,repair_random,1.0
903,5897143568679.192,5897143568679.192,5110230337353.696,43283124678.20191,1.0,0.0,destroy_worst_delivery,repair_random,1.0
904,5922805919059.994,5922805919059.994,5110230337353.696,43196558428.845505,1.0,0.0,destroy_random_route,repair_random,1.0
905,5922805919057.594,5922805919057.594,5110230337353.696,43110165311.987816,1.0,0.0,destroy_shaw_stores,repair_random,1.0
906,5917191123242.796,5917191123242.796,5110230337353.696,43023944981.36384,1.0,0.0,destroy_random_route,repair_random,1.0
907,5917191123173.097,5917191123173.097,5110230337353.696,42937897091.40111,1.0,0.0,destroy_random_period,repair_regret2,1.0
908,5920978790435.797,5920978790435.797,5110230337353.696,42852021297.21831,1.0,0.0,destroy_worst_delivery,repair_regret2,1.0
909,5920978790435.3955,5920978790435.3955,5110230337353.696,42766317254.62387,1.0,0.0,destroy_random_delivery,repair_regret2,1.0
910,5920300468651.195,5920300468651.195,5110230337353.696,42680784620.114624,1.0,0.0,destroy_worst_delivery,repair_random,1.0
911,5920105702877.295,5920105702877.295,5110230337353.696,42595423050.8744,1.0,0.0,destroy_random_route,repair_random,1.0
912,5918129237700.895,5918129237700.895,5110230337353.696,42510232204.77265,1.0,0.0,destroy_worst_delivery,repair_regret2,1.0
913,5918129237632.8955,5918129237632.8955,5110230337353.696,42425211740.363106,1.0,0.0,destroy_random_period,repair_greedy,1.0
914,5918129236833.494,5918129236833.494,5110230337353.696,42340361316.88238,1.0,0.0,destroy_random_route,repair_greedy,1.0
915,5897143569071.093,5897143569071.093,5110230337353.696,42255680594.24861,1.0,0.0,destroy_worst_delivery,repair_random,1.0
916,5897143569042.993,5897143569042.993,5110230337353.696,42171169233.06011,1.0,0.0,destroy_low_demand_stores,repair_regret2,1.0
917,5897143569130.094,5897143569130.094,5110230337353.696,42086826894.593994,1.0,0.0,destroy_random_route,repair_random,1.0
918,5907084710613.095,5907084710613.095,5110230337353.696,42002653240.80481,1.0,0.0,destroy_random_route,repair_random,1.0
919,5923115663121.795,5923115663121.795,5110230337353.696,41918647934.3232,1.0,0.0,destroy_worst_delivery,repair_regret2,1.0
920,5923115663121.795,5923115663121.795,5110230337353.696,41834810638.45455,1.0,0.0,destroy_random_period,repair_regret2,1.0
921,5923115663052.095,5923115663052.095,5110230337353.696,41751141017.17764,1.0,0.0,destroy_shaw_stores,repair_regret2,1.0
922,5923115663051.196,5923115663051.196,5110230337353.696,41667638735.14329,1.0,0.0,destroy_random_delivery,repair_regret2,1.0
923,5923115663051.196,5923115663051.196,5110230337353.696,41584303457.673004,1.0,0.0,destroy_low_demand_stores,repair_greedy,1.0
924,5933051044990.195,5933051044990.195,5110230337353.696,41501134850.75766,1.0,0.0,destroy_worst_delivery,repair_regret2,1.0
925,5933051044915.794,5933051044915.794,5110230337353.696,41418132581.056145,1.0,0.0,destroy_random_period,repair_greedy,1.0
926,5933051044824.793,5933051044824.793,5110230337353.696,41335296315.894035,1.0,0.0,destroy_shaw_stores,repair_regret2,1.0
927,5933051044820.293,5933051044820.293,5110230337353.696,41252625723.262245,1.0,0.0,destroy_random_period,repair_regret2,1.0
928,5916493683409.294,5916493683409.294,5110230337353.696,41170120471.81572,1.0,0.0,destroy_worst_delivery,repair_random,1.0
929,5897143569165.295,5897143569165.295,5110230337353.696,41087780230.872086,1.0,0.0,destroy_random_route,repair_random,1.0
930,5897143569100.095,5897143569100.095,5110230337353.696,41005604670.41034,1.0,0.0,destroy_random_period,repair_greedy,1.0
931,5897143569066.894,5897143569066.894,5110230337353.696,40923593461.06952,1.0,0.0,destroy_low_demand_stores,repair_greedy,1.0
932,5897143569066.894,5897143569066.894,5110230337353.696,40841746274.14738,1.0,0.0,destroy_random_delivery,repair_greedy,1.0
933,5897143568918.493,5897143568918.493,5110230337353.696,40760062781.59908,1.0,0.0,destroy_random_route,repair_regret2,1.0
934,5899184563092.393,5899184563092.393,5110230337353.696,40678542656.03588,1.0,0.0,destroy_random_route,repair_greedy,1.0
935,5899184563032.991,5899184563032.991,5110230337353.696,40597185570.72381,1.0,0.0,destroy_random_route,repair_random,1.0
936,5899184563194.891,5899184563194.891,5110230337353.696,40515991199.58236,1.0,0.0,destroy_random_route,repair_random,1.0
937,5903337518092.391,5903337518092.391,5110230337353.696,40434959217.1832,1.0,0.0,destroy_worst_delivery,repair_greedy,1.0
938,5903337518092.391,5903337518092.391,5110230337353.696,40354089298.74883,1.0,0.0,destroy_low_demand_stores,repair_regret2,1.0
939,5903337518022.69,5903337518022.69,5110230337353.696,40273381120.15134,1.0,0.0,destroy_shaw_stores,repair_regret2,1.0
940,5900682730979.993,5900682730979.993,5110230337353.696,40192834357.91103,1.0,0.0,destroy_worst_delivery,repair_regret2,1.0
941,5900682730966.993,5900682730966.993,5110230337353.696,40112448689.19521,1.0,0.0,destroy_random_delivery,repair_greedy,1.0
942,5900682730966.993,5900682730966.993,5110230337353.696,40032223791.816826,1.0,0.0,destroy_low_demand_stores,repair_regret2,1.0
943,5907605280337.992,5907605280337.992,5110230337353.696,39952159344.23319,1.0,0.0,destroy_random_route,repair_greedy,1.0
944,5915413376983.393,5915413376983.393,5110230337353.696,39872255025.54472,1.0,0.0,destroy_random_route,repair_random,1.0
945,5918129236621.593,5918129236621.593,5110230337353.696,39792510515.49364,1.0,0.0,destroy_worst_delivery,repair_regret2,1.0
946,5918129236701.292,5918129236701.292,5110230337353.696,39712925494.46265,1.0,0.0,destroy_shaw_stores,repair_random,1.0
947,5911206687024.992,5911206687024.992,5110230337353.696,39633499643.473724,1.0,0.0,destroy_worst_delivery,repair_regret2,1.0
948,5911206686730.495,5911206686730.495,5110230337353.696,39554232644.186775,1.0,0.0,destroy_random_route,repair_greedy,1.0
949,5911206686639.496,5911206686639.496,5110230337353.696,39475124178.8984,1.0,0.0,destroy_shaw_stores,repair_regret2,1.0
950,5911206686639.496,5911206686639.496,5110230337353.696,39396173930.5406,1.0,0.0,destroy_worst_delivery,repair_regret2,1.0
951,5911206686775.195,5911206686775.195,5110230337353.696,39317381582.67952,1.0,0.0,destroy_low_demand_stores,repair_random,1.0
952,5911206686775.195,5911206686775.195,5110230337353.696,39238746819.51416,1.0,0.0,destroy_random_period,repair_regret2,1.0
953,5897143568532.094,5897143568532.094,5110230337353.696,39160269325.87513,1.0,0.0,destroy_worst_delivery,repair_random,1.0
954,5897143568513.493,5897143568513.493,5110230337353.696,39081948787.22338,1.0,0.0,destroy_random_delivery,repair_greedy,1.0
955,5897143568440.594,5897143568440.594,5110230337353.696,39003784889.64893,1.0,0.0,destroy_random_period,repair_regret2,1.0
956,5897143568440.594,5897143568440.594,5110230337353.696,38925777319.86964,1.0,0.0,destroy_random_delivery,repair_random,1.0
957,5897143568373.294,5897143568373.294,5110230337353.696,38847925765.2299,1.0,0.0,destroy_low_demand_stores,repair_regret2,1.0
958,5904066117907.395,5904066117907.395,5110230337353.696,38770229913.69944,1.0,0.0,destroy_worst_delivery,repair_regret2,1.0
959,5897143568328.693,5897143568328.693,5110230337353.696,38692689453.87204,1.0,0.0,destroy_random_delivery,repair_random,1.0
960,5911298013146.495,5911298013146.495,5110230337353.696,38615304074.964294,1.0,0.0,destroy_random_route,repair_greedy,1.0
961,5920192179196.495,5920192179196.495,5110230337353.696,38538073466.81437,1.0,0.0,destroy_random_delivery,repair_regret2,1.0
962,5904066117779.796,5904066117779.796,5110230337353.696,38460997319.88074,1.0,0.0,destroy_worst_delivery,repair_regret2,1.0
963,5904066117779.796,5904066117779.796,5110230337353.696,38384075325.240974,1.0,0.0,destroy_shaw_stores,repair_regret2,1.0
964,5904066117779.796,5904066117779.796,5110230337353.696,38307307174.59049,1.0,0.0,destroy_random_delivery,repair_greedy,1.0
965,5904066117779.796,5904066117779.796,5110230337353.696,38230692560.24131,1.0,0.0,destroy_worst_delivery,repair_regret2,1.0
966,5904066117779.796,5904066117779.796,5110230337353.696,38154231175.12083,1.0,0.0,destroy_random_delivery,repair_regret2,1.0
967,5904066117779.796,5904066117779.796,5110230337353.696,38077922712.770584,1.0,0.0,destroy_low_demand_stores,repair_regret2,1.0
968,5904066117779.796,5904066117779.796,5110230337353.696,38001766867.34504,1.0,0.0,destroy_random_period,repair_regret2,1.0
969,5904066117793.596,5904066117793.596,5110230337353.696,37925763333.61035,1.0,0.0,destroy_random_period,repair_random,1.0
970,5910997172730.496,5910997172730.496,5110230337353.696,37849911806.94313,1.0,0.0,destroy_worst_delivery,repair_random,1.0
971,5910997172730.496,5913778664899.996,5110230337353.696,37774211983.32925,0.0,0.0,destroy_random_route,repair_greedy,1.0
972,5910997172730.496,5910997172730.496,5110230337353.696,37698663559.36259,1.0,0.0,destroy_low_demand_stores,repair_greedy,1.0
973,5910997172662.496,5910997172662.496,5110230337353.696,37623266232.24386,1.0,0.0,destroy_random_period,repair_greedy,1.0
974,5910997172754.3955,5910997172754.3955,5110230337353.696,37548019699.77937,1.0,0.0,destroy_random_period,repair_random,1.0
975,5910997172754.3955,5910997172754.3955,5110230337353.696,37472923660.379814,1.0,0.0,destroy_shaw_stores,repair_greedy,1.0
976,5906847610030.393,5906847610030.393,5110230337353.696,37397977813.05905,1.0,0.0,destroy_random_route,repair_regret2,1.0
977,5906847610030.393,5906847610030.393,5110230337353.696,37323181857.43293,1.0,0.0,destroy_low_demand_stores,repair_greedy,1.0
978,5906755653321.894,5906755653321.894,5110230337353.696,37248535493.71806,1.0,0.0,destroy_random_route,repair_greedy,1.0
979,5906755653229.994,5906755653229.994,5110230337353.696,37174038422.73063,1.0,0.0,destroy_random_route,repair_greedy,1.0
980,5913686708146.594,5913686708146.594,5110230337353.696,37099690345.88517,1.0,0.0,destroy_random_delivery,repair_greedy,1.0
981,5900835087500.794,5900835087500.794,5110230337353.696,37025490965.1934,1.0,0.0,destroy_worst_delivery,repair_random,1.0
982,5900835087500.794,5908952565439.094,5110230337353.696,36951439983.26301,0.0,0.0,destroy_random_route,repair_regret2,1.0
983,5900835087648.894,5900835087648.894,5110230337353.696,36877537103.29648,1.0,0.0,destroy_random_delivery,repair_random,1.0
984,5900835087648.894,5900835087648.894,5110230337353.696,36803782029.08988,1.0,0.0,destroy_random_period,repair_regret2,1.0
985,5900835087734.894,5900835087734.894,5110230337353.696,36730174465.0317,1.0,0.0,destroy_shaw_stores,repair_random,1.0
986,5900835087802.193,5900835087802.193,5110230337353.696,36656714116.10164,1.0,0.0,destroy_random_delivery,repair_random,1.0
987,5900835087872.293,5900835087872.293,5110230337353.696,36583400687.86944,1.0,0.0,destroy_random_delivery,repair_random,1.0
988,5900835087804.993,5900835087804.993,5110230337353.696,36510233886.4937,1.0,0.0,destroy_low_demand_stores,repair_greedy,1.0
989,5900835087739.793,5900835087739.793,5110230337353.696,36437213418.72071,1.0,0.0,destroy_shaw_stores,repair_greedy,1.0
990,5900835087739.793,5900835087739.793,5110230337353.696,36364338991.88327,1.0,0.0,destroy_shaw_stores,repair_regret2,1.0
991,5898621236578.292,5898621236578.292,5110230337353.696,36291610313.899506,1.0,0.0,destroy_random_route,repair_random,1.0
992,5897143568829.292,5897143568829.292,5110230337353.696,36219027093.271706,1.0,0.0,destroy_shaw_stores,repair_random,1.0
993,5897143568767.392,5897143568767.392,5110230337353.696,36146589039.08516,1.0,0.0,destroy_random_delivery,repair_greedy,1.0
994,5897143568565.491,5897143568565.491,5110230337353.696,36074295861.00699,1.0,0.0,destroy_low_demand_stores,repair_regret2,1.0
995,5897143568493.69,5897143568493.69,5110230337353.696,36002147269.28497,1.0,0.0,destroy_shaw_stores,repair_greedy,1.0
996,5897143568419.291,5897143568419.291,5110230337353.696,35930142974.74641,1.0,0.0,destroy_random_delivery,repair_greedy,1.0
997,5897143568610.491,5897143568610.491,5110230337353.696,35858282688.79691,1.0,0.0,destroy_worst_delivery,repair_random,1.0
998,5909170679380.991,5909170679380.991,5110230337353.696,35786566123.41932,1.0,0.0,destroy_worst_delivery,repair_greedy,1.0
999,5907605280707.193,5907605280707.193,5110230337353.696,35714992991.17248,1.0,0.0,destroy_random_delivery,repair_random,1.0
1000,5907605280636.094,5907605280636.094,5110230337353.696,35643563005.19013,1.0,0.0,destroy_random_delivery,repair_random,1.0
1001,5907605280710.694,5907605280710.694,5110230337353.696,35572275879.17975,1.0,0.0,destroy_random_period,repair_random,1.0
1002,5907605280643.395,5907605280643.395,5110230337353.696,35501131327.42139,1.0,0.0,destroy_random_period,repair_regret2,1.0
1003,5907605280570.494,5907605280570.494,5110230337353.696,35430129064.76654,1.0,0.0,destroy_shaw_stores,repair_regret2,1.0
1004,5907605280603.794,5907605280603.794,5110230337353.696,35359268806.63701,1.0,0.0,destroy_random_route,repair_random,1.0
1005,5907605280534.094,5907605280534.094,5110230337353.696,35288550269.023735,1.0,0.0,destroy_random_period,repair_greedy,1.0
1006,5907605280534.094,5907605280534.094,5110230337353.696,35217973168.48569,1.0,0.0,destroy_low_demand_stores,repair_regret2,1.0
1007,5907605280534.094,5907605280534.094,5110230337353.696,35147537222.14871,1.0,0.0,destroy_low_demand_stores,repair_greedy,1.0
1008,5907605280757.793,5907605280757.793,5110230337353.696,35077242147.704414,1.0,0.0,destroy_random_route,repair_random,1.0
1009,5907605280757.793,5907605280757.793,5110230337353.696,35007087663.409004,1.0,0.0,destroy_low_demand_stores,repair_regret2,1.0
1010,5907605280757.394,5907605280757.394,5110230337353.696,34937073488.082184,1.0,0.0,destroy_random_period,repair_random,1.0
1011,5907605280757.394,5907605280757.394,5110230337353.696,34867199341.10602,1.0,0.0,destroy_low_demand_stores,repair_greedy,1.0
1012,5907605280757.394,5907605280757.394,5110230337353.696,34797464942.423805,1.0,0.0,destroy_random_period,repair_regret2,1.0
1013,5905642169636.493,5905642169636.493,5110230337353.696,34727870012.538956,1.0,0.0,destroy_worst_delivery,repair_greedy,1.0
1014,5905642169636.493,5905642169636.493,5110230337353.696,34658414272.51388,1.0,0.0,destroy_low_demand_stores,repair_greedy,1.0
1015,5905642169636.493,5905642169636.493,5110230337353.696,34589097443.96885,1.0,0.0,destroy_shaw_stores,repair_greedy,1.0
1016,5905642169636.493,5905642169636.493,5110230337353.696,34519919249.08091,1.0,0.0,destroy_shaw_stores,repair_regret2,1.0
1017,5907605280758.493,5907605280758.493,5110230337353.696,34450879410.58275,1.0,0.0,destroy_worst_delivery,repair_regret2,1.0
1018,5907605280688.593,5907605280688.593,5110230337353.696,34381977651.76158,1.0,0.0,destroy_random_period,repair_greedy,1.0
1019,5907605280691.393,5907605280691.393,5110230337353.696,34313213696.458057,1.0,0.0,destroy_random_period,repair_random,1.0
1020,5907207568407.492,5907207568407.492,5110230337353.696,34244587269.06514,1.0,0.0,destroy_worst_delivery,repair_greedy,1.0
1021,5907207568407.492,5907207568407.492,5110230337353.696,34176098094.527008,1.0,0.0,destroy_shaw_stores,repair_greedy,1.0
1022,5905642169641.991,5905642169641.991,5110230337353.696,34107745898.337955,1.0,0.0,destroy_random_delivery,repair_random,1.0
1023,5907605280838.391,5907605280838.391,5110230337353.696,34039530406.54128,1.0,0.0,destroy_random_period,repair_random,1.0
1024,5907605280763.791,5907605280763.791,5110230337353.696,33971451345.728195,1.0,0.0,destroy_shaw_stores,repair_greedy,1.0
1025,5902248130029.39,5902248130029.39,5110230337353.696,33903508443.03674,1.0,0.0,destroy_worst_delivery,repair_random,1.0
1026,5902248130040.79,5902248130040.79,5110230337353.696,33835701426.150665,1.0,0.0,destroy_shaw_stores,repair_random,1.0
1027,5902248130040.79,5902248130040.79,5110230337353.696,33768030023.298363,1.0,0.0,destroy_low_demand_stores,repair_greedy,1.0
1028,5902248130040.09,5902248130040.09,5110230337353.696,33700493963.251766,1.0,0.0,destroy_low_demand_stores,repair_regret2,1.0
1029,5902248130040.09,5902248130040.09,5110230337353.696,33633092975.325264,1.0,0.0,destroy_low_demand_stores,repair_regret2,1.0
1030,5902248130040.09,5902248130040.09,5110230337353.696,33565826789.374615,1.0,0.0,destroy_low_demand_stores,repair_greedy,1.0
1031,5900750792022.09,5900750792022.09,5110230337353.696,33498695135.795864,1.0,0.0,destroy_random_delivery,repair_regret2,1.0
1032,5908641314560.692,5908641314560.692,5110230337353.696,33431697745.524273,1.0,0.0,destroy_random_route,repair_greedy,1.0
1033,5905075142945.293,5905075142945.293,5110230337353.696,33364834350.033226,1.0,0.0,destroy_random_route,repair_regret2,1.0
1034,5905075142940.792,5905075142940.792,5110230337353.696,33298104681.33316,1.0,0.0,destroy_shaw_stores,repair_random,1.0
1035,5905075142940.792,5905075142940.792,5110230337353.696,33231508471.970493,1.0,0.0,destroy_random_period,repair_regret2,1.0
1036,5917407016375.792,5917407016375.792,5110230337353.696,33165045455.026554,1.0,0.0,destroy_random_delivery,repair_greedy,1.0
1037,5902160398459.792,5902160398459.792,5110230337353.696,33098715364.1165,1.0,0.0,destroy_random_delivery,repair_regret2,1.0
1038,5902160398527.092,5902160398527.092,5110230337353.696,33032517933.388268,1.0,0.0,destroy_low_demand_stores,repair_random,1.0
1039,5902160398527.092,5918860686546.594,5110230337353.696,32966452897.521492,0.0,0.0,destroy_random_route,repair_greedy,1.0
1040,5902160398515.691,5902160398515.691,5110230337353.696,32900519991.726448,1.0,0.0,destroy_random_delivery,repair_regret2,1.0
1041,5898621236084.091,5898621236084.091,5110230337353.696,32834718951.742996,1.0,0.0,destroy_worst_delivery,repair_random,1.0
1042,5898621236153.791,5898621236153.791,5110230337353.696,32769049513.83951,1.0,0.0,destroy_random_period,repair_random,1.0
1043,5898621236153.791,5898621236153.791,5110230337353.696,32703511414.811832,1.0,0.0,destroy_random_period,repair_regret2,1.0
1044,5898621236086.491,5898621236086.491,5110230337353.696,32638104391.98221,1.0,0.0,destroy_low_demand_stores,repair_greedy,1.0
1045,5898621236068.191,5898621236068.191,5110230337353.696,32572828183.198242,1.0,0.0,destroy_random_period,repair_random,1.0
1046,5898621236068.191,5916067741766.193,5110230337353.696,32507682526.831844,0.0,0.0,destroy_random_route,repair_greedy,1.0
1047,5898621236137.891,5898621236137.891,5110230337353.696,32442667161.77818,1.0,0.0,destroy_shaw_stores,repair_random,1.0
1048,5898621236068.19,5898621236068.19,5110230337353.696,32377781827.454624,1.0,0.0,destroy_random_period,repair_regret2,1.0
1049,5898621235993.591,5898621235993.591,5110230337353.696,32313026263.799713,1.0,0.0,destroy_random_period,repair_regret2,1.0
1050,5899833104006.291,5899833104006.291,5110230337353.696,32248400211.272114,1.0,0.0,destroy_random_delivery,repair_random,1.0
1051,5903532283904.492,5903532283904.492,5110230337353.696,32183903410.84957,1.0,0.0,destroy_worst_delivery,repair_regret2,1.0
1052,5903532283908.993,5903532283908.993,5110230337353.696,32119535604.02787,1.0,0.0,destroy_random_period,repair_greedy,1.0
1053,5930465157368.595,5930465157368.595,5110230337353.696,32055296532.819813,1.0,0.0,destroy_random_route,repair_greedy,1.0
1054,5930241609023.595,5930241609023.595,5110230337353.696,31991185939.754173,1.0,0.0,destroy_worst_delivery,repair_greedy,1.0
1055,5925282170949.493,5925282170949.493,5110230337353.696,31927203567.874664,1.0,0.0,destroy_random_route,repair_random,1.0
1056,5925282170879.794,5925282170879.794,5110230337353.696,31863349160.738914,1.0,0.0,destroy_random_period,repair_regret2,1.0
1057,5925282170879.794,5925282170879.794,5110230337353.696,31799622462.41744,1.0,0.0,destroy_low_demand_stores,repair_greedy,1.0
1058,5923949852962.293,5923949852962.293,5110230337353.696,31736023217.492603,1.0,0.0,destroy_random_period,repair_greedy,1.0
1059,5926875242773.993,5926875242773.993,5110230337353.696,31672551171.057617,1.0,0.0,destroy_worst_delivery,repair_regret2,1.0
1060,5926875242724.493,5926875242724.493,5110230337353.696,31609206068.715504,1.0,0.0,destroy_low_demand_stores,repair_greedy,1.0
1061,5926875242529.193,5926875242529.193,5110230337353.696,31545987656.57807,1.0,0.0,destroy_random_route,repair_regret2,1.0
1062,5921582991030.596,5921582991030.596,5110230337353.696,31482895681.264915,1.0,0.0,destroy_worst_delivery,repair_random,1.0
1063,5919086333849.695,5919086333849.695,5110230337353.696,31419929889.902386,1.0,0.0,destroy_random_delivery,repair_regret2,1.0
1064,5921300185582.995,5921300185582.995,5110230337353.696,31357090030.12258,1.0,0.0,destroy_random_delivery,repair_greedy,1.0
1065,5921300185782.496,5921300185782.496,5110230337353.696,31294375850.062336,1.0,0.0,destroy_random_route,repair_random,1.0
1066,5921300185765.8955,5921300185765.8955,5110230337353.696,31231787098.362213,1.0,0.0,destroy_random_delivery,repair_regret2,1.0
1067,5921300185765.8955,5926875243006.396,5110230337353.696,31169323524.16549,0.0,0.0,destroy_worst_delivery,repair_regret2,1.0
1068,5910776229608.495,5910776229608.495,5110230337353.696,31106984877.117157,1.0,0.0,destroy_worst_delivery,repair_random,1.0
1069,5923268019849.096,5923268019849.096,5110230337353.696,31044770907.362923,1.0,0.0,destroy_worst_delivery,repair_random,1.0
1070,5923268019867.396,5923268019867.396,5110230337353.696,30982681365.548195,1.0,0.0,destroy_shaw_stores,repair_random,1.0
1071,5921294426328.797,5921294426328.797,5110230337353.696,30920716002.817097,1.0,0.0,destroy_worst_delivery,repair_random,1.0
1072,5921294426243.196,5921294426243.196,5110230337353.696,30858874570.811462,1.0,0.0,destroy_random_period,repair_regret2,1.0
1073,5921294426263.095,5921294426263.095,5110230337353.696,30797156821.669838,1.0,0.0,destroy_random_route,repair_random,1.0
1074,5921294426263.095,5921294426263.095,5110230337353.696,30735562508.026497,1.0,0.0,destroy_low_demand_stores,repair_greedy,1.0
1075,5923268019662.295,5923268019662.295,5110230337353.696,30674091383.010445,1.0,0.0,destroy_worst_delivery,repair_regret2,1.0
1076,5925887402879.693,5925887402879.693,5110230337353.696,30612743200.244423,1.0,0.0,destroy_worst_delivery,repair_random,1.0
1077,5925887402879.693,5930846840801.195,5110230337353.696,30551517713.843933,0.0,0.0,destroy_random_route,repair_greedy,1.0
1078,5925887402879.693,5925887402879.693,5110230337353.696,30490414678.416245,1.0,0.0,destroy_random_period,repair_greedy,1.0
1079,5925887402879.693,5925887402879.693,5110230337353.696,30429433849.05941,1.0,0.0,destroy_random_delivery,repair_regret2,1.0
1080,5925887402879.693,5925887402879.693,5110230337353.696,30368574981.36129,1.0,0.0,destroy_low_demand_stores,repair_regret2,1.0
1081,5925185641006.693,5925185641006.693,5110230337353.696,30307837831.398567,1.0,0.0,destroy_worst_delivery,repair_greedy,1.0
1082,5925185641001.693,5925185641001.693,5110230337353.696,30247222155.73577,1.0,0.0,destroy_shaw_stores,repair_random,1.0
1083,5944772756149.894,5944772756149.894,5110230337353.696,30186727711.4243,1.0,0.0,destroy_worst_delivery,repair_greedy,1.0
1084,5944772756149.694,5944772756149.694,5110230337353.696,30126354256.001453,1.0,0.0,destroy_shaw_stores,repair_random,1.0
1085,5944772756149.694,5944772756149.694,5110230337353.696,30066101547.48945,1.0,0.0,destroy_shaw_stores,repair_regret2,1.0
1086,5944772756149.694,5944772756149.694,5110230337353.696,30005969344.39447,1.0,0.0,destroy_random_period,repair_greedy,1.0
1087,5913276665540.994,5913276665540.994,5110230337353.696,29945957405.70568,1.0,0.0,destroy_worst_delivery,repair_random,1.0
1088,5913276665540.994,5913276665540.994,5110230337353.696,29886065490.894268,1.0,0.0,destroy_low_demand_stores,repair_regret2,1.0
1089,5913276665540.994,5927312708082.694,5110230337353.696,29826293359.91248,0.0,0.0,destroy_worst_delivery,repair_greedy,1.0
1090,5913276665449.995,5913276665449.995,5110230337353.696,29766640773.192654,1.0,0.0,destroy_shaw_stores,repair_random,1.0
1091,5913276665449.995,5913276665449.995,5110230337353.696,29707107491.646267,1.0,0.0,destroy_low_demand_stores,repair_regret2,1.0
1092,5910449017040.995,5910449017040.995,5110230337353.696,29647693276.662975,1.0,0.0,destroy_random_delivery,repair_greedy,1.0
1093,5911991875853.295,5911991875853.295,5110230337353.696,29588397890.10965,1.0,0.0,destroy_random_route,repair_greedy,1.0
1094,5921933017200.194,5921933017200.194,5110230337353.696,29529221094.32943,1.0,0.0,destroy_random_period,repair_greedy,1.0
1095,5930190568936.994,5930190568936.994,5110230337353.696,29470162652.14077,1.0,0.0,destroy_worst_delivery,repair_regret2,1.0
1096,5930190568919.295,5930190568919.295,5110230337353.696,29411222326.836487,1.0,0.0,destroy_low_demand_stores,repair_greedy,1.0
1097,5914590074119.995,5914590074119.995,5110230337353.696,29352399882.182816,1.0,0.0,destroy_random_delivery,repair_random,1.0
1098,5914590074119.995,5914590074119.995,5110230337353.696,29293695082.41845,1.0,0.0,destroy_low_demand_stores,repair_random,1.0
1099,5914590074111.096,5914590074111.096,5110230337353.696,29235107692.253613,1.0,0.0,destroy_worst_delivery,repair_regret2,1.0
1100,5914590074111.096,5914590074111.096,5110230337353.696,29176637476.869106,1.0,0.0,destroy_low_demand_stores,repair_regret2,1.0
1101,5914590074111.096,5922805918505.795,5110230337353.696,29118284201.915367,0.0,0.0,destroy_worst_delivery,repair_random,1.0
1102,5914590074111.096,5914590074111.096,5110230337353.696,29060047633.511536,1.0,0.0,destroy_random_period,repair_regret2,1.0
1103,5914590074111.096,5941397652269.097,5110230337353.696,29001927538.24451,0.0,0.0,destroy_random_route,repair_greedy,1.0
1104,5914590074111.096,5914590074111.096,5110230337353.696,28943923683.168022,1.0,0.0,destroy_worst_delivery,repair_regret2,1.0
1105,5928398482128.794,5928398482128.794,5110230337353.696,28886035835.801685,1.0,0.0,destroy_random_route,repair_random,1.0
1106,5928398482128.794,5928398482128.794,5110230337353.696,28828263764.13008,1.0,0.0,destroy_low_demand_stores,repair_greedy,1.0
1107,5928398482135.794,5928398482135.794,5110230337353.696,28770607236.60182,1.0,0.0,destroy_random_period,repair_random,1.0
1108,5928398481763.497,5928398481763.497,5110230337353.696,28713066022.128616,1.0,0.0,destroy_random_route,repair_greedy,1.0
1109,5912352198519.997,5912352198519.997,5110230337353.696,28655639890.08436,1.0,0.0,destroy_random_route,repair_regret2,1.0
1110,5917456759647.3,5917456759647.3,5110230337353.696,28598328610.304188,1.0,0.0,destroy_random_route,repair_greedy,1.0
1111,5917456759647.3,5932267603092.3,5110230337353.696,28541131953.08358,0.0,0.0,destroy_worst_delivery,repair_greedy,1.0
1112,5911459236298.6,5911459236298.6,5110230337353.696,28484049689.177414,1.0,0.0,destroy_random_route,repair_regret2,1.0
1113,5916910524554.299,5916910524554.299,5110230337353.696,28427081589.79906,1.0,0.0,destroy_random_delivery,repair_greedy,1.0
1114,5916910524554.299,5916910524554.299,5110230337353.696,28370227426.61946,1.0,0.0,destroy_low_demand_stores,repair_greedy,1.0
1115,5916910524554.299,5916910524554.299,5110230337353.696,28313486971.766224,1.0,0.0,destroy_random_delivery,repair_regret2,1.0
1116,5916910524554.299,5916910524554.299,5110230337353.696,28256859997.822693,1.0,0.0,destroy_low_demand_stores,repair_regret2,1.0
1117,5916910524554.299,5916910524554.299,5110230337353.696,28200346277.82705,1.0,0.0,destroy_low_demand_stores,repair_regret2,1.0
1118,5913303301499.598,5913303301499.598,5110230337353.696,28143945585.271397,1.0,0.0,destroy_random_route,repair_random,1.0
1119,5913303301499.598,5913303301499.598,5110230337353.696,28087657694.100853,1.0,0.0,destroy_shaw_stores,repair_regret2,1.0
1120,5913303301504.099,5913303301504.099,5110230337353.696,28031482378.71265,1.0,0.0,destroy_shaw_stores,repair_greedy,1.0
1121,5916318482295.898,5916318482295.898,5110230337353.696,27975419413.955223,1.0,0.0,destroy_worst_delivery,repair_regret2,1.0
1122,5897143568199.297,5897143568199.297,5110230337353.696,27919468575.12731,1.0,0.0,destroy_worst_delivery,repair_random,1.0
1123,5908952313939.599,5908952313939.599,5110230337353.696,27863629637.97706,1.0,0.0,destroy_random_route,repair_random,1.0
1124,5908952313854.599,5908952313854.599,5110230337353.696,27807902378.701103,1.0,0.0,destroy_low_demand_stores,repair_greedy,1.0
1125,5908952313854.599,5908952313854.599,5110230337353.696,27752286573.943703,1.0,0.0,destroy_random_delivery,repair_random,1.0
1126,5908952313854.599,5918281593658.999,5110230337353.696,27696782000.795815,0.0,0.0,destroy_worst_delivery,repair_greedy,1.0
1127,5910245469345.899,5910245469345.899,5110230337353.696,27641388436.794224,1.0,0.0,destroy_shaw_stores,repair_random,1.0
1128,5910245469324.6,5910245469324.6,5110230337353.696,27586105659.920635,1.0,0.0,destroy_shaw_stores,repair_random,1.0
1129,5910245469730.598,5910245469730.598,5110230337353.696,27530933448.600796,1.0,0.0,destroy_low_demand_stores,repair_random,1.0
1130,5920186610935.697,5920186610935.697,5110230337353.696,27475871581.703594,1.0,0.0,destroy_random_route,repair_random,1.0
1131,5930149652931.897,5930149652931.897,5110230337353.696,27420919838.540188,1.0,0.0,destroy_worst_delivery,repair_greedy,1.0
1132,5918340907704.597,5918340907704.597,5110230337353.696,27366077998.863106,1.0,0.0,destroy_random_route,repair_random,1.0
1133,5902103007414.497,5902103007414.497,5110230337353.696,27311345842.86538,1.0,0.0,destroy_worst_delivery,repair_random,1.0
1134,5904066118502.797,5904066118502.797,5110230337353.696,27256723151.17965,1.0,0.0,destroy_random_delivery,repair_greedy,1.0
1135,5904066118502.797,5943875570948.997,5110230337353.696,27202209704.87729,0.0,0.0,destroy_random_route,repair_random,1.0
1136,5904066118342.597,5904066118342.597,5110230337353.696,27147805285.467533,1.0,0.0,destroy_random_route,repair_regret2,1.0
1137,5904066118190.298,5904066118190.298,5110230337353.696,27093509674.8966,1.0,0.0,destroy_low_demand_stores,repair_greedy,1.0
1138,5904066118122.998,5904066118122.998,5110230337353.696,27039322655.546806,1.0,0.0,destroy_low_demand_stores,repair_greedy,1.0
1139,5910997173070.398,5910997173070.398,5110230337353.696,26985244010.235714,1.0,0.0,destroy_worst_delivery,repair_random,1.0
1140,5922363809176.698,5922363809176.698,5110230337353.696,26931273522.215244,1.0,0.0,destroy_worst_delivery,repair_regret2,1.0
1141,5919092150545.698,5919092150545.698,5110230337353.696,26877410975.170815,1.0,0.0,destroy_random_delivery,repair_regret2,1.0
1142,5919092150545.698,5919092150545.698,5110230337353.696,26823656153.220474,1.0,0.0,destroy_shaw_stores,repair_random,1.0
1143,5919092150559.498,5919092150559.498,5110230337353.696,26770008840.914032,1.0,0.0,destroy_shaw_stores,repair_random,1.0
1144,5919092150485.299,5919092150485.299,5110230337353.696,26716468823.232204,1.0,0.0,destroy_random_period,repair_greedy,1.0
1145,5919092150485.299,5921971364145.398,5110230337353.696,26663035885.58574,0.0,0.0,destroy_random_delivery,repair_greedy,1.0
1146,5919092150485.299,5938073821142.597,5110230337353.696,26609709813.814568,0.0,0.0,destroy_random_route,repair_random,1.0
1147,5919092150485.299,5919092150485.299,5110230337353.696,26556490394.18694,1.0,0.0,destroy_random_period,repair_regret2,1.0
1148,5907084709829.798,5907084709829.798,5110230337353.696,26503377413.398567,1.0,0.0,destroy_worst_delivery,repair_random,1.0
1149,5902030015756.196,5902030015756.196,5110230337353.696,26450370658.57177,1.0,0.0,destroy_random_route,repair_regret2,1.0
1150,5902030015756.196,5902030015756.196,5110230337353.696,26397469917.254627,1.0,0.0,destroy_low_demand_stores,repair_regret2,1.0
1151,5902030015826.297,5902030015826.297,5110230337353.696,26344674977.420116,1.0,0.0,destroy_shaw_stores,repair_random,1.0
1152,5902030016385.797,5902030016385.797,5110230337353.696,26291985627.465275,1.0,0.0,destroy_random_route,repair_random,1.0
1153,5902030016301.797,5902030016301.797,5110230337353.696,26239401656.210342,1.0,0.0,destroy_random_period,repair_regret2,1.0
1154,5902030016427.597,5902030016427.597,5110230337353.696,26186922852.897923,1.0,0.0,destroy_random_delivery,repair_random,1.0
1155,5902030016508.696,5902030016508.696,5110230337353.696,26134549007.192127,1.0,0.0,destroy_shaw_stores,repair_random,1.0
1156,5902030016506.595,5902030016506.595,5110230337353.696,26082279909.177742,1.0,0.0,destroy_random_route,repair_random,1.0
1157,5902030016506.595,5902030016506.595,5110230337353.696,26030115349.359386,1.0,0.0,destroy_shaw_stores,repair_greedy,1.0
1158,5904684803516.495,5904684803516.495,5110230337353.696,25978055118.660667,1.0,0.0,destroy_worst_delivery,repair_random,1.0
1159,5904684803584.494,5904684803584.494,5110230337353.696,25926099008.423347,1.0,0.0,destroy_random_period,repair_random,1.0
1160,5904684803584.494,5904684803584.494,5110230337353.696,25874246810.4065,1.0,0.0,destroy_random_delivery,repair_greedy,1.0
1161,5904684803584.494,5904684803584.494,5110230337353.696,25822498316.78569,1.0,0.0,destroy_shaw_stores,repair_regret2,1.0
1162,5904684803668.494,5904684803668.494,5110230337353.696,25770853320.15212,1.0,0.0,destroy_random_period,repair_random,1.0
1163,5901467920348.394,5901467920348.394,5110230337353.696,25719311613.511814,1.0,0.0,destroy_worst_delivery,repair_random,1.0
1164,5901467920328.994,5901467920328.994,5110230337353.696,25667872990.28479,1.0,0.0,destroy_worst_delivery,repair_greedy,1.0
1165,5901467920344.895,5901467920344.895,5110230337353.696,25616537244.304222,1.0,0.0,destroy_random_delivery,repair_random,1.0
1166,5901467920265.395,5901467920265.395,5110230337353.696,25565304169.815613,1.0,0.0,destroy_random_period,repair_greedy,1.0
1167,5901467920173.495,5901467920173.495,5110230337353.696,25514173561.475983,1.0,0.0,destroy_random_period,repair_regret2,1.0
1168,5901467920107.8955,5901467920107.8955,5110230337353.696,25463145214.35303,1.0,0.0,destroy_random_period,repair_greedy,1.0
1169,5901467920107.8955,5901467920107.8955,5110230337353.696,25412218923.924324,1.0,0.0,destroy_low_demand_stores,repair_random,1.0
1170,5901467920107.8955,5901467920107.8955,5110230337353.696,25361394486.076477,1.0,0.0,destroy_shaw_stores,repair_greedy,1.0
1171,5901467920177.596,5901467920177.596,5110230337353.696,25310671697.104324,1.0,0.0,destroy_shaw_stores,repair_random,1.0
1172,5901467920105.096,5901467920105.096,5110230337353.696,25260050353.710117,1.0,0.0,destroy_shaw_stores,repair_greedy,1.0
1173,5901467920105.096,5905994352852.695,5110230337353.696,25209530253.002697,0.0,0.0,destroy_random_period,repair_regret2,1.0
1174,5900835088177.096,5900835088177.096,5110230337353.696,25159111192.496693,1.0,0.0,destroy_random_delivery,repair_random,1.0
1175,5900835088205.3955,5900835088205.3955,5110230337353.696,25108792970.1117,1.0,0.0,destroy_low_demand_stores,repair_random,1.0
1176,5900835088026.595,5900835088026.595,5110230337353.696,25058575384.171474,1.0,0.0,destroy_low_demand_stores,repair_regret2,1.0
1177,5899833104070.895,5899833104070.895,5110230337353.696,25008458233.40313,1.0,0.0,destroy_random_delivery,repair_greedy,1.0
1178,5897143568446.595,5897143568446.595,5110230337353.696,24958441316.936325,1.0,0.0,destroy_shaw_stores,repair_random,1.0
1179,5897143568514.294,5897143568514.294,5110230337353.696,24908524434.302452,1.0,0.0,destroy_random_delivery,repair_random,1.0
1180,5897143568836.995,5897143568836.995,5110230337353.696,24858707385.433846,1.0,0.0,destroy_random_route,repair_random,1.0
1181,5897143568805.195,5897143568805.195,5110230337353.696,24808989970.66298,1.0,0.0,destroy_low_demand_stores,repair_regret2,1.0
1182,5900835088414.994,5900835088414.994,5110230337353.696,24759371990.721653,1.0,0.0,destroy_worst_delivery,repair_random,1.0
1183,5900835088658.494,5900835088658.494,5110230337353.696,24709853246.74021,1.0,0.0,destroy_random_delivery,repair_random,1.0
1184,5900835088631.194,5900835088631.194,5110230337353.696,24660433540.24673,1.0,0.0,destroy_random_route,repair_random,1.0
1185,5900835088631.194,5900835088631.194,5110230337353.696,24611112673.166237,1.0,0.0,destroy_low_demand_stores,repair_regret2,1.0
1186,5899833104726.895,5899833104726.895,5110230337353.696,24561890447.819904,1.0,0.0,destroy_random_delivery,repair_random,1.0
1187,5899833104826.795,5899833104826.795,5110230337353.696,24512766666.924263,1.0,0.0,destroy_shaw_stores,repair_random,1.0
1188,5899833104825.395,5899833104825.395,5110230337353.696,24463741133.590416,1.0,0.0,destroy_worst_delivery,repair_regret2,1.0
1189,5899833104720.297,5899833104720.297,5110230337353.696,24414813651.323235,1.0,0.0,destroy_random_route,repair_random,1.0
1190,5899833104704.396,5899833104704.396,5110230337353.696,24365984024.020588,1.0,0.0,destroy_low_demand_stores,repair_regret2,1.0
1191,5901467920561.194,5901467920561.194,5110230337353.696,24317252055.972546,1.0,0.0,destroy_worst_delivery,repair_random,1.0
1192,5901467920840.894,5901467920840.894,5110230337353.696,24268617551.8606,1.0,0.0,destroy_low_demand_stores,repair_random,1.0
1193,5901467920840.894,5931196867847.594,5110230337353.696,24220080316.756878,0.0,0.0,destroy_random_route,repair_greedy,1.0
1194,5899833104416.695,5899833104416.695,5110230337353.696,24171640156.123363,1.0,0.0,destroy_random_route,repair_greedy,1.0
1195,5899833104414.595,5899833104414.595,5110230337353.696,24123296875.811115,1.0,0.0,destroy_random_period,repair_random,1.0
1196,5899833104384.495,5899833104384.495,5110230337353.696,24075050282.059494,1.0,0.0,destroy_random_period,repair_regret2,1.0
1197,5899833104380.095,5899833104380.095,5110230337353.696,24026900181.495377,1.0,0.0,destroy_random_delivery,repair_random,1.0
1198,5899833104304.896,5899833104304.896,5110230337353.696,23978846381.132385,1.0,0.0,destroy_shaw_stores,repair_greedy,1.0
1199,5899833104153.298,5899833104153.298,5110230337353.696,23930888688.37012,1.0,0.0,destroy_low_demand_stores,repair_greedy,1.0
1200,5899833104153.298,5899833104153.298,5110230337353.696,23883026910.99338,1.0,0.0,destroy_low_demand_stores,repair_greedy,1.0
1201,5899925060779.7,5899925060779.7,5110230337353.696,23835260857.171394,1.0,0.0,destroy_worst_delivery,repair_regret2,1.0
1202,5898490853780.8,5898490853780.8,5110230337353.696,23787590335.45705,1.0,0.0,destroy_random_delivery,repair_random,1.0
1203,5898490853780.8,5898490853780.8,5110230337353.696,23740015154.786137,1.0,0.0,destroy_worst_delivery,repair_regret2,1.0
1204,5898490853773.7,5898490853773.7,5110230337353.696,23692535124.476562,1.0,0.0,destroy_random_period,repair_regret2,1.0
1205,5898490853762.3,5898490853762.3,5110230337353.696,23645150054.227608,1.0,0.0,destroy_worst_delivery,repair_regret2,1.0
1206,5898490853762.3,5898490853762.3,5110230337353.696,23597859754.119152,1.0,0.0,destroy_low_demand_stores,repair_regret2,1.0
1207,5898490853694.3,5898490853694.3,5110230337353.696,23550664034.610912,1.0,0.0,destroy_random_period,repair_greedy,1.0
1208,5898490853694.3,5898490853694.3,5110230337353.696,23503562706.54169,1.0,0.0,destroy_shaw_stores,repair_greedy,1.0
1209,5898490853712.601,5898490853712.601,5110230337353.696,23456555581.12861,1.0,0.0,destroy_shaw_stores,repair_random,1.0
1210,5914625944176.196,5914625944176.196,5110230337353.696,23409642469.96635,1.0,0.0,destroy_random_route,repair_greedy,1.0
1211,5914625944176.196,5914625944176.196,5110230337353.696,23362823185.026417,1.0,0.0,destroy_low_demand_stores,repair_random,1.0
1212,5914970763079.296,5914970763079.296,5110230337353.696,23316097538.656364,1.0,0.0,destroy_worst_delivery,repair_greedy,1.0
1213,5914970762888.397,5914970762888.397,5110230337353.696,23269465343.579052,1.0,0.0,destroy_random_route,repair_regret2,1.0
1214,5925805298305.397,5925805298305.397,5110230337353.696,23222926412.891895,1.0,0.0,destroy_worst_delivery,repair_greedy,1.0
1215,5925805298249.497,5925805298249.497,5110230337353.696,23176480560.066113,1.0,0.0,destroy_random_period,repair_regret2,1.0
1216,5909774244922.396,5909774244922.396,5110230337353.696,23130127598.94598,1.0,0.0,destroy_worst_delivery,repair_random,1.0
1217,5909774244922.396,5909774244922.396,5110230337353.696,23083867343.74809,1.0,0.0,destroy_random_period,repair_greedy,1.0
1218,5908736220350.396,5908736220350.396,5110230337353.696,23037699609.060593,1.0,0.0,destroy_random_delivery,repair_random,1.0
1219,5907084709714.996,5907084709714.996,5110230337353.696,22991624209.842472,1.0,0.0,destroy_random_route,repair_random,1.0
1220,5907084709714.996,5926513371550.396,5110230337353.696,22945640961.422787,0.0,0.0,destroy_worst_delivery,repair_greedy,1.0
1221,5912591706291.496,5912591706291.496,5110230337353.696,22899749679.499943,1.0,0.0,destroy_worst_delivery,repair_random,1.0
1222,5912591706274.8955,5912591706274.8955,5110230337353.696,22853950180.14094,1.0,0.0,destroy_low_demand_stores,repair_greedy,1.0
1223,5912591706371.895,5912591706371.895,5110230337353.696,22808242279.78066,1.0,0.0,destroy_shaw_stores,repair_random,1.0
1224,5912591706575.395,5912591706575.395,5110230337353.696,22762625795.221096,1.0,0.0,destroy_random_delivery,repair_random,1.0
1225,5912591706478.3955,5912591706478.3955,5110230337353.696,22717100543.630653,1.0,0.0,destroy_random_period,repair_regret2,1.0
1226,5912591706559.995,5912591706559.995,5110230337353.696,22671666342.543392,1.0,0.0,destroy_low_demand_stores,repair_random,1.0
1227,5913082665454.996,5913082665454.996,5110230337353.696,22626323009.858307,1.0,0.0,destroy_worst_delivery,repair_random,1.0
1228,5913082665371.796,5913082665371.796,5110230337353.696,22581070363.83859,1.0,0.0,destroy_low_demand_stores,repair_greedy,1.0
1229,5913082665371.796,5913082665371.796,5110230337353.696,22535908223.110912,1.0,0.0,destroy_low_demand_stores,repair_greedy,1.0
1230,5913082665371.796,5913082665371.796,5110230337353.696,22490836406.664692,1.0,0.0,destroy_low_demand_stores,repair_regret2,1.0
1231,5913082665371.796,5913082665371.796,5110230337353.696,22445854733.851364,1.0,0.0,destroy_low_demand_stores,repair_regret2,1.0
1232,5913082665443.597,5913082665443.597,5110230337353.696,22400963024.383663,1.0,0.0,destroy_random_period,repair_random,1.0
1233,5913082665415.496,5913082665415.496,5110230337353.696,22356161098.334896,1.0,0.0,destroy_random_delivery,repair_regret2,1.0
1234,5913082665502.296,5913082665502.296,5110230337353.696,22311448776.138226,1.0,0.0,destroy_random_delivery,repair_random,1.0
1235,5913082665502.296,5913082665502.296,5110230337353.696,22266825878.58595,1.0,0.0,destroy_random_period,repair_greedy,1.0
1236,5913082665502.296,5913082665502.296,5110230337353.696,22222292226.828777,1.0,0.0,destroy_low_demand_stores,repair_greedy,1.0
1237,5913082665426.696,5913082665426.696,5110230337353.696,22177847642.37512,1.0,0.0,destroy_shaw_stores,repair_regret2,1.0
1238,5915864157479.197,5915864157479.197,5110230337353.696,22133491947.090366,1.0,0.0,destroy_random_route,repair_regret2,1.0
1239,5901218216148.696,5901218216148.696,5110230337353.696,22089224963.196186,1.0,0.0,destroy_random_delivery,repair_regret2,1.0
1240,5901218216318.496,5901218216318.496,5110230337353.696,22045046513.269794,1.0,0.0,destroy_random_delivery,repair_random,1.0
1241,5929317373812.498,5929317373812.498,5110230337353.696,22000956420.243256,1.0,0.0,destroy_random_route,repair_greedy,1.0
1242,5929317373745.197,5929317373745.197,5110230337353.696,21956954507.402767,1.0,0.0,destroy_low_demand_stores,repair_regret2,1.0
1243,5929317373745.197,5929317373745.197,5110230337353.696,21913040598.387962,1.0,0.0,destroy_low_demand_stores,repair_greedy,1.0
1244,5922295748129.298,5922295748129.298,5110230337353.696,21869214517.191185,1.0,0.0,destroy_worst_delivery,repair_regret2,1.0
1245,5920235957345.896,5920235957345.896,5110230337353.696,21825476088.156803,1.0,0.0,destroy_random_delivery,repair_greedy,1.0
1246,5918893706945.895,5918893706945.895,5110230337353.696,21781825135.980488,1.0,0.0,destroy_random_route,repair_regret2,1.0
1247,5918893706945.895,5918893706945.895,5110230337353.696,21738261485.708527,1.0,0.0,destroy_random_period,repair_greedy,1.0
1248,5918893706945.895,5918893706945.895,5110230337353.696,21694784962.73711,1.0,0.0,destroy_shaw_stores,repair_greedy,1.0
1249,5918893706945.895,5918893706945.895,5110230337353.696,21651395392.811634,1.0,0.0,destroy_random_period,repair_greedy,1.0
1250,5923205775197.895,5923205775197.895,5110230337353.696,21608092602.026012,1.0,0.0,destroy_worst_delivery,repair_regret2,1.0
1251,5941451261338.496,5941451261338.496,5110230337353.696,21564876416.82196,1.0,0.0,destroy_random_route,repair_greedy,1.0
1252,5938005759581.295,5938005759581.295,5110230337353.696,21521746663.988316,1.0,0.0,destroy_random_delivery,repair_random,1.0
1253,5938005759650.994,5938005759650.994,5110230337353.696,21478703170.66034,1.0,0.0,destroy_shaw_stores,repair_random,1.0
1254,5938005759650.994,5938005759650.994,5110230337353.696,21435745764.31902,1.0,0.0,destroy_shaw_stores,repair_greedy,1.0
1255,5930038211763.3955,5930038211763.3955,5110230337353.696,21392874272.790382,1.0,0.0,destroy_worst_delivery,repair_regret2,1.0
1256,5923115662101.3955,5923115662101.3955,5110230337353.696,21350088524.2448,1.0,0.0,destroy_random_period,repair_random,1.0
1257,5919576499583.095,5919576499583.095,5110230337353.696,21307388347.196312,1.0,0.0,destroy_random_delivery,repair_random,1.0
1258,5919576499583.095,5919576499583.095,5110230337353.696,21264773570.50192,1.0,0.0,destroy_low_demand_stores,repair_greedy,1.0
1259,5919576499583.095,5919576499583.095,5110230337353.696,21222244023.360916,1.0,0.0,destroy_low_demand_stores,repair_greedy,1.0
1260,5919576499583.095,5940871243206.096,5110230337353.696,21179799535.314194,0.0,0.0,destroy_worst_delivery,repair_greedy,1.0
1261,5919576499583.096,5919576499583.096,5110230337353.696,21137439936.243565,1.0,0.0,destroy_random_route,repair_greedy,1.0
1262,5919576499583.096,5919576499583.096,5110230337353.696,21095165056.37108,1.0,0.0,destroy_low_demand_stores,repair_greedy,1.0
1263,5919576499664.596,5919576499664.596,5110230337353.696,21052974726.258335,1.0,0.0,destroy_shaw_stores,repair_random,1.0
1264,5907667524253.995,5907667524253.995,5110230337353.696,21010868776.805817,1.0,0.0,destroy_worst_delivery,repair_random,1.0
1265,5907667524253.995,5907667524253.995,5110230337353.696,20968847039.252205,1.0,0.0,destroy_random_period,repair_greedy,1.0
1266,5907667524253.995,5907667524253.995,5110230337353.696,20926909345.173702,1.0,0.0,destroy_low_demand_stores,repair_random,1.0
1267,5907667524249.495,5907667524249.495,5110230337353.696,20885055526.483356,1.0,0.0,destroy_random_period,repair_regret2,1.0
1268,5907667524393.596,5907667524393.596,5110230337353.696,20843285415.43039,1.0,0.0,destroy_random_delivery,repair_random,1.0
1269,5900682730976.295,5900682730976.295,5110230337353.696,20801598844.59953,1.0,0.0,destroy_random_route,repair_random,1.0
1270,5900682731379.294,5900682731379.294,5110230337353.696,20759995646.91033,1.0,0.0,destroy_random_route,repair_random,1.0
1271,5913082665630.895,5913082665630.895,5110230337353.696,20718475655.616512,1.0,0.0,destroy_random_delivery,repair_random,1.0
1272,5913082665561.194,5913082665561.194,5110230337353.696,20677038704.30528,1.0,0.0,destroy_random_period,repair_greedy,1.0
1273,5913082665561.194,5913082665561.194,5110230337353.696,20635684626.896667,1.0,0.0,destroy_random_delivery,repair_regret2,1.0
1274,5913082665493.895,5913082665493.895,5110230337353.696,20594413257.642876,1.0,0.0,destroy_random_period,repair_greedy,1.0
1275,5914560333013.693,5914560333013.693,5110230337353.696,20553224431.12759,1.0,0.0,destroy_random_route,repair_regret2,1.0
1276,5900088234994.393,5900088234994.393,5110230337353.696,20512117982.265335,1.0,0.0,destroy_random_delivery,repair_greedy,1.0
1277,5900088234994.393,5900088234994.393,5110230337353.696,20471093746.300804,1.0,0.0,destroy_shaw_stores,repair_regret2,1.0
1278,5902128243452.393,5902128243452.393,5110230337353.696,20430151558.8082,1.0,0.0,destroy_random_delivery,repair_regret2,1.0
1279,5902128243408.393,5902128243408.393,5110230337353.696,20389291255.690586,1.0,0.0,destroy_low_demand_stores,repair_regret2,1.0
1280,5912652199505.693,5912652199505.693,5110230337353.696,20348512673.179203,1.0,0.0,destroy_worst_delivery,repair_regret2,1.0
1281,5912652199605.594,5912652199605.594,5110230337353.696,20307815647.832844,1.0,0.0,destroy_shaw_stores,repair_random,1.0
1282,5912652199605.594,5912652199605.594,5110230337353.696,20267200016.537178,1.0,0.0,destroy_worst_delivery,repair_regret2,1.0
1283,5912652199605.594,5912652199605.594,5110230337353.696,20226665616.504105,1.0,0.0,destroy_low_demand_stores,repair_greedy,1.0
1284,5912652199531.193,5912652199531.193,5110230337353.696,20186212285.271095,1.0,0.0,destroy_random_period,repair_regret2,1.0
1285,5912652199475.293,5912652199475.293,5110230337353.696,20145839860.700554,1.0,0.0,destroy_shaw_stores,repair_regret2,1.0
1286,5918185825461.992,5918185825461.992,5110230337353.696,20105548180.979153,1.0,0.0,destroy_worst_delivery,repair_random,1.0
1287,5918185825392.293,5918185825392.293,5110230337353.696,20065337084.617195,1.0,0.0,destroy_worst_delivery,repair_regret2,1.0
1288,5918185825392.293,5918185825392.293,5110230337353.696,20025206410.44796,1.0,0.0,destroy_random_period,repair_regret2,1.0
1289,5918185825392.293,5918185825392.293,5110230337353.696,19985155997.627064,1.0,0.0,destroy_random_delivery,repair_regret2,1.0
1290,5917552993324.493,5917552993324.493,5110230337353.696,19945185685.63181,1.0,0.0,destroy_random_delivery,repair_greedy,1.0
1291,5917552993368.493,5917552993368.493,5110230337353.696,19905295314.260544,1.0,0.0,destroy_low_demand_stores,repair_random,1.0
1292,5931198134677.692,5931198134677.692,5110230337353.696,19865484723.632023,1.0,0.0,destroy_random_delivery,repair_random,1.0
1293,5931198134744.992,5931198134744.992,5110230337353.696,19825753754.184757,1.0,0.0,destroy_low_demand_stores,repair_random,1.0
1294,5920978790064.492,5920978790064.492,5110230337353.696,19786102246.676388,1.0,0.0,destroy_worst_delivery,repair_greedy,1.0
1295,5920978790064.492,5930914172003.492,5110230337353.696,19746530042.183037,0.0,0.0,destroy_worst_delivery,repair_regret2,1.0
1296,5922357992840.294,5922357992840.294,5110230337353.696,19707036982.09867,1.0,0.0,destroy_random_route,repair_random,1.0
1297,5932108190915.894,5932108190915.894,5110230337353.696,19667622908.13447,1.0,0.0,destroy_worst_delivery,repair_greedy,1.0
1298,5932108190915.894,5932108190915.894,5110230337353.696,19628287662.318203,1.0,0.0,destroy_low_demand_stores,repair_regret2,1.0
1299,5935249641135.696,5935249641135.696,5110230337353.696,19589031086.99357,1.0,0.0,destroy_random_route,repair_random,1.0
1300,5932431378995.296,5932431378995.296,5110230337353.696,19549853024.81958,1.0,0.0,destroy_worst_delivery,repair_greedy,1.0
1301,5932431378995.296,5932431378995.296,5110230337353.696,19510753318.76994,1.0,0.0,destroy_low_demand_stores,repair_regret2,1.0
1302,5932431378995.296,5932431378995.296,5110230337353.696,19471731812.1324,1.0,0.0,destroy_low_demand_stores,repair_regret2,1.0
1303,5923456788726.696,5923456788726.696,5110230337353.696,19432788348.508137,1.0,0.0,destroy_random_route,repair_regret2,1.0
1304,5914007052055.597,5914007052055.597,5110230337353.696,19393922771.81112,1.0,0.0,destroy_worst_delivery,repair_regret2,1.0
1305,5914007052055.597,5914007052055.597,5110230337353.696,19355134926.267498,1.0,0.0,destroy_shaw_stores,repair_regret2,1.0
1306,5914007051983.797,5914007051983.797,5110230337353.696,19316424656.414963,1.0,0.0,destroy_random_route,repair_regret2,1.0
1307,5915504389979.598,5915504389979.598,5110230337353.696,19277791807.102135,1.0,0.0,destroy_random_delivery,repair_greedy,1.0
1308,5915504389979.598,5915504389979.598,5110230337353.696,19239236223.48793,1.0,0.0,destroy_random_delivery,repair_greedy,1.0
1309,5915504390076.597,5915504390076.597,5110230337353.696,19200757751.040955,1.0,0.0,destroy_random_period,repair_random,1.0
1310,5914007052058.597,5914007052058.597,5110230337353.696,19162356235.53887,1.0,0.0,destroy_worst_delivery,repair_regret2,1.0
1311,5916984118177.597,5916984118177.597,5110230337353.696,19124031523.067795,1.0,0.0,destroy_random_delivery,repair_greedy,1.0
1312,5916984118177.597,5916984118177.597,5110230337353.696,19085783460.02166,1.0,0.0,destroy_low_demand_stores,repair_greedy,1.0
1313,5915349302363.597,5915349302363.597,5110230337353.696,19047611893.101616,1.0,0.0,destroy_random_delivery,repair_random,1.0
1314,5915349302363.597,5915349302363.597,5110230337353.696,19009516669.315414,1.0,0.0,destroy_random_period,repair_greedy,1.0
1315,5915349302291.796,5915349302291.796,5110230337353.696,18971497635.976784,1.0,0.0,destroy_random_period,repair_regret2,1.0
1316,5903440326962.195,5903440326962.195,5110230337353.696,18933554640.70483,1.0,0.0,destroy_random_delivery,repair_random,1.0
1317,5913381468310.495,5913381468310.495,5110230337353.696,18895687531.42342,1.0,0.0,destroy_worst_delivery,repair_greedy,1.0
1318,5923488200382.795,5923488200382.795,5110230337353.696,18857896156.360573,1.0,0.0,destroy_random_route,repair_regret2,1.0
1319,5923488200382.795,5923488200382.795,5110230337353.696,18820180364.04785,1.0,0.0,destroy_low_demand_stores,repair_greedy,1.0
1320,5923488200382.795,5923488200382.795,5110230337353.696,18782540003.319756,1.0,0.0,destroy_shaw_stores,repair_regret2,1.0
1321,5923488200378.295,5923488200378.295,5110230337353.696,18744974923.313114,1.0,0.0,destroy_random_period,repair_regret2,1.0
1322,5918630145653.995,5918630145653.995,5110230337353.696,18707484973.466488,1.0,0.0,destroy_random_delivery,repair_regret2,1.0
1323,5918630145653.995,5951757702099.395,5110230337353.696,18670070003.519554,0.0,0.0,destroy_worst_delivery,repair_greedy,1.0
1324,5918630145709.8955,5918630145709.8955,5110230337353.696,18632729863.512516,1.0,0.0,destroy_shaw_stores,repair_random,1.0
1325,5918630145543.196,5918630145543.196,5110230337353.696,18595464403.785492,1.0,0.0,destroy_random_route,repair_regret2,1.0
1326,5918630145613.297,5918630145613.297,5110230337353.696,18558273474.97792,1.0,0.0,destroy_shaw_stores,repair_random,1.0
1327,5918630145613.297,5927508074248.297,5110230337353.696,18521156928.027966,0.0,0.0,destroy_worst_delivery,repair_regret2,1.0
1328,5921260977947.297,5921260977947.297,5110230337353.696,18484114614.17191,1.0,0.0,destroy_random_delivery,repair_regret2,1.0
1329,5921260978094.296,5921260978094.296,5110230337353.696,18447146384.943565,1.0,0.0,destroy_low_demand_stores,repair_random,1.0
1330,5921260978186.195,5921260978186.195,5110230337353.696,18410252092.17368,1.0,0.0,destroy_shaw_stores,repair_random,1.0
1331,5923900850766.695,5923900850766.695,5110230337353.696,18373431587.98933,1.0,0.0,destroy_random_route,repair_regret2,1.0
1332,5923900850766.695,5923900850766.695,5110230337353.696,18336684724.81335,1.0,0.0,destroy_low_demand_stores,repair_regret2,1.0
1333,5923900850766.695,5923900850766.695,5110230337353.696,18300011355.363724,1.0,0.0,destroy_low_demand_stores,repair_greedy,1.0
1334,5919576499344.695,5919576499344.695,5110230337353.696,18263411332.652996,1.0,0.0,destroy_shaw_stores,repair_random,1.0
1335,5919576499558.994,5919576499558.994,5110230337353.696,18226884509.98769,1.0,0.0,destroy_low_demand_stores,repair_random,1.0
1336,5919576499558.994,5919576499558.994,5110230337353.696,18190430740.967716,1.0,0.0,destroy_shaw_stores,repair_regret2,1.0
1337,5919576499694.693,5919576499694.693,5110230337353.696,18154049879.485783,1.0,0.0,destroy_low_demand_stores,repair_random,1.0
1338,5919576499705.995,5919576499705.995,5110230337353.696,18117741779.72681,1.0,0.0,destroy_shaw_stores,repair_random,1.0
1339,5919576499885.3955,5919576499885.3955,5110230337353.696,18081506296.16736,1.0,0.0,destroy_random_route,repair_random,1.0
1340,5919576499799.795,5919576499799.795,5110230337353.696,18045343283.575024,1.0,0.0,destroy_shaw_stores,repair_regret2,1.0
1341,5931848459570.795,5931848459570.795,5110230337353.696,18009252597.007874,1.0,0.0,destroy_worst_delivery,repair_random,1.0
1342,5926499049476.096,5926499049476.096,5110230337353.696,17973234091.813858,1.0,0.0,destroy_worst_delivery,repair_regret2,1.0
1343,5926499049480.596,5926499049480.596,5110230337353.696,17937287623.63023,1.0,0.0,destroy_shaw_stores,repair_greedy,1.0
1344,5902103006991.3955,5902103006991.3955,5110230337353.696,17901413048.38297,1.0,0.0,destroy_worst_delivery,repair_random,1.0
1345,5897143568820.795,5897143568820.795,5110230337353.696,17865610222.2862,1.0,0.0,destroy_random_route,repair_random,1.0
1346,5897143568729.795,5897143568729.795,5110230337353.696,17829879001.84163,1.0,0.0,destroy_random_period,repair_regret2,1.0
1347,5897143568628.895,5897143568628.895,5110230337353.696,17794219243.837944,1.0,0.0,destroy_low_demand_stores,repair_greedy,1.0
1348,5897143568107.095,5897143568107.095,5110230337353.696,17758630805.35027,1.0,0.0,destroy_random_route,repair_regret2,1.0
1349,5897143568107.095,5897143568107.095,5110230337353.696,17723113543.73957,1.0,0.0,destroy_random_delivery,repair_greedy,1.0
1350,5897143568111.595,5897143568111.595,5110230337353.696,17687667316.652092,1.0,0.0,destroy_shaw_stores,repair_greedy,1.0
1351,5897143568260.994,5897143568260.994,5110230337353.696,17652291982.018787,1.0,0.0,destroy_random_delivery,repair_random,1.0
1352,5898490853577.494,5898490853577.494,5110230337353.696,17616987398.05475,1.0,0.0,destroy_shaw_stores,repair_regret2,1.0
1353,5916348560009.693,5916348560009.693,5110230337353.696,17581753423.25864,1.0,0.0,destroy_worst_delivery,repair_random,1.0
1354,5916348560009.693,5916348560009.693,5110230337353.696,17546589916.412125,1.0,0.0,destroy_random_period,repair_regret2,1.0
1355,5916348559929.993,5916348559929.993,5110230337353.696,17511496736.5793,1.0,0.0,destroy_shaw_stores,repair_regret2,1.0
1356,5916348559929.993,5928781888184.594,5110230337353.696,17476473743.10614,0.0,0.0,destroy_random_route,repair_greedy,1.0
1357,5916348559929.993,5916348559929.993,5110230337353.696,17441520795.619926,1.0,0.0,destroy_low_demand_stores,repair_greedy,1.0
1358,5916348559929.993,5932287656486.295,5110230337353.696,17406637754.028687,0.0,0.0,destroy_random_route,repair_greedy,1.0
1359,5920874992701.394,5920874992701.394,5110230337353.696,17371824478.52063,1.0,0.0,destroy_shaw_stores,repair_regret2,1.0
1360,5920874992701.394,5920874992701.394,5110230337353.696,17337080829.563587,1.0,0.0,destroy_random_period,repair_greedy,1.0
1361,5920874992773.194,5920874992773.194,5110230337353.696,17302406667.90446,1.0,0.0,destroy_random_period,repair_random,1.0
1362,5920874992773.194,5920874992773.194,5110230337353.696,17267801854.568653,1.0,0.0,destroy_random_period,repair_greedy,1.0
1363,5918533692147.194,5918533692147.194,5110230337353.696,17233266250.859516,1.0,0.0,destroy_random_delivery,repair_greedy,1.0
1364,5918533692244.194,5918533692244.194,5110230337353.696,17198799718.357796,1.0,0.0,destroy_random_period,repair_random,1.0
1365,5915975093464.095,5915975093464.095,5110230337353.696,17164402118.92108,1.0,0.0,destroy_worst_delivery,repair_regret2,1.0
1366,5915975093379.8955,5915975093379.8955,5110230337353.696,17130073314.683237,1.0,0.0,destroy_random_delivery,repair_regret2,1.0
1367,5918756585501.197,5918756585501.197,5110230337353.696,17095813168.053871,1.0,0.0,destroy_random_route,repair_greedy,1.0
1368,5918756585503.299,5918756585503.299,5110230337353.696,17061621541.717764,1.0,0.0,destroy_random_period,repair_random,1.0
1369,5918756585503.299,5918756585503.299,5110230337353.696,17027498298.634329,1.0,0.0,destroy_shaw_stores,repair_regret2,1.0
1370,5918756585503.299,5918756585503.299,5110230337353.696,16993443302.03706,1.0,0.0,destroy_low_demand_stores,repair_random,1.0
1371,5918756586181.999,5918756586181.999,5110230337353.696,16959456415.432985,1.0,0.0,destroy_random_route,repair_random,1.0
1372,5918756586095.999,5918756586095.999,5110230337353.696,16925537502.60212,1.0,0.0,destroy_shaw_stores,repair_regret2,1.0
1373,5918756586100.5,5918756586100.5,5110230337353.696,16891686427.596914,1.0,0.0,destroy_random_period,repair_greedy,1.0
1374,5918756586105.001,5918756586105.001,5110230337353.696,16857903054.74172,1.0,0.0,destroy_random_period,repair_greedy,1.0
1375,5918756585930.001,5918756585930.001,5110230337353.696,16824187248.632236,1.0,0.0,destroy_random_route,repair_regret2,1.0
1376,5918756585914.101,5918756585914.101,5110230337353.696,16790538874.134972,1.0,0.0,destroy_low_demand_stores,repair_greedy,1.0
1377,5929019231028.501,5929019231028.501,5110230337353.696,16756957796.386702,1.0,0.0,destroy_random_route,repair_greedy,1.0
1378,5931224073742.001,5931224073742.001,5110230337353.696,16723443880.793928,1.0,0.0,destroy_random_delivery,repair_regret2,1.0
1379,5927800268845.299,5927800268845.299,5110230337353.696,16689996993.032341,1.0,0.0,destroy_random_route,repair_regret2,1.0
1380,5927800268845.299,5927800268845.299,5110230337353.696,16656616999.046276,1.0,0.0,destroy_low_demand_stores,repair_random,1.0
1381,5918615534036.898,5918615534036.898,5110230337353.696,16623303765.048183,1.0,0.0,destroy_random_delivery,repair_greedy,1.0
1382,5902103006892.498,5902103006892.498,5110230337353.696,16590057157.518087,1.0,0.0,destroy_worst_delivery,repair_random,1.0
1383,5902103007162.797,5902103007162.797,5110230337353.696,16556877043.20305,1.0,0.0,destroy_low_demand_stores,repair_random,1.0
1384,5902103007106.896,5902103007106.896,5110230337353.696,16523763289.116644,1.0,0.0,destroy_shaw_stores,repair_greedy,1.0
1385,5902103007125.197,5902103007125.197,5110230337353.696,16490715762.53841,1.0,0.0,destroy_random_period,repair_random,1.0
1386,5902103007239.396,5902103007239.396,5110230337353.696,16457734331.013334,1.0,0.0,destroy_random_route,repair_random,1.0
1387,5897143568680.3955,5897143568680.3955,5110230337353.696,16424818862.351307,1.0,0.0,destroy_worst_delivery,repair_random,1.0
1388,5897143568659.596,5897143568659.596,5110230337353.696,16391969224.626604,1.0,0.0,destroy_random_delivery,repair_regret2,1.0
1389,5897143568659.596,5897143568659.596,5110230337353.696,16359185286.177351,1.0,0.0,destroy_shaw_stores,repair_regret2,1.0
1390,5897143568659.596,5897143568659.596,5110230337353.696,16326466915.604996,1.0,0.0,destroy_shaw_stores,repair_regret2,1.0
1391,5897143568586.695,5897143568586.695,5110230337353.696,16293813981.773787,1.0,0.0,destroy_shaw_stores,repair_regret2,1.0
1392,5897143568297.998,5897143568297.998,5110230337353.696,16261226353.81024,1.0,0.0,destroy_random_route,repair_greedy,1.0
1393,5897143568297.998,5897143568297.998,5110230337353.696,16228703901.10262,1.0,0.0,destroy_low_demand_stores,repair_regret2,1.0
1394,5897143568360.797,5897143568360.797,5110230337353.696,16196246493.300413,1.0,0.0,destroy_random_period,repair_random,1.0
1395,5897143568277.597,5897143568277.597,5110230337353.696,16163854000.313812,1.0,0.0,destroy_low_demand_stores,repair_greedy,1.0
1396,5923998016056.496,5923998016056.496,5110230337353.696,16131526292.313185,1.0,0.0,destroy_random_route,repair_greedy,1.0
1397,5923998016056.496,5923998016056.496,5110230337353.696,16099263239.728558,1.0,0.0,destroy_random_period,repair_greedy,1.0
1398,5923998016056.496,5923998016056.496,5110230337353.696,16067064713.2491,1.0,0.0,destroy_shaw_stores,repair_regret2,1.0
1399,5923998016056.496,5923998016056.496,5110230337353.696,16034930583.822601,1.0,0.0,destroy_low_demand_stores,repair_random,1.0
1400,5923998016056.496,5923998016056.496,5110230337353.696,16002860722.654957,1.0,0.0,destroy_low_demand_stores,repair_greedy,1.0
1401,5923998016126.596,5923998016126.596,5110230337353.696,15970855001.209646,1.0,0.0,destroy_random_period,repair_random,1.0
1402,5928837202817.296,5928837202817.296,5110230337353.696,15938913291.207228,1.0,0.0,destroy_random_delivery,repair_regret2,1.0
1403,5928837202817.296,5928837202817.296,5110230337353.696,15907035464.624813,1.0,0.0,destroy_random_delivery,repair_regret2,1.0
1404,5928837202747.597,5928837202747.597,5110230337353.696,15875221393.695564,1.0,0.0,destroy_random_period,repair_greedy,1.0
1405,5928837202747.597,5933119104793.995,5110230337353.696,15843470950.908173,0.0,0.0,destroy_worst_delivery,repair_random,1.0
1406,5928837202747.597,5928837202747.597,5110230337353.696,15811784009.006355,1.0,0.0,destroy_low_demand_stores,repair_regret2,1.0
1407,5937852173815.3955,5937852173815.3955,5110230337353.696,15780160440.988342,1.0,0.0,destroy_worst_delivery,repair_greedy,1.0
1408,5930497902485.3955,5930497902485.3955,5110230337353.696,15748600120.106365,1.0,0.0,destroy_random_delivery,repair_greedy,1.0
1409,5925452239561.396,5925452239561.396,5110230337353.696,15717102919.866152,1.0,0.0,destroy_random_delivery,repair_greedy,1.0
1410,5925452239561.396,5925452239561.396,5110230337353.696,15685668714.026419,1.0,0.0,destroy_shaw_stores,repair_greedy,1.0
1411,5925452239653.296,5925452239653.296,5110230337353.696,15654297376.598366,1.0,0.0,destroy_random_period,repair_random,1.0
1412,5925452239669.196,5925452239669.196,5110230337353.696,15622988781.84517,1.0,0.0,destroy_random_period,repair_random,1.0
1413,5920938314195.595,5920938314195.595,5110230337353.696,15591742804.281479,1.0,0.0,destroy_worst_delivery,repair_random,1.0
1414,5920938314195.595,5920938314195.595,5110230337353.696,15560559318.672916,1.0,0.0,destroy_shaw_stores,repair_greedy,1.0
1415,5907084709945.795,5907084709945.795,5110230337353.696,15529438200.03557,1.0,0.0,destroy_random_route,repair_random,1.0
1416,5897143568619.695,5897143568619.695,5110230337353.696,15498379323.635498,1.0,0.0,destroy_worst_delivery,repair_random,1.0
1417,5897143568554.497,5897143568554.497,5110230337353.696,15467382564.988228,1.0,0.0,destroy_shaw_stores,repair_greedy,1.0
1418,5897143568484.797,5897143568484.797,5110230337353.696,15436447799.858252,1.0,0.0,destroy_random_period,repair_greedy,1.0
1419,5897143568470.996,5897143568470.996,5110230337353.696,15405574904.258535,1.0,0.0,destroy_shaw_stores,repair_regret2,1.0
1420,5897143568610.396,5897143568610.396,5110230337353.696,15374763754.450018,1.0,0.0,destroy_random_delivery,repair_random,1.0
1421,5897143568610.396,5927666906324.998,5110230337353.696,15344014226.941118,0.0,0.0,destroy_worst_delivery,repair_greedy,1.0
1422,5897143568562.896,5897143568562.896,5110230337353.696,15313326198.487236,1.0,0.0,destroy_worst_delivery,repair_random,1.0
1423,5897143568632.596,5897143568632.596,5110230337353.696,15282699546.090261,1.0,0.0,destroy_shaw_stores,repair_random,1.0
1424,5897143568632.596,5897143568632.596,5110230337353.696,15252134146.998081,1.0,0.0,destroy_low_demand_stores,repair_regret2,1.0
1425,5897143568610.3955,5897143568610.3955,5110230337353.696,15221629878.704084,1.0,0.0,destroy_worst_delivery,repair_greedy,1.0
1426,5897143568610.3955,5907667524637.996,5110230337353.696,15191186618.946676,0.0,0.0,destroy_worst_delivery,repair_greedy,1.0
1427,5897143568690.095,5897143568690.095,5110230337353.696,15160804245.708782,1.0,0.0,destroy_low_demand_stores,repair_random,1.0
1428,5897143568690.095,5897143568690.095,5110230337353.696,15130482637.217365,1.0,0.0,destroy_random_period,repair_greedy,1.0
1429,5908952314126.596,5908952314126.596,5110230337353.696,15100221671.94293,1.0,0.0,destroy_worst_delivery,repair_random,1.0
1430,5908952314078.697,5908952314078.697,5110230337353.696,15070021228.599045,1.0,0.0,destroy_low_demand_stores,repair_random,1.0
1431,5908952314078.697,5924400451941.3955,5110230337353.696,15039881186.141848,0.0,0.0,destroy_random_route,repair_regret2,1.0
1432,5908952313986.798,5908952313986.798,5110230337353.696,15009801423.769564,1.0,0.0,destroy_random_period,repair_greedy,1.0
1433,5908952313964.598,5908952313964.598,5110230337353.696,14979781820.922024,1.0,0.0,destroy_random_delivery,repair_greedy,1.0
1434,5908952313908.697,5908952313908.697,5110230337353.696,14949822257.28018,1.0,0.0,destroy_shaw_stores,repair_greedy,1.0
1435,5908952313809.598,5908952313809.598,5110230337353.696,14919922612.76562,1.0,0.0,destroy_low_demand_stores,repair_regret2,1.0
1436,5908952313809.598,5908952313809.598,5110230337353.696,14890082767.540089,1.0,0.0,destroy_random_delivery,repair_greedy,1.0
1437,5913911752415.897,5913911752415.897,5110230337353.696,14860302602.005009,1.0,0.0,destroy_random_period,repair_random,1.0
1438,5913911752415.897,5913911752415.897,5110230337353.696,14830581996.800999,1.0,0.0,destroy_random_period,repair_regret2,1.0
1439,5913911752415.897,5913911752415.897,5110230337353.696,14800920832.807396,1.0,0.0,destroy_random_period,repair_greedy,1.0
1440,5913911752415.897,5913911752415.897,5110230337353.696,14771318991.14178,1.0,0.0,destroy_low_demand_stores,repair_regret2,1.0
1441,5913911752411.396,5913911752411.396,5110230337353.696,14741776353.159498,1.0,0.0,destroy_random_period,repair_greedy,1.0
1442,5913911752411.396,5913911752411.396,5110230337353.696,14712292800.453178,1.0,0.0,destroy_shaw_stores,repair_regret2,1.0
1443,5913911752341.697,5913911752341.697,5110230337353.696,14682868214.852272,1.0,0.0,destroy_shaw_stores,repair_regret2,1.0
1444,5913911752271.997,5913911752271.997,5110230337353.696,14653502478.422567,1.0,0.0,destroy_shaw_stores,repair_regret2,1.0
1445,5913911752486.296,5913911752486.296,5110230337353.696,14624195473.465723,1.0,0.0,destroy_low_demand_stores,repair_random,1.0
1446,5908952314373.693,5908952314373.693,5110230337353.696,14594947082.518791,1.0,0.0,destroy_random_route,repair_random,1.0
1447,5908952314372.793,5908952314372.793,5110230337353.696,14565757188.353754,1.0,0.0,destroy_random_delivery,repair_regret2,1.0
1448,5908952314361.393,5908952314361.393,5110230337353.696,14536625673.977047,1.0,0.0,destroy_random_delivery,repair_random,1.0
1449,5908952314291.692,5908952314291.692,5110230337353.696,14507552422.629093,1.0,0.0,destroy_random_delivery,repair_greedy,1.0
1450,5908952314253.993,5908952314253.993,5110230337353.696,14478537317.783834,1.0,0.0,destroy_worst_delivery,repair_greedy,1.0
1451,5908952314166.595,5908952314166.595,5110230337353.696,14449580243.148266,1.0,0.0,destroy_random_period,repair_greedy,1.0
1452,5908952314166.596,5908952314166.596,5110230337353.696,14420681082.66197,1.0,0.0,destroy_low_demand_stores,repair_random,1.0
1453,5908952314099.295,5908952314099.295,5110230337353.696,14391839720.496647,1.0,0.0,destroy_low_demand_stores,repair_regret2,1.0
1454,5905244917172.895,5905244917172.895,5110230337353.696,14363056041.055653,1.0,0.0,destroy_random_delivery,repair_regret2,1.0
1455,5905244917200.295,5905244917200.295,5110230337353.696,14334329928.973541,1.0,0.0,destroy_shaw_stores,repair_random,1.0
1456,5908952314029.3955,5908952314029.3955,5110230337353.696,14305661269.115595,1.0,0.0,destroy_worst_delivery,repair_greedy,1.0
1457,5908952314029.3955,5908952314029.3955,5110230337353.696,14277049946.577364,1.0,0.0,destroy_random_period,repair_regret2,1.0
1458,5908952314029.3955,5926169568603.096,5110230337353.696,14248495846.68421,0.0,0.0,destroy_worst_delivery,repair_greedy,1.0
1459,5908952313959.295,5908952313959.295,5110230337353.696,14219998854.99084,1.0,0.0,destroy_random_period,repair_regret2,1.0
1460,5908952313959.295,5920861289186.297,5110230337353.696,14191558857.280859,0.0,0.0,destroy_random_route,repair_greedy,1.0
1461,5907667524642.295,5907667524642.295,5110230337353.696,14163175739.566298,1.0,0.0,destroy_worst_delivery,repair_regret2,1.0
1462,5921521129306.495,5921521129306.495,5110230337353.696,14134849388.087166,1.0,0.0,destroy_random_period,repair_random,1.0
1463,5920869764574.3955,5920869764574.3955,5110230337353.696,14106579689.310991,1.0,0.0,destroy_random_delivery,repair_regret2,1.0
1464,5920869764494.696,5920869764494.696,5110230337353.696,14078366529.93237,1.0,0.0,destroy_low_demand_stores,repair_regret2,1.0
1465,5920869764494.696,5920869764494.696,5110230337353.696,14050209796.872505,1.0,0.0,destroy_random_delivery,repair_regret2,1.0
1466,5920869764708.995,5920869764708.995,5110230337353.696,14022109377.27876,1.0,0.0,destroy_low_demand_stores,repair_random,1.0
1467,5922562345371.695,5922562345371.695,5110230337353.696,13994065158.524204,1.0,0.0,destroy_worst_delivery,repair_random,1.0
1468,5922562345527.296,5922562345527.296,5110230337353.696,13966077028.207155,1.0,0.0,destroy_random_delivery,repair_random,1.0
1469,5922562345312.997,5922562345312.997,5110230337353.696,13938144874.150742,1.0,0.0,destroy_low_demand_stores,repair_regret2,1.0
1470,5911206687089.498,5911206687089.498,5110230337353.696,13910268584.40244,1.0,0.0,destroy_worst_delivery,repair_regret2,1.0
1471,5911206687089.498,5918129236366.699,5110230337353.696,13882448047.233635,0.0,0.0,destroy_random_route,repair_greedy,1.0
1472,5900682731061.898,5900682731061.898,5110230337353.696,13854683151.139168,1.0,0.0,destroy_random_delivery,repair_random,1.0
1473,5900682731061.898,5900682731061.898,5110230337353.696,13826973784.83689,1.0,0.0,destroy_random_period,repair_greedy,1.0
1474,5902248129889.298,5902248129889.298,5110230337353.696,13799319837.267216,1.0,0.0,destroy_random_delivery,repair_greedy,1.0
1475,5902248129889.298,5902248129889.298,5110230337353.696,13771721197.592682,1.0,0.0,destroy_shaw_stores,repair_greedy,1.0
1476,5902248129889.298,5924994792116.899,5110230337353.696,13744177755.197496,0.0,0.0,destroy_random_route,repair_greedy,1.0
1477,5902248129889.298,5902248129889.298,5110230337353.696,13716689399.687101,1.0,0.0,destroy_random_delivery,repair_regret2,1.0
1478,5902248129889.298,5902248129889.298,5110230337353.696,13689256020.887728,1.0,0.0,destroy_random_delivery,repair_greedy,1.0
1479,5902248129905.198,5902248129905.198,5110230337353.696,13661877508.845953,1.0,0.0,destroy_random_period,repair_random,1.0
1480,5902248129905.198,5902248129905.198,5110230337353.696,13634553753.82826,1.0,0.0,destroy_low_demand_stores,repair_regret2,1.0
1481,5902248129905.198,5902248129905.198,5110230337353.696,13607284646.320604,1.0,0.0,destroy_low_demand_stores,repair_random,1.0
1482,5902248129905.198,5902248129905.198,5110230337353.696,13580070077.027964,1.0,0.0,destroy_low_demand_stores,repair_regret2,1.0
1483,5902248129905.198,5902248129905.198,5110230337353.696,13552909936.873907,1.0,0.0,destroy_random_period,repair_greedy,1.0
1484,5902248129905.198,5909170679595.298,5110230337353.696,13525804117.000158,0.0,0.0,destroy_random_period,repair_regret2,1.0
1485,5900750791803.298,5900750791803.298,5110230337353.696,13498752508.766157,1.0,0.0,destroy_random_delivery,repair_regret2,1.0
1486,5911274747951.997,5911274747951.997,5110230337353.696,13471755003.748625,1.0,0.0,destroy_worst_delivery,repair_regret2,1.0
1487,5911274748026.197,5911274748026.197,5110230337353.696,13444811493.741127,1.0,0.0,destroy_shaw_stores,repair_random,1.0
1488,5911274748026.197,5911274748026.197,5110230337353.696,13417921870.753645,1.0,0.0,destroy_low_demand_stores,repair_regret2,1.0
1489,5912772086044.197,5912772086044.197,5110230337353.696,13391086027.012138,1.0,0.0,destroy_worst_delivery,repair_greedy,1.0
1490,5924681061013.996,5924681061013.996,5110230337353.696,13364303854.958115,1.0,0.0,destroy_random_route,repair_regret2,1.0
1491,5923852893880.495,5923852893880.495,5110230337353.696,13337575247.248198,1.0,0.0,destroy_worst_delivery,repair_random,1.0
1492,5923852893880.495,5936286222282.695,5110230337353.696,13310900096.7537,0.0,0.0,destroy_random_route,repair_greedy,1.0
1493,5923852893880.495,5923852893880.495,5110230337353.696,13284278296.560192,1.0,0.0,destroy_low_demand_stores,repair_greedy,1.0
1494,5923852893875.995,5923852893875.995,5110230337353.696,13257709739.967072,1.0,0.0,destroy_shaw_stores,repair_random,1.0
1495,5907084709825.297,5907084709825.297,5110230337353.696,13231194320.487137,1.0,0.0,destroy_random_route,repair_random,1.0
1496,5909052543886.297,5909052543886.297,5110230337353.696,13204731931.846163,1.0,0.0,destroy_worst_delivery,repair_greedy,1.0
1497,5909052543858.196,5909052543858.196,5110230337353.696,13178322467.98247,1.0,0.0,destroy_random_delivery,repair_regret2,1.0
1498,5915373198690.996,5915373198690.996,5110230337353.696,13151965823.046505,1.0,0.0,destroy_worst_delivery,repair_regret2,1.0
1499,5914330139034.996,5914330139034.996,5110230337353.696,13125661891.400412,1.0,0.0,destroy_random_delivery,repair_greedy,1.0
1500,5898882000750.496,5898882000750.496,5110230337353.696,13099410567.61761,1.0,0.0,destroy_random_route,repair_regret2,1.0
1501,5898882000750.496,5909343712785.996,5110230337353.696,13073211746.482376,0.0,0.0,destroy_random_route,repair_regret2,1.0
1502,5898882000750.496,5898882000750.496,5110230337353.696,13047065322.98941,1.0,0.0,destroy_shaw_stores,repair_greedy,1.0
1503,5898882000750.496,5898882000750.496,5110230337353.696,13020971192.343431,1.0,0.0,destroy_shaw_stores,repair_greedy,1.0
1504,5903974237826.994,5903974237826.994,5110230337353.696,12994929249.958744,1.0,0.0,destroy_random_route,repair_random,1.0
1505,5903974237798.895,5903974237798.895,5110230337353.696,12968939391.458826,1.0,0.0,destroy_low_demand_stores,repair_regret2,1.0
1506,5903974237798.895,5903974237798.895,5110230337353.696,12943001512.675909,1.0,0.0,destroy_random_delivery,repair_greedy,1.0
1507,5903974237798.895,5912643833147.3955,5110230337353.696,12917115509.650557,0.0,0.0,destroy_worst_delivery,repair_greedy,1.0
1508,5903974237798.895,5903974237798.895,5110230337353.696,12891281278.631256,1.0,0.0,destroy_low_demand_stores,repair_regret2,1.0
1509,5903974237889.995,5903974237889.995,5110230337353.696,12865498716.073994,1.0,0.0,destroy_random_route,repair_random,1.0
1510,5903974237889.995,5911359043873.694,5110230337353.696,12839767718.641846,0.0,0.0,destroy_worst_delivery,repair_regret2,1.0
1511,5903974237624.996,5903974237624.996,5110230337353.696,12814088183.204561,1.0,0.0,destroy_random_route,repair_regret2,1.0
1512,5911939846917.295,5911939846917.295,5110230337353.696,12788460006.838152,1.0,0.0,destroy_random_route,repair_greedy,1.0
1513,5911939846917.295,5913482706009.295,5110230337353.696,12762883086.824476,0.0,0.0,destroy_random_delivery,repair_regret2,1.0
1514,5910330983166.295,5910330983166.295,5110230337353.696,12737357320.650827,1.0,0.0,destroy_random_delivery,repair_regret2,1.0
1515,5910330983166.295,5931385496934.795,5110230337353.696,12711882606.009525,0.0,0.0,destroy_random_route,repair_regret2,1.0
1516,5910330983233.595,5910330983233.595,5110230337353.696,12686458840.797506,1.0,0.0,destroy_low_demand_stores,repair_random,1.0
1517,5908390469120.195,5908390469120.195,5110230337353.696,12661085923.115911,1.0,0.0,destroy_worst_delivery,repair_greedy,1.0
1518,5908390469120.195,5920299444428.594,5110230337353.696,12635763751.26968,0.0,0.0,destroy_random_route,repair_regret2,1.0
1519,5908390469120.195,5908390469120.195,5110230337353.696,12610492223.767141,1.0,0.0,destroy_random_delivery,repair_greedy,1.0
1520,5906847609960.8955,5906847609960.8955,5110230337353.696,12585271239.319607,1.0,0.0,destroy_random_delivery,repair_greedy,1.0
1521,5914007259708.892,5914007259708.892,5110230337353.696,12560100696.840967,1.0,0.0,destroy_random_route,repair_random,1.0
1522,5914007259708.892,5914007259708.892,5110230337353.696,12534980495.447285,1.0,0.0,destroy_low_demand_stores,repair_greedy,1.0
1523,5914007259708.892,5914007259708.892,5110230337353.696,12509910534.45639,1.0,0.0,destroy_low_demand_stores,repair_random,1.0
1524,5914007259708.892,5915975093731.293,5110230337353.696,12484890713.387478,0.0,0.0,destroy_worst_delivery,repair_greedy,1.0
1525,5914007259698.794,5914007259698.794,5110230337353.696,12459920931.960703,1.0,0.0,destroy_random_route,repair_random,1.0
1526,5914007259678.194,5914007259678.194,5110230337353.696,12435001090.09678,1.0,0.0,destroy_random_delivery,repair_greedy,1.0
1527,5909395390049.394,5909395390049.394,5110230337353.696,12410131087.916588,1.0,0.0,destroy_random_delivery,repair_random,1.0
1528,5909395390037.993,5909395390037.993,5110230337353.696,12385310825.740755,1.0,0.0,destroy_random_delivery,repair_greedy,1.0
1529,5915975093799.994,5915975093799.994,5110230337353.696,12360540204.089273,1.0,0.0,destroy_worst_delivery,repair_regret2,1.0
1530,5909052544105.394,5909052544105.394,5110230337353.696,12335819123.681095,1.0,0.0,destroy_random_period,repair_random,1.0
1531,5909052544089.693,5909052544089.693,5110230337353.696,12311147485.433733,1.0,0.0,destroy_random_delivery,repair_regret2,1.0
1532,5897143568545.895,5897143568545.895,5110230337353.696,12286525190.462866,1.0,0.0,destroy_random_delivery,repair_greedy,1.0
1533,5907667524638.494,5907667524638.494,5110230337353.696,12261952140.08194,1.0,0.0,destroy_shaw_stores,repair_greedy,1.0
1534,5912626963273.894,5912626963273.894,5110230337353.696,12237428235.801775,1.0,0.0,destroy_worst_delivery,repair_random,1.0
1535,5912626963273.894,5912626963273.894,5110230337353.696,12212953379.330172,1.0,0.0,destroy_random_delivery,repair_greedy,1.0
1536,5912626963273.894,5924525456325.994,5110230337353.696,12188527472.57151,0.0,0.0,destroy_random_delivery,repair_regret2,1.0
1537,5912626963357.894,5912626963357.894,5110230337353.696,12164150417.626368,1.0,0.0,destroy_shaw_stores,repair_random,1.0
1538,5912626963357.894,5912626963357.894,5110230337353.696,12139822116.791115,1.0,0.0,destroy_low_demand_stores,repair_greedy,1.0
1539,5912626963290.594,5912626963290.594,5110230337353.696,12115542472.557533,1.0,0.0,destroy_low_demand_stores,repair_regret2,1.0
1540,5912626963360.294,5912626963360.294,5110230337353.696,12091311387.61242,1.0,0.0,destroy_random_period,repair_random,1.0
1541,5912626963342.594,5912626963342.594,5110230337353.696,12067128764.837194,1.0,0.0,destroy_low_demand_stores,repair_regret2,1.0
1542,5912626963268.194,5912626963268.194,5110230337353.696,12042994507.30752,1.0,0.0,destroy_shaw_stores,repair_greedy,1.0
1543,5919576499638.395,5919576499638.395,5110230337353.696,12018908518.292904,1.0,0.0,destroy_random_route,repair_regret2,1.0
1544,5919576499638.395,5919576499638.395,5110230337353.696,11994870701.256317,1.0,0.0,destroy_low_demand_stores,repair_greedy,1.0
1545,5919576499638.395,5919576499638.395,5110230337353.696,11970880959.853804,1.0,0.0,destroy_random_delivery,repair_greedy,1.0
1546,5919576499638.395,5919576499638.395,5110230337353.696,11946939197.934095,1.0,0.0,destroy_low_demand_stores,repair_greedy,1.0
1547,5919576499633.894,5919576499633.894,5110230337353.696,11923045319.538227,1.0,0.0,destroy_random_route,repair_regret2,1.0
1548,5919576499633.894,5919576499633.894,5110230337353.696,11899199228.89915,1.0,0.0,destroy_shaw_stores,repair_regret2,1.0
1549,5919576499644.894,5919576499644.894,5110230337353.696,11875400830.441353,1.0,0.0,destroy_shaw_stores,repair_random,1.0
1550,5919576499714.594,5919576499714.594,5110230337353.696,11851650028.78047,1.0,0.0,destroy_random_delivery,repair_random,1.0
1551,5919043469499.894,5919043469499.894,5110230337353.696,11827946728.722908,1.0,0.0,destroy_random_delivery,repair_regret2,1.0
1552,5919043469499.894,5919043469499.894,5110230337353.696,11804290835.265463,1.0,0.0,destroy_low_demand_stores,repair_greedy,1.0
1553,5919043469499.894,5919043469499.894,5110230337353.696,11780682253.594933,1.0,0.0,destroy_shaw_stores,repair_regret2,1.0
1554,5907667524238.394,5907667524238.394,5110230337353.696,11757120889.087742,1.0,0.0,destroy_random_delivery,repair_regret2,1.0
1555,5907667524238.394,5907667524238.394,5110230337353.696,11733606647.309566,1.0,0.0,destroy_random_delivery,repair_regret2,1.0
1556,5907667524238.394,5907667524238.394,5110230337353.696,11710139434.014948,1.0,0.0,destroy_shaw_stores,repair_greedy,1.0
1557,5907667524537.692,5907667524537.692,5110230337353.696,11686719155.146917,1.0,0.0,destroy_low_demand_stores,repair_random,1.0
1558,5907667524458.191,5907667524458.191,5110230337353.696,11663345716.836624,1.0,0.0,destroy_random_route,repair_random,1.0
1559,5907667524458.191,5907667524458.191,5110230337353.696,11640019025.40295,1.0,0.0,destroy_low_demand_stores,repair_random,1.0
1560,5905244916937.191,5905244916937.191,5110230337353.696,11616738987.352144,1.0,0.0,destroy_random_delivery,repair_regret2,1.0
1561,5917602906397.191,5917602906397.191,5110230337353.696,11593505509.37744,1.0,0.0,destroy_worst_delivery,repair_regret2,1.0
1562,5917602906397.191,5950376829248.993,5110230337353.696,11570318498.358685,0.0,0.0,destroy_random_route,repair_greedy,1.0
1563,5897143568359.492,5897143568359.492,5110230337353.696,11547177861.361967,1.0,0.0,destroy_random_delivery,repair_regret2,1.0
1564,5897143568501.691,5897143568501.691,5110230337353.696,11524083505.639244,1.0,0.0,destroy_random_delivery,repair_random,1.0
1565,5897143568501.691,5921848811297.292,5110230337353.696,11501035338.627966,0.0,0.0,destroy_random_route,repair_regret2,1.0
1566,5897143568779.092,5897143568779.092,5110230337353.696,11478033267.95071,1.0,0.0,destroy_random_route,repair_random,1.0
1567,5897143568779.092,5910530211486.792,5110230337353.696,11455077201.414808,0.0,0.0,destroy_random_route,repair_regret2,1.0
1568,5897143568779.092,5902103007387.092,5110230337353.696,11432167047.011978,0.0,0.0,destroy_worst_delivery,repair_random,1.0
1569,5902103007096.693,5902103007096.693,5110230337353.696,11409302712.917953,1.0,0.0,destroy_random_route,repair_greedy,1.0
1570,5902103006946.193,5902103006946.193,5110230337353.696,11386484107.492117,1.0,0.0,destroy_low_demand_stores,repair_regret2,1.0
1571,5902103006964.894,5902103006964.894,5110230337353.696,11363711139.277132,1.0,0.0,destroy_shaw_stores,repair_random,1.0
1572,5902103006964.894,5902103006964.894,5110230337353.696,11340983716.998577,1.0,0.0,destroy_random_period,repair_greedy,1.0
1573,5910997173014.894,5910997173014.894,5110230337353.696,11318301749.564579,1.0,0.0,destroy_random_delivery,repair_regret2,1.0
1574,5910997172940.693,5910997172940.693,5110230337353.696,11295665146.06545,1.0,0.0,destroy_random_period,repair_regret2,1.0
1575,5910997173010.394,5910997173010.394,5110230337353.696,11273073815.77332,1.0,0.0,destroy_worst_delivery,repair_random,1.0
1576,5910997173134.493,5910997173134.493,5110230337353.696,11250527668.141773,1.0,0.0,destroy_random_delivery,repair_random,1.0
1577,5904066118127.194,5904066118127.194,5110230337353.696,11228026612.80549,1.0,0.0,destroy_worst_delivery,repair_regret2,1.0
1578,5904066118061.993,5904066118061.993,5110230337353.696,11205570559.57988,1.0,0.0,destroy_random_route,repair_greedy,1.0
1579,5904066118061.993,5904066118061.993,5110230337353.696,11183159418.46072,1.0,0.0,destroy_random_period,repair_regret2,1.0
1580,5897143568603.893,5897143568603.893,5110230337353.696,11160793099.623798,1.0,0.0,destroy_worst_delivery,repair_random,1.0
1581,5897143568603.893,5897143568603.893,5110230337353.696,11138471513.424551,1.0,0.0,destroy_random_delivery,repair_random,1.0
1582,5897143568603.893,5897143568603.893,5110230337353.696,11116194570.397701,1.0,0.0,destroy_random_period,repair_regret2,1.0
1583,5897143568619.793,5897143568619.793,5110230337353.696,11093962181.256907,1.0,0.0,destroy_random_period,repair_random,1.0
1584,5897143568540.294,5897143568540.294,5110230337353.696,11071774256.894392,1.0,0.0,destroy_worst_delivery,repair_random,1.0
1585,5897143568540.294,5897143568540.294,5110230337353.696,11049630708.380604,1.0,0.0,destroy_shaw_stores,repair_regret2,1.0
1586,5897143568664.193,5897143568664.193,5110230337353.696,11027531446.963842,1.0,0.0,destroy_random_delivery,repair_random,1.0
1587,5897143568659.693,5897143568659.693,5110230337353.696,11005476384.069914,1.0,0.0,destroy_shaw_stores,repair_regret2,1.0
1588,5898490853964.493,5898490853964.493,5110230337353.696,10983465431.301773,1.0,0.0,destroy_shaw_stores,repair_regret2,1.0
1589,5897143568846.893,5897143568846.893,5110230337353.696,10961498500.439169,1.0,0.0,destroy_random_delivery,repair_random,1.0
1590,5897143568758.491,5897143568758.491,5110230337353.696,10939575503.43829,1.0,0.0,destroy_worst_delivery,repair_regret2,1.0
1591,5897143568775.893,5897143568775.893,5110230337353.696,10917696352.431414,1.0,0.0,destroy_random_delivery,repair_random,1.0
1592,5897143568775.893,5897143568775.893,5110230337353.696,10895860959.726551,1.0,0.0,destroy_random_delivery,repair_regret2,1.0
1593,5897143568797.692,5897143568797.692,5110230337353.696,10874069237.807098,1.0,0.0,destroy_random_period,repair_random,1.0
1594,5897143568797.692,5897143568797.692,5110230337353.696,10852321099.331484,1.0,0.0,destroy_random_period,repair_regret2,1.0
1595,5897143568793.592,5897143568793.592,5110230337353.696,10830616457.13282,1.0,0.0,destroy_shaw_stores,repair_random,1.0
1596,5897143568762.792,5897143568762.792,5110230337353.696,10808955224.218554,1.0,0.0,destroy_worst_delivery,repair_greedy,1.0
1597,5908403070202.791,5908403070202.791,5110230337353.696,10787337313.770117,1.0,0.0,destroy_random_period,repair_greedy,1.0
1598,5908403070198.292,5908403070198.292,5110230337353.696,10765762639.142576,1.0,0.0,destroy_shaw_stores,repair_greedy,1.0
1599,5908403070216.592,5908403070216.592,5110230337353.696,10744231113.86429,1.0,0.0,destroy_shaw_stores,repair_random,1.0
1600,5909750355024.692,5909750355024.692,5110230337353.696,10722742651.636562,1.0,0.0,destroy_random_route,repair_regret2,1.0
1601,5909750355024.692,5909750355024.692,5110230337353.696,10701297166.33329,1.0,0.0,destroy_random_period,repair_regret2,1.0
1602,5897143568436.192,5897143568436.192,5110230337353.696,10679894572.000624,1.0,0.0,destroy_worst_delivery,repair_random,1.0
1603,5897143568492.294,5897143568492.294,5110230337353.696,10658534782.856623,1.0,0.0,destroy_random_route,repair_random,1.0
1604,5897143568492.294,5897143568492.294,5110230337353.696,10637217713.290909,1.0,0.0,destroy_random_delivery,repair_regret2,1.0
1605,5897143568492.294,5897143568492.294,5110230337353.696,10615943277.864326,1.0,0.0,destroy_low_demand_stores,repair_regret2,1.0
1606,5897143568492.294,5931456510949.994,5110230337353.696,10594711391.308598,0.0,0.0,destroy_worst_delivery,repair_greedy,1.0
1607,5897143568496.794,5897143568496.794,5110230337353.696,10573521968.52598,1.0,0.0,destroy_shaw_stores,repair_greedy,1.0
1608,5897143568480.193,5897143568480.193,5110230337353.696,10552374924.588928,1.0,0.0,destroy_low_demand_stores,repair_random,1.0
1609,5897143568480.193,5897143568480.193,5110230337353.696,10531270174.73975,1.0,0.0,destroy_random_delivery,repair_greedy,1.0
1610,5897143568484.693,5897143568484.693,5110230337353.696,10510207634.39027,1.0,0.0,destroy_shaw_stores,repair_greedy,1.0
1611,5897143568480.193,5897143568480.193,5110230337353.696,10489187219.12149,1.0,0.0,destroy_random_period,repair_regret2,1.0
1612,5897143568487.094,5897143568487.094,5110230337353.696,10468208844.683247,1.0,0.0,destroy_random_period,repair_random,1.0
1613,5897143568412.692,5897143568412.692,5110230337353.696,10447272426.99388,1.0,0.0,destroy_random_delivery,repair_regret2,1.0
1614,5897143568496.092,5897143568496.092,5110230337353.696,10426377882.13989,1.0,0.0,destroy_random_route,repair_random,1.0
1615,5897143568509.192,5897143568509.192,5110230337353.696,10405525126.37561,1.0,0.0,destroy_random_period,repair_random,1.0
1616,5897143568651.392,5897143568651.392,5110230337353.696,10384714076.12286,1.0,0.0,destroy_worst_delivery,repair_random,1.0
1617,5897143568651.392,5910449016774.294,5110230337353.696,10363944647.970613,0.0,0.0,destroy_random_route,repair_regret2,1.0
1618,5897143568721.491,5897143568721.491,5110230337353.696,10343216758.674673,1.0,0.0,destroy_shaw_stores,repair_random,1.0
1619,5897143568641.792,5897143568641.792,5110230337353.696,10322530325.157324,1.0,0.0,destroy_low_demand_stores,repair_greedy,1.0
1620,5897143568655.692,5897143568655.692,5110230337353.696,10301885264.50701,1.0,0.0,destroy_random_period,repair_random,1.0
1621,5897143568655.692,5897143568655.692,5110230337353.696,10281281493.977995,1.0,0.0,destroy_low_demand_stores,repair_greedy,1.0
1622,5897143568655.692,5897143568655.692,5110230337353.696,10260718930.99004,1.0,0.0,destroy_shaw_stores,repair_regret2,1.0
1623,5904066117955.293,5904066117955.293,5110230337353.696,10240197493.12806,1.0,0.0,destroy_random_route,repair_regret2,1.0
1624,5904066117955.293,5904066117955.293,5110230337353.696,10219717098.141804,1.0,0.0,destroy_random_delivery,repair_regret2,1.0
1625,5904066117980.793,5904066117980.793,5110230337353.696,10199277663.94552,1.0,0.0,destroy_shaw_stores,repair_random,1.0
1626,5904066117980.793,5904066117980.793,5110230337353.696,10178879108.61763,1.0,0.0,destroy_low_demand_stores,repair_greedy,1.0
1627,5904066117980.793,5904066117980.793,5110230337353.696,10158521350.400394,1.0,0.0,destroy_shaw_stores,repair_greedy,1.0
1628,5904066118072.692,5904066118072.692,5110230337353.696,10138204307.699594,1.0,0.0,destroy_random_period,repair_random,1.0
1629,5902103007092.892,5902103007092.892,5110230337353.696,10117927899.084196,1.0,0.0,destroy_worst_delivery,repair_random,1.0
1630,5902103007092.892,5902103007092.892,5110230337353.696,10097692043.286028,1.0,0.0,destroy_low_demand_stores,repair_regret2,1.0
1631,5897143568471.692,5897143568471.692,5110230337353.696,10077496659.199455,1.0,0.0,destroy_worst_delivery,repair_random,1.0
1632,5897143568657.994,5897143568657.994,5110230337353.696,10057341665.881056,1.0,0.0,destroy_random_route,repair_random,1.0
1633,5897143568657.994,5897143568657.994,5110230337353.696,10037226982.549294,1.0,0.0,destroy_shaw_stores,repair_greedy,1.0
1634,5897143568657.593,5897143568657.593,5110230337353.696,10017152528.584194,1.0,0.0,destroy_low_demand_stores,repair_greedy,1.0
1635,5897143568657.593,5897143568657.593,5110230337353.696,9997118223.527025,1.0,0.0,destroy_random_period,repair_regret2,1.0
1636,5897143568725.293,5897143568725.293,5110230337353.696,9977123987.079971,1.0,0.0,destroy_low_demand_stores,repair_random,1.0
1637,5897143568799.693,5897143568799.693,5110230337353.696,9957169739.105812,1.0,0.0,destroy_shaw_stores,repair_random,1.0
1638,5897143568798.093,5897143568798.093,5110230337353.696,9937255399.6276,1.0,0.0,destroy_random_delivery,repair_random,1.0
1639,5900682731178.893,5900682731178.893,5110230337353.696,9917380888.828344,1.0,0.0,destroy_random_route,repair_regret2,1.0
1640,5900682731162.993,5900682731162.993,5110230337353.696,9897546127.050688,1.0,0.0,destroy_low_demand_stores,repair_greedy,1.0
1641,5900682731148.693,5900682731148.693,5110230337353.696,9877751034.796587,1.0,0.0,destroy_shaw_stores,repair_random,1.0
1642,5900682731148.292,5900682731148.292,5110230337353.696,9857995532.726994,1.0,0.0,destroy_low_demand_stores,repair_regret2,1.0
1643,5900682730669.295,5900682730669.295,5110230337353.696,9838279541.66154,1.0,0.0,destroy_random_route,repair_regret2,1.0
1644,5900682730669.295,5950410416830.995,5110230337353.696,9818602982.578217,0.0,0.0,destroy_worst_delivery,repair_greedy,1.0
1645,5900682730680.795,5900682730680.795,5110230337353.696,9798965776.61306,1.0,0.0,destroy_shaw_stores,repair_random,1.0
1646,5900682730680.795,5900682730680.795,5110230337353.696,9779367845.059834,1.0,0.0,destroy_shaw_stores,repair_regret2,1.0
1647,5900682730926.894,5900682730926.894,5110230337353.696,9759809109.369715,1.0,0.0,destroy_low_demand_stores,repair_random,1.0
1648,5902421163398.395,5902421163398.395,5110230337353.696,9740289491.150976,1.0,0.0,destroy_random_route,repair_greedy,1.0
1649,5902421163398.395,5902421163398.395,5110230337353.696,9720808912.168674,1.0,0.0,destroy_shaw_stores,repair_greedy,1.0
1650,5902421163398.395,5902421163398.395,5110230337353.696,9701367294.344337,1.0,0.0,destroy_random_delivery,repair_random,1.0
1651,5902421163307.395,5902421163307.395,5110230337353.696,9681964559.75565,1.0,0.0,destroy_random_period,repair_regret2,1.0
1652,5902421163307.395,5902421163307.395,5110230337353.696,9662600630.636139,1.0,0.0,destroy_shaw_stores,repair_greedy,1.0
1653,5902421163307.395,5921152458252.898,5110230337353.696,9643275429.374866,0.0,0.0,destroy_random_route,repair_greedy,1.0
1654,5902421163307.395,5926807181614.295,5110230337353.696,9623988878.516117,0.0,0.0,destroy_worst_delivery,repair_regret2,1.0
1655,5900175156280.395,5900175156280.395,5110230337353.696,9604740900.759085,1.0,0.0,destroy_random_delivery,repair_regret2,1.0
1656,5900175156280.395,5950569048330.295,5110230337353.696,9585531418.957567,0.0,0.0,destroy_worst_delivery,repair_greedy,1.0
1657,5900175156197.194,5900175156197.194,5110230337353.696,9566360356.119652,1.0,0.0,destroy_low_demand_stores,repair_regret2,1.0
1658,5900175156197.194,5900175156197.194,5110230337353.696,9547227635.407412,1.0,0.0,destroy_shaw_stores,repair_random,1.0
1659,5900175156197.194,5924561174504.096,5110230337353.696,9528133180.136597,0.0,0.0,destroy_worst_delivery,repair_regret2,1.0
1660,5900175156197.194,5920634494725.197,5110230337353.696,9509076913.776323,0.0,0.0,destroy_random_route,repair_random,1.0
1661,5898436723774.8955,5898436723774.8955,5110230337353.696,9490058759.94877,1.0,0.0,destroy_random_route,repair_random,1.0
1662,5898436723855.995,5898436723855.995,5110230337353.696,9471078642.428873,1.0,0.0,destroy_random_period,repair_random,1.0
1663,5898436723855.995,5915305137916.8955,5110230337353.696,9452136485.144014,0.0,0.0,destroy_random_delivery,repair_regret2,1.0
1664,5898436723840.095,5898436723840.095,5110230337353.696,9433232212.173727,1.0,0.0,destroy_low_demand_stores,repair_regret2,1.0
1665,5898436723840.095,5908296956497.295,5110230337353.696,9414365747.74938,0.0,0.0,destroy_random_delivery,repair_random,1.0
1666,5898436723840.095,5931783444893.996,5110230337353.696,9395537016.253881,0.0,0.0,destroy_worst_delivery,repair_greedy,1.0
1667,5903396162454.495,5903396162454.495,5110230337353.696,9376745942.221375,1.0,0.0,destroy_random_delivery,repair_regret2,1.0
1668,5903396162384.795,5903396162384.795,5110230337353.696,9357992450.336931,1.0,0.0,destroy_shaw_stores,repair_greedy,1.0
1669,5903396162454.495,5903396162454.495,5110230337353.696,9339276465.436256,1.0,0.0,destroy_random_period,repair_random,1.0
1670,5903396162454.495,5903396162454.495,5110230337353.696,9320597912.505384,1.0,0.0,destroy_random_period,repair_greedy,1.0
1671,5903396162398.596,5903396162398.596,5110230337353.696,9301956716.680374,1.0,0.0,destroy_random_period,repair_random,1.0
1672,5903396162398.596,5903396162398.596,5110230337353.696,9283352803.247013,1.0,0.0,destroy_low_demand_stores,repair_regret2,1.0
1673,5903396162398.596,5927792204937.796,5110230337353.696,9264786097.640518,0.0,0.0,destroy_worst_delivery,repair_regret2,1.0
1674,5903396162398.596,5927792204937.796,5110230337353.696,9246256525.445236,0.0,0.0,destroy_worst_delivery,repair_regret2,1.0
1675,5903396162483.595,5903396162483.595,5110230337353.696,9227764012.394346,1.0,0.0,destroy_low_demand_stores,repair_random,1.0
1676,5903396162483.595,5933542003188.495,5110230337353.696,9209308484.369558,0.0,0.0,destroy_worst_delivery,repair_random,1.0
1677,5903396162483.595,5925829093970.495,5110230337353.696,9190889867.40082,0.0,0.0,destroy_worst_delivery,repair_random,1.0
1678,5903396162397.995,5903396162397.995,5110230337353.696,9172508087.666018,1.0,0.0,destroy_random_period,repair_greedy,1.0
1679,5903396162312.395,5903396162312.395,5110230337353.696,9154163071.490686,1.0,0.0,destroy_shaw_stores,repair_regret2,1.0
1680,5903396162312.395,5903396162312.395,5110230337353.696,9135854745.347706,1.0,0.0,destroy_random_period,repair_greedy,1.0
1681,5903396162245.095,5903396162245.095,5110230337353.696,9117583035.85701,1.0,0.0,destroy_random_period,repair_regret2,1.0
1682,5902103007101.196,5902103007101.196,5110230337353.696,9099347869.785295,1.0,0.0,destroy_random_delivery,repair_random,1.0
1683,5902103007100.496,5902103007100.496,5110230337353.696,9081149174.045725,1.0,0.0,destroy_random_delivery,repair_greedy,1.0
1684,5902103007076.3955,5902103007076.3955,5110230337353.696,9062986875.697634,1.0,0.0,destroy_random_route,repair_random,1.0
1685,5902103007011.197,5902103007011.197,5110230337353.696,9044860901.946238,1.0,0.0,destroy_shaw_stores,repair_greedy,1.0
1686,5902103007090.897,5902103007090.897,5110230337353.696,9026771180.142345,1.0,0.0,destroy_shaw_stores,repair_random,1.0
1687,5902103007021.197,5902103007021.197,5110230337353.696,9008717637.78206,1.0,0.0,destroy_random_period,repair_regret2,1.0
1688,5902103007546.3955,5902103007546.3955,5110230337353.696,8990700202.506496,1.0,0.0,destroy_random_route,repair_random,1.0
1689,5902103007546.3955,5902103007546.3955,5110230337353.696,8972718802.101484,1.0,0.0,destroy_random_period,repair_greedy,1.0
1690,5902103007453.896,5902103007453.896,5110230337353.696,8954773364.497282,1.0,0.0,destroy_random_period,repair_greedy,1.0
1691,5902103007453.896,5902103007453.896,5110230337353.696,8936863817.768288,1.0,0.0,destroy_low_demand_stores,repair_random,1.0
1692,5902103007453.896,5902103007453.896,5110230337353.696,8918990090.132751,1.0,0.0,destroy_random_period,repair_regret2,1.0
1693,5902103007453.896,5911389122132.795,5110230337353.696,8901152109.952486,0.0,0.0,destroy_worst_delivery,repair_random,1.0
1694,5902103007453.896,5902103007453.896,5110230337353.696,8883349805.73258,1.0,0.0,destroy_random_delivery,repair_greedy,1.0
1695,5902103007453.896,5937503185219.296,5110230337353.696,8865583106.121115,0.0,0.0,destroy_worst_delivery,repair_greedy,1.0
1696,5902103007521.196,5902103007521.196,5110230337353.696,8847851939.908873,1.0,0.0,destroy_shaw_stores,repair_random,1.0
1697,5902103007521.196,5902103007521.196,5110230337353.696,8830156236.029055,1.0,0.0,destroy_shaw_stores,repair_random,1.0
1698,5902103007584.193,5902103007584.193,5110230337353.696,8812495923.556997,1.0,0.0,destroy_random_route,repair_random,1.0
1699,5903450292304.494,5903450292304.494,5110230337353.696,8794870931.709883,1.0,0.0,destroy_random_route,repair_regret2,1.0
1700,5903450292304.494,5925872741514.194,5110230337353.696,8777281189.846462,0.0,0.0,destroy_worst_delivery,repair_greedy,1.0
1701,5903450292388.694,5903450292388.694,5110230337353.696,8759726627.46677,1.0,0.0,destroy_random_period,repair_random,1.0
1702,5903841439759.694,5903841439759.694,5110230337353.696,8742207174.211836,1.0,0.0,destroy_random_delivery,repair_regret2,1.0
1703,5903841439902.895,5903841439902.895,5110230337353.696,8724722759.863413,1.0,0.0,destroy_random_route,repair_random,1.0
1704,5903841439762.395,5903841439762.395,5110230337353.696,8707273314.343685,1.0,0.0,destroy_random_route,repair_regret2,1.0
1705,5903841439762.395,5903841439762.395,5110230337353.696,8689858767.714998,1.0,0.0,destroy_shaw_stores,repair_greedy,1.0
1706,5903841439829.694,5903841439829.694,5110230337353.696,8672479050.179567,1.0,0.0,destroy_low_demand_stores,repair_random,1.0
1707,5903841439829.694,5903841439829.694,5110230337353.696,8655134092.079208,1.0,0.0,destroy_shaw_stores,repair_regret2,1.0
1708,5902103007153.694,5902103007153.694,5110230337353.696,8637823823.89505,1.0,0.0,destroy_shaw_stores,repair_random,1.0
1709,5897143568699.194,5897143568699.194,5110230337353.696,8620548176.24726,1.0,0.0,destroy_random_delivery,repair_random,1.0
1710,5908952314613.992,5908952314613.992,5110230337353.696,8603307079.894764,1.0,0.0,destroy_worst_delivery,repair_random,1.0
1711,5908952314625.492,5908952314625.492,5110230337353.696,8586100465.734975,1.0,0.0,destroy_shaw_stores,repair_random,1.0
1712,5908952314625.492,5908952314625.492,5110230337353.696,8568928264.803505,1.0,0.0,destroy_random_period,repair_greedy,1.0
1713,5910245469365.793,5910245469365.793,5110230337353.696,8551790408.273898,1.0,0.0,destroy_random_route,repair_greedy,1.0
1714,5927666906320.693,5927666906320.693,5110230337353.696,8534686827.457351,1.0,0.0,destroy_worst_delivery,repair_greedy,1.0
1715,5927666906320.693,5927666906320.693,5110230337353.696,8517617453.802436,1.0,0.0,destroy_shaw_stores,repair_greedy,1.0
1716,5927666906024.495,5927666906024.495,5110230337353.696,8500582218.894831,1.0,0.0,destroy_random_route,repair_greedy,1.0
1717,5927666906040.3955,5927666906040.3955,5110230337353.696,8483581054.457041,1.0,0.0,destroy_low_demand_stores,repair_random,1.0
1718,5927666906040.3955,5927666906040.3955,5110230337353.696,8466613892.348126,1.0,0.0,destroy_random_delivery,repair_regret2,1.0
1719,5927666906024.495,5927666906024.495,5110230337353.696,8449680664.56343,1.0,0.0,destroy_low_demand_stores,repair_regret2,1.0
1720,5927666906024.495,5927666906024.495,5110230337353.696,8432781303.2343025,1.0,0.0,destroy_shaw_stores,repair_greedy,1.0
1721,5927666906172.596,5927666906172.596,5110230337353.696,8415915740.627834,1.0,0.0,destroy_random_delivery,repair_random,1.0
1722,5929630017172.499,5929630017172.499,5110230337353.696,8399083909.146579,1.0,0.0,destroy_random_route,repair_greedy,1.0
1723,5929630017172.499,5941538992584.198,5110230337353.696,8382285741.328285,0.0,0.0,destroy_random_period,repair_greedy,1.0
1724,5929630017176.998,5929630017176.998,5110230337353.696,8365521169.845629,1.0,0.0,destroy_random_period,repair_greedy,1.0
1725,5929630017260.898,5929630017260.898,5110230337353.696,8348790127.505938,1.0,0.0,destroy_random_delivery,repair_random,1.0
1726,5919016313516.898,5919016313516.898,5110230337353.696,8332092547.250926,1.0,0.0,destroy_worst_delivery,repair_greedy,1.0
1727,5919016313449.599,5919016313449.599,5110230337353.696,8315428362.1564245,1.0,0.0,destroy_low_demand_stores,repair_greedy,1.0
1728,5916884695602.898,5916884695602.898,5110230337353.696,8298797505.432112,1.0,0.0,destroy_random_route,repair_greedy,1.0
1729,5916884695602.898,5916884695602.898,5110230337353.696,8282199910.4212475,1.0,0.0,destroy_random_delivery,repair_random,1.0
1730,5916884695750.997,5916884695750.997,5110230337353.696,8265635510.600405,1.0,0.0,destroy_low_demand_stores,repair_random,1.0
1731,5914821097862.797,5914821097862.797,5110230337353.696,8249104239.579204,1.0,0.0,destroy_worst_delivery,repair_random,1.0
1732,5913082665713.296,5913082665713.296,5110230337353.696,8232606031.100045,1.0,0.0,destroy_random_route,repair_random,1.0
1733,5913082665713.296,5913082665713.296,5110230337353.696,8216140819.037845,1.0,0.0,destroy_low_demand_stores,repair_regret2,1.0
1734,5913082665550.297,5913082665550.297,5110230337353.696,8199708537.399769,1.0,0.0,destroy_worst_delivery,repair_regret2,1.0
1735,5913082665550.297,5934995673836.496,5110230337353.696,8183309120.324969,0.0,0.0,destroy_worst_delivery,repair_greedy,1.0
1736,5913082665550.297,5913082665550.297,5110230337353.696,8166942502.084319,1.0,0.0,destroy_low_demand_stores,repair_regret2,1.0
1737,5897143568782.497,5897143568782.497,5110230337353.696,8150608617.080151,1.0,0.0,destroy_random_period,repair_random,1.0
1738,5897143568567.099,5897143568567.099,5110230337353.696,8134307399.84599,1.0,0.0,destroy_low_demand_stores,repair_greedy,1.0
1739,5897143568567.099,5918423227027.998,5110230337353.696,8118038785.046298,0.0,0.0,destroy_random_route,repair_greedy,1.0
1740,5897143568476.099,5897143568476.099,5110230337353.696,8101802707.476206,1.0,0.0,destroy_shaw_stores,repair_regret2,1.0
1741,5908952314386.498,5908952314386.498,5110230337353.696,8085599102.061254,1.0,0.0,destroy_random_route,repair_random,1.0
1742,5908952314300.498,5908952314300.498,5110230337353.696,8069427903.857131,1.0,0.0,destroy_shaw_stores,repair_greedy,1.0
1743,5908952314217.095,5908952314217.095,5110230337353.696,8053289048.049417,1.0,0.0,destroy_random_route,repair_regret2,1.0
1744,5907667524819.996,5907667524819.996,5110230337353.696,8037182469.953318,1.0,0.0,destroy_random_delivery,repair_regret2,1.0
1745,5908952314136.996,5908952314136.996,5110230337353.696,8021108105.013411,1.0,0.0,destroy_worst_delivery,repair_random,1.0
1746,5910429981446.8955,5910429981446.8955,5110230337353.696,8005065888.803384,1.0,0.0,destroy_random_route,repair_regret2,1.0
1747,5910429981498.295,5910429981498.295,5110230337353.696,7989055757.025777,1.0,0.0,destroy_random_delivery,repair_random,1.0
1748,5910429981498.295,5910429981498.295,5110230337353.696,7973077645.511725,1.0,0.0,destroy_low_demand_stores,repair_greedy,1.0
1749,5913969143766.794,5913969143766.794,5110230337353.696,7957131490.220702,1.0,0.0,destroy_random_route,repair_regret2,1.0
1750,5917096436930.494,5917096436930.494,5110230337353.696,7941217227.240261,1.0,0.0,destroy_worst_delivery,repair_greedy,1.0
1751,5917096437227.993,5917096437227.993,5110230337353.696,7925334792.785781,1.0,0.0,destroy_low_demand_stores,repair_random,1.0
1752,5915531038209.493,5915531038209.493,5110230337353.696,7909484123.20021,1.0,0.0,destroy_random_route,repair_greedy,1.0
1753,5911206687115.093,5911206687115.093,5110230337353.696,7893665154.953809,1.0,0.0,destroy_random_route,repair_random,1.0
1754,5911206687115.093,5911206687115.093,5110230337353.696,7877877824.643901,1.0,0.0,destroy_low_demand_stores,repair_greedy,1.0
1755,5907667524494.395,5907667524494.395,5110230337353.696,7862122068.994613,1.0,0.0,destroy_random_route,repair_random,1.0
1756,5897143568408.895,5897143568408.895,5110230337353.696,7846397824.856624,1.0,0.0,destroy_random_period,repair_random,1.0
1757,5897143568500.794,5897143568500.794,5110230337353.696,7830705029.20691,1.0,0.0,destroy_random_period,repair_random,1.0
1758,5897143568522.994,5897143568522.994,5110230337353.696,7815043619.148497,1.0,0.0,destroy_shaw_stores,repair_random,1.0
1759,5897143568480.494,5897143568480.494,5110230337353.696,7799413531.910199,1.0,0.0,destroy_worst_delivery,repair_regret2,1.0
1760,5897143568480.494,5951896013423.297,5110230337353.696,7783814704.846378,0.0,0.0,destroy_random_route,repair_greedy,1.0
1761,5897143568480.494,5923606621053.496,5110230337353.696,7768247075.436686,0.0,0.0,destroy_random_route,repair_greedy,1.0
1762,5897143568480.494,5910997173036.595,5110230337353.696,7752710581.285812,0.0,0.0,destroy_worst_delivery,repair_greedy,1.0
1763,5897143568552.294,5897143568552.294,5110230337353.696,7737205160.12324,1.0,0.0,destroy_shaw_stores,repair_random,1.0
1764,5897143568552.294,5897143568552.294,5110230337353.696,7721730749.802994,1.0,0.0,destroy_low_demand_stores,repair_greedy,1.0
1765,5897143568655.193,5897143568655.193,5110230337353.696,7706287288.303388,1.0,0.0,destroy_worst_delivery,repair_random,1.0
1766,5897143568638.394,5897143568638.394,5110230337353.696,7690874713.726781,1.0,0.0,destroy_random_period,repair_random,1.0
1767,5897143568638.394,5897143568638.394,5110230337353.696,7675492964.299327,1.0,0.0,destroy_low_demand_stores,repair_regret2,1.0
1768,5897143568272.094,5897143568272.094,5110230337353.696,7660141978.3707285,1.0,0.0,destroy_random_route,repair_greedy,1.0
1769,5897143568276.594,5897143568276.594,5110230337353.696,7644821694.413987,1.0,0.0,destroy_shaw_stores,repair_greedy,1.0
1770,5897143568276.594,5897143568276.594,5110230337353.696,7629532051.025159,1.0,0.0,destroy_random_period,repair_greedy,1.0
1771,5897143568601.996,5897143568601.996,5110230337353.696,7614272986.923108,1.0,0.0,destroy_random_route,repair_random,1.0
1772,5897143568601.996,5897143568601.996,5110230337353.696,7599044440.949262,1.0,0.0,destroy_low_demand_stores,repair_greedy,1.0
1773,5897143568601.996,5897143568601.996,5110230337353.696,7583846352.067363,1.0,0.0,destroy_low_demand_stores,repair_greedy,1.0
1774,5897143568601.996,5897143568601.996,5110230337353.696,7568678659.363228,1.0,0.0,destroy_shaw_stores,repair_regret2,1.0
1775,5897143568579.195,5897143568579.195,5110230337353.696,7553541302.044501,1.0,0.0,destroy_shaw_stores,repair_random,1.0
1776,5897143568579.195,5897143568579.195,5110230337353.696,7538434219.4404125,1.0,0.0,destroy_shaw_stores,repair_random,1.0
1777,5897143568318.696,5897143568318.696,5110230337353.696,7523357351.001532,1.0,0.0,destroy_random_route,repair_regret2,1.0
1778,5897143568251.3955,5897143568251.3955,5110230337353.696,7508310636.299528,1.0,0.0,destroy_random_period,repair_regret2,1.0
1779,5897143568251.3955,5900518672153.795,5110230337353.696,7493294015.026929,0.0,0.0,destroy_random_route,repair_random,1.0
1780,5899833103864.297,5899833103864.297,5110230337353.696,7478307426.996875,1.0,0.0,destroy_random_route,repair_greedy,1.0
1781,5899833103864.297,5899833103864.297,5110230337353.696,7463350812.142881,1.0,0.0,destroy_random_period,repair_greedy,1.0
1782,5899833103864.297,5899833103864.297,5110230337353.696,7448424110.518596,1.0,0.0,destroy_low_demand_stores,repair_regret2,1.0
1783,5899833103864.297,5904359536336.896,5110230337353.696,7433527262.297559,0.0,0.0,destroy_random_route,repair_regret2,1.0
1784,5899925060586.297,5899925060586.297,5110230337353.696,7418660207.772964,1.0,0.0,destroy_random_delivery,repair_regret2,1.0
1785,5899925060586.297,5899925060586.297,5110230337353.696,7403822887.357418,1.0,0.0,destroy_low_demand_stores,repair_regret2,1.0
1786,5899925060595.897,5899925060595.897,5110230337353.696,7389015241.582704,1.0,0.0,destroy_shaw_stores,repair_random,1.0
1787,5899925060595.897,5899925060595.897,5110230337353.696,7374237211.099538,1.0,0.0,destroy_shaw_stores,repair_random,1.0
1788,5899925060595.897,5899925060595.897,5110230337353.696,7359488736.677339,1.0,0.0,destroy_low_demand_stores,repair_regret2,1.0
1789,5899925060622.396,5899925060622.396,5110230337353.696,7344769759.203984,1.0,0.0,destroy_worst_delivery,repair_random,1.0
1790,5899925060690.796,5899925060690.796,5110230337353.696,7330080219.685576,1.0,0.0,destroy_low_demand_stores,repair_random,1.0
1791,5898882001034.796,5898882001034.796,5110230337353.696,7315420059.246205,1.0,0.0,destroy_random_delivery,repair_greedy,1.0
1792,5898882001034.796,5898882001034.796,5110230337353.696,7300789219.127713,1.0,0.0,destroy_random_delivery,repair_greedy,1.0
1793,5898882001034.796,5909014809441.096,5110230337353.696,7286187640.689458,0.0,0.0,destroy_random_route,repair_regret2,1.0
1794,5898882000990.796,5898882000990.796,5110230337353.696,7271615265.408079,1.0,0.0,destroy_shaw_stores,repair_regret2,1.0
1795,5903408433603.796,5903408433603.796,5110230337353.696,7257072034.877263,1.0,0.0,destroy_random_route,repair_regret2,1.0
1796,5903408433603.796,5903408433603.796,5110230337353.696,7242557890.807508,1.0,0.0,destroy_shaw_stores,repair_greedy,1.0
1797,5903408433535.396,5903408433535.396,5110230337353.696,7228072775.025893,1.0,0.0,destroy_low_demand_stores,repair_regret2,1.0
1798,5903408433739.496,5903408433739.496,5110230337353.696,7213616629.4758415,1.0,0.0,destroy_low_demand_stores,repair_random,1.0
1799,5903408433739.496,5903408433739.496,5110230337353.696,7199189396.216889,1.0,0.0,destroy_random_period,repair_regret2,1.0
1800,5903408433723.596,5903408433723.596,5110230337353.696,7184791017.424456,1.0,0.0,destroy_random_period,repair_random,1.0
1801,5903408433723.596,5907667524691.595,5110230337353.696,7170421435.389606,0.0,0.0,destroy_random_delivery,repair_random,1.0
1802,5903408433679.596,5903408433679.596,5110230337353.696,7156080592.518827,1.0,0.0,destroy_random_period,repair_random,1.0
1803,5903408433679.596,5903408433679.596,5110230337353.696,7141768431.33379,1.0,0.0,destroy_random_period,repair_greedy,1.0
1804,5903408433765.195,5903408433765.195,5110230337353.696,7127484894.471122,1.0,0.0,destroy_random_period,repair_random,1.0
1805,5903408433765.195,5903408433765.195,5110230337353.696,7113229924.682179,1.0,0.0,destroy_random_period,repair_regret2,1.0
1806,5903147668851.195,5903147668851.195,5110230337353.696,7099003464.832815,1.0,0.0,destroy_random_delivery,repair_regret2,1.0
1807,5903147668846.694,5903147668846.694,5110230337353.696,7084805457.90315,1.0,0.0,destroy_shaw_stores,repair_greedy,1.0
1808,5903147668762.694,5903147668762.694,5110230337353.696,7070635846.987343,1.0,0.0,destroy_random_period,repair_greedy,1.0
1809,5903147668843.394,5903147668843.394,5110230337353.696,7056494575.293368,1.0,0.0,destroy_random_delivery,repair_random,1.0
1810,5903147668639.294,5903147668639.294,5110230337353.696,7042381586.142781,1.0,0.0,destroy_low_demand_stores,repair_regret2,1.0
1811,5903147668639.294,5903147668639.294,5110230337353.696,7028296822.970495,1.0,0.0,destroy_random_period,repair_regret2,1.0
1812,5903147668790.095,5903147668790.095,5110230337353.696,7014240229.324554,1.0,0.0,destroy_random_delivery,repair_random,1.0
1813,5903147668790.095,5903147668790.095,5110230337353.696,7000211748.865906,1.0,0.0,destroy_random_delivery,repair_greedy,1.0
1814,5898621236036.994,5898621236036.994,5110230337353.696,6986211325.368174,1.0,0.0,destroy_worst_delivery,repair_random,1.0
1815,5898621236036.994,5898621236036.994,5110230337353.696,6972238902.717437,1.0,0.0,destroy_shaw_stores,repair_greedy,1.0
1816,5898621236009.095,5898621236009.095,5110230337353.696,6958294424.912002,1.0,0.0,destroy_worst_delivery,repair_regret2,1.0
1817,5898621236009.095,5898621236009.095,5110230337353.696,6944377836.062178,1.0,0.0,destroy_random_period,repair_regret2,1.0
1818,5898621236009.095,5898621236009.095,5110230337353.696,6930489080.390054,1.0,0.0,destroy_worst_delivery,repair_regret2,1.0
1819,5898621235990.794,5898621235990.794,5110230337353.696,6916628102.229274,1.0,0.0,destroy_worst_delivery,repair_regret2,1.0
1820,5898621236057.594,5898621236057.594,5110230337353.696,6902794846.024816,1.0,0.0,destroy_low_demand_stores,repair_random,1.0
1821,5899833104267.394,5899833104267.394,5110230337353.696,6888989256.332766,1.0,0.0,destroy_random_delivery,repair_random,1.0
1822,5909014809713.693,5909014809713.693,5110230337353.696,6875211277.8201,1.0,0.0,destroy_random_route,repair_regret2,1.0
1823,5909014809857.293,5909014809857.293,5110230337353.696,6861460855.26446,1.0,0.0,destroy_random_delivery,repair_random,1.0
1824,5909014809945.293,5909014809945.293,5110230337353.696,6847737933.55393,1.0,0.0,destroy_worst_delivery,repair_random,1.0
1825,5909014810031.294,5909014810031.294,5110230337353.696,6834042457.686822,1.0,0.0,destroy_random_period,repair_random,1.0
1826,5898490854003.693,5898490854003.693,5110230337353.696,6820374372.771448,1.0,0.0,destroy_worst_delivery,repair_random,1.0
1827,5898490853929.693,5898490853929.693,5110230337353.696,6806733624.025906,1.0,0.0,destroy_shaw_stores,repair_regret2,1.0
1828,5898490853929.693,5898490853929.693,5110230337353.696,6793120156.777854,1.0,0.0,destroy_random_period,repair_greedy,1.0
1829,5898490853928.594,5898490853928.594,5110230337353.696,6779533916.464298,1.0,0.0,destroy_low_demand_stores,repair_random,1.0
1830,5898490853858.895,5898490853858.895,5110230337353.696,6765974848.63137,1.0,0.0,destroy_shaw_stores,repair_regret2,1.0
1831,5898490853858.895,5905413403045.194,5110230337353.696,6752442898.934107,0.0,0.0,destroy_random_route,repair_regret2,1.0
1832,5898490853858.895,5898490853858.895,5110230337353.696,6738938013.136239,1.0,0.0,destroy_shaw_stores,repair_regret2,1.0
1833,5898490853858.895,5901467919977.895,5110230337353.696,6725460137.109966,0.0,0.0,destroy_random_delivery,repair_regret2,1.0
1834,5903017286460.795,5903017286460.795,5110230337353.696,6712009216.835747,1.0,0.0,destroy_random_route,repair_regret2,1.0
1835,5903017286460.795,5903017286460.795,5110230337353.696,6698585198.402075,1.0,0.0,destroy_random_period,repair_random,1.0
1836,5903017286460.795,5903017286460.795,5110230337353.696,6685188028.005271,1.0,0.0,destroy_shaw_stores,repair_greedy,1.0
1837,5903017286743.493,5903017286743.493,5110230337353.696,6671817651.949261,1.0,0.0,destroy_low_demand_stores,repair_random,1.0
1838,5903017286743.493,5915937359619.693,5110230337353.696,6658474016.645362,0.0,0.0,destroy_random_route,repair_regret2,1.0
1839,5903017286743.493,5903017286743.493,5110230337353.696,6645157068.612071,1.0,0.0,destroy_random_period,repair_greedy,1.0
1840,5903017286393.495,5903017286393.495,5110230337353.696,6631866754.474847,1.0,0.0,destroy_low_demand_stores,repair_greedy,1.0
1841,5903017286407.796,5903017286407.796,5110230337353.696,6618603020.965898,1.0,0.0,destroy_random_period,repair_random,1.0
1842,5909145192301.496,5909145192301.496,5110230337353.696,6605365814.923965,1.0,0.0,destroy_random_delivery,repair_random,1.0
1843,5909145192301.496,5909145192301.496,5110230337353.696,6592155083.294118,1.0,0.0,destroy_low_demand_stores,repair_regret2,1.0
1844,5910603824883.097,5910603824883.097,5110230337353.696,6578970773.12753,1.0,0.0,destroy_random_delivery,repair_greedy,1.0
1845,5910603824808.695,5910603824808.695,5110230337353.696,6565812831.581275,1.0,0.0,destroy_random_delivery,repair_regret2,1.0
1846,5914142986992.895,5914142986992.895,5110230337353.696,6552681205.918113,1.0,0.0,destroy_random_route,repair_greedy,1.0
1847,5914142986992.895,5914142986992.895,5110230337353.696,6539575843.506276,1.0,0.0,destroy_random_period,repair_greedy,1.0
1848,5915272968286.895,5915272968286.895,5110230337353.696,6526496691.819263,1.0,0.0,destroy_random_delivery,repair_greedy,1.0
1849,5915272968286.895,5915272968286.895,5110230337353.696,6513443698.435625,1.0,0.0,destroy_low_demand_stores,repair_regret2,1.0
1850,5915272968210.295,5915272968210.295,5110230337353.696,6500416811.0387535,1.0,0.0,destroy_random_route,repair_regret2,1.0
1851,5911733805680.593,5911733805680.593,5110230337353.696,6487415977.416676,1.0,0.0,destroy_random_route,repair_regret2,1.0
1852,5912327416870.994,5912327416870.994,5110230337353.696,6474441145.461843,1.0,0.0,destroy_worst_delivery,repair_greedy,1.0
1853,5912327417005.594,5912327417005.594,5110230337353.696,6461492263.170918,1.0,0.0,destroy_low_demand_stores,repair_random,1.0
1854,5905045104281.595,5905045104281.595,5110230337353.696,6448569278.644577,1.0,0.0,destroy_random_route,repair_regret2,1.0
1855,5900518671645.595,5900518671645.595,5110230337353.696,6435672140.087288,1.0,0.0,destroy_worst_delivery,repair_random,1.0
1856,5900518671612.395,5900518671612.395,5110230337353.696,6422800795.807114,1.0,0.0,destroy_worst_delivery,repair_regret2,1.0
1857,5900518671612.395,5900518671612.395,5110230337353.696,6409955194.2155,1.0,0.0,destroy_low_demand_stores,repair_regret2,1.0
1858,5900518671545.095,5900518671545.095,5110230337353.696,6397135283.827069,1.0,0.0,destroy_low_demand_stores,repair_greedy,1.0
1859,5900518671545.095,5900518671545.095,5110230337353.696,6384341013.259415,1.0,0.0,destroy_low_demand_stores,repair_greedy,1.0
1860,5897143568063.694,5897143568063.694,5110230337353.696,6371572331.232896,1.0,0.0,destroy_random_delivery,repair_random,1.0
1861,5897143568063.694,5897143568063.694,5110230337353.696,6358829186.57043,1.0,0.0,destroy_random_period,repair_greedy,1.0
1862,5897143568063.694,5897143568063.694,5110230337353.696,6346111528.1972885,1.0,0.0,destroy_low_demand_stores,repair_random,1.0
1863,5907667524128.494,5907667524128.494,5110230337353.696,6333419305.140894,1.0,0.0,destroy_worst_delivery,repair_regret2,1.0
1864,5907667524054.093,5907667524054.093,5110230337353.696,6320752466.530612,1.0,0.0,destroy_worst_delivery,repair_regret2,1.0
1865,5907667524065.493,5907667524065.493,5110230337353.696,6308110961.59755,1.0,0.0,destroy_shaw_stores,repair_regret2,1.0
1866,5907667524065.493,5917602905862.992,5110230337353.696,6295494739.6743555,0.0,0.0,destroy_random_route,repair_greedy,1.0
1867,5907667524065.493,5907667524065.493,5110230337353.696,6282903750.195006,1.0,0.0,destroy_worst_delivery,repair_regret2,1.0
1868,5907667524065.493,5917514390486.594,5110230337353.696,6270337942.694616,0.0,0.0,destroy_random_route,repair_greedy,1.0
1869,5907667524065.493,5907667524065.493,5110230337353.696,6257797266.809227,1.0,0.0,destroy_low_demand_stores,repair_regret2,1.0
1870,5902235804753.493,5902235804753.493,5110230337353.696,6245281672.275608,1.0,0.0,destroy_random_delivery,repair_greedy,1.0
1871,5902235804753.493,5902235804753.493,5110230337353.696,6232791108.931057,1.0,0.0,destroy_shaw_stores,repair_greedy,1.0
1872,5902235804753.493,5902235804753.493,5110230337353.696,6220325526.713195,1.0,0.0,destroy_low_demand_stores,repair_regret2,1.0
1873,5902235805089.992,5902235805089.992,5110230337353.696,6207884875.659768,1.0,0.0,destroy_low_demand_stores,repair_random,1.0
1874,5902235804888.093,5902235804888.093,5110230337353.696,6195469105.908448,1.0,0.0,destroy_low_demand_stores,repair_regret2,1.0
1875,5902235804820.793,5902235804820.793,5110230337353.696,6183078167.696631,1.0,0.0,destroy_shaw_stores,repair_random,1.0
1876,5903583090142.493,5903583090142.493,5110230337353.696,6170712011.3612385,1.0,0.0,destroy_random_period,repair_regret2,1.0
1877,5903583090142.493,5903583090142.493,5110230337353.696,6158370587.338516,1.0,0.0,destroy_shaw_stores,repair_regret2,1.0
1878,5903583090142.493,5909014809443.093,5110230337353.696,6146053846.163839,0.0,0.0,destroy_worst_delivery,repair_regret2,1.0
1879,5903583090142.493,5903583090142.493,5110230337353.696,6133761738.471512,1.0,0.0,destroy_random_period,repair_greedy,1.0
1880,5897143568195.991,5897143568195.991,5110230337353.696,6121494214.994569,1.0,0.0,destroy_worst_delivery,repair_random,1.0
1881,5897143568195.991,5897143568195.991,5110230337353.696,6109251226.56458,1.0,0.0,destroy_shaw_stores,repair_greedy,1.0
1882,5897143568195.991,5897143568195.991,5110230337353.696,6097032724.111451,1.0,0.0,destroy_low_demand_stores,repair_greedy,1.0
1883,5897143568195.991,5914787248092.196,5110230337353.696,6084838658.663228,0.0,0.0,destroy_random_route,repair_greedy,1.0
1884,5897143568105.893,5897143568105.893,5110230337353.696,6072668981.3459015,1.0,0.0,destroy_random_delivery,repair_regret2,1.0
1885,5897143568105.893,5897143568105.893,5110230337353.696,6060523643.383209,1.0,0.0,destroy_low_demand_stores,repair_regret2,1.0
1886,5897143568462.691,5897143568462.691,5110230337353.696,6048402596.096443,1.0,0.0,destroy_random_route,repair_random,1.0
1887,5897143568379.491,5897143568379.491,5110230337353.696,6036305790.90425,1.0,0.0,destroy_low_demand_stores,repair_regret2,1.0
1888,5897143568288.491,5897143568288.491,5110230337353.696,6024233179.322442,1.0,0.0,destroy_random_period,repair_greedy,1.0
1889,5897143568391.293,5897143568391.293,5110230337353.696,6012184712.963798,1.0,0.0,destroy_random_route,repair_random,1.0
1890,5897143568375.393,5897143568375.393,5110230337353.696,6000160343.53787,1.0,0.0,destroy_low_demand_stores,repair_regret2,1.0
1891,5897143568743.394,5897143568743.394,5110230337353.696,5988160022.850795,1.0,0.0,destroy_random_route,repair_random,1.0
1892,5897143568743.394,5897143568743.394,5110230337353.696,5976183702.805093,1.0,0.0,destroy_shaw_stores,repair_regret2,1.0
1893,5897143568668.993,5897143568668.993,5110230337353.696,5964231335.399483,1.0,0.0,destroy_random_period,repair_regret2,1.0
1894,5910997173424.093,5910997173424.093,5110230337353.696,5952302872.728683,1.0,0.0,destroy_worst_delivery,repair_random,1.0
1895,5910997173358.895,5910997173358.895,5110230337353.696,5940398266.983226,1.0,0.0,destroy_shaw_stores,repair_greedy,1.0
1896,5910997173358.895,5910997173358.895,5110230337353.696,5928517470.44926,1.0,0.0,destroy_low_demand_stores,repair_regret2,1.0
1897,5914536335597.095,5914536335597.095,5110230337353.696,5916660435.508361,1.0,0.0,destroy_random_route,repair_greedy,1.0
1898,5914536335728.193,5914536335728.193,5110230337353.696,5904827114.637344,1.0,0.0,destroy_low_demand_stores,repair_random,1.0
1899,5914536335728.193,5914536335728.193,5110230337353.696,5893017460.40807,1.0,0.0,destroy_low_demand_stores,repair_regret2,1.0
1900,5914536335581.194,5914536335581.194,5110230337353.696,5881231425.487253,1.0,0.0,destroy_low_demand_stores,repair_greedy,1.0
1901,5911206686923.395,5911206686923.395,5110230337353.696,5869468962.636279,1.0,0.0,destroy_worst_delivery,repair_regret2,1.0
1902,5911206686853.695,5911206686853.695,5110230337353.696,5857730024.711006,1.0,0.0,destroy_random_period,repair_regret2,1.0
1903,5911206686785.695,5911206686785.695,5110230337353.696,5846014564.661584,1.0,0.0,destroy_shaw_stores,repair_greedy,1.0
1904,5911206686785.695,5921142069001.596,5110230337353.696,5834322535.532261,0.0,0.0,destroy_random_delivery,repair_random,1.0
1905,5911206686785.695,5911206686785.695,5110230337353.696,5822653890.461196,1.0,0.0,destroy_worst_delivery,repair_regret2,1.0
1906,5911206686885.596,5911206686885.596,5110230337353.696,5811008582.680274,1.0,0.0,destroy_random_period,repair_random,1.0
1907,5912491476202.596,5912491476202.596,5110230337353.696,5799386565.514914,1.0,0.0,destroy_random_delivery,repair_greedy,1.0
1908,5912491476202.596,5912491476202.596,5110230337353.696,5787787792.383883,1.0,0.0,destroy_worst_delivery,repair_greedy,1.0
1909,5912491476202.596,5923606621139.596,5110230337353.696,5776212216.799116,0.0,0.0,destroy_worst_delivery,repair_greedy,1.0
1910,5910245469175.596,5910245469175.596,5110230337353.696,5764659792.365518,1.0,0.0,destroy_random_delivery,repair_regret2,1.0
1911,5910245469365.296,5910245469365.296,5110230337353.696,5753130472.7807865,1.0,0.0,destroy_low_demand_stores,repair_random,1.0
1912,5910245469365.296,5925818611886.8955,5110230337353.696,5741624211.835225,0.0,0.0,destroy_worst_delivery,repair_random,1.0
1913,5910245469365.296,5929076994076.8955,5110230337353.696,5730140963.411554,0.0,0.0,destroy_random_route,repair_regret2,1.0
1914,5910245469365.296,5910245469365.296,5110230337353.696,5718680681.484732,1.0,0.0,destroy_shaw_stores,repair_greedy,1.0
1915,5910245469297.996,5910245469297.996,5110230337353.696,5707243320.121762,1.0,0.0,destroy_low_demand_stores,repair_greedy,1.0
1916,5910245469297.996,5924891410567.597,5110230337353.696,5695828833.481519,0.0,0.0,destroy_random_delivery,repair_greedy,1.0
1917,5910245469389.8955,5910245469389.8955,5110230337353.696,5684437175.814556,1.0,0.0,destroy_shaw_stores,repair_random,1.0
1918,5910245469389.8955,5910245469389.8955,5110230337353.696,5673068301.462927,1.0,0.0,destroy_low_demand_stores,repair_greedy,1.0
1919,5910245469389.8955,5924891410670.8955,5110230337353.696,5661722164.860001,0.0,0.0,destroy_worst_delivery,repair_greedy,1.0
1920,5910245469389.8955,5910245469389.8955,5110230337353.696,5650398720.530281,1.0,0.0,destroy_shaw_stores,repair_regret2,1.0
1921,5910245469373.996,5910245469373.996,5110230337353.696,5639097923.08922,1.0,0.0,destroy_shaw_stores,repair_regret2,1.0
1922,5908952313887.3955,5908952313887.3955,5110230337353.696,5627819727.243042,1.0,0.0,destroy_random_delivery,repair_greedy,1.0
1923,5913578976153.296,5913578976153.296,5110230337353.696,5616564087.788556,1.0,0.0,destroy_random_route,repair_regret2,1.0
1924,5913578976070.096,5913578976070.096,5110230337353.696,5605330959.612979,1.0,0.0,destroy_low_demand_stores,repair_greedy,1.0
1925,5913578976070.096,5913578976070.096,5110230337353.696,5594120297.693753,1.0,0.0,destroy_shaw_stores,repair_greedy,1.0
1926,5913578976074.596,5913578976074.596,5110230337353.696,5582932057.098366,1.0,0.0,destroy_random_route,repair_greedy,1.0
1927,5914926261396.296,5914926261396.296,5110230337353.696,5571766192.984169,1.0,0.0,destroy_random_period,repair_greedy,1.0
1928,5914926261396.296,5914926261396.296,5110230337353.696,5560622660.598201,1.0,0.0,destroy_random_period,repair_regret2,1.0
1929,5914926261403.598,5914926261403.598,5110230337353.696,5549501415.277004,1.0,0.0,destroy_random_period,repair_random,1.0
1930,5911389121280.496,5911389121280.496,5110230337353.696,5538402412.44645,1.0,0.0,destroy_worst_delivery,repair_random,1.0
1931,5911389121280.496,5911389121280.496,5110230337353.696,5527325607.621557,1.0,0.0,destroy_low_demand_stores,repair_regret2,1.0
1932,5911389121456.995,5911389121456.995,5110230337353.696,5516270956.406314,1.0,0.0,destroy_random_delivery,repair_random,1.0
1933,5921913077572.595,5921913077572.595,5110230337353.696,5505238414.493502,1.0,0.0,destroy_random_period,repair_greedy,1.0
1934,5921913077568.095,5921913077568.095,5110230337353.696,5494227937.664515,1.0,0.0,destroy_random_period,repair_regret2,1.0
1935,5921913077555.095,5921913077555.095,5110230337353.696,5483239481.789186,1.0,0.0,destroy_random_delivery,repair_greedy,1.0
1936,5921913077555.095,5921913077555.095,5110230337353.696,5472273002.825607,1.0,0.0,destroy_low_demand_stores,repair_regret2,1.0
1937,5907084709859.193,5907084709859.193,5110230337353.696,5461328456.819956,1.0,0.0,destroy_random_delivery,repair_random,1.0
1938,5907084709859.193,5914007259272.895,5110230337353.696,5450405799.906316,0.0,0.0,destroy_random_route,repair_regret2,1.0
1939,5914007259549.293,5914007259549.293,5110230337353.696,5439504988.306503,1.0,0.0,destroy_shaw_stores,repair_regret2,1.0
1940,5914007259564.693,5914007259564.693,5110230337353.696,5428625978.32989,1.0,0.0,destroy_shaw_stores,repair_random,1.0
1941,5914007259644.193,5914007259644.193,5110230337353.696,5417768726.373231,1.0,0.0,destroy_random_period,repair_random,1.0
1942,5914007259669.693,5914007259669.693,5110230337353.696,5406933188.920485,1.0,0.0,destroy_random_period,repair_random,1.0
1943,5914007259669.693,5914007259669.693,5110230337353.696,5396119322.542644,1.0,0.0,destroy_random_delivery,repair_regret2,1.0
1944,5914007259459.196,5914007259459.196,5110230337353.696,5385327083.897558,1.0,0.0,destroy_random_delivery,repair_regret2,1.0
1945,5914007259459.196,5918070404120.098,5110230337353.696,5374556429.729763,0.0,0.0,destroy_random_route,repair_regret2,1.0
1946,5914007259459.196,5918533691861.795,5110230337353.696,5363807316.870303,0.0,0.0,destroy_random_route,repair_regret2,1.0
1947,5916348560008.896,5916348560008.896,5110230337353.696,5353079702.236563,1.0,0.0,destroy_worst_delivery,repair_random,1.0
1948,5916348559929.396,5916348559929.396,5110230337353.696,5342373542.832089,1.0,0.0,destroy_random_period,repair_greedy,1.0
1949,5915975093355.496,5915975093355.496,5110230337353.696,5331688795.746426,1.0,0.0,destroy_worst_delivery,repair_regret2,1.0
1950,5915975093355.496,5918690953326.098,5110230337353.696,5321025418.154933,0.0,0.0,destroy_random_route,repair_random,1.0
1951,5915975093355.496,5915975093355.496,5110230337353.696,5310383367.318624,1.0,0.0,destroy_random_period,repair_random,1.0
1952,5917322378677.196,5917322378677.196,5110230337353.696,5299762600.583986,1.0,0.0,destroy_random_period,repair_regret2,1.0
1953,5912051302477.3955,5912051302477.3955,5110230337353.696,5289163075.382818,1.0,0.0,destroy_random_delivery,repair_regret2,1.0
1954,5912051302477.3955,5912051302477.3955,5110230337353.696,5278584749.232053,1.0,0.0,destroy_low_demand_stores,repair_regret2,1.0
1955,5912051302472.895,5912051302472.895,5110230337353.696,5268027579.733588,1.0,0.0,destroy_shaw_stores,repair_regret2,1.0
1956,5912051302472.895,5912051302472.895,5110230337353.696,5257491524.574121,1.0,0.0,destroy_low_demand_stores,repair_regret2,1.0
1957,5912051302472.895,5915745691955.395,5110230337353.696,5246976541.524973,0.0,0.0,destroy_random_delivery,repair_random,1.0
1958,5912051302472.895,5912051302472.895,5110230337353.696,5236482588.441923,1.0,0.0,destroy_shaw_stores,repair_regret2,1.0
1959,5912051302371.8955,5912051302371.8955,5110230337353.696,5226009623.265039,1.0,0.0,destroy_random_delivery,repair_greedy,1.0
1960,5912051302203.693,5912051302203.693,5110230337353.696,5215557604.018509,1.0,0.0,destroy_random_route,repair_regret2,1.0
1961,5905413403480.394,5905413403480.394,5110230337353.696,5205126488.810472,1.0,0.0,destroy_random_route,repair_random,1.0
1962,5905413403555.593,5905413403555.593,5110230337353.696,5194716235.83285,1.0,0.0,destroy_shaw_stores,repair_random,1.0
1963,5905543785996.693,5905543785996.693,5110230337353.696,5184326803.361185,1.0,0.0,destroy_random_delivery,repair_greedy,1.0
1964,5898621236252.495,5898621236252.495,5110230337353.696,5173958149.754462,1.0,0.0,destroy_random_route,repair_random,1.0
1965,5898621236168.295,5898621236168.295,5110230337353.696,5163610233.454953,1.0,0.0,destroy_random_period,repair_greedy,1.0
1966,5898621236168.295,5898621236168.295,5110230337353.696,5153283012.988043,1.0,0.0,destroy_random_delivery,repair_greedy,1.0
1967,5899925060887.297,5899925060887.297,5110230337353.696,5142976446.962067,1.0,0.0,destroy_random_delivery,repair_random,1.0
1968,5899925060870.697,5899925060870.697,5110230337353.696,5132690494.068143,1.0,0.0,destroy_low_demand_stores,repair_regret2,1.0
1969,5899925060813.796,5899925060813.796,5110230337353.696,5122425113.080007,1.0,0.0,destroy_worst_delivery,repair_regret2,1.0
1970,5899925060762.396,5899925060762.396,5110230337353.696,5112180262.853847,1.0,0.0,destroy_shaw_stores,repair_greedy,1.0
1971,5899925060832.097,5899925060832.097,5110230337353.696,5101955902.328139,1.0,0.0,destroy_random_delivery,repair_random,1.0
1972,5899925060832.097,5899925060832.097,5110230337353.696,5091751990.523483,1.0,0.0,destroy_worst_delivery,repair_regret2,1.0
1973,5899925060832.097,5899925060832.097,5110230337353.696,5081568486.542437,1.0,0.0,destroy_worst_delivery,repair_greedy,1.0
1974,5898795079538.097,5898795079538.097,5110230337353.696,5071405349.569352,1.0,0.0,destroy_random_delivery,repair_regret2,1.0
1975,5898795079612.696,5898795079612.696,5110230337353.696,5061262538.8702135,1.0,0.0,destroy_random_period,repair_random,1.0
1976,5898795079618.597,5898795079618.597,5110230337353.696,5051140013.792473,1.0,0.0,destroy_random_period,repair_random,1.0
1977,5898795079806.899,5898795079806.899,5110230337353.696,5041037733.764888,1.0,0.0,destroy_random_delivery,repair_random,1.0
1978,5898795079827.0,5898795079827.0,5110230337353.696,5030955658.297358,1.0,0.0,destroy_random_period,repair_random,1.0
1979,5897143568847.199,5897143568847.199,5110230337353.696,5020893746.9807625,1.0,0.0,destroy_worst_delivery,repair_random,1.0
1980,5897143568931.799,5897143568931.799,5110230337353.696,5010851959.486801,1.0,0.0,destroy_random_delivery,repair_random,1.0
1981,5897143568699.1,5897143568699.1,5110230337353.696,5000830255.567827,1.0,0.0,destroy_worst_delivery,repair_regret2,1.0
1982,5897143568731.6,5897143568731.6,5110230337353.696,4990828595.056691,1.0,0.0,destroy_low_demand_stores,repair_random,1.0
1983,5897143568732.498,5897143568732.498,5110230337353.696,4980846937.866578,1.0,0.0,destroy_random_delivery,repair_random,1.0
1984,5897143568732.498,5897143568732.498,5110230337353.696,4970885243.990845,1.0,0.0,destroy_random_period,repair_regret2,1.0
1985,5897143568723.598,5897143568723.598,5110230337353.696,4960943473.502863,1.0,0.0,destroy_random_delivery,repair_greedy,1.0
1986,5897143568705.898,5897143568705.898,5110230337353.696,4951021586.555858,1.0,0.0,destroy_low_demand_stores,repair_random,1.0
1987,5897143568717.298,5897143568717.298,5110230337353.696,4941119543.382746,1.0,0.0,destroy_shaw_stores,repair_regret2,1.0
1988,5897143568717.298,5897143568717.298,5110230337353.696,4931237304.29598,1.0,0.0,destroy_random_period,repair_greedy,1.0
1989,5897143568700.698,5897143568700.698,5110230337353.696,4921374829.687388,1.0,0.0,destroy_low_demand_stores,repair_regret2,1.0
1990,5897143568700.698,5897143568700.698,5110230337353.696,4911532080.028013,1.0,0.0,destroy_worst_delivery,repair_regret2,1.0
1991,5897143568860.498,5897143568860.498,5110230337353.696,4901709015.867957,1.0,0.0,destroy_worst_delivery,repair_random,1.0
1992,5897143568860.498,5897143568860.498,5110230337353.696,4891905597.836221,1.0,0.0,destroy_low_demand_stores,repair_greedy,1.0
1993,5897143568944.398,5897143568944.398,5110230337353.696,4882121786.640549,1.0,0.0,destroy_low_demand_stores,repair_random,1.0
1994,5897143568927.798,5897143568927.798,5110230337353.696,4872357543.067267,1.0,0.0,destroy_low_demand_stores,repair_regret2,1.0
1995,5897143568939.397,5897143568939.397,5110230337353.696,4862612827.9811325,1.0,0.0,destroy_random_period,repair_random,1.0
1996,5897143568939.397,5897143568939.397,5110230337353.696,4852887602.3251705,1.0,0.0,destroy_low_demand_stores,repair_regret2,1.0
1997,5897143568936.598,5897143568936.598,5110230337353.696,4843181827.120521,1.0,0.0,destroy_shaw_stores,repair_random,1.0
1998,5897143568936.598,5910997173661.097,5110230337353.696,4833495463.46628,0.0,0.0,destroy_worst_delivery,repair_random,1.0
1999,5897143569033.597,5897143569033.597,5110230337353.696,4823828472.539348,1.0,0.0,destroy_random_period,repair_random,1.0
2000,5897143569033.597,5897143569033.597,5110230337353.696,4814180815.594269,1.0,0.0,destroy_low_demand_stores,repair_greedy,1.0
