{
  "teacher_csv": "Results/teacher_scenarios/aggregate_cg_teacher_dataset.csv",
  "out_dir": "GNN/data/irplt_teacher",
  "n_raw_rows": 7331,
  "n_groups": 2852,
  "n_distinct_instances": 9,
  "split_mode": "instance-level",
  "group_key_fields": [
    "source_instance",
    "branch_node_id",
    "episode",
    "product",
    "period",
    "constraint_state_hash"
  ],
  "splits": {
    "train": {
      "groups": 1906,
      "samples_written": 78,
      "total_columns": 116,
      "total_positive_columns": 24,
      "column_count_min": 1,
      "column_count_mean": 1.4871794871794872,
      "column_count_max": 3,
      "positive_count_min": 0,
      "positive_count_mean": 0.3076923076923077,
      "positive_count_max": 2,
      "adaptive_k_star_min": 1.0,
      "adaptive_k_star_mean": 62.794871794871796,
      "adaptive_k_star_max": 757.0
    },
    "valid": {
      "groups": 312,
      "samples_written": 17,
      "total_columns": 19,
      "total_positive_columns": 4,
      "column_count_min": 1,
      "column_count_mean": 1.1176470588235294,
      "column_count_max": 3,
      "positive_count_min": 0,
      "positive_count_mean": 0.23529411764705882,
      "positive_count_max": 2,
      "adaptive_k_star_min": 1.0,
      "adaptive_k_star_mean": 47.294117647058826,
      "adaptive_k_star_max": 752.0
    },
    "test": {
      "groups": 634,
      "samples_written": 32,
      "total_columns": 49,
      "total_positive_columns": 8,
      "column_count_min": 1,
      "column_count_mean": 1.53125,
      "column_count_max": 3,
      "positive_count_min": 0,
      "positive_count_mean": 0.25,
      "positive_count_max": 2,
      "adaptive_k_star_min": 1.0,
      "adaptive_k_star_mean": 50.90625,
      "adaptive_k_star_max": 765.0
    }
  },
  "skipped_groups": [
    "base_a__normal_global__seed1373158607/branch=0/episode=1/product=AN RICE CRACKER SEAWEED 111.3G/period=6/state=34cd6d4d37aa: teacher rows do not contain constraint_features_json",
    "base_a__normal_global__seed1373158607/branch=0/episode=1/product=AN RICE CRACKER SEAWEED 111.3G/period=7/state=34cd6d4d37aa: teacher rows do not contain constraint_features_json",
    "base_a__normal_global__seed1373158607/branch=0/episode=1/product=AN RICE CRACKER SEAWEED 111.3G/period=8/state=34cd6d4d37aa: teacher rows do not contain constraint_features_json",
    "base_a__normal_global__seed1373158607/branch=0/episode=1/product=AN RICE CRACKER SEAWEED 111.3G/period=9/state=34cd6d4d37aa: teacher rows do not contain constraint_features_json",
    "base_a__normal_global__seed1373158607/branch=0/episode=1/product=AN RICE CRACKER SEAWEED 111.3G/period=10/state=34cd6d4d37aa: teacher rows do not contain constraint_features_json",
    "base_a__normal_global__seed1373158607/branch=0/episode=1/product=AN RICE CRACKER SEAWEED 111.3G/period=11/state=34cd6d4d37aa: teacher rows do not contain constraint_features_json",
    "base_a__normal_global__seed1373158607/branch=0/episode=1/product=AN RICE CRACKER SEAWEED 111.3G/period=12/state=34cd6d4d37aa: teacher rows do not contain constraint_features_json",
    "base_a__normal_global__seed1373158607/branch=0/episode=1/product=AN RICE CRACKER SEAWEED 111.3G/period=13/state=34cd6d4d37aa: teacher rows do not contain constraint_features_json",
    "base_a__normal_global__seed1373158607/branch=0/episode=1/product=AN RICE CRACKER SEAWEED 111.3G/period=14/state=34cd6d4d37aa: teacher rows do not contain constraint_features_json",
    "base_a__normal_global__seed1373158607/branch=0/episode=1/product=AN RICE CRACKER SEAWEED 111.3G/period=15/state=34cd6d4d37aa: teacher rows do not contain constraint_features_json",
    "base_a__normal_global__seed1373158607/branch=0/episode=1/product=AN RICE CRACKER SEAWEED 111.3G/period=16/state=34cd6d4d37aa: teacher rows do not contain constraint_features_json",
    "base_a__normal_global__seed1373158607/branch=0/episode=1/product=AN RICE CRACKER SEAWEED 111.3G/period=17/state=34cd6d4d37aa: teacher rows do not contain constraint_features_json",
    "base_a__normal_global__seed1373158607/branch=0/episode=1/product=AN RICE CRACKER SEAWEED 111.3G/period=18/state=34cd6d4d37aa: teacher rows do not contain constraint_features_json",
    "base_a__normal_global__seed1373158607/branch=0/episode=1/product=AN RICE CRACKER SEAWEED 111.3G/period=19/state=34cd6d4d37aa: teacher rows do not contain constraint_features_json",
    "base_a__normal_global__seed1373158607/branch=0/episode=1/product=AN RICE CRACKER SEAWEED 111.3G/period=20/state=34cd6d4d37aa: teacher rows do not contain constraint_features_json",
    "base_a__normal_global__seed1373158607/branch=0/episode=1/product=AN RICE CRACKER SEAWEED 111.3G/period=21/state=34cd6d4d37aa: teacher rows do not contain constraint_features_json",
    "base_a__normal_global__seed1373158607/branch=0/episode=1/product=AN RICE CRACKER SEAWEED 111.3G/period=22/state=34cd6d4d37aa: teacher rows do not contain constraint_features_json",
    "base_a__normal_global__seed1373158607/branch=0/episode=1/product=AN RICE CRACKER SEAWEED 111.3G/period=23/state=34cd6d4d37aa: teacher rows do not contain constraint_features_json",
    "base_a__normal_global__seed1373158607/branch=0/episode=1/product=AN RICE CRACKER SEAWEED 111.3G/period=24/state=34cd6d4d37aa: teacher rows do not contain constraint_features_json",
    "base_a__normal_global__seed1373158607/branch=0/episode=1/product=AN RICE CRACKER SEAWEED 111.3G/period=25/state=34cd6d4d37aa: teacher rows do not contain constraint_features_json",
    "base_a__normal_global__seed1373158607/branch=0/episode=1/product=AN RICE CRACKER SEAWEED 111.3G/period=26/state=34cd6d4d37aa: teacher rows do not contain constraint_features_json",
    "base_a__normal_global__seed1373158607/branch=0/episode=1/product=AN RICE CRACKER SEAWEED 111.3G/period=27/state=34cd6d4d37aa: teacher rows do not contain constraint_features_json",
    "base_a__normal_global__seed1373158607/branch=0/episode=1/product=AN RICE CRACKER SEAWEED 111.3G/period=28/state=34cd6d4d37aa: teacher rows do not contain constraint_features_json",
    "base_a__normal_global__seed1373158607/branch=0/episode=1/product=AN RICE CRACKER SEAWEED 111.3G/period=29/state=34cd6d4d37aa: teacher rows do not contain constraint_features_json",
    "base_a__normal_global__seed1373158607/branch=0/episode=1/product=AN RICE CRACKER SEAWEED 111.3G/period=30/state=34cd6d4d37aa: teacher rows do not contain constraint_features_json",
    "base_a__normal_global__seed1373158607/branch=0/episode=1/product=AN RICE CRACKER SEAWEED 111.3G/period=31/state=34cd6d4d37aa: teacher rows do not contain constraint_features_json",
    "base_a__normal_global__seed1373158607/branch=0/episode=1/product=AN RICE CRACKER SEAWEED 111.3G/period=32/state=34cd6d4d37aa: teacher rows do not contain constraint_features_json",
    "base_a__normal_global__seed1373158607/branch=0/episode=1/product=AN RICE CRACKER SEAWEED 111.3G/period=33/state=34cd6d4d37aa: teacher rows do not contain constraint_features_json",
    "base_a__normal_global__seed1373158607/branch=0/episode=1/product=AN RICE CRACKER SEAWEED 111.3G/period=34/state=34cd6d4d37aa: teacher rows do not contain constraint_features_json",
    "base_a__normal_global__seed1373158607/branch=0/episode=1/product=AN RICE CRACKER SEAWEED 111.3G/period=35/state=34cd6d4d37aa: teacher rows do not contain constraint_features_json",
    "base_a__normal_global__seed1373158607/branch=0/episode=1/product=AN RICE CRACKER SEAWEED 111.3G/period=36/state=34cd6d4d37aa: teacher rows do not contain constraint_features_json",
    "base_a__normal_global__seed1373158607/branch=0/episode=1/product=AN RICE CRACKER SEAWEED 111.3G/period=37/state=34cd6d4d37aa: teacher rows do not contain constraint_features_json",
    "base_a__normal_global__seed1373158607/branch=0/episode=1/product=AN RICE CRACKER SEAWEED 111.3G/period=38/state=34cd6d4d37aa: teacher rows do not contain constraint_features_json",
    "base_a__normal_global__seed1373158607/branch=0/episode=1/product=AN RICE CRACKER SEAWEED 111.3G/period=39/state=34cd6d4d37aa: teacher rows do not contain constraint_features_json",
    "base_a__normal_global__seed1373158607/branch=0/episode=1/product=AN RICE CRACKER SEAWEED 111.3G/period=40/state=34cd6d4d37aa: teacher rows do not contain constraint_features_json",
    "base_a__normal_global__seed1373158607/branch=0/episode=1/product=AN RICE CRACKER SEAWEED 111.3G/period=41/state=34cd6d4d37aa: teacher rows do not contain constraint_features_json",
    "base_a__normal_global__seed1373158607/branch=0/episode=1/product=AN RICE CRACKER SEAWEED 111.3G/period=42/state=34cd6d4d37aa: teacher rows do not contain constraint_features_json",
    "base_a__normal_global__seed1373158607/branch=0/episode=1/product=AN RICE CRACKER SEAWEED 111.3G/period=43/state=34cd6d4d37aa: teacher rows do not contain constraint_features_json",
    "base_a__normal_global__seed1373158607/branch=0/episode=1/product=AN RICE CRACKER SEAWEED 111.3G/period=48/state=34cd6d4d37aa: teacher rows do not contain constraint_features_json",
    "base_a__normal_global__seed1373158607/branch=0/episode=1/product=AN RICE CRACKER SEAWEED 111.3G/period=49/state=34cd6d4d37aa: teacher rows do not contain constraint_features_json",
    "base_a__normal_global__seed1373158607/branch=0/episode=1/product=AN RICE CRACKER SEAWEED 111.3G/period=50/state=34cd6d4d37aa: teacher rows do not contain constraint_features_json",
    "base_a__normal_global__seed1373158607/branch=0/episode=1/product=AN RICE CRACKER SEAWEED 111.3G/period=51/state=34cd6d4d37aa: teacher rows do not contain constraint_features_json",
    "base_a__normal_global__seed1373158607/branch=0/episode=1/product=AN RICE CRACKER SEAWEED 111.3G/period=52/state=34cd6d4d37aa: teacher rows do not contain constraint_features_json",
    "base_a__normal_global__seed1373158607/branch=0/episode=1/product=AN RICE CRACKER SEAWEED 111.3G/period=53/state=34cd6d4d37aa: teacher rows do not contain constraint_features_json",
    "base_a__normal_global__seed1373158607/branch=0/episode=1/product=AN RICE CRACKER SEAWEED 111.3G/period=54/state=34cd6d4d37aa: teacher rows do not contain constraint_features_json",
    "base_a__normal_global__seed1373158607/branch=0/episode=1/product=AN RICE CRACKER SEAWEED 111.3G/period=57/state=34cd6d4d37aa: teacher rows do not contain constraint_features_json",
    "base_a__normal_global__seed1373158607/branch=0/episode=1/product=AN RICE CRACKER SEAWEED 111.3G/period=58/state=34cd6d4d37aa: teacher rows do not contain constraint_features_json",
    "base_a__normal_global__seed1373158607/branch=0/episode=1/product=AN RICE CRACKER SEAWEED 111.3G/period=59/state=34cd6d4d37aa: teacher rows do not contain constraint_features_json",
    "base_a__normal_global__seed1373158607/branch=0/episode=1/product=AN RICE CRACKER SEAWEED 111.3G/period=60/state=34cd6d4d37aa: teacher rows do not contain constraint_features_json",
    "base_a__normal_global__seed1373158607/branch=0/episode=1/product=AN RICE CRACKER SEAWEED 111.3G/period=61/state=34cd6d4d37aa: teacher rows do not contain constraint_features_json",
    "base_a__normal_global__seed1373158607/branch=0/episode=1/product=AN RICE CRACKER SEAWEED 111.3G/period=62/state=34cd6d4d37aa: teacher rows do not contain constraint_features_json",
    "base_a__normal_global__seed1373158607/branch=0/episode=1/product=AN RICE CRACKER SEAWEED 111.3G/period=63/state=34cd6d4d37aa: teacher rows do not contain constraint_features_json",
    "base_a__normal_global__seed1373158607/branch=0/episode=1/product=AN RICE CRACKER SEAWEED 111.3G/period=64/state=34cd6d4d37aa: teacher rows do not contain constraint_features_json",
    "base_a__normal_global__seed1373158607/branch=0/episode=1/product=AN RICE CRACKER SEAWEED 111.3G/period=65/state=34cd6d4d37aa: teacher rows do not contain constraint_features_json",
    "base_a__normal_global__seed1373158607/branch=0/episode=1/product=AN RICE CRACKER SEAWEED 111.3G/period=66/state=34cd6d4d37aa: teacher rows do not contain constraint_features_json",
    "base_a__normal_global__seed1373158607/branch=0/episode=1/product=AN RICE CRACKER SEAWEED 111.3G/period=68/state=34cd6d4d37aa: teacher rows do not contain constraint_features_json",
    "base_a__normal_global__seed1373158607/branch=0/episode=1/product=AN RICE CRACKER SEAWEED 111.3G/period=69/state=34cd6d4d37aa: teacher rows do not contain constraint_features_json",
    "base_a__normal_global__seed1373158607/branch=0/episode=1/product=AN RICE CRACKER SEAWEED 111.3G/period=70/state=34cd6d4d37aa: teacher rows do not contain constraint_features_json",
    "base_a__normal_global__seed1373158607/branch=0/episode=1/product=AN RICE CRACKER SEAWEED 111.3G/period=71/state=34cd6d4d37aa: teacher rows do not contain constraint_features_json",
    "base_a__normal_global__seed1373158607/branch=0/episode=1/product=AN RICE CRACKER SEAWEED 111.3G/period=72/state=34cd6d4d37aa: teacher rows do not contain constraint_features_json",
    "base_a__normal_global__seed1373158607/branch=0/episode=1/product=AN RICE CRACKER SEAWEED 111.3G/period=73/state=34cd6d4d37aa: teacher rows do not contain constraint_features_json",
    "base_a__normal_global__seed1373158607/branch=0/episode=1/product=AN RICE CRACKER SEAWEED 111.3G/period=74/state=34cd6d4d37aa: teacher rows do not contain constraint_features_json",
    "base_a__normal_global__seed1373158607/branch=0/episode=1/product=AN RICE CRACKER SEAWEED 111.3G/period=77/state=34cd6d4d37aa: teacher rows do not contain constraint_features_json",
    "base_a__normal_global__seed1373158607/branch=0/episode=1/product=AN RICE CRACKER SEAWEED 111.3G/period=78/state=34cd6d4d37aa: teacher rows do not contain constraint_features_json",
    "base_a__normal_global__seed1373158607/branch=0/episode=1/product=AN RICE CRACKER SEAWEED 111.3G/period=79/state=34cd6d4d37aa: teacher rows do not contain constraint_features_json",
    "base_a__normal_global__seed1373158607/branch=0/episode=1/product=AN RICE CRACKER SEAWEED 111.3G/period=80/state=34cd6d4d37aa: teacher rows do not contain constraint_features_json",
    "base_a__normal_global__seed1373158607/branch=0/episode=1/product=AN RICE CRACKER SEAWEED 111.3G/period=83/state=34cd6d4d37aa: teacher rows do not contain constraint_features_json",
    "base_a__normal_global__seed1373158607/branch=0/episode=1/product=AN RICE CRACKER SEAWEED 111.3G/period=84/state=34cd6d4d37aa: teacher rows do not contain constraint_features_json",
    "base_a__normal_global__seed1373158607/branch=0/episode=1/product=AN RICE CRACKER SEAWEED 111.3G/period=85/state=34cd6d4d37aa: teacher rows do not contain constraint_features_json",
    "base_a__normal_global__seed1373158607/branch=0/episode=1/product=AN RICE CRACKER SEAWEED 111.3G/period=86/state=34cd6d4d37aa: teacher rows do not contain constraint_features_json",
    "base_a__normal_global__seed1373158607/branch=0/episode=1/product=AN RICE CRACKER SEAWEED 111.3G/period=87/state=34cd6d4d37aa: teacher rows do not contain constraint_features_json",
    "base_a__normal_global__seed1373158607/branch=0/episode=1/product=AN RICE CRACKER SEAWEED 111.3G/period=88/state=34cd6d4d37aa: teacher rows do not contain constraint_features_json",
    "base_a__normal_global__seed1373158607/branch=0/episode=1/product=AN RICE CRACKER SEAWEED 111.3G/period=89/state=34cd6d4d37aa: teacher rows do not contain constraint_features_json",
    "base_a__normal_global__seed1373158607/branch=0/episode=1/product=AN RICE CRACKER SEAWEED 111.3G/period=90/state=34cd6d4d37aa: teacher rows do not contain constraint_features_json",
    "base_a__normal_global__seed1373158607/branch=0/episode=1/product=AN RICE CRACKER SEAWEED 111.3G/period=91/state=34cd6d4d37aa: teacher rows do not contain constraint_features_json",
    "base_a__normal_global__seed1373158607/branch=0/episode=1/product=AN RICE CRACKER SEAWEED 111.3G/period=92/state=34cd6d4d37aa: teacher rows do not contain constraint_features_json",
    "base_a__normal_global__seed1373158607/branch=0/episode=1/product=AN RICE CRACKER SEAWEED 111.3G/period=93/state=34cd6d4d37aa: teacher rows do not contain constraint_features_json",
    "base_a__normal_global__seed1373158607/branch=0/episode=1/product=AN RICE CRACKER SEAWEED 111.3G/period=94/state=34cd6d4d37aa: teacher rows do not contain constraint_features_json",
    "base_a__normal_global__seed1373158607/branch=0/episode=1/product=AN RICE CRACKER SEAWEED 111.3G/period=95/state=34cd6d4d37aa: teacher rows do not contain constraint_features_json",
    "base_a__normal_global__seed1373158607/branch=0/episode=1/product=AN RICE CRACKER SEAWEED 111.3G/period=96/state=34cd6d4d37aa: teacher rows do not contain constraint_features_json",
    "base_a__normal_global__seed1373158607/branch=0/episode=1/product=AN RICE CRACKER SEAWEED 111.3G/period=97/state=34cd6d4d37aa: teacher rows do not contain constraint_features_json",
    "base_a__normal_global__seed1373158607/branch=0/episode=1/product=AN RICE CRACKER SEAWEED 111.3G/period=98/state=34cd6d4d37aa: teacher rows do not contain constraint_features_json",
    "base_a__normal_global__seed1373158607/branch=0/episode=1/product=AN RICE CRACKER SEAWEED 111.3G/period=99/state=34cd6d4d37aa: teacher rows do not contain constraint_features_json",
    "base_a__normal_global__seed1373158607/branch=0/episode=1/product=AN RICE CRACKER SEAWEED 111.3G/period=100/state=34cd6d4d37aa: teacher rows do not contain constraint_features_json",
    "base_a__normal_global__seed1373158607/branch=0/episode=1/product=AN RICE CRACKER SEAWEED 111.3G/period=101/state=34cd6d4d37aa: teacher rows do not contain constraint_features_json",
    "base_a__normal_global__seed1373158607/branch=0/episode=1/product=AN RICE CRACKER SEAWEED 111.3G/period=102/state=34cd6d4d37aa: teacher rows do not contain constraint_features_json",
    "base_a__normal_global__seed1373158607/branch=0/episode=1/product=AN RICE CRACKER SEAWEED 111.3G/period=103/state=34cd6d4d37aa: teacher rows do not contain constraint_features_json",
    "base_a__normal_global__seed1373158607/branch=0/episode=1/product=AN RICE CRACKER SEAWEED 111.3G/period=104/state=34cd6d4d37aa: teacher rows do not contain constraint_features_json",
    "base_a__normal_global__seed1373158607/branch=0/episode=1/product=AN RICE CRACKER SEAWEED 111.3G/period=105/state=34cd6d4d37aa: teacher rows do not contain constraint_features_json",
    "base_a__normal_global__seed1373158607/branch=0/episode=1/product=AN RICE CRACKER SEAWEED 111.3G/period=106/state=34cd6d4d37aa: teacher rows do not contain constraint_features_json",
    "base_a__normal_global__seed1373158607/branch=0/episode=1/product=AN RICE CRACKER SEAWEED 111.3G/period=107/state=34cd6d4d37aa: teacher rows do not contain constraint_features_json",
    "base_a__normal_global__seed1373158607/branch=0/episode=1/product=AN RICE CRACKER SEAWEED 111.3G/period=108/state=34cd6d4d37aa: teacher rows do not contain constraint_features_json",
    "base_a__normal_global__seed1373158607/branch=0/episode=1/product=AN RICE CRACKER SEAWEED 111.3G/period=109/state=34cd6d4d37aa: teacher rows do not contain constraint_features_json",
    "base_a__normal_global__seed1373158607/branch=0/episode=1/product=AN RICE CRACKER SEAWEED 111.3G/period=110/state=34cd6d4d37aa: teacher rows do not contain constraint_features_json",
    "base_a__normal_global__seed1373158607/branch=0/episode=1/product=AN RICE CRACKER SEAWEED 111.3G/period=111/state=34cd6d4d37aa: teacher rows do not contain constraint_features_json",
    "base_a__normal_global__seed1373158607/branch=0/episode=1/product=AN RICE CRACKER SEAWEED 111.3G/period=112/state=34cd6d4d37aa: teacher rows do not contain constraint_features_json",
    "base_a__normal_global__seed1373158607/branch=0/episode=1/product=AN RICE CRACKER SEAWEED 111.3G/period=113/state=34cd6d4d37aa: teacher rows do not contain constraint_features_json",
    "base_a__normal_global__seed1373158607/branch=0/episode=1/product=AN RICE CRACKER SEAWEED 111.3G/period=114/state=34cd6d4d37aa: teacher rows do not contain constraint_features_json",
    "base_a__normal_global__seed1373158607/branch=0/episode=1/product=AN RICE CRACKER SEAWEED 111.3G/period=115/state=34cd6d4d37aa: teacher rows do not contain constraint_features_json",
    "base_a__normal_global__seed1373158607/branch=0/episode=1/product=AN RICE CRACKER SEAWEED 111.3G/period=116/state=34cd6d4d37aa: teacher rows do not contain constraint_features_json",
    "base_a__normal_global__seed1373158607/branch=0/episode=1/product=AN RICE CRACKER SEAWEED 111.3G/period=117/state=34cd6d4d37aa: teacher rows do not contain constraint_features_json",
    "base_a__normal_global__seed1373158607/branch=0/episode=1/product=AN RICE CRACKER SEAWEED 111.3G/period=118/state=34cd6d4d37aa: teacher rows do not contain constraint_features_json",
    "base_a__normal_global__seed1373158607/branch=0/episode=1/product=AN RICE CRACKER SEAWEED 111.3G/period=119/state=34cd6d4d37aa: teacher rows do not contain constraint_features_json",
    "base_a__normal_global__seed1373158607/branch=0/episode=1/product=AN RICE CRACKER SEAWEED 111.3G/period=120/state=34cd6d4d37aa: teacher rows do not contain constraint_features_json",
    "base_a__normal_global__seed1373158607/branch=0/episode=1/product=AN RICE CRACKER SEAWEED 111.3G/period=121/state=34cd6d4d37aa: teacher rows do not contain constraint_features_json",
    "base_a__normal_global__seed1373158607/branch=0/episode=1/product=AN RICE CRACKER SEAWEED 111.3G/period=122/state=34cd6d4d37aa: teacher rows do not contain constraint_features_json",
    "base_a__normal_global__seed1373158607/branch=0/episode=1/product=AN RICE CRACKER SEAWEED 111.3G/period=125/state=34cd6d4d37aa: teacher rows do not contain constraint_features_json",
    "base_a__normal_global__seed1373158607/branch=0/episode=1/product=AN RICE CRACKER SEAWEED 111.3G/period=126/state=34cd6d4d37aa: teacher rows do not contain constraint_features_json",
    "base_a__normal_global__seed1373158607/branch=0/episode=1/product=AN RICE CRACKER SEAWEED 111.3G/period=127/state=34cd6d4d37aa: teacher rows do not contain constraint_features_json",
    "base_a__normal_global__seed1373158607/branch=0/episode=1/product=AN RICE CRACKER SEAWEED 111.3G/period=128/state=34cd6d4d37aa: teacher rows do not contain constraint_features_json",
    "base_a__normal_global__seed1373158607/branch=0/episode=1/product=AN RICE CRACKER SEAWEED 111.3G/period=129/state=34cd6d4d37aa: teacher rows do not contain constraint_features_json",
    "base_a__normal_global__seed1373158607/branch=0/episode=1/product=AN RICE CRACKER SEAWEED 111.3G/period=130/state=34cd6d4d37aa: teacher rows do not contain constraint_features_json",
    "base_a__normal_global__seed1373158607/branch=0/episode=1/product=AN RICE CRACKER SEAWEED 111.3G/period=131/state=34cd6d4d37aa: teacher rows do not contain constraint_features_json",
    "base_a__normal_global__seed1373158607/branch=0/episode=1/product=AN RICE CRACKER SEAWEED 111.3G/period=132/state=34cd6d4d37aa: teacher rows do not contain constraint_features_json",
    "base_a__normal_global__seed1373158607/branch=0/episode=1/product=AN RICE CRACKER SEAWEED 111.3G/period=133/state=34cd6d4d37aa: teacher rows do not contain constraint_features_json",
    "base_a__normal_global__seed1373158607/branch=0/episode=1/product=AN RICE CRACKER SEAWEED 111.3G/period=134/state=34cd6d4d37aa: teacher rows do not contain constraint_features_json",
    "base_a__normal_global__seed1373158607/branch=0/episode=1/product=AN RICE CRACKER SEAWEED 111.3G/period=135/state=34cd6d4d37aa: teacher rows do not contain constraint_features_json",
    "base_a__normal_global__seed1373158607/branch=0/episode=1/product=AN RICE CRACKER SEAWEED 111.3G/period=136/state=34cd6d4d37aa: teacher rows do not contain constraint_features_json",
    "base_a__normal_global__seed1373158607/branch=0/episode=1/product=AN RICE CRACKER SEAWEED 111.3G/period=137/state=34cd6d4d37aa: teacher rows do not contain constraint_features_json",
    "base_a__normal_global__seed1373158607/branch=0/episode=1/product=AN RICE CRACKER SEAWEED 111.3G/period=138/state=34cd6d4d37aa: teacher rows do not contain constraint_features_json",
    "base_a__normal_global__seed1373158607/branch=0/episode=1/product=AN RICE CRACKER SEAWEED 111.3G/period=139/state=34cd6d4d37aa: teacher rows do not contain constraint_features_json",
    "base_a__normal_global__seed1373158607/branch=0/episode=1/product=AN RICE CRACKER SEAWEED 111.3G/period=140/state=34cd6d4d37aa: teacher rows do not contain constraint_features_json",
    "base_a__normal_global__seed1373158607/branch=0/episode=1/product=AN RICE CRACKER SEAWEED 111.3G/period=141/state=34cd6d4d37aa: teacher rows do not contain constraint_features_json",
    "base_a__normal_global__seed1373158607/branch=0/episode=1/product=AN RICE CRACKER SEAWEED 111.3G/period=142/state=34cd6d4d37aa: teacher rows do not contain constraint_features_json",
    "base_a__normal_global__seed1373158607/branch=0/episode=1/product=AN RICE CRACKER SEAWEED 111.3G/period=143/state=34cd6d4d37aa: teacher rows do not contain constraint_features_json",
    "base_a__normal_global__seed1373158607/branch=0/episode=1/product=AN RICE CRACKER SEAWEED 111.3G/period=144/state=34cd6d4d37aa: teacher rows do not contain constraint_features_json",
    "base_a__normal_global__seed1373158607/branch=0/episode=1/product=AN RICE CRACKER SEAWEED 111.3G/period=145/state=34cd6d4d37aa: teacher rows do not contain constraint_features_json",
    "base_a__normal_global__seed1373158607/branch=0/episode=1/product=AN RICE CRACKER SEAWEED 111.3G/period=146/state=34cd6d4d37aa: teacher rows do not contain constraint_features_json",
    "base_a__normal_global__seed1373158607/branch=0/episode=1/product=AN RICE CRACKER SEAWEED 111.3G/period=147/state=34cd6d4d37aa: teacher rows do not contain constraint_features_json",
    "base_a__normal_global__seed1373158607/branch=0/episode=1/product=AN RICE CRACKER SEAWEED 111.3G/period=148/state=34cd6d4d37aa: teacher rows do not contain constraint_features_json",
    "base_a__normal_global__seed1373158607/branch=0/episode=1/product=AN RICE CRACKER SEAWEED 111.3G/period=149/state=34cd6d4d37aa: teacher rows do not contain constraint_features_json",
    "base_a__normal_global__seed1373158607/branch=0/episode=1/product=AN RICE CRACKER SEAWEED 111.3G/period=150/state=34cd6d4d37aa: teacher rows do not contain constraint_features_json",
    "base_a__normal_global__seed1373158607/branch=0/episode=1/product=AN RICE CRACKER SEAWEED 111.3G/period=151/state=34cd6d4d37aa: teacher rows do not contain constraint_features_json",
    "base_a__normal_global__seed1373158607/branch=0/episode=1/product=AN RICE CRACKER SEAWEED 111.3G/period=152/state=34cd6d4d37aa: teacher rows do not contain constraint_features_json",
    "base_a__normal_global__seed1373158607/branch=0/episode=1/product=AN RICE CRACKER SEAWEED 111.3G/period=153/state=34cd6d4d37aa: teacher rows do not contain constraint_features_json",
    "base_a__normal_global__seed1373158607/branch=0/episode=1/product=OREO VANILLA 110.4/105G/period=4/state=34cd6d4d37aa: teacher rows do not contain constraint_features_json",
    "base_a__normal_global__seed1373158607/branch=0/episode=1/product=OREO VANILLA 110.4/105G/period=5/state=34cd6d4d37aa: teacher rows do not contain constraint_features_json",
    "base_a__normal_global__seed1373158607/branch=0/episode=1/product=OREO VANILLA 110.4/105G/period=6/state=34cd6d4d37aa: teacher rows do not contain constraint_features_json",
    "base_a__normal_global__seed1373158607/branch=0/episode=1/product=OREO VANILLA 110.4/105G/period=7/state=34cd6d4d37aa: teacher rows do not contain constraint_features_json",
    "base_a__normal_global__seed1373158607/branch=0/episode=1/product=OREO VANILLA 110.4/105G/period=8/state=34cd6d4d37aa: teacher rows do not contain constraint_features_json",
    "base_a__normal_global__seed1373158607/branch=0/episode=1/product=OREO VANILLA 110.4/105G/period=9/state=34cd6d4d37aa: teacher rows do not contain constraint_features_json",
    "base_a__normal_global__seed1373158607/branch=0/episode=1/product=OREO VANILLA 110.4/105G/period=10/state=34cd6d4d37aa: teacher rows do not contain constraint_features_json",
    "base_a__normal_global__seed1373158607/branch=0/episode=1/product=OREO VANILLA 110.4/105G/period=11/state=34cd6d4d37aa: teacher rows do not contain constraint_features_json",
    "base_a__normal_global__seed1373158607/branch=0/episode=1/product=OREO VANILLA 110.4/105G/period=12/state=34cd6d4d37aa: teacher rows do not contain constraint_features_json",
    "base_a__normal_global__seed1373158607/branch=0/episode=1/product=OREO VANILLA 110.4/105G/period=13/state=34cd6d4d37aa: teacher rows do not contain constraint_features_json",
    "base_a__normal_global__seed1373158607/branch=0/episode=1/product=OREO VANILLA 110.4/105G/period=14/state=34cd6d4d37aa: teacher rows do not contain constraint_features_json",
    "base_a__normal_global__seed1373158607/branch=0/episode=1/product=OREO VANILLA 110.4/105G/period=15/state=34cd6d4d37aa: teacher rows do not contain constraint_features_json",
    "base_a__normal_global__seed1373158607/branch=0/episode=1/product=OREO VANILLA 110.4/105G/period=16/state=34cd6d4d37aa: teacher rows do not contain constraint_features_json",
    "base_a__normal_global__seed1373158607/branch=0/episode=1/product=OREO VANILLA 110.4/105G/period=17/state=34cd6d4d37aa: teacher rows do not contain constraint_features_json",
    "base_a__normal_global__seed1373158607/branch=0/episode=1/product=OREO VANILLA 110.4/105G/period=18/state=34cd6d4d37aa: teacher rows do not contain constraint_features_json",
    "base_a__normal_global__seed1373158607/branch=0/episode=1/product=OREO VANILLA 110.4/105G/period=19/state=34cd6d4d37aa: teacher rows do not contain constraint_features_json",
    "base_a__normal_global__seed1373158607/branch=0/episode=1/product=OREO VANILLA 110.4/105G/period=20/state=34cd6d4d37aa: teacher rows do not contain constraint_features_json",
    "base_a__normal_global__seed1373158607/branch=0/episode=1/product=OREO VANILLA 110.4/105G/period=21/state=34cd6d4d37aa: teacher rows do not contain constraint_features_json",
    "base_a__normal_global__seed1373158607/branch=0/episode=1/product=OREO VANILLA 110.4/105G/period=22/state=34cd6d4d37aa: teacher rows do not contain constraint_features_json",
    "base_a__normal_global__seed1373158607/branch=0/episode=1/product=OREO VANILLA 110.4/105G/period=23/state=34cd6d4d37aa: teacher rows do not contain constraint_features_json",
    "base_a__normal_global__seed1373158607/branch=0/episode=1/product=OREO VANILLA 110.4/105G/period=24/state=34cd6d4d37aa: teacher rows do not contain constraint_features_json",
    "base_a__normal_global__seed1373158607/branch=0/episode=1/product=OREO VANILLA 110.4/105G/period=25/state=34cd6d4d37aa: teacher rows do not contain constraint_features_json",
    "base_a__normal_global__seed1373158607/branch=0/episode=1/product=OREO VANILLA 110.4/105G/period=26/state=34cd6d4d37aa: teacher rows do not contain constraint_features_json",
    "base_a__normal_global__seed1373158607/branch=0/episode=1/product=OREO VANILLA 110.4/105G/period=27/state=34cd6d4d37aa: teacher rows do not contain constraint_features_json",
    "base_a__normal_global__seed1373158607/branch=0/episode=1/product=OREO VANILLA 110.4/105G/period=28/state=34cd6d4d37aa: teacher rows do not contain constraint_features_json",
    "base_a__normal_global__seed1373158607/branch=0/episode=1/product=OREO VANILLA 110.4/105G/period=29/state=34cd6d4d37aa: teacher rows do not contain constraint_features_json",
    "base_a__normal_global__seed1373158607/branch=0/episode=1/product=OREO VANILLA 110.4/105G/period=30/state=34cd6d4d37aa: teacher rows do not contain constraint_features_json",
    "base_a__normal_global__seed1373158607/branch=0/episode=1/product=OREO VANILLA 110.4/105G/period=31/state=34cd6d4d37aa: teacher rows do not contain constraint_features_json",
    "base_a__normal_global__seed1373158607/branch=0/episode=1/product=OREO VANILLA 110.4/105G/period=32/state=34cd6d4d37aa: teacher rows do not contain constraint_features_json",
    "base_a__normal_global__seed1373158607/branch=0/episode=1/product=OREO VANILLA 110.4/105G/period=33/state=34cd6d4d37aa: teacher rows do not contain constraint_features_json",
    "base_a__normal_global__seed1373158607/branch=0/episode=1/product=OREO VANILLA 110.4/105G/period=34/state=34cd6d4d37aa: teacher rows do not contain constraint_features_json",
    "base_a__normal_global__seed1373158607/branch=0/episode=1/product=OREO VANILLA 110.4/105G/period=35/state=34cd6d4d37aa: teacher rows do not contain constraint_features_json",
    "base_a__normal_global__seed1373158607/branch=0/episode=1/product=OREO VANILLA 110.4/105G/period=36/state=34cd6d4d37aa: teacher rows do not contain constraint_features_json",
    "base_a__normal_global__seed1373158607/branch=0/episode=1/product=OREO VANILLA 110.4/105G/period=37/state=34cd6d4d37aa: teacher rows do not contain constraint_features_json",
    "base_a__normal_global__seed1373158607/branch=0/episode=1/product=OREO VANILLA 110.4/105G/period=38/state=34cd6d4d37aa: teacher rows do not contain constraint_features_json",
    "base_a__normal_global__seed1373158607/branch=0/episode=1/product=OREO VANILLA 110.4/105G/period=39/state=34cd6d4d37aa: teacher rows do not contain constraint_features_json",
    "base_a__normal_global__seed1373158607/branch=0/episode=1/product=OREO VANILLA 110.4/105G/period=40/state=34cd6d4d37aa: teacher rows do not contain constraint_features_json",
    "base_a__normal_global__seed1373158607/branch=0/episode=1/product=OREO VANILLA 110.4/105G/period=41/state=34cd6d4d37aa: teacher rows do not contain constraint_features_json",
    "base_a__normal_global__seed1373158607/branch=0/episode=1/product=OREO VANILLA 110.4/105G/period=42/state=34cd6d4d37aa: teacher rows do not contain constraint_features_json",
    "base_a__normal_global__seed1373158607/branch=0/episode=1/product=OREO VANILLA 110.4/105G/period=43/state=34cd6d4d37aa: teacher rows do not contain constraint_features_json",
    "base_a__normal_global__seed1373158607/branch=0/episode=1/product=OREO VANILLA 110.4/105G/period=44/state=34cd6d4d37aa: teacher rows do not contain constraint_features_json",
    "base_a__normal_global__seed1373158607/branch=0/episode=1/product=OREO VANILLA 110.4/105G/period=45/state=34cd6d4d37aa: teacher rows do not contain constraint_features_json",
    "base_a__normal_global__seed1373158607/branch=0/episode=1/product=OREO VANILLA 110.4/105G/period=46/state=34cd6d4d37aa: teacher rows do not contain constraint_features_json",
    "base_a__normal_global__seed1373158607/branch=0/episode=1/product=OREO VANILLA 110.4/105G/period=47/state=34cd6d4d37aa: teacher rows do not contain constraint_features_json",
    "base_a__normal_global__seed1373158607/branch=0/episode=1/product=OREO VANILLA 110.4/105G/period=48/state=34cd6d4d37aa: teacher rows do not contain constraint_features_json",
    "base_a__normal_global__seed1373158607/branch=0/episode=1/product=OREO VANILLA 110.4/105G/period=49/state=34cd6d4d37aa: teacher rows do not contain constraint_features_json",
    "base_a__normal_global__seed1373158607/branch=0/episode=1/product=OREO VANILLA 110.4/105G/period=50/state=34cd6d4d37aa: teacher rows do not contain constraint_features_json",
    "base_a__normal_global__seed1373158607/branch=0/episode=1/product=OREO VANILLA 110.4/105G/period=51/state=34cd6d4d37aa: teacher rows do not contain constraint_features_json",
    "base_a__normal_global__seed1373158607/branch=0/episode=1/product=OREO VANILLA 110.4/105G/period=52/state=34cd6d4d37aa: teacher rows do not contain constraint_features_json",
    "base_a__normal_global__seed1373158607/branch=0/episode=1/product=OREO VANILLA 110.4/105G/period=53/state=34cd6d4d37aa: teacher rows do not contain constraint_features_json",
    "base_a__normal_global__seed1373158607/branch=0/episode=1/product=OREO VANILLA 110.4/105G/period=54/state=34cd6d4d37aa: teacher rows do not contain constraint_features_json",
    "base_a__normal_global__seed1373158607/branch=0/episode=1/product=OREO VANILLA 110.4/105G/period=55/state=34cd6d4d37aa: teacher rows do not contain constraint_features_json",
    "base_a__normal_global__seed1373158607/branch=0/episode=1/product=OREO VANILLA 110.4/105G/period=56/state=34cd6d4d37aa: teacher rows do not contain constraint_features_json",
    "base_a__normal_global__seed1373158607/branch=0/episode=1/product=OREO VANILLA 110.4/105G/period=57/state=34cd6d4d37aa: teacher rows do not contain constraint_features_json",
    "base_a__normal_global__seed1373158607/branch=0/episode=1/product=OREO VANILLA 110.4/105G/period=58/state=34cd6d4d37aa: teacher rows do not contain constraint_features_json",
    "base_a__normal_global__seed1373158607/branch=0/episode=1/product=OREO VANILLA 110.4/105G/period=59/state=34cd6d4d37aa: teacher rows do not contain constraint_features_json",
    "base_a__normal_global__seed1373158607/branch=0/episode=1/product=OREO VANILLA 110.4/105G/period=60/state=34cd6d4d37aa: teacher rows do not contain constraint_features_json",
    "base_a__normal_global__seed1373158607/branch=0/episode=1/product=OREO VANILLA 110.4/105G/period=61/state=34cd6d4d37aa: teacher rows do not contain constraint_features_json",
    "base_a__normal_global__seed1373158607/branch=0/episode=1/product=OREO VANILLA 110.4/105G/period=62/state=34cd6d4d37aa: teacher rows do not contain constraint_features_json",
    "base_a__normal_global__seed1373158607/branch=0/episode=1/product=OREO VANILLA 110.4/105G/period=63/state=34cd6d4d37aa: teacher rows do not contain constraint_features_json",
    "base_a__normal_global__seed1373158607/branch=0/episode=1/product=OREO VANILLA 110.4/105G/period=64/state=34cd6d4d37aa: teacher rows do not contain constraint_features_json",
    "base_a__normal_global__seed1373158607/branch=0/episode=1/product=OREO VANILLA 110.4/105G/period=65/state=34cd6d4d37aa: teacher rows do not contain constraint_features_json",
    "base_a__normal_global__seed1373158607/branch=0/episode=1/product=OREO VANILLA 110.4/105G/period=66/state=34cd6d4d37aa: teacher rows do not contain constraint_features_json",
    "base_a__normal_global__seed1373158607/branch=0/episode=1/product=OREO VANILLA 110.4/105G/period=67/state=34cd6d4d37aa: teacher rows do not contain constraint_features_json",
    "base_a__normal_global__seed1373158607/branch=0/episode=1/product=OREO VANILLA 110.4/105G/period=68/state=34cd6d4d37aa: teacher rows do not contain constraint_features_json",
    "base_a__normal_global__seed1373158607/branch=0/episode=1/product=OREO VANILLA 110.4/105G/period=69/state=34cd6d4d37aa: teacher rows do not contain constraint_features_json",
    "base_a__normal_global__seed1373158607/branch=0/episode=1/product=OREO VANILLA 110.4/105G/period=70/state=34cd6d4d37aa: teacher rows do not contain constraint_features_json",
    "base_a__normal_global__seed1373158607/branch=0/episode=1/product=OREO VANILLA 110.4/105G/period=71/state=34cd6d4d37aa: teacher rows do not contain constraint_features_json",
    "base_a__normal_global__seed1373158607/branch=0/episode=1/product=OREO VANILLA 110.4/105G/period=72/state=34cd6d4d37aa: teacher rows do not contain constraint_features_json",
    "base_a__normal_global__seed1373158607/branch=0/episode=1/product=OREO VANILLA 110.4/105G/period=73/state=34cd6d4d37aa: teacher rows do not contain constraint_features_json",
    "base_a__normal_global__seed1373158607/branch=0/episode=1/product=OREO VANILLA 110.4/105G/period=74/state=34cd6d4d37aa: teacher rows do not contain constraint_features_json",
    "base_a__normal_global__seed1373158607/branch=0/episode=1/product=OREO VANILLA 110.4/105G/period=75/state=34cd6d4d37aa: teacher rows do not contain constraint_features_json",
    "base_a__normal_global__seed1373158607/branch=0/episode=1/product=OREO VANILLA 110.4/105G/period=80/state=34cd6d4d37aa: teacher rows do not contain constraint_features_json",
    "base_a__normal_global__seed1373158607/branch=0/episode=1/product=OREO VANILLA 110.4/105G/period=82/state=34cd6d4d37aa: teacher rows do not contain constraint_features_json",
    "base_a__normal_global__seed1373158607/branch=0/episode=1/product=OREO VANILLA 110.4/105G/period=83/state=34cd6d4d37aa: teacher rows do not contain constraint_features_json",
    "base_a__normal_global__seed1373158607/branch=0/episode=1/product=OREO VANILLA 110.4/105G/period=84/state=34cd6d4d37aa: teacher rows do not contain constraint_features_json",
    "base_a__normal_global__seed1373158607/branch=0/episode=1/product=OREO VANILLA 110.4/105G/period=85/state=34cd6d4d37aa: teacher rows do not contain constraint_features_json",
    "base_a__normal_global__seed1373158607/branch=0/episode=1/product=OREO VANILLA 110.4/105G/period=86/state=34cd6d4d37aa: teacher rows do not contain constraint_features_json",
    "base_a__normal_global__seed1373158607/branch=0/episode=1/product=OREO VANILLA 110.4/105G/period=87/state=34cd6d4d37aa: teacher rows do not contain constraint_features_json",
    "base_a__normal_global__seed1373158607/branch=0/episode=1/product=OREO VANILLA 110.4/105G/period=88/state=34cd6d4d37aa: teacher rows do not contain constraint_features_json",
    "base_a__normal_global__seed1373158607/branch=0/episode=1/product=OREO VANILLA 110.4/105G/period=89/state=34cd6d4d37aa: teacher rows do not contain constraint_features_json",
    "base_a__normal_global__seed1373158607/branch=0/episode=1/product=OREO VANILLA 110.4/105G/period=90/state=34cd6d4d37aa: teacher rows do not contain constraint_features_json",
    "base_a__normal_global__seed1373158607/branch=0/episode=1/product=OREO VANILLA 110.4/105G/period=91/state=34cd6d4d37aa: teacher rows do not contain constraint_features_json",
    "base_a__normal_global__seed1373158607/branch=0/episode=1/product=OREO VANILLA 110.4/105G/period=92/state=34cd6d4d37aa: teacher rows do not contain constraint_features_json",
    "base_a__normal_global__seed1373158607/branch=0/episode=1/product=OREO VANILLA 110.4/105G/period=93/state=34cd6d4d37aa: teacher rows do not contain constraint_features_json",
    "base_a__normal_global__seed1373158607/branch=0/episode=1/product=OREO VANILLA 110.4/105G/period=94/state=34cd6d4d37aa: teacher rows do not contain constraint_features_json",
    "base_a__normal_global__seed1373158607/branch=0/episode=1/product=OREO VANILLA 110.4/105G/period=95/state=34cd6d4d37aa: teacher rows do not contain constraint_features_json",
    "base_a__normal_global__seed1373158607/branch=0/episode=1/product=OREO VANILLA 110.4/105G/period=96/state=34cd6d4d37aa: teacher rows do not contain constraint_features_json",
    "base_a__normal_global__seed1373158607/branch=0/episode=1/product=OREO VANILLA 110.4/105G/period=97/state=34cd6d4d37aa: teacher rows do not contain constraint_features_json",
    "base_a__normal_global__seed1373158607/branch=0/episode=1/product=OREO VANILLA 110.4/105G/period=98/state=34cd6d4d37aa: teacher rows do not contain constraint_features_json",
    "base_a__normal_global__seed1373158607/branch=0/episode=1/product=OREO VANILLA 110.4/105G/period=99/state=34cd6d4d37aa: teacher rows do not contain constraint_features_json",
    "base_a__normal_global__seed1373158607/branch=0/episode=1/product=OREO VANILLA 110.4/105G/period=100/state=34cd6d4d37aa: teacher rows do not contain constraint_features_json",
    "base_a__normal_global__seed1373158607/branch=0/episode=1/product=OREO VANILLA 110.4/105G/period=101/state=34cd6d4d37aa: teacher rows do not contain constraint_features_json",
    "base_a__normal_global__seed1373158607/branch=0/episode=1/product=OREO VANILLA 110.4/105G/period=102/state=34cd6d4d37aa: teacher rows do not contain constraint_features_json",
    "base_a__normal_global__seed1373158607/branch=0/episode=1/product=OREO VANILLA 110.4/105G/period=103/state=34cd6d4d37aa: teacher rows do not contain constraint_features_json",
    "base_a__normal_global__seed1373158607/branch=0/episode=1/product=OREO VANILLA 110.4/105G/period=104/state=34cd6d4d37aa: teacher rows do not contain constraint_features_json",
    "base_a__normal_global__seed1373158607/branch=0/episode=1/product=OREO VANILLA 110.4/105G/period=105/state=34cd6d4d37aa: teacher rows do not contain constraint_features_json",
    "base_a__normal_global__seed1373158607/branch=0/episode=1/product=OREO VANILLA 110.4/105G/period=106/state=34cd6d4d37aa: teacher rows do not contain constraint_features_json",
    "base_a__normal_global__seed1373158607/branch=0/episode=1/product=OREO VANILLA 110.4/105G/period=107/state=34cd6d4d37aa: teacher rows do not contain constraint_features_json",
    "base_a__normal_global__seed1373158607/branch=0/episode=1/product=OREO VANILLA 110.4/105G/period=108/state=34cd6d4d37aa: teacher rows do not contain constraint_features_json",
    "base_a__normal_global__seed1373158607/branch=0/episode=1/product=OREO VANILLA 110.4/105G/period=109/state=34cd6d4d37aa: teacher rows do not contain constraint_features_json",
    "base_a__normal_global__seed1373158607/branch=0/episode=1/product=OREO VANILLA 110.4/105G/period=110/state=34cd6d4d37aa: teacher rows do not contain constraint_features_json",
    "base_a__normal_global__seed1373158607/branch=0/episode=1/product=OREO VANILLA 110.4/105G/period=111/state=34cd6d4d37aa: teacher rows do not contain constraint_features_json",
    "base_a__normal_global__seed1373158607/branch=0/episode=1/product=OREO VANILLA 110.4/105G/period=112/state=34cd6d4d37aa: teacher rows do not contain constraint_features_json",
    "base_a__normal_global__seed1373158607/branch=0/episode=1/product=OREO VANILLA 110.4/105G/period=113/state=34cd6d4d37aa: teacher rows do not contain constraint_features_json",
    "base_a__normal_global__seed1373158607/branch=0/episode=1/product=OREO VANILLA 110.4/105G/period=114/state=34cd6d4d37aa: teacher rows do not contain constraint_features_json",
    "base_a__normal_global__seed1373158607/branch=0/episode=1/product=OREO VANILLA 110.4/105G/period=115/state=34cd6d4d37aa: teacher rows do not contain constraint_features_json",
    "base_a__normal_global__seed1373158607/branch=0/episode=1/product=OREO VANILLA 110.4/105G/period=116/state=34cd6d4d37aa: teacher rows do not contain constraint_features_json",
    "base_a__normal_global__seed1373158607/branch=0/episode=1/product=OREO VANILLA 110.4/105G/period=117/state=34cd6d4d37aa: teacher rows do not contain constraint_features_json",
    "base_a__normal_global__seed1373158607/branch=0/episode=1/product=OREO VANILLA 110.4/105G/period=118/state=34cd6d4d37aa: teacher rows do not contain constraint_features_json",
    "base_a__normal_global__seed1373158607/branch=0/episode=1/product=OREO VANILLA 110.4/105G/period=119/state=34cd6d4d37aa: teacher rows do not contain constraint_features_json",
    "base_a__normal_global__seed1373158607/branch=0/episode=1/product=OREO VANILLA 110.4/105G/period=120/state=34cd6d4d37aa: teacher rows do not contain constraint_features_json",
    "base_a__normal_global__seed1373158607/branch=0/episode=1/product=OREO VANILLA 110.4/105G/period=121/state=34cd6d4d37aa: teacher rows do not contain constraint_features_json",
    "base_a__normal_global__seed1373158607/branch=0/episode=1/product=OREO VANILLA 110.4/105G/period=122/state=34cd6d4d37aa: teacher rows do not contain constraint_features_json",
    "base_a__normal_global__seed1373158607/branch=0/episode=1/product=OREO VANILLA 110.4/105G/period=123/state=34cd6d4d37aa: teacher rows do not contain constraint_features_json",
    "base_a__normal_global__seed1373158607/branch=0/episode=1/product=OREO VANILLA 110.4/105G/period=124/state=34cd6d4d37aa: teacher rows do not contain constraint_features_json",
    "base_a__normal_global__seed1373158607/branch=0/episode=1/product=OREO VANILLA 110.4/105G/period=125/state=34cd6d4d37aa: teacher rows do not contain constraint_features_json",
    "base_a__normal_global__seed1373158607/branch=0/episode=1/product=OREO VANILLA 110.4/105G/period=126/state=34cd6d4d37aa: teacher rows do not contain constraint_features_json",
    "base_a__normal_global__seed1373158607/branch=0/episode=1/product=OREO VANILLA 110.4/105G/period=127/state=34cd6d4d37aa: teacher rows do not contain constraint_features_json",
    "base_a__normal_global__seed1373158607/branch=0/episode=1/product=OREO VANILLA 110.4/105G/period=128/state=34cd6d4d37aa: teacher rows do not contain constraint_features_json",
    "base_a__normal_global__seed1373158607/branch=0/episode=1/product=OREO VANILLA 110.4/105G/period=129/state=34cd6d4d37aa: teacher rows do not contain constraint_features_json",
    "base_a__normal_global__seed1373158607/branch=0/episode=1/product=OREO VANILLA 110.4/105G/period=130/state=34cd6d4d37aa: teacher rows do not contain constraint_features_json",
    "base_a__normal_global__seed1373158607/branch=0/episode=1/product=OREO VANILLA 110.4/105G/period=131/state=34cd6d4d37aa: teacher rows do not contain constraint_features_json",
    "base_a__normal_global__seed1373158607/branch=0/episode=1/product=OREO VANILLA 110.4/105G/period=132/state=34cd6d4d37aa: teacher rows do not contain constraint_features_json",
    "base_a__normal_global__seed1373158607/branch=0/episode=1/product=OREO VANILLA 110.4/105G/period=133/state=34cd6d4d37aa: teacher rows do not contain constraint_features_json",
    "base_a__normal_global__seed1373158607/branch=0/episode=1/product=OREO VANILLA 110.4/105G/period=134/state=34cd6d4d37aa: teacher rows do not contain constraint_features_json",
    "base_a__normal_global__seed1373158607/branch=0/episode=1/product=OREO VANILLA 110.4/105G/period=135/state=34cd6d4d37aa: teacher rows do not contain constraint_features_json",
    "base_a__normal_global__seed1373158607/branch=0/episode=1/product=OREO VANILLA 110.4/105G/period=136/state=34cd6d4d37aa: teacher rows do not contain constraint_features_json",
    "base_a__normal_global__seed1373158607/branch=0/episode=1/product=OREO VANILLA 110.4/105G/period=137/state=34cd6d4d37aa: teacher rows do not contain constraint_features_json",
    "base_a__normal_global__seed1373158607/branch=0/episode=1/product=OREO VANILLA 110.4/105G/period=138/state=34cd6d4d37aa: teacher rows do not contain constraint_features_json",
    "base_a__normal_global__seed1373158607/branch=0/episode=1/product=OREO VANILLA 110.4/105G/period=139/state=34cd6d4d37aa: teacher rows do not contain constraint_features_json",
    "base_a__normal_global__seed1373158607/branch=0/episode=1/product=OREO VANILLA 110.4/105G/period=140/state=34cd6d4d37aa: teacher rows do not contain constraint_features_json",
    "base_a__normal_global__seed1373158607/branch=0/episode=1/product=OREO VANILLA 110.4/105G/period=141/state=34cd6d4d37aa: teacher rows do not contain constraint_features_json",
    "base_a__normal_global__seed1373158607/branch=0/episode=1/product=OREO VANILLA 110.4/105G/period=142/state=34cd6d4d37aa: teacher rows do not contain constraint_features_json",
    "base_a__normal_global__seed1373158607/branch=0/episode=1/product=OREO VANILLA 110.4/105G/period=143/state=34cd6d4d37aa: teacher rows do not contain constraint_features_json",
    "base_a__normal_global__seed1373158607/branch=0/episode=1/product=OREO VANILLA 110.4/105G/period=144/state=34cd6d4d37aa: teacher rows do not contain constraint_features_json",
    "base_a__normal_global__seed1373158607/branch=0/episode=1/product=OREO VANILLA 110.4/105G/period=145/state=34cd6d4d37aa: teacher rows do not contain constraint_features_json",
    "base_a__normal_global__seed1373158607/branch=0/episode=1/product=OREO VANILLA 110.4/105G/period=146/state=34cd6d4d37aa: teacher rows do not contain constraint_features_json",
    "base_a__normal_global__seed1373158607/branch=0/episode=1/product=OREO VANILLA 110.4/105G/period=147/state=34cd6d4d37aa: teacher rows do not contain constraint_features_json",
    "base_a__normal_global__seed1373158607/branch=0/episode=1/product=OREO VANILLA 110.4/105G/period=148/state=34cd6d4d37aa: teacher rows do not contain constraint_features_json",
    "base_a__normal_global__seed1373158607/branch=0/episode=1/product=OREO VANILLA 110.4/105G/period=149/state=34cd6d4d37aa: teacher rows do not contain constraint_features_json",
    "base_a__normal_global__seed1373158607/branch=0/episode=1/product=OREO VANILLA 110.4/105G/period=150/state=34cd6d4d37aa: teacher rows do not contain constraint_features_json",
    "base_a__normal_global__seed1373158607/branch=0/episode=2/product=AN RICE CRACKER SEAWEED 111.3G/period=18/state=f3c18cddefac: teacher rows do not contain constraint_features_json",
    "base_a__normal_global__seed1373158607/branch=0/episode=2/product=AN RICE CRACKER SEAWEED 111.3G/period=21/state=f3c18cddefac: teacher rows do not contain constraint_features_json",
    "base_a__normal_global__seed1373158607/branch=0/episode=2/product=AN RICE CRACKER SEAWEED 111.3G/period=28/state=f3c18cddefac: teacher rows do not contain constraint_features_json",
    "base_a__normal_global__seed1373158607/branch=0/episode=2/product=AN RICE CRACKER SEAWEED 111.3G/period=37/state=f3c18cddefac: teacher rows do not contain constraint_features_json",
    "base_a__normal_global__seed1373158607/branch=0/episode=2/product=AN RICE CRACKER SEAWEED 111.3G/period=38/state=f3c18cddefac: teacher rows do not contain constraint_features_json",
    "base_a__normal_global__seed1373158607/branch=0/episode=2/product=AN RICE CRACKER SEAWEED 111.3G/period=51/state=f3c18cddefac: teacher rows do not contain constraint_features_json",
    "base_a__normal_global__seed1373158607/branch=0/episode=2/product=AN RICE CRACKER SEAWEED 111.3G/period=60/state=f3c18cddefac: teacher rows do not contain constraint_features_json",
    "base_a__normal_global__seed1373158607/branch=0/episode=2/product=AN RICE CRACKER SEAWEED 111.3G/period=61/state=f3c18cddefac: teacher rows do not contain constraint_features_json",
    "base_a__normal_global__seed1373158607/branch=0/episode=2/product=AN RICE CRACKER SEAWEED 111.3G/period=83/state=f3c18cddefac: teacher rows do not contain constraint_features_json",
    "base_a__normal_global__seed1373158607/branch=0/episode=2/product=AN RICE CRACKER SEAWEED 111.3G/period=88/state=f3c18cddefac: teacher rows do not contain constraint_features_json",
    "base_a__normal_global__seed1373158607/branch=0/episode=2/product=AN RICE CRACKER SEAWEED 111.3G/period=96/state=f3c18cddefac: teacher rows do not contain constraint_features_json",
    "base_a__normal_global__seed1373158607/branch=0/episode=2/product=AN RICE CRACKER SEAWEED 111.3G/period=101/state=f3c18cddefac: teacher rows do not contain constraint_features_json",
    "base_a__normal_global__seed1373158607/branch=0/episode=2/product=AN RICE CRACKER SEAWEED 111.3G/period=106/state=f3c18cddefac: teacher rows do not contain constraint_features_json",
    "base_a__normal_global__seed1373158607/branch=0/episode=2/product=AN RICE CRACKER SEAWEED 111.3G/period=117/state=f3c18cddefac: teacher rows do not contain constraint_features_json",
    "base_a__normal_global__seed1373158607/branch=0/episode=2/product=OREO VANILLA 110.4/105G/period=16/state=f3c18cddefac: teacher rows do not contain constraint_features_json",
    "base_a__normal_global__seed1373158607/branch=0/episode=2/product=OREO VANILLA 110.4/105G/period=26/state=f3c18cddefac: teacher rows do not contain constraint_features_json",
    "base_a__normal_global__seed1373158607/branch=0/episode=2/product=OREO VANILLA 110.4/105G/period=34/state=f3c18cddefac: teacher rows do not contain constraint_features_json",
    "base_a__normal_global__seed1373158607/branch=0/episode=2/product=OREO VANILLA 110.4/105G/period=36/state=f3c18cddefac: teacher rows do not contain constraint_features_json",
    "base_a__normal_global__seed1373158607/branch=0/episode=2/product=OREO VANILLA 110.4/105G/period=51/state=f3c18cddefac: teacher rows do not contain constraint_features_json",
    "base_a__normal_global__seed1373158607/branch=0/episode=2/product=OREO VANILLA 110.4/105G/period=88/state=f3c18cddefac: teacher rows do not contain constraint_features_json",
    "base_a__normal_global__seed1373158607/branch=0/episode=2/product=OREO VANILLA 110.4/105G/period=101/state=f3c18cddefac: teacher rows do not contain constraint_features_json",
    "base_a__normal_global__seed1373158607/branch=0/episode=2/product=OREO VANILLA 110.4/105G/period=106/state=f3c18cddefac: teacher rows do not contain constraint_features_json",
    "base_a__normal_global__seed1373158607/branch=0/episode=2/product=OREO VANILLA 110.4/105G/period=112/state=f3c18cddefac: teacher rows do not contain constraint_features_json",
    "base_a__normal_global__seed1373158607/branch=0/episode=2/product=OREO VANILLA 110.4/105G/period=144/state=f3c18cddefac: teacher rows do not contain constraint_features_json",
    "base_a__normal_global__seed1373158607/branch=0/episode=2/product=OREO VANILLA 110.4/105G/period=145/state=f3c18cddefac: teacher rows do not contain constraint_features_json",
    "base_a__normal_global__seed1373158607/branch=0/episode=3/product=OREO VANILLA 110.4/105G/period=34/state=131ebe6ac894: teacher rows do not contain constraint_features_json",
    "base_a__normal_global__seed1373158607/branch=6/episode=1/product=OREO VANILLA 110.4/105G/period=34/state=75f9a72038bb: teacher rows do not contain constraint_features_json",
    "base_a__normal_global__seed1373158607/branch=8/episode=1/product=OREO VANILLA 110.4/105G/period=34/state=75f9a72038bb: teacher rows do not contain constraint_features_json",
    "base_a__normal_global__seed1373158607/branch=10/episode=1/product=OREO VANILLA 110.4/105G/period=34/state=75f9a72038bb: teacher rows do not contain constraint_features_json",
    "base_a__normal_global__seed1373158607/branch=12/episode=1/product=OREO VANILLA 110.4/105G/period=34/state=75f9a72038bb: teacher rows do not contain constraint_features_json",
    "base_a__normal_global__seed1373158607/branch=11/episode=1/product=OREO VANILLA 110.4/105G/period=34/state=75f9a72038bb: teacher rows do not contain constraint_features_json",
    "base_a__normal_global__seed1373158607/branch=9/episode=1/product=OREO VANILLA 110.4/105G/period=34/state=75f9a72038bb: teacher rows do not contain constraint_features_json",
    "base_a__normal_global__seed1373158607/branch=14/episode=1/product=OREO VANILLA 110.4/105G/period=34/state=75f9a72038bb: teacher rows do not contain constraint_features_json",
    "base_a__normal_global__seed1373158607/branch=13/episode=1/product=OREO VANILLA 110.4/105G/period=34/state=75f9a72038bb: teacher rows do not contain constraint_features_json",
    "base_a__normal_global__seed1373158607/branch=7/episode=1/product=OREO VANILLA 110.4/105G/period=34/state=75f9a72038bb: teacher rows do not contain constraint_features_json",
    "base_a__normal_global__seed1373158607/branch=16/episode=1/product=OREO VANILLA 110.4/105G/period=34/state=75f9a72038bb: teacher rows do not contain constraint_features_json",
    "base_a__normal_global__seed1373158607/branch=17/episode=1/product=OREO VANILLA 110.4/105G/period=34/state=75f9a72038bb: teacher rows do not contain constraint_features_json",
    "base_a__sku_spike__seed53710185/branch=0/episode=1/product=AN RICE CRACKER SEAWEED 111.3G/period=6/state=524753078565: teacher rows do not contain constraint_features_json",
    "base_a__sku_spike__seed53710185/branch=0/episode=1/product=AN RICE CRACKER SEAWEED 111.3G/period=7/state=524753078565: teacher rows do not contain constraint_features_json",
    "base_a__sku_spike__seed53710185/branch=0/episode=1/product=AN RICE CRACKER SEAWEED 111.3G/period=8/state=524753078565: teacher rows do not contain constraint_features_json",
    "base_a__sku_spike__seed53710185/branch=0/episode=1/product=AN RICE CRACKER SEAWEED 111.3G/period=9/state=524753078565: teacher rows do not contain constraint_features_json",
    "base_a__sku_spike__seed53710185/branch=0/episode=1/product=AN RICE CRACKER SEAWEED 111.3G/period=10/state=524753078565: teacher rows do not contain constraint_features_json",
    "base_a__sku_spike__seed53710185/branch=0/episode=1/product=AN RICE CRACKER SEAWEED 111.3G/period=11/state=524753078565: teacher rows do not contain constraint_features_json",
    "base_a__sku_spike__seed53710185/branch=0/episode=1/product=AN RICE CRACKER SEAWEED 111.3G/period=12/state=524753078565: teacher rows do not contain constraint_features_json",
    "base_a__sku_spike__seed53710185/branch=0/episode=1/product=AN RICE CRACKER SEAWEED 111.3G/period=13/state=524753078565: teacher rows do not contain constraint_features_json",
    "base_a__sku_spike__seed53710185/branch=0/episode=1/product=AN RICE CRACKER SEAWEED 111.3G/period=14/state=524753078565: teacher rows do not contain constraint_features_json",
    "base_a__sku_spike__seed53710185/branch=0/episode=1/product=AN RICE CRACKER SEAWEED 111.3G/period=15/state=524753078565: teacher rows do not contain constraint_features_json",
    "base_a__sku_spike__seed53710185/branch=0/episode=1/product=AN RICE CRACKER SEAWEED 111.3G/period=16/state=524753078565: teacher rows do not contain constraint_features_json",
    "base_a__sku_spike__seed53710185/branch=0/episode=1/product=AN RICE CRACKER SEAWEED 111.3G/period=17/state=524753078565: teacher rows do not contain constraint_features_json",
    "base_a__sku_spike__seed53710185/branch=0/episode=1/product=AN RICE CRACKER SEAWEED 111.3G/period=18/state=524753078565: teacher rows do not contain constraint_features_json",
    "base_a__sku_spike__seed53710185/branch=0/episode=1/product=AN RICE CRACKER SEAWEED 111.3G/period=19/state=524753078565: teacher rows do not contain constraint_features_json",
    "base_a__sku_spike__seed53710185/branch=0/episode=1/product=AN RICE CRACKER SEAWEED 111.3G/period=20/state=524753078565: teacher rows do not contain constraint_features_json",
    "base_a__sku_spike__seed53710185/branch=0/episode=1/product=AN RICE CRACKER SEAWEED 111.3G/period=21/state=524753078565: teacher rows do not contain constraint_features_json",
    "base_a__sku_spike__seed53710185/branch=0/episode=1/product=AN RICE CRACKER SEAWEED 111.3G/period=22/state=524753078565: teacher rows do not contain constraint_features_json",
    "base_a__sku_spike__seed53710185/branch=0/episode=1/product=AN RICE CRACKER SEAWEED 111.3G/period=23/state=524753078565: teacher rows do not contain constraint_features_json",
    "base_a__sku_spike__seed53710185/branch=0/episode=1/product=AN RICE CRACKER SEAWEED 111.3G/period=24/state=524753078565: teacher rows do not contain constraint_features_json",
    "base_a__sku_spike__seed53710185/branch=0/episode=1/product=AN RICE CRACKER SEAWEED 111.3G/period=25/state=524753078565: teacher rows do not contain constraint_features_json",
    "base_a__sku_spike__seed53710185/branch=0/episode=1/product=AN RICE CRACKER SEAWEED 111.3G/period=26/state=524753078565: teacher rows do not contain constraint_features_json",
    "base_a__sku_spike__seed53710185/branch=0/episode=1/product=AN RICE CRACKER SEAWEED 111.3G/period=27/state=524753078565: teacher rows do not contain constraint_features_json",
    "base_a__sku_spike__seed53710185/branch=0/episode=1/product=AN RICE CRACKER SEAWEED 111.3G/period=28/state=524753078565: teacher rows do not contain constraint_features_json",
    "base_a__sku_spike__seed53710185/branch=0/episode=1/product=AN RICE CRACKER SEAWEED 111.3G/period=29/state=524753078565: teacher rows do not contain constraint_features_json",
    "base_a__sku_spike__seed53710185/branch=0/episode=1/product=AN RICE CRACKER SEAWEED 111.3G/period=30/state=524753078565: teacher rows do not contain constraint_features_json",
    "base_a__sku_spike__seed53710185/branch=0/episode=1/product=AN RICE CRACKER SEAWEED 111.3G/period=31/state=524753078565: teacher rows do not contain constraint_features_json",
    "base_a__sku_spike__seed53710185/branch=0/episode=1/product=AN RICE CRACKER SEAWEED 111.3G/period=32/state=524753078565: teacher rows do not contain constraint_features_json",
    "base_a__sku_spike__seed53710185/branch=0/episode=1/product=AN RICE CRACKER SEAWEED 111.3G/period=33/state=524753078565: teacher rows do not contain constraint_features_json",
    "base_a__sku_spike__seed53710185/branch=0/episode=1/product=AN RICE CRACKER SEAWEED 111.3G/period=34/state=524753078565: teacher rows do not contain constraint_features_json",
    "base_a__sku_spike__seed53710185/branch=0/episode=1/product=AN RICE CRACKER SEAWEED 111.3G/period=35/state=524753078565: teacher rows do not contain constraint_features_json",
    "base_a__sku_spike__seed53710185/branch=0/episode=1/product=AN RICE CRACKER SEAWEED 111.3G/period=36/state=524753078565: teacher rows do not contain constraint_features_json",
    "base_a__sku_spike__seed53710185/branch=0/episode=1/product=AN RICE CRACKER SEAWEED 111.3G/period=37/state=524753078565: teacher rows do not contain constraint_features_json",
    "base_a__sku_spike__seed53710185/branch=0/episode=1/product=AN RICE CRACKER SEAWEED 111.3G/period=38/state=524753078565: teacher rows do not contain constraint_features_json",
    "base_a__sku_spike__seed53710185/branch=0/episode=1/product=AN RICE CRACKER SEAWEED 111.3G/period=39/state=524753078565: teacher rows do not contain constraint_features_json",
    "base_a__sku_spike__seed53710185/branch=0/episode=1/product=AN RICE CRACKER SEAWEED 111.3G/period=40/state=524753078565: teacher rows do not contain constraint_features_json",
    "base_a__sku_spike__seed53710185/branch=0/episode=1/product=AN RICE CRACKER SEAWEED 111.3G/period=42/state=524753078565: teacher rows do not contain constraint_features_json",
    "base_a__sku_spike__seed53710185/branch=0/episode=1/product=AN RICE CRACKER SEAWEED 111.3G/period=43/state=524753078565: teacher rows do not contain constraint_features_json",
    "base_a__sku_spike__seed53710185/branch=0/episode=1/product=AN RICE CRACKER SEAWEED 111.3G/period=48/state=524753078565: teacher rows do not contain constraint_features_json",
    "base_a__sku_spike__seed53710185/branch=0/episode=1/product=AN RICE CRACKER SEAWEED 111.3G/period=49/state=524753078565: teacher rows do not contain constraint_features_json",
    "base_a__sku_spike__seed53710185/branch=0/episode=1/product=AN RICE CRACKER SEAWEED 111.3G/period=50/state=524753078565: teacher rows do not contain constraint_features_json",
    "base_a__sku_spike__seed53710185/branch=0/episode=1/product=AN RICE CRACKER SEAWEED 111.3G/period=51/state=524753078565: teacher rows do not contain constraint_features_json",
    "base_a__sku_spike__seed53710185/branch=0/episode=1/product=AN RICE CRACKER SEAWEED 111.3G/period=52/state=524753078565: teacher rows do not contain constraint_features_json",
    "base_a__sku_spike__seed53710185/branch=0/episode=1/product=AN RICE CRACKER SEAWEED 111.3G/period=53/state=524753078565: teacher rows do not contain constraint_features_json",
    "base_a__sku_spike__seed53710185/branch=0/episode=1/product=AN RICE CRACKER SEAWEED 111.3G/period=54/state=524753078565: teacher rows do not contain constraint_features_json",
    "base_a__sku_spike__seed53710185/branch=0/episode=1/product=AN RICE CRACKER SEAWEED 111.3G/period=57/state=524753078565: teacher rows do not contain constraint_features_json",
    "base_a__sku_spike__seed53710185/branch=0/episode=1/product=AN RICE CRACKER SEAWEED 111.3G/period=58/state=524753078565: teacher rows do not contain constraint_features_json",
    "base_a__sku_spike__seed53710185/branch=0/episode=1/product=AN RICE CRACKER SEAWEED 111.3G/period=59/state=524753078565: teacher rows do not contain constraint_features_json",
    "base_a__sku_spike__seed53710185/branch=0/episode=1/product=AN RICE CRACKER SEAWEED 111.3G/period=60/state=524753078565: teacher rows do not contain constraint_features_json",
    "base_a__sku_spike__seed53710185/branch=0/episode=1/product=AN RICE CRACKER SEAWEED 111.3G/period=61/state=524753078565: teacher rows do not contain constraint_features_json",
    "base_a__sku_spike__seed53710185/branch=0/episode=1/product=AN RICE CRACKER SEAWEED 111.3G/period=62/state=524753078565: teacher rows do not contain constraint_features_json",
    "base_a__sku_spike__seed53710185/branch=0/episode=1/product=AN RICE CRACKER SEAWEED 111.3G/period=63/state=524753078565: teacher rows do not contain constraint_features_json",
    "base_a__sku_spike__seed53710185/branch=0/episode=1/product=AN RICE CRACKER SEAWEED 111.3G/period=64/state=524753078565: teacher rows do not contain constraint_features_json",
    "base_a__sku_spike__seed53710185/branch=0/episode=1/product=AN RICE CRACKER SEAWEED 111.3G/period=65/state=524753078565: teacher rows do not contain constraint_features_json",
    "base_a__sku_spike__seed53710185/branch=0/episode=1/product=AN RICE CRACKER SEAWEED 111.3G/period=66/state=524753078565: teacher rows do not contain constraint_features_json",
    "base_a__sku_spike__seed53710185/branch=0/episode=1/product=AN RICE CRACKER SEAWEED 111.3G/period=68/state=524753078565: teacher rows do not contain constraint_features_json",
    "base_a__sku_spike__seed53710185/branch=0/episode=1/product=AN RICE CRACKER SEAWEED 111.3G/period=69/state=524753078565: teacher rows do not contain constraint_features_json",
    "base_a__sku_spike__seed53710185/branch=0/episode=1/product=AN RICE CRACKER SEAWEED 111.3G/period=70/state=524753078565: teacher rows do not contain constraint_features_json",
    "base_a__sku_spike__seed53710185/branch=0/episode=1/product=AN RICE CRACKER SEAWEED 111.3G/period=71/state=524753078565: teacher rows do not contain constraint_features_json",
    "base_a__sku_spike__seed53710185/branch=0/episode=1/product=AN RICE CRACKER SEAWEED 111.3G/period=72/state=524753078565: teacher rows do not contain constraint_features_json",
    "base_a__sku_spike__seed53710185/branch=0/episode=1/product=AN RICE CRACKER SEAWEED 111.3G/period=73/state=524753078565: teacher rows do not contain constraint_features_json",
    "base_a__sku_spike__seed53710185/branch=0/episode=1/product=AN RICE CRACKER SEAWEED 111.3G/period=74/state=524753078565: teacher rows do not contain constraint_features_json",
    "base_a__sku_spike__seed53710185/branch=0/episode=1/product=AN RICE CRACKER SEAWEED 111.3G/period=75/state=524753078565: teacher rows do not contain constraint_features_json",
    "base_a__sku_spike__seed53710185/branch=0/episode=1/product=AN RICE CRACKER SEAWEED 111.3G/period=77/state=524753078565: teacher rows do not contain constraint_features_json",
    "base_a__sku_spike__seed53710185/branch=0/episode=1/product=AN RICE CRACKER SEAWEED 111.3G/period=78/state=524753078565: teacher rows do not contain constraint_features_json",
    "base_a__sku_spike__seed53710185/branch=0/episode=1/product=AN RICE CRACKER SEAWEED 111.3G/period=79/state=524753078565: teacher rows do not contain constraint_features_json",
    "base_a__sku_spike__seed53710185/branch=0/episode=1/product=AN RICE CRACKER SEAWEED 111.3G/period=81/state=524753078565: teacher rows do not contain constraint_features_json",
    "base_a__sku_spike__seed53710185/branch=0/episode=1/product=AN RICE CRACKER SEAWEED 111.3G/period=83/state=524753078565: teacher rows do not contain constraint_features_json",
    "base_a__sku_spike__seed53710185/branch=0/episode=1/product=AN RICE CRACKER SEAWEED 111.3G/period=84/state=524753078565: teacher rows do not contain constraint_features_json",
    "base_a__sku_spike__seed53710185/branch=0/episode=1/product=AN RICE CRACKER SEAWEED 111.3G/period=85/state=524753078565: teacher rows do not contain constraint_features_json",
    "base_a__sku_spike__seed53710185/branch=0/episode=1/product=AN RICE CRACKER SEAWEED 111.3G/period=86/state=524753078565: teacher rows do not contain constraint_features_json",
    "base_a__sku_spike__seed53710185/branch=0/episode=1/product=AN RICE CRACKER SEAWEED 111.3G/period=87/state=524753078565: teacher rows do not contain constraint_features_json",
    "base_a__sku_spike__seed53710185/branch=0/episode=1/product=AN RICE CRACKER SEAWEED 111.3G/period=88/state=524753078565: teacher rows do not contain constraint_features_json",
    "base_a__sku_spike__seed53710185/branch=0/episode=1/product=AN RICE CRACKER SEAWEED 111.3G/period=89/state=524753078565: teacher rows do not contain constraint_features_json",
    "base_a__sku_spike__seed53710185/branch=0/episode=1/product=AN RICE CRACKER SEAWEED 111.3G/period=90/state=524753078565: teacher rows do not contain constraint_features_json",
    "base_a__sku_spike__seed53710185/branch=0/episode=1/product=AN RICE CRACKER SEAWEED 111.3G/period=91/state=524753078565: teacher rows do not contain constraint_features_json",
    "base_a__sku_spike__seed53710185/branch=0/episode=1/product=AN RICE CRACKER SEAWEED 111.3G/period=92/state=524753078565: teacher rows do not contain constraint_features_json",
    "base_a__sku_spike__seed53710185/branch=0/episode=1/product=AN RICE CRACKER SEAWEED 111.3G/period=93/state=524753078565: teacher rows do not contain constraint_features_json",
    "base_a__sku_spike__seed53710185/branch=0/episode=1/product=AN RICE CRACKER SEAWEED 111.3G/period=94/state=524753078565: teacher rows do not contain constraint_features_json",
    "base_a__sku_spike__seed53710185/branch=0/episode=1/product=AN RICE CRACKER SEAWEED 111.3G/period=95/state=524753078565: teacher rows do not contain constraint_features_json",
    "base_a__sku_spike__seed53710185/branch=0/episode=1/product=AN RICE CRACKER SEAWEED 111.3G/period=96/state=524753078565: teacher rows do not contain constraint_features_json",
    "base_a__sku_spike__seed53710185/branch=0/episode=1/product=AN RICE CRACKER SEAWEED 111.3G/period=97/state=524753078565: teacher rows do not contain constraint_features_json",
    "base_a__sku_spike__seed53710185/branch=0/episode=1/product=AN RICE CRACKER SEAWEED 111.3G/period=98/state=524753078565: teacher rows do not contain constraint_features_json",
    "base_a__sku_spike__seed53710185/branch=0/episode=1/product=AN RICE CRACKER SEAWEED 111.3G/period=99/state=524753078565: teacher rows do not contain constraint_features_json",
    "base_a__sku_spike__seed53710185/branch=0/episode=1/product=AN RICE CRACKER SEAWEED 111.3G/period=100/state=524753078565: teacher rows do not contain constraint_features_json",
    "base_a__sku_spike__seed53710185/branch=0/episode=1/product=AN RICE CRACKER SEAWEED 111.3G/period=101/state=524753078565: teacher rows do not contain constraint_features_json",
    "base_a__sku_spike__seed53710185/branch=0/episode=1/product=AN RICE CRACKER SEAWEED 111.3G/period=102/state=524753078565: teacher rows do not contain constraint_features_json",
    "base_a__sku_spike__seed53710185/branch=0/episode=1/product=AN RICE CRACKER SEAWEED 111.3G/period=103/state=524753078565: teacher rows do not contain constraint_features_json",
    "base_a__sku_spike__seed53710185/branch=0/episode=1/product=AN RICE CRACKER SEAWEED 111.3G/period=104/state=524753078565: teacher rows do not contain constraint_features_json",
    "base_a__sku_spike__seed53710185/branch=0/episode=1/product=AN RICE CRACKER SEAWEED 111.3G/period=105/state=524753078565: teacher rows do not contain constraint_features_json",
    "base_a__sku_spike__seed53710185/branch=0/episode=1/product=AN RICE CRACKER SEAWEED 111.3G/period=106/state=524753078565: teacher rows do not contain constraint_features_json",
    "base_a__sku_spike__seed53710185/branch=0/episode=1/product=AN RICE CRACKER SEAWEED 111.3G/period=107/state=524753078565: teacher rows do not contain constraint_features_json",
    "base_a__sku_spike__seed53710185/branch=0/episode=1/product=AN RICE CRACKER SEAWEED 111.3G/period=108/state=524753078565: teacher rows do not contain constraint_features_json",
    "base_a__sku_spike__seed53710185/branch=0/episode=1/product=AN RICE CRACKER SEAWEED 111.3G/period=109/state=524753078565: teacher rows do not contain constraint_features_json",
    "base_a__sku_spike__seed53710185/branch=0/episode=1/product=AN RICE CRACKER SEAWEED 111.3G/period=110/state=524753078565: teacher rows do not contain constraint_features_json",
    "base_a__sku_spike__seed53710185/branch=0/episode=1/product=AN RICE CRACKER SEAWEED 111.3G/period=111/state=524753078565: teacher rows do not contain constraint_features_json",
    "base_a__sku_spike__seed53710185/branch=0/episode=1/product=AN RICE CRACKER SEAWEED 111.3G/period=112/state=524753078565: teacher rows do not contain constraint_features_json",
    "base_a__sku_spike__seed53710185/branch=0/episode=1/product=AN RICE CRACKER SEAWEED 111.3G/period=113/state=524753078565: teacher rows do not contain constraint_features_json",
    "base_a__sku_spike__seed53710185/branch=0/episode=1/product=AN RICE CRACKER SEAWEED 111.3G/period=114/state=524753078565: teacher rows do not contain constraint_features_json",
    "base_a__sku_spike__seed53710185/branch=0/episode=1/product=AN RICE CRACKER SEAWEED 111.3G/period=115/state=524753078565: teacher rows do not contain constraint_features_json",
    "base_a__sku_spike__seed53710185/branch=0/episode=1/product=AN RICE CRACKER SEAWEED 111.3G/period=116/state=524753078565: teacher rows do not contain constraint_features_json",
    "base_a__sku_spike__seed53710185/branch=0/episode=1/product=AN RICE CRACKER SEAWEED 111.3G/period=117/state=524753078565: teacher rows do not contain constraint_features_json",
    "base_a__sku_spike__seed53710185/branch=0/episode=1/product=AN RICE CRACKER SEAWEED 111.3G/period=118/state=524753078565: teacher rows do not contain constraint_features_json",
    "base_a__sku_spike__seed53710185/branch=0/episode=1/product=AN RICE CRACKER SEAWEED 111.3G/period=119/state=524753078565: teacher rows do not contain constraint_features_json",
    "base_a__sku_spike__seed53710185/branch=0/episode=1/product=AN RICE CRACKER SEAWEED 111.3G/period=120/state=524753078565: teacher rows do not contain constraint_features_json",
    "base_a__sku_spike__seed53710185/branch=0/episode=1/product=AN RICE CRACKER SEAWEED 111.3G/period=121/state=524753078565: teacher rows do not contain constraint_features_json",
    "base_a__sku_spike__seed53710185/branch=0/episode=1/product=AN RICE CRACKER SEAWEED 111.3G/period=122/state=524753078565: teacher rows do not contain constraint_features_json",
    "base_a__sku_spike__seed53710185/branch=0/episode=1/product=AN RICE CRACKER SEAWEED 111.3G/period=124/state=524753078565: teacher rows do not contain constraint_features_json",
    "base_a__sku_spike__seed53710185/branch=0/episode=1/product=AN RICE CRACKER SEAWEED 111.3G/period=125/state=524753078565: teacher rows do not contain constraint_features_json",
    "base_a__sku_spike__seed53710185/branch=0/episode=1/product=AN RICE CRACKER SEAWEED 111.3G/period=126/state=524753078565: teacher rows do not contain constraint_features_json",
    "base_a__sku_spike__seed53710185/branch=0/episode=1/product=AN RICE CRACKER SEAWEED 111.3G/period=127/state=524753078565: teacher rows do not contain constraint_features_json",
    "base_a__sku_spike__seed53710185/branch=0/episode=1/product=AN RICE CRACKER SEAWEED 111.3G/period=128/state=524753078565: teacher rows do not contain constraint_features_json",
    "base_a__sku_spike__seed53710185/branch=0/episode=1/product=AN RICE CRACKER SEAWEED 111.3G/period=129/state=524753078565: teacher rows do not contain constraint_features_json",
    "base_a__sku_spike__seed53710185/branch=0/episode=1/product=AN RICE CRACKER SEAWEED 111.3G/period=131/state=524753078565: teacher rows do not contain constraint_features_json",
    "base_a__sku_spike__seed53710185/branch=0/episode=1/product=AN RICE CRACKER SEAWEED 111.3G/period=132/state=524753078565: teacher rows do not contain constraint_features_json",
    "base_a__sku_spike__seed53710185/branch=0/episode=1/product=AN RICE CRACKER SEAWEED 111.3G/period=133/state=524753078565: teacher rows do not contain constraint_features_json",
    "base_a__sku_spike__seed53710185/branch=0/episode=1/product=AN RICE CRACKER SEAWEED 111.3G/period=134/state=524753078565: teacher rows do not contain constraint_features_json",
    "base_a__sku_spike__seed53710185/branch=0/episode=1/product=AN RICE CRACKER SEAWEED 111.3G/period=135/state=524753078565: teacher rows do not contain constraint_features_json",
    "base_a__sku_spike__seed53710185/branch=0/episode=1/product=AN RICE CRACKER SEAWEED 111.3G/period=136/state=524753078565: teacher rows do not contain constraint_features_json",
    "base_a__sku_spike__seed53710185/branch=0/episode=1/product=AN RICE CRACKER SEAWEED 111.3G/period=137/state=524753078565: teacher rows do not contain constraint_features_json",
    "base_a__sku_spike__seed53710185/branch=0/episode=1/product=AN RICE CRACKER SEAWEED 111.3G/period=138/state=524753078565: teacher rows do not contain constraint_features_json",
    "base_a__sku_spike__seed53710185/branch=0/episode=1/product=AN RICE CRACKER SEAWEED 111.3G/period=139/state=524753078565: teacher rows do not contain constraint_features_json",
    "base_a__sku_spike__seed53710185/branch=0/episode=1/product=AN RICE CRACKER SEAWEED 111.3G/period=140/state=524753078565: teacher rows do not contain constraint_features_json",
    "base_a__sku_spike__seed53710185/branch=0/episode=1/product=AN RICE CRACKER SEAWEED 111.3G/period=141/state=524753078565: teacher rows do not contain constraint_features_json",
    "base_a__sku_spike__seed53710185/branch=0/episode=1/product=AN RICE CRACKER SEAWEED 111.3G/period=142/state=524753078565: teacher rows do not contain constraint_features_json",
    "base_a__sku_spike__seed53710185/branch=0/episode=1/product=AN RICE CRACKER SEAWEED 111.3G/period=143/state=524753078565: teacher rows do not contain constraint_features_json",
    "base_a__sku_spike__seed53710185/branch=0/episode=1/product=AN RICE CRACKER SEAWEED 111.3G/period=144/state=524753078565: teacher rows do not contain constraint_features_json",
    "base_a__sku_spike__seed53710185/branch=0/episode=1/product=AN RICE CRACKER SEAWEED 111.3G/period=145/state=524753078565: teacher rows do not contain constraint_features_json",
    "base_a__sku_spike__seed53710185/branch=0/episode=1/product=AN RICE CRACKER SEAWEED 111.3G/period=146/state=524753078565: teacher rows do not contain constraint_features_json",
    "base_a__sku_spike__seed53710185/branch=0/episode=1/product=AN RICE CRACKER SEAWEED 111.3G/period=147/state=524753078565: teacher rows do not contain constraint_features_json",
    "base_a__sku_spike__seed53710185/branch=0/episode=1/product=AN RICE CRACKER SEAWEED 111.3G/period=148/state=524753078565: teacher rows do not contain constraint_features_json",
    "base_a__sku_spike__seed53710185/branch=0/episode=1/product=AN RICE CRACKER SEAWEED 111.3G/period=149/state=524753078565: teacher rows do not contain constraint_features_json",
    "base_a__sku_spike__seed53710185/branch=0/episode=1/product=AN RICE CRACKER SEAWEED 111.3G/period=150/state=524753078565: teacher rows do not contain constraint_features_json",
    "base_a__sku_spike__seed53710185/branch=0/episode=1/product=AN RICE CRACKER SEAWEED 111.3G/period=152/state=524753078565: teacher rows do not contain constraint_features_json",
    "base_a__sku_spike__seed53710185/branch=0/episode=1/product=AN RICE CRACKER SEAWEED 111.3G/period=153/state=524753078565: teacher rows do not contain constraint_features_json",
    "base_a__sku_spike__seed53710185/branch=0/episode=1/product=OREO VANILLA 110.4/105G/period=4/state=524753078565: teacher rows do not contain constraint_features_json",
    "base_a__sku_spike__seed53710185/branch=0/episode=1/product=OREO VANILLA 110.4/105G/period=5/state=524753078565: teacher rows do not contain constraint_features_json",
    "base_a__sku_spike__seed53710185/branch=0/episode=1/product=OREO VANILLA 110.4/105G/period=6/state=524753078565: teacher rows do not contain constraint_features_json",
    "base_a__sku_spike__seed53710185/branch=0/episode=1/product=OREO VANILLA 110.4/105G/period=7/state=524753078565: teacher rows do not contain constraint_features_json",
    "base_a__sku_spike__seed53710185/branch=0/episode=1/product=OREO VANILLA 110.4/105G/period=8/state=524753078565: teacher rows do not contain constraint_features_json",
    "base_a__sku_spike__seed53710185/branch=0/episode=1/product=OREO VANILLA 110.4/105G/period=9/state=524753078565: teacher rows do not contain constraint_features_json",
    "base_a__sku_spike__seed53710185/branch=0/episode=1/product=OREO VANILLA 110.4/105G/period=10/state=524753078565: teacher rows do not contain constraint_features_json",
    "base_a__sku_spike__seed53710185/branch=0/episode=1/product=OREO VANILLA 110.4/105G/period=11/state=524753078565: teacher rows do not contain constraint_features_json",
    "base_a__sku_spike__seed53710185/branch=0/episode=1/product=OREO VANILLA 110.4/105G/period=12/state=524753078565: teacher rows do not contain constraint_features_json",
    "base_a__sku_spike__seed53710185/branch=0/episode=1/product=OREO VANILLA 110.4/105G/period=13/state=524753078565: teacher rows do not contain constraint_features_json",
    "base_a__sku_spike__seed53710185/branch=0/episode=1/product=OREO VANILLA 110.4/105G/period=14/state=524753078565: teacher rows do not contain constraint_features_json",
    "base_a__sku_spike__seed53710185/branch=0/episode=1/product=OREO VANILLA 110.4/105G/period=15/state=524753078565: teacher rows do not contain constraint_features_json",
    "base_a__sku_spike__seed53710185/branch=0/episode=1/product=OREO VANILLA 110.4/105G/period=16/state=524753078565: teacher rows do not contain constraint_features_json",
    "base_a__sku_spike__seed53710185/branch=0/episode=1/product=OREO VANILLA 110.4/105G/period=17/state=524753078565: teacher rows do not contain constraint_features_json",
    "base_a__sku_spike__seed53710185/branch=0/episode=1/product=OREO VANILLA 110.4/105G/period=18/state=524753078565: teacher rows do not contain constraint_features_json",
    "base_a__sku_spike__seed53710185/branch=0/episode=1/product=OREO VANILLA 110.4/105G/period=19/state=524753078565: teacher rows do not contain constraint_features_json",
    "base_a__sku_spike__seed53710185/branch=0/episode=1/product=OREO VANILLA 110.4/105G/period=20/state=524753078565: teacher rows do not contain constraint_features_json",
    "base_a__sku_spike__seed53710185/branch=0/episode=1/product=OREO VANILLA 110.4/105G/period=21/state=524753078565: teacher rows do not contain constraint_features_json",
    "base_a__sku_spike__seed53710185/branch=0/episode=1/product=OREO VANILLA 110.4/105G/period=22/state=524753078565: teacher rows do not contain constraint_features_json",
    "base_a__sku_spike__seed53710185/branch=0/episode=1/product=OREO VANILLA 110.4/105G/period=23/state=524753078565: teacher rows do not contain constraint_features_json",
    "base_a__sku_spike__seed53710185/branch=0/episode=1/product=OREO VANILLA 110.4/105G/period=24/state=524753078565: teacher rows do not contain constraint_features_json",
    "base_a__sku_spike__seed53710185/branch=0/episode=1/product=OREO VANILLA 110.4/105G/period=25/state=524753078565: teacher rows do not contain constraint_features_json",
    "base_a__sku_spike__seed53710185/branch=0/episode=1/product=OREO VANILLA 110.4/105G/period=26/state=524753078565: teacher rows do not contain constraint_features_json",
    "base_a__sku_spike__seed53710185/branch=0/episode=1/product=OREO VANILLA 110.4/105G/period=27/state=524753078565: teacher rows do not contain constraint_features_json",
    "base_a__sku_spike__seed53710185/branch=0/episode=1/product=OREO VANILLA 110.4/105G/period=28/state=524753078565: teacher rows do not contain constraint_features_json",
    "base_a__sku_spike__seed53710185/branch=0/episode=1/product=OREO VANILLA 110.4/105G/period=29/state=524753078565: teacher rows do not contain constraint_features_json",
    "base_a__sku_spike__seed53710185/branch=0/episode=1/product=OREO VANILLA 110.4/105G/period=30/state=524753078565: teacher rows do not contain constraint_features_json",
    "base_a__sku_spike__seed53710185/branch=0/episode=1/product=OREO VANILLA 110.4/105G/period=31/state=524753078565: teacher rows do not contain constraint_features_json",
    "base_a__sku_spike__seed53710185/branch=0/episode=1/product=OREO VANILLA 110.4/105G/period=32/state=524753078565: teacher rows do not contain constraint_features_json",
    "base_a__sku_spike__seed53710185/branch=0/episode=1/product=OREO VANILLA 110.4/105G/period=33/state=524753078565: teacher rows do not contain constraint_features_json",
    "base_a__sku_spike__seed53710185/branch=0/episode=1/product=OREO VANILLA 110.4/105G/period=34/state=524753078565: teacher rows do not contain constraint_features_json",
    "base_a__sku_spike__seed53710185/branch=0/episode=1/product=OREO VANILLA 110.4/105G/period=35/state=524753078565: teacher rows do not contain constraint_features_json",
    "base_a__sku_spike__seed53710185/branch=0/episode=1/product=OREO VANILLA 110.4/105G/period=36/state=524753078565: teacher rows do not contain constraint_features_json",
    "base_a__sku_spike__seed53710185/branch=0/episode=1/product=OREO VANILLA 110.4/105G/period=37/state=524753078565: teacher rows do not contain constraint_features_json",
    "base_a__sku_spike__seed53710185/branch=0/episode=1/product=OREO VANILLA 110.4/105G/period=38/state=524753078565: teacher rows do not contain constraint_features_json",
    "base_a__sku_spike__seed53710185/branch=0/episode=1/product=OREO VANILLA 110.4/105G/period=39/state=524753078565: teacher rows do not contain constraint_features_json",
    "base_a__sku_spike__seed53710185/branch=0/episode=1/product=OREO VANILLA 110.4/105G/period=40/state=524753078565: teacher rows do not contain constraint_features_json",
    "base_a__sku_spike__seed53710185/branch=0/episode=1/product=OREO VANILLA 110.4/105G/period=41/state=524753078565: teacher rows do not contain constraint_features_json",
    "base_a__sku_spike__seed53710185/branch=0/episode=1/product=OREO VANILLA 110.4/105G/period=42/state=524753078565: teacher rows do not contain constraint_features_json",
    "base_a__sku_spike__seed53710185/branch=0/episode=1/product=OREO VANILLA 110.4/105G/period=43/state=524753078565: teacher rows do not contain constraint_features_json",
    "base_a__sku_spike__seed53710185/branch=0/episode=1/product=OREO VANILLA 110.4/105G/period=44/state=524753078565: teacher rows do not contain constraint_features_json",
    "base_a__sku_spike__seed53710185/branch=0/episode=1/product=OREO VANILLA 110.4/105G/period=45/state=524753078565: teacher rows do not contain constraint_features_json",
    "base_a__sku_spike__seed53710185/branch=0/episode=1/product=OREO VANILLA 110.4/105G/period=46/state=524753078565: teacher rows do not contain constraint_features_json",
    "base_a__sku_spike__seed53710185/branch=0/episode=1/product=OREO VANILLA 110.4/105G/period=47/state=524753078565: teacher rows do not contain constraint_features_json",
    "base_a__sku_spike__seed53710185/branch=0/episode=1/product=OREO VANILLA 110.4/105G/period=48/state=524753078565: teacher rows do not contain constraint_features_json",
    "base_a__sku_spike__seed53710185/branch=0/episode=1/product=OREO VANILLA 110.4/105G/period=49/state=524753078565: teacher rows do not contain constraint_features_json",
    "base_a__sku_spike__seed53710185/branch=0/episode=1/product=OREO VANILLA 110.4/105G/period=50/state=524753078565: teacher rows do not contain constraint_features_json",
    "base_a__sku_spike__seed53710185/branch=0/episode=1/product=OREO VANILLA 110.4/105G/period=51/state=524753078565: teacher rows do not contain constraint_features_json",
    "base_a__sku_spike__seed53710185/branch=0/episode=1/product=OREO VANILLA 110.4/105G/period=52/state=524753078565: teacher rows do not contain constraint_features_json",
    "base_a__sku_spike__seed53710185/branch=0/episode=1/product=OREO VANILLA 110.4/105G/period=53/state=524753078565: teacher rows do not contain constraint_features_json",
    "base_a__sku_spike__seed53710185/branch=0/episode=1/product=OREO VANILLA 110.4/105G/period=54/state=524753078565: teacher rows do not contain constraint_features_json",
    "base_a__sku_spike__seed53710185/branch=0/episode=1/product=OREO VANILLA 110.4/105G/period=55/state=524753078565: teacher rows do not contain constraint_features_json",
    "base_a__sku_spike__seed53710185/branch=0/episode=1/product=OREO VANILLA 110.4/105G/period=56/state=524753078565: teacher rows do not contain constraint_features_json",
    "base_a__sku_spike__seed53710185/branch=0/episode=1/product=OREO VANILLA 110.4/105G/period=57/state=524753078565: teacher rows do not contain constraint_features_json",
    "base_a__sku_spike__seed53710185/branch=0/episode=1/product=OREO VANILLA 110.4/105G/period=58/state=524753078565: teacher rows do not contain constraint_features_json",
    "base_a__sku_spike__seed53710185/branch=0/episode=1/product=OREO VANILLA 110.4/105G/period=59/state=524753078565: teacher rows do not contain constraint_features_json",
    "base_a__sku_spike__seed53710185/branch=0/episode=1/product=OREO VANILLA 110.4/105G/period=60/state=524753078565: teacher rows do not contain constraint_features_json",
    "base_a__sku_spike__seed53710185/branch=0/episode=1/product=OREO VANILLA 110.4/105G/period=61/state=524753078565: teacher rows do not contain constraint_features_json",
    "base_a__sku_spike__seed53710185/branch=0/episode=1/product=OREO VANILLA 110.4/105G/period=62/state=524753078565: teacher rows do not contain constraint_features_json",
    "base_a__sku_spike__seed53710185/branch=0/episode=1/product=OREO VANILLA 110.4/105G/period=63/state=524753078565: teacher rows do not contain constraint_features_json",
    "base_a__sku_spike__seed53710185/branch=0/episode=1/product=OREO VANILLA 110.4/105G/period=64/state=524753078565: teacher rows do not contain constraint_features_json",
    "base_a__sku_spike__seed53710185/branch=0/episode=1/product=OREO VANILLA 110.4/105G/period=65/state=524753078565: teacher rows do not contain constraint_features_json",
    "base_a__sku_spike__seed53710185/branch=0/episode=1/product=OREO VANILLA 110.4/105G/period=66/state=524753078565: teacher rows do not contain constraint_features_json",
    "base_a__sku_spike__seed53710185/branch=0/episode=1/product=OREO VANILLA 110.4/105G/period=67/state=524753078565: teacher rows do not contain constraint_features_json",
    "base_a__sku_spike__seed53710185/branch=0/episode=1/product=OREO VANILLA 110.4/105G/period=68/state=524753078565: teacher rows do not contain constraint_features_json",
    "base_a__sku_spike__seed53710185/branch=0/episode=1/product=OREO VANILLA 110.4/105G/period=69/state=524753078565: teacher rows do not contain constraint_features_json",
    "base_a__sku_spike__seed53710185/branch=0/episode=1/product=OREO VANILLA 110.4/105G/period=70/state=524753078565: teacher rows do not contain constraint_features_json",
    "base_a__sku_spike__seed53710185/branch=0/episode=1/product=OREO VANILLA 110.4/105G/period=71/state=524753078565: teacher rows do not contain constraint_features_json",
    "base_a__sku_spike__seed53710185/branch=0/episode=1/product=OREO VANILLA 110.4/105G/period=72/state=524753078565: teacher rows do not contain constraint_features_json",
    "base_a__sku_spike__seed53710185/branch=0/episode=1/product=OREO VANILLA 110.4/105G/period=73/state=524753078565: teacher rows do not contain constraint_features_json",
    "base_a__sku_spike__seed53710185/branch=0/episode=1/product=OREO VANILLA 110.4/105G/period=74/state=524753078565: teacher rows do not contain constraint_features_json",
    "base_a__sku_spike__seed53710185/branch=0/episode=1/product=OREO VANILLA 110.4/105G/period=79/state=524753078565: teacher rows do not contain constraint_features_json",
    "base_a__sku_spike__seed53710185/branch=0/episode=1/product=OREO VANILLA 110.4/105G/period=80/state=524753078565: teacher rows do not contain constraint_features_json",
    "base_a__sku_spike__seed53710185/branch=0/episode=1/product=OREO VANILLA 110.4/105G/period=81/state=524753078565: teacher rows do not contain constraint_features_json",
    "base_a__sku_spike__seed53710185/branch=0/episode=1/product=OREO VANILLA 110.4/105G/period=82/state=524753078565: teacher rows do not contain constraint_features_json",
    "base_a__sku_spike__seed53710185/branch=0/episode=1/product=OREO VANILLA 110.4/105G/period=83/state=524753078565: teacher rows do not contain constraint_features_json",
    "base_a__sku_spike__seed53710185/branch=0/episode=1/product=OREO VANILLA 110.4/105G/period=84/state=524753078565: teacher rows do not contain constraint_features_json",
    "base_a__sku_spike__seed53710185/branch=0/episode=1/product=OREO VANILLA 110.4/105G/period=85/state=524753078565: teacher rows do not contain constraint_features_json",
    "base_a__sku_spike__seed53710185/branch=0/episode=1/product=OREO VANILLA 110.4/105G/period=86/state=524753078565: teacher rows do not contain constraint_features_json",
    "base_a__sku_spike__seed53710185/branch=0/episode=1/product=OREO VANILLA 110.4/105G/period=87/state=524753078565: teacher rows do not contain constraint_features_json",
    "base_a__sku_spike__seed53710185/branch=0/episode=1/product=OREO VANILLA 110.4/105G/period=88/state=524753078565: teacher rows do not contain constraint_features_json",
    "base_a__sku_spike__seed53710185/branch=0/episode=1/product=OREO VANILLA 110.4/105G/period=89/state=524753078565: teacher rows do not contain constraint_features_json",
    "base_a__sku_spike__seed53710185/branch=0/episode=1/product=OREO VANILLA 110.4/105G/period=90/state=524753078565: teacher rows do not contain constraint_features_json",
    "base_a__sku_spike__seed53710185/branch=0/episode=1/product=OREO VANILLA 110.4/105G/period=91/state=524753078565: teacher rows do not contain constraint_features_json",
    "base_a__sku_spike__seed53710185/branch=0/episode=1/product=OREO VANILLA 110.4/105G/period=92/state=524753078565: teacher rows do not contain constraint_features_json",
    "base_a__sku_spike__seed53710185/branch=0/episode=1/product=OREO VANILLA 110.4/105G/period=93/state=524753078565: teacher rows do not contain constraint_features_json",
    "base_a__sku_spike__seed53710185/branch=0/episode=1/product=OREO VANILLA 110.4/105G/period=94/state=524753078565: teacher rows do not contain constraint_features_json",
    "base_a__sku_spike__seed53710185/branch=0/episode=1/product=OREO VANILLA 110.4/105G/period=95/state=524753078565: teacher rows do not contain constraint_features_json",
    "base_a__sku_spike__seed53710185/branch=0/episode=1/product=OREO VANILLA 110.4/105G/period=96/state=524753078565: teacher rows do not contain constraint_features_json",
    "base_a__sku_spike__seed53710185/branch=0/episode=1/product=OREO VANILLA 110.4/105G/period=97/state=524753078565: teacher rows do not contain constraint_features_json",
    "base_a__sku_spike__seed53710185/branch=0/episode=1/product=OREO VANILLA 110.4/105G/period=98/state=524753078565: teacher rows do not contain constraint_features_json",
    "base_a__sku_spike__seed53710185/branch=0/episode=1/product=OREO VANILLA 110.4/105G/period=99/state=524753078565: teacher rows do not contain constraint_features_json",
    "base_a__sku_spike__seed53710185/branch=0/episode=1/product=OREO VANILLA 110.4/105G/period=100/state=524753078565: teacher rows do not contain constraint_features_json",
    "base_a__sku_spike__seed53710185/branch=0/episode=1/product=OREO VANILLA 110.4/105G/period=101/state=524753078565: teacher rows do not contain constraint_features_json",
    "base_a__sku_spike__seed53710185/branch=0/episode=1/product=OREO VANILLA 110.4/105G/period=102/state=524753078565: teacher rows do not contain constraint_features_json",
    "base_a__sku_spike__seed53710185/branch=0/episode=1/product=OREO VANILLA 110.4/105G/period=103/state=524753078565: teacher rows do not contain constraint_features_json",
    "base_a__sku_spike__seed53710185/branch=0/episode=1/product=OREO VANILLA 110.4/105G/period=104/state=524753078565: teacher rows do not contain constraint_features_json",
    "base_a__sku_spike__seed53710185/branch=0/episode=1/product=OREO VANILLA 110.4/105G/period=105/state=524753078565: teacher rows do not contain constraint_features_json",
    "base_a__sku_spike__seed53710185/branch=0/episode=1/product=OREO VANILLA 110.4/105G/period=106/state=524753078565: teacher rows do not contain constraint_features_json",
    "base_a__sku_spike__seed53710185/branch=0/episode=1/product=OREO VANILLA 110.4/105G/period=107/state=524753078565: teacher rows do not contain constraint_features_json",
    "base_a__sku_spike__seed53710185/branch=0/episode=1/product=OREO VANILLA 110.4/105G/period=108/state=524753078565: teacher rows do not contain constraint_features_json",
    "base_a__sku_spike__seed53710185/branch=0/episode=1/product=OREO VANILLA 110.4/105G/period=109/state=524753078565: teacher rows do not contain constraint_features_json",
    "base_a__sku_spike__seed53710185/branch=0/episode=1/product=OREO VANILLA 110.4/105G/period=110/state=524753078565: teacher rows do not contain constraint_features_json",
    "base_a__sku_spike__seed53710185/branch=0/episode=1/product=OREO VANILLA 110.4/105G/period=111/state=524753078565: teacher rows do not contain constraint_features_json",
    "base_a__sku_spike__seed53710185/branch=0/episode=1/product=OREO VANILLA 110.4/105G/period=112/state=524753078565: teacher rows do not contain constraint_features_json",
    "base_a__sku_spike__seed53710185/branch=0/episode=1/product=OREO VANILLA 110.4/105G/period=113/state=524753078565: teacher rows do not contain constraint_features_json",
    "base_a__sku_spike__seed53710185/branch=0/episode=1/product=OREO VANILLA 110.4/105G/period=114/state=524753078565: teacher rows do not contain constraint_features_json",
    "base_a__sku_spike__seed53710185/branch=0/episode=1/product=OREO VANILLA 110.4/105G/period=115/state=524753078565: teacher rows do not contain constraint_features_json",
    "base_a__sku_spike__seed53710185/branch=0/episode=1/product=OREO VANILLA 110.4/105G/period=116/state=524753078565: teacher rows do not contain constraint_features_json",
    "base_a__sku_spike__seed53710185/branch=0/episode=1/product=OREO VANILLA 110.4/105G/period=117/state=524753078565: teacher rows do not contain constraint_features_json",
    "base_a__sku_spike__seed53710185/branch=0/episode=1/product=OREO VANILLA 110.4/105G/period=118/state=524753078565: teacher rows do not contain constraint_features_json",
    "base_a__sku_spike__seed53710185/branch=0/episode=1/product=OREO VANILLA 110.4/105G/period=119/state=524753078565: teacher rows do not contain constraint_features_json",
    "base_a__sku_spike__seed53710185/branch=0/episode=1/product=OREO VANILLA 110.4/105G/period=120/state=524753078565: teacher rows do not contain constraint_features_json",
    "base_a__sku_spike__seed53710185/branch=0/episode=1/product=OREO VANILLA 110.4/105G/period=121/state=524753078565: teacher rows do not contain constraint_features_json",
    "base_a__sku_spike__seed53710185/branch=0/episode=1/product=OREO VANILLA 110.4/105G/period=122/state=524753078565: teacher rows do not contain constraint_features_json",
    "base_a__sku_spike__seed53710185/branch=0/episode=1/product=OREO VANILLA 110.4/105G/period=123/state=524753078565: teacher rows do not contain constraint_features_json",
    "base_a__sku_spike__seed53710185/branch=0/episode=1/product=OREO VANILLA 110.4/105G/period=125/state=524753078565: teacher rows do not contain constraint_features_json",
    "base_a__sku_spike__seed53710185/branch=0/episode=1/product=OREO VANILLA 110.4/105G/period=126/state=524753078565: teacher rows do not contain constraint_features_json",
    "base_a__sku_spike__seed53710185/branch=0/episode=1/product=OREO VANILLA 110.4/105G/period=127/state=524753078565: teacher rows do not contain constraint_features_json",
    "base_a__sku_spike__seed53710185/branch=0/episode=1/product=OREO VANILLA 110.4/105G/period=128/state=524753078565: teacher rows do not contain constraint_features_json",
    "base_a__sku_spike__seed53710185/branch=0/episode=1/product=OREO VANILLA 110.4/105G/period=129/state=524753078565: teacher rows do not contain constraint_features_json",
    "base_a__sku_spike__seed53710185/branch=0/episode=1/product=OREO VANILLA 110.4/105G/period=130/state=524753078565: teacher rows do not contain constraint_features_json",
    "base_a__sku_spike__seed53710185/branch=0/episode=1/product=OREO VANILLA 110.4/105G/period=131/state=524753078565: teacher rows do not contain constraint_features_json",
    "base_a__sku_spike__seed53710185/branch=0/episode=1/product=OREO VANILLA 110.4/105G/period=132/state=524753078565: teacher rows do not contain constraint_features_json",
    "base_a__sku_spike__seed53710185/branch=0/episode=1/product=OREO VANILLA 110.4/105G/period=133/state=524753078565: teacher rows do not contain constraint_features_json",
    "base_a__sku_spike__seed53710185/branch=0/episode=1/product=OREO VANILLA 110.4/105G/period=134/state=524753078565: teacher rows do not contain constraint_features_json",
    "base_a__sku_spike__seed53710185/branch=0/episode=1/product=OREO VANILLA 110.4/105G/period=135/state=524753078565: teacher rows do not contain constraint_features_json",
    "base_a__sku_spike__seed53710185/branch=0/episode=1/product=OREO VANILLA 110.4/105G/period=136/state=524753078565: teacher rows do not contain constraint_features_json",
    "base_a__sku_spike__seed53710185/branch=0/episode=1/product=OREO VANILLA 110.4/105G/period=137/state=524753078565: teacher rows do not contain constraint_features_json",
    "base_a__sku_spike__seed53710185/branch=0/episode=1/product=OREO VANILLA 110.4/105G/period=138/state=524753078565: teacher rows do not contain constraint_features_json",
    "base_a__sku_spike__seed53710185/branch=0/episode=1/product=OREO VANILLA 110.4/105G/period=139/state=524753078565: teacher rows do not contain constraint_features_json",
    "base_a__sku_spike__seed53710185/branch=0/episode=1/product=OREO VANILLA 110.4/105G/period=140/state=524753078565: teacher rows do not contain constraint_features_json",
    "base_a__sku_spike__seed53710185/branch=0/episode=1/product=OREO VANILLA 110.4/105G/period=141/state=524753078565: teacher rows do not contain constraint_features_json",
    "base_a__sku_spike__seed53710185/branch=0/episode=1/product=OREO VANILLA 110.4/105G/period=142/state=524753078565: teacher rows do not contain constraint_features_json",
    "base_a__sku_spike__seed53710185/branch=0/episode=1/product=OREO VANILLA 110.4/105G/period=143/state=524753078565: teacher rows do not contain constraint_features_json",
    "base_a__sku_spike__seed53710185/branch=0/episode=1/product=OREO VANILLA 110.4/105G/period=144/state=524753078565: teacher rows do not contain constraint_features_json",
    "base_a__sku_spike__seed53710185/branch=0/episode=1/product=OREO VANILLA 110.4/105G/period=145/state=524753078565: teacher rows do not contain constraint_features_json",
    "base_a__sku_spike__seed53710185/branch=0/episode=1/product=OREO VANILLA 110.4/105G/period=146/state=524753078565: teacher rows do not contain constraint_features_json",
    "base_a__sku_spike__seed53710185/branch=0/episode=1/product=OREO VANILLA 110.4/105G/period=147/state=524753078565: teacher rows do not contain constraint_features_json",
    "base_a__sku_spike__seed53710185/branch=0/episode=1/product=OREO VANILLA 110.4/105G/period=148/state=524753078565: teacher rows do not contain constraint_features_json",
    "base_a__sku_spike__seed53710185/branch=0/episode=1/product=OREO VANILLA 110.4/105G/period=149/state=524753078565: teacher rows do not contain constraint_features_json",
    "base_a__sku_spike__seed53710185/branch=0/episode=1/product=OREO VANILLA 110.4/105G/period=150/state=524753078565: teacher rows do not contain constraint_features_json",
    "base_a__sku_spike__seed53710185/branch=0/episode=2/product=AN RICE CRACKER SEAWEED 111.3G/period=21/state=904f7c3c8872: teacher rows do not contain constraint_features_json",
    "base_a__sku_spike__seed53710185/branch=0/episode=2/product=AN RICE CRACKER SEAWEED 111.3G/period=28/state=904f7c3c8872: teacher rows do not contain constraint_features_json",
    "base_a__sku_spike__seed53710185/branch=0/episode=2/product=AN RICE CRACKER SEAWEED 111.3G/period=37/state=904f7c3c8872: teacher rows do not contain constraint_features_json",
    "base_a__sku_spike__seed53710185/branch=0/episode=2/product=AN RICE CRACKER SEAWEED 111.3G/period=51/state=904f7c3c8872: teacher rows do not contain constraint_features_json",
    "base_a__sku_spike__seed53710185/branch=0/episode=2/product=AN RICE CRACKER SEAWEED 111.3G/period=61/state=904f7c3c8872: teacher rows do not contain constraint_features_json",
    "base_a__sku_spike__seed53710185/branch=0/episode=2/product=AN RICE CRACKER SEAWEED 111.3G/period=73/state=904f7c3c8872: teacher rows do not contain constraint_features_json",
    "base_a__sku_spike__seed53710185/branch=0/episode=2/product=AN RICE CRACKER SEAWEED 111.3G/period=88/state=904f7c3c8872: teacher rows do not contain constraint_features_json",
    "base_a__sku_spike__seed53710185/branch=0/episode=2/product=AN RICE CRACKER SEAWEED 111.3G/period=91/state=904f7c3c8872: teacher rows do not contain constraint_features_json",
    "base_a__sku_spike__seed53710185/branch=0/episode=2/product=AN RICE CRACKER SEAWEED 111.3G/period=96/state=904f7c3c8872: teacher rows do not contain constraint_features_json",
    "base_a__sku_spike__seed53710185/branch=0/episode=2/product=AN RICE CRACKER SEAWEED 111.3G/period=101/state=904f7c3c8872: teacher rows do not contain constraint_features_json",
    "base_a__sku_spike__seed53710185/branch=0/episode=2/product=AN RICE CRACKER SEAWEED 111.3G/period=106/state=904f7c3c8872: teacher rows do not contain constraint_features_json",
    "base_a__sku_spike__seed53710185/branch=0/episode=2/product=AN RICE CRACKER SEAWEED 111.3G/period=135/state=904f7c3c8872: teacher rows do not contain constraint_features_json",
    "base_a__sku_spike__seed53710185/branch=0/episode=2/product=AN RICE CRACKER SEAWEED 111.3G/period=141/state=904f7c3c8872: teacher rows do not contain constraint_features_json",
    "base_a__sku_spike__seed53710185/branch=0/episode=2/product=AN RICE CRACKER SEAWEED 111.3G/period=146/state=904f7c3c8872: teacher rows do not contain constraint_features_json",
    "base_a__sku_spike__seed53710185/branch=0/episode=2/product=AN RICE CRACKER SEAWEED 111.3G/period=152/state=904f7c3c8872: teacher rows do not contain constraint_features_json",
    "base_a__sku_spike__seed53710185/branch=0/episode=2/product=OREO VANILLA 110.4/105G/period=7/state=904f7c3c8872: teacher rows do not contain constraint_features_json",
    "base_a__sku_spike__seed53710185/branch=0/episode=2/product=OREO VANILLA 110.4/105G/period=16/state=904f7c3c8872: teacher rows do not contain constraint_features_json",
    "base_a__sku_spike__seed53710185/branch=0/episode=2/product=OREO VANILLA 110.4/105G/period=21/state=904f7c3c8872: teacher rows do not contain constraint_features_json",
    "base_a__sku_spike__seed53710185/branch=0/episode=2/product=OREO VANILLA 110.4/105G/period=26/state=904f7c3c8872: teacher rows do not contain constraint_features_json",
    "base_a__sku_spike__seed53710185/branch=0/episode=2/product=OREO VANILLA 110.4/105G/period=33/state=904f7c3c8872: teacher rows do not contain constraint_features_json",
    "base_a__sku_spike__seed53710185/branch=0/episode=2/product=OREO VANILLA 110.4/105G/period=36/state=904f7c3c8872: teacher rows do not contain constraint_features_json",
    "base_a__sku_spike__seed53710185/branch=0/episode=2/product=OREO VANILLA 110.4/105G/period=45/state=904f7c3c8872: teacher rows do not contain constraint_features_json",
    "base_a__sku_spike__seed53710185/branch=0/episode=2/product=OREO VANILLA 110.4/105G/period=50/state=904f7c3c8872: teacher rows do not contain constraint_features_json",
    "base_a__sku_spike__seed53710185/branch=0/episode=2/product=OREO VANILLA 110.4/105G/period=86/state=904f7c3c8872: teacher rows do not contain constraint_features_json",
    "base_a__sku_spike__seed53710185/branch=0/episode=2/product=OREO VANILLA 110.4/105G/period=101/state=904f7c3c8872: teacher rows do not contain constraint_features_json",
    "base_a__sku_spike__seed53710185/branch=0/episode=2/product=OREO VANILLA 110.4/105G/period=104/state=904f7c3c8872: teacher rows do not contain constraint_features_json",
    "base_a__sku_spike__seed53710185/branch=0/episode=2/product=OREO VANILLA 110.4/105G/period=106/state=904f7c3c8872: teacher rows do not contain constraint_features_json",
    "base_a__sku_spike__seed53710185/branch=0/episode=2/product=OREO VANILLA 110.4/105G/period=118/state=904f7c3c8872: teacher rows do not contain constraint_features_json",
    "base_a__sku_spike__seed53710185/branch=0/episode=2/product=OREO VANILLA 110.4/105G/period=123/state=904f7c3c8872: teacher rows do not contain constraint_features_json",
    "base_a__sku_spike__seed53710185/branch=0/episode=2/product=OREO VANILLA 110.4/105G/period=143/state=904f7c3c8872: teacher rows do not contain constraint_features_json",
    "base_a__sku_spike__seed53710185/branch=0/episode=2/product=OREO VANILLA 110.4/105G/period=144/state=904f7c3c8872: teacher rows do not contain constraint_features_json",
    "base_b__normal_global__seed1592467582/branch=0/episode=1/product=AN RICE CRACKER SEAWEED 111.3G/period=6/state=ad9e2191f242: teacher rows do not contain constraint_features_json",
    "base_b__normal_global__seed1592467582/branch=0/episode=1/product=AN RICE CRACKER SEAWEED 111.3G/period=7/state=ad9e2191f242: teacher rows do not contain constraint_features_json",
    "base_b__normal_global__seed1592467582/branch=0/episode=1/product=AN RICE CRACKER SEAWEED 111.3G/period=8/state=ad9e2191f242: teacher rows do not contain constraint_features_json",
    "base_b__normal_global__seed1592467582/branch=0/episode=1/product=AN RICE CRACKER SEAWEED 111.3G/period=9/state=ad9e2191f242: teacher rows do not contain constraint_features_json",
    "base_b__normal_global__seed1592467582/branch=0/episode=1/product=AN RICE CRACKER SEAWEED 111.3G/period=10/state=ad9e2191f242: teacher rows do not contain constraint_features_json",
    "base_b__normal_global__seed1592467582/branch=0/episode=1/product=AN RICE CRACKER SEAWEED 111.3G/period=11/state=ad9e2191f242: teacher rows do not contain constraint_features_json",
    "base_b__normal_global__seed1592467582/branch=0/episode=1/product=AN RICE CRACKER SEAWEED 111.3G/period=12/state=ad9e2191f242: teacher rows do not contain constraint_features_json",
    "base_b__normal_global__seed1592467582/branch=0/episode=1/product=AN RICE CRACKER SEAWEED 111.3G/period=13/state=ad9e2191f242: teacher rows do not contain constraint_features_json",
    "base_b__normal_global__seed1592467582/branch=0/episode=1/product=AN RICE CRACKER SEAWEED 111.3G/period=14/state=ad9e2191f242: teacher rows do not contain constraint_features_json",
    "base_b__normal_global__seed1592467582/branch=0/episode=1/product=AN RICE CRACKER SEAWEED 111.3G/period=15/state=ad9e2191f242: teacher rows do not contain constraint_features_json",
    "base_b__normal_global__seed1592467582/branch=0/episode=1/product=AN RICE CRACKER SEAWEED 111.3G/period=16/state=ad9e2191f242: teacher rows do not contain constraint_features_json",
    "base_b__normal_global__seed1592467582/branch=0/episode=1/product=AN RICE CRACKER SEAWEED 111.3G/period=17/state=ad9e2191f242: teacher rows do not contain constraint_features_json",
    "base_b__normal_global__seed1592467582/branch=0/episode=1/product=AN RICE CRACKER SEAWEED 111.3G/period=18/state=ad9e2191f242: teacher rows do not contain constraint_features_json",
    "base_b__normal_global__seed1592467582/branch=0/episode=1/product=AN RICE CRACKER SEAWEED 111.3G/period=19/state=ad9e2191f242: teacher rows do not contain constraint_features_json",
    "base_b__normal_global__seed1592467582/branch=0/episode=1/product=AN RICE CRACKER SEAWEED 111.3G/period=20/state=ad9e2191f242: teacher rows do not contain constraint_features_json",
    "base_b__normal_global__seed1592467582/branch=0/episode=1/product=AN RICE CRACKER SEAWEED 111.3G/period=21/state=ad9e2191f242: teacher rows do not contain constraint_features_json",
    "base_b__normal_global__seed1592467582/branch=0/episode=1/product=AN RICE CRACKER SEAWEED 111.3G/period=22/state=ad9e2191f242: teacher rows do not contain constraint_features_json",
    "base_b__normal_global__seed1592467582/branch=0/episode=1/product=AN RICE CRACKER SEAWEED 111.3G/period=23/state=ad9e2191f242: teacher rows do not contain constraint_features_json",
    "base_b__normal_global__seed1592467582/branch=0/episode=1/product=AN RICE CRACKER SEAWEED 111.3G/period=24/state=ad9e2191f242: teacher rows do not contain constraint_features_json",
    "base_b__normal_global__seed1592467582/branch=0/episode=1/product=AN RICE CRACKER SEAWEED 111.3G/period=25/state=ad9e2191f242: teacher rows do not contain constraint_features_json",
    "base_b__normal_global__seed1592467582/branch=0/episode=1/product=AN RICE CRACKER SEAWEED 111.3G/period=26/state=ad9e2191f242: teacher rows do not contain constraint_features_json",
    "base_b__normal_global__seed1592467582/branch=0/episode=1/product=AN RICE CRACKER SEAWEED 111.3G/period=27/state=ad9e2191f242: teacher rows do not contain constraint_features_json",
    "base_b__normal_global__seed1592467582/branch=0/episode=1/product=AN RICE CRACKER SEAWEED 111.3G/period=28/state=ad9e2191f242: teacher rows do not contain constraint_features_json",
    "base_b__normal_global__seed1592467582/branch=0/episode=1/product=AN RICE CRACKER SEAWEED 111.3G/period=29/state=ad9e2191f242: teacher rows do not contain constraint_features_json",
    "base_b__normal_global__seed1592467582/branch=0/episode=1/product=AN RICE CRACKER SEAWEED 111.3G/period=30/state=ad9e2191f242: teacher rows do not contain constraint_features_json",
    "base_b__normal_global__seed1592467582/branch=0/episode=1/product=AN RICE CRACKER SEAWEED 111.3G/period=31/state=ad9e2191f242: teacher rows do not contain constraint_features_json",
    "base_b__normal_global__seed1592467582/branch=0/episode=1/product=AN RICE CRACKER SEAWEED 111.3G/period=32/state=ad9e2191f242: teacher rows do not contain constraint_features_json",
    "base_b__normal_global__seed1592467582/branch=0/episode=1/product=AN RICE CRACKER SEAWEED 111.3G/period=33/state=ad9e2191f242: teacher rows do not contain constraint_features_json",
    "base_b__normal_global__seed1592467582/branch=0/episode=1/product=AN RICE CRACKER SEAWEED 111.3G/period=34/state=ad9e2191f242: teacher rows do not contain constraint_features_json",
    "base_b__normal_global__seed1592467582/branch=0/episode=1/product=AN RICE CRACKER SEAWEED 111.3G/period=35/state=ad9e2191f242: teacher rows do not contain constraint_features_json",
    "base_b__normal_global__seed1592467582/branch=0/episode=1/product=AN RICE CRACKER SEAWEED 111.3G/period=36/state=ad9e2191f242: teacher rows do not contain constraint_features_json",
    "base_b__normal_global__seed1592467582/branch=0/episode=1/product=AN RICE CRACKER SEAWEED 111.3G/period=37/state=ad9e2191f242: teacher rows do not contain constraint_features_json",
    "base_b__normal_global__seed1592467582/branch=0/episode=1/product=AN RICE CRACKER SEAWEED 111.3G/period=38/state=ad9e2191f242: teacher rows do not contain constraint_features_json",
    "base_b__normal_global__seed1592467582/branch=0/episode=1/product=AN RICE CRACKER SEAWEED 111.3G/period=39/state=ad9e2191f242: teacher rows do not contain constraint_features_json",
    "base_b__normal_global__seed1592467582/branch=0/episode=1/product=AN RICE CRACKER SEAWEED 111.3G/period=40/state=ad9e2191f242: teacher rows do not contain constraint_features_json",
    "base_b__normal_global__seed1592467582/branch=0/episode=1/product=AN RICE CRACKER SEAWEED 111.3G/period=42/state=ad9e2191f242: teacher rows do not contain constraint_features_json",
    "base_b__normal_global__seed1592467582/branch=0/episode=1/product=AN RICE CRACKER SEAWEED 111.3G/period=43/state=ad9e2191f242: teacher rows do not contain constraint_features_json",
    "base_b__normal_global__seed1592467582/branch=0/episode=1/product=AN RICE CRACKER SEAWEED 111.3G/period=48/state=ad9e2191f242: teacher rows do not contain constraint_features_json",
    "base_b__normal_global__seed1592467582/branch=0/episode=1/product=AN RICE CRACKER SEAWEED 111.3G/period=49/state=ad9e2191f242: teacher rows do not contain constraint_features_json",
    "base_b__normal_global__seed1592467582/branch=0/episode=1/product=AN RICE CRACKER SEAWEED 111.3G/period=50/state=ad9e2191f242: teacher rows do not contain constraint_features_json",
    "base_b__normal_global__seed1592467582/branch=0/episode=1/product=AN RICE CRACKER SEAWEED 111.3G/period=51/state=ad9e2191f242: teacher rows do not contain constraint_features_json",
    "base_b__normal_global__seed1592467582/branch=0/episode=1/product=AN RICE CRACKER SEAWEED 111.3G/period=52/state=ad9e2191f242: teacher rows do not contain constraint_features_json",
    "base_b__normal_global__seed1592467582/branch=0/episode=1/product=AN RICE CRACKER SEAWEED 111.3G/period=53/state=ad9e2191f242: teacher rows do not contain constraint_features_json",
    "base_b__normal_global__seed1592467582/branch=0/episode=1/product=AN RICE CRACKER SEAWEED 111.3G/period=54/state=ad9e2191f242: teacher rows do not contain constraint_features_json",
    "base_b__normal_global__seed1592467582/branch=0/episode=1/product=AN RICE CRACKER SEAWEED 111.3G/period=57/state=ad9e2191f242: teacher rows do not contain constraint_features_json",
    "base_b__normal_global__seed1592467582/branch=0/episode=1/product=AN RICE CRACKER SEAWEED 111.3G/period=58/state=ad9e2191f242: teacher rows do not contain constraint_features_json",
    "base_b__normal_global__seed1592467582/branch=0/episode=1/product=AN RICE CRACKER SEAWEED 111.3G/period=59/state=ad9e2191f242: teacher rows do not contain constraint_features_json",
    "base_b__normal_global__seed1592467582/branch=0/episode=1/product=AN RICE CRACKER SEAWEED 111.3G/period=60/state=ad9e2191f242: teacher rows do not contain constraint_features_json",
    "base_b__normal_global__seed1592467582/branch=0/episode=1/product=AN RICE CRACKER SEAWEED 111.3G/period=61/state=ad9e2191f242: teacher rows do not contain constraint_features_json",
    "base_b__normal_global__seed1592467582/branch=0/episode=1/product=AN RICE CRACKER SEAWEED 111.3G/period=62/state=ad9e2191f242: teacher rows do not contain constraint_features_json",
    "base_b__normal_global__seed1592467582/branch=0/episode=1/product=AN RICE CRACKER SEAWEED 111.3G/period=63/state=ad9e2191f242: teacher rows do not contain constraint_features_json",
    "base_b__normal_global__seed1592467582/branch=0/episode=1/product=AN RICE CRACKER SEAWEED 111.3G/period=64/state=ad9e2191f242: teacher rows do not contain constraint_features_json",
    "base_b__normal_global__seed1592467582/branch=0/episode=1/product=AN RICE CRACKER SEAWEED 111.3G/period=65/state=ad9e2191f242: teacher rows do not contain constraint_features_json",
    "base_b__normal_global__seed1592467582/branch=0/episode=1/product=AN RICE CRACKER SEAWEED 111.3G/period=66/state=ad9e2191f242: teacher rows do not contain constraint_features_json",
    "base_b__normal_global__seed1592467582/branch=0/episode=1/product=AN RICE CRACKER SEAWEED 111.3G/period=68/state=ad9e2191f242: teacher rows do not contain constraint_features_json",
    "base_b__normal_global__seed1592467582/branch=0/episode=1/product=AN RICE CRACKER SEAWEED 111.3G/period=69/state=ad9e2191f242: teacher rows do not contain constraint_features_json",
    "base_b__normal_global__seed1592467582/branch=0/episode=1/product=AN RICE CRACKER SEAWEED 111.3G/period=70/state=ad9e2191f242: teacher rows do not contain constraint_features_json",
    "base_b__normal_global__seed1592467582/branch=0/episode=1/product=AN RICE CRACKER SEAWEED 111.3G/period=71/state=ad9e2191f242: teacher rows do not contain constraint_features_json",
    "base_b__normal_global__seed1592467582/branch=0/episode=1/product=AN RICE CRACKER SEAWEED 111.3G/period=72/state=ad9e2191f242: teacher rows do not contain constraint_features_json",
    "base_b__normal_global__seed1592467582/branch=0/episode=1/product=AN RICE CRACKER SEAWEED 111.3G/period=73/state=ad9e2191f242: teacher rows do not contain constraint_features_json",
    "base_b__normal_global__seed1592467582/branch=0/episode=1/product=AN RICE CRACKER SEAWEED 111.3G/period=74/state=ad9e2191f242: teacher rows do not contain constraint_features_json",
    "base_b__normal_global__seed1592467582/branch=0/episode=1/product=AN RICE CRACKER SEAWEED 111.3G/period=77/state=ad9e2191f242: teacher rows do not contain constraint_features_json",
    "base_b__normal_global__seed1592467582/branch=0/episode=1/product=AN RICE CRACKER SEAWEED 111.3G/period=78/state=ad9e2191f242: teacher rows do not contain constraint_features_json",
    "base_b__normal_global__seed1592467582/branch=0/episode=1/product=AN RICE CRACKER SEAWEED 111.3G/period=79/state=ad9e2191f242: teacher rows do not contain constraint_features_json",
    "base_b__normal_global__seed1592467582/branch=0/episode=1/product=AN RICE CRACKER SEAWEED 111.3G/period=80/state=ad9e2191f242: teacher rows do not contain constraint_features_json",
    "base_b__normal_global__seed1592467582/branch=0/episode=1/product=AN RICE CRACKER SEAWEED 111.3G/period=83/state=ad9e2191f242: teacher rows do not contain constraint_features_json",
    "base_b__normal_global__seed1592467582/branch=0/episode=1/product=AN RICE CRACKER SEAWEED 111.3G/period=84/state=ad9e2191f242: teacher rows do not contain constraint_features_json",
    "base_b__normal_global__seed1592467582/branch=0/episode=1/product=AN RICE CRACKER SEAWEED 111.3G/period=85/state=ad9e2191f242: teacher rows do not contain constraint_features_json",
    "base_b__normal_global__seed1592467582/branch=0/episode=1/product=AN RICE CRACKER SEAWEED 111.3G/period=86/state=ad9e2191f242: teacher rows do not contain constraint_features_json",
    "base_b__normal_global__seed1592467582/branch=0/episode=1/product=AN RICE CRACKER SEAWEED 111.3G/period=87/state=ad9e2191f242: teacher rows do not contain constraint_features_json",
    "base_b__normal_global__seed1592467582/branch=0/episode=1/product=AN RICE CRACKER SEAWEED 111.3G/period=88/state=ad9e2191f242: teacher rows do not contain constraint_features_json",
    "base_b__normal_global__seed1592467582/branch=0/episode=1/product=AN RICE CRACKER SEAWEED 111.3G/period=89/state=ad9e2191f242: teacher rows do not contain constraint_features_json",
    "base_b__normal_global__seed1592467582/branch=0/episode=1/product=AN RICE CRACKER SEAWEED 111.3G/period=90/state=ad9e2191f242: teacher rows do not contain constraint_features_json",
    "base_b__normal_global__seed1592467582/branch=0/episode=1/product=AN RICE CRACKER SEAWEED 111.3G/period=91/state=ad9e2191f242: teacher rows do not contain constraint_features_json",
    "base_b__normal_global__seed1592467582/branch=0/episode=1/product=AN RICE CRACKER SEAWEED 111.3G/period=92/state=ad9e2191f242: teacher rows do not contain constraint_features_json",
    "base_b__normal_global__seed1592467582/branch=0/episode=1/product=AN RICE CRACKER SEAWEED 111.3G/period=93/state=ad9e2191f242: teacher rows do not contain constraint_features_json",
    "base_b__normal_global__seed1592467582/branch=0/episode=1/product=AN RICE CRACKER SEAWEED 111.3G/period=94/state=ad9e2191f242: teacher rows do not contain constraint_features_json",
    "base_b__normal_global__seed1592467582/branch=0/episode=1/product=AN RICE CRACKER SEAWEED 111.3G/period=95/state=ad9e2191f242: teacher rows do not contain constraint_features_json",
    "base_b__normal_global__seed1592467582/branch=0/episode=1/product=AN RICE CRACKER SEAWEED 111.3G/period=96/state=ad9e2191f242: teacher rows do not contain constraint_features_json",
    "base_b__normal_global__seed1592467582/branch=0/episode=1/product=AN RICE CRACKER SEAWEED 111.3G/period=97/state=ad9e2191f242: teacher rows do not contain constraint_features_json",
    "base_b__normal_global__seed1592467582/branch=0/episode=1/product=AN RICE CRACKER SEAWEED 111.3G/period=98/state=ad9e2191f242: teacher rows do not contain constraint_features_json",
    "base_b__normal_global__seed1592467582/branch=0/episode=1/product=AN RICE CRACKER SEAWEED 111.3G/period=99/state=ad9e2191f242: teacher rows do not contain constraint_features_json",
    "base_b__normal_global__seed1592467582/branch=0/episode=1/product=AN RICE CRACKER SEAWEED 111.3G/period=100/state=ad9e2191f242: teacher rows do not contain constraint_features_json",
    "base_b__normal_global__seed1592467582/branch=0/episode=1/product=AN RICE CRACKER SEAWEED 111.3G/period=101/state=ad9e2191f242: teacher rows do not contain constraint_features_json",
    "base_b__normal_global__seed1592467582/branch=0/episode=1/product=AN RICE CRACKER SEAWEED 111.3G/period=102/state=ad9e2191f242: teacher rows do not contain constraint_features_json",
    "base_b__normal_global__seed1592467582/branch=0/episode=1/product=AN RICE CRACKER SEAWEED 111.3G/period=103/state=ad9e2191f242: teacher rows do not contain constraint_features_json",
    "base_b__normal_global__seed1592467582/branch=0/episode=1/product=AN RICE CRACKER SEAWEED 111.3G/period=104/state=ad9e2191f242: teacher rows do not contain constraint_features_json",
    "base_b__normal_global__seed1592467582/branch=0/episode=1/product=AN RICE CRACKER SEAWEED 111.3G/period=105/state=ad9e2191f242: teacher rows do not contain constraint_features_json",
    "base_b__normal_global__seed1592467582/branch=0/episode=1/product=AN RICE CRACKER SEAWEED 111.3G/period=106/state=ad9e2191f242: teacher rows do not contain constraint_features_json",
    "base_b__normal_global__seed1592467582/branch=0/episode=1/product=AN RICE CRACKER SEAWEED 111.3G/period=107/state=ad9e2191f242: teacher rows do not contain constraint_features_json",
    "base_b__normal_global__seed1592467582/branch=0/episode=1/product=AN RICE CRACKER SEAWEED 111.3G/period=108/state=ad9e2191f242: teacher rows do not contain constraint_features_json",
    "base_b__normal_global__seed1592467582/branch=0/episode=1/product=AN RICE CRACKER SEAWEED 111.3G/period=109/state=ad9e2191f242: teacher rows do not contain constraint_features_json",
    "base_b__normal_global__seed1592467582/branch=0/episode=1/product=AN RICE CRACKER SEAWEED 111.3G/period=110/state=ad9e2191f242: teacher rows do not contain constraint_features_json",
    "base_b__normal_global__seed1592467582/branch=0/episode=1/product=AN RICE CRACKER SEAWEED 111.3G/period=111/state=ad9e2191f242: teacher rows do not contain constraint_features_json",
    "base_b__normal_global__seed1592467582/branch=0/episode=1/product=AN RICE CRACKER SEAWEED 111.3G/period=112/state=ad9e2191f242: teacher rows do not contain constraint_features_json",
    "base_b__normal_global__seed1592467582/branch=0/episode=1/product=AN RICE CRACKER SEAWEED 111.3G/period=113/state=ad9e2191f242: teacher rows do not contain constraint_features_json",
    "base_b__normal_global__seed1592467582/branch=0/episode=1/product=AN RICE CRACKER SEAWEED 111.3G/period=114/state=ad9e2191f242: teacher rows do not contain constraint_features_json",
    "base_b__normal_global__seed1592467582/branch=0/episode=1/product=AN RICE CRACKER SEAWEED 111.3G/period=115/state=ad9e2191f242: teacher rows do not contain constraint_features_json",
    "base_b__normal_global__seed1592467582/branch=0/episode=1/product=AN RICE CRACKER SEAWEED 111.3G/period=116/state=ad9e2191f242: teacher rows do not contain constraint_features_json",
    "base_b__normal_global__seed1592467582/branch=0/episode=1/product=AN RICE CRACKER SEAWEED 111.3G/period=117/state=ad9e2191f242: teacher rows do not contain constraint_features_json",
    "base_b__normal_global__seed1592467582/branch=0/episode=1/product=AN RICE CRACKER SEAWEED 111.3G/period=118/state=ad9e2191f242: teacher rows do not contain constraint_features_json",
    "base_b__normal_global__seed1592467582/branch=0/episode=1/product=AN RICE CRACKER SEAWEED 111.3G/period=119/state=ad9e2191f242: teacher rows do not contain constraint_features_json",
    "base_b__normal_global__seed1592467582/branch=0/episode=1/product=AN RICE CRACKER SEAWEED 111.3G/period=120/state=ad9e2191f242: teacher rows do not contain constraint_features_json",
    "base_b__normal_global__seed1592467582/branch=0/episode=1/product=AN RICE CRACKER SEAWEED 111.3G/period=121/state=ad9e2191f242: teacher rows do not contain constraint_features_json",
    "base_b__normal_global__seed1592467582/branch=0/episode=1/product=AN RICE CRACKER SEAWEED 111.3G/period=122/state=ad9e2191f242: teacher rows do not contain constraint_features_json",
    "base_b__normal_global__seed1592467582/branch=0/episode=1/product=AN RICE CRACKER SEAWEED 111.3G/period=125/state=ad9e2191f242: teacher rows do not contain constraint_features_json",
    "base_b__normal_global__seed1592467582/branch=0/episode=1/product=AN RICE CRACKER SEAWEED 111.3G/period=126/state=ad9e2191f242: teacher rows do not contain constraint_features_json",
    "base_b__normal_global__seed1592467582/branch=0/episode=1/product=AN RICE CRACKER SEAWEED 111.3G/period=127/state=ad9e2191f242: teacher rows do not contain constraint_features_json",
    "base_b__normal_global__seed1592467582/branch=0/episode=1/product=AN RICE CRACKER SEAWEED 111.3G/period=128/state=ad9e2191f242: teacher rows do not contain constraint_features_json",
    "base_b__normal_global__seed1592467582/branch=0/episode=1/product=AN RICE CRACKER SEAWEED 111.3G/period=129/state=ad9e2191f242: teacher rows do not contain constraint_features_json",
    "base_b__normal_global__seed1592467582/branch=0/episode=1/product=AN RICE CRACKER SEAWEED 111.3G/period=130/state=ad9e2191f242: teacher rows do not contain constraint_features_json",
    "base_b__normal_global__seed1592467582/branch=0/episode=1/product=AN RICE CRACKER SEAWEED 111.3G/period=131/state=ad9e2191f242: teacher rows do not contain constraint_features_json",
    "base_b__normal_global__seed1592467582/branch=0/episode=1/product=AN RICE CRACKER SEAWEED 111.3G/period=132/state=ad9e2191f242: teacher rows do not contain constraint_features_json",
    "base_b__normal_global__seed1592467582/branch=0/episode=1/product=AN RICE CRACKER SEAWEED 111.3G/period=133/state=ad9e2191f242: teacher rows do not contain constraint_features_json",
    "base_b__normal_global__seed1592467582/branch=0/episode=1/product=AN RICE CRACKER SEAWEED 111.3G/period=134/state=ad9e2191f242: teacher rows do not contain constraint_features_json",
    "base_b__normal_global__seed1592467582/branch=0/episode=1/product=AN RICE CRACKER SEAWEED 111.3G/period=135/state=ad9e2191f242: teacher rows do not contain constraint_features_json",
    "base_b__normal_global__seed1592467582/branch=0/episode=1/product=AN RICE CRACKER SEAWEED 111.3G/period=136/state=ad9e2191f242: teacher rows do not contain constraint_features_json",
    "base_b__normal_global__seed1592467582/branch=0/episode=1/product=AN RICE CRACKER SEAWEED 111.3G/period=137/state=ad9e2191f242: teacher rows do not contain constraint_features_json",
    "base_b__normal_global__seed1592467582/branch=0/episode=1/product=AN RICE CRACKER SEAWEED 111.3G/period=138/state=ad9e2191f242: teacher rows do not contain constraint_features_json",
    "base_b__normal_global__seed1592467582/branch=0/episode=1/product=AN RICE CRACKER SEAWEED 111.3G/period=139/state=ad9e2191f242: teacher rows do not contain constraint_features_json",
    "base_b__normal_global__seed1592467582/branch=0/episode=1/product=AN RICE CRACKER SEAWEED 111.3G/period=140/state=ad9e2191f242: teacher rows do not contain constraint_features_json",
    "base_b__normal_global__seed1592467582/branch=0/episode=1/product=AN RICE CRACKER SEAWEED 111.3G/period=141/state=ad9e2191f242: teacher rows do not contain constraint_features_json",
    "base_b__normal_global__seed1592467582/branch=0/episode=1/product=AN RICE CRACKER SEAWEED 111.3G/period=142/state=ad9e2191f242: teacher rows do not contain constraint_features_json",
    "base_b__normal_global__seed1592467582/branch=0/episode=1/product=AN RICE CRACKER SEAWEED 111.3G/period=143/state=ad9e2191f242: teacher rows do not contain constraint_features_json",
    "base_b__normal_global__seed1592467582/branch=0/episode=1/product=AN RICE CRACKER SEAWEED 111.3G/period=144/state=ad9e2191f242: teacher rows do not contain constraint_features_json",
    "base_b__normal_global__seed1592467582/branch=0/episode=1/product=AN RICE CRACKER SEAWEED 111.3G/period=145/state=ad9e2191f242: teacher rows do not contain constraint_features_json",
    "base_b__normal_global__seed1592467582/branch=0/episode=1/product=AN RICE CRACKER SEAWEED 111.3G/period=146/state=ad9e2191f242: teacher rows do not contain constraint_features_json",
    "base_b__normal_global__seed1592467582/branch=0/episode=1/product=AN RICE CRACKER SEAWEED 111.3G/period=147/state=ad9e2191f242: teacher rows do not contain constraint_features_json",
    "base_b__normal_global__seed1592467582/branch=0/episode=1/product=AN RICE CRACKER SEAWEED 111.3G/period=148/state=ad9e2191f242: teacher rows do not contain constraint_features_json",
    "base_b__normal_global__seed1592467582/branch=0/episode=1/product=AN RICE CRACKER SEAWEED 111.3G/period=149/state=ad9e2191f242: teacher rows do not contain constraint_features_json",
    "base_b__normal_global__seed1592467582/branch=0/episode=1/product=AN RICE CRACKER SEAWEED 111.3G/period=150/state=ad9e2191f242: teacher rows do not contain constraint_features_json",
    "base_b__normal_global__seed1592467582/branch=0/episode=1/product=AN RICE CRACKER SEAWEED 111.3G/period=151/state=ad9e2191f242: teacher rows do not contain constraint_features_json",
    "base_b__normal_global__seed1592467582/branch=0/episode=1/product=AN RICE CRACKER SEAWEED 111.3G/period=152/state=ad9e2191f242: teacher rows do not contain constraint_features_json",
    "base_b__normal_global__seed1592467582/branch=0/episode=1/product=AN RICE CRACKER SEAWEED 111.3G/period=153/state=ad9e2191f242: teacher rows do not contain constraint_features_json",
    "base_b__normal_global__seed1592467582/branch=0/episode=1/product=OREO VANILLA 110.4/105G/period=4/state=ad9e2191f242: teacher rows do not contain constraint_features_json",
    "base_b__normal_global__seed1592467582/branch=0/episode=1/product=OREO VANILLA 110.4/105G/period=5/state=ad9e2191f242: teacher rows do not contain constraint_features_json",
    "base_b__normal_global__seed1592467582/branch=0/episode=1/product=OREO VANILLA 110.4/105G/period=6/state=ad9e2191f242: teacher rows do not contain constraint_features_json",
    "base_b__normal_global__seed1592467582/branch=0/episode=1/product=OREO VANILLA 110.4/105G/period=7/state=ad9e2191f242: teacher rows do not contain constraint_features_json",
    "base_b__normal_global__seed1592467582/branch=0/episode=1/product=OREO VANILLA 110.4/105G/period=8/state=ad9e2191f242: teacher rows do not contain constraint_features_json",
    "base_b__normal_global__seed1592467582/branch=0/episode=1/product=OREO VANILLA 110.4/105G/period=9/state=ad9e2191f242: teacher rows do not contain constraint_features_json",
    "base_b__normal_global__seed1592467582/branch=0/episode=1/product=OREO VANILLA 110.4/105G/period=10/state=ad9e2191f242: teacher rows do not contain constraint_features_json",
    "base_b__normal_global__seed1592467582/branch=0/episode=1/product=OREO VANILLA 110.4/105G/period=11/state=ad9e2191f242: teacher rows do not contain constraint_features_json",
    "base_b__normal_global__seed1592467582/branch=0/episode=1/product=OREO VANILLA 110.4/105G/period=12/state=ad9e2191f242: teacher rows do not contain constraint_features_json",
    "base_b__normal_global__seed1592467582/branch=0/episode=1/product=OREO VANILLA 110.4/105G/period=13/state=ad9e2191f242: teacher rows do not contain constraint_features_json",
    "base_b__normal_global__seed1592467582/branch=0/episode=1/product=OREO VANILLA 110.4/105G/period=14/state=ad9e2191f242: teacher rows do not contain constraint_features_json",
    "base_b__normal_global__seed1592467582/branch=0/episode=1/product=OREO VANILLA 110.4/105G/period=15/state=ad9e2191f242: teacher rows do not contain constraint_features_json",
    "base_b__normal_global__seed1592467582/branch=0/episode=1/product=OREO VANILLA 110.4/105G/period=16/state=ad9e2191f242: teacher rows do not contain constraint_features_json",
    "base_b__normal_global__seed1592467582/branch=0/episode=1/product=OREO VANILLA 110.4/105G/period=17/state=ad9e2191f242: teacher rows do not contain constraint_features_json",
    "base_b__normal_global__seed1592467582/branch=0/episode=1/product=OREO VANILLA 110.4/105G/period=18/state=ad9e2191f242: teacher rows do not contain constraint_features_json",
    "base_b__normal_global__seed1592467582/branch=0/episode=1/product=OREO VANILLA 110.4/105G/period=19/state=ad9e2191f242: teacher rows do not contain constraint_features_json",
    "base_b__normal_global__seed1592467582/branch=0/episode=1/product=OREO VANILLA 110.4/105G/period=20/state=ad9e2191f242: teacher rows do not contain constraint_features_json",
    "base_b__normal_global__seed1592467582/branch=0/episode=1/product=OREO VANILLA 110.4/105G/period=21/state=ad9e2191f242: teacher rows do not contain constraint_features_json",
    "base_b__normal_global__seed1592467582/branch=0/episode=1/product=OREO VANILLA 110.4/105G/period=22/state=ad9e2191f242: teacher rows do not contain constraint_features_json",
    "base_b__normal_global__seed1592467582/branch=0/episode=1/product=OREO VANILLA 110.4/105G/period=23/state=ad9e2191f242: teacher rows do not contain constraint_features_json",
    "base_b__normal_global__seed1592467582/branch=0/episode=1/product=OREO VANILLA 110.4/105G/period=24/state=ad9e2191f242: teacher rows do not contain constraint_features_json",
    "base_b__normal_global__seed1592467582/branch=0/episode=1/product=OREO VANILLA 110.4/105G/period=25/state=ad9e2191f242: teacher rows do not contain constraint_features_json",
    "base_b__normal_global__seed1592467582/branch=0/episode=1/product=OREO VANILLA 110.4/105G/period=26/state=ad9e2191f242: teacher rows do not contain constraint_features_json",
    "base_b__normal_global__seed1592467582/branch=0/episode=1/product=OREO VANILLA 110.4/105G/period=27/state=ad9e2191f242: teacher rows do not contain constraint_features_json",
    "base_b__normal_global__seed1592467582/branch=0/episode=1/product=OREO VANILLA 110.4/105G/period=28/state=ad9e2191f242: teacher rows do not contain constraint_features_json",
    "base_b__normal_global__seed1592467582/branch=0/episode=1/product=OREO VANILLA 110.4/105G/period=29/state=ad9e2191f242: teacher rows do not contain constraint_features_json",
    "base_b__normal_global__seed1592467582/branch=0/episode=1/product=OREO VANILLA 110.4/105G/period=30/state=ad9e2191f242: teacher rows do not contain constraint_features_json",
    "base_b__normal_global__seed1592467582/branch=0/episode=1/product=OREO VANILLA 110.4/105G/period=31/state=ad9e2191f242: teacher rows do not contain constraint_features_json",
    "base_b__normal_global__seed1592467582/branch=0/episode=1/product=OREO VANILLA 110.4/105G/period=32/state=ad9e2191f242: teacher rows do not contain constraint_features_json",
    "base_b__normal_global__seed1592467582/branch=0/episode=1/product=OREO VANILLA 110.4/105G/period=33/state=ad9e2191f242: teacher rows do not contain constraint_features_json",
    "base_b__normal_global__seed1592467582/branch=0/episode=1/product=OREO VANILLA 110.4/105G/period=34/state=ad9e2191f242: teacher rows do not contain constraint_features_json",
    "base_b__normal_global__seed1592467582/branch=0/episode=1/product=OREO VANILLA 110.4/105G/period=35/state=ad9e2191f242: teacher rows do not contain constraint_features_json",
    "base_b__normal_global__seed1592467582/branch=0/episode=1/product=OREO VANILLA 110.4/105G/period=36/state=ad9e2191f242: teacher rows do not contain constraint_features_json",
    "base_b__normal_global__seed1592467582/branch=0/episode=1/product=OREO VANILLA 110.4/105G/period=37/state=ad9e2191f242: teacher rows do not contain constraint_features_json",
    "base_b__normal_global__seed1592467582/branch=0/episode=1/product=OREO VANILLA 110.4/105G/period=38/state=ad9e2191f242: teacher rows do not contain constraint_features_json",
    "base_b__normal_global__seed1592467582/branch=0/episode=1/product=OREO VANILLA 110.4/105G/period=39/state=ad9e2191f242: teacher rows do not contain constraint_features_json",
    "base_b__normal_global__seed1592467582/branch=0/episode=1/product=OREO VANILLA 110.4/105G/period=40/state=ad9e2191f242: teacher rows do not contain constraint_features_json",
    "base_b__normal_global__seed1592467582/branch=0/episode=1/product=OREO VANILLA 110.4/105G/period=41/state=ad9e2191f242: teacher rows do not contain constraint_features_json",
    "base_b__normal_global__seed1592467582/branch=0/episode=1/product=OREO VANILLA 110.4/105G/period=42/state=ad9e2191f242: teacher rows do not contain constraint_features_json",
    "base_b__normal_global__seed1592467582/branch=0/episode=1/product=OREO VANILLA 110.4/105G/period=43/state=ad9e2191f242: teacher rows do not contain constraint_features_json",
    "base_b__normal_global__seed1592467582/branch=0/episode=1/product=OREO VANILLA 110.4/105G/period=44/state=ad9e2191f242: teacher rows do not contain constraint_features_json",
    "base_b__normal_global__seed1592467582/branch=0/episode=1/product=OREO VANILLA 110.4/105G/period=45/state=ad9e2191f242: teacher rows do not contain constraint_features_json",
    "base_b__normal_global__seed1592467582/branch=0/episode=1/product=OREO VANILLA 110.4/105G/period=46/state=ad9e2191f242: teacher rows do not contain constraint_features_json",
    "base_b__normal_global__seed1592467582/branch=0/episode=1/product=OREO VANILLA 110.4/105G/period=47/state=ad9e2191f242: teacher rows do not contain constraint_features_json",
    "base_b__normal_global__seed1592467582/branch=0/episode=1/product=OREO VANILLA 110.4/105G/period=48/state=ad9e2191f242: teacher rows do not contain constraint_features_json",
    "base_b__normal_global__seed1592467582/branch=0/episode=1/product=OREO VANILLA 110.4/105G/period=49/state=ad9e2191f242: teacher rows do not contain constraint_features_json",
    "base_b__normal_global__seed1592467582/branch=0/episode=1/product=OREO VANILLA 110.4/105G/period=50/state=ad9e2191f242: teacher rows do not contain constraint_features_json",
    "base_b__normal_global__seed1592467582/branch=0/episode=1/product=OREO VANILLA 110.4/105G/period=51/state=ad9e2191f242: teacher rows do not contain constraint_features_json",
    "base_b__normal_global__seed1592467582/branch=0/episode=1/product=OREO VANILLA 110.4/105G/period=52/state=ad9e2191f242: teacher rows do not contain constraint_features_json",
    "base_b__normal_global__seed1592467582/branch=0/episode=1/product=OREO VANILLA 110.4/105G/period=53/state=ad9e2191f242: teacher rows do not contain constraint_features_json",
    "base_b__normal_global__seed1592467582/branch=0/episode=1/product=OREO VANILLA 110.4/105G/period=54/state=ad9e2191f242: teacher rows do not contain constraint_features_json",
    "base_b__normal_global__seed1592467582/branch=0/episode=1/product=OREO VANILLA 110.4/105G/period=55/state=ad9e2191f242: teacher rows do not contain constraint_features_json",
    "base_b__normal_global__seed1592467582/branch=0/episode=1/product=OREO VANILLA 110.4/105G/period=56/state=ad9e2191f242: teacher rows do not contain constraint_features_json",
    "base_b__normal_global__seed1592467582/branch=0/episode=1/product=OREO VANILLA 110.4/105G/period=57/state=ad9e2191f242: teacher rows do not contain constraint_features_json",
    "base_b__normal_global__seed1592467582/branch=0/episode=1/product=OREO VANILLA 110.4/105G/period=58/state=ad9e2191f242: teacher rows do not contain constraint_features_json",
    "base_b__normal_global__seed1592467582/branch=0/episode=1/product=OREO VANILLA 110.4/105G/period=59/state=ad9e2191f242: teacher rows do not contain constraint_features_json",
    "base_b__normal_global__seed1592467582/branch=0/episode=1/product=OREO VANILLA 110.4/105G/period=60/state=ad9e2191f242: teacher rows do not contain constraint_features_json",
    "base_b__normal_global__seed1592467582/branch=0/episode=1/product=OREO VANILLA 110.4/105G/period=61/state=ad9e2191f242: teacher rows do not contain constraint_features_json",
    "base_b__normal_global__seed1592467582/branch=0/episode=1/product=OREO VANILLA 110.4/105G/period=62/state=ad9e2191f242: teacher rows do not contain constraint_features_json",
    "base_b__normal_global__seed1592467582/branch=0/episode=1/product=OREO VANILLA 110.4/105G/period=63/state=ad9e2191f242: teacher rows do not contain constraint_features_json",
    "base_b__normal_global__seed1592467582/branch=0/episode=1/product=OREO VANILLA 110.4/105G/period=64/state=ad9e2191f242: teacher rows do not contain constraint_features_json",
    "base_b__normal_global__seed1592467582/branch=0/episode=1/product=OREO VANILLA 110.4/105G/period=65/state=ad9e2191f242: teacher rows do not contain constraint_features_json",
    "base_b__normal_global__seed1592467582/branch=0/episode=1/product=OREO VANILLA 110.4/105G/period=66/state=ad9e2191f242: teacher rows do not contain constraint_features_json",
    "base_b__normal_global__seed1592467582/branch=0/episode=1/product=OREO VANILLA 110.4/105G/period=67/state=ad9e2191f242: teacher rows do not contain constraint_features_json",
    "base_b__normal_global__seed1592467582/branch=0/episode=1/product=OREO VANILLA 110.4/105G/period=68/state=ad9e2191f242: teacher rows do not contain constraint_features_json",
    "base_b__normal_global__seed1592467582/branch=0/episode=1/product=OREO VANILLA 110.4/105G/period=69/state=ad9e2191f242: teacher rows do not contain constraint_features_json",
    "base_b__normal_global__seed1592467582/branch=0/episode=1/product=OREO VANILLA 110.4/105G/period=70/state=ad9e2191f242: teacher rows do not contain constraint_features_json",
    "base_b__normal_global__seed1592467582/branch=0/episode=1/product=OREO VANILLA 110.4/105G/period=71/state=ad9e2191f242: teacher rows do not contain constraint_features_json",
    "base_b__normal_global__seed1592467582/branch=0/episode=1/product=OREO VANILLA 110.4/105G/period=72/state=ad9e2191f242: teacher rows do not contain constraint_features_json",
    "base_b__normal_global__seed1592467582/branch=0/episode=1/product=OREO VANILLA 110.4/105G/period=73/state=ad9e2191f242: teacher rows do not contain constraint_features_json",
    "base_b__normal_global__seed1592467582/branch=0/episode=1/product=OREO VANILLA 110.4/105G/period=74/state=ad9e2191f242: teacher rows do not contain constraint_features_json",
    "base_b__normal_global__seed1592467582/branch=0/episode=1/product=OREO VANILLA 110.4/105G/period=75/state=ad9e2191f242: teacher rows do not contain constraint_features_json",
    "base_b__normal_global__seed1592467582/branch=0/episode=1/product=OREO VANILLA 110.4/105G/period=79/state=ad9e2191f242: teacher rows do not contain constraint_features_json",
    "base_b__normal_global__seed1592467582/branch=0/episode=1/product=OREO VANILLA 110.4/105G/period=80/state=ad9e2191f242: teacher rows do not contain constraint_features_json",
    "base_b__normal_global__seed1592467582/branch=0/episode=1/product=OREO VANILLA 110.4/105G/period=82/state=ad9e2191f242: teacher rows do not contain constraint_features_json",
    "base_b__normal_global__seed1592467582/branch=0/episode=1/product=OREO VANILLA 110.4/105G/period=83/state=ad9e2191f242: teacher rows do not contain constraint_features_json",
    "base_b__normal_global__seed1592467582/branch=0/episode=1/product=OREO VANILLA 110.4/105G/period=84/state=ad9e2191f242: teacher rows do not contain constraint_features_json",
    "base_b__normal_global__seed1592467582/branch=0/episode=1/product=OREO VANILLA 110.4/105G/period=85/state=ad9e2191f242: teacher rows do not contain constraint_features_json",
    "base_b__normal_global__seed1592467582/branch=0/episode=1/product=OREO VANILLA 110.4/105G/period=86/state=ad9e2191f242: teacher rows do not contain constraint_features_json",
    "base_b__normal_global__seed1592467582/branch=0/episode=1/product=OREO VANILLA 110.4/105G/period=87/state=ad9e2191f242: teacher rows do not contain constraint_features_json",
    "base_b__normal_global__seed1592467582/branch=0/episode=1/product=OREO VANILLA 110.4/105G/period=88/state=ad9e2191f242: teacher rows do not contain constraint_features_json",
    "base_b__normal_global__seed1592467582/branch=0/episode=1/product=OREO VANILLA 110.4/105G/period=89/state=ad9e2191f242: teacher rows do not contain constraint_features_json",
    "base_b__normal_global__seed1592467582/branch=0/episode=1/product=OREO VANILLA 110.4/105G/period=90/state=ad9e2191f242: teacher rows do not contain constraint_features_json",
    "base_b__normal_global__seed1592467582/branch=0/episode=1/product=OREO VANILLA 110.4/105G/period=91/state=ad9e2191f242: teacher rows do not contain constraint_features_json",
    "base_b__normal_global__seed1592467582/branch=0/episode=1/product=OREO VANILLA 110.4/105G/period=92/state=ad9e2191f242: teacher rows do not contain constraint_features_json",
    "base_b__normal_global__seed1592467582/branch=0/episode=1/product=OREO VANILLA 110.4/105G/period=93/state=ad9e2191f242: teacher rows do not contain constraint_features_json",
    "base_b__normal_global__seed1592467582/branch=0/episode=1/product=OREO VANILLA 110.4/105G/period=94/state=ad9e2191f242: teacher rows do not contain constraint_features_json",
    "base_b__normal_global__seed1592467582/branch=0/episode=1/product=OREO VANILLA 110.4/105G/period=95/state=ad9e2191f242: teacher rows do not contain constraint_features_json",
    "base_b__normal_global__seed1592467582/branch=0/episode=1/product=OREO VANILLA 110.4/105G/period=96/state=ad9e2191f242: teacher rows do not contain constraint_features_json",
    "base_b__normal_global__seed1592467582/branch=0/episode=1/product=OREO VANILLA 110.4/105G/period=97/state=ad9e2191f242: teacher rows do not contain constraint_features_json",
    "base_b__normal_global__seed1592467582/branch=0/episode=1/product=OREO VANILLA 110.4/105G/period=98/state=ad9e2191f242: teacher rows do not contain constraint_features_json",
    "base_b__normal_global__seed1592467582/branch=0/episode=1/product=OREO VANILLA 110.4/105G/period=99/state=ad9e2191f242: teacher rows do not contain constraint_features_json",
    "base_b__normal_global__seed1592467582/branch=0/episode=1/product=OREO VANILLA 110.4/105G/period=100/state=ad9e2191f242: teacher rows do not contain constraint_features_json",
    "base_b__normal_global__seed1592467582/branch=0/episode=1/product=OREO VANILLA 110.4/105G/period=101/state=ad9e2191f242: teacher rows do not contain constraint_features_json",
    "base_b__normal_global__seed1592467582/branch=0/episode=1/product=OREO VANILLA 110.4/105G/period=102/state=ad9e2191f242: teacher rows do not contain constraint_features_json",
    "base_b__normal_global__seed1592467582/branch=0/episode=1/product=OREO VANILLA 110.4/105G/period=103/state=ad9e2191f242: teacher rows do not contain constraint_features_json",
    "base_b__normal_global__seed1592467582/branch=0/episode=1/product=OREO VANILLA 110.4/105G/period=104/state=ad9e2191f242: teacher rows do not contain constraint_features_json",
    "base_b__normal_global__seed1592467582/branch=0/episode=1/product=OREO VANILLA 110.4/105G/period=105/state=ad9e2191f242: teacher rows do not contain constraint_features_json",
    "base_b__normal_global__seed1592467582/branch=0/episode=1/product=OREO VANILLA 110.4/105G/period=106/state=ad9e2191f242: teacher rows do not contain constraint_features_json",
    "base_b__normal_global__seed1592467582/branch=0/episode=1/product=OREO VANILLA 110.4/105G/period=107/state=ad9e2191f242: teacher rows do not contain constraint_features_json",
    "base_b__normal_global__seed1592467582/branch=0/episode=1/product=OREO VANILLA 110.4/105G/period=108/state=ad9e2191f242: teacher rows do not contain constraint_features_json",
    "base_b__normal_global__seed1592467582/branch=0/episode=1/product=OREO VANILLA 110.4/105G/period=109/state=ad9e2191f242: teacher rows do not contain constraint_features_json",
    "base_b__normal_global__seed1592467582/branch=0/episode=1/product=OREO VANILLA 110.4/105G/period=110/state=ad9e2191f242: teacher rows do not contain constraint_features_json",
    "base_b__normal_global__seed1592467582/branch=0/episode=1/product=OREO VANILLA 110.4/105G/period=111/state=ad9e2191f242: teacher rows do not contain constraint_features_json",
    "base_b__normal_global__seed1592467582/branch=0/episode=1/product=OREO VANILLA 110.4/105G/period=112/state=ad9e2191f242: teacher rows do not contain constraint_features_json",
    "base_b__normal_global__seed1592467582/branch=0/episode=1/product=OREO VANILLA 110.4/105G/period=113/state=ad9e2191f242: teacher rows do not contain constraint_features_json",
    "base_b__normal_global__seed1592467582/branch=0/episode=1/product=OREO VANILLA 110.4/105G/period=114/state=ad9e2191f242: teacher rows do not contain constraint_features_json",
    "base_b__normal_global__seed1592467582/branch=0/episode=1/product=OREO VANILLA 110.4/105G/period=115/state=ad9e2191f242: teacher rows do not contain constraint_features_json",
    "base_b__normal_global__seed1592467582/branch=0/episode=1/product=OREO VANILLA 110.4/105G/period=116/state=ad9e2191f242: teacher rows do not contain constraint_features_json",
    "base_b__normal_global__seed1592467582/branch=0/episode=1/product=OREO VANILLA 110.4/105G/period=117/state=ad9e2191f242: teacher rows do not contain constraint_features_json",
    "base_b__normal_global__seed1592467582/branch=0/episode=1/product=OREO VANILLA 110.4/105G/period=118/state=ad9e2191f242: teacher rows do not contain constraint_features_json",
    "base_b__normal_global__seed1592467582/branch=0/episode=1/product=OREO VANILLA 110.4/105G/period=119/state=ad9e2191f242: teacher rows do not contain constraint_features_json",
    "base_b__normal_global__seed1592467582/branch=0/episode=1/product=OREO VANILLA 110.4/105G/period=120/state=ad9e2191f242: teacher rows do not contain constraint_features_json",
    "base_b__normal_global__seed1592467582/branch=0/episode=1/product=OREO VANILLA 110.4/105G/period=121/state=ad9e2191f242: teacher rows do not contain constraint_features_json",
    "base_b__normal_global__seed1592467582/branch=0/episode=1/product=OREO VANILLA 110.4/105G/period=122/state=ad9e2191f242: teacher rows do not contain constraint_features_json",
    "base_b__normal_global__seed1592467582/branch=0/episode=1/product=OREO VANILLA 110.4/105G/period=123/state=ad9e2191f242: teacher rows do not contain constraint_features_json",
    "base_b__normal_global__seed1592467582/branch=0/episode=1/product=OREO VANILLA 110.4/105G/period=124/state=ad9e2191f242: teacher rows do not contain constraint_features_json",
    "base_b__normal_global__seed1592467582/branch=0/episode=1/product=OREO VANILLA 110.4/105G/period=125/state=ad9e2191f242: teacher rows do not contain constraint_features_json",
    "base_b__normal_global__seed1592467582/branch=0/episode=1/product=OREO VANILLA 110.4/105G/period=126/state=ad9e2191f242: teacher rows do not contain constraint_features_json",
    "base_b__normal_global__seed1592467582/branch=0/episode=1/product=OREO VANILLA 110.4/105G/period=127/state=ad9e2191f242: teacher rows do not contain constraint_features_json",
    "base_b__normal_global__seed1592467582/branch=0/episode=1/product=OREO VANILLA 110.4/105G/period=128/state=ad9e2191f242: teacher rows do not contain constraint_features_json",
    "base_b__normal_global__seed1592467582/branch=0/episode=1/product=OREO VANILLA 110.4/105G/period=129/state=ad9e2191f242: teacher rows do not contain constraint_features_json",
    "base_b__normal_global__seed1592467582/branch=0/episode=1/product=OREO VANILLA 110.4/105G/period=130/state=ad9e2191f242: teacher rows do not contain constraint_features_json",
    "base_b__normal_global__seed1592467582/branch=0/episode=1/product=OREO VANILLA 110.4/105G/period=131/state=ad9e2191f242: teacher rows do not contain constraint_features_json",
    "base_b__normal_global__seed1592467582/branch=0/episode=1/product=OREO VANILLA 110.4/105G/period=132/state=ad9e2191f242: teacher rows do not contain constraint_features_json",
    "base_b__normal_global__seed1592467582/branch=0/episode=1/product=OREO VANILLA 110.4/105G/period=133/state=ad9e2191f242: teacher rows do not contain constraint_features_json",
    "base_b__normal_global__seed1592467582/branch=0/episode=1/product=OREO VANILLA 110.4/105G/period=134/state=ad9e2191f242: teacher rows do not contain constraint_features_json",
    "base_b__normal_global__seed1592467582/branch=0/episode=1/product=OREO VANILLA 110.4/105G/period=135/state=ad9e2191f242: teacher rows do not contain constraint_features_json",
    "base_b__normal_global__seed1592467582/branch=0/episode=1/product=OREO VANILLA 110.4/105G/period=136/state=ad9e2191f242: teacher rows do not contain constraint_features_json",
    "base_b__normal_global__seed1592467582/branch=0/episode=1/product=OREO VANILLA 110.4/105G/period=137/state=ad9e2191f242: teacher rows do not contain constraint_features_json",
    "base_b__normal_global__seed1592467582/branch=0/episode=1/product=OREO VANILLA 110.4/105G/period=138/state=ad9e2191f242: teacher rows do not contain constraint_features_json",
    "base_b__normal_global__seed1592467582/branch=0/episode=1/product=OREO VANILLA 110.4/105G/period=139/state=ad9e2191f242: teacher rows do not contain constraint_features_json",
    "base_b__normal_global__seed1592467582/branch=0/episode=1/product=OREO VANILLA 110.4/105G/period=140/state=ad9e2191f242: teacher rows do not contain constraint_features_json",
    "base_b__normal_global__seed1592467582/branch=0/episode=1/product=OREO VANILLA 110.4/105G/period=141/state=ad9e2191f242: teacher rows do not contain constraint_features_json",
    "base_b__normal_global__seed1592467582/branch=0/episode=1/product=OREO VANILLA 110.4/105G/period=142/state=ad9e2191f242: teacher rows do not contain constraint_features_json",
    "base_b__normal_global__seed1592467582/branch=0/episode=1/product=OREO VANILLA 110.4/105G/period=143/state=ad9e2191f242: teacher rows do not contain constraint_features_json",
    "base_b__normal_global__seed1592467582/branch=0/episode=1/product=OREO VANILLA 110.4/105G/period=144/state=ad9e2191f242: teacher rows do not contain constraint_features_json",
    "base_b__normal_global__seed1592467582/branch=0/episode=1/product=OREO VANILLA 110.4/105G/period=145/state=ad9e2191f242: teacher rows do not contain constraint_features_json",
    "base_b__normal_global__seed1592467582/branch=0/episode=1/product=OREO VANILLA 110.4/105G/period=146/state=ad9e2191f242: teacher rows do not contain constraint_features_json",
    "base_b__normal_global__seed1592467582/branch=0/episode=1/product=OREO VANILLA 110.4/105G/period=147/state=ad9e2191f242: teacher rows do not contain constraint_features_json",
    "base_b__normal_global__seed1592467582/branch=0/episode=1/product=OREO VANILLA 110.4/105G/period=148/state=ad9e2191f242: teacher rows do not contain constraint_features_json",
    "base_b__normal_global__seed1592467582/branch=0/episode=1/product=OREO VANILLA 110.4/105G/period=149/state=ad9e2191f242: teacher rows do not contain constraint_features_json",
    "base_b__normal_global__seed1592467582/branch=0/episode=1/product=OREO VANILLA 110.4/105G/period=150/state=ad9e2191f242: teacher rows do not contain constraint_features_json",
    "base_b__normal_global__seed1592467582/branch=0/episode=2/product=AN RICE CRACKER SEAWEED 111.3G/period=21/state=5ad59a50036c: teacher rows do not contain constraint_features_json",
    "base_b__normal_global__seed1592467582/branch=0/episode=2/product=AN RICE CRACKER SEAWEED 111.3G/period=28/state=5ad59a50036c: teacher rows do not contain constraint_features_json",
    "base_b__normal_global__seed1592467582/branch=0/episode=2/product=AN RICE CRACKER SEAWEED 111.3G/period=37/state=5ad59a50036c: teacher rows do not contain constraint_features_json",
    "base_b__normal_global__seed1592467582/branch=0/episode=2/product=AN RICE CRACKER SEAWEED 111.3G/period=38/state=5ad59a50036c: teacher rows do not contain constraint_features_json",
    "base_b__normal_global__seed1592467582/branch=0/episode=2/product=AN RICE CRACKER SEAWEED 111.3G/period=51/state=5ad59a50036c: teacher rows do not contain constraint_features_json",
    "base_b__normal_global__seed1592467582/branch=0/episode=2/product=AN RICE CRACKER SEAWEED 111.3G/period=60/state=5ad59a50036c: teacher rows do not contain constraint_features_json",
    "base_b__normal_global__seed1592467582/branch=0/episode=2/product=AN RICE CRACKER SEAWEED 111.3G/period=61/state=5ad59a50036c: teacher rows do not contain constraint_features_json",
    "base_b__normal_global__seed1592467582/branch=0/episode=2/product=AN RICE CRACKER SEAWEED 111.3G/period=83/state=5ad59a50036c: teacher rows do not contain constraint_features_json",
    "base_b__normal_global__seed1592467582/branch=0/episode=2/product=AN RICE CRACKER SEAWEED 111.3G/period=88/state=5ad59a50036c: teacher rows do not contain constraint_features_json",
    "base_b__normal_global__seed1592467582/branch=0/episode=2/product=AN RICE CRACKER SEAWEED 111.3G/period=96/state=5ad59a50036c: teacher rows do not contain constraint_features_json",
    "base_b__normal_global__seed1592467582/branch=0/episode=2/product=AN RICE CRACKER SEAWEED 111.3G/period=101/state=5ad59a50036c: teacher rows do not contain constraint_features_json",
    "base_b__normal_global__seed1592467582/branch=0/episode=2/product=AN RICE CRACKER SEAWEED 111.3G/period=117/state=5ad59a50036c: teacher rows do not contain constraint_features_json",
    "base_b__normal_global__seed1592467582/branch=0/episode=2/product=AN RICE CRACKER SEAWEED 111.3G/period=141/state=5ad59a50036c: teacher rows do not contain constraint_features_json",
    "base_b__normal_global__seed1592467582/branch=0/episode=2/product=OREO VANILLA 110.4/105G/period=7/state=5ad59a50036c: teacher rows do not contain constraint_features_json",
    "base_b__normal_global__seed1592467582/branch=0/episode=2/product=OREO VANILLA 110.4/105G/period=14/state=5ad59a50036c: teacher rows do not contain constraint_features_json",
    "base_b__normal_global__seed1592467582/branch=0/episode=2/product=OREO VANILLA 110.4/105G/period=26/state=5ad59a50036c: teacher rows do not contain constraint_features_json",
    "base_b__normal_global__seed1592467582/branch=0/episode=2/product=OREO VANILLA 110.4/105G/period=34/state=5ad59a50036c: teacher rows do not contain constraint_features_json",
    "base_b__normal_global__seed1592467582/branch=0/episode=2/product=OREO VANILLA 110.4/105G/period=36/state=5ad59a50036c: teacher rows do not contain constraint_features_json",
    "base_b__normal_global__seed1592467582/branch=0/episode=2/product=OREO VANILLA 110.4/105G/period=51/state=5ad59a50036c: teacher rows do not contain constraint_features_json",
    "base_b__normal_global__seed1592467582/branch=0/episode=2/product=OREO VANILLA 110.4/105G/period=87/state=5ad59a50036c: teacher rows do not contain constraint_features_json",
    "base_b__normal_global__seed1592467582/branch=0/episode=2/product=OREO VANILLA 110.4/105G/period=101/state=5ad59a50036c: teacher rows do not contain constraint_features_json",
    "base_b__normal_global__seed1592467582/branch=0/episode=2/product=OREO VANILLA 110.4/105G/period=144/state=5ad59a50036c: teacher rows do not contain constraint_features_json",
    "base_b__normal_global__seed1592467582/branch=0/episode=2/product=OREO VANILLA 110.4/105G/period=145/state=5ad59a50036c: teacher rows do not contain constraint_features_json",
    "base_b__gamma_store__seed590620972/branch=0/episode=1/product=AN RICE CRACKER SEAWEED 111.3G/period=6/state=b0da4d1c2bf7: teacher rows do not contain constraint_features_json",
    "base_b__gamma_store__seed590620972/branch=0/episode=1/product=AN RICE CRACKER SEAWEED 111.3G/period=7/state=b0da4d1c2bf7: teacher rows do not contain constraint_features_json",
    "base_b__gamma_store__seed590620972/branch=0/episode=1/product=AN RICE CRACKER SEAWEED 111.3G/period=8/state=b0da4d1c2bf7: teacher rows do not contain constraint_features_json",
    "base_b__gamma_store__seed590620972/branch=0/episode=1/product=AN RICE CRACKER SEAWEED 111.3G/period=9/state=b0da4d1c2bf7: teacher rows do not contain constraint_features_json",
    "base_b__gamma_store__seed590620972/branch=0/episode=1/product=AN RICE CRACKER SEAWEED 111.3G/period=10/state=b0da4d1c2bf7: teacher rows do not contain constraint_features_json",
    "base_b__gamma_store__seed590620972/branch=0/episode=1/product=AN RICE CRACKER SEAWEED 111.3G/period=11/state=b0da4d1c2bf7: teacher rows do not contain constraint_features_json",
    "base_b__gamma_store__seed590620972/branch=0/episode=1/product=AN RICE CRACKER SEAWEED 111.3G/period=12/state=b0da4d1c2bf7: teacher rows do not contain constraint_features_json",
    "base_b__gamma_store__seed590620972/branch=0/episode=1/product=AN RICE CRACKER SEAWEED 111.3G/period=13/state=b0da4d1c2bf7: teacher rows do not contain constraint_features_json",
    "base_b__gamma_store__seed590620972/branch=0/episode=1/product=AN RICE CRACKER SEAWEED 111.3G/period=14/state=b0da4d1c2bf7: teacher rows do not contain constraint_features_json",
    "base_b__gamma_store__seed590620972/branch=0/episode=1/product=AN RICE CRACKER SEAWEED 111.3G/period=15/state=b0da4d1c2bf7: teacher rows do not contain constraint_features_json",
    "base_b__gamma_store__seed590620972/branch=0/episode=1/product=AN RICE CRACKER SEAWEED 111.3G/period=16/state=b0da4d1c2bf7: teacher rows do not contain constraint_features_json",
    "base_b__gamma_store__seed590620972/branch=0/episode=1/product=AN RICE CRACKER SEAWEED 111.3G/period=17/state=b0da4d1c2bf7: teacher rows do not contain constraint_features_json",
    "base_b__gamma_store__seed590620972/branch=0/episode=1/product=AN RICE CRACKER SEAWEED 111.3G/period=18/state=b0da4d1c2bf7: teacher rows do not contain constraint_features_json",
    "base_b__gamma_store__seed590620972/branch=0/episode=1/product=AN RICE CRACKER SEAWEED 111.3G/period=19/state=b0da4d1c2bf7: teacher rows do not contain constraint_features_json",
    "base_b__gamma_store__seed590620972/branch=0/episode=1/product=AN RICE CRACKER SEAWEED 111.3G/period=20/state=b0da4d1c2bf7: teacher rows do not contain constraint_features_json",
    "base_b__gamma_store__seed590620972/branch=0/episode=1/product=AN RICE CRACKER SEAWEED 111.3G/period=21/state=b0da4d1c2bf7: teacher rows do not contain constraint_features_json",
    "base_b__gamma_store__seed590620972/branch=0/episode=1/product=AN RICE CRACKER SEAWEED 111.3G/period=22/state=b0da4d1c2bf7: teacher rows do not contain constraint_features_json",
    "base_b__gamma_store__seed590620972/branch=0/episode=1/product=AN RICE CRACKER SEAWEED 111.3G/period=23/state=b0da4d1c2bf7: teacher rows do not contain constraint_features_json",
    "base_b__gamma_store__seed590620972/branch=0/episode=1/product=AN RICE CRACKER SEAWEED 111.3G/period=24/state=b0da4d1c2bf7: teacher rows do not contain constraint_features_json",
    "base_b__gamma_store__seed590620972/branch=0/episode=1/product=AN RICE CRACKER SEAWEED 111.3G/period=25/state=b0da4d1c2bf7: teacher rows do not contain constraint_features_json",
    "base_b__gamma_store__seed590620972/branch=0/episode=1/product=AN RICE CRACKER SEAWEED 111.3G/period=26/state=b0da4d1c2bf7: teacher rows do not contain constraint_features_json",
    "base_b__gamma_store__seed590620972/branch=0/episode=1/product=AN RICE CRACKER SEAWEED 111.3G/period=27/state=b0da4d1c2bf7: teacher rows do not contain constraint_features_json",
    "base_b__gamma_store__seed590620972/branch=0/episode=1/product=AN RICE CRACKER SEAWEED 111.3G/period=28/state=b0da4d1c2bf7: teacher rows do not contain constraint_features_json",
    "base_b__gamma_store__seed590620972/branch=0/episode=1/product=AN RICE CRACKER SEAWEED 111.3G/period=29/state=b0da4d1c2bf7: teacher rows do not contain constraint_features_json",
    "base_b__gamma_store__seed590620972/branch=0/episode=1/product=AN RICE CRACKER SEAWEED 111.3G/period=30/state=b0da4d1c2bf7: teacher rows do not contain constraint_features_json",
    "base_b__gamma_store__seed590620972/branch=0/episode=1/product=AN RICE CRACKER SEAWEED 111.3G/period=31/state=b0da4d1c2bf7: teacher rows do not contain constraint_features_json",
    "base_b__gamma_store__seed590620972/branch=0/episode=1/product=AN RICE CRACKER SEAWEED 111.3G/period=32/state=b0da4d1c2bf7: teacher rows do not contain constraint_features_json",
    "base_b__gamma_store__seed590620972/branch=0/episode=1/product=AN RICE CRACKER SEAWEED 111.3G/period=33/state=b0da4d1c2bf7: teacher rows do not contain constraint_features_json",
    "base_b__gamma_store__seed590620972/branch=0/episode=1/product=AN RICE CRACKER SEAWEED 111.3G/period=34/state=b0da4d1c2bf7: teacher rows do not contain constraint_features_json",
    "base_b__gamma_store__seed590620972/branch=0/episode=1/product=AN RICE CRACKER SEAWEED 111.3G/period=35/state=b0da4d1c2bf7: teacher rows do not contain constraint_features_json",
    "base_b__gamma_store__seed590620972/branch=0/episode=1/product=AN RICE CRACKER SEAWEED 111.3G/period=36/state=b0da4d1c2bf7: teacher rows do not contain constraint_features_json",
    "base_b__gamma_store__seed590620972/branch=0/episode=1/product=AN RICE CRACKER SEAWEED 111.3G/period=37/state=b0da4d1c2bf7: teacher rows do not contain constraint_features_json",
    "base_b__gamma_store__seed590620972/branch=0/episode=1/product=AN RICE CRACKER SEAWEED 111.3G/period=38/state=b0da4d1c2bf7: teacher rows do not contain constraint_features_json",
    "base_b__gamma_store__seed590620972/branch=0/episode=1/product=AN RICE CRACKER SEAWEED 111.3G/period=39/state=b0da4d1c2bf7: teacher rows do not contain constraint_features_json",
    "base_b__gamma_store__seed590620972/branch=0/episode=1/product=AN RICE CRACKER SEAWEED 111.3G/period=40/state=b0da4d1c2bf7: teacher rows do not contain constraint_features_json",
    "base_b__gamma_store__seed590620972/branch=0/episode=1/product=AN RICE CRACKER SEAWEED 111.3G/period=42/state=b0da4d1c2bf7: teacher rows do not contain constraint_features_json",
    "base_b__gamma_store__seed590620972/branch=0/episode=1/product=AN RICE CRACKER SEAWEED 111.3G/period=43/state=b0da4d1c2bf7: teacher rows do not contain constraint_features_json",
    "base_b__gamma_store__seed590620972/branch=0/episode=1/product=AN RICE CRACKER SEAWEED 111.3G/period=44/state=b0da4d1c2bf7: teacher rows do not contain constraint_features_json",
    "base_b__gamma_store__seed590620972/branch=0/episode=1/product=AN RICE CRACKER SEAWEED 111.3G/period=48/state=b0da4d1c2bf7: teacher rows do not contain constraint_features_json",
    "base_b__gamma_store__seed590620972/branch=0/episode=1/product=AN RICE CRACKER SEAWEED 111.3G/period=49/state=b0da4d1c2bf7: teacher rows do not contain constraint_features_json",
    "base_b__gamma_store__seed590620972/branch=0/episode=1/product=AN RICE CRACKER SEAWEED 111.3G/period=51/state=b0da4d1c2bf7: teacher rows do not contain constraint_features_json",
    "base_b__gamma_store__seed590620972/branch=0/episode=1/product=AN RICE CRACKER SEAWEED 111.3G/period=52/state=b0da4d1c2bf7: teacher rows do not contain constraint_features_json",
    "base_b__gamma_store__seed590620972/branch=0/episode=1/product=AN RICE CRACKER SEAWEED 111.3G/period=53/state=b0da4d1c2bf7: teacher rows do not contain constraint_features_json",
    "base_b__gamma_store__seed590620972/branch=0/episode=1/product=AN RICE CRACKER SEAWEED 111.3G/period=54/state=b0da4d1c2bf7: teacher rows do not contain constraint_features_json",
    "base_b__gamma_store__seed590620972/branch=0/episode=1/product=AN RICE CRACKER SEAWEED 111.3G/period=57/state=b0da4d1c2bf7: teacher rows do not contain constraint_features_json",
    "base_b__gamma_store__seed590620972/branch=0/episode=1/product=AN RICE CRACKER SEAWEED 111.3G/period=58/state=b0da4d1c2bf7: teacher rows do not contain constraint_features_json",
    "base_b__gamma_store__seed590620972/branch=0/episode=1/product=AN RICE CRACKER SEAWEED 111.3G/period=59/state=b0da4d1c2bf7: teacher rows do not contain constraint_features_json",
    "base_b__gamma_store__seed590620972/branch=0/episode=1/product=AN RICE CRACKER SEAWEED 111.3G/period=60/state=b0da4d1c2bf7: teacher rows do not contain constraint_features_json",
    "base_b__gamma_store__seed590620972/branch=0/episode=1/product=AN RICE CRACKER SEAWEED 111.3G/period=61/state=b0da4d1c2bf7: teacher rows do not contain constraint_features_json",
    "base_b__gamma_store__seed590620972/branch=0/episode=1/product=AN RICE CRACKER SEAWEED 111.3G/period=62/state=b0da4d1c2bf7: teacher rows do not contain constraint_features_json",
    "base_b__gamma_store__seed590620972/branch=0/episode=1/product=AN RICE CRACKER SEAWEED 111.3G/period=63/state=b0da4d1c2bf7: teacher rows do not contain constraint_features_json",
    "base_b__gamma_store__seed590620972/branch=0/episode=1/product=AN RICE CRACKER SEAWEED 111.3G/period=64/state=b0da4d1c2bf7: teacher rows do not contain constraint_features_json",
    "base_b__gamma_store__seed590620972/branch=0/episode=1/product=AN RICE CRACKER SEAWEED 111.3G/period=65/state=b0da4d1c2bf7: teacher rows do not contain constraint_features_json",
    "base_b__gamma_store__seed590620972/branch=0/episode=1/product=AN RICE CRACKER SEAWEED 111.3G/period=66/state=b0da4d1c2bf7: teacher rows do not contain constraint_features_json",
    "base_b__gamma_store__seed590620972/branch=0/episode=1/product=AN RICE CRACKER SEAWEED 111.3G/period=68/state=b0da4d1c2bf7: teacher rows do not contain constraint_features_json",
    "base_b__gamma_store__seed590620972/branch=0/episode=1/product=AN RICE CRACKER SEAWEED 111.3G/period=69/state=b0da4d1c2bf7: teacher rows do not contain constraint_features_json",
    "base_b__gamma_store__seed590620972/branch=0/episode=1/product=AN RICE CRACKER SEAWEED 111.3G/period=70/state=b0da4d1c2bf7: teacher rows do not contain constraint_features_json",
    "base_b__gamma_store__seed590620972/branch=0/episode=1/product=AN RICE CRACKER SEAWEED 111.3G/period=71/state=b0da4d1c2bf7: teacher rows do not contain constraint_features_json",
    "base_b__gamma_store__seed590620972/branch=0/episode=1/product=AN RICE CRACKER SEAWEED 111.3G/period=72/state=b0da4d1c2bf7: teacher rows do not contain constraint_features_json",
    "base_b__gamma_store__seed590620972/branch=0/episode=1/product=AN RICE CRACKER SEAWEED 111.3G/period=73/state=b0da4d1c2bf7: teacher rows do not contain constraint_features_json",
    "base_b__gamma_store__seed590620972/branch=0/episode=1/product=AN RICE CRACKER SEAWEED 111.3G/period=74/state=b0da4d1c2bf7: teacher rows do not contain constraint_features_json",
    "base_b__gamma_store__seed590620972/branch=0/episode=1/product=AN RICE CRACKER SEAWEED 111.3G/period=76/state=b0da4d1c2bf7: teacher rows do not contain constraint_features_json",
    "base_b__gamma_store__seed590620972/branch=0/episode=1/product=AN RICE CRACKER SEAWEED 111.3G/period=77/state=b0da4d1c2bf7: teacher rows do not contain constraint_features_json",
    "base_b__gamma_store__seed590620972/branch=0/episode=1/product=AN RICE CRACKER SEAWEED 111.3G/period=78/state=b0da4d1c2bf7: teacher rows do not contain constraint_features_json",
    "base_b__gamma_store__seed590620972/branch=0/episode=1/product=AN RICE CRACKER SEAWEED 111.3G/period=79/state=b0da4d1c2bf7: teacher rows do not contain constraint_features_json",
    "base_b__gamma_store__seed590620972/branch=0/episode=1/product=AN RICE CRACKER SEAWEED 111.3G/period=80/state=b0da4d1c2bf7: teacher rows do not contain constraint_features_json",
    "base_b__gamma_store__seed590620972/branch=0/episode=1/product=AN RICE CRACKER SEAWEED 111.3G/period=83/state=b0da4d1c2bf7: teacher rows do not contain constraint_features_json",
    "base_b__gamma_store__seed590620972/branch=0/episode=1/product=AN RICE CRACKER SEAWEED 111.3G/period=84/state=b0da4d1c2bf7: teacher rows do not contain constraint_features_json",
    "base_b__gamma_store__seed590620972/branch=0/episode=1/product=AN RICE CRACKER SEAWEED 111.3G/period=85/state=b0da4d1c2bf7: teacher rows do not contain constraint_features_json",
    "base_b__gamma_store__seed590620972/branch=0/episode=1/product=AN RICE CRACKER SEAWEED 111.3G/period=86/state=b0da4d1c2bf7: teacher rows do not contain constraint_features_json",
    "base_b__gamma_store__seed590620972/branch=0/episode=1/product=AN RICE CRACKER SEAWEED 111.3G/period=87/state=b0da4d1c2bf7: teacher rows do not contain constraint_features_json",
    "base_b__gamma_store__seed590620972/branch=0/episode=1/product=AN RICE CRACKER SEAWEED 111.3G/period=88/state=b0da4d1c2bf7: teacher rows do not contain constraint_features_json",
    "base_b__gamma_store__seed590620972/branch=0/episode=1/product=AN RICE CRACKER SEAWEED 111.3G/period=89/state=b0da4d1c2bf7: teacher rows do not contain constraint_features_json",
    "base_b__gamma_store__seed590620972/branch=0/episode=1/product=AN RICE CRACKER SEAWEED 111.3G/period=90/state=b0da4d1c2bf7: teacher rows do not contain constraint_features_json",
    "base_b__gamma_store__seed590620972/branch=0/episode=1/product=AN RICE CRACKER SEAWEED 111.3G/period=91/state=b0da4d1c2bf7: teacher rows do not contain constraint_features_json",
    "base_b__gamma_store__seed590620972/branch=0/episode=1/product=AN RICE CRACKER SEAWEED 111.3G/period=92/state=b0da4d1c2bf7: teacher rows do not contain constraint_features_json",
    "base_b__gamma_store__seed590620972/branch=0/episode=1/product=AN RICE CRACKER SEAWEED 111.3G/period=93/state=b0da4d1c2bf7: teacher rows do not contain constraint_features_json",
    "base_b__gamma_store__seed590620972/branch=0/episode=1/product=AN RICE CRACKER SEAWEED 111.3G/period=94/state=b0da4d1c2bf7: teacher rows do not contain constraint_features_json",
    "base_b__gamma_store__seed590620972/branch=0/episode=1/product=AN RICE CRACKER SEAWEED 111.3G/period=95/state=b0da4d1c2bf7: teacher rows do not contain constraint_features_json",
    "base_b__gamma_store__seed590620972/branch=0/episode=1/product=AN RICE CRACKER SEAWEED 111.3G/period=96/state=b0da4d1c2bf7: teacher rows do not contain constraint_features_json",
    "base_b__gamma_store__seed590620972/branch=0/episode=1/product=AN RICE CRACKER SEAWEED 111.3G/period=97/state=b0da4d1c2bf7: teacher rows do not contain constraint_features_json",
    "base_b__gamma_store__seed590620972/branch=0/episode=1/product=AN RICE CRACKER SEAWEED 111.3G/period=98/state=b0da4d1c2bf7: teacher rows do not contain constraint_features_json",
    "base_b__gamma_store__seed590620972/branch=0/episode=1/product=AN RICE CRACKER SEAWEED 111.3G/period=99/state=b0da4d1c2bf7: teacher rows do not contain constraint_features_json",
    "base_b__gamma_store__seed590620972/branch=0/episode=1/product=AN RICE CRACKER SEAWEED 111.3G/period=100/state=b0da4d1c2bf7: teacher rows do not contain constraint_features_json",
    "base_b__gamma_store__seed590620972/branch=0/episode=1/product=AN RICE CRACKER SEAWEED 111.3G/period=101/state=b0da4d1c2bf7: teacher rows do not contain constraint_features_json",
    "base_b__gamma_store__seed590620972/branch=0/episode=1/product=AN RICE CRACKER SEAWEED 111.3G/period=102/state=b0da4d1c2bf7: teacher rows do not contain constraint_features_json",
    "base_b__gamma_store__seed590620972/branch=0/episode=1/product=AN RICE CRACKER SEAWEED 111.3G/period=103/state=b0da4d1c2bf7: teacher rows do not contain constraint_features_json",
    "base_b__gamma_store__seed590620972/branch=0/episode=1/product=AN RICE CRACKER SEAWEED 111.3G/period=104/state=b0da4d1c2bf7: teacher rows do not contain constraint_features_json",
    "base_b__gamma_store__seed590620972/branch=0/episode=1/product=AN RICE CRACKER SEAWEED 111.3G/period=105/state=b0da4d1c2bf7: teacher rows do not contain constraint_features_json",
    "base_b__gamma_store__seed590620972/branch=0/episode=1/product=AN RICE CRACKER SEAWEED 111.3G/period=106/state=b0da4d1c2bf7: teacher rows do not contain constraint_features_json",
    "base_b__gamma_store__seed590620972/branch=0/episode=1/product=AN RICE CRACKER SEAWEED 111.3G/period=107/state=b0da4d1c2bf7: teacher rows do not contain constraint_features_json",
    "base_b__gamma_store__seed590620972/branch=0/episode=1/product=AN RICE CRACKER SEAWEED 111.3G/period=108/state=b0da4d1c2bf7: teacher rows do not contain constraint_features_json",
    "base_b__gamma_store__seed590620972/branch=0/episode=1/product=AN RICE CRACKER SEAWEED 111.3G/period=109/state=b0da4d1c2bf7: teacher rows do not contain constraint_features_json",
    "base_b__gamma_store__seed590620972/branch=0/episode=1/product=AN RICE CRACKER SEAWEED 111.3G/period=110/state=b0da4d1c2bf7: teacher rows do not contain constraint_features_json",
    "base_b__gamma_store__seed590620972/branch=0/episode=1/product=AN RICE CRACKER SEAWEED 111.3G/period=112/state=b0da4d1c2bf7: teacher rows do not contain constraint_features_json",
    "base_b__gamma_store__seed590620972/branch=0/episode=1/product=AN RICE CRACKER SEAWEED 111.3G/period=113/state=b0da4d1c2bf7: teacher rows do not contain constraint_features_json",
    "base_b__gamma_store__seed590620972/branch=0/episode=1/product=AN RICE CRACKER SEAWEED 111.3G/period=114/state=b0da4d1c2bf7: teacher rows do not contain constraint_features_json",
    "base_b__gamma_store__seed590620972/branch=0/episode=1/product=AN RICE CRACKER SEAWEED 111.3G/period=115/state=b0da4d1c2bf7: teacher rows do not contain constraint_features_json",
    "base_b__gamma_store__seed590620972/branch=0/episode=1/product=AN RICE CRACKER SEAWEED 111.3G/period=116/state=b0da4d1c2bf7: teacher rows do not contain constraint_features_json",
    "base_b__gamma_store__seed590620972/branch=0/episode=1/product=AN RICE CRACKER SEAWEED 111.3G/period=117/state=b0da4d1c2bf7: teacher rows do not contain constraint_features_json",
    "base_b__gamma_store__seed590620972/branch=0/episode=1/product=AN RICE CRACKER SEAWEED 111.3G/period=118/state=b0da4d1c2bf7: teacher rows do not contain constraint_features_json",
    "base_b__gamma_store__seed590620972/branch=0/episode=1/product=AN RICE CRACKER SEAWEED 111.3G/period=119/state=b0da4d1c2bf7: teacher rows do not contain constraint_features_json",
    "base_b__gamma_store__seed590620972/branch=0/episode=1/product=AN RICE CRACKER SEAWEED 111.3G/period=120/state=b0da4d1c2bf7: teacher rows do not contain constraint_features_json",
    "base_b__gamma_store__seed590620972/branch=0/episode=1/product=AN RICE CRACKER SEAWEED 111.3G/period=121/state=b0da4d1c2bf7: teacher rows do not contain constraint_features_json",
    "base_b__gamma_store__seed590620972/branch=0/episode=1/product=AN RICE CRACKER SEAWEED 111.3G/period=122/state=b0da4d1c2bf7: teacher rows do not contain constraint_features_json",
    "base_b__gamma_store__seed590620972/branch=0/episode=1/product=AN RICE CRACKER SEAWEED 111.3G/period=125/state=b0da4d1c2bf7: teacher rows do not contain constraint_features_json",
    "base_b__gamma_store__seed590620972/branch=0/episode=1/product=AN RICE CRACKER SEAWEED 111.3G/period=126/state=b0da4d1c2bf7: teacher rows do not contain constraint_features_json",
    "base_b__gamma_store__seed590620972/branch=0/episode=1/product=AN RICE CRACKER SEAWEED 111.3G/period=127/state=b0da4d1c2bf7: teacher rows do not contain constraint_features_json",
    "base_b__gamma_store__seed590620972/branch=0/episode=1/product=AN RICE CRACKER SEAWEED 111.3G/period=128/state=b0da4d1c2bf7: teacher rows do not contain constraint_features_json",
    "base_b__gamma_store__seed590620972/branch=0/episode=1/product=AN RICE CRACKER SEAWEED 111.3G/period=129/state=b0da4d1c2bf7: teacher rows do not contain constraint_features_json",
    "base_b__gamma_store__seed590620972/branch=0/episode=1/product=AN RICE CRACKER SEAWEED 111.3G/period=130/state=b0da4d1c2bf7: teacher rows do not contain constraint_features_json",
    "base_b__gamma_store__seed590620972/branch=0/episode=1/product=AN RICE CRACKER SEAWEED 111.3G/period=131/state=b0da4d1c2bf7: teacher rows do not contain constraint_features_json",
    "base_b__gamma_store__seed590620972/branch=0/episode=1/product=AN RICE CRACKER SEAWEED 111.3G/period=132/state=b0da4d1c2bf7: teacher rows do not contain constraint_features_json",
    "base_b__gamma_store__seed590620972/branch=0/episode=1/product=AN RICE CRACKER SEAWEED 111.3G/period=133/state=b0da4d1c2bf7: teacher rows do not contain constraint_features_json",
    "base_b__gamma_store__seed590620972/branch=0/episode=1/product=AN RICE CRACKER SEAWEED 111.3G/period=134/state=b0da4d1c2bf7: teacher rows do not contain constraint_features_json",
    "base_b__gamma_store__seed590620972/branch=0/episode=1/product=AN RICE CRACKER SEAWEED 111.3G/period=135/state=b0da4d1c2bf7: teacher rows do not contain constraint_features_json",
    "base_b__gamma_store__seed590620972/branch=0/episode=1/product=AN RICE CRACKER SEAWEED 111.3G/period=136/state=b0da4d1c2bf7: teacher rows do not contain constraint_features_json",
    "base_b__gamma_store__seed590620972/branch=0/episode=1/product=AN RICE CRACKER SEAWEED 111.3G/period=137/state=b0da4d1c2bf7: teacher rows do not contain constraint_features_json",
    "base_b__gamma_store__seed590620972/branch=0/episode=1/product=AN RICE CRACKER SEAWEED 111.3G/period=138/state=b0da4d1c2bf7: teacher rows do not contain constraint_features_json",
    "base_b__gamma_store__seed590620972/branch=0/episode=1/product=AN RICE CRACKER SEAWEED 111.3G/period=139/state=b0da4d1c2bf7: teacher rows do not contain constraint_features_json",
    "base_b__gamma_store__seed590620972/branch=0/episode=1/product=AN RICE CRACKER SEAWEED 111.3G/period=140/state=b0da4d1c2bf7: teacher rows do not contain constraint_features_json",
    "base_b__gamma_store__seed590620972/branch=0/episode=1/product=AN RICE CRACKER SEAWEED 111.3G/period=141/state=b0da4d1c2bf7: teacher rows do not contain constraint_features_json",
    "base_b__gamma_store__seed590620972/branch=0/episode=1/product=AN RICE CRACKER SEAWEED 111.3G/period=142/state=b0da4d1c2bf7: teacher rows do not contain constraint_features_json",
    "base_b__gamma_store__seed590620972/branch=0/episode=1/product=AN RICE CRACKER SEAWEED 111.3G/period=143/state=b0da4d1c2bf7: teacher rows do not contain constraint_features_json",
    "base_b__gamma_store__seed590620972/branch=0/episode=1/product=AN RICE CRACKER SEAWEED 111.3G/period=144/state=b0da4d1c2bf7: teacher rows do not contain constraint_features_json",
    "base_b__gamma_store__seed590620972/branch=0/episode=1/product=AN RICE CRACKER SEAWEED 111.3G/period=145/state=b0da4d1c2bf7: teacher rows do not contain constraint_features_json",
    "base_b__gamma_store__seed590620972/branch=0/episode=1/product=AN RICE CRACKER SEAWEED 111.3G/period=146/state=b0da4d1c2bf7: teacher rows do not contain constraint_features_json",
    "base_b__gamma_store__seed590620972/branch=0/episode=1/product=AN RICE CRACKER SEAWEED 111.3G/period=147/state=b0da4d1c2bf7: teacher rows do not contain constraint_features_json",
    "base_b__gamma_store__seed590620972/branch=0/episode=1/product=AN RICE CRACKER SEAWEED 111.3G/period=148/state=b0da4d1c2bf7: teacher rows do not contain constraint_features_json",
    "base_b__gamma_store__seed590620972/branch=0/episode=1/product=AN RICE CRACKER SEAWEED 111.3G/period=149/state=b0da4d1c2bf7: teacher rows do not contain constraint_features_json",
    "base_b__gamma_store__seed590620972/branch=0/episode=1/product=AN RICE CRACKER SEAWEED 111.3G/period=150/state=b0da4d1c2bf7: teacher rows do not contain constraint_features_json",
    "base_b__gamma_store__seed590620972/branch=0/episode=1/product=AN RICE CRACKER SEAWEED 111.3G/period=151/state=b0da4d1c2bf7: teacher rows do not contain constraint_features_json",
    "base_b__gamma_store__seed590620972/branch=0/episode=1/product=AN RICE CRACKER SEAWEED 111.3G/period=152/state=b0da4d1c2bf7: teacher rows do not contain constraint_features_json",
    "base_b__gamma_store__seed590620972/branch=0/episode=1/product=AN RICE CRACKER SEAWEED 111.3G/period=153/state=b0da4d1c2bf7: teacher rows do not contain constraint_features_json",
    "base_b__gamma_store__seed590620972/branch=0/episode=1/product=OREO VANILLA 110.4/105G/period=3/state=b0da4d1c2bf7: teacher rows do not contain constraint_features_json",
    "base_b__gamma_store__seed590620972/branch=0/episode=1/product=OREO VANILLA 110.4/105G/period=4/state=b0da4d1c2bf7: teacher rows do not contain constraint_features_json",
    "base_b__gamma_store__seed590620972/branch=0/episode=1/product=OREO VANILLA 110.4/105G/period=5/state=b0da4d1c2bf7: teacher rows do not contain constraint_features_json",
    "base_b__gamma_store__seed590620972/branch=0/episode=1/product=OREO VANILLA 110.4/105G/period=6/state=b0da4d1c2bf7: teacher rows do not contain constraint_features_json",
    "base_b__gamma_store__seed590620972/branch=0/episode=1/product=OREO VANILLA 110.4/105G/period=7/state=b0da4d1c2bf7: teacher rows do not contain constraint_features_json",
    "base_b__gamma_store__seed590620972/branch=0/episode=1/product=OREO VANILLA 110.4/105G/period=8/state=b0da4d1c2bf7: teacher rows do not contain constraint_features_json",
    "base_b__gamma_store__seed590620972/branch=0/episode=1/product=OREO VANILLA 110.4/105G/period=9/state=b0da4d1c2bf7: teacher rows do not contain constraint_features_json",
    "base_b__gamma_store__seed590620972/branch=0/episode=1/product=OREO VANILLA 110.4/105G/period=10/state=b0da4d1c2bf7: teacher rows do not contain constraint_features_json",
    "base_b__gamma_store__seed590620972/branch=0/episode=1/product=OREO VANILLA 110.4/105G/period=11/state=b0da4d1c2bf7: teacher rows do not contain constraint_features_json",
    "base_b__gamma_store__seed590620972/branch=0/episode=1/product=OREO VANILLA 110.4/105G/period=12/state=b0da4d1c2bf7: teacher rows do not contain constraint_features_json",
    "base_b__gamma_store__seed590620972/branch=0/episode=1/product=OREO VANILLA 110.4/105G/period=13/state=b0da4d1c2bf7: teacher rows do not contain constraint_features_json",
    "base_b__gamma_store__seed590620972/branch=0/episode=1/product=OREO VANILLA 110.4/105G/period=14/state=b0da4d1c2bf7: teacher rows do not contain constraint_features_json",
    "base_b__gamma_store__seed590620972/branch=0/episode=1/product=OREO VANILLA 110.4/105G/period=15/state=b0da4d1c2bf7: teacher rows do not contain constraint_features_json",
    "base_b__gamma_store__seed590620972/branch=0/episode=1/product=OREO VANILLA 110.4/105G/period=16/state=b0da4d1c2bf7: teacher rows do not contain constraint_features_json",
    "base_b__gamma_store__seed590620972/branch=0/episode=1/product=OREO VANILLA 110.4/105G/period=17/state=b0da4d1c2bf7: teacher rows do not contain constraint_features_json",
    "base_b__gamma_store__seed590620972/branch=0/episode=1/product=OREO VANILLA 110.4/105G/period=18/state=b0da4d1c2bf7: teacher rows do not contain constraint_features_json",
    "base_b__gamma_store__seed590620972/branch=0/episode=1/product=OREO VANILLA 110.4/105G/period=19/state=b0da4d1c2bf7: teacher rows do not contain constraint_features_json",
    "base_b__gamma_store__seed590620972/branch=0/episode=1/product=OREO VANILLA 110.4/105G/period=20/state=b0da4d1c2bf7: teacher rows do not contain constraint_features_json",
    "base_b__gamma_store__seed590620972/branch=0/episode=1/product=OREO VANILLA 110.4/105G/period=21/state=b0da4d1c2bf7: teacher rows do not contain constraint_features_json",
    "base_b__gamma_store__seed590620972/branch=0/episode=1/product=OREO VANILLA 110.4/105G/period=22/state=b0da4d1c2bf7: teacher rows do not contain constraint_features_json",
    "base_b__gamma_store__seed590620972/branch=0/episode=1/product=OREO VANILLA 110.4/105G/period=23/state=b0da4d1c2bf7: teacher rows do not contain constraint_features_json",
    "base_b__gamma_store__seed590620972/branch=0/episode=1/product=OREO VANILLA 110.4/105G/period=24/state=b0da4d1c2bf7: teacher rows do not contain constraint_features_json",
    "base_b__gamma_store__seed590620972/branch=0/episode=1/product=OREO VANILLA 110.4/105G/period=25/state=b0da4d1c2bf7: teacher rows do not contain constraint_features_json",
    "base_b__gamma_store__seed590620972/branch=0/episode=1/product=OREO VANILLA 110.4/105G/period=26/state=b0da4d1c2bf7: teacher rows do not contain constraint_features_json",
    "base_b__gamma_store__seed590620972/branch=0/episode=1/product=OREO VANILLA 110.4/105G/period=27/state=b0da4d1c2bf7: teacher rows do not contain constraint_features_json",
    "base_b__gamma_store__seed590620972/branch=0/episode=1/product=OREO VANILLA 110.4/105G/period=28/state=b0da4d1c2bf7: teacher rows do not contain constraint_features_json",
    "base_b__gamma_store__seed590620972/branch=0/episode=1/product=OREO VANILLA 110.4/105G/period=29/state=b0da4d1c2bf7: teacher rows do not contain constraint_features_json",
    "base_b__gamma_store__seed590620972/branch=0/episode=1/product=OREO VANILLA 110.4/105G/period=30/state=b0da4d1c2bf7: teacher rows do not contain constraint_features_json",
    "base_b__gamma_store__seed590620972/branch=0/episode=1/product=OREO VANILLA 110.4/105G/period=31/state=b0da4d1c2bf7: teacher rows do not contain constraint_features_json",
    "base_b__gamma_store__seed590620972/branch=0/episode=1/product=OREO VANILLA 110.4/105G/period=32/state=b0da4d1c2bf7: teacher rows do not contain constraint_features_json",
    "base_b__gamma_store__seed590620972/branch=0/episode=1/product=OREO VANILLA 110.4/105G/period=33/state=b0da4d1c2bf7: teacher rows do not contain constraint_features_json",
    "base_b__gamma_store__seed590620972/branch=0/episode=1/product=OREO VANILLA 110.4/105G/period=34/state=b0da4d1c2bf7: teacher rows do not contain constraint_features_json",
    "base_b__gamma_store__seed590620972/branch=0/episode=1/product=OREO VANILLA 110.4/105G/period=35/state=b0da4d1c2bf7: teacher rows do not contain constraint_features_json",
    "base_b__gamma_store__seed590620972/branch=0/episode=1/product=OREO VANILLA 110.4/105G/period=36/state=b0da4d1c2bf7: teacher rows do not contain constraint_features_json",
    "base_b__gamma_store__seed590620972/branch=0/episode=1/product=OREO VANILLA 110.4/105G/period=37/state=b0da4d1c2bf7: teacher rows do not contain constraint_features_json",
    "base_b__gamma_store__seed590620972/branch=0/episode=1/product=OREO VANILLA 110.4/105G/period=38/state=b0da4d1c2bf7: teacher rows do not contain constraint_features_json",
    "base_b__gamma_store__seed590620972/branch=0/episode=1/product=OREO VANILLA 110.4/105G/period=39/state=b0da4d1c2bf7: teacher rows do not contain constraint_features_json",
    "base_b__gamma_store__seed590620972/branch=0/episode=1/product=OREO VANILLA 110.4/105G/period=40/state=b0da4d1c2bf7: teacher rows do not contain constraint_features_json",
    "base_b__gamma_store__seed590620972/branch=0/episode=1/product=OREO VANILLA 110.4/105G/period=41/state=b0da4d1c2bf7: teacher rows do not contain constraint_features_json",
    "base_b__gamma_store__seed590620972/branch=0/episode=1/product=OREO VANILLA 110.4/105G/period=42/state=b0da4d1c2bf7: teacher rows do not contain constraint_features_json",
    "base_b__gamma_store__seed590620972/branch=0/episode=1/product=OREO VANILLA 110.4/105G/period=43/state=b0da4d1c2bf7: teacher rows do not contain constraint_features_json",
    "base_b__gamma_store__seed590620972/branch=0/episode=1/product=OREO VANILLA 110.4/105G/period=44/state=b0da4d1c2bf7: teacher rows do not contain constraint_features_json",
    "base_b__gamma_store__seed590620972/branch=0/episode=1/product=OREO VANILLA 110.4/105G/period=45/state=b0da4d1c2bf7: teacher rows do not contain constraint_features_json",
    "base_b__gamma_store__seed590620972/branch=0/episode=1/product=OREO VANILLA 110.4/105G/period=46/state=b0da4d1c2bf7: teacher rows do not contain constraint_features_json",
    "base_b__gamma_store__seed590620972/branch=0/episode=1/product=OREO VANILLA 110.4/105G/period=47/state=b0da4d1c2bf7: teacher rows do not contain constraint_features_json",
    "base_b__gamma_store__seed590620972/branch=0/episode=1/product=OREO VANILLA 110.4/105G/period=48/state=b0da4d1c2bf7: teacher rows do not contain constraint_features_json",
    "base_b__gamma_store__seed590620972/branch=0/episode=1/product=OREO VANILLA 110.4/105G/period=49/state=b0da4d1c2bf7: teacher rows do not contain constraint_features_json",
    "base_b__gamma_store__seed590620972/branch=0/episode=1/product=OREO VANILLA 110.4/105G/period=50/state=b0da4d1c2bf7: teacher rows do not contain constraint_features_json",
    "base_b__gamma_store__seed590620972/branch=0/episode=1/product=OREO VANILLA 110.4/105G/period=51/state=b0da4d1c2bf7: teacher rows do not contain constraint_features_json",
    "base_b__gamma_store__seed590620972/branch=0/episode=1/product=OREO VANILLA 110.4/105G/period=52/state=b0da4d1c2bf7: teacher rows do not contain constraint_features_json",
    "base_b__gamma_store__seed590620972/branch=0/episode=1/product=OREO VANILLA 110.4/105G/period=53/state=b0da4d1c2bf7: teacher rows do not contain constraint_features_json",
    "base_b__gamma_store__seed590620972/branch=0/episode=1/product=OREO VANILLA 110.4/105G/period=54/state=b0da4d1c2bf7: teacher rows do not contain constraint_features_json",
    "base_b__gamma_store__seed590620972/branch=0/episode=1/product=OREO VANILLA 110.4/105G/period=55/state=b0da4d1c2bf7: teacher rows do not contain constraint_features_json",
    "base_b__gamma_store__seed590620972/branch=0/episode=1/product=OREO VANILLA 110.4/105G/period=56/state=b0da4d1c2bf7: teacher rows do not contain constraint_features_json",
    "base_b__gamma_store__seed590620972/branch=0/episode=1/product=OREO VANILLA 110.4/105G/period=57/state=b0da4d1c2bf7: teacher rows do not contain constraint_features_json",
    "base_b__gamma_store__seed590620972/branch=0/episode=1/product=OREO VANILLA 110.4/105G/period=58/state=b0da4d1c2bf7: teacher rows do not contain constraint_features_json",
    "base_b__gamma_store__seed590620972/branch=0/episode=1/product=OREO VANILLA 110.4/105G/period=59/state=b0da4d1c2bf7: teacher rows do not contain constraint_features_json",
    "base_b__gamma_store__seed590620972/branch=0/episode=1/product=OREO VANILLA 110.4/105G/period=60/state=b0da4d1c2bf7: teacher rows do not contain constraint_features_json",
    "base_b__gamma_store__seed590620972/branch=0/episode=1/product=OREO VANILLA 110.4/105G/period=61/state=b0da4d1c2bf7: teacher rows do not contain constraint_features_json",
    "base_b__gamma_store__seed590620972/branch=0/episode=1/product=OREO VANILLA 110.4/105G/period=62/state=b0da4d1c2bf7: teacher rows do not contain constraint_features_json",
    "base_b__gamma_store__seed590620972/branch=0/episode=1/product=OREO VANILLA 110.4/105G/period=63/state=b0da4d1c2bf7: teacher rows do not contain constraint_features_json",
    "base_b__gamma_store__seed590620972/branch=0/episode=1/product=OREO VANILLA 110.4/105G/period=64/state=b0da4d1c2bf7: teacher rows do not contain constraint_features_json",
    "base_b__gamma_store__seed590620972/branch=0/episode=1/product=OREO VANILLA 110.4/105G/period=65/state=b0da4d1c2bf7: teacher rows do not contain constraint_features_json",
    "base_b__gamma_store__seed590620972/branch=0/episode=1/product=OREO VANILLA 110.4/105G/period=66/state=b0da4d1c2bf7: teacher rows do not contain constraint_features_json",
    "base_b__gamma_store__seed590620972/branch=0/episode=1/product=OREO VANILLA 110.4/105G/period=67/state=b0da4d1c2bf7: teacher rows do not contain constraint_features_json",
    "base_b__gamma_store__seed590620972/branch=0/episode=1/product=OREO VANILLA 110.4/105G/period=68/state=b0da4d1c2bf7: teacher rows do not contain constraint_features_json",
    "base_b__gamma_store__seed590620972/branch=0/episode=1/product=OREO VANILLA 110.4/105G/period=69/state=b0da4d1c2bf7: teacher rows do not contain constraint_features_json",
    "base_b__gamma_store__seed590620972/branch=0/episode=1/product=OREO VANILLA 110.4/105G/period=70/state=b0da4d1c2bf7: teacher rows do not contain constraint_features_json",
    "base_b__gamma_store__seed590620972/branch=0/episode=1/product=OREO VANILLA 110.4/105G/period=71/state=b0da4d1c2bf7: teacher rows do not contain constraint_features_json",
    "base_b__gamma_store__seed590620972/branch=0/episode=1/product=OREO VANILLA 110.4/105G/period=72/state=b0da4d1c2bf7: teacher rows do not contain constraint_features_json",
    "base_b__gamma_store__seed590620972/branch=0/episode=1/product=OREO VANILLA 110.4/105G/period=73/state=b0da4d1c2bf7: teacher rows do not contain constraint_features_json",
    "base_b__gamma_store__seed590620972/branch=0/episode=1/product=OREO VANILLA 110.4/105G/period=74/state=b0da4d1c2bf7: teacher rows do not contain constraint_features_json",
    "base_b__gamma_store__seed590620972/branch=0/episode=1/product=OREO VANILLA 110.4/105G/period=75/state=b0da4d1c2bf7: teacher rows do not contain constraint_features_json",
    "base_b__gamma_store__seed590620972/branch=0/episode=1/product=OREO VANILLA 110.4/105G/period=79/state=b0da4d1c2bf7: teacher rows do not contain constraint_features_json",
    "base_b__gamma_store__seed590620972/branch=0/episode=1/product=OREO VANILLA 110.4/105G/period=80/state=b0da4d1c2bf7: teacher rows do not contain constraint_features_json",
    "base_b__gamma_store__seed590620972/branch=0/episode=1/product=OREO VANILLA 110.4/105G/period=82/state=b0da4d1c2bf7: teacher rows do not contain constraint_features_json",
    "base_b__gamma_store__seed590620972/branch=0/episode=1/product=OREO VANILLA 110.4/105G/period=83/state=b0da4d1c2bf7: teacher rows do not contain constraint_features_json",
    "base_b__gamma_store__seed590620972/branch=0/episode=1/product=OREO VANILLA 110.4/105G/period=84/state=b0da4d1c2bf7: teacher rows do not contain constraint_features_json",
    "base_b__gamma_store__seed590620972/branch=0/episode=1/product=OREO VANILLA 110.4/105G/period=85/state=b0da4d1c2bf7: teacher rows do not contain constraint_features_json",
    "base_b__gamma_store__seed590620972/branch=0/episode=1/product=OREO VANILLA 110.4/105G/period=86/state=b0da4d1c2bf7: teacher rows do not contain constraint_features_json",
    "base_b__gamma_store__seed590620972/branch=0/episode=1/product=OREO VANILLA 110.4/105G/period=87/state=b0da4d1c2bf7: teacher rows do not contain constraint_features_json",
    "base_b__gamma_store__seed590620972/branch=0/episode=1/product=OREO VANILLA 110.4/105G/period=88/state=b0da4d1c2bf7: teacher rows do not contain constraint_features_json",
    "base_b__gamma_store__seed590620972/branch=0/episode=1/product=OREO VANILLA 110.4/105G/period=89/state=b0da4d1c2bf7: teacher rows do not contain constraint_features_json",
    "base_b__gamma_store__seed590620972/branch=0/episode=1/product=OREO VANILLA 110.4/105G/period=90/state=b0da4d1c2bf7: teacher rows do not contain constraint_features_json",
    "base_b__gamma_store__seed590620972/branch=0/episode=1/product=OREO VANILLA 110.4/105G/period=91/state=b0da4d1c2bf7: teacher rows do not contain constraint_features_json",
    "base_b__gamma_store__seed590620972/branch=0/episode=1/product=OREO VANILLA 110.4/105G/period=92/state=b0da4d1c2bf7: teacher rows do not contain constraint_features_json",
    "base_b__gamma_store__seed590620972/branch=0/episode=1/product=OREO VANILLA 110.4/105G/period=93/state=b0da4d1c2bf7: teacher rows do not contain constraint_features_json",
    "base_b__gamma_store__seed590620972/branch=0/episode=1/product=OREO VANILLA 110.4/105G/period=94/state=b0da4d1c2bf7: teacher rows do not contain constraint_features_json",
    "base_b__gamma_store__seed590620972/branch=0/episode=1/product=OREO VANILLA 110.4/105G/period=95/state=b0da4d1c2bf7: teacher rows do not contain constraint_features_json",
    "base_b__gamma_store__seed590620972/branch=0/episode=1/product=OREO VANILLA 110.4/105G/period=96/state=b0da4d1c2bf7: teacher rows do not contain constraint_features_json",
    "base_b__gamma_store__seed590620972/branch=0/episode=1/product=OREO VANILLA 110.4/105G/period=97/state=b0da4d1c2bf7: teacher rows do not contain constraint_features_json",
    "base_b__gamma_store__seed590620972/branch=0/episode=1/product=OREO VANILLA 110.4/105G/period=98/state=b0da4d1c2bf7: teacher rows do not contain constraint_features_json",
    "base_b__gamma_store__seed590620972/branch=0/episode=1/product=OREO VANILLA 110.4/105G/period=99/state=b0da4d1c2bf7: teacher rows do not contain constraint_features_json",
    "base_b__gamma_store__seed590620972/branch=0/episode=1/product=OREO VANILLA 110.4/105G/period=100/state=b0da4d1c2bf7: teacher rows do not contain constraint_features_json",
    "base_b__gamma_store__seed590620972/branch=0/episode=1/product=OREO VANILLA 110.4/105G/period=101/state=b0da4d1c2bf7: teacher rows do not contain constraint_features_json",
    "base_b__gamma_store__seed590620972/branch=0/episode=1/product=OREO VANILLA 110.4/105G/period=102/state=b0da4d1c2bf7: teacher rows do not contain constraint_features_json",
    "base_b__gamma_store__seed590620972/branch=0/episode=1/product=OREO VANILLA 110.4/105G/period=103/state=b0da4d1c2bf7: teacher rows do not contain constraint_features_json",
    "base_b__gamma_store__seed590620972/branch=0/episode=1/product=OREO VANILLA 110.4/105G/period=104/state=b0da4d1c2bf7: teacher rows do not contain constraint_features_json",
    "base_b__gamma_store__seed590620972/branch=0/episode=1/product=OREO VANILLA 110.4/105G/period=105/state=b0da4d1c2bf7: teacher rows do not contain constraint_features_json",
    "base_b__gamma_store__seed590620972/branch=0/episode=1/product=OREO VANILLA 110.4/105G/period=106/state=b0da4d1c2bf7: teacher rows do not contain constraint_features_json",
    "base_b__gamma_store__seed590620972/branch=0/episode=1/product=OREO VANILLA 110.4/105G/period=107/state=b0da4d1c2bf7: teacher rows do not contain constraint_features_json",
    "base_b__gamma_store__seed590620972/branch=0/episode=1/product=OREO VANILLA 110.4/105G/period=108/state=b0da4d1c2bf7: teacher rows do not contain constraint_features_json",
    "base_b__gamma_store__seed590620972/branch=0/episode=1/product=OREO VANILLA 110.4/105G/period=109/state=b0da4d1c2bf7: teacher rows do not contain constraint_features_json",
    "base_b__gamma_store__seed590620972/branch=0/episode=1/product=OREO VANILLA 110.4/105G/period=110/state=b0da4d1c2bf7: teacher rows do not contain constraint_features_json",
    "base_b__gamma_store__seed590620972/branch=0/episode=1/product=OREO VANILLA 110.4/105G/period=111/state=b0da4d1c2bf7: teacher rows do not contain constraint_features_json",
    "base_b__gamma_store__seed590620972/branch=0/episode=1/product=OREO VANILLA 110.4/105G/period=112/state=b0da4d1c2bf7: teacher rows do not contain constraint_features_json",
    "base_b__gamma_store__seed590620972/branch=0/episode=1/product=OREO VANILLA 110.4/105G/period=113/state=b0da4d1c2bf7: teacher rows do not contain constraint_features_json",
    "base_b__gamma_store__seed590620972/branch=0/episode=1/product=OREO VANILLA 110.4/105G/period=114/state=b0da4d1c2bf7: teacher rows do not contain constraint_features_json",
    "base_b__gamma_store__seed590620972/branch=0/episode=1/product=OREO VANILLA 110.4/105G/period=115/state=b0da4d1c2bf7: teacher rows do not contain constraint_features_json",
    "base_b__gamma_store__seed590620972/branch=0/episode=1/product=OREO VANILLA 110.4/105G/period=116/state=b0da4d1c2bf7: teacher rows do not contain constraint_features_json",
    "base_b__gamma_store__seed590620972/branch=0/episode=1/product=OREO VANILLA 110.4/105G/period=117/state=b0da4d1c2bf7: teacher rows do not contain constraint_features_json",
    "base_b__gamma_store__seed590620972/branch=0/episode=1/product=OREO VANILLA 110.4/105G/period=118/state=b0da4d1c2bf7: teacher rows do not contain constraint_features_json",
    "base_b__gamma_store__seed590620972/branch=0/episode=1/product=OREO VANILLA 110.4/105G/period=119/state=b0da4d1c2bf7: teacher rows do not contain constraint_features_json",
    "base_b__gamma_store__seed590620972/branch=0/episode=1/product=OREO VANILLA 110.4/105G/period=120/state=b0da4d1c2bf7: teacher rows do not contain constraint_features_json",
    "base_b__gamma_store__seed590620972/branch=0/episode=1/product=OREO VANILLA 110.4/105G/period=121/state=b0da4d1c2bf7: teacher rows do not contain constraint_features_json",
    "base_b__gamma_store__seed590620972/branch=0/episode=1/product=OREO VANILLA 110.4/105G/period=122/state=b0da4d1c2bf7: teacher rows do not contain constraint_features_json",
    "base_b__gamma_store__seed590620972/branch=0/episode=1/product=OREO VANILLA 110.4/105G/period=123/state=b0da4d1c2bf7: teacher rows do not contain constraint_features_json",
    "base_b__gamma_store__seed590620972/branch=0/episode=1/product=OREO VANILLA 110.4/105G/period=124/state=b0da4d1c2bf7: teacher rows do not contain constraint_features_json",
    "base_b__gamma_store__seed590620972/branch=0/episode=1/product=OREO VANILLA 110.4/105G/period=125/state=b0da4d1c2bf7: teacher rows do not contain constraint_features_json",
    "base_b__gamma_store__seed590620972/branch=0/episode=1/product=OREO VANILLA 110.4/105G/period=126/state=b0da4d1c2bf7: teacher rows do not contain constraint_features_json",
    "base_b__gamma_store__seed590620972/branch=0/episode=1/product=OREO VANILLA 110.4/105G/period=127/state=b0da4d1c2bf7: teacher rows do not contain constraint_features_json",
    "base_b__gamma_store__seed590620972/branch=0/episode=1/product=OREO VANILLA 110.4/105G/period=128/state=b0da4d1c2bf7: teacher rows do not contain constraint_features_json",
    "base_b__gamma_store__seed590620972/branch=0/episode=1/product=OREO VANILLA 110.4/105G/period=129/state=b0da4d1c2bf7: teacher rows do not contain constraint_features_json",
    "base_b__gamma_store__seed590620972/branch=0/episode=1/product=OREO VANILLA 110.4/105G/period=130/state=b0da4d1c2bf7: teacher rows do not contain constraint_features_json",
    "base_b__gamma_store__seed590620972/branch=0/episode=1/product=OREO VANILLA 110.4/105G/period=131/state=b0da4d1c2bf7: teacher rows do not contain constraint_features_json",
    "base_b__gamma_store__seed590620972/branch=0/episode=1/product=OREO VANILLA 110.4/105G/period=132/state=b0da4d1c2bf7: teacher rows do not contain constraint_features_json",
    "base_b__gamma_store__seed590620972/branch=0/episode=1/product=OREO VANILLA 110.4/105G/period=133/state=b0da4d1c2bf7: teacher rows do not contain constraint_features_json",
    "base_b__gamma_store__seed590620972/branch=0/episode=1/product=OREO VANILLA 110.4/105G/period=134/state=b0da4d1c2bf7: teacher rows do not contain constraint_features_json",
    "base_b__gamma_store__seed590620972/branch=0/episode=1/product=OREO VANILLA 110.4/105G/period=135/state=b0da4d1c2bf7: teacher rows do not contain constraint_features_json",
    "base_b__gamma_store__seed590620972/branch=0/episode=1/product=OREO VANILLA 110.4/105G/period=136/state=b0da4d1c2bf7: teacher rows do not contain constraint_features_json",
    "base_b__gamma_store__seed590620972/branch=0/episode=1/product=OREO VANILLA 110.4/105G/period=137/state=b0da4d1c2bf7: teacher rows do not contain constraint_features_json",
    "base_b__gamma_store__seed590620972/branch=0/episode=1/product=OREO VANILLA 110.4/105G/period=138/state=b0da4d1c2bf7: teacher rows do not contain constraint_features_json",
    "base_b__gamma_store__seed590620972/branch=0/episode=1/product=OREO VANILLA 110.4/105G/period=139/state=b0da4d1c2bf7: teacher rows do not contain constraint_features_json",
    "base_b__gamma_store__seed590620972/branch=0/episode=1/product=OREO VANILLA 110.4/105G/period=140/state=b0da4d1c2bf7: teacher rows do not contain constraint_features_json",
    "base_b__gamma_store__seed590620972/branch=0/episode=1/product=OREO VANILLA 110.4/105G/period=141/state=b0da4d1c2bf7: teacher rows do not contain constraint_features_json",
    "base_b__gamma_store__seed590620972/branch=0/episode=1/product=OREO VANILLA 110.4/105G/period=142/state=b0da4d1c2bf7: teacher rows do not contain constraint_features_json",
    "base_b__gamma_store__seed590620972/branch=0/episode=1/product=OREO VANILLA 110.4/105G/period=143/state=b0da4d1c2bf7: teacher rows do not contain constraint_features_json",
    "base_b__gamma_store__seed590620972/branch=0/episode=1/product=OREO VANILLA 110.4/105G/period=144/state=b0da4d1c2bf7: teacher rows do not contain constraint_features_json",
    "base_b__gamma_store__seed590620972/branch=0/episode=1/product=OREO VANILLA 110.4/105G/period=145/state=b0da4d1c2bf7: teacher rows do not contain constraint_features_json",
    "base_b__gamma_store__seed590620972/branch=0/episode=1/product=OREO VANILLA 110.4/105G/period=146/state=b0da4d1c2bf7: teacher rows do not contain constraint_features_json",
    "base_b__gamma_store__seed590620972/branch=0/episode=1/product=OREO VANILLA 110.4/105G/period=147/state=b0da4d1c2bf7: teacher rows do not contain constraint_features_json",
    "base_b__gamma_store__seed590620972/branch=0/episode=1/product=OREO VANILLA 110.4/105G/period=148/state=b0da4d1c2bf7: teacher rows do not contain constraint_features_json",
    "base_b__gamma_store__seed590620972/branch=0/episode=1/product=OREO VANILLA 110.4/105G/period=149/state=b0da4d1c2bf7: teacher rows do not contain constraint_features_json",
    "base_b__gamma_store__seed590620972/branch=0/episode=1/product=OREO VANILLA 110.4/105G/period=150/state=b0da4d1c2bf7: teacher rows do not contain constraint_features_json",
    "base_b__gamma_store__seed590620972/branch=0/episode=2/product=AN RICE CRACKER SEAWEED 111.3G/period=21/state=24af292c5c15: teacher rows do not contain constraint_features_json",
    "base_b__gamma_store__seed590620972/branch=0/episode=2/product=AN RICE CRACKER SEAWEED 111.3G/period=28/state=24af292c5c15: teacher rows do not contain constraint_features_json",
    "base_b__gamma_store__seed590620972/branch=0/episode=2/product=AN RICE CRACKER SEAWEED 111.3G/period=37/state=24af292c5c15: teacher rows do not contain constraint_features_json",
    "base_b__gamma_store__seed590620972/branch=0/episode=2/product=AN RICE CRACKER SEAWEED 111.3G/period=38/state=24af292c5c15: teacher rows do not contain constraint_features_json",
    "base_b__gamma_store__seed590620972/branch=0/episode=2/product=AN RICE CRACKER SEAWEED 111.3G/period=60/state=24af292c5c15: teacher rows do not contain constraint_features_json",
    "base_b__gamma_store__seed590620972/branch=0/episode=2/product=AN RICE CRACKER SEAWEED 111.3G/period=61/state=24af292c5c15: teacher rows do not contain constraint_features_json",
    "base_b__gamma_store__seed590620972/branch=0/episode=2/product=AN RICE CRACKER SEAWEED 111.3G/period=83/state=24af292c5c15: teacher rows do not contain constraint_features_json",
    "base_b__gamma_store__seed590620972/branch=0/episode=2/product=AN RICE CRACKER SEAWEED 111.3G/period=88/state=24af292c5c15: teacher rows do not contain constraint_features_json",
    "base_b__gamma_store__seed590620972/branch=0/episode=2/product=AN RICE CRACKER SEAWEED 111.3G/period=101/state=24af292c5c15: teacher rows do not contain constraint_features_json",
    "base_b__gamma_store__seed590620972/branch=0/episode=2/product=AN RICE CRACKER SEAWEED 111.3G/period=106/state=24af292c5c15: teacher rows do not contain constraint_features_json",
    "base_b__gamma_store__seed590620972/branch=0/episode=2/product=AN RICE CRACKER SEAWEED 111.3G/period=141/state=24af292c5c15: teacher rows do not contain constraint_features_json",
    "base_b__gamma_store__seed590620972/branch=0/episode=2/product=AN RICE CRACKER SEAWEED 111.3G/period=146/state=24af292c5c15: teacher rows do not contain constraint_features_json",
    "base_b__gamma_store__seed590620972/branch=0/episode=2/product=OREO VANILLA 110.4/105G/period=5/state=24af292c5c15: teacher rows do not contain constraint_features_json",
    "base_b__gamma_store__seed590620972/branch=0/episode=2/product=OREO VANILLA 110.4/105G/period=14/state=24af292c5c15: teacher rows do not contain constraint_features_json",
    "base_b__gamma_store__seed590620972/branch=0/episode=2/product=OREO VANILLA 110.4/105G/period=16/state=24af292c5c15: teacher rows do not contain constraint_features_json",
    "base_b__gamma_store__seed590620972/branch=0/episode=2/product=OREO VANILLA 110.4/105G/period=21/state=24af292c5c15: teacher rows do not contain constraint_features_json",
    "base_b__gamma_store__seed590620972/branch=0/episode=2/product=OREO VANILLA 110.4/105G/period=26/state=24af292c5c15: teacher rows do not contain constraint_features_json",
    "base_b__gamma_store__seed590620972/branch=0/episode=2/product=OREO VANILLA 110.4/105G/period=36/state=24af292c5c15: teacher rows do not contain constraint_features_json",
    "base_b__gamma_store__seed590620972/branch=0/episode=2/product=OREO VANILLA 110.4/105G/period=51/state=24af292c5c15: teacher rows do not contain constraint_features_json",
    "base_b__gamma_store__seed590620972/branch=0/episode=2/product=OREO VANILLA 110.4/105G/period=86/state=24af292c5c15: teacher rows do not contain constraint_features_json",
    "base_b__gamma_store__seed590620972/branch=0/episode=2/product=OREO VANILLA 110.4/105G/period=87/state=24af292c5c15: teacher rows do not contain constraint_features_json",
    "base_b__gamma_store__seed590620972/branch=0/episode=2/product=OREO VANILLA 110.4/105G/period=101/state=24af292c5c15: teacher rows do not contain constraint_features_json",
    "base_b__gamma_store__seed590620972/branch=0/episode=2/product=OREO VANILLA 110.4/105G/period=145/state=24af292c5c15: teacher rows do not contain constraint_features_json",
    "base_b__sku_spike__seed525901257/branch=0/episode=1/product=AN RICE CRACKER SEAWEED 111.3G/period=6/state=b07c50f42aa3: teacher rows do not contain constraint_features_json",
    "base_b__sku_spike__seed525901257/branch=0/episode=1/product=AN RICE CRACKER SEAWEED 111.3G/period=7/state=b07c50f42aa3: teacher rows do not contain constraint_features_json",
    "base_b__sku_spike__seed525901257/branch=0/episode=1/product=AN RICE CRACKER SEAWEED 111.3G/period=8/state=b07c50f42aa3: teacher rows do not contain constraint_features_json",
    "base_b__sku_spike__seed525901257/branch=0/episode=1/product=AN RICE CRACKER SEAWEED 111.3G/period=9/state=b07c50f42aa3: teacher rows do not contain constraint_features_json",
    "base_b__sku_spike__seed525901257/branch=0/episode=1/product=AN RICE CRACKER SEAWEED 111.3G/period=10/state=b07c50f42aa3: teacher rows do not contain constraint_features_json",
    "base_b__sku_spike__seed525901257/branch=0/episode=1/product=AN RICE CRACKER SEAWEED 111.3G/period=11/state=b07c50f42aa3: teacher rows do not contain constraint_features_json",
    "base_b__sku_spike__seed525901257/branch=0/episode=1/product=AN RICE CRACKER SEAWEED 111.3G/period=12/state=b07c50f42aa3: teacher rows do not contain constraint_features_json",
    "base_b__sku_spike__seed525901257/branch=0/episode=1/product=AN RICE CRACKER SEAWEED 111.3G/period=13/state=b07c50f42aa3: teacher rows do not contain constraint_features_json",
    "base_b__sku_spike__seed525901257/branch=0/episode=1/product=AN RICE CRACKER SEAWEED 111.3G/period=14/state=b07c50f42aa3: teacher rows do not contain constraint_features_json",
    "base_b__sku_spike__seed525901257/branch=0/episode=1/product=AN RICE CRACKER SEAWEED 111.3G/period=15/state=b07c50f42aa3: teacher rows do not contain constraint_features_json",
    "base_b__sku_spike__seed525901257/branch=0/episode=1/product=AN RICE CRACKER SEAWEED 111.3G/period=16/state=b07c50f42aa3: teacher rows do not contain constraint_features_json",
    "base_b__sku_spike__seed525901257/branch=0/episode=1/product=AN RICE CRACKER SEAWEED 111.3G/period=17/state=b07c50f42aa3: teacher rows do not contain constraint_features_json",
    "base_b__sku_spike__seed525901257/branch=0/episode=1/product=AN RICE CRACKER SEAWEED 111.3G/period=18/state=b07c50f42aa3: teacher rows do not contain constraint_features_json",
    "base_b__sku_spike__seed525901257/branch=0/episode=1/product=AN RICE CRACKER SEAWEED 111.3G/period=19/state=b07c50f42aa3: teacher rows do not contain constraint_features_json",
    "base_b__sku_spike__seed525901257/branch=0/episode=1/product=AN RICE CRACKER SEAWEED 111.3G/period=20/state=b07c50f42aa3: teacher rows do not contain constraint_features_json",
    "base_b__sku_spike__seed525901257/branch=0/episode=1/product=AN RICE CRACKER SEAWEED 111.3G/period=21/state=b07c50f42aa3: teacher rows do not contain constraint_features_json",
    "base_b__sku_spike__seed525901257/branch=0/episode=1/product=AN RICE CRACKER SEAWEED 111.3G/period=22/state=b07c50f42aa3: teacher rows do not contain constraint_features_json",
    "base_b__sku_spike__seed525901257/branch=0/episode=1/product=AN RICE CRACKER SEAWEED 111.3G/period=23/state=b07c50f42aa3: teacher rows do not contain constraint_features_json",
    "base_b__sku_spike__seed525901257/branch=0/episode=1/product=AN RICE CRACKER SEAWEED 111.3G/period=24/state=b07c50f42aa3: teacher rows do not contain constraint_features_json",
    "base_b__sku_spike__seed525901257/branch=0/episode=1/product=AN RICE CRACKER SEAWEED 111.3G/period=25/state=b07c50f42aa3: teacher rows do not contain constraint_features_json",
    "base_b__sku_spike__seed525901257/branch=0/episode=1/product=AN RICE CRACKER SEAWEED 111.3G/period=26/state=b07c50f42aa3: teacher rows do not contain constraint_features_json",
    "base_b__sku_spike__seed525901257/branch=0/episode=1/product=AN RICE CRACKER SEAWEED 111.3G/period=27/state=b07c50f42aa3: teacher rows do not contain constraint_features_json",
    "base_b__sku_spike__seed525901257/branch=0/episode=1/product=AN RICE CRACKER SEAWEED 111.3G/period=28/state=b07c50f42aa3: teacher rows do not contain constraint_features_json",
    "base_b__sku_spike__seed525901257/branch=0/episode=1/product=AN RICE CRACKER SEAWEED 111.3G/period=29/state=b07c50f42aa3: teacher rows do not contain constraint_features_json",
    "base_b__sku_spike__seed525901257/branch=0/episode=1/product=AN RICE CRACKER SEAWEED 111.3G/period=30/state=b07c50f42aa3: teacher rows do not contain constraint_features_json",
    "base_b__sku_spike__seed525901257/branch=0/episode=1/product=AN RICE CRACKER SEAWEED 111.3G/period=31/state=b07c50f42aa3: teacher rows do not contain constraint_features_json",
    "base_b__sku_spike__seed525901257/branch=0/episode=1/product=AN RICE CRACKER SEAWEED 111.3G/period=32/state=b07c50f42aa3: teacher rows do not contain constraint_features_json",
    "base_b__sku_spike__seed525901257/branch=0/episode=1/product=AN RICE CRACKER SEAWEED 111.3G/period=33/state=b07c50f42aa3: teacher rows do not contain constraint_features_json",
    "base_b__sku_spike__seed525901257/branch=0/episode=1/product=AN RICE CRACKER SEAWEED 111.3G/period=34/state=b07c50f42aa3: teacher rows do not contain constraint_features_json",
    "base_b__sku_spike__seed525901257/branch=0/episode=1/product=AN RICE CRACKER SEAWEED 111.3G/period=35/state=b07c50f42aa3: teacher rows do not contain constraint_features_json",
    "base_b__sku_spike__seed525901257/branch=0/episode=1/product=AN RICE CRACKER SEAWEED 111.3G/period=36/state=b07c50f42aa3: teacher rows do not contain constraint_features_json",
    "base_b__sku_spike__seed525901257/branch=0/episode=1/product=AN RICE CRACKER SEAWEED 111.3G/period=37/state=b07c50f42aa3: teacher rows do not contain constraint_features_json",
    "base_b__sku_spike__seed525901257/branch=0/episode=1/product=AN RICE CRACKER SEAWEED 111.3G/period=38/state=b07c50f42aa3: teacher rows do not contain constraint_features_json",
    "base_b__sku_spike__seed525901257/branch=0/episode=1/product=AN RICE CRACKER SEAWEED 111.3G/period=39/state=b07c50f42aa3: teacher rows do not contain constraint_features_json",
    "base_b__sku_spike__seed525901257/branch=0/episode=1/product=AN RICE CRACKER SEAWEED 111.3G/period=40/state=b07c50f42aa3: teacher rows do not contain constraint_features_json",
    "base_b__sku_spike__seed525901257/branch=0/episode=1/product=AN RICE CRACKER SEAWEED 111.3G/period=42/state=b07c50f42aa3: teacher rows do not contain constraint_features_json",
    "base_b__sku_spike__seed525901257/branch=0/episode=1/product=AN RICE CRACKER SEAWEED 111.3G/period=43/state=b07c50f42aa3: teacher rows do not contain constraint_features_json",
    "base_b__sku_spike__seed525901257/branch=0/episode=1/product=AN RICE CRACKER SEAWEED 111.3G/period=48/state=b07c50f42aa3: teacher rows do not contain constraint_features_json",
    "base_b__sku_spike__seed525901257/branch=0/episode=1/product=AN RICE CRACKER SEAWEED 111.3G/period=49/state=b07c50f42aa3: teacher rows do not contain constraint_features_json",
    "base_b__sku_spike__seed525901257/branch=0/episode=1/product=AN RICE CRACKER SEAWEED 111.3G/period=50/state=b07c50f42aa3: teacher rows do not contain constraint_features_json",
    "base_b__sku_spike__seed525901257/branch=0/episode=1/product=AN RICE CRACKER SEAWEED 111.3G/period=51/state=b07c50f42aa3: teacher rows do not contain constraint_features_json",
    "base_b__sku_spike__seed525901257/branch=0/episode=1/product=AN RICE CRACKER SEAWEED 111.3G/period=52/state=b07c50f42aa3: teacher rows do not contain constraint_features_json",
    "base_b__sku_spike__seed525901257/branch=0/episode=1/product=AN RICE CRACKER SEAWEED 111.3G/period=53/state=b07c50f42aa3: teacher rows do not contain constraint_features_json",
    "base_b__sku_spike__seed525901257/branch=0/episode=1/product=AN RICE CRACKER SEAWEED 111.3G/period=54/state=b07c50f42aa3: teacher rows do not contain constraint_features_json",
    "base_b__sku_spike__seed525901257/branch=0/episode=1/product=AN RICE CRACKER SEAWEED 111.3G/period=57/state=b07c50f42aa3: teacher rows do not contain constraint_features_json",
    "base_b__sku_spike__seed525901257/branch=0/episode=1/product=AN RICE CRACKER SEAWEED 111.3G/period=58/state=b07c50f42aa3: teacher rows do not contain constraint_features_json",
    "base_b__sku_spike__seed525901257/branch=0/episode=1/product=AN RICE CRACKER SEAWEED 111.3G/period=59/state=b07c50f42aa3: teacher rows do not contain constraint_features_json",
    "base_b__sku_spike__seed525901257/branch=0/episode=1/product=AN RICE CRACKER SEAWEED 111.3G/period=60/state=b07c50f42aa3: teacher rows do not contain constraint_features_json",
    "base_b__sku_spike__seed525901257/branch=0/episode=1/product=AN RICE CRACKER SEAWEED 111.3G/period=61/state=b07c50f42aa3: teacher rows do not contain constraint_features_json",
    "base_b__sku_spike__seed525901257/branch=0/episode=1/product=AN RICE CRACKER SEAWEED 111.3G/period=62/state=b07c50f42aa3: teacher rows do not contain constraint_features_json",
    "base_b__sku_spike__seed525901257/branch=0/episode=1/product=AN RICE CRACKER SEAWEED 111.3G/period=63/state=b07c50f42aa3: teacher rows do not contain constraint_features_json",
    "base_b__sku_spike__seed525901257/branch=0/episode=1/product=AN RICE CRACKER SEAWEED 111.3G/period=64/state=b07c50f42aa3: teacher rows do not contain constraint_features_json",
    "base_b__sku_spike__seed525901257/branch=0/episode=1/product=AN RICE CRACKER SEAWEED 111.3G/period=65/state=b07c50f42aa3: teacher rows do not contain constraint_features_json",
    "base_b__sku_spike__seed525901257/branch=0/episode=1/product=AN RICE CRACKER SEAWEED 111.3G/period=66/state=b07c50f42aa3: teacher rows do not contain constraint_features_json",
    "base_b__sku_spike__seed525901257/branch=0/episode=1/product=AN RICE CRACKER SEAWEED 111.3G/period=68/state=b07c50f42aa3: teacher rows do not contain constraint_features_json",
    "base_b__sku_spike__seed525901257/branch=0/episode=1/product=AN RICE CRACKER SEAWEED 111.3G/period=69/state=b07c50f42aa3: teacher rows do not contain constraint_features_json",
    "base_b__sku_spike__seed525901257/branch=0/episode=1/product=AN RICE CRACKER SEAWEED 111.3G/period=70/state=b07c50f42aa3: teacher rows do not contain constraint_features_json",
    "base_b__sku_spike__seed525901257/branch=0/episode=1/product=AN RICE CRACKER SEAWEED 111.3G/period=71/state=b07c50f42aa3: teacher rows do not contain constraint_features_json",
    "base_b__sku_spike__seed525901257/branch=0/episode=1/product=AN RICE CRACKER SEAWEED 111.3G/period=72/state=b07c50f42aa3: teacher rows do not contain constraint_features_json",
    "base_b__sku_spike__seed525901257/branch=0/episode=1/product=AN RICE CRACKER SEAWEED 111.3G/period=73/state=b07c50f42aa3: teacher rows do not contain constraint_features_json",
    "base_b__sku_spike__seed525901257/branch=0/episode=1/product=AN RICE CRACKER SEAWEED 111.3G/period=74/state=b07c50f42aa3: teacher rows do not contain constraint_features_json",
    "base_b__sku_spike__seed525901257/branch=0/episode=1/product=AN RICE CRACKER SEAWEED 111.3G/period=75/state=b07c50f42aa3: teacher rows do not contain constraint_features_json",
    "base_b__sku_spike__seed525901257/branch=0/episode=1/product=AN RICE CRACKER SEAWEED 111.3G/period=77/state=b07c50f42aa3: teacher rows do not contain constraint_features_json",
    "base_b__sku_spike__seed525901257/branch=0/episode=1/product=AN RICE CRACKER SEAWEED 111.3G/period=78/state=b07c50f42aa3: teacher rows do not contain constraint_features_json",
    "base_b__sku_spike__seed525901257/branch=0/episode=1/product=AN RICE CRACKER SEAWEED 111.3G/period=79/state=b07c50f42aa3: teacher rows do not contain constraint_features_json",
    "base_b__sku_spike__seed525901257/branch=0/episode=1/product=AN RICE CRACKER SEAWEED 111.3G/period=81/state=b07c50f42aa3: teacher rows do not contain constraint_features_json",
    "base_b__sku_spike__seed525901257/branch=0/episode=1/product=AN RICE CRACKER SEAWEED 111.3G/period=83/state=b07c50f42aa3: teacher rows do not contain constraint_features_json",
    "base_b__sku_spike__seed525901257/branch=0/episode=1/product=AN RICE CRACKER SEAWEED 111.3G/period=84/state=b07c50f42aa3: teacher rows do not contain constraint_features_json",
    "base_b__sku_spike__seed525901257/branch=0/episode=1/product=AN RICE CRACKER SEAWEED 111.3G/period=85/state=b07c50f42aa3: teacher rows do not contain constraint_features_json",
    "base_b__sku_spike__seed525901257/branch=0/episode=1/product=AN RICE CRACKER SEAWEED 111.3G/period=86/state=b07c50f42aa3: teacher rows do not contain constraint_features_json",
    "base_b__sku_spike__seed525901257/branch=0/episode=1/product=AN RICE CRACKER SEAWEED 111.3G/period=87/state=b07c50f42aa3: teacher rows do not contain constraint_features_json",
    "base_b__sku_spike__seed525901257/branch=0/episode=1/product=AN RICE CRACKER SEAWEED 111.3G/period=88/state=b07c50f42aa3: teacher rows do not contain constraint_features_json",
    "base_b__sku_spike__seed525901257/branch=0/episode=1/product=AN RICE CRACKER SEAWEED 111.3G/period=89/state=b07c50f42aa3: teacher rows do not contain constraint_features_json",
    "base_b__sku_spike__seed525901257/branch=0/episode=1/product=AN RICE CRACKER SEAWEED 111.3G/period=90/state=b07c50f42aa3: teacher rows do not contain constraint_features_json",
    "base_b__sku_spike__seed525901257/branch=0/episode=1/product=AN RICE CRACKER SEAWEED 111.3G/period=91/state=b07c50f42aa3: teacher rows do not contain constraint_features_json",
    "base_b__sku_spike__seed525901257/branch=0/episode=1/product=AN RICE CRACKER SEAWEED 111.3G/period=92/state=b07c50f42aa3: teacher rows do not contain constraint_features_json",
    "base_b__sku_spike__seed525901257/branch=0/episode=1/product=AN RICE CRACKER SEAWEED 111.3G/period=93/state=b07c50f42aa3: teacher rows do not contain constraint_features_json",
    "base_b__sku_spike__seed525901257/branch=0/episode=1/product=AN RICE CRACKER SEAWEED 111.3G/period=94/state=b07c50f42aa3: teacher rows do not contain constraint_features_json",
    "base_b__sku_spike__seed525901257/branch=0/episode=1/product=AN RICE CRACKER SEAWEED 111.3G/period=95/state=b07c50f42aa3: teacher rows do not contain constraint_features_json",
    "base_b__sku_spike__seed525901257/branch=0/episode=1/product=AN RICE CRACKER SEAWEED 111.3G/period=96/state=b07c50f42aa3: teacher rows do not contain constraint_features_json",
    "base_b__sku_spike__seed525901257/branch=0/episode=1/product=AN RICE CRACKER SEAWEED 111.3G/period=97/state=b07c50f42aa3: teacher rows do not contain constraint_features_json",
    "base_b__sku_spike__seed525901257/branch=0/episode=1/product=AN RICE CRACKER SEAWEED 111.3G/period=98/state=b07c50f42aa3: teacher rows do not contain constraint_features_json",
    "base_b__sku_spike__seed525901257/branch=0/episode=1/product=AN RICE CRACKER SEAWEED 111.3G/period=99/state=b07c50f42aa3: teacher rows do not contain constraint_features_json",
    "base_b__sku_spike__seed525901257/branch=0/episode=1/product=AN RICE CRACKER SEAWEED 111.3G/period=100/state=b07c50f42aa3: teacher rows do not contain constraint_features_json",
    "base_b__sku_spike__seed525901257/branch=0/episode=1/product=AN RICE CRACKER SEAWEED 111.3G/period=101/state=b07c50f42aa3: teacher rows do not contain constraint_features_json",
    "base_b__sku_spike__seed525901257/branch=0/episode=1/product=AN RICE CRACKER SEAWEED 111.3G/period=102/state=b07c50f42aa3: teacher rows do not contain constraint_features_json",
    "base_b__sku_spike__seed525901257/branch=0/episode=1/product=AN RICE CRACKER SEAWEED 111.3G/period=103/state=b07c50f42aa3: teacher rows do not contain constraint_features_json",
    "base_b__sku_spike__seed525901257/branch=0/episode=1/product=AN RICE CRACKER SEAWEED 111.3G/period=104/state=b07c50f42aa3: teacher rows do not contain constraint_features_json",
    "base_b__sku_spike__seed525901257/branch=0/episode=1/product=AN RICE CRACKER SEAWEED 111.3G/period=105/state=b07c50f42aa3: teacher rows do not contain constraint_features_json",
    "base_b__sku_spike__seed525901257/branch=0/episode=1/product=AN RICE CRACKER SEAWEED 111.3G/period=106/state=b07c50f42aa3: teacher rows do not contain constraint_features_json",
    "base_b__sku_spike__seed525901257/branch=0/episode=1/product=AN RICE CRACKER SEAWEED 111.3G/period=107/state=b07c50f42aa3: teacher rows do not contain constraint_features_json",
    "base_b__sku_spike__seed525901257/branch=0/episode=1/product=AN RICE CRACKER SEAWEED 111.3G/period=108/state=b07c50f42aa3: teacher rows do not contain constraint_features_json",
    "base_b__sku_spike__seed525901257/branch=0/episode=1/product=AN RICE CRACKER SEAWEED 111.3G/period=109/state=b07c50f42aa3: teacher rows do not contain constraint_features_json",
    "base_b__sku_spike__seed525901257/branch=0/episode=1/product=AN RICE CRACKER SEAWEED 111.3G/period=110/state=b07c50f42aa3: teacher rows do not contain constraint_features_json",
    "base_b__sku_spike__seed525901257/branch=0/episode=1/product=AN RICE CRACKER SEAWEED 111.3G/period=111/state=b07c50f42aa3: teacher rows do not contain constraint_features_json",
    "base_b__sku_spike__seed525901257/branch=0/episode=1/product=AN RICE CRACKER SEAWEED 111.3G/period=112/state=b07c50f42aa3: teacher rows do not contain constraint_features_json",
    "base_b__sku_spike__seed525901257/branch=0/episode=1/product=AN RICE CRACKER SEAWEED 111.3G/period=113/state=b07c50f42aa3: teacher rows do not contain constraint_features_json",
    "base_b__sku_spike__seed525901257/branch=0/episode=1/product=AN RICE CRACKER SEAWEED 111.3G/period=114/state=b07c50f42aa3: teacher rows do not contain constraint_features_json",
    "base_b__sku_spike__seed525901257/branch=0/episode=1/product=AN RICE CRACKER SEAWEED 111.3G/period=115/state=b07c50f42aa3: teacher rows do not contain constraint_features_json",
    "base_b__sku_spike__seed525901257/branch=0/episode=1/product=AN RICE CRACKER SEAWEED 111.3G/period=116/state=b07c50f42aa3: teacher rows do not contain constraint_features_json",
    "base_b__sku_spike__seed525901257/branch=0/episode=1/product=AN RICE CRACKER SEAWEED 111.3G/period=117/state=b07c50f42aa3: teacher rows do not contain constraint_features_json",
    "base_b__sku_spike__seed525901257/branch=0/episode=1/product=AN RICE CRACKER SEAWEED 111.3G/period=118/state=b07c50f42aa3: teacher rows do not contain constraint_features_json",
    "base_b__sku_spike__seed525901257/branch=0/episode=1/product=AN RICE CRACKER SEAWEED 111.3G/period=119/state=b07c50f42aa3: teacher rows do not contain constraint_features_json",
    "base_b__sku_spike__seed525901257/branch=0/episode=1/product=AN RICE CRACKER SEAWEED 111.3G/period=120/state=b07c50f42aa3: teacher rows do not contain constraint_features_json",
    "base_b__sku_spike__seed525901257/branch=0/episode=1/product=AN RICE CRACKER SEAWEED 111.3G/period=121/state=b07c50f42aa3: teacher rows do not contain constraint_features_json",
    "base_b__sku_spike__seed525901257/branch=0/episode=1/product=AN RICE CRACKER SEAWEED 111.3G/period=122/state=b07c50f42aa3: teacher rows do not contain constraint_features_json",
    "base_b__sku_spike__seed525901257/branch=0/episode=1/product=AN RICE CRACKER SEAWEED 111.3G/period=124/state=b07c50f42aa3: teacher rows do not contain constraint_features_json",
    "base_b__sku_spike__seed525901257/branch=0/episode=1/product=AN RICE CRACKER SEAWEED 111.3G/period=125/state=b07c50f42aa3: teacher rows do not contain constraint_features_json",
    "base_b__sku_spike__seed525901257/branch=0/episode=1/product=AN RICE CRACKER SEAWEED 111.3G/period=126/state=b07c50f42aa3: teacher rows do not contain constraint_features_json",
    "base_b__sku_spike__seed525901257/branch=0/episode=1/product=AN RICE CRACKER SEAWEED 111.3G/period=127/state=b07c50f42aa3: teacher rows do not contain constraint_features_json",
    "base_b__sku_spike__seed525901257/branch=0/episode=1/product=AN RICE CRACKER SEAWEED 111.3G/period=128/state=b07c50f42aa3: teacher rows do not contain constraint_features_json",
    "base_b__sku_spike__seed525901257/branch=0/episode=1/product=AN RICE CRACKER SEAWEED 111.3G/period=129/state=b07c50f42aa3: teacher rows do not contain constraint_features_json",
    "base_b__sku_spike__seed525901257/branch=0/episode=1/product=AN RICE CRACKER SEAWEED 111.3G/period=131/state=b07c50f42aa3: teacher rows do not contain constraint_features_json",
    "base_b__sku_spike__seed525901257/branch=0/episode=1/product=AN RICE CRACKER SEAWEED 111.3G/period=132/state=b07c50f42aa3: teacher rows do not contain constraint_features_json",
    "base_b__sku_spike__seed525901257/branch=0/episode=1/product=AN RICE CRACKER SEAWEED 111.3G/period=133/state=b07c50f42aa3: teacher rows do not contain constraint_features_json",
    "base_b__sku_spike__seed525901257/branch=0/episode=1/product=AN RICE CRACKER SEAWEED 111.3G/period=134/state=b07c50f42aa3: teacher rows do not contain constraint_features_json",
    "base_b__sku_spike__seed525901257/branch=0/episode=1/product=AN RICE CRACKER SEAWEED 111.3G/period=135/state=b07c50f42aa3: teacher rows do not contain constraint_features_json",
    "base_b__sku_spike__seed525901257/branch=0/episode=1/product=AN RICE CRACKER SEAWEED 111.3G/period=136/state=b07c50f42aa3: teacher rows do not contain constraint_features_json",
    "base_b__sku_spike__seed525901257/branch=0/episode=1/product=AN RICE CRACKER SEAWEED 111.3G/period=137/state=b07c50f42aa3: teacher rows do not contain constraint_features_json",
    "base_b__sku_spike__seed525901257/branch=0/episode=1/product=AN RICE CRACKER SEAWEED 111.3G/period=138/state=b07c50f42aa3: teacher rows do not contain constraint_features_json",
    "base_b__sku_spike__seed525901257/branch=0/episode=1/product=AN RICE CRACKER SEAWEED 111.3G/period=139/state=b07c50f42aa3: teacher rows do not contain constraint_features_json",
    "base_b__sku_spike__seed525901257/branch=0/episode=1/product=AN RICE CRACKER SEAWEED 111.3G/period=140/state=b07c50f42aa3: teacher rows do not contain constraint_features_json",
    "base_b__sku_spike__seed525901257/branch=0/episode=1/product=AN RICE CRACKER SEAWEED 111.3G/period=141/state=b07c50f42aa3: teacher rows do not contain constraint_features_json",
    "base_b__sku_spike__seed525901257/branch=0/episode=1/product=AN RICE CRACKER SEAWEED 111.3G/period=142/state=b07c50f42aa3: teacher rows do not contain constraint_features_json",
    "base_b__sku_spike__seed525901257/branch=0/episode=1/product=AN RICE CRACKER SEAWEED 111.3G/period=143/state=b07c50f42aa3: teacher rows do not contain constraint_features_json",
    "base_b__sku_spike__seed525901257/branch=0/episode=1/product=AN RICE CRACKER SEAWEED 111.3G/period=144/state=b07c50f42aa3: teacher rows do not contain constraint_features_json",
    "base_b__sku_spike__seed525901257/branch=0/episode=1/product=AN RICE CRACKER SEAWEED 111.3G/period=145/state=b07c50f42aa3: teacher rows do not contain constraint_features_json",
    "base_b__sku_spike__seed525901257/branch=0/episode=1/product=AN RICE CRACKER SEAWEED 111.3G/period=146/state=b07c50f42aa3: teacher rows do not contain constraint_features_json",
    "base_b__sku_spike__seed525901257/branch=0/episode=1/product=AN RICE CRACKER SEAWEED 111.3G/period=147/state=b07c50f42aa3: teacher rows do not contain constraint_features_json",
    "base_b__sku_spike__seed525901257/branch=0/episode=1/product=AN RICE CRACKER SEAWEED 111.3G/period=148/state=b07c50f42aa3: teacher rows do not contain constraint_features_json",
    "base_b__sku_spike__seed525901257/branch=0/episode=1/product=AN RICE CRACKER SEAWEED 111.3G/period=149/state=b07c50f42aa3: teacher rows do not contain constraint_features_json",
    "base_b__sku_spike__seed525901257/branch=0/episode=1/product=AN RICE CRACKER SEAWEED 111.3G/period=150/state=b07c50f42aa3: teacher rows do not contain constraint_features_json",
    "base_b__sku_spike__seed525901257/branch=0/episode=1/product=AN RICE CRACKER SEAWEED 111.3G/period=152/state=b07c50f42aa3: teacher rows do not contain constraint_features_json",
    "base_b__sku_spike__seed525901257/branch=0/episode=1/product=AN RICE CRACKER SEAWEED 111.3G/period=153/state=b07c50f42aa3: teacher rows do not contain constraint_features_json",
    "base_b__sku_spike__seed525901257/branch=0/episode=1/product=OREO VANILLA 110.4/105G/period=4/state=b07c50f42aa3: teacher rows do not contain constraint_features_json",
    "base_b__sku_spike__seed525901257/branch=0/episode=1/product=OREO VANILLA 110.4/105G/period=5/state=b07c50f42aa3: teacher rows do not contain constraint_features_json",
    "base_b__sku_spike__seed525901257/branch=0/episode=1/product=OREO VANILLA 110.4/105G/period=6/state=b07c50f42aa3: teacher rows do not contain constraint_features_json",
    "base_b__sku_spike__seed525901257/branch=0/episode=1/product=OREO VANILLA 110.4/105G/period=7/state=b07c50f42aa3: teacher rows do not contain constraint_features_json",
    "base_b__sku_spike__seed525901257/branch=0/episode=1/product=OREO VANILLA 110.4/105G/period=8/state=b07c50f42aa3: teacher rows do not contain constraint_features_json",
    "base_b__sku_spike__seed525901257/branch=0/episode=1/product=OREO VANILLA 110.4/105G/period=9/state=b07c50f42aa3: teacher rows do not contain constraint_features_json",
    "base_b__sku_spike__seed525901257/branch=0/episode=1/product=OREO VANILLA 110.4/105G/period=10/state=b07c50f42aa3: teacher rows do not contain constraint_features_json",
    "base_b__sku_spike__seed525901257/branch=0/episode=1/product=OREO VANILLA 110.4/105G/period=11/state=b07c50f42aa3: teacher rows do not contain constraint_features_json",
    "base_b__sku_spike__seed525901257/branch=0/episode=1/product=OREO VANILLA 110.4/105G/period=12/state=b07c50f42aa3: teacher rows do not contain constraint_features_json",
    "base_b__sku_spike__seed525901257/branch=0/episode=1/product=OREO VANILLA 110.4/105G/period=13/state=b07c50f42aa3: teacher rows do not contain constraint_features_json",
    "base_b__sku_spike__seed525901257/branch=0/episode=1/product=OREO VANILLA 110.4/105G/period=14/state=b07c50f42aa3: teacher rows do not contain constraint_features_json",
    "base_b__sku_spike__seed525901257/branch=0/episode=1/product=OREO VANILLA 110.4/105G/period=15/state=b07c50f42aa3: teacher rows do not contain constraint_features_json",
    "base_b__sku_spike__seed525901257/branch=0/episode=1/product=OREO VANILLA 110.4/105G/period=16/state=b07c50f42aa3: teacher rows do not contain constraint_features_json",
    "base_b__sku_spike__seed525901257/branch=0/episode=1/product=OREO VANILLA 110.4/105G/period=17/state=b07c50f42aa3: teacher rows do not contain constraint_features_json",
    "base_b__sku_spike__seed525901257/branch=0/episode=1/product=OREO VANILLA 110.4/105G/period=18/state=b07c50f42aa3: teacher rows do not contain constraint_features_json",
    "base_b__sku_spike__seed525901257/branch=0/episode=1/product=OREO VANILLA 110.4/105G/period=19/state=b07c50f42aa3: teacher rows do not contain constraint_features_json",
    "base_b__sku_spike__seed525901257/branch=0/episode=1/product=OREO VANILLA 110.4/105G/period=20/state=b07c50f42aa3: teacher rows do not contain constraint_features_json",
    "base_b__sku_spike__seed525901257/branch=0/episode=1/product=OREO VANILLA 110.4/105G/period=21/state=b07c50f42aa3: teacher rows do not contain constraint_features_json",
    "base_b__sku_spike__seed525901257/branch=0/episode=1/product=OREO VANILLA 110.4/105G/period=22/state=b07c50f42aa3: teacher rows do not contain constraint_features_json",
    "base_b__sku_spike__seed525901257/branch=0/episode=1/product=OREO VANILLA 110.4/105G/period=23/state=b07c50f42aa3: teacher rows do not contain constraint_features_json",
    "base_b__sku_spike__seed525901257/branch=0/episode=1/product=OREO VANILLA 110.4/105G/period=24/state=b07c50f42aa3: teacher rows do not contain constraint_features_json",
    "base_b__sku_spike__seed525901257/branch=0/episode=1/product=OREO VANILLA 110.4/105G/period=25/state=b07c50f42aa3: teacher rows do not contain constraint_features_json",
    "base_b__sku_spike__seed525901257/branch=0/episode=1/product=OREO VANILLA 110.4/105G/period=26/state=b07c50f42aa3: teacher rows do not contain constraint_features_json",
    "base_b__sku_spike__seed525901257/branch=0/episode=1/product=OREO VANILLA 110.4/105G/period=27/state=b07c50f42aa3: teacher rows do not contain constraint_features_json",
    "base_b__sku_spike__seed525901257/branch=0/episode=1/product=OREO VANILLA 110.4/105G/period=28/state=b07c50f42aa3: teacher rows do not contain constraint_features_json",
    "base_b__sku_spike__seed525901257/branch=0/episode=1/product=OREO VANILLA 110.4/105G/period=29/state=b07c50f42aa3: teacher rows do not contain constraint_features_json",
    "base_b__sku_spike__seed525901257/branch=0/episode=1/product=OREO VANILLA 110.4/105G/period=30/state=b07c50f42aa3: teacher rows do not contain constraint_features_json",
    "base_b__sku_spike__seed525901257/branch=0/episode=1/product=OREO VANILLA 110.4/105G/period=31/state=b07c50f42aa3: teacher rows do not contain constraint_features_json",
    "base_b__sku_spike__seed525901257/branch=0/episode=1/product=OREO VANILLA 110.4/105G/period=32/state=b07c50f42aa3: teacher rows do not contain constraint_features_json",
    "base_b__sku_spike__seed525901257/branch=0/episode=1/product=OREO VANILLA 110.4/105G/period=33/state=b07c50f42aa3: teacher rows do not contain constraint_features_json",
    "base_b__sku_spike__seed525901257/branch=0/episode=1/product=OREO VANILLA 110.4/105G/period=34/state=b07c50f42aa3: teacher rows do not contain constraint_features_json",
    "base_b__sku_spike__seed525901257/branch=0/episode=1/product=OREO VANILLA 110.4/105G/period=35/state=b07c50f42aa3: teacher rows do not contain constraint_features_json",
    "base_b__sku_spike__seed525901257/branch=0/episode=1/product=OREO VANILLA 110.4/105G/period=36/state=b07c50f42aa3: teacher rows do not contain constraint_features_json",
    "base_b__sku_spike__seed525901257/branch=0/episode=1/product=OREO VANILLA 110.4/105G/period=37/state=b07c50f42aa3: teacher rows do not contain constraint_features_json",
    "base_b__sku_spike__seed525901257/branch=0/episode=1/product=OREO VANILLA 110.4/105G/period=38/state=b07c50f42aa3: teacher rows do not contain constraint_features_json",
    "base_b__sku_spike__seed525901257/branch=0/episode=1/product=OREO VANILLA 110.4/105G/period=39/state=b07c50f42aa3: teacher rows do not contain constraint_features_json",
    "base_b__sku_spike__seed525901257/branch=0/episode=1/product=OREO VANILLA 110.4/105G/period=40/state=b07c50f42aa3: teacher rows do not contain constraint_features_json",
    "base_b__sku_spike__seed525901257/branch=0/episode=1/product=OREO VANILLA 110.4/105G/period=41/state=b07c50f42aa3: teacher rows do not contain constraint_features_json",
    "base_b__sku_spike__seed525901257/branch=0/episode=1/product=OREO VANILLA 110.4/105G/period=42/state=b07c50f42aa3: teacher rows do not contain constraint_features_json",
    "base_b__sku_spike__seed525901257/branch=0/episode=1/product=OREO VANILLA 110.4/105G/period=43/state=b07c50f42aa3: teacher rows do not contain constraint_features_json",
    "base_b__sku_spike__seed525901257/branch=0/episode=1/product=OREO VANILLA 110.4/105G/period=44/state=b07c50f42aa3: teacher rows do not contain constraint_features_json",
    "base_b__sku_spike__seed525901257/branch=0/episode=1/product=OREO VANILLA 110.4/105G/period=45/state=b07c50f42aa3: teacher rows do not contain constraint_features_json",
    "base_b__sku_spike__seed525901257/branch=0/episode=1/product=OREO VANILLA 110.4/105G/period=46/state=b07c50f42aa3: teacher rows do not contain constraint_features_json",
    "base_b__sku_spike__seed525901257/branch=0/episode=1/product=OREO VANILLA 110.4/105G/period=47/state=b07c50f42aa3: teacher rows do not contain constraint_features_json",
    "base_b__sku_spike__seed525901257/branch=0/episode=1/product=OREO VANILLA 110.4/105G/period=48/state=b07c50f42aa3: teacher rows do not contain constraint_features_json",
    "base_b__sku_spike__seed525901257/branch=0/episode=1/product=OREO VANILLA 110.4/105G/period=49/state=b07c50f42aa3: teacher rows do not contain constraint_features_json",
    "base_b__sku_spike__seed525901257/branch=0/episode=1/product=OREO VANILLA 110.4/105G/period=50/state=b07c50f42aa3: teacher rows do not contain constraint_features_json",
    "base_b__sku_spike__seed525901257/branch=0/episode=1/product=OREO VANILLA 110.4/105G/period=51/state=b07c50f42aa3: teacher rows do not contain constraint_features_json",
    "base_b__sku_spike__seed525901257/branch=0/episode=1/product=OREO VANILLA 110.4/105G/period=52/state=b07c50f42aa3: teacher rows do not contain constraint_features_json",
    "base_b__sku_spike__seed525901257/branch=0/episode=1/product=OREO VANILLA 110.4/105G/period=53/state=b07c50f42aa3: teacher rows do not contain constraint_features_json",
    "base_b__sku_spike__seed525901257/branch=0/episode=1/product=OREO VANILLA 110.4/105G/period=54/state=b07c50f42aa3: teacher rows do not contain constraint_features_json",
    "base_b__sku_spike__seed525901257/branch=0/episode=1/product=OREO VANILLA 110.4/105G/period=55/state=b07c50f42aa3: teacher rows do not contain constraint_features_json",
    "base_b__sku_spike__seed525901257/branch=0/episode=1/product=OREO VANILLA 110.4/105G/period=56/state=b07c50f42aa3: teacher rows do not contain constraint_features_json",
    "base_b__sku_spike__seed525901257/branch=0/episode=1/product=OREO VANILLA 110.4/105G/period=57/state=b07c50f42aa3: teacher rows do not contain constraint_features_json",
    "base_b__sku_spike__seed525901257/branch=0/episode=1/product=OREO VANILLA 110.4/105G/period=58/state=b07c50f42aa3: teacher rows do not contain constraint_features_json",
    "base_b__sku_spike__seed525901257/branch=0/episode=1/product=OREO VANILLA 110.4/105G/period=59/state=b07c50f42aa3: teacher rows do not contain constraint_features_json",
    "base_b__sku_spike__seed525901257/branch=0/episode=1/product=OREO VANILLA 110.4/105G/period=60/state=b07c50f42aa3: teacher rows do not contain constraint_features_json",
    "base_b__sku_spike__seed525901257/branch=0/episode=1/product=OREO VANILLA 110.4/105G/period=61/state=b07c50f42aa3: teacher rows do not contain constraint_features_json",
    "base_b__sku_spike__seed525901257/branch=0/episode=1/product=OREO VANILLA 110.4/105G/period=62/state=b07c50f42aa3: teacher rows do not contain constraint_features_json",
    "base_b__sku_spike__seed525901257/branch=0/episode=1/product=OREO VANILLA 110.4/105G/period=63/state=b07c50f42aa3: teacher rows do not contain constraint_features_json",
    "base_b__sku_spike__seed525901257/branch=0/episode=1/product=OREO VANILLA 110.4/105G/period=64/state=b07c50f42aa3: teacher rows do not contain constraint_features_json",
    "base_b__sku_spike__seed525901257/branch=0/episode=1/product=OREO VANILLA 110.4/105G/period=65/state=b07c50f42aa3: teacher rows do not contain constraint_features_json",
    "base_b__sku_spike__seed525901257/branch=0/episode=1/product=OREO VANILLA 110.4/105G/period=66/state=b07c50f42aa3: teacher rows do not contain constraint_features_json",
    "base_b__sku_spike__seed525901257/branch=0/episode=1/product=OREO VANILLA 110.4/105G/period=67/state=b07c50f42aa3: teacher rows do not contain constraint_features_json",
    "base_b__sku_spike__seed525901257/branch=0/episode=1/product=OREO VANILLA 110.4/105G/period=68/state=b07c50f42aa3: teacher rows do not contain constraint_features_json",
    "base_b__sku_spike__seed525901257/branch=0/episode=1/product=OREO VANILLA 110.4/105G/period=69/state=b07c50f42aa3: teacher rows do not contain constraint_features_json",
    "base_b__sku_spike__seed525901257/branch=0/episode=1/product=OREO VANILLA 110.4/105G/period=70/state=b07c50f42aa3: teacher rows do not contain constraint_features_json",
    "base_b__sku_spike__seed525901257/branch=0/episode=1/product=OREO VANILLA 110.4/105G/period=71/state=b07c50f42aa3: teacher rows do not contain constraint_features_json",
    "base_b__sku_spike__seed525901257/branch=0/episode=1/product=OREO VANILLA 110.4/105G/period=72/state=b07c50f42aa3: teacher rows do not contain constraint_features_json",
    "base_b__sku_spike__seed525901257/branch=0/episode=1/product=OREO VANILLA 110.4/105G/period=73/state=b07c50f42aa3: teacher rows do not contain constraint_features_json",
    "base_b__sku_spike__seed525901257/branch=0/episode=1/product=OREO VANILLA 110.4/105G/period=74/state=b07c50f42aa3: teacher rows do not contain constraint_features_json",
    "base_b__sku_spike__seed525901257/branch=0/episode=1/product=OREO VANILLA 110.4/105G/period=79/state=b07c50f42aa3: teacher rows do not contain constraint_features_json",
    "base_b__sku_spike__seed525901257/branch=0/episode=1/product=OREO VANILLA 110.4/105G/period=80/state=b07c50f42aa3: teacher rows do not contain constraint_features_json",
    "base_b__sku_spike__seed525901257/branch=0/episode=1/product=OREO VANILLA 110.4/105G/period=81/state=b07c50f42aa3: teacher rows do not contain constraint_features_json",
    "base_b__sku_spike__seed525901257/branch=0/episode=1/product=OREO VANILLA 110.4/105G/period=82/state=b07c50f42aa3: teacher rows do not contain constraint_features_json",
    "base_b__sku_spike__seed525901257/branch=0/episode=1/product=OREO VANILLA 110.4/105G/period=83/state=b07c50f42aa3: teacher rows do not contain constraint_features_json",
    "base_b__sku_spike__seed525901257/branch=0/episode=1/product=OREO VANILLA 110.4/105G/period=84/state=b07c50f42aa3: teacher rows do not contain constraint_features_json",
    "base_b__sku_spike__seed525901257/branch=0/episode=1/product=OREO VANILLA 110.4/105G/period=85/state=b07c50f42aa3: teacher rows do not contain constraint_features_json",
    "base_b__sku_spike__seed525901257/branch=0/episode=1/product=OREO VANILLA 110.4/105G/period=86/state=b07c50f42aa3: teacher rows do not contain constraint_features_json",
    "base_b__sku_spike__seed525901257/branch=0/episode=1/product=OREO VANILLA 110.4/105G/period=87/state=b07c50f42aa3: teacher rows do not contain constraint_features_json",
    "base_b__sku_spike__seed525901257/branch=0/episode=1/product=OREO VANILLA 110.4/105G/period=88/state=b07c50f42aa3: teacher rows do not contain constraint_features_json",
    "base_b__sku_spike__seed525901257/branch=0/episode=1/product=OREO VANILLA 110.4/105G/period=89/state=b07c50f42aa3: teacher rows do not contain constraint_features_json",
    "base_b__sku_spike__seed525901257/branch=0/episode=1/product=OREO VANILLA 110.4/105G/period=90/state=b07c50f42aa3: teacher rows do not contain constraint_features_json",
    "base_b__sku_spike__seed525901257/branch=0/episode=1/product=OREO VANILLA 110.4/105G/period=91/state=b07c50f42aa3: teacher rows do not contain constraint_features_json",
    "base_b__sku_spike__seed525901257/branch=0/episode=1/product=OREO VANILLA 110.4/105G/period=92/state=b07c50f42aa3: teacher rows do not contain constraint_features_json",
    "base_b__sku_spike__seed525901257/branch=0/episode=1/product=OREO VANILLA 110.4/105G/period=93/state=b07c50f42aa3: teacher rows do not contain constraint_features_json",
    "base_b__sku_spike__seed525901257/branch=0/episode=1/product=OREO VANILLA 110.4/105G/period=94/state=b07c50f42aa3: teacher rows do not contain constraint_features_json",
    "base_b__sku_spike__seed525901257/branch=0/episode=1/product=OREO VANILLA 110.4/105G/period=95/state=b07c50f42aa3: teacher rows do not contain constraint_features_json",
    "base_b__sku_spike__seed525901257/branch=0/episode=1/product=OREO VANILLA 110.4/105G/period=96/state=b07c50f42aa3: teacher rows do not contain constraint_features_json",
    "base_b__sku_spike__seed525901257/branch=0/episode=1/product=OREO VANILLA 110.4/105G/period=97/state=b07c50f42aa3: teacher rows do not contain constraint_features_json",
    "base_b__sku_spike__seed525901257/branch=0/episode=1/product=OREO VANILLA 110.4/105G/period=98/state=b07c50f42aa3: teacher rows do not contain constraint_features_json",
    "base_b__sku_spike__seed525901257/branch=0/episode=1/product=OREO VANILLA 110.4/105G/period=99/state=b07c50f42aa3: teacher rows do not contain constraint_features_json",
    "base_b__sku_spike__seed525901257/branch=0/episode=1/product=OREO VANILLA 110.4/105G/period=100/state=b07c50f42aa3: teacher rows do not contain constraint_features_json",
    "base_b__sku_spike__seed525901257/branch=0/episode=1/product=OREO VANILLA 110.4/105G/period=101/state=b07c50f42aa3: teacher rows do not contain constraint_features_json",
    "base_b__sku_spike__seed525901257/branch=0/episode=1/product=OREO VANILLA 110.4/105G/period=102/state=b07c50f42aa3: teacher rows do not contain constraint_features_json",
    "base_b__sku_spike__seed525901257/branch=0/episode=1/product=OREO VANILLA 110.4/105G/period=103/state=b07c50f42aa3: teacher rows do not contain constraint_features_json",
    "base_b__sku_spike__seed525901257/branch=0/episode=1/product=OREO VANILLA 110.4/105G/period=104/state=b07c50f42aa3: teacher rows do not contain constraint_features_json",
    "base_b__sku_spike__seed525901257/branch=0/episode=1/product=OREO VANILLA 110.4/105G/period=105/state=b07c50f42aa3: teacher rows do not contain constraint_features_json",
    "base_b__sku_spike__seed525901257/branch=0/episode=1/product=OREO VANILLA 110.4/105G/period=106/state=b07c50f42aa3: teacher rows do not contain constraint_features_json",
    "base_b__sku_spike__seed525901257/branch=0/episode=1/product=OREO VANILLA 110.4/105G/period=107/state=b07c50f42aa3: teacher rows do not contain constraint_features_json",
    "base_b__sku_spike__seed525901257/branch=0/episode=1/product=OREO VANILLA 110.4/105G/period=108/state=b07c50f42aa3: teacher rows do not contain constraint_features_json",
    "base_b__sku_spike__seed525901257/branch=0/episode=1/product=OREO VANILLA 110.4/105G/period=109/state=b07c50f42aa3: teacher rows do not contain constraint_features_json",
    "base_b__sku_spike__seed525901257/branch=0/episode=1/product=OREO VANILLA 110.4/105G/period=110/state=b07c50f42aa3: teacher rows do not contain constraint_features_json",
    "base_b__sku_spike__seed525901257/branch=0/episode=1/product=OREO VANILLA 110.4/105G/period=111/state=b07c50f42aa3: teacher rows do not contain constraint_features_json",
    "base_b__sku_spike__seed525901257/branch=0/episode=1/product=OREO VANILLA 110.4/105G/period=112/state=b07c50f42aa3: teacher rows do not contain constraint_features_json",
    "base_b__sku_spike__seed525901257/branch=0/episode=1/product=OREO VANILLA 110.4/105G/period=113/state=b07c50f42aa3: teacher rows do not contain constraint_features_json",
    "base_b__sku_spike__seed525901257/branch=0/episode=1/product=OREO VANILLA 110.4/105G/period=114/state=b07c50f42aa3: teacher rows do not contain constraint_features_json",
    "base_b__sku_spike__seed525901257/branch=0/episode=1/product=OREO VANILLA 110.4/105G/period=115/state=b07c50f42aa3: teacher rows do not contain constraint_features_json",
    "base_b__sku_spike__seed525901257/branch=0/episode=1/product=OREO VANILLA 110.4/105G/period=116/state=b07c50f42aa3: teacher rows do not contain constraint_features_json",
    "base_b__sku_spike__seed525901257/branch=0/episode=1/product=OREO VANILLA 110.4/105G/period=117/state=b07c50f42aa3: teacher rows do not contain constraint_features_json",
    "base_b__sku_spike__seed525901257/branch=0/episode=1/product=OREO VANILLA 110.4/105G/period=118/state=b07c50f42aa3: teacher rows do not contain constraint_features_json",
    "base_b__sku_spike__seed525901257/branch=0/episode=1/product=OREO VANILLA 110.4/105G/period=119/state=b07c50f42aa3: teacher rows do not contain constraint_features_json",
    "base_b__sku_spike__seed525901257/branch=0/episode=1/product=OREO VANILLA 110.4/105G/period=120/state=b07c50f42aa3: teacher rows do not contain constraint_features_json",
    "base_b__sku_spike__seed525901257/branch=0/episode=1/product=OREO VANILLA 110.4/105G/period=121/state=b07c50f42aa3: teacher rows do not contain constraint_features_json",
    "base_b__sku_spike__seed525901257/branch=0/episode=1/product=OREO VANILLA 110.4/105G/period=122/state=b07c50f42aa3: teacher rows do not contain constraint_features_json",
    "base_b__sku_spike__seed525901257/branch=0/episode=1/product=OREO VANILLA 110.4/105G/period=123/state=b07c50f42aa3: teacher rows do not contain constraint_features_json",
    "base_b__sku_spike__seed525901257/branch=0/episode=1/product=OREO VANILLA 110.4/105G/period=125/state=b07c50f42aa3: teacher rows do not contain constraint_features_json",
    "base_b__sku_spike__seed525901257/branch=0/episode=1/product=OREO VANILLA 110.4/105G/period=126/state=b07c50f42aa3: teacher rows do not contain constraint_features_json",
    "base_b__sku_spike__seed525901257/branch=0/episode=1/product=OREO VANILLA 110.4/105G/period=127/state=b07c50f42aa3: teacher rows do not contain constraint_features_json",
    "base_b__sku_spike__seed525901257/branch=0/episode=1/product=OREO VANILLA 110.4/105G/period=128/state=b07c50f42aa3: teacher rows do not contain constraint_features_json",
    "base_b__sku_spike__seed525901257/branch=0/episode=1/product=OREO VANILLA 110.4/105G/period=129/state=b07c50f42aa3: teacher rows do not contain constraint_features_json",
    "base_b__sku_spike__seed525901257/branch=0/episode=1/product=OREO VANILLA 110.4/105G/period=130/state=b07c50f42aa3: teacher rows do not contain constraint_features_json",
    "base_b__sku_spike__seed525901257/branch=0/episode=1/product=OREO VANILLA 110.4/105G/period=131/state=b07c50f42aa3: teacher rows do not contain constraint_features_json",
    "base_b__sku_spike__seed525901257/branch=0/episode=1/product=OREO VANILLA 110.4/105G/period=132/state=b07c50f42aa3: teacher rows do not contain constraint_features_json",
    "base_b__sku_spike__seed525901257/branch=0/episode=1/product=OREO VANILLA 110.4/105G/period=133/state=b07c50f42aa3: teacher rows do not contain constraint_features_json",
    "base_b__sku_spike__seed525901257/branch=0/episode=1/product=OREO VANILLA 110.4/105G/period=134/state=b07c50f42aa3: teacher rows do not contain constraint_features_json",
    "base_b__sku_spike__seed525901257/branch=0/episode=1/product=OREO VANILLA 110.4/105G/period=135/state=b07c50f42aa3: teacher rows do not contain constraint_features_json",
    "base_b__sku_spike__seed525901257/branch=0/episode=1/product=OREO VANILLA 110.4/105G/period=136/state=b07c50f42aa3: teacher rows do not contain constraint_features_json",
    "base_b__sku_spike__seed525901257/branch=0/episode=1/product=OREO VANILLA 110.4/105G/period=137/state=b07c50f42aa3: teacher rows do not contain constraint_features_json",
    "base_b__sku_spike__seed525901257/branch=0/episode=1/product=OREO VANILLA 110.4/105G/period=138/state=b07c50f42aa3: teacher rows do not contain constraint_features_json",
    "base_b__sku_spike__seed525901257/branch=0/episode=1/product=OREO VANILLA 110.4/105G/period=139/state=b07c50f42aa3: teacher rows do not contain constraint_features_json",
    "base_b__sku_spike__seed525901257/branch=0/episode=1/product=OREO VANILLA 110.4/105G/period=140/state=b07c50f42aa3: teacher rows do not contain constraint_features_json",
    "base_b__sku_spike__seed525901257/branch=0/episode=1/product=OREO VANILLA 110.4/105G/period=141/state=b07c50f42aa3: teacher rows do not contain constraint_features_json",
    "base_b__sku_spike__seed525901257/branch=0/episode=1/product=OREO VANILLA 110.4/105G/period=142/state=b07c50f42aa3: teacher rows do not contain constraint_features_json",
    "base_b__sku_spike__seed525901257/branch=0/episode=1/product=OREO VANILLA 110.4/105G/period=143/state=b07c50f42aa3: teacher rows do not contain constraint_features_json",
    "base_b__sku_spike__seed525901257/branch=0/episode=1/product=OREO VANILLA 110.4/105G/period=144/state=b07c50f42aa3: teacher rows do not contain constraint_features_json",
    "base_b__sku_spike__seed525901257/branch=0/episode=1/product=OREO VANILLA 110.4/105G/period=145/state=b07c50f42aa3: teacher rows do not contain constraint_features_json",
    "base_b__sku_spike__seed525901257/branch=0/episode=1/product=OREO VANILLA 110.4/105G/period=146/state=b07c50f42aa3: teacher rows do not contain constraint_features_json",
    "base_b__sku_spike__seed525901257/branch=0/episode=1/product=OREO VANILLA 110.4/105G/period=147/state=b07c50f42aa3: teacher rows do not contain constraint_features_json",
    "base_b__sku_spike__seed525901257/branch=0/episode=1/product=OREO VANILLA 110.4/105G/period=148/state=b07c50f42aa3: teacher rows do not contain constraint_features_json",
    "base_b__sku_spike__seed525901257/branch=0/episode=1/product=OREO VANILLA 110.4/105G/period=149/state=b07c50f42aa3: teacher rows do not contain constraint_features_json",
    "base_b__sku_spike__seed525901257/branch=0/episode=1/product=OREO VANILLA 110.4/105G/period=150/state=b07c50f42aa3: teacher rows do not contain constraint_features_json",
    "base_b__sku_spike__seed525901257/branch=0/episode=2/product=AN RICE CRACKER SEAWEED 111.3G/period=21/state=c5fe5986779d: teacher rows do not contain constraint_features_json",
    "base_b__sku_spike__seed525901257/branch=0/episode=2/product=AN RICE CRACKER SEAWEED 111.3G/period=28/state=c5fe5986779d: teacher rows do not contain constraint_features_json",
    "base_b__sku_spike__seed525901257/branch=0/episode=2/product=AN RICE CRACKER SEAWEED 111.3G/period=37/state=c5fe5986779d: teacher rows do not contain constraint_features_json",
    "base_b__sku_spike__seed525901257/branch=0/episode=2/product=AN RICE CRACKER SEAWEED 111.3G/period=51/state=c5fe5986779d: teacher rows do not contain constraint_features_json",
    "base_b__sku_spike__seed525901257/branch=0/episode=2/product=AN RICE CRACKER SEAWEED 111.3G/period=61/state=c5fe5986779d: teacher rows do not contain constraint_features_json",
    "base_b__sku_spike__seed525901257/branch=0/episode=2/product=AN RICE CRACKER SEAWEED 111.3G/period=73/state=c5fe5986779d: teacher rows do not contain constraint_features_json",
    "base_b__sku_spike__seed525901257/branch=0/episode=2/product=AN RICE CRACKER SEAWEED 111.3G/period=88/state=c5fe5986779d: teacher rows do not contain constraint_features_json",
    "base_b__sku_spike__seed525901257/branch=0/episode=2/product=AN RICE CRACKER SEAWEED 111.3G/period=91/state=c5fe5986779d: teacher rows do not contain constraint_features_json",
    "base_b__sku_spike__seed525901257/branch=0/episode=2/product=AN RICE CRACKER SEAWEED 111.3G/period=96/state=c5fe5986779d: teacher rows do not contain constraint_features_json",
    "base_b__sku_spike__seed525901257/branch=0/episode=2/product=AN RICE CRACKER SEAWEED 111.3G/period=101/state=c5fe5986779d: teacher rows do not contain constraint_features_json",
    "base_b__sku_spike__seed525901257/branch=0/episode=2/product=AN RICE CRACKER SEAWEED 111.3G/period=106/state=c5fe5986779d: teacher rows do not contain constraint_features_json",
    "base_b__sku_spike__seed525901257/branch=0/episode=2/product=AN RICE CRACKER SEAWEED 111.3G/period=135/state=c5fe5986779d: teacher rows do not contain constraint_features_json",
    "base_b__sku_spike__seed525901257/branch=0/episode=2/product=AN RICE CRACKER SEAWEED 111.3G/period=141/state=c5fe5986779d: teacher rows do not contain constraint_features_json",
    "base_b__sku_spike__seed525901257/branch=0/episode=2/product=AN RICE CRACKER SEAWEED 111.3G/period=146/state=c5fe5986779d: teacher rows do not contain constraint_features_json",
    "base_b__sku_spike__seed525901257/branch=0/episode=2/product=AN RICE CRACKER SEAWEED 111.3G/period=152/state=c5fe5986779d: teacher rows do not contain constraint_features_json",
    "base_b__sku_spike__seed525901257/branch=0/episode=2/product=OREO VANILLA 110.4/105G/period=7/state=c5fe5986779d: teacher rows do not contain constraint_features_json",
    "base_b__sku_spike__seed525901257/branch=0/episode=2/product=OREO VANILLA 110.4/105G/period=16/state=c5fe5986779d: teacher rows do not contain constraint_features_json",
    "base_b__sku_spike__seed525901257/branch=0/episode=2/product=OREO VANILLA 110.4/105G/period=21/state=c5fe5986779d: teacher rows do not contain constraint_features_json",
    "base_b__sku_spike__seed525901257/branch=0/episode=2/product=OREO VANILLA 110.4/105G/period=26/state=c5fe5986779d: teacher rows do not contain constraint_features_json",
    "base_b__sku_spike__seed525901257/branch=0/episode=2/product=OREO VANILLA 110.4/105G/period=33/state=c5fe5986779d: teacher rows do not contain constraint_features_json",
    "base_b__sku_spike__seed525901257/branch=0/episode=2/product=OREO VANILLA 110.4/105G/period=36/state=c5fe5986779d: teacher rows do not contain constraint_features_json",
    "base_b__sku_spike__seed525901257/branch=0/episode=2/product=OREO VANILLA 110.4/105G/period=45/state=c5fe5986779d: teacher rows do not contain constraint_features_json",
    "base_b__sku_spike__seed525901257/branch=0/episode=2/product=OREO VANILLA 110.4/105G/period=50/state=c5fe5986779d: teacher rows do not contain constraint_features_json",
    "base_b__sku_spike__seed525901257/branch=0/episode=2/product=OREO VANILLA 110.4/105G/period=86/state=c5fe5986779d: teacher rows do not contain constraint_features_json",
    "base_b__sku_spike__seed525901257/branch=0/episode=2/product=OREO VANILLA 110.4/105G/period=101/state=c5fe5986779d: teacher rows do not contain constraint_features_json",
    "base_b__sku_spike__seed525901257/branch=0/episode=2/product=OREO VANILLA 110.4/105G/period=104/state=c5fe5986779d: teacher rows do not contain constraint_features_json",
    "base_b__sku_spike__seed525901257/branch=0/episode=2/product=OREO VANILLA 110.4/105G/period=106/state=c5fe5986779d: teacher rows do not contain constraint_features_json",
    "base_b__sku_spike__seed525901257/branch=0/episode=2/product=OREO VANILLA 110.4/105G/period=118/state=c5fe5986779d: teacher rows do not contain constraint_features_json",
    "base_b__sku_spike__seed525901257/branch=0/episode=2/product=OREO VANILLA 110.4/105G/period=143/state=c5fe5986779d: teacher rows do not contain constraint_features_json",
    "base_b__sku_spike__seed525901257/branch=0/episode=2/product=OREO VANILLA 110.4/105G/period=144/state=c5fe5986779d: teacher rows do not contain constraint_features_json",
    "base_c__normal_global__seed479341424/branch=0/episode=1/product=AN RICE CRACKER SEAWEED 111.3G/period=6/state=86a9cc9947b2: teacher rows do not contain constraint_features_json",
    "base_c__normal_global__seed479341424/branch=0/episode=1/product=AN RICE CRACKER SEAWEED 111.3G/period=7/state=86a9cc9947b2: teacher rows do not contain constraint_features_json",
    "base_c__normal_global__seed479341424/branch=0/episode=1/product=AN RICE CRACKER SEAWEED 111.3G/period=8/state=86a9cc9947b2: teacher rows do not contain constraint_features_json",
    "base_c__normal_global__seed479341424/branch=0/episode=1/product=AN RICE CRACKER SEAWEED 111.3G/period=9/state=86a9cc9947b2: teacher rows do not contain constraint_features_json",
    "base_c__normal_global__seed479341424/branch=0/episode=1/product=AN RICE CRACKER SEAWEED 111.3G/period=10/state=86a9cc9947b2: teacher rows do not contain constraint_features_json",
    "base_c__normal_global__seed479341424/branch=0/episode=1/product=AN RICE CRACKER SEAWEED 111.3G/period=11/state=86a9cc9947b2: teacher rows do not contain constraint_features_json",
    "base_c__normal_global__seed479341424/branch=0/episode=1/product=AN RICE CRACKER SEAWEED 111.3G/period=12/state=86a9cc9947b2: teacher rows do not contain constraint_features_json",
    "base_c__normal_global__seed479341424/branch=0/episode=1/product=AN RICE CRACKER SEAWEED 111.3G/period=13/state=86a9cc9947b2: teacher rows do not contain constraint_features_json",
    "base_c__normal_global__seed479341424/branch=0/episode=1/product=AN RICE CRACKER SEAWEED 111.3G/period=14/state=86a9cc9947b2: teacher rows do not contain constraint_features_json",
    "base_c__normal_global__seed479341424/branch=0/episode=1/product=AN RICE CRACKER SEAWEED 111.3G/period=15/state=86a9cc9947b2: teacher rows do not contain constraint_features_json",
    "base_c__normal_global__seed479341424/branch=0/episode=1/product=AN RICE CRACKER SEAWEED 111.3G/period=16/state=86a9cc9947b2: teacher rows do not contain constraint_features_json",
    "base_c__normal_global__seed479341424/branch=0/episode=1/product=AN RICE CRACKER SEAWEED 111.3G/period=17/state=86a9cc9947b2: teacher rows do not contain constraint_features_json",
    "base_c__normal_global__seed479341424/branch=0/episode=1/product=AN RICE CRACKER SEAWEED 111.3G/period=18/state=86a9cc9947b2: teacher rows do not contain constraint_features_json",
    "base_c__normal_global__seed479341424/branch=0/episode=1/product=AN RICE CRACKER SEAWEED 111.3G/period=19/state=86a9cc9947b2: teacher rows do not contain constraint_features_json",
    "base_c__normal_global__seed479341424/branch=0/episode=1/product=AN RICE CRACKER SEAWEED 111.3G/period=20/state=86a9cc9947b2: teacher rows do not contain constraint_features_json",
    "base_c__normal_global__seed479341424/branch=0/episode=1/product=AN RICE CRACKER SEAWEED 111.3G/period=21/state=86a9cc9947b2: teacher rows do not contain constraint_features_json",
    "base_c__normal_global__seed479341424/branch=0/episode=1/product=AN RICE CRACKER SEAWEED 111.3G/period=22/state=86a9cc9947b2: teacher rows do not contain constraint_features_json",
    "base_c__normal_global__seed479341424/branch=0/episode=1/product=AN RICE CRACKER SEAWEED 111.3G/period=23/state=86a9cc9947b2: teacher rows do not contain constraint_features_json",
    "base_c__normal_global__seed479341424/branch=0/episode=1/product=AN RICE CRACKER SEAWEED 111.3G/period=24/state=86a9cc9947b2: teacher rows do not contain constraint_features_json",
    "base_c__normal_global__seed479341424/branch=0/episode=1/product=AN RICE CRACKER SEAWEED 111.3G/period=25/state=86a9cc9947b2: teacher rows do not contain constraint_features_json",
    "base_c__normal_global__seed479341424/branch=0/episode=1/product=AN RICE CRACKER SEAWEED 111.3G/period=26/state=86a9cc9947b2: teacher rows do not contain constraint_features_json",
    "base_c__normal_global__seed479341424/branch=0/episode=1/product=AN RICE CRACKER SEAWEED 111.3G/period=27/state=86a9cc9947b2: teacher rows do not contain constraint_features_json",
    "base_c__normal_global__seed479341424/branch=0/episode=1/product=AN RICE CRACKER SEAWEED 111.3G/period=28/state=86a9cc9947b2: teacher rows do not contain constraint_features_json",
    "base_c__normal_global__seed479341424/branch=0/episode=1/product=AN RICE CRACKER SEAWEED 111.3G/period=29/state=86a9cc9947b2: teacher rows do not contain constraint_features_json",
    "base_c__normal_global__seed479341424/branch=0/episode=1/product=AN RICE CRACKER SEAWEED 111.3G/period=30/state=86a9cc9947b2: teacher rows do not contain constraint_features_json",
    "base_c__normal_global__seed479341424/branch=0/episode=1/product=AN RICE CRACKER SEAWEED 111.3G/period=31/state=86a9cc9947b2: teacher rows do not contain constraint_features_json",
    "base_c__normal_global__seed479341424/branch=0/episode=1/product=AN RICE CRACKER SEAWEED 111.3G/period=32/state=86a9cc9947b2: teacher rows do not contain constraint_features_json",
    "base_c__normal_global__seed479341424/branch=0/episode=1/product=AN RICE CRACKER SEAWEED 111.3G/period=33/state=86a9cc9947b2: teacher rows do not contain constraint_features_json",
    "base_c__normal_global__seed479341424/branch=0/episode=1/product=AN RICE CRACKER SEAWEED 111.3G/period=34/state=86a9cc9947b2: teacher rows do not contain constraint_features_json",
    "base_c__normal_global__seed479341424/branch=0/episode=1/product=AN RICE CRACKER SEAWEED 111.3G/period=35/state=86a9cc9947b2: teacher rows do not contain constraint_features_json",
    "base_c__normal_global__seed479341424/branch=0/episode=1/product=AN RICE CRACKER SEAWEED 111.3G/period=36/state=86a9cc9947b2: teacher rows do not contain constraint_features_json",
    "base_c__normal_global__seed479341424/branch=0/episode=1/product=AN RICE CRACKER SEAWEED 111.3G/period=37/state=86a9cc9947b2: teacher rows do not contain constraint_features_json",
    "base_c__normal_global__seed479341424/branch=0/episode=1/product=AN RICE CRACKER SEAWEED 111.3G/period=38/state=86a9cc9947b2: teacher rows do not contain constraint_features_json",
    "base_c__normal_global__seed479341424/branch=0/episode=1/product=AN RICE CRACKER SEAWEED 111.3G/period=39/state=86a9cc9947b2: teacher rows do not contain constraint_features_json",
    "base_c__normal_global__seed479341424/branch=0/episode=1/product=AN RICE CRACKER SEAWEED 111.3G/period=40/state=86a9cc9947b2: teacher rows do not contain constraint_features_json",
    "base_c__normal_global__seed479341424/branch=0/episode=1/product=AN RICE CRACKER SEAWEED 111.3G/period=42/state=86a9cc9947b2: teacher rows do not contain constraint_features_json",
    "base_c__normal_global__seed479341424/branch=0/episode=1/product=AN RICE CRACKER SEAWEED 111.3G/period=43/state=86a9cc9947b2: teacher rows do not contain constraint_features_json",
    "base_c__normal_global__seed479341424/branch=0/episode=1/product=AN RICE CRACKER SEAWEED 111.3G/period=48/state=86a9cc9947b2: teacher rows do not contain constraint_features_json",
    "base_c__normal_global__seed479341424/branch=0/episode=1/product=AN RICE CRACKER SEAWEED 111.3G/period=49/state=86a9cc9947b2: teacher rows do not contain constraint_features_json",
    "base_c__normal_global__seed479341424/branch=0/episode=1/product=AN RICE CRACKER SEAWEED 111.3G/period=50/state=86a9cc9947b2: teacher rows do not contain constraint_features_json",
    "base_c__normal_global__seed479341424/branch=0/episode=1/product=AN RICE CRACKER SEAWEED 111.3G/period=51/state=86a9cc9947b2: teacher rows do not contain constraint_features_json",
    "base_c__normal_global__seed479341424/branch=0/episode=1/product=AN RICE CRACKER SEAWEED 111.3G/period=52/state=86a9cc9947b2: teacher rows do not contain constraint_features_json",
    "base_c__normal_global__seed479341424/branch=0/episode=1/product=AN RICE CRACKER SEAWEED 111.3G/period=53/state=86a9cc9947b2: teacher rows do not contain constraint_features_json",
    "base_c__normal_global__seed479341424/branch=0/episode=1/product=AN RICE CRACKER SEAWEED 111.3G/period=54/state=86a9cc9947b2: teacher rows do not contain constraint_features_json",
    "base_c__normal_global__seed479341424/branch=0/episode=1/product=AN RICE CRACKER SEAWEED 111.3G/period=57/state=86a9cc9947b2: teacher rows do not contain constraint_features_json",
    "base_c__normal_global__seed479341424/branch=0/episode=1/product=AN RICE CRACKER SEAWEED 111.3G/period=58/state=86a9cc9947b2: teacher rows do not contain constraint_features_json",
    "base_c__normal_global__seed479341424/branch=0/episode=1/product=AN RICE CRACKER SEAWEED 111.3G/period=59/state=86a9cc9947b2: teacher rows do not contain constraint_features_json",
    "base_c__normal_global__seed479341424/branch=0/episode=1/product=AN RICE CRACKER SEAWEED 111.3G/period=60/state=86a9cc9947b2: teacher rows do not contain constraint_features_json",
    "base_c__normal_global__seed479341424/branch=0/episode=1/product=AN RICE CRACKER SEAWEED 111.3G/period=61/state=86a9cc9947b2: teacher rows do not contain constraint_features_json",
    "base_c__normal_global__seed479341424/branch=0/episode=1/product=AN RICE CRACKER SEAWEED 111.3G/period=62/state=86a9cc9947b2: teacher rows do not contain constraint_features_json",
    "base_c__normal_global__seed479341424/branch=0/episode=1/product=AN RICE CRACKER SEAWEED 111.3G/period=63/state=86a9cc9947b2: teacher rows do not contain constraint_features_json",
    "base_c__normal_global__seed479341424/branch=0/episode=1/product=AN RICE CRACKER SEAWEED 111.3G/period=64/state=86a9cc9947b2: teacher rows do not contain constraint_features_json",
    "base_c__normal_global__seed479341424/branch=0/episode=1/product=AN RICE CRACKER SEAWEED 111.3G/period=65/state=86a9cc9947b2: teacher rows do not contain constraint_features_json",
    "base_c__normal_global__seed479341424/branch=0/episode=1/product=AN RICE CRACKER SEAWEED 111.3G/period=66/state=86a9cc9947b2: teacher rows do not contain constraint_features_json",
    "base_c__normal_global__seed479341424/branch=0/episode=1/product=AN RICE CRACKER SEAWEED 111.3G/period=68/state=86a9cc9947b2: teacher rows do not contain constraint_features_json",
    "base_c__normal_global__seed479341424/branch=0/episode=1/product=AN RICE CRACKER SEAWEED 111.3G/period=69/state=86a9cc9947b2: teacher rows do not contain constraint_features_json",
    "base_c__normal_global__seed479341424/branch=0/episode=1/product=AN RICE CRACKER SEAWEED 111.3G/period=70/state=86a9cc9947b2: teacher rows do not contain constraint_features_json",
    "base_c__normal_global__seed479341424/branch=0/episode=1/product=AN RICE CRACKER SEAWEED 111.3G/period=71/state=86a9cc9947b2: teacher rows do not contain constraint_features_json",
    "base_c__normal_global__seed479341424/branch=0/episode=1/product=AN RICE CRACKER SEAWEED 111.3G/period=72/state=86a9cc9947b2: teacher rows do not contain constraint_features_json",
    "base_c__normal_global__seed479341424/branch=0/episode=1/product=AN RICE CRACKER SEAWEED 111.3G/period=73/state=86a9cc9947b2: teacher rows do not contain constraint_features_json",
    "base_c__normal_global__seed479341424/branch=0/episode=1/product=AN RICE CRACKER SEAWEED 111.3G/period=74/state=86a9cc9947b2: teacher rows do not contain constraint_features_json",
    "base_c__normal_global__seed479341424/branch=0/episode=1/product=AN RICE CRACKER SEAWEED 111.3G/period=75/state=86a9cc9947b2: teacher rows do not contain constraint_features_json",
    "base_c__normal_global__seed479341424/branch=0/episode=1/product=AN RICE CRACKER SEAWEED 111.3G/period=77/state=86a9cc9947b2: teacher rows do not contain constraint_features_json",
    "base_c__normal_global__seed479341424/branch=0/episode=1/product=AN RICE CRACKER SEAWEED 111.3G/period=78/state=86a9cc9947b2: teacher rows do not contain constraint_features_json",
    "base_c__normal_global__seed479341424/branch=0/episode=1/product=AN RICE CRACKER SEAWEED 111.3G/period=79/state=86a9cc9947b2: teacher rows do not contain constraint_features_json",
    "base_c__normal_global__seed479341424/branch=0/episode=1/product=AN RICE CRACKER SEAWEED 111.3G/period=80/state=86a9cc9947b2: teacher rows do not contain constraint_features_json",
    "base_c__normal_global__seed479341424/branch=0/episode=1/product=AN RICE CRACKER SEAWEED 111.3G/period=83/state=86a9cc9947b2: teacher rows do not contain constraint_features_json",
    "base_c__normal_global__seed479341424/branch=0/episode=1/product=AN RICE CRACKER SEAWEED 111.3G/period=84/state=86a9cc9947b2: teacher rows do not contain constraint_features_json",
    "base_c__normal_global__seed479341424/branch=0/episode=1/product=AN RICE CRACKER SEAWEED 111.3G/period=85/state=86a9cc9947b2: teacher rows do not contain constraint_features_json",
    "base_c__normal_global__seed479341424/branch=0/episode=1/product=AN RICE CRACKER SEAWEED 111.3G/period=87/state=86a9cc9947b2: teacher rows do not contain constraint_features_json",
    "base_c__normal_global__seed479341424/branch=0/episode=1/product=AN RICE CRACKER SEAWEED 111.3G/period=88/state=86a9cc9947b2: teacher rows do not contain constraint_features_json",
    "base_c__normal_global__seed479341424/branch=0/episode=1/product=AN RICE CRACKER SEAWEED 111.3G/period=89/state=86a9cc9947b2: teacher rows do not contain constraint_features_json",
    "base_c__normal_global__seed479341424/branch=0/episode=1/product=AN RICE CRACKER SEAWEED 111.3G/period=90/state=86a9cc9947b2: teacher rows do not contain constraint_features_json",
    "base_c__normal_global__seed479341424/branch=0/episode=1/product=AN RICE CRACKER SEAWEED 111.3G/period=91/state=86a9cc9947b2: teacher rows do not contain constraint_features_json",
    "base_c__normal_global__seed479341424/branch=0/episode=1/product=AN RICE CRACKER SEAWEED 111.3G/period=92/state=86a9cc9947b2: teacher rows do not contain constraint_features_json",
    "base_c__normal_global__seed479341424/branch=0/episode=1/product=AN RICE CRACKER SEAWEED 111.3G/period=93/state=86a9cc9947b2: teacher rows do not contain constraint_features_json",
    "base_c__normal_global__seed479341424/branch=0/episode=1/product=AN RICE CRACKER SEAWEED 111.3G/period=94/state=86a9cc9947b2: teacher rows do not contain constraint_features_json",
    "base_c__normal_global__seed479341424/branch=0/episode=1/product=AN RICE CRACKER SEAWEED 111.3G/period=95/state=86a9cc9947b2: teacher rows do not contain constraint_features_json",
    "base_c__normal_global__seed479341424/branch=0/episode=1/product=AN RICE CRACKER SEAWEED 111.3G/period=96/state=86a9cc9947b2: teacher rows do not contain constraint_features_json",
    "base_c__normal_global__seed479341424/branch=0/episode=1/product=AN RICE CRACKER SEAWEED 111.3G/period=97/state=86a9cc9947b2: teacher rows do not contain constraint_features_json",
    "base_c__normal_global__seed479341424/branch=0/episode=1/product=AN RICE CRACKER SEAWEED 111.3G/period=98/state=86a9cc9947b2: teacher rows do not contain constraint_features_json",
    "base_c__normal_global__seed479341424/branch=0/episode=1/product=AN RICE CRACKER SEAWEED 111.3G/period=99/state=86a9cc9947b2: teacher rows do not contain constraint_features_json",
    "base_c__normal_global__seed479341424/branch=0/episode=1/product=AN RICE CRACKER SEAWEED 111.3G/period=100/state=86a9cc9947b2: teacher rows do not contain constraint_features_json",
    "base_c__normal_global__seed479341424/branch=0/episode=1/product=AN RICE CRACKER SEAWEED 111.3G/period=101/state=86a9cc9947b2: teacher rows do not contain constraint_features_json",
    "base_c__normal_global__seed479341424/branch=0/episode=1/product=AN RICE CRACKER SEAWEED 111.3G/period=102/state=86a9cc9947b2: teacher rows do not contain constraint_features_json",
    "base_c__normal_global__seed479341424/branch=0/episode=1/product=AN RICE CRACKER SEAWEED 111.3G/period=103/state=86a9cc9947b2: teacher rows do not contain constraint_features_json",
    "base_c__normal_global__seed479341424/branch=0/episode=1/product=AN RICE CRACKER SEAWEED 111.3G/period=104/state=86a9cc9947b2: teacher rows do not contain constraint_features_json",
    "base_c__normal_global__seed479341424/branch=0/episode=1/product=AN RICE CRACKER SEAWEED 111.3G/period=105/state=86a9cc9947b2: teacher rows do not contain constraint_features_json",
    "base_c__normal_global__seed479341424/branch=0/episode=1/product=AN RICE CRACKER SEAWEED 111.3G/period=106/state=86a9cc9947b2: teacher rows do not contain constraint_features_json",
    "base_c__normal_global__seed479341424/branch=0/episode=1/product=AN RICE CRACKER SEAWEED 111.3G/period=107/state=86a9cc9947b2: teacher rows do not contain constraint_features_json",
    "base_c__normal_global__seed479341424/branch=0/episode=1/product=AN RICE CRACKER SEAWEED 111.3G/period=108/state=86a9cc9947b2: teacher rows do not contain constraint_features_json",
    "base_c__normal_global__seed479341424/branch=0/episode=1/product=AN RICE CRACKER SEAWEED 111.3G/period=109/state=86a9cc9947b2: teacher rows do not contain constraint_features_json",
    "base_c__normal_global__seed479341424/branch=0/episode=1/product=AN RICE CRACKER SEAWEED 111.3G/period=110/state=86a9cc9947b2: teacher rows do not contain constraint_features_json",
    "base_c__normal_global__seed479341424/branch=0/episode=1/product=AN RICE CRACKER SEAWEED 111.3G/period=111/state=86a9cc9947b2: teacher rows do not contain constraint_features_json",
    "base_c__normal_global__seed479341424/branch=0/episode=1/product=AN RICE CRACKER SEAWEED 111.3G/period=112/state=86a9cc9947b2: teacher rows do not contain constraint_features_json",
    "base_c__normal_global__seed479341424/branch=0/episode=1/product=AN RICE CRACKER SEAWEED 111.3G/period=113/state=86a9cc9947b2: teacher rows do not contain constraint_features_json",
    "base_c__normal_global__seed479341424/branch=0/episode=1/product=AN RICE CRACKER SEAWEED 111.3G/period=114/state=86a9cc9947b2: teacher rows do not contain constraint_features_json",
    "base_c__normal_global__seed479341424/branch=0/episode=1/product=AN RICE CRACKER SEAWEED 111.3G/period=115/state=86a9cc9947b2: teacher rows do not contain constraint_features_json",
    "base_c__normal_global__seed479341424/branch=0/episode=1/product=AN RICE CRACKER SEAWEED 111.3G/period=116/state=86a9cc9947b2: teacher rows do not contain constraint_features_json",
    "base_c__normal_global__seed479341424/branch=0/episode=1/product=AN RICE CRACKER SEAWEED 111.3G/period=117/state=86a9cc9947b2: teacher rows do not contain constraint_features_json",
    "base_c__normal_global__seed479341424/branch=0/episode=1/product=AN RICE CRACKER SEAWEED 111.3G/period=118/state=86a9cc9947b2: teacher rows do not contain constraint_features_json",
    "base_c__normal_global__seed479341424/branch=0/episode=1/product=AN RICE CRACKER SEAWEED 111.3G/period=119/state=86a9cc9947b2: teacher rows do not contain constraint_features_json",
    "base_c__normal_global__seed479341424/branch=0/episode=1/product=AN RICE CRACKER SEAWEED 111.3G/period=120/state=86a9cc9947b2: teacher rows do not contain constraint_features_json",
    "base_c__normal_global__seed479341424/branch=0/episode=1/product=AN RICE CRACKER SEAWEED 111.3G/period=121/state=86a9cc9947b2: teacher rows do not contain constraint_features_json",
    "base_c__normal_global__seed479341424/branch=0/episode=1/product=AN RICE CRACKER SEAWEED 111.3G/period=122/state=86a9cc9947b2: teacher rows do not contain constraint_features_json",
    "base_c__normal_global__seed479341424/branch=0/episode=1/product=AN RICE CRACKER SEAWEED 111.3G/period=125/state=86a9cc9947b2: teacher rows do not contain constraint_features_json",
    "base_c__normal_global__seed479341424/branch=0/episode=1/product=AN RICE CRACKER SEAWEED 111.3G/period=126/state=86a9cc9947b2: teacher rows do not contain constraint_features_json",
    "base_c__normal_global__seed479341424/branch=0/episode=1/product=AN RICE CRACKER SEAWEED 111.3G/period=127/state=86a9cc9947b2: teacher rows do not contain constraint_features_json",
    "base_c__normal_global__seed479341424/branch=0/episode=1/product=AN RICE CRACKER SEAWEED 111.3G/period=128/state=86a9cc9947b2: teacher rows do not contain constraint_features_json",
    "base_c__normal_global__seed479341424/branch=0/episode=1/product=AN RICE CRACKER SEAWEED 111.3G/period=129/state=86a9cc9947b2: teacher rows do not contain constraint_features_json",
    "base_c__normal_global__seed479341424/branch=0/episode=1/product=AN RICE CRACKER SEAWEED 111.3G/period=130/state=86a9cc9947b2: teacher rows do not contain constraint_features_json",
    "base_c__normal_global__seed479341424/branch=0/episode=1/product=AN RICE CRACKER SEAWEED 111.3G/period=131/state=86a9cc9947b2: teacher rows do not contain constraint_features_json",
    "base_c__normal_global__seed479341424/branch=0/episode=1/product=AN RICE CRACKER SEAWEED 111.3G/period=132/state=86a9cc9947b2: teacher rows do not contain constraint_features_json",
    "base_c__normal_global__seed479341424/branch=0/episode=1/product=AN RICE CRACKER SEAWEED 111.3G/period=133/state=86a9cc9947b2: teacher rows do not contain constraint_features_json",
    "base_c__normal_global__seed479341424/branch=0/episode=1/product=AN RICE CRACKER SEAWEED 111.3G/period=134/state=86a9cc9947b2: teacher rows do not contain constraint_features_json",
    "base_c__normal_global__seed479341424/branch=0/episode=1/product=AN RICE CRACKER SEAWEED 111.3G/period=135/state=86a9cc9947b2: teacher rows do not contain constraint_features_json",
    "base_c__normal_global__seed479341424/branch=0/episode=1/product=AN RICE CRACKER SEAWEED 111.3G/period=136/state=86a9cc9947b2: teacher rows do not contain constraint_features_json",
    "base_c__normal_global__seed479341424/branch=0/episode=1/product=AN RICE CRACKER SEAWEED 111.3G/period=137/state=86a9cc9947b2: teacher rows do not contain constraint_features_json",
    "base_c__normal_global__seed479341424/branch=0/episode=1/product=AN RICE CRACKER SEAWEED 111.3G/period=138/state=86a9cc9947b2: teacher rows do not contain constraint_features_json",
    "base_c__normal_global__seed479341424/branch=0/episode=1/product=AN RICE CRACKER SEAWEED 111.3G/period=139/state=86a9cc9947b2: teacher rows do not contain constraint_features_json",
    "base_c__normal_global__seed479341424/branch=0/episode=1/product=AN RICE CRACKER SEAWEED 111.3G/period=140/state=86a9cc9947b2: teacher rows do not contain constraint_features_json",
    "base_c__normal_global__seed479341424/branch=0/episode=1/product=AN RICE CRACKER SEAWEED 111.3G/period=141/state=86a9cc9947b2: teacher rows do not contain constraint_features_json",
    "base_c__normal_global__seed479341424/branch=0/episode=1/product=AN RICE CRACKER SEAWEED 111.3G/period=142/state=86a9cc9947b2: teacher rows do not contain constraint_features_json",
    "base_c__normal_global__seed479341424/branch=0/episode=1/product=AN RICE CRACKER SEAWEED 111.3G/period=143/state=86a9cc9947b2: teacher rows do not contain constraint_features_json",
    "base_c__normal_global__seed479341424/branch=0/episode=1/product=AN RICE CRACKER SEAWEED 111.3G/period=144/state=86a9cc9947b2: teacher rows do not contain constraint_features_json",
    "base_c__normal_global__seed479341424/branch=0/episode=1/product=AN RICE CRACKER SEAWEED 111.3G/period=145/state=86a9cc9947b2: teacher rows do not contain constraint_features_json",
    "base_c__normal_global__seed479341424/branch=0/episode=1/product=AN RICE CRACKER SEAWEED 111.3G/period=146/state=86a9cc9947b2: teacher rows do not contain constraint_features_json",
    "base_c__normal_global__seed479341424/branch=0/episode=1/product=AN RICE CRACKER SEAWEED 111.3G/period=147/state=86a9cc9947b2: teacher rows do not contain constraint_features_json",
    "base_c__normal_global__seed479341424/branch=0/episode=1/product=AN RICE CRACKER SEAWEED 111.3G/period=148/state=86a9cc9947b2: teacher rows do not contain constraint_features_json",
    "base_c__normal_global__seed479341424/branch=0/episode=1/product=AN RICE CRACKER SEAWEED 111.3G/period=149/state=86a9cc9947b2: teacher rows do not contain constraint_features_json",
    "base_c__normal_global__seed479341424/branch=0/episode=1/product=AN RICE CRACKER SEAWEED 111.3G/period=150/state=86a9cc9947b2: teacher rows do not contain constraint_features_json",
    "base_c__normal_global__seed479341424/branch=0/episode=1/product=AN RICE CRACKER SEAWEED 111.3G/period=151/state=86a9cc9947b2: teacher rows do not contain constraint_features_json",
    "base_c__normal_global__seed479341424/branch=0/episode=1/product=AN RICE CRACKER SEAWEED 111.3G/period=152/state=86a9cc9947b2: teacher rows do not contain constraint_features_json",
    "base_c__normal_global__seed479341424/branch=0/episode=1/product=AN RICE CRACKER SEAWEED 111.3G/period=153/state=86a9cc9947b2: teacher rows do not contain constraint_features_json",
    "base_c__normal_global__seed479341424/branch=0/episode=1/product=OREO VANILLA 110.4/105G/period=4/state=86a9cc9947b2: teacher rows do not contain constraint_features_json",
    "base_c__normal_global__seed479341424/branch=0/episode=1/product=OREO VANILLA 110.4/105G/period=5/state=86a9cc9947b2: teacher rows do not contain constraint_features_json",
    "base_c__normal_global__seed479341424/branch=0/episode=1/product=OREO VANILLA 110.4/105G/period=6/state=86a9cc9947b2: teacher rows do not contain constraint_features_json",
    "base_c__normal_global__seed479341424/branch=0/episode=1/product=OREO VANILLA 110.4/105G/period=7/state=86a9cc9947b2: teacher rows do not contain constraint_features_json",
    "base_c__normal_global__seed479341424/branch=0/episode=1/product=OREO VANILLA 110.4/105G/period=8/state=86a9cc9947b2: teacher rows do not contain constraint_features_json",
    "base_c__normal_global__seed479341424/branch=0/episode=1/product=OREO VANILLA 110.4/105G/period=9/state=86a9cc9947b2: teacher rows do not contain constraint_features_json",
    "base_c__normal_global__seed479341424/branch=0/episode=1/product=OREO VANILLA 110.4/105G/period=10/state=86a9cc9947b2: teacher rows do not contain constraint_features_json",
    "base_c__normal_global__seed479341424/branch=0/episode=1/product=OREO VANILLA 110.4/105G/period=11/state=86a9cc9947b2: teacher rows do not contain constraint_features_json",
    "base_c__normal_global__seed479341424/branch=0/episode=1/product=OREO VANILLA 110.4/105G/period=12/state=86a9cc9947b2: teacher rows do not contain constraint_features_json",
    "base_c__normal_global__seed479341424/branch=0/episode=1/product=OREO VANILLA 110.4/105G/period=13/state=86a9cc9947b2: teacher rows do not contain constraint_features_json",
    "base_c__normal_global__seed479341424/branch=0/episode=1/product=OREO VANILLA 110.4/105G/period=14/state=86a9cc9947b2: teacher rows do not contain constraint_features_json",
    "base_c__normal_global__seed479341424/branch=0/episode=1/product=OREO VANILLA 110.4/105G/period=15/state=86a9cc9947b2: teacher rows do not contain constraint_features_json",
    "base_c__normal_global__seed479341424/branch=0/episode=1/product=OREO VANILLA 110.4/105G/period=16/state=86a9cc9947b2: teacher rows do not contain constraint_features_json",
    "base_c__normal_global__seed479341424/branch=0/episode=1/product=OREO VANILLA 110.4/105G/period=17/state=86a9cc9947b2: teacher rows do not contain constraint_features_json",
    "base_c__normal_global__seed479341424/branch=0/episode=1/product=OREO VANILLA 110.4/105G/period=18/state=86a9cc9947b2: teacher rows do not contain constraint_features_json",
    "base_c__normal_global__seed479341424/branch=0/episode=1/product=OREO VANILLA 110.4/105G/period=19/state=86a9cc9947b2: teacher rows do not contain constraint_features_json",
    "base_c__normal_global__seed479341424/branch=0/episode=1/product=OREO VANILLA 110.4/105G/period=20/state=86a9cc9947b2: teacher rows do not contain constraint_features_json",
    "base_c__normal_global__seed479341424/branch=0/episode=1/product=OREO VANILLA 110.4/105G/period=21/state=86a9cc9947b2: teacher rows do not contain constraint_features_json",
    "base_c__normal_global__seed479341424/branch=0/episode=1/product=OREO VANILLA 110.4/105G/period=22/state=86a9cc9947b2: teacher rows do not contain constraint_features_json",
    "base_c__normal_global__seed479341424/branch=0/episode=1/product=OREO VANILLA 110.4/105G/period=23/state=86a9cc9947b2: teacher rows do not contain constraint_features_json",
    "base_c__normal_global__seed479341424/branch=0/episode=1/product=OREO VANILLA 110.4/105G/period=24/state=86a9cc9947b2: teacher rows do not contain constraint_features_json",
    "base_c__normal_global__seed479341424/branch=0/episode=1/product=OREO VANILLA 110.4/105G/period=25/state=86a9cc9947b2: teacher rows do not contain constraint_features_json",
    "base_c__normal_global__seed479341424/branch=0/episode=1/product=OREO VANILLA 110.4/105G/period=26/state=86a9cc9947b2: teacher rows do not contain constraint_features_json",
    "base_c__normal_global__seed479341424/branch=0/episode=1/product=OREO VANILLA 110.4/105G/period=27/state=86a9cc9947b2: teacher rows do not contain constraint_features_json",
    "base_c__normal_global__seed479341424/branch=0/episode=1/product=OREO VANILLA 110.4/105G/period=28/state=86a9cc9947b2: teacher rows do not contain constraint_features_json",
    "base_c__normal_global__seed479341424/branch=0/episode=1/product=OREO VANILLA 110.4/105G/period=29/state=86a9cc9947b2: teacher rows do not contain constraint_features_json",
    "base_c__normal_global__seed479341424/branch=0/episode=1/product=OREO VANILLA 110.4/105G/period=30/state=86a9cc9947b2: teacher rows do not contain constraint_features_json",
    "base_c__normal_global__seed479341424/branch=0/episode=1/product=OREO VANILLA 110.4/105G/period=31/state=86a9cc9947b2: teacher rows do not contain constraint_features_json",
    "base_c__normal_global__seed479341424/branch=0/episode=1/product=OREO VANILLA 110.4/105G/period=32/state=86a9cc9947b2: teacher rows do not contain constraint_features_json",
    "base_c__normal_global__seed479341424/branch=0/episode=1/product=OREO VANILLA 110.4/105G/period=33/state=86a9cc9947b2: teacher rows do not contain constraint_features_json",
    "base_c__normal_global__seed479341424/branch=0/episode=1/product=OREO VANILLA 110.4/105G/period=34/state=86a9cc9947b2: teacher rows do not contain constraint_features_json",
    "base_c__normal_global__seed479341424/branch=0/episode=1/product=OREO VANILLA 110.4/105G/period=35/state=86a9cc9947b2: teacher rows do not contain constraint_features_json",
    "base_c__normal_global__seed479341424/branch=0/episode=1/product=OREO VANILLA 110.4/105G/period=36/state=86a9cc9947b2: teacher rows do not contain constraint_features_json",
    "base_c__normal_global__seed479341424/branch=0/episode=1/product=OREO VANILLA 110.4/105G/period=37/state=86a9cc9947b2: teacher rows do not contain constraint_features_json",
    "base_c__normal_global__seed479341424/branch=0/episode=1/product=OREO VANILLA 110.4/105G/period=38/state=86a9cc9947b2: teacher rows do not contain constraint_features_json",
    "base_c__normal_global__seed479341424/branch=0/episode=1/product=OREO VANILLA 110.4/105G/period=39/state=86a9cc9947b2: teacher rows do not contain constraint_features_json",
    "base_c__normal_global__seed479341424/branch=0/episode=1/product=OREO VANILLA 110.4/105G/period=40/state=86a9cc9947b2: teacher rows do not contain constraint_features_json",
    "base_c__normal_global__seed479341424/branch=0/episode=1/product=OREO VANILLA 110.4/105G/period=41/state=86a9cc9947b2: teacher rows do not contain constraint_features_json",
    "base_c__normal_global__seed479341424/branch=0/episode=1/product=OREO VANILLA 110.4/105G/period=42/state=86a9cc9947b2: teacher rows do not contain constraint_features_json",
    "base_c__normal_global__seed479341424/branch=0/episode=1/product=OREO VANILLA 110.4/105G/period=43/state=86a9cc9947b2: teacher rows do not contain constraint_features_json",
    "base_c__normal_global__seed479341424/branch=0/episode=1/product=OREO VANILLA 110.4/105G/period=44/state=86a9cc9947b2: teacher rows do not contain constraint_features_json",
    "base_c__normal_global__seed479341424/branch=0/episode=1/product=OREO VANILLA 110.4/105G/period=45/state=86a9cc9947b2: teacher rows do not contain constraint_features_json",
    "base_c__normal_global__seed479341424/branch=0/episode=1/product=OREO VANILLA 110.4/105G/period=46/state=86a9cc9947b2: teacher rows do not contain constraint_features_json",
    "base_c__normal_global__seed479341424/branch=0/episode=1/product=OREO VANILLA 110.4/105G/period=47/state=86a9cc9947b2: teacher rows do not contain constraint_features_json",
    "base_c__normal_global__seed479341424/branch=0/episode=1/product=OREO VANILLA 110.4/105G/period=48/state=86a9cc9947b2: teacher rows do not contain constraint_features_json",
    "base_c__normal_global__seed479341424/branch=0/episode=1/product=OREO VANILLA 110.4/105G/period=49/state=86a9cc9947b2: teacher rows do not contain constraint_features_json",
    "base_c__normal_global__seed479341424/branch=0/episode=1/product=OREO VANILLA 110.4/105G/period=50/state=86a9cc9947b2: teacher rows do not contain constraint_features_json",
    "base_c__normal_global__seed479341424/branch=0/episode=1/product=OREO VANILLA 110.4/105G/period=51/state=86a9cc9947b2: teacher rows do not contain constraint_features_json",
    "base_c__normal_global__seed479341424/branch=0/episode=1/product=OREO VANILLA 110.4/105G/period=52/state=86a9cc9947b2: teacher rows do not contain constraint_features_json",
    "base_c__normal_global__seed479341424/branch=0/episode=1/product=OREO VANILLA 110.4/105G/period=53/state=86a9cc9947b2: teacher rows do not contain constraint_features_json",
    "base_c__normal_global__seed479341424/branch=0/episode=1/product=OREO VANILLA 110.4/105G/period=54/state=86a9cc9947b2: teacher rows do not contain constraint_features_json",
    "base_c__normal_global__seed479341424/branch=0/episode=1/product=OREO VANILLA 110.4/105G/period=55/state=86a9cc9947b2: teacher rows do not contain constraint_features_json",
    "base_c__normal_global__seed479341424/branch=0/episode=1/product=OREO VANILLA 110.4/105G/period=56/state=86a9cc9947b2: teacher rows do not contain constraint_features_json",
    "base_c__normal_global__seed479341424/branch=0/episode=1/product=OREO VANILLA 110.4/105G/period=57/state=86a9cc9947b2: teacher rows do not contain constraint_features_json",
    "base_c__normal_global__seed479341424/branch=0/episode=1/product=OREO VANILLA 110.4/105G/period=58/state=86a9cc9947b2: teacher rows do not contain constraint_features_json",
    "base_c__normal_global__seed479341424/branch=0/episode=1/product=OREO VANILLA 110.4/105G/period=59/state=86a9cc9947b2: teacher rows do not contain constraint_features_json",
    "base_c__normal_global__seed479341424/branch=0/episode=1/product=OREO VANILLA 110.4/105G/period=60/state=86a9cc9947b2: teacher rows do not contain constraint_features_json",
    "base_c__normal_global__seed479341424/branch=0/episode=1/product=OREO VANILLA 110.4/105G/period=61/state=86a9cc9947b2: teacher rows do not contain constraint_features_json",
    "base_c__normal_global__seed479341424/branch=0/episode=1/product=OREO VANILLA 110.4/105G/period=62/state=86a9cc9947b2: teacher rows do not contain constraint_features_json",
    "base_c__normal_global__seed479341424/branch=0/episode=1/product=OREO VANILLA 110.4/105G/period=63/state=86a9cc9947b2: teacher rows do not contain constraint_features_json",
    "base_c__normal_global__seed479341424/branch=0/episode=1/product=OREO VANILLA 110.4/105G/period=64/state=86a9cc9947b2: teacher rows do not contain constraint_features_json",
    "base_c__normal_global__seed479341424/branch=0/episode=1/product=OREO VANILLA 110.4/105G/period=65/state=86a9cc9947b2: teacher rows do not contain constraint_features_json",
    "base_c__normal_global__seed479341424/branch=0/episode=1/product=OREO VANILLA 110.4/105G/period=66/state=86a9cc9947b2: teacher rows do not contain constraint_features_json",
    "base_c__normal_global__seed479341424/branch=0/episode=1/product=OREO VANILLA 110.4/105G/period=67/state=86a9cc9947b2: teacher rows do not contain constraint_features_json",
    "base_c__normal_global__seed479341424/branch=0/episode=1/product=OREO VANILLA 110.4/105G/period=68/state=86a9cc9947b2: teacher rows do not contain constraint_features_json",
    "base_c__normal_global__seed479341424/branch=0/episode=1/product=OREO VANILLA 110.4/105G/period=69/state=86a9cc9947b2: teacher rows do not contain constraint_features_json",
    "base_c__normal_global__seed479341424/branch=0/episode=1/product=OREO VANILLA 110.4/105G/period=70/state=86a9cc9947b2: teacher rows do not contain constraint_features_json",
    "base_c__normal_global__seed479341424/branch=0/episode=1/product=OREO VANILLA 110.4/105G/period=71/state=86a9cc9947b2: teacher rows do not contain constraint_features_json",
    "base_c__normal_global__seed479341424/branch=0/episode=1/product=OREO VANILLA 110.4/105G/period=72/state=86a9cc9947b2: teacher rows do not contain constraint_features_json",
    "base_c__normal_global__seed479341424/branch=0/episode=1/product=OREO VANILLA 110.4/105G/period=73/state=86a9cc9947b2: teacher rows do not contain constraint_features_json",
    "base_c__normal_global__seed479341424/branch=0/episode=1/product=OREO VANILLA 110.4/105G/period=74/state=86a9cc9947b2: teacher rows do not contain constraint_features_json",
    "base_c__normal_global__seed479341424/branch=0/episode=1/product=OREO VANILLA 110.4/105G/period=75/state=86a9cc9947b2: teacher rows do not contain constraint_features_json",
    "base_c__normal_global__seed479341424/branch=0/episode=1/product=OREO VANILLA 110.4/105G/period=80/state=86a9cc9947b2: teacher rows do not contain constraint_features_json",
    "base_c__normal_global__seed479341424/branch=0/episode=1/product=OREO VANILLA 110.4/105G/period=82/state=86a9cc9947b2: teacher rows do not contain constraint_features_json",
    "base_c__normal_global__seed479341424/branch=0/episode=1/product=OREO VANILLA 110.4/105G/period=83/state=86a9cc9947b2: teacher rows do not contain constraint_features_json",
    "base_c__normal_global__seed479341424/branch=0/episode=1/product=OREO VANILLA 110.4/105G/period=84/state=86a9cc9947b2: teacher rows do not contain constraint_features_json",
    "base_c__normal_global__seed479341424/branch=0/episode=1/product=OREO VANILLA 110.4/105G/period=85/state=86a9cc9947b2: teacher rows do not contain constraint_features_json",
    "base_c__normal_global__seed479341424/branch=0/episode=1/product=OREO VANILLA 110.4/105G/period=86/state=86a9cc9947b2: teacher rows do not contain constraint_features_json",
    "base_c__normal_global__seed479341424/branch=0/episode=1/product=OREO VANILLA 110.4/105G/period=87/state=86a9cc9947b2: teacher rows do not contain constraint_features_json",
    "base_c__normal_global__seed479341424/branch=0/episode=1/product=OREO VANILLA 110.4/105G/period=88/state=86a9cc9947b2: teacher rows do not contain constraint_features_json",
    "base_c__normal_global__seed479341424/branch=0/episode=1/product=OREO VANILLA 110.4/105G/period=89/state=86a9cc9947b2: teacher rows do not contain constraint_features_json",
    "base_c__normal_global__seed479341424/branch=0/episode=1/product=OREO VANILLA 110.4/105G/period=90/state=86a9cc9947b2: teacher rows do not contain constraint_features_json",
    "base_c__normal_global__seed479341424/branch=0/episode=1/product=OREO VANILLA 110.4/105G/period=91/state=86a9cc9947b2: teacher rows do not contain constraint_features_json",
    "base_c__normal_global__seed479341424/branch=0/episode=1/product=OREO VANILLA 110.4/105G/period=92/state=86a9cc9947b2: teacher rows do not contain constraint_features_json",
    "base_c__normal_global__seed479341424/branch=0/episode=1/product=OREO VANILLA 110.4/105G/period=93/state=86a9cc9947b2: teacher rows do not contain constraint_features_json",
    "base_c__normal_global__seed479341424/branch=0/episode=1/product=OREO VANILLA 110.4/105G/period=94/state=86a9cc9947b2: teacher rows do not contain constraint_features_json",
    "base_c__normal_global__seed479341424/branch=0/episode=1/product=OREO VANILLA 110.4/105G/period=95/state=86a9cc9947b2: teacher rows do not contain constraint_features_json",
    "base_c__normal_global__seed479341424/branch=0/episode=1/product=OREO VANILLA 110.4/105G/period=96/state=86a9cc9947b2: teacher rows do not contain constraint_features_json",
    "base_c__normal_global__seed479341424/branch=0/episode=1/product=OREO VANILLA 110.4/105G/period=97/state=86a9cc9947b2: teacher rows do not contain constraint_features_json",
    "base_c__normal_global__seed479341424/branch=0/episode=1/product=OREO VANILLA 110.4/105G/period=98/state=86a9cc9947b2: teacher rows do not contain constraint_features_json",
    "base_c__normal_global__seed479341424/branch=0/episode=1/product=OREO VANILLA 110.4/105G/period=99/state=86a9cc9947b2: teacher rows do not contain constraint_features_json",
    "base_c__normal_global__seed479341424/branch=0/episode=1/product=OREO VANILLA 110.4/105G/period=100/state=86a9cc9947b2: teacher rows do not contain constraint_features_json",
    "base_c__normal_global__seed479341424/branch=0/episode=1/product=OREO VANILLA 110.4/105G/period=101/state=86a9cc9947b2: teacher rows do not contain constraint_features_json",
    "base_c__normal_global__seed479341424/branch=0/episode=1/product=OREO VANILLA 110.4/105G/period=102/state=86a9cc9947b2: teacher rows do not contain constraint_features_json",
    "base_c__normal_global__seed479341424/branch=0/episode=1/product=OREO VANILLA 110.4/105G/period=103/state=86a9cc9947b2: teacher rows do not contain constraint_features_json",
    "base_c__normal_global__seed479341424/branch=0/episode=1/product=OREO VANILLA 110.4/105G/period=104/state=86a9cc9947b2: teacher rows do not contain constraint_features_json",
    "base_c__normal_global__seed479341424/branch=0/episode=1/product=OREO VANILLA 110.4/105G/period=105/state=86a9cc9947b2: teacher rows do not contain constraint_features_json",
    "base_c__normal_global__seed479341424/branch=0/episode=1/product=OREO VANILLA 110.4/105G/period=106/state=86a9cc9947b2: teacher rows do not contain constraint_features_json",
    "base_c__normal_global__seed479341424/branch=0/episode=1/product=OREO VANILLA 110.4/105G/period=107/state=86a9cc9947b2: teacher rows do not contain constraint_features_json",
    "base_c__normal_global__seed479341424/branch=0/episode=1/product=OREO VANILLA 110.4/105G/period=108/state=86a9cc9947b2: teacher rows do not contain constraint_features_json",
    "base_c__normal_global__seed479341424/branch=0/episode=1/product=OREO VANILLA 110.4/105G/period=109/state=86a9cc9947b2: teacher rows do not contain constraint_features_json",
    "base_c__normal_global__seed479341424/branch=0/episode=1/product=OREO VANILLA 110.4/105G/period=110/state=86a9cc9947b2: teacher rows do not contain constraint_features_json",
    "base_c__normal_global__seed479341424/branch=0/episode=1/product=OREO VANILLA 110.4/105G/period=111/state=86a9cc9947b2: teacher rows do not contain constraint_features_json",
    "base_c__normal_global__seed479341424/branch=0/episode=1/product=OREO VANILLA 110.4/105G/period=112/state=86a9cc9947b2: teacher rows do not contain constraint_features_json",
    "base_c__normal_global__seed479341424/branch=0/episode=1/product=OREO VANILLA 110.4/105G/period=113/state=86a9cc9947b2: teacher rows do not contain constraint_features_json",
    "base_c__normal_global__seed479341424/branch=0/episode=1/product=OREO VANILLA 110.4/105G/period=114/state=86a9cc9947b2: teacher rows do not contain constraint_features_json",
    "base_c__normal_global__seed479341424/branch=0/episode=1/product=OREO VANILLA 110.4/105G/period=115/state=86a9cc9947b2: teacher rows do not contain constraint_features_json",
    "base_c__normal_global__seed479341424/branch=0/episode=1/product=OREO VANILLA 110.4/105G/period=116/state=86a9cc9947b2: teacher rows do not contain constraint_features_json",
    "base_c__normal_global__seed479341424/branch=0/episode=1/product=OREO VANILLA 110.4/105G/period=117/state=86a9cc9947b2: teacher rows do not contain constraint_features_json",
    "base_c__normal_global__seed479341424/branch=0/episode=1/product=OREO VANILLA 110.4/105G/period=118/state=86a9cc9947b2: teacher rows do not contain constraint_features_json",
    "base_c__normal_global__seed479341424/branch=0/episode=1/product=OREO VANILLA 110.4/105G/period=119/state=86a9cc9947b2: teacher rows do not contain constraint_features_json",
    "base_c__normal_global__seed479341424/branch=0/episode=1/product=OREO VANILLA 110.4/105G/period=120/state=86a9cc9947b2: teacher rows do not contain constraint_features_json",
    "base_c__normal_global__seed479341424/branch=0/episode=1/product=OREO VANILLA 110.4/105G/period=121/state=86a9cc9947b2: teacher rows do not contain constraint_features_json",
    "base_c__normal_global__seed479341424/branch=0/episode=1/product=OREO VANILLA 110.4/105G/period=122/state=86a9cc9947b2: teacher rows do not contain constraint_features_json",
    "base_c__normal_global__seed479341424/branch=0/episode=1/product=OREO VANILLA 110.4/105G/period=123/state=86a9cc9947b2: teacher rows do not contain constraint_features_json",
    "base_c__normal_global__seed479341424/branch=0/episode=1/product=OREO VANILLA 110.4/105G/period=124/state=86a9cc9947b2: teacher rows do not contain constraint_features_json",
    "base_c__normal_global__seed479341424/branch=0/episode=1/product=OREO VANILLA 110.4/105G/period=125/state=86a9cc9947b2: teacher rows do not contain constraint_features_json",
    "base_c__normal_global__seed479341424/branch=0/episode=1/product=OREO VANILLA 110.4/105G/period=126/state=86a9cc9947b2: teacher rows do not contain constraint_features_json",
    "base_c__normal_global__seed479341424/branch=0/episode=1/product=OREO VANILLA 110.4/105G/period=127/state=86a9cc9947b2: teacher rows do not contain constraint_features_json",
    "base_c__normal_global__seed479341424/branch=0/episode=1/product=OREO VANILLA 110.4/105G/period=128/state=86a9cc9947b2: teacher rows do not contain constraint_features_json",
    "base_c__normal_global__seed479341424/branch=0/episode=1/product=OREO VANILLA 110.4/105G/period=129/state=86a9cc9947b2: teacher rows do not contain constraint_features_json",
    "base_c__normal_global__seed479341424/branch=0/episode=1/product=OREO VANILLA 110.4/105G/period=130/state=86a9cc9947b2: teacher rows do not contain constraint_features_json",
    "base_c__normal_global__seed479341424/branch=0/episode=1/product=OREO VANILLA 110.4/105G/period=131/state=86a9cc9947b2: teacher rows do not contain constraint_features_json",
    "base_c__normal_global__seed479341424/branch=0/episode=1/product=OREO VANILLA 110.4/105G/period=132/state=86a9cc9947b2: teacher rows do not contain constraint_features_json",
    "base_c__normal_global__seed479341424/branch=0/episode=1/product=OREO VANILLA 110.4/105G/period=133/state=86a9cc9947b2: teacher rows do not contain constraint_features_json",
    "base_c__normal_global__seed479341424/branch=0/episode=1/product=OREO VANILLA 110.4/105G/period=134/state=86a9cc9947b2: teacher rows do not contain constraint_features_json",
    "base_c__normal_global__seed479341424/branch=0/episode=1/product=OREO VANILLA 110.4/105G/period=135/state=86a9cc9947b2: teacher rows do not contain constraint_features_json",
    "base_c__normal_global__seed479341424/branch=0/episode=1/product=OREO VANILLA 110.4/105G/period=136/state=86a9cc9947b2: teacher rows do not contain constraint_features_json",
    "base_c__normal_global__seed479341424/branch=0/episode=1/product=OREO VANILLA 110.4/105G/period=137/state=86a9cc9947b2: teacher rows do not contain constraint_features_json",
    "base_c__normal_global__seed479341424/branch=0/episode=1/product=OREO VANILLA 110.4/105G/period=138/state=86a9cc9947b2: teacher rows do not contain constraint_features_json",
    "base_c__normal_global__seed479341424/branch=0/episode=1/product=OREO VANILLA 110.4/105G/period=139/state=86a9cc9947b2: teacher rows do not contain constraint_features_json",
    "base_c__normal_global__seed479341424/branch=0/episode=1/product=OREO VANILLA 110.4/105G/period=140/state=86a9cc9947b2: teacher rows do not contain constraint_features_json",
    "base_c__normal_global__seed479341424/branch=0/episode=1/product=OREO VANILLA 110.4/105G/period=141/state=86a9cc9947b2: teacher rows do not contain constraint_features_json",
    "base_c__normal_global__seed479341424/branch=0/episode=1/product=OREO VANILLA 110.4/105G/period=142/state=86a9cc9947b2: teacher rows do not contain constraint_features_json",
    "base_c__normal_global__seed479341424/branch=0/episode=1/product=OREO VANILLA 110.4/105G/period=143/state=86a9cc9947b2: teacher rows do not contain constraint_features_json",
    "base_c__normal_global__seed479341424/branch=0/episode=1/product=OREO VANILLA 110.4/105G/period=144/state=86a9cc9947b2: teacher rows do not contain constraint_features_json",
    "base_c__normal_global__seed479341424/branch=0/episode=1/product=OREO VANILLA 110.4/105G/period=145/state=86a9cc9947b2: teacher rows do not contain constraint_features_json",
    "base_c__normal_global__seed479341424/branch=0/episode=1/product=OREO VANILLA 110.4/105G/period=146/state=86a9cc9947b2: teacher rows do not contain constraint_features_json",
    "base_c__normal_global__seed479341424/branch=0/episode=1/product=OREO VANILLA 110.4/105G/period=147/state=86a9cc9947b2: teacher rows do not contain constraint_features_json",
    "base_c__normal_global__seed479341424/branch=0/episode=1/product=OREO VANILLA 110.4/105G/period=148/state=86a9cc9947b2: teacher rows do not contain constraint_features_json",
    "base_c__normal_global__seed479341424/branch=0/episode=1/product=OREO VANILLA 110.4/105G/period=149/state=86a9cc9947b2: teacher rows do not contain constraint_features_json",
    "base_c__normal_global__seed479341424/branch=0/episode=1/product=OREO VANILLA 110.4/105G/period=150/state=86a9cc9947b2: teacher rows do not contain constraint_features_json",
    "base_c__normal_global__seed479341424/branch=0/episode=2/product=AN RICE CRACKER SEAWEED 111.3G/period=21/state=1585910d239f: teacher rows do not contain constraint_features_json",
    "base_c__normal_global__seed479341424/branch=0/episode=2/product=AN RICE CRACKER SEAWEED 111.3G/period=28/state=1585910d239f: teacher rows do not contain constraint_features_json",
    "base_c__normal_global__seed479341424/branch=0/episode=2/product=AN RICE CRACKER SEAWEED 111.3G/period=37/state=1585910d239f: teacher rows do not contain constraint_features_json",
    "base_c__normal_global__seed479341424/branch=0/episode=2/product=AN RICE CRACKER SEAWEED 111.3G/period=38/state=1585910d239f: teacher rows do not contain constraint_features_json",
    "base_c__normal_global__seed479341424/branch=0/episode=2/product=AN RICE CRACKER SEAWEED 111.3G/period=51/state=1585910d239f: teacher rows do not contain constraint_features_json",
    "base_c__normal_global__seed479341424/branch=0/episode=2/product=AN RICE CRACKER SEAWEED 111.3G/period=60/state=1585910d239f: teacher rows do not contain constraint_features_json",
    "base_c__normal_global__seed479341424/branch=0/episode=2/product=AN RICE CRACKER SEAWEED 111.3G/period=61/state=1585910d239f: teacher rows do not contain constraint_features_json",
    "base_c__normal_global__seed479341424/branch=0/episode=2/product=AN RICE CRACKER SEAWEED 111.3G/period=83/state=1585910d239f: teacher rows do not contain constraint_features_json",
    "base_c__normal_global__seed479341424/branch=0/episode=2/product=AN RICE CRACKER SEAWEED 111.3G/period=88/state=1585910d239f: teacher rows do not contain constraint_features_json",
    "base_c__normal_global__seed479341424/branch=0/episode=2/product=AN RICE CRACKER SEAWEED 111.3G/period=101/state=1585910d239f: teacher rows do not contain constraint_features_json",
    "base_c__normal_global__seed479341424/branch=0/episode=2/product=AN RICE CRACKER SEAWEED 111.3G/period=106/state=1585910d239f: teacher rows do not contain constraint_features_json",
    "base_c__normal_global__seed479341424/branch=0/episode=2/product=AN RICE CRACKER SEAWEED 111.3G/period=117/state=1585910d239f: teacher rows do not contain constraint_features_json",
    "base_c__normal_global__seed479341424/branch=0/episode=2/product=AN RICE CRACKER SEAWEED 111.3G/period=152/state=1585910d239f: teacher rows do not contain constraint_features_json",
    "base_c__normal_global__seed479341424/branch=0/episode=2/product=OREO VANILLA 110.4/105G/period=16/state=1585910d239f: teacher rows do not contain constraint_features_json",
    "base_c__normal_global__seed479341424/branch=0/episode=2/product=OREO VANILLA 110.4/105G/period=26/state=1585910d239f: teacher rows do not contain constraint_features_json",
    "base_c__normal_global__seed479341424/branch=0/episode=2/product=OREO VANILLA 110.4/105G/period=34/state=1585910d239f: teacher rows do not contain constraint_features_json",
    "base_c__normal_global__seed479341424/branch=0/episode=2/product=OREO VANILLA 110.4/105G/period=36/state=1585910d239f: teacher rows do not contain constraint_features_json",
    "base_c__normal_global__seed479341424/branch=0/episode=2/product=OREO VANILLA 110.4/105G/period=51/state=1585910d239f: teacher rows do not contain constraint_features_json",
    "base_c__normal_global__seed479341424/branch=0/episode=2/product=OREO VANILLA 110.4/105G/period=88/state=1585910d239f: teacher rows do not contain constraint_features_json",
    "base_c__normal_global__seed479341424/branch=0/episode=2/product=OREO VANILLA 110.4/105G/period=101/state=1585910d239f: teacher rows do not contain constraint_features_json",
    "base_c__normal_global__seed479341424/branch=0/episode=2/product=OREO VANILLA 110.4/105G/period=106/state=1585910d239f: teacher rows do not contain constraint_features_json",
    "base_c__normal_global__seed479341424/branch=0/episode=2/product=OREO VANILLA 110.4/105G/period=112/state=1585910d239f: teacher rows do not contain constraint_features_json",
    "base_c__normal_global__seed479341424/branch=0/episode=2/product=OREO VANILLA 110.4/105G/period=144/state=1585910d239f: teacher rows do not contain constraint_features_json",
    "base_c__normal_global__seed479341424/branch=0/episode=2/product=OREO VANILLA 110.4/105G/period=145/state=1585910d239f: teacher rows do not contain constraint_features_json",
    "base_a__gamma_store__seed239081664/branch=0/episode=1/product=AN RICE CRACKER SEAWEED 111.3G/period=6/state=83fd8450e871: teacher rows do not contain constraint_features_json",
    "base_a__gamma_store__seed239081664/branch=0/episode=1/product=AN RICE CRACKER SEAWEED 111.3G/period=7/state=83fd8450e871: teacher rows do not contain constraint_features_json",
    "base_a__gamma_store__seed239081664/branch=0/episode=1/product=AN RICE CRACKER SEAWEED 111.3G/period=8/state=83fd8450e871: teacher rows do not contain constraint_features_json",
    "base_a__gamma_store__seed239081664/branch=0/episode=1/product=AN RICE CRACKER SEAWEED 111.3G/period=9/state=83fd8450e871: teacher rows do not contain constraint_features_json",
    "base_a__gamma_store__seed239081664/branch=0/episode=1/product=AN RICE CRACKER SEAWEED 111.3G/period=10/state=83fd8450e871: teacher rows do not contain constraint_features_json",
    "base_a__gamma_store__seed239081664/branch=0/episode=1/product=AN RICE CRACKER SEAWEED 111.3G/period=11/state=83fd8450e871: teacher rows do not contain constraint_features_json",
    "base_a__gamma_store__seed239081664/branch=0/episode=1/product=AN RICE CRACKER SEAWEED 111.3G/period=12/state=83fd8450e871: teacher rows do not contain constraint_features_json",
    "base_a__gamma_store__seed239081664/branch=0/episode=1/product=AN RICE CRACKER SEAWEED 111.3G/period=13/state=83fd8450e871: teacher rows do not contain constraint_features_json",
    "base_a__gamma_store__seed239081664/branch=0/episode=1/product=AN RICE CRACKER SEAWEED 111.3G/period=14/state=83fd8450e871: teacher rows do not contain constraint_features_json",
    "base_a__gamma_store__seed239081664/branch=0/episode=1/product=AN RICE CRACKER SEAWEED 111.3G/period=15/state=83fd8450e871: teacher rows do not contain constraint_features_json",
    "base_a__gamma_store__seed239081664/branch=0/episode=1/product=AN RICE CRACKER SEAWEED 111.3G/period=16/state=83fd8450e871: teacher rows do not contain constraint_features_json",
    "base_a__gamma_store__seed239081664/branch=0/episode=1/product=AN RICE CRACKER SEAWEED 111.3G/period=17/state=83fd8450e871: teacher rows do not contain constraint_features_json",
    "base_a__gamma_store__seed239081664/branch=0/episode=1/product=AN RICE CRACKER SEAWEED 111.3G/period=18/state=83fd8450e871: teacher rows do not contain constraint_features_json",
    "base_a__gamma_store__seed239081664/branch=0/episode=1/product=AN RICE CRACKER SEAWEED 111.3G/period=19/state=83fd8450e871: teacher rows do not contain constraint_features_json",
    "base_a__gamma_store__seed239081664/branch=0/episode=1/product=AN RICE CRACKER SEAWEED 111.3G/period=20/state=83fd8450e871: teacher rows do not contain constraint_features_json",
    "base_a__gamma_store__seed239081664/branch=0/episode=1/product=AN RICE CRACKER SEAWEED 111.3G/period=21/state=83fd8450e871: teacher rows do not contain constraint_features_json",
    "base_a__gamma_store__seed239081664/branch=0/episode=1/product=AN RICE CRACKER SEAWEED 111.3G/period=22/state=83fd8450e871: teacher rows do not contain constraint_features_json",
    "base_a__gamma_store__seed239081664/branch=0/episode=1/product=AN RICE CRACKER SEAWEED 111.3G/period=23/state=83fd8450e871: teacher rows do not contain constraint_features_json",
    "base_a__gamma_store__seed239081664/branch=0/episode=1/product=AN RICE CRACKER SEAWEED 111.3G/period=24/state=83fd8450e871: teacher rows do not contain constraint_features_json",
    "base_a__gamma_store__seed239081664/branch=0/episode=1/product=AN RICE CRACKER SEAWEED 111.3G/period=25/state=83fd8450e871: teacher rows do not contain constraint_features_json",
    "base_a__gamma_store__seed239081664/branch=0/episode=1/product=AN RICE CRACKER SEAWEED 111.3G/period=26/state=83fd8450e871: teacher rows do not contain constraint_features_json",
    "base_a__gamma_store__seed239081664/branch=0/episode=1/product=AN RICE CRACKER SEAWEED 111.3G/period=27/state=83fd8450e871: teacher rows do not contain constraint_features_json",
    "base_a__gamma_store__seed239081664/branch=0/episode=1/product=AN RICE CRACKER SEAWEED 111.3G/period=28/state=83fd8450e871: teacher rows do not contain constraint_features_json",
    "base_a__gamma_store__seed239081664/branch=0/episode=1/product=AN RICE CRACKER SEAWEED 111.3G/period=29/state=83fd8450e871: teacher rows do not contain constraint_features_json",
    "base_a__gamma_store__seed239081664/branch=0/episode=1/product=AN RICE CRACKER SEAWEED 111.3G/period=30/state=83fd8450e871: teacher rows do not contain constraint_features_json",
    "base_a__gamma_store__seed239081664/branch=0/episode=1/product=AN RICE CRACKER SEAWEED 111.3G/period=31/state=83fd8450e871: teacher rows do not contain constraint_features_json",
    "base_a__gamma_store__seed239081664/branch=0/episode=1/product=AN RICE CRACKER SEAWEED 111.3G/period=32/state=83fd8450e871: teacher rows do not contain constraint_features_json",
    "base_a__gamma_store__seed239081664/branch=0/episode=1/product=AN RICE CRACKER SEAWEED 111.3G/period=33/state=83fd8450e871: teacher rows do not contain constraint_features_json",
    "base_a__gamma_store__seed239081664/branch=0/episode=1/product=AN RICE CRACKER SEAWEED 111.3G/period=34/state=83fd8450e871: teacher rows do not contain constraint_features_json",
    "base_a__gamma_store__seed239081664/branch=0/episode=1/product=AN RICE CRACKER SEAWEED 111.3G/period=35/state=83fd8450e871: teacher rows do not contain constraint_features_json",
    "base_a__gamma_store__seed239081664/branch=0/episode=1/product=AN RICE CRACKER SEAWEED 111.3G/period=36/state=83fd8450e871: teacher rows do not contain constraint_features_json",
    "base_a__gamma_store__seed239081664/branch=0/episode=1/product=AN RICE CRACKER SEAWEED 111.3G/period=37/state=83fd8450e871: teacher rows do not contain constraint_features_json",
    "base_a__gamma_store__seed239081664/branch=0/episode=1/product=AN RICE CRACKER SEAWEED 111.3G/period=38/state=83fd8450e871: teacher rows do not contain constraint_features_json",
    "base_a__gamma_store__seed239081664/branch=0/episode=1/product=AN RICE CRACKER SEAWEED 111.3G/period=39/state=83fd8450e871: teacher rows do not contain constraint_features_json",
    "base_a__gamma_store__seed239081664/branch=0/episode=1/product=AN RICE CRACKER SEAWEED 111.3G/period=40/state=83fd8450e871: teacher rows do not contain constraint_features_json",
    "base_a__gamma_store__seed239081664/branch=0/episode=1/product=AN RICE CRACKER SEAWEED 111.3G/period=41/state=83fd8450e871: teacher rows do not contain constraint_features_json",
    "base_a__gamma_store__seed239081664/branch=0/episode=1/product=AN RICE CRACKER SEAWEED 111.3G/period=42/state=83fd8450e871: teacher rows do not contain constraint_features_json",
    "base_a__gamma_store__seed239081664/branch=0/episode=1/product=AN RICE CRACKER SEAWEED 111.3G/period=43/state=83fd8450e871: teacher rows do not contain constraint_features_json",
    "base_a__gamma_store__seed239081664/branch=0/episode=1/product=AN RICE CRACKER SEAWEED 111.3G/period=48/state=83fd8450e871: teacher rows do not contain constraint_features_json",
    "base_a__gamma_store__seed239081664/branch=0/episode=1/product=AN RICE CRACKER SEAWEED 111.3G/period=49/state=83fd8450e871: teacher rows do not contain constraint_features_json",
    "base_a__gamma_store__seed239081664/branch=0/episode=1/product=AN RICE CRACKER SEAWEED 111.3G/period=50/state=83fd8450e871: teacher rows do not contain constraint_features_json",
    "base_a__gamma_store__seed239081664/branch=0/episode=1/product=AN RICE CRACKER SEAWEED 111.3G/period=51/state=83fd8450e871: teacher rows do not contain constraint_features_json",
    "base_a__gamma_store__seed239081664/branch=0/episode=1/product=AN RICE CRACKER SEAWEED 111.3G/period=52/state=83fd8450e871: teacher rows do not contain constraint_features_json",
    "base_a__gamma_store__seed239081664/branch=0/episode=1/product=AN RICE CRACKER SEAWEED 111.3G/period=53/state=83fd8450e871: teacher rows do not contain constraint_features_json",
    "base_a__gamma_store__seed239081664/branch=0/episode=1/product=AN RICE CRACKER SEAWEED 111.3G/period=54/state=83fd8450e871: teacher rows do not contain constraint_features_json",
    "base_a__gamma_store__seed239081664/branch=0/episode=1/product=AN RICE CRACKER SEAWEED 111.3G/period=57/state=83fd8450e871: teacher rows do not contain constraint_features_json",
    "base_a__gamma_store__seed239081664/branch=0/episode=1/product=AN RICE CRACKER SEAWEED 111.3G/period=58/state=83fd8450e871: teacher rows do not contain constraint_features_json",
    "base_a__gamma_store__seed239081664/branch=0/episode=1/product=AN RICE CRACKER SEAWEED 111.3G/period=59/state=83fd8450e871: teacher rows do not contain constraint_features_json",
    "base_a__gamma_store__seed239081664/branch=0/episode=1/product=AN RICE CRACKER SEAWEED 111.3G/period=60/state=83fd8450e871: teacher rows do not contain constraint_features_json",
    "base_a__gamma_store__seed239081664/branch=0/episode=1/product=AN RICE CRACKER SEAWEED 111.3G/period=61/state=83fd8450e871: teacher rows do not contain constraint_features_json",
    "base_a__gamma_store__seed239081664/branch=0/episode=1/product=AN RICE CRACKER SEAWEED 111.3G/period=62/state=83fd8450e871: teacher rows do not contain constraint_features_json",
    "base_a__gamma_store__seed239081664/branch=0/episode=1/product=AN RICE CRACKER SEAWEED 111.3G/period=63/state=83fd8450e871: teacher rows do not contain constraint_features_json",
    "base_a__gamma_store__seed239081664/branch=0/episode=1/product=AN RICE CRACKER SEAWEED 111.3G/period=64/state=83fd8450e871: teacher rows do not contain constraint_features_json",
    "base_a__gamma_store__seed239081664/branch=0/episode=1/product=AN RICE CRACKER SEAWEED 111.3G/period=65/state=83fd8450e871: teacher rows do not contain constraint_features_json",
    "base_a__gamma_store__seed239081664/branch=0/episode=1/product=AN RICE CRACKER SEAWEED 111.3G/period=66/state=83fd8450e871: teacher rows do not contain constraint_features_json",
    "base_a__gamma_store__seed239081664/branch=0/episode=1/product=AN RICE CRACKER SEAWEED 111.3G/period=68/state=83fd8450e871: teacher rows do not contain constraint_features_json",
    "base_a__gamma_store__seed239081664/branch=0/episode=1/product=AN RICE CRACKER SEAWEED 111.3G/period=69/state=83fd8450e871: teacher rows do not contain constraint_features_json",
    "base_a__gamma_store__seed239081664/branch=0/episode=1/product=AN RICE CRACKER SEAWEED 111.3G/period=70/state=83fd8450e871: teacher rows do not contain constraint_features_json",
    "base_a__gamma_store__seed239081664/branch=0/episode=1/product=AN RICE CRACKER SEAWEED 111.3G/period=71/state=83fd8450e871: teacher rows do not contain constraint_features_json",
    "base_a__gamma_store__seed239081664/branch=0/episode=1/product=AN RICE CRACKER SEAWEED 111.3G/period=72/state=83fd8450e871: teacher rows do not contain constraint_features_json",
    "base_a__gamma_store__seed239081664/branch=0/episode=1/product=AN RICE CRACKER SEAWEED 111.3G/period=73/state=83fd8450e871: teacher rows do not contain constraint_features_json",
    "base_a__gamma_store__seed239081664/branch=0/episode=1/product=AN RICE CRACKER SEAWEED 111.3G/period=74/state=83fd8450e871: teacher rows do not contain constraint_features_json",
    "base_a__gamma_store__seed239081664/branch=0/episode=1/product=AN RICE CRACKER SEAWEED 111.3G/period=76/state=83fd8450e871: teacher rows do not contain constraint_features_json",
    "base_a__gamma_store__seed239081664/branch=0/episode=1/product=AN RICE CRACKER SEAWEED 111.3G/period=77/state=83fd8450e871: teacher rows do not contain constraint_features_json",
    "base_a__gamma_store__seed239081664/branch=0/episode=1/product=AN RICE CRACKER SEAWEED 111.3G/period=78/state=83fd8450e871: teacher rows do not contain constraint_features_json",
    "base_a__gamma_store__seed239081664/branch=0/episode=1/product=AN RICE CRACKER SEAWEED 111.3G/period=79/state=83fd8450e871: teacher rows do not contain constraint_features_json",
    "base_a__gamma_store__seed239081664/branch=0/episode=1/product=AN RICE CRACKER SEAWEED 111.3G/period=80/state=83fd8450e871: teacher rows do not contain constraint_features_json",
    "base_a__gamma_store__seed239081664/branch=0/episode=1/product=AN RICE CRACKER SEAWEED 111.3G/period=81/state=83fd8450e871: teacher rows do not contain constraint_features_json",
    "base_a__gamma_store__seed239081664/branch=0/episode=1/product=AN RICE CRACKER SEAWEED 111.3G/period=83/state=83fd8450e871: teacher rows do not contain constraint_features_json",
    "base_a__gamma_store__seed239081664/branch=0/episode=1/product=AN RICE CRACKER SEAWEED 111.3G/period=84/state=83fd8450e871: teacher rows do not contain constraint_features_json",
    "base_a__gamma_store__seed239081664/branch=0/episode=1/product=AN RICE CRACKER SEAWEED 111.3G/period=85/state=83fd8450e871: teacher rows do not contain constraint_features_json",
    "base_a__gamma_store__seed239081664/branch=0/episode=1/product=AN RICE CRACKER SEAWEED 111.3G/period=86/state=83fd8450e871: teacher rows do not contain constraint_features_json",
    "base_a__gamma_store__seed239081664/branch=0/episode=1/product=AN RICE CRACKER SEAWEED 111.3G/period=87/state=83fd8450e871: teacher rows do not contain constraint_features_json",
    "base_a__gamma_store__seed239081664/branch=0/episode=1/product=AN RICE CRACKER SEAWEED 111.3G/period=88/state=83fd8450e871: teacher rows do not contain constraint_features_json",
    "base_a__gamma_store__seed239081664/branch=0/episode=1/product=AN RICE CRACKER SEAWEED 111.3G/period=89/state=83fd8450e871: teacher rows do not contain constraint_features_json",
    "base_a__gamma_store__seed239081664/branch=0/episode=1/product=AN RICE CRACKER SEAWEED 111.3G/period=90/state=83fd8450e871: teacher rows do not contain constraint_features_json",
    "base_a__gamma_store__seed239081664/branch=0/episode=1/product=AN RICE CRACKER SEAWEED 111.3G/period=91/state=83fd8450e871: teacher rows do not contain constraint_features_json",
    "base_a__gamma_store__seed239081664/branch=0/episode=1/product=AN RICE CRACKER SEAWEED 111.3G/period=92/state=83fd8450e871: teacher rows do not contain constraint_features_json",
    "base_a__gamma_store__seed239081664/branch=0/episode=1/product=AN RICE CRACKER SEAWEED 111.3G/period=93/state=83fd8450e871: teacher rows do not contain constraint_features_json",
    "base_a__gamma_store__seed239081664/branch=0/episode=1/product=AN RICE CRACKER SEAWEED 111.3G/period=94/state=83fd8450e871: teacher rows do not contain constraint_features_json",
    "base_a__gamma_store__seed239081664/branch=0/episode=1/product=AN RICE CRACKER SEAWEED 111.3G/period=95/state=83fd8450e871: teacher rows do not contain constraint_features_json",
    "base_a__gamma_store__seed239081664/branch=0/episode=1/product=AN RICE CRACKER SEAWEED 111.3G/period=96/state=83fd8450e871: teacher rows do not contain constraint_features_json",
    "base_a__gamma_store__seed239081664/branch=0/episode=1/product=AN RICE CRACKER SEAWEED 111.3G/period=97/state=83fd8450e871: teacher rows do not contain constraint_features_json",
    "base_a__gamma_store__seed239081664/branch=0/episode=1/product=AN RICE CRACKER SEAWEED 111.3G/period=98/state=83fd8450e871: teacher rows do not contain constraint_features_json",
    "base_a__gamma_store__seed239081664/branch=0/episode=1/product=AN RICE CRACKER SEAWEED 111.3G/period=99/state=83fd8450e871: teacher rows do not contain constraint_features_json",
    "base_a__gamma_store__seed239081664/branch=0/episode=1/product=AN RICE CRACKER SEAWEED 111.3G/period=100/state=83fd8450e871: teacher rows do not contain constraint_features_json",
    "base_a__gamma_store__seed239081664/branch=0/episode=1/product=AN RICE CRACKER SEAWEED 111.3G/period=101/state=83fd8450e871: teacher rows do not contain constraint_features_json",
    "base_a__gamma_store__seed239081664/branch=0/episode=1/product=AN RICE CRACKER SEAWEED 111.3G/period=102/state=83fd8450e871: teacher rows do not contain constraint_features_json",
    "base_a__gamma_store__seed239081664/branch=0/episode=1/product=AN RICE CRACKER SEAWEED 111.3G/period=103/state=83fd8450e871: teacher rows do not contain constraint_features_json",
    "base_a__gamma_store__seed239081664/branch=0/episode=1/product=AN RICE CRACKER SEAWEED 111.3G/period=104/state=83fd8450e871: teacher rows do not contain constraint_features_json",
    "base_a__gamma_store__seed239081664/branch=0/episode=1/product=AN RICE CRACKER SEAWEED 111.3G/period=105/state=83fd8450e871: teacher rows do not contain constraint_features_json",
    "base_a__gamma_store__seed239081664/branch=0/episode=1/product=AN RICE CRACKER SEAWEED 111.3G/period=106/state=83fd8450e871: teacher rows do not contain constraint_features_json",
    "base_a__gamma_store__seed239081664/branch=0/episode=1/product=AN RICE CRACKER SEAWEED 111.3G/period=107/state=83fd8450e871: teacher rows do not contain constraint_features_json",
    "base_a__gamma_store__seed239081664/branch=0/episode=1/product=AN RICE CRACKER SEAWEED 111.3G/period=108/state=83fd8450e871: teacher rows do not contain constraint_features_json",
    "base_a__gamma_store__seed239081664/branch=0/episode=1/product=AN RICE CRACKER SEAWEED 111.3G/period=109/state=83fd8450e871: teacher rows do not contain constraint_features_json",
    "base_a__gamma_store__seed239081664/branch=0/episode=1/product=AN RICE CRACKER SEAWEED 111.3G/period=110/state=83fd8450e871: teacher rows do not contain constraint_features_json",
    "base_a__gamma_store__seed239081664/branch=0/episode=1/product=AN RICE CRACKER SEAWEED 111.3G/period=112/state=83fd8450e871: teacher rows do not contain constraint_features_json",
    "base_a__gamma_store__seed239081664/branch=0/episode=1/product=AN RICE CRACKER SEAWEED 111.3G/period=113/state=83fd8450e871: teacher rows do not contain constraint_features_json",
    "base_a__gamma_store__seed239081664/branch=0/episode=1/product=AN RICE CRACKER SEAWEED 111.3G/period=114/state=83fd8450e871: teacher rows do not contain constraint_features_json",
    "base_a__gamma_store__seed239081664/branch=0/episode=1/product=AN RICE CRACKER SEAWEED 111.3G/period=115/state=83fd8450e871: teacher rows do not contain constraint_features_json",
    "base_a__gamma_store__seed239081664/branch=0/episode=1/product=AN RICE CRACKER SEAWEED 111.3G/period=116/state=83fd8450e871: teacher rows do not contain constraint_features_json",
    "base_a__gamma_store__seed239081664/branch=0/episode=1/product=AN RICE CRACKER SEAWEED 111.3G/period=117/state=83fd8450e871: teacher rows do not contain constraint_features_json",
    "base_a__gamma_store__seed239081664/branch=0/episode=1/product=AN RICE CRACKER SEAWEED 111.3G/period=118/state=83fd8450e871: teacher rows do not contain constraint_features_json",
    "base_a__gamma_store__seed239081664/branch=0/episode=1/product=AN RICE CRACKER SEAWEED 111.3G/period=119/state=83fd8450e871: teacher rows do not contain constraint_features_json",
    "base_a__gamma_store__seed239081664/branch=0/episode=1/product=AN RICE CRACKER SEAWEED 111.3G/period=120/state=83fd8450e871: teacher rows do not contain constraint_features_json",
    "base_a__gamma_store__seed239081664/branch=0/episode=1/product=AN RICE CRACKER SEAWEED 111.3G/period=121/state=83fd8450e871: teacher rows do not contain constraint_features_json",
    "base_a__gamma_store__seed239081664/branch=0/episode=1/product=AN RICE CRACKER SEAWEED 111.3G/period=122/state=83fd8450e871: teacher rows do not contain constraint_features_json",
    "base_a__gamma_store__seed239081664/branch=0/episode=1/product=AN RICE CRACKER SEAWEED 111.3G/period=125/state=83fd8450e871: teacher rows do not contain constraint_features_json",
    "base_a__gamma_store__seed239081664/branch=0/episode=1/product=AN RICE CRACKER SEAWEED 111.3G/period=126/state=83fd8450e871: teacher rows do not contain constraint_features_json",
    "base_a__gamma_store__seed239081664/branch=0/episode=1/product=AN RICE CRACKER SEAWEED 111.3G/period=127/state=83fd8450e871: teacher rows do not contain constraint_features_json",
    "base_a__gamma_store__seed239081664/branch=0/episode=1/product=AN RICE CRACKER SEAWEED 111.3G/period=128/state=83fd8450e871: teacher rows do not contain constraint_features_json",
    "base_a__gamma_store__seed239081664/branch=0/episode=1/product=AN RICE CRACKER SEAWEED 111.3G/period=129/state=83fd8450e871: teacher rows do not contain constraint_features_json",
    "base_a__gamma_store__seed239081664/branch=0/episode=1/product=AN RICE CRACKER SEAWEED 111.3G/period=131/state=83fd8450e871: teacher rows do not contain constraint_features_json",
    "base_a__gamma_store__seed239081664/branch=0/episode=1/product=AN RICE CRACKER SEAWEED 111.3G/period=132/state=83fd8450e871: teacher rows do not contain constraint_features_json",
    "base_a__gamma_store__seed239081664/branch=0/episode=1/product=AN RICE CRACKER SEAWEED 111.3G/period=133/state=83fd8450e871: teacher rows do not contain constraint_features_json",
    "base_a__gamma_store__seed239081664/branch=0/episode=1/product=AN RICE CRACKER SEAWEED 111.3G/period=134/state=83fd8450e871: teacher rows do not contain constraint_features_json",
    "base_a__gamma_store__seed239081664/branch=0/episode=1/product=AN RICE CRACKER SEAWEED 111.3G/period=135/state=83fd8450e871: teacher rows do not contain constraint_features_json",
    "base_a__gamma_store__seed239081664/branch=0/episode=1/product=AN RICE CRACKER SEAWEED 111.3G/period=136/state=83fd8450e871: teacher rows do not contain constraint_features_json",
    "base_a__gamma_store__seed239081664/branch=0/episode=1/product=AN RICE CRACKER SEAWEED 111.3G/period=137/state=83fd8450e871: teacher rows do not contain constraint_features_json",
    "base_a__gamma_store__seed239081664/branch=0/episode=1/product=AN RICE CRACKER SEAWEED 111.3G/period=138/state=83fd8450e871: teacher rows do not contain constraint_features_json",
    "base_a__gamma_store__seed239081664/branch=0/episode=1/product=AN RICE CRACKER SEAWEED 111.3G/period=139/state=83fd8450e871: teacher rows do not contain constraint_features_json",
    "base_a__gamma_store__seed239081664/branch=0/episode=1/product=AN RICE CRACKER SEAWEED 111.3G/period=140/state=83fd8450e871: teacher rows do not contain constraint_features_json",
    "base_a__gamma_store__seed239081664/branch=0/episode=1/product=AN RICE CRACKER SEAWEED 111.3G/period=141/state=83fd8450e871: teacher rows do not contain constraint_features_json",
    "base_a__gamma_store__seed239081664/branch=0/episode=1/product=AN RICE CRACKER SEAWEED 111.3G/period=142/state=83fd8450e871: teacher rows do not contain constraint_features_json",
    "base_a__gamma_store__seed239081664/branch=0/episode=1/product=AN RICE CRACKER SEAWEED 111.3G/period=143/state=83fd8450e871: teacher rows do not contain constraint_features_json",
    "base_a__gamma_store__seed239081664/branch=0/episode=1/product=AN RICE CRACKER SEAWEED 111.3G/period=144/state=83fd8450e871: teacher rows do not contain constraint_features_json",
    "base_a__gamma_store__seed239081664/branch=0/episode=1/product=AN RICE CRACKER SEAWEED 111.3G/period=145/state=83fd8450e871: teacher rows do not contain constraint_features_json",
    "base_a__gamma_store__seed239081664/branch=0/episode=1/product=AN RICE CRACKER SEAWEED 111.3G/period=147/state=83fd8450e871: teacher rows do not contain constraint_features_json",
    "base_a__gamma_store__seed239081664/branch=0/episode=1/product=AN RICE CRACKER SEAWEED 111.3G/period=148/state=83fd8450e871: teacher rows do not contain constraint_features_json",
    "base_a__gamma_store__seed239081664/branch=0/episode=1/product=AN RICE CRACKER SEAWEED 111.3G/period=149/state=83fd8450e871: teacher rows do not contain constraint_features_json",
    "base_a__gamma_store__seed239081664/branch=0/episode=1/product=AN RICE CRACKER SEAWEED 111.3G/period=150/state=83fd8450e871: teacher rows do not contain constraint_features_json",
    "base_a__gamma_store__seed239081664/branch=0/episode=1/product=AN RICE CRACKER SEAWEED 111.3G/period=151/state=83fd8450e871: teacher rows do not contain constraint_features_json",
    "base_a__gamma_store__seed239081664/branch=0/episode=1/product=AN RICE CRACKER SEAWEED 111.3G/period=152/state=83fd8450e871: teacher rows do not contain constraint_features_json",
    "base_a__gamma_store__seed239081664/branch=0/episode=1/product=AN RICE CRACKER SEAWEED 111.3G/period=153/state=83fd8450e871: teacher rows do not contain constraint_features_json",
    "base_a__gamma_store__seed239081664/branch=0/episode=1/product=OREO VANILLA 110.4/105G/period=3/state=83fd8450e871: teacher rows do not contain constraint_features_json",
    "base_a__gamma_store__seed239081664/branch=0/episode=1/product=OREO VANILLA 110.4/105G/period=4/state=83fd8450e871: teacher rows do not contain constraint_features_json",
    "base_a__gamma_store__seed239081664/branch=0/episode=1/product=OREO VANILLA 110.4/105G/period=5/state=83fd8450e871: teacher rows do not contain constraint_features_json",
    "base_a__gamma_store__seed239081664/branch=0/episode=1/product=OREO VANILLA 110.4/105G/period=6/state=83fd8450e871: teacher rows do not contain constraint_features_json",
    "base_a__gamma_store__seed239081664/branch=0/episode=1/product=OREO VANILLA 110.4/105G/period=7/state=83fd8450e871: teacher rows do not contain constraint_features_json",
    "base_a__gamma_store__seed239081664/branch=0/episode=1/product=OREO VANILLA 110.4/105G/period=8/state=83fd8450e871: teacher rows do not contain constraint_features_json",
    "base_a__gamma_store__seed239081664/branch=0/episode=1/product=OREO VANILLA 110.4/105G/period=9/state=83fd8450e871: teacher rows do not contain constraint_features_json",
    "base_a__gamma_store__seed239081664/branch=0/episode=1/product=OREO VANILLA 110.4/105G/period=10/state=83fd8450e871: teacher rows do not contain constraint_features_json",
    "base_a__gamma_store__seed239081664/branch=0/episode=1/product=OREO VANILLA 110.4/105G/period=11/state=83fd8450e871: teacher rows do not contain constraint_features_json",
    "base_a__gamma_store__seed239081664/branch=0/episode=1/product=OREO VANILLA 110.4/105G/period=12/state=83fd8450e871: teacher rows do not contain constraint_features_json",
    "base_a__gamma_store__seed239081664/branch=0/episode=1/product=OREO VANILLA 110.4/105G/period=13/state=83fd8450e871: teacher rows do not contain constraint_features_json",
    "base_a__gamma_store__seed239081664/branch=0/episode=1/product=OREO VANILLA 110.4/105G/period=14/state=83fd8450e871: teacher rows do not contain constraint_features_json",
    "base_a__gamma_store__seed239081664/branch=0/episode=1/product=OREO VANILLA 110.4/105G/period=15/state=83fd8450e871: teacher rows do not contain constraint_features_json",
    "base_a__gamma_store__seed239081664/branch=0/episode=1/product=OREO VANILLA 110.4/105G/period=16/state=83fd8450e871: teacher rows do not contain constraint_features_json",
    "base_a__gamma_store__seed239081664/branch=0/episode=1/product=OREO VANILLA 110.4/105G/period=17/state=83fd8450e871: teacher rows do not contain constraint_features_json",
    "base_a__gamma_store__seed239081664/branch=0/episode=1/product=OREO VANILLA 110.4/105G/period=18/state=83fd8450e871: teacher rows do not contain constraint_features_json",
    "base_a__gamma_store__seed239081664/branch=0/episode=1/product=OREO VANILLA 110.4/105G/period=19/state=83fd8450e871: teacher rows do not contain constraint_features_json",
    "base_a__gamma_store__seed239081664/branch=0/episode=1/product=OREO VANILLA 110.4/105G/period=20/state=83fd8450e871: teacher rows do not contain constraint_features_json",
    "base_a__gamma_store__seed239081664/branch=0/episode=1/product=OREO VANILLA 110.4/105G/period=21/state=83fd8450e871: teacher rows do not contain constraint_features_json",
    "base_a__gamma_store__seed239081664/branch=0/episode=1/product=OREO VANILLA 110.4/105G/period=22/state=83fd8450e871: teacher rows do not contain constraint_features_json",
    "base_a__gamma_store__seed239081664/branch=0/episode=1/product=OREO VANILLA 110.4/105G/period=23/state=83fd8450e871: teacher rows do not contain constraint_features_json",
    "base_a__gamma_store__seed239081664/branch=0/episode=1/product=OREO VANILLA 110.4/105G/period=24/state=83fd8450e871: teacher rows do not contain constraint_features_json",
    "base_a__gamma_store__seed239081664/branch=0/episode=1/product=OREO VANILLA 110.4/105G/period=25/state=83fd8450e871: teacher rows do not contain constraint_features_json",
    "base_a__gamma_store__seed239081664/branch=0/episode=1/product=OREO VANILLA 110.4/105G/period=26/state=83fd8450e871: teacher rows do not contain constraint_features_json",
    "base_a__gamma_store__seed239081664/branch=0/episode=1/product=OREO VANILLA 110.4/105G/period=27/state=83fd8450e871: teacher rows do not contain constraint_features_json",
    "base_a__gamma_store__seed239081664/branch=0/episode=1/product=OREO VANILLA 110.4/105G/period=28/state=83fd8450e871: teacher rows do not contain constraint_features_json",
    "base_a__gamma_store__seed239081664/branch=0/episode=1/product=OREO VANILLA 110.4/105G/period=29/state=83fd8450e871: teacher rows do not contain constraint_features_json",
    "base_a__gamma_store__seed239081664/branch=0/episode=1/product=OREO VANILLA 110.4/105G/period=30/state=83fd8450e871: teacher rows do not contain constraint_features_json",
    "base_a__gamma_store__seed239081664/branch=0/episode=1/product=OREO VANILLA 110.4/105G/period=31/state=83fd8450e871: teacher rows do not contain constraint_features_json",
    "base_a__gamma_store__seed239081664/branch=0/episode=1/product=OREO VANILLA 110.4/105G/period=32/state=83fd8450e871: teacher rows do not contain constraint_features_json",
    "base_a__gamma_store__seed239081664/branch=0/episode=1/product=OREO VANILLA 110.4/105G/period=33/state=83fd8450e871: teacher rows do not contain constraint_features_json",
    "base_a__gamma_store__seed239081664/branch=0/episode=1/product=OREO VANILLA 110.4/105G/period=34/state=83fd8450e871: teacher rows do not contain constraint_features_json",
    "base_a__gamma_store__seed239081664/branch=0/episode=1/product=OREO VANILLA 110.4/105G/period=35/state=83fd8450e871: teacher rows do not contain constraint_features_json",
    "base_a__gamma_store__seed239081664/branch=0/episode=1/product=OREO VANILLA 110.4/105G/period=36/state=83fd8450e871: teacher rows do not contain constraint_features_json",
    "base_a__gamma_store__seed239081664/branch=0/episode=1/product=OREO VANILLA 110.4/105G/period=37/state=83fd8450e871: teacher rows do not contain constraint_features_json",
    "base_a__gamma_store__seed239081664/branch=0/episode=1/product=OREO VANILLA 110.4/105G/period=38/state=83fd8450e871: teacher rows do not contain constraint_features_json",
    "base_a__gamma_store__seed239081664/branch=0/episode=1/product=OREO VANILLA 110.4/105G/period=39/state=83fd8450e871: teacher rows do not contain constraint_features_json",
    "base_a__gamma_store__seed239081664/branch=0/episode=1/product=OREO VANILLA 110.4/105G/period=40/state=83fd8450e871: teacher rows do not contain constraint_features_json",
    "base_a__gamma_store__seed239081664/branch=0/episode=1/product=OREO VANILLA 110.4/105G/period=41/state=83fd8450e871: teacher rows do not contain constraint_features_json",
    "base_a__gamma_store__seed239081664/branch=0/episode=1/product=OREO VANILLA 110.4/105G/period=42/state=83fd8450e871: teacher rows do not contain constraint_features_json",
    "base_a__gamma_store__seed239081664/branch=0/episode=1/product=OREO VANILLA 110.4/105G/period=43/state=83fd8450e871: teacher rows do not contain constraint_features_json",
    "base_a__gamma_store__seed239081664/branch=0/episode=1/product=OREO VANILLA 110.4/105G/period=44/state=83fd8450e871: teacher rows do not contain constraint_features_json",
    "base_a__gamma_store__seed239081664/branch=0/episode=1/product=OREO VANILLA 110.4/105G/period=45/state=83fd8450e871: teacher rows do not contain constraint_features_json",
    "base_a__gamma_store__seed239081664/branch=0/episode=1/product=OREO VANILLA 110.4/105G/period=46/state=83fd8450e871: teacher rows do not contain constraint_features_json",
    "base_a__gamma_store__seed239081664/branch=0/episode=1/product=OREO VANILLA 110.4/105G/period=47/state=83fd8450e871: teacher rows do not contain constraint_features_json",
    "base_a__gamma_store__seed239081664/branch=0/episode=1/product=OREO VANILLA 110.4/105G/period=48/state=83fd8450e871: teacher rows do not contain constraint_features_json",
    "base_a__gamma_store__seed239081664/branch=0/episode=1/product=OREO VANILLA 110.4/105G/period=49/state=83fd8450e871: teacher rows do not contain constraint_features_json",
    "base_a__gamma_store__seed239081664/branch=0/episode=1/product=OREO VANILLA 110.4/105G/period=50/state=83fd8450e871: teacher rows do not contain constraint_features_json",
    "base_a__gamma_store__seed239081664/branch=0/episode=1/product=OREO VANILLA 110.4/105G/period=51/state=83fd8450e871: teacher rows do not contain constraint_features_json",
    "base_a__gamma_store__seed239081664/branch=0/episode=1/product=OREO VANILLA 110.4/105G/period=52/state=83fd8450e871: teacher rows do not contain constraint_features_json",
    "base_a__gamma_store__seed239081664/branch=0/episode=1/product=OREO VANILLA 110.4/105G/period=53/state=83fd8450e871: teacher rows do not contain constraint_features_json",
    "base_a__gamma_store__seed239081664/branch=0/episode=1/product=OREO VANILLA 110.4/105G/period=54/state=83fd8450e871: teacher rows do not contain constraint_features_json",
    "base_a__gamma_store__seed239081664/branch=0/episode=1/product=OREO VANILLA 110.4/105G/period=55/state=83fd8450e871: teacher rows do not contain constraint_features_json",
    "base_a__gamma_store__seed239081664/branch=0/episode=1/product=OREO VANILLA 110.4/105G/period=56/state=83fd8450e871: teacher rows do not contain constraint_features_json",
    "base_a__gamma_store__seed239081664/branch=0/episode=1/product=OREO VANILLA 110.4/105G/period=57/state=83fd8450e871: teacher rows do not contain constraint_features_json",
    "base_a__gamma_store__seed239081664/branch=0/episode=1/product=OREO VANILLA 110.4/105G/period=58/state=83fd8450e871: teacher rows do not contain constraint_features_json",
    "base_a__gamma_store__seed239081664/branch=0/episode=1/product=OREO VANILLA 110.4/105G/period=59/state=83fd8450e871: teacher rows do not contain constraint_features_json",
    "base_a__gamma_store__seed239081664/branch=0/episode=1/product=OREO VANILLA 110.4/105G/period=60/state=83fd8450e871: teacher rows do not contain constraint_features_json",
    "base_a__gamma_store__seed239081664/branch=0/episode=1/product=OREO VANILLA 110.4/105G/period=61/state=83fd8450e871: teacher rows do not contain constraint_features_json",
    "base_a__gamma_store__seed239081664/branch=0/episode=1/product=OREO VANILLA 110.4/105G/period=62/state=83fd8450e871: teacher rows do not contain constraint_features_json",
    "base_a__gamma_store__seed239081664/branch=0/episode=1/product=OREO VANILLA 110.4/105G/period=63/state=83fd8450e871: teacher rows do not contain constraint_features_json",
    "base_a__gamma_store__seed239081664/branch=0/episode=1/product=OREO VANILLA 110.4/105G/period=64/state=83fd8450e871: teacher rows do not contain constraint_features_json",
    "base_a__gamma_store__seed239081664/branch=0/episode=1/product=OREO VANILLA 110.4/105G/period=65/state=83fd8450e871: teacher rows do not contain constraint_features_json",
    "base_a__gamma_store__seed239081664/branch=0/episode=1/product=OREO VANILLA 110.4/105G/period=66/state=83fd8450e871: teacher rows do not contain constraint_features_json",
    "base_a__gamma_store__seed239081664/branch=0/episode=1/product=OREO VANILLA 110.4/105G/period=67/state=83fd8450e871: teacher rows do not contain constraint_features_json",
    "base_a__gamma_store__seed239081664/branch=0/episode=1/product=OREO VANILLA 110.4/105G/period=68/state=83fd8450e871: teacher rows do not contain constraint_features_json",
    "base_a__gamma_store__seed239081664/branch=0/episode=1/product=OREO VANILLA 110.4/105G/period=69/state=83fd8450e871: teacher rows do not contain constraint_features_json",
    "base_a__gamma_store__seed239081664/branch=0/episode=1/product=OREO VANILLA 110.4/105G/period=70/state=83fd8450e871: teacher rows do not contain constraint_features_json",
    "base_a__gamma_store__seed239081664/branch=0/episode=1/product=OREO VANILLA 110.4/105G/period=71/state=83fd8450e871: teacher rows do not contain constraint_features_json",
    "base_a__gamma_store__seed239081664/branch=0/episode=1/product=OREO VANILLA 110.4/105G/period=72/state=83fd8450e871: teacher rows do not contain constraint_features_json",
    "base_a__gamma_store__seed239081664/branch=0/episode=1/product=OREO VANILLA 110.4/105G/period=73/state=83fd8450e871: teacher rows do not contain constraint_features_json",
    "base_a__gamma_store__seed239081664/branch=0/episode=1/product=OREO VANILLA 110.4/105G/period=74/state=83fd8450e871: teacher rows do not contain constraint_features_json",
    "base_a__gamma_store__seed239081664/branch=0/episode=1/product=OREO VANILLA 110.4/105G/period=75/state=83fd8450e871: teacher rows do not contain constraint_features_json",
    "base_a__gamma_store__seed239081664/branch=0/episode=1/product=OREO VANILLA 110.4/105G/period=81/state=83fd8450e871: teacher rows do not contain constraint_features_json",
    "base_a__gamma_store__seed239081664/branch=0/episode=1/product=OREO VANILLA 110.4/105G/period=82/state=83fd8450e871: teacher rows do not contain constraint_features_json",
    "base_a__gamma_store__seed239081664/branch=0/episode=1/product=OREO VANILLA 110.4/105G/period=83/state=83fd8450e871: teacher rows do not contain constraint_features_json",
    "base_a__gamma_store__seed239081664/branch=0/episode=1/product=OREO VANILLA 110.4/105G/period=84/state=83fd8450e871: teacher rows do not contain constraint_features_json",
    "base_a__gamma_store__seed239081664/branch=0/episode=1/product=OREO VANILLA 110.4/105G/period=85/state=83fd8450e871: teacher rows do not contain constraint_features_json",
    "base_a__gamma_store__seed239081664/branch=0/episode=1/product=OREO VANILLA 110.4/105G/period=86/state=83fd8450e871: teacher rows do not contain constraint_features_json",
    "base_a__gamma_store__seed239081664/branch=0/episode=1/product=OREO VANILLA 110.4/105G/period=87/state=83fd8450e871: teacher rows do not contain constraint_features_json",
    "base_a__gamma_store__seed239081664/branch=0/episode=1/product=OREO VANILLA 110.4/105G/period=88/state=83fd8450e871: teacher rows do not contain constraint_features_json",
    "base_a__gamma_store__seed239081664/branch=0/episode=1/product=OREO VANILLA 110.4/105G/period=89/state=83fd8450e871: teacher rows do not contain constraint_features_json",
    "base_a__gamma_store__seed239081664/branch=0/episode=1/product=OREO VANILLA 110.4/105G/period=90/state=83fd8450e871: teacher rows do not contain constraint_features_json",
    "base_a__gamma_store__seed239081664/branch=0/episode=1/product=OREO VANILLA 110.4/105G/period=91/state=83fd8450e871: teacher rows do not contain constraint_features_json",
    "base_a__gamma_store__seed239081664/branch=0/episode=1/product=OREO VANILLA 110.4/105G/period=92/state=83fd8450e871: teacher rows do not contain constraint_features_json",
    "base_a__gamma_store__seed239081664/branch=0/episode=1/product=OREO VANILLA 110.4/105G/period=93/state=83fd8450e871: teacher rows do not contain constraint_features_json",
    "base_a__gamma_store__seed239081664/branch=0/episode=1/product=OREO VANILLA 110.4/105G/period=94/state=83fd8450e871: teacher rows do not contain constraint_features_json",
    "base_a__gamma_store__seed239081664/branch=0/episode=1/product=OREO VANILLA 110.4/105G/period=95/state=83fd8450e871: teacher rows do not contain constraint_features_json",
    "base_a__gamma_store__seed239081664/branch=0/episode=1/product=OREO VANILLA 110.4/105G/period=96/state=83fd8450e871: teacher rows do not contain constraint_features_json",
    "base_a__gamma_store__seed239081664/branch=0/episode=1/product=OREO VANILLA 110.4/105G/period=97/state=83fd8450e871: teacher rows do not contain constraint_features_json",
    "base_a__gamma_store__seed239081664/branch=0/episode=1/product=OREO VANILLA 110.4/105G/period=98/state=83fd8450e871: teacher rows do not contain constraint_features_json",
    "base_a__gamma_store__seed239081664/branch=0/episode=1/product=OREO VANILLA 110.4/105G/period=99/state=83fd8450e871: teacher rows do not contain constraint_features_json",
    "base_a__gamma_store__seed239081664/branch=0/episode=1/product=OREO VANILLA 110.4/105G/period=100/state=83fd8450e871: teacher rows do not contain constraint_features_json",
    "base_a__gamma_store__seed239081664/branch=0/episode=1/product=OREO VANILLA 110.4/105G/period=101/state=83fd8450e871: teacher rows do not contain constraint_features_json",
    "base_a__gamma_store__seed239081664/branch=0/episode=1/product=OREO VANILLA 110.4/105G/period=102/state=83fd8450e871: teacher rows do not contain constraint_features_json",
    "base_a__gamma_store__seed239081664/branch=0/episode=1/product=OREO VANILLA 110.4/105G/period=103/state=83fd8450e871: teacher rows do not contain constraint_features_json",
    "base_a__gamma_store__seed239081664/branch=0/episode=1/product=OREO VANILLA 110.4/105G/period=104/state=83fd8450e871: teacher rows do not contain constraint_features_json",
    "base_a__gamma_store__seed239081664/branch=0/episode=1/product=OREO VANILLA 110.4/105G/period=105/state=83fd8450e871: teacher rows do not contain constraint_features_json",
    "base_a__gamma_store__seed239081664/branch=0/episode=1/product=OREO VANILLA 110.4/105G/period=106/state=83fd8450e871: teacher rows do not contain constraint_features_json",
    "base_a__gamma_store__seed239081664/branch=0/episode=1/product=OREO VANILLA 110.4/105G/period=107/state=83fd8450e871: teacher rows do not contain constraint_features_json",
    "base_a__gamma_store__seed239081664/branch=0/episode=1/product=OREO VANILLA 110.4/105G/period=108/state=83fd8450e871: teacher rows do not contain constraint_features_json",
    "base_a__gamma_store__seed239081664/branch=0/episode=1/product=OREO VANILLA 110.4/105G/period=109/state=83fd8450e871: teacher rows do not contain constraint_features_json",
    "base_a__gamma_store__seed239081664/branch=0/episode=1/product=OREO VANILLA 110.4/105G/period=110/state=83fd8450e871: teacher rows do not contain constraint_features_json",
    "base_a__gamma_store__seed239081664/branch=0/episode=1/product=OREO VANILLA 110.4/105G/period=111/state=83fd8450e871: teacher rows do not contain constraint_features_json",
    "base_a__gamma_store__seed239081664/branch=0/episode=1/product=OREO VANILLA 110.4/105G/period=113/state=83fd8450e871: teacher rows do not contain constraint_features_json",
    "base_a__gamma_store__seed239081664/branch=0/episode=1/product=OREO VANILLA 110.4/105G/period=114/state=83fd8450e871: teacher rows do not contain constraint_features_json",
    "base_a__gamma_store__seed239081664/branch=0/episode=1/product=OREO VANILLA 110.4/105G/period=115/state=83fd8450e871: teacher rows do not contain constraint_features_json",
    "base_a__gamma_store__seed239081664/branch=0/episode=1/product=OREO VANILLA 110.4/105G/period=116/state=83fd8450e871: teacher rows do not contain constraint_features_json",
    "base_a__gamma_store__seed239081664/branch=0/episode=1/product=OREO VANILLA 110.4/105G/period=117/state=83fd8450e871: teacher rows do not contain constraint_features_json",
    "base_a__gamma_store__seed239081664/branch=0/episode=1/product=OREO VANILLA 110.4/105G/period=118/state=83fd8450e871: teacher rows do not contain constraint_features_json",
    "base_a__gamma_store__seed239081664/branch=0/episode=1/product=OREO VANILLA 110.4/105G/period=119/state=83fd8450e871: teacher rows do not contain constraint_features_json",
    "base_a__gamma_store__seed239081664/branch=0/episode=1/product=OREO VANILLA 110.4/105G/period=120/state=83fd8450e871: teacher rows do not contain constraint_features_json",
    "base_a__gamma_store__seed239081664/branch=0/episode=1/product=OREO VANILLA 110.4/105G/period=121/state=83fd8450e871: teacher rows do not contain constraint_features_json",
    "base_a__gamma_store__seed239081664/branch=0/episode=1/product=OREO VANILLA 110.4/105G/period=122/state=83fd8450e871: teacher rows do not contain constraint_features_json",
    "base_a__gamma_store__seed239081664/branch=0/episode=1/product=OREO VANILLA 110.4/105G/period=123/state=83fd8450e871: teacher rows do not contain constraint_features_json",
    "base_a__gamma_store__seed239081664/branch=0/episode=1/product=OREO VANILLA 110.4/105G/period=124/state=83fd8450e871: teacher rows do not contain constraint_features_json",
    "base_a__gamma_store__seed239081664/branch=0/episode=1/product=OREO VANILLA 110.4/105G/period=125/state=83fd8450e871: teacher rows do not contain constraint_features_json",
    "base_a__gamma_store__seed239081664/branch=0/episode=1/product=OREO VANILLA 110.4/105G/period=126/state=83fd8450e871: teacher rows do not contain constraint_features_json",
    "base_a__gamma_store__seed239081664/branch=0/episode=1/product=OREO VANILLA 110.4/105G/period=127/state=83fd8450e871: teacher rows do not contain constraint_features_json",
    "base_a__gamma_store__seed239081664/branch=0/episode=1/product=OREO VANILLA 110.4/105G/period=128/state=83fd8450e871: teacher rows do not contain constraint_features_json",
    "base_a__gamma_store__seed239081664/branch=0/episode=1/product=OREO VANILLA 110.4/105G/period=129/state=83fd8450e871: teacher rows do not contain constraint_features_json",
    "base_a__gamma_store__seed239081664/branch=0/episode=1/product=OREO VANILLA 110.4/105G/period=130/state=83fd8450e871: teacher rows do not contain constraint_features_json",
    "base_a__gamma_store__seed239081664/branch=0/episode=1/product=OREO VANILLA 110.4/105G/period=131/state=83fd8450e871: teacher rows do not contain constraint_features_json",
    "base_a__gamma_store__seed239081664/branch=0/episode=1/product=OREO VANILLA 110.4/105G/period=132/state=83fd8450e871: teacher rows do not contain constraint_features_json",
    "base_a__gamma_store__seed239081664/branch=0/episode=1/product=OREO VANILLA 110.4/105G/period=133/state=83fd8450e871: teacher rows do not contain constraint_features_json",
    "base_a__gamma_store__seed239081664/branch=0/episode=1/product=OREO VANILLA 110.4/105G/period=134/state=83fd8450e871: teacher rows do not contain constraint_features_json",
    "base_a__gamma_store__seed239081664/branch=0/episode=1/product=OREO VANILLA 110.4/105G/period=135/state=83fd8450e871: teacher rows do not contain constraint_features_json",
    "base_a__gamma_store__seed239081664/branch=0/episode=1/product=OREO VANILLA 110.4/105G/period=136/state=83fd8450e871: teacher rows do not contain constraint_features_json",
    "base_a__gamma_store__seed239081664/branch=0/episode=1/product=OREO VANILLA 110.4/105G/period=137/state=83fd8450e871: teacher rows do not contain constraint_features_json",
    "base_a__gamma_store__seed239081664/branch=0/episode=1/product=OREO VANILLA 110.4/105G/period=138/state=83fd8450e871: teacher rows do not contain constraint_features_json",
    "base_a__gamma_store__seed239081664/branch=0/episode=1/product=OREO VANILLA 110.4/105G/period=139/state=83fd8450e871: teacher rows do not contain constraint_features_json",
    "base_a__gamma_store__seed239081664/branch=0/episode=1/product=OREO VANILLA 110.4/105G/period=140/state=83fd8450e871: teacher rows do not contain constraint_features_json",
    "base_a__gamma_store__seed239081664/branch=0/episode=1/product=OREO VANILLA 110.4/105G/period=141/state=83fd8450e871: teacher rows do not contain constraint_features_json",
    "base_a__gamma_store__seed239081664/branch=0/episode=1/product=OREO VANILLA 110.4/105G/period=142/state=83fd8450e871: teacher rows do not contain constraint_features_json",
    "base_a__gamma_store__seed239081664/branch=0/episode=1/product=OREO VANILLA 110.4/105G/period=143/state=83fd8450e871: teacher rows do not contain constraint_features_json",
    "base_a__gamma_store__seed239081664/branch=0/episode=1/product=OREO VANILLA 110.4/105G/period=144/state=83fd8450e871: teacher rows do not contain constraint_features_json",
    "base_a__gamma_store__seed239081664/branch=0/episode=1/product=OREO VANILLA 110.4/105G/period=145/state=83fd8450e871: teacher rows do not contain constraint_features_json",
    "base_a__gamma_store__seed239081664/branch=0/episode=1/product=OREO VANILLA 110.4/105G/period=146/state=83fd8450e871: teacher rows do not contain constraint_features_json",
    "base_a__gamma_store__seed239081664/branch=0/episode=1/product=OREO VANILLA 110.4/105G/period=147/state=83fd8450e871: teacher rows do not contain constraint_features_json",
    "base_a__gamma_store__seed239081664/branch=0/episode=1/product=OREO VANILLA 110.4/105G/period=148/state=83fd8450e871: teacher rows do not contain constraint_features_json",
    "base_a__gamma_store__seed239081664/branch=0/episode=1/product=OREO VANILLA 110.4/105G/period=149/state=83fd8450e871: teacher rows do not contain constraint_features_json",
    "base_a__gamma_store__seed239081664/branch=0/episode=1/product=OREO VANILLA 110.4/105G/period=150/state=83fd8450e871: teacher rows do not contain constraint_features_json",
    "base_a__gamma_store__seed239081664/branch=0/episode=2/product=AN RICE CRACKER SEAWEED 111.3G/period=37/state=e5188331f913: teacher rows do not contain constraint_features_json",
    "base_a__gamma_store__seed239081664/branch=0/episode=2/product=AN RICE CRACKER SEAWEED 111.3G/period=38/state=e5188331f913: teacher rows do not contain constraint_features_json",
    "base_a__gamma_store__seed239081664/branch=0/episode=2/product=AN RICE CRACKER SEAWEED 111.3G/period=51/state=e5188331f913: teacher rows do not contain constraint_features_json",
    "base_a__gamma_store__seed239081664/branch=0/episode=2/product=AN RICE CRACKER SEAWEED 111.3G/period=60/state=e5188331f913: teacher rows do not contain constraint_features_json",
    "base_a__gamma_store__seed239081664/branch=0/episode=2/product=AN RICE CRACKER SEAWEED 111.3G/period=61/state=e5188331f913: teacher rows do not contain constraint_features_json",
    "base_a__gamma_store__seed239081664/branch=0/episode=2/product=AN RICE CRACKER SEAWEED 111.3G/period=91/state=e5188331f913: teacher rows do not contain constraint_features_json",
    "base_a__gamma_store__seed239081664/branch=0/episode=2/product=AN RICE CRACKER SEAWEED 111.3G/period=96/state=e5188331f913: teacher rows do not contain constraint_features_json",
    "base_a__gamma_store__seed239081664/branch=0/episode=2/product=AN RICE CRACKER SEAWEED 111.3G/period=101/state=e5188331f913: teacher rows do not contain constraint_features_json",
    "base_a__gamma_store__seed239081664/branch=0/episode=2/product=AN RICE CRACKER SEAWEED 111.3G/period=141/state=e5188331f913: teacher rows do not contain constraint_features_json",
    "base_a__gamma_store__seed239081664/branch=0/episode=2/product=OREO VANILLA 110.4/105G/period=7/state=e5188331f913: teacher rows do not contain constraint_features_json",
    "base_a__gamma_store__seed239081664/branch=0/episode=2/product=OREO VANILLA 110.4/105G/period=14/state=e5188331f913: teacher rows do not contain constraint_features_json",
    "base_a__gamma_store__seed239081664/branch=0/episode=2/product=OREO VANILLA 110.4/105G/period=16/state=e5188331f913: teacher rows do not contain constraint_features_json",
    "base_a__gamma_store__seed239081664/branch=0/episode=2/product=OREO VANILLA 110.4/105G/period=26/state=e5188331f913: teacher rows do not contain constraint_features_json",
    "base_a__gamma_store__seed239081664/branch=0/episode=2/product=OREO VANILLA 110.4/105G/period=34/state=e5188331f913: teacher rows do not contain constraint_features_json",
    "base_a__gamma_store__seed239081664/branch=0/episode=2/product=OREO VANILLA 110.4/105G/period=36/state=e5188331f913: teacher rows do not contain constraint_features_json",
    "base_a__gamma_store__seed239081664/branch=0/episode=2/product=OREO VANILLA 110.4/105G/period=90/state=e5188331f913: teacher rows do not contain constraint_features_json",
    "base_a__gamma_store__seed239081664/branch=0/episode=2/product=OREO VANILLA 110.4/105G/period=101/state=e5188331f913: teacher rows do not contain constraint_features_json",
    "base_a__gamma_store__seed239081664/branch=0/episode=2/product=OREO VANILLA 110.4/105G/period=106/state=e5188331f913: teacher rows do not contain constraint_features_json",
    "base_a__gamma_store__seed239081664/branch=0/episode=2/product=OREO VANILLA 110.4/105G/period=145/state=e5188331f913: teacher rows do not contain constraint_features_json",
    "base_c__gamma_store__seed299655413/branch=0/episode=1/product=AN RICE CRACKER SEAWEED 111.3G/period=6/state=c31eadcb0f6b: teacher rows do not contain constraint_features_json",
    "base_c__gamma_store__seed299655413/branch=0/episode=1/product=AN RICE CRACKER SEAWEED 111.3G/period=7/state=c31eadcb0f6b: teacher rows do not contain constraint_features_json",
    "base_c__gamma_store__seed299655413/branch=0/episode=1/product=AN RICE CRACKER SEAWEED 111.3G/period=8/state=c31eadcb0f6b: teacher rows do not contain constraint_features_json",
    "base_c__gamma_store__seed299655413/branch=0/episode=1/product=AN RICE CRACKER SEAWEED 111.3G/period=9/state=c31eadcb0f6b: teacher rows do not contain constraint_features_json",
    "base_c__gamma_store__seed299655413/branch=0/episode=1/product=AN RICE CRACKER SEAWEED 111.3G/period=10/state=c31eadcb0f6b: teacher rows do not contain constraint_features_json",
    "base_c__gamma_store__seed299655413/branch=0/episode=1/product=AN RICE CRACKER SEAWEED 111.3G/period=11/state=c31eadcb0f6b: teacher rows do not contain constraint_features_json",
    "base_c__gamma_store__seed299655413/branch=0/episode=1/product=AN RICE CRACKER SEAWEED 111.3G/period=12/state=c31eadcb0f6b: teacher rows do not contain constraint_features_json",
    "base_c__gamma_store__seed299655413/branch=0/episode=1/product=AN RICE CRACKER SEAWEED 111.3G/period=13/state=c31eadcb0f6b: teacher rows do not contain constraint_features_json",
    "base_c__gamma_store__seed299655413/branch=0/episode=1/product=AN RICE CRACKER SEAWEED 111.3G/period=14/state=c31eadcb0f6b: teacher rows do not contain constraint_features_json",
    "base_c__gamma_store__seed299655413/branch=0/episode=1/product=AN RICE CRACKER SEAWEED 111.3G/period=15/state=c31eadcb0f6b: teacher rows do not contain constraint_features_json",
    "base_c__gamma_store__seed299655413/branch=0/episode=1/product=AN RICE CRACKER SEAWEED 111.3G/period=16/state=c31eadcb0f6b: teacher rows do not contain constraint_features_json",
    "base_c__gamma_store__seed299655413/branch=0/episode=1/product=AN RICE CRACKER SEAWEED 111.3G/period=17/state=c31eadcb0f6b: teacher rows do not contain constraint_features_json",
    "base_c__gamma_store__seed299655413/branch=0/episode=1/product=AN RICE CRACKER SEAWEED 111.3G/period=18/state=c31eadcb0f6b: teacher rows do not contain constraint_features_json",
    "base_c__gamma_store__seed299655413/branch=0/episode=1/product=AN RICE CRACKER SEAWEED 111.3G/period=19/state=c31eadcb0f6b: teacher rows do not contain constraint_features_json",
    "base_c__gamma_store__seed299655413/branch=0/episode=1/product=AN RICE CRACKER SEAWEED 111.3G/period=20/state=c31eadcb0f6b: teacher rows do not contain constraint_features_json",
    "base_c__gamma_store__seed299655413/branch=0/episode=1/product=AN RICE CRACKER SEAWEED 111.3G/period=21/state=c31eadcb0f6b: teacher rows do not contain constraint_features_json",
    "base_c__gamma_store__seed299655413/branch=0/episode=1/product=AN RICE CRACKER SEAWEED 111.3G/period=22/state=c31eadcb0f6b: teacher rows do not contain constraint_features_json",
    "base_c__gamma_store__seed299655413/branch=0/episode=1/product=AN RICE CRACKER SEAWEED 111.3G/period=23/state=c31eadcb0f6b: teacher rows do not contain constraint_features_json",
    "base_c__gamma_store__seed299655413/branch=0/episode=1/product=AN RICE CRACKER SEAWEED 111.3G/period=24/state=c31eadcb0f6b: teacher rows do not contain constraint_features_json",
    "base_c__gamma_store__seed299655413/branch=0/episode=1/product=AN RICE CRACKER SEAWEED 111.3G/period=25/state=c31eadcb0f6b: teacher rows do not contain constraint_features_json",
    "base_c__gamma_store__seed299655413/branch=0/episode=1/product=AN RICE CRACKER SEAWEED 111.3G/period=26/state=c31eadcb0f6b: teacher rows do not contain constraint_features_json",
    "base_c__gamma_store__seed299655413/branch=0/episode=1/product=AN RICE CRACKER SEAWEED 111.3G/period=27/state=c31eadcb0f6b: teacher rows do not contain constraint_features_json",
    "base_c__gamma_store__seed299655413/branch=0/episode=1/product=AN RICE CRACKER SEAWEED 111.3G/period=28/state=c31eadcb0f6b: teacher rows do not contain constraint_features_json",
    "base_c__gamma_store__seed299655413/branch=0/episode=1/product=AN RICE CRACKER SEAWEED 111.3G/period=29/state=c31eadcb0f6b: teacher rows do not contain constraint_features_json",
    "base_c__gamma_store__seed299655413/branch=0/episode=1/product=AN RICE CRACKER SEAWEED 111.3G/period=30/state=c31eadcb0f6b: teacher rows do not contain constraint_features_json",
    "base_c__gamma_store__seed299655413/branch=0/episode=1/product=AN RICE CRACKER SEAWEED 111.3G/period=31/state=c31eadcb0f6b: teacher rows do not contain constraint_features_json",
    "base_c__gamma_store__seed299655413/branch=0/episode=1/product=AN RICE CRACKER SEAWEED 111.3G/period=32/state=c31eadcb0f6b: teacher rows do not contain constraint_features_json",
    "base_c__gamma_store__seed299655413/branch=0/episode=1/product=AN RICE CRACKER SEAWEED 111.3G/period=33/state=c31eadcb0f6b: teacher rows do not contain constraint_features_json",
    "base_c__gamma_store__seed299655413/branch=0/episode=1/product=AN RICE CRACKER SEAWEED 111.3G/period=34/state=c31eadcb0f6b: teacher rows do not contain constraint_features_json",
    "base_c__gamma_store__seed299655413/branch=0/episode=1/product=AN RICE CRACKER SEAWEED 111.3G/period=35/state=c31eadcb0f6b: teacher rows do not contain constraint_features_json",
    "base_c__gamma_store__seed299655413/branch=0/episode=1/product=AN RICE CRACKER SEAWEED 111.3G/period=36/state=c31eadcb0f6b: teacher rows do not contain constraint_features_json",
    "base_c__gamma_store__seed299655413/branch=0/episode=1/product=AN RICE CRACKER SEAWEED 111.3G/period=37/state=c31eadcb0f6b: teacher rows do not contain constraint_features_json",
    "base_c__gamma_store__seed299655413/branch=0/episode=1/product=AN RICE CRACKER SEAWEED 111.3G/period=38/state=c31eadcb0f6b: teacher rows do not contain constraint_features_json",
    "base_c__gamma_store__seed299655413/branch=0/episode=1/product=AN RICE CRACKER SEAWEED 111.3G/period=39/state=c31eadcb0f6b: teacher rows do not contain constraint_features_json",
    "base_c__gamma_store__seed299655413/branch=0/episode=1/product=AN RICE CRACKER SEAWEED 111.3G/period=40/state=c31eadcb0f6b: teacher rows do not contain constraint_features_json",
    "base_c__gamma_store__seed299655413/branch=0/episode=1/product=AN RICE CRACKER SEAWEED 111.3G/period=41/state=c31eadcb0f6b: teacher rows do not contain constraint_features_json",
    "base_c__gamma_store__seed299655413/branch=0/episode=1/product=AN RICE CRACKER SEAWEED 111.3G/period=42/state=c31eadcb0f6b: teacher rows do not contain constraint_features_json",
    "base_c__gamma_store__seed299655413/branch=0/episode=1/product=AN RICE CRACKER SEAWEED 111.3G/period=43/state=c31eadcb0f6b: teacher rows do not contain constraint_features_json",
    "base_c__gamma_store__seed299655413/branch=0/episode=1/product=AN RICE CRACKER SEAWEED 111.3G/period=44/state=c31eadcb0f6b: teacher rows do not contain constraint_features_json",
    "base_c__gamma_store__seed299655413/branch=0/episode=1/product=AN RICE CRACKER SEAWEED 111.3G/period=48/state=c31eadcb0f6b: teacher rows do not contain constraint_features_json",
    "base_c__gamma_store__seed299655413/branch=0/episode=1/product=AN RICE CRACKER SEAWEED 111.3G/period=49/state=c31eadcb0f6b: teacher rows do not contain constraint_features_json",
    "base_c__gamma_store__seed299655413/branch=0/episode=1/product=AN RICE CRACKER SEAWEED 111.3G/period=50/state=c31eadcb0f6b: teacher rows do not contain constraint_features_json",
    "base_c__gamma_store__seed299655413/branch=0/episode=1/product=AN RICE CRACKER SEAWEED 111.3G/period=51/state=c31eadcb0f6b: teacher rows do not contain constraint_features_json",
    "base_c__gamma_store__seed299655413/branch=0/episode=1/product=AN RICE CRACKER SEAWEED 111.3G/period=52/state=c31eadcb0f6b: teacher rows do not contain constraint_features_json",
    "base_c__gamma_store__seed299655413/branch=0/episode=1/product=AN RICE CRACKER SEAWEED 111.3G/period=53/state=c31eadcb0f6b: teacher rows do not contain constraint_features_json",
    "base_c__gamma_store__seed299655413/branch=0/episode=1/product=AN RICE CRACKER SEAWEED 111.3G/period=54/state=c31eadcb0f6b: teacher rows do not contain constraint_features_json",
    "base_c__gamma_store__seed299655413/branch=0/episode=1/product=AN RICE CRACKER SEAWEED 111.3G/period=57/state=c31eadcb0f6b: teacher rows do not contain constraint_features_json",
    "base_c__gamma_store__seed299655413/branch=0/episode=1/product=AN RICE CRACKER SEAWEED 111.3G/period=58/state=c31eadcb0f6b: teacher rows do not contain constraint_features_json",
    "base_c__gamma_store__seed299655413/branch=0/episode=1/product=AN RICE CRACKER SEAWEED 111.3G/period=59/state=c31eadcb0f6b: teacher rows do not contain constraint_features_json",
    "base_c__gamma_store__seed299655413/branch=0/episode=1/product=AN RICE CRACKER SEAWEED 111.3G/period=60/state=c31eadcb0f6b: teacher rows do not contain constraint_features_json",
    "base_c__gamma_store__seed299655413/branch=0/episode=1/product=AN RICE CRACKER SEAWEED 111.3G/period=61/state=c31eadcb0f6b: teacher rows do not contain constraint_features_json",
    "base_c__gamma_store__seed299655413/branch=0/episode=1/product=AN RICE CRACKER SEAWEED 111.3G/period=62/state=c31eadcb0f6b: teacher rows do not contain constraint_features_json",
    "base_c__gamma_store__seed299655413/branch=0/episode=1/product=AN RICE CRACKER SEAWEED 111.3G/period=63/state=c31eadcb0f6b: teacher rows do not contain constraint_features_json",
    "base_c__gamma_store__seed299655413/branch=0/episode=1/product=AN RICE CRACKER SEAWEED 111.3G/period=64/state=c31eadcb0f6b: teacher rows do not contain constraint_features_json",
    "base_c__gamma_store__seed299655413/branch=0/episode=1/product=AN RICE CRACKER SEAWEED 111.3G/period=65/state=c31eadcb0f6b: teacher rows do not contain constraint_features_json",
    "base_c__gamma_store__seed299655413/branch=0/episode=1/product=AN RICE CRACKER SEAWEED 111.3G/period=66/state=c31eadcb0f6b: teacher rows do not contain constraint_features_json",
    "base_c__gamma_store__seed299655413/branch=0/episode=1/product=AN RICE CRACKER SEAWEED 111.3G/period=68/state=c31eadcb0f6b: teacher rows do not contain constraint_features_json",
    "base_c__gamma_store__seed299655413/branch=0/episode=1/product=AN RICE CRACKER SEAWEED 111.3G/period=69/state=c31eadcb0f6b: teacher rows do not contain constraint_features_json",
    "base_c__gamma_store__seed299655413/branch=0/episode=1/product=AN RICE CRACKER SEAWEED 111.3G/period=70/state=c31eadcb0f6b: teacher rows do not contain constraint_features_json",
    "base_c__gamma_store__seed299655413/branch=0/episode=1/product=AN RICE CRACKER SEAWEED 111.3G/period=71/state=c31eadcb0f6b: teacher rows do not contain constraint_features_json",
    "base_c__gamma_store__seed299655413/branch=0/episode=1/product=AN RICE CRACKER SEAWEED 111.3G/period=72/state=c31eadcb0f6b: teacher rows do not contain constraint_features_json",
    "base_c__gamma_store__seed299655413/branch=0/episode=1/product=AN RICE CRACKER SEAWEED 111.3G/period=73/state=c31eadcb0f6b: teacher rows do not contain constraint_features_json",
    "base_c__gamma_store__seed299655413/branch=0/episode=1/product=AN RICE CRACKER SEAWEED 111.3G/period=74/state=c31eadcb0f6b: teacher rows do not contain constraint_features_json",
    "base_c__gamma_store__seed299655413/branch=0/episode=1/product=AN RICE CRACKER SEAWEED 111.3G/period=75/state=c31eadcb0f6b: teacher rows do not contain constraint_features_json",
    "base_c__gamma_store__seed299655413/branch=0/episode=1/product=AN RICE CRACKER SEAWEED 111.3G/period=77/state=c31eadcb0f6b: teacher rows do not contain constraint_features_json",
    "base_c__gamma_store__seed299655413/branch=0/episode=1/product=AN RICE CRACKER SEAWEED 111.3G/period=78/state=c31eadcb0f6b: teacher rows do not contain constraint_features_json",
    "base_c__gamma_store__seed299655413/branch=0/episode=1/product=AN RICE CRACKER SEAWEED 111.3G/period=79/state=c31eadcb0f6b: teacher rows do not contain constraint_features_json",
    "base_c__gamma_store__seed299655413/branch=0/episode=1/product=AN RICE CRACKER SEAWEED 111.3G/period=80/state=c31eadcb0f6b: teacher rows do not contain constraint_features_json",
    "base_c__gamma_store__seed299655413/branch=0/episode=1/product=AN RICE CRACKER SEAWEED 111.3G/period=82/state=c31eadcb0f6b: teacher rows do not contain constraint_features_json",
    "base_c__gamma_store__seed299655413/branch=0/episode=1/product=AN RICE CRACKER SEAWEED 111.3G/period=83/state=c31eadcb0f6b: teacher rows do not contain constraint_features_json",
    "base_c__gamma_store__seed299655413/branch=0/episode=1/product=AN RICE CRACKER SEAWEED 111.3G/period=84/state=c31eadcb0f6b: teacher rows do not contain constraint_features_json",
    "base_c__gamma_store__seed299655413/branch=0/episode=1/product=AN RICE CRACKER SEAWEED 111.3G/period=85/state=c31eadcb0f6b: teacher rows do not contain constraint_features_json",
    "base_c__gamma_store__seed299655413/branch=0/episode=1/product=AN RICE CRACKER SEAWEED 111.3G/period=86/state=c31eadcb0f6b: teacher rows do not contain constraint_features_json",
    "base_c__gamma_store__seed299655413/branch=0/episode=1/product=AN RICE CRACKER SEAWEED 111.3G/period=87/state=c31eadcb0f6b: teacher rows do not contain constraint_features_json",
    "base_c__gamma_store__seed299655413/branch=0/episode=1/product=AN RICE CRACKER SEAWEED 111.3G/period=88/state=c31eadcb0f6b: teacher rows do not contain constraint_features_json",
    "base_c__gamma_store__seed299655413/branch=0/episode=1/product=AN RICE CRACKER SEAWEED 111.3G/period=89/state=c31eadcb0f6b: teacher rows do not contain constraint_features_json",
    "base_c__gamma_store__seed299655413/branch=0/episode=1/product=AN RICE CRACKER SEAWEED 111.3G/period=90/state=c31eadcb0f6b: teacher rows do not contain constraint_features_json",
    "base_c__gamma_store__seed299655413/branch=0/episode=1/product=AN RICE CRACKER SEAWEED 111.3G/period=91/state=c31eadcb0f6b: teacher rows do not contain constraint_features_json",
    "base_c__gamma_store__seed299655413/branch=0/episode=1/product=AN RICE CRACKER SEAWEED 111.3G/period=92/state=c31eadcb0f6b: teacher rows do not contain constraint_features_json",
    "base_c__gamma_store__seed299655413/branch=0/episode=1/product=AN RICE CRACKER SEAWEED 111.3G/period=93/state=c31eadcb0f6b: teacher rows do not contain constraint_features_json",
    "base_c__gamma_store__seed299655413/branch=0/episode=1/product=AN RICE CRACKER SEAWEED 111.3G/period=94/state=c31eadcb0f6b: teacher rows do not contain constraint_features_json",
    "base_c__gamma_store__seed299655413/branch=0/episode=1/product=AN RICE CRACKER SEAWEED 111.3G/period=95/state=c31eadcb0f6b: teacher rows do not contain constraint_features_json",
    "base_c__gamma_store__seed299655413/branch=0/episode=1/product=AN RICE CRACKER SEAWEED 111.3G/period=96/state=c31eadcb0f6b: teacher rows do not contain constraint_features_json",
    "base_c__gamma_store__seed299655413/branch=0/episode=1/product=AN RICE CRACKER SEAWEED 111.3G/period=97/state=c31eadcb0f6b: teacher rows do not contain constraint_features_json",
    "base_c__gamma_store__seed299655413/branch=0/episode=1/product=AN RICE CRACKER SEAWEED 111.3G/period=98/state=c31eadcb0f6b: teacher rows do not contain constraint_features_json",
    "base_c__gamma_store__seed299655413/branch=0/episode=1/product=AN RICE CRACKER SEAWEED 111.3G/period=99/state=c31eadcb0f6b: teacher rows do not contain constraint_features_json",
    "base_c__gamma_store__seed299655413/branch=0/episode=1/product=AN RICE CRACKER SEAWEED 111.3G/period=100/state=c31eadcb0f6b: teacher rows do not contain constraint_features_json",
    "base_c__gamma_store__seed299655413/branch=0/episode=1/product=AN RICE CRACKER SEAWEED 111.3G/period=101/state=c31eadcb0f6b: teacher rows do not contain constraint_features_json",
    "base_c__gamma_store__seed299655413/branch=0/episode=1/product=AN RICE CRACKER SEAWEED 111.3G/period=102/state=c31eadcb0f6b: teacher rows do not contain constraint_features_json",
    "base_c__gamma_store__seed299655413/branch=0/episode=1/product=AN RICE CRACKER SEAWEED 111.3G/period=103/state=c31eadcb0f6b: teacher rows do not contain constraint_features_json",
    "base_c__gamma_store__seed299655413/branch=0/episode=1/product=AN RICE CRACKER SEAWEED 111.3G/period=104/state=c31eadcb0f6b: teacher rows do not contain constraint_features_json",
    "base_c__gamma_store__seed299655413/branch=0/episode=1/product=AN RICE CRACKER SEAWEED 111.3G/period=105/state=c31eadcb0f6b: teacher rows do not contain constraint_features_json",
    "base_c__gamma_store__seed299655413/branch=0/episode=1/product=AN RICE CRACKER SEAWEED 111.3G/period=106/state=c31eadcb0f6b: teacher rows do not contain constraint_features_json",
    "base_c__gamma_store__seed299655413/branch=0/episode=1/product=AN RICE CRACKER SEAWEED 111.3G/period=107/state=c31eadcb0f6b: teacher rows do not contain constraint_features_json",
    "base_c__gamma_store__seed299655413/branch=0/episode=1/product=AN RICE CRACKER SEAWEED 111.3G/period=108/state=c31eadcb0f6b: teacher rows do not contain constraint_features_json",
    "base_c__gamma_store__seed299655413/branch=0/episode=1/product=AN RICE CRACKER SEAWEED 111.3G/period=109/state=c31eadcb0f6b: teacher rows do not contain constraint_features_json",
    "base_c__gamma_store__seed299655413/branch=0/episode=1/product=AN RICE CRACKER SEAWEED 111.3G/period=110/state=c31eadcb0f6b: teacher rows do not contain constraint_features_json",
    "base_c__gamma_store__seed299655413/branch=0/episode=1/product=AN RICE CRACKER SEAWEED 111.3G/period=112/state=c31eadcb0f6b: teacher rows do not contain constraint_features_json",
    "base_c__gamma_store__seed299655413/branch=0/episode=1/product=AN RICE CRACKER SEAWEED 111.3G/period=113/state=c31eadcb0f6b: teacher rows do not contain constraint_features_json",
    "base_c__gamma_store__seed299655413/branch=0/episode=1/product=AN RICE CRACKER SEAWEED 111.3G/period=114/state=c31eadcb0f6b: teacher rows do not contain constraint_features_json",
    "base_c__gamma_store__seed299655413/branch=0/episode=1/product=AN RICE CRACKER SEAWEED 111.3G/period=115/state=c31eadcb0f6b: teacher rows do not contain constraint_features_json",
    "base_c__gamma_store__seed299655413/branch=0/episode=1/product=AN RICE CRACKER SEAWEED 111.3G/period=116/state=c31eadcb0f6b: teacher rows do not contain constraint_features_json",
    "base_c__gamma_store__seed299655413/branch=0/episode=1/product=AN RICE CRACKER SEAWEED 111.3G/period=117/state=c31eadcb0f6b: teacher rows do not contain constraint_features_json",
    "base_c__gamma_store__seed299655413/branch=0/episode=1/product=AN RICE CRACKER SEAWEED 111.3G/period=118/state=c31eadcb0f6b: teacher rows do not contain constraint_features_json",
    "base_c__gamma_store__seed299655413/branch=0/episode=1/product=AN RICE CRACKER SEAWEED 111.3G/period=119/state=c31eadcb0f6b: teacher rows do not contain constraint_features_json",
    "base_c__gamma_store__seed299655413/branch=0/episode=1/product=AN RICE CRACKER SEAWEED 111.3G/period=120/state=c31eadcb0f6b: teacher rows do not contain constraint_features_json",
    "base_c__gamma_store__seed299655413/branch=0/episode=1/product=AN RICE CRACKER SEAWEED 111.3G/period=121/state=c31eadcb0f6b: teacher rows do not contain constraint_features_json",
    "base_c__gamma_store__seed299655413/branch=0/episode=1/product=AN RICE CRACKER SEAWEED 111.3G/period=122/state=c31eadcb0f6b: teacher rows do not contain constraint_features_json",
    "base_c__gamma_store__seed299655413/branch=0/episode=1/product=AN RICE CRACKER SEAWEED 111.3G/period=125/state=c31eadcb0f6b: teacher rows do not contain constraint_features_json",
    "base_c__gamma_store__seed299655413/branch=0/episode=1/product=AN RICE CRACKER SEAWEED 111.3G/period=126/state=c31eadcb0f6b: teacher rows do not contain constraint_features_json",
    "base_c__gamma_store__seed299655413/branch=0/episode=1/product=AN RICE CRACKER SEAWEED 111.3G/period=127/state=c31eadcb0f6b: teacher rows do not contain constraint_features_json",
    "base_c__gamma_store__seed299655413/branch=0/episode=1/product=AN RICE CRACKER SEAWEED 111.3G/period=128/state=c31eadcb0f6b: teacher rows do not contain constraint_features_json",
    "base_c__gamma_store__seed299655413/branch=0/episode=1/product=AN RICE CRACKER SEAWEED 111.3G/period=129/state=c31eadcb0f6b: teacher rows do not contain constraint_features_json",
    "base_c__gamma_store__seed299655413/branch=0/episode=1/product=AN RICE CRACKER SEAWEED 111.3G/period=130/state=c31eadcb0f6b: teacher rows do not contain constraint_features_json",
    "base_c__gamma_store__seed299655413/branch=0/episode=1/product=AN RICE CRACKER SEAWEED 111.3G/period=131/state=c31eadcb0f6b: teacher rows do not contain constraint_features_json",
    "base_c__gamma_store__seed299655413/branch=0/episode=1/product=AN RICE CRACKER SEAWEED 111.3G/period=132/state=c31eadcb0f6b: teacher rows do not contain constraint_features_json",
    "base_c__gamma_store__seed299655413/branch=0/episode=1/product=AN RICE CRACKER SEAWEED 111.3G/period=133/state=c31eadcb0f6b: teacher rows do not contain constraint_features_json",
    "base_c__gamma_store__seed299655413/branch=0/episode=1/product=AN RICE CRACKER SEAWEED 111.3G/period=134/state=c31eadcb0f6b: teacher rows do not contain constraint_features_json",
    "base_c__gamma_store__seed299655413/branch=0/episode=1/product=AN RICE CRACKER SEAWEED 111.3G/period=135/state=c31eadcb0f6b: teacher rows do not contain constraint_features_json",
    "base_c__gamma_store__seed299655413/branch=0/episode=1/product=AN RICE CRACKER SEAWEED 111.3G/period=136/state=c31eadcb0f6b: teacher rows do not contain constraint_features_json",
    "base_c__gamma_store__seed299655413/branch=0/episode=1/product=AN RICE CRACKER SEAWEED 111.3G/period=137/state=c31eadcb0f6b: teacher rows do not contain constraint_features_json",
    "base_c__gamma_store__seed299655413/branch=0/episode=1/product=AN RICE CRACKER SEAWEED 111.3G/period=138/state=c31eadcb0f6b: teacher rows do not contain constraint_features_json",
    "base_c__gamma_store__seed299655413/branch=0/episode=1/product=AN RICE CRACKER SEAWEED 111.3G/period=139/state=c31eadcb0f6b: teacher rows do not contain constraint_features_json",
    "base_c__gamma_store__seed299655413/branch=0/episode=1/product=AN RICE CRACKER SEAWEED 111.3G/period=140/state=c31eadcb0f6b: teacher rows do not contain constraint_features_json",
    "base_c__gamma_store__seed299655413/branch=0/episode=1/product=AN RICE CRACKER SEAWEED 111.3G/period=141/state=c31eadcb0f6b: teacher rows do not contain constraint_features_json",
    "base_c__gamma_store__seed299655413/branch=0/episode=1/product=AN RICE CRACKER SEAWEED 111.3G/period=142/state=c31eadcb0f6b: teacher rows do not contain constraint_features_json",
    "base_c__gamma_store__seed299655413/branch=0/episode=1/product=AN RICE CRACKER SEAWEED 111.3G/period=143/state=c31eadcb0f6b: teacher rows do not contain constraint_features_json",
    "base_c__gamma_store__seed299655413/branch=0/episode=1/product=AN RICE CRACKER SEAWEED 111.3G/period=144/state=c31eadcb0f6b: teacher rows do not contain constraint_features_json",
    "base_c__gamma_store__seed299655413/branch=0/episode=1/product=AN RICE CRACKER SEAWEED 111.3G/period=145/state=c31eadcb0f6b: teacher rows do not contain constraint_features_json",
    "base_c__gamma_store__seed299655413/branch=0/episode=1/product=AN RICE CRACKER SEAWEED 111.3G/period=146/state=c31eadcb0f6b: teacher rows do not contain constraint_features_json",
    "base_c__gamma_store__seed299655413/branch=0/episode=1/product=AN RICE CRACKER SEAWEED 111.3G/period=147/state=c31eadcb0f6b: teacher rows do not contain constraint_features_json",
    "base_c__gamma_store__seed299655413/branch=0/episode=1/product=AN RICE CRACKER SEAWEED 111.3G/period=148/state=c31eadcb0f6b: teacher rows do not contain constraint_features_json",
    "base_c__gamma_store__seed299655413/branch=0/episode=1/product=AN RICE CRACKER SEAWEED 111.3G/period=149/state=c31eadcb0f6b: teacher rows do not contain constraint_features_json",
    "base_c__gamma_store__seed299655413/branch=0/episode=1/product=AN RICE CRACKER SEAWEED 111.3G/period=150/state=c31eadcb0f6b: teacher rows do not contain constraint_features_json",
    "base_c__gamma_store__seed299655413/branch=0/episode=1/product=AN RICE CRACKER SEAWEED 111.3G/period=151/state=c31eadcb0f6b: teacher rows do not contain constraint_features_json",
    "base_c__gamma_store__seed299655413/branch=0/episode=1/product=AN RICE CRACKER SEAWEED 111.3G/period=152/state=c31eadcb0f6b: teacher rows do not contain constraint_features_json",
    "base_c__gamma_store__seed299655413/branch=0/episode=1/product=AN RICE CRACKER SEAWEED 111.3G/period=153/state=c31eadcb0f6b: teacher rows do not contain constraint_features_json",
    "base_c__gamma_store__seed299655413/branch=0/episode=1/product=OREO VANILLA 110.4/105G/period=4/state=c31eadcb0f6b: teacher rows do not contain constraint_features_json",
    "base_c__gamma_store__seed299655413/branch=0/episode=1/product=OREO VANILLA 110.4/105G/period=5/state=c31eadcb0f6b: teacher rows do not contain constraint_features_json",
    "base_c__gamma_store__seed299655413/branch=0/episode=1/product=OREO VANILLA 110.4/105G/period=6/state=c31eadcb0f6b: teacher rows do not contain constraint_features_json",
    "base_c__gamma_store__seed299655413/branch=0/episode=1/product=OREO VANILLA 110.4/105G/period=7/state=c31eadcb0f6b: teacher rows do not contain constraint_features_json",
    "base_c__gamma_store__seed299655413/branch=0/episode=1/product=OREO VANILLA 110.4/105G/period=8/state=c31eadcb0f6b: teacher rows do not contain constraint_features_json",
    "base_c__gamma_store__seed299655413/branch=0/episode=1/product=OREO VANILLA 110.4/105G/period=9/state=c31eadcb0f6b: teacher rows do not contain constraint_features_json",
    "base_c__gamma_store__seed299655413/branch=0/episode=1/product=OREO VANILLA 110.4/105G/period=10/state=c31eadcb0f6b: teacher rows do not contain constraint_features_json",
    "base_c__gamma_store__seed299655413/branch=0/episode=1/product=OREO VANILLA 110.4/105G/period=11/state=c31eadcb0f6b: teacher rows do not contain constraint_features_json",
    "base_c__gamma_store__seed299655413/branch=0/episode=1/product=OREO VANILLA 110.4/105G/period=12/state=c31eadcb0f6b: teacher rows do not contain constraint_features_json",
    "base_c__gamma_store__seed299655413/branch=0/episode=1/product=OREO VANILLA 110.4/105G/period=13/state=c31eadcb0f6b: teacher rows do not contain constraint_features_json",
    "base_c__gamma_store__seed299655413/branch=0/episode=1/product=OREO VANILLA 110.4/105G/period=14/state=c31eadcb0f6b: teacher rows do not contain constraint_features_json",
    "base_c__gamma_store__seed299655413/branch=0/episode=1/product=OREO VANILLA 110.4/105G/period=15/state=c31eadcb0f6b: teacher rows do not contain constraint_features_json",
    "base_c__gamma_store__seed299655413/branch=0/episode=1/product=OREO VANILLA 110.4/105G/period=16/state=c31eadcb0f6b: teacher rows do not contain constraint_features_json",
    "base_c__gamma_store__seed299655413/branch=0/episode=1/product=OREO VANILLA 110.4/105G/period=17/state=c31eadcb0f6b: teacher rows do not contain constraint_features_json",
    "base_c__gamma_store__seed299655413/branch=0/episode=1/product=OREO VANILLA 110.4/105G/period=18/state=c31eadcb0f6b: teacher rows do not contain constraint_features_json",
    "base_c__gamma_store__seed299655413/branch=0/episode=1/product=OREO VANILLA 110.4/105G/period=19/state=c31eadcb0f6b: teacher rows do not contain constraint_features_json",
    "base_c__gamma_store__seed299655413/branch=0/episode=1/product=OREO VANILLA 110.4/105G/period=20/state=c31eadcb0f6b: teacher rows do not contain constraint_features_json",
    "base_c__gamma_store__seed299655413/branch=0/episode=1/product=OREO VANILLA 110.4/105G/period=21/state=c31eadcb0f6b: teacher rows do not contain constraint_features_json",
    "base_c__gamma_store__seed299655413/branch=0/episode=1/product=OREO VANILLA 110.4/105G/period=22/state=c31eadcb0f6b: teacher rows do not contain constraint_features_json",
    "base_c__gamma_store__seed299655413/branch=0/episode=1/product=OREO VANILLA 110.4/105G/period=23/state=c31eadcb0f6b: teacher rows do not contain constraint_features_json",
    "base_c__gamma_store__seed299655413/branch=0/episode=1/product=OREO VANILLA 110.4/105G/period=24/state=c31eadcb0f6b: teacher rows do not contain constraint_features_json",
    "base_c__gamma_store__seed299655413/branch=0/episode=1/product=OREO VANILLA 110.4/105G/period=25/state=c31eadcb0f6b: teacher rows do not contain constraint_features_json",
    "base_c__gamma_store__seed299655413/branch=0/episode=1/product=OREO VANILLA 110.4/105G/period=26/state=c31eadcb0f6b: teacher rows do not contain constraint_features_json",
    "base_c__gamma_store__seed299655413/branch=0/episode=1/product=OREO VANILLA 110.4/105G/period=27/state=c31eadcb0f6b: teacher rows do not contain constraint_features_json",
    "base_c__gamma_store__seed299655413/branch=0/episode=1/product=OREO VANILLA 110.4/105G/period=28/state=c31eadcb0f6b: teacher rows do not contain constraint_features_json",
    "base_c__gamma_store__seed299655413/branch=0/episode=1/product=OREO VANILLA 110.4/105G/period=29/state=c31eadcb0f6b: teacher rows do not contain constraint_features_json",
    "base_c__gamma_store__seed299655413/branch=0/episode=1/product=OREO VANILLA 110.4/105G/period=30/state=c31eadcb0f6b: teacher rows do not contain constraint_features_json",
    "base_c__gamma_store__seed299655413/branch=0/episode=1/product=OREO VANILLA 110.4/105G/period=31/state=c31eadcb0f6b: teacher rows do not contain constraint_features_json",
    "base_c__gamma_store__seed299655413/branch=0/episode=1/product=OREO VANILLA 110.4/105G/period=32/state=c31eadcb0f6b: teacher rows do not contain constraint_features_json",
    "base_c__gamma_store__seed299655413/branch=0/episode=1/product=OREO VANILLA 110.4/105G/period=33/state=c31eadcb0f6b: teacher rows do not contain constraint_features_json",
    "base_c__gamma_store__seed299655413/branch=0/episode=1/product=OREO VANILLA 110.4/105G/period=34/state=c31eadcb0f6b: teacher rows do not contain constraint_features_json",
    "base_c__gamma_store__seed299655413/branch=0/episode=1/product=OREO VANILLA 110.4/105G/period=35/state=c31eadcb0f6b: teacher rows do not contain constraint_features_json",
    "base_c__gamma_store__seed299655413/branch=0/episode=1/product=OREO VANILLA 110.4/105G/period=36/state=c31eadcb0f6b: teacher rows do not contain constraint_features_json",
    "base_c__gamma_store__seed299655413/branch=0/episode=1/product=OREO VANILLA 110.4/105G/period=37/state=c31eadcb0f6b: teacher rows do not contain constraint_features_json",
    "base_c__gamma_store__seed299655413/branch=0/episode=1/product=OREO VANILLA 110.4/105G/period=38/state=c31eadcb0f6b: teacher rows do not contain constraint_features_json",
    "base_c__gamma_store__seed299655413/branch=0/episode=1/product=OREO VANILLA 110.4/105G/period=39/state=c31eadcb0f6b: teacher rows do not contain constraint_features_json",
    "base_c__gamma_store__seed299655413/branch=0/episode=1/product=OREO VANILLA 110.4/105G/period=40/state=c31eadcb0f6b: teacher rows do not contain constraint_features_json",
    "base_c__gamma_store__seed299655413/branch=0/episode=1/product=OREO VANILLA 110.4/105G/period=41/state=c31eadcb0f6b: teacher rows do not contain constraint_features_json",
    "base_c__gamma_store__seed299655413/branch=0/episode=1/product=OREO VANILLA 110.4/105G/period=42/state=c31eadcb0f6b: teacher rows do not contain constraint_features_json",
    "base_c__gamma_store__seed299655413/branch=0/episode=1/product=OREO VANILLA 110.4/105G/period=43/state=c31eadcb0f6b: teacher rows do not contain constraint_features_json",
    "base_c__gamma_store__seed299655413/branch=0/episode=1/product=OREO VANILLA 110.4/105G/period=44/state=c31eadcb0f6b: teacher rows do not contain constraint_features_json",
    "base_c__gamma_store__seed299655413/branch=0/episode=1/product=OREO VANILLA 110.4/105G/period=45/state=c31eadcb0f6b: teacher rows do not contain constraint_features_json",
    "base_c__gamma_store__seed299655413/branch=0/episode=1/product=OREO VANILLA 110.4/105G/period=46/state=c31eadcb0f6b: teacher rows do not contain constraint_features_json",
    "base_c__gamma_store__seed299655413/branch=0/episode=1/product=OREO VANILLA 110.4/105G/period=47/state=c31eadcb0f6b: teacher rows do not contain constraint_features_json",
    "base_c__gamma_store__seed299655413/branch=0/episode=1/product=OREO VANILLA 110.4/105G/period=48/state=c31eadcb0f6b: teacher rows do not contain constraint_features_json",
    "base_c__gamma_store__seed299655413/branch=0/episode=1/product=OREO VANILLA 110.4/105G/period=49/state=c31eadcb0f6b: teacher rows do not contain constraint_features_json",
    "base_c__gamma_store__seed299655413/branch=0/episode=1/product=OREO VANILLA 110.4/105G/period=50/state=c31eadcb0f6b: teacher rows do not contain constraint_features_json",
    "base_c__gamma_store__seed299655413/branch=0/episode=1/product=OREO VANILLA 110.4/105G/period=51/state=c31eadcb0f6b: teacher rows do not contain constraint_features_json",
    "base_c__gamma_store__seed299655413/branch=0/episode=1/product=OREO VANILLA 110.4/105G/period=52/state=c31eadcb0f6b: teacher rows do not contain constraint_features_json",
    "base_c__gamma_store__seed299655413/branch=0/episode=1/product=OREO VANILLA 110.4/105G/period=53/state=c31eadcb0f6b: teacher rows do not contain constraint_features_json",
    "base_c__gamma_store__seed299655413/branch=0/episode=1/product=OREO VANILLA 110.4/105G/period=54/state=c31eadcb0f6b: teacher rows do not contain constraint_features_json",
    "base_c__gamma_store__seed299655413/branch=0/episode=1/product=OREO VANILLA 110.4/105G/period=55/state=c31eadcb0f6b: teacher rows do not contain constraint_features_json",
    "base_c__gamma_store__seed299655413/branch=0/episode=1/product=OREO VANILLA 110.4/105G/period=56/state=c31eadcb0f6b: teacher rows do not contain constraint_features_json",
    "base_c__gamma_store__seed299655413/branch=0/episode=1/product=OREO VANILLA 110.4/105G/period=57/state=c31eadcb0f6b: teacher rows do not contain constraint_features_json",
    "base_c__gamma_store__seed299655413/branch=0/episode=1/product=OREO VANILLA 110.4/105G/period=58/state=c31eadcb0f6b: teacher rows do not contain constraint_features_json",
    "base_c__gamma_store__seed299655413/branch=0/episode=1/product=OREO VANILLA 110.4/105G/period=59/state=c31eadcb0f6b: teacher rows do not contain constraint_features_json",
    "base_c__gamma_store__seed299655413/branch=0/episode=1/product=OREO VANILLA 110.4/105G/period=60/state=c31eadcb0f6b: teacher rows do not contain constraint_features_json",
    "base_c__gamma_store__seed299655413/branch=0/episode=1/product=OREO VANILLA 110.4/105G/period=61/state=c31eadcb0f6b: teacher rows do not contain constraint_features_json",
    "base_c__gamma_store__seed299655413/branch=0/episode=1/product=OREO VANILLA 110.4/105G/period=62/state=c31eadcb0f6b: teacher rows do not contain constraint_features_json",
    "base_c__gamma_store__seed299655413/branch=0/episode=1/product=OREO VANILLA 110.4/105G/period=63/state=c31eadcb0f6b: teacher rows do not contain constraint_features_json",
    "base_c__gamma_store__seed299655413/branch=0/episode=1/product=OREO VANILLA 110.4/105G/period=64/state=c31eadcb0f6b: teacher rows do not contain constraint_features_json",
    "base_c__gamma_store__seed299655413/branch=0/episode=1/product=OREO VANILLA 110.4/105G/period=65/state=c31eadcb0f6b: teacher rows do not contain constraint_features_json",
    "base_c__gamma_store__seed299655413/branch=0/episode=1/product=OREO VANILLA 110.4/105G/period=66/state=c31eadcb0f6b: teacher rows do not contain constraint_features_json",
    "base_c__gamma_store__seed299655413/branch=0/episode=1/product=OREO VANILLA 110.4/105G/period=67/state=c31eadcb0f6b: teacher rows do not contain constraint_features_json",
    "base_c__gamma_store__seed299655413/branch=0/episode=1/product=OREO VANILLA 110.4/105G/period=68/state=c31eadcb0f6b: teacher rows do not contain constraint_features_json",
    "base_c__gamma_store__seed299655413/branch=0/episode=1/product=OREO VANILLA 110.4/105G/period=69/state=c31eadcb0f6b: teacher rows do not contain constraint_features_json",
    "base_c__gamma_store__seed299655413/branch=0/episode=1/product=OREO VANILLA 110.4/105G/period=70/state=c31eadcb0f6b: teacher rows do not contain constraint_features_json",
    "base_c__gamma_store__seed299655413/branch=0/episode=1/product=OREO VANILLA 110.4/105G/period=71/state=c31eadcb0f6b: teacher rows do not contain constraint_features_json",
    "base_c__gamma_store__seed299655413/branch=0/episode=1/product=OREO VANILLA 110.4/105G/period=72/state=c31eadcb0f6b: teacher rows do not contain constraint_features_json",
    "base_c__gamma_store__seed299655413/branch=0/episode=1/product=OREO VANILLA 110.4/105G/period=73/state=c31eadcb0f6b: teacher rows do not contain constraint_features_json",
    "base_c__gamma_store__seed299655413/branch=0/episode=1/product=OREO VANILLA 110.4/105G/period=74/state=c31eadcb0f6b: teacher rows do not contain constraint_features_json",
    "base_c__gamma_store__seed299655413/branch=0/episode=1/product=OREO VANILLA 110.4/105G/period=75/state=c31eadcb0f6b: teacher rows do not contain constraint_features_json",
    "base_c__gamma_store__seed299655413/branch=0/episode=1/product=OREO VANILLA 110.4/105G/period=80/state=c31eadcb0f6b: teacher rows do not contain constraint_features_json",
    "base_c__gamma_store__seed299655413/branch=0/episode=1/product=OREO VANILLA 110.4/105G/period=81/state=c31eadcb0f6b: teacher rows do not contain constraint_features_json",
    "base_c__gamma_store__seed299655413/branch=0/episode=1/product=OREO VANILLA 110.4/105G/period=82/state=c31eadcb0f6b: teacher rows do not contain constraint_features_json",
    "base_c__gamma_store__seed299655413/branch=0/episode=1/product=OREO VANILLA 110.4/105G/period=83/state=c31eadcb0f6b: teacher rows do not contain constraint_features_json",
    "base_c__gamma_store__seed299655413/branch=0/episode=1/product=OREO VANILLA 110.4/105G/period=84/state=c31eadcb0f6b: teacher rows do not contain constraint_features_json",
    "base_c__gamma_store__seed299655413/branch=0/episode=1/product=OREO VANILLA 110.4/105G/period=85/state=c31eadcb0f6b: teacher rows do not contain constraint_features_json",
    "base_c__gamma_store__seed299655413/branch=0/episode=1/product=OREO VANILLA 110.4/105G/period=86/state=c31eadcb0f6b: teacher rows do not contain constraint_features_json",
    "base_c__gamma_store__seed299655413/branch=0/episode=1/product=OREO VANILLA 110.4/105G/period=87/state=c31eadcb0f6b: teacher rows do not contain constraint_features_json",
    "base_c__gamma_store__seed299655413/branch=0/episode=1/product=OREO VANILLA 110.4/105G/period=88/state=c31eadcb0f6b: teacher rows do not contain constraint_features_json",
    "base_c__gamma_store__seed299655413/branch=0/episode=1/product=OREO VANILLA 110.4/105G/period=89/state=c31eadcb0f6b: teacher rows do not contain constraint_features_json",
    "base_c__gamma_store__seed299655413/branch=0/episode=1/product=OREO VANILLA 110.4/105G/period=90/state=c31eadcb0f6b: teacher rows do not contain constraint_features_json",
    "base_c__gamma_store__seed299655413/branch=0/episode=1/product=OREO VANILLA 110.4/105G/period=91/state=c31eadcb0f6b: teacher rows do not contain constraint_features_json",
    "base_c__gamma_store__seed299655413/branch=0/episode=1/product=OREO VANILLA 110.4/105G/period=92/state=c31eadcb0f6b: teacher rows do not contain constraint_features_json",
    "base_c__gamma_store__seed299655413/branch=0/episode=1/product=OREO VANILLA 110.4/105G/period=93/state=c31eadcb0f6b: teacher rows do not contain constraint_features_json",
    "base_c__gamma_store__seed299655413/branch=0/episode=1/product=OREO VANILLA 110.4/105G/period=94/state=c31eadcb0f6b: teacher rows do not contain constraint_features_json",
    "base_c__gamma_store__seed299655413/branch=0/episode=1/product=OREO VANILLA 110.4/105G/period=95/state=c31eadcb0f6b: teacher rows do not contain constraint_features_json",
    "base_c__gamma_store__seed299655413/branch=0/episode=1/product=OREO VANILLA 110.4/105G/period=96/state=c31eadcb0f6b: teacher rows do not contain constraint_features_json",
    "base_c__gamma_store__seed299655413/branch=0/episode=1/product=OREO VANILLA 110.4/105G/period=97/state=c31eadcb0f6b: teacher rows do not contain constraint_features_json",
    "base_c__gamma_store__seed299655413/branch=0/episode=1/product=OREO VANILLA 110.4/105G/period=98/state=c31eadcb0f6b: teacher rows do not contain constraint_features_json",
    "base_c__gamma_store__seed299655413/branch=0/episode=1/product=OREO VANILLA 110.4/105G/period=99/state=c31eadcb0f6b: teacher rows do not contain constraint_features_json",
    "base_c__gamma_store__seed299655413/branch=0/episode=1/product=OREO VANILLA 110.4/105G/period=100/state=c31eadcb0f6b: teacher rows do not contain constraint_features_json",
    "base_c__gamma_store__seed299655413/branch=0/episode=1/product=OREO VANILLA 110.4/105G/period=101/state=c31eadcb0f6b: teacher rows do not contain constraint_features_json",
    "base_c__gamma_store__seed299655413/branch=0/episode=1/product=OREO VANILLA 110.4/105G/period=102/state=c31eadcb0f6b: teacher rows do not contain constraint_features_json",
    "base_c__gamma_store__seed299655413/branch=0/episode=1/product=OREO VANILLA 110.4/105G/period=103/state=c31eadcb0f6b: teacher rows do not contain constraint_features_json",
    "base_c__gamma_store__seed299655413/branch=0/episode=1/product=OREO VANILLA 110.4/105G/period=104/state=c31eadcb0f6b: teacher rows do not contain constraint_features_json",
    "base_c__gamma_store__seed299655413/branch=0/episode=1/product=OREO VANILLA 110.4/105G/period=105/state=c31eadcb0f6b: teacher rows do not contain constraint_features_json",
    "base_c__gamma_store__seed299655413/branch=0/episode=1/product=OREO VANILLA 110.4/105G/period=106/state=c31eadcb0f6b: teacher rows do not contain constraint_features_json",
    "base_c__gamma_store__seed299655413/branch=0/episode=1/product=OREO VANILLA 110.4/105G/period=107/state=c31eadcb0f6b: teacher rows do not contain constraint_features_json",
    "base_c__gamma_store__seed299655413/branch=0/episode=1/product=OREO VANILLA 110.4/105G/period=108/state=c31eadcb0f6b: teacher rows do not contain constraint_features_json",
    "base_c__gamma_store__seed299655413/branch=0/episode=1/product=OREO VANILLA 110.4/105G/period=109/state=c31eadcb0f6b: teacher rows do not contain constraint_features_json",
    "base_c__gamma_store__seed299655413/branch=0/episode=1/product=OREO VANILLA 110.4/105G/period=110/state=c31eadcb0f6b: teacher rows do not contain constraint_features_json",
    "base_c__gamma_store__seed299655413/branch=0/episode=1/product=OREO VANILLA 110.4/105G/period=111/state=c31eadcb0f6b: teacher rows do not contain constraint_features_json",
    "base_c__gamma_store__seed299655413/branch=0/episode=1/product=OREO VANILLA 110.4/105G/period=112/state=c31eadcb0f6b: teacher rows do not contain constraint_features_json",
    "base_c__gamma_store__seed299655413/branch=0/episode=1/product=OREO VANILLA 110.4/105G/period=113/state=c31eadcb0f6b: teacher rows do not contain constraint_features_json",
    "base_c__gamma_store__seed299655413/branch=0/episode=1/product=OREO VANILLA 110.4/105G/period=114/state=c31eadcb0f6b: teacher rows do not contain constraint_features_json",
    "base_c__gamma_store__seed299655413/branch=0/episode=1/product=OREO VANILLA 110.4/105G/period=115/state=c31eadcb0f6b: teacher rows do not contain constraint_features_json",
    "base_c__gamma_store__seed299655413/branch=0/episode=1/product=OREO VANILLA 110.4/105G/period=116/state=c31eadcb0f6b: teacher rows do not contain constraint_features_json",
    "base_c__gamma_store__seed299655413/branch=0/episode=1/product=OREO VANILLA 110.4/105G/period=117/state=c31eadcb0f6b: teacher rows do not contain constraint_features_json",
    "base_c__gamma_store__seed299655413/branch=0/episode=1/product=OREO VANILLA 110.4/105G/period=118/state=c31eadcb0f6b: teacher rows do not contain constraint_features_json",
    "base_c__gamma_store__seed299655413/branch=0/episode=1/product=OREO VANILLA 110.4/105G/period=119/state=c31eadcb0f6b: teacher rows do not contain constraint_features_json",
    "base_c__gamma_store__seed299655413/branch=0/episode=1/product=OREO VANILLA 110.4/105G/period=120/state=c31eadcb0f6b: teacher rows do not contain constraint_features_json",
    "base_c__gamma_store__seed299655413/branch=0/episode=1/product=OREO VANILLA 110.4/105G/period=121/state=c31eadcb0f6b: teacher rows do not contain constraint_features_json",
    "base_c__gamma_store__seed299655413/branch=0/episode=1/product=OREO VANILLA 110.4/105G/period=122/state=c31eadcb0f6b: teacher rows do not contain constraint_features_json",
    "base_c__gamma_store__seed299655413/branch=0/episode=1/product=OREO VANILLA 110.4/105G/period=123/state=c31eadcb0f6b: teacher rows do not contain constraint_features_json",
    "base_c__gamma_store__seed299655413/branch=0/episode=1/product=OREO VANILLA 110.4/105G/period=124/state=c31eadcb0f6b: teacher rows do not contain constraint_features_json",
    "base_c__gamma_store__seed299655413/branch=0/episode=1/product=OREO VANILLA 110.4/105G/period=125/state=c31eadcb0f6b: teacher rows do not contain constraint_features_json",
    "base_c__gamma_store__seed299655413/branch=0/episode=1/product=OREO VANILLA 110.4/105G/period=126/state=c31eadcb0f6b: teacher rows do not contain constraint_features_json",
    "base_c__gamma_store__seed299655413/branch=0/episode=1/product=OREO VANILLA 110.4/105G/period=127/state=c31eadcb0f6b: teacher rows do not contain constraint_features_json",
    "base_c__gamma_store__seed299655413/branch=0/episode=1/product=OREO VANILLA 110.4/105G/period=128/state=c31eadcb0f6b: teacher rows do not contain constraint_features_json",
    "base_c__gamma_store__seed299655413/branch=0/episode=1/product=OREO VANILLA 110.4/105G/period=129/state=c31eadcb0f6b: teacher rows do not contain constraint_features_json",
    "base_c__gamma_store__seed299655413/branch=0/episode=1/product=OREO VANILLA 110.4/105G/period=130/state=c31eadcb0f6b: teacher rows do not contain constraint_features_json",
    "base_c__gamma_store__seed299655413/branch=0/episode=1/product=OREO VANILLA 110.4/105G/period=131/state=c31eadcb0f6b: teacher rows do not contain constraint_features_json",
    "base_c__gamma_store__seed299655413/branch=0/episode=1/product=OREO VANILLA 110.4/105G/period=132/state=c31eadcb0f6b: teacher rows do not contain constraint_features_json",
    "base_c__gamma_store__seed299655413/branch=0/episode=1/product=OREO VANILLA 110.4/105G/period=133/state=c31eadcb0f6b: teacher rows do not contain constraint_features_json",
    "base_c__gamma_store__seed299655413/branch=0/episode=1/product=OREO VANILLA 110.4/105G/period=134/state=c31eadcb0f6b: teacher rows do not contain constraint_features_json",
    "base_c__gamma_store__seed299655413/branch=0/episode=1/product=OREO VANILLA 110.4/105G/period=135/state=c31eadcb0f6b: teacher rows do not contain constraint_features_json",
    "base_c__gamma_store__seed299655413/branch=0/episode=1/product=OREO VANILLA 110.4/105G/period=136/state=c31eadcb0f6b: teacher rows do not contain constraint_features_json",
    "base_c__gamma_store__seed299655413/branch=0/episode=1/product=OREO VANILLA 110.4/105G/period=137/state=c31eadcb0f6b: teacher rows do not contain constraint_features_json",
    "base_c__gamma_store__seed299655413/branch=0/episode=1/product=OREO VANILLA 110.4/105G/period=138/state=c31eadcb0f6b: teacher rows do not contain constraint_features_json",
    "base_c__gamma_store__seed299655413/branch=0/episode=1/product=OREO VANILLA 110.4/105G/period=139/state=c31eadcb0f6b: teacher rows do not contain constraint_features_json",
    "base_c__gamma_store__seed299655413/branch=0/episode=1/product=OREO VANILLA 110.4/105G/period=140/state=c31eadcb0f6b: teacher rows do not contain constraint_features_json",
    "base_c__gamma_store__seed299655413/branch=0/episode=1/product=OREO VANILLA 110.4/105G/period=141/state=c31eadcb0f6b: teacher rows do not contain constraint_features_json",
    "base_c__gamma_store__seed299655413/branch=0/episode=1/product=OREO VANILLA 110.4/105G/period=142/state=c31eadcb0f6b: teacher rows do not contain constraint_features_json",
    "base_c__gamma_store__seed299655413/branch=0/episode=1/product=OREO VANILLA 110.4/105G/period=143/state=c31eadcb0f6b: teacher rows do not contain constraint_features_json",
    "base_c__gamma_store__seed299655413/branch=0/episode=1/product=OREO VANILLA 110.4/105G/period=144/state=c31eadcb0f6b: teacher rows do not contain constraint_features_json",
    "base_c__gamma_store__seed299655413/branch=0/episode=1/product=OREO VANILLA 110.4/105G/period=145/state=c31eadcb0f6b: teacher rows do not contain constraint_features_json",
    "base_c__gamma_store__seed299655413/branch=0/episode=1/product=OREO VANILLA 110.4/105G/period=146/state=c31eadcb0f6b: teacher rows do not contain constraint_features_json",
    "base_c__gamma_store__seed299655413/branch=0/episode=1/product=OREO VANILLA 110.4/105G/period=147/state=c31eadcb0f6b: teacher rows do not contain constraint_features_json",
    "base_c__gamma_store__seed299655413/branch=0/episode=1/product=OREO VANILLA 110.4/105G/period=148/state=c31eadcb0f6b: teacher rows do not contain constraint_features_json",
    "base_c__gamma_store__seed299655413/branch=0/episode=1/product=OREO VANILLA 110.4/105G/period=149/state=c31eadcb0f6b: teacher rows do not contain constraint_features_json",
    "base_c__gamma_store__seed299655413/branch=0/episode=1/product=OREO VANILLA 110.4/105G/period=150/state=c31eadcb0f6b: teacher rows do not contain constraint_features_json",
    "base_c__gamma_store__seed299655413/branch=0/episode=2/product=AN RICE CRACKER SEAWEED 111.3G/period=28/state=f148dbd4685c: teacher rows do not contain constraint_features_json",
    "base_c__gamma_store__seed299655413/branch=0/episode=2/product=AN RICE CRACKER SEAWEED 111.3G/period=37/state=f148dbd4685c: teacher rows do not contain constraint_features_json",
    "base_c__gamma_store__seed299655413/branch=0/episode=2/product=AN RICE CRACKER SEAWEED 111.3G/period=38/state=f148dbd4685c: teacher rows do not contain constraint_features_json",
    "base_c__gamma_store__seed299655413/branch=0/episode=2/product=AN RICE CRACKER SEAWEED 111.3G/period=60/state=f148dbd4685c: teacher rows do not contain constraint_features_json",
    "base_c__gamma_store__seed299655413/branch=0/episode=2/product=AN RICE CRACKER SEAWEED 111.3G/period=61/state=f148dbd4685c: teacher rows do not contain constraint_features_json",
    "base_c__gamma_store__seed299655413/branch=0/episode=2/product=AN RICE CRACKER SEAWEED 111.3G/period=83/state=f148dbd4685c: teacher rows do not contain constraint_features_json",
    "base_c__gamma_store__seed299655413/branch=0/episode=2/product=AN RICE CRACKER SEAWEED 111.3G/period=96/state=f148dbd4685c: teacher rows do not contain constraint_features_json",
    "base_c__gamma_store__seed299655413/branch=0/episode=2/product=AN RICE CRACKER SEAWEED 111.3G/period=101/state=f148dbd4685c: teacher rows do not contain constraint_features_json",
    "base_c__gamma_store__seed299655413/branch=0/episode=2/product=AN RICE CRACKER SEAWEED 111.3G/period=120/state=f148dbd4685c: teacher rows do not contain constraint_features_json",
    "base_c__gamma_store__seed299655413/branch=0/episode=2/product=AN RICE CRACKER SEAWEED 111.3G/period=141/state=f148dbd4685c: teacher rows do not contain constraint_features_json",
    "base_c__gamma_store__seed299655413/branch=0/episode=2/product=OREO VANILLA 110.4/105G/period=7/state=f148dbd4685c: teacher rows do not contain constraint_features_json",
    "base_c__gamma_store__seed299655413/branch=0/episode=2/product=OREO VANILLA 110.4/105G/period=14/state=f148dbd4685c: teacher rows do not contain constraint_features_json",
    "base_c__gamma_store__seed299655413/branch=0/episode=2/product=OREO VANILLA 110.4/105G/period=26/state=f148dbd4685c: teacher rows do not contain constraint_features_json",
    "base_c__gamma_store__seed299655413/branch=0/episode=2/product=OREO VANILLA 110.4/105G/period=34/state=f148dbd4685c: teacher rows do not contain constraint_features_json",
    "base_c__gamma_store__seed299655413/branch=0/episode=2/product=OREO VANILLA 110.4/105G/period=87/state=f148dbd4685c: teacher rows do not contain constraint_features_json",
    "base_c__gamma_store__seed299655413/branch=0/episode=2/product=OREO VANILLA 110.4/105G/period=88/state=f148dbd4685c: teacher rows do not contain constraint_features_json",
    "base_c__gamma_store__seed299655413/branch=0/episode=2/product=OREO VANILLA 110.4/105G/period=101/state=f148dbd4685c: teacher rows do not contain constraint_features_json",
    "base_c__gamma_store__seed299655413/branch=0/episode=2/product=OREO VANILLA 110.4/105G/period=106/state=f148dbd4685c: teacher rows do not contain constraint_features_json",
    "base_c__gamma_store__seed299655413/branch=0/episode=2/product=OREO VANILLA 110.4/105G/period=145/state=f148dbd4685c: teacher rows do not contain constraint_features_json",
    "base_c__sku_spike__seed1581559893/branch=0/episode=1/product=AN RICE CRACKER SEAWEED 111.3G/period=6/state=8062eb31f3b1: teacher rows do not contain constraint_features_json",
    "base_c__sku_spike__seed1581559893/branch=0/episode=1/product=AN RICE CRACKER SEAWEED 111.3G/period=7/state=8062eb31f3b1: teacher rows do not contain constraint_features_json",
    "base_c__sku_spike__seed1581559893/branch=0/episode=1/product=AN RICE CRACKER SEAWEED 111.3G/period=8/state=8062eb31f3b1: teacher rows do not contain constraint_features_json",
    "base_c__sku_spike__seed1581559893/branch=0/episode=1/product=AN RICE CRACKER SEAWEED 111.3G/period=9/state=8062eb31f3b1: teacher rows do not contain constraint_features_json",
    "base_c__sku_spike__seed1581559893/branch=0/episode=1/product=AN RICE CRACKER SEAWEED 111.3G/period=10/state=8062eb31f3b1: teacher rows do not contain constraint_features_json",
    "base_c__sku_spike__seed1581559893/branch=0/episode=1/product=AN RICE CRACKER SEAWEED 111.3G/period=11/state=8062eb31f3b1: teacher rows do not contain constraint_features_json",
    "base_c__sku_spike__seed1581559893/branch=0/episode=1/product=AN RICE CRACKER SEAWEED 111.3G/period=12/state=8062eb31f3b1: teacher rows do not contain constraint_features_json",
    "base_c__sku_spike__seed1581559893/branch=0/episode=1/product=AN RICE CRACKER SEAWEED 111.3G/period=13/state=8062eb31f3b1: teacher rows do not contain constraint_features_json",
    "base_c__sku_spike__seed1581559893/branch=0/episode=1/product=AN RICE CRACKER SEAWEED 111.3G/period=14/state=8062eb31f3b1: teacher rows do not contain constraint_features_json",
    "base_c__sku_spike__seed1581559893/branch=0/episode=1/product=AN RICE CRACKER SEAWEED 111.3G/period=15/state=8062eb31f3b1: teacher rows do not contain constraint_features_json",
    "base_c__sku_spike__seed1581559893/branch=0/episode=1/product=AN RICE CRACKER SEAWEED 111.3G/period=16/state=8062eb31f3b1: teacher rows do not contain constraint_features_json",
    "base_c__sku_spike__seed1581559893/branch=0/episode=1/product=AN RICE CRACKER SEAWEED 111.3G/period=17/state=8062eb31f3b1: teacher rows do not contain constraint_features_json",
    "base_c__sku_spike__seed1581559893/branch=0/episode=1/product=AN RICE CRACKER SEAWEED 111.3G/period=18/state=8062eb31f3b1: teacher rows do not contain constraint_features_json",
    "base_c__sku_spike__seed1581559893/branch=0/episode=1/product=AN RICE CRACKER SEAWEED 111.3G/period=19/state=8062eb31f3b1: teacher rows do not contain constraint_features_json",
    "base_c__sku_spike__seed1581559893/branch=0/episode=1/product=AN RICE CRACKER SEAWEED 111.3G/period=20/state=8062eb31f3b1: teacher rows do not contain constraint_features_json",
    "base_c__sku_spike__seed1581559893/branch=0/episode=1/product=AN RICE CRACKER SEAWEED 111.3G/period=21/state=8062eb31f3b1: teacher rows do not contain constraint_features_json",
    "base_c__sku_spike__seed1581559893/branch=0/episode=1/product=AN RICE CRACKER SEAWEED 111.3G/period=22/state=8062eb31f3b1: teacher rows do not contain constraint_features_json",
    "base_c__sku_spike__seed1581559893/branch=0/episode=1/product=AN RICE CRACKER SEAWEED 111.3G/period=23/state=8062eb31f3b1: teacher rows do not contain constraint_features_json",
    "base_c__sku_spike__seed1581559893/branch=0/episode=1/product=AN RICE CRACKER SEAWEED 111.3G/period=24/state=8062eb31f3b1: teacher rows do not contain constraint_features_json",
    "base_c__sku_spike__seed1581559893/branch=0/episode=1/product=AN RICE CRACKER SEAWEED 111.3G/period=25/state=8062eb31f3b1: teacher rows do not contain constraint_features_json",
    "base_c__sku_spike__seed1581559893/branch=0/episode=1/product=AN RICE CRACKER SEAWEED 111.3G/period=26/state=8062eb31f3b1: teacher rows do not contain constraint_features_json",
    "base_c__sku_spike__seed1581559893/branch=0/episode=1/product=AN RICE CRACKER SEAWEED 111.3G/period=27/state=8062eb31f3b1: teacher rows do not contain constraint_features_json",
    "base_c__sku_spike__seed1581559893/branch=0/episode=1/product=AN RICE CRACKER SEAWEED 111.3G/period=28/state=8062eb31f3b1: teacher rows do not contain constraint_features_json",
    "base_c__sku_spike__seed1581559893/branch=0/episode=1/product=AN RICE CRACKER SEAWEED 111.3G/period=29/state=8062eb31f3b1: teacher rows do not contain constraint_features_json",
    "base_c__sku_spike__seed1581559893/branch=0/episode=1/product=AN RICE CRACKER SEAWEED 111.3G/period=30/state=8062eb31f3b1: teacher rows do not contain constraint_features_json",
    "base_c__sku_spike__seed1581559893/branch=0/episode=1/product=AN RICE CRACKER SEAWEED 111.3G/period=31/state=8062eb31f3b1: teacher rows do not contain constraint_features_json",
    "base_c__sku_spike__seed1581559893/branch=0/episode=1/product=AN RICE CRACKER SEAWEED 111.3G/period=32/state=8062eb31f3b1: teacher rows do not contain constraint_features_json",
    "base_c__sku_spike__seed1581559893/branch=0/episode=1/product=AN RICE CRACKER SEAWEED 111.3G/period=33/state=8062eb31f3b1: teacher rows do not contain constraint_features_json",
    "base_c__sku_spike__seed1581559893/branch=0/episode=1/product=AN RICE CRACKER SEAWEED 111.3G/period=34/state=8062eb31f3b1: teacher rows do not contain constraint_features_json",
    "base_c__sku_spike__seed1581559893/branch=0/episode=1/product=AN RICE CRACKER SEAWEED 111.3G/period=35/state=8062eb31f3b1: teacher rows do not contain constraint_features_json",
    "base_c__sku_spike__seed1581559893/branch=0/episode=1/product=AN RICE CRACKER SEAWEED 111.3G/period=36/state=8062eb31f3b1: teacher rows do not contain constraint_features_json",
    "base_c__sku_spike__seed1581559893/branch=0/episode=1/product=AN RICE CRACKER SEAWEED 111.3G/period=37/state=8062eb31f3b1: teacher rows do not contain constraint_features_json",
    "base_c__sku_spike__seed1581559893/branch=0/episode=1/product=AN RICE CRACKER SEAWEED 111.3G/period=38/state=8062eb31f3b1: teacher rows do not contain constraint_features_json",
    "base_c__sku_spike__seed1581559893/branch=0/episode=1/product=AN RICE CRACKER SEAWEED 111.3G/period=39/state=8062eb31f3b1: teacher rows do not contain constraint_features_json",
    "base_c__sku_spike__seed1581559893/branch=0/episode=1/product=AN RICE CRACKER SEAWEED 111.3G/period=40/state=8062eb31f3b1: teacher rows do not contain constraint_features_json",
    "base_c__sku_spike__seed1581559893/branch=0/episode=1/product=AN RICE CRACKER SEAWEED 111.3G/period=42/state=8062eb31f3b1: teacher rows do not contain constraint_features_json",
    "base_c__sku_spike__seed1581559893/branch=0/episode=1/product=AN RICE CRACKER SEAWEED 111.3G/period=43/state=8062eb31f3b1: teacher rows do not contain constraint_features_json",
    "base_c__sku_spike__seed1581559893/branch=0/episode=1/product=AN RICE CRACKER SEAWEED 111.3G/period=48/state=8062eb31f3b1: teacher rows do not contain constraint_features_json",
    "base_c__sku_spike__seed1581559893/branch=0/episode=1/product=AN RICE CRACKER SEAWEED 111.3G/period=49/state=8062eb31f3b1: teacher rows do not contain constraint_features_json",
    "base_c__sku_spike__seed1581559893/branch=0/episode=1/product=AN RICE CRACKER SEAWEED 111.3G/period=50/state=8062eb31f3b1: teacher rows do not contain constraint_features_json",
    "base_c__sku_spike__seed1581559893/branch=0/episode=1/product=AN RICE CRACKER SEAWEED 111.3G/period=51/state=8062eb31f3b1: teacher rows do not contain constraint_features_json",
    "base_c__sku_spike__seed1581559893/branch=0/episode=1/product=AN RICE CRACKER SEAWEED 111.3G/period=52/state=8062eb31f3b1: teacher rows do not contain constraint_features_json",
    "base_c__sku_spike__seed1581559893/branch=0/episode=1/product=AN RICE CRACKER SEAWEED 111.3G/period=53/state=8062eb31f3b1: teacher rows do not contain constraint_features_json",
    "base_c__sku_spike__seed1581559893/branch=0/episode=1/product=AN RICE CRACKER SEAWEED 111.3G/period=54/state=8062eb31f3b1: teacher rows do not contain constraint_features_json",
    "base_c__sku_spike__seed1581559893/branch=0/episode=1/product=AN RICE CRACKER SEAWEED 111.3G/period=57/state=8062eb31f3b1: teacher rows do not contain constraint_features_json",
    "base_c__sku_spike__seed1581559893/branch=0/episode=1/product=AN RICE CRACKER SEAWEED 111.3G/period=58/state=8062eb31f3b1: teacher rows do not contain constraint_features_json",
    "base_c__sku_spike__seed1581559893/branch=0/episode=1/product=AN RICE CRACKER SEAWEED 111.3G/period=59/state=8062eb31f3b1: teacher rows do not contain constraint_features_json",
    "base_c__sku_spike__seed1581559893/branch=0/episode=1/product=AN RICE CRACKER SEAWEED 111.3G/period=60/state=8062eb31f3b1: teacher rows do not contain constraint_features_json",
    "base_c__sku_spike__seed1581559893/branch=0/episode=1/product=AN RICE CRACKER SEAWEED 111.3G/period=61/state=8062eb31f3b1: teacher rows do not contain constraint_features_json",
    "base_c__sku_spike__seed1581559893/branch=0/episode=1/product=AN RICE CRACKER SEAWEED 111.3G/period=62/state=8062eb31f3b1: teacher rows do not contain constraint_features_json",
    "base_c__sku_spike__seed1581559893/branch=0/episode=1/product=AN RICE CRACKER SEAWEED 111.3G/period=63/state=8062eb31f3b1: teacher rows do not contain constraint_features_json",
    "base_c__sku_spike__seed1581559893/branch=0/episode=1/product=AN RICE CRACKER SEAWEED 111.3G/period=64/state=8062eb31f3b1: teacher rows do not contain constraint_features_json",
    "base_c__sku_spike__seed1581559893/branch=0/episode=1/product=AN RICE CRACKER SEAWEED 111.3G/period=65/state=8062eb31f3b1: teacher rows do not contain constraint_features_json",
    "base_c__sku_spike__seed1581559893/branch=0/episode=1/product=AN RICE CRACKER SEAWEED 111.3G/period=66/state=8062eb31f3b1: teacher rows do not contain constraint_features_json",
    "base_c__sku_spike__seed1581559893/branch=0/episode=1/product=AN RICE CRACKER SEAWEED 111.3G/period=68/state=8062eb31f3b1: teacher rows do not contain constraint_features_json",
    "base_c__sku_spike__seed1581559893/branch=0/episode=1/product=AN RICE CRACKER SEAWEED 111.3G/period=69/state=8062eb31f3b1: teacher rows do not contain constraint_features_json",
    "base_c__sku_spike__seed1581559893/branch=0/episode=1/product=AN RICE CRACKER SEAWEED 111.3G/period=70/state=8062eb31f3b1: teacher rows do not contain constraint_features_json",
    "base_c__sku_spike__seed1581559893/branch=0/episode=1/product=AN RICE CRACKER SEAWEED 111.3G/period=71/state=8062eb31f3b1: teacher rows do not contain constraint_features_json",
    "base_c__sku_spike__seed1581559893/branch=0/episode=1/product=AN RICE CRACKER SEAWEED 111.3G/period=72/state=8062eb31f3b1: teacher rows do not contain constraint_features_json",
    "base_c__sku_spike__seed1581559893/branch=0/episode=1/product=AN RICE CRACKER SEAWEED 111.3G/period=73/state=8062eb31f3b1: teacher rows do not contain constraint_features_json",
    "base_c__sku_spike__seed1581559893/branch=0/episode=1/product=AN RICE CRACKER SEAWEED 111.3G/period=77/state=8062eb31f3b1: teacher rows do not contain constraint_features_json",
    "base_c__sku_spike__seed1581559893/branch=0/episode=1/product=AN RICE CRACKER SEAWEED 111.3G/period=78/state=8062eb31f3b1: teacher rows do not contain constraint_features_json",
    "base_c__sku_spike__seed1581559893/branch=0/episode=1/product=AN RICE CRACKER SEAWEED 111.3G/period=79/state=8062eb31f3b1: teacher rows do not contain constraint_features_json",
    "base_c__sku_spike__seed1581559893/branch=0/episode=1/product=AN RICE CRACKER SEAWEED 111.3G/period=82/state=8062eb31f3b1: teacher rows do not contain constraint_features_json",
    "base_c__sku_spike__seed1581559893/branch=0/episode=1/product=AN RICE CRACKER SEAWEED 111.3G/period=83/state=8062eb31f3b1: teacher rows do not contain constraint_features_json",
    "base_c__sku_spike__seed1581559893/branch=0/episode=1/product=AN RICE CRACKER SEAWEED 111.3G/period=84/state=8062eb31f3b1: teacher rows do not contain constraint_features_json",
    "base_c__sku_spike__seed1581559893/branch=0/episode=1/product=AN RICE CRACKER SEAWEED 111.3G/period=85/state=8062eb31f3b1: teacher rows do not contain constraint_features_json",
    "base_c__sku_spike__seed1581559893/branch=0/episode=1/product=AN RICE CRACKER SEAWEED 111.3G/period=86/state=8062eb31f3b1: teacher rows do not contain constraint_features_json",
    "base_c__sku_spike__seed1581559893/branch=0/episode=1/product=AN RICE CRACKER SEAWEED 111.3G/period=87/state=8062eb31f3b1: teacher rows do not contain constraint_features_json",
    "base_c__sku_spike__seed1581559893/branch=0/episode=1/product=AN RICE CRACKER SEAWEED 111.3G/period=88/state=8062eb31f3b1: teacher rows do not contain constraint_features_json",
    "base_c__sku_spike__seed1581559893/branch=0/episode=1/product=AN RICE CRACKER SEAWEED 111.3G/period=89/state=8062eb31f3b1: teacher rows do not contain constraint_features_json",
    "base_c__sku_spike__seed1581559893/branch=0/episode=1/product=AN RICE CRACKER SEAWEED 111.3G/period=90/state=8062eb31f3b1: teacher rows do not contain constraint_features_json",
    "base_c__sku_spike__seed1581559893/branch=0/episode=1/product=AN RICE CRACKER SEAWEED 111.3G/period=91/state=8062eb31f3b1: teacher rows do not contain constraint_features_json",
    "base_c__sku_spike__seed1581559893/branch=0/episode=1/product=AN RICE CRACKER SEAWEED 111.3G/period=92/state=8062eb31f3b1: teacher rows do not contain constraint_features_json",
    "base_c__sku_spike__seed1581559893/branch=0/episode=1/product=AN RICE CRACKER SEAWEED 111.3G/period=93/state=8062eb31f3b1: teacher rows do not contain constraint_features_json",
    "base_c__sku_spike__seed1581559893/branch=0/episode=1/product=AN RICE CRACKER SEAWEED 111.3G/period=94/state=8062eb31f3b1: teacher rows do not contain constraint_features_json",
    "base_c__sku_spike__seed1581559893/branch=0/episode=1/product=AN RICE CRACKER SEAWEED 111.3G/period=95/state=8062eb31f3b1: teacher rows do not contain constraint_features_json",
    "base_c__sku_spike__seed1581559893/branch=0/episode=1/product=AN RICE CRACKER SEAWEED 111.3G/period=96/state=8062eb31f3b1: teacher rows do not contain constraint_features_json",
    "base_c__sku_spike__seed1581559893/branch=0/episode=1/product=AN RICE CRACKER SEAWEED 111.3G/period=97/state=8062eb31f3b1: teacher rows do not contain constraint_features_json",
    "base_c__sku_spike__seed1581559893/branch=0/episode=1/product=AN RICE CRACKER SEAWEED 111.3G/period=98/state=8062eb31f3b1: teacher rows do not contain constraint_features_json",
    "base_c__sku_spike__seed1581559893/branch=0/episode=1/product=AN RICE CRACKER SEAWEED 111.3G/period=99/state=8062eb31f3b1: teacher rows do not contain constraint_features_json",
    "base_c__sku_spike__seed1581559893/branch=0/episode=1/product=AN RICE CRACKER SEAWEED 111.3G/period=100/state=8062eb31f3b1: teacher rows do not contain constraint_features_json",
    "base_c__sku_spike__seed1581559893/branch=0/episode=1/product=AN RICE CRACKER SEAWEED 111.3G/period=101/state=8062eb31f3b1: teacher rows do not contain constraint_features_json",
    "base_c__sku_spike__seed1581559893/branch=0/episode=1/product=AN RICE CRACKER SEAWEED 111.3G/period=102/state=8062eb31f3b1: teacher rows do not contain constraint_features_json",
    "base_c__sku_spike__seed1581559893/branch=0/episode=1/product=AN RICE CRACKER SEAWEED 111.3G/period=103/state=8062eb31f3b1: teacher rows do not contain constraint_features_json",
    "base_c__sku_spike__seed1581559893/branch=0/episode=1/product=AN RICE CRACKER SEAWEED 111.3G/period=104/state=8062eb31f3b1: teacher rows do not contain constraint_features_json",
    "base_c__sku_spike__seed1581559893/branch=0/episode=1/product=AN RICE CRACKER SEAWEED 111.3G/period=105/state=8062eb31f3b1: teacher rows do not contain constraint_features_json",
    "base_c__sku_spike__seed1581559893/branch=0/episode=1/product=AN RICE CRACKER SEAWEED 111.3G/period=106/state=8062eb31f3b1: teacher rows do not contain constraint_features_json",
    "base_c__sku_spike__seed1581559893/branch=0/episode=1/product=AN RICE CRACKER SEAWEED 111.3G/period=107/state=8062eb31f3b1: teacher rows do not contain constraint_features_json",
    "base_c__sku_spike__seed1581559893/branch=0/episode=1/product=AN RICE CRACKER SEAWEED 111.3G/period=108/state=8062eb31f3b1: teacher rows do not contain constraint_features_json",
    "base_c__sku_spike__seed1581559893/branch=0/episode=1/product=AN RICE CRACKER SEAWEED 111.3G/period=109/state=8062eb31f3b1: teacher rows do not contain constraint_features_json",
    "base_c__sku_spike__seed1581559893/branch=0/episode=1/product=AN RICE CRACKER SEAWEED 111.3G/period=110/state=8062eb31f3b1: teacher rows do not contain constraint_features_json",
    "base_c__sku_spike__seed1581559893/branch=0/episode=1/product=AN RICE CRACKER SEAWEED 111.3G/period=111/state=8062eb31f3b1: teacher rows do not contain constraint_features_json",
    "base_c__sku_spike__seed1581559893/branch=0/episode=1/product=AN RICE CRACKER SEAWEED 111.3G/period=112/state=8062eb31f3b1: teacher rows do not contain constraint_features_json",
    "base_c__sku_spike__seed1581559893/branch=0/episode=1/product=AN RICE CRACKER SEAWEED 111.3G/period=113/state=8062eb31f3b1: teacher rows do not contain constraint_features_json",
    "base_c__sku_spike__seed1581559893/branch=0/episode=1/product=AN RICE CRACKER SEAWEED 111.3G/period=114/state=8062eb31f3b1: teacher rows do not contain constraint_features_json",
    "base_c__sku_spike__seed1581559893/branch=0/episode=1/product=AN RICE CRACKER SEAWEED 111.3G/period=115/state=8062eb31f3b1: teacher rows do not contain constraint_features_json",
    "base_c__sku_spike__seed1581559893/branch=0/episode=1/product=AN RICE CRACKER SEAWEED 111.3G/period=116/state=8062eb31f3b1: teacher rows do not contain constraint_features_json",
    "base_c__sku_spike__seed1581559893/branch=0/episode=1/product=AN RICE CRACKER SEAWEED 111.3G/period=117/state=8062eb31f3b1: teacher rows do not contain constraint_features_json",
    "base_c__sku_spike__seed1581559893/branch=0/episode=1/product=AN RICE CRACKER SEAWEED 111.3G/period=118/state=8062eb31f3b1: teacher rows do not contain constraint_features_json",
    "base_c__sku_spike__seed1581559893/branch=0/episode=1/product=AN RICE CRACKER SEAWEED 111.3G/period=119/state=8062eb31f3b1: teacher rows do not contain constraint_features_json",
    "base_c__sku_spike__seed1581559893/branch=0/episode=1/product=AN RICE CRACKER SEAWEED 111.3G/period=120/state=8062eb31f3b1: teacher rows do not contain constraint_features_json",
    "base_c__sku_spike__seed1581559893/branch=0/episode=1/product=AN RICE CRACKER SEAWEED 111.3G/period=121/state=8062eb31f3b1: teacher rows do not contain constraint_features_json",
    "base_c__sku_spike__seed1581559893/branch=0/episode=1/product=AN RICE CRACKER SEAWEED 111.3G/period=122/state=8062eb31f3b1: teacher rows do not contain constraint_features_json",
    "base_c__sku_spike__seed1581559893/branch=0/episode=1/product=AN RICE CRACKER SEAWEED 111.3G/period=124/state=8062eb31f3b1: teacher rows do not contain constraint_features_json",
    "base_c__sku_spike__seed1581559893/branch=0/episode=1/product=AN RICE CRACKER SEAWEED 111.3G/period=125/state=8062eb31f3b1: teacher rows do not contain constraint_features_json",
    "base_c__sku_spike__seed1581559893/branch=0/episode=1/product=AN RICE CRACKER SEAWEED 111.3G/period=126/state=8062eb31f3b1: teacher rows do not contain constraint_features_json",
    "base_c__sku_spike__seed1581559893/branch=0/episode=1/product=AN RICE CRACKER SEAWEED 111.3G/period=127/state=8062eb31f3b1: teacher rows do not contain constraint_features_json",
    "base_c__sku_spike__seed1581559893/branch=0/episode=1/product=AN RICE CRACKER SEAWEED 111.3G/period=128/state=8062eb31f3b1: teacher rows do not contain constraint_features_json",
    "base_c__sku_spike__seed1581559893/branch=0/episode=1/product=AN RICE CRACKER SEAWEED 111.3G/period=129/state=8062eb31f3b1: teacher rows do not contain constraint_features_json",
    "base_c__sku_spike__seed1581559893/branch=0/episode=1/product=AN RICE CRACKER SEAWEED 111.3G/period=130/state=8062eb31f3b1: teacher rows do not contain constraint_features_json",
    "base_c__sku_spike__seed1581559893/branch=0/episode=1/product=AN RICE CRACKER SEAWEED 111.3G/period=132/state=8062eb31f3b1: teacher rows do not contain constraint_features_json",
    "base_c__sku_spike__seed1581559893/branch=0/episode=1/product=AN RICE CRACKER SEAWEED 111.3G/period=133/state=8062eb31f3b1: teacher rows do not contain constraint_features_json",
    "base_c__sku_spike__seed1581559893/branch=0/episode=1/product=AN RICE CRACKER SEAWEED 111.3G/period=134/state=8062eb31f3b1: teacher rows do not contain constraint_features_json",
    "base_c__sku_spike__seed1581559893/branch=0/episode=1/product=AN RICE CRACKER SEAWEED 111.3G/period=135/state=8062eb31f3b1: teacher rows do not contain constraint_features_json",
    "base_c__sku_spike__seed1581559893/branch=0/episode=1/product=AN RICE CRACKER SEAWEED 111.3G/period=136/state=8062eb31f3b1: teacher rows do not contain constraint_features_json",
    "base_c__sku_spike__seed1581559893/branch=0/episode=1/product=AN RICE CRACKER SEAWEED 111.3G/period=137/state=8062eb31f3b1: teacher rows do not contain constraint_features_json",
    "base_c__sku_spike__seed1581559893/branch=0/episode=1/product=AN RICE CRACKER SEAWEED 111.3G/period=138/state=8062eb31f3b1: teacher rows do not contain constraint_features_json",
    "base_c__sku_spike__seed1581559893/branch=0/episode=1/product=AN RICE CRACKER SEAWEED 111.3G/period=139/state=8062eb31f3b1: teacher rows do not contain constraint_features_json",
    "base_c__sku_spike__seed1581559893/branch=0/episode=1/product=AN RICE CRACKER SEAWEED 111.3G/period=140/state=8062eb31f3b1: teacher rows do not contain constraint_features_json",
    "base_c__sku_spike__seed1581559893/branch=0/episode=1/product=AN RICE CRACKER SEAWEED 111.3G/period=141/state=8062eb31f3b1: teacher rows do not contain constraint_features_json",
    "base_c__sku_spike__seed1581559893/branch=0/episode=1/product=AN RICE CRACKER SEAWEED 111.3G/period=142/state=8062eb31f3b1: teacher rows do not contain constraint_features_json",
    "base_c__sku_spike__seed1581559893/branch=0/episode=1/product=AN RICE CRACKER SEAWEED 111.3G/period=143/state=8062eb31f3b1: teacher rows do not contain constraint_features_json",
    "base_c__sku_spike__seed1581559893/branch=0/episode=1/product=AN RICE CRACKER SEAWEED 111.3G/period=144/state=8062eb31f3b1: teacher rows do not contain constraint_features_json",
    "base_c__sku_spike__seed1581559893/branch=0/episode=1/product=AN RICE CRACKER SEAWEED 111.3G/period=145/state=8062eb31f3b1: teacher rows do not contain constraint_features_json",
    "base_c__sku_spike__seed1581559893/branch=0/episode=1/product=AN RICE CRACKER SEAWEED 111.3G/period=146/state=8062eb31f3b1: teacher rows do not contain constraint_features_json",
    "base_c__sku_spike__seed1581559893/branch=0/episode=1/product=AN RICE CRACKER SEAWEED 111.3G/period=147/state=8062eb31f3b1: teacher rows do not contain constraint_features_json",
    "base_c__sku_spike__seed1581559893/branch=0/episode=1/product=AN RICE CRACKER SEAWEED 111.3G/period=148/state=8062eb31f3b1: teacher rows do not contain constraint_features_json",
    "base_c__sku_spike__seed1581559893/branch=0/episode=1/product=AN RICE CRACKER SEAWEED 111.3G/period=149/state=8062eb31f3b1: teacher rows do not contain constraint_features_json",
    "base_c__sku_spike__seed1581559893/branch=0/episode=1/product=AN RICE CRACKER SEAWEED 111.3G/period=150/state=8062eb31f3b1: teacher rows do not contain constraint_features_json",
    "base_c__sku_spike__seed1581559893/branch=0/episode=1/product=AN RICE CRACKER SEAWEED 111.3G/period=151/state=8062eb31f3b1: teacher rows do not contain constraint_features_json",
    "base_c__sku_spike__seed1581559893/branch=0/episode=1/product=AN RICE CRACKER SEAWEED 111.3G/period=152/state=8062eb31f3b1: teacher rows do not contain constraint_features_json",
    "base_c__sku_spike__seed1581559893/branch=0/episode=1/product=AN RICE CRACKER SEAWEED 111.3G/period=153/state=8062eb31f3b1: teacher rows do not contain constraint_features_json",
    "base_c__sku_spike__seed1581559893/branch=0/episode=1/product=OREO VANILLA 110.4/105G/period=4/state=8062eb31f3b1: teacher rows do not contain constraint_features_json",
    "base_c__sku_spike__seed1581559893/branch=0/episode=1/product=OREO VANILLA 110.4/105G/period=5/state=8062eb31f3b1: teacher rows do not contain constraint_features_json",
    "base_c__sku_spike__seed1581559893/branch=0/episode=1/product=OREO VANILLA 110.4/105G/period=6/state=8062eb31f3b1: teacher rows do not contain constraint_features_json",
    "base_c__sku_spike__seed1581559893/branch=0/episode=1/product=OREO VANILLA 110.4/105G/period=7/state=8062eb31f3b1: teacher rows do not contain constraint_features_json",
    "base_c__sku_spike__seed1581559893/branch=0/episode=1/product=OREO VANILLA 110.4/105G/period=8/state=8062eb31f3b1: teacher rows do not contain constraint_features_json",
    "base_c__sku_spike__seed1581559893/branch=0/episode=1/product=OREO VANILLA 110.4/105G/period=9/state=8062eb31f3b1: teacher rows do not contain constraint_features_json",
    "base_c__sku_spike__seed1581559893/branch=0/episode=1/product=OREO VANILLA 110.4/105G/period=10/state=8062eb31f3b1: teacher rows do not contain constraint_features_json",
    "base_c__sku_spike__seed1581559893/branch=0/episode=1/product=OREO VANILLA 110.4/105G/period=11/state=8062eb31f3b1: teacher rows do not contain constraint_features_json",
    "base_c__sku_spike__seed1581559893/branch=0/episode=1/product=OREO VANILLA 110.4/105G/period=12/state=8062eb31f3b1: teacher rows do not contain constraint_features_json",
    "base_c__sku_spike__seed1581559893/branch=0/episode=1/product=OREO VANILLA 110.4/105G/period=13/state=8062eb31f3b1: teacher rows do not contain constraint_features_json",
    "base_c__sku_spike__seed1581559893/branch=0/episode=1/product=OREO VANILLA 110.4/105G/period=14/state=8062eb31f3b1: teacher rows do not contain constraint_features_json",
    "base_c__sku_spike__seed1581559893/branch=0/episode=1/product=OREO VANILLA 110.4/105G/period=15/state=8062eb31f3b1: teacher rows do not contain constraint_features_json",
    "base_c__sku_spike__seed1581559893/branch=0/episode=1/product=OREO VANILLA 110.4/105G/period=16/state=8062eb31f3b1: teacher rows do not contain constraint_features_json",
    "base_c__sku_spike__seed1581559893/branch=0/episode=1/product=OREO VANILLA 110.4/105G/period=17/state=8062eb31f3b1: teacher rows do not contain constraint_features_json",
    "base_c__sku_spike__seed1581559893/branch=0/episode=1/product=OREO VANILLA 110.4/105G/period=18/state=8062eb31f3b1: teacher rows do not contain constraint_features_json",
    "base_c__sku_spike__seed1581559893/branch=0/episode=1/product=OREO VANILLA 110.4/105G/period=19/state=8062eb31f3b1: teacher rows do not contain constraint_features_json",
    "base_c__sku_spike__seed1581559893/branch=0/episode=1/product=OREO VANILLA 110.4/105G/period=20/state=8062eb31f3b1: teacher rows do not contain constraint_features_json",
    "base_c__sku_spike__seed1581559893/branch=0/episode=1/product=OREO VANILLA 110.4/105G/period=21/state=8062eb31f3b1: teacher rows do not contain constraint_features_json",
    "base_c__sku_spike__seed1581559893/branch=0/episode=1/product=OREO VANILLA 110.4/105G/period=22/state=8062eb31f3b1: teacher rows do not contain constraint_features_json",
    "base_c__sku_spike__seed1581559893/branch=0/episode=1/product=OREO VANILLA 110.4/105G/period=23/state=8062eb31f3b1: teacher rows do not contain constraint_features_json",
    "base_c__sku_spike__seed1581559893/branch=0/episode=1/product=OREO VANILLA 110.4/105G/period=24/state=8062eb31f3b1: teacher rows do not contain constraint_features_json",
    "base_c__sku_spike__seed1581559893/branch=0/episode=1/product=OREO VANILLA 110.4/105G/period=25/state=8062eb31f3b1: teacher rows do not contain constraint_features_json",
    "base_c__sku_spike__seed1581559893/branch=0/episode=1/product=OREO VANILLA 110.4/105G/period=26/state=8062eb31f3b1: teacher rows do not contain constraint_features_json",
    "base_c__sku_spike__seed1581559893/branch=0/episode=1/product=OREO VANILLA 110.4/105G/period=27/state=8062eb31f3b1: teacher rows do not contain constraint_features_json",
    "base_c__sku_spike__seed1581559893/branch=0/episode=1/product=OREO VANILLA 110.4/105G/period=28/state=8062eb31f3b1: teacher rows do not contain constraint_features_json",
    "base_c__sku_spike__seed1581559893/branch=0/episode=1/product=OREO VANILLA 110.4/105G/period=29/state=8062eb31f3b1: teacher rows do not contain constraint_features_json",
    "base_c__sku_spike__seed1581559893/branch=0/episode=1/product=OREO VANILLA 110.4/105G/period=30/state=8062eb31f3b1: teacher rows do not contain constraint_features_json",
    "base_c__sku_spike__seed1581559893/branch=0/episode=1/product=OREO VANILLA 110.4/105G/period=31/state=8062eb31f3b1: teacher rows do not contain constraint_features_json",
    "base_c__sku_spike__seed1581559893/branch=0/episode=1/product=OREO VANILLA 110.4/105G/period=32/state=8062eb31f3b1: teacher rows do not contain constraint_features_json",
    "base_c__sku_spike__seed1581559893/branch=0/episode=1/product=OREO VANILLA 110.4/105G/period=33/state=8062eb31f3b1: teacher rows do not contain constraint_features_json",
    "base_c__sku_spike__seed1581559893/branch=0/episode=1/product=OREO VANILLA 110.4/105G/period=34/state=8062eb31f3b1: teacher rows do not contain constraint_features_json",
    "base_c__sku_spike__seed1581559893/branch=0/episode=1/product=OREO VANILLA 110.4/105G/period=35/state=8062eb31f3b1: teacher rows do not contain constraint_features_json",
    "base_c__sku_spike__seed1581559893/branch=0/episode=1/product=OREO VANILLA 110.4/105G/period=36/state=8062eb31f3b1: teacher rows do not contain constraint_features_json",
    "base_c__sku_spike__seed1581559893/branch=0/episode=1/product=OREO VANILLA 110.4/105G/period=37/state=8062eb31f3b1: teacher rows do not contain constraint_features_json",
    "base_c__sku_spike__seed1581559893/branch=0/episode=1/product=OREO VANILLA 110.4/105G/period=38/state=8062eb31f3b1: teacher rows do not contain constraint_features_json",
    "base_c__sku_spike__seed1581559893/branch=0/episode=1/product=OREO VANILLA 110.4/105G/period=39/state=8062eb31f3b1: teacher rows do not contain constraint_features_json",
    "base_c__sku_spike__seed1581559893/branch=0/episode=1/product=OREO VANILLA 110.4/105G/period=40/state=8062eb31f3b1: teacher rows do not contain constraint_features_json",
    "base_c__sku_spike__seed1581559893/branch=0/episode=1/product=OREO VANILLA 110.4/105G/period=41/state=8062eb31f3b1: teacher rows do not contain constraint_features_json",
    "base_c__sku_spike__seed1581559893/branch=0/episode=1/product=OREO VANILLA 110.4/105G/period=42/state=8062eb31f3b1: teacher rows do not contain constraint_features_json",
    "base_c__sku_spike__seed1581559893/branch=0/episode=1/product=OREO VANILLA 110.4/105G/period=43/state=8062eb31f3b1: teacher rows do not contain constraint_features_json",
    "base_c__sku_spike__seed1581559893/branch=0/episode=1/product=OREO VANILLA 110.4/105G/period=44/state=8062eb31f3b1: teacher rows do not contain constraint_features_json",
    "base_c__sku_spike__seed1581559893/branch=0/episode=1/product=OREO VANILLA 110.4/105G/period=45/state=8062eb31f3b1: teacher rows do not contain constraint_features_json",
    "base_c__sku_spike__seed1581559893/branch=0/episode=1/product=OREO VANILLA 110.4/105G/period=46/state=8062eb31f3b1: teacher rows do not contain constraint_features_json",
    "base_c__sku_spike__seed1581559893/branch=0/episode=1/product=OREO VANILLA 110.4/105G/period=47/state=8062eb31f3b1: teacher rows do not contain constraint_features_json",
    "base_c__sku_spike__seed1581559893/branch=0/episode=1/product=OREO VANILLA 110.4/105G/period=48/state=8062eb31f3b1: teacher rows do not contain constraint_features_json",
    "base_c__sku_spike__seed1581559893/branch=0/episode=1/product=OREO VANILLA 110.4/105G/period=49/state=8062eb31f3b1: teacher rows do not contain constraint_features_json",
    "base_c__sku_spike__seed1581559893/branch=0/episode=1/product=OREO VANILLA 110.4/105G/period=50/state=8062eb31f3b1: teacher rows do not contain constraint_features_json",
    "base_c__sku_spike__seed1581559893/branch=0/episode=1/product=OREO VANILLA 110.4/105G/period=51/state=8062eb31f3b1: teacher rows do not contain constraint_features_json",
    "base_c__sku_spike__seed1581559893/branch=0/episode=1/product=OREO VANILLA 110.4/105G/period=52/state=8062eb31f3b1: teacher rows do not contain constraint_features_json",
    "base_c__sku_spike__seed1581559893/branch=0/episode=1/product=OREO VANILLA 110.4/105G/period=53/state=8062eb31f3b1: teacher rows do not contain constraint_features_json",
    "base_c__sku_spike__seed1581559893/branch=0/episode=1/product=OREO VANILLA 110.4/105G/period=54/state=8062eb31f3b1: teacher rows do not contain constraint_features_json",
    "base_c__sku_spike__seed1581559893/branch=0/episode=1/product=OREO VANILLA 110.4/105G/period=56/state=8062eb31f3b1: teacher rows do not contain constraint_features_json",
    "base_c__sku_spike__seed1581559893/branch=0/episode=1/product=OREO VANILLA 110.4/105G/period=57/state=8062eb31f3b1: teacher rows do not contain constraint_features_json",
    "base_c__sku_spike__seed1581559893/branch=0/episode=1/product=OREO VANILLA 110.4/105G/period=58/state=8062eb31f3b1: teacher rows do not contain constraint_features_json",
    "base_c__sku_spike__seed1581559893/branch=0/episode=1/product=OREO VANILLA 110.4/105G/period=59/state=8062eb31f3b1: teacher rows do not contain constraint_features_json",
    "base_c__sku_spike__seed1581559893/branch=0/episode=1/product=OREO VANILLA 110.4/105G/period=60/state=8062eb31f3b1: teacher rows do not contain constraint_features_json",
    "base_c__sku_spike__seed1581559893/branch=0/episode=1/product=OREO VANILLA 110.4/105G/period=61/state=8062eb31f3b1: teacher rows do not contain constraint_features_json",
    "base_c__sku_spike__seed1581559893/branch=0/episode=1/product=OREO VANILLA 110.4/105G/period=62/state=8062eb31f3b1: teacher rows do not contain constraint_features_json",
    "base_c__sku_spike__seed1581559893/branch=0/episode=1/product=OREO VANILLA 110.4/105G/period=63/state=8062eb31f3b1: teacher rows do not contain constraint_features_json",
    "base_c__sku_spike__seed1581559893/branch=0/episode=1/product=OREO VANILLA 110.4/105G/period=64/state=8062eb31f3b1: teacher rows do not contain constraint_features_json",
    "base_c__sku_spike__seed1581559893/branch=0/episode=1/product=OREO VANILLA 110.4/105G/period=65/state=8062eb31f3b1: teacher rows do not contain constraint_features_json",
    "base_c__sku_spike__seed1581559893/branch=0/episode=1/product=OREO VANILLA 110.4/105G/period=66/state=8062eb31f3b1: teacher rows do not contain constraint_features_json",
    "base_c__sku_spike__seed1581559893/branch=0/episode=1/product=OREO VANILLA 110.4/105G/period=67/state=8062eb31f3b1: teacher rows do not contain constraint_features_json",
    "base_c__sku_spike__seed1581559893/branch=0/episode=1/product=OREO VANILLA 110.4/105G/period=68/state=8062eb31f3b1: teacher rows do not contain constraint_features_json",
    "base_c__sku_spike__seed1581559893/branch=0/episode=1/product=OREO VANILLA 110.4/105G/period=69/state=8062eb31f3b1: teacher rows do not contain constraint_features_json",
    "base_c__sku_spike__seed1581559893/branch=0/episode=1/product=OREO VANILLA 110.4/105G/period=70/state=8062eb31f3b1: teacher rows do not contain constraint_features_json",
    "base_c__sku_spike__seed1581559893/branch=0/episode=1/product=OREO VANILLA 110.4/105G/period=71/state=8062eb31f3b1: teacher rows do not contain constraint_features_json",
    "base_c__sku_spike__seed1581559893/branch=0/episode=1/product=OREO VANILLA 110.4/105G/period=72/state=8062eb31f3b1: teacher rows do not contain constraint_features_json",
    "base_c__sku_spike__seed1581559893/branch=0/episode=1/product=OREO VANILLA 110.4/105G/period=73/state=8062eb31f3b1: teacher rows do not contain constraint_features_json",
    "base_c__sku_spike__seed1581559893/branch=0/episode=1/product=OREO VANILLA 110.4/105G/period=74/state=8062eb31f3b1: teacher rows do not contain constraint_features_json",
    "base_c__sku_spike__seed1581559893/branch=0/episode=1/product=OREO VANILLA 110.4/105G/period=75/state=8062eb31f3b1: teacher rows do not contain constraint_features_json",
    "base_c__sku_spike__seed1581559893/branch=0/episode=1/product=OREO VANILLA 110.4/105G/period=79/state=8062eb31f3b1: teacher rows do not contain constraint_features_json",
    "base_c__sku_spike__seed1581559893/branch=0/episode=1/product=OREO VANILLA 110.4/105G/period=80/state=8062eb31f3b1: teacher rows do not contain constraint_features_json",
    "base_c__sku_spike__seed1581559893/branch=0/episode=1/product=OREO VANILLA 110.4/105G/period=81/state=8062eb31f3b1: teacher rows do not contain constraint_features_json",
    "base_c__sku_spike__seed1581559893/branch=0/episode=1/product=OREO VANILLA 110.4/105G/period=82/state=8062eb31f3b1: teacher rows do not contain constraint_features_json",
    "base_c__sku_spike__seed1581559893/branch=0/episode=1/product=OREO VANILLA 110.4/105G/period=83/state=8062eb31f3b1: teacher rows do not contain constraint_features_json",
    "base_c__sku_spike__seed1581559893/branch=0/episode=1/product=OREO VANILLA 110.4/105G/period=84/state=8062eb31f3b1: teacher rows do not contain constraint_features_json",
    "base_c__sku_spike__seed1581559893/branch=0/episode=1/product=OREO VANILLA 110.4/105G/period=85/state=8062eb31f3b1: teacher rows do not contain constraint_features_json",
    "base_c__sku_spike__seed1581559893/branch=0/episode=1/product=OREO VANILLA 110.4/105G/period=86/state=8062eb31f3b1: teacher rows do not contain constraint_features_json",
    "base_c__sku_spike__seed1581559893/branch=0/episode=1/product=OREO VANILLA 110.4/105G/period=87/state=8062eb31f3b1: teacher rows do not contain constraint_features_json",
    "base_c__sku_spike__seed1581559893/branch=0/episode=1/product=OREO VANILLA 110.4/105G/period=88/state=8062eb31f3b1: teacher rows do not contain constraint_features_json",
    "base_c__sku_spike__seed1581559893/branch=0/episode=1/product=OREO VANILLA 110.4/105G/period=89/state=8062eb31f3b1: teacher rows do not contain constraint_features_json",
    "base_c__sku_spike__seed1581559893/branch=0/episode=1/product=OREO VANILLA 110.4/105G/period=90/state=8062eb31f3b1: teacher rows do not contain constraint_features_json",
    "base_c__sku_spike__seed1581559893/branch=0/episode=1/product=OREO VANILLA 110.4/105G/period=91/state=8062eb31f3b1: teacher rows do not contain constraint_features_json",
    "base_c__sku_spike__seed1581559893/branch=0/episode=1/product=OREO VANILLA 110.4/105G/period=92/state=8062eb31f3b1: teacher rows do not contain constraint_features_json",
    "base_c__sku_spike__seed1581559893/branch=0/episode=1/product=OREO VANILLA 110.4/105G/period=93/state=8062eb31f3b1: teacher rows do not contain constraint_features_json",
    "base_c__sku_spike__seed1581559893/branch=0/episode=1/product=OREO VANILLA 110.4/105G/period=94/state=8062eb31f3b1: teacher rows do not contain constraint_features_json",
    "base_c__sku_spike__seed1581559893/branch=0/episode=1/product=OREO VANILLA 110.4/105G/period=95/state=8062eb31f3b1: teacher rows do not contain constraint_features_json",
    "base_c__sku_spike__seed1581559893/branch=0/episode=1/product=OREO VANILLA 110.4/105G/period=96/state=8062eb31f3b1: teacher rows do not contain constraint_features_json",
    "base_c__sku_spike__seed1581559893/branch=0/episode=1/product=OREO VANILLA 110.4/105G/period=97/state=8062eb31f3b1: teacher rows do not contain constraint_features_json",
    "base_c__sku_spike__seed1581559893/branch=0/episode=1/product=OREO VANILLA 110.4/105G/period=98/state=8062eb31f3b1: teacher rows do not contain constraint_features_json",
    "base_c__sku_spike__seed1581559893/branch=0/episode=1/product=OREO VANILLA 110.4/105G/period=99/state=8062eb31f3b1: teacher rows do not contain constraint_features_json",
    "base_c__sku_spike__seed1581559893/branch=0/episode=1/product=OREO VANILLA 110.4/105G/period=100/state=8062eb31f3b1: teacher rows do not contain constraint_features_json",
    "base_c__sku_spike__seed1581559893/branch=0/episode=1/product=OREO VANILLA 110.4/105G/period=101/state=8062eb31f3b1: teacher rows do not contain constraint_features_json",
    "base_c__sku_spike__seed1581559893/branch=0/episode=1/product=OREO VANILLA 110.4/105G/period=102/state=8062eb31f3b1: teacher rows do not contain constraint_features_json",
    "base_c__sku_spike__seed1581559893/branch=0/episode=1/product=OREO VANILLA 110.4/105G/period=103/state=8062eb31f3b1: teacher rows do not contain constraint_features_json",
    "base_c__sku_spike__seed1581559893/branch=0/episode=1/product=OREO VANILLA 110.4/105G/period=104/state=8062eb31f3b1: teacher rows do not contain constraint_features_json",
    "base_c__sku_spike__seed1581559893/branch=0/episode=1/product=OREO VANILLA 110.4/105G/period=105/state=8062eb31f3b1: teacher rows do not contain constraint_features_json",
    "base_c__sku_spike__seed1581559893/branch=0/episode=1/product=OREO VANILLA 110.4/105G/period=106/state=8062eb31f3b1: teacher rows do not contain constraint_features_json",
    "base_c__sku_spike__seed1581559893/branch=0/episode=1/product=OREO VANILLA 110.4/105G/period=107/state=8062eb31f3b1: teacher rows do not contain constraint_features_json",
    "base_c__sku_spike__seed1581559893/branch=0/episode=1/product=OREO VANILLA 110.4/105G/period=108/state=8062eb31f3b1: teacher rows do not contain constraint_features_json",
    "base_c__sku_spike__seed1581559893/branch=0/episode=1/product=OREO VANILLA 110.4/105G/period=109/state=8062eb31f3b1: teacher rows do not contain constraint_features_json",
    "base_c__sku_spike__seed1581559893/branch=0/episode=1/product=OREO VANILLA 110.4/105G/period=110/state=8062eb31f3b1: teacher rows do not contain constraint_features_json",
    "base_c__sku_spike__seed1581559893/branch=0/episode=1/product=OREO VANILLA 110.4/105G/period=111/state=8062eb31f3b1: teacher rows do not contain constraint_features_json",
    "base_c__sku_spike__seed1581559893/branch=0/episode=1/product=OREO VANILLA 110.4/105G/period=112/state=8062eb31f3b1: teacher rows do not contain constraint_features_json",
    "base_c__sku_spike__seed1581559893/branch=0/episode=1/product=OREO VANILLA 110.4/105G/period=113/state=8062eb31f3b1: teacher rows do not contain constraint_features_json",
    "base_c__sku_spike__seed1581559893/branch=0/episode=1/product=OREO VANILLA 110.4/105G/period=114/state=8062eb31f3b1: teacher rows do not contain constraint_features_json",
    "base_c__sku_spike__seed1581559893/branch=0/episode=1/product=OREO VANILLA 110.4/105G/period=115/state=8062eb31f3b1: teacher rows do not contain constraint_features_json",
    "base_c__sku_spike__seed1581559893/branch=0/episode=1/product=OREO VANILLA 110.4/105G/period=116/state=8062eb31f3b1: teacher rows do not contain constraint_features_json",
    "base_c__sku_spike__seed1581559893/branch=0/episode=1/product=OREO VANILLA 110.4/105G/period=117/state=8062eb31f3b1: teacher rows do not contain constraint_features_json",
    "base_c__sku_spike__seed1581559893/branch=0/episode=1/product=OREO VANILLA 110.4/105G/period=118/state=8062eb31f3b1: teacher rows do not contain constraint_features_json",
    "base_c__sku_spike__seed1581559893/branch=0/episode=1/product=OREO VANILLA 110.4/105G/period=119/state=8062eb31f3b1: teacher rows do not contain constraint_features_json",
    "base_c__sku_spike__seed1581559893/branch=0/episode=1/product=OREO VANILLA 110.4/105G/period=120/state=8062eb31f3b1: teacher rows do not contain constraint_features_json",
    "base_c__sku_spike__seed1581559893/branch=0/episode=1/product=OREO VANILLA 110.4/105G/period=121/state=8062eb31f3b1: teacher rows do not contain constraint_features_json",
    "base_c__sku_spike__seed1581559893/branch=0/episode=1/product=OREO VANILLA 110.4/105G/period=122/state=8062eb31f3b1: teacher rows do not contain constraint_features_json",
    "base_c__sku_spike__seed1581559893/branch=0/episode=1/product=OREO VANILLA 110.4/105G/period=123/state=8062eb31f3b1: teacher rows do not contain constraint_features_json",
    "base_c__sku_spike__seed1581559893/branch=0/episode=1/product=OREO VANILLA 110.4/105G/period=125/state=8062eb31f3b1: teacher rows do not contain constraint_features_json",
    "base_c__sku_spike__seed1581559893/branch=0/episode=1/product=OREO VANILLA 110.4/105G/period=126/state=8062eb31f3b1: teacher rows do not contain constraint_features_json",
    "base_c__sku_spike__seed1581559893/branch=0/episode=1/product=OREO VANILLA 110.4/105G/period=127/state=8062eb31f3b1: teacher rows do not contain constraint_features_json",
    "base_c__sku_spike__seed1581559893/branch=0/episode=1/product=OREO VANILLA 110.4/105G/period=128/state=8062eb31f3b1: teacher rows do not contain constraint_features_json",
    "base_c__sku_spike__seed1581559893/branch=0/episode=1/product=OREO VANILLA 110.4/105G/period=129/state=8062eb31f3b1: teacher rows do not contain constraint_features_json",
    "base_c__sku_spike__seed1581559893/branch=0/episode=1/product=OREO VANILLA 110.4/105G/period=130/state=8062eb31f3b1: teacher rows do not contain constraint_features_json",
    "base_c__sku_spike__seed1581559893/branch=0/episode=1/product=OREO VANILLA 110.4/105G/period=131/state=8062eb31f3b1: teacher rows do not contain constraint_features_json",
    "base_c__sku_spike__seed1581559893/branch=0/episode=1/product=OREO VANILLA 110.4/105G/period=132/state=8062eb31f3b1: teacher rows do not contain constraint_features_json",
    "base_c__sku_spike__seed1581559893/branch=0/episode=1/product=OREO VANILLA 110.4/105G/period=133/state=8062eb31f3b1: teacher rows do not contain constraint_features_json",
    "base_c__sku_spike__seed1581559893/branch=0/episode=1/product=OREO VANILLA 110.4/105G/period=134/state=8062eb31f3b1: teacher rows do not contain constraint_features_json",
    "base_c__sku_spike__seed1581559893/branch=0/episode=1/product=OREO VANILLA 110.4/105G/period=135/state=8062eb31f3b1: teacher rows do not contain constraint_features_json",
    "base_c__sku_spike__seed1581559893/branch=0/episode=1/product=OREO VANILLA 110.4/105G/period=136/state=8062eb31f3b1: teacher rows do not contain constraint_features_json",
    "base_c__sku_spike__seed1581559893/branch=0/episode=1/product=OREO VANILLA 110.4/105G/period=137/state=8062eb31f3b1: teacher rows do not contain constraint_features_json",
    "base_c__sku_spike__seed1581559893/branch=0/episode=1/product=OREO VANILLA 110.4/105G/period=138/state=8062eb31f3b1: teacher rows do not contain constraint_features_json",
    "base_c__sku_spike__seed1581559893/branch=0/episode=1/product=OREO VANILLA 110.4/105G/period=139/state=8062eb31f3b1: teacher rows do not contain constraint_features_json",
    "base_c__sku_spike__seed1581559893/branch=0/episode=1/product=OREO VANILLA 110.4/105G/period=140/state=8062eb31f3b1: teacher rows do not contain constraint_features_json",
    "base_c__sku_spike__seed1581559893/branch=0/episode=1/product=OREO VANILLA 110.4/105G/period=141/state=8062eb31f3b1: teacher rows do not contain constraint_features_json",
    "base_c__sku_spike__seed1581559893/branch=0/episode=1/product=OREO VANILLA 110.4/105G/period=142/state=8062eb31f3b1: teacher rows do not contain constraint_features_json",
    "base_c__sku_spike__seed1581559893/branch=0/episode=1/product=OREO VANILLA 110.4/105G/period=143/state=8062eb31f3b1: teacher rows do not contain constraint_features_json",
    "base_c__sku_spike__seed1581559893/branch=0/episode=1/product=OREO VANILLA 110.4/105G/period=144/state=8062eb31f3b1: teacher rows do not contain constraint_features_json",
    "base_c__sku_spike__seed1581559893/branch=0/episode=1/product=OREO VANILLA 110.4/105G/period=145/state=8062eb31f3b1: teacher rows do not contain constraint_features_json",
    "base_c__sku_spike__seed1581559893/branch=0/episode=1/product=OREO VANILLA 110.4/105G/period=146/state=8062eb31f3b1: teacher rows do not contain constraint_features_json",
    "base_c__sku_spike__seed1581559893/branch=0/episode=1/product=OREO VANILLA 110.4/105G/period=147/state=8062eb31f3b1: teacher rows do not contain constraint_features_json",
    "base_c__sku_spike__seed1581559893/branch=0/episode=1/product=OREO VANILLA 110.4/105G/period=148/state=8062eb31f3b1: teacher rows do not contain constraint_features_json",
    "base_c__sku_spike__seed1581559893/branch=0/episode=1/product=OREO VANILLA 110.4/105G/period=149/state=8062eb31f3b1: teacher rows do not contain constraint_features_json",
    "base_c__sku_spike__seed1581559893/branch=0/episode=1/product=OREO VANILLA 110.4/105G/period=150/state=8062eb31f3b1: teacher rows do not contain constraint_features_json",
    "base_c__sku_spike__seed1581559893/branch=0/episode=2/product=AN RICE CRACKER SEAWEED 111.3G/period=21/state=7d26647049fd: teacher rows do not contain constraint_features_json",
    "base_c__sku_spike__seed1581559893/branch=0/episode=2/product=AN RICE CRACKER SEAWEED 111.3G/period=28/state=7d26647049fd: teacher rows do not contain constraint_features_json",
    "base_c__sku_spike__seed1581559893/branch=0/episode=2/product=AN RICE CRACKER SEAWEED 111.3G/period=35/state=7d26647049fd: teacher rows do not contain constraint_features_json",
    "base_c__sku_spike__seed1581559893/branch=0/episode=2/product=AN RICE CRACKER SEAWEED 111.3G/period=37/state=7d26647049fd: teacher rows do not contain constraint_features_json",
    "base_c__sku_spike__seed1581559893/branch=0/episode=2/product=AN RICE CRACKER SEAWEED 111.3G/period=51/state=7d26647049fd: teacher rows do not contain constraint_features_json",
    "base_c__sku_spike__seed1581559893/branch=0/episode=2/product=AN RICE CRACKER SEAWEED 111.3G/period=88/state=7d26647049fd: teacher rows do not contain constraint_features_json",
    "base_c__sku_spike__seed1581559893/branch=0/episode=2/product=AN RICE CRACKER SEAWEED 111.3G/period=96/state=7d26647049fd: teacher rows do not contain constraint_features_json",
    "base_c__sku_spike__seed1581559893/branch=0/episode=2/product=AN RICE CRACKER SEAWEED 111.3G/period=101/state=7d26647049fd: teacher rows do not contain constraint_features_json",
    "base_c__sku_spike__seed1581559893/branch=0/episode=2/product=AN RICE CRACKER SEAWEED 111.3G/period=106/state=7d26647049fd: teacher rows do not contain constraint_features_json",
    "base_c__sku_spike__seed1581559893/branch=0/episode=2/product=AN RICE CRACKER SEAWEED 111.3G/period=111/state=7d26647049fd: teacher rows do not contain constraint_features_json",
    "base_c__sku_spike__seed1581559893/branch=0/episode=2/product=AN RICE CRACKER SEAWEED 111.3G/period=117/state=7d26647049fd: teacher rows do not contain constraint_features_json",
    "base_c__sku_spike__seed1581559893/branch=0/episode=2/product=AN RICE CRACKER SEAWEED 111.3G/period=124/state=7d26647049fd: teacher rows do not contain constraint_features_json",
    "base_c__sku_spike__seed1581559893/branch=0/episode=2/product=AN RICE CRACKER SEAWEED 111.3G/period=135/state=7d26647049fd: teacher rows do not contain constraint_features_json",
    "base_c__sku_spike__seed1581559893/branch=0/episode=2/product=AN RICE CRACKER SEAWEED 111.3G/period=141/state=7d26647049fd: teacher rows do not contain constraint_features_json",
    "base_c__sku_spike__seed1581559893/branch=0/episode=2/product=AN RICE CRACKER SEAWEED 111.3G/period=146/state=7d26647049fd: teacher rows do not contain constraint_features_json",
    "base_c__sku_spike__seed1581559893/branch=0/episode=2/product=OREO VANILLA 110.4/105G/period=13/state=7d26647049fd: teacher rows do not contain constraint_features_json",
    "base_c__sku_spike__seed1581559893/branch=0/episode=2/product=OREO VANILLA 110.4/105G/period=16/state=7d26647049fd: teacher rows do not contain constraint_features_json",
    "base_c__sku_spike__seed1581559893/branch=0/episode=2/product=OREO VANILLA 110.4/105G/period=26/state=7d26647049fd: teacher rows do not contain constraint_features_json",
    "base_c__sku_spike__seed1581559893/branch=0/episode=2/product=OREO VANILLA 110.4/105G/period=34/state=7d26647049fd: teacher rows do not contain constraint_features_json",
    "base_c__sku_spike__seed1581559893/branch=0/episode=2/product=OREO VANILLA 110.4/105G/period=36/state=7d26647049fd: teacher rows do not contain constraint_features_json",
    "base_c__sku_spike__seed1581559893/branch=0/episode=2/product=OREO VANILLA 110.4/105G/period=86/state=7d26647049fd: teacher rows do not contain constraint_features_json",
    "base_c__sku_spike__seed1581559893/branch=0/episode=2/product=OREO VANILLA 110.4/105G/period=101/state=7d26647049fd: teacher rows do not contain constraint_features_json",
    "base_c__sku_spike__seed1581559893/branch=0/episode=2/product=OREO VANILLA 110.4/105G/period=106/state=7d26647049fd: teacher rows do not contain constraint_features_json",
    "base_c__sku_spike__seed1581559893/branch=0/episode=2/product=OREO VANILLA 110.4/105G/period=118/state=7d26647049fd: teacher rows do not contain constraint_features_json",
    "base_c__sku_spike__seed1581559893/branch=0/episode=2/product=OREO VANILLA 110.4/105G/period=123/state=7d26647049fd: teacher rows do not contain constraint_features_json",
    "base_c__sku_spike__seed1581559893/branch=0/episode=2/product=OREO VANILLA 110.4/105G/period=143/state=7d26647049fd: teacher rows do not contain constraint_features_json",
    "base_c__sku_spike__seed1581559893/branch=0/episode=2/product=OREO VANILLA 110.4/105G/period=144/state=7d26647049fd: teacher rows do not contain constraint_features_json",
    "base_c__sku_spike__seed1581559893/branch=0/episode=3/product=OREO VANILLA 110.4/105G/period=34/state=78e5418260e5: teacher rows do not contain constraint_features_json"
  ],
  "instances_per_split": {
    "train": [
      "base_a__normal_global__seed1373158607",
      "base_a__sku_spike__seed53710185",
      "base_b__gamma_store__seed590620972",
      "base_b__normal_global__seed1592467582",
      "base_b__sku_spike__seed525901257",
      "base_c__normal_global__seed479341424"
    ],
    "valid": [
      "base_a__gamma_store__seed239081664"
    ],
    "test": [
      "base_c__gamma_store__seed299655413",
      "base_c__sku_spike__seed1581559893"
    ]
  }
}
Wrote teacher-supervised graph dataset to GNN/data/irplt_teacher
