source,period,vehicle,from_store,to_store,sku,lt_qty,lt_unit_cost,lt_fixed_cost,lt_total_cost,pattern_id,lambda_value
CG_LT,103,,MM BINH PHU,MM AN PHU,AN RICE CRACKER SEAWEED 111.3G,10,0.6,2.0,7.736953,LT_AN RICE CRACKER SEAWEED 111.3G_T103_2,1.0
CG_LT,103,,MM BINH PHU,MM AN PHU,AN RICE CRACKER SEAWEED 111.3G,5,0.6,1.363149,4.48074,LT_AN RICE CRACKER SEAWEED 111.3G_T103_3,0.681575
CG_LT,103,,MM BINH PHU,MM DA NANG,AN RICE CRACKER SEAWEED 111.3G,5,0.6,1.363149,4.189371,LT_AN RICE CRACKER SEAWEED 111.3G_T103_3,0.681575
CG_LT,103,,MM HIEP PHU,MM AN PHU,AN RICE CRACKER SEAWEED 111.3G,3,0.6,1.363149,3.189846,LT_AN RICE CRACKER SEAWEED 111.3G_T103_3,0.681575
CG_LT,103,,MM HIEP PHU,MM DA NANG,AN RICE CRACKER SEAWEED 111.3G,1,0.6,1.363149,2.033329,LT_AN RICE CRACKER SEAWEED 111.3G_T103_3,0.681575
CG_LT,103,,MM BINH PHU,MM AN PHU,AN RICE CRACKER SEAWEED 111.3G,9,0.6,2.0,7.518759,LT_AN RICE CRACKER SEAWEED 111.3G_T103_4,1.0
CG_LT,103,,MM BINH PHU,MM DA NANG,AN RICE CRACKER SEAWEED 111.3G,8,0.6,2.0,6.513559,LT_AN RICE CRACKER SEAWEED 111.3G_T103_4,1.0
CG_LT,104,,MM BINH PHU,MM DA NANG,AN RICE CRACKER SEAWEED 111.3G,3,0.6,1.49245,3.087588,LT_AN RICE CRACKER SEAWEED 111.3G_T104_2,0.746225
CG_LT,104,,MM HIEP PHU,MM DA NANG,AN RICE CRACKER SEAWEED 111.3G,10,0.6,2.0,7.820193,LT_AN RICE CRACKER SEAWEED 111.3G_T104_3,1.0
CG_LT,105,,MM BINH PHU,MM DA NANG,AN RICE CRACKER SEAWEED 111.3G,7,0.6,2.0,6.061984,LT_AN RICE CRACKER SEAWEED 111.3G_T105_1,1.0
CG_LT,105,,MM BINH PHU,MM DA NANG,AN RICE CRACKER SEAWEED 111.3G,7,0.6,2.0,5.966073,LT_AN RICE CRACKER SEAWEED 111.3G_T105_2,1.0
CG_LT,105,,MM HIEP PHU,MM DA NANG,AN RICE CRACKER SEAWEED 111.3G,6,0.6,2.0,5.616097,LT_AN RICE CRACKER SEAWEED 111.3G_T105_2,1.0
CG_LT,105,,MM BINH PHU,MM AN PHU,AN RICE CRACKER SEAWEED 111.3G,1,0.6,2.0,2.619183,LT_AN RICE CRACKER SEAWEED 111.3G_T105_3,1.0
CG_LT,105,,MM BINH PHU,MM DA NANG,AN RICE CRACKER SEAWEED 111.3G,4,0.6,2.0,4.17949,LT_AN RICE CRACKER SEAWEED 111.3G_T105_3,1.0
CG_LT,105,,MM BINH PHU,MM AN PHU,AN RICE CRACKER SEAWEED 111.3G,5,0.6,2.0,5.015142,LT_AN RICE CRACKER SEAWEED 111.3G_T105_4,1.0
CG_LT,105,,MM HIEP PHU,MM DA NANG,AN RICE CRACKER SEAWEED 111.3G,6,0.6,2.0,5.618534,LT_AN RICE CRACKER SEAWEED 111.3G_T105_4,1.0
CG_LT,105,,MM BINH PHU,MM DA NANG,AN RICE CRACKER SEAWEED 111.3G,8,0.6,2.0,6.93344,LT_AN RICE CRACKER SEAWEED 111.3G_T105_5,1.0
CG_LT,107,,MM BINH PHU,MM DA NANG,AN RICE CRACKER SEAWEED 111.3G,7,0.6,2.0,6.183596,LT_AN RICE CRACKER SEAWEED 111.3G_T107_1,1.0
CG_LT,107,,MM HIEP PHU,MM DA NANG,AN RICE CRACKER SEAWEED 111.3G,10,0.6,2.0,7.720094,LT_AN RICE CRACKER SEAWEED 111.3G_T107_1,1.0
CG_LT,107,,MM BINH PHU,MM AN PHU,AN RICE CRACKER SEAWEED 111.3G,5,0.6,1.766829,5.051853,LT_AN RICE CRACKER SEAWEED 111.3G_T107_2,0.883415
CG_LT,107,,MM BINH PHU,MM DA NANG,AN RICE CRACKER SEAWEED 111.3G,2,0.6,1.766829,3.128199,LT_AN RICE CRACKER SEAWEED 111.3G_T107_2,0.883415
CG_LT,107,,MM HIEP PHU,MM AN PHU,AN RICE CRACKER SEAWEED 111.3G,4,0.6,1.766829,4.107545,LT_AN RICE CRACKER SEAWEED 111.3G_T107_2,0.883415
CG_LT,107,,MM HIEP PHU,MM DA NANG,AN RICE CRACKER SEAWEED 111.3G,4,0.6,1.766829,3.985178,LT_AN RICE CRACKER SEAWEED 111.3G_T107_2,0.883415
CG_LT,107,,MM BINH PHU,MM DA NANG,AN RICE CRACKER SEAWEED 111.3G,8,0.6,2.0,6.656317,LT_AN RICE CRACKER SEAWEED 111.3G_T107_3,1.0
CG_LT,107,,MM HIEP PHU,MM AN PHU,AN RICE CRACKER SEAWEED 111.3G,8,0.6,2.0,6.68113,LT_AN RICE CRACKER SEAWEED 111.3G_T107_3,1.0
CG_LT,107,,MM HIEP PHU,MM DA NANG,AN RICE CRACKER SEAWEED 111.3G,2,0.6,2.0,3.128759,LT_AN RICE CRACKER SEAWEED 111.3G_T107_3,1.0
CG_LT,107,,MM BINH PHU,MM DA NANG,AN RICE CRACKER SEAWEED 111.3G,4,0.6,2.0,4.374659,LT_AN RICE CRACKER SEAWEED 111.3G_T107_5,1.0
CG_LT,108,,MM BINH PHU,MM AN PHU,AN RICE CRACKER SEAWEED 111.3G,9,0.6,2.0,7.282676,LT_AN RICE CRACKER SEAWEED 111.3G_T108_1,1.0
CG_LT,108,,MM BINH PHU,MM DA NANG,AN RICE CRACKER SEAWEED 111.3G,3,0.6,2.0,3.592079,LT_AN RICE CRACKER SEAWEED 111.3G_T108_1,1.0
CG_LT,108,,MM HIEP PHU,MM AN PHU,AN RICE CRACKER SEAWEED 111.3G,4,0.6,2.0,4.301081,LT_AN RICE CRACKER SEAWEED 111.3G_T108_1,1.0
CG_LT,108,,MM HIEP PHU,MM DA NANG,AN RICE CRACKER SEAWEED 111.3G,9,0.6,2.0,7.424842,LT_AN RICE CRACKER SEAWEED 111.3G_T108_1,1.0
CG_LT,108,,MM BINH PHU,MM AN PHU,AN RICE CRACKER SEAWEED 111.3G,8,0.6,2.0,6.658397,LT_AN RICE CRACKER SEAWEED 111.3G_T108_2,1.0
CG_LT,108,,MM BINH PHU,MM DA NANG,AN RICE CRACKER SEAWEED 111.3G,4,0.6,2.0,4.190666,LT_AN RICE CRACKER SEAWEED 111.3G_T108_2,1.0
CG_LT,108,,MM BINH PHU,MM DA NANG,AN RICE CRACKER SEAWEED 111.3G,5,0.6,2.0,4.875253,LT_AN RICE CRACKER SEAWEED 111.3G_T108_3,1.0
CG_LT,108,,MM HIEP PHU,MM DA NANG,AN RICE CRACKER SEAWEED 111.3G,2,0.6,2.0,3.221561,LT_AN RICE CRACKER SEAWEED 111.3G_T108_3,1.0
CG_LT,108,,MM BINH PHU,MM AN PHU,AN RICE CRACKER SEAWEED 111.3G,6,0.6,2.0,5.672917,LT_AN RICE CRACKER SEAWEED 111.3G_T108_4,1.0
CG_LT,108,,MM BINH PHU,MM DA NANG,AN RICE CRACKER SEAWEED 111.3G,6,0.6,2.0,5.552794,LT_AN RICE CRACKER SEAWEED 111.3G_T108_4,1.0
CG_LT,108,,MM HIEP PHU,MM AN PHU,AN RICE CRACKER SEAWEED 111.3G,7,0.6,2.0,6.200921,LT_AN RICE CRACKER SEAWEED 111.3G_T108_4,1.0
CG_LT,108,,MM HIEP PHU,MM DA NANG,AN RICE CRACKER SEAWEED 111.3G,8,0.6,2.0,6.851226,LT_AN RICE CRACKER SEAWEED 111.3G_T108_4,1.0
CG_LT,108,,MM BINH PHU,MM AN PHU,AN RICE CRACKER SEAWEED 111.3G,8,0.6,2.0,6.760188,LT_AN RICE CRACKER SEAWEED 111.3G_T108_5,1.0
CG_LT,108,,MM BINH PHU,MM DA NANG,AN RICE CRACKER SEAWEED 111.3G,7,0.6,2.0,6.168774,LT_AN RICE CRACKER SEAWEED 111.3G_T108_5,1.0
CG_LT,108,,MM HIEP PHU,MM DA NANG,AN RICE CRACKER SEAWEED 111.3G,2,0.6,2.0,3.3866,LT_AN RICE CRACKER SEAWEED 111.3G_T108_5,1.0
CG_LT,109,,MM HIEP PHU,MM DA NANG,AN RICE CRACKER SEAWEED 111.3G,8,0.6,2.0,6.783795,LT_AN RICE CRACKER SEAWEED 111.3G_T109_2,1.0
CG_LT,109,,MM BINH PHU,MM AN PHU,AN RICE CRACKER SEAWEED 111.3G,2,0.6,1.103236,2.213227,LT_AN RICE CRACKER SEAWEED 111.3G_T109_4,0.551618
CG_LT,109,,MM HIEP PHU,MM DA NANG,AN RICE CRACKER SEAWEED 111.3G,5,0.6,1.103236,4.119442,LT_AN RICE CRACKER SEAWEED 111.3G_T109_4,0.551618
CG_LT,110,,MM HIEP PHU,MM DA NANG,AN RICE CRACKER SEAWEED 111.3G,4,0.6,2.0,4.553256,LT_AN RICE CRACKER SEAWEED 111.3G_T110_3,1.0
CG_LT,110,,MM BINH PHU,MM AN PHU,AN RICE CRACKER SEAWEED 111.3G,5,0.6,1.346917,4.610881,LT_AN RICE CRACKER SEAWEED 111.3G_T110_4,0.673458
CG_LT,110,,MM HIEP PHU,MM AN PHU,AN RICE CRACKER SEAWEED 111.3G,5,0.6,1.346917,4.238754,LT_AN RICE CRACKER SEAWEED 111.3G_T110_4,0.673458
CG_LT,110,,MM HIEP PHU,MM DA NANG,AN RICE CRACKER SEAWEED 111.3G,4,0.6,1.346917,3.953661,LT_AN RICE CRACKER SEAWEED 111.3G_T110_4,0.673458
CG_LT,111,,MM BINH PHU,MM AN PHU,AN RICE CRACKER SEAWEED 111.3G,0,0.6,0.063889,0.240413,LT_AN RICE CRACKER SEAWEED 111.3G_T111_3,0.031944
CG_LT,111,,MM DA NANG,MM AN PHU,AN RICE CRACKER SEAWEED 111.3G,0,0.6,0.063889,0.085706,LT_AN RICE CRACKER SEAWEED 111.3G_T111_3,0.031944
CG_LT,111,,MM HIEP PHU,MM AN PHU,AN RICE CRACKER SEAWEED 111.3G,0,0.6,0.063889,0.177504,LT_AN RICE CRACKER SEAWEED 111.3G_T111_3,0.031944
CG_LT,113,,MM DA NANG,MM AN PHU,AN RICE CRACKER SEAWEED 111.3G,1,0.6,1.983935,2.663076,LT_AN RICE CRACKER SEAWEED 111.3G_T113_2,0.991968
CG_LT,113,,MM DA NANG,MM AN PHU,AN RICE CRACKER SEAWEED 111.3G,1,0.6,2.0,2.703649,LT_AN RICE CRACKER SEAWEED 111.3G_T113_3,1.0
CG_LT,113,,MM DA NANG,MM BINH PHU,AN RICE CRACKER SEAWEED 111.3G,1,0.6,2.0,2.688632,LT_AN RICE CRACKER SEAWEED 111.3G_T113_3,1.0
CG_LT,113,,MM HIEP PHU,MM AN PHU,AN RICE CRACKER SEAWEED 111.3G,4,0.6,2.0,4.359636,LT_AN RICE CRACKER SEAWEED 111.3G_T113_3,1.0
CG_LT,113,,MM HIEP PHU,MM BINH PHU,AN RICE CRACKER SEAWEED 111.3G,6,0.6,2.0,5.715376,LT_AN RICE CRACKER SEAWEED 111.3G_T113_3,1.0
CG_LT,113,,MM DA NANG,MM BINH PHU,AN RICE CRACKER SEAWEED 111.3G,1,0.6,2.0,2.741378,LT_AN RICE CRACKER SEAWEED 111.3G_T113_5,1.0
CG_LT,113,,MM HIEP PHU,MM AN PHU,AN RICE CRACKER SEAWEED 111.3G,8,0.6,2.0,7.0571,LT_AN RICE CRACKER SEAWEED 111.3G_T113_5,1.0
CG_LT,114,,MM DA NANG,MM AN PHU,AN RICE CRACKER SEAWEED 111.3G,2,0.6,2.0,3.116304,LT_AN RICE CRACKER SEAWEED 111.3G_T114_1,1.0
CG_LT,114,,MM DA NANG,MM BINH PHU,AN RICE CRACKER SEAWEED 111.3G,1,0.6,2.0,2.680086,LT_AN RICE CRACKER SEAWEED 111.3G_T114_1,1.0
CG_LT,114,,MM HIEP PHU,MM AN PHU,AN RICE CRACKER SEAWEED 111.3G,7,0.6,2.0,6.373959,LT_AN RICE CRACKER SEAWEED 111.3G_T114_1,1.0
CG_LT,114,,MM HIEP PHU,MM BINH PHU,AN RICE CRACKER SEAWEED 111.3G,3,0.6,2.0,4.080947,LT_AN RICE CRACKER SEAWEED 111.3G_T114_1,1.0
CG_LT,114,,MM DA NANG,MM AN PHU,AN RICE CRACKER SEAWEED 111.3G,1,0.6,0.545587,1.030634,LT_AN RICE CRACKER SEAWEED 111.3G_T114_4,0.272793
CG_LT,114,,MM DA NANG,MM BINH PHU,AN RICE CRACKER SEAWEED 111.3G,0,0.6,0.545587,0.731349,LT_AN RICE CRACKER SEAWEED 111.3G_T114_4,0.272793
CG_LT,114,,MM HIEP PHU,MM AN PHU,AN RICE CRACKER SEAWEED 111.3G,0,0.6,0.545587,0.801139,LT_AN RICE CRACKER SEAWEED 111.3G_T114_4,0.272793
CG_LT,114,,MM HIEP PHU,MM BINH PHU,AN RICE CRACKER SEAWEED 111.3G,3,0.6,0.545587,2.055933,LT_AN RICE CRACKER SEAWEED 111.3G_T114_4,0.272793
CG_LT,115,,MM HIEP PHU,MM DA NANG,AN RICE CRACKER SEAWEED 111.3G,2,0.6,0.348314,1.269446,LT_AN RICE CRACKER SEAWEED 111.3G_T115_1,0.174157
CG_LT,115,,MM HIEP PHU,MM BINH PHU,AN RICE CRACKER SEAWEED 111.3G,8,0.6,2.0,6.732067,LT_AN RICE CRACKER SEAWEED 111.3G_T115_3,1.0
CG_LT,115,,MM DA NANG,MM BINH PHU,AN RICE CRACKER SEAWEED 111.3G,1,0.6,2.0,2.810389,LT_AN RICE CRACKER SEAWEED 111.3G_T115_4,1.0
CG_LT,115,,MM HIEP PHU,MM BINH PHU,AN RICE CRACKER SEAWEED 111.3G,2,0.6,2.0,3.454289,LT_AN RICE CRACKER SEAWEED 111.3G_T115_4,1.0
CG_LT,115,,MM HIEP PHU,MM DA NANG,AN RICE CRACKER SEAWEED 111.3G,8,0.6,2.0,7.040468,LT_AN RICE CRACKER SEAWEED 111.3G_T115_4,1.0
CG_LT,115,,MM DA NANG,MM BINH PHU,AN RICE CRACKER SEAWEED 111.3G,1,0.6,0.773515,1.124726,LT_AN RICE CRACKER SEAWEED 111.3G_T115_5,0.386757
CG_LT,115,,MM HIEP PHU,MM BINH PHU,AN RICE CRACKER SEAWEED 111.3G,0,0.6,0.773515,1.052756,LT_AN RICE CRACKER SEAWEED 111.3G_T115_5,0.386757
CG_LT,119,,MM HIEP PHU,MM AN PHU,AN RICE CRACKER SEAWEED 111.3G,5,0.6,2.0,5.200108,LT_AN RICE CRACKER SEAWEED 111.3G_T119_1,1.0
CG_LT,119,,MM HIEP PHU,MM BINH PHU,AN RICE CRACKER SEAWEED 111.3G,6,0.6,2.0,5.341192,LT_AN RICE CRACKER SEAWEED 111.3G_T119_1,1.0
CG_LT,119,,MM HIEP PHU,MM DA NANG,AN RICE CRACKER SEAWEED 111.3G,5,0.6,2.0,4.861614,LT_AN RICE CRACKER SEAWEED 111.3G_T119_1,1.0
CG_LT,119,,MM HIEP PHU,MM AN PHU,AN RICE CRACKER SEAWEED 111.3G,9,0.6,2.0,7.243721,LT_AN RICE CRACKER SEAWEED 111.3G_T119_2,1.0
CG_LT,119,,MM HIEP PHU,MM BINH PHU,AN RICE CRACKER SEAWEED 111.3G,7,0.6,2.0,6.01417,LT_AN RICE CRACKER SEAWEED 111.3G_T119_2,1.0
CG_LT,119,,MM HIEP PHU,MM AN PHU,AN RICE CRACKER SEAWEED 111.3G,6,0.6,2.0,5.439245,LT_AN RICE CRACKER SEAWEED 111.3G_T119_3,1.0
CG_LT,119,,MM HIEP PHU,MM BINH PHU,AN RICE CRACKER SEAWEED 111.3G,9,0.6,2.0,7.611243,LT_AN RICE CRACKER SEAWEED 111.3G_T119_3,1.0
CG_LT,119,,MM HIEP PHU,MM AN PHU,AN RICE CRACKER SEAWEED 111.3G,1,0.6,2.0,2.707533,LT_AN RICE CRACKER SEAWEED 111.3G_T119_4,1.0
CG_LT,119,,MM HIEP PHU,MM DA NANG,AN RICE CRACKER SEAWEED 111.3G,2,0.6,2.0,3.166449,LT_AN RICE CRACKER SEAWEED 111.3G_T119_4,1.0
CG_LT,119,,MM HIEP PHU,MM BINH PHU,AN RICE CRACKER SEAWEED 111.3G,6,0.6,2.0,5.527731,LT_AN RICE CRACKER SEAWEED 111.3G_T119_5,1.0
CG_LT,120,,MM BINH PHU,MM AN PHU,AN RICE CRACKER SEAWEED 111.3G,1,0.6,1.21882,1.63982,LT_AN RICE CRACKER SEAWEED 111.3G_T120_2,0.60941
CG_LT,120,,MM BINH PHU,MM DA NANG,AN RICE CRACKER SEAWEED 111.3G,3,0.6,1.21882,3.100647,LT_AN RICE CRACKER SEAWEED 111.3G_T120_2,0.60941
CG_LT,120,,MM HIEP PHU,MM AN PHU,AN RICE CRACKER SEAWEED 111.3G,2,0.6,1.21882,2.598666,LT_AN RICE CRACKER SEAWEED 111.3G_T120_2,0.60941
CG_LT,120,,MM HIEP PHU,MM DA NANG,AN RICE CRACKER SEAWEED 111.3G,1,0.6,1.21882,1.623176,LT_AN RICE CRACKER SEAWEED 111.3G_T120_2,0.60941
CG_LT,120,,MM BINH PHU,MM AN PHU,AN RICE CRACKER SEAWEED 111.3G,5,0.6,1.518892,4.699218,LT_AN RICE CRACKER SEAWEED 111.3G_T120_3,0.759446
CG_LT,120,,MM HIEP PHU,MM BINH PHU,AN RICE CRACKER SEAWEED 111.3G,1,0.6,1.518892,1.912724,LT_AN RICE CRACKER SEAWEED 111.3G_T120_3,0.759446
CG_LT,120,,MM HIEP PHU,MM DA NANG,AN RICE CRACKER SEAWEED 111.3G,1,0.6,2.0,2.864171,LT_AN RICE CRACKER SEAWEED 111.3G_T120_4,1.0
CG_LT,120,,MM BINH PHU,MM DA NANG,AN RICE CRACKER SEAWEED 111.3G,1,0.6,2.0,2.756847,LT_AN RICE CRACKER SEAWEED 111.3G_T120_5,1.0
CG_LT,120,,MM HIEP PHU,MM AN PHU,AN RICE CRACKER SEAWEED 111.3G,2,0.6,2.0,3.166736,LT_AN RICE CRACKER SEAWEED 111.3G_T120_5,1.0
CG_LT,123,,MM BINH PHU,MM AN PHU,AN RICE CRACKER SEAWEED 111.3G,9,0.6,2.0,7.236234,LT_AN RICE CRACKER SEAWEED 111.3G_T123_3,1.0
CG_LT,123,,MM BINH PHU,MM AN PHU,AN RICE CRACKER SEAWEED 111.3G,8,0.6,1.767012,6.416339,LT_AN RICE CRACKER SEAWEED 111.3G_T123_5,0.883506
CG_LT,123,,MM DA NANG,MM AN PHU,AN RICE CRACKER SEAWEED 111.3G,9,0.6,1.767012,7.049897,LT_AN RICE CRACKER SEAWEED 111.3G_T123_5,0.883506
CG_LT,123,,MM HIEP PHU,MM AN PHU,AN RICE CRACKER SEAWEED 111.3G,6,0.6,1.767012,5.198564,LT_AN RICE CRACKER SEAWEED 111.3G_T123_5,0.883506
CG_LT,124,,MM BINH PHU,MM AN PHU,AN RICE CRACKER SEAWEED 111.3G,3,0.6,2.0,3.789559,LT_AN RICE CRACKER SEAWEED 111.3G_T124_2,1.0
CG_LT,124,,MM DA NANG,MM AN PHU,AN RICE CRACKER SEAWEED 111.3G,7,0.6,2.0,6.397464,LT_AN RICE CRACKER SEAWEED 111.3G_T124_2,1.0
CG_LT,124,,MM HIEP PHU,MM AN PHU,AN RICE CRACKER SEAWEED 111.3G,9,0.6,2.0,7.116431,LT_AN RICE CRACKER SEAWEED 111.3G_T124_2,1.0
CG_LT,124,,MM BINH PHU,MM AN PHU,AN RICE CRACKER SEAWEED 111.3G,4,0.6,1.441843,3.694103,LT_AN RICE CRACKER SEAWEED 111.3G_T124_4,0.720922
CG_LT,124,,MM DA NANG,MM AN PHU,AN RICE CRACKER SEAWEED 111.3G,2,0.6,1.441843,2.871686,LT_AN RICE CRACKER SEAWEED 111.3G_T124_4,0.720922
CG_LT,124,,MM HIEP PHU,MM AN PHU,AN RICE CRACKER SEAWEED 111.3G,6,0.6,1.441843,4.946,LT_AN RICE CRACKER SEAWEED 111.3G_T124_4,0.720922
CG_LT,124,,MM HIEP PHU,MM AN PHU,AN RICE CRACKER SEAWEED 111.3G,6,0.6,2.0,5.403087,LT_AN RICE CRACKER SEAWEED 111.3G_T124_5,1.0
CG_LT,130,,MM BINH PHU,MM AN PHU,AN RICE CRACKER SEAWEED 111.3G,10,0.6,2.0,7.916862,LT_AN RICE CRACKER SEAWEED 111.3G_T130_1,1.0
CG_LT,130,,MM BINH PHU,MM AN PHU,AN RICE CRACKER SEAWEED 111.3G,5,0.6,1.29787,4.430176,LT_AN RICE CRACKER SEAWEED 111.3G_T130_4,0.648935
CG_LT,130,,MM HIEP PHU,MM AN PHU,AN RICE CRACKER SEAWEED 111.3G,4,0.6,1.29787,3.570465,LT_AN RICE CRACKER SEAWEED 111.3G_T130_4,0.648935
CG_LT,131,,MM DA NANG,MM AN PHU,AN RICE CRACKER SEAWEED 111.3G,6,0.6,2.0,5.785865,LT_AN RICE CRACKER SEAWEED 111.3G_T131_1,1.0
CG_LT,131,,MM BINH PHU,MM AN PHU,AN RICE CRACKER SEAWEED 111.3G,2,0.6,1.49337,2.443332,LT_AN RICE CRACKER SEAWEED 111.3G_T131_2,0.746685
CG_LT,131,,MM DA NANG,MM AN PHU,AN RICE CRACKER SEAWEED 111.3G,7,0.6,1.49337,5.918388,LT_AN RICE CRACKER SEAWEED 111.3G_T131_2,0.746685
CG_LT,131,,MM HIEP PHU,MM AN PHU,AN RICE CRACKER SEAWEED 111.3G,2,0.6,1.49337,2.46234,LT_AN RICE CRACKER SEAWEED 111.3G_T131_2,0.746685
CG_LT,131,,MM BINH PHU,MM AN PHU,AN RICE CRACKER SEAWEED 111.3G,4,0.6,2.0,4.529822,LT_AN RICE CRACKER SEAWEED 111.3G_T131_3,1.0
CG_LT,131,,MM DA NANG,MM AN PHU,AN RICE CRACKER SEAWEED 111.3G,9,0.6,2.0,7.417808,LT_AN RICE CRACKER SEAWEED 111.3G_T131_3,1.0
CG_LT,131,,MM DA NANG,MM AN PHU,AN RICE CRACKER SEAWEED 111.3G,4,0.6,2.0,4.611408,LT_AN RICE CRACKER SEAWEED 111.3G_T131_5,1.0
CG_LT,131,,MM HIEP PHU,MM AN PHU,AN RICE CRACKER SEAWEED 111.3G,6,0.6,2.0,5.595153,LT_AN RICE CRACKER SEAWEED 111.3G_T131_5,1.0
CG_LT,132,,MM BINH PHU,MM AN PHU,AN RICE CRACKER SEAWEED 111.3G,7,0.6,2.0,6.024583,LT_AN RICE CRACKER SEAWEED 111.3G_T132_1,1.0
CG_LT,132,,MM DA NANG,MM AN PHU,AN RICE CRACKER SEAWEED 111.3G,7,0.6,2.0,6.166481,LT_AN RICE CRACKER SEAWEED 111.3G_T132_1,1.0
CG_LT,132,,MM HIEP PHU,MM AN PHU,AN RICE CRACKER SEAWEED 111.3G,10,0.6,2.0,7.961453,LT_AN RICE CRACKER SEAWEED 111.3G_T132_1,1.0
CG_LT,132,,MM BINH PHU,MM AN PHU,AN RICE CRACKER SEAWEED 111.3G,0,0.6,0.085394,0.165414,LT_AN RICE CRACKER SEAWEED 111.3G_T132_2,0.042697
CG_LT,132,,MM DA NANG,MM AN PHU,AN RICE CRACKER SEAWEED 111.3G,0,0.6,0.085394,0.332994,LT_AN RICE CRACKER SEAWEED 111.3G_T132_2,0.042697
CG_LT,132,,MM HIEP PHU,MM AN PHU,AN RICE CRACKER SEAWEED 111.3G,0,0.6,0.085394,0.201831,LT_AN RICE CRACKER SEAWEED 111.3G_T132_2,0.042697
CG_LT,132,,MM HIEP PHU,MM AN PHU,AN RICE CRACKER SEAWEED 111.3G,6,0.6,2.0,5.800194,LT_AN RICE CRACKER SEAWEED 111.3G_T132_4,1.0
CG_LT,13,,MM BINH PHU,MM AN PHU,AN RICE CRACKER SEAWEED 111.3G,9,0.6,2.0,7.698794,LT_AN RICE CRACKER SEAWEED 111.3G_T13_1,1.0
CG_LT,13,,MM DA NANG,MM AN PHU,AN RICE CRACKER SEAWEED 111.3G,4,0.6,2.0,4.340064,LT_AN RICE CRACKER SEAWEED 111.3G_T13_1,1.0
CG_LT,13,,MM HIEP PHU,MM AN PHU,AN RICE CRACKER SEAWEED 111.3G,8,0.6,2.0,7.026934,LT_AN RICE CRACKER SEAWEED 111.3G_T13_1,1.0
CG_LT,13,,MM BINH PHU,MM AN PHU,AN RICE CRACKER SEAWEED 111.3G,7,0.6,2.0,6.092914,LT_AN RICE CRACKER SEAWEED 111.3G_T13_3,1.0
CG_LT,13,,MM BINH PHU,MM AN PHU,AN RICE CRACKER SEAWEED 111.3G,1,0.6,0.126396,0.490177,LT_AN RICE CRACKER SEAWEED 111.3G_T13_5,0.063198
CG_LT,13,,MM HIEP PHU,MM AN PHU,AN RICE CRACKER SEAWEED 111.3G,0,0.6,0.126396,0.226496,LT_AN RICE CRACKER SEAWEED 111.3G_T13_5,0.063198
CG_LT,142,,MM BINH PHU,MM AN PHU,AN RICE CRACKER SEAWEED 111.3G,6,0.6,2.0,5.471668,LT_AN RICE CRACKER SEAWEED 111.3G_T142_1,1.0
CG_LT,142,,MM BINH PHU,MM DA NANG,AN RICE CRACKER SEAWEED 111.3G,8,0.6,2.0,7.084933,LT_AN RICE CRACKER SEAWEED 111.3G_T142_1,1.0
CG_LT,142,,MM HIEP PHU,MM DA NANG,AN RICE CRACKER SEAWEED 111.3G,1,0.6,2.0,2.803533,LT_AN RICE CRACKER SEAWEED 111.3G_T142_1,1.0
CG_LT,142,,MM BINH PHU,MM AN PHU,AN RICE CRACKER SEAWEED 111.3G,6,0.6,2.0,5.778831,LT_AN RICE CRACKER SEAWEED 111.3G_T142_2,1.0
CG_LT,142,,MM HIEP PHU,MM DA NANG,AN RICE CRACKER SEAWEED 111.3G,4,0.6,2.0,4.244347,LT_AN RICE CRACKER SEAWEED 111.3G_T142_2,1.0
CG_LT,142,,MM BINH PHU,MM DA NANG,AN RICE CRACKER SEAWEED 111.3G,10,0.6,2.0,7.721358,LT_AN RICE CRACKER SEAWEED 111.3G_T142_3,1.0
CG_LT,142,,MM BINH PHU,MM AN PHU,AN RICE CRACKER SEAWEED 111.3G,6,0.6,2.0,5.763644,LT_AN RICE CRACKER SEAWEED 111.3G_T142_4,1.0
CG_LT,142,,MM BINH PHU,MM DA NANG,AN RICE CRACKER SEAWEED 111.3G,5,0.6,2.0,5.229715,LT_AN RICE CRACKER SEAWEED 111.3G_T142_4,1.0
CG_LT,142,,MM HIEP PHU,MM AN PHU,AN RICE CRACKER SEAWEED 111.3G,5,0.6,2.0,5.05543,LT_AN RICE CRACKER SEAWEED 111.3G_T142_4,1.0
CG_LT,142,,MM HIEP PHU,MM DA NANG,AN RICE CRACKER SEAWEED 111.3G,8,0.6,2.0,6.869585,LT_AN RICE CRACKER SEAWEED 111.3G_T142_4,1.0
CG_LT,142,,MM BINH PHU,MM AN PHU,AN RICE CRACKER SEAWEED 111.3G,8,0.6,2.0,6.560243,LT_AN RICE CRACKER SEAWEED 111.3G_T142_5,1.0
CG_LT,142,,MM HIEP PHU,MM AN PHU,AN RICE CRACKER SEAWEED 111.3G,7,0.6,2.0,6.325,LT_AN RICE CRACKER SEAWEED 111.3G_T142_5,1.0
CG_LT,142,,MM HIEP PHU,MM DA NANG,AN RICE CRACKER SEAWEED 111.3G,9,0.6,2.0,7.395942,LT_AN RICE CRACKER SEAWEED 111.3G_T142_5,1.0
CG_LT,143,,MM BINH PHU,MM DA NANG,AN RICE CRACKER SEAWEED 111.3G,4,0.6,2.0,4.293678,LT_AN RICE CRACKER SEAWEED 111.3G_T143_2,1.0
CG_LT,143,,MM HIEP PHU,MM DA NANG,AN RICE CRACKER SEAWEED 111.3G,2,0.6,2.0,3.137627,LT_AN RICE CRACKER SEAWEED 111.3G_T143_2,1.0
CG_LT,143,,MM BINH PHU,MM AN PHU,AN RICE CRACKER SEAWEED 111.3G,3,0.6,1.450621,3.539805,LT_AN RICE CRACKER SEAWEED 111.3G_T143_3,0.725311
CG_LT,143,,MM BINH PHU,MM DA NANG,AN RICE CRACKER SEAWEED 111.3G,3,0.6,1.450621,3.439543,LT_AN RICE CRACKER SEAWEED 111.3G_T143_3,0.725311
CG_LT,143,,MM HIEP PHU,MM AN PHU,AN RICE CRACKER SEAWEED 111.3G,6,0.6,1.450621,5.15632,LT_AN RICE CRACKER SEAWEED 111.3G_T143_3,0.725311
CG_LT,143,,MM BINH PHU,MM DA NANG,AN RICE CRACKER SEAWEED 111.3G,2,0.6,2.0,2.957543,LT_AN RICE CRACKER SEAWEED 111.3G_T143_4,1.0
CG_LT,143,,MM HIEP PHU,MM DA NANG,AN RICE CRACKER SEAWEED 111.3G,6,0.6,2.0,5.729678,LT_AN RICE CRACKER SEAWEED 111.3G_T143_4,1.0
CG_LT,143,,MM BINH PHU,MM AN PHU,AN RICE CRACKER SEAWEED 111.3G,5,0.6,2.0,5.219548,LT_AN RICE CRACKER SEAWEED 111.3G_T143_5,1.0
CG_LT,143,,MM BINH PHU,MM DA NANG,AN RICE CRACKER SEAWEED 111.3G,4,0.6,2.0,4.596133,LT_AN RICE CRACKER SEAWEED 111.3G_T143_5,1.0
CG_LT,143,,MM HIEP PHU,MM AN PHU,AN RICE CRACKER SEAWEED 111.3G,9,0.6,2.0,7.161581,LT_AN RICE CRACKER SEAWEED 111.3G_T143_5,1.0
CG_LT,143,,MM HIEP PHU,MM DA NANG,AN RICE CRACKER SEAWEED 111.3G,2,0.6,2.0,3.125848,LT_AN RICE CRACKER SEAWEED 111.3G_T143_5,1.0
CG_LT,144,,MM BINH PHU,MM AN PHU,AN RICE CRACKER SEAWEED 111.3G,2,0.6,0.516157,1.553193,LT_AN RICE CRACKER SEAWEED 111.3G_T144_2,0.258078
CG_LT,144,,MM BINH PHU,MM DA NANG,AN RICE CRACKER SEAWEED 111.3G,1,0.6,0.516157,1.200042,LT_AN RICE CRACKER SEAWEED 111.3G_T144_2,0.258078
CG_LT,144,,MM HIEP PHU,MM AN PHU,AN RICE CRACKER SEAWEED 111.3G,0,0.6,0.516157,0.725955,LT_AN RICE CRACKER SEAWEED 111.3G_T144_2,0.258078
CG_LT,144,,MM BINH PHU,MM AN PHU,AN RICE CRACKER SEAWEED 111.3G,8,0.6,2.0,7.064599,LT_AN RICE CRACKER SEAWEED 111.3G_T144_3,1.0
CG_LT,144,,MM BINH PHU,MM DA NANG,AN RICE CRACKER SEAWEED 111.3G,7,0.6,2.0,6.052608,LT_AN RICE CRACKER SEAWEED 111.3G_T144_3,1.0
CG_LT,144,,MM HIEP PHU,MM AN PHU,AN RICE CRACKER SEAWEED 111.3G,6,0.6,2.0,5.400048,LT_AN RICE CRACKER SEAWEED 111.3G_T144_3,1.0
CG_LT,144,,MM BINH PHU,MM AN PHU,AN RICE CRACKER SEAWEED 111.3G,9,0.6,2.0,7.274286,LT_AN RICE CRACKER SEAWEED 111.3G_T144_4,1.0
CG_LT,144,,MM BINH PHU,MM DA NANG,AN RICE CRACKER SEAWEED 111.3G,5,0.6,2.0,5.093733,LT_AN RICE CRACKER SEAWEED 111.3G_T144_4,1.0
CG_LT,144,,MM BINH PHU,MM AN PHU,AN RICE CRACKER SEAWEED 111.3G,3,0.6,2.0,3.747727,LT_AN RICE CRACKER SEAWEED 111.3G_T144_5,1.0
CG_LT,144,,MM BINH PHU,MM DA NANG,AN RICE CRACKER SEAWEED 111.3G,7,0.6,2.0,6.31898,LT_AN RICE CRACKER SEAWEED 111.3G_T144_5,1.0
CG_LT,144,,MM HIEP PHU,MM AN PHU,AN RICE CRACKER SEAWEED 111.3G,4,0.6,2.0,4.158031,LT_AN RICE CRACKER SEAWEED 111.3G_T144_5,1.0
CG_LT,144,,MM HIEP PHU,MM DA NANG,AN RICE CRACKER SEAWEED 111.3G,6,0.6,2.0,5.382193,LT_AN RICE CRACKER SEAWEED 111.3G_T144_5,1.0
CG_LT,145,,MM BINH PHU,MM AN PHU,AN RICE CRACKER SEAWEED 111.3G,9,0.6,1.97065,7.538015,LT_AN RICE CRACKER SEAWEED 111.3G_T145_1,0.985325
CG_LT,145,,MM HIEP PHU,MM AN PHU,AN RICE CRACKER SEAWEED 111.3G,2,0.6,1.97065,3.072984,LT_AN RICE CRACKER SEAWEED 111.3G_T145_1,0.985325
CG_LT,145,,MM HIEP PHU,MM DA NANG,AN RICE CRACKER SEAWEED 111.3G,8,0.6,1.97065,6.873688,LT_AN RICE CRACKER SEAWEED 111.3G_T145_1,0.985325
CG_LT,145,,MM BINH PHU,MM DA NANG,AN RICE CRACKER SEAWEED 111.3G,2,0.6,2.0,3.344618,LT_AN RICE CRACKER SEAWEED 111.3G_T145_2,1.0
CG_LT,145,,MM HIEP PHU,MM AN PHU,AN RICE CRACKER SEAWEED 111.3G,6,0.6,2.0,5.722129,LT_AN RICE CRACKER SEAWEED 111.3G_T145_2,1.0
CG_LT,145,,MM HIEP PHU,MM DA NANG,AN RICE CRACKER SEAWEED 111.3G,7,0.6,2.0,6.202471,LT_AN RICE CRACKER SEAWEED 111.3G_T145_2,1.0
CG_LT,145,,MM BINH PHU,MM DA NANG,AN RICE CRACKER SEAWEED 111.3G,6,0.6,2.0,5.612058,LT_AN RICE CRACKER SEAWEED 111.3G_T145_3,1.0
CG_LT,145,,MM BINH PHU,MM AN PHU,AN RICE CRACKER SEAWEED 111.3G,6,0.6,2.0,5.74845,LT_AN RICE CRACKER SEAWEED 111.3G_T145_4,1.0
CG_LT,145,,MM BINH PHU,MM DA NANG,AN RICE CRACKER SEAWEED 111.3G,10,0.6,2.0,7.715177,LT_AN RICE CRACKER SEAWEED 111.3G_T145_4,1.0
CG_LT,145,,MM HIEP PHU,MM AN PHU,AN RICE CRACKER SEAWEED 111.3G,6,0.6,2.0,5.848421,LT_AN RICE CRACKER SEAWEED 111.3G_T145_4,1.0
CG_LT,145,,MM BINH PHU,MM AN PHU,AN RICE CRACKER SEAWEED 111.3G,7,0.6,2.0,6.01803,LT_AN RICE CRACKER SEAWEED 111.3G_T145_5,1.0
CG_LT,145,,MM BINH PHU,MM DA NANG,AN RICE CRACKER SEAWEED 111.3G,4,0.6,2.0,4.601676,LT_AN RICE CRACKER SEAWEED 111.3G_T145_5,1.0
CG_LT,145,,MM HIEP PHU,MM AN PHU,AN RICE CRACKER SEAWEED 111.3G,10,0.6,2.0,7.779778,LT_AN RICE CRACKER SEAWEED 111.3G_T145_5,1.0
CG_LT,145,,MM HIEP PHU,MM DA NANG,AN RICE CRACKER SEAWEED 111.3G,7,0.6,2.0,6.020961,LT_AN RICE CRACKER SEAWEED 111.3G_T145_5,1.0
CG_LT,146,,MM AN PHU,MM BINH PHU,AN RICE CRACKER SEAWEED 111.3G,7,0.6,2.0,6.239893,LT_AN RICE CRACKER SEAWEED 111.3G_T146_2,1.0
CG_LT,146,,MM HIEP PHU,MM BINH PHU,AN RICE CRACKER SEAWEED 111.3G,9,0.6,2.0,7.161304,LT_AN RICE CRACKER SEAWEED 111.3G_T146_2,1.0
CG_LT,147,,MM AN PHU,MM DA NANG,AN RICE CRACKER SEAWEED 111.3G,3,0.6,2.0,3.967752,LT_AN RICE CRACKER SEAWEED 111.3G_T147_1,1.0
CG_LT,147,,MM HIEP PHU,MM DA NANG,AN RICE CRACKER SEAWEED 111.3G,7,0.6,2.0,6.339431,LT_AN RICE CRACKER SEAWEED 111.3G_T147_1,1.0
CG_LT,147,,MM AN PHU,MM DA NANG,AN RICE CRACKER SEAWEED 111.3G,5,0.6,1.32269,4.615507,LT_AN RICE CRACKER SEAWEED 111.3G_T147_5,0.661345
CG_LT,147,,MM HIEP PHU,MM BINH PHU,AN RICE CRACKER SEAWEED 111.3G,1,0.6,1.32269,2.161287,LT_AN RICE CRACKER SEAWEED 111.3G_T147_5,0.661345
CG_LT,148,,MM AN PHU,MM DA NANG,AN RICE CRACKER SEAWEED 111.3G,1,0.6,1.740608,2.373425,LT_AN RICE CRACKER SEAWEED 111.3G_T148_1,0.870304
CG_LT,148,,MM HIEP PHU,MM BINH PHU,AN RICE CRACKER SEAWEED 111.3G,6,0.6,1.740608,5.122866,LT_AN RICE CRACKER SEAWEED 111.3G_T148_1,0.870304
CG_LT,148,,MM HIEP PHU,MM DA NANG,AN RICE CRACKER SEAWEED 111.3G,6,0.6,2.0,5.428294,LT_AN RICE CRACKER SEAWEED 111.3G_T148_2,1.0
CG_LT,148,,MM AN PHU,MM BINH PHU,AN RICE CRACKER SEAWEED 111.3G,7,0.6,2.0,6.074018,LT_AN RICE CRACKER SEAWEED 111.3G_T148_4,1.0
CG_LT,148,,MM AN PHU,MM DA NANG,AN RICE CRACKER SEAWEED 111.3G,10,0.6,2.0,7.802597,LT_AN RICE CRACKER SEAWEED 111.3G_T148_4,1.0
CG_LT,148,,MM AN PHU,MM BINH PHU,AN RICE CRACKER SEAWEED 111.3G,8,0.6,2.0,6.671674,LT_AN RICE CRACKER SEAWEED 111.3G_T148_5,1.0
CG_LT,148,,MM AN PHU,MM DA NANG,AN RICE CRACKER SEAWEED 111.3G,1,0.6,2.0,2.657336,LT_AN RICE CRACKER SEAWEED 111.3G_T148_5,1.0
CG_LT,148,,MM HIEP PHU,MM DA NANG,AN RICE CRACKER SEAWEED 111.3G,9,0.6,2.0,7.2878,LT_AN RICE CRACKER SEAWEED 111.3G_T148_5,1.0
CG_LT,149,,MM AN PHU,MM DA NANG,AN RICE CRACKER SEAWEED 111.3G,2,0.6,2.0,3.380012,LT_AN RICE CRACKER SEAWEED 111.3G_T149_1,1.0
CG_LT,149,,MM HIEP PHU,MM AN PHU,AN RICE CRACKER SEAWEED 111.3G,10,0.6,2.0,7.7557,LT_AN RICE CRACKER SEAWEED 111.3G_T149_1,1.0
CG_LT,149,,MM HIEP PHU,MM BINH PHU,AN RICE CRACKER SEAWEED 111.3G,7,0.6,2.0,6.343019,LT_AN RICE CRACKER SEAWEED 111.3G_T149_1,1.0
CG_LT,149,,MM HIEP PHU,MM DA NANG,AN RICE CRACKER SEAWEED 111.3G,8,0.6,2.0,6.964662,LT_AN RICE CRACKER SEAWEED 111.3G_T149_1,1.0
CG_LT,149,,MM HIEP PHU,MM BINH PHU,AN RICE CRACKER SEAWEED 111.3G,6,0.6,2.0,5.400859,LT_AN RICE CRACKER SEAWEED 111.3G_T149_2,1.0
CG_LT,149,,MM AN PHU,MM DA NANG,AN RICE CRACKER SEAWEED 111.3G,3,0.6,2.0,3.797228,LT_AN RICE CRACKER SEAWEED 111.3G_T149_3,1.0
CG_LT,149,,MM HIEP PHU,MM AN PHU,AN RICE CRACKER SEAWEED 111.3G,7,0.6,2.0,6.307994,LT_AN RICE CRACKER SEAWEED 111.3G_T149_3,1.0
CG_LT,149,,MM HIEP PHU,MM BINH PHU,AN RICE CRACKER SEAWEED 111.3G,6,0.6,2.0,5.845442,LT_AN RICE CRACKER SEAWEED 111.3G_T149_3,1.0
CG_LT,149,,MM HIEP PHU,MM DA NANG,AN RICE CRACKER SEAWEED 111.3G,1,0.6,2.0,2.697413,LT_AN RICE CRACKER SEAWEED 111.3G_T149_3,1.0
CG_LT,149,,MM AN PHU,MM DA NANG,AN RICE CRACKER SEAWEED 111.3G,4,0.6,2.0,4.531495,LT_AN RICE CRACKER SEAWEED 111.3G_T149_4,1.0
CG_LT,149,,MM HIEP PHU,MM AN PHU,AN RICE CRACKER SEAWEED 111.3G,4,0.6,2.0,4.664583,LT_AN RICE CRACKER SEAWEED 111.3G_T149_4,1.0
CG_LT,149,,MM HIEP PHU,MM BINH PHU,AN RICE CRACKER SEAWEED 111.3G,3,0.6,2.0,3.558267,LT_AN RICE CRACKER SEAWEED 111.3G_T149_4,1.0
CG_LT,149,,MM HIEP PHU,MM DA NANG,AN RICE CRACKER SEAWEED 111.3G,5,0.6,2.0,5.182554,LT_AN RICE CRACKER SEAWEED 111.3G_T149_4,1.0
CG_LT,149,,MM AN PHU,MM DA NANG,AN RICE CRACKER SEAWEED 111.3G,1,0.6,0.302829,1.102894,LT_AN RICE CRACKER SEAWEED 111.3G_T149_5,0.151414
CG_LT,149,,MM HIEP PHU,MM DA NANG,AN RICE CRACKER SEAWEED 111.3G,1,0.6,0.302829,0.890936,LT_AN RICE CRACKER SEAWEED 111.3G_T149_5,0.151414
CG_LT,150,,MM HIEP PHU,MM BINH PHU,AN RICE CRACKER SEAWEED 111.3G,8,0.6,2.0,6.994538,LT_AN RICE CRACKER SEAWEED 111.3G_T150_1,1.0
CG_LT,150,,MM HIEP PHU,MM DA NANG,AN RICE CRACKER SEAWEED 111.3G,6,0.6,2.0,5.737076,LT_AN RICE CRACKER SEAWEED 111.3G_T150_1,1.0
CG_LT,150,,MM HIEP PHU,MM AN PHU,AN RICE CRACKER SEAWEED 111.3G,6,0.6,2.0,5.825187,LT_AN RICE CRACKER SEAWEED 111.3G_T150_2,1.0
CG_LT,150,,MM HIEP PHU,MM BINH PHU,AN RICE CRACKER SEAWEED 111.3G,7,0.6,2.0,6.307722,LT_AN RICE CRACKER SEAWEED 111.3G_T150_2,1.0
CG_LT,150,,MM HIEP PHU,MM DA NANG,AN RICE CRACKER SEAWEED 111.3G,8,0.6,2.0,6.85288,LT_AN RICE CRACKER SEAWEED 111.3G_T150_2,1.0
CG_LT,150,,MM HIEP PHU,MM AN PHU,AN RICE CRACKER SEAWEED 111.3G,4,0.6,2.0,4.435328,LT_AN RICE CRACKER SEAWEED 111.3G_T150_3,1.0
CG_LT,150,,MM HIEP PHU,MM BINH PHU,AN RICE CRACKER SEAWEED 111.3G,1,0.6,2.0,2.610489,LT_AN RICE CRACKER SEAWEED 111.3G_T150_3,1.0
CG_LT,150,,MM HIEP PHU,MM AN PHU,AN RICE CRACKER SEAWEED 111.3G,2,0.6,2.0,3.47052,LT_AN RICE CRACKER SEAWEED 111.3G_T150_4,1.0
CG_LT,150,,MM HIEP PHU,MM BINH PHU,AN RICE CRACKER SEAWEED 111.3G,6,0.6,2.0,5.503464,LT_AN RICE CRACKER SEAWEED 111.3G_T150_4,1.0
CG_LT,150,,MM HIEP PHU,MM DA NANG,AN RICE CRACKER SEAWEED 111.3G,7,0.6,2.0,5.933187,LT_AN RICE CRACKER SEAWEED 111.3G_T150_4,1.0
CG_LT,150,,MM HIEP PHU,MM BINH PHU,AN RICE CRACKER SEAWEED 111.3G,2,0.6,2.0,3.443267,LT_AN RICE CRACKER SEAWEED 111.3G_T150_5,1.0
CG_LT,150,,MM HIEP PHU,MM DA NANG,AN RICE CRACKER SEAWEED 111.3G,9,0.6,2.0,7.462382,LT_AN RICE CRACKER SEAWEED 111.3G_T150_5,1.0
CG_LT,151,,MM DA NANG,MM BINH PHU,AN RICE CRACKER SEAWEED 111.3G,9,0.6,2.0,7.117621,LT_AN RICE CRACKER SEAWEED 111.3G_T151_1,1.0
CG_LT,151,,MM HIEP PHU,MM BINH PHU,AN RICE CRACKER SEAWEED 111.3G,7,0.6,2.0,5.936441,LT_AN RICE CRACKER SEAWEED 111.3G_T151_2,1.0
CG_LT,151,,MM AN PHU,MM BINH PHU,AN RICE CRACKER SEAWEED 111.3G,8,0.6,2.0,6.731316,LT_AN RICE CRACKER SEAWEED 111.3G_T151_4,1.0
CG_LT,151,,MM DA NANG,MM BINH PHU,AN RICE CRACKER SEAWEED 111.3G,6,0.6,2.0,5.632073,LT_AN RICE CRACKER SEAWEED 111.3G_T151_4,1.0
CG_LT,151,,MM HIEP PHU,MM BINH PHU,AN RICE CRACKER SEAWEED 111.3G,6,0.6,2.0,5.76825,LT_AN RICE CRACKER SEAWEED 111.3G_T151_4,1.0
CG_LT,152,,MM AN PHU,MM BINH PHU,AN RICE CRACKER SEAWEED 111.3G,4,0.6,2.0,4.699898,LT_AN RICE CRACKER SEAWEED 111.3G_T152_4,1.0
CG_LT,152,,MM AN PHU,MM DA NANG,AN RICE CRACKER SEAWEED 111.3G,7,0.6,2.0,6.478461,LT_AN RICE CRACKER SEAWEED 111.3G_T152_4,1.0
CG_LT,153,,MM DA NANG,MM AN PHU,AN RICE CRACKER SEAWEED 111.3G,2,0.6,1.064161,1.997579,LT_AN RICE CRACKER SEAWEED 111.3G_T153_1,0.53208
CG_LT,153,,MM HIEP PHU,MM AN PHU,AN RICE CRACKER SEAWEED 111.3G,1,0.6,1.064161,1.51044,LT_AN RICE CRACKER SEAWEED 111.3G_T153_1,0.53208
CG_LT,153,,MM HIEP PHU,MM BINH PHU,AN RICE CRACKER SEAWEED 111.3G,3,0.6,1.064161,2.621778,LT_AN RICE CRACKER SEAWEED 111.3G_T153_1,0.53208
CG_LT,153,,MM DA NANG,MM BINH PHU,AN RICE CRACKER SEAWEED 111.3G,3,0.6,2.0,3.586581,LT_AN RICE CRACKER SEAWEED 111.3G_T153_5,1.0
CG_LT,153,,MM HIEP PHU,MM AN PHU,AN RICE CRACKER SEAWEED 111.3G,8,0.6,2.0,6.612746,LT_AN RICE CRACKER SEAWEED 111.3G_T153_5,1.0
CG_LT,153,,MM HIEP PHU,MM BINH PHU,AN RICE CRACKER SEAWEED 111.3G,3,0.6,2.0,3.558543,LT_AN RICE CRACKER SEAWEED 111.3G_T153_5,1.0
CG_LT,16,,MM BINH PHU,MM DA NANG,AN RICE CRACKER SEAWEED 111.3G,4,0.6,2.0,4.242597,LT_AN RICE CRACKER SEAWEED 111.3G_T16_1,1.0
CG_LT,16,,MM HIEP PHU,MM AN PHU,AN RICE CRACKER SEAWEED 111.3G,9,0.6,2.0,7.606707,LT_AN RICE CRACKER SEAWEED 111.3G_T16_1,1.0
CG_LT,16,,MM HIEP PHU,MM DA NANG,AN RICE CRACKER SEAWEED 111.3G,4,0.6,2.0,4.125759,LT_AN RICE CRACKER SEAWEED 111.3G_T16_1,1.0
CG_LT,16,,MM BINH PHU,MM AN PHU,AN RICE CRACKER SEAWEED 111.3G,5,0.6,2.0,5.115836,LT_AN RICE CRACKER SEAWEED 111.3G_T16_2,1.0
CG_LT,16,,MM BINH PHU,MM DA NANG,AN RICE CRACKER SEAWEED 111.3G,8,0.6,2.0,6.844815,LT_AN RICE CRACKER SEAWEED 111.3G_T16_2,1.0
CG_LT,16,,MM HIEP PHU,MM AN PHU,AN RICE CRACKER SEAWEED 111.3G,5,0.6,2.0,4.837157,LT_AN RICE CRACKER SEAWEED 111.3G_T16_2,1.0
CG_LT,16,,MM BINH PHU,MM AN PHU,AN RICE CRACKER SEAWEED 111.3G,9,0.6,2.0,7.289578,LT_AN RICE CRACKER SEAWEED 111.3G_T16_3,1.0
CG_LT,16,,MM BINH PHU,MM DA NANG,AN RICE CRACKER SEAWEED 111.3G,9,0.6,2.0,7.482323,LT_AN RICE CRACKER SEAWEED 111.3G_T16_3,1.0
CG_LT,16,,MM HIEP PHU,MM AN PHU,AN RICE CRACKER SEAWEED 111.3G,2,0.6,2.0,3.016171,LT_AN RICE CRACKER SEAWEED 111.3G_T16_3,1.0
CG_LT,16,,MM HIEP PHU,MM DA NANG,AN RICE CRACKER SEAWEED 111.3G,4,0.6,2.0,4.148643,LT_AN RICE CRACKER SEAWEED 111.3G_T16_3,1.0
CG_LT,16,,MM BINH PHU,MM DA NANG,AN RICE CRACKER SEAWEED 111.3G,2,0.6,2.0,3.258824,LT_AN RICE CRACKER SEAWEED 111.3G_T16_4,1.0
CG_LT,16,,MM HIEP PHU,MM AN PHU,AN RICE CRACKER SEAWEED 111.3G,9,0.6,2.0,7.602948,LT_AN RICE CRACKER SEAWEED 111.3G_T16_4,1.0
CG_LT,16,,MM BINH PHU,MM AN PHU,AN RICE CRACKER SEAWEED 111.3G,9,0.6,2.0,7.657735,LT_AN RICE CRACKER SEAWEED 111.3G_T16_5,1.0
CG_LT,16,,MM BINH PHU,MM DA NANG,AN RICE CRACKER SEAWEED 111.3G,4,0.6,2.0,4.159286,LT_AN RICE CRACKER SEAWEED 111.3G_T16_5,1.0
CG_LT,16,,MM HIEP PHU,MM AN PHU,AN RICE CRACKER SEAWEED 111.3G,6,0.6,2.0,5.41271,LT_AN RICE CRACKER SEAWEED 111.3G_T16_5,1.0
CG_LT,16,,MM HIEP PHU,MM DA NANG,AN RICE CRACKER SEAWEED 111.3G,3,0.6,2.0,3.752217,LT_AN RICE CRACKER SEAWEED 111.3G_T16_5,1.0
CG_LT,17,,MM HIEP PHU,MM AN PHU,AN RICE CRACKER SEAWEED 111.3G,5,0.6,2.0,4.861464,LT_AN RICE CRACKER SEAWEED 111.3G_T17_2,1.0
CG_LT,17,,MM HIEP PHU,MM DA NANG,AN RICE CRACKER SEAWEED 111.3G,2,0.6,2.0,3.130341,LT_AN RICE CRACKER SEAWEED 111.3G_T17_4,1.0
CG_LT,19,,MM HIEP PHU,MM AN PHU,AN RICE CRACKER SEAWEED 111.3G,4,0.6,2.0,4.292757,LT_AN RICE CRACKER SEAWEED 111.3G_T19_1,1.0
CG_LT,19,,MM HIEP PHU,MM BINH PHU,AN RICE CRACKER SEAWEED 111.3G,9,0.6,2.0,7.144906,LT_AN RICE CRACKER SEAWEED 111.3G_T19_1,1.0
CG_LT,19,,MM HIEP PHU,MM AN PHU,AN RICE CRACKER SEAWEED 111.3G,4,0.6,2.0,4.644021,LT_AN RICE CRACKER SEAWEED 111.3G_T19_2,1.0
CG_LT,19,,MM HIEP PHU,MM BINH PHU,AN RICE CRACKER SEAWEED 111.3G,3,0.6,2.0,3.591781,LT_AN RICE CRACKER SEAWEED 111.3G_T19_2,1.0
CG_LT,19,,MM HIEP PHU,MM DA NANG,AN RICE CRACKER SEAWEED 111.3G,4,0.6,2.0,4.188329,LT_AN RICE CRACKER SEAWEED 111.3G_T19_2,1.0
CG_LT,19,,MM HIEP PHU,MM DA NANG,AN RICE CRACKER SEAWEED 111.3G,8,0.6,2.0,6.560533,LT_AN RICE CRACKER SEAWEED 111.3G_T19_3,1.0
CG_LT,19,,MM HIEP PHU,MM BINH PHU,AN RICE CRACKER SEAWEED 111.3G,7,0.6,2.0,6.02849,LT_AN RICE CRACKER SEAWEED 111.3G_T19_4,1.0
CG_LT,19,,MM HIEP PHU,MM DA NANG,AN RICE CRACKER SEAWEED 111.3G,2,0.6,2.0,2.981286,LT_AN RICE CRACKER SEAWEED 111.3G_T19_4,1.0
CG_LT,19,,MM HIEP PHU,MM AN PHU,AN RICE CRACKER SEAWEED 111.3G,8,0.6,2.0,6.801311,LT_AN RICE CRACKER SEAWEED 111.3G_T19_5,1.0
CG_LT,19,,MM HIEP PHU,MM DA NANG,AN RICE CRACKER SEAWEED 111.3G,4,0.6,2.0,4.129818,LT_AN RICE CRACKER SEAWEED 111.3G_T19_5,1.0
CG_LT,20,,MM HIEP PHU,MM AN PHU,AN RICE CRACKER SEAWEED 111.3G,8,0.6,2.0,6.535092,LT_AN RICE CRACKER SEAWEED 111.3G_T20_1,1.0
CG_LT,20,,MM HIEP PHU,MM BINH PHU,AN RICE CRACKER SEAWEED 111.3G,1,0.6,2.0,2.680529,LT_AN RICE CRACKER SEAWEED 111.3G_T20_1,1.0
CG_LT,20,,MM HIEP PHU,MM AN PHU,AN RICE CRACKER SEAWEED 111.3G,4,0.6,2.0,4.573809,LT_AN RICE CRACKER SEAWEED 111.3G_T20_2,1.0
CG_LT,20,,MM HIEP PHU,MM AN PHU,AN RICE CRACKER SEAWEED 111.3G,9,0.6,2.0,7.420921,LT_AN RICE CRACKER SEAWEED 111.3G_T20_3,1.0
CG_LT,20,,MM HIEP PHU,MM BINH PHU,AN RICE CRACKER SEAWEED 111.3G,4,0.6,2.0,4.422787,LT_AN RICE CRACKER SEAWEED 111.3G_T20_3,1.0
CG_LT,20,,MM HIEP PHU,MM DA NANG,AN RICE CRACKER SEAWEED 111.3G,3,0.6,2.0,4.060432,LT_AN RICE CRACKER SEAWEED 111.3G_T20_3,1.0
CG_LT,20,,MM HIEP PHU,MM AN PHU,AN RICE CRACKER SEAWEED 111.3G,9,0.6,2.0,7.539199,LT_AN RICE CRACKER SEAWEED 111.3G_T20_4,1.0
CG_LT,20,,MM HIEP PHU,MM AN PHU,AN RICE CRACKER SEAWEED 111.3G,7,0.6,2.0,5.953823,LT_AN RICE CRACKER SEAWEED 111.3G_T20_5,1.0
CG_LT,20,,MM HIEP PHU,MM BINH PHU,AN RICE CRACKER SEAWEED 111.3G,3,0.6,2.0,3.838158,LT_AN RICE CRACKER SEAWEED 111.3G_T20_5,1.0
CG_LT,22,,MM BINH PHU,MM DA NANG,AN RICE CRACKER SEAWEED 111.3G,7,0.6,1.609902,5.896384,LT_AN RICE CRACKER SEAWEED 111.3G_T22_2,0.804951
CG_LT,22,,MM HIEP PHU,MM DA NANG,AN RICE CRACKER SEAWEED 111.3G,3,0.6,1.609902,3.446472,LT_AN RICE CRACKER SEAWEED 111.3G_T22_2,0.804951
CG_LT,22,,MM BINH PHU,MM DA NANG,AN RICE CRACKER SEAWEED 111.3G,9,0.6,2.0,7.276948,LT_AN RICE CRACKER SEAWEED 111.3G_T22_4,1.0
CG_LT,23,,MM BINH PHU,MM AN PHU,AN RICE CRACKER SEAWEED 111.3G,1,0.6,1.148407,1.724259,LT_AN RICE CRACKER SEAWEED 111.3G_T23_1,0.574203
CG_LT,23,,MM HIEP PHU,MM AN PHU,AN RICE CRACKER SEAWEED 111.3G,5,0.6,1.148407,4.069403,LT_AN RICE CRACKER SEAWEED 111.3G_T23_1,0.574203
CG_LT,23,,MM HIEP PHU,MM DA NANG,AN RICE CRACKER SEAWEED 111.3G,2,0.6,1.148407,2.16326,LT_AN RICE CRACKER SEAWEED 111.3G_T23_1,0.574203
CG_LT,23,,MM HIEP PHU,MM DA NANG,AN RICE CRACKER SEAWEED 111.3G,3,0.6,2.0,3.724457,LT_AN RICE CRACKER SEAWEED 111.3G_T23_2,1.0
CG_LT,23,,MM BINH PHU,MM AN PHU,AN RICE CRACKER SEAWEED 111.3G,7,0.6,2.0,6.071779,LT_AN RICE CRACKER SEAWEED 111.3G_T23_4,1.0
CG_LT,23,,MM BINH PHU,MM DA NANG,AN RICE CRACKER SEAWEED 111.3G,5,0.6,2.0,4.785403,LT_AN RICE CRACKER SEAWEED 111.3G_T23_4,1.0
CG_LT,23,,MM HIEP PHU,MM AN PHU,AN RICE CRACKER SEAWEED 111.3G,7,0.6,2.0,6.174304,LT_AN RICE CRACKER SEAWEED 111.3G_T23_4,1.0
CG_LT,24,,MM BINH PHU,MM AN PHU,AN RICE CRACKER SEAWEED 111.3G,3,0.6,1.615735,3.174897,LT_AN RICE CRACKER SEAWEED 111.3G_T24_3,0.807868
CG_LT,24,,MM BINH PHU,MM DA NANG,AN RICE CRACKER SEAWEED 111.3G,7,0.6,1.615735,6.071859,LT_AN RICE CRACKER SEAWEED 111.3G_T24_3,0.807868
CG_LT,24,,MM HIEP PHU,MM AN PHU,AN RICE CRACKER SEAWEED 111.3G,5,0.6,1.615735,4.505177,LT_AN RICE CRACKER SEAWEED 111.3G_T24_3,0.807868
CG_LT,24,,MM HIEP PHU,MM DA NANG,AN RICE CRACKER SEAWEED 111.3G,5,0.6,1.615735,4.735183,LT_AN RICE CRACKER SEAWEED 111.3G_T24_3,0.807868
CG_LT,24,,MM HIEP PHU,MM DA NANG,AN RICE CRACKER SEAWEED 111.3G,4,0.6,2.0,4.624428,LT_AN RICE CRACKER SEAWEED 111.3G_T24_5,1.0
CG_LT,25,,MM BINH PHU,MM AN PHU,AN RICE CRACKER SEAWEED 111.3G,7,0.6,2.0,5.937452,LT_AN RICE CRACKER SEAWEED 111.3G_T25_1,1.0
CG_LT,25,,MM BINH PHU,MM DA NANG,AN RICE CRACKER SEAWEED 111.3G,6,0.6,2.0,5.54847,LT_AN RICE CRACKER SEAWEED 111.3G_T25_1,1.0
CG_LT,25,,MM HIEP PHU,MM AN PHU,AN RICE CRACKER SEAWEED 111.3G,9,0.6,2.0,7.483102,LT_AN RICE CRACKER SEAWEED 111.3G_T25_1,1.0
CG_LT,25,,MM HIEP PHU,MM DA NANG,AN RICE CRACKER SEAWEED 111.3G,7,0.6,2.0,6.18181,LT_AN RICE CRACKER SEAWEED 111.3G_T25_1,1.0
CG_LT,25,,MM BINH PHU,MM AN PHU,AN RICE CRACKER SEAWEED 111.3G,7,0.6,2.0,6.449203,LT_AN RICE CRACKER SEAWEED 111.3G_T25_2,1.0
CG_LT,25,,MM HIEP PHU,MM DA NANG,AN RICE CRACKER SEAWEED 111.3G,6,0.6,2.0,5.334993,LT_AN RICE CRACKER SEAWEED 111.3G_T25_2,1.0
CG_LT,25,,MM BINH PHU,MM AN PHU,AN RICE CRACKER SEAWEED 111.3G,3,0.6,2.0,3.870501,LT_AN RICE CRACKER SEAWEED 111.3G_T25_4,1.0
CG_LT,25,,MM HIEP PHU,MM AN PHU,AN RICE CRACKER SEAWEED 111.3G,8,0.6,2.0,6.535498,LT_AN RICE CRACKER SEAWEED 111.3G_T25_4,1.0
CG_LT,25,,MM BINH PHU,MM DA NANG,AN RICE CRACKER SEAWEED 111.3G,1,0.6,1.271396,2.134444,LT_AN RICE CRACKER SEAWEED 111.3G_T25_5,0.635698
CG_LT,25,,MM HIEP PHU,MM AN PHU,AN RICE CRACKER SEAWEED 111.3G,6,0.6,1.271396,4.856601,LT_AN RICE CRACKER SEAWEED 111.3G_T25_5,0.635698
CG_LT,25,,MM HIEP PHU,MM DA NANG,AN RICE CRACKER SEAWEED 111.3G,5,0.6,1.271396,4.423875,LT_AN RICE CRACKER SEAWEED 111.3G_T25_5,0.635698
CG_LT,26,,MM BINH PHU,MM AN PHU,AN RICE CRACKER SEAWEED 111.3G,8,0.6,2.0,6.765514,LT_AN RICE CRACKER SEAWEED 111.3G_T26_1,1.0
CG_LT,26,,MM HIEP PHU,MM DA NANG,AN RICE CRACKER SEAWEED 111.3G,9,0.6,2.0,7.356152,LT_AN RICE CRACKER SEAWEED 111.3G_T26_1,1.0
CG_LT,26,,MM BINH PHU,MM AN PHU,AN RICE CRACKER SEAWEED 111.3G,4,0.6,2.0,4.490983,LT_AN RICE CRACKER SEAWEED 111.3G_T26_2,1.0
CG_LT,26,,MM BINH PHU,MM DA NANG,AN RICE CRACKER SEAWEED 111.3G,7,0.6,2.0,6.25418,LT_AN RICE CRACKER SEAWEED 111.3G_T26_2,1.0
CG_LT,26,,MM HIEP PHU,MM AN PHU,AN RICE CRACKER SEAWEED 111.3G,2,0.6,2.0,3.441139,LT_AN RICE CRACKER SEAWEED 111.3G_T26_2,1.0
CG_LT,26,,MM HIEP PHU,MM DA NANG,AN RICE CRACKER SEAWEED 111.3G,7,0.6,2.0,6.047682,LT_AN RICE CRACKER SEAWEED 111.3G_T26_2,1.0
CG_LT,26,,MM BINH PHU,MM AN PHU,AN RICE CRACKER SEAWEED 111.3G,5,0.6,2.0,4.848767,LT_AN RICE CRACKER SEAWEED 111.3G_T26_3,1.0
CG_LT,26,,MM BINH PHU,MM DA NANG,AN RICE CRACKER SEAWEED 111.3G,5,0.6,2.0,4.74007,LT_AN RICE CRACKER SEAWEED 111.3G_T26_3,1.0
CG_LT,26,,MM HIEP PHU,MM AN PHU,AN RICE CRACKER SEAWEED 111.3G,5,0.6,2.0,4.918651,LT_AN RICE CRACKER SEAWEED 111.3G_T26_3,1.0
CG_LT,26,,MM HIEP PHU,MM DA NANG,AN RICE CRACKER SEAWEED 111.3G,1,0.6,2.0,2.855317,LT_AN RICE CRACKER SEAWEED 111.3G_T26_3,1.0
CG_LT,26,,MM BINH PHU,MM AN PHU,AN RICE CRACKER SEAWEED 111.3G,0,0.6,0.602866,0.807276,LT_AN RICE CRACKER SEAWEED 111.3G_T26_4,0.301433
CG_LT,26,,MM BINH PHU,MM DA NANG,AN RICE CRACKER SEAWEED 111.3G,1,0.6,0.602866,1.378075,LT_AN RICE CRACKER SEAWEED 111.3G_T26_4,0.301433
CG_LT,26,,MM HIEP PHU,MM AN PHU,AN RICE CRACKER SEAWEED 111.3G,0,0.6,0.602866,0.84559,LT_AN RICE CRACKER SEAWEED 111.3G_T26_4,0.301433
CG_LT,26,,MM HIEP PHU,MM DA NANG,AN RICE CRACKER SEAWEED 111.3G,3,0.6,0.602866,2.365595,LT_AN RICE CRACKER SEAWEED 111.3G_T26_4,0.301433
CG_LT,26,,MM BINH PHU,MM AN PHU,AN RICE CRACKER SEAWEED 111.3G,7,0.6,2.0,6.194096,LT_AN RICE CRACKER SEAWEED 111.3G_T26_5,1.0
CG_LT,26,,MM BINH PHU,MM DA NANG,AN RICE CRACKER SEAWEED 111.3G,1,0.6,2.0,2.776371,LT_AN RICE CRACKER SEAWEED 111.3G_T26_5,1.0
CG_LT,26,,MM HIEP PHU,MM DA NANG,AN RICE CRACKER SEAWEED 111.3G,2,0.6,2.0,3.284022,LT_AN RICE CRACKER SEAWEED 111.3G_T26_5,1.0
CG_LT,27,,MM HIEP PHU,MM DA NANG,AN RICE CRACKER SEAWEED 111.3G,1,0.6,0.381692,1.114483,LT_AN RICE CRACKER SEAWEED 111.3G_T27_3,0.190846
CG_LT,27,,MM HIEP PHU,MM DA NANG,AN RICE CRACKER SEAWEED 111.3G,8,0.6,2.0,6.912275,LT_AN RICE CRACKER SEAWEED 111.3G_T27_4,1.0
CG_LT,28,,MM HIEP PHU,MM DA NANG,AN RICE CRACKER SEAWEED 111.3G,3,0.6,2.0,3.65817,LT_AN RICE CRACKER SEAWEED 111.3G_T28_1,1.0
CG_LT,28,,MM BINH PHU,MM AN PHU,AN RICE CRACKER SEAWEED 111.3G,2,0.6,2.0,3.044974,LT_AN RICE CRACKER SEAWEED 111.3G_T28_2,1.0
CG_LT,28,,MM BINH PHU,MM DA NANG,AN RICE CRACKER SEAWEED 111.3G,2,0.6,2.0,2.953155,LT_AN RICE CRACKER SEAWEED 111.3G_T28_2,1.0
CG_LT,28,,MM HIEP PHU,MM AN PHU,AN RICE CRACKER SEAWEED 111.3G,3,0.6,2.0,3.544524,LT_AN RICE CRACKER SEAWEED 111.3G_T28_2,1.0
CG_LT,28,,MM BINH PHU,MM AN PHU,AN RICE CRACKER SEAWEED 111.3G,5,0.6,2.0,4.838905,LT_AN RICE CRACKER SEAWEED 111.3G_T28_3,1.0
CG_LT,28,,MM BINH PHU,MM DA NANG,AN RICE CRACKER SEAWEED 111.3G,2,0.6,2.0,3.107157,LT_AN RICE CRACKER SEAWEED 111.3G_T28_3,1.0
CG_LT,28,,MM HIEP PHU,MM AN PHU,AN RICE CRACKER SEAWEED 111.3G,7,0.6,2.0,6.45901,LT_AN RICE CRACKER SEAWEED 111.3G_T28_3,1.0
CG_LT,28,,MM HIEP PHU,MM DA NANG,AN RICE CRACKER SEAWEED 111.3G,4,0.6,2.0,4.215274,LT_AN RICE CRACKER SEAWEED 111.3G_T28_3,1.0
CG_LT,28,,MM BINH PHU,MM AN PHU,AN RICE CRACKER SEAWEED 111.3G,3,0.6,2.0,3.601319,LT_AN RICE CRACKER SEAWEED 111.3G_T28_4,1.0
CG_LT,28,,MM BINH PHU,MM DA NANG,AN RICE CRACKER SEAWEED 111.3G,4,0.6,2.0,4.398818,LT_AN RICE CRACKER SEAWEED 111.3G_T28_4,1.0
CG_LT,28,,MM HIEP PHU,MM AN PHU,AN RICE CRACKER SEAWEED 111.3G,4,0.6,2.0,4.485544,LT_AN RICE CRACKER SEAWEED 111.3G_T28_4,1.0
CG_LT,28,,MM BINH PHU,MM AN PHU,AN RICE CRACKER SEAWEED 111.3G,3,0.6,2.0,3.704944,LT_AN RICE CRACKER SEAWEED 111.3G_T28_5,1.0
CG_LT,28,,MM BINH PHU,MM DA NANG,AN RICE CRACKER SEAWEED 111.3G,4,0.6,2.0,4.149818,LT_AN RICE CRACKER SEAWEED 111.3G_T28_5,1.0
CG_LT,28,,MM HIEP PHU,MM DA NANG,AN RICE CRACKER SEAWEED 111.3G,1,0.6,2.0,2.778037,LT_AN RICE CRACKER SEAWEED 111.3G_T28_5,1.0
CG_LT,29,,MM BINH PHU,MM AN PHU,AN RICE CRACKER SEAWEED 111.3G,7,0.6,1.668624,6.06929,LT_AN RICE CRACKER SEAWEED 111.3G_T29_1,0.834312
CG_LT,29,,MM BINH PHU,MM DA NANG,AN RICE CRACKER SEAWEED 111.3G,5,0.6,1.668624,4.576804,LT_AN RICE CRACKER SEAWEED 111.3G_T29_1,0.834312
CG_LT,29,,MM HIEP PHU,MM AN PHU,AN RICE CRACKER SEAWEED 111.3G,5,0.6,1.668624,4.942817,LT_AN RICE CRACKER SEAWEED 111.3G_T29_1,0.834312
CG_LT,29,,MM HIEP PHU,MM DA NANG,AN RICE CRACKER SEAWEED 111.3G,4,0.6,1.668624,3.794261,LT_AN RICE CRACKER SEAWEED 111.3G_T29_1,0.834312
CG_LT,29,,MM BINH PHU,MM AN PHU,AN RICE CRACKER SEAWEED 111.3G,8,0.6,2.0,6.780864,LT_AN RICE CRACKER SEAWEED 111.3G_T29_5,1.0
CG_LT,29,,MM BINH PHU,MM DA NANG,AN RICE CRACKER SEAWEED 111.3G,6,0.6,2.0,5.657639,LT_AN RICE CRACKER SEAWEED 111.3G_T29_5,1.0
CG_LT,29,,MM HIEP PHU,MM AN PHU,AN RICE CRACKER SEAWEED 111.3G,2,0.6,2.0,3.298312,LT_AN RICE CRACKER SEAWEED 111.3G_T29_5,1.0
CG_LT,29,,MM HIEP PHU,MM DA NANG,AN RICE CRACKER SEAWEED 111.3G,7,0.6,2.0,5.908543,LT_AN RICE CRACKER SEAWEED 111.3G_T29_5,1.0
CG_LT,30,,MM BINH PHU,MM AN PHU,AN RICE CRACKER SEAWEED 111.3G,6,0.6,1.622739,5.076114,LT_AN RICE CRACKER SEAWEED 111.3G_T30_1,0.811369
CG_LT,30,,MM BINH PHU,MM DA NANG,AN RICE CRACKER SEAWEED 111.3G,3,0.6,1.622739,3.382659,LT_AN RICE CRACKER SEAWEED 111.3G_T30_1,0.811369
CG_LT,30,,MM HIEP PHU,MM AN PHU,AN RICE CRACKER SEAWEED 111.3G,3,0.6,1.622739,3.139467,LT_AN RICE CRACKER SEAWEED 111.3G_T30_1,0.811369
CG_LT,30,,MM HIEP PHU,MM DA NANG,AN RICE CRACKER SEAWEED 111.3G,3,0.6,1.622739,3.304413,LT_AN RICE CRACKER SEAWEED 111.3G_T30_1,0.811369
CG_LT,30,,MM BINH PHU,MM AN PHU,AN RICE CRACKER SEAWEED 111.3G,6,0.6,2.0,5.749508,LT_AN RICE CRACKER SEAWEED 111.3G_T30_2,1.0
CG_LT,30,,MM HIEP PHU,MM AN PHU,AN RICE CRACKER SEAWEED 111.3G,4,0.6,2.0,4.459172,LT_AN RICE CRACKER SEAWEED 111.3G_T30_3,1.0
CG_LT,30,,MM HIEP PHU,MM DA NANG,AN RICE CRACKER SEAWEED 111.3G,10,0.6,2.0,7.937819,LT_AN RICE CRACKER SEAWEED 111.3G_T30_3,1.0
CG_LT,30,,MM BINH PHU,MM AN PHU,AN RICE CRACKER SEAWEED 111.3G,5,0.6,2.0,5.052591,LT_AN RICE CRACKER SEAWEED 111.3G_T30_4,1.0
CG_LT,30,,MM BINH PHU,MM DA NANG,AN RICE CRACKER SEAWEED 111.3G,2,0.6,2.0,3.434205,LT_AN RICE CRACKER SEAWEED 111.3G_T30_4,1.0
CG_LT,30,,MM HIEP PHU,MM AN PHU,AN RICE CRACKER SEAWEED 111.3G,7,0.6,2.0,5.911584,LT_AN RICE CRACKER SEAWEED 111.3G_T30_4,1.0
CG_LT,30,,MM HIEP PHU,MM DA NANG,AN RICE CRACKER SEAWEED 111.3G,7,0.6,2.0,5.930995,LT_AN RICE CRACKER SEAWEED 111.3G_T30_4,1.0
CG_LT,38,,MM BINH PHU,MM DA NANG,AN RICE CRACKER SEAWEED 111.3G,9,0.6,2.0,7.511365,LT_AN RICE CRACKER SEAWEED 111.3G_T38_2,1.0
CG_LT,39,,MM BINH PHU,MM AN PHU,AN RICE CRACKER SEAWEED 111.3G,9,0.6,2.0,7.248453,LT_AN RICE CRACKER SEAWEED 111.3G_T39_1,1.0
CG_LT,39,,MM HIEP PHU,MM AN PHU,AN RICE CRACKER SEAWEED 111.3G,6,0.6,2.0,5.509882,LT_AN RICE CRACKER SEAWEED 111.3G_T39_1,1.0
CG_LT,39,,MM HIEP PHU,MM DA NANG,AN RICE CRACKER SEAWEED 111.3G,4,0.6,2.0,4.149457,LT_AN RICE CRACKER SEAWEED 111.3G_T39_1,1.0
CG_LT,39,,MM BINH PHU,MM AN PHU,AN RICE CRACKER SEAWEED 111.3G,10,0.6,2.0,7.728891,LT_AN RICE CRACKER SEAWEED 111.3G_T39_2,1.0
CG_LT,39,,MM HIEP PHU,MM AN PHU,AN RICE CRACKER SEAWEED 111.3G,2,0.6,2.0,3.424196,LT_AN RICE CRACKER SEAWEED 111.3G_T39_2,1.0
CG_LT,39,,MM BINH PHU,MM AN PHU,AN RICE CRACKER SEAWEED 111.3G,5,0.6,2.0,4.991156,LT_AN RICE CRACKER SEAWEED 111.3G_T39_5,1.0
CG_LT,39,,MM HIEP PHU,MM AN PHU,AN RICE CRACKER SEAWEED 111.3G,7,0.6,2.0,5.978746,LT_AN RICE CRACKER SEAWEED 111.3G_T39_5,1.0
CG_LT,40,,MM BINH PHU,MM AN PHU,AN RICE CRACKER SEAWEED 111.3G,6,0.6,2.0,5.350435,LT_AN RICE CRACKER SEAWEED 111.3G_T40_2,1.0
CG_LT,40,,MM BINH PHU,MM DA NANG,AN RICE CRACKER SEAWEED 111.3G,5,0.6,2.0,5.069212,LT_AN RICE CRACKER SEAWEED 111.3G_T40_2,1.0
CG_LT,40,,MM HIEP PHU,MM DA NANG,AN RICE CRACKER SEAWEED 111.3G,4,0.6,2.0,4.582497,LT_AN RICE CRACKER SEAWEED 111.3G_T40_2,1.0
CG_LT,40,,MM HIEP PHU,MM AN PHU,AN RICE CRACKER SEAWEED 111.3G,8,0.6,2.0,6.598029,LT_AN RICE CRACKER SEAWEED 111.3G_T40_3,1.0
CG_LT,40,,MM HIEP PHU,MM DA NANG,AN RICE CRACKER SEAWEED 111.3G,7,0.6,2.0,6.054687,LT_AN RICE CRACKER SEAWEED 111.3G_T40_3,1.0
CG_LT,40,,MM BINH PHU,MM AN PHU,AN RICE CRACKER SEAWEED 111.3G,1,0.6,2.0,2.735796,LT_AN RICE CRACKER SEAWEED 111.3G_T40_4,1.0
CG_LT,40,,MM HIEP PHU,MM DA NANG,AN RICE CRACKER SEAWEED 111.3G,3,0.6,2.0,3.729629,LT_AN RICE CRACKER SEAWEED 111.3G_T40_4,1.0
CG_LT,40,,MM BINH PHU,MM DA NANG,AN RICE CRACKER SEAWEED 111.3G,3,0.6,2.0,3.936635,LT_AN RICE CRACKER SEAWEED 111.3G_T40_5,1.0
CG_LT,40,,MM HIEP PHU,MM AN PHU,AN RICE CRACKER SEAWEED 111.3G,2,0.6,2.0,3.338718,LT_AN RICE CRACKER SEAWEED 111.3G_T40_5,1.0
CG_LT,40,,MM HIEP PHU,MM DA NANG,AN RICE CRACKER SEAWEED 111.3G,6,0.6,2.0,5.744245,LT_AN RICE CRACKER SEAWEED 111.3G_T40_5,1.0
CG_LT,41,,MM AN PHU,MM DA NANG,AN RICE CRACKER SEAWEED 111.3G,1,0.6,0.150625,0.565575,LT_AN RICE CRACKER SEAWEED 111.3G_T41_3,0.075312
CG_LT,41,,MM BINH PHU,MM DA NANG,AN RICE CRACKER SEAWEED 111.3G,0,0.6,0.150625,0.355089,LT_AN RICE CRACKER SEAWEED 111.3G_T41_3,0.075312
CG_LT,41,,MM HIEP PHU,MM DA NANG,AN RICE CRACKER SEAWEED 111.3G,0,0.6,0.150625,0.424516,LT_AN RICE CRACKER SEAWEED 111.3G_T41_3,0.075312
CG_LT,41,,MM AN PHU,MM DA NANG,AN RICE CRACKER SEAWEED 111.3G,7,0.6,2.0,6.342421,LT_AN RICE CRACKER SEAWEED 111.3G_T41_4,1.0
CG_LT,41,,MM BINH PHU,MM DA NANG,AN RICE CRACKER SEAWEED 111.3G,8,0.6,2.0,6.782461,LT_AN RICE CRACKER SEAWEED 111.3G_T41_4,1.0
CG_LT,41,,MM HIEP PHU,MM DA NANG,AN RICE CRACKER SEAWEED 111.3G,10,0.6,2.0,7.885576,LT_AN RICE CRACKER SEAWEED 111.3G_T41_4,1.0
CG_LT,44,,MM AN PHU,MM DA NANG,AN RICE CRACKER SEAWEED 111.3G,0,0.6,0.281136,0.534722,LT_AN RICE CRACKER SEAWEED 111.3G_T44_1,0.140568
CG_LT,44,,MM BINH PHU,MM DA NANG,AN RICE CRACKER SEAWEED 111.3G,0,0.6,0.281136,0.47167,LT_AN RICE CRACKER SEAWEED 111.3G_T44_1,0.140568
CG_LT,44,,MM HIEP PHU,MM DA NANG,AN RICE CRACKER SEAWEED 111.3G,0,0.6,0.281136,0.490017,LT_AN RICE CRACKER SEAWEED 111.3G_T44_1,0.140568
CG_LT,44,,MM BINH PHU,MM DA NANG,AN RICE CRACKER SEAWEED 111.3G,3,0.6,2.0,3.907682,LT_AN RICE CRACKER SEAWEED 111.3G_T44_2,1.0
CG_LT,44,,MM AN PHU,MM DA NANG,AN RICE CRACKER SEAWEED 111.3G,9,0.6,2.0,7.554107,LT_AN RICE CRACKER SEAWEED 111.3G_T44_3,1.0
CG_LT,44,,MM HIEP PHU,MM DA NANG,AN RICE CRACKER SEAWEED 111.3G,10,0.6,2.0,7.84138,LT_AN RICE CRACKER SEAWEED 111.3G_T44_3,1.0
CG_LT,44,,MM AN PHU,MM DA NANG,AN RICE CRACKER SEAWEED 111.3G,2,0.6,2.0,2.942695,LT_AN RICE CRACKER SEAWEED 111.3G_T44_4,1.0
CG_LT,44,,MM BINH PHU,MM DA NANG,AN RICE CRACKER SEAWEED 111.3G,1,0.6,2.0,2.676195,LT_AN RICE CRACKER SEAWEED 111.3G_T44_4,1.0
CG_LT,44,,MM HIEP PHU,MM DA NANG,AN RICE CRACKER SEAWEED 111.3G,9,0.6,2.0,7.551595,LT_AN RICE CRACKER SEAWEED 111.3G_T44_4,1.0
CG_LT,44,,MM HIEP PHU,MM DA NANG,AN RICE CRACKER SEAWEED 111.3G,8,0.6,2.0,6.769345,LT_AN RICE CRACKER SEAWEED 111.3G_T44_5,1.0
CG_LT,45,,MM HIEP PHU,MM DA NANG,AN RICE CRACKER SEAWEED 111.3G,9,0.6,2.0,7.461233,LT_AN RICE CRACKER SEAWEED 111.3G_T45_3,1.0
CG_LT,45,,MM AN PHU,MM DA NANG,AN RICE CRACKER SEAWEED 111.3G,5,0.6,1.275195,4.546688,LT_AN RICE CRACKER SEAWEED 111.3G_T45_4,0.637598
CG_LT,45,,MM BINH PHU,MM DA NANG,AN RICE CRACKER SEAWEED 111.3G,4,0.6,1.275195,3.537282,LT_AN RICE CRACKER SEAWEED 111.3G_T45_4,0.637598
CG_LT,45,,MM HIEP PHU,MM DA NANG,AN RICE CRACKER SEAWEED 111.3G,4,0.6,1.275195,3.480384,LT_AN RICE CRACKER SEAWEED 111.3G_T45_4,0.637598
CG_LT,46,,MM AN PHU,MM DA NANG,AN RICE CRACKER SEAWEED 111.3G,0,0.6,0.065279,0.197846,LT_AN RICE CRACKER SEAWEED 111.3G_T46_1,0.032639
CG_LT,46,,MM BINH PHU,MM DA NANG,AN RICE CRACKER SEAWEED 111.3G,0,0.6,0.065279,0.238302,LT_AN RICE CRACKER SEAWEED 111.3G_T46_1,0.032639
CG_LT,46,,MM HIEP PHU,MM DA NANG,AN RICE CRACKER SEAWEED 111.3G,0,0.6,0.065279,0.122764,LT_AN RICE CRACKER SEAWEED 111.3G_T46_1,0.032639
CG_LT,46,,MM AN PHU,MM DA NANG,AN RICE CRACKER SEAWEED 111.3G,8,0.6,2.0,6.598604,LT_AN RICE CRACKER SEAWEED 111.3G_T46_5,1.0
CG_LT,46,,MM BINH PHU,MM DA NANG,AN RICE CRACKER SEAWEED 111.3G,6,0.6,2.0,5.366525,LT_AN RICE CRACKER SEAWEED 111.3G_T46_5,1.0
CG_LT,46,,MM HIEP PHU,MM DA NANG,AN RICE CRACKER SEAWEED 111.3G,9,0.6,2.0,7.471796,LT_AN RICE CRACKER SEAWEED 111.3G_T46_5,1.0
CG_LT,47,,MM AN PHU,MM DA NANG,AN RICE CRACKER SEAWEED 111.3G,2,0.6,1.518618,2.936272,LT_AN RICE CRACKER SEAWEED 111.3G_T47_3,0.759309
CG_LT,47,,MM BINH PHU,MM DA NANG,AN RICE CRACKER SEAWEED 111.3G,3,0.6,1.518618,3.570327,LT_AN RICE CRACKER SEAWEED 111.3G_T47_3,0.759309
CG_LT,47,,MM AN PHU,MM DA NANG,AN RICE CRACKER SEAWEED 111.3G,9,0.6,2.0,7.33992,LT_AN RICE CRACKER SEAWEED 111.3G_T47_4,1.0
CG_LT,47,,MM BINH PHU,MM DA NANG,AN RICE CRACKER SEAWEED 111.3G,8,0.6,2.0,6.559231,LT_AN RICE CRACKER SEAWEED 111.3G_T47_4,1.0
CG_LT,47,,MM HIEP PHU,MM DA NANG,AN RICE CRACKER SEAWEED 111.3G,6,0.6,2.0,5.79385,LT_AN RICE CRACKER SEAWEED 111.3G_T47_4,1.0
CG_LT,47,,MM AN PHU,MM DA NANG,AN RICE CRACKER SEAWEED 111.3G,2,0.6,2.0,3.349511,LT_AN RICE CRACKER SEAWEED 111.3G_T47_5,1.0
CG_LT,47,,MM HIEP PHU,MM DA NANG,AN RICE CRACKER SEAWEED 111.3G,7,0.6,2.0,6.288125,LT_AN RICE CRACKER SEAWEED 111.3G_T47_5,1.0
CG_LT,48,,MM BINH PHU,MM DA NANG,AN RICE CRACKER SEAWEED 111.3G,2,0.6,2.0,3.135373,LT_AN RICE CRACKER SEAWEED 111.3G_T48_2,1.0
CG_LT,48,,MM BINH PHU,MM AN PHU,AN RICE CRACKER SEAWEED 111.3G,9,0.6,2.0,7.608894,LT_AN RICE CRACKER SEAWEED 111.3G_T48_3,1.0
CG_LT,48,,MM BINH PHU,MM DA NANG,AN RICE CRACKER SEAWEED 111.3G,5,0.6,2.0,4.959925,LT_AN RICE CRACKER SEAWEED 111.3G_T48_3,1.0
CG_LT,48,,MM HIEP PHU,MM DA NANG,AN RICE CRACKER SEAWEED 111.3G,2,0.6,2.0,3.026565,LT_AN RICE CRACKER SEAWEED 111.3G_T48_3,1.0
CG_LT,48,,MM BINH PHU,MM DA NANG,AN RICE CRACKER SEAWEED 111.3G,8,0.6,2.0,7.020422,LT_AN RICE CRACKER SEAWEED 111.3G_T48_4,1.0
CG_LT,48,,MM HIEP PHU,MM AN PHU,AN RICE CRACKER SEAWEED 111.3G,5,0.6,2.0,4.896726,LT_AN RICE CRACKER SEAWEED 111.3G_T48_4,1.0
CG_LT,48,,MM HIEP PHU,MM DA NANG,AN RICE CRACKER SEAWEED 111.3G,1,0.6,2.0,2.788416,LT_AN RICE CRACKER SEAWEED 111.3G_T48_4,1.0
CG_LT,48,,MM HIEP PHU,MM AN PHU,AN RICE CRACKER SEAWEED 111.3G,1,0.6,0.389327,0.98652,LT_AN RICE CRACKER SEAWEED 111.3G_T48_5,0.194663
CG_LT,48,,MM HIEP PHU,MM DA NANG,AN RICE CRACKER SEAWEED 111.3G,1,0.6,0.389327,0.726801,LT_AN RICE CRACKER SEAWEED 111.3G_T48_5,0.194663
CG_LT,49,,MM BINH PHU,MM AN PHU,AN RICE CRACKER SEAWEED 111.3G,8,0.6,2.0,6.997394,LT_AN RICE CRACKER SEAWEED 111.3G_T49_2,1.0
CG_LT,49,,MM BINH PHU,MM DA NANG,AN RICE CRACKER SEAWEED 111.3G,1,0.6,2.0,2.642053,LT_AN RICE CRACKER SEAWEED 111.3G_T49_2,1.0
CG_LT,49,,MM HIEP PHU,MM AN PHU,AN RICE CRACKER SEAWEED 111.3G,10,0.6,2.0,7.735577,LT_AN RICE CRACKER SEAWEED 111.3G_T49_2,1.0
CG_LT,49,,MM HIEP PHU,MM DA NANG,AN RICE CRACKER SEAWEED 111.3G,8,0.6,2.0,6.662168,LT_AN RICE CRACKER SEAWEED 111.3G_T49_2,1.0
CG_LT,49,,MM BINH PHU,MM AN PHU,AN RICE CRACKER SEAWEED 111.3G,5,0.6,2.0,4.953509,LT_AN RICE CRACKER SEAWEED 111.3G_T49_3,1.0
CG_LT,49,,MM BINH PHU,MM DA NANG,AN RICE CRACKER SEAWEED 111.3G,8,0.6,2.0,6.994678,LT_AN RICE CRACKER SEAWEED 111.3G_T49_3,1.0
CG_LT,49,,MM HIEP PHU,MM AN PHU,AN RICE CRACKER SEAWEED 111.3G,8,0.6,2.0,6.756532,LT_AN RICE CRACKER SEAWEED 111.3G_T49_3,1.0
CG_LT,49,,MM HIEP PHU,MM DA NANG,AN RICE CRACKER SEAWEED 111.3G,4,0.6,2.0,4.285952,LT_AN RICE CRACKER SEAWEED 111.3G_T49_3,1.0
CG_LT,49,,MM BINH PHU,MM AN PHU,AN RICE CRACKER SEAWEED 111.3G,2,0.6,0.456951,1.633023,LT_AN RICE CRACKER SEAWEED 111.3G_T49_4,0.228475
CG_LT,49,,MM BINH PHU,MM DA NANG,AN RICE CRACKER SEAWEED 111.3G,1,0.6,0.456951,0.872407,LT_AN RICE CRACKER SEAWEED 111.3G_T49_4,0.228475
CG_LT,49,,MM HIEP PHU,MM AN PHU,AN RICE CRACKER SEAWEED 111.3G,2,0.6,0.456951,1.649128,LT_AN RICE CRACKER SEAWEED 111.3G_T49_4,0.228475
CG_LT,49,,MM HIEP PHU,MM DA NANG,AN RICE CRACKER SEAWEED 111.3G,1,0.6,0.456951,1.043471,LT_AN RICE CRACKER SEAWEED 111.3G_T49_4,0.228475
CG_LT,49,,MM BINH PHU,MM DA NANG,AN RICE CRACKER SEAWEED 111.3G,8,0.6,2.0,7.081581,LT_AN RICE CRACKER SEAWEED 111.3G_T49_5,1.0
CG_LT,49,,MM HIEP PHU,MM DA NANG,AN RICE CRACKER SEAWEED 111.3G,8,0.6,2.0,6.731592,LT_AN RICE CRACKER SEAWEED 111.3G_T49_5,1.0
CG_LT,4,,MM HIEP PHU,MM AN PHU,AN RICE CRACKER SEAWEED 111.3G,5,0.6,2.0,5.069273,LT_AN RICE CRACKER SEAWEED 111.3G_T4_1,1.0
CG_LT,50,,MM BINH PHU,MM DA NANG,AN RICE CRACKER SEAWEED 111.3G,2,0.6,2.0,3.384424,LT_AN RICE CRACKER SEAWEED 111.3G_T50_1,1.0
CG_LT,50,,MM HIEP PHU,MM AN PHU,AN RICE CRACKER SEAWEED 111.3G,5,0.6,2.0,5.187337,LT_AN RICE CRACKER SEAWEED 111.3G_T50_2,1.0
CG_LT,50,,MM HIEP PHU,MM DA NANG,AN RICE CRACKER SEAWEED 111.3G,5,0.6,2.0,5.110356,LT_AN RICE CRACKER SEAWEED 111.3G_T50_2,1.0
CG_LT,50,,MM BINH PHU,MM AN PHU,AN RICE CRACKER SEAWEED 111.3G,6,0.6,2.0,5.868844,LT_AN RICE CRACKER SEAWEED 111.3G_T50_3,1.0
CG_LT,50,,MM BINH PHU,MM DA NANG,AN RICE CRACKER SEAWEED 111.3G,2,0.6,2.0,3.107535,LT_AN RICE CRACKER SEAWEED 111.3G_T50_3,1.0
CG_LT,50,,MM HIEP PHU,MM AN PHU,AN RICE CRACKER SEAWEED 111.3G,9,0.6,2.0,7.163234,LT_AN RICE CRACKER SEAWEED 111.3G_T50_3,1.0
CG_LT,50,,MM HIEP PHU,MM DA NANG,AN RICE CRACKER SEAWEED 111.3G,10,0.6,2.0,7.881167,LT_AN RICE CRACKER SEAWEED 111.3G_T50_3,1.0
CG_LT,50,,MM BINH PHU,MM AN PHU,AN RICE CRACKER SEAWEED 111.3G,6,0.6,2.0,5.712253,LT_AN RICE CRACKER SEAWEED 111.3G_T50_4,1.0
CG_LT,50,,MM BINH PHU,MM DA NANG,AN RICE CRACKER SEAWEED 111.3G,8,0.6,2.0,6.614605,LT_AN RICE CRACKER SEAWEED 111.3G_T50_4,1.0
CG_LT,50,,MM HIEP PHU,MM DA NANG,AN RICE CRACKER SEAWEED 111.3G,6,0.6,2.0,5.493589,LT_AN RICE CRACKER SEAWEED 111.3G_T50_4,1.0
CG_LT,50,,MM HIEP PHU,MM AN PHU,AN RICE CRACKER SEAWEED 111.3G,5,0.6,2.0,4.77312,LT_AN RICE CRACKER SEAWEED 111.3G_T50_5,1.0
CG_LT,50,,MM HIEP PHU,MM DA NANG,AN RICE CRACKER SEAWEED 111.3G,5,0.6,2.0,5.297506,LT_AN RICE CRACKER SEAWEED 111.3G_T50_5,1.0
CG_LT,52,,MM BINH PHU,MM AN PHU,AN RICE CRACKER SEAWEED 111.3G,7,0.6,1.951514,6.098859,LT_AN RICE CRACKER SEAWEED 111.3G_T52_1,0.975757
CG_LT,52,,MM BINH PHU,MM DA NANG,AN RICE CRACKER SEAWEED 111.3G,6,0.6,1.951514,5.617008,LT_AN RICE CRACKER SEAWEED 111.3G_T52_1,0.975757
CG_LT,52,,MM HIEP PHU,MM AN PHU,AN RICE CRACKER SEAWEED 111.3G,3,0.6,1.951514,4.044772,LT_AN RICE CRACKER SEAWEED 111.3G_T52_1,0.975757
CG_LT,52,,MM HIEP PHU,MM DA NANG,AN RICE CRACKER SEAWEED 111.3G,7,0.6,1.951514,6.008808,LT_AN RICE CRACKER SEAWEED 111.3G_T52_1,0.975757
CG_LT,52,,MM BINH PHU,MM AN PHU,AN RICE CRACKER SEAWEED 111.3G,1,0.6,2.0,2.6768,LT_AN RICE CRACKER SEAWEED 111.3G_T52_2,1.0
CG_LT,52,,MM BINH PHU,MM DA NANG,AN RICE CRACKER SEAWEED 111.3G,7,0.6,2.0,6.195118,LT_AN RICE CRACKER SEAWEED 111.3G_T52_2,1.0
CG_LT,52,,MM HIEP PHU,MM AN PHU,AN RICE CRACKER SEAWEED 111.3G,5,0.6,2.0,4.797153,LT_AN RICE CRACKER SEAWEED 111.3G_T52_2,1.0
CG_LT,52,,MM HIEP PHU,MM DA NANG,AN RICE CRACKER SEAWEED 111.3G,7,0.6,2.0,6.200868,LT_AN RICE CRACKER SEAWEED 111.3G_T52_2,1.0
CG_LT,52,,MM BINH PHU,MM AN PHU,AN RICE CRACKER SEAWEED 111.3G,10,0.6,2.0,7.773954,LT_AN RICE CRACKER SEAWEED 111.3G_T52_3,1.0
CG_LT,52,,MM BINH PHU,MM DA NANG,AN RICE CRACKER SEAWEED 111.3G,10,0.6,2.0,7.934372,LT_AN RICE CRACKER SEAWEED 111.3G_T52_3,1.0
CG_LT,52,,MM HIEP PHU,MM AN PHU,AN RICE CRACKER SEAWEED 111.3G,4,0.6,2.0,4.694607,LT_AN RICE CRACKER SEAWEED 111.3G_T52_3,1.0
CG_LT,52,,MM HIEP PHU,MM DA NANG,AN RICE CRACKER SEAWEED 111.3G,10,0.6,2.0,7.80776,LT_AN RICE CRACKER SEAWEED 111.3G_T52_3,1.0
CG_LT,52,,MM BINH PHU,MM AN PHU,AN RICE CRACKER SEAWEED 111.3G,6,0.6,2.0,5.877295,LT_AN RICE CRACKER SEAWEED 111.3G_T52_5,1.0
CG_LT,52,,MM BINH PHU,MM DA NANG,AN RICE CRACKER SEAWEED 111.3G,9,0.6,2.0,7.606038,LT_AN RICE CRACKER SEAWEED 111.3G_T52_5,1.0
CG_LT,52,,MM HIEP PHU,MM AN PHU,AN RICE CRACKER SEAWEED 111.3G,2,0.6,2.0,3.144851,LT_AN RICE CRACKER SEAWEED 111.3G_T52_5,1.0
CG_LT,52,,MM HIEP PHU,MM DA NANG,AN RICE CRACKER SEAWEED 111.3G,10,0.6,2.0,7.952834,LT_AN RICE CRACKER SEAWEED 111.3G_T52_5,1.0
CG_LT,53,,MM BINH PHU,MM AN PHU,AN RICE CRACKER SEAWEED 111.3G,5,0.6,2.0,4.701755,LT_AN RICE CRACKER SEAWEED 111.3G_T53_2,1.0
CG_LT,53,,MM BINH PHU,MM DA NANG,AN RICE CRACKER SEAWEED 111.3G,4,0.6,2.0,4.151413,LT_AN RICE CRACKER SEAWEED 111.3G_T53_2,1.0
CG_LT,53,,MM HIEP PHU,MM DA NANG,AN RICE CRACKER SEAWEED 111.3G,7,0.6,2.0,6.129391,LT_AN RICE CRACKER SEAWEED 111.3G_T53_2,1.0
CG_LT,53,,MM BINH PHU,MM AN PHU,AN RICE CRACKER SEAWEED 111.3G,1,0.6,0.723654,1.025544,LT_AN RICE CRACKER SEAWEED 111.3G_T53_3,0.361827
CG_LT,53,,MM HIEP PHU,MM AN PHU,AN RICE CRACKER SEAWEED 111.3G,2,0.6,0.723654,1.997913,LT_AN RICE CRACKER SEAWEED 111.3G_T53_3,0.361827
CG_LT,53,,MM HIEP PHU,MM DA NANG,AN RICE CRACKER SEAWEED 111.3G,3,0.6,0.723654,2.712794,LT_AN RICE CRACKER SEAWEED 111.3G_T53_3,0.361827
CG_LT,53,,MM HIEP PHU,MM AN PHU,AN RICE CRACKER SEAWEED 111.3G,4,0.6,2.0,4.133387,LT_AN RICE CRACKER SEAWEED 111.3G_T53_4,1.0
CG_LT,53,,MM HIEP PHU,MM DA NANG,AN RICE CRACKER SEAWEED 111.3G,9,0.6,2.0,7.372491,LT_AN RICE CRACKER SEAWEED 111.3G_T53_4,1.0
CG_LT,54,,MM HIEP PHU,MM AN PHU,AN RICE CRACKER SEAWEED 111.3G,10,0.6,2.0,7.910401,LT_AN RICE CRACKER SEAWEED 111.3G_T54_2,1.0
CG_LT,54,,MM HIEP PHU,MM AN PHU,AN RICE CRACKER SEAWEED 111.3G,2,0.6,0.474793,1.764391,LT_AN RICE CRACKER SEAWEED 111.3G_T54_3,0.237396
CG_LT,54,,MM HIEP PHU,MM DA NANG,AN RICE CRACKER SEAWEED 111.3G,1,0.6,0.474793,1.233696,LT_AN RICE CRACKER SEAWEED 111.3G_T54_3,0.237396
CG_LT,55,,MM BINH PHU,MM DA NANG,AN RICE CRACKER SEAWEED 111.3G,7,0.6,2.0,6.312365,LT_AN RICE CRACKER SEAWEED 111.3G_T55_2,1.0
CG_LT,55,,MM HIEP PHU,MM DA NANG,AN RICE CRACKER SEAWEED 111.3G,8,0.6,2.0,6.638929,LT_AN RICE CRACKER SEAWEED 111.3G_T55_2,1.0
CG_LT,55,,MM BINH PHU,MM DA NANG,AN RICE CRACKER SEAWEED 111.3G,1,0.6,0.279531,0.890629,LT_AN RICE CRACKER SEAWEED 111.3G_T55_3,0.139766
CG_LT,55,,MM HIEP PHU,MM DA NANG,AN RICE CRACKER SEAWEED 111.3G,1,0.6,0.279531,0.917139,LT_AN RICE CRACKER SEAWEED 111.3G_T55_3,0.139766
CG_LT,57,,MM BINH PHU,MM AN PHU,AN RICE CRACKER SEAWEED 111.3G,3,0.6,2.0,3.890001,LT_AN RICE CRACKER SEAWEED 111.3G_T57_1,1.0
CG_LT,57,,MM DA NANG,MM AN PHU,AN RICE CRACKER SEAWEED 111.3G,9,0.6,2.0,7.514051,LT_AN RICE CRACKER SEAWEED 111.3G_T57_1,1.0
CG_LT,57,,MM HIEP PHU,MM AN PHU,AN RICE CRACKER SEAWEED 111.3G,10,0.6,2.0,7.951637,LT_AN RICE CRACKER SEAWEED 111.3G_T57_1,1.0
CG_LT,57,,MM BINH PHU,MM AN PHU,AN RICE CRACKER SEAWEED 111.3G,1,0.6,0.292486,0.994969,LT_AN RICE CRACKER SEAWEED 111.3G_T57_3,0.146243
CG_LT,57,,MM DA NANG,MM AN PHU,AN RICE CRACKER SEAWEED 111.3G,1,0.6,0.292486,1.161118,LT_AN RICE CRACKER SEAWEED 111.3G_T57_3,0.146243
CG_LT,57,,MM HIEP PHU,MM AN PHU,AN RICE CRACKER SEAWEED 111.3G,0,0.6,0.292486,0.574222,LT_AN RICE CRACKER SEAWEED 111.3G_T57_3,0.146243
CG_LT,62,,MM BINH PHU,MM AN PHU,AN RICE CRACKER SEAWEED 111.3G,9,0.6,2.0,7.57068,LT_AN RICE CRACKER SEAWEED 111.3G_T62_2,1.0
CG_LT,62,,MM HIEP PHU,MM AN PHU,AN RICE CRACKER SEAWEED 111.3G,4,0.6,2.0,4.450852,LT_AN RICE CRACKER SEAWEED 111.3G_T62_2,1.0
CG_LT,62,,MM BINH PHU,MM AN PHU,AN RICE CRACKER SEAWEED 111.3G,5,0.6,2.0,4.873605,LT_AN RICE CRACKER SEAWEED 111.3G_T62_3,1.0
CG_LT,62,,MM HIEP PHU,MM AN PHU,AN RICE CRACKER SEAWEED 111.3G,6,0.6,2.0,5.722117,LT_AN RICE CRACKER SEAWEED 111.3G_T62_3,1.0
CG_LT,62,,MM HIEP PHU,MM DA NANG,AN RICE CRACKER SEAWEED 111.3G,5,0.6,2.0,5.115783,LT_AN RICE CRACKER SEAWEED 111.3G_T62_3,1.0
CG_LT,62,,MM BINH PHU,MM AN PHU,AN RICE CRACKER SEAWEED 111.3G,6,0.6,1.667252,5.177716,LT_AN RICE CRACKER SEAWEED 111.3G_T62_4,0.833626
CG_LT,62,,MM BINH PHU,MM DA NANG,AN RICE CRACKER SEAWEED 111.3G,3,0.6,1.667252,3.307006,LT_AN RICE CRACKER SEAWEED 111.3G_T62_4,0.833626
CG_LT,62,,MM HIEP PHU,MM DA NANG,AN RICE CRACKER SEAWEED 111.3G,1,0.6,1.667252,2.391479,LT_AN RICE CRACKER SEAWEED 111.3G_T62_4,0.833626
CG_LT,62,,MM BINH PHU,MM AN PHU,AN RICE CRACKER SEAWEED 111.3G,4,0.6,2.0,4.270026,LT_AN RICE CRACKER SEAWEED 111.3G_T62_5,1.0
CG_LT,62,,MM BINH PHU,MM DA NANG,AN RICE CRACKER SEAWEED 111.3G,2,0.6,2.0,3.35407,LT_AN RICE CRACKER SEAWEED 111.3G_T62_5,1.0
CG_LT,62,,MM HIEP PHU,MM AN PHU,AN RICE CRACKER SEAWEED 111.3G,7,0.6,2.0,5.932272,LT_AN RICE CRACKER SEAWEED 111.3G_T62_5,1.0
CG_LT,62,,MM HIEP PHU,MM DA NANG,AN RICE CRACKER SEAWEED 111.3G,2,0.6,2.0,3.312477,LT_AN RICE CRACKER SEAWEED 111.3G_T62_5,1.0
CG_LT,63,,MM BINH PHU,MM DA NANG,AN RICE CRACKER SEAWEED 111.3G,7,0.6,2.0,6.227912,LT_AN RICE CRACKER SEAWEED 111.3G_T63_5,1.0
CG_LT,63,,MM HIEP PHU,MM DA NANG,AN RICE CRACKER SEAWEED 111.3G,5,0.6,2.0,4.727794,LT_AN RICE CRACKER SEAWEED 111.3G_T63_5,1.0
CG_LT,64,,MM BINH PHU,MM DA NANG,AN RICE CRACKER SEAWEED 111.3G,1,0.6,2.0,2.6,LT_AN RICE CRACKER SEAWEED 111.3G_T64_3,1.0
CG_LT,64,,MM HIEP PHU,MM AN PHU,AN RICE CRACKER SEAWEED 111.3G,9,0.6,2.0,7.566844,LT_AN RICE CRACKER SEAWEED 111.3G_T64_3,1.0
CG_LT,67,,MM BINH PHU,MM AN PHU,AN RICE CRACKER SEAWEED 111.3G,9,0.6,2.0,7.279625,LT_AN RICE CRACKER SEAWEED 111.3G_T67_1,1.0
CG_LT,67,,MM DA NANG,MM AN PHU,AN RICE CRACKER SEAWEED 111.3G,7,0.6,2.0,5.931634,LT_AN RICE CRACKER SEAWEED 111.3G_T67_1,1.0
CG_LT,67,,MM HIEP PHU,MM AN PHU,AN RICE CRACKER SEAWEED 111.3G,9,0.6,2.0,7.289312,LT_AN RICE CRACKER SEAWEED 111.3G_T67_3,1.0
CG_LT,67,,MM BINH PHU,MM AN PHU,AN RICE CRACKER SEAWEED 111.3G,8,0.6,2.0,6.598465,LT_AN RICE CRACKER SEAWEED 111.3G_T67_4,1.0
CG_LT,67,,MM BINH PHU,MM AN PHU,AN RICE CRACKER SEAWEED 111.3G,1,0.6,1.48074,2.270113,LT_AN RICE CRACKER SEAWEED 111.3G_T67_5,0.74037
CG_LT,67,,MM DA NANG,MM AN PHU,AN RICE CRACKER SEAWEED 111.3G,7,0.6,1.48074,5.795333,LT_AN RICE CRACKER SEAWEED 111.3G_T67_5,0.74037
CG_LT,67,,MM HIEP PHU,MM AN PHU,AN RICE CRACKER SEAWEED 111.3G,5,0.6,1.48074,4.416939,LT_AN RICE CRACKER SEAWEED 111.3G_T67_5,0.74037
CG_LT,69,,MM BINH PHU,MM AN PHU,AN RICE CRACKER SEAWEED 111.3G,5,0.6,0.953771,3.664856,LT_AN RICE CRACKER SEAWEED 111.3G_T69_3,0.476885
CG_LT,69,,MM HIEP PHU,MM AN PHU,AN RICE CRACKER SEAWEED 111.3G,3,0.6,0.953771,3.039524,LT_AN RICE CRACKER SEAWEED 111.3G_T69_3,0.476885
CG_LT,6,,MM DA NANG,MM BINH PHU,AN RICE CRACKER SEAWEED 111.3G,4,0.6,2.0,4.414973,LT_AN RICE CRACKER SEAWEED 111.3G_T6_1,1.0
CG_LT,6,,MM DA NANG,MM HIEP PHU,AN RICE CRACKER SEAWEED 111.3G,6,0.6,2.0,5.69511,LT_AN RICE CRACKER SEAWEED 111.3G_T6_1,1.0
CG_LT,6,,MM DA NANG,MM AN PHU,AN RICE CRACKER SEAWEED 111.3G,9,0.6,2.0,7.439208,LT_AN RICE CRACKER SEAWEED 111.3G_T6_2,1.0
CG_LT,6,,MM DA NANG,MM BINH PHU,AN RICE CRACKER SEAWEED 111.3G,4,0.6,2.0,4.562983,LT_AN RICE CRACKER SEAWEED 111.3G_T6_2,1.0
CG_LT,6,,MM DA NANG,MM HIEP PHU,AN RICE CRACKER SEAWEED 111.3G,10,0.6,2.0,7.986784,LT_AN RICE CRACKER SEAWEED 111.3G_T6_2,1.0
CG_LT,6,,MM DA NANG,MM AN PHU,AN RICE CRACKER SEAWEED 111.3G,8,0.6,2.0,6.726613,LT_AN RICE CRACKER SEAWEED 111.3G_T6_3,1.0
CG_LT,6,,MM DA NANG,MM BINH PHU,AN RICE CRACKER SEAWEED 111.3G,5,0.6,2.0,5.271809,LT_AN RICE CRACKER SEAWEED 111.3G_T6_3,1.0
CG_LT,6,,MM DA NANG,MM HIEP PHU,AN RICE CRACKER SEAWEED 111.3G,4,0.6,2.0,4.153593,LT_AN RICE CRACKER SEAWEED 111.3G_T6_3,1.0
CG_LT,6,,MM DA NANG,MM AN PHU,AN RICE CRACKER SEAWEED 111.3G,10,0.6,2.0,7.956572,LT_AN RICE CRACKER SEAWEED 111.3G_T6_4,1.0
CG_LT,6,,MM DA NANG,MM BINH PHU,AN RICE CRACKER SEAWEED 111.3G,5,0.6,2.0,5.212582,LT_AN RICE CRACKER SEAWEED 111.3G_T6_4,1.0
CG_LT,6,,MM DA NANG,MM HIEP PHU,AN RICE CRACKER SEAWEED 111.3G,3,0.6,2.0,3.558985,LT_AN RICE CRACKER SEAWEED 111.3G_T6_4,1.0
CG_LT,6,,MM DA NANG,MM AN PHU,AN RICE CRACKER SEAWEED 111.3G,2,0.6,2.0,3.327529,LT_AN RICE CRACKER SEAWEED 111.3G_T6_5,1.0
CG_LT,6,,MM DA NANG,MM BINH PHU,AN RICE CRACKER SEAWEED 111.3G,1,0.6,2.0,2.838301,LT_AN RICE CRACKER SEAWEED 111.3G_T6_5,1.0
CG_LT,74,,MM DA NANG,MM AN PHU,AN RICE CRACKER SEAWEED 111.3G,9,0.6,2.0,7.239259,LT_AN RICE CRACKER SEAWEED 111.3G_T74_1,1.0
CG_LT,74,,MM BINH PHU,MM AN PHU,AN RICE CRACKER SEAWEED 111.3G,5,0.6,2.0,5.183711,LT_AN RICE CRACKER SEAWEED 111.3G_T74_2,1.0
CG_LT,74,,MM DA NANG,MM AN PHU,AN RICE CRACKER SEAWEED 111.3G,6,0.6,2.0,5.790461,LT_AN RICE CRACKER SEAWEED 111.3G_T74_2,1.0
CG_LT,74,,MM HIEP PHU,MM AN PHU,AN RICE CRACKER SEAWEED 111.3G,3,0.6,2.0,3.941698,LT_AN RICE CRACKER SEAWEED 111.3G_T74_2,1.0
CG_LT,74,,MM DA NANG,MM AN PHU,AN RICE CRACKER SEAWEED 111.3G,1,0.6,0.608624,1.16159,LT_AN RICE CRACKER SEAWEED 111.3G_T74_3,0.304312
CG_LT,74,,MM HIEP PHU,MM AN PHU,AN RICE CRACKER SEAWEED 111.3G,2,0.6,0.608624,1.607396,LT_AN RICE CRACKER SEAWEED 111.3G_T74_3,0.304312
CG_LT,74,,MM BINH PHU,MM AN PHU,AN RICE CRACKER SEAWEED 111.3G,8,0.6,2.0,6.658018,LT_AN RICE CRACKER SEAWEED 111.3G_T74_4,1.0
CG_LT,74,,MM HIEP PHU,MM AN PHU,AN RICE CRACKER SEAWEED 111.3G,8,0.6,2.0,6.952385,LT_AN RICE CRACKER SEAWEED 111.3G_T74_4,1.0
CG_LT,74,,MM BINH PHU,MM AN PHU,AN RICE CRACKER SEAWEED 111.3G,2,0.6,2.0,3.252815,LT_AN RICE CRACKER SEAWEED 111.3G_T74_5,1.0
CG_LT,74,,MM DA NANG,MM AN PHU,AN RICE CRACKER SEAWEED 111.3G,9,0.6,2.0,7.133388,LT_AN RICE CRACKER SEAWEED 111.3G_T74_5,1.0
CG_LT,74,,MM HIEP PHU,MM AN PHU,AN RICE CRACKER SEAWEED 111.3G,6,0.6,2.0,5.696062,LT_AN RICE CRACKER SEAWEED 111.3G_T74_5,1.0
CG_LT,75,,MM DA NANG,MM AN PHU,AN RICE CRACKER SEAWEED 111.3G,6,0.6,2.0,5.731069,LT_AN RICE CRACKER SEAWEED 111.3G_T75_1,1.0
CG_LT,75,,MM HIEP PHU,MM AN PHU,AN RICE CRACKER SEAWEED 111.3G,7,0.6,2.0,6.482816,LT_AN RICE CRACKER SEAWEED 111.3G_T75_2,1.0
CG_LT,75,,MM DA NANG,MM AN PHU,AN RICE CRACKER SEAWEED 111.3G,6,0.6,2.0,5.666778,LT_AN RICE CRACKER SEAWEED 111.3G_T75_3,1.0
CG_LT,75,,MM BINH PHU,MM AN PHU,AN RICE CRACKER SEAWEED 111.3G,9,0.6,2.0,7.462943,LT_AN RICE CRACKER SEAWEED 111.3G_T75_4,1.0
CG_LT,75,,MM DA NANG,MM AN PHU,AN RICE CRACKER SEAWEED 111.3G,7,0.6,2.0,6.026816,LT_AN RICE CRACKER SEAWEED 111.3G_T75_4,1.0
CG_LT,75,,MM HIEP PHU,MM AN PHU,AN RICE CRACKER SEAWEED 111.3G,7,0.6,2.0,6.198582,LT_AN RICE CRACKER SEAWEED 111.3G_T75_4,1.0
CG_LT,75,,MM BINH PHU,MM AN PHU,AN RICE CRACKER SEAWEED 111.3G,5,0.6,1.27607,4.083146,LT_AN RICE CRACKER SEAWEED 111.3G_T75_5,0.638035
CG_LT,75,,MM DA NANG,MM AN PHU,AN RICE CRACKER SEAWEED 111.3G,2,0.6,1.27607,2.50394,LT_AN RICE CRACKER SEAWEED 111.3G_T75_5,0.638035
CG_LT,75,,MM HIEP PHU,MM AN PHU,AN RICE CRACKER SEAWEED 111.3G,3,0.6,1.27607,2.790519,LT_AN RICE CRACKER SEAWEED 111.3G_T75_5,0.638035
CG_LT,76,,MM AN PHU,MM DA NANG,AN RICE CRACKER SEAWEED 111.3G,9,0.6,2.0,7.238512,LT_AN RICE CRACKER SEAWEED 111.3G_T76_3,1.0
CG_LT,76,,MM HIEP PHU,MM DA NANG,AN RICE CRACKER SEAWEED 111.3G,7,0.6,2.0,6.388611,LT_AN RICE CRACKER SEAWEED 111.3G_T76_3,1.0
CG_LT,76,,MM HIEP PHU,MM DA NANG,AN RICE CRACKER SEAWEED 111.3G,6,0.6,1.764168,5.368018,LT_AN RICE CRACKER SEAWEED 111.3G_T76_4,0.882084
CG_LT,76,,MM AN PHU,MM DA NANG,AN RICE CRACKER SEAWEED 111.3G,9,0.6,2.0,7.453137,LT_AN RICE CRACKER SEAWEED 111.3G_T76_5,1.0
CG_LT,76,,MM BINH PHU,MM DA NANG,AN RICE CRACKER SEAWEED 111.3G,8,0.6,2.0,6.725076,LT_AN RICE CRACKER SEAWEED 111.3G_T76_5,1.0
CG_LT,76,,MM HIEP PHU,MM DA NANG,AN RICE CRACKER SEAWEED 111.3G,5,0.6,2.0,5.161693,LT_AN RICE CRACKER SEAWEED 111.3G_T76_5,1.0
CG_LT,80,,MM BINH PHU,MM DA NANG,AN RICE CRACKER SEAWEED 111.3G,8,0.6,2.0,6.837868,LT_AN RICE CRACKER SEAWEED 111.3G_T80_3,1.0
CG_LT,80,,MM AN PHU,MM DA NANG,AN RICE CRACKER SEAWEED 111.3G,1,0.6,0.290613,1.093354,LT_AN RICE CRACKER SEAWEED 111.3G_T80_5,0.145306
CG_LT,80,,MM BINH PHU,MM DA NANG,AN RICE CRACKER SEAWEED 111.3G,1,0.6,0.290613,1.097591,LT_AN RICE CRACKER SEAWEED 111.3G_T80_5,0.145306
CG_LT,80,,MM HIEP PHU,MM DA NANG,AN RICE CRACKER SEAWEED 111.3G,1,0.6,0.290613,0.741541,LT_AN RICE CRACKER SEAWEED 111.3G_T80_5,0.145306
CG_LT,88,,MM BINH PHU,MM DA NANG,AN RICE CRACKER SEAWEED 111.3G,3,0.6,1.208015,3.293121,LT_AN RICE CRACKER SEAWEED 111.3G_T88_4,0.604007
CG_LT,88,,MM HIEP PHU,MM AN PHU,AN RICE CRACKER SEAWEED 111.3G,3,0.6,1.208015,2.719834,LT_AN RICE CRACKER SEAWEED 111.3G_T88_4,0.604007
CG_LT,88,,MM HIEP PHU,MM DA NANG,AN RICE CRACKER SEAWEED 111.3G,6,0.6,1.208015,4.619074,LT_AN RICE CRACKER SEAWEED 111.3G_T88_4,0.604007
CG_LT,89,,MM BINH PHU,MM AN PHU,AN RICE CRACKER SEAWEED 111.3G,2,0.6,2.0,3.418962,LT_AN RICE CRACKER SEAWEED 111.3G_T89_1,1.0
CG_LT,89,,MM BINH PHU,MM DA NANG,AN RICE CRACKER SEAWEED 111.3G,5,0.6,2.0,4.883939,LT_AN RICE CRACKER SEAWEED 111.3G_T89_1,1.0
CG_LT,89,,MM BINH PHU,MM AN PHU,AN RICE CRACKER SEAWEED 111.3G,4,0.6,2.0,4.318651,LT_AN RICE CRACKER SEAWEED 111.3G_T89_2,1.0
CG_LT,89,,MM BINH PHU,MM DA NANG,AN RICE CRACKER SEAWEED 111.3G,5,0.6,2.0,5.241483,LT_AN RICE CRACKER SEAWEED 111.3G_T89_2,1.0
CG_LT,89,,MM HIEP PHU,MM AN PHU,AN RICE CRACKER SEAWEED 111.3G,9,0.6,2.0,7.623701,LT_AN RICE CRACKER SEAWEED 111.3G_T89_2,1.0
CG_LT,89,,MM HIEP PHU,MM DA NANG,AN RICE CRACKER SEAWEED 111.3G,9,0.6,2.0,7.290044,LT_AN RICE CRACKER SEAWEED 111.3G_T89_2,1.0
CG_LT,89,,MM HIEP PHU,MM AN PHU,AN RICE CRACKER SEAWEED 111.3G,9,0.6,2.0,7.109149,LT_AN RICE CRACKER SEAWEED 111.3G_T89_3,1.0
CG_LT,89,,MM HIEP PHU,MM DA NANG,AN RICE CRACKER SEAWEED 111.3G,6,0.6,2.0,5.386683,LT_AN RICE CRACKER SEAWEED 111.3G_T89_3,1.0
CG_LT,89,,MM BINH PHU,MM AN PHU,AN RICE CRACKER SEAWEED 111.3G,10,0.6,2.0,7.782623,LT_AN RICE CRACKER SEAWEED 111.3G_T89_4,1.0
CG_LT,89,,MM BINH PHU,MM AN PHU,AN RICE CRACKER SEAWEED 111.3G,4,0.6,2.0,4.565743,LT_AN RICE CRACKER SEAWEED 111.3G_T89_5,1.0
CG_LT,89,,MM BINH PHU,MM DA NANG,AN RICE CRACKER SEAWEED 111.3G,5,0.6,2.0,5.177961,LT_AN RICE CRACKER SEAWEED 111.3G_T89_5,1.0
CG_LT,89,,MM HIEP PHU,MM AN PHU,AN RICE CRACKER SEAWEED 111.3G,5,0.6,2.0,4.815471,LT_AN RICE CRACKER SEAWEED 111.3G_T89_5,1.0
CG_LT,89,,MM HIEP PHU,MM DA NANG,AN RICE CRACKER SEAWEED 111.3G,5,0.6,2.0,4.755131,LT_AN RICE CRACKER SEAWEED 111.3G_T89_5,1.0
CG_LT,90,,MM BINH PHU,MM DA NANG,AN RICE CRACKER SEAWEED 111.3G,6,0.6,1.738635,5.602849,LT_AN RICE CRACKER SEAWEED 111.3G_T90_3,0.869317
CG_LT,90,,MM HIEP PHU,MM AN PHU,AN RICE CRACKER SEAWEED 111.3G,8,0.6,1.738635,6.682189,LT_AN RICE CRACKER SEAWEED 111.3G_T90_3,0.869317
CG_LT,90,,MM HIEP PHU,MM DA NANG,AN RICE CRACKER SEAWEED 111.3G,2,0.6,1.738635,2.674636,LT_AN RICE CRACKER SEAWEED 111.3G_T90_3,0.869317
CG_LT,90,,MM BINH PHU,MM AN PHU,AN RICE CRACKER SEAWEED 111.3G,9,0.6,2.0,7.579302,LT_AN RICE CRACKER SEAWEED 111.3G_T90_4,1.0
CG_LT,90,,MM BINH PHU,MM DA NANG,AN RICE CRACKER SEAWEED 111.3G,7,0.6,2.0,5.983156,LT_AN RICE CRACKER SEAWEED 111.3G_T90_4,1.0
CG_LT,90,,MM HIEP PHU,MM AN PHU,AN RICE CRACKER SEAWEED 111.3G,9,0.6,2.0,7.481053,LT_AN RICE CRACKER SEAWEED 111.3G_T90_4,1.0
CG_LT,90,,MM HIEP PHU,MM DA NANG,AN RICE CRACKER SEAWEED 111.3G,3,0.6,2.0,4.05599,LT_AN RICE CRACKER SEAWEED 111.3G_T90_4,1.0
CG_LT,90,,MM HIEP PHU,MM AN PHU,AN RICE CRACKER SEAWEED 111.3G,10,0.6,2.0,7.750004,LT_AN RICE CRACKER SEAWEED 111.3G_T90_5,1.0
CG_LT,90,,MM HIEP PHU,MM DA NANG,AN RICE CRACKER SEAWEED 111.3G,1,0.6,2.0,2.856023,LT_AN RICE CRACKER SEAWEED 111.3G_T90_5,1.0
CG_LT,91,,MM BINH PHU,MM AN PHU,AN RICE CRACKER SEAWEED 111.3G,5,0.6,0.948511,3.751968,LT_AN RICE CRACKER SEAWEED 111.3G_T91_5,0.474255
CG_LT,92,,MM BINH PHU,MM AN PHU,AN RICE CRACKER SEAWEED 111.3G,0,0.6,0.196341,0.369572,LT_AN RICE CRACKER SEAWEED 111.3G_T92_1,0.09817
CG_LT,92,,MM HIEP PHU,MM AN PHU,AN RICE CRACKER SEAWEED 111.3G,0,0.6,0.196341,0.467516,LT_AN RICE CRACKER SEAWEED 111.3G_T92_1,0.09817
CG_LT,92,,MM HIEP PHU,MM DA NANG,AN RICE CRACKER SEAWEED 111.3G,0,0.6,0.196341,0.466199,LT_AN RICE CRACKER SEAWEED 111.3G_T92_1,0.09817
CG_LT,92,,MM BINH PHU,MM DA NANG,AN RICE CRACKER SEAWEED 111.3G,5,0.6,2.0,4.914195,LT_AN RICE CRACKER SEAWEED 111.3G_T92_2,1.0
CG_LT,92,,MM BINH PHU,MM AN PHU,AN RICE CRACKER SEAWEED 111.3G,4,0.6,2.0,4.176619,LT_AN RICE CRACKER SEAWEED 111.3G_T92_5,1.0
CG_LT,92,,MM HIEP PHU,MM DA NANG,AN RICE CRACKER SEAWEED 111.3G,7,0.6,2.0,6.015947,LT_AN RICE CRACKER SEAWEED 111.3G_T92_5,1.0
CG_LT,93,,MM BINH PHU,MM AN PHU,AN RICE CRACKER SEAWEED 111.3G,4,0.6,2.0,4.191339,LT_AN RICE CRACKER SEAWEED 111.3G_T93_1,1.0
CG_LT,93,,MM HIEP PHU,MM AN PHU,AN RICE CRACKER SEAWEED 111.3G,6,0.6,2.0,5.54162,LT_AN RICE CRACKER SEAWEED 111.3G_T93_1,1.0
CG_LT,93,,MM HIEP PHU,MM DA NANG,AN RICE CRACKER SEAWEED 111.3G,9,0.6,2.0,7.494872,LT_AN RICE CRACKER SEAWEED 111.3G_T93_1,1.0
CG_LT,93,,MM BINH PHU,MM DA NANG,AN RICE CRACKER SEAWEED 111.3G,4,0.6,2.0,4.116925,LT_AN RICE CRACKER SEAWEED 111.3G_T93_2,1.0
CG_LT,93,,MM HIEP PHU,MM AN PHU,AN RICE CRACKER SEAWEED 111.3G,6,0.6,2.0,5.882077,LT_AN RICE CRACKER SEAWEED 111.3G_T93_2,1.0
CG_LT,93,,MM HIEP PHU,MM DA NANG,AN RICE CRACKER SEAWEED 111.3G,7,0.6,2.0,6.278858,LT_AN RICE CRACKER SEAWEED 111.3G_T93_3,1.0
CG_LT,93,,MM BINH PHU,MM AN PHU,AN RICE CRACKER SEAWEED 111.3G,8,0.6,2.0,7.052357,LT_AN RICE CRACKER SEAWEED 111.3G_T93_4,1.0
CG_LT,93,,MM BINH PHU,MM DA NANG,AN RICE CRACKER SEAWEED 111.3G,7,0.6,2.0,6.376231,LT_AN RICE CRACKER SEAWEED 111.3G_T93_4,1.0
CG_LT,93,,MM HIEP PHU,MM AN PHU,AN RICE CRACKER SEAWEED 111.3G,9,0.6,2.0,7.553275,LT_AN RICE CRACKER SEAWEED 111.3G_T93_4,1.0
CG_LT,93,,MM BINH PHU,MM AN PHU,AN RICE CRACKER SEAWEED 111.3G,5,0.6,2.0,4.940697,LT_AN RICE CRACKER SEAWEED 111.3G_T93_5,1.0
CG_LT,93,,MM BINH PHU,MM DA NANG,AN RICE CRACKER SEAWEED 111.3G,2,0.6,2.0,3.039203,LT_AN RICE CRACKER SEAWEED 111.3G_T93_5,1.0
CG_LT,93,,MM HIEP PHU,MM DA NANG,AN RICE CRACKER SEAWEED 111.3G,3,0.6,2.0,3.594451,LT_AN RICE CRACKER SEAWEED 111.3G_T93_5,1.0
CG_LT,94,,MM BINH PHU,MM DA NANG,AN RICE CRACKER SEAWEED 111.3G,10,0.6,2.0,7.950857,LT_AN RICE CRACKER SEAWEED 111.3G_T94_1,1.0
CG_LT,94,,MM BINH PHU,MM AN PHU,AN RICE CRACKER SEAWEED 111.3G,1,0.6,2.0,2.686887,LT_AN RICE CRACKER SEAWEED 111.3G_T94_2,1.0
CG_LT,94,,MM BINH PHU,MM DA NANG,AN RICE CRACKER SEAWEED 111.3G,8,0.6,2.0,7.02507,LT_AN RICE CRACKER SEAWEED 111.3G_T94_2,1.0
CG_LT,94,,MM HIEP PHU,MM AN PHU,AN RICE CRACKER SEAWEED 111.3G,5,0.6,2.0,5.075673,LT_AN RICE CRACKER SEAWEED 111.3G_T94_2,1.0
CG_LT,94,,MM BINH PHU,MM AN PHU,AN RICE CRACKER SEAWEED 111.3G,1,0.6,2.0,2.682396,LT_AN RICE CRACKER SEAWEED 111.3G_T94_3,1.0
CG_LT,94,,MM BINH PHU,MM DA NANG,AN RICE CRACKER SEAWEED 111.3G,3,0.6,2.0,3.653554,LT_AN RICE CRACKER SEAWEED 111.3G_T94_3,1.0
CG_LT,94,,MM HIEP PHU,MM AN PHU,AN RICE CRACKER SEAWEED 111.3G,7,0.6,2.0,6.164712,LT_AN RICE CRACKER SEAWEED 111.3G_T94_3,1.0
CG_LT,94,,MM HIEP PHU,MM DA NANG,AN RICE CRACKER SEAWEED 111.3G,2,0.6,2.0,3.087821,LT_AN RICE CRACKER SEAWEED 111.3G_T94_3,1.0
CG_LT,94,,MM BINH PHU,MM AN PHU,AN RICE CRACKER SEAWEED 111.3G,3,0.6,2.0,3.880114,LT_AN RICE CRACKER SEAWEED 111.3G_T94_4,1.0
CG_LT,94,,MM BINH PHU,MM DA NANG,AN RICE CRACKER SEAWEED 111.3G,4,0.6,2.0,4.352061,LT_AN RICE CRACKER SEAWEED 111.3G_T94_4,1.0
CG_LT,94,,MM HIEP PHU,MM AN PHU,AN RICE CRACKER SEAWEED 111.3G,4,0.6,2.0,4.406296,LT_AN RICE CRACKER SEAWEED 111.3G_T94_4,1.0
CG_LT,95,,MM HIEP PHU,MM AN PHU,AN RICE CRACKER SEAWEED 111.3G,1,0.6,0.415652,1.066822,LT_AN RICE CRACKER SEAWEED 111.3G_T95_2,0.207826
CG_LT,96,,MM BINH PHU,MM AN PHU,AN RICE CRACKER SEAWEED 111.3G,9,0.6,2.0,7.321571,LT_AN RICE CRACKER SEAWEED 111.3G_T96_3,1.0
CG_LT,96,,MM BINH PHU,MM AN PHU,AN RICE CRACKER SEAWEED 111.3G,9,0.6,2.0,7.108189,LT_AN RICE CRACKER SEAWEED 111.3G_T96_4,1.0
CG_LT,96,,MM HIEP PHU,MM AN PHU,AN RICE CRACKER SEAWEED 111.3G,5,0.6,2.0,5.223756,LT_AN RICE CRACKER SEAWEED 111.3G_T96_4,1.0
CG_LT,97,,MM HIEP PHU,MM DA NANG,AN RICE CRACKER SEAWEED 111.3G,9,0.6,2.0,7.385403,LT_AN RICE CRACKER SEAWEED 111.3G_T97_1,1.0
CG_LT,97,,MM BINH PHU,MM AN PHU,AN RICE CRACKER SEAWEED 111.3G,3,0.6,2.0,3.522754,LT_AN RICE CRACKER SEAWEED 111.3G_T97_3,1.0
CG_LT,97,,MM BINH PHU,MM DA NANG,AN RICE CRACKER SEAWEED 111.3G,8,0.6,2.0,6.71128,LT_AN RICE CRACKER SEAWEED 111.3G_T97_3,1.0
CG_LT,97,,MM HIEP PHU,MM AN PHU,AN RICE CRACKER SEAWEED 111.3G,9,0.6,2.0,7.53135,LT_AN RICE CRACKER SEAWEED 111.3G_T97_3,1.0
CG_LT,97,,MM HIEP PHU,MM DA NANG,AN RICE CRACKER SEAWEED 111.3G,10,0.6,2.0,7.955739,LT_AN RICE CRACKER SEAWEED 111.3G_T97_3,1.0
CG_LT,97,,MM BINH PHU,MM DA NANG,AN RICE CRACKER SEAWEED 111.3G,3,0.6,2.0,3.666791,LT_AN RICE CRACKER SEAWEED 111.3G_T97_5,1.0
CG_LT,97,,MM HIEP PHU,MM DA NANG,AN RICE CRACKER SEAWEED 111.3G,6,0.6,2.0,5.535551,LT_AN RICE CRACKER SEAWEED 111.3G_T97_5,1.0
CG_LT,98,,MM BINH PHU,MM AN PHU,AN RICE CRACKER SEAWEED 111.3G,1,0.6,2.0,2.606276,LT_AN RICE CRACKER SEAWEED 111.3G_T98_1,1.0
CG_LT,98,,MM BINH PHU,MM DA NANG,AN RICE CRACKER SEAWEED 111.3G,2,0.6,2.0,3.412285,LT_AN RICE CRACKER SEAWEED 111.3G_T98_1,1.0
CG_LT,98,,MM HIEP PHU,MM AN PHU,AN RICE CRACKER SEAWEED 111.3G,7,0.6,2.0,6.45496,LT_AN RICE CRACKER SEAWEED 111.3G_T98_1,1.0
CG_LT,98,,MM HIEP PHU,MM DA NANG,AN RICE CRACKER SEAWEED 111.3G,7,0.6,2.0,6.221513,LT_AN RICE CRACKER SEAWEED 111.3G_T98_1,1.0
CG_LT,98,,MM BINH PHU,MM DA NANG,AN RICE CRACKER SEAWEED 111.3G,4,0.6,2.0,4.411771,LT_AN RICE CRACKER SEAWEED 111.3G_T98_2,1.0
CG_LT,98,,MM HIEP PHU,MM DA NANG,AN RICE CRACKER SEAWEED 111.3G,8,0.6,2.0,6.850593,LT_AN RICE CRACKER SEAWEED 111.3G_T98_2,1.0
CG_LT,98,,MM BINH PHU,MM DA NANG,AN RICE CRACKER SEAWEED 111.3G,3,0.6,2.0,3.562391,LT_AN RICE CRACKER SEAWEED 111.3G_T98_3,1.0
CG_LT,98,,MM HIEP PHU,MM AN PHU,AN RICE CRACKER SEAWEED 111.3G,9,0.6,2.0,7.626474,LT_AN RICE CRACKER SEAWEED 111.3G_T98_3,1.0
CG_LT,98,,MM HIEP PHU,MM DA NANG,AN RICE CRACKER SEAWEED 111.3G,5,0.6,2.0,5.287874,LT_AN RICE CRACKER SEAWEED 111.3G_T98_3,1.0
CG_LT,98,,MM HIEP PHU,MM AN PHU,AN RICE CRACKER SEAWEED 111.3G,8,0.6,2.0,6.881275,LT_AN RICE CRACKER SEAWEED 111.3G_T98_4,1.0
CG_LT,98,,MM HIEP PHU,MM DA NANG,AN RICE CRACKER SEAWEED 111.3G,4,0.6,2.0,4.541312,LT_AN RICE CRACKER SEAWEED 111.3G_T98_4,1.0
CG_LT,98,,MM BINH PHU,MM DA NANG,AN RICE CRACKER SEAWEED 111.3G,10,0.6,2.0,7.802097,LT_AN RICE CRACKER SEAWEED 111.3G_T98_5,1.0
CG_LT,98,,MM HIEP PHU,MM AN PHU,AN RICE CRACKER SEAWEED 111.3G,1,0.6,2.0,2.831094,LT_AN RICE CRACKER SEAWEED 111.3G_T98_5,1.0
CG_LT,99,,MM HIEP PHU,MM AN PHU,AN RICE CRACKER SEAWEED 111.3G,1,0.6,0.483292,1.284996,LT_AN RICE CRACKER SEAWEED 111.3G_T99_2,0.241646
CG_LT,99,,MM HIEP PHU,MM DA NANG,AN RICE CRACKER SEAWEED 111.3G,2,0.6,0.483292,1.812422,LT_AN RICE CRACKER SEAWEED 111.3G_T99_2,0.241646
CG_LT,100,,MM BINH PHU,MM AN PHU,OREO VANILLA 110.4/105G,7,0.6,2.0,5.992999,LT_OREO VANILLA 110.4/105G_T100_1,1.0
CG_LT,100,,MM BINH PHU,MM DA NANG,OREO VANILLA 110.4/105G,5,0.6,2.0,5.146444,LT_OREO VANILLA 110.4/105G_T100_1,1.0
CG_LT,100,,MM HIEP PHU,MM AN PHU,OREO VANILLA 110.4/105G,5,0.6,2.0,5.028448,LT_OREO VANILLA 110.4/105G_T100_1,1.0
CG_LT,100,,MM HIEP PHU,MM DA NANG,OREO VANILLA 110.4/105G,6,0.6,2.0,5.316969,LT_OREO VANILLA 110.4/105G_T100_1,1.0
CG_LT,100,,MM HIEP PHU,MM DA NANG,OREO VANILLA 110.4/105G,7,0.6,2.0,6.188408,LT_OREO VANILLA 110.4/105G_T100_2,1.0
CG_LT,100,,MM HIEP PHU,MM DA NANG,OREO VANILLA 110.4/105G,2,0.6,2.0,2.903164,LT_OREO VANILLA 110.4/105G_T100_3,1.0
CG_LT,100,,MM BINH PHU,MM DA NANG,OREO VANILLA 110.4/105G,8,0.6,2.0,6.596564,LT_OREO VANILLA 110.4/105G_T100_4,1.0
CG_LT,100,,MM BINH PHU,MM AN PHU,OREO VANILLA 110.4/105G,8,0.6,2.0,6.569184,LT_OREO VANILLA 110.4/105G_T100_5,1.0
CG_LT,100,,MM BINH PHU,MM DA NANG,OREO VANILLA 110.4/105G,6,0.6,2.0,5.786419,LT_OREO VANILLA 110.4/105G_T100_5,1.0
CG_LT,100,,MM HIEP PHU,MM AN PHU,OREO VANILLA 110.4/105G,7,0.6,2.0,6.310661,LT_OREO VANILLA 110.4/105G_T100_5,1.0
CG_LT,100,,MM HIEP PHU,MM DA NANG,OREO VANILLA 110.4/105G,8,0.6,2.0,6.761819,LT_OREO VANILLA 110.4/105G_T100_5,1.0
CG_LT,102,,MM BINH PHU,MM DA NANG,OREO VANILLA 110.4/105G,6,0.6,2.0,5.363774,LT_OREO VANILLA 110.4/105G_T102_1,1.0
CG_LT,102,,MM BINH PHU,MM DA NANG,OREO VANILLA 110.4/105G,9,0.6,2.0,7.401227,LT_OREO VANILLA 110.4/105G_T102_2,1.0
CG_LT,102,,MM HIEP PHU,MM AN PHU,OREO VANILLA 110.4/105G,7,0.6,2.0,6.412524,LT_OREO VANILLA 110.4/105G_T102_2,1.0
CG_LT,102,,MM BINH PHU,MM AN PHU,OREO VANILLA 110.4/105G,9,0.6,2.0,7.447023,LT_OREO VANILLA 110.4/105G_T102_3,1.0
CG_LT,102,,MM BINH PHU,MM DA NANG,OREO VANILLA 110.4/105G,5,0.6,2.0,4.931989,LT_OREO VANILLA 110.4/105G_T102_3,1.0
CG_LT,102,,MM HIEP PHU,MM AN PHU,OREO VANILLA 110.4/105G,5,0.6,2.0,5.076891,LT_OREO VANILLA 110.4/105G_T102_3,1.0
CG_LT,102,,MM HIEP PHU,MM DA NANG,OREO VANILLA 110.4/105G,6,0.6,2.0,5.846021,LT_OREO VANILLA 110.4/105G_T102_3,1.0
CG_LT,102,,MM BINH PHU,MM DA NANG,OREO VANILLA 110.4/105G,8,0.6,2.0,6.949141,LT_OREO VANILLA 110.4/105G_T102_4,1.0
CG_LT,102,,MM HIEP PHU,MM AN PHU,OREO VANILLA 110.4/105G,3,0.6,2.0,3.571805,LT_OREO VANILLA 110.4/105G_T102_4,1.0
CG_LT,102,,MM BINH PHU,MM AN PHU,OREO VANILLA 110.4/105G,5,0.6,2.0,4.846397,LT_OREO VANILLA 110.4/105G_T102_5,1.0
CG_LT,102,,MM HIEP PHU,MM DA NANG,OREO VANILLA 110.4/105G,6,0.6,2.0,5.507879,LT_OREO VANILLA 110.4/105G_T102_5,1.0
CG_LT,103,,MM BINH PHU,MM AN PHU,OREO VANILLA 110.4/105G,9,0.6,2.0,7.37606,LT_OREO VANILLA 110.4/105G_T103_1,1.0
CG_LT,103,,MM BINH PHU,MM DA NANG,OREO VANILLA 110.4/105G,1,0.6,2.0,2.836542,LT_OREO VANILLA 110.4/105G_T103_1,1.0
CG_LT,103,,MM HIEP PHU,MM AN PHU,OREO VANILLA 110.4/105G,5,0.6,2.0,5.018995,LT_OREO VANILLA 110.4/105G_T103_1,1.0
CG_LT,103,,MM HIEP PHU,MM DA NANG,OREO VANILLA 110.4/105G,3,0.6,2.0,3.989242,LT_OREO VANILLA 110.4/105G_T103_1,1.0
CG_LT,103,,MM BINH PHU,MM AN PHU,OREO VANILLA 110.4/105G,6,0.6,2.0,5.858472,LT_OREO VANILLA 110.4/105G_T103_4,1.0
CG_LT,103,,MM HIEP PHU,MM AN PHU,OREO VANILLA 110.4/105G,6,0.6,2.0,5.73396,LT_OREO VANILLA 110.4/105G_T103_5,1.0
CG_LT,104,,MM BINH PHU,MM AN PHU,OREO VANILLA 110.4/105G,8,0.6,2.0,6.983692,LT_OREO VANILLA 110.4/105G_T104_1,1.0
CG_LT,104,,MM BINH PHU,MM DA NANG,OREO VANILLA 110.4/105G,2,0.6,2.0,2.938221,LT_OREO VANILLA 110.4/105G_T104_1,1.0
CG_LT,104,,MM HIEP PHU,MM AN PHU,OREO VANILLA 110.4/105G,7,0.6,2.0,6.157002,LT_OREO VANILLA 110.4/105G_T104_1,1.0
CG_LT,104,,MM BINH PHU,MM AN PHU,OREO VANILLA 110.4/105G,2,0.6,2.0,3.202392,LT_OREO VANILLA 110.4/105G_T104_2,1.0
CG_LT,104,,MM BINH PHU,MM DA NANG,OREO VANILLA 110.4/105G,4,0.6,2.0,4.508822,LT_OREO VANILLA 110.4/105G_T104_2,1.0
CG_LT,104,,MM HIEP PHU,MM AN PHU,OREO VANILLA 110.4/105G,9,0.6,2.0,7.564243,LT_OREO VANILLA 110.4/105G_T104_2,1.0
CG_LT,104,,MM HIEP PHU,MM DA NANG,OREO VANILLA 110.4/105G,4,0.6,2.0,4.170119,LT_OREO VANILLA 110.4/105G_T104_2,1.0
CG_LT,104,,MM BINH PHU,MM AN PHU,OREO VANILLA 110.4/105G,7,0.6,2.0,6.114964,LT_OREO VANILLA 110.4/105G_T104_3,1.0
CG_LT,104,,MM BINH PHU,MM DA NANG,OREO VANILLA 110.4/105G,2,0.6,2.0,3.376927,LT_OREO VANILLA 110.4/105G_T104_3,1.0
CG_LT,104,,MM HIEP PHU,MM AN PHU,OREO VANILLA 110.4/105G,6,0.6,2.0,5.353041,LT_OREO VANILLA 110.4/105G_T104_3,1.0
CG_LT,104,,MM HIEP PHU,MM DA NANG,OREO VANILLA 110.4/105G,4,0.6,2.0,4.647719,LT_OREO VANILLA 110.4/105G_T104_3,1.0
CG_LT,104,,MM HIEP PHU,MM DA NANG,OREO VANILLA 110.4/105G,3,0.6,2.0,3.763304,LT_OREO VANILLA 110.4/105G_T104_4,1.0
CG_LT,104,,MM HIEP PHU,MM DA NANG,OREO VANILLA 110.4/105G,8,0.6,2.0,6.58296,LT_OREO VANILLA 110.4/105G_T104_5,1.0
CG_LT,105,,MM BINH PHU,MM AN PHU,OREO VANILLA 110.4/105G,8,0.6,2.0,6.586412,LT_OREO VANILLA 110.4/105G_T105_1,1.0
CG_LT,105,,MM BINH PHU,MM DA NANG,OREO VANILLA 110.4/105G,8,0.6,2.0,6.907251,LT_OREO VANILLA 110.4/105G_T105_1,1.0
CG_LT,105,,MM HIEP PHU,MM DA NANG,OREO VANILLA 110.4/105G,10,0.6,2.0,7.905085,LT_OREO VANILLA 110.4/105G_T105_1,1.0
CG_LT,105,,MM BINH PHU,MM AN PHU,OREO VANILLA 110.4/105G,9,0.6,1.789298,6.937834,LT_OREO VANILLA 110.4/105G_T105_2,0.894649
CG_LT,105,,MM BINH PHU,MM DA NANG,OREO VANILLA 110.4/105G,2,0.6,1.789298,2.815958,LT_OREO VANILLA 110.4/105G_T105_2,0.894649
CG_LT,105,,MM HIEP PHU,MM AN PHU,OREO VANILLA 110.4/105G,4,0.6,1.789298,4.479282,LT_OREO VANILLA 110.4/105G_T105_2,0.894649
CG_LT,105,,MM HIEP PHU,MM DA NANG,OREO VANILLA 110.4/105G,4,0.6,1.789298,4.445926,LT_OREO VANILLA 110.4/105G_T105_2,0.894649
CG_LT,105,,MM BINH PHU,MM AN PHU,OREO VANILLA 110.4/105G,8,0.6,2.0,6.552791,LT_OREO VANILLA 110.4/105G_T105_5,1.0
CG_LT,105,,MM HIEP PHU,MM DA NANG,OREO VANILLA 110.4/105G,5,0.6,2.0,4.922191,LT_OREO VANILLA 110.4/105G_T105_5,1.0
CG_LT,106,,MM HIEP PHU,MM DA NANG,OREO VANILLA 110.4/105G,8,0.6,2.0,6.91225,LT_OREO VANILLA 110.4/105G_T106_2,1.0
CG_LT,106,,MM HIEP PHU,MM DA NANG,OREO VANILLA 110.4/105G,8,0.6,2.0,7.048498,LT_OREO VANILLA 110.4/105G_T106_3,1.0
CG_LT,106,,MM BINH PHU,MM DA NANG,OREO VANILLA 110.4/105G,3,0.6,0.926404,2.42837,LT_OREO VANILLA 110.4/105G_T106_5,0.463202
CG_LT,106,,MM HIEP PHU,MM DA NANG,OREO VANILLA 110.4/105G,3,0.6,0.926404,2.51338,LT_OREO VANILLA 110.4/105G_T106_5,0.463202
CG_LT,107,,MM BINH PHU,MM AN PHU,OREO VANILLA 110.4/105G,2,0.6,2.0,3.446235,LT_OREO VANILLA 110.4/105G_T107_1,1.0
CG_LT,107,,MM BINH PHU,MM DA NANG,OREO VANILLA 110.4/105G,6,0.6,2.0,5.536216,LT_OREO VANILLA 110.4/105G_T107_1,1.0
CG_LT,107,,MM HIEP PHU,MM DA NANG,OREO VANILLA 110.4/105G,9,0.6,2.0,7.534516,LT_OREO VANILLA 110.4/105G_T107_1,1.0
CG_LT,107,,MM BINH PHU,MM AN PHU,OREO VANILLA 110.4/105G,4,0.6,1.283309,3.509222,LT_OREO VANILLA 110.4/105G_T107_3,0.641654
CG_LT,107,,MM BINH PHU,MM DA NANG,OREO VANILLA 110.4/105G,2,0.6,1.283309,2.261432,LT_OREO VANILLA 110.4/105G_T107_3,0.641654
CG_LT,107,,MM HIEP PHU,MM DA NANG,OREO VANILLA 110.4/105G,4,0.6,1.283309,3.807919,LT_OREO VANILLA 110.4/105G_T107_3,0.641654
CG_LT,107,,MM BINH PHU,MM AN PHU,OREO VANILLA 110.4/105G,9,0.6,2.0,7.143719,LT_OREO VANILLA 110.4/105G_T107_5,1.0
CG_LT,107,,MM BINH PHU,MM DA NANG,OREO VANILLA 110.4/105G,6,0.6,2.0,5.864313,LT_OREO VANILLA 110.4/105G_T107_5,1.0
CG_LT,107,,MM HIEP PHU,MM DA NANG,OREO VANILLA 110.4/105G,9,0.6,2.0,7.695205,LT_OREO VANILLA 110.4/105G_T107_5,1.0
CG_LT,108,,MM BINH PHU,MM AN PHU,OREO VANILLA 110.4/105G,5,0.6,2.0,4.963651,LT_OREO VANILLA 110.4/105G_T108_1,1.0
CG_LT,108,,MM BINH PHU,MM DA NANG,OREO VANILLA 110.4/105G,3,0.6,2.0,4.026872,LT_OREO VANILLA 110.4/105G_T108_1,1.0
CG_LT,108,,MM HIEP PHU,MM AN PHU,OREO VANILLA 110.4/105G,6,0.6,2.0,5.82935,LT_OREO VANILLA 110.4/105G_T108_1,1.0
CG_LT,108,,MM HIEP PHU,MM DA NANG,OREO VANILLA 110.4/105G,4,0.6,2.0,4.259388,LT_OREO VANILLA 110.4/105G_T108_1,1.0
CG_LT,108,,MM BINH PHU,MM AN PHU,OREO VANILLA 110.4/105G,3,0.6,2.0,3.979189,LT_OREO VANILLA 110.4/105G_T108_3,1.0
CG_LT,108,,MM HIEP PHU,MM AN PHU,OREO VANILLA 110.4/105G,4,0.6,2.0,4.212128,LT_OREO VANILLA 110.4/105G_T108_3,1.0
CG_LT,108,,MM HIEP PHU,MM DA NANG,OREO VANILLA 110.4/105G,6,0.6,2.0,5.315529,LT_OREO VANILLA 110.4/105G_T108_3,1.0
CG_LT,108,,MM BINH PHU,MM AN PHU,OREO VANILLA 110.4/105G,1,0.6,1.603716,2.49976,LT_OREO VANILLA 110.4/105G_T108_4,0.801858
CG_LT,108,,MM BINH PHU,MM DA NANG,OREO VANILLA 110.4/105G,2,0.6,1.603716,2.990789,LT_OREO VANILLA 110.4/105G_T108_4,0.801858
CG_LT,108,,MM HIEP PHU,MM AN PHU,OREO VANILLA 110.4/105G,5,0.6,1.603716,4.409137,LT_OREO VANILLA 110.4/105G_T108_4,0.801858
CG_LT,108,,MM HIEP PHU,MM DA NANG,OREO VANILLA 110.4/105G,2,0.6,1.603716,3.006039,LT_OREO VANILLA 110.4/105G_T108_4,0.801858
CG_LT,108,,MM HIEP PHU,MM DA NANG,OREO VANILLA 110.4/105G,9,0.6,2.0,7.400486,LT_OREO VANILLA 110.4/105G_T108_5,1.0
CG_LT,109,,MM BINH PHU,MM DA NANG,OREO VANILLA 110.4/105G,9,0.6,2.0,7.479917,LT_OREO VANILLA 110.4/105G_T109_1,1.0
CG_LT,109,,MM HIEP PHU,MM AN PHU,OREO VANILLA 110.4/105G,4,0.6,2.0,4.371243,LT_OREO VANILLA 110.4/105G_T109_1,1.0
CG_LT,109,,MM HIEP PHU,MM DA NANG,OREO VANILLA 110.4/105G,2,0.6,2.0,3.479396,LT_OREO VANILLA 110.4/105G_T109_1,1.0
CG_LT,109,,MM BINH PHU,MM DA NANG,OREO VANILLA 110.4/105G,1,0.6,2.0,2.806323,LT_OREO VANILLA 110.4/105G_T109_2,1.0
CG_LT,109,,MM HIEP PHU,MM DA NANG,OREO VANILLA 110.4/105G,6,0.6,2.0,5.767717,LT_OREO VANILLA 110.4/105G_T109_2,1.0
CG_LT,109,,MM BINH PHU,MM AN PHU,OREO VANILLA 110.4/105G,3,0.6,2.0,3.628123,LT_OREO VANILLA 110.4/105G_T109_3,1.0
CG_LT,109,,MM HIEP PHU,MM AN PHU,OREO VANILLA 110.4/105G,7,0.6,2.0,6.234072,LT_OREO VANILLA 110.4/105G_T109_3,1.0
CG_LT,109,,MM HIEP PHU,MM DA NANG,OREO VANILLA 110.4/105G,4,0.6,2.0,4.553667,LT_OREO VANILLA 110.4/105G_T109_3,1.0
CG_LT,109,,MM BINH PHU,MM AN PHU,OREO VANILLA 110.4/105G,5,0.6,2.0,4.719832,LT_OREO VANILLA 110.4/105G_T109_4,1.0
CG_LT,109,,MM BINH PHU,MM DA NANG,OREO VANILLA 110.4/105G,6,0.6,2.0,5.399356,LT_OREO VANILLA 110.4/105G_T109_4,1.0
CG_LT,109,,MM HIEP PHU,MM AN PHU,OREO VANILLA 110.4/105G,7,0.6,2.0,6.479879,LT_OREO VANILLA 110.4/105G_T109_4,1.0
CG_LT,109,,MM HIEP PHU,MM DA NANG,OREO VANILLA 110.4/105G,1,0.6,2.0,2.687878,LT_OREO VANILLA 110.4/105G_T109_4,1.0
CG_LT,109,,MM BINH PHU,MM AN PHU,OREO VANILLA 110.4/105G,6,0.6,2.0,5.730593,LT_OREO VANILLA 110.4/105G_T109_5,1.0
CG_LT,109,,MM HIEP PHU,MM DA NANG,OREO VANILLA 110.4/105G,2,0.6,2.0,3.406792,LT_OREO VANILLA 110.4/105G_T109_5,1.0
CG_LT,10,,MM DA NANG,MM AN PHU,OREO VANILLA 110.4/105G,7,0.6,2.0,6.155615,LT_OREO VANILLA 110.4/105G_T10_2,1.0
CG_LT,10,,MM DA NANG,MM BINH PHU,OREO VANILLA 110.4/105G,8,0.6,2.0,6.689641,LT_OREO VANILLA 110.4/105G_T10_3,1.0
CG_LT,10,,MM HIEP PHU,MM AN PHU,OREO VANILLA 110.4/105G,1,0.6,2.0,2.753269,LT_OREO VANILLA 110.4/105G_T10_3,1.0
CG_LT,10,,MM HIEP PHU,MM BINH PHU,OREO VANILLA 110.4/105G,8,0.6,2.0,6.697941,LT_OREO VANILLA 110.4/105G_T10_3,1.0
CG_LT,10,,MM DA NANG,MM AN PHU,OREO VANILLA 110.4/105G,1,0.6,2.0,2.776475,LT_OREO VANILLA 110.4/105G_T10_4,1.0
CG_LT,10,,MM DA NANG,MM BINH PHU,OREO VANILLA 110.4/105G,6,0.6,2.0,5.354318,LT_OREO VANILLA 110.4/105G_T10_4,1.0
CG_LT,10,,MM HIEP PHU,MM BINH PHU,OREO VANILLA 110.4/105G,5,0.6,2.0,5.100971,LT_OREO VANILLA 110.4/105G_T10_4,1.0
CG_LT,10,,MM DA NANG,MM AN PHU,OREO VANILLA 110.4/105G,7,0.6,2.0,6.386724,LT_OREO VANILLA 110.4/105G_T10_5,1.0
CG_LT,10,,MM DA NANG,MM BINH PHU,OREO VANILLA 110.4/105G,10,0.6,2.0,7.808845,LT_OREO VANILLA 110.4/105G_T10_5,1.0
CG_LT,10,,MM HIEP PHU,MM AN PHU,OREO VANILLA 110.4/105G,4,0.6,2.0,4.187813,LT_OREO VANILLA 110.4/105G_T10_5,1.0
CG_LT,110,,MM BINH PHU,MM DA NANG,OREO VANILLA 110.4/105G,1,0.6,0.279662,0.724921,LT_OREO VANILLA 110.4/105G_T110_2,0.139831
CG_LT,110,,MM BINH PHU,MM DA NANG,OREO VANILLA 110.4/105G,9,0.6,2.0,7.661333,LT_OREO VANILLA 110.4/105G_T110_5,1.0
CG_LT,110,,MM HIEP PHU,MM AN PHU,OREO VANILLA 110.4/105G,7,0.6,2.0,6.284904,LT_OREO VANILLA 110.4/105G_T110_5,1.0
CG_LT,110,,MM HIEP PHU,MM DA NANG,OREO VANILLA 110.4/105G,7,0.6,2.0,6.333408,LT_OREO VANILLA 110.4/105G_T110_5,1.0
CG_LT,113,,MM BINH PHU,MM DA NANG,OREO VANILLA 110.4/105G,8,0.6,2.0,6.529113,LT_OREO VANILLA 110.4/105G_T113_1,1.0
CG_LT,113,,MM HIEP PHU,MM AN PHU,OREO VANILLA 110.4/105G,4,0.6,2.0,4.155961,LT_OREO VANILLA 110.4/105G_T113_1,1.0
CG_LT,113,,MM BINH PHU,MM AN PHU,OREO VANILLA 110.4/105G,1,0.6,2.0,2.703809,LT_OREO VANILLA 110.4/105G_T113_2,1.0
CG_LT,113,,MM BINH PHU,MM DA NANG,OREO VANILLA 110.4/105G,6,0.6,2.0,5.78263,LT_OREO VANILLA 110.4/105G_T113_2,1.0
CG_LT,113,,MM HIEP PHU,MM DA NANG,OREO VANILLA 110.4/105G,2,0.6,2.0,3.138693,LT_OREO VANILLA 110.4/105G_T113_2,1.0
CG_LT,113,,MM BINH PHU,MM DA NANG,OREO VANILLA 110.4/105G,8,0.6,2.0,6.561851,LT_OREO VANILLA 110.4/105G_T113_3,1.0
CG_LT,113,,MM BINH PHU,MM AN PHU,OREO VANILLA 110.4/105G,7,0.6,1.537222,6.010567,LT_OREO VANILLA 110.4/105G_T113_4,0.768611
CG_LT,113,,MM BINH PHU,MM DA NANG,OREO VANILLA 110.4/105G,2,0.6,1.537222,2.608574,LT_OREO VANILLA 110.4/105G_T113_4,0.768611
CG_LT,113,,MM HIEP PHU,MM AN PHU,OREO VANILLA 110.4/105G,1,0.6,1.537222,2.141286,LT_OREO VANILLA 110.4/105G_T113_4,0.768611
CG_LT,113,,MM HIEP PHU,MM DA NANG,OREO VANILLA 110.4/105G,6,0.6,1.537222,5.053583,LT_OREO VANILLA 110.4/105G_T113_4,0.768611
CG_LT,114,,MM BINH PHU,MM DA NANG,OREO VANILLA 110.4/105G,7,0.6,2.0,6.371571,LT_OREO VANILLA 110.4/105G_T114_1,1.0
CG_LT,114,,MM HIEP PHU,MM DA NANG,OREO VANILLA 110.4/105G,7,0.6,2.0,6.15279,LT_OREO VANILLA 110.4/105G_T114_1,1.0
CG_LT,114,,MM BINH PHU,MM AN PHU,OREO VANILLA 110.4/105G,4,0.6,1.721483,4.06832,LT_OREO VANILLA 110.4/105G_T114_3,0.860742
CG_LT,114,,MM BINH PHU,MM DA NANG,OREO VANILLA 110.4/105G,4,0.6,1.721483,4.170974,LT_OREO VANILLA 110.4/105G_T114_3,0.860742
CG_LT,114,,MM HIEP PHU,MM DA NANG,OREO VANILLA 110.4/105G,8,0.6,1.721483,6.810089,LT_OREO VANILLA 110.4/105G_T114_3,0.860742
CG_LT,114,,MM HIEP PHU,MM DA NANG,OREO VANILLA 110.4/105G,7,0.6,2.0,6.297127,LT_OREO VANILLA 110.4/105G_T114_5,1.0
CG_LT,115,,MM BINH PHU,MM AN PHU,OREO VANILLA 110.4/105G,7,0.6,1.820912,5.913021,LT_OREO VANILLA 110.4/105G_T115_2,0.910456
CG_LT,115,,MM BINH PHU,MM DA NANG,OREO VANILLA 110.4/105G,9,0.6,1.820912,7.047478,LT_OREO VANILLA 110.4/105G_T115_2,0.910456
CG_LT,115,,MM HIEP PHU,MM AN PHU,OREO VANILLA 110.4/105G,1,0.6,1.820912,2.720265,LT_OREO VANILLA 110.4/105G_T115_2,0.910456
CG_LT,115,,MM HIEP PHU,MM DA NANG,OREO VANILLA 110.4/105G,5,0.6,1.820912,4.613629,LT_OREO VANILLA 110.4/105G_T115_2,0.910456
CG_LT,115,,MM BINH PHU,MM AN PHU,OREO VANILLA 110.4/105G,3,0.6,2.0,3.57633,LT_OREO VANILLA 110.4/105G_T115_4,1.0
CG_LT,115,,MM BINH PHU,MM DA NANG,OREO VANILLA 110.4/105G,7,0.6,2.0,6.291047,LT_OREO VANILLA 110.4/105G_T115_4,1.0
CG_LT,115,,MM HIEP PHU,MM AN PHU,OREO VANILLA 110.4/105G,7,0.6,2.0,5.923868,LT_OREO VANILLA 110.4/105G_T115_4,1.0
CG_LT,115,,MM HIEP PHU,MM DA NANG,OREO VANILLA 110.4/105G,9,0.6,2.0,7.193015,LT_OREO VANILLA 110.4/105G_T115_4,1.0
CG_LT,115,,MM HIEP PHU,MM DA NANG,OREO VANILLA 110.4/105G,8,0.6,2.0,6.773455,LT_OREO VANILLA 110.4/105G_T115_5,1.0
CG_LT,121,,MM BINH PHU,MM AN PHU,OREO VANILLA 110.4/105G,4,0.6,1.068606,3.291926,LT_OREO VANILLA 110.4/105G_T121_5,0.534303
CG_LT,121,,MM DA NANG,MM AN PHU,OREO VANILLA 110.4/105G,4,0.6,1.068606,3.357055,LT_OREO VANILLA 110.4/105G_T121_5,0.534303
CG_LT,128,,MM BINH PHU,MM AN PHU,OREO VANILLA 110.4/105G,2,0.6,1.75125,3.099183,LT_OREO VANILLA 110.4/105G_T128_1,0.875625
CG_LT,128,,MM DA NANG,MM AN PHU,OREO VANILLA 110.4/105G,5,0.6,1.75125,4.917134,LT_OREO VANILLA 110.4/105G_T128_1,0.875625
CG_LT,128,,MM HIEP PHU,MM AN PHU,OREO VANILLA 110.4/105G,6,0.6,1.75125,5.156154,LT_OREO VANILLA 110.4/105G_T128_1,0.875625
CG_LT,128,,MM BINH PHU,MM AN PHU,OREO VANILLA 110.4/105G,4,0.6,2.0,4.651098,LT_OREO VANILLA 110.4/105G_T128_4,1.0
CG_LT,128,,MM DA NANG,MM AN PHU,OREO VANILLA 110.4/105G,6,0.6,2.0,5.467125,LT_OREO VANILLA 110.4/105G_T128_4,1.0
CG_LT,128,,MM HIEP PHU,MM AN PHU,OREO VANILLA 110.4/105G,6,0.6,2.0,5.584459,LT_OREO VANILLA 110.4/105G_T128_4,1.0
CG_LT,128,,MM DA NANG,MM AN PHU,OREO VANILLA 110.4/105G,3,0.6,2.0,3.867027,LT_OREO VANILLA 110.4/105G_T128_5,1.0
CG_LT,128,,MM HIEP PHU,MM AN PHU,OREO VANILLA 110.4/105G,8,0.6,2.0,6.690576,LT_OREO VANILLA 110.4/105G_T128_5,1.0
CG_LT,14,,MM BINH PHU,MM AN PHU,OREO VANILLA 110.4/105G,3,0.6,1.031497,3.101099,LT_OREO VANILLA 110.4/105G_T14_1,0.515748
CG_LT,14,,MM BINH PHU,MM DA NANG,OREO VANILLA 110.4/105G,4,0.6,1.031497,3.324394,LT_OREO VANILLA 110.4/105G_T14_1,0.515748
CG_LT,15,,MM BINH PHU,MM AN PHU,OREO VANILLA 110.4/105G,7,0.6,2.0,6.234019,LT_OREO VANILLA 110.4/105G_T15_2,1.0
CG_LT,15,,MM BINH PHU,MM DA NANG,OREO VANILLA 110.4/105G,1,0.6,2.0,2.677889,LT_OREO VANILLA 110.4/105G_T15_2,1.0
CG_LT,15,,MM HIEP PHU,MM AN PHU,OREO VANILLA 110.4/105G,10,0.6,2.0,7.832902,LT_OREO VANILLA 110.4/105G_T15_2,1.0
CG_LT,15,,MM HIEP PHU,MM DA NANG,OREO VANILLA 110.4/105G,7,0.6,2.0,5.975133,LT_OREO VANILLA 110.4/105G_T15_2,1.0
CG_LT,15,,MM HIEP PHU,MM DA NANG,OREO VANILLA 110.4/105G,5,0.6,2.0,5.198929,LT_OREO VANILLA 110.4/105G_T15_3,1.0
CG_LT,15,,MM BINH PHU,MM DA NANG,OREO VANILLA 110.4/105G,8,0.6,2.0,6.500206,LT_OREO VANILLA 110.4/105G_T15_4,1.0
CG_LT,15,,MM HIEP PHU,MM AN PHU,OREO VANILLA 110.4/105G,7,0.6,2.0,6.077834,LT_OREO VANILLA 110.4/105G_T15_4,1.0
CG_LT,15,,MM HIEP PHU,MM DA NANG,OREO VANILLA 110.4/105G,8,0.6,2.0,7.087298,LT_OREO VANILLA 110.4/105G_T15_4,1.0
CG_LT,15,,MM HIEP PHU,MM AN PHU,OREO VANILLA 110.4/105G,1,0.6,1.627159,2.480928,LT_OREO VANILLA 110.4/105G_T15_5,0.81358
CG_LT,17,,MM BINH PHU,MM AN PHU,OREO VANILLA 110.4/105G,2,0.6,2.0,3.304822,LT_OREO VANILLA 110.4/105G_T17_1,1.0
CG_LT,17,,MM BINH PHU,MM DA NANG,OREO VANILLA 110.4/105G,4,0.6,2.0,4.349709,LT_OREO VANILLA 110.4/105G_T17_1,1.0
CG_LT,17,,MM BINH PHU,MM DA NANG,OREO VANILLA 110.4/105G,3,0.6,1.723591,3.367832,LT_OREO VANILLA 110.4/105G_T17_2,0.861796
CG_LT,17,,MM HIEP PHU,MM AN PHU,OREO VANILLA 110.4/105G,1,0.6,1.723591,2.364473,LT_OREO VANILLA 110.4/105G_T17_2,0.861796
CG_LT,18,,MM BINH PHU,MM AN PHU,OREO VANILLA 110.4/105G,8,0.6,1.690299,6.569481,LT_OREO VANILLA 110.4/105G_T18_1,0.84515
CG_LT,18,,MM BINH PHU,MM DA NANG,OREO VANILLA 110.4/105G,3,0.6,1.690299,3.193325,LT_OREO VANILLA 110.4/105G_T18_1,0.84515
CG_LT,18,,MM HIEP PHU,MM AN PHU,OREO VANILLA 110.4/105G,7,0.6,1.690299,5.780412,LT_OREO VANILLA 110.4/105G_T18_1,0.84515
CG_LT,18,,MM HIEP PHU,MM DA NANG,OREO VANILLA 110.4/105G,4,0.6,1.690299,4.101061,LT_OREO VANILLA 110.4/105G_T18_1,0.84515
CG_LT,18,,MM BINH PHU,MM AN PHU,OREO VANILLA 110.4/105G,1,0.6,1.606979,2.327642,LT_OREO VANILLA 110.4/105G_T18_2,0.803489
CG_LT,18,,MM BINH PHU,MM AN PHU,OREO VANILLA 110.4/105G,6,0.6,2.0,5.818525,LT_OREO VANILLA 110.4/105G_T18_3,1.0
CG_LT,18,,MM BINH PHU,MM DA NANG,OREO VANILLA 110.4/105G,9,0.6,2.0,7.225811,LT_OREO VANILLA 110.4/105G_T18_3,1.0
CG_LT,18,,MM HIEP PHU,MM AN PHU,OREO VANILLA 110.4/105G,6,0.6,2.0,5.427674,LT_OREO VANILLA 110.4/105G_T18_3,1.0
CG_LT,18,,MM HIEP PHU,MM DA NANG,OREO VANILLA 110.4/105G,9,0.6,2.0,7.549015,LT_OREO VANILLA 110.4/105G_T18_3,1.0
CG_LT,18,,MM BINH PHU,MM AN PHU,OREO VANILLA 110.4/105G,5,0.6,2.0,4.957092,LT_OREO VANILLA 110.4/105G_T18_5,1.0
CG_LT,18,,MM BINH PHU,MM DA NANG,OREO VANILLA 110.4/105G,9,0.6,2.0,7.619334,LT_OREO VANILLA 110.4/105G_T18_5,1.0
CG_LT,19,,MM HIEP PHU,MM DA NANG,OREO VANILLA 110.4/105G,6,0.6,1.358398,4.7512,LT_OREO VANILLA 110.4/105G_T19_2,0.679199
CG_LT,20,,MM BINH PHU,MM AN PHU,OREO VANILLA 110.4/105G,3,0.6,2.0,4.047117,LT_OREO VANILLA 110.4/105G_T20_3,1.0
CG_LT,21,,MM HIEP PHU,MM DA NANG,OREO VANILLA 110.4/105G,7,0.6,2.0,6.312595,LT_OREO VANILLA 110.4/105G_T21_1,1.0
CG_LT,21,,MM BINH PHU,MM AN PHU,OREO VANILLA 110.4/105G,1,0.6,1.869673,2.442767,LT_OREO VANILLA 110.4/105G_T21_2,0.934836
CG_LT,21,,MM BINH PHU,MM DA NANG,OREO VANILLA 110.4/105G,8,0.6,1.869673,6.649893,LT_OREO VANILLA 110.4/105G_T21_2,0.934836
CG_LT,21,,MM HIEP PHU,MM AN PHU,OREO VANILLA 110.4/105G,4,0.6,1.869673,4.039255,LT_OREO VANILLA 110.4/105G_T21_2,0.934836
CG_LT,21,,MM HIEP PHU,MM DA NANG,OREO VANILLA 110.4/105G,9,0.6,1.869673,7.465768,LT_OREO VANILLA 110.4/105G_T21_2,0.934836
CG_LT,22,,MM BINH PHU,MM AN PHU,OREO VANILLA 110.4/105G,3,0.6,2.0,3.743873,LT_OREO VANILLA 110.4/105G_T22_4,1.0
CG_LT,22,,MM BINH PHU,MM DA NANG,OREO VANILLA 110.4/105G,6,0.6,2.0,5.472726,LT_OREO VANILLA 110.4/105G_T22_4,1.0
CG_LT,22,,MM HIEP PHU,MM AN PHU,OREO VANILLA 110.4/105G,10,0.6,2.0,7.706648,LT_OREO VANILLA 110.4/105G_T22_4,1.0
CG_LT,22,,MM HIEP PHU,MM DA NANG,OREO VANILLA 110.4/105G,10,0.6,2.0,7.798318,LT_OREO VANILLA 110.4/105G_T22_4,1.0
CG_LT,23,,MM BINH PHU,MM AN PHU,OREO VANILLA 110.4/105G,9,0.6,2.0,7.544601,LT_OREO VANILLA 110.4/105G_T23_2,1.0
CG_LT,23,,MM HIEP PHU,MM AN PHU,OREO VANILLA 110.4/105G,5,0.6,2.0,4.905649,LT_OREO VANILLA 110.4/105G_T23_2,1.0
CG_LT,23,,MM HIEP PHU,MM DA NANG,OREO VANILLA 110.4/105G,9,0.6,2.0,7.149413,LT_OREO VANILLA 110.4/105G_T23_2,1.0
CG_LT,23,,MM BINH PHU,MM AN PHU,OREO VANILLA 110.4/105G,1,0.6,0.250998,0.662569,LT_OREO VANILLA 110.4/105G_T23_4,0.125499
CG_LT,23,,MM BINH PHU,MM DA NANG,OREO VANILLA 110.4/105G,1,0.6,0.250998,0.799525,LT_OREO VANILLA 110.4/105G_T23_4,0.125499
CG_LT,23,,MM HIEP PHU,MM AN PHU,OREO VANILLA 110.4/105G,1,0.6,0.250998,0.751977,LT_OREO VANILLA 110.4/105G_T23_4,0.125499
CG_LT,23,,MM BINH PHU,MM AN PHU,OREO VANILLA 110.4/105G,9,0.6,2.0,7.394622,LT_OREO VANILLA 110.4/105G_T23_5,1.0
CG_LT,23,,MM BINH PHU,MM DA NANG,OREO VANILLA 110.4/105G,2,0.6,2.0,2.985981,LT_OREO VANILLA 110.4/105G_T23_5,1.0
CG_LT,23,,MM HIEP PHU,MM AN PHU,OREO VANILLA 110.4/105G,6,0.6,2.0,5.697775,LT_OREO VANILLA 110.4/105G_T23_5,1.0
CG_LT,23,,MM HIEP PHU,MM DA NANG,OREO VANILLA 110.4/105G,5,0.6,2.0,4.870118,LT_OREO VANILLA 110.4/105G_T23_5,1.0
CG_LT,24,,MM BINH PHU,MM AN PHU,OREO VANILLA 110.4/105G,7,0.6,2.0,5.933767,LT_OREO VANILLA 110.4/105G_T24_1,1.0
CG_LT,24,,MM HIEP PHU,MM DA NANG,OREO VANILLA 110.4/105G,5,0.6,2.0,4.969764,LT_OREO VANILLA 110.4/105G_T24_1,1.0
CG_LT,24,,MM BINH PHU,MM AN PHU,OREO VANILLA 110.4/105G,1,0.6,0.430173,0.80048,LT_OREO VANILLA 110.4/105G_T24_4,0.215087
CG_LT,24,,MM BINH PHU,MM DA NANG,OREO VANILLA 110.4/105G,0,0.6,0.430173,0.692535,LT_OREO VANILLA 110.4/105G_T24_4,0.215087
CG_LT,24,,MM HIEP PHU,MM AN PHU,OREO VANILLA 110.4/105G,2,0.6,0.430173,1.412763,LT_OREO VANILLA 110.4/105G_T24_4,0.215087
CG_LT,24,,MM HIEP PHU,MM DA NANG,OREO VANILLA 110.4/105G,0,0.6,0.430173,0.651147,LT_OREO VANILLA 110.4/105G_T24_4,0.215087
CG_LT,25,,MM BINH PHU,MM AN PHU,OREO VANILLA 110.4/105G,5,0.6,2.0,5.146965,LT_OREO VANILLA 110.4/105G_T25_2,1.0
CG_LT,25,,MM BINH PHU,MM DA NANG,OREO VANILLA 110.4/105G,8,0.6,2.0,7.079462,LT_OREO VANILLA 110.4/105G_T25_2,1.0
CG_LT,25,,MM HIEP PHU,MM DA NANG,OREO VANILLA 110.4/105G,5,0.6,2.0,5.222478,LT_OREO VANILLA 110.4/105G_T25_2,1.0
CG_LT,25,,MM BINH PHU,MM DA NANG,OREO VANILLA 110.4/105G,3,0.6,2.0,3.846177,LT_OREO VANILLA 110.4/105G_T25_3,1.0
CG_LT,25,,MM BINH PHU,MM AN PHU,OREO VANILLA 110.4/105G,5,0.6,2.0,4.900354,LT_OREO VANILLA 110.4/105G_T25_5,1.0
CG_LT,25,,MM BINH PHU,MM DA NANG,OREO VANILLA 110.4/105G,5,0.6,2.0,4.76474,LT_OREO VANILLA 110.4/105G_T25_5,1.0
CG_LT,25,,MM HIEP PHU,MM AN PHU,OREO VANILLA 110.4/105G,2,0.6,2.0,3.254723,LT_OREO VANILLA 110.4/105G_T25_5,1.0
CG_LT,25,,MM HIEP PHU,MM DA NANG,OREO VANILLA 110.4/105G,8,0.6,2.0,6.575037,LT_OREO VANILLA 110.4/105G_T25_5,1.0
CG_LT,27,,MM HIEP PHU,MM AN PHU,OREO VANILLA 110.4/105G,3,0.6,2.0,3.736691,LT_OREO VANILLA 110.4/105G_T27_1,1.0
CG_LT,27,,MM HIEP PHU,MM DA NANG,OREO VANILLA 110.4/105G,1,0.6,2.0,2.803519,LT_OREO VANILLA 110.4/105G_T27_1,1.0
CG_LT,27,,MM BINH PHU,MM DA NANG,OREO VANILLA 110.4/105G,8,0.6,2.0,6.903842,LT_OREO VANILLA 110.4/105G_T27_2,1.0
CG_LT,27,,MM BINH PHU,MM AN PHU,OREO VANILLA 110.4/105G,7,0.6,2.0,6.069014,LT_OREO VANILLA 110.4/105G_T27_3,1.0
CG_LT,27,,MM HIEP PHU,MM DA NANG,OREO VANILLA 110.4/105G,7,0.6,2.0,6.182708,LT_OREO VANILLA 110.4/105G_T27_3,1.0
CG_LT,27,,MM BINH PHU,MM DA NANG,OREO VANILLA 110.4/105G,6,0.6,2.0,5.462816,LT_OREO VANILLA 110.4/105G_T27_4,1.0
CG_LT,27,,MM HIEP PHU,MM AN PHU,OREO VANILLA 110.4/105G,9,0.6,2.0,7.235904,LT_OREO VANILLA 110.4/105G_T27_4,1.0
CG_LT,27,,MM HIEP PHU,MM DA NANG,OREO VANILLA 110.4/105G,8,0.6,2.0,6.748024,LT_OREO VANILLA 110.4/105G_T27_4,1.0
CG_LT,27,,MM BINH PHU,MM AN PHU,OREO VANILLA 110.4/105G,8,0.6,2.0,6.988185,LT_OREO VANILLA 110.4/105G_T27_5,1.0
CG_LT,27,,MM HIEP PHU,MM DA NANG,OREO VANILLA 110.4/105G,5,0.6,2.0,5.095695,LT_OREO VANILLA 110.4/105G_T27_5,1.0
CG_LT,28,,MM BINH PHU,MM DA NANG,OREO VANILLA 110.4/105G,6,0.6,1.631827,5.287384,LT_OREO VANILLA 110.4/105G_T28_1,0.815914
CG_LT,28,,MM HIEP PHU,MM AN PHU,OREO VANILLA 110.4/105G,3,0.6,1.631827,3.526403,LT_OREO VANILLA 110.4/105G_T28_1,0.815914
CG_LT,28,,MM BINH PHU,MM AN PHU,OREO VANILLA 110.4/105G,7,0.6,2.0,5.950706,LT_OREO VANILLA 110.4/105G_T28_2,1.0
CG_LT,28,,MM HIEP PHU,MM DA NANG,OREO VANILLA 110.4/105G,9,0.6,2.0,7.463563,LT_OREO VANILLA 110.4/105G_T28_2,1.0
CG_LT,28,,MM HIEP PHU,MM AN PHU,OREO VANILLA 110.4/105G,4,0.6,2.0,4.233295,LT_OREO VANILLA 110.4/105G_T28_3,1.0
CG_LT,28,,MM HIEP PHU,MM DA NANG,OREO VANILLA 110.4/105G,8,0.6,2.0,6.968071,LT_OREO VANILLA 110.4/105G_T28_3,1.0
CG_LT,28,,MM HIEP PHU,MM DA NANG,OREO VANILLA 110.4/105G,9,0.6,2.0,7.657128,LT_OREO VANILLA 110.4/105G_T28_5,1.0
CG_LT,29,,MM HIEP PHU,MM AN PHU,OREO VANILLA 110.4/105G,4,0.6,1.675684,4.195624,LT_OREO VANILLA 110.4/105G_T29_5,0.837842
CG_LT,29,,MM HIEP PHU,MM DA NANG,OREO VANILLA 110.4/105G,8,0.6,1.675684,6.666886,LT_OREO VANILLA 110.4/105G_T29_5,0.837842
CG_LT,30,,MM BINH PHU,MM AN PHU,OREO VANILLA 110.4/105G,3,0.6,2.0,3.718632,LT_OREO VANILLA 110.4/105G_T30_4,1.0
CG_LT,30,,MM BINH PHU,MM DA NANG,OREO VANILLA 110.4/105G,5,0.6,2.0,5.038911,LT_OREO VANILLA 110.4/105G_T30_4,1.0
CG_LT,30,,MM HIEP PHU,MM AN PHU,OREO VANILLA 110.4/105G,8,0.6,2.0,7.024006,LT_OREO VANILLA 110.4/105G_T30_4,1.0
CG_LT,30,,MM HIEP PHU,MM DA NANG,OREO VANILLA 110.4/105G,9,0.6,2.0,7.611077,LT_OREO VANILLA 110.4/105G_T30_4,1.0
CG_LT,30,,MM BINH PHU,MM AN PHU,OREO VANILLA 110.4/105G,2,0.6,1.954277,2.861371,LT_OREO VANILLA 110.4/105G_T30_5,0.977139
CG_LT,30,,MM HIEP PHU,MM AN PHU,OREO VANILLA 110.4/105G,2,0.6,1.954277,3.365859,LT_OREO VANILLA 110.4/105G_T30_5,0.977139
CG_LT,30,,MM HIEP PHU,MM DA NANG,OREO VANILLA 110.4/105G,8,0.6,1.954277,6.596927,LT_OREO VANILLA 110.4/105G_T30_5,0.977139
CG_LT,34,,MM BINH PHU,MM HIEP PHU,OREO VANILLA 110.4/105G,2,0.6,2.0,2.947612,LT_OREO VANILLA 110.4/105G_T34_1,1.0
CG_LT,34,,MM DA NANG,MM AN PHU,OREO VANILLA 110.4/105G,1,0.6,2.0,2.691788,LT_OREO VANILLA 110.4/105G_T34_1,1.0
CG_LT,34,,MM DA NANG,MM HIEP PHU,OREO VANILLA 110.4/105G,7,0.6,2.0,6.248774,LT_OREO VANILLA 110.4/105G_T34_2,1.0
CG_LT,34,,MM BINH PHU,MM AN PHU,OREO VANILLA 110.4/105G,0,0.6,0.000766,0.002487,LT_OREO VANILLA 110.4/105G_T34_3,0.000383
CG_LT,34,,MM BINH PHU,MM DA NANG,OREO VANILLA 110.4/105G,0,0.6,0.000766,0.001172,LT_OREO VANILLA 110.4/105G_T34_3,0.000383
CG_LT,34,,MM BINH PHU,MM HIEP PHU,OREO VANILLA 110.4/105G,0,0.6,0.000766,0.00268,LT_OREO VANILLA 110.4/105G_T34_3,0.000383
CG_LT,34,,MM DA NANG,MM AN PHU,OREO VANILLA 110.4/105G,0,0.6,0.000766,0.00166,LT_OREO VANILLA 110.4/105G_T34_3,0.000383
CG_LT,34,,MM BINH PHU,MM AN PHU,OREO VANILLA 110.4/105G,6,0.6,2.0,5.694798,LT_OREO VANILLA 110.4/105G_T34_4,1.0
CG_LT,34,,MM BINH PHU,MM HIEP PHU,OREO VANILLA 110.4/105G,7,0.6,2.0,6.031301,LT_OREO VANILLA 110.4/105G_T34_4,1.0
CG_LT,34,,MM DA NANG,MM AN PHU,OREO VANILLA 110.4/105G,1,0.6,2.0,2.766892,LT_OREO VANILLA 110.4/105G_T34_4,1.0
CG_LT,34,,MM DA NANG,MM HIEP PHU,OREO VANILLA 110.4/105G,3,0.6,2.0,3.751586,LT_OREO VANILLA 110.4/105G_T34_4,1.0
CG_LT,35,,MM BINH PHU,MM AN PHU,OREO VANILLA 110.4/105G,6,0.6,2.0,5.700708,LT_OREO VANILLA 110.4/105G_T35_1,1.0
CG_LT,35,,MM BINH PHU,MM DA NANG,OREO VANILLA 110.4/105G,4,0.6,2.0,4.29202,LT_OREO VANILLA 110.4/105G_T35_1,1.0
CG_LT,35,,MM BINH PHU,MM AN PHU,OREO VANILLA 110.4/105G,7,0.6,2.0,6.29074,LT_OREO VANILLA 110.4/105G_T35_2,1.0
CG_LT,35,,MM BINH PHU,MM DA NANG,OREO VANILLA 110.4/105G,4,0.6,2.0,4.101887,LT_OREO VANILLA 110.4/105G_T35_2,1.0
CG_LT,35,,MM BINH PHU,MM HIEP PHU,OREO VANILLA 110.4/105G,1,0.6,2.0,2.87508,LT_OREO VANILLA 110.4/105G_T35_2,1.0
CG_LT,35,,MM BINH PHU,MM DA NANG,OREO VANILLA 110.4/105G,8,0.6,2.0,6.631759,LT_OREO VANILLA 110.4/105G_T35_3,1.0
CG_LT,35,,MM BINH PHU,MM HIEP PHU,OREO VANILLA 110.4/105G,4,0.6,2.0,4.276532,LT_OREO VANILLA 110.4/105G_T35_3,1.0
CG_LT,35,,MM BINH PHU,MM AN PHU,OREO VANILLA 110.4/105G,9,0.6,2.0,7.335794,LT_OREO VANILLA 110.4/105G_T35_4,1.0
CG_LT,35,,MM BINH PHU,MM DA NANG,OREO VANILLA 110.4/105G,7,0.6,2.0,6.226356,LT_OREO VANILLA 110.4/105G_T35_4,1.0
CG_LT,35,,MM BINH PHU,MM HIEP PHU,OREO VANILLA 110.4/105G,8,0.6,2.0,6.855831,LT_OREO VANILLA 110.4/105G_T35_4,1.0
CG_LT,36,,MM HIEP PHU,MM DA NANG,OREO VANILLA 110.4/105G,7,0.6,2.0,6.096043,LT_OREO VANILLA 110.4/105G_T36_1,1.0
CG_LT,36,,MM BINH PHU,MM DA NANG,OREO VANILLA 110.4/105G,2,0.6,0.79861,2.270367,LT_OREO VANILLA 110.4/105G_T36_5,0.399305
CG_LT,36,,MM HIEP PHU,MM DA NANG,OREO VANILLA 110.4/105G,2,0.6,0.79861,1.934083,LT_OREO VANILLA 110.4/105G_T36_5,0.399305
CG_LT,37,,MM BINH PHU,MM DA NANG,OREO VANILLA 110.4/105G,10,0.6,2.0,7.719911,LT_OREO VANILLA 110.4/105G_T37_1,1.0
CG_LT,37,,MM HIEP PHU,MM AN PHU,OREO VANILLA 110.4/105G,3,0.6,2.0,3.73994,LT_OREO VANILLA 110.4/105G_T37_1,1.0
CG_LT,37,,MM HIEP PHU,MM DA NANG,OREO VANILLA 110.4/105G,6,0.6,2.0,5.33795,LT_OREO VANILLA 110.4/105G_T37_1,1.0
CG_LT,37,,MM BINH PHU,MM AN PHU,OREO VANILLA 110.4/105G,3,0.6,2.0,3.824172,LT_OREO VANILLA 110.4/105G_T37_2,1.0
CG_LT,37,,MM BINH PHU,MM DA NANG,OREO VANILLA 110.4/105G,8,0.6,2.0,6.708015,LT_OREO VANILLA 110.4/105G_T37_2,1.0
CG_LT,37,,MM HIEP PHU,MM AN PHU,OREO VANILLA 110.4/105G,9,0.6,2.0,7.352576,LT_OREO VANILLA 110.4/105G_T37_2,1.0
CG_LT,37,,MM HIEP PHU,MM DA NANG,OREO VANILLA 110.4/105G,3,0.6,2.0,3.805389,LT_OREO VANILLA 110.4/105G_T37_2,1.0
CG_LT,37,,MM HIEP PHU,MM AN PHU,OREO VANILLA 110.4/105G,4,0.6,0.937047,3.517159,LT_OREO VANILLA 110.4/105G_T37_3,0.468523
CG_LT,37,,MM HIEP PHU,MM DA NANG,OREO VANILLA 110.4/105G,4,0.6,0.937047,3.434156,LT_OREO VANILLA 110.4/105G_T37_3,0.468523
CG_LT,37,,MM BINH PHU,MM DA NANG,OREO VANILLA 110.4/105G,6,0.6,2.0,5.722994,LT_OREO VANILLA 110.4/105G_T37_4,1.0
CG_LT,37,,MM HIEP PHU,MM DA NANG,OREO VANILLA 110.4/105G,10,0.6,2.0,7.782785,LT_OREO VANILLA 110.4/105G_T37_4,1.0
CG_LT,37,,MM BINH PHU,MM DA NANG,OREO VANILLA 110.4/105G,5,0.6,2.0,5.042787,LT_OREO VANILLA 110.4/105G_T37_5,1.0
CG_LT,37,,MM HIEP PHU,MM AN PHU,OREO VANILLA 110.4/105G,4,0.6,2.0,4.104137,LT_OREO VANILLA 110.4/105G_T37_5,1.0
CG_LT,38,,MM BINH PHU,MM AN PHU,OREO VANILLA 110.4/105G,4,0.6,1.192518,3.414528,LT_OREO VANILLA 110.4/105G_T38_1,0.596259
CG_LT,38,,MM BINH PHU,MM DA NANG,OREO VANILLA 110.4/105G,1,0.6,1.192518,1.700156,LT_OREO VANILLA 110.4/105G_T38_1,0.596259
CG_LT,38,,MM HIEP PHU,MM AN PHU,OREO VANILLA 110.4/105G,6,0.6,1.192518,4.549045,LT_OREO VANILLA 110.4/105G_T38_1,0.596259
CG_LT,38,,MM HIEP PHU,MM DA NANG,OREO VANILLA 110.4/105G,3,0.6,1.192518,3.045356,LT_OREO VANILLA 110.4/105G_T38_1,0.596259
CG_LT,38,,MM BINH PHU,MM AN PHU,OREO VANILLA 110.4/105G,6,0.6,2.0,5.577991,LT_OREO VANILLA 110.4/105G_T38_2,1.0
CG_LT,38,,MM HIEP PHU,MM AN PHU,OREO VANILLA 110.4/105G,5,0.6,2.0,4.847429,LT_OREO VANILLA 110.4/105G_T38_2,1.0
CG_LT,38,,MM HIEP PHU,MM DA NANG,OREO VANILLA 110.4/105G,5,0.6,2.0,5.243043,LT_OREO VANILLA 110.4/105G_T38_2,1.0
CG_LT,38,,MM BINH PHU,MM DA NANG,OREO VANILLA 110.4/105G,8,0.6,2.0,6.914434,LT_OREO VANILLA 110.4/105G_T38_4,1.0
CG_LT,38,,MM HIEP PHU,MM AN PHU,OREO VANILLA 110.4/105G,2,0.6,2.0,3.344426,LT_OREO VANILLA 110.4/105G_T38_4,1.0
CG_LT,38,,MM HIEP PHU,MM DA NANG,OREO VANILLA 110.4/105G,6,0.6,2.0,5.555738,LT_OREO VANILLA 110.4/105G_T38_4,1.0
CG_LT,38,,MM BINH PHU,MM AN PHU,OREO VANILLA 110.4/105G,7,0.6,2.0,6.014011,LT_OREO VANILLA 110.4/105G_T38_5,1.0
CG_LT,38,,MM BINH PHU,MM DA NANG,OREO VANILLA 110.4/105G,8,0.6,2.0,6.510412,LT_OREO VANILLA 110.4/105G_T38_5,1.0
CG_LT,39,,MM BINH PHU,MM AN PHU,OREO VANILLA 110.4/105G,2,0.6,2.0,3.147826,LT_OREO VANILLA 110.4/105G_T39_1,1.0
CG_LT,39,,MM BINH PHU,MM DA NANG,OREO VANILLA 110.4/105G,3,0.6,2.0,3.975872,LT_OREO VANILLA 110.4/105G_T39_1,1.0
CG_LT,39,,MM HIEP PHU,MM AN PHU,OREO VANILLA 110.4/105G,4,0.6,2.0,4.396023,LT_OREO VANILLA 110.4/105G_T39_1,1.0
CG_LT,39,,MM HIEP PHU,MM DA NANG,OREO VANILLA 110.4/105G,7,0.6,2.0,5.926875,LT_OREO VANILLA 110.4/105G_T39_1,1.0
CG_LT,39,,MM BINH PHU,MM DA NANG,OREO VANILLA 110.4/105G,0,0.6,0.319959,0.594719,LT_OREO VANILLA 110.4/105G_T39_2,0.159979
CG_LT,39,,MM HIEP PHU,MM AN PHU,OREO VANILLA 110.4/105G,1,0.6,0.319959,0.977901,LT_OREO VANILLA 110.4/105G_T39_2,0.159979
CG_LT,39,,MM BINH PHU,MM AN PHU,OREO VANILLA 110.4/105G,4,0.6,2.0,4.362066,LT_OREO VANILLA 110.4/105G_T39_4,1.0
CG_LT,39,,MM BINH PHU,MM DA NANG,OREO VANILLA 110.4/105G,4,0.6,2.0,4.603242,LT_OREO VANILLA 110.4/105G_T39_4,1.0
CG_LT,39,,MM HIEP PHU,MM AN PHU,OREO VANILLA 110.4/105G,5,0.6,2.0,5.193378,LT_OREO VANILLA 110.4/105G_T39_4,1.0
CG_LT,39,,MM HIEP PHU,MM DA NANG,OREO VANILLA 110.4/105G,7,0.6,2.0,6.48667,LT_OREO VANILLA 110.4/105G_T39_4,1.0
CG_LT,39,,MM BINH PHU,MM AN PHU,OREO VANILLA 110.4/105G,8,0.6,2.0,6.978494,LT_OREO VANILLA 110.4/105G_T39_5,1.0
CG_LT,39,,MM BINH PHU,MM DA NANG,OREO VANILLA 110.4/105G,10,0.6,2.0,7.956762,LT_OREO VANILLA 110.4/105G_T39_5,1.0
CG_LT,39,,MM HIEP PHU,MM AN PHU,OREO VANILLA 110.4/105G,2,0.6,2.0,3.153316,LT_OREO VANILLA 110.4/105G_T39_5,1.0
CG_LT,39,,MM HIEP PHU,MM DA NANG,OREO VANILLA 110.4/105G,4,0.6,2.0,4.185794,LT_OREO VANILLA 110.4/105G_T39_5,1.0
CG_LT,3,,MM BINH PHU,MM AN PHU,OREO VANILLA 110.4/105G,9,0.6,2.0,7.175673,LT_OREO VANILLA 110.4/105G_T3_3,1.0
CG_LT,3,,MM BINH PHU,MM AN PHU,OREO VANILLA 110.4/105G,7,0.6,1.562817,5.464505,LT_OREO VANILLA 110.4/105G_T3_5,0.781409
CG_LT,3,,MM DA NANG,MM AN PHU,OREO VANILLA 110.4/105G,4,0.6,1.562817,3.950864,LT_OREO VANILLA 110.4/105G_T3_5,0.781409
CG_LT,3,,MM HIEP PHU,MM AN PHU,OREO VANILLA 110.4/105G,8,0.6,1.562817,6.18221,LT_OREO VANILLA 110.4/105G_T3_5,0.781409
CG_LT,40,,MM BINH PHU,MM DA NANG,OREO VANILLA 110.4/105G,5,0.6,2.0,4.751592,LT_OREO VANILLA 110.4/105G_T40_1,1.0
CG_LT,40,,MM BINH PHU,MM HIEP PHU,OREO VANILLA 110.4/105G,7,0.6,2.0,5.973658,LT_OREO VANILLA 110.4/105G_T40_1,1.0
CG_LT,40,,MM BINH PHU,MM AN PHU,OREO VANILLA 110.4/105G,5,0.6,2.0,5.186245,LT_OREO VANILLA 110.4/105G_T40_2,1.0
CG_LT,40,,MM BINH PHU,MM HIEP PHU,OREO VANILLA 110.4/105G,7,0.6,2.0,5.919202,LT_OREO VANILLA 110.4/105G_T40_2,1.0
CG_LT,40,,MM BINH PHU,MM AN PHU,OREO VANILLA 110.4/105G,9,0.6,2.0,7.200233,LT_OREO VANILLA 110.4/105G_T40_3,1.0
CG_LT,40,,MM BINH PHU,MM DA NANG,OREO VANILLA 110.4/105G,7,0.6,2.0,6.31311,LT_OREO VANILLA 110.4/105G_T40_3,1.0
CG_LT,40,,MM BINH PHU,MM AN PHU,OREO VANILLA 110.4/105G,8,0.6,2.0,7.014135,LT_OREO VANILLA 110.4/105G_T40_4,1.0
CG_LT,40,,MM BINH PHU,MM AN PHU,OREO VANILLA 110.4/105G,7,0.6,2.0,6.431035,LT_OREO VANILLA 110.4/105G_T40_5,1.0
CG_LT,44,,MM AN PHU,MM DA NANG,OREO VANILLA 110.4/105G,5,0.6,1.528872,4.296714,LT_OREO VANILLA 110.4/105G_T44_1,0.764436
CG_LT,44,,MM AN PHU,MM HIEP PHU,OREO VANILLA 110.4/105G,1,0.6,1.528872,2.185002,LT_OREO VANILLA 110.4/105G_T44_1,0.764436
CG_LT,44,,MM BINH PHU,MM DA NANG,OREO VANILLA 110.4/105G,4,0.6,1.528872,4.219942,LT_OREO VANILLA 110.4/105G_T44_1,0.764436
CG_LT,44,,MM BINH PHU,MM HIEP PHU,OREO VANILLA 110.4/105G,2,0.6,1.528872,2.910587,LT_OREO VANILLA 110.4/105G_T44_1,0.764436
CG_LT,44,,MM BINH PHU,MM DA NANG,OREO VANILLA 110.4/105G,8,0.6,2.0,6.945042,LT_OREO VANILLA 110.4/105G_T44_3,1.0
CG_LT,44,,MM BINH PHU,MM HIEP PHU,OREO VANILLA 110.4/105G,7,0.6,2.0,5.900343,LT_OREO VANILLA 110.4/105G_T44_3,1.0
CG_LT,44,,MM AN PHU,MM DA NANG,OREO VANILLA 110.4/105G,4,0.6,2.0,4.348161,LT_OREO VANILLA 110.4/105G_T44_5,1.0
CG_LT,44,,MM AN PHU,MM HIEP PHU,OREO VANILLA 110.4/105G,1,0.6,2.0,2.827867,LT_OREO VANILLA 110.4/105G_T44_5,1.0
CG_LT,44,,MM BINH PHU,MM DA NANG,OREO VANILLA 110.4/105G,10,0.6,2.0,7.99748,LT_OREO VANILLA 110.4/105G_T44_5,1.0
CG_LT,44,,MM BINH PHU,MM HIEP PHU,OREO VANILLA 110.4/105G,2,0.6,2.0,3.2046,LT_OREO VANILLA 110.4/105G_T44_5,1.0
CG_LT,45,,MM AN PHU,MM DA NANG,OREO VANILLA 110.4/105G,9,0.6,1.890332,7.30543,LT_OREO VANILLA 110.4/105G_T45_1,0.945166
CG_LT,45,,MM AN PHU,MM HIEP PHU,OREO VANILLA 110.4/105G,7,0.6,1.890332,5.803963,LT_OREO VANILLA 110.4/105G_T45_1,0.945166
CG_LT,45,,MM BINH PHU,MM DA NANG,OREO VANILLA 110.4/105G,2,0.6,1.890332,3.33865,LT_OREO VANILLA 110.4/105G_T45_1,0.945166
CG_LT,45,,MM BINH PHU,MM HIEP PHU,OREO VANILLA 110.4/105G,2,0.6,1.890332,3.16356,LT_OREO VANILLA 110.4/105G_T45_1,0.945166
CG_LT,45,,MM AN PHU,MM DA NANG,OREO VANILLA 110.4/105G,4,0.6,2.0,4.518467,LT_OREO VANILLA 110.4/105G_T45_2,1.0
CG_LT,45,,MM AN PHU,MM HIEP PHU,OREO VANILLA 110.4/105G,2,0.6,2.0,3.224359,LT_OREO VANILLA 110.4/105G_T45_2,1.0
CG_LT,45,,MM BINH PHU,MM DA NANG,OREO VANILLA 110.4/105G,8,0.6,2.0,6.950686,LT_OREO VANILLA 110.4/105G_T45_2,1.0
CG_LT,45,,MM BINH PHU,MM HIEP PHU,OREO VANILLA 110.4/105G,7,0.6,2.0,6.448748,LT_OREO VANILLA 110.4/105G_T45_2,1.0
CG_LT,45,,MM BINH PHU,MM DA NANG,OREO VANILLA 110.4/105G,9,0.6,2.0,7.597746,LT_OREO VANILLA 110.4/105G_T45_3,1.0
CG_LT,45,,MM AN PHU,MM DA NANG,OREO VANILLA 110.4/105G,10,0.6,2.0,7.850337,LT_OREO VANILLA 110.4/105G_T45_5,1.0
CG_LT,45,,MM AN PHU,MM HIEP PHU,OREO VANILLA 110.4/105G,8,0.6,2.0,6.931241,LT_OREO VANILLA 110.4/105G_T45_5,1.0
CG_LT,45,,MM BINH PHU,MM DA NANG,OREO VANILLA 110.4/105G,5,0.6,2.0,5.024673,LT_OREO VANILLA 110.4/105G_T45_5,1.0
CG_LT,46,,MM BINH PHU,MM AN PHU,OREO VANILLA 110.4/105G,8,0.6,2.0,7.000755,LT_OREO VANILLA 110.4/105G_T46_3,1.0
CG_LT,46,,MM BINH PHU,MM DA NANG,OREO VANILLA 110.4/105G,9,0.6,2.0,7.614314,LT_OREO VANILLA 110.4/105G_T46_3,1.0
CG_LT,46,,MM HIEP PHU,MM DA NANG,OREO VANILLA 110.4/105G,4,0.6,2.0,4.260595,LT_OREO VANILLA 110.4/105G_T46_3,1.0
CG_LT,47,,MM BINH PHU,MM AN PHU,OREO VANILLA 110.4/105G,9,0.6,2.0,7.61486,LT_OREO VANILLA 110.4/105G_T47_2,1.0
CG_LT,47,,MM BINH PHU,MM DA NANG,OREO VANILLA 110.4/105G,3,0.6,2.0,4.009323,LT_OREO VANILLA 110.4/105G_T47_2,1.0
CG_LT,47,,MM BINH PHU,MM AN PHU,OREO VANILLA 110.4/105G,8,0.6,2.0,6.565215,LT_OREO VANILLA 110.4/105G_T47_3,1.0
CG_LT,47,,MM BINH PHU,MM HIEP PHU,OREO VANILLA 110.4/105G,9,0.6,2.0,7.328439,LT_OREO VANILLA 110.4/105G_T47_3,1.0
CG_LT,47,,MM BINH PHU,MM AN PHU,OREO VANILLA 110.4/105G,3,0.6,2.0,3.595104,LT_OREO VANILLA 110.4/105G_T47_5,1.0
CG_LT,47,,MM BINH PHU,MM DA NANG,OREO VANILLA 110.4/105G,6,0.6,2.0,5.661522,LT_OREO VANILLA 110.4/105G_T47_5,1.0
CG_LT,47,,MM BINH PHU,MM HIEP PHU,OREO VANILLA 110.4/105G,5,0.6,2.0,4.797157,LT_OREO VANILLA 110.4/105G_T47_5,1.0
CG_LT,48,,MM HIEP PHU,MM DA NANG,OREO VANILLA 110.4/105G,9,0.6,2.0,7.326391,LT_OREO VANILLA 110.4/105G_T48_2,1.0
CG_LT,48,,MM HIEP PHU,MM AN PHU,OREO VANILLA 110.4/105G,2,0.6,0.787667,1.939621,LT_OREO VANILLA 110.4/105G_T48_3,0.393833
CG_LT,48,,MM HIEP PHU,MM DA NANG,OREO VANILLA 110.4/105G,3,0.6,0.787667,2.768055,LT_OREO VANILLA 110.4/105G_T48_3,0.393833
CG_LT,48,,MM BINH PHU,MM AN PHU,OREO VANILLA 110.4/105G,2,0.6,2.0,3.155728,LT_OREO VANILLA 110.4/105G_T48_4,1.0
CG_LT,48,,MM BINH PHU,MM DA NANG,OREO VANILLA 110.4/105G,7,0.6,2.0,6.289578,LT_OREO VANILLA 110.4/105G_T48_4,1.0
CG_LT,48,,MM HIEP PHU,MM DA NANG,OREO VANILLA 110.4/105G,7,0.6,2.0,6.003641,LT_OREO VANILLA 110.4/105G_T48_4,1.0
CG_LT,49,,MM BINH PHU,MM DA NANG,OREO VANILLA 110.4/105G,4,0.6,2.0,4.51107,LT_OREO VANILLA 110.4/105G_T49_3,1.0
CG_LT,49,,MM HIEP PHU,MM AN PHU,OREO VANILLA 110.4/105G,7,0.6,2.0,6.49498,LT_OREO VANILLA 110.4/105G_T49_3,1.0
CG_LT,49,,MM HIEP PHU,MM DA NANG,OREO VANILLA 110.4/105G,9,0.6,2.0,7.386088,LT_OREO VANILLA 110.4/105G_T49_3,1.0
CG_LT,49,,MM BINH PHU,MM AN PHU,OREO VANILLA 110.4/105G,3,0.6,0.747934,2.733784,LT_OREO VANILLA 110.4/105G_T49_5,0.373967
CG_LT,49,,MM BINH PHU,MM DA NANG,OREO VANILLA 110.4/105G,3,0.6,0.747934,2.449044,LT_OREO VANILLA 110.4/105G_T49_5,0.373967
CG_LT,49,,MM HIEP PHU,MM AN PHU,OREO VANILLA 110.4/105G,1,0.6,0.747934,1.548641,LT_OREO VANILLA 110.4/105G_T49_5,0.373967
CG_LT,49,,MM HIEP PHU,MM DA NANG,OREO VANILLA 110.4/105G,3,0.6,0.747934,2.549666,LT_OREO VANILLA 110.4/105G_T49_5,0.373967
CG_LT,50,,MM BINH PHU,MM AN PHU,OREO VANILLA 110.4/105G,8,0.6,2.0,6.575052,LT_OREO VANILLA 110.4/105G_T50_1,1.0
CG_LT,50,,MM BINH PHU,MM DA NANG,OREO VANILLA 110.4/105G,7,0.6,2.0,6.189773,LT_OREO VANILLA 110.4/105G_T50_1,1.0
CG_LT,50,,MM HIEP PHU,MM AN PHU,OREO VANILLA 110.4/105G,6,0.6,2.0,5.310398,LT_OREO VANILLA 110.4/105G_T50_1,1.0
CG_LT,50,,MM HIEP PHU,MM DA NANG,OREO VANILLA 110.4/105G,6,0.6,2.0,5.855782,LT_OREO VANILLA 110.4/105G_T50_1,1.0
CG_LT,50,,MM HIEP PHU,MM DA NANG,OREO VANILLA 110.4/105G,5,0.6,2.0,4.912071,LT_OREO VANILLA 110.4/105G_T50_2,1.0
CG_LT,50,,MM BINH PHU,MM AN PHU,OREO VANILLA 110.4/105G,4,0.6,1.191861,3.825606,LT_OREO VANILLA 110.4/105G_T50_3,0.595931
CG_LT,50,,MM BINH PHU,MM DA NANG,OREO VANILLA 110.4/105G,3,0.6,1.191861,2.782709,LT_OREO VANILLA 110.4/105G_T50_3,0.595931
CG_LT,50,,MM HIEP PHU,MM AN PHU,OREO VANILLA 110.4/105G,5,0.6,1.191861,4.034088,LT_OREO VANILLA 110.4/105G_T50_3,0.595931
CG_LT,50,,MM HIEP PHU,MM DA NANG,OREO VANILLA 110.4/105G,4,0.6,1.191861,3.573422,LT_OREO VANILLA 110.4/105G_T50_3,0.595931
CG_LT,50,,MM BINH PHU,MM DA NANG,OREO VANILLA 110.4/105G,9,0.6,2.0,7.103085,LT_OREO VANILLA 110.4/105G_T50_5,1.0
CG_LT,50,,MM HIEP PHU,MM AN PHU,OREO VANILLA 110.4/105G,8,0.6,2.0,6.815806,LT_OREO VANILLA 110.4/105G_T50_5,1.0
CG_LT,50,,MM HIEP PHU,MM DA NANG,OREO VANILLA 110.4/105G,6,0.6,2.0,5.366881,LT_OREO VANILLA 110.4/105G_T50_5,1.0
CG_LT,52,,MM BINH PHU,MM DA NANG,OREO VANILLA 110.4/105G,7,0.6,2.0,6.092241,LT_OREO VANILLA 110.4/105G_T52_1,1.0
CG_LT,52,,MM BINH PHU,MM DA NANG,OREO VANILLA 110.4/105G,8,0.6,2.0,6.606447,LT_OREO VANILLA 110.4/105G_T52_2,1.0
CG_LT,52,,MM BINH PHU,MM DA NANG,OREO VANILLA 110.4/105G,2,0.6,1.665071,3.100627,LT_OREO VANILLA 110.4/105G_T52_3,0.832535
CG_LT,52,,MM HIEP PHU,MM DA NANG,OREO VANILLA 110.4/105G,7,0.6,1.665071,6.091675,LT_OREO VANILLA 110.4/105G_T52_3,0.832535
CG_LT,52,,MM HIEP PHU,MM DA NANG,OREO VANILLA 110.4/105G,6,0.6,2.0,5.633474,LT_OREO VANILLA 110.4/105G_T52_4,1.0
CG_LT,53,,MM HIEP PHU,MM DA NANG,OREO VANILLA 110.4/105G,1,0.6,0.54859,1.087223,LT_OREO VANILLA 110.4/105G_T53_1,0.274295
CG_LT,53,,MM BINH PHU,MM AN PHU,OREO VANILLA 110.4/105G,6,0.6,2.0,5.870299,LT_OREO VANILLA 110.4/105G_T53_4,1.0
CG_LT,53,,MM BINH PHU,MM DA NANG,OREO VANILLA 110.4/105G,1,0.6,2.0,2.650787,LT_OREO VANILLA 110.4/105G_T53_4,1.0
CG_LT,53,,MM HIEP PHU,MM DA NANG,OREO VANILLA 110.4/105G,10,0.6,2.0,7.983885,LT_OREO VANILLA 110.4/105G_T53_4,1.0
CG_LT,53,,MM BINH PHU,MM DA NANG,OREO VANILLA 110.4/105G,4,0.6,2.0,4.629943,LT_OREO VANILLA 110.4/105G_T53_5,1.0
CG_LT,53,,MM HIEP PHU,MM AN PHU,OREO VANILLA 110.4/105G,2,0.6,2.0,3.340374,LT_OREO VANILLA 110.4/105G_T53_5,1.0
CG_LT,53,,MM HIEP PHU,MM DA NANG,OREO VANILLA 110.4/105G,9,0.6,2.0,7.575564,LT_OREO VANILLA 110.4/105G_T53_5,1.0
CG_LT,54,,MM BINH PHU,MM DA NANG,OREO VANILLA 110.4/105G,9,0.6,1.784457,7.073955,LT_OREO VANILLA 110.4/105G_T54_5,0.892228
CG_LT,55,,MM BINH PHU,MM AN PHU,OREO VANILLA 110.4/105G,6,0.6,2.0,5.305611,LT_OREO VANILLA 110.4/105G_T55_1,1.0
CG_LT,55,,MM BINH PHU,MM DA NANG,OREO VANILLA 110.4/105G,10,0.6,2.0,7.994869,LT_OREO VANILLA 110.4/105G_T55_1,1.0
CG_LT,55,,MM HIEP PHU,MM AN PHU,OREO VANILLA 110.4/105G,8,0.6,2.0,6.892688,LT_OREO VANILLA 110.4/105G_T55_1,1.0
CG_LT,55,,MM HIEP PHU,MM DA NANG,OREO VANILLA 110.4/105G,10,0.6,2.0,7.76093,LT_OREO VANILLA 110.4/105G_T55_1,1.0
CG_LT,55,,MM BINH PHU,MM AN PHU,OREO VANILLA 110.4/105G,1,0.6,2.0,2.622909,LT_OREO VANILLA 110.4/105G_T55_2,1.0
CG_LT,55,,MM BINH PHU,MM DA NANG,OREO VANILLA 110.4/105G,8,0.6,2.0,6.626167,LT_OREO VANILLA 110.4/105G_T55_2,1.0
CG_LT,55,,MM HIEP PHU,MM AN PHU,OREO VANILLA 110.4/105G,3,0.6,2.0,3.869214,LT_OREO VANILLA 110.4/105G_T55_2,1.0
CG_LT,55,,MM HIEP PHU,MM DA NANG,OREO VANILLA 110.4/105G,3,0.6,2.0,3.881178,LT_OREO VANILLA 110.4/105G_T55_2,1.0
CG_LT,55,,MM BINH PHU,MM AN PHU,OREO VANILLA 110.4/105G,8,0.6,2.0,6.985732,LT_OREO VANILLA 110.4/105G_T55_3,1.0
CG_LT,55,,MM HIEP PHU,MM AN PHU,OREO VANILLA 110.4/105G,2,0.6,2.0,3.30066,LT_OREO VANILLA 110.4/105G_T55_3,1.0
CG_LT,55,,MM HIEP PHU,MM DA NANG,OREO VANILLA 110.4/105G,7,0.6,2.0,6.350976,LT_OREO VANILLA 110.4/105G_T55_3,1.0
CG_LT,55,,MM BINH PHU,MM AN PHU,OREO VANILLA 110.4/105G,6,0.6,2.0,5.623878,LT_OREO VANILLA 110.4/105G_T55_4,1.0
CG_LT,55,,MM HIEP PHU,MM AN PHU,OREO VANILLA 110.4/105G,6,0.6,2.0,5.899885,LT_OREO VANILLA 110.4/105G_T55_4,1.0
CG_LT,55,,MM BINH PHU,MM AN PHU,OREO VANILLA 110.4/105G,6,0.6,2.0,5.44525,LT_OREO VANILLA 110.4/105G_T55_5,1.0
CG_LT,55,,MM BINH PHU,MM DA NANG,OREO VANILLA 110.4/105G,9,0.6,2.0,7.235144,LT_OREO VANILLA 110.4/105G_T55_5,1.0
CG_LT,55,,MM HIEP PHU,MM AN PHU,OREO VANILLA 110.4/105G,4,0.6,2.0,4.104475,LT_OREO VANILLA 110.4/105G_T55_5,1.0
CG_LT,55,,MM HIEP PHU,MM DA NANG,OREO VANILLA 110.4/105G,4,0.6,2.0,4.552983,LT_OREO VANILLA 110.4/105G_T55_5,1.0
CG_LT,5,,MM BINH PHU,MM AN PHU,OREO VANILLA 110.4/105G,7,0.6,2.0,6.296503,LT_OREO VANILLA 110.4/105G_T5_1,1.0
CG_LT,5,,MM BINH PHU,MM DA NANG,OREO VANILLA 110.4/105G,2,0.6,2.0,2.935475,LT_OREO VANILLA 110.4/105G_T5_1,1.0
CG_LT,5,,MM HIEP PHU,MM AN PHU,OREO VANILLA 110.4/105G,6,0.6,2.0,5.523051,LT_OREO VANILLA 110.4/105G_T5_1,1.0
CG_LT,5,,MM HIEP PHU,MM DA NANG,OREO VANILLA 110.4/105G,6,0.6,2.0,5.481481,LT_OREO VANILLA 110.4/105G_T5_1,1.0
CG_LT,5,,MM BINH PHU,MM AN PHU,OREO VANILLA 110.4/105G,9,0.6,2.0,7.211853,LT_OREO VANILLA 110.4/105G_T5_2,1.0
CG_LT,5,,MM BINH PHU,MM DA NANG,OREO VANILLA 110.4/105G,8,0.6,2.0,6.958646,LT_OREO VANILLA 110.4/105G_T5_2,1.0
CG_LT,5,,MM HIEP PHU,MM AN PHU,OREO VANILLA 110.4/105G,7,0.6,2.0,6.315341,LT_OREO VANILLA 110.4/105G_T5_2,1.0
CG_LT,5,,MM HIEP PHU,MM DA NANG,OREO VANILLA 110.4/105G,5,0.6,2.0,5.234261,LT_OREO VANILLA 110.4/105G_T5_2,1.0
CG_LT,5,,MM HIEP PHU,MM AN PHU,OREO VANILLA 110.4/105G,2,0.6,2.0,3.444599,LT_OREO VANILLA 110.4/105G_T5_3,1.0
CG_LT,5,,MM BINH PHU,MM AN PHU,OREO VANILLA 110.4/105G,8,0.6,2.0,6.519276,LT_OREO VANILLA 110.4/105G_T5_4,1.0
CG_LT,5,,MM HIEP PHU,MM AN PHU,OREO VANILLA 110.4/105G,10,0.6,2.0,7.805723,LT_OREO VANILLA 110.4/105G_T5_4,1.0
CG_LT,5,,MM HIEP PHU,MM DA NANG,OREO VANILLA 110.4/105G,9,0.6,2.0,7.143988,LT_OREO VANILLA 110.4/105G_T5_4,1.0
CG_LT,5,,MM BINH PHU,MM AN PHU,OREO VANILLA 110.4/105G,4,0.6,0.874969,3.124502,LT_OREO VANILLA 110.4/105G_T5_5,0.437485
CG_LT,5,,MM BINH PHU,MM DA NANG,OREO VANILLA 110.4/105G,4,0.6,0.874969,3.183683,LT_OREO VANILLA 110.4/105G_T5_5,0.437485
CG_LT,5,,MM HIEP PHU,MM AN PHU,OREO VANILLA 110.4/105G,3,0.6,0.874969,2.817212,LT_OREO VANILLA 110.4/105G_T5_5,0.437485
CG_LT,5,,MM HIEP PHU,MM DA NANG,OREO VANILLA 110.4/105G,4,0.6,0.874969,3.071114,LT_OREO VANILLA 110.4/105G_T5_5,0.437485
CG_LT,62,,MM HIEP PHU,MM AN PHU,OREO VANILLA 110.4/105G,8,0.6,2.0,6.780869,LT_OREO VANILLA 110.4/105G_T62_1,1.0
CG_LT,62,,MM BINH PHU,MM AN PHU,OREO VANILLA 110.4/105G,9,0.6,2.0,7.589245,LT_OREO VANILLA 110.4/105G_T62_3,1.0
CG_LT,62,,MM HIEP PHU,MM AN PHU,OREO VANILLA 110.4/105G,2,0.6,2.0,3.151917,LT_OREO VANILLA 110.4/105G_T62_3,1.0
CG_LT,64,,MM BINH PHU,MM AN PHU,OREO VANILLA 110.4/105G,9,0.6,2.0,7.3747,LT_OREO VANILLA 110.4/105G_T64_1,1.0
CG_LT,64,,MM HIEP PHU,MM DA NANG,OREO VANILLA 110.4/105G,10,0.6,2.0,7.89346,LT_OREO VANILLA 110.4/105G_T64_1,1.0
CG_LT,64,,MM HIEP PHU,MM DA NANG,OREO VANILLA 110.4/105G,9,0.6,2.0,7.542747,LT_OREO VANILLA 110.4/105G_T64_2,1.0
CG_LT,64,,MM BINH PHU,MM DA NANG,OREO VANILLA 110.4/105G,5,0.6,2.0,5.263425,LT_OREO VANILLA 110.4/105G_T64_3,1.0
CG_LT,64,,MM HIEP PHU,MM AN PHU,OREO VANILLA 110.4/105G,7,0.6,2.0,6.252126,LT_OREO VANILLA 110.4/105G_T64_3,1.0
CG_LT,64,,MM HIEP PHU,MM DA NANG,OREO VANILLA 110.4/105G,8,0.6,2.0,6.872334,LT_OREO VANILLA 110.4/105G_T64_3,1.0
CG_LT,64,,MM BINH PHU,MM AN PHU,OREO VANILLA 110.4/105G,9,0.6,2.0,7.231181,LT_OREO VANILLA 110.4/105G_T64_4,1.0
CG_LT,64,,MM BINH PHU,MM DA NANG,OREO VANILLA 110.4/105G,7,0.6,2.0,6.451571,LT_OREO VANILLA 110.4/105G_T64_4,1.0
CG_LT,64,,MM HIEP PHU,MM AN PHU,OREO VANILLA 110.4/105G,8,0.6,2.0,6.726624,LT_OREO VANILLA 110.4/105G_T64_4,1.0
CG_LT,64,,MM HIEP PHU,MM DA NANG,OREO VANILLA 110.4/105G,8,0.6,2.0,6.66512,LT_OREO VANILLA 110.4/105G_T64_4,1.0
CG_LT,64,,MM HIEP PHU,MM AN PHU,OREO VANILLA 110.4/105G,2,0.6,2.0,3.316867,LT_OREO VANILLA 110.4/105G_T64_5,1.0
CG_LT,64,,MM HIEP PHU,MM DA NANG,OREO VANILLA 110.4/105G,4,0.6,2.0,4.354373,LT_OREO VANILLA 110.4/105G_T64_5,1.0
CG_LT,65,,MM BINH PHU,MM AN PHU,OREO VANILLA 110.4/105G,6,0.6,2.0,5.602485,LT_OREO VANILLA 110.4/105G_T65_5,1.0
CG_LT,65,,MM HIEP PHU,MM AN PHU,OREO VANILLA 110.4/105G,6,0.6,2.0,5.757546,LT_OREO VANILLA 110.4/105G_T65_5,1.0
CG_LT,65,,MM HIEP PHU,MM DA NANG,OREO VANILLA 110.4/105G,4,0.6,2.0,4.440794,LT_OREO VANILLA 110.4/105G_T65_5,1.0
CG_LT,68,,MM BINH PHU,MM AN PHU,OREO VANILLA 110.4/105G,3,0.6,0.637217,2.187276,LT_OREO VANILLA 110.4/105G_T68_1,0.318609
CG_LT,68,,MM BINH PHU,MM HIEP PHU,OREO VANILLA 110.4/105G,2,0.6,0.637217,1.93539,LT_OREO VANILLA 110.4/105G_T68_1,0.318609
CG_LT,68,,MM DA NANG,MM AN PHU,OREO VANILLA 110.4/105G,0,0.6,0.637217,0.857637,LT_OREO VANILLA 110.4/105G_T68_1,0.318609
CG_LT,68,,MM BINH PHU,MM AN PHU,OREO VANILLA 110.4/105G,7,0.6,2.0,6.457723,LT_OREO VANILLA 110.4/105G_T68_4,1.0
CG_LT,68,,MM BINH PHU,MM HIEP PHU,OREO VANILLA 110.4/105G,2,0.6,2.0,3.005347,LT_OREO VANILLA 110.4/105G_T68_4,1.0
CG_LT,68,,MM DA NANG,MM AN PHU,OREO VANILLA 110.4/105G,9,0.6,2.0,7.236916,LT_OREO VANILLA 110.4/105G_T68_4,1.0
CG_LT,68,,MM DA NANG,MM HIEP PHU,OREO VANILLA 110.4/105G,5,0.6,2.0,4.750225,LT_OREO VANILLA 110.4/105G_T68_4,1.0
CG_LT,68,,MM DA NANG,MM AN PHU,OREO VANILLA 110.4/105G,3,0.6,2.0,4.016509,LT_OREO VANILLA 110.4/105G_T68_5,1.0
CG_LT,6,,MM BINH PHU,MM AN PHU,OREO VANILLA 110.4/105G,4,0.6,1.456255,4.137929,LT_OREO VANILLA 110.4/105G_T6_4,0.728128
CG_LT,6,,MM HIEP PHU,MM AN PHU,OREO VANILLA 110.4/105G,3,0.6,1.456255,3.329862,LT_OREO VANILLA 110.4/105G_T6_4,0.728128
CG_LT,75,,MM HIEP PHU,MM AN PHU,OREO VANILLA 110.4/105G,10,0.6,2.0,7.904129,LT_OREO VANILLA 110.4/105G_T75_1,1.0
CG_LT,75,,MM BINH PHU,MM AN PHU,OREO VANILLA 110.4/105G,7,0.6,1.67392,5.940522,LT_OREO VANILLA 110.4/105G_T75_2,0.83696
CG_LT,75,,MM DA NANG,MM AN PHU,OREO VANILLA 110.4/105G,2,0.6,1.67392,3.106243,LT_OREO VANILLA 110.4/105G_T75_2,0.83696
CG_LT,75,,MM HIEP PHU,MM AN PHU,OREO VANILLA 110.4/105G,5,0.6,1.67392,4.555777,LT_OREO VANILLA 110.4/105G_T75_2,0.83696
CG_LT,75,,MM DA NANG,MM AN PHU,OREO VANILLA 110.4/105G,3,0.6,2.0,3.650098,LT_OREO VANILLA 110.4/105G_T75_3,1.0
CG_LT,75,,MM HIEP PHU,MM AN PHU,OREO VANILLA 110.4/105G,10,0.6,2.0,7.949837,LT_OREO VANILLA 110.4/105G_T75_3,1.0
CG_LT,75,,MM HIEP PHU,MM AN PHU,OREO VANILLA 110.4/105G,6,0.6,2.0,5.442357,LT_OREO VANILLA 110.4/105G_T75_5,1.0
CG_LT,79,,MM AN PHU,MM DA NANG,OREO VANILLA 110.4/105G,5,0.6,1.333396,4.600288,LT_OREO VANILLA 110.4/105G_T79_4,0.666698
CG_LT,79,,MM BINH PHU,MM DA NANG,OREO VANILLA 110.4/105G,6,0.6,1.333396,5.087844,LT_OREO VANILLA 110.4/105G_T79_4,0.666698
CG_LT,79,,MM HIEP PHU,MM DA NANG,OREO VANILLA 110.4/105G,4,0.6,1.333396,3.66023,LT_OREO VANILLA 110.4/105G_T79_4,0.666698
CG_LT,79,,MM AN PHU,MM DA NANG,OREO VANILLA 110.4/105G,8,0.6,2.0,6.863774,LT_OREO VANILLA 110.4/105G_T79_5,1.0
CG_LT,79,,MM BINH PHU,MM DA NANG,OREO VANILLA 110.4/105G,8,0.6,2.0,6.968254,LT_OREO VANILLA 110.4/105G_T79_5,1.0
CG_LT,79,,MM HIEP PHU,MM DA NANG,OREO VANILLA 110.4/105G,10,0.6,2.0,7.717399,LT_OREO VANILLA 110.4/105G_T79_5,1.0
CG_LT,80,,MM BINH PHU,MM DA NANG,OREO VANILLA 110.4/105G,1,0.6,0.153602,0.602241,LT_OREO VANILLA 110.4/105G_T80_2,0.076801
CG_LT,81,,MM BINH PHU,MM AN PHU,OREO VANILLA 110.4/105G,8,0.6,2.0,7.099134,LT_OREO VANILLA 110.4/105G_T81_2,1.0
CG_LT,81,,MM DA NANG,MM AN PHU,OREO VANILLA 110.4/105G,5,0.6,2.0,5.24828,LT_OREO VANILLA 110.4/105G_T81_2,1.0
CG_LT,81,,MM HIEP PHU,MM AN PHU,OREO VANILLA 110.4/105G,7,0.6,2.0,6.165102,LT_OREO VANILLA 110.4/105G_T81_2,1.0
CG_LT,81,,MM BINH PHU,MM AN PHU,OREO VANILLA 110.4/105G,2,0.6,1.973633,3.109595,LT_OREO VANILLA 110.4/105G_T81_3,0.986816
CG_LT,81,,MM DA NANG,MM AN PHU,OREO VANILLA 110.4/105G,7,0.6,1.973633,6.395904,LT_OREO VANILLA 110.4/105G_T81_3,0.986816
CG_LT,81,,MM HIEP PHU,MM AN PHU,OREO VANILLA 110.4/105G,6,0.6,1.973633,5.450572,LT_OREO VANILLA 110.4/105G_T81_3,0.986816
CG_LT,81,,MM BINH PHU,MM AN PHU,OREO VANILLA 110.4/105G,4,0.6,2.0,4.528567,LT_OREO VANILLA 110.4/105G_T81_4,1.0
CG_LT,81,,MM DA NANG,MM AN PHU,OREO VANILLA 110.4/105G,8,0.6,2.0,6.711552,LT_OREO VANILLA 110.4/105G_T81_4,1.0
CG_LT,81,,MM HIEP PHU,MM AN PHU,OREO VANILLA 110.4/105G,3,0.6,2.0,4.03697,LT_OREO VANILLA 110.4/105G_T81_4,1.0
CG_LT,81,,MM BINH PHU,MM AN PHU,OREO VANILLA 110.4/105G,4,0.6,2.0,4.185562,LT_OREO VANILLA 110.4/105G_T81_5,1.0
CG_LT,81,,MM DA NANG,MM AN PHU,OREO VANILLA 110.4/105G,5,0.6,2.0,4.871133,LT_OREO VANILLA 110.4/105G_T81_5,1.0
CG_LT,81,,MM HIEP PHU,MM AN PHU,OREO VANILLA 110.4/105G,8,0.6,2.0,6.865727,LT_OREO VANILLA 110.4/105G_T81_5,1.0
CG_LT,89,,MM BINH PHU,MM AN PHU,OREO VANILLA 110.4/105G,1,0.6,1.471833,2.212287,LT_OREO VANILLA 110.4/105G_T89_1,0.735917
CG_LT,89,,MM BINH PHU,MM DA NANG,OREO VANILLA 110.4/105G,5,0.6,1.471833,4.385842,LT_OREO VANILLA 110.4/105G_T89_1,0.735917
CG_LT,89,,MM HIEP PHU,MM AN PHU,OREO VANILLA 110.4/105G,3,0.6,1.471833,3.136591,LT_OREO VANILLA 110.4/105G_T89_1,0.735917
CG_LT,89,,MM HIEP PHU,MM DA NANG,OREO VANILLA 110.4/105G,1,0.6,1.471833,2.303353,LT_OREO VANILLA 110.4/105G_T89_1,0.735917
CG_LT,89,,MM BINH PHU,MM DA NANG,OREO VANILLA 110.4/105G,9,0.6,2.0,7.436265,LT_OREO VANILLA 110.4/105G_T89_2,1.0
CG_LT,89,,MM HIEP PHU,MM AN PHU,OREO VANILLA 110.4/105G,4,0.6,2.0,4.281248,LT_OREO VANILLA 110.4/105G_T89_2,1.0
CG_LT,89,,MM HIEP PHU,MM DA NANG,OREO VANILLA 110.4/105G,3,0.6,2.0,3.671247,LT_OREO VANILLA 110.4/105G_T89_2,1.0
CG_LT,89,,MM HIEP PHU,MM DA NANG,OREO VANILLA 110.4/105G,9,0.6,2.0,7.193293,LT_OREO VANILLA 110.4/105G_T89_3,1.0
CG_LT,89,,MM BINH PHU,MM AN PHU,OREO VANILLA 110.4/105G,6,0.6,2.0,5.333774,LT_OREO VANILLA 110.4/105G_T89_4,1.0
CG_LT,89,,MM BINH PHU,MM DA NANG,OREO VANILLA 110.4/105G,5,0.6,2.0,5.012465,LT_OREO VANILLA 110.4/105G_T89_4,1.0
CG_LT,89,,MM HIEP PHU,MM AN PHU,OREO VANILLA 110.4/105G,5,0.6,2.0,4.864385,LT_OREO VANILLA 110.4/105G_T89_4,1.0
CG_LT,89,,MM HIEP PHU,MM DA NANG,OREO VANILLA 110.4/105G,5,0.6,2.0,5.141201,LT_OREO VANILLA 110.4/105G_T89_4,1.0
CG_LT,8,,MM DA NANG,MM AN PHU,OREO VANILLA 110.4/105G,1,0.6,1.623117,2.391255,LT_OREO VANILLA 110.4/105G_T8_1,0.811559
CG_LT,8,,MM HIEP PHU,MM AN PHU,OREO VANILLA 110.4/105G,5,0.6,1.623117,4.894757,LT_OREO VANILLA 110.4/105G_T8_1,0.811559
CG_LT,8,,MM HIEP PHU,MM BINH PHU,OREO VANILLA 110.4/105G,5,0.6,1.623117,4.873797,LT_OREO VANILLA 110.4/105G_T8_1,0.811559
CG_LT,8,,MM HIEP PHU,MM AN PHU,OREO VANILLA 110.4/105G,10,0.6,2.0,7.826115,LT_OREO VANILLA 110.4/105G_T8_3,1.0
CG_LT,90,,MM BINH PHU,MM DA NANG,OREO VANILLA 110.4/105G,6,0.6,1.835226,5.600913,LT_OREO VANILLA 110.4/105G_T90_2,0.917613
CG_LT,90,,MM HIEP PHU,MM DA NANG,OREO VANILLA 110.4/105G,9,0.6,1.835226,7.173683,LT_OREO VANILLA 110.4/105G_T90_2,0.917613
CG_LT,92,,MM BINH PHU,MM AN PHU,OREO VANILLA 110.4/105G,2,0.6,1.096537,2.144498,LT_OREO VANILLA 110.4/105G_T92_2,0.548269
CG_LT,92,,MM HIEP PHU,MM AN PHU,OREO VANILLA 110.4/105G,2,0.6,1.096537,2.448473,LT_OREO VANILLA 110.4/105G_T92_2,0.548269
CG_LT,92,,MM HIEP PHU,MM DA NANG,OREO VANILLA 110.4/105G,2,0.6,1.096537,2.560982,LT_OREO VANILLA 110.4/105G_T92_2,0.548269
CG_LT,92,,MM HIEP PHU,MM DA NANG,OREO VANILLA 110.4/105G,7,0.6,2.0,5.920813,LT_OREO VANILLA 110.4/105G_T92_3,1.0
CG_LT,92,,MM BINH PHU,MM DA NANG,OREO VANILLA 110.4/105G,5,0.6,2.0,5.000877,LT_OREO VANILLA 110.4/105G_T92_4,1.0
CG_LT,92,,MM HIEP PHU,MM AN PHU,OREO VANILLA 110.4/105G,8,0.6,2.0,6.542658,LT_OREO VANILLA 110.4/105G_T92_4,1.0
CG_LT,92,,MM BINH PHU,MM AN PHU,OREO VANILLA 110.4/105G,1,0.6,2.0,2.840227,LT_OREO VANILLA 110.4/105G_T92_5,1.0
CG_LT,92,,MM HIEP PHU,MM AN PHU,OREO VANILLA 110.4/105G,7,0.6,2.0,6.026236,LT_OREO VANILLA 110.4/105G_T92_5,1.0
CG_LT,92,,MM HIEP PHU,MM DA NANG,OREO VANILLA 110.4/105G,6,0.6,2.0,5.490275,LT_OREO VANILLA 110.4/105G_T92_5,1.0
CG_LT,93,,MM BINH PHU,MM AN PHU,OREO VANILLA 110.4/105G,8,0.6,2.0,6.541859,LT_OREO VANILLA 110.4/105G_T93_1,1.0
CG_LT,93,,MM HIEP PHU,MM DA NANG,OREO VANILLA 110.4/105G,8,0.6,2.0,6.725674,LT_OREO VANILLA 110.4/105G_T93_1,1.0
CG_LT,93,,MM BINH PHU,MM DA NANG,OREO VANILLA 110.4/105G,9,0.6,2.0,7.655665,LT_OREO VANILLA 110.4/105G_T93_2,1.0
CG_LT,93,,MM BINH PHU,MM AN PHU,OREO VANILLA 110.4/105G,8,0.6,1.964417,6.544437,LT_OREO VANILLA 110.4/105G_T93_3,0.982209
CG_LT,93,,MM BINH PHU,MM DA NANG,OREO VANILLA 110.4/105G,6,0.6,1.964417,5.755713,LT_OREO VANILLA 110.4/105G_T93_3,0.982209
CG_LT,93,,MM HIEP PHU,MM AN PHU,OREO VANILLA 110.4/105G,8,0.6,1.964417,7.042479,LT_OREO VANILLA 110.4/105G_T93_3,0.982209
CG_LT,93,,MM HIEP PHU,MM DA NANG,OREO VANILLA 110.4/105G,9,0.6,1.964417,7.319966,LT_OREO VANILLA 110.4/105G_T93_3,0.982209
CG_LT,93,,MM BINH PHU,MM DA NANG,OREO VANILLA 110.4/105G,5,0.6,2.0,5.076352,LT_OREO VANILLA 110.4/105G_T93_5,1.0
CG_LT,94,,MM HIEP PHU,MM DA NANG,OREO VANILLA 110.4/105G,3,0.6,2.0,4.056102,LT_OREO VANILLA 110.4/105G_T94_1,1.0
CG_LT,94,,MM BINH PHU,MM AN PHU,OREO VANILLA 110.4/105G,1,0.6,0.352805,0.799404,LT_OREO VANILLA 110.4/105G_T94_2,0.176403
CG_LT,94,,MM BINH PHU,MM DA NANG,OREO VANILLA 110.4/105G,1,0.6,0.352805,0.848783,LT_OREO VANILLA 110.4/105G_T94_2,0.176403
CG_LT,95,,MM BINH PHU,MM AN PHU,OREO VANILLA 110.4/105G,5,0.6,2.0,5.126093,LT_OREO VANILLA 110.4/105G_T95_1,1.0
CG_LT,95,,MM BINH PHU,MM DA NANG,OREO VANILLA 110.4/105G,5,0.6,2.0,4.972478,LT_OREO VANILLA 110.4/105G_T95_1,1.0
CG_LT,95,,MM HIEP PHU,MM AN PHU,OREO VANILLA 110.4/105G,8,0.6,2.0,6.712387,LT_OREO VANILLA 110.4/105G_T95_1,1.0
CG_LT,95,,MM HIEP PHU,MM DA NANG,OREO VANILLA 110.4/105G,9,0.6,2.0,7.698779,LT_OREO VANILLA 110.4/105G_T95_1,1.0
CG_LT,95,,MM BINH PHU,MM AN PHU,OREO VANILLA 110.4/105G,1,0.6,0.844604,1.522176,LT_OREO VANILLA 110.4/105G_T95_5,0.422302
CG_LT,95,,MM BINH PHU,MM DA NANG,OREO VANILLA 110.4/105G,1,0.6,0.844604,1.697205,LT_OREO VANILLA 110.4/105G_T95_5,0.422302
CG_LT,95,,MM HIEP PHU,MM DA NANG,OREO VANILLA 110.4/105G,2,0.6,0.844604,1.907006,LT_OREO VANILLA 110.4/105G_T95_5,0.422302
CG_LT,96,,MM BINH PHU,MM DA NANG,OREO VANILLA 110.4/105G,2,0.6,2.0,3.127734,LT_OREO VANILLA 110.4/105G_T96_1,1.0
CG_LT,96,,MM HIEP PHU,MM DA NANG,OREO VANILLA 110.4/105G,8,0.6,2.0,7.049955,LT_OREO VANILLA 110.4/105G_T96_1,1.0
CG_LT,96,,MM HIEP PHU,MM DA NANG,OREO VANILLA 110.4/105G,7,0.6,2.0,5.943284,LT_OREO VANILLA 110.4/105G_T96_4,1.0
CG_LT,97,,MM BINH PHU,MM AN PHU,OREO VANILLA 110.4/105G,5,0.6,2.0,5.294886,LT_OREO VANILLA 110.4/105G_T97_1,1.0
CG_LT,97,,MM BINH PHU,MM DA NANG,OREO VANILLA 110.4/105G,7,0.6,2.0,6.053354,LT_OREO VANILLA 110.4/105G_T97_1,1.0
CG_LT,97,,MM HIEP PHU,MM AN PHU,OREO VANILLA 110.4/105G,9,0.6,2.0,7.554307,LT_OREO VANILLA 110.4/105G_T97_1,1.0
CG_LT,97,,MM HIEP PHU,MM DA NANG,OREO VANILLA 110.4/105G,6,0.6,2.0,5.719981,LT_OREO VANILLA 110.4/105G_T97_1,1.0
CG_LT,97,,MM BINH PHU,MM AN PHU,OREO VANILLA 110.4/105G,7,0.6,1.748245,5.694525,LT_OREO VANILLA 110.4/105G_T97_4,0.874122
CG_LT,97,,MM BINH PHU,MM DA NANG,OREO VANILLA 110.4/105G,3,0.6,1.748245,3.485339,LT_OREO VANILLA 110.4/105G_T97_4,0.874122
CG_LT,97,,MM HIEP PHU,MM AN PHU,OREO VANILLA 110.4/105G,7,0.6,1.748245,5.701128,LT_OREO VANILLA 110.4/105G_T97_4,0.874122
CG_LT,97,,MM HIEP PHU,MM DA NANG,OREO VANILLA 110.4/105G,7,0.6,1.748245,6.01478,LT_OREO VANILLA 110.4/105G_T97_4,0.874122
CG_LT,97,,MM BINH PHU,MM AN PHU,OREO VANILLA 110.4/105G,4,0.6,2.0,4.272503,LT_OREO VANILLA 110.4/105G_T97_5,1.0
CG_LT,97,,MM BINH PHU,MM DA NANG,OREO VANILLA 110.4/105G,6,0.6,2.0,5.827688,LT_OREO VANILLA 110.4/105G_T97_5,1.0
CG_LT,97,,MM HIEP PHU,MM AN PHU,OREO VANILLA 110.4/105G,4,0.6,2.0,4.206107,LT_OREO VANILLA 110.4/105G_T97_5,1.0
CG_LT,97,,MM HIEP PHU,MM DA NANG,OREO VANILLA 110.4/105G,10,0.6,2.0,7.752721,LT_OREO VANILLA 110.4/105G_T97_5,1.0
CG_LT,98,,MM BINH PHU,MM DA NANG,OREO VANILLA 110.4/105G,2,0.6,2.0,3.253889,LT_OREO VANILLA 110.4/105G_T98_1,1.0
CG_LT,98,,MM HIEP PHU,MM AN PHU,OREO VANILLA 110.4/105G,10,0.6,2.0,7.777851,LT_OREO VANILLA 110.4/105G_T98_1,1.0
CG_LT,98,,MM HIEP PHU,MM DA NANG,OREO VANILLA 110.4/105G,5,0.6,2.0,4.978071,LT_OREO VANILLA 110.4/105G_T98_1,1.0
CG_LT,98,,MM BINH PHU,MM AN PHU,OREO VANILLA 110.4/105G,6,0.6,2.0,5.789,LT_OREO VANILLA 110.4/105G_T98_2,1.0
CG_LT,98,,MM BINH PHU,MM DA NANG,OREO VANILLA 110.4/105G,9,0.6,2.0,7.138112,LT_OREO VANILLA 110.4/105G_T98_2,1.0
CG_LT,98,,MM HIEP PHU,MM AN PHU,OREO VANILLA 110.4/105G,8,0.6,2.0,6.646617,LT_OREO VANILLA 110.4/105G_T98_2,1.0
CG_LT,98,,MM HIEP PHU,MM DA NANG,OREO VANILLA 110.4/105G,10,0.6,2.0,7.960001,LT_OREO VANILLA 110.4/105G_T98_2,1.0
CG_LT,98,,MM BINH PHU,MM AN PHU,OREO VANILLA 110.4/105G,4,0.6,2.0,4.460909,LT_OREO VANILLA 110.4/105G_T98_3,1.0
CG_LT,98,,MM HIEP PHU,MM AN PHU,OREO VANILLA 110.4/105G,7,0.6,2.0,6.365315,LT_OREO VANILLA 110.4/105G_T98_3,1.0
CG_LT,98,,MM HIEP PHU,MM DA NANG,OREO VANILLA 110.4/105G,4,0.6,2.0,4.158838,LT_OREO VANILLA 110.4/105G_T98_3,1.0
CG_LT,98,,MM HIEP PHU,MM DA NANG,OREO VANILLA 110.4/105G,7,0.6,2.0,6.271657,LT_OREO VANILLA 110.4/105G_T98_4,1.0
CG_LT,98,,MM BINH PHU,MM DA NANG,OREO VANILLA 110.4/105G,3,0.6,2.0,3.619997,LT_OREO VANILLA 110.4/105G_T98_5,1.0
CG_LT,98,,MM HIEP PHU,MM AN PHU,OREO VANILLA 110.4/105G,5,0.6,2.0,4.75617,LT_OREO VANILLA 110.4/105G_T98_5,1.0
CG_LT,99,,MM BINH PHU,MM AN PHU,OREO VANILLA 110.4/105G,1,0.6,0.499238,0.939255,LT_OREO VANILLA 110.4/105G_T99_1,0.249619
CG_LT,99,,MM BINH PHU,MM DA NANG,OREO VANILLA 110.4/105G,1,0.6,0.499238,1.194336,LT_OREO VANILLA 110.4/105G_T99_1,0.249619
CG_LT,99,,MM HIEP PHU,MM AN PHU,OREO VANILLA 110.4/105G,2,0.6,0.499238,1.635229,LT_OREO VANILLA 110.4/105G_T99_1,0.249619
CG_LT,99,,MM HIEP PHU,MM DA NANG,OREO VANILLA 110.4/105G,1,0.6,0.499238,0.959739,LT_OREO VANILLA 110.4/105G_T99_1,0.249619
CG_LT,99,,MM BINH PHU,MM AN PHU,OREO VANILLA 110.4/105G,1,0.6,2.0,2.864691,LT_OREO VANILLA 110.4/105G_T99_2,1.0
CG_LT,99,,MM HIEP PHU,MM DA NANG,OREO VANILLA 110.4/105G,9,0.6,2.0,7.135029,LT_OREO VANILLA 110.4/105G_T99_2,1.0
CG_LT,9,,MM DA NANG,MM AN PHU,OREO VANILLA 110.4/105G,2,0.6,0.420132,1.344522,LT_OREO VANILLA 110.4/105G_T9_1,0.210066
CG_LT,9,,MM DA NANG,MM BINH PHU,OREO VANILLA 110.4/105G,1,0.6,0.420132,0.780799,LT_OREO VANILLA 110.4/105G_T9_1,0.210066
CG_LT,9,,MM HIEP PHU,MM AN PHU,OREO VANILLA 110.4/105G,1,0.6,0.420132,1.102614,LT_OREO VANILLA 110.4/105G_T9_1,0.210066
CG_LT,9,,MM HIEP PHU,MM BINH PHU,OREO VANILLA 110.4/105G,1,0.6,0.420132,1.092422,LT_OREO VANILLA 110.4/105G_T9_1,0.210066
CG_LT,9,,MM HIEP PHU,MM BINH PHU,OREO VANILLA 110.4/105G,2,0.6,2.0,3.151278,LT_OREO VANILLA 110.4/105G_T9_2,1.0
CG_LT,9,,MM HIEP PHU,MM BINH PHU,OREO VANILLA 110.4/105G,9,0.6,2.0,7.149126,LT_OREO VANILLA 110.4/105G_T9_3,1.0
CG_LT,9,,MM HIEP PHU,MM BINH PHU,OREO VANILLA 110.4/105G,7,0.6,2.0,6.014877,LT_OREO VANILLA 110.4/105G_T9_5,1.0
CG_LT,100,,MM BINH PHU,MM DA NANG,AN RICE CRACKER SEAWEED 111.3G,58,0.6,0.71882,35.417359,PRICED_E1_shortage_ratio_AN RICE CRACKER SEAWEED 111.3G_T100_1,0.35941
CG_LT,100,,MM HIEP PHU,MM AN PHU,AN RICE CRACKER SEAWEED 111.3G,63,0.6,0.71882,38.283813,PRICED_E1_shortage_ratio_AN RICE CRACKER SEAWEED 111.3G_T100_1,0.35941
CG_LT,100,,MM HIEP PHU,MM AN PHU,AN RICE CRACKER SEAWEED 111.3G,174,0.6,2.0,106.518503,PRICED_E1_shortage_ratio_AN RICE CRACKER SEAWEED 111.3G_T100_4,1.0
CG_LT,100,,MM HIEP PHU,MM DA NANG,AN RICE CRACKER SEAWEED 111.3G,161,0.6,2.0,98.543061,PRICED_E1_shortage_ratio_AN RICE CRACKER SEAWEED 111.3G_T100_4,1.0
CG_LT,101,,MM BINH PHU,MM AN PHU,AN RICE CRACKER SEAWEED 111.3G,2,0.6,0.41137,1.409231,PRICED_E1_shortage_ratio_AN RICE CRACKER SEAWEED 111.3G_T101_2,0.205685
CG_LT,101,,MM HIEP PHU,MM DA NANG,AN RICE CRACKER SEAWEED 111.3G,42,0.6,0.41137,25.744447,PRICED_E1_shortage_ratio_AN RICE CRACKER SEAWEED 111.3G_T101_2,0.205685
CG_LT,101,,MM BINH PHU,MM DA NANG,AN RICE CRACKER SEAWEED 111.3G,205,0.6,2.0,125.164523,PRICED_E1_shortage_ratio_AN RICE CRACKER SEAWEED 111.3G_T101_4,1.0
CG_LT,101,,MM HIEP PHU,MM AN PHU,AN RICE CRACKER SEAWEED 111.3G,8,0.6,2.0,6.851409,PRICED_E1_shortage_ratio_AN RICE CRACKER SEAWEED 111.3G_T101_4,1.0
CG_LT,102,,MM BINH PHU,MM DA NANG,AN RICE CRACKER SEAWEED 111.3G,15,0.6,0.143395,9.203594,PRICED_E1_shortage_ratio_AN RICE CRACKER SEAWEED 111.3G_T102_1,0.071698
CG_LT,102,,MM HIEP PHU,MM DA NANG,AN RICE CRACKER SEAWEED 111.3G,211,0.6,2.0,128.367001,PRICED_E1_shortage_ratio_AN RICE CRACKER SEAWEED 111.3G_T102_2,1.0
CG_LT,103,,MM BINH PHU,MM DA NANG,AN RICE CRACKER SEAWEED 111.3G,29,0.6,0.395464,17.657862,PRICED_E1_shortage_ratio_AN RICE CRACKER SEAWEED 111.3G_T103_1,0.197732
CG_LT,103,,MM HIEP PHU,MM DA NANG,AN RICE CRACKER SEAWEED 111.3G,146,0.6,2.0,89.30204,PRICED_E1_shortage_ratio_AN RICE CRACKER SEAWEED 111.3G_T103_2,1.0
CG_LT,104,,MM BINH PHU,MM DA NANG,AN RICE CRACKER SEAWEED 111.3G,10,0.6,0.247264,6.143483,PRICED_E1_shortage_ratio_AN RICE CRACKER SEAWEED 111.3G_T104_2,0.123632
CG_LT,104,,MM HIEP PHU,MM AN PHU,AN RICE CRACKER SEAWEED 111.3G,18,0.6,0.247264,11.153865,PRICED_E1_shortage_ratio_AN RICE CRACKER SEAWEED 111.3G_T104_2,0.123632
CG_LT,104,,MM BINH PHU,MM AN PHU,AN RICE CRACKER SEAWEED 111.3G,147,0.6,2.0,90.218199,PRICED_E1_shortage_ratio_AN RICE CRACKER SEAWEED 111.3G_T104_4,1.0
CG_LT,104,,MM HIEP PHU,MM DA NANG,AN RICE CRACKER SEAWEED 111.3G,79,0.6,2.0,49.69165,PRICED_E1_shortage_ratio_AN RICE CRACKER SEAWEED 111.3G_T104_4,1.0
CG_LT,105,,MM BINH PHU,MM AN PHU,AN RICE CRACKER SEAWEED 111.3G,256,0.6,2.0,155.863275,PRICED_E1_shortage_ratio_AN RICE CRACKER SEAWEED 111.3G_T105_4,1.0
CG_LT,105,,MM HIEP PHU,MM DA NANG,AN RICE CRACKER SEAWEED 111.3G,4,0.6,2.0,4.224382,PRICED_E1_shortage_ratio_AN RICE CRACKER SEAWEED 111.3G_T105_4,1.0
CG_LT,106,,MM BINH PHU,MM DA NANG,AN RICE CRACKER SEAWEED 111.3G,3,0.6,0.220275,1.863311,PRICED_E1_shortage_ratio_AN RICE CRACKER SEAWEED 111.3G_T106_2,0.110138
CG_LT,106,,MM HIEP PHU,MM AN PHU,AN RICE CRACKER SEAWEED 111.3G,32,0.6,0.220275,19.280161,PRICED_E1_shortage_ratio_AN RICE CRACKER SEAWEED 111.3G_T106_2,0.110138
CG_LT,106,,MM BINH PHU,MM AN PHU,AN RICE CRACKER SEAWEED 111.3G,288,0.6,2.0,175.055314,PRICED_E1_shortage_ratio_AN RICE CRACKER SEAWEED 111.3G_T106_4,1.0
CG_LT,106,,MM HIEP PHU,MM DA NANG,AN RICE CRACKER SEAWEED 111.3G,25,0.6,2.0,16.918039,PRICED_E1_shortage_ratio_AN RICE CRACKER SEAWEED 111.3G_T106_4,1.0
CG_LT,107,,MM BINH PHU,MM DA NANG,AN RICE CRACKER SEAWEED 111.3G,41,0.6,2.0,26.684438,PRICED_E1_shortage_ratio_AN RICE CRACKER SEAWEED 111.3G_T107_1,1.0
CG_LT,107,,MM HIEP PHU,MM AN PHU,AN RICE CRACKER SEAWEED 111.3G,418,0.6,2.0,252.954276,PRICED_E1_shortage_ratio_AN RICE CRACKER SEAWEED 111.3G_T107_1,1.0
CG_LT,107,,MM HIEP PHU,MM AN PHU,AN RICE CRACKER SEAWEED 111.3G,8,0.6,0.038277,4.841131,PRICED_E1_shortage_ratio_AN RICE CRACKER SEAWEED 111.3G_T107_4,0.019138
CG_LT,107,,MM HIEP PHU,MM DA NANG,AN RICE CRACKER SEAWEED 111.3G,1,0.6,0.038277,0.510696,PRICED_E1_shortage_ratio_AN RICE CRACKER SEAWEED 111.3G_T107_4,0.019138
CG_LT,108,,MM BINH PHU,MM DA NANG,AN RICE CRACKER SEAWEED 111.3G,13,0.6,2.0,9.536205,PRICED_E1_shortage_ratio_AN RICE CRACKER SEAWEED 111.3G_T108_1,1.0
CG_LT,108,,MM HIEP PHU,MM AN PHU,AN RICE CRACKER SEAWEED 111.3G,356,0.6,2.0,215.65502,PRICED_E1_shortage_ratio_AN RICE CRACKER SEAWEED 111.3G_T108_1,1.0
CG_LT,109,,MM BINH PHU,MM AN PHU,AN RICE CRACKER SEAWEED 111.3G,27,0.6,0.261571,16.45829,PRICED_E1_shortage_ratio_AN RICE CRACKER SEAWEED 111.3G_T109_1,0.130785
CG_LT,109,,MM HIEP PHU,MM AN PHU,AN RICE CRACKER SEAWEED 111.3G,206,0.6,2.0,125.84209,PRICED_E1_shortage_ratio_AN RICE CRACKER SEAWEED 111.3G_T109_2,1.0
CG_LT,10,,MM DA NANG,MM AN PHU,AN RICE CRACKER SEAWEED 111.3G,227,0.6,2.0,138.29664,PRICED_E1_shortage_ratio_AN RICE CRACKER SEAWEED 111.3G_T10_1,1.0
CG_LT,10,,MM DA NANG,MM AN PHU,AN RICE CRACKER SEAWEED 111.3G,12,0.6,0.239157,7.497733,PRICED_E1_shortage_ratio_AN RICE CRACKER SEAWEED 111.3G_T10_2,0.119578
CG_LT,10,,MM DA NANG,MM BINH PHU,AN RICE CRACKER SEAWEED 111.3G,6,0.6,0.239157,3.808399,PRICED_E1_shortage_ratio_AN RICE CRACKER SEAWEED 111.3G_T10_2,0.119578
CG_LT,10,,MM DA NANG,MM HIEP PHU,AN RICE CRACKER SEAWEED 111.3G,9,0.6,0.239157,5.709467,PRICED_E1_shortage_ratio_AN RICE CRACKER SEAWEED 111.3G_T10_2,0.119578
CG_LT,10,,MM DA NANG,MM AN PHU,AN RICE CRACKER SEAWEED 111.3G,8,0.6,0.092229,5.001013,PRICED_E1_shortage_ratio_AN RICE CRACKER SEAWEED 111.3G_T10_3,0.046114
CG_LT,10,,MM DA NANG,MM BINH PHU,AN RICE CRACKER SEAWEED 111.3G,2,0.6,0.092229,1.468676,PRICED_E1_shortage_ratio_AN RICE CRACKER SEAWEED 111.3G_T10_3,0.046114
CG_LT,110,,MM BINH PHU,MM AN PHU,AN RICE CRACKER SEAWEED 111.3G,48,0.6,2.0,30.943114,PRICED_E1_shortage_ratio_AN RICE CRACKER SEAWEED 111.3G_T110_1,1.0
CG_LT,110,,MM HIEP PHU,MM AN PHU,AN RICE CRACKER SEAWEED 111.3G,34,0.6,1.415209,21.895494,PRICED_E1_shortage_ratio_AN RICE CRACKER SEAWEED 111.3G_T110_2,0.707605
CG_LT,111,,MM BINH PHU,MM AN PHU,AN RICE CRACKER SEAWEED 111.3G,16,0.6,2.0,11.453622,PRICED_E1_shortage_ratio_AN RICE CRACKER SEAWEED 111.3G_T111_1,1.0
CG_LT,111,,MM HIEP PHU,MM AN PHU,AN RICE CRACKER SEAWEED 111.3G,16,0.6,2.0,11.453622,PRICED_E1_shortage_ratio_AN RICE CRACKER SEAWEED 111.3G_T111_2,1.0
CG_LT,112,,MM BINH PHU,MM AN PHU,AN RICE CRACKER SEAWEED 111.3G,208,0.6,2.0,126.899615,PRICED_E1_shortage_ratio_AN RICE CRACKER SEAWEED 111.3G_T112_1,1.0
CG_LT,112,,MM HIEP PHU,MM AN PHU,AN RICE CRACKER SEAWEED 111.3G,45,0.6,0.432981,27.472566,PRICED_E1_shortage_ratio_AN RICE CRACKER SEAWEED 111.3G_T112_2,0.216491
CG_LT,113,,MM HIEP PHU,MM AN PHU,AN RICE CRACKER SEAWEED 111.3G,448,0.6,2.0,271.000475,PRICED_E1_shortage_ratio_AN RICE CRACKER SEAWEED 111.3G_T113_1,1.0
CG_LT,113,,MM HIEP PHU,MM BINH PHU,AN RICE CRACKER SEAWEED 111.3G,262,0.6,2.0,159.200213,PRICED_E1_shortage_ratio_AN RICE CRACKER SEAWEED 111.3G_T113_1,1.0
CG_LT,114,,MM HIEP PHU,MM AN PHU,AN RICE CRACKER SEAWEED 111.3G,236,0.6,2.0,143.369138,PRICED_E1_shortage_ratio_AN RICE CRACKER SEAWEED 111.3G_T114_1,1.0
CG_LT,114,,MM HIEP PHU,MM BINH PHU,AN RICE CRACKER SEAWEED 111.3G,199,0.6,2.0,121.142858,PRICED_E1_shortage_ratio_AN RICE CRACKER SEAWEED 111.3G_T114_1,1.0
CG_LT,115,,MM HIEP PHU,MM BINH PHU,AN RICE CRACKER SEAWEED 111.3G,93,0.6,2.0,58.049604,PRICED_E1_shortage_ratio_AN RICE CRACKER SEAWEED 111.3G_T115_1,1.0
CG_LT,116,,MM BINH PHU,MM AN PHU,AN RICE CRACKER SEAWEED 111.3G,111,0.6,2.0,68.470151,PRICED_E1_shortage_ratio_AN RICE CRACKER SEAWEED 111.3G_T116_1,1.0
CG_LT,116,,MM HIEP PHU,MM AN PHU,AN RICE CRACKER SEAWEED 111.3G,51,0.6,0.9161,31.362749,PRICED_E1_shortage_ratio_AN RICE CRACKER SEAWEED 111.3G_T116_2,0.45805
CG_LT,117,,MM HIEP PHU,MM AN PHU,AN RICE CRACKER SEAWEED 111.3G,378,0.6,2.0,229.061607,PRICED_E1_shortage_ratio_AN RICE CRACKER SEAWEED 111.3G_T117_1,1.0
CG_LT,117,,MM BINH PHU,MM AN PHU,AN RICE CRACKER SEAWEED 111.3G,8,0.6,0.172394,4.970627,PRICED_E1_shortage_ratio_AN RICE CRACKER SEAWEED 111.3G_T117_2,0.086197
CG_LT,117,,MM HIEP PHU,MM AN PHU,AN RICE CRACKER SEAWEED 111.3G,25,0.6,0.172394,14.946153,PRICED_E1_shortage_ratio_AN RICE CRACKER SEAWEED 111.3G_T117_2,0.086197
CG_LT,118,,MM HIEP PHU,MM AN PHU,AN RICE CRACKER SEAWEED 111.3G,256,0.6,2.0,155.715267,PRICED_E1_shortage_ratio_AN RICE CRACKER SEAWEED 111.3G_T118_1,1.0
CG_LT,118,,MM DA NANG,MM AN PHU,AN RICE CRACKER SEAWEED 111.3G,1,0.6,0.227828,0.751651,PRICED_E1_shortage_ratio_AN RICE CRACKER SEAWEED 111.3G_T118_3,0.113914
CG_LT,118,,MM HIEP PHU,MM AN PHU,AN RICE CRACKER SEAWEED 111.3G,28,0.6,0.227828,17.214339,PRICED_E1_shortage_ratio_AN RICE CRACKER SEAWEED 111.3G_T118_3,0.113914
CG_LT,119,,MM HIEP PHU,MM AN PHU,AN RICE CRACKER SEAWEED 111.3G,64,0.6,2.0,40.188593,PRICED_E1_shortage_ratio_AN RICE CRACKER SEAWEED 111.3G_T119_1,1.0
CG_LT,11,,MM DA NANG,MM AN PHU,AN RICE CRACKER SEAWEED 111.3G,148,0.6,2.0,90.575555,PRICED_E1_shortage_ratio_AN RICE CRACKER SEAWEED 111.3G_T11_1,1.0
CG_LT,11,,MM HIEP PHU,MM AN PHU,AN RICE CRACKER SEAWEED 111.3G,70,0.6,0.954278,43.217123,PRICED_E1_shortage_ratio_AN RICE CRACKER SEAWEED 111.3G_T11_2,0.477139
CG_LT,120,,MM HIEP PHU,MM AN PHU,AN RICE CRACKER SEAWEED 111.3G,54,0.6,2.0,34.122491,PRICED_E1_shortage_ratio_AN RICE CRACKER SEAWEED 111.3G_T120_1,1.0
CG_LT,121,,MM BINH PHU,MM AN PHU,AN RICE CRACKER SEAWEED 111.3G,65,0.6,2.0,40.810585,PRICED_E1_shortage_ratio_AN RICE CRACKER SEAWEED 111.3G_T121_1,1.0
CG_LT,121,,MM DA NANG,MM AN PHU,AN RICE CRACKER SEAWEED 111.3G,50,0.6,1.556968,31.770383,PRICED_E1_shortage_ratio_AN RICE CRACKER SEAWEED 111.3G_T121_2,0.778484
CG_LT,122,,MM BINH PHU,MM AN PHU,AN RICE CRACKER SEAWEED 111.3G,42,0.6,2.0,27.119973,PRICED_E1_shortage_ratio_AN RICE CRACKER SEAWEED 111.3G_T122_1,1.0
CG_LT,122,,MM DA NANG,MM AN PHU,AN RICE CRACKER SEAWEED 111.3G,38,0.6,1.829943,24.813998,PRICED_E1_shortage_ratio_AN RICE CRACKER SEAWEED 111.3G_T122_2,0.914971
CG_LT,122,,MM HIEP PHU,MM AN PHU,AN RICE CRACKER SEAWEED 111.3G,42,0.6,2.0,27.119973,PRICED_E1_shortage_ratio_AN RICE CRACKER SEAWEED 111.3G_T122_3,1.0
CG_LT,125,,MM HIEP PHU,MM AN PHU,AN RICE CRACKER SEAWEED 111.3G,97,0.6,2.0,60.145374,PRICED_E1_shortage_ratio_AN RICE CRACKER SEAWEED 111.3G_T125_1,1.0
CG_LT,125,,MM DA NANG,MM AN PHU,AN RICE CRACKER SEAWEED 111.3G,5,0.6,0.816004,3.8572,PRICED_E1_shortage_ratio_AN RICE CRACKER SEAWEED 111.3G_T125_3,0.408002
CG_LT,125,,MM HIEP PHU,MM AN PHU,AN RICE CRACKER SEAWEED 111.3G,34,0.6,0.816004,21.498235,PRICED_E1_shortage_ratio_AN RICE CRACKER SEAWEED 111.3G_T125_3,0.408002
CG_LT,126,,MM BINH PHU,MM AN PHU,AN RICE CRACKER SEAWEED 111.3G,98,0.6,2.0,60.737328,PRICED_E1_shortage_ratio_AN RICE CRACKER SEAWEED 111.3G_T126_1,1.0
CG_LT,126,,MM HIEP PHU,MM AN PHU,AN RICE CRACKER SEAWEED 111.3G,48,0.6,0.982771,29.845443,PRICED_E1_shortage_ratio_AN RICE CRACKER SEAWEED 111.3G_T126_2,0.491386
CG_LT,127,,MM DA NANG,MM AN PHU,AN RICE CRACKER SEAWEED 111.3G,51,0.6,1.923176,32.52869,PRICED_E1_shortage_ratio_AN RICE CRACKER SEAWEED 111.3G_T127_2,0.961588
CG_LT,127,,MM HIEP PHU,MM AN PHU,AN RICE CRACKER SEAWEED 111.3G,53,0.6,2.0,33.828087,PRICED_E1_shortage_ratio_AN RICE CRACKER SEAWEED 111.3G_T127_3,1.0
CG_LT,128,,MM HIEP PHU,MM AN PHU,AN RICE CRACKER SEAWEED 111.3G,92,0.6,2.0,57.045537,PRICED_E1_shortage_ratio_AN RICE CRACKER SEAWEED 111.3G_T128_1,1.0
CG_LT,128,,MM DA NANG,MM AN PHU,AN RICE CRACKER SEAWEED 111.3G,6,0.6,1.070679,4.469718,PRICED_E1_shortage_ratio_AN RICE CRACKER SEAWEED 111.3G_T128_3,0.53534
CG_LT,128,,MM HIEP PHU,MM AN PHU,AN RICE CRACKER SEAWEED 111.3G,43,0.6,1.070679,27.139704,PRICED_E1_shortage_ratio_AN RICE CRACKER SEAWEED 111.3G_T128_3,0.53534
CG_LT,129,,MM HIEP PHU,MM AN PHU,AN RICE CRACKER SEAWEED 111.3G,69,0.6,2.0,43.645669,PRICED_E1_shortage_ratio_AN RICE CRACKER SEAWEED 111.3G_T129_1,1.0
CG_LT,129,,MM DA NANG,MM AN PHU,AN RICE CRACKER SEAWEED 111.3G,9,0.6,1.104822,6.2435,PRICED_E1_shortage_ratio_AN RICE CRACKER SEAWEED 111.3G_T129_3,0.552411
CG_LT,129,,MM HIEP PHU,MM AN PHU,AN RICE CRACKER SEAWEED 111.3G,30,0.6,1.104822,18.971675,PRICED_E1_shortage_ratio_AN RICE CRACKER SEAWEED 111.3G_T129_3,0.552411
CG_LT,12,,MM DA NANG,MM AN PHU,AN RICE CRACKER SEAWEED 111.3G,59,0.6,2.0,37.236674,PRICED_E1_shortage_ratio_AN RICE CRACKER SEAWEED 111.3G_T12_1,1.0
CG_LT,12,,MM HIEP PHU,MM AN PHU,AN RICE CRACKER SEAWEED 111.3G,59,0.6,2.0,37.236674,PRICED_E1_shortage_ratio_AN RICE CRACKER SEAWEED 111.3G_T12_2,1.0
CG_LT,12,,MM BINH PHU,MM AN PHU,AN RICE CRACKER SEAWEED 111.3G,0,0.6,0.088831,0.288142,PRICED_E1_shortage_ratio_AN RICE CRACKER SEAWEED 111.3G_T12_3,0.044415
CG_LT,12,,MM DA NANG,MM AN PHU,AN RICE CRACKER SEAWEED 111.3G,2,0.6,0.088831,1.454572,PRICED_E1_shortage_ratio_AN RICE CRACKER SEAWEED 111.3G_T12_3,0.044415
CG_LT,130,,MM BINH PHU,MM AN PHU,AN RICE CRACKER SEAWEED 111.3G,15,0.6,2.0,10.960479,PRICED_E1_shortage_ratio_AN RICE CRACKER SEAWEED 111.3G_T130_1,1.0
CG_LT,130,,MM DA NANG,MM AN PHU,AN RICE CRACKER SEAWEED 111.3G,15,0.6,2.0,10.960479,PRICED_E1_shortage_ratio_AN RICE CRACKER SEAWEED 111.3G_T130_2,1.0
CG_LT,130,,MM HIEP PHU,MM AN PHU,AN RICE CRACKER SEAWEED 111.3G,15,0.6,2.0,10.960479,PRICED_E1_shortage_ratio_AN RICE CRACKER SEAWEED 111.3G_T130_3,1.0
CG_LT,131,,MM BINH PHU,MM AN PHU,AN RICE CRACKER SEAWEED 111.3G,6,0.6,2.0,5.316531,PRICED_E1_shortage_ratio_AN RICE CRACKER SEAWEED 111.3G_T131_1,1.0
CG_LT,131,,MM DA NANG,MM AN PHU,AN RICE CRACKER SEAWEED 111.3G,6,0.6,2.0,5.316531,PRICED_E1_shortage_ratio_AN RICE CRACKER SEAWEED 111.3G_T131_2,1.0
CG_LT,131,,MM HIEP PHU,MM AN PHU,AN RICE CRACKER SEAWEED 111.3G,6,0.6,2.0,5.316531,PRICED_E1_shortage_ratio_AN RICE CRACKER SEAWEED 111.3G_T131_3,1.0
CG_LT,132,,MM BINH PHU,MM AN PHU,AN RICE CRACKER SEAWEED 111.3G,17,0.6,2.0,12.019744,PRICED_E1_shortage_ratio_AN RICE CRACKER SEAWEED 111.3G_T132_1,1.0
CG_LT,132,,MM DA NANG,MM AN PHU,AN RICE CRACKER SEAWEED 111.3G,17,0.6,2.0,12.019744,PRICED_E1_shortage_ratio_AN RICE CRACKER SEAWEED 111.3G_T132_2,1.0
CG_LT,132,,MM HIEP PHU,MM AN PHU,AN RICE CRACKER SEAWEED 111.3G,17,0.6,2.0,12.019744,PRICED_E1_shortage_ratio_AN RICE CRACKER SEAWEED 111.3G_T132_3,1.0
CG_LT,133,,MM BINH PHU,MM AN PHU,AN RICE CRACKER SEAWEED 111.3G,42,0.6,2.0,27.350387,PRICED_E1_shortage_ratio_AN RICE CRACKER SEAWEED 111.3G_T133_1,1.0
CG_LT,133,,MM DA NANG,MM AN PHU,AN RICE CRACKER SEAWEED 111.3G,14,0.6,0.684047,9.354473,PRICED_E1_shortage_ratio_AN RICE CRACKER SEAWEED 111.3G_T133_2,0.342023
CG_LT,133,,MM HIEP PHU,MM AN PHU,AN RICE CRACKER SEAWEED 111.3G,42,0.6,2.0,27.350387,PRICED_E1_shortage_ratio_AN RICE CRACKER SEAWEED 111.3G_T133_3,1.0
CG_LT,134,,MM HIEP PHU,MM AN PHU,AN RICE CRACKER SEAWEED 111.3G,109,0.6,2.0,67.243059,PRICED_E1_shortage_ratio_AN RICE CRACKER SEAWEED 111.3G_T134_1,1.0
CG_LT,134,,MM DA NANG,MM AN PHU,AN RICE CRACKER SEAWEED 111.3G,16,0.6,0.886222,10.726139,PRICED_E1_shortage_ratio_AN RICE CRACKER SEAWEED 111.3G_T134_3,0.443111
CG_LT,134,,MM HIEP PHU,MM AN PHU,AN RICE CRACKER SEAWEED 111.3G,32,0.6,0.886222,19.956205,PRICED_E1_shortage_ratio_AN RICE CRACKER SEAWEED 111.3G_T134_3,0.443111
CG_LT,135,,MM HIEP PHU,MM AN PHU,AN RICE CRACKER SEAWEED 111.3G,190,0.6,2.0,115.932255,PRICED_E1_shortage_ratio_AN RICE CRACKER SEAWEED 111.3G_T135_1,1.0
CG_LT,135,,MM DA NANG,MM AN PHU,AN RICE CRACKER SEAWEED 111.3G,3,0.6,0.524464,2.604049,PRICED_E1_shortage_ratio_AN RICE CRACKER SEAWEED 111.3G_T135_3,0.262232
CG_LT,135,,MM HIEP PHU,MM AN PHU,AN RICE CRACKER SEAWEED 111.3G,46,0.6,0.524464,28.321585,PRICED_E1_shortage_ratio_AN RICE CRACKER SEAWEED 111.3G_T135_3,0.262232
CG_LT,136,,MM HIEP PHU,MM AN PHU,AN RICE CRACKER SEAWEED 111.3G,113,0.6,2.0,69.832646,PRICED_E1_shortage_ratio_AN RICE CRACKER SEAWEED 111.3G_T136_1,1.0
CG_LT,136,,MM BINH PHU,MM AN PHU,AN RICE CRACKER SEAWEED 111.3G,11,0.6,0.816768,7.240523,PRICED_E1_shortage_ratio_AN RICE CRACKER SEAWEED 111.3G_T136_2,0.408384
CG_LT,136,,MM DA NANG,MM AN PHU,AN RICE CRACKER SEAWEED 111.3G,35,0.6,0.816768,22.094766,PRICED_E1_shortage_ratio_AN RICE CRACKER SEAWEED 111.3G_T136_2,0.408384
CG_LT,137,,MM BINH PHU,MM AN PHU,AN RICE CRACKER SEAWEED 111.3G,42,0.6,2.0,27.325176,PRICED_E1_shortage_ratio_AN RICE CRACKER SEAWEED 111.3G_T137_1,1.0
CG_LT,137,,MM DA NANG,MM AN PHU,AN RICE CRACKER SEAWEED 111.3G,42,0.6,2.0,27.325176,PRICED_E1_shortage_ratio_AN RICE CRACKER SEAWEED 111.3G_T137_2,1.0
CG_LT,137,,MM HIEP PHU,MM AN PHU,AN RICE CRACKER SEAWEED 111.3G,27,0.6,1.255798,17.157447,PRICED_E1_shortage_ratio_AN RICE CRACKER SEAWEED 111.3G_T137_3,0.627899
CG_LT,138,,MM BINH PHU,MM AN PHU,AN RICE CRACKER SEAWEED 111.3G,64,0.6,2.0,40.212018,PRICED_E1_shortage_ratio_AN RICE CRACKER SEAWEED 111.3G_T138_1,1.0
CG_LT,138,,MM HIEP PHU,MM AN PHU,AN RICE CRACKER SEAWEED 111.3G,64,0.6,2.0,40.212018,PRICED_E1_shortage_ratio_AN RICE CRACKER SEAWEED 111.3G_T138_2,1.0
CG_LT,138,,MM BINH PHU,MM AN PHU,AN RICE CRACKER SEAWEED 111.3G,1,0.6,0.431444,0.855856,PRICED_E1_shortage_ratio_AN RICE CRACKER SEAWEED 111.3G_T138_3,0.215722
CG_LT,138,,MM DA NANG,MM AN PHU,AN RICE CRACKER SEAWEED 111.3G,13,0.6,0.431444,8.250195,PRICED_E1_shortage_ratio_AN RICE CRACKER SEAWEED 111.3G_T138_3,0.215722
CG_LT,139,,MM BINH PHU,MM AN PHU,AN RICE CRACKER SEAWEED 111.3G,46,0.6,2.0,29.575952,PRICED_E1_shortage_ratio_AN RICE CRACKER SEAWEED 111.3G_T139_1,1.0
CG_LT,139,,MM DA NANG,MM AN PHU,AN RICE CRACKER SEAWEED 111.3G,46,0.6,2.0,29.575952,PRICED_E1_shortage_ratio_AN RICE CRACKER SEAWEED 111.3G_T139_2,1.0
CG_LT,139,,MM HIEP PHU,MM AN PHU,AN RICE CRACKER SEAWEED 111.3G,21,0.6,0.912454,13.493351,PRICED_E1_shortage_ratio_AN RICE CRACKER SEAWEED 111.3G_T139_3,0.456227
CG_LT,13,,MM DA NANG,MM AN PHU,AN RICE CRACKER SEAWEED 111.3G,24,0.6,2.0,16.401507,PRICED_E1_shortage_ratio_AN RICE CRACKER SEAWEED 111.3G_T13_1,1.0
CG_LT,13,,MM HIEP PHU,MM AN PHU,AN RICE CRACKER SEAWEED 111.3G,24,0.6,2.0,16.401507,PRICED_E1_shortage_ratio_AN RICE CRACKER SEAWEED 111.3G_T13_2,1.0
CG_LT,140,,MM HIEP PHU,MM AN PHU,AN RICE CRACKER SEAWEED 111.3G,127,0.6,2.0,78.115316,PRICED_E1_shortage_ratio_AN RICE CRACKER SEAWEED 111.3G_T140_1,1.0
CG_LT,140,,MM BINH PHU,MM AN PHU,AN RICE CRACKER SEAWEED 111.3G,23,0.6,0.898718,14.59416,PRICED_E1_shortage_ratio_AN RICE CRACKER SEAWEED 111.3G_T140_3,0.449359
CG_LT,140,,MM HIEP PHU,MM AN PHU,AN RICE CRACKER SEAWEED 111.3G,34,0.6,0.898718,21.406359,PRICED_E1_shortage_ratio_AN RICE CRACKER SEAWEED 111.3G_T140_3,0.449359
CG_LT,141,,MM BINH PHU,MM DA NANG,AN RICE CRACKER SEAWEED 111.3G,10,0.6,0.394888,6.388335,PRICED_E1_shortage_ratio_AN RICE CRACKER SEAWEED 111.3G_T141_1,0.197444
CG_LT,141,,MM HIEP PHU,MM AN PHU,AN RICE CRACKER SEAWEED 111.3G,44,0.6,0.394888,26.95791,PRICED_E1_shortage_ratio_AN RICE CRACKER SEAWEED 111.3G_T141_1,0.197444
CG_LT,141,,MM HIEP PHU,MM AN PHU,AN RICE CRACKER SEAWEED 111.3G,224,0.6,2.0,136.534578,PRICED_E1_shortage_ratio_AN RICE CRACKER SEAWEED 111.3G_T141_4,1.0
CG_LT,141,,MM HIEP PHU,MM DA NANG,AN RICE CRACKER SEAWEED 111.3G,51,0.6,2.0,32.3552,PRICED_E1_shortage_ratio_AN RICE CRACKER SEAWEED 111.3G_T141_4,1.0
CG_LT,142,,MM HIEP PHU,MM AN PHU,AN RICE CRACKER SEAWEED 111.3G,403,0.6,2.0,243.731584,PRICED_E1_shortage_ratio_AN RICE CRACKER SEAWEED 111.3G_T142_1,1.0
CG_LT,142,,MM HIEP PHU,MM DA NANG,AN RICE CRACKER SEAWEED 111.3G,86,0.6,2.0,53.850587,PRICED_E1_shortage_ratio_AN RICE CRACKER SEAWEED 111.3G_T142_1,1.0
CG_LT,143,,MM HIEP PHU,MM AN PHU,AN RICE CRACKER SEAWEED 111.3G,411,0.6,2.0,248.64204,PRICED_E1_shortage_ratio_AN RICE CRACKER SEAWEED 111.3G_T143_1,1.0
CG_LT,143,,MM HIEP PHU,MM DA NANG,AN RICE CRACKER SEAWEED 111.3G,68,0.6,2.0,42.617326,PRICED_E1_shortage_ratio_AN RICE CRACKER SEAWEED 111.3G_T143_1,1.0
CG_LT,143,,MM BINH PHU,MM DA NANG,AN RICE CRACKER SEAWEED 111.3G,0,0.6,0.03709,0.268236,PRICED_E1_shortage_ratio_AN RICE CRACKER SEAWEED 111.3G_T143_4,0.018545
CG_LT,143,,MM HIEP PHU,MM AN PHU,AN RICE CRACKER SEAWEED 111.3G,8,0.6,0.03709,4.611039,PRICED_E1_shortage_ratio_AN RICE CRACKER SEAWEED 111.3G_T143_4,0.018545
CG_LT,143,,MM HIEP PHU,MM DA NANG,AN RICE CRACKER SEAWEED 111.3G,1,0.6,0.03709,0.559188,PRICED_E1_shortage_ratio_AN RICE CRACKER SEAWEED 111.3G_T143_4,0.018545
CG_LT,144,,MM HIEP PHU,MM AN PHU,AN RICE CRACKER SEAWEED 111.3G,157,0.6,2.0,95.909155,PRICED_E1_shortage_ratio_AN RICE CRACKER SEAWEED 111.3G_T144_1,1.0
CG_LT,144,,MM HIEP PHU,MM DA NANG,AN RICE CRACKER SEAWEED 111.3G,31,0.6,2.0,20.50257,PRICED_E1_shortage_ratio_AN RICE CRACKER SEAWEED 111.3G_T144_1,1.0
CG_LT,144,,MM BINH PHU,MM DA NANG,AN RICE CRACKER SEAWEED 111.3G,2,0.6,0.212514,1.414345,PRICED_E1_shortage_ratio_AN RICE CRACKER SEAWEED 111.3G_T144_4,0.106257
CG_LT,144,,MM HIEP PHU,MM AN PHU,AN RICE CRACKER SEAWEED 111.3G,17,0.6,0.212514,10.191034,PRICED_E1_shortage_ratio_AN RICE CRACKER SEAWEED 111.3G_T144_4,0.106257
CG_LT,144,,MM HIEP PHU,MM DA NANG,AN RICE CRACKER SEAWEED 111.3G,1,0.6,0.212514,0.976714,PRICED_E1_shortage_ratio_AN RICE CRACKER SEAWEED 111.3G_T144_4,0.106257
CG_LT,145,,MM HIEP PHU,MM AN PHU,AN RICE CRACKER SEAWEED 111.3G,62,0.6,2.0,38.976558,PRICED_E1_shortage_ratio_AN RICE CRACKER SEAWEED 111.3G_T145_1,1.0
CG_LT,145,,MM BINH PHU,MM AN PHU,AN RICE CRACKER SEAWEED 111.3G,0,0.6,0.005373,0.081294,PRICED_E1_shortage_ratio_AN RICE CRACKER SEAWEED 111.3G_T145_2,0.002686
CG_LT,145,,MM HIEP PHU,MM AN PHU,AN RICE CRACKER SEAWEED 111.3G,0,0.6,0.005373,0.028786,PRICED_E1_shortage_ratio_AN RICE CRACKER SEAWEED 111.3G_T145_2,0.002686
CG_LT,146,,MM AN PHU,MM BINH PHU,AN RICE CRACKER SEAWEED 111.3G,11,0.6,2.0,8.798121,PRICED_E1_shortage_ratio_AN RICE CRACKER SEAWEED 111.3G_T146_1,1.0
CG_LT,146,,MM AN PHU,MM DA NANG,AN RICE CRACKER SEAWEED 111.3G,12,0.6,2.0,9.003121,PRICED_E1_shortage_ratio_AN RICE CRACKER SEAWEED 111.3G_T146_1,1.0
CG_LT,146,,MM AN PHU,MM BINH PHU,AN RICE CRACKER SEAWEED 111.3G,2,0.6,0.283804,1.248471,PRICED_E1_shortage_ratio_AN RICE CRACKER SEAWEED 111.3G_T146_2,0.141902
CG_LT,146,,MM HIEP PHU,MM DA NANG,AN RICE CRACKER SEAWEED 111.3G,2,0.6,0.283804,1.277561,PRICED_E1_shortage_ratio_AN RICE CRACKER SEAWEED 111.3G_T146_2,0.141902
CG_LT,147,,MM AN PHU,MM BINH PHU,AN RICE CRACKER SEAWEED 111.3G,42,0.6,2.0,27.228001,PRICED_E1_shortage_ratio_AN RICE CRACKER SEAWEED 111.3G_T147_1,1.0
CG_LT,147,,MM HIEP PHU,MM BINH PHU,AN RICE CRACKER SEAWEED 111.3G,34,0.6,1.613163,21.961606,PRICED_E1_shortage_ratio_AN RICE CRACKER SEAWEED 111.3G_T147_2,0.806582
CG_LT,148,,MM AN PHU,MM DA NANG,AN RICE CRACKER SEAWEED 111.3G,8,0.6,2.0,7.096853,PRICED_E1_shortage_ratio_AN RICE CRACKER SEAWEED 111.3G_T148_1,1.0
CG_LT,148,,MM HIEP PHU,MM BINH PHU,AN RICE CRACKER SEAWEED 111.3G,281,0.6,2.0,170.314609,PRICED_E1_shortage_ratio_AN RICE CRACKER SEAWEED 111.3G_T148_1,1.0
CG_LT,148,,MM HIEP PHU,MM BINH PHU,AN RICE CRACKER SEAWEED 111.3G,5,0.6,0.037005,3.151246,PRICED_E1_shortage_ratio_AN RICE CRACKER SEAWEED 111.3G_T148_4,0.018502
CG_LT,148,,MM HIEP PHU,MM DA NANG,AN RICE CRACKER SEAWEED 111.3G,0,0.6,0.037005,0.131309,PRICED_E1_shortage_ratio_AN RICE CRACKER SEAWEED 111.3G_T148_4,0.018502
CG_LT,149,,MM HIEP PHU,MM AN PHU,AN RICE CRACKER SEAWEED 111.3G,21,0.6,2.0,14.471724,PRICED_E1_shortage_ratio_AN RICE CRACKER SEAWEED 111.3G_T149_1,1.0
CG_LT,149,,MM HIEP PHU,MM BINH PHU,AN RICE CRACKER SEAWEED 111.3G,266,0.6,2.0,161.700414,PRICED_E1_shortage_ratio_AN RICE CRACKER SEAWEED 111.3G_T149_1,1.0
CG_LT,149,,MM HIEP PHU,MM DA NANG,AN RICE CRACKER SEAWEED 111.3G,76,0.6,2.0,47.354464,PRICED_E1_shortage_ratio_AN RICE CRACKER SEAWEED 111.3G_T149_1,1.0
CG_LT,14,,MM DA NANG,MM BINH PHU,AN RICE CRACKER SEAWEED 111.3G,10,0.6,2.0,8.0,PRICED_E1_shortage_ratio_AN RICE CRACKER SEAWEED 111.3G_T14_1,1.0
CG_LT,14,,MM HIEP PHU,MM AN PHU,AN RICE CRACKER SEAWEED 111.3G,91,0.6,2.0,56.455703,PRICED_E1_shortage_ratio_AN RICE CRACKER SEAWEED 111.3G_T14_1,1.0
CG_LT,14,,MM HIEP PHU,MM AN PHU,AN RICE CRACKER SEAWEED 111.3G,29,0.6,0.630601,17.800497,PRICED_E1_shortage_ratio_AN RICE CRACKER SEAWEED 111.3G_T14_4,0.3153
CG_LT,14,,MM HIEP PHU,MM BINH PHU,AN RICE CRACKER SEAWEED 111.3G,3,0.6,0.630601,2.522402,PRICED_E1_shortage_ratio_AN RICE CRACKER SEAWEED 111.3G_T14_4,0.3153
CG_LT,150,,MM HIEP PHU,MM AN PHU,AN RICE CRACKER SEAWEED 111.3G,9,0.6,2.0,7.560164,PRICED_E1_shortage_ratio_AN RICE CRACKER SEAWEED 111.3G_T150_1,1.0
CG_LT,150,,MM HIEP PHU,MM BINH PHU,AN RICE CRACKER SEAWEED 111.3G,1,0.6,2.0,2.740519,PRICED_E1_shortage_ratio_AN RICE CRACKER SEAWEED 111.3G_T150_1,1.0
CG_LT,150,,MM HIEP PHU,MM DA NANG,AN RICE CRACKER SEAWEED 111.3G,47,0.6,2.0,30.310476,PRICED_E1_shortage_ratio_AN RICE CRACKER SEAWEED 111.3G_T150_1,1.0
CG_LT,151,,MM HIEP PHU,MM BINH PHU,AN RICE CRACKER SEAWEED 111.3G,5,0.6,2.0,5.284698,PRICED_E1_shortage_ratio_AN RICE CRACKER SEAWEED 111.3G_T151_3,1.0
CG_LT,152,,MM AN PHU,MM BINH PHU,AN RICE CRACKER SEAWEED 111.3G,4,0.6,0.216179,2.749497,PRICED_E1_shortage_ratio_AN RICE CRACKER SEAWEED 111.3G_T152_1,0.10809
CG_LT,152,,MM HIEP PHU,MM AN PHU,AN RICE CRACKER SEAWEED 111.3G,2,0.6,0.216179,1.188468,PRICED_E1_shortage_ratio_AN RICE CRACKER SEAWEED 111.3G_T152_1,0.10809
CG_LT,152,,MM HIEP PHU,MM AN PHU,AN RICE CRACKER SEAWEED 111.3G,15,0.6,2.0,10.9952,PRICED_E1_shortage_ratio_AN RICE CRACKER SEAWEED 111.3G_T152_2,1.0
CG_LT,152,,MM HIEP PHU,MM BINH PHU,AN RICE CRACKER SEAWEED 111.3G,39,0.6,2.0,25.437184,PRICED_E1_shortage_ratio_AN RICE CRACKER SEAWEED 111.3G_T152_2,1.0
CG_LT,153,,MM HIEP PHU,MM AN PHU,AN RICE CRACKER SEAWEED 111.3G,60,0.6,2.0,37.791556,PRICED_E1_shortage_ratio_AN RICE CRACKER SEAWEED 111.3G_T153_1,1.0
CG_LT,15,,MM HIEP PHU,MM AN PHU,AN RICE CRACKER SEAWEED 111.3G,124,0.6,2.0,76.248955,PRICED_E1_shortage_ratio_AN RICE CRACKER SEAWEED 111.3G_T15_1,1.0
CG_LT,15,,MM HIEP PHU,MM DA NANG,AN RICE CRACKER SEAWEED 111.3G,44,0.6,2.0,28.372909,PRICED_E1_shortage_ratio_AN RICE CRACKER SEAWEED 111.3G_T15_1,1.0
CG_LT,15,,MM HIEP PHU,MM DA NANG,AN RICE CRACKER SEAWEED 111.3G,30,0.6,0.36095,18.520677,PRICED_E1_shortage_ratio_AN RICE CRACKER SEAWEED 111.3G_T15_2,0.180475
CG_LT,15,,MM HIEP PHU,MM AN PHU,AN RICE CRACKER SEAWEED 111.3G,18,0.6,0.294982,11.246027,PRICED_E1_shortage_ratio_AN RICE CRACKER SEAWEED 111.3G_T15_3,0.147491
CG_LT,15,,MM HIEP PHU,MM BINH PHU,AN RICE CRACKER SEAWEED 111.3G,3,0.6,0.294982,1.806546,PRICED_E1_shortage_ratio_AN RICE CRACKER SEAWEED 111.3G_T15_3,0.147491
CG_LT,15,,MM HIEP PHU,MM DA NANG,AN RICE CRACKER SEAWEED 111.3G,4,0.6,0.294982,2.673182,PRICED_E1_shortage_ratio_AN RICE CRACKER SEAWEED 111.3G_T15_3,0.147491
CG_LT,16,,MM BINH PHU,MM AN PHU,AN RICE CRACKER SEAWEED 111.3G,8,0.6,2.0,6.749006,PRICED_E1_shortage_ratio_AN RICE CRACKER SEAWEED 111.3G_T16_1,1.0
CG_LT,16,,MM HIEP PHU,MM AN PHU,AN RICE CRACKER SEAWEED 111.3G,48,0.6,2.0,30.971352,PRICED_E1_shortage_ratio_AN RICE CRACKER SEAWEED 111.3G_T16_1,1.0
CG_LT,16,,MM HIEP PHU,MM DA NANG,AN RICE CRACKER SEAWEED 111.3G,195,0.6,2.0,119.185536,PRICED_E1_shortage_ratio_AN RICE CRACKER SEAWEED 111.3G_T16_1,1.0
CG_LT,17,,MM HIEP PHU,MM AN PHU,AN RICE CRACKER SEAWEED 111.3G,278,0.6,2.0,168.990117,PRICED_E1_shortage_ratio_AN RICE CRACKER SEAWEED 111.3G_T17_1,1.0
CG_LT,17,,MM HIEP PHU,MM AN PHU,AN RICE CRACKER SEAWEED 111.3G,38,0.6,0.280358,22.882461,PRICED_E1_shortage_ratio_AN RICE CRACKER SEAWEED 111.3G_T17_3,0.140179
CG_LT,17,,MM HIEP PHU,MM BINH PHU,AN RICE CRACKER SEAWEED 111.3G,1,0.6,0.280358,1.086732,PRICED_E1_shortage_ratio_AN RICE CRACKER SEAWEED 111.3G_T17_3,0.140179
CG_LT,18,,MM HIEP PHU,MM AN PHU,AN RICE CRACKER SEAWEED 111.3G,118,0.6,1.204727,71.761276,PRICED_E1_shortage_ratio_AN RICE CRACKER SEAWEED 111.3G_T18_1,0.602363
CG_LT,18,,MM HIEP PHU,MM DA NANG,AN RICE CRACKER SEAWEED 111.3G,58,0.6,1.204727,36.266805,PRICED_E1_shortage_ratio_AN RICE CRACKER SEAWEED 111.3G_T18_1,0.602363
CG_LT,18,,MM HIEP PHU,MM AN PHU,AN RICE CRACKER SEAWEED 111.3G,81,0.6,1.013441,49.828092,PRICED_E1_shortage_ratio_AN RICE CRACKER SEAWEED 111.3G_T18_2,0.506721
CG_LT,18,,MM HIEP PHU,MM BINH PHU,AN RICE CRACKER SEAWEED 111.3G,5,0.6,1.013441,4.022701,PRICED_E1_shortage_ratio_AN RICE CRACKER SEAWEED 111.3G_T18_2,0.506721
CG_LT,18,,MM HIEP PHU,MM DA NANG,AN RICE CRACKER SEAWEED 111.3G,62,0.6,1.013441,38.038102,PRICED_E1_shortage_ratio_AN RICE CRACKER SEAWEED 111.3G_T18_2,0.506721
CG_LT,19,,MM HIEP PHU,MM AN PHU,AN RICE CRACKER SEAWEED 111.3G,68,0.6,2.0,43.031511,PRICED_E1_shortage_ratio_AN RICE CRACKER SEAWEED 111.3G_T19_1,1.0
CG_LT,19,,MM HIEP PHU,MM BINH PHU,AN RICE CRACKER SEAWEED 111.3G,15,0.6,2.0,11.034822,PRICED_E1_shortage_ratio_AN RICE CRACKER SEAWEED 111.3G_T19_1,1.0
CG_LT,19,,MM HIEP PHU,MM DA NANG,AN RICE CRACKER SEAWEED 111.3G,105,0.6,2.0,65.234435,PRICED_E1_shortage_ratio_AN RICE CRACKER SEAWEED 111.3G_T19_1,1.0
CG_LT,20,,MM HIEP PHU,MM AN PHU,AN RICE CRACKER SEAWEED 111.3G,38,0.6,2.0,24.732357,PRICED_E1_shortage_ratio_AN RICE CRACKER SEAWEED 111.3G_T20_1,1.0
CG_LT,20,,MM HIEP PHU,MM DA NANG,AN RICE CRACKER SEAWEED 111.3G,8,0.6,2.0,6.539568,PRICED_E1_shortage_ratio_AN RICE CRACKER SEAWEED 111.3G_T20_1,1.0
CG_LT,21,,MM BINH PHU,MM AN PHU,AN RICE CRACKER SEAWEED 111.3G,25,0.6,0.933119,15.922485,PRICED_E1_shortage_ratio_AN RICE CRACKER SEAWEED 111.3G_T21_1,0.46656
CG_LT,21,,MM HIEP PHU,MM AN PHU,AN RICE CRACKER SEAWEED 111.3G,54,0.6,2.0,34.127434,PRICED_E1_shortage_ratio_AN RICE CRACKER SEAWEED 111.3G_T21_2,1.0
CG_LT,22,,MM BINH PHU,MM AN PHU,AN RICE CRACKER SEAWEED 111.3G,60,0.6,2.0,38.248666,PRICED_E1_shortage_ratio_AN RICE CRACKER SEAWEED 111.3G_T22_1,1.0
CG_LT,22,,MM HIEP PHU,MM AN PHU,AN RICE CRACKER SEAWEED 111.3G,28,0.6,0.941283,18.001417,PRICED_E1_shortage_ratio_AN RICE CRACKER SEAWEED 111.3G_T22_2,0.470642
CG_LT,23,,MM BINH PHU,MM AN PHU,AN RICE CRACKER SEAWEED 111.3G,14,0.6,0.332789,8.883013,PRICED_E1_shortage_ratio_AN RICE CRACKER SEAWEED 111.3G_T23_4,0.166395
CG_LT,23,,MM HIEP PHU,MM DA NANG,AN RICE CRACKER SEAWEED 111.3G,1,0.6,0.332789,1.085346,PRICED_E1_shortage_ratio_AN RICE CRACKER SEAWEED 111.3G_T23_4,0.166395
CG_LT,24,,MM BINH PHU,MM AN PHU,AN RICE CRACKER SEAWEED 111.3G,32,0.6,1.574647,20.651386,PRICED_E1_shortage_ratio_AN RICE CRACKER SEAWEED 111.3G_T24_1,0.787324
CG_LT,24,,MM HIEP PHU,MM AN PHU,AN RICE CRACKER SEAWEED 111.3G,40,0.6,2.0,26.229858,PRICED_E1_shortage_ratio_AN RICE CRACKER SEAWEED 111.3G_T24_2,1.0
CG_LT,25,,MM BINH PHU,MM AN PHU,AN RICE CRACKER SEAWEED 111.3G,12,0.6,2.0,9.31272,PRICED_E1_shortage_ratio_AN RICE CRACKER SEAWEED 111.3G_T25_1,1.0
CG_LT,25,,MM HIEP PHU,MM AN PHU,AN RICE CRACKER SEAWEED 111.3G,12,0.6,2.0,9.31272,PRICED_E1_shortage_ratio_AN RICE CRACKER SEAWEED 111.3G_T25_2,1.0
CG_LT,26,,MM HIEP PHU,MM AN PHU,AN RICE CRACKER SEAWEED 111.3G,44,0.6,2.0,28.325716,PRICED_E1_shortage_ratio_AN RICE CRACKER SEAWEED 111.3G_T26_1,1.0
CG_LT,26,,MM HIEP PHU,MM DA NANG,AN RICE CRACKER SEAWEED 111.3G,69,0.6,2.0,43.46507,PRICED_E1_shortage_ratio_AN RICE CRACKER SEAWEED 111.3G_T26_1,1.0
CG_LT,27,,MM BINH PHU,MM AN PHU,AN RICE CRACKER SEAWEED 111.3G,22,0.6,0.905736,14.366958,PRICED_E1_shortage_ratio_AN RICE CRACKER SEAWEED 111.3G_T27_2,0.452868
CG_LT,27,,MM HIEP PHU,MM DA NANG,AN RICE CRACKER SEAWEED 111.3G,31,0.6,0.905736,19.256424,PRICED_E1_shortage_ratio_AN RICE CRACKER SEAWEED 111.3G_T27_2,0.452868
CG_LT,28,,MM BINH PHU,MM DA NANG,AN RICE CRACKER SEAWEED 111.3G,0,0.6,2.0,2.139571,PRICED_E1_shortage_ratio_AN RICE CRACKER SEAWEED 111.3G_T28_2,1.0
CG_LT,29,,MM HIEP PHU,MM AN PHU,AN RICE CRACKER SEAWEED 111.3G,82,0.6,2.0,51.364781,PRICED_E1_shortage_ratio_AN RICE CRACKER SEAWEED 111.3G_T29_1,1.0
CG_LT,29,,MM BINH PHU,MM AN PHU,AN RICE CRACKER SEAWEED 111.3G,9,0.6,0.843662,6.369749,PRICED_E1_shortage_ratio_AN RICE CRACKER SEAWEED 111.3G_T29_2,0.421831
CG_LT,29,,MM HIEP PHU,MM AN PHU,AN RICE CRACKER SEAWEED 111.3G,25,0.6,0.843662,16.141158,PRICED_E1_shortage_ratio_AN RICE CRACKER SEAWEED 111.3G_T29_2,0.421831
CG_LT,30,,MM HIEP PHU,MM AN PHU,AN RICE CRACKER SEAWEED 111.3G,160,0.6,2.0,98.207443,PRICED_E1_shortage_ratio_AN RICE CRACKER SEAWEED 111.3G_T30_1,1.0
CG_LT,31,,MM BINH PHU,MM AN PHU,AN RICE CRACKER SEAWEED 111.3G,119,0.6,2.0,73.309575,PRICED_E1_shortage_ratio_AN RICE CRACKER SEAWEED 111.3G_T31_1,1.0
CG_LT,31,,MM HIEP PHU,MM AN PHU,AN RICE CRACKER SEAWEED 111.3G,43,0.6,0.725334,26.586959,PRICED_E1_shortage_ratio_AN RICE CRACKER SEAWEED 111.3G_T31_2,0.362667
CG_LT,32,,MM BINH PHU,MM AN PHU,AN RICE CRACKER SEAWEED 111.3G,102,0.6,2.0,62.960963,PRICED_E1_shortage_ratio_AN RICE CRACKER SEAWEED 111.3G_T32_1,1.0
CG_LT,32,,MM HIEP PHU,MM AN PHU,AN RICE CRACKER SEAWEED 111.3G,47,0.6,0.93082,29.302657,PRICED_E1_shortage_ratio_AN RICE CRACKER SEAWEED 111.3G_T32_2,0.46541
CG_LT,33,,MM BINH PHU,MM AN PHU,AN RICE CRACKER SEAWEED 111.3G,49,0.6,2.0,31.251792,PRICED_E1_shortage_ratio_AN RICE CRACKER SEAWEED 111.3G_T33_1,1.0
CG_LT,33,,MM DA NANG,MM AN PHU,AN RICE CRACKER SEAWEED 111.3G,5,0.6,0.192892,3.014107,PRICED_E1_shortage_ratio_AN RICE CRACKER SEAWEED 111.3G_T33_2,0.096446
CG_LT,33,,MM HIEP PHU,MM AN PHU,AN RICE CRACKER SEAWEED 111.3G,49,0.6,2.0,31.251792,PRICED_E1_shortage_ratio_AN RICE CRACKER SEAWEED 111.3G_T33_3,1.0
CG_LT,34,,MM HIEP PHU,MM AN PHU,AN RICE CRACKER SEAWEED 111.3G,116,0.6,2.0,71.51786,PRICED_E1_shortage_ratio_AN RICE CRACKER SEAWEED 111.3G_T34_1,1.0
CG_LT,34,,MM BINH PHU,MM AN PHU,AN RICE CRACKER SEAWEED 111.3G,41,0.6,0.83148,25.325537,PRICED_E1_shortage_ratio_AN RICE CRACKER SEAWEED 111.3G_T34_2,0.41574
CG_LT,34,,MM DA NANG,MM AN PHU,AN RICE CRACKER SEAWEED 111.3G,7,0.6,0.83148,5.238763,PRICED_E1_shortage_ratio_AN RICE CRACKER SEAWEED 111.3G_T34_2,0.41574
CG_LT,35,,MM HIEP PHU,MM AN PHU,AN RICE CRACKER SEAWEED 111.3G,177,0.6,2.0,108.292811,PRICED_E1_shortage_ratio_AN RICE CRACKER SEAWEED 111.3G_T35_1,1.0
CG_LT,35,,MM BINH PHU,MM AN PHU,AN RICE CRACKER SEAWEED 111.3G,5,0.6,0.430238,3.508047,PRICED_E1_shortage_ratio_AN RICE CRACKER SEAWEED 111.3G_T35_3,0.215119
CG_LT,35,,MM HIEP PHU,MM AN PHU,AN RICE CRACKER SEAWEED 111.3G,33,0.6,0.430238,20.218018,PRICED_E1_shortage_ratio_AN RICE CRACKER SEAWEED 111.3G_T35_3,0.215119
CG_LT,36,,MM BINH PHU,MM AN PHU,AN RICE CRACKER SEAWEED 111.3G,75,0.6,1.372431,46.286706,PRICED_E1_shortage_ratio_AN RICE CRACKER SEAWEED 111.3G_T36_1,0.686216
CG_LT,36,,MM HIEP PHU,MM AN PHU,AN RICE CRACKER SEAWEED 111.3G,109,0.6,2.0,67.452126,PRICED_E1_shortage_ratio_AN RICE CRACKER SEAWEED 111.3G_T36_2,1.0
CG_LT,37,,MM HIEP PHU,MM AN PHU,AN RICE CRACKER SEAWEED 111.3G,187,0.6,2.0,114.297773,PRICED_E1_shortage_ratio_AN RICE CRACKER SEAWEED 111.3G_T37_1,1.0
CG_LT,37,,MM BINH PHU,MM AN PHU,AN RICE CRACKER SEAWEED 111.3G,17,0.6,0.492374,10.564806,PRICED_E1_shortage_ratio_AN RICE CRACKER SEAWEED 111.3G_T37_2,0.246187
CG_LT,37,,MM HIEP PHU,MM AN PHU,AN RICE CRACKER SEAWEED 111.3G,29,0.6,0.492374,18.066168,PRICED_E1_shortage_ratio_AN RICE CRACKER SEAWEED 111.3G_T37_2,0.246187
CG_LT,38,,MM HIEP PHU,MM AN PHU,AN RICE CRACKER SEAWEED 111.3G,127,0.6,2.0,78.12787,PRICED_E1_shortage_ratio_AN RICE CRACKER SEAWEED 111.3G_T38_1,1.0
CG_LT,38,,MM HIEP PHU,MM DA NANG,AN RICE CRACKER SEAWEED 111.3G,46,0.6,2.0,29.469123,PRICED_E1_shortage_ratio_AN RICE CRACKER SEAWEED 111.3G_T38_1,1.0
CG_LT,38,,MM BINH PHU,MM DA NANG,AN RICE CRACKER SEAWEED 111.3G,12,0.6,0.596095,7.863528,PRICED_E1_shortage_ratio_AN RICE CRACKER SEAWEED 111.3G_T38_4,0.298048
CG_LT,38,,MM HIEP PHU,MM AN PHU,AN RICE CRACKER SEAWEED 111.3G,38,0.6,0.596095,23.285825,PRICED_E1_shortage_ratio_AN RICE CRACKER SEAWEED 111.3G_T38_4,0.298048
CG_LT,38,,MM HIEP PHU,MM DA NANG,AN RICE CRACKER SEAWEED 111.3G,2,0.6,0.596095,1.515769,PRICED_E1_shortage_ratio_AN RICE CRACKER SEAWEED 111.3G_T38_4,0.298048
CG_LT,39,,MM HIEP PHU,MM AN PHU,AN RICE CRACKER SEAWEED 111.3G,67,0.6,2.0,42.182441,PRICED_E1_shortage_ratio_AN RICE CRACKER SEAWEED 111.3G_T39_1,1.0
CG_LT,39,,MM HIEP PHU,MM DA NANG,AN RICE CRACKER SEAWEED 111.3G,73,0.6,2.0,45.806658,PRICED_E1_shortage_ratio_AN RICE CRACKER SEAWEED 111.3G_T39_1,1.0
CG_LT,39,,MM BINH PHU,MM DA NANG,AN RICE CRACKER SEAWEED 111.3G,9,0.6,0.698267,6.293337,PRICED_E1_shortage_ratio_AN RICE CRACKER SEAWEED 111.3G_T39_2,0.349133
CG_LT,39,,MM HIEP PHU,MM AN PHU,AN RICE CRACKER SEAWEED 111.3G,23,0.6,0.698267,14.727302,PRICED_E1_shortage_ratio_AN RICE CRACKER SEAWEED 111.3G_T39_2,0.349133
CG_LT,39,,MM HIEP PHU,MM DA NANG,AN RICE CRACKER SEAWEED 111.3G,16,0.6,0.698267,10.397568,PRICED_E1_shortage_ratio_AN RICE CRACKER SEAWEED 111.3G_T39_2,0.349133
CG_LT,40,,MM BINH PHU,MM DA NANG,AN RICE CRACKER SEAWEED 111.3G,21,0.6,2.0,14.732118,PRICED_E1_shortage_ratio_AN RICE CRACKER SEAWEED 111.3G_T40_1,1.0
CG_LT,40,,MM HIEP PHU,MM AN PHU,AN RICE CRACKER SEAWEED 111.3G,69,0.6,2.0,43.15211,PRICED_E1_shortage_ratio_AN RICE CRACKER SEAWEED 111.3G_T40_1,1.0
CG_LT,40,,MM HIEP PHU,MM AN PHU,AN RICE CRACKER SEAWEED 111.3G,20,0.6,0.589215,12.712936,PRICED_E1_shortage_ratio_AN RICE CRACKER SEAWEED 111.3G_T40_4,0.294608
CG_LT,40,,MM HIEP PHU,MM DA NANG,AN RICE CRACKER SEAWEED 111.3G,6,0.6,0.589215,4.340193,PRICED_E1_shortage_ratio_AN RICE CRACKER SEAWEED 111.3G_T40_4,0.294608
CG_LT,41,,MM AN PHU,MM DA NANG,AN RICE CRACKER SEAWEED 111.3G,9,0.6,2.0,7.484025,PRICED_E1_shortage_ratio_AN RICE CRACKER SEAWEED 111.3G_T41_1,1.0
CG_LT,41,,MM BINH PHU,MM DA NANG,AN RICE CRACKER SEAWEED 111.3G,9,0.6,2.0,7.484025,PRICED_E1_shortage_ratio_AN RICE CRACKER SEAWEED 111.3G_T41_2,1.0
CG_LT,41,,MM HIEP PHU,MM DA NANG,AN RICE CRACKER SEAWEED 111.3G,9,0.6,2.0,7.484025,PRICED_E1_shortage_ratio_AN RICE CRACKER SEAWEED 111.3G_T41_3,1.0
CG_LT,42,,MM AN PHU,MM DA NANG,AN RICE CRACKER SEAWEED 111.3G,86,0.6,2.0,53.49217,PRICED_E1_shortage_ratio_AN RICE CRACKER SEAWEED 111.3G_T42_1,1.0
CG_LT,42,,MM BINH PHU,MM DA NANG,AN RICE CRACKER SEAWEED 111.3G,56,0.6,1.316661,35.215531,PRICED_E1_shortage_ratio_AN RICE CRACKER SEAWEED 111.3G_T42_2,0.658331
CG_LT,43,,MM AN PHU,MM DA NANG,AN RICE CRACKER SEAWEED 111.3G,85,0.6,2.0,53.147305,PRICED_E1_shortage_ratio_AN RICE CRACKER SEAWEED 111.3G_T43_1,1.0
CG_LT,43,,MM HIEP PHU,MM DA NANG,AN RICE CRACKER SEAWEED 111.3G,57,0.6,1.344505,35.7284,PRICED_E1_shortage_ratio_AN RICE CRACKER SEAWEED 111.3G_T43_2,0.672252
CG_LT,48,,MM BINH PHU,MM DA NANG,AN RICE CRACKER SEAWEED 111.3G,2,0.6,0.179736,1.575893,PRICED_E1_shortage_ratio_AN RICE CRACKER SEAWEED 111.3G_T48_4,0.089868
CG_LT,48,,MM HIEP PHU,MM AN PHU,AN RICE CRACKER SEAWEED 111.3G,13,0.6,0.179736,7.899658,PRICED_E1_shortage_ratio_AN RICE CRACKER SEAWEED 111.3G_T48_4,0.089868
CG_LT,49,,MM HIEP PHU,MM AN PHU,AN RICE CRACKER SEAWEED 111.3G,205,0.6,2.0,124.987867,PRICED_E1_shortage_ratio_AN RICE CRACKER SEAWEED 111.3G_T49_1,1.0
CG_LT,49,,MM BINH PHU,MM AN PHU,AN RICE CRACKER SEAWEED 111.3G,11,0.6,0.167341,6.973726,PRICED_E1_shortage_ratio_AN RICE CRACKER SEAWEED 111.3G_T49_2,0.083671
CG_LT,49,,MM HIEP PHU,MM AN PHU,AN RICE CRACKER SEAWEED 111.3G,6,0.6,0.167341,3.651428,PRICED_E1_shortage_ratio_AN RICE CRACKER SEAWEED 111.3G_T49_2,0.083671
CG_LT,50,,MM BINH PHU,MM DA NANG,AN RICE CRACKER SEAWEED 111.3G,38,0.6,2.0,24.710819,PRICED_E1_shortage_ratio_AN RICE CRACKER SEAWEED 111.3G_T50_1,1.0
CG_LT,50,,MM HIEP PHU,MM AN PHU,AN RICE CRACKER SEAWEED 111.3G,317,0.6,2.0,192.104812,PRICED_E1_shortage_ratio_AN RICE CRACKER SEAWEED 111.3G_T50_1,1.0
CG_LT,51,,MM BINH PHU,MM DA NANG,AN RICE CRACKER SEAWEED 111.3G,86,0.6,2.0,53.549818,PRICED_E1_shortage_ratio_AN RICE CRACKER SEAWEED 111.3G_T51_1,1.0
CG_LT,51,,MM HIEP PHU,MM AN PHU,AN RICE CRACKER SEAWEED 111.3G,382,0.6,2.0,231.460548,PRICED_E1_shortage_ratio_AN RICE CRACKER SEAWEED 111.3G_T51_1,1.0
CG_LT,51,,MM HIEP PHU,MM AN PHU,AN RICE CRACKER SEAWEED 111.3G,52,0.6,0.271177,31.383429,PRICED_E1_shortage_ratio_AN RICE CRACKER SEAWEED 111.3G_T51_4,0.135589
CG_LT,51,,MM HIEP PHU,MM DA NANG,AN RICE CRACKER SEAWEED 111.3G,12,0.6,0.271177,7.260749,PRICED_E1_shortage_ratio_AN RICE CRACKER SEAWEED 111.3G_T51_4,0.135589
CG_LT,52,,MM BINH PHU,MM DA NANG,AN RICE CRACKER SEAWEED 111.3G,17,0.6,2.0,12.18835,PRICED_E1_shortage_ratio_AN RICE CRACKER SEAWEED 111.3G_T52_1,1.0
CG_LT,52,,MM HIEP PHU,MM AN PHU,AN RICE CRACKER SEAWEED 111.3G,240,0.6,2.0,146.186517,PRICED_E1_shortage_ratio_AN RICE CRACKER SEAWEED 111.3G_T52_1,1.0
CG_LT,52,,MM HIEP PHU,MM AN PHU,AN RICE CRACKER SEAWEED 111.3G,5,0.6,0.037665,2.753085,PRICED_E1_shortage_ratio_AN RICE CRACKER SEAWEED 111.3G_T52_4,0.018833
CG_LT,52,,MM HIEP PHU,MM DA NANG,AN RICE CRACKER SEAWEED 111.3G,0,0.6,0.037665,0.229539,PRICED_E1_shortage_ratio_AN RICE CRACKER SEAWEED 111.3G_T52_4,0.018833
CG_LT,53,,MM BINH PHU,MM AN PHU,AN RICE CRACKER SEAWEED 111.3G,58,0.6,2.0,36.544128,PRICED_E1_shortage_ratio_AN RICE CRACKER SEAWEED 111.3G_T53_1,1.0
CG_LT,53,,MM BINH PHU,MM DA NANG,AN RICE CRACKER SEAWEED 111.3G,31,0.6,2.0,20.428552,PRICED_E1_shortage_ratio_AN RICE CRACKER SEAWEED 111.3G_T53_1,1.0
CG_LT,53,,MM BINH PHU,MM DA NANG,AN RICE CRACKER SEAWEED 111.3G,12,0.6,0.790536,8.074748,PRICED_E1_shortage_ratio_AN RICE CRACKER SEAWEED 111.3G_T53_2,0.395268
CG_LT,53,,MM HIEP PHU,MM AN PHU,AN RICE CRACKER SEAWEED 111.3G,23,0.6,0.790536,14.444715,PRICED_E1_shortage_ratio_AN RICE CRACKER SEAWEED 111.3G_T53_2,0.395268
CG_LT,54,,MM BINH PHU,MM DA NANG,AN RICE CRACKER SEAWEED 111.3G,37,0.6,2.0,24.404504,PRICED_E1_shortage_ratio_AN RICE CRACKER SEAWEED 111.3G_T54_1,1.0
CG_LT,54,,MM HIEP PHU,MM DA NANG,AN RICE CRACKER SEAWEED 111.3G,12,0.6,0.641995,7.833788,PRICED_E1_shortage_ratio_AN RICE CRACKER SEAWEED 111.3G_T54_2,0.320998
CG_LT,57,,MM BINH PHU,MM AN PHU,AN RICE CRACKER SEAWEED 111.3G,18,0.6,2.0,13.007287,PRICED_E1_shortage_ratio_AN RICE CRACKER SEAWEED 111.3G_T57_1,1.0
CG_LT,57,,MM DA NANG,MM AN PHU,AN RICE CRACKER SEAWEED 111.3G,18,0.6,2.0,13.007287,PRICED_E1_shortage_ratio_AN RICE CRACKER SEAWEED 111.3G_T57_2,1.0
CG_LT,57,,MM HIEP PHU,MM AN PHU,AN RICE CRACKER SEAWEED 111.3G,18,0.6,2.0,13.007287,PRICED_E1_shortage_ratio_AN RICE CRACKER SEAWEED 111.3G_T57_3,1.0
CG_LT,58,,MM BINH PHU,MM AN PHU,AN RICE CRACKER SEAWEED 111.3G,43,0.6,0.769054,26.774083,PRICED_E1_shortage_ratio_AN RICE CRACKER SEAWEED 111.3G_T58_1,0.384527
CG_LT,58,,MM HIEP PHU,MM AN PHU,AN RICE CRACKER SEAWEED 111.3G,113,0.6,2.0,69.628572,PRICED_E1_shortage_ratio_AN RICE CRACKER SEAWEED 111.3G_T58_2,1.0
CG_LT,59,,MM BINH PHU,MM AN PHU,AN RICE CRACKER SEAWEED 111.3G,47,0.6,2.0,30.25906,PRICED_E1_shortage_ratio_AN RICE CRACKER SEAWEED 111.3G_T59_1,1.0
CG_LT,59,,MM HIEP PHU,MM AN PHU,AN RICE CRACKER SEAWEED 111.3G,47,0.6,2.0,30.25906,PRICED_E1_shortage_ratio_AN RICE CRACKER SEAWEED 111.3G_T59_2,1.0
CG_LT,59,,MM BINH PHU,MM AN PHU,AN RICE CRACKER SEAWEED 111.3G,6,0.6,0.698925,4.298414,PRICED_E1_shortage_ratio_AN RICE CRACKER SEAWEED 111.3G_T59_3,0.349462
CG_LT,59,,MM DA NANG,MM AN PHU,AN RICE CRACKER SEAWEED 111.3G,10,0.6,0.698925,6.974916,PRICED_E1_shortage_ratio_AN RICE CRACKER SEAWEED 111.3G_T59_3,0.349462
CG_LT,5,,MM DA NANG,MM AN PHU,AN RICE CRACKER SEAWEED 111.3G,97,0.6,2.0,59.983198,PRICED_E1_shortage_ratio_AN RICE CRACKER SEAWEED 111.3G_T5_1,1.0
CG_LT,5,,MM DA NANG,MM AN PHU,AN RICE CRACKER SEAWEED 111.3G,29,0.6,0.630831,18.327039,PRICED_E1_shortage_ratio_AN RICE CRACKER SEAWEED 111.3G_T5_3,0.315416
CG_LT,5,,MM HIEP PHU,MM AN PHU,AN RICE CRACKER SEAWEED 111.3G,1,0.6,0.630831,1.223425,PRICED_E1_shortage_ratio_AN RICE CRACKER SEAWEED 111.3G_T5_3,0.315416
CG_LT,60,,MM BINH PHU,MM AN PHU,AN RICE CRACKER SEAWEED 111.3G,64,0.6,2.0,40.464011,PRICED_E1_shortage_ratio_AN RICE CRACKER SEAWEED 111.3G_T60_1,1.0
CG_LT,60,,MM HIEP PHU,MM AN PHU,AN RICE CRACKER SEAWEED 111.3G,18,0.6,0.568718,11.506307,PRICED_E1_shortage_ratio_AN RICE CRACKER SEAWEED 111.3G_T60_2,0.284359
CG_LT,61,,MM BINH PHU,MM AN PHU,AN RICE CRACKER SEAWEED 111.3G,76,0.6,2.0,47.770736,PRICED_E1_shortage_ratio_AN RICE CRACKER SEAWEED 111.3G_T61_1,1.0
CG_LT,61,,MM BINH PHU,MM DA NANG,AN RICE CRACKER SEAWEED 111.3G,8,0.6,2.0,7.050285,PRICED_E1_shortage_ratio_AN RICE CRACKER SEAWEED 111.3G_T61_1,1.0
CG_LT,61,,MM BINH PHU,MM DA NANG,AN RICE CRACKER SEAWEED 111.3G,2,0.6,0.554645,1.955204,PRICED_E1_shortage_ratio_AN RICE CRACKER SEAWEED 111.3G_T61_2,0.277323
CG_LT,61,,MM HIEP PHU,MM AN PHU,AN RICE CRACKER SEAWEED 111.3G,21,0.6,0.554645,13.24791,PRICED_E1_shortage_ratio_AN RICE CRACKER SEAWEED 111.3G_T61_2,0.277323
CG_LT,62,,MM BINH PHU,MM AN PHU,AN RICE CRACKER SEAWEED 111.3G,1,0.6,0.05678,0.757395,PRICED_E1_shortage_ratio_AN RICE CRACKER SEAWEED 111.3G_T62_2,0.02839
CG_LT,62,,MM HIEP PHU,MM DA NANG,AN RICE CRACKER SEAWEED 111.3G,4,0.6,0.05678,2.693848,PRICED_E1_shortage_ratio_AN RICE CRACKER SEAWEED 111.3G_T62_2,0.02839
CG_LT,62,,MM BINH PHU,MM DA NANG,AN RICE CRACKER SEAWEED 111.3G,155,0.6,2.0,94.887019,PRICED_E1_shortage_ratio_AN RICE CRACKER SEAWEED 111.3G_T62_4,1.0
CG_LT,62,,MM HIEP PHU,MM AN PHU,AN RICE CRACKER SEAWEED 111.3G,41,0.6,2.0,26.67817,PRICED_E1_shortage_ratio_AN RICE CRACKER SEAWEED 111.3G_T62_4,1.0
CG_LT,63,,MM BINH PHU,MM AN PHU,AN RICE CRACKER SEAWEED 111.3G,20,0.6,0.520188,12.465284,PRICED_E1_shortage_ratio_AN RICE CRACKER SEAWEED 111.3G_T63_2,0.260094
CG_LT,63,,MM HIEP PHU,MM DA NANG,AN RICE CRACKER SEAWEED 111.3G,29,0.6,0.520188,18.006004,PRICED_E1_shortage_ratio_AN RICE CRACKER SEAWEED 111.3G_T63_2,0.260094
CG_LT,63,,MM BINH PHU,MM DA NANG,AN RICE CRACKER SEAWEED 111.3G,112,0.6,2.0,69.228879,PRICED_E1_shortage_ratio_AN RICE CRACKER SEAWEED 111.3G_T63_4,1.0
CG_LT,63,,MM HIEP PHU,MM AN PHU,AN RICE CRACKER SEAWEED 111.3G,77,0.6,2.0,47.926105,PRICED_E1_shortage_ratio_AN RICE CRACKER SEAWEED 111.3G_T63_4,1.0
CG_LT,64,,MM BINH PHU,MM AN PHU,AN RICE CRACKER SEAWEED 111.3G,50,0.6,2.0,32.01763,PRICED_E1_shortage_ratio_AN RICE CRACKER SEAWEED 111.3G_T64_1,1.0
CG_LT,64,,MM HIEP PHU,MM AN PHU,AN RICE CRACKER SEAWEED 111.3G,35,0.6,1.404476,22.484003,PRICED_E1_shortage_ratio_AN RICE CRACKER SEAWEED 111.3G_T64_2,0.702238
CG_LT,65,,MM BINH PHU,MM AN PHU,AN RICE CRACKER SEAWEED 111.3G,87,0.6,2.0,54.023005,PRICED_E1_shortage_ratio_AN RICE CRACKER SEAWEED 111.3G_T65_1,1.0
CG_LT,65,,MM HIEP PHU,MM AN PHU,AN RICE CRACKER SEAWEED 111.3G,37,0.6,0.848278,22.913273,PRICED_E1_shortage_ratio_AN RICE CRACKER SEAWEED 111.3G_T65_2,0.424139
CG_LT,66,,MM BINH PHU,MM AN PHU,AN RICE CRACKER SEAWEED 111.3G,44,0.6,2.0,28.309383,PRICED_E1_shortage_ratio_AN RICE CRACKER SEAWEED 111.3G_T66_1,1.0
CG_LT,66,,MM DA NANG,MM AN PHU,AN RICE CRACKER SEAWEED 111.3G,11,0.6,0.4812,6.811235,PRICED_E1_shortage_ratio_AN RICE CRACKER SEAWEED 111.3G_T66_2,0.2406
CG_LT,66,,MM HIEP PHU,MM AN PHU,AN RICE CRACKER SEAWEED 111.3G,44,0.6,2.0,28.309383,PRICED_E1_shortage_ratio_AN RICE CRACKER SEAWEED 111.3G_T66_3,1.0
CG_LT,68,,MM BINH PHU,MM AN PHU,AN RICE CRACKER SEAWEED 111.3G,2,0.6,0.10067,1.449806,PRICED_E1_shortage_ratio_AN RICE CRACKER SEAWEED 111.3G_T68_1,0.050335
CG_LT,68,,MM DA NANG,MM AN PHU,AN RICE CRACKER SEAWEED 111.3G,45,0.6,2.0,28.803032,PRICED_E1_shortage_ratio_AN RICE CRACKER SEAWEED 111.3G_T68_2,1.0
CG_LT,68,,MM HIEP PHU,MM AN PHU,AN RICE CRACKER SEAWEED 111.3G,45,0.6,2.0,28.803032,PRICED_E1_shortage_ratio_AN RICE CRACKER SEAWEED 111.3G_T68_3,1.0
CG_LT,69,,MM BINH PHU,MM AN PHU,AN RICE CRACKER SEAWEED 111.3G,28,0.6,2.0,18.821854,PRICED_E1_shortage_ratio_AN RICE CRACKER SEAWEED 111.3G_T69_1,1.0
CG_LT,69,,MM DA NANG,MM AN PHU,AN RICE CRACKER SEAWEED 111.3G,28,0.6,2.0,18.821854,PRICED_E1_shortage_ratio_AN RICE CRACKER SEAWEED 111.3G_T69_2,1.0
CG_LT,69,,MM HIEP PHU,MM AN PHU,AN RICE CRACKER SEAWEED 111.3G,28,0.6,2.0,18.821854,PRICED_E1_shortage_ratio_AN RICE CRACKER SEAWEED 111.3G_T69_3,1.0
CG_LT,6,,MM DA NANG,MM AN PHU,AN RICE CRACKER SEAWEED 111.3G,136,0.6,2.0,83.761279,PRICED_E1_shortage_ratio_AN RICE CRACKER SEAWEED 111.3G_T6_1,1.0
CG_LT,6,,MM DA NANG,MM BINH PHU,AN RICE CRACKER SEAWEED 111.3G,34,0.6,2.0,22.699352,PRICED_E1_shortage_ratio_AN RICE CRACKER SEAWEED 111.3G_T6_1,1.0
CG_LT,70,,MM HIEP PHU,MM AN PHU,AN RICE CRACKER SEAWEED 111.3G,191,0.6,2.0,116.534849,PRICED_E1_shortage_ratio_AN RICE CRACKER SEAWEED 111.3G_T70_1,1.0
CG_LT,70,,MM BINH PHU,MM AN PHU,AN RICE CRACKER SEAWEED 111.3G,47,0.6,0.493983,28.462172,PRICED_E1_shortage_ratio_AN RICE CRACKER SEAWEED 111.3G_T70_2,0.246992
CG_LT,70,,MM DA NANG,MM AN PHU,AN RICE CRACKER SEAWEED 111.3G,1,0.6,0.493983,0.814946,PRICED_E1_shortage_ratio_AN RICE CRACKER SEAWEED 111.3G_T70_2,0.246992
CG_LT,71,,MM BINH PHU,MM AN PHU,AN RICE CRACKER SEAWEED 111.3G,208,0.6,2.0,126.690742,PRICED_E1_shortage_ratio_AN RICE CRACKER SEAWEED 111.3G_T71_1,1.0
CG_LT,71,,MM HIEP PHU,MM AN PHU,AN RICE CRACKER SEAWEED 111.3G,54,0.6,0.520976,33.001434,PRICED_E1_shortage_ratio_AN RICE CRACKER SEAWEED 111.3G_T71_2,0.260488
CG_LT,72,,MM BINH PHU,MM AN PHU,AN RICE CRACKER SEAWEED 111.3G,93,0.6,2.0,58.051139,PRICED_E1_shortage_ratio_AN RICE CRACKER SEAWEED 111.3G_T72_1,1.0
CG_LT,72,,MM HIEP PHU,MM AN PHU,AN RICE CRACKER SEAWEED 111.3G,52,0.6,1.113728,32.326589,PRICED_E1_shortage_ratio_AN RICE CRACKER SEAWEED 111.3G_T72_2,0.556864
CG_LT,73,,MM BINH PHU,MM AN PHU,AN RICE CRACKER SEAWEED 111.3G,37,0.6,0.922627,22.885156,PRICED_E1_shortage_ratio_AN RICE CRACKER SEAWEED 111.3G_T73_1,0.461314
CG_LT,73,,MM HIEP PHU,MM AN PHU,AN RICE CRACKER SEAWEED 111.3G,79,0.6,2.0,49.608671,PRICED_E1_shortage_ratio_AN RICE CRACKER SEAWEED 111.3G_T73_2,1.0
CG_LT,74,,MM BINH PHU,MM AN PHU,AN RICE CRACKER SEAWEED 111.3G,6,0.6,2.0,5.547432,PRICED_E1_shortage_ratio_AN RICE CRACKER SEAWEED 111.3G_T74_1,1.0
CG_LT,74,,MM HIEP PHU,MM AN PHU,AN RICE CRACKER SEAWEED 111.3G,6,0.6,2.0,5.547432,PRICED_E1_shortage_ratio_AN RICE CRACKER SEAWEED 111.3G_T74_2,1.0
CG_LT,77,,MM AN PHU,MM DA NANG,AN RICE CRACKER SEAWEED 111.3G,44,0.6,2.0,28.476049,PRICED_E1_shortage_ratio_AN RICE CRACKER SEAWEED 111.3G_T77_1,1.0
CG_LT,77,,MM BINH PHU,MM DA NANG,AN RICE CRACKER SEAWEED 111.3G,44,0.6,2.0,28.476049,PRICED_E1_shortage_ratio_AN RICE CRACKER SEAWEED 111.3G_T77_2,1.0
CG_LT,77,,MM HIEP PHU,MM DA NANG,AN RICE CRACKER SEAWEED 111.3G,1,0.6,0.047831,0.681013,PRICED_E1_shortage_ratio_AN RICE CRACKER SEAWEED 111.3G_T77_3,0.023915
CG_LT,78,,MM BINH PHU,MM DA NANG,AN RICE CRACKER SEAWEED 111.3G,65,0.6,2.0,40.875993,PRICED_E1_shortage_ratio_AN RICE CRACKER SEAWEED 111.3G_T78_2,1.0
CG_LT,78,,MM HIEP PHU,MM DA NANG,AN RICE CRACKER SEAWEED 111.3G,39,0.6,1.197367,24.471773,PRICED_E1_shortage_ratio_AN RICE CRACKER SEAWEED 111.3G_T78_3,0.598683
CG_LT,79,,MM AN PHU,MM DA NANG,AN RICE CRACKER SEAWEED 111.3G,47,0.6,2.0,30.168667,PRICED_E1_shortage_ratio_AN RICE CRACKER SEAWEED 111.3G_T79_1,1.0
CG_LT,79,,MM BINH PHU,MM DA NANG,AN RICE CRACKER SEAWEED 111.3G,19,0.6,0.790821,11.929008,PRICED_E1_shortage_ratio_AN RICE CRACKER SEAWEED 111.3G_T79_2,0.39541
CG_LT,79,,MM HIEP PHU,MM DA NANG,AN RICE CRACKER SEAWEED 111.3G,47,0.6,2.0,30.168667,PRICED_E1_shortage_ratio_AN RICE CRACKER SEAWEED 111.3G_T79_3,1.0
CG_LT,7,,MM DA NANG,MM AN PHU,AN RICE CRACKER SEAWEED 111.3G,79,0.6,1.036195,48.275884,PRICED_E1_shortage_ratio_AN RICE CRACKER SEAWEED 111.3G_T7_2,0.518098
CG_LT,7,,MM DA NANG,MM BINH PHU,AN RICE CRACKER SEAWEED 111.3G,19,0.6,1.036195,12.151057,PRICED_E1_shortage_ratio_AN RICE CRACKER SEAWEED 111.3G_T7_2,0.518098
CG_LT,7,,MM DA NANG,MM HIEP PHU,AN RICE CRACKER SEAWEED 111.3G,23,0.6,1.036195,14.791323,PRICED_E1_shortage_ratio_AN RICE CRACKER SEAWEED 111.3G_T7_2,0.518098
CG_LT,7,,MM DA NANG,MM AN PHU,AN RICE CRACKER SEAWEED 111.3G,129,0.6,1.316391,78.804702,PRICED_E1_shortage_ratio_AN RICE CRACKER SEAWEED 111.3G_T7_3,0.658195
CG_LT,7,,MM DA NANG,MM BINH PHU,AN RICE CRACKER SEAWEED 111.3G,24,0.6,1.316391,15.436802,PRICED_E1_shortage_ratio_AN RICE CRACKER SEAWEED 111.3G_T7_3,0.658195
CG_LT,80,,MM AN PHU,MM DA NANG,AN RICE CRACKER SEAWEED 111.3G,24,0.6,2.0,16.253135,PRICED_E1_shortage_ratio_AN RICE CRACKER SEAWEED 111.3G_T80_1,1.0
CG_LT,80,,MM BINH PHU,MM DA NANG,AN RICE CRACKER SEAWEED 111.3G,24,0.6,2.0,16.253135,PRICED_E1_shortage_ratio_AN RICE CRACKER SEAWEED 111.3G_T80_2,1.0
CG_LT,80,,MM HIEP PHU,MM DA NANG,AN RICE CRACKER SEAWEED 111.3G,24,0.6,2.0,16.253135,PRICED_E1_shortage_ratio_AN RICE CRACKER SEAWEED 111.3G_T80_3,1.0
CG_LT,83,,MM BINH PHU,MM AN PHU,AN RICE CRACKER SEAWEED 111.3G,7,0.6,0.524558,4.96717,PRICED_E1_shortage_ratio_AN RICE CRACKER SEAWEED 111.3G_T83_1,0.262279
CG_LT,83,,MM BINH PHU,MM DA NANG,AN RICE CRACKER SEAWEED 111.3G,11,0.6,0.524558,7.400901,PRICED_E1_shortage_ratio_AN RICE CRACKER SEAWEED 111.3G_T83_1,0.262279
CG_LT,83,,MM BINH PHU,MM AN PHU,AN RICE CRACKER SEAWEED 111.3G,28,0.6,2.0,18.938508,PRICED_E1_shortage_ratio_AN RICE CRACKER SEAWEED 111.3G_T83_2,1.0
CG_LT,83,,MM HIEP PHU,MM DA NANG,AN RICE CRACKER SEAWEED 111.3G,44,0.6,2.0,28.217681,PRICED_E1_shortage_ratio_AN RICE CRACKER SEAWEED 111.3G_T83_2,1.0
CG_LT,84,,MM BINH PHU,MM AN PHU,AN RICE CRACKER SEAWEED 111.3G,36,0.6,1.173047,22.57905,PRICED_E1_shortage_ratio_AN RICE CRACKER SEAWEED 111.3G_T84_1,0.586524
CG_LT,84,,MM HIEP PHU,MM AN PHU,AN RICE CRACKER SEAWEED 111.3G,61,0.6,2.0,38.496398,PRICED_E1_shortage_ratio_AN RICE CRACKER SEAWEED 111.3G_T84_2,1.0
CG_LT,85,,MM BINH PHU,MM AN PHU,AN RICE CRACKER SEAWEED 111.3G,67,0.6,2.0,42.1396,PRICED_E1_shortage_ratio_AN RICE CRACKER SEAWEED 111.3G_T85_1,1.0
CG_LT,85,,MM HIEP PHU,MM AN PHU,AN RICE CRACKER SEAWEED 111.3G,46,0.6,1.370557,28.877357,PRICED_E1_shortage_ratio_AN RICE CRACKER SEAWEED 111.3G_T85_2,0.685278
CG_LT,86,,MM BINH PHU,MM AN PHU,AN RICE CRACKER SEAWEED 111.3G,116,0.6,2.0,71.70903,PRICED_E1_shortage_ratio_AN RICE CRACKER SEAWEED 111.3G_T86_1,1.0
CG_LT,86,,MM HIEP PHU,MM AN PHU,AN RICE CRACKER SEAWEED 111.3G,41,0.6,0.70269,25.194621,PRICED_E1_shortage_ratio_AN RICE CRACKER SEAWEED 111.3G_T86_2,0.351345
CG_LT,87,,MM BINH PHU,MM DA NANG,AN RICE CRACKER SEAWEED 111.3G,6,0.6,2.0,5.789553,PRICED_E1_shortage_ratio_AN RICE CRACKER SEAWEED 111.3G_T87_1,1.0
CG_LT,87,,MM HIEP PHU,MM AN PHU,AN RICE CRACKER SEAWEED 111.3G,207,0.6,2.0,126.471657,PRICED_E1_shortage_ratio_AN RICE CRACKER SEAWEED 111.3G_T87_1,1.0
CG_LT,87,,MM HIEP PHU,MM AN PHU,AN RICE CRACKER SEAWEED 111.3G,44,0.6,0.422851,26.739354,PRICED_E1_shortage_ratio_AN RICE CRACKER SEAWEED 111.3G_T87_4,0.211426
CG_LT,87,,MM HIEP PHU,MM DA NANG,AN RICE CRACKER SEAWEED 111.3G,1,0.6,0.422851,1.22406,PRICED_E1_shortage_ratio_AN RICE CRACKER SEAWEED 111.3G_T87_4,0.211426
CG_LT,88,,MM BINH PHU,MM DA NANG,AN RICE CRACKER SEAWEED 111.3G,1,0.6,0.30913,0.875777,PRICED_E1_shortage_ratio_AN RICE CRACKER SEAWEED 111.3G_T88_2,0.154565
CG_LT,88,,MM HIEP PHU,MM AN PHU,AN RICE CRACKER SEAWEED 111.3G,29,0.6,0.30913,17.461145,PRICED_E1_shortage_ratio_AN RICE CRACKER SEAWEED 111.3G_T88_2,0.154565
CG_LT,88,,MM BINH PHU,MM AN PHU,AN RICE CRACKER SEAWEED 111.3G,185,0.6,2.0,112.969766,PRICED_E1_shortage_ratio_AN RICE CRACKER SEAWEED 111.3G_T88_4,1.0
CG_LT,88,,MM HIEP PHU,MM DA NANG,AN RICE CRACKER SEAWEED 111.3G,6,0.6,2.0,5.666082,PRICED_E1_shortage_ratio_AN RICE CRACKER SEAWEED 111.3G_T88_4,1.0
CG_LT,89,,MM BINH PHU,MM AN PHU,AN RICE CRACKER SEAWEED 111.3G,25,0.6,2.0,17.2281,PRICED_E1_shortage_ratio_AN RICE CRACKER SEAWEED 111.3G_T89_1,1.0
CG_LT,89,,MM HIEP PHU,MM DA NANG,AN RICE CRACKER SEAWEED 111.3G,186,0.6,2.0,113.859958,PRICED_E1_shortage_ratio_AN RICE CRACKER SEAWEED 111.3G_T89_1,1.0
CG_LT,8,,MM DA NANG,MM AN PHU,AN RICE CRACKER SEAWEED 111.3G,214,0.6,1.990718,130.258582,PRICED_E1_shortage_ratio_AN RICE CRACKER SEAWEED 111.3G_T8_1,0.995359
CG_LT,8,,MM DA NANG,MM AN PHU,AN RICE CRACKER SEAWEED 111.3G,28,0.6,0.524566,17.192702,PRICED_E1_shortage_ratio_AN RICE CRACKER SEAWEED 111.3G_T8_2,0.262283
CG_LT,8,,MM DA NANG,MM BINH PHU,AN RICE CRACKER SEAWEED 111.3G,9,0.6,0.524566,5.639227,PRICED_E1_shortage_ratio_AN RICE CRACKER SEAWEED 111.3G_T8_2,0.262283
CG_LT,8,,MM DA NANG,MM HIEP PHU,AN RICE CRACKER SEAWEED 111.3G,20,0.6,0.524566,12.541104,PRICED_E1_shortage_ratio_AN RICE CRACKER SEAWEED 111.3G_T8_2,0.262283
CG_LT,90,,MM BINH PHU,MM AN PHU,AN RICE CRACKER SEAWEED 111.3G,38,0.6,2.0,24.502932,PRICED_E1_shortage_ratio_AN RICE CRACKER SEAWEED 111.3G_T90_1,1.0
CG_LT,90,,MM HIEP PHU,MM DA NANG,AN RICE CRACKER SEAWEED 111.3G,420,0.6,2.0,253.719628,PRICED_E1_shortage_ratio_AN RICE CRACKER SEAWEED 111.3G_T90_1,1.0
CG_LT,90,,MM HIEP PHU,MM AN PHU,AN RICE CRACKER SEAWEED 111.3G,1,0.6,0.06605,0.809204,PRICED_E1_shortage_ratio_AN RICE CRACKER SEAWEED 111.3G_T90_4,0.033025
CG_LT,90,,MM HIEP PHU,MM DA NANG,AN RICE CRACKER SEAWEED 111.3G,14,0.6,0.06605,8.379037,PRICED_E1_shortage_ratio_AN RICE CRACKER SEAWEED 111.3G_T90_4,0.033025
CG_LT,91,,MM BINH PHU,MM DA NANG,AN RICE CRACKER SEAWEED 111.3G,12,0.6,0.097925,7.180355,PRICED_E1_shortage_ratio_AN RICE CRACKER SEAWEED 111.3G_T91_4,0.048962
CG_LT,91,,MM HIEP PHU,MM AN PHU,AN RICE CRACKER SEAWEED 111.3G,5,0.6,0.097925,3.205749,PRICED_E1_shortage_ratio_AN RICE CRACKER SEAWEED 111.3G_T91_4,0.048962
CG_LT,92,,MM BINH PHU,MM AN PHU,AN RICE CRACKER SEAWEED 111.3G,117,0.6,2.0,72.305804,PRICED_E1_shortage_ratio_AN RICE CRACKER SEAWEED 111.3G_T92_1,1.0
CG_LT,92,,MM HIEP PHU,MM AN PHU,AN RICE CRACKER SEAWEED 111.3G,24,0.6,0.408289,14.760818,PRICED_E1_shortage_ratio_AN RICE CRACKER SEAWEED 111.3G_T92_2,0.204144
CG_LT,93,,MM BINH PHU,MM AN PHU,AN RICE CRACKER SEAWEED 111.3G,171,0.6,2.0,104.584235,PRICED_E1_shortage_ratio_AN RICE CRACKER SEAWEED 111.3G_T93_4,1.0
CG_LT,93,,MM HIEP PHU,MM DA NANG,AN RICE CRACKER SEAWEED 111.3G,18,0.6,2.0,13.09946,PRICED_E1_shortage_ratio_AN RICE CRACKER SEAWEED 111.3G_T93_4,1.0
CG_LT,94,,MM BINH PHU,MM AN PHU,AN RICE CRACKER SEAWEED 111.3G,7,0.6,0.082904,4.128002,PRICED_E1_shortage_ratio_AN RICE CRACKER SEAWEED 111.3G_T94_4,0.041452
CG_LT,94,,MM HIEP PHU,MM DA NANG,AN RICE CRACKER SEAWEED 111.3G,1,0.6,0.082904,0.923952,PRICED_E1_shortage_ratio_AN RICE CRACKER SEAWEED 111.3G_T94_4,0.041452
CG_LT,95,,MM BINH PHU,MM AN PHU,AN RICE CRACKER SEAWEED 111.3G,29,0.6,0.954614,18.487442,PRICED_E1_shortage_ratio_AN RICE CRACKER SEAWEED 111.3G_T95_2,0.477307
CG_LT,95,,MM HIEP PHU,MM DA NANG,AN RICE CRACKER SEAWEED 111.3G,32,0.6,0.954614,20.211455,PRICED_E1_shortage_ratio_AN RICE CRACKER SEAWEED 111.3G_T95_2,0.477307
CG_LT,95,,MM BINH PHU,MM DA NANG,AN RICE CRACKER SEAWEED 111.3G,67,0.6,2.0,42.344759,PRICED_E1_shortage_ratio_AN RICE CRACKER SEAWEED 111.3G_T95_4,1.0
CG_LT,95,,MM HIEP PHU,MM AN PHU,AN RICE CRACKER SEAWEED 111.3G,61,0.6,2.0,38.732802,PRICED_E1_shortage_ratio_AN RICE CRACKER SEAWEED 111.3G_T95_4,1.0
CG_LT,96,,MM BINH PHU,MM AN PHU,AN RICE CRACKER SEAWEED 111.3G,12,0.6,0.297355,7.234549,PRICED_E1_shortage_ratio_AN RICE CRACKER SEAWEED 111.3G_T96_2,0.148677
CG_LT,96,,MM HIEP PHU,MM DA NANG,AN RICE CRACKER SEAWEED 111.3G,32,0.6,0.297355,19.661436,PRICED_E1_shortage_ratio_AN RICE CRACKER SEAWEED 111.3G_T96_2,0.148677
CG_LT,96,,MM BINH PHU,MM DA NANG,AN RICE CRACKER SEAWEED 111.3G,217,0.6,2.0,132.242318,PRICED_E1_shortage_ratio_AN RICE CRACKER SEAWEED 111.3G_T96_4,1.0
CG_LT,96,,MM HIEP PHU,MM AN PHU,AN RICE CRACKER SEAWEED 111.3G,78,0.6,2.0,48.659394,PRICED_E1_shortage_ratio_AN RICE CRACKER SEAWEED 111.3G_T96_4,1.0
CG_LT,97,,MM BINH PHU,MM DA NANG,AN RICE CRACKER SEAWEED 111.3G,27,0.6,0.31321,16.608665,PRICED_E1_shortage_ratio_AN RICE CRACKER SEAWEED 111.3G_T97_2,0.156605
CG_LT,97,,MM HIEP PHU,MM AN PHU,AN RICE CRACKER SEAWEED 111.3G,38,0.6,0.31321,22.976739,PRICED_E1_shortage_ratio_AN RICE CRACKER SEAWEED 111.3G_T97_2,0.156605
CG_LT,99,,MM BINH PHU,MM DA NANG,AN RICE CRACKER SEAWEED 111.3G,21,0.6,0.448736,13.289361,PRICED_E1_shortage_ratio_AN RICE CRACKER SEAWEED 111.3G_T99_2,0.224368
CG_LT,99,,MM HIEP PHU,MM AN PHU,AN RICE CRACKER SEAWEED 111.3G,46,0.6,0.448736,28.337615,PRICED_E1_shortage_ratio_AN RICE CRACKER SEAWEED 111.3G_T99_2,0.224368
CG_LT,9,,MM DA NANG,MM AN PHU,AN RICE CRACKER SEAWEED 111.3G,204,0.6,2.0,124.481061,PRICED_E1_shortage_ratio_AN RICE CRACKER SEAWEED 111.3G_T9_1,1.0
CG_LT,9,,MM DA NANG,MM AN PHU,AN RICE CRACKER SEAWEED 111.3G,45,0.6,0.616934,27.760261,PRICED_E1_shortage_ratio_AN RICE CRACKER SEAWEED 111.3G_T9_3,0.308467
CG_LT,9,,MM DA NANG,MM BINH PHU,AN RICE CRACKER SEAWEED 111.3G,18,0.6,0.616934,11.254945,PRICED_E1_shortage_ratio_AN RICE CRACKER SEAWEED 111.3G_T9_3,0.308467
CG_LT,100,,MM BINH PHU,MM AN PHU,OREO VANILLA 110.4/105G,233,0.6,2.0,141.733908,PRICED_E1_shortage_ratio_OREO VANILLA 110.4/105G_T100_1,1.0
CG_LT,100,,MM BINH PHU,MM DA NANG,OREO VANILLA 110.4/105G,46,0.6,2.0,29.500213,PRICED_E1_shortage_ratio_OREO VANILLA 110.4/105G_T100_1,1.0
CG_LT,101,,MM BINH PHU,MM DA NANG,OREO VANILLA 110.4/105G,18,0.6,2.0,12.535468,PRICED_E1_shortage_ratio_OREO VANILLA 110.4/105G_T101_2,1.0
CG_LT,101,,MM HIEP PHU,MM AN PHU,OREO VANILLA 110.4/105G,260,0.6,2.0,158.060596,PRICED_E1_shortage_ratio_OREO VANILLA 110.4/105G_T101_2,1.0
CG_LT,101,,MM BINH PHU,MM AN PHU,OREO VANILLA 110.4/105G,31,0.6,0.236055,18.655459,PRICED_E1_shortage_ratio_OREO VANILLA 110.4/105G_T101_4,0.118027
CG_LT,101,,MM HIEP PHU,MM DA NANG,OREO VANILLA 110.4/105G,2,0.6,0.236055,1.479527,PRICED_E1_shortage_ratio_OREO VANILLA 110.4/105G_T101_4,0.118027
CG_LT,102,,MM BINH PHU,MM DA NANG,OREO VANILLA 110.4/105G,46,0.6,2.0,29.78717,PRICED_E1_shortage_ratio_OREO VANILLA 110.4/105G_T102_2,1.0
CG_LT,102,,MM HIEP PHU,MM AN PHU,OREO VANILLA 110.4/105G,194,0.6,2.0,118.66136,PRICED_E1_shortage_ratio_OREO VANILLA 110.4/105G_T102_2,1.0
CG_LT,103,,MM BINH PHU,MM AN PHU,OREO VANILLA 110.4/105G,62,0.6,2.0,39.372775,PRICED_E1_shortage_ratio_OREO VANILLA 110.4/105G_T103_1,1.0
CG_LT,103,,MM BINH PHU,MM DA NANG,OREO VANILLA 110.4/105G,85,0.6,2.0,53.107117,PRICED_E1_shortage_ratio_OREO VANILLA 110.4/105G_T103_1,1.0
CG_LT,103,,MM BINH PHU,MM DA NANG,OREO VANILLA 110.4/105G,15,0.6,0.356609,9.469244,PRICED_E1_shortage_ratio_OREO VANILLA 110.4/105G_T103_4,0.178305
CG_LT,103,,MM HIEP PHU,MM AN PHU,OREO VANILLA 110.4/105G,11,0.6,0.356609,7.020347,PRICED_E1_shortage_ratio_OREO VANILLA 110.4/105G_T103_4,0.178305
CG_LT,104,,MM BINH PHU,MM AN PHU,OREO VANILLA 110.4/105G,249,0.6,2.0,151.419866,PRICED_E1_shortage_ratio_OREO VANILLA 110.4/105G_T104_4,1.0
CG_LT,104,,MM HIEP PHU,MM DA NANG,OREO VANILLA 110.4/105G,3,0.6,2.0,4.011929,PRICED_E1_shortage_ratio_OREO VANILLA 110.4/105G_T104_4,1.0
CG_LT,105,,MM BINH PHU,MM DA NANG,OREO VANILLA 110.4/105G,1,0.6,0.075115,0.508847,PRICED_E1_shortage_ratio_OREO VANILLA 110.4/105G_T105_2,0.037558
CG_LT,105,,MM HIEP PHU,MM AN PHU,OREO VANILLA 110.4/105G,13,0.6,0.075115,7.71267,PRICED_E1_shortage_ratio_OREO VANILLA 110.4/105G_T105_2,0.037558
CG_LT,105,,MM BINH PHU,MM AN PHU,OREO VANILLA 110.4/105G,339,0.6,2.0,205.355921,PRICED_E1_shortage_ratio_OREO VANILLA 110.4/105G_T105_4,1.0
CG_LT,105,,MM HIEP PHU,MM DA NANG,OREO VANILLA 110.4/105G,19,0.6,2.0,13.548454,PRICED_E1_shortage_ratio_OREO VANILLA 110.4/105G_T105_4,1.0
CG_LT,106,,MM BINH PHU,MM AN PHU,OREO VANILLA 110.4/105G,20,0.6,0.180277,12.10882,PRICED_E1_shortage_ratio_OREO VANILLA 110.4/105G_T106_1,0.090139
CG_LT,106,,MM BINH PHU,MM DA NANG,OREO VANILLA 110.4/105G,3,0.6,0.180277,1.882843,PRICED_E1_shortage_ratio_OREO VANILLA 110.4/105G_T106_1,0.090139
CG_LT,106,,MM BINH PHU,MM DA NANG,OREO VANILLA 110.4/105G,31,0.6,2.0,20.888295,PRICED_E1_shortage_ratio_OREO VANILLA 110.4/105G_T106_2,1.0
CG_LT,106,,MM HIEP PHU,MM AN PHU,OREO VANILLA 110.4/105G,221,0.6,2.0,134.335458,PRICED_E1_shortage_ratio_OREO VANILLA 110.4/105G_T106_2,1.0
CG_LT,107,,MM BINH PHU,MM DA NANG,OREO VANILLA 110.4/105G,38,0.6,2.0,24.710841,PRICED_E1_shortage_ratio_OREO VANILLA 110.4/105G_T107_2,1.0
CG_LT,107,,MM HIEP PHU,MM AN PHU,OREO VANILLA 110.4/105G,162,0.6,2.0,98.953171,PRICED_E1_shortage_ratio_OREO VANILLA 110.4/105G_T107_2,1.0
CG_LT,107,,MM BINH PHU,MM AN PHU,OREO VANILLA 110.4/105G,14,0.6,0.172268,8.52323,PRICED_E1_shortage_ratio_OREO VANILLA 110.4/105G_T107_4,0.086134
CG_LT,107,,MM HIEP PHU,MM DA NANG,OREO VANILLA 110.4/105G,3,0.6,0.172268,2.128443,PRICED_E1_shortage_ratio_OREO VANILLA 110.4/105G_T107_4,0.086134
CG_LT,108,,MM BINH PHU,MM AN PHU,OREO VANILLA 110.4/105G,294,0.6,2.0,178.628087,PRICED_E1_shortage_ratio_OREO VANILLA 110.4/105G_T108_1,1.0
CG_LT,108,,MM BINH PHU,MM DA NANG,OREO VANILLA 110.4/105G,41,0.6,2.0,26.319059,PRICED_E1_shortage_ratio_OREO VANILLA 110.4/105G_T108_1,1.0
CG_LT,108,,MM BINH PHU,MM AN PHU,OREO VANILLA 110.4/105G,8,0.6,0.056686,5.062815,PRICED_E1_shortage_ratio_OREO VANILLA 110.4/105G_T108_4,0.028343
CG_LT,108,,MM HIEP PHU,MM DA NANG,OREO VANILLA 110.4/105G,1,0.6,0.056686,0.745955,PRICED_E1_shortage_ratio_OREO VANILLA 110.4/105G_T108_4,0.028343
CG_LT,109,,MM BINH PHU,MM AN PHU,OREO VANILLA 110.4/105G,309,0.6,2.0,187.469857,PRICED_E1_shortage_ratio_OREO VANILLA 110.4/105G_T109_1,1.0
CG_LT,109,,MM BINH PHU,MM DA NANG,OREO VANILLA 110.4/105G,6,0.6,2.0,5.818954,PRICED_E1_shortage_ratio_OREO VANILLA 110.4/105G_T109_1,1.0
CG_LT,10,,MM DA NANG,MM AN PHU,OREO VANILLA 110.4/105G,57,0.6,2.0,36.183583,PRICED_E1_shortage_ratio_OREO VANILLA 110.4/105G_T10_1,1.0
CG_LT,10,,MM HIEP PHU,MM AN PHU,OREO VANILLA 110.4/105G,61,0.6,2.0,38.679206,PRICED_E1_shortage_ratio_OREO VANILLA 110.4/105G_T10_1,1.0
CG_LT,110,,MM BINH PHU,MM AN PHU,OREO VANILLA 110.4/105G,17,0.6,0.257088,10.486086,PRICED_E1_shortage_ratio_OREO VANILLA 110.4/105G_T110_1,0.128544
CG_LT,110,,MM HIEP PHU,MM AN PHU,OREO VANILLA 110.4/105G,133,0.6,2.0,81.575698,PRICED_E1_shortage_ratio_OREO VANILLA 110.4/105G_T110_2,1.0
CG_LT,111,,MM BINH PHU,MM AN PHU,OREO VANILLA 110.4/105G,14,0.6,0.474109,8.594245,PRICED_E1_shortage_ratio_OREO VANILLA 110.4/105G_T111_1,0.237055
CG_LT,111,,MM HIEP PHU,MM AN PHU,OREO VANILLA 110.4/105G,57,0.6,2.0,36.254264,PRICED_E1_shortage_ratio_OREO VANILLA 110.4/105G_T111_2,1.0
CG_LT,112,,MM BINH PHU,MM AN PHU,OREO VANILLA 110.4/105G,44,0.6,2.0,28.660484,PRICED_E1_shortage_ratio_OREO VANILLA 110.4/105G_T112_1,1.0
CG_LT,112,,MM HIEP PHU,MM AN PHU,OREO VANILLA 110.4/105G,37,0.6,1.659168,23.776285,PRICED_E1_shortage_ratio_OREO VANILLA 110.4/105G_T112_2,0.829584
CG_LT,113,,MM BINH PHU,MM AN PHU,OREO VANILLA 110.4/105G,68,0.6,2.0,43.085659,PRICED_E1_shortage_ratio_OREO VANILLA 110.4/105G_T113_1,1.0
CG_LT,113,,MM HIEP PHU,MM AN PHU,OREO VANILLA 110.4/105G,15,0.6,0.431779,9.30174,PRICED_E1_shortage_ratio_OREO VANILLA 110.4/105G_T113_2,0.215889
CG_LT,114,,MM BINH PHU,MM AN PHU,OREO VANILLA 110.4/105G,19,0.6,0.882234,12.581986,PRICED_E1_shortage_ratio_OREO VANILLA 110.4/105G_T114_1,0.441117
CG_LT,114,,MM BINH PHU,MM DA NANG,OREO VANILLA 110.4/105G,8,0.6,0.882234,5.516867,PRICED_E1_shortage_ratio_OREO VANILLA 110.4/105G_T114_1,0.441117
CG_LT,114,,MM BINH PHU,MM DA NANG,OREO VANILLA 110.4/105G,18,0.6,2.0,12.506584,PRICED_E1_shortage_ratio_OREO VANILLA 110.4/105G_T114_2,1.0
CG_LT,114,,MM HIEP PHU,MM AN PHU,OREO VANILLA 110.4/105G,44,0.6,2.0,28.523011,PRICED_E1_shortage_ratio_OREO VANILLA 110.4/105G_T114_2,1.0
CG_LT,115,,MM BINH PHU,MM AN PHU,OREO VANILLA 110.4/105G,49,0.6,2.0,31.476026,PRICED_E1_shortage_ratio_OREO VANILLA 110.4/105G_T115_1,1.0
CG_LT,115,,MM HIEP PHU,MM AN PHU,OREO VANILLA 110.4/105G,17,0.6,0.709479,11.165794,PRICED_E1_shortage_ratio_OREO VANILLA 110.4/105G_T115_2,0.35474
CG_LT,116,,MM BINH PHU,MM AN PHU,OREO VANILLA 110.4/105G,858,0.6,2.0,517.093113,PRICED_E1_shortage_ratio_OREO VANILLA 110.4/105G_T116_1,1.0
CG_LT,116,,MM BINH PHU,MM AN PHU,OREO VANILLA 110.4/105G,52,0.6,0.135455,31.327258,PRICED_E1_shortage_ratio_OREO VANILLA 110.4/105G_T116_3,0.067728
CG_LT,116,,MM DA NANG,MM AN PHU,OREO VANILLA 110.4/105G,6,0.6,0.135455,3.82974,PRICED_E1_shortage_ratio_OREO VANILLA 110.4/105G_T116_3,0.067728
CG_LT,117,,MM BINH PHU,MM AN PHU,OREO VANILLA 110.4/105G,829,0.6,2.0,499.428127,PRICED_E1_shortage_ratio_OREO VANILLA 110.4/105G_T117_1,1.0
CG_LT,117,,MM BINH PHU,MM AN PHU,OREO VANILLA 110.4/105G,70,0.6,0.190197,42.281586,PRICED_E1_shortage_ratio_OREO VANILLA 110.4/105G_T117_3,0.095099
CG_LT,117,,MM DA NANG,MM AN PHU,OREO VANILLA 110.4/105G,9,0.6,0.190197,5.403481,PRICED_E1_shortage_ratio_OREO VANILLA 110.4/105G_T117_3,0.095099
CG_LT,118,,MM BINH PHU,MM AN PHU,OREO VANILLA 110.4/105G,40,0.6,2.0,26.268111,PRICED_E1_shortage_ratio_OREO VANILLA 110.4/105G_T118_1,1.0
CG_LT,118,,MM HIEP PHU,MM AN PHU,OREO VANILLA 110.4/105G,40,0.6,2.0,26.268111,PRICED_E1_shortage_ratio_OREO VANILLA 110.4/105G_T118_2,1.0
CG_LT,118,,MM BINH PHU,MM AN PHU,OREO VANILLA 110.4/105G,5,0.6,0.39965,3.496042,PRICED_E1_shortage_ratio_OREO VANILLA 110.4/105G_T118_3,0.199825
CG_LT,118,,MM DA NANG,MM AN PHU,OREO VANILLA 110.4/105G,3,0.6,0.39965,2.152635,PRICED_E1_shortage_ratio_OREO VANILLA 110.4/105G_T118_3,0.199825
CG_LT,119,,MM BINH PHU,MM AN PHU,OREO VANILLA 110.4/105G,27,0.6,2.0,18.021157,PRICED_E1_shortage_ratio_OREO VANILLA 110.4/105G_T119_1,1.0
CG_LT,119,,MM HIEP PHU,MM AN PHU,OREO VANILLA 110.4/105G,27,0.6,2.0,18.021157,PRICED_E1_shortage_ratio_OREO VANILLA 110.4/105G_T119_2,1.0
CG_LT,119,,MM BINH PHU,MM AN PHU,OREO VANILLA 110.4/105G,13,0.6,1.658917,9.230835,PRICED_E1_shortage_ratio_OREO VANILLA 110.4/105G_T119_3,0.829459
CG_LT,119,,MM DA NANG,MM AN PHU,OREO VANILLA 110.4/105G,10,0.6,1.658917,7.375886,PRICED_E1_shortage_ratio_OREO VANILLA 110.4/105G_T119_3,0.829459
CG_LT,11,,MM BINH PHU,MM AN PHU,OREO VANILLA 110.4/105G,127,0.6,1.849039,78.21102,PRICED_E1_shortage_ratio_OREO VANILLA 110.4/105G_T11_1,0.924519
CG_LT,11,,MM DA NANG,MM AN PHU,OREO VANILLA 110.4/105G,49,0.6,1.849039,31.093606,PRICED_E1_shortage_ratio_OREO VANILLA 110.4/105G_T11_1,0.924519
CG_LT,11,,MM BINH PHU,MM AN PHU,OREO VANILLA 110.4/105G,43,0.6,0.955359,26.948577,PRICED_E1_shortage_ratio_OREO VANILLA 110.4/105G_T11_2,0.477679
CG_LT,11,,MM DA NANG,MM AN PHU,OREO VANILLA 110.4/105G,41,0.6,0.955359,25.364102,PRICED_E1_shortage_ratio_OREO VANILLA 110.4/105G_T11_2,0.477679
CG_LT,11,,MM HIEP PHU,MM AN PHU,OREO VANILLA 110.4/105G,7,0.6,0.955359,5.118049,PRICED_E1_shortage_ratio_OREO VANILLA 110.4/105G_T11_2,0.477679
CG_LT,120,,MM BINH PHU,MM AN PHU,OREO VANILLA 110.4/105G,54,0.6,2.0,34.181629,PRICED_E1_shortage_ratio_OREO VANILLA 110.4/105G_T120_1,1.0
CG_LT,120,,MM HIEP PHU,MM AN PHU,OREO VANILLA 110.4/105G,53,0.6,1.960322,33.503493,PRICED_E1_shortage_ratio_OREO VANILLA 110.4/105G_T120_2,0.980161
CG_LT,121,,MM BINH PHU,MM AN PHU,OREO VANILLA 110.4/105G,22,0.6,2.0,15.163277,PRICED_E1_shortage_ratio_OREO VANILLA 110.4/105G_T121_1,1.0
CG_LT,121,,MM DA NANG,MM AN PHU,OREO VANILLA 110.4/105G,22,0.6,2.0,15.163277,PRICED_E1_shortage_ratio_OREO VANILLA 110.4/105G_T121_2,1.0
CG_LT,121,,MM HIEP PHU,MM AN PHU,OREO VANILLA 110.4/105G,22,0.6,2.0,15.163277,PRICED_E1_shortage_ratio_OREO VANILLA 110.4/105G_T121_3,1.0
CG_LT,122,,MM BINH PHU,MM AN PHU,OREO VANILLA 110.4/105G,139,0.6,2.0,85.501187,PRICED_E1_shortage_ratio_OREO VANILLA 110.4/105G_T122_1,1.0
CG_LT,122,,MM HIEP PHU,MM AN PHU,OREO VANILLA 110.4/105G,42,0.6,0.601161,25.699973,PRICED_E1_shortage_ratio_OREO VANILLA 110.4/105G_T122_2,0.30058
CG_LT,123,,MM BINH PHU,MM AN PHU,OREO VANILLA 110.4/105G,329,0.6,2.0,199.555433,PRICED_E1_shortage_ratio_OREO VANILLA 110.4/105G_T123_1,1.0
CG_LT,123,,MM BINH PHU,MM AN PHU,OREO VANILLA 110.4/105G,34,0.6,0.249657,20.449718,PRICED_E1_shortage_ratio_OREO VANILLA 110.4/105G_T123_2,0.124829
CG_LT,123,,MM DA NANG,MM AN PHU,OREO VANILLA 110.4/105G,7,0.6,0.249657,4.710163,PRICED_E1_shortage_ratio_OREO VANILLA 110.4/105G_T123_2,0.124829
CG_LT,124,,MM BINH PHU,MM AN PHU,OREO VANILLA 110.4/105G,197,0.6,2.0,119.93316,PRICED_E1_shortage_ratio_OREO VANILLA 110.4/105G_T124_1,1.0
CG_LT,124,,MM HIEP PHU,MM AN PHU,OREO VANILLA 110.4/105G,33,0.6,0.338762,20.314402,PRICED_E1_shortage_ratio_OREO VANILLA 110.4/105G_T124_2,0.169381
CG_LT,125,,MM BINH PHU,MM AN PHU,OREO VANILLA 110.4/105G,37,0.6,2.0,24.270125,PRICED_E1_shortage_ratio_OREO VANILLA 110.4/105G_T125_1,1.0
CG_LT,125,,MM HIEP PHU,MM AN PHU,OREO VANILLA 110.4/105G,37,0.6,2.0,24.270125,PRICED_E1_shortage_ratio_OREO VANILLA 110.4/105G_T125_2,1.0
CG_LT,125,,MM BINH PHU,MM AN PHU,OREO VANILLA 110.4/105G,13,0.6,1.133622,9.042227,PRICED_E1_shortage_ratio_OREO VANILLA 110.4/105G_T125_3,0.566811
CG_LT,125,,MM DA NANG,MM AN PHU,OREO VANILLA 110.4/105G,8,0.6,1.133622,5.847966,PRICED_E1_shortage_ratio_OREO VANILLA 110.4/105G_T125_3,0.566811
CG_LT,126,,MM BINH PHU,MM AN PHU,OREO VANILLA 110.4/105G,48,0.6,1.255804,30.03056,PRICED_E1_shortage_ratio_OREO VANILLA 110.4/105G_T126_1,0.627902
CG_LT,126,,MM HIEP PHU,MM AN PHU,OREO VANILLA 110.4/105G,76,0.6,2.0,47.826844,PRICED_E1_shortage_ratio_OREO VANILLA 110.4/105G_T126_3,1.0
CG_LT,127,,MM BINH PHU,MM AN PHU,OREO VANILLA 110.4/105G,48,0.6,1.694873,30.410816,PRICED_E1_shortage_ratio_OREO VANILLA 110.4/105G_T127_1,0.847437
CG_LT,127,,MM DA NANG,MM AN PHU,OREO VANILLA 110.4/105G,56,0.6,2.0,35.885657,PRICED_E1_shortage_ratio_OREO VANILLA 110.4/105G_T127_2,1.0
CG_LT,128,,MM BINH PHU,MM AN PHU,OREO VANILLA 110.4/105G,15,0.6,2.0,11.079531,PRICED_E1_shortage_ratio_OREO VANILLA 110.4/105G_T128_1,1.0
CG_LT,128,,MM DA NANG,MM AN PHU,OREO VANILLA 110.4/105G,15,0.6,2.0,11.079531,PRICED_E1_shortage_ratio_OREO VANILLA 110.4/105G_T128_2,1.0
CG_LT,128,,MM HIEP PHU,MM AN PHU,OREO VANILLA 110.4/105G,15,0.6,2.0,11.079531,PRICED_E1_shortage_ratio_OREO VANILLA 110.4/105G_T128_3,1.0
CG_LT,129,,MM BINH PHU,MM AN PHU,OREO VANILLA 110.4/105G,184,0.6,2.0,112.446085,PRICED_E1_shortage_ratio_OREO VANILLA 110.4/105G_T129_1,1.0
CG_LT,129,,MM DA NANG,MM AN PHU,OREO VANILLA 110.4/105G,53,0.6,0.575186,32.338701,PRICED_E1_shortage_ratio_OREO VANILLA 110.4/105G_T129_2,0.287593
CG_LT,12,,MM BINH PHU,MM AN PHU,OREO VANILLA 110.4/105G,135,0.6,1.770805,83.011727,PRICED_E1_shortage_ratio_OREO VANILLA 110.4/105G_T12_1,0.885402
CG_LT,12,,MM BINH PHU,MM AN PHU,OREO VANILLA 110.4/105G,33,0.6,0.81972,20.743597,PRICED_E1_shortage_ratio_OREO VANILLA 110.4/105G_T12_2,0.40986
CG_LT,12,,MM DA NANG,MM AN PHU,OREO VANILLA 110.4/105G,9,0.6,0.81972,6.213671,PRICED_E1_shortage_ratio_OREO VANILLA 110.4/105G_T12_2,0.40986
CG_LT,12,,MM HIEP PHU,MM AN PHU,OREO VANILLA 110.4/105G,20,0.6,0.81972,13.108969,PRICED_E1_shortage_ratio_OREO VANILLA 110.4/105G_T12_2,0.40986
CG_LT,130,,MM BINH PHU,MM AN PHU,OREO VANILLA 110.4/105G,408,0.6,2.0,246.974391,PRICED_E1_shortage_ratio_OREO VANILLA 110.4/105G_T130_1,1.0
CG_LT,130,,MM DA NANG,MM AN PHU,OREO VANILLA 110.4/105G,9,0.6,0.163087,5.811485,PRICED_E1_shortage_ratio_OREO VANILLA 110.4/105G_T130_2,0.081543
CG_LT,130,,MM HIEP PHU,MM AN PHU,OREO VANILLA 110.4/105G,24,0.6,0.163087,14.490697,PRICED_E1_shortage_ratio_OREO VANILLA 110.4/105G_T130_2,0.081543
CG_LT,131,,MM BINH PHU,MM AN PHU,OREO VANILLA 110.4/105G,64,0.6,0.54599,38.918653,PRICED_E1_shortage_ratio_OREO VANILLA 110.4/105G_T131_1,0.272995
CG_LT,131,,MM HIEP PHU,MM AN PHU,OREO VANILLA 110.4/105G,234,0.6,2.0,142.561737,PRICED_E1_shortage_ratio_OREO VANILLA 110.4/105G_T131_2,1.0
CG_LT,132,,MM BINH PHU,MM AN PHU,OREO VANILLA 110.4/105G,33,0.6,1.018886,21.08768,PRICED_E1_shortage_ratio_OREO VANILLA 110.4/105G_T132_1,0.509443
CG_LT,132,,MM HIEP PHU,MM AN PHU,OREO VANILLA 110.4/105G,66,0.6,2.0,41.393606,PRICED_E1_shortage_ratio_OREO VANILLA 110.4/105G_T132_3,1.0
CG_LT,133,,MM DA NANG,MM AN PHU,OREO VANILLA 110.4/105G,54,0.6,1.583241,33.828812,PRICED_E1_shortage_ratio_OREO VANILLA 110.4/105G_T133_2,0.79162
CG_LT,133,,MM HIEP PHU,MM AN PHU,OREO VANILLA 110.4/105G,68,0.6,2.0,42.733629,PRICED_E1_shortage_ratio_OREO VANILLA 110.4/105G_T133_3,1.0
CG_LT,134,,MM BINH PHU,MM AN PHU,OREO VANILLA 110.4/105G,63,0.6,2.0,39.86547,PRICED_E1_shortage_ratio_OREO VANILLA 110.4/105G_T134_1,1.0
CG_LT,134,,MM DA NANG,MM AN PHU,OREO VANILLA 110.4/105G,22,0.6,0.69612,13.875581,PRICED_E1_shortage_ratio_OREO VANILLA 110.4/105G_T134_2,0.34806
CG_LT,134,,MM HIEP PHU,MM AN PHU,OREO VANILLA 110.4/105G,63,0.6,2.0,39.86547,PRICED_E1_shortage_ratio_OREO VANILLA 110.4/105G_T134_3,1.0
CG_LT,135,,MM BINH PHU,MM AN PHU,OREO VANILLA 110.4/105G,187,0.6,2.0,113.977851,PRICED_E1_shortage_ratio_OREO VANILLA 110.4/105G_T135_1,1.0
CG_LT,135,,MM HIEP PHU,MM AN PHU,OREO VANILLA 110.4/105G,38,0.6,0.403733,23.008282,PRICED_E1_shortage_ratio_OREO VANILLA 110.4/105G_T135_2,0.201866
CG_LT,136,,MM BINH PHU,MM AN PHU,OREO VANILLA 110.4/105G,37,0.6,0.298332,22.683558,PRICED_E1_shortage_ratio_OREO VANILLA 110.4/105G_T136_1,0.149166
CG_LT,136,,MM HIEP PHU,MM AN PHU,OREO VANILLA 110.4/105G,250,0.6,2.0,152.069174,PRICED_E1_shortage_ratio_OREO VANILLA 110.4/105G_T136_2,1.0
CG_LT,137,,MM BINH PHU,MM AN PHU,OREO VANILLA 110.4/105G,47,0.6,0.641524,28.794024,PRICED_E1_shortage_ratio_OREO VANILLA 110.4/105G_T137_1,0.320762
CG_LT,137,,MM DA NANG,MM AN PHU,OREO VANILLA 110.4/105G,146,0.6,2.0,89.7675,PRICED_E1_shortage_ratio_OREO VANILLA 110.4/105G_T137_2,1.0
CG_LT,138,,MM BINH PHU,MM AN PHU,OREO VANILLA 110.4/105G,48,0.6,2.0,30.701697,PRICED_E1_shortage_ratio_OREO VANILLA 110.4/105G_T138_1,1.0
CG_LT,138,,MM DA NANG,MM AN PHU,OREO VANILLA 110.4/105G,48,0.6,2.0,30.701697,PRICED_E1_shortage_ratio_OREO VANILLA 110.4/105G_T138_2,1.0
CG_LT,138,,MM HIEP PHU,MM AN PHU,OREO VANILLA 110.4/105G,25,0.6,1.056927,16.224734,PRICED_E1_shortage_ratio_OREO VANILLA 110.4/105G_T138_3,0.528464
CG_LT,139,,MM BINH PHU,MM AN PHU,OREO VANILLA 110.4/105G,50,0.6,0.932504,30.66269,PRICED_E1_shortage_ratio_OREO VANILLA 110.4/105G_T139_1,0.466252
CG_LT,139,,MM HIEP PHU,MM AN PHU,OREO VANILLA 110.4/105G,106,0.6,2.0,65.764214,PRICED_E1_shortage_ratio_OREO VANILLA 110.4/105G_T139_2,1.0
CG_LT,13,,MM BINH PHU,MM AN PHU,OREO VANILLA 110.4/105G,47,0.6,2.0,30.222691,PRICED_E1_shortage_ratio_OREO VANILLA 110.4/105G_T13_1,1.0
CG_LT,13,,MM DA NANG,MM AN PHU,OREO VANILLA 110.4/105G,8,0.6,2.0,6.772347,PRICED_E1_shortage_ratio_OREO VANILLA 110.4/105G_T13_2,1.0
CG_LT,13,,MM HIEP PHU,MM AN PHU,OREO VANILLA 110.4/105G,39,0.6,2.0,25.450343,PRICED_E1_shortage_ratio_OREO VANILLA 110.4/105G_T13_2,1.0
CG_LT,13,,MM BINH PHU,MM AN PHU,OREO VANILLA 110.4/105G,12,0.6,0.863151,7.879926,PRICED_E1_shortage_ratio_OREO VANILLA 110.4/105G_T13_3,0.431575
CG_LT,13,,MM DA NANG,MM AN PHU,OREO VANILLA 110.4/105G,9,0.6,0.863151,6.026594,PRICED_E1_shortage_ratio_OREO VANILLA 110.4/105G_T13_3,0.431575
CG_LT,140,,MM BINH PHU,MM AN PHU,OREO VANILLA 110.4/105G,79,0.6,2.0,49.250579,PRICED_E1_shortage_ratio_OREO VANILLA 110.4/105G_T140_1,1.0
CG_LT,140,,MM HIEP PHU,MM AN PHU,OREO VANILLA 110.4/105G,72,0.6,1.840156,45.314377,PRICED_E1_shortage_ratio_OREO VANILLA 110.4/105G_T140_2,0.920078
CG_LT,141,,MM DA NANG,MM AN PHU,OREO VANILLA 110.4/105G,79,0.6,2.0,49.628343,PRICED_E1_shortage_ratio_OREO VANILLA 110.4/105G_T141_2,1.0
CG_LT,141,,MM HIEP PHU,MM AN PHU,OREO VANILLA 110.4/105G,48,0.6,1.205016,29.901473,PRICED_E1_shortage_ratio_OREO VANILLA 110.4/105G_T141_3,0.602508
CG_LT,142,,MM BINH PHU,MM AN PHU,OREO VANILLA 110.4/105G,49,0.6,0.735898,29.952134,PRICED_E1_shortage_ratio_OREO VANILLA 110.4/105G_T142_1,0.367949
CG_LT,142,,MM HIEP PHU,MM AN PHU,OREO VANILLA 110.4/105G,132,0.6,2.0,81.402964,PRICED_E1_shortage_ratio_OREO VANILLA 110.4/105G_T142_2,1.0
CG_LT,143,,MM BINH PHU,MM AN PHU,OREO VANILLA 110.4/105G,247,0.6,2.0,150.058325,PRICED_E1_shortage_ratio_OREO VANILLA 110.4/105G_T143_1,1.0
CG_LT,143,,MM HIEP PHU,MM AN PHU,OREO VANILLA 110.4/105G,64,0.6,0.516932,38.785007,PRICED_E1_shortage_ratio_OREO VANILLA 110.4/105G_T143_2,0.258466
CG_LT,144,,MM BINH PHU,MM AN PHU,OREO VANILLA 110.4/105G,419,0.6,2.0,253.69417,PRICED_E1_shortage_ratio_OREO VANILLA 110.4/105G_T144_1,1.0
CG_LT,144,,MM HIEP PHU,MM AN PHU,OREO VANILLA 110.4/105G,45,0.6,0.213467,27.077697,PRICED_E1_shortage_ratio_OREO VANILLA 110.4/105G_T144_2,0.106734
CG_LT,145,,MM BINH PHU,MM AN PHU,OREO VANILLA 110.4/105G,25,0.6,0.184102,14.917238,PRICED_E1_shortage_ratio_OREO VANILLA 110.4/105G_T145_1,0.092051
CG_LT,145,,MM BINH PHU,MM DA NANG,OREO VANILLA 110.4/105G,3,0.6,0.184102,2.016159,PRICED_E1_shortage_ratio_OREO VANILLA 110.4/105G_T145_1,0.092051
CG_LT,145,,MM BINH PHU,MM DA NANG,OREO VANILLA 110.4/105G,33,0.6,2.0,21.902632,PRICED_E1_shortage_ratio_OREO VANILLA 110.4/105G_T145_2,1.0
CG_LT,145,,MM HIEP PHU,MM AN PHU,OREO VANILLA 110.4/105G,267,0.6,2.0,162.054064,PRICED_E1_shortage_ratio_OREO VANILLA 110.4/105G_T145_2,1.0
CG_LT,146,,MM AN PHU,MM DA NANG,OREO VANILLA 110.4/105G,71,0.6,0.894072,43.734317,PRICED_E1_shortage_ratio_OREO VANILLA 110.4/105G_T146_1,0.447036
CG_LT,146,,MM BINH PHU,MM DA NANG,OREO VANILLA 110.4/105G,160,0.6,2.0,97.831755,PRICED_E1_shortage_ratio_OREO VANILLA 110.4/105G_T146_2,1.0
CG_LT,147,,MM AN PHU,MM DA NANG,OREO VANILLA 110.4/105G,45,0.6,0.624774,27.434545,PRICED_E1_shortage_ratio_OREO VANILLA 110.4/105G_T147_1,0.312387
CG_LT,147,,MM BINH PHU,MM DA NANG,OREO VANILLA 110.4/105G,143,0.6,2.0,87.82223,PRICED_E1_shortage_ratio_OREO VANILLA 110.4/105G_T147_2,1.0
CG_LT,148,,MM BINH PHU,MM DA NANG,OREO VANILLA 110.4/105G,32,0.6,1.347971,20.826558,PRICED_E1_shortage_ratio_OREO VANILLA 110.4/105G_T148_2,0.673985
CG_LT,148,,MM HIEP PHU,MM DA NANG,OREO VANILLA 110.4/105G,48,0.6,2.0,30.900613,PRICED_E1_shortage_ratio_OREO VANILLA 110.4/105G_T148_3,1.0
CG_LT,149,,MM AN PHU,MM DA NANG,OREO VANILLA 110.4/105G,24,0.6,0.479761,15.173942,PRICED_E1_shortage_ratio_OREO VANILLA 110.4/105G_T149_1,0.239881
CG_LT,149,,MM HIEP PHU,MM DA NANG,OREO VANILLA 110.4/105G,102,0.6,2.0,63.256219,PRICED_E1_shortage_ratio_OREO VANILLA 110.4/105G_T149_3,1.0
CG_LT,14,,MM BINH PHU,MM AN PHU,OREO VANILLA 110.4/105G,55,0.6,0.858345,34.147397,PRICED_E1_shortage_ratio_OREO VANILLA 110.4/105G_T14_1,0.429172
CG_LT,14,,MM HIEP PHU,MM AN PHU,OREO VANILLA 110.4/105G,15,0.6,0.858345,10.032971,PRICED_E1_shortage_ratio_OREO VANILLA 110.4/105G_T14_1,0.429172
CG_LT,14,,MM HIEP PHU,MM DA NANG,OREO VANILLA 110.4/105G,5,0.6,0.858345,3.636744,PRICED_E1_shortage_ratio_OREO VANILLA 110.4/105G_T14_1,0.429172
CG_LT,14,,MM BINH PHU,MM AN PHU,OREO VANILLA 110.4/105G,79,0.6,1.586177,48.839522,PRICED_E1_shortage_ratio_OREO VANILLA 110.4/105G_T14_2,0.793088
CG_LT,14,,MM BINH PHU,MM DA NANG,OREO VANILLA 110.4/105G,24,0.6,1.586177,15.849279,PRICED_E1_shortage_ratio_OREO VANILLA 110.4/105G_T14_2,0.793088
CG_LT,14,,MM HIEP PHU,MM AN PHU,OREO VANILLA 110.4/105G,37,0.6,1.586177,23.674751,PRICED_E1_shortage_ratio_OREO VANILLA 110.4/105G_T14_2,0.793088
CG_LT,150,,MM AN PHU,MM DA NANG,OREO VANILLA 110.4/105G,32,0.6,1.538549,20.570117,PRICED_E1_shortage_ratio_OREO VANILLA 110.4/105G_T150_1,0.769274
CG_LT,150,,MM BINH PHU,MM DA NANG,OREO VANILLA 110.4/105G,41,0.6,2.0,26.739632,PRICED_E1_shortage_ratio_OREO VANILLA 110.4/105G_T150_2,1.0
CG_LT,15,,MM BINH PHU,MM AN PHU,OREO VANILLA 110.4/105G,7,0.6,0.108079,4.516843,PRICED_E1_shortage_ratio_OREO VANILLA 110.4/105G_T15_1,0.05404
CG_LT,15,,MM HIEP PHU,MM AN PHU,OREO VANILLA 110.4/105G,0,0.6,0.108079,0.303708,PRICED_E1_shortage_ratio_OREO VANILLA 110.4/105G_T15_1,0.05404
CG_LT,15,,MM BINH PHU,MM AN PHU,OREO VANILLA 110.4/105G,136,0.6,2.0,83.583923,PRICED_E1_shortage_ratio_OREO VANILLA 110.4/105G_T15_4,1.0
CG_LT,15,,MM HIEP PHU,MM DA NANG,OREO VANILLA 110.4/105G,6,0.6,2.0,5.620106,PRICED_E1_shortage_ratio_OREO VANILLA 110.4/105G_T15_4,1.0
CG_LT,16,,MM BINH PHU,MM AN PHU,OREO VANILLA 110.4/105G,216,0.6,2.0,131.520615,PRICED_E1_shortage_ratio_OREO VANILLA 110.4/105G_T16_2,1.0
CG_LT,16,,MM HIEP PHU,MM AN PHU,OREO VANILLA 110.4/105G,16,0.6,2.0,11.390553,PRICED_E1_shortage_ratio_OREO VANILLA 110.4/105G_T16_2,1.0
CG_LT,16,,MM HIEP PHU,MM DA NANG,OREO VANILLA 110.4/105G,80,0.6,2.0,50.009306,PRICED_E1_shortage_ratio_OREO VANILLA 110.4/105G_T16_2,1.0
CG_LT,16,,MM BINH PHU,MM AN PHU,OREO VANILLA 110.4/105G,8,0.6,0.206233,5.182286,PRICED_E1_shortage_ratio_OREO VANILLA 110.4/105G_T16_4,0.103116
CG_LT,16,,MM HIEP PHU,MM AN PHU,OREO VANILLA 110.4/105G,16,0.6,0.206233,9.554212,PRICED_E1_shortage_ratio_OREO VANILLA 110.4/105G_T16_4,0.103116
CG_LT,16,,MM HIEP PHU,MM DA NANG,OREO VANILLA 110.4/105G,8,0.6,0.206233,5.156784,PRICED_E1_shortage_ratio_OREO VANILLA 110.4/105G_T16_4,0.103116
CG_LT,17,,MM BINH PHU,MM AN PHU,OREO VANILLA 110.4/105G,2,0.6,0.064298,1.252232,PRICED_E1_shortage_ratio_OREO VANILLA 110.4/105G_T17_1,0.032149
CG_LT,17,,MM BINH PHU,MM DA NANG,OREO VANILLA 110.4/105G,3,0.6,0.064298,1.677923,PRICED_E1_shortage_ratio_OREO VANILLA 110.4/105G_T17_1,0.032149
CG_LT,17,,MM HIEP PHU,MM AN PHU,OREO VANILLA 110.4/105G,8,0.6,0.064298,4.902365,PRICED_E1_shortage_ratio_OREO VANILLA 110.4/105G_T17_1,0.032149
CG_LT,17,,MM BINH PHU,MM AN PHU,OREO VANILLA 110.4/105G,158,0.6,2.0,96.665178,PRICED_E1_shortage_ratio_OREO VANILLA 110.4/105G_T17_2,1.0
CG_LT,17,,MM HIEP PHU,MM AN PHU,OREO VANILLA 110.4/105G,155,0.6,2.0,94.775916,PRICED_E1_shortage_ratio_OREO VANILLA 110.4/105G_T17_2,1.0
CG_LT,17,,MM HIEP PHU,MM DA NANG,OREO VANILLA 110.4/105G,84,0.6,2.0,52.192425,PRICED_E1_shortage_ratio_OREO VANILLA 110.4/105G_T17_2,1.0
CG_LT,18,,MM BINH PHU,MM AN PHU,OREO VANILLA 110.4/105G,6,0.6,0.086577,3.819939,PRICED_E1_shortage_ratio_OREO VANILLA 110.4/105G_T18_2,0.043288
CG_LT,18,,MM HIEP PHU,MM AN PHU,OREO VANILLA 110.4/105G,9,0.6,0.086577,5.512046,PRICED_E1_shortage_ratio_OREO VANILLA 110.4/105G_T18_2,0.043288
CG_LT,18,,MM HIEP PHU,MM DA NANG,OREO VANILLA 110.4/105G,0,0.6,0.086577,0.258888,PRICED_E1_shortage_ratio_OREO VANILLA 110.4/105G_T18_2,0.043288
CG_LT,18,,MM BINH PHU,MM AN PHU,OREO VANILLA 110.4/105G,137,0.6,2.0,84.263264,PRICED_E1_shortage_ratio_OREO VANILLA 110.4/105G_T18_3,1.0
CG_LT,18,,MM BINH PHU,MM DA NANG,OREO VANILLA 110.4/105G,7,0.6,2.0,5.980541,PRICED_E1_shortage_ratio_OREO VANILLA 110.4/105G_T18_3,1.0
CG_LT,18,,MM HIEP PHU,MM AN PHU,OREO VANILLA 110.4/105G,216,0.6,2.0,131.313456,PRICED_E1_shortage_ratio_OREO VANILLA 110.4/105G_T18_3,1.0
CG_LT,19,,MM BINH PHU,MM AN PHU,OREO VANILLA 110.4/105G,5,0.6,0.358446,3.148332,PRICED_E1_shortage_ratio_OREO VANILLA 110.4/105G_T19_1,0.179223
CG_LT,19,,MM BINH PHU,MM DA NANG,OREO VANILLA 110.4/105G,9,0.6,0.358446,5.699821,PRICED_E1_shortage_ratio_OREO VANILLA 110.4/105G_T19_1,0.179223
CG_LT,19,,MM HIEP PHU,MM AN PHU,OREO VANILLA 110.4/105G,36,0.6,0.358446,22.226744,PRICED_E1_shortage_ratio_OREO VANILLA 110.4/105G_T19_1,0.179223
CG_LT,19,,MM BINH PHU,MM DA NANG,OREO VANILLA 110.4/105G,76,0.6,2.0,47.369539,PRICED_E1_shortage_ratio_OREO VANILLA 110.4/105G_T19_4,1.0
CG_LT,19,,MM HIEP PHU,MM AN PHU,OREO VANILLA 110.4/105G,203,0.6,2.0,124.017301,PRICED_E1_shortage_ratio_OREO VANILLA 110.4/105G_T19_4,1.0
CG_LT,20,,MM BINH PHU,MM AN PHU,OREO VANILLA 110.4/105G,13,0.6,1.54907,9.331369,PRICED_E1_shortage_ratio_OREO VANILLA 110.4/105G_T20_1,0.774535
CG_LT,20,,MM HIEP PHU,MM AN PHU,OREO VANILLA 110.4/105G,56,0.6,1.54907,34.986691,PRICED_E1_shortage_ratio_OREO VANILLA 110.4/105G_T20_1,0.774535
CG_LT,20,,MM HIEP PHU,MM DA NANG,OREO VANILLA 110.4/105G,111,0.6,1.54907,68.148254,PRICED_E1_shortage_ratio_OREO VANILLA 110.4/105G_T20_1,0.774535
CG_LT,20,,MM BINH PHU,MM AN PHU,OREO VANILLA 110.4/105G,47,0.6,1.102351,29.5887,PRICED_E1_shortage_ratio_OREO VANILLA 110.4/105G_T20_4,0.551175
CG_LT,20,,MM HIEP PHU,MM AN PHU,OREO VANILLA 110.4/105G,1,0.6,1.102351,1.948965,PRICED_E1_shortage_ratio_OREO VANILLA 110.4/105G_T20_4,0.551175
CG_LT,20,,MM HIEP PHU,MM DA NANG,OREO VANILLA 110.4/105G,79,0.6,1.102351,48.495732,PRICED_E1_shortage_ratio_OREO VANILLA 110.4/105G_T20_4,0.551175
CG_LT,21,,MM BINH PHU,MM DA NANG,OREO VANILLA 110.4/105G,7,0.6,0.115449,4.583345,PRICED_E1_shortage_ratio_OREO VANILLA 110.4/105G_T21_4,0.057725
CG_LT,21,,MM HIEP PHU,MM AN PHU,OREO VANILLA 110.4/105G,8,0.6,0.115449,4.632802,PRICED_E1_shortage_ratio_OREO VANILLA 110.4/105G_T21_4,0.057725
CG_LT,22,,MM BINH PHU,MM DA NANG,OREO VANILLA 110.4/105G,16,0.6,0.463907,10.241154,PRICED_E1_shortage_ratio_OREO VANILLA 110.4/105G_T22_2,0.231954
CG_LT,22,,MM HIEP PHU,MM AN PHU,OREO VANILLA 110.4/105G,31,0.6,0.463907,19.128951,PRICED_E1_shortage_ratio_OREO VANILLA 110.4/105G_T22_2,0.231954
CG_LT,23,,MM BINH PHU,MM AN PHU,OREO VANILLA 110.4/105G,21,0.6,0.50855,12.832873,PRICED_E1_shortage_ratio_OREO VANILLA 110.4/105G_T23_1,0.254275
CG_LT,23,,MM HIEP PHU,MM DA NANG,OREO VANILLA 110.4/105G,32,0.6,0.50855,19.805446,PRICED_E1_shortage_ratio_OREO VANILLA 110.4/105G_T23_1,0.254275
CG_LT,23,,MM HIEP PHU,MM AN PHU,OREO VANILLA 110.4/105G,81,0.6,2.0,50.468479,PRICED_E1_shortage_ratio_OREO VANILLA 110.4/105G_T23_4,1.0
CG_LT,23,,MM HIEP PHU,MM DA NANG,OREO VANILLA 110.4/105G,126,0.6,2.0,77.889866,PRICED_E1_shortage_ratio_OREO VANILLA 110.4/105G_T23_4,1.0
CG_LT,24,,MM BINH PHU,MM AN PHU,OREO VANILLA 110.4/105G,87,0.6,2.0,54.176226,PRICED_E1_shortage_ratio_OREO VANILLA 110.4/105G_T24_1,1.0
CG_LT,24,,MM HIEP PHU,MM DA NANG,OREO VANILLA 110.4/105G,212,0.6,2.0,129.423965,PRICED_E1_shortage_ratio_OREO VANILLA 110.4/105G_T24_1,1.0
CG_LT,24,,MM HIEP PHU,MM AN PHU,OREO VANILLA 110.4/105G,8,0.6,0.189248,5.126359,PRICED_E1_shortage_ratio_OREO VANILLA 110.4/105G_T24_4,0.094624
CG_LT,24,,MM HIEP PHU,MM DA NANG,OREO VANILLA 110.4/105G,20,0.6,0.189248,12.246583,PRICED_E1_shortage_ratio_OREO VANILLA 110.4/105G_T24_4,0.094624
CG_LT,25,,MM BINH PHU,MM DA NANG,OREO VANILLA 110.4/105G,3,0.6,1.872481,3.624882,PRICED_E1_shortage_ratio_OREO VANILLA 110.4/105G_T25_1,0.936241
CG_LT,25,,MM HIEP PHU,MM AN PHU,OREO VANILLA 110.4/105G,248,0.6,1.872481,150.787261,PRICED_E1_shortage_ratio_OREO VANILLA 110.4/105G_T25_1,0.936241
CG_LT,25,,MM HIEP PHU,MM DA NANG,OREO VANILLA 110.4/105G,131,0.6,1.872481,80.614414,PRICED_E1_shortage_ratio_OREO VANILLA 110.4/105G_T25_1,0.936241
CG_LT,25,,MM BINH PHU,MM DA NANG,OREO VANILLA 110.4/105G,13,0.6,0.284064,8.054664,PRICED_E1_shortage_ratio_OREO VANILLA 110.4/105G_T25_4,0.142032
CG_LT,25,,MM HIEP PHU,MM AN PHU,OREO VANILLA 110.4/105G,38,0.6,0.284064,22.875142,PRICED_E1_shortage_ratio_OREO VANILLA 110.4/105G_T25_4,0.142032
CG_LT,25,,MM HIEP PHU,MM DA NANG,OREO VANILLA 110.4/105G,7,0.6,0.284064,4.724837,PRICED_E1_shortage_ratio_OREO VANILLA 110.4/105G_T25_4,0.142032
CG_LT,26,,MM BINH PHU,MM DA NANG,OREO VANILLA 110.4/105G,6,0.6,0.41175,3.997582,PRICED_E1_shortage_ratio_OREO VANILLA 110.4/105G_T26_2,0.205875
CG_LT,26,,MM HIEP PHU,MM AN PHU,OREO VANILLA 110.4/105G,46,0.6,0.41175,27.867876,PRICED_E1_shortage_ratio_OREO VANILLA 110.4/105G_T26_2,0.205875
CG_LT,26,,MM BINH PHU,MM AN PHU,OREO VANILLA 110.4/105G,222,0.6,2.0,135.363074,PRICED_E1_shortage_ratio_OREO VANILLA 110.4/105G_T26_4,1.0
CG_LT,26,,MM HIEP PHU,MM DA NANG,OREO VANILLA 110.4/105G,29,0.6,2.0,19.417516,PRICED_E1_shortage_ratio_OREO VANILLA 110.4/105G_T26_4,1.0
CG_LT,27,,MM BINH PHU,MM AN PHU,OREO VANILLA 110.4/105G,158,0.6,2.0,96.658205,PRICED_E1_shortage_ratio_OREO VANILLA 110.4/105G_T27_4,1.0
CG_LT,27,,MM HIEP PHU,MM DA NANG,OREO VANILLA 110.4/105G,17,0.6,2.0,12.003396,PRICED_E1_shortage_ratio_OREO VANILLA 110.4/105G_T27_4,1.0
CG_LT,28,,MM BINH PHU,MM AN PHU,OREO VANILLA 110.4/105G,10,0.6,0.106898,6.305422,PRICED_E1_shortage_ratio_OREO VANILLA 110.4/105G_T28_1,0.053449
CG_LT,28,,MM BINH PHU,MM DA NANG,OREO VANILLA 110.4/105G,1,0.6,0.106898,0.931664,PRICED_E1_shortage_ratio_OREO VANILLA 110.4/105G_T28_1,0.053449
CG_LT,28,,MM BINH PHU,MM AN PHU,OREO VANILLA 110.4/105G,193,0.6,2.0,117.970899,PRICED_E1_shortage_ratio_OREO VANILLA 110.4/105G_T28_4,1.0
CG_LT,28,,MM HIEP PHU,MM DA NANG,OREO VANILLA 110.4/105G,26,0.6,2.0,17.430915,PRICED_E1_shortage_ratio_OREO VANILLA 110.4/105G_T28_4,1.0
CG_LT,29,,MM BINH PHU,MM AN PHU,OREO VANILLA 110.4/105G,39,0.6,0.334895,23.739319,PRICED_E1_shortage_ratio_OREO VANILLA 110.4/105G_T29_4,0.167448
CG_LT,29,,MM HIEP PHU,MM DA NANG,OREO VANILLA 110.4/105G,9,0.6,0.334895,5.729144,PRICED_E1_shortage_ratio_OREO VANILLA 110.4/105G_T29_4,0.167448
CG_LT,30,,MM BINH PHU,MM DA NANG,OREO VANILLA 110.4/105G,64,0.6,2.0,40.679519,PRICED_E1_shortage_ratio_OREO VANILLA 110.4/105G_T30_2,1.0
CG_LT,30,,MM HIEP PHU,MM AN PHU,OREO VANILLA 110.4/105G,261,0.6,2.0,158.658038,PRICED_E1_shortage_ratio_OREO VANILLA 110.4/105G_T30_2,1.0
CG_LT,30,,MM BINH PHU,MM AN PHU,OREO VANILLA 110.4/105G,30,0.6,0.22895,18.1624,PRICED_E1_shortage_ratio_OREO VANILLA 110.4/105G_T30_4,0.114475
CG_LT,30,,MM HIEP PHU,MM DA NANG,OREO VANILLA 110.4/105G,7,0.6,0.22895,4.656793,PRICED_E1_shortage_ratio_OREO VANILLA 110.4/105G_T30_4,0.114475
CG_LT,31,,MM BINH PHU,MM AN PHU,OREO VANILLA 110.4/105G,216,0.6,2.0,131.887476,PRICED_E1_shortage_ratio_OREO VANILLA 110.4/105G_T31_1,1.0
CG_LT,31,,MM HIEP PHU,MM AN PHU,OREO VANILLA 110.4/105G,77,0.6,0.714423,47.111748,PRICED_E1_shortage_ratio_OREO VANILLA 110.4/105G_T31_2,0.357212
CG_LT,32,,MM BINH PHU,MM AN PHU,OREO VANILLA 110.4/105G,59,0.6,0.48146,35.829349,PRICED_E1_shortage_ratio_OREO VANILLA 110.4/105G_T32_1,0.24073
CG_LT,32,,MM HIEP PHU,MM AN PHU,OREO VANILLA 110.4/105G,245,0.6,2.0,148.836112,PRICED_E1_shortage_ratio_OREO VANILLA 110.4/105G_T32_2,1.0
CG_LT,33,,MM BINH PHU,MM AN PHU,OREO VANILLA 110.4/105G,20,0.6,0.186047,12.256312,PRICED_E1_shortage_ratio_OREO VANILLA 110.4/105G_T33_1,0.093023
CG_LT,33,,MM BINH PHU,MM HIEP PHU,OREO VANILLA 110.4/105G,4,0.6,0.186047,2.537377,PRICED_E1_shortage_ratio_OREO VANILLA 110.4/105G_T33_1,0.093023
CG_LT,33,,MM BINH PHU,MM HIEP PHU,OREO VANILLA 110.4/105G,42,0.6,2.0,27.2768,PRICED_E1_shortage_ratio_OREO VANILLA 110.4/105G_T33_2,1.0
CG_LT,33,,MM HIEP PHU,MM AN PHU,OREO VANILLA 110.4/105G,216,0.6,2.0,131.755335,PRICED_E1_shortage_ratio_OREO VANILLA 110.4/105G_T33_2,1.0
CG_LT,34,,MM BINH PHU,MM AN PHU,OREO VANILLA 110.4/105G,107,0.6,1.966199,66.449983,PRICED_E1_shortage_ratio_OREO VANILLA 110.4/105G_T34_1,0.9831
CG_LT,34,,MM BINH PHU,MM HIEP PHU,OREO VANILLA 110.4/105G,325,0.6,1.966199,197.047904,PRICED_E1_shortage_ratio_OREO VANILLA 110.4/105G_T34_1,0.9831
CG_LT,34,,MM BINH PHU,MM AN PHU,OREO VANILLA 110.4/105G,14,0.6,0.157401,8.562179,PRICED_E1_shortage_ratio_OREO VANILLA 110.4/105G_T34_2,0.078701
CG_LT,34,,MM BINH PHU,MM HIEP PHU,OREO VANILLA 110.4/105G,21,0.6,0.157401,12.531784,PRICED_E1_shortage_ratio_OREO VANILLA 110.4/105G_T34_2,0.078701
CG_LT,35,,MM BINH PHU,MM AN PHU,OREO VANILLA 110.4/105G,110,0.6,2.0,67.843958,PRICED_E1_shortage_ratio_OREO VANILLA 110.4/105G_T35_1,1.0
CG_LT,35,,MM BINH PHU,MM HIEP PHU,OREO VANILLA 110.4/105G,39,0.6,2.0,25.192557,PRICED_E1_shortage_ratio_OREO VANILLA 110.4/105G_T35_1,1.0
CG_LT,36,,MM BINH PHU,MM AN PHU,OREO VANILLA 110.4/105G,204,0.6,2.0,124.672963,PRICED_E1_shortage_ratio_OREO VANILLA 110.4/105G_T36_1,1.0
CG_LT,36,,MM BINH PHU,MM DA NANG,OREO VANILLA 110.4/105G,14,0.6,2.0,10.321568,PRICED_E1_shortage_ratio_OREO VANILLA 110.4/105G_T36_1,1.0
CG_LT,36,,MM BINH PHU,MM AN PHU,OREO VANILLA 110.4/105G,13,0.6,0.127569,7.952206,PRICED_E1_shortage_ratio_OREO VANILLA 110.4/105G_T36_4,0.063785
CG_LT,36,,MM HIEP PHU,MM DA NANG,OREO VANILLA 110.4/105G,1,0.6,0.127569,0.658356,PRICED_E1_shortage_ratio_OREO VANILLA 110.4/105G_T36_4,0.063785
CG_LT,37,,MM BINH PHU,MM AN PHU,OREO VANILLA 110.4/105G,184,0.6,2.0,112.296661,PRICED_E1_shortage_ratio_OREO VANILLA 110.4/105G_T37_1,1.0
CG_LT,37,,MM BINH PHU,MM DA NANG,OREO VANILLA 110.4/105G,159,0.6,2.0,97.287059,PRICED_E1_shortage_ratio_OREO VANILLA 110.4/105G_T37_1,1.0
CG_LT,38,,MM BINH PHU,MM AN PHU,OREO VANILLA 110.4/105G,189,0.6,2.0,115.461607,PRICED_E1_shortage_ratio_OREO VANILLA 110.4/105G_T38_1,1.0
CG_LT,38,,MM BINH PHU,MM DA NANG,OREO VANILLA 110.4/105G,179,0.6,2.0,109.319899,PRICED_E1_shortage_ratio_OREO VANILLA 110.4/105G_T38_1,1.0
CG_LT,39,,MM BINH PHU,MM AN PHU,OREO VANILLA 110.4/105G,417,0.6,2.0,252.376554,PRICED_E1_shortage_ratio_OREO VANILLA 110.4/105G_T39_1,1.0
CG_LT,39,,MM BINH PHU,MM DA NANG,OREO VANILLA 110.4/105G,9,0.6,2.0,7.590024,PRICED_E1_shortage_ratio_OREO VANILLA 110.4/105G_T39_1,1.0
CG_LT,40,,MM BINH PHU,MM AN PHU,OREO VANILLA 110.4/105G,275,0.6,2.0,167.009952,PRICED_E1_shortage_ratio_OREO VANILLA 110.4/105G_T40_1,1.0
CG_LT,40,,MM BINH PHU,MM DA NANG,OREO VANILLA 110.4/105G,103,0.6,2.0,64.021698,PRICED_E1_shortage_ratio_OREO VANILLA 110.4/105G_T40_1,1.0
CG_LT,40,,MM BINH PHU,MM HIEP PHU,OREO VANILLA 110.4/105G,13,0.6,2.0,9.70714,PRICED_E1_shortage_ratio_OREO VANILLA 110.4/105G_T40_1,1.0
CG_LT,41,,MM BINH PHU,MM DA NANG,OREO VANILLA 110.4/105G,121,0.6,2.0,74.306019,PRICED_E1_shortage_ratio_OREO VANILLA 110.4/105G_T41_1,1.0
CG_LT,41,,MM BINH PHU,MM DA NANG,OREO VANILLA 110.4/105G,37,0.6,0.733582,23.047715,PRICED_E1_shortage_ratio_OREO VANILLA 110.4/105G_T41_3,0.366791
CG_LT,41,,MM HIEP PHU,MM DA NANG,OREO VANILLA 110.4/105G,7,0.6,0.733582,4.940629,PRICED_E1_shortage_ratio_OREO VANILLA 110.4/105G_T41_3,0.366791
CG_LT,42,,MM BINH PHU,MM DA NANG,OREO VANILLA 110.4/105G,78,0.6,2.0,48.710877,PRICED_E1_shortage_ratio_OREO VANILLA 110.4/105G_T42_1,1.0
CG_LT,42,,MM AN PHU,MM DA NANG,OREO VANILLA 110.4/105G,33,0.6,0.897826,20.556884,PRICED_E1_shortage_ratio_OREO VANILLA 110.4/105G_T42_2,0.448913
CG_LT,42,,MM HIEP PHU,MM DA NANG,OREO VANILLA 110.4/105G,2,0.6,0.897826,2.207892,PRICED_E1_shortage_ratio_OREO VANILLA 110.4/105G_T42_2,0.448913
CG_LT,43,,MM AN PHU,MM DA NANG,OREO VANILLA 110.4/105G,67,0.6,2.0,42.48507,PRICED_E1_shortage_ratio_OREO VANILLA 110.4/105G_T43_1,1.0
CG_LT,43,,MM BINH PHU,MM DA NANG,OREO VANILLA 110.4/105G,51,0.6,1.506122,31.993852,PRICED_E1_shortage_ratio_OREO VANILLA 110.4/105G_T43_2,0.753061
CG_LT,44,,MM BINH PHU,MM DA NANG,OREO VANILLA 110.4/105G,64,0.6,2.0,40.284004,PRICED_E1_shortage_ratio_OREO VANILLA 110.4/105G_T44_1,1.0
CG_LT,45,,MM BINH PHU,MM DA NANG,OREO VANILLA 110.4/105G,7,0.6,2.0,6.478138,PRICED_E1_shortage_ratio_OREO VANILLA 110.4/105G_T45_1,1.0
CG_LT,45,,MM AN PHU,MM DA NANG,OREO VANILLA 110.4/105G,6,0.6,2.0,5.762462,PRICED_E1_shortage_ratio_OREO VANILLA 110.4/105G_T45_2,1.0
CG_LT,45,,MM BINH PHU,MM DA NANG,OREO VANILLA 110.4/105G,1,0.6,2.0,2.715676,PRICED_E1_shortage_ratio_OREO VANILLA 110.4/105G_T45_2,1.0
CG_LT,46,,MM BINH PHU,MM AN PHU,OREO VANILLA 110.4/105G,15,0.6,0.355188,9.502541,PRICED_E1_shortage_ratio_OREO VANILLA 110.4/105G_T46_2,0.177594
CG_LT,46,,MM HIEP PHU,MM DA NANG,OREO VANILLA 110.4/105G,9,0.6,0.355188,5.767293,PRICED_E1_shortage_ratio_OREO VANILLA 110.4/105G_T46_2,0.177594
CG_LT,46,,MM BINH PHU,MM DA NANG,OREO VANILLA 110.4/105G,51,0.6,2.0,32.474586,PRICED_E1_shortage_ratio_OREO VANILLA 110.4/105G_T46_4,1.0
CG_LT,46,,MM HIEP PHU,MM AN PHU,OREO VANILLA 110.4/105G,86,0.6,2.0,53.507098,PRICED_E1_shortage_ratio_OREO VANILLA 110.4/105G_T46_4,1.0
CG_LT,47,,MM BINH PHU,MM AN PHU,OREO VANILLA 110.4/105G,119,0.6,2.0,73.68722,PRICED_E1_shortage_ratio_OREO VANILLA 110.4/105G_T47_1,1.0
CG_LT,47,,MM BINH PHU,MM DA NANG,OREO VANILLA 110.4/105G,48,0.6,2.0,30.529155,PRICED_E1_shortage_ratio_OREO VANILLA 110.4/105G_T47_1,1.0
CG_LT,47,,MM BINH PHU,MM HIEP PHU,OREO VANILLA 110.4/105G,55,0.6,2.0,34.943204,PRICED_E1_shortage_ratio_OREO VANILLA 110.4/105G_T47_1,1.0
CG_LT,48,,MM BINH PHU,MM AN PHU,OREO VANILLA 110.4/105G,79,0.6,2.0,49.19838,PRICED_E1_shortage_ratio_OREO VANILLA 110.4/105G_T48_1,1.0
CG_LT,48,,MM BINH PHU,MM AN PHU,OREO VANILLA 110.4/105G,12,0.6,0.465624,7.63805,PRICED_E1_shortage_ratio_OREO VANILLA 110.4/105G_T48_2,0.232812
CG_LT,48,,MM HIEP PHU,MM AN PHU,OREO VANILLA 110.4/105G,6,0.6,0.465624,4.281536,PRICED_E1_shortage_ratio_OREO VANILLA 110.4/105G_T48_2,0.232812
CG_LT,49,,MM BINH PHU,MM AN PHU,OREO VANILLA 110.4/105G,65,0.6,2.0,41.166905,PRICED_E1_shortage_ratio_OREO VANILLA 110.4/105G_T49_1,1.0
CG_LT,49,,MM BINH PHU,MM AN PHU,OREO VANILLA 110.4/105G,33,0.6,1.017735,20.836181,PRICED_E1_shortage_ratio_OREO VANILLA 110.4/105G_T49_2,0.508867
CG_LT,49,,MM HIEP PHU,MM AN PHU,OREO VANILLA 110.4/105G,0,0.6,1.017735,1.130048,PRICED_E1_shortage_ratio_OREO VANILLA 110.4/105G_T49_2,0.508867
CG_LT,4,,MM DA NANG,MM AN PHU,OREO VANILLA 110.4/105G,2,0.6,0.018191,1.482896,PRICED_E1_shortage_ratio_OREO VANILLA 110.4/105G_T4_1,0.009095
CG_LT,4,,MM HIEP PHU,MM AN PHU,OREO VANILLA 110.4/105G,0,0.6,0.018191,0.122917,PRICED_E1_shortage_ratio_OREO VANILLA 110.4/105G_T4_1,0.009095
CG_LT,4,,MM BINH PHU,MM AN PHU,OREO VANILLA 110.4/105G,2,0.6,0.165906,1.354279,PRICED_E1_shortage_ratio_OREO VANILLA 110.4/105G_T4_2,0.082953
CG_LT,4,,MM DA NANG,MM AN PHU,OREO VANILLA 110.4/105G,13,0.6,0.165906,7.910445,PRICED_E1_shortage_ratio_OREO VANILLA 110.4/105G_T4_2,0.082953
CG_LT,4,,MM HIEP PHU,MM AN PHU,OREO VANILLA 110.4/105G,9,0.6,0.165906,5.546945,PRICED_E1_shortage_ratio_OREO VANILLA 110.4/105G_T4_2,0.082953
CG_LT,4,,MM BINH PHU,MM AN PHU,OREO VANILLA 110.4/105G,24,0.6,2.0,16.325861,PRICED_E1_shortage_ratio_OREO VANILLA 110.4/105G_T4_3,1.0
CG_LT,4,,MM DA NANG,MM AN PHU,OREO VANILLA 110.4/105G,264,0.6,2.0,160.229155,PRICED_E1_shortage_ratio_OREO VANILLA 110.4/105G_T4_3,1.0
CG_LT,50,,MM BINH PHU,MM AN PHU,OREO VANILLA 110.4/105G,156,0.6,2.0,95.546898,PRICED_E1_shortage_ratio_OREO VANILLA 110.4/105G_T50_1,1.0
CG_LT,50,,MM BINH PHU,MM AN PHU,OREO VANILLA 110.4/105G,7,0.6,0.099661,4.597539,PRICED_E1_shortage_ratio_OREO VANILLA 110.4/105G_T50_2,0.04983
CG_LT,50,,MM HIEP PHU,MM AN PHU,OREO VANILLA 110.4/105G,0,0.6,0.099661,0.263257,PRICED_E1_shortage_ratio_OREO VANILLA 110.4/105G_T50_2,0.04983
CG_LT,51,,MM BINH PHU,MM AN PHU,OREO VANILLA 110.4/105G,52,0.6,1.02722,32.086305,PRICED_E1_shortage_ratio_OREO VANILLA 110.4/105G_T51_1,0.51361
CG_LT,51,,MM BINH PHU,MM DA NANG,OREO VANILLA 110.4/105G,30,0.6,1.02722,18.911209,PRICED_E1_shortage_ratio_OREO VANILLA 110.4/105G_T51_1,0.51361
CG_LT,51,,MM BINH PHU,MM AN PHU,OREO VANILLA 110.4/105G,101,0.6,2.0,62.472115,PRICED_E1_shortage_ratio_OREO VANILLA 110.4/105G_T51_4,1.0
CG_LT,51,,MM HIEP PHU,MM DA NANG,OREO VANILLA 110.4/105G,58,0.6,2.0,36.820169,PRICED_E1_shortage_ratio_OREO VANILLA 110.4/105G_T51_4,1.0
CG_LT,52,,MM BINH PHU,MM AN PHU,OREO VANILLA 110.4/105G,4,0.6,0.0429,2.256398,PRICED_E1_shortage_ratio_OREO VANILLA 110.4/105G_T52_1,0.02145
CG_LT,52,,MM BINH PHU,MM DA NANG,OREO VANILLA 110.4/105G,2,0.6,0.0429,1.222073,PRICED_E1_shortage_ratio_OREO VANILLA 110.4/105G_T52_1,0.02145
CG_LT,52,,MM BINH PHU,MM AN PHU,OREO VANILLA 110.4/105G,172,0.6,2.0,105.194502,PRICED_E1_shortage_ratio_OREO VANILLA 110.4/105G_T52_4,1.0
CG_LT,52,,MM HIEP PHU,MM DA NANG,OREO VANILLA 110.4/105G,92,0.6,2.0,56.973705,PRICED_E1_shortage_ratio_OREO VANILLA 110.4/105G_T52_4,1.0
CG_LT,53,,MM BINH PHU,MM AN PHU,OREO VANILLA 110.4/105G,239,0.6,2.0,145.370794,PRICED_E1_shortage_ratio_OREO VANILLA 110.4/105G_T53_1,1.0
CG_LT,53,,MM BINH PHU,MM DA NANG,OREO VANILLA 110.4/105G,34,0.6,2.0,22.39612,PRICED_E1_shortage_ratio_OREO VANILLA 110.4/105G_T53_1,1.0
CG_LT,53,,MM BINH PHU,MM AN PHU,OREO VANILLA 110.4/105G,17,0.6,0.139739,10.156992,PRICED_E1_shortage_ratio_OREO VANILLA 110.4/105G_T53_4,0.06987
CG_LT,53,,MM HIEP PHU,MM DA NANG,OREO VANILLA 110.4/105G,2,0.6,0.139739,1.564807,PRICED_E1_shortage_ratio_OREO VANILLA 110.4/105G_T53_4,0.06987
CG_LT,54,,MM BINH PHU,MM AN PHU,OREO VANILLA 110.4/105G,59,0.6,2.0,37.305655,PRICED_E1_shortage_ratio_OREO VANILLA 110.4/105G_T54_1,1.0
CG_LT,54,,MM BINH PHU,MM DA NANG,OREO VANILLA 110.4/105G,16,0.6,2.0,11.411084,PRICED_E1_shortage_ratio_OREO VANILLA 110.4/105G_T54_1,1.0
CG_LT,54,,MM BINH PHU,MM DA NANG,OREO VANILLA 110.4/105G,11,0.6,1.455011,8.301629,PRICED_E1_shortage_ratio_OREO VANILLA 110.4/105G_T54_2,0.727506
CG_LT,54,,MM HIEP PHU,MM AN PHU,OREO VANILLA 110.4/105G,43,0.6,1.455011,27.140077,PRICED_E1_shortage_ratio_OREO VANILLA 110.4/105G_T54_2,0.727506
CG_LT,55,,MM BINH PHU,MM AN PHU,OREO VANILLA 110.4/105G,0,0.6,2.0,2.165697,PRICED_E1_shortage_ratio_OREO VANILLA 110.4/105G_T55_1,1.0
CG_LT,56,,MM BINH PHU,MM AN PHU,OREO VANILLA 110.4/105G,61,0.6,2.0,38.539517,PRICED_E1_shortage_ratio_OREO VANILLA 110.4/105G_T56_1,1.0
CG_LT,56,,MM DA NANG,MM AN PHU,OREO VANILLA 110.4/105G,11,0.6,0.348695,6.71926,PRICED_E1_shortage_ratio_OREO VANILLA 110.4/105G_T56_2,0.174347
CG_LT,56,,MM HIEP PHU,MM AN PHU,OREO VANILLA 110.4/105G,61,0.6,2.0,38.539517,PRICED_E1_shortage_ratio_OREO VANILLA 110.4/105G_T56_3,1.0
CG_LT,57,,MM BINH PHU,MM AN PHU,OREO VANILLA 110.4/105G,32,0.6,0.345841,19.8105,PRICED_E1_shortage_ratio_OREO VANILLA 110.4/105G_T57_1,0.172921
CG_LT,57,,MM DA NANG,MM AN PHU,OREO VANILLA 110.4/105G,188,0.6,2.0,114.564141,PRICED_E1_shortage_ratio_OREO VANILLA 110.4/105G_T57_2,1.0
CG_LT,58,,MM DA NANG,MM AN PHU,OREO VANILLA 110.4/105G,191,0.6,2.0,116.843241,PRICED_E1_shortage_ratio_OREO VANILLA 110.4/105G_T58_2,1.0
CG_LT,58,,MM HIEP PHU,MM AN PHU,OREO VANILLA 110.4/105G,60,0.6,0.627637,36.667597,PRICED_E1_shortage_ratio_OREO VANILLA 110.4/105G_T58_3,0.313819
CG_LT,59,,MM BINH PHU,MM AN PHU,OREO VANILLA 110.4/105G,244,0.6,2.0,148.112806,PRICED_E1_shortage_ratio_OREO VANILLA 110.4/105G_T59_1,1.0
CG_LT,59,,MM DA NANG,MM AN PHU,OREO VANILLA 110.4/105G,47,0.6,0.402549,28.819373,PRICED_E1_shortage_ratio_OREO VANILLA 110.4/105G_T59_2,0.201275
CG_LT,59,,MM HIEP PHU,MM AN PHU,OREO VANILLA 110.4/105G,2,0.6,0.402549,1.394519,PRICED_E1_shortage_ratio_OREO VANILLA 110.4/105G_T59_2,0.201275
CG_LT,5,,MM HIEP PHU,MM AN PHU,OREO VANILLA 110.4/105G,68,0.6,2.0,43.071568,PRICED_E1_shortage_ratio_OREO VANILLA 110.4/105G_T5_1,1.0
CG_LT,60,,MM BINH PHU,MM AN PHU,OREO VANILLA 110.4/105G,53,0.6,0.760783,32.680792,PRICED_E1_shortage_ratio_OREO VANILLA 110.4/105G_T60_1,0.380391
CG_LT,60,,MM DA NANG,MM AN PHU,OREO VANILLA 110.4/105G,140,0.6,2.0,85.913591,PRICED_E1_shortage_ratio_OREO VANILLA 110.4/105G_T60_2,1.0
CG_LT,61,,MM BINH PHU,MM AN PHU,OREO VANILLA 110.4/105G,43,0.6,2.0,27.84228,PRICED_E1_shortage_ratio_OREO VANILLA 110.4/105G_T61_1,1.0
CG_LT,61,,MM DA NANG,MM AN PHU,OREO VANILLA 110.4/105G,12,0.6,0.540652,7.526492,PRICED_E1_shortage_ratio_OREO VANILLA 110.4/105G_T61_2,0.270326
CG_LT,61,,MM HIEP PHU,MM AN PHU,OREO VANILLA 110.4/105G,43,0.6,2.0,27.84228,PRICED_E1_shortage_ratio_OREO VANILLA 110.4/105G_T61_3,1.0
CG_LT,62,,MM BINH PHU,MM DA NANG,OREO VANILLA 110.4/105G,87,0.6,2.0,54.012933,PRICED_E1_shortage_ratio_OREO VANILLA 110.4/105G_T62_2,1.0
CG_LT,62,,MM DA NANG,MM AN PHU,OREO VANILLA 110.4/105G,73,0.6,2.0,45.567876,PRICED_E1_shortage_ratio_OREO VANILLA 110.4/105G_T62_2,1.0
CG_LT,62,,MM BINH PHU,MM DA NANG,OREO VANILLA 110.4/105G,35,0.6,0.797858,21.54733,PRICED_E1_shortage_ratio_OREO VANILLA 110.4/105G_T62_3,0.398929
CG_LT,62,,MM HIEP PHU,MM AN PHU,OREO VANILLA 110.4/105G,29,0.6,0.797858,18.178351,PRICED_E1_shortage_ratio_OREO VANILLA 110.4/105G_T62_3,0.398929
CG_LT,63,,MM BINH PHU,MM AN PHU,OREO VANILLA 110.4/105G,248,0.6,2.0,150.665076,PRICED_E1_shortage_ratio_OREO VANILLA 110.4/105G_T63_1,1.0
CG_LT,63,,MM BINH PHU,MM DA NANG,OREO VANILLA 110.4/105G,221,0.6,2.0,134.708306,PRICED_E1_shortage_ratio_OREO VANILLA 110.4/105G_T63_1,1.0
CG_LT,63,,MM BINH PHU,MM AN PHU,OREO VANILLA 110.4/105G,15,0.6,0.451428,9.664311,PRICED_E1_shortage_ratio_OREO VANILLA 110.4/105G_T63_2,0.225714
CG_LT,63,,MM BINH PHU,MM DA NANG,OREO VANILLA 110.4/105G,50,0.6,0.451428,30.405522,PRICED_E1_shortage_ratio_OREO VANILLA 110.4/105G_T63_2,0.225714
CG_LT,63,,MM HIEP PHU,MM AN PHU,OREO VANILLA 110.4/105G,41,0.6,0.451428,24.794302,PRICED_E1_shortage_ratio_OREO VANILLA 110.4/105G_T63_2,0.225714
CG_LT,64,,MM BINH PHU,MM AN PHU,OREO VANILLA 110.4/105G,296,0.6,2.0,179.607302,PRICED_E1_shortage_ratio_OREO VANILLA 110.4/105G_T64_1,1.0
CG_LT,64,,MM BINH PHU,MM DA NANG,OREO VANILLA 110.4/105G,132,0.6,2.0,81.400169,PRICED_E1_shortage_ratio_OREO VANILLA 110.4/105G_T64_1,1.0
CG_LT,65,,MM BINH PHU,MM AN PHU,OREO VANILLA 110.4/105G,170,0.6,2.0,103.948781,PRICED_E1_shortage_ratio_OREO VANILLA 110.4/105G_T65_1,1.0
CG_LT,65,,MM BINH PHU,MM DA NANG,OREO VANILLA 110.4/105G,196,0.6,2.0,119.732315,PRICED_E1_shortage_ratio_OREO VANILLA 110.4/105G_T65_1,1.0
CG_LT,65,,MM BINH PHU,MM AN PHU,OREO VANILLA 110.4/105G,22,0.6,0.256819,13.348007,PRICED_E1_shortage_ratio_OREO VANILLA 110.4/105G_T65_2,0.128409
CG_LT,65,,MM BINH PHU,MM DA NANG,OREO VANILLA 110.4/105G,14,0.6,0.256819,8.632639,PRICED_E1_shortage_ratio_OREO VANILLA 110.4/105G_T65_2,0.128409
CG_LT,65,,MM HIEP PHU,MM DA NANG,OREO VANILLA 110.4/105G,11,0.6,0.256819,6.998942,PRICED_E1_shortage_ratio_OREO VANILLA 110.4/105G_T65_2,0.128409
CG_LT,66,,MM BINH PHU,MM AN PHU,OREO VANILLA 110.4/105G,286,0.6,2.0,173.353736,PRICED_E1_shortage_ratio_OREO VANILLA 110.4/105G_T66_1,1.0
CG_LT,66,,MM HIEP PHU,MM AN PHU,OREO VANILLA 110.4/105G,39,0.6,0.274313,23.776577,PRICED_E1_shortage_ratio_OREO VANILLA 110.4/105G_T66_2,0.137156
CG_LT,67,,MM BINH PHU,MM AN PHU,OREO VANILLA 110.4/105G,212,0.6,2.0,129.084784,PRICED_E1_shortage_ratio_OREO VANILLA 110.4/105G_T67_1,1.0
CG_LT,67,,MM HIEP PHU,MM AN PHU,OREO VANILLA 110.4/105G,49,0.6,0.46223,29.833447,PRICED_E1_shortage_ratio_OREO VANILLA 110.4/105G_T67_2,0.231115
CG_LT,68,,MM BINH PHU,MM AN PHU,OREO VANILLA 110.4/105G,14,0.6,0.873309,9.081587,PRICED_E1_shortage_ratio_OREO VANILLA 110.4/105G_T68_1,0.436655
CG_LT,68,,MM BINH PHU,MM HIEP PHU,OREO VANILLA 110.4/105G,32,0.6,0.873309,20.098374,PRICED_E1_shortage_ratio_OREO VANILLA 110.4/105G_T68_1,0.436655
CG_LT,68,,MM BINH PHU,MM AN PHU,OREO VANILLA 110.4/105G,31,0.6,2.0,20.798096,PRICED_E1_shortage_ratio_OREO VANILLA 110.4/105G_T68_4,1.0
CG_LT,68,,MM DA NANG,MM HIEP PHU,OREO VANILLA 110.4/105G,73,0.6,2.0,46.02807,PRICED_E1_shortage_ratio_OREO VANILLA 110.4/105G_T68_4,1.0
CG_LT,69,,MM BINH PHU,MM AN PHU,OREO VANILLA 110.4/105G,86,0.6,2.0,53.732978,PRICED_E1_shortage_ratio_OREO VANILLA 110.4/105G_T69_1,1.0
CG_LT,69,,MM HIEP PHU,MM AN PHU,OREO VANILLA 110.4/105G,72,0.6,1.66219,44.657212,PRICED_E1_shortage_ratio_OREO VANILLA 110.4/105G_T69_2,0.831095
CG_LT,6,,MM DA NANG,MM AN PHU,OREO VANILLA 110.4/105G,38,0.6,2.0,24.57436,PRICED_E1_shortage_ratio_OREO VANILLA 110.4/105G_T6_1,1.0
CG_LT,6,,MM HIEP PHU,MM AN PHU,OREO VANILLA 110.4/105G,38,0.6,2.0,24.57436,PRICED_E1_shortage_ratio_OREO VANILLA 110.4/105G_T6_2,1.0
CG_LT,70,,MM BINH PHU,MM AN PHU,OREO VANILLA 110.4/105G,194,0.6,2.0,118.270329,PRICED_E1_shortage_ratio_OREO VANILLA 110.4/105G_T70_1,1.0
CG_LT,70,,MM DA NANG,MM AN PHU,OREO VANILLA 110.4/105G,19,0.6,0.589607,12.267879,PRICED_E1_shortage_ratio_OREO VANILLA 110.4/105G_T70_2,0.294803
CG_LT,70,,MM HIEP PHU,MM AN PHU,OREO VANILLA 110.4/105G,38,0.6,0.589607,23.188205,PRICED_E1_shortage_ratio_OREO VANILLA 110.4/105G_T70_2,0.294803
CG_LT,71,,MM BINH PHU,MM AN PHU,OREO VANILLA 110.4/105G,207,0.6,2.0,126.248689,PRICED_E1_shortage_ratio_OREO VANILLA 110.4/105G_T71_1,1.0
CG_LT,71,,MM DA NANG,MM AN PHU,OREO VANILLA 110.4/105G,72,0.6,0.696759,43.98247,PRICED_E1_shortage_ratio_OREO VANILLA 110.4/105G_T71_2,0.34838
CG_LT,72,,MM BINH PHU,MM AN PHU,OREO VANILLA 110.4/105G,228,0.6,2.0,139.088473,PRICED_E1_shortage_ratio_OREO VANILLA 110.4/105G_T72_1,1.0
CG_LT,72,,MM DA NANG,MM AN PHU,OREO VANILLA 110.4/105G,55,0.6,0.482624,33.563751,PRICED_E1_shortage_ratio_OREO VANILLA 110.4/105G_T72_2,0.241312
CG_LT,73,,MM BINH PHU,MM AN PHU,OREO VANILLA 110.4/105G,182,0.6,2.0,111.371478,PRICED_E1_shortage_ratio_OREO VANILLA 110.4/105G_T73_1,1.0
CG_LT,73,,MM DA NANG,MM AN PHU,OREO VANILLA 110.4/105G,47,0.6,0.519823,28.946746,PRICED_E1_shortage_ratio_OREO VANILLA 110.4/105G_T73_2,0.259912
CG_LT,74,,MM DA NANG,MM AN PHU,OREO VANILLA 110.4/105G,58,0.6,0.850639,35.676414,PRICED_E1_shortage_ratio_OREO VANILLA 110.4/105G_T74_2,0.42532
CG_LT,74,,MM HIEP PHU,MM AN PHU,OREO VANILLA 110.4/105G,136,0.6,2.0,83.881425,PRICED_E1_shortage_ratio_OREO VANILLA 110.4/105G_T74_3,1.0
CG_LT,75,,MM BINH PHU,MM AN PHU,OREO VANILLA 110.4/105G,10,0.6,2.0,7.948532,PRICED_E1_shortage_ratio_OREO VANILLA 110.4/105G_T75_1,1.0
CG_LT,75,,MM DA NANG,MM AN PHU,OREO VANILLA 110.4/105G,10,0.6,2.0,7.948532,PRICED_E1_shortage_ratio_OREO VANILLA 110.4/105G_T75_2,1.0
CG_LT,75,,MM HIEP PHU,MM AN PHU,OREO VANILLA 110.4/105G,10,0.6,2.0,7.948532,PRICED_E1_shortage_ratio_OREO VANILLA 110.4/105G_T75_3,1.0
CG_LT,7,,MM DA NANG,MM AN PHU,OREO VANILLA 110.4/105G,75,0.6,2.0,47.221371,PRICED_E1_shortage_ratio_OREO VANILLA 110.4/105G_T7_2,1.0
CG_LT,7,,MM DA NANG,MM BINH PHU,OREO VANILLA 110.4/105G,74,0.6,2.0,46.603612,PRICED_E1_shortage_ratio_OREO VANILLA 110.4/105G_T7_2,1.0
CG_LT,7,,MM HIEP PHU,MM AN PHU,OREO VANILLA 110.4/105G,65,0.6,2.0,41.25687,PRICED_E1_shortage_ratio_OREO VANILLA 110.4/105G_T7_2,1.0
CG_LT,7,,MM DA NANG,MM AN PHU,OREO VANILLA 110.4/105G,20,0.6,0.355845,12.32257,PRICED_E1_shortage_ratio_OREO VANILLA 110.4/105G_T7_3,0.177922
CG_LT,7,,MM DA NANG,MM BINH PHU,OREO VANILLA 110.4/105G,13,0.6,0.355845,8.29182,PRICED_E1_shortage_ratio_OREO VANILLA 110.4/105G_T7_3,0.177922
CG_LT,7,,MM HIEP PHU,MM AN PHU,OREO VANILLA 110.4/105G,5,0.6,0.355845,3.419678,PRICED_E1_shortage_ratio_OREO VANILLA 110.4/105G_T7_3,0.177922
CG_LT,80,,MM AN PHU,MM DA NANG,OREO VANILLA 110.4/105G,23,0.6,2.0,15.511254,PRICED_E1_shortage_ratio_OREO VANILLA 110.4/105G_T80_1,1.0
CG_LT,80,,MM BINH PHU,MM DA NANG,OREO VANILLA 110.4/105G,23,0.6,2.0,15.511254,PRICED_E1_shortage_ratio_OREO VANILLA 110.4/105G_T80_2,1.0
CG_LT,80,,MM HIEP PHU,MM DA NANG,OREO VANILLA 110.4/105G,23,0.6,2.0,15.511254,PRICED_E1_shortage_ratio_OREO VANILLA 110.4/105G_T80_3,1.0
CG_LT,82,,MM BINH PHU,MM AN PHU,OREO VANILLA 110.4/105G,178,0.6,2.0,108.801192,PRICED_E1_shortage_ratio_OREO VANILLA 110.4/105G_T82_1,1.0
CG_LT,82,,MM DA NANG,MM AN PHU,OREO VANILLA 110.4/105G,20,0.6,0.528961,12.405884,PRICED_E1_shortage_ratio_OREO VANILLA 110.4/105G_T82_2,0.26448
CG_LT,82,,MM HIEP PHU,MM AN PHU,OREO VANILLA 110.4/105G,27,0.6,0.528961,16.898846,PRICED_E1_shortage_ratio_OREO VANILLA 110.4/105G_T82_2,0.26448
CG_LT,83,,MM BINH PHU,MM AN PHU,OREO VANILLA 110.4/105G,54,0.6,1.256741,33.927049,PRICED_E1_shortage_ratio_OREO VANILLA 110.4/105G_T83_1,0.628371
CG_LT,83,,MM HIEP PHU,MM AN PHU,OREO VANILLA 110.4/105G,87,0.6,2.0,53.992092,PRICED_E1_shortage_ratio_OREO VANILLA 110.4/105G_T83_2,1.0
CG_LT,84,,MM BINH PHU,MM AN PHU,OREO VANILLA 110.4/105G,120,0.6,2.0,73.763395,PRICED_E1_shortage_ratio_OREO VANILLA 110.4/105G_T84_1,1.0
CG_LT,84,,MM HIEP PHU,MM AN PHU,OREO VANILLA 110.4/105G,54,0.6,0.897388,33.097193,PRICED_E1_shortage_ratio_OREO VANILLA 110.4/105G_T84_2,0.448694
CG_LT,85,,MM BINH PHU,MM AN PHU,OREO VANILLA 110.4/105G,90,0.6,2.0,56.012853,PRICED_E1_shortage_ratio_OREO VANILLA 110.4/105G_T85_1,1.0
CG_LT,85,,MM HIEP PHU,MM AN PHU,OREO VANILLA 110.4/105G,63,0.6,1.400968,39.236116,PRICED_E1_shortage_ratio_OREO VANILLA 110.4/105G_T85_2,0.700484
CG_LT,86,,MM BINH PHU,MM AN PHU,OREO VANILLA 110.4/105G,45,0.6,2.0,28.856359,PRICED_E1_shortage_ratio_OREO VANILLA 110.4/105G_T86_1,1.0
CG_LT,86,,MM HIEP PHU,MM AN PHU,OREO VANILLA 110.4/105G,45,0.6,2.0,28.856359,PRICED_E1_shortage_ratio_OREO VANILLA 110.4/105G_T86_2,1.0
CG_LT,86,,MM BINH PHU,MM AN PHU,OREO VANILLA 110.4/105G,2,0.6,0.203697,1.672467,PRICED_E1_shortage_ratio_OREO VANILLA 110.4/105G_T86_3,0.101849
CG_LT,86,,MM DA NANG,MM AN PHU,OREO VANILLA 110.4/105G,2,0.6,0.203697,1.470209,PRICED_E1_shortage_ratio_OREO VANILLA 110.4/105G_T86_3,0.101849
CG_LT,87,,MM BINH PHU,MM AN PHU,OREO VANILLA 110.4/105G,111,0.6,2.0,68.581221,PRICED_E1_shortage_ratio_OREO VANILLA 110.4/105G_T87_1,1.0
CG_LT,87,,MM HIEP PHU,MM AN PHU,OREO VANILLA 110.4/105G,30,0.6,0.545006,18.688585,PRICED_E1_shortage_ratio_OREO VANILLA 110.4/105G_T87_2,0.272503
CG_LT,88,,MM BINH PHU,MM AN PHU,OREO VANILLA 110.4/105G,37,0.6,0.956094,23.305474,PRICED_E1_shortage_ratio_OREO VANILLA 110.4/105G_T88_1,0.478047
CG_LT,88,,MM HIEP PHU,MM AN PHU,OREO VANILLA 110.4/105G,78,0.6,2.0,48.75142,PRICED_E1_shortage_ratio_OREO VANILLA 110.4/105G_T88_2,1.0
CG_LT,89,,MM BINH PHU,MM AN PHU,OREO VANILLA 110.4/105G,79,0.6,2.0,49.461997,PRICED_E1_shortage_ratio_OREO VANILLA 110.4/105G_T89_1,1.0
CG_LT,89,,MM HIEP PHU,MM AN PHU,OREO VANILLA 110.4/105G,9,0.6,0.237351,5.869937,PRICED_E1_shortage_ratio_OREO VANILLA 110.4/105G_T89_2,0.118676
CG_LT,8,,MM DA NANG,MM AN PHU,OREO VANILLA 110.4/105G,3,0.6,0.397481,2.385343,PRICED_E1_shortage_ratio_OREO VANILLA 110.4/105G_T8_2,0.198741
CG_LT,8,,MM DA NANG,MM BINH PHU,OREO VANILLA 110.4/105G,17,0.6,0.397481,10.528009,PRICED_E1_shortage_ratio_OREO VANILLA 110.4/105G_T8_2,0.198741
CG_LT,8,,MM HIEP PHU,MM AN PHU,OREO VANILLA 110.4/105G,13,0.6,0.397481,8.322363,PRICED_E1_shortage_ratio_OREO VANILLA 110.4/105G_T8_2,0.198741
CG_LT,8,,MM DA NANG,MM AN PHU,OREO VANILLA 110.4/105G,102,0.6,2.0,62.975874,PRICED_E1_shortage_ratio_OREO VANILLA 110.4/105G_T8_4,1.0
CG_LT,8,,MM HIEP PHU,MM BINH PHU,OREO VANILLA 110.4/105G,66,0.6,2.0,41.875483,PRICED_E1_shortage_ratio_OREO VANILLA 110.4/105G_T8_4,1.0
CG_LT,90,,MM BINH PHU,MM AN PHU,OREO VANILLA 110.4/105G,36,0.6,0.507714,22.359889,PRICED_E1_shortage_ratio_OREO VANILLA 110.4/105G_T90_1,0.253857
CG_LT,90,,MM BINH PHU,MM DA NANG,OREO VANILLA 110.4/105G,30,0.6,0.507714,18.281487,PRICED_E1_shortage_ratio_OREO VANILLA 110.4/105G_T90_1,0.253857
CG_LT,90,,MM BINH PHU,MM AN PHU,OREO VANILLA 110.4/105G,143,0.6,2.0,88.080625,PRICED_E1_shortage_ratio_OREO VANILLA 110.4/105G_T90_4,1.0
CG_LT,90,,MM HIEP PHU,MM DA NANG,OREO VANILLA 110.4/105G,117,0.6,2.0,72.014883,PRICED_E1_shortage_ratio_OREO VANILLA 110.4/105G_T90_4,1.0
CG_LT,91,,MM BINH PHU,MM AN PHU,OREO VANILLA 110.4/105G,43,0.6,1.004936,26.663358,PRICED_E1_shortage_ratio_OREO VANILLA 110.4/105G_T91_2,0.502468
CG_LT,91,,MM HIEP PHU,MM DA NANG,OREO VANILLA 110.4/105G,54,0.6,1.004936,33.433715,PRICED_E1_shortage_ratio_OREO VANILLA 110.4/105G_T91_2,0.502468
CG_LT,91,,MM BINH PHU,MM DA NANG,OREO VANILLA 110.4/105G,108,0.6,2.0,66.53898,PRICED_E1_shortage_ratio_OREO VANILLA 110.4/105G_T91_4,1.0
CG_LT,91,,MM HIEP PHU,MM AN PHU,OREO VANILLA 110.4/105G,85,0.6,2.0,53.064778,PRICED_E1_shortage_ratio_OREO VANILLA 110.4/105G_T91_4,1.0
CG_LT,92,,MM BINH PHU,MM AN PHU,OREO VANILLA 110.4/105G,88,0.6,2.0,54.642065,PRICED_E1_shortage_ratio_OREO VANILLA 110.4/105G_T92_1,1.0
CG_LT,92,,MM BINH PHU,MM DA NANG,OREO VANILLA 110.4/105G,14,0.6,2.0,10.517,PRICED_E1_shortage_ratio_OREO VANILLA 110.4/105G_T92_1,1.0
CG_LT,92,,MM BINH PHU,MM DA NANG,OREO VANILLA 110.4/105G,2,0.6,0.283337,1.489927,PRICED_E1_shortage_ratio_OREO VANILLA 110.4/105G_T92_2,0.141668
CG_LT,92,,MM HIEP PHU,MM AN PHU,OREO VANILLA 110.4/105G,12,0.6,0.283337,7.741056,PRICED_E1_shortage_ratio_OREO VANILLA 110.4/105G_T92_2,0.141668
CG_LT,93,,MM BINH PHU,MM AN PHU,OREO VANILLA 110.4/105G,142,0.6,2.0,86.978485,PRICED_E1_shortage_ratio_OREO VANILLA 110.4/105G_T93_1,1.0
CG_LT,93,,MM BINH PHU,MM DA NANG,OREO VANILLA 110.4/105G,20,0.6,2.0,14.029784,PRICED_E1_shortage_ratio_OREO VANILLA 110.4/105G_T93_1,1.0
CG_LT,93,,MM BINH PHU,MM DA NANG,OREO VANILLA 110.4/105G,0,0.6,0.027545,0.193227,PRICED_E1_shortage_ratio_OREO VANILLA 110.4/105G_T93_2,0.013773
CG_LT,93,,MM HIEP PHU,MM AN PHU,OREO VANILLA 110.4/105G,2,0.6,0.027545,1.197921,PRICED_E1_shortage_ratio_OREO VANILLA 110.4/105G_T93_2,0.013773
CG_LT,94,,MM BINH PHU,MM AN PHU,OREO VANILLA 110.4/105G,21,0.6,0.122741,12.698296,PRICED_E1_shortage_ratio_OREO VANILLA 110.4/105G_T94_1,0.06137
CG_LT,94,,MM BINH PHU,MM DA NANG,OREO VANILLA 110.4/105G,4,0.6,0.122741,2.438387,PRICED_E1_shortage_ratio_OREO VANILLA 110.4/105G_T94_1,0.06137
CG_LT,94,,MM BINH PHU,MM AN PHU,OREO VANILLA 110.4/105G,342,0.6,2.0,206.912246,PRICED_E1_shortage_ratio_OREO VANILLA 110.4/105G_T94_4,1.0
CG_LT,94,,MM HIEP PHU,MM DA NANG,OREO VANILLA 110.4/105G,63,0.6,2.0,39.732274,PRICED_E1_shortage_ratio_OREO VANILLA 110.4/105G_T94_4,1.0
CG_LT,95,,MM BINH PHU,MM AN PHU,OREO VANILLA 110.4/105G,20,0.6,0.13812,11.911581,PRICED_E1_shortage_ratio_OREO VANILLA 110.4/105G_T95_1,0.06906
CG_LT,95,,MM BINH PHU,MM DA NANG,OREO VANILLA 110.4/105G,4,0.6,0.13812,2.757791,PRICED_E1_shortage_ratio_OREO VANILLA 110.4/105G_T95_1,0.06906
CG_LT,95,,MM BINH PHU,MM AN PHU,OREO VANILLA 110.4/105G,284,0.6,2.0,172.481686,PRICED_E1_shortage_ratio_OREO VANILLA 110.4/105G_T95_4,1.0
CG_LT,95,,MM HIEP PHU,MM DA NANG,OREO VANILLA 110.4/105G,63,0.6,2.0,39.93327,PRICED_E1_shortage_ratio_OREO VANILLA 110.4/105G_T95_4,1.0
CG_LT,96,,MM BINH PHU,MM AN PHU,OREO VANILLA 110.4/105G,96,0.6,2.0,59.450128,PRICED_E1_shortage_ratio_OREO VANILLA 110.4/105G_T96_1,1.0
CG_LT,96,,MM BINH PHU,MM DA NANG,OREO VANILLA 110.4/105G,68,0.6,2.0,42.883978,PRICED_E1_shortage_ratio_OREO VANILLA 110.4/105G_T96_1,1.0
CG_LT,96,,MM BINH PHU,MM AN PHU,OREO VANILLA 110.4/105G,34,0.6,0.711,21.134514,PRICED_E1_shortage_ratio_OREO VANILLA 110.4/105G_T96_2,0.3555
CG_LT,96,,MM HIEP PHU,MM DA NANG,OREO VANILLA 110.4/105G,24,0.6,0.711,15.245249,PRICED_E1_shortage_ratio_OREO VANILLA 110.4/105G_T96_2,0.3555
CG_LT,97,,MM BINH PHU,MM AN PHU,OREO VANILLA 110.4/105G,18,0.6,0.20838,11.107377,PRICED_E1_shortage_ratio_OREO VANILLA 110.4/105G_T97_1,0.10419
CG_LT,97,,MM BINH PHU,MM DA NANG,OREO VANILLA 110.4/105G,5,0.6,0.20838,3.156398,PRICED_E1_shortage_ratio_OREO VANILLA 110.4/105G_T97_1,0.10419
CG_LT,97,,MM BINH PHU,MM AN PHU,OREO VANILLA 110.4/105G,174,0.6,2.0,106.606836,PRICED_E1_shortage_ratio_OREO VANILLA 110.4/105G_T97_4,1.0
CG_LT,97,,MM HIEP PHU,MM DA NANG,OREO VANILLA 110.4/105G,47,0.6,2.0,30.294608,PRICED_E1_shortage_ratio_OREO VANILLA 110.4/105G_T97_4,1.0
CG_LT,98,,MM BINH PHU,MM DA NANG,OREO VANILLA 110.4/105G,11,0.6,2.0,8.619435,PRICED_E1_shortage_ratio_OREO VANILLA 110.4/105G_T98_2,1.0
CG_LT,98,,MM HIEP PHU,MM AN PHU,OREO VANILLA 110.4/105G,164,0.6,2.0,100.344939,PRICED_E1_shortage_ratio_OREO VANILLA 110.4/105G_T98_2,1.0
CG_LT,99,,MM BINH PHU,MM AN PHU,OREO VANILLA 110.4/105G,183,0.6,2.0,111.865765,PRICED_E1_shortage_ratio_OREO VANILLA 110.4/105G_T99_1,1.0
CG_LT,99,,MM BINH PHU,MM DA NANG,OREO VANILLA 110.4/105G,49,0.6,2.0,31.334272,PRICED_E1_shortage_ratio_OREO VANILLA 110.4/105G_T99_1,1.0
CG_LT,99,,MM BINH PHU,MM DA NANG,OREO VANILLA 110.4/105G,8,0.6,0.311929,4.887027,PRICED_E1_shortage_ratio_OREO VANILLA 110.4/105G_T99_2,0.155964
CG_LT,99,,MM HIEP PHU,MM AN PHU,OREO VANILLA 110.4/105G,29,0.6,0.311929,17.447064,PRICED_E1_shortage_ratio_OREO VANILLA 110.4/105G_T99_2,0.155964
CG_LT,9,,MM DA NANG,MM AN PHU,OREO VANILLA 110.4/105G,20,0.6,0.468914,12.446404,PRICED_E1_shortage_ratio_OREO VANILLA 110.4/105G_T9_1,0.234457
CG_LT,9,,MM DA NANG,MM BINH PHU,OREO VANILLA 110.4/105G,6,0.6,0.468914,4.353264,PRICED_E1_shortage_ratio_OREO VANILLA 110.4/105G_T9_1,0.234457
CG_LT,9,,MM DA NANG,MM AN PHU,OREO VANILLA 110.4/105G,85,0.6,2.0,53.086038,PRICED_E1_shortage_ratio_OREO VANILLA 110.4/105G_T9_4,1.0
CG_LT,9,,MM HIEP PHU,MM BINH PHU,OREO VANILLA 110.4/105G,28,0.6,2.0,18.567412,PRICED_E1_shortage_ratio_OREO VANILLA 110.4/105G_T9_4,1.0
CG_LT,146,,MM HIEP PHU,MM BINH PHU,AN RICE CRACKER SEAWEED 111.3G,11,0.6,2.0,8.798121,PRICED_E1_surplus_ratio_AN RICE CRACKER SEAWEED 111.3G_T146_1,1.0
CG_LT,146,,MM HIEP PHU,MM DA NANG,AN RICE CRACKER SEAWEED 111.3G,12,0.6,2.0,9.003121,PRICED_E1_surplus_ratio_AN RICE CRACKER SEAWEED 111.3G_T146_1,1.0
CG_LT,23,,MM HIEP PHU,MM AN PHU,AN RICE CRACKER SEAWEED 111.3G,86,0.6,2.0,53.385245,PRICED_E1_surplus_ratio_AN RICE CRACKER SEAWEED 111.3G_T23_1,1.0
CG_LT,23,,MM HIEP PHU,MM DA NANG,AN RICE CRACKER SEAWEED 111.3G,8,0.6,2.0,6.522729,PRICED_E1_surplus_ratio_AN RICE CRACKER SEAWEED 111.3G_T23_1,1.0
CG_LT,27,,MM HIEP PHU,MM AN PHU,AN RICE CRACKER SEAWEED 111.3G,50,0.6,2.0,31.724378,PRICED_E1_surplus_ratio_AN RICE CRACKER SEAWEED 111.3G_T27_1,1.0
CG_LT,27,,MM HIEP PHU,MM DA NANG,AN RICE CRACKER SEAWEED 111.3G,68,0.6,2.0,42.521046,PRICED_E1_surplus_ratio_AN RICE CRACKER SEAWEED 111.3G_T27_1,1.0
CG_LT,48,,MM HIEP PHU,MM AN PHU,AN RICE CRACKER SEAWEED 111.3G,143,0.6,2.0,87.903024,PRICED_E1_surplus_ratio_AN RICE CRACKER SEAWEED 111.3G_T48_1,1.0
CG_LT,48,,MM HIEP PHU,MM DA NANG,AN RICE CRACKER SEAWEED 111.3G,26,0.6,2.0,17.535666,PRICED_E1_surplus_ratio_AN RICE CRACKER SEAWEED 111.3G_T48_1,1.0
CG_LT,91,,MM HIEP PHU,MM AN PHU,AN RICE CRACKER SEAWEED 111.3G,106,0.6,2.0,65.473679,PRICED_E1_surplus_ratio_AN RICE CRACKER SEAWEED 111.3G_T91_1,1.0
CG_LT,91,,MM HIEP PHU,MM DA NANG,AN RICE CRACKER SEAWEED 111.3G,241,0.6,2.0,146.65037,PRICED_E1_surplus_ratio_AN RICE CRACKER SEAWEED 111.3G_T91_1,1.0
CG_LT,94,,MM HIEP PHU,MM AN PHU,AN RICE CRACKER SEAWEED 111.3G,163,0.6,2.0,99.584637,PRICED_E1_surplus_ratio_AN RICE CRACKER SEAWEED 111.3G_T94_1,1.0
CG_LT,94,,MM HIEP PHU,MM DA NANG,AN RICE CRACKER SEAWEED 111.3G,34,0.6,2.0,22.289589,PRICED_E1_surplus_ratio_AN RICE CRACKER SEAWEED 111.3G_T94_1,1.0
CG_LT,97,,MM HIEP PHU,MM AN PHU,AN RICE CRACKER SEAWEED 111.3G,241,0.6,2.0,146.717903,PRICED_E1_surplus_ratio_AN RICE CRACKER SEAWEED 111.3G_T97_1,1.0
CG_LT,97,,MM HIEP PHU,MM DA NANG,AN RICE CRACKER SEAWEED 111.3G,173,0.6,2.0,106.054583,PRICED_E1_surplus_ratio_AN RICE CRACKER SEAWEED 111.3G_T97_1,1.0
CG_LT,98,,MM HIEP PHU,MM AN PHU,AN RICE CRACKER SEAWEED 111.3G,269,0.6,2.0,163.483122,PRICED_E1_surplus_ratio_AN RICE CRACKER SEAWEED 111.3G_T98_1,1.0
CG_LT,98,,MM HIEP PHU,MM DA NANG,AN RICE CRACKER SEAWEED 111.3G,50,0.6,2.0,31.710162,PRICED_E1_surplus_ratio_AN RICE CRACKER SEAWEED 111.3G_T98_1,1.0
CG_LT,99,,MM HIEP PHU,MM AN PHU,AN RICE CRACKER SEAWEED 111.3G,207,0.6,2.0,126.299817,PRICED_E1_surplus_ratio_AN RICE CRACKER SEAWEED 111.3G_T99_1,1.0
CG_LT,99,,MM HIEP PHU,MM DA NANG,AN RICE CRACKER SEAWEED 111.3G,95,0.6,2.0,59.230245,PRICED_E1_surplus_ratio_AN RICE CRACKER SEAWEED 111.3G_T99_1,1.0
CG_LT,21,,MM HIEP PHU,MM AN PHU,OREO VANILLA 110.4/105G,130,0.6,2.0,80.256771,PRICED_E1_surplus_ratio_OREO VANILLA 110.4/105G_T21_1,1.0
CG_LT,21,,MM HIEP PHU,MM DA NANG,OREO VANILLA 110.4/105G,129,0.6,2.0,79.399994,PRICED_E1_surplus_ratio_OREO VANILLA 110.4/105G_T21_1,1.0
CG_LT,22,,MM HIEP PHU,MM AN PHU,OREO VANILLA 110.4/105G,134,0.6,2.0,82.468822,PRICED_E1_surplus_ratio_OREO VANILLA 110.4/105G_T22_1,1.0
CG_LT,22,,MM HIEP PHU,MM DA NANG,OREO VANILLA 110.4/105G,70,0.6,2.0,44.151709,PRICED_E1_surplus_ratio_OREO VANILLA 110.4/105G_T22_1,1.0
CG_LT,29,,MM HIEP PHU,MM AN PHU,OREO VANILLA 110.4/105G,233,0.6,2.0,141.771636,PRICED_E1_surplus_ratio_OREO VANILLA 110.4/105G_T29_1,1.0
CG_LT,29,,MM HIEP PHU,MM DA NANG,OREO VANILLA 110.4/105G,54,0.6,2.0,34.214549,PRICED_E1_surplus_ratio_OREO VANILLA 110.4/105G_T29_1,1.0
CG_LT,101,,MM HIEP PHU,MM AN PHU,AN RICE CRACKER SEAWEED 111.3G,41,0.6,2.0,26.75073,PRICED_E2_shortage_ratio_AN RICE CRACKER SEAWEED 111.3G_T101_2,1.0
CG_LT,106,,MM BINH PHU,MM DA NANG,AN RICE CRACKER SEAWEED 111.3G,9,0.6,1.528524,7.090226,PRICED_E2_shortage_ratio_AN RICE CRACKER SEAWEED 111.3G_T106_1,0.764262
CG_LT,106,,MM HIEP PHU,MM DA NANG,AN RICE CRACKER SEAWEED 111.3G,12,0.6,2.0,9.277222,PRICED_E2_shortage_ratio_AN RICE CRACKER SEAWEED 111.3G_T106_2,1.0
CG_LT,117,,MM HIEP PHU,MM DA NANG,AN RICE CRACKER SEAWEED 111.3G,10,0.6,2.0,8.2016,PRICED_E2_shortage_ratio_AN RICE CRACKER SEAWEED 111.3G_T117_2,1.0
CG_LT,14,,MM HIEP PHU,MM DA NANG,AN RICE CRACKER SEAWEED 111.3G,11,0.6,2.0,8.3792,PRICED_E2_shortage_ratio_AN RICE CRACKER SEAWEED 111.3G_T14_1,1.0
CG_LT,18,,MM BINH PHU,MM DA NANG,AN RICE CRACKER SEAWEED 111.3G,7,0.6,2.0,6.34769,PRICED_E2_shortage_ratio_AN RICE CRACKER SEAWEED 111.3G_T18_1,1.0
CG_LT,21,,MM HIEP PHU,MM DA NANG,AN RICE CRACKER SEAWEED 111.3G,18,0.6,2.0,12.8,PRICED_E2_shortage_ratio_AN RICE CRACKER SEAWEED 111.3G_T21_2,1.0
CG_LT,28,,MM HIEP PHU,MM AN PHU,AN RICE CRACKER SEAWEED 111.3G,40,0.6,2.0,26.160779,PRICED_E2_shortage_ratio_AN RICE CRACKER SEAWEED 111.3G_T28_2,1.0
CG_LT,37,,MM HIEP PHU,MM DA NANG,AN RICE CRACKER SEAWEED 111.3G,33,0.6,2.0,21.7568,PRICED_E2_shortage_ratio_AN RICE CRACKER SEAWEED 111.3G_T37_2,1.0
CG_LT,38,,MM HIEP PHU,MM DA NANG,AN RICE CRACKER SEAWEED 111.3G,8,0.6,2.0,6.528406,PRICED_E2_shortage_ratio_AN RICE CRACKER SEAWEED 111.3G_T38_2,1.0
CG_LT,51,,MM HIEP PHU,MM DA NANG,AN RICE CRACKER SEAWEED 111.3G,16,0.6,2.0,11.860611,PRICED_E2_shortage_ratio_AN RICE CRACKER SEAWEED 111.3G_T51_2,1.0
CG_LT,60,,MM BINH PHU,MM DA NANG,AN RICE CRACKER SEAWEED 111.3G,10,0.6,2.0,8.0528,PRICED_E2_shortage_ratio_AN RICE CRACKER SEAWEED 111.3G_T60_1,1.0
CG_LT,61,,MM BINH PHU,MM DA NANG,AN RICE CRACKER SEAWEED 111.3G,6,0.6,2.0,5.801957,PRICED_E2_shortage_ratio_AN RICE CRACKER SEAWEED 111.3G_T61_1,1.0
CG_LT,83,,MM BINH PHU,MM DA NANG,AN RICE CRACKER SEAWEED 111.3G,5,0.6,0.524849,3.727772,PRICED_E2_shortage_ratio_AN RICE CRACKER SEAWEED 111.3G_T83_2,0.262424
CG_LT,83,,MM HIEP PHU,MM DA NANG,AN RICE CRACKER SEAWEED 111.3G,20,0.6,2.0,14.205133,PRICED_E2_shortage_ratio_AN RICE CRACKER SEAWEED 111.3G_T83_3,1.0
CG_LT,88,,MM BINH PHU,MM DA NANG,AN RICE CRACKER SEAWEED 111.3G,6,0.6,2.0,5.570592,PRICED_E2_shortage_ratio_AN RICE CRACKER SEAWEED 111.3G_T88_1,1.0
CG_LT,88,,MM HIEP PHU,MM DA NANG,AN RICE CRACKER SEAWEED 111.3G,6,0.6,2.0,5.570592,PRICED_E2_shortage_ratio_AN RICE CRACKER SEAWEED 111.3G_T88_2,1.0
CG_LT,96,,MM HIEP PHU,MM AN PHU,AN RICE CRACKER SEAWEED 111.3G,6,0.6,2.0,5.549895,PRICED_E2_shortage_ratio_AN RICE CRACKER SEAWEED 111.3G_T96_2,1.0
CG_LT,101,,MM HIEP PHU,MM DA NANG,OREO VANILLA 110.4/105G,23,0.6,2.0,16.02106,PRICED_E2_shortage_ratio_OREO VANILLA 110.4/105G_T101_2,1.0
CG_LT,106,,MM BINH PHU,MM DA NANG,OREO VANILLA 110.4/105G,6,0.6,2.0,5.579725,PRICED_E2_shortage_ratio_OREO VANILLA 110.4/105G_T106_1,1.0
CG_LT,106,,MM HIEP PHU,MM DA NANG,OREO VANILLA 110.4/105G,6,0.6,2.0,5.579725,PRICED_E2_shortage_ratio_OREO VANILLA 110.4/105G_T106_2,1.0
CG_LT,112,,MM BINH PHU,MM DA NANG,OREO VANILLA 110.4/105G,6,0.6,2.0,5.3312,PRICED_E2_shortage_ratio_OREO VANILLA 110.4/105G_T112_1,1.0
CG_LT,144,,MM HIEP PHU,MM DA NANG,OREO VANILLA 110.4/105G,5,0.6,2.0,5.1392,PRICED_E2_shortage_ratio_OREO VANILLA 110.4/105G_T144_2,1.0
CG_LT,145,,MM BINH PHU,MM DA NANG,OREO VANILLA 110.4/105G,10,0.6,2.0,8.244511,PRICED_E2_shortage_ratio_OREO VANILLA 110.4/105G_T145_1,1.0
CG_LT,16,,MM HIEP PHU,MM DA NANG,OREO VANILLA 110.4/105G,15,0.6,2.0,10.710118,PRICED_E2_shortage_ratio_OREO VANILLA 110.4/105G_T16_1,1.0
CG_LT,16,,MM BINH PHU,MM DA NANG,OREO VANILLA 110.4/105G,9,0.6,1.441217,6.971241,PRICED_E2_shortage_ratio_OREO VANILLA 110.4/105G_T16_2,0.720608
CG_LT,26,,MM BINH PHU,MM DA NANG,OREO VANILLA 110.4/105G,15,0.6,1.374612,10.660585,PRICED_E2_shortage_ratio_OREO VANILLA 110.4/105G_T26_1,0.687306
CG_LT,26,,MM HIEP PHU,MM DA NANG,OREO VANILLA 110.4/105G,23,0.6,2.0,15.51068,PRICED_E2_shortage_ratio_OREO VANILLA 110.4/105G_T26_2,1.0
CG_LT,34,,MM DA NANG,MM HIEP PHU,OREO VANILLA 110.4/105G,2,0.6,2.0,2.972586,PRICED_E2_shortage_ratio_OREO VANILLA 110.4/105G_T34_1,1.0
CG_LT,36,,MM BINH PHU,MM DA NANG,OREO VANILLA 110.4/105G,7,0.6,2.0,5.922186,PRICED_E2_shortage_ratio_OREO VANILLA 110.4/105G_T36_1,1.0
CG_LT,36,,MM HIEP PHU,MM DA NANG,OREO VANILLA 110.4/105G,7,0.6,2.0,5.922186,PRICED_E2_shortage_ratio_OREO VANILLA 110.4/105G_T36_2,1.0
CG_LT,51,,MM HIEP PHU,MM DA NANG,OREO VANILLA 110.4/105G,5,0.6,2.0,5.043042,PRICED_E2_shortage_ratio_OREO VANILLA 110.4/105G_T51_2,1.0
CG_LT,88,,MM HIEP PHU,MM DA NANG,OREO VANILLA 110.4/105G,27,0.6,2.0,18.032,PRICED_E2_shortage_ratio_OREO VANILLA 110.4/105G_T88_2,1.0
CG_LT,18,,MM BINH PHU,MM DA NANG,AN RICE CRACKER SEAWEED 111.3G,2,0.6,0.685745,1.738055,PRICED_E3_shortage_ratio_AN RICE CRACKER SEAWEED 111.3G_T18_1,0.342873
CG_LT,34,,MM DA NANG,MM HIEP PHU,OREO VANILLA 110.4/105G,1,0.6,2.0,2.530764,PRICED_E3_shortage_ratio_OREO VANILLA 110.4/105G_T34_1,1.0
CG_LT,34,,MM DA NANG,MM AN PHU,OREO VANILLA 110.4/105G,1,0.6,2.0,2.530764,PRICED_E3_shortage_ratio_OREO VANILLA 110.4/105G_T34_2,1.0
CG_LT,34,,MM DA NANG,MM HIEP PHU,OREO VANILLA 110.4/105G,0,0.6,2.0,2.048538,PRICED_E4_shortage_ratio_OREO VANILLA 110.4/105G_T34_1,1.0
CG_LT,34,,MM DA NANG,MM AN PHU,OREO VANILLA 110.4/105G,0,0.6,2.0,2.048538,PRICED_E4_shortage_ratio_OREO VANILLA 110.4/105G_T34_2,1.0
CG_LT,34,,MM DA NANG,MM HIEP PHU,OREO VANILLA 110.4/105G,0,0.6,2.0,2.004439,PRICED_E5_shortage_ratio_OREO VANILLA 110.4/105G_T34_1,1.0
CG_LT,34,,MM DA NANG,MM AN PHU,OREO VANILLA 110.4/105G,0,0.6,2.0,2.004439,PRICED_E5_shortage_ratio_OREO VANILLA 110.4/105G_T34_2,1.0
