iteration,current_cost,candidate_cost,best_cost,temperature,accepted,new_best,destroy_op,repair_op,feasible
0,4659262248194.296,4659262248194.296,4659262248194.296,232963112410.7148,1.0,1.0,initial,initial,1.0
1,4493932149976.395,4493932149976.395,4493932149976.395,232963112410.7148,1.0,1.0,destroy_random_route,repair_random,1.0
2,4493932149976.395,4550326123671.295,4493932149976.395,232497186185.89337,0.0,0.0,destroy_random_period,repair_random,1.0
3,4493932149976.395,4555728051067.795,4493932149976.395,232032191813.52158,0.0,0.0,destroy_low_demand_stores,repair_regret2,1.0
4,4493932149976.395,4705953973575.293,4493932149976.395,231568127429.89453,0.0,0.0,destroy_random_delivery,repair_greedy,1.0
5,4533703449226.694,4533703449226.694,4493932149976.395,231104991175.03473,1.0,0.0,destroy_low_demand_stores,repair_greedy,1.0
6,4581709484815.895,4581709484815.895,4493932149976.395,230642781192.68466,1.0,0.0,destroy_shaw_stores,repair_regret2,1.0
7,4638530351889.595,4638530351889.595,4493932149976.395,230181495630.2993,1.0,0.0,destroy_low_demand_stores,repair_regret2,1.0
8,4698700331113.795,4698700331113.795,4493932149976.395,229721132639.0387,1.0,0.0,destroy_random_route,repair_greedy,1.0
9,4698747252277.994,4698747252277.994,4493932149976.395,229261690373.76062,1.0,0.0,destroy_random_period,repair_greedy,1.0
10,4828382747157.695,4828382747157.695,4493932149976.395,228803166993.0131,1.0,0.0,destroy_worst_delivery,repair_regret2,1.0
11,4944826478578.995,4944826478578.995,4493932149976.395,228345560659.02707,1.0,0.0,destroy_random_delivery,repair_greedy,1.0
12,5188561433201.3955,5188561433201.3955,4493932149976.395,227888869537.709,1.0,0.0,destroy_worst_delivery,repair_greedy,1.0
13,5214077402061.3955,5214077402061.3955,4493932149976.395,227433091798.6336,1.0,0.0,destroy_random_delivery,repair_greedy,1.0
14,5214077402061.3955,5214077402061.3955,4493932149976.395,226978225615.03635,1.0,0.0,destroy_random_period,repair_regret2,1.0
15,5214077402061.3955,5214077402061.3955,4493932149976.395,226524269163.80627,1.0,0.0,destroy_random_period,repair_regret2,1.0
16,5217745017710.096,5217745017710.096,4493932149976.395,226071220625.47867,1.0,0.0,destroy_random_period,repair_regret2,1.0
17,5217745017710.096,5217745017710.096,4493932149976.395,225619078184.22772,1.0,0.0,destroy_shaw_stores,repair_random,1.0
18,5219088272574.697,5219088272574.697,4493932149976.395,225167840027.85925,1.0,0.0,destroy_random_route,repair_regret2,1.0
19,5219088272574.697,5219088272574.697,4493932149976.395,224717504347.80353,1.0,0.0,destroy_random_period,repair_regret2,1.0
20,5300875565383.097,5300875565383.097,4493932149976.395,224268069339.1079,1.0,0.0,destroy_worst_delivery,repair_regret2,1.0
21,5300875565383.097,5300875565383.097,4493932149976.395,223819533200.4297,1.0,0.0,destroy_random_period,repair_greedy,1.0
22,5298907731322.097,5298907731322.097,4493932149976.395,223371894134.02884,1.0,0.0,destroy_worst_delivery,repair_greedy,1.0
23,5298907731322.097,5298907731322.097,4493932149976.395,222925150345.76077,1.0,0.0,destroy_shaw_stores,repair_greedy,1.0
24,5288966589940.597,5288966589940.597,4493932149976.395,222479300045.06924,1.0,0.0,destroy_random_delivery,repair_regret2,1.0
25,5288966589940.597,5288966589940.597,4493932149976.395,222034341444.9791,1.0,0.0,destroy_low_demand_stores,repair_greedy,1.0
26,5288966590020.296,5288966590020.296,4493932149976.395,221590272762.08914,1.0,0.0,destroy_random_delivery,repair_random,1.0
27,5288966590021.194,5288966590021.194,4493932149976.395,221147092216.56497,1.0,0.0,destroy_low_demand_stores,repair_random,1.0
28,5288966590020.296,5288966590020.296,4493932149976.395,220704798032.13184,1.0,0.0,destroy_low_demand_stores,repair_greedy,1.0
29,5288966590020.296,5288966590020.296,4493932149976.395,220263388436.06757,1.0,0.0,destroy_random_period,repair_greedy,1.0
30,5288966590020.296,5288966590020.296,4493932149976.395,219822861659.19543,1.0,0.0,destroy_low_demand_stores,repair_regret2,1.0
31,5288966589805.598,5288966589805.598,4493932149976.395,219383215935.87704,1.0,0.0,destroy_random_route,repair_greedy,1.0
32,5288966589894.797,5288966589894.797,4493932149976.395,218944449504.00528,1.0,0.0,destroy_random_route,repair_random,1.0
33,5288966589894.797,5288966589894.797,4493932149976.395,218506560604.99725,1.0,0.0,destroy_random_period,repair_greedy,1.0
34,5288966589978.797,5288966589978.797,4493932149976.395,218069547483.78726,1.0,0.0,destroy_random_period,repair_random,1.0
35,5288966589978.797,5288966589978.797,4493932149976.395,217633408388.8197,1.0,0.0,destroy_random_period,repair_regret2,1.0
36,5288966590054.096,5288966590054.096,4493932149976.395,217198141572.04205,1.0,0.0,destroy_low_demand_stores,repair_random,1.0
37,5288966590054.096,5288966590054.096,4493932149976.395,216763745288.89798,1.0,0.0,destroy_random_delivery,repair_regret2,1.0
38,5288966590133.795,5288966590133.795,4493932149976.395,216330217798.3202,1.0,0.0,destroy_random_period,repair_random,1.0
39,5288966590054.096,5288966590054.096,4493932149976.395,215897557362.72354,1.0,0.0,destroy_shaw_stores,repair_greedy,1.0
40,5288966589502.997,5288966589502.997,4493932149976.395,215465762247.9981,1.0,0.0,destroy_random_route,repair_greedy,1.0
41,5288966589502.997,5288966589502.997,4493932149976.395,215034830723.5021,1.0,0.0,destroy_shaw_stores,repair_regret2,1.0
42,5288966589582.697,5288966589582.697,4493932149976.395,214604761062.0551,1.0,0.0,destroy_random_period,repair_random,1.0
43,5288966589577.396,5288966589577.396,4493932149976.395,214175551539.931,1.0,0.0,destroy_shaw_stores,repair_random,1.0
44,5288966589563.196,5288966589563.196,4493932149976.395,213747200436.85114,1.0,0.0,destroy_shaw_stores,repair_random,1.0
45,5288966589563.196,5288966589563.196,4493932149976.395,213319706035.97745,1.0,0.0,destroy_shaw_stores,repair_regret2,1.0
46,5288966589939.295,5288966589939.295,4493932149976.395,212893066623.9055,1.0,0.0,destroy_random_route,repair_random,1.0
47,5302820194537.995,5302820194537.995,4493932149976.395,212467280490.65768,1.0,0.0,destroy_worst_delivery,repair_greedy,1.0
48,5302820194537.995,5302820194537.995,4493932149976.395,212042345929.67636,1.0,0.0,destroy_shaw_stores,repair_regret2,1.0
49,5302820194537.995,5302820194537.995,4493932149976.395,211618261237.81702,1.0,0.0,destroy_low_demand_stores,repair_regret2,1.0
50,5302820194299.096,5302820194299.096,4493932149976.395,211195024715.34137,1.0,0.0,destroy_random_route,repair_regret2,1.0
51,5302820194223.796,5302820194223.796,4493932149976.395,210772634665.91068,1.0,0.0,destroy_worst_delivery,repair_greedy,1.0
52,5302820194223.796,5319255602136.397,4493932149976.395,210351089396.57886,0.0,0.0,destroy_random_route,repair_regret2,1.0
53,5302820194299.096,5302820194299.096,4493932149976.395,209930387217.7857,1.0,0.0,destroy_shaw_stores,repair_random,1.0
54,5288966590041.697,5288966590041.697,4493932149976.395,209510526443.35013,1.0,0.0,destroy_random_route,repair_random,1.0
55,5288966590051.296,5288966590051.296,4493932149976.395,209091505390.46344,1.0,0.0,destroy_shaw_stores,repair_random,1.0
56,5295889139478.696,5295889139478.696,4493932149976.395,208673322379.68253,1.0,0.0,destroy_random_route,repair_greedy,1.0
57,5295889139459.296,5295889139459.296,4493932149976.395,208255975734.92316,1.0,0.0,destroy_random_route,repair_regret2,1.0
58,5295889139533.695,5295889139533.695,4493932149976.395,207839463783.4533,1.0,0.0,destroy_low_demand_stores,repair_random,1.0
59,5295889139617.695,5295889139617.695,4493932149976.395,207423784855.8864,1.0,0.0,destroy_random_period,repair_random,1.0
60,5295889139617.695,5295889139617.695,4493932149976.395,207008937286.17465,1.0,0.0,destroy_random_delivery,repair_regret2,1.0
61,5295889139617.695,5295889139617.695,4493932149976.395,206594919411.6023,1.0,0.0,destroy_shaw_stores,repair_greedy,1.0
62,5295889139617.695,5295889139617.695,4493932149976.395,206181729572.77908,1.0,0.0,destroy_shaw_stores,repair_greedy,1.0
63,5295889139542.3955,5295889139542.3955,4493932149976.395,205769366113.6335,1.0,0.0,destroy_random_period,repair_greedy,1.0
64,5302436787537.296,5302436787537.296,4493932149976.395,205357827381.40625,1.0,0.0,destroy_random_route,repair_greedy,1.0
65,5302436787537.296,5302436787537.296,4493932149976.395,204947111726.64343,1.0,0.0,destroy_shaw_stores,repair_regret2,1.0
66,5302436787537.296,5302436787537.296,4493932149976.395,204537217503.19016,1.0,0.0,destroy_random_period,repair_random,1.0
67,5314345762806.297,5314345762806.297,4493932149976.395,204128143068.18378,1.0,0.0,destroy_random_route,repair_greedy,1.0
68,5314345762806.297,5314345762806.297,4493932149976.395,203719886782.0474,1.0,0.0,destroy_shaw_stores,repair_regret2,1.0
69,5329326205929.496,5329326205929.496,4493932149976.395,203312447008.4833,1.0,0.0,destroy_random_delivery,repair_random,1.0
70,5329326205849.796,5329326205849.796,4493932149976.395,202905822114.46634,1.0,0.0,destroy_random_delivery,repair_greedy,1.0
71,5329326205849.796,5329326205849.796,4493932149976.395,202500010470.2374,1.0,0.0,destroy_random_period,repair_greedy,1.0
72,5327589703612.296,5327589703612.296,4493932149976.395,202095010449.29694,1.0,0.0,destroy_worst_delivery,repair_random,1.0
73,5321320097460.695,5321320097460.695,4493932149976.395,201690820428.39835,1.0,0.0,destroy_random_delivery,repair_greedy,1.0
74,5307466492776.795,5307466492776.795,4493932149976.395,201287438787.54153,1.0,0.0,destroy_random_delivery,repair_greedy,1.0
75,5307466492776.795,5307466492776.795,4493932149976.395,200884863909.96646,1.0,0.0,destroy_shaw_stores,repair_regret2,1.0
76,5307466493165.196,5307466493165.196,4493932149976.395,200483094182.1465,1.0,0.0,destroy_random_route,repair_random,1.0
77,5307466493165.196,5307466493165.196,4493932149976.395,200082127993.78223,1.0,0.0,destroy_random_delivery,repair_regret2,1.0
78,5307798115352.495,5307798115352.495,4493932149976.395,199681963737.79465,1.0,0.0,destroy_worst_delivery,repair_random,1.0
79,5307798115128.696,5307798115128.696,4493932149976.395,199282599810.31906,1.0,0.0,destroy_random_route,repair_greedy,1.0
80,5307798115078.097,5307798115078.097,4493932149976.395,198884034610.69843,1.0,0.0,destroy_random_route,repair_random,1.0
81,5307798115078.097,5307798115078.097,4493932149976.395,198486266541.47702,1.0,0.0,destroy_low_demand_stores,repair_greedy,1.0
82,5307798114992.696,5307798114992.696,4493932149976.395,198089294008.39407,1.0,0.0,destroy_random_route,repair_random,1.0
83,5307798115072.3955,5307798115072.3955,4493932149976.395,197693115420.3773,1.0,0.0,destroy_low_demand_stores,repair_random,1.0
84,5307798114992.696,5307798114992.696,4493932149976.395,197297729189.53653,1.0,0.0,destroy_low_demand_stores,repair_greedy,1.0
85,5307798114698.896,5307798114698.896,4493932149976.395,196903133731.15747,1.0,0.0,destroy_random_route,repair_greedy,1.0
86,5307798114698.896,5307798114698.896,4493932149976.395,196509327463.69516,1.0,0.0,destroy_random_period,repair_regret2,1.0
87,5307798114698.896,5307798114698.896,4493932149976.395,196116308808.76776,1.0,0.0,destroy_low_demand_stores,repair_regret2,1.0
88,5295889139219.896,5295889139219.896,4493932149976.395,195724076191.15024,1.0,0.0,destroy_worst_delivery,repair_random,1.0
89,5295889139214.696,5295889139214.696,4493932149976.395,195332628038.76794,1.0,0.0,destroy_shaw_stores,repair_random,1.0
90,5312459769167.195,5312459769167.195,4493932149976.395,194941962782.6904,1.0,0.0,destroy_worst_delivery,repair_random,1.0
91,5312459769167.195,5312459769167.195,4493932149976.395,194552078857.12503,1.0,0.0,destroy_random_period,repair_greedy,1.0
92,5311399521110.496,5311399521110.496,4493932149976.395,194162974699.41077,1.0,0.0,destroy_worst_delivery,repair_regret2,1.0
93,5307466492590.996,5307466492590.996,4493932149976.395,193774648750.01193,1.0,0.0,destroy_random_delivery,repair_regret2,1.0
94,5311399520962.396,5311399520962.396,4493932149976.395,193387099452.5119,1.0,0.0,destroy_worst_delivery,repair_regret2,1.0
95,5311399521046.396,5311399521046.396,4493932149976.395,193000325253.60687,1.0,0.0,destroy_shaw_stores,repair_random,1.0
96,5311399521046.396,5311399521046.396,4493932149976.395,192614324603.09967,1.0,0.0,destroy_shaw_stores,repair_greedy,1.0
97,5311399521046.396,5311399521046.396,4493932149976.395,192229095953.89346,1.0,0.0,destroy_random_route,repair_greedy,1.0
98,5311399521046.396,5311399521046.396,4493932149976.395,191844637761.9857,1.0,0.0,destroy_random_period,repair_greedy,1.0
99,5318322070722.297,5318322070722.297,4493932149976.395,191460948486.4617,1.0,0.0,destroy_shaw_stores,repair_regret2,1.0
100,5318322070722.297,5318322070722.297,4493932149976.395,191078026589.48877,1.0,0.0,destroy_low_demand_stores,repair_greedy,1.0
101,5318322070722.297,5318322070722.297,4493932149976.395,190695870536.30978,1.0,0.0,destroy_random_period,repair_regret2,1.0
102,5318322070722.297,5318322070722.297,4493932149976.395,190314478795.23715,1.0,0.0,destroy_shaw_stores,repair_regret2,1.0
103,5318322070722.297,5318322070722.297,4493932149976.395,189933849837.64667,1.0,0.0,destroy_shaw_stores,repair_greedy,1.0
104,5318322070722.297,5318322070722.297,4493932149976.395,189553982137.97137,1.0,0.0,destroy_low_demand_stores,repair_random,1.0
105,5318322070722.297,5318322070722.297,4493932149976.395,189174874173.69543,1.0,0.0,destroy_random_period,repair_random,1.0
106,5318322070722.297,5318322070722.297,4493932149976.395,188796524425.34805,1.0,0.0,destroy_low_demand_stores,repair_regret2,1.0
107,5327589703057.197,5327589703057.197,4493932149976.395,188418931376.49734,1.0,0.0,destroy_random_route,repair_greedy,1.0
108,5327589703057.197,5327589703057.197,4493932149976.395,188042093513.74435,1.0,0.0,destroy_shaw_stores,repair_regret2,1.0
109,5327589703057.197,5327589703057.197,4493932149976.395,187666009326.71686,1.0,0.0,destroy_shaw_stores,repair_regret2,1.0
110,5327589703127.298,5327589703127.298,4493932149976.395,187290677308.06342,1.0,0.0,destroy_random_period,repair_random,1.0
111,5327589703127.298,5327589703127.298,4493932149976.395,186916095953.4473,1.0,0.0,destroy_random_period,repair_greedy,1.0
112,5321943437516.298,5321943437516.298,4493932149976.395,186542263761.5404,1.0,0.0,destroy_worst_delivery,repair_greedy,1.0
113,5321943437600.298,5321943437600.298,4493932149976.395,186169179234.01733,1.0,0.0,destroy_random_period,repair_random,1.0
114,5321943437600.298,5321943437600.298,4493932149976.395,185796840875.5493,1.0,0.0,destroy_random_period,repair_regret2,1.0
115,5314661124876.298,5314661124876.298,4493932149976.395,185425247193.7982,1.0,0.0,destroy_random_period,repair_regret2,1.0
116,5314661124806.197,5314661124806.197,4493932149976.395,185054396699.41058,1.0,0.0,destroy_random_route,repair_greedy,1.0
117,5314661125090.996,5314661125090.996,4493932149976.395,184684287906.01175,1.0,0.0,destroy_random_route,repair_random,1.0
118,5314661125146.896,5314661125146.896,4493932149976.395,184314919330.19974,1.0,0.0,destroy_shaw_stores,repair_random,1.0
119,5310134693005.993,5310134693005.993,4493932149976.395,183946289491.53934,1.0,0.0,destroy_random_delivery,repair_random,1.0
120,5307798115155.895,5307798115155.895,4493932149976.395,183578396912.55624,1.0,0.0,destroy_worst_delivery,repair_regret2,1.0
121,5305835004024.294,5305835004024.294,4493932149976.395,183211240118.73114,1.0,0.0,destroy_worst_delivery,repair_greedy,1.0
122,5305835003968.395,5305835003968.395,4493932149976.395,182844817638.49368,1.0,0.0,destroy_random_period,repair_greedy,1.0
123,5305835003558.8955,5305835003558.8955,4493932149976.395,182479128003.2167,1.0,0.0,destroy_random_route,repair_greedy,1.0
124,5305835003558.8955,5305835003558.8955,4493932149976.395,182114169747.21027,1.0,0.0,destroy_random_delivery,repair_greedy,1.0
125,5305835003628.596,5305835003628.596,4493932149976.395,181749941407.71585,1.0,0.0,destroy_shaw_stores,repair_random,1.0
126,5299255299837.596,5299255299837.596,4493932149976.395,181386441524.90042,1.0,0.0,destroy_random_delivery,repair_regret2,1.0
127,5299255299837.596,5299255299837.596,4493932149976.395,181023668641.85062,1.0,0.0,destroy_low_demand_stores,repair_greedy,1.0
128,5299255299921.596,5299255299921.596,4493932149976.395,180661621304.56693,1.0,0.0,destroy_shaw_stores,repair_random,1.0
129,5299255299921.596,5299255299921.596,4493932149976.395,180300298061.9578,1.0,0.0,destroy_random_period,repair_regret2,1.0
130,5299255300019.497,5299255300019.497,4493932149976.395,179939697465.8339,1.0,0.0,destroy_random_route,repair_random,1.0
131,5299255300099.197,5299255300099.197,4493932149976.395,179579818070.90222,1.0,0.0,destroy_random_period,repair_random,1.0
132,5299255299703.097,5299255299703.097,4493932149976.395,179220658434.7604,1.0,0.0,destroy_random_route,repair_regret2,1.0
133,5301935812713.396,5301935812713.396,4493932149976.395,178862217117.8909,1.0,0.0,destroy_worst_delivery,repair_greedy,1.0
134,5301935812713.396,5301935812713.396,4493932149976.395,178504492683.65512,1.0,0.0,destroy_shaw_stores,repair_regret2,1.0
135,5295889139067.396,5295889139067.396,4493932149976.395,178147483698.2878,1.0,0.0,destroy_random_route,repair_regret2,1.0
136,5295889139053.197,5295889139053.197,4493932149976.395,177791188730.89124,1.0,0.0,destroy_random_delivery,repair_regret2,1.0
137,5295889139053.197,5295889139053.197,4493932149976.395,177435606353.42944,1.0,0.0,destroy_random_delivery,repair_regret2,1.0
138,5295889139127.597,5295889139127.597,4493932149976.395,177080735140.7226,1.0,0.0,destroy_shaw_stores,repair_random,1.0
139,5302820194055.597,5302820194055.597,4493932149976.395,176726573670.44116,1.0,0.0,destroy_worst_delivery,repair_greedy,1.0
140,5295889139127.597,5295889139127.597,4493932149976.395,176373120523.10028,1.0,0.0,destroy_worst_delivery,repair_regret2,1.0
141,5295889139127.597,5295889139127.597,4493932149976.395,176020374282.05408,1.0,0.0,destroy_worst_delivery,repair_greedy,1.0
142,5295889139127.597,5295889139127.597,4493932149976.395,175668333533.48996,1.0,0.0,destroy_worst_delivery,repair_regret2,1.0
143,5295889139127.597,5295889139127.597,4493932149976.395,175316996866.42297,1.0,0.0,destroy_low_demand_stores,repair_regret2,1.0
144,5295889139127.597,5295889139127.597,4493932149976.395,174966362872.69012,1.0,0.0,destroy_shaw_stores,repair_greedy,1.0
145,5295889139103.797,5295889139103.797,4493932149976.395,174616430146.94473,1.0,0.0,destroy_random_delivery,repair_greedy,1.0
146,5295889139103.797,5295889139103.797,4493932149976.395,174267197286.65085,1.0,0.0,destroy_random_period,repair_regret2,1.0
147,5295889139103.797,5295889139103.797,4493932149976.395,173918662892.07755,1.0,0.0,destroy_low_demand_stores,repair_greedy,1.0
148,5295889139103.797,5295889139103.797,4493932149976.395,173570825566.2934,1.0,0.0,destroy_shaw_stores,repair_greedy,1.0
149,5302820194031.797,5302820194031.797,4493932149976.395,173223683915.1608,1.0,0.0,destroy_worst_delivery,repair_greedy,1.0
150,5302820194031.797,5302820194031.797,4493932149976.395,172877236547.33047,1.0,0.0,destroy_worst_delivery,repair_greedy,1.0
151,5302820193901.497,5302820193901.497,4493932149976.395,172531482074.2358,1.0,0.0,destroy_random_route,repair_greedy,1.0
152,5302820193971.598,5302820193971.598,4493932149976.395,172186419110.08734,1.0,0.0,destroy_random_period,repair_random,1.0
153,5295889139043.598,5295889139043.598,4493932149976.395,171842046271.86716,1.0,0.0,destroy_worst_delivery,repair_regret2,1.0
154,5295889139043.598,5295889139043.598,4493932149976.395,171498362179.32343,1.0,0.0,destroy_random_delivery,repair_greedy,1.0
155,5314803265767.797,5314803265767.797,4493932149976.395,171155365454.96478,1.0,0.0,destroy_random_route,repair_greedy,1.0
156,5300557712671.497,5300557712671.497,4493932149976.395,170813054724.05484,1.0,0.0,destroy_random_period,repair_random,1.0
157,5300557712751.196,5300557712751.196,4493932149976.395,170471428614.60672,1.0,0.0,destroy_low_demand_stores,repair_random,1.0
158,5306413095322.196,5306413095322.196,4493932149976.395,170130485757.3775,1.0,0.0,destroy_random_delivery,repair_random,1.0
159,5306413095326.8955,5306413095326.8955,4493932149976.395,169790224785.86273,1.0,0.0,destroy_shaw_stores,repair_random,1.0
160,5305734773521.8955,5305734773521.8955,4493932149976.395,169450644336.29102,1.0,0.0,destroy_worst_delivery,repair_greedy,1.0
161,5305734773521.8955,5305734773521.8955,4493932149976.395,169111743047.61844,1.0,0.0,destroy_random_delivery,repair_random,1.0
162,5311781447019.096,5311781447019.096,4493932149976.395,168773519561.5232,1.0,0.0,destroy_random_route,repair_greedy,1.0
163,5311781447019.096,5311781447019.096,4493932149976.395,168435972522.40015,1.0,0.0,destroy_shaw_stores,repair_regret2,1.0
164,5312684310283.996,5312684310283.996,4493932149976.395,168099100577.35535,1.0,0.0,destroy_worst_delivery,repair_random,1.0
165,5312684310204.297,5312684310204.297,4493932149976.395,167762902376.20062,1.0,0.0,destroy_low_demand_stores,repair_random,1.0
166,5318322070521.497,5318322070521.497,4493932149976.395,167427376571.4482,1.0,0.0,destroy_worst_delivery,repair_regret2,1.0
167,5318322070633.297,5318322070633.297,4493932149976.395,167092521818.30533,1.0,0.0,destroy_random_delivery,repair_random,1.0
168,5318322070507.697,5318322070507.697,4493932149976.395,166758336774.66873,1.0,0.0,destroy_random_route,repair_regret2,1.0
169,5295889139196.396,5295889139196.396,4493932149976.395,166424820101.1194,1.0,0.0,destroy_worst_delivery,repair_random,1.0
170,5295889139116.697,5295889139116.697,4493932149976.395,166091970460.91714,1.0,0.0,destroy_random_delivery,repair_regret2,1.0
171,5295889139186.397,5295889139186.397,4493932149976.395,165759786519.9953,1.0,0.0,destroy_random_delivery,repair_random,1.0
172,5295889139186.397,5295889139186.397,4493932149976.395,165428266946.95532,1.0,0.0,destroy_random_period,repair_regret2,1.0
173,5323285291490.298,5323285291490.298,4493932149976.395,165097410413.0614,1.0,0.0,destroy_worst_delivery,repair_greedy,1.0
174,5323285291490.298,5323285291490.298,4493932149976.395,164767215592.2353,1.0,0.0,destroy_random_period,repair_greedy,1.0
175,5318322070497.697,5318322070497.697,4493932149976.395,164437681161.0508,1.0,0.0,destroy_worst_delivery,repair_regret2,1.0
176,5312459768664.697,5312459768664.697,4493932149976.395,164108805798.7287,1.0,0.0,destroy_shaw_stores,repair_greedy,1.0
177,5320658648184.697,5320658648184.697,4493932149976.395,163780588187.13126,1.0,0.0,destroy_random_period,repair_greedy,1.0
178,5320658648184.697,5320658648184.697,4493932149976.395,163453027010.757,1.0,0.0,destroy_random_period,repair_regret2,1.0
179,5320658648184.697,5320658648184.697,4493932149976.395,163126120956.73547,1.0,0.0,destroy_low_demand_stores,repair_regret2,1.0
180,5320658648184.697,5320658648184.697,4493932149976.395,162799868714.822,1.0,0.0,destroy_shaw_stores,repair_greedy,1.0
181,5306413095004.897,5306413095004.897,4493932149976.395,162474268977.39233,1.0,0.0,destroy_random_delivery,repair_regret2,1.0
182,5316348476943.897,5316348476943.897,4493932149976.395,162149320439.43756,1.0,0.0,destroy_worst_delivery,repair_greedy,1.0
183,5316348476943.897,5316348476943.897,4493932149976.395,161825021798.5587,1.0,0.0,destroy_low_demand_stores,repair_greedy,1.0
184,5300775334701.496,5300775334701.496,4493932149976.395,161501371754.96158,1.0,0.0,destroy_worst_delivery,repair_random,1.0
185,5300775334701.496,5300775334701.496,4493932149976.395,161178369011.45166,1.0,0.0,destroy_low_demand_stores,repair_greedy,1.0
186,5323279531941.597,5323279531941.597,4493932149976.395,160856012273.42874,1.0,0.0,destroy_worst_delivery,repair_greedy,1.0
187,5309425927337.696,5309425927337.696,4493932149976.395,160534300248.8819,1.0,0.0,destroy_random_period,repair_random,1.0
188,5309425927337.696,5309425927337.696,4493932149976.395,160213231648.38412,1.0,0.0,destroy_low_demand_stores,repair_greedy,1.0
189,5309425927491.795,5309425927491.795,4493932149976.395,159892805185.08734,1.0,0.0,destroy_low_demand_stores,repair_random,1.0
190,5309425927491.795,5309425927491.795,4493932149976.395,159573019574.71716,1.0,0.0,destroy_shaw_stores,repair_greedy,1.0
191,5309425927567.096,5309425927567.096,4493932149976.395,159253873535.56772,1.0,0.0,destroy_random_route,repair_random,1.0
192,5314385365849.997,5314385365849.997,4493932149976.395,158935365788.49658,1.0,0.0,destroy_random_route,repair_greedy,1.0
193,5314385365849.997,5314385365849.997,4493932149976.395,158617495056.9196,1.0,0.0,destroy_low_demand_stores,repair_regret2,1.0
194,5306413095032.997,5306413095032.997,4493932149976.395,158300260066.80576,1.0,0.0,destroy_worst_delivery,repair_greedy,1.0
195,5312324546965.098,5312324546965.098,4493932149976.395,157983659546.67215,1.0,0.0,destroy_random_route,repair_regret2,1.0
196,5312324547035.197,5312324547035.197,4493932149976.395,157667692227.5788,1.0,0.0,destroy_random_period,repair_random,1.0
197,5308968168835.197,5308968168835.197,4493932149976.395,157352356843.12363,1.0,0.0,destroy_random_route,repair_greedy,1.0
198,5308968168904.896,5308968168904.896,4493932149976.395,157037652129.43738,1.0,0.0,destroy_random_period,repair_random,1.0
199,5308968168904.896,5308968168904.896,4493932149976.395,156723576825.1785,1.0,0.0,destroy_random_route,repair_regret2,1.0
200,5300886788589.597,5300886788589.597,4493932149976.395,156410129671.52814,1.0,0.0,destroy_random_delivery,repair_regret2,1.0
201,5300886788589.597,5300886788589.597,4493932149976.395,156097309412.1851,1.0,0.0,destroy_random_period,repair_random,1.0
202,5300886788589.597,5300886788589.597,4493932149976.395,155785114793.36072,1.0,0.0,destroy_random_delivery,repair_greedy,1.0
203,5300886788589.597,5300886788589.597,4493932149976.395,155473544563.774,1.0,0.0,destroy_random_period,repair_greedy,1.0
204,5300886788589.597,5300886788589.597,4493932149976.395,155162597474.64642,1.0,0.0,destroy_low_demand_stores,repair_regret2,1.0
205,5300875564794.196,5300875564794.196,4493932149976.395,154852272279.69714,1.0,0.0,destroy_worst_delivery,repair_random,1.0
206,5300875564794.196,5300875564794.196,4493932149976.395,154542567735.13776,1.0,0.0,destroy_random_delivery,repair_random,1.0
207,5294295861003.196,5294295861003.196,4493932149976.395,154233482599.66748,1.0,0.0,destroy_random_delivery,repair_greedy,1.0
208,5294295861003.196,5294295861003.196,4493932149976.395,153925015634.46814,1.0,0.0,destroy_low_demand_stores,repair_random,1.0
209,5294295861003.196,5294295861003.196,4493932149976.395,153617165603.1992,1.0,0.0,destroy_shaw_stores,repair_greedy,1.0
210,5304819817044.597,5304819817044.597,4493932149976.395,153309931271.9928,1.0,0.0,destroy_random_route,repair_greedy,1.0
211,5300775334882.696,5300775334882.696,4493932149976.395,153003311409.44882,1.0,0.0,destroy_worst_delivery,repair_random,1.0
212,5300775334812.997,5300775334812.997,4493932149976.395,152697304786.6299,1.0,0.0,destroy_random_period,repair_regret2,1.0
213,5300775334659.396,5300775334659.396,4493932149976.395,152391910177.05664,1.0,0.0,destroy_random_route,repair_regret2,1.0
214,5300775334729.096,5300775334729.096,4493932149976.395,152087126356.7025,1.0,0.0,destroy_worst_delivery,repair_random,1.0
215,5300775334729.096,5300775334729.096,4493932149976.395,151782952103.9891,1.0,0.0,destroy_low_demand_stores,repair_greedy,1.0
216,5300775334729.096,5300775334729.096,4493932149976.395,151479386199.78113,1.0,0.0,destroy_random_delivery,repair_regret2,1.0
217,5300775334963.796,5300775334963.796,4493932149976.395,151176427427.38156,1.0,0.0,destroy_random_route,repair_random,1.0
218,5300775334963.796,5300775334963.796,4493932149976.395,150874074572.5268,1.0,0.0,destroy_low_demand_stores,repair_regret2,1.0
219,5300775335043.495,5300775335043.495,4493932149976.395,150572326423.38174,1.0,0.0,destroy_low_demand_stores,repair_random,1.0
220,5300775335043.495,5300775335043.495,4493932149976.395,150271181770.53497,1.0,0.0,destroy_shaw_stores,repair_regret2,1.0
221,5300775334808.796,5300775334808.796,4493932149976.395,149970639406.9939,1.0,0.0,destroy_random_route,repair_regret2,1.0
222,5300775334958.194,5300775334958.194,4493932149976.395,149670698128.1799,1.0,0.0,destroy_random_delivery,repair_random,1.0
223,5300775335037.894,5300775335037.894,4493932149976.395,149371356731.92355,1.0,0.0,destroy_low_demand_stores,repair_random,1.0
224,5299490545651.194,5299490545651.194,4493932149976.395,149072614018.45972,1.0,0.0,destroy_worst_delivery,repair_regret2,1.0
225,5299490545651.194,5299490545651.194,4493932149976.395,148774468790.4228,1.0,0.0,destroy_random_delivery,repair_greedy,1.0
226,5299490545571.495,5299490545571.495,4493932149976.395,148476919852.84195,1.0,0.0,destroy_random_period,repair_greedy,1.0
227,5299490545491.796,5299490545491.796,4493932149976.395,148179966013.13626,1.0,0.0,destroy_shaw_stores,repair_regret2,1.0
228,5299490545491.796,5299490545491.796,4493932149976.395,147883606081.11,1.0,0.0,destroy_shaw_stores,repair_greedy,1.0
229,5313344150096.096,5313344150096.096,4493932149976.395,147587838868.94775,1.0,0.0,destroy_random_route,repair_greedy,1.0
230,5313344150175.796,5313344150175.796,4493932149976.395,147292663191.20987,1.0,0.0,destroy_random_period,repair_random,1.0
231,5313344150166.195,5313344150166.195,4493932149976.395,146998077864.82745,1.0,0.0,destroy_random_period,repair_random,1.0
232,5313344150250.195,5313344150250.195,4493932149976.395,146704081709.0978,1.0,0.0,destroy_random_period,repair_random,1.0
233,5313344150319.8955,5313344150319.8955,4493932149976.395,146410673545.67963,1.0,0.0,destroy_random_period,repair_random,1.0
234,5313344150319.8955,5313344150319.8955,4493932149976.395,146117852198.58826,1.0,0.0,destroy_random_period,repair_greedy,1.0
235,5306413095391.8955,5306413095391.8955,4493932149976.395,145825616494.19107,1.0,0.0,destroy_worst_delivery,repair_regret2,1.0
236,5306413095391.8955,5306413095391.8955,4493932149976.395,145533965261.2027,1.0,0.0,destroy_shaw_stores,repair_regret2,1.0
237,5306413095457.195,5306413095457.195,4493932149976.395,145242897330.6803,1.0,0.0,destroy_random_route,repair_random,1.0
238,5306413095248.996,5306413095248.996,4493932149976.395,144952411536.01895,1.0,0.0,destroy_random_route,repair_random,1.0
239,5306413095179.296,5306413095179.296,4493932149976.395,144662506712.9469,1.0,0.0,destroy_random_route,repair_greedy,1.0
240,5306413095179.296,5306413095179.296,4493932149976.395,144373181699.521,1.0,0.0,destroy_worst_delivery,repair_regret2,1.0
241,5323279532046.296,5323279532046.296,4493932149976.395,144084435336.12195,1.0,0.0,destroy_worst_delivery,repair_random,1.0
242,5306413095179.296,5306413095179.296,4493932149976.395,143796266465.4497,1.0,0.0,destroy_worst_delivery,repair_regret2,1.0
243,5306413095178.397,5306413095178.397,4493932149976.395,143508673932.5188,1.0,0.0,destroy_low_demand_stores,repair_greedy,1.0
244,5300415571981.397,5300415571981.397,4493932149976.395,143221656584.65375,1.0,0.0,destroy_random_route,repair_random,1.0
245,5293493022608.797,5293493022608.797,4493932149976.395,142935213271.48444,1.0,0.0,destroy_random_route,repair_random,1.0
246,5293493022608.797,5293493022608.797,4493932149976.395,142649342844.94147,1.0,0.0,destroy_low_demand_stores,repair_random,1.0
247,5293493022533.497,5293493022533.497,4493932149976.395,142364044159.2516,1.0,0.0,destroy_random_route,repair_regret2,1.0
248,5293493022529.097,5293493022529.097,4493932149976.395,142079316070.93307,1.0,0.0,destroy_low_demand_stores,repair_regret2,1.0
249,5293493022459.396,5293493022459.396,4493932149976.395,141795157438.7912,1.0,0.0,destroy_random_period,repair_regret2,1.0
250,5293493022459.396,5293493022459.396,4493932149976.395,141511567123.9136,1.0,0.0,destroy_low_demand_stores,repair_regret2,1.0
251,5309425927785.996,5309425927785.996,4493932149976.395,141228543989.66577,1.0,0.0,destroy_worst_delivery,repair_greedy,1.0
252,5309425927880.495,5309425927880.495,4493932149976.395,140946086901.68643,1.0,0.0,destroy_random_route,repair_random,1.0
253,5309425927791.194,5309425927791.194,4493932149976.395,140664194727.88306,1.0,0.0,destroy_random_delivery,repair_greedy,1.0
254,5309425927716.795,5309425927716.795,4493932149976.395,140382866338.42728,1.0,0.0,destroy_low_demand_stores,repair_regret2,1.0
255,5288966589881.594,5288966589881.594,4493932149976.395,140102100605.75043,1.0,0.0,destroy_random_delivery,repair_random,1.0
256,5288966589881.594,5288966589881.594,4493932149976.395,139821896404.53894,1.0,0.0,destroy_random_delivery,repair_regret2,1.0
257,5308304379622.595,5308304379622.595,4493932149976.395,139542252611.72986,1.0,0.0,destroy_random_route,repair_greedy,1.0
258,5308304379622.595,5308304379622.595,4493932149976.395,139263168106.5064,1.0,0.0,destroy_random_period,repair_greedy,1.0
259,5307466492707.295,5307466492707.295,4493932149976.395,138984641770.2934,1.0,0.0,destroy_random_delivery,repair_regret2,1.0
260,5307466493039.596,5307466493039.596,4493932149976.395,138706672486.7528,1.0,0.0,destroy_random_route,repair_random,1.0
261,5314389042715.8955,5314389042715.8955,4493932149976.395,138429259141.7793,1.0,0.0,destroy_shaw_stores,repair_regret2,1.0
262,5314389042510.196,5314389042510.196,4493932149976.395,138152400623.49573,1.0,0.0,destroy_random_route,repair_greedy,1.0
263,5314389042579.8955,5314389042579.8955,4493932149976.395,137876095822.24875,1.0,0.0,destroy_shaw_stores,repair_random,1.0
264,5314389042579.8955,5314389042579.8955,4493932149976.395,137600343630.60425,1.0,0.0,destroy_low_demand_stores,repair_greedy,1.0
265,5314389042579.8955,5314389042579.8955,4493932149976.395,137325142943.34303,1.0,0.0,destroy_shaw_stores,repair_regret2,1.0
266,5314389042589.496,5314389042589.496,4493932149976.395,137050492657.45634,1.0,0.0,destroy_shaw_stores,repair_random,1.0
267,5314389042589.496,5314389042589.496,4493932149976.395,136776391672.14143,1.0,0.0,destroy_random_period,repair_regret2,1.0
268,5314389042589.496,5314389042589.496,4493932149976.395,136502838888.79715,1.0,0.0,destroy_low_demand_stores,repair_greedy,1.0
269,5314389042575.195,5314389042575.195,4493932149976.395,136229833211.01956,1.0,0.0,destroy_low_demand_stores,repair_random,1.0
270,5307798115147.596,5307798115147.596,4493932149976.395,135957373544.59752,1.0,0.0,destroy_random_route,repair_random,1.0
271,5307798115077.8955,5307798115077.8955,4493932149976.395,135685458797.50832,1.0,0.0,destroy_worst_delivery,repair_regret2,1.0
272,5307798115092.195,5307798115092.195,4493932149976.395,135414087879.9133,1.0,0.0,destroy_low_demand_stores,repair_random,1.0
273,5307798115092.195,5307798115092.195,4493932149976.395,135143259704.15347,1.0,0.0,destroy_random_period,repair_greedy,1.0
274,5307798115092.195,5307798115092.195,4493932149976.395,134872973184.74516,1.0,0.0,destroy_shaw_stores,repair_regret2,1.0
275,5307798115077.8955,5307798115077.8955,4493932149976.395,134603227238.37567,1.0,0.0,destroy_low_demand_stores,repair_regret2,1.0
276,5307798115133.796,5307798115133.796,4493932149976.395,134334020783.89893,1.0,0.0,destroy_random_delivery,repair_random,1.0
277,5300875565457.8955,5300875565457.8955,4493932149976.395,134065352742.33113,1.0,0.0,destroy_shaw_stores,repair_random,1.0
278,5303591424632.896,5303591424632.896,4493932149976.395,133797222036.84647,1.0,0.0,destroy_random_route,repair_regret2,1.0
279,5303591424553.597,5303591424553.597,4493932149976.395,133529627592.77277,1.0,0.0,destroy_worst_delivery,repair_greedy,1.0
280,5315020888068.597,5315020888068.597,4493932149976.395,133262568337.58722,1.0,0.0,destroy_worst_delivery,repair_greedy,1.0
281,5315020888068.597,5315020888068.597,4493932149976.395,132996043200.91205,1.0,0.0,destroy_low_demand_stores,repair_greedy,1.0
282,5309494173567.697,5309494173567.697,4493932149976.395,132730051114.51022,1.0,0.0,destroy_random_route,repair_greedy,1.0
283,5327589703206.697,5327589703206.697,4493932149976.395,132464591012.2812,1.0,0.0,destroy_worst_delivery,repair_greedy,1.0
284,5293926027982.497,5293926027982.497,4493932149976.395,132199661830.25664,1.0,0.0,destroy_worst_delivery,repair_random,1.0
285,5293926028052.598,5293926028052.598,4493932149976.395,131935262506.59613,1.0,0.0,destroy_shaw_stores,repair_random,1.0
286,5315675914795.797,5315675914795.797,4493932149976.395,131671391981.58293,1.0,0.0,destroy_worst_delivery,repair_greedy,1.0
287,5318322070661.797,5318322070661.797,4493932149976.395,131408049197.61977,1.0,0.0,destroy_worst_delivery,repair_regret2,1.0
288,5318322070717.697,5318322070717.697,4493932149976.395,131145233099.22453,1.0,0.0,destroy_random_period,repair_random,1.0
289,5318322070773.597,5318322070773.597,4493932149976.395,130882942633.02608,1.0,0.0,destroy_random_period,repair_random,1.0
290,5318322070847.997,5318322070847.997,4493932149976.395,130621176747.76003,1.0,0.0,destroy_shaw_stores,repair_random,1.0
291,5318322070768.297,5318322070768.297,4493932149976.395,130359934394.26451,1.0,0.0,destroy_shaw_stores,repair_greedy,1.0
292,5310513974247.696,5310513974247.696,4493932149976.395,130099214525.47598,1.0,0.0,destroy_random_delivery,repair_regret2,1.0
293,5312890351446.696,5312890351446.696,4493932149976.395,129839016096.42503,1.0,0.0,destroy_random_delivery,repair_greedy,1.0
294,5326289618725.796,5326289618725.796,4493932149976.395,129579338064.23218,1.0,0.0,destroy_worst_delivery,repair_random,1.0
295,5326289618895.495,5326289618895.495,4493932149976.395,129320179388.10371,1.0,0.0,destroy_random_route,repair_random,1.0
296,5326289618895.495,5326289618895.495,4493932149976.395,129061539029.3275,1.0,0.0,destroy_shaw_stores,repair_greedy,1.0
297,5328257452937.095,5328257452937.095,4493932149976.395,128803415951.26884,1.0,0.0,destroy_worst_delivery,repair_regret2,1.0
298,5328257452937.095,5328257452937.095,4493932149976.395,128545809119.3663,1.0,0.0,destroy_random_period,repair_greedy,1.0
299,5328257452937.095,5328257452937.095,4493932149976.395,128288717501.12756,1.0,0.0,destroy_low_demand_stores,repair_regret2,1.0
300,5309779255945.696,5309779255945.696,4493932149976.395,128032140066.1253,1.0,0.0,destroy_worst_delivery,repair_greedy,1.0
301,5309779255945.696,5309779255945.696,4493932149976.395,127776075785.99306,1.0,0.0,destroy_shaw_stores,repair_regret2,1.0
302,5309779255945.696,5309779255945.696,4493932149976.395,127520523634.42107,1.0,0.0,destroy_random_period,repair_random,1.0
303,5309779255945.696,5309779255945.696,4493932149976.395,127265482587.15222,1.0,0.0,destroy_shaw_stores,repair_regret2,1.0
304,5309779255945.696,5309779255945.696,4493932149976.395,127010951621.97792,1.0,0.0,destroy_random_period,repair_regret2,1.0
305,5311781447201.296,5311781447201.296,4493932149976.395,126756929718.73396,1.0,0.0,destroy_random_delivery,repair_greedy,1.0
306,5305734773634.996,5305734773634.996,4493932149976.395,126503415859.2965,1.0,0.0,destroy_low_demand_stores,repair_regret2,1.0
307,5305734773298.997,5305734773298.997,4493932149976.395,126250409027.5779,1.0,0.0,destroy_random_route,repair_greedy,1.0
308,5299018264594.697,5299018264594.697,4493932149976.395,125997908209.52274,1.0,0.0,destroy_random_route,repair_greedy,1.0
309,5307912430644.697,5307912430644.697,4493932149976.395,125745912393.10368,1.0,0.0,destroy_random_delivery,repair_random,1.0
310,5300981375707.097,5300981375707.097,4493932149976.395,125494420568.31747,1.0,0.0,destroy_worst_delivery,repair_greedy,1.0
311,5314385365836.097,5314385365836.097,4493932149976.395,125243431727.18083,1.0,0.0,destroy_worst_delivery,repair_greedy,1.0
312,5314385365836.097,5314385365836.097,4493932149976.395,124992944863.72647,1.0,0.0,destroy_shaw_stores,repair_greedy,1.0
313,5314385365836.097,5314385365836.097,4493932149976.395,124742958973.99902,1.0,0.0,destroy_low_demand_stores,repair_regret2,1.0
314,5299018264585.097,5299018264585.097,4493932149976.395,124493473056.05103,1.0,0.0,destroy_random_delivery,repair_greedy,1.0
315,5299018264585.097,5299018264585.097,4493932149976.395,124244486109.93892,1.0,0.0,destroy_random_period,repair_regret2,1.0
316,5299018264529.197,5299018264529.197,4493932149976.395,123995997137.71904,1.0,0.0,destroy_random_route,repair_greedy,1.0
317,5299018264529.197,5299018264529.197,4493932149976.395,123748005143.4436,1.0,0.0,destroy_low_demand_stores,repair_regret2,1.0
318,5299018264529.197,5299018264529.197,4493932149976.395,123500509133.15672,1.0,0.0,destroy_low_demand_stores,repair_regret2,1.0
319,5299018264599.298,5299018264599.298,4493932149976.395,123253508114.89041,1.0,0.0,destroy_random_period,repair_random,1.0
320,5299018265075.998,5299018265075.998,4493932149976.395,123007001098.66063,1.0,0.0,destroy_random_route,repair_random,1.0
321,5314385366397.098,5314385366397.098,4493932149976.395,122760987096.4633,1.0,0.0,destroy_random_delivery,repair_random,1.0
322,5314385366397.098,5314385366397.098,4493932149976.395,122515465122.27037,1.0,0.0,destroy_shaw_stores,repair_regret2,1.0
323,5314385366397.098,5314385366397.098,4493932149976.395,122270434192.02583,1.0,0.0,destroy_random_delivery,repair_greedy,1.0
324,5306413095485.397,5306413095485.397,4493932149976.395,122025893323.64178,1.0,0.0,destroy_worst_delivery,repair_regret2,1.0
325,5306413095485.397,5306413095485.397,4493932149976.395,121781841536.9945,1.0,0.0,destroy_worst_delivery,repair_regret2,1.0
326,5293926028411.098,5293926028411.098,4493932149976.395,121538277853.92052,1.0,0.0,destroy_worst_delivery,repair_random,1.0
327,5293926028411.098,5293926028411.098,4493932149976.395,121295201298.21268,1.0,0.0,destroy_low_demand_stores,repair_greedy,1.0
328,5309779256329.597,5309779256329.597,4493932149976.395,121052610895.61626,1.0,0.0,destroy_random_route,repair_random,1.0
329,5303781732903.197,5303781732903.197,4493932149976.395,120810505673.82503,1.0,0.0,destroy_random_delivery,repair_regret2,1.0
330,5303781732982.896,5303781732982.896,4493932149976.395,120568884662.47737,1.0,0.0,destroy_low_demand_stores,repair_random,1.0
331,5303781732917.396,5303781732917.396,4493932149976.395,120327746893.15242,1.0,0.0,destroy_low_demand_stores,repair_random,1.0
332,5303781732697.497,5303781732697.497,4493932149976.395,120087091399.36612,1.0,0.0,destroy_random_route,repair_regret2,1.0
333,5303781732697.497,5312324547591.097,4493932149976.395,119846917216.56738,0.0,0.0,destroy_worst_delivery,repair_regret2,1.0
334,5303781732697.497,5303781732697.497,4493932149976.395,119607223382.13425,1.0,0.0,destroy_low_demand_stores,repair_greedy,1.0
335,5305734773845.297,5305734773845.297,4493932149976.395,119368008935.36998,1.0,0.0,destroy_random_delivery,repair_random,1.0
336,5316348477569.896,5316348477569.896,4493932149976.395,119129272917.49924,1.0,0.0,destroy_worst_delivery,repair_greedy,1.0
337,5295889139702.696,5295889139702.696,4493932149976.395,118891014371.66425,1.0,0.0,destroy_random_route,repair_random,1.0
338,5295889139702.296,5295889139702.296,4493932149976.395,118653232342.92091,1.0,0.0,destroy_random_delivery,repair_regret2,1.0
339,5295889139758.196,5295889139758.196,4493932149976.395,118415925878.23508,1.0,0.0,destroy_shaw_stores,repair_random,1.0
340,5295889139743.996,5295889139743.996,4493932149976.395,118179094026.4786,1.0,0.0,destroy_random_delivery,repair_random,1.0
341,5295889139823.695,5295889139823.695,4493932149976.395,117942735838.42564,1.0,0.0,destroy_shaw_stores,repair_random,1.0
342,5295889139771.896,5295889139771.896,4493932149976.395,117706850366.7488,1.0,0.0,destroy_random_delivery,repair_regret2,1.0
343,5302820194690.296,5302820194690.296,4493932149976.395,117471436666.01529,1.0,0.0,destroy_random_delivery,repair_greedy,1.0
344,5302820194690.296,5302820194690.296,4493932149976.395,117236493792.68326,1.0,0.0,destroy_random_delivery,repair_regret2,1.0
345,5302820194791.996,5302820194791.996,4493932149976.395,117002020805.09789,1.0,0.0,destroy_random_route,repair_random,1.0
346,5302820194717.596,5302820194717.596,4493932149976.395,116768016763.48769,1.0,0.0,destroy_random_period,repair_greedy,1.0
347,5302820194769.297,5302820194769.297,4493932149976.395,116534480729.96071,1.0,0.0,destroy_random_route,repair_random,1.0
348,5302820194769.297,5313344150866.597,4493932149976.395,116301411768.5008,0.0,0.0,destroy_shaw_stores,repair_greedy,1.0
349,5302820194769.297,5302820194769.297,4493932149976.395,116068808944.96379,1.0,0.0,destroy_random_delivery,repair_greedy,1.0
350,5302820194769.297,5302820194769.297,4493932149976.395,115836671327.07387,1.0,0.0,destroy_random_delivery,repair_regret2,1.0
351,5302820194769.297,5302820194769.297,4493932149976.395,115604997984.41972,1.0,0.0,destroy_random_period,repair_regret2,1.0
352,5306413095928.996,5306413095928.996,4493932149976.395,115373787988.45088,1.0,0.0,destroy_worst_delivery,repair_regret2,1.0
353,5306413095928.996,5306413095928.996,4493932149976.395,115143040412.47398,1.0,0.0,destroy_random_delivery,repair_greedy,1.0
354,5306413095858.8955,5306413095858.8955,4493932149976.395,114912754331.64903,1.0,0.0,destroy_random_period,repair_regret2,1.0
355,5300557713487.8955,5300557713487.8955,4493932149976.395,114682928822.98573,1.0,0.0,destroy_random_period,repair_greedy,1.0
356,5295889139901.495,5295889139901.495,4493932149976.395,114453562965.33977,1.0,0.0,destroy_random_delivery,repair_random,1.0
357,5295889139883.195,5295889139883.195,4493932149976.395,114224655839.40909,1.0,0.0,destroy_random_route,repair_random,1.0
358,5295889139883.195,5295889139883.195,4493932149976.395,113996206527.73027,1.0,0.0,destroy_low_demand_stores,repair_regret2,1.0
359,5295889139893.695,5295889139893.695,4493932149976.395,113768214114.6748,1.0,0.0,destroy_random_delivery,repair_random,1.0
360,5295889139809.695,5295889139809.695,4493932149976.395,113540677686.44545,1.0,0.0,destroy_random_period,repair_greedy,1.0
361,5306413095599.196,5306413095599.196,4493932149976.395,113313596331.07256,1.0,0.0,destroy_random_route,repair_regret2,1.0
362,5306413095753.295,5306413095753.295,4493932149976.395,113086969138.41042,1.0,0.0,destroy_low_demand_stores,repair_random,1.0
363,5306413095753.295,5306413095753.295,4493932149976.395,112860795200.13359,1.0,0.0,destroy_random_delivery,repair_greedy,1.0
364,5304449984631.295,5304449984631.295,4493932149976.395,112635073609.73332,1.0,0.0,destroy_random_delivery,repair_greedy,1.0
365,5316348477692.295,5316348477692.295,4493932149976.395,112409803462.51385,1.0,0.0,destroy_worst_delivery,repair_regret2,1.0
366,5326289618769.996,5326289618769.996,4493932149976.395,112184983855.58882,1.0,0.0,destroy_random_route,repair_greedy,1.0
367,5326289618825.896,5326289618825.896,4493932149976.395,111960613887.87764,1.0,0.0,destroy_random_period,repair_random,1.0
368,5310356713324.896,5310356713324.896,4493932149976.395,111736692660.10188,1.0,0.0,destroy_random_route,repair_regret2,1.0
369,5310356713324.896,5310356713324.896,4493932149976.395,111513219274.78168,1.0,0.0,destroy_shaw_stores,repair_greedy,1.0
370,5310356713324.896,5310356713324.896,4493932149976.395,111290192836.23212,1.0,0.0,destroy_shaw_stores,repair_random,1.0
371,5291912831619.596,5291912831619.596,4493932149976.395,111067612450.55965,1.0,0.0,destroy_random_route,repair_random,1.0
372,5288966590125.496,5288966590125.496,4493932149976.395,110845477225.65852,1.0,0.0,destroy_random_route,repair_random,1.0
373,5303212143291.496,5303212143291.496,4493932149976.395,110623786271.2072,1.0,0.0,destroy_worst_delivery,repair_random,1.0
374,5303212143334.196,5303212143334.196,4493932149976.395,110402538698.66478,1.0,0.0,destroy_random_route,repair_random,1.0
375,5303212143328.597,5303212143328.597,4493932149976.395,110181733621.26746,1.0,0.0,destroy_shaw_stores,repair_random,1.0
376,5303212143250.097,5303212143250.097,4493932149976.395,109961370154.02492,1.0,0.0,destroy_random_delivery,repair_greedy,1.0
377,5303212143179.997,5303212143179.997,4493932149976.395,109741447413.71687,1.0,0.0,destroy_random_period,repair_greedy,1.0
378,5303212143100.297,5303212143100.297,4493932149976.395,109521964518.88943,1.0,0.0,destroy_shaw_stores,repair_greedy,1.0
379,5298907731362.196,5298907731362.196,4493932149976.395,109302920589.85165,1.0,0.0,destroy_random_delivery,repair_random,1.0
380,5298907730818.896,5298907730818.896,4493932149976.395,109084314748.67195,1.0,0.0,destroy_random_route,repair_greedy,1.0
381,5315877974616.196,5315877974616.196,4493932149976.395,108866146119.1746,1.0,0.0,destroy_random_route,repair_greedy,1.0
382,5315877974461.197,5315877974461.197,4493932149976.395,108648413826.93626,1.0,0.0,destroy_random_route,repair_regret2,1.0
383,5315877974540.896,5315877974540.896,4493932149976.395,108431116999.2824,1.0,0.0,destroy_random_period,repair_random,1.0
384,5315877974610.597,5315877974610.597,4493932149976.395,108214254765.28383,1.0,0.0,destroy_random_delivery,repair_random,1.0
385,5315877974530.896,5315877974530.896,4493932149976.395,107997826255.75327,1.0,0.0,destroy_shaw_stores,repair_random,1.0
386,5306413095019.097,5306413095019.097,4493932149976.395,107781830603.24176,1.0,0.0,destroy_worst_delivery,repair_regret2,1.0
387,5306413095019.097,5306413095019.097,4493932149976.395,107566266942.03528,1.0,0.0,destroy_shaw_stores,repair_greedy,1.0
388,5300415571612.097,5300415571612.097,4493932149976.395,107351134408.15121,1.0,0.0,destroy_shaw_stores,repair_regret2,1.0
389,5300415571612.097,5300415571612.097,4493932149976.395,107136432139.33492,1.0,0.0,destroy_worst_delivery,repair_regret2,1.0
390,5300415571612.097,5300415571612.097,4493932149976.395,106922159275.05624,1.0,0.0,destroy_random_period,repair_greedy,1.0
391,5300415571612.097,5300415571612.097,4493932149976.395,106708314956.50613,1.0,0.0,destroy_low_demand_stores,repair_random,1.0
392,5300415571612.097,5300415571612.097,4493932149976.395,106494898326.59312,1.0,0.0,destroy_random_delivery,repair_regret2,1.0
393,5300415571612.097,5300415571612.097,4493932149976.395,106281908529.93994,1.0,0.0,destroy_shaw_stores,repair_regret2,1.0
394,5300415571612.097,5300415571612.097,4493932149976.395,106069344712.88007,1.0,0.0,destroy_random_delivery,repair_regret2,1.0
395,5300415571612.097,5300415571612.097,4493932149976.395,105857206023.4543,1.0,0.0,destroy_random_period,repair_greedy,1.0
396,5300557712648.097,5300557712648.097,4493932149976.395,105645491611.4074,1.0,0.0,destroy_random_delivery,repair_greedy,1.0
397,5300557712648.097,5300557712648.097,4493932149976.395,105434200628.18459,1.0,0.0,destroy_shaw_stores,repair_greedy,1.0
398,5307488767576.097,5307488767576.097,4493932149976.395,105223332226.92822,1.0,0.0,destroy_random_delivery,repair_greedy,1.0
399,5302820193989.196,5302820193989.196,4493932149976.395,105012885562.47437,1.0,0.0,destroy_worst_delivery,repair_random,1.0
400,5302820194063.597,5302820194063.597,4493932149976.395,104802859791.34941,1.0,0.0,destroy_low_demand_stores,repair_random,1.0
401,5302820193993.896,5302820193993.896,4493932149976.395,104593254071.76671,1.0,0.0,destroy_random_period,repair_regret2,1.0
402,5302820193919.497,5302820193919.497,4493932149976.395,104384067563.62317,1.0,0.0,destroy_low_demand_stores,repair_greedy,1.0
403,5302820193999.196,5302820193999.196,4493932149976.395,104175299428.49593,1.0,0.0,destroy_low_demand_stores,repair_random,1.0
404,5302820193919.497,5302820193919.497,4493932149976.395,103966948829.63893,1.0,0.0,destroy_low_demand_stores,repair_regret2,1.0
405,5288966589885.397,5288966589885.397,4493932149976.395,103759014931.97966,1.0,0.0,destroy_random_route,repair_random,1.0
406,5288966589801.797,5288966589801.797,4493932149976.395,103551496902.1157,1.0,0.0,destroy_worst_delivery,repair_greedy,1.0
407,5288966589768.696,5288966589768.696,4493932149976.395,103344393908.31148,1.0,0.0,destroy_random_route,repair_random,1.0
408,5288966589768.696,5288966589768.696,4493932149976.395,103137705120.49486,1.0,0.0,destroy_random_period,repair_regret2,1.0
409,5288966589768.696,5288966589768.696,4493932149976.395,102931429710.25386,1.0,0.0,destroy_worst_delivery,repair_greedy,1.0
410,5288966589767.798,5288966589767.798,4493932149976.395,102725566850.83336,1.0,0.0,destroy_low_demand_stores,repair_regret2,1.0
411,5288966589767.798,5288966589767.798,4493932149976.395,102520115717.1317,1.0,0.0,destroy_random_delivery,repair_random,1.0
412,5288966589767.798,5288966589767.798,4493932149976.395,102315075485.69743,1.0,0.0,destroy_worst_delivery,repair_regret2,1.0
413,5288966590065.796,5288966590065.796,4493932149976.395,102110445334.72604,1.0,0.0,destroy_worst_delivery,repair_random,1.0
414,5288966590135.495,5288966590135.495,4493932149976.395,101906224444.0566,1.0,0.0,destroy_random_delivery,repair_random,1.0
415,5288966590135.495,5288966590135.495,4493932149976.395,101702411995.16849,1.0,0.0,destroy_shaw_stores,repair_regret2,1.0
416,5288966590061.096,5288966590061.096,4493932149976.395,101499007171.17815,1.0,0.0,destroy_random_period,repair_regret2,1.0
417,5288966590061.096,5288966590061.096,4493932149976.395,101296009156.83578,1.0,0.0,destroy_random_period,repair_greedy,1.0
418,5300415572035.496,5300415572035.496,4493932149976.395,101093417138.52211,1.0,0.0,destroy_random_route,repair_regret2,1.0
419,5300415571961.097,5300415571961.097,4493932149976.395,100891230304.24507,1.0,0.0,destroy_random_route,repair_greedy,1.0
420,5300415571961.097,5300415571961.097,4493932149976.395,100689447843.63658,1.0,0.0,destroy_random_delivery,repair_regret2,1.0
421,5300415571961.097,5300415571961.097,4493932149976.395,100488068947.94931,1.0,0.0,destroy_worst_delivery,repair_regret2,1.0
422,5300415571961.097,5300415571961.097,4493932149976.395,100287092810.0534,1.0,0.0,destroy_random_delivery,repair_regret2,1.0
423,5300415571961.097,5300415571961.097,4493932149976.395,100086518624.4333,1.0,0.0,destroy_random_delivery,repair_regret2,1.0
424,5302480066913.097,5302480066913.097,4493932149976.395,99886345587.18443,1.0,0.0,destroy_random_delivery,repair_random,1.0
425,5304449984236.498,5304449984236.498,4493932149976.395,99686572896.01007,1.0,0.0,destroy_worst_delivery,repair_greedy,1.0
426,5306413095358.498,5306413095358.498,4493932149976.395,99487199750.21805,1.0,0.0,destroy_worst_delivery,repair_regret2,1.0
427,5306413095149.398,5306413095149.398,4493932149976.395,99288225350.7176,1.0,0.0,destroy_random_route,repair_greedy,1.0
428,5306413095149.398,5307697884466.398,4493932149976.395,99089648900.01617,0.0,0.0,destroy_worst_delivery,repair_greedy,1.0
429,5306413095205.298,5306413095205.298,4493932149976.395,98891469602.21614,1.0,0.0,destroy_random_period,repair_random,1.0
430,5316348477144.298,5316348477144.298,4493932149976.395,98693686663.0117,1.0,0.0,destroy_worst_delivery,repair_regret2,1.0
431,5316348477144.298,5316348477144.298,4493932149976.395,98496299289.68568,1.0,0.0,destroy_low_demand_stores,repair_greedy,1.0
432,5316348477144.298,5316348477144.298,4493932149976.395,98299306691.10631,1.0,0.0,destroy_shaw_stores,repair_regret2,1.0
433,5316348477144.298,5316348477144.298,4493932149976.395,98102708077.72409,1.0,0.0,destroy_random_delivery,repair_regret2,1.0
434,5316348477144.298,5316348477144.298,4493932149976.395,97906502661.56865,1.0,0.0,destroy_random_delivery,repair_regret2,1.0
435,5316348477144.298,5316348477144.298,4493932149976.395,97710689656.24551,1.0,0.0,destroy_worst_delivery,repair_greedy,1.0
436,5316348477069.896,5316348477069.896,4493932149976.395,97515268276.93303,1.0,0.0,destroy_random_route,repair_regret2,1.0
437,5316348477069.896,5316348477069.896,4493932149976.395,97320237740.37917,1.0,0.0,destroy_low_demand_stores,repair_random,1.0
438,5316348477125.796,5316348477125.796,4493932149976.395,97125597264.8984,1.0,0.0,destroy_shaw_stores,repair_random,1.0
439,5316348477125.396,5316348477125.396,4493932149976.395,96931346070.3686,1.0,0.0,destroy_random_delivery,repair_greedy,1.0
440,5316348477125.396,5316348477125.396,4493932149976.395,96737483378.22787,1.0,0.0,destroy_random_delivery,repair_random,1.0
441,5316348477125.396,5316348477125.396,4493932149976.395,96544008411.47142,1.0,0.0,destroy_low_demand_stores,repair_regret2,1.0
442,5306413095130.497,5306413095130.497,4493932149976.395,96350920394.64848,1.0,0.0,destroy_worst_delivery,repair_regret2,1.0
443,5306413095130.497,5306413095130.497,4493932149976.395,96158218553.85919,1.0,0.0,destroy_random_period,repair_regret2,1.0
444,5306413095130.497,5306413095130.497,4493932149976.395,95965902116.75148,1.0,0.0,destroy_worst_delivery,repair_regret2,1.0
445,5306413095210.196,5306413095210.196,4493932149976.395,95773970312.51797,1.0,0.0,destroy_low_demand_stores,repair_random,1.0
446,5316348477149.195,5316348477149.195,4493932149976.395,95582422371.89294,1.0,0.0,destroy_worst_delivery,repair_greedy,1.0
447,5314628939455.196,5314628939455.196,4493932149976.395,95391257527.14915,1.0,0.0,destroy_worst_delivery,repair_greedy,1.0
448,5323279532077.195,5323279532077.195,4493932149976.395,95200475012.09485,1.0,0.0,destroy_random_delivery,repair_greedy,1.0
449,5323279532151.596,5323279532151.596,4493932149976.395,95010074062.07066,1.0,0.0,destroy_low_demand_stores,repair_random,1.0
450,5316348477097.996,5316348477097.996,4493932149976.395,94820053913.94652,1.0,0.0,destroy_random_route,repair_greedy,1.0
451,5316348477018.297,5316348477018.297,4493932149976.395,94630413806.11862,1.0,0.0,destroy_low_demand_stores,repair_greedy,1.0
452,5316348476962.397,5316348476962.397,4493932149976.395,94441152978.50638,1.0,0.0,destroy_random_route,repair_greedy,1.0
453,5316348476962.397,5316348476962.397,4493932149976.395,94252270672.54936,1.0,0.0,destroy_shaw_stores,repair_greedy,1.0
454,5316348476962.397,5316348476962.397,4493932149976.395,94063766131.20427,1.0,0.0,destroy_random_period,repair_greedy,1.0
455,5316348476962.397,5316348476962.397,4493932149976.395,93875638598.94186,1.0,0.0,destroy_shaw_stores,repair_regret2,1.0
456,5305734773218.397,5305734773218.397,4493932149976.395,93687887321.74397,1.0,0.0,destroy_worst_delivery,repair_greedy,1.0
457,5305734773143.997,5305734773143.997,4493932149976.395,93500511547.10048,1.0,0.0,destroy_random_route,repair_greedy,1.0
458,5305734773143.997,5305734773143.997,4493932149976.395,93313510524.00627,1.0,0.0,destroy_random_period,repair_random,1.0
459,5305734773143.997,5305734773143.997,4493932149976.395,93126883502.95825,1.0,0.0,destroy_low_demand_stores,repair_random,1.0
460,5305734773213.697,5305734773213.697,4493932149976.395,92940629735.95233,1.0,0.0,destroy_random_delivery,repair_random,1.0
461,5314628939263.697,5314628939263.697,4493932149976.395,92754748476.48042,1.0,0.0,destroy_shaw_stores,repair_greedy,1.0
462,5314628939338.097,5314628939338.097,4493932149976.395,92569238979.52747,1.0,0.0,destroy_shaw_stores,repair_random,1.0
463,5300775334733.797,5300775334733.797,4493932149976.395,92384100501.5684,1.0,0.0,destroy_random_period,repair_greedy,1.0
464,5300775334733.797,5300775334733.797,4493932149976.395,92199332300.56526,1.0,0.0,destroy_random_delivery,repair_greedy,1.0
465,5305734773288.097,5305734773288.097,4493932149976.395,92014933635.96413,1.0,0.0,destroy_random_route,repair_greedy,1.0
466,5305734773288.097,5305734773288.097,4493932149976.395,91830903768.6922,1.0,0.0,destroy_shaw_stores,repair_regret2,1.0
467,5305734773288.097,5305734773288.097,4493932149976.395,91647241961.15482,1.0,0.0,destroy_low_demand_stores,repair_regret2,1.0
468,5298604998512.397,5298604998512.397,4493932149976.395,91463947477.23251,1.0,0.0,destroy_random_delivery,repair_greedy,1.0
469,5298604998592.097,5298604998592.097,4493932149976.395,91281019582.27805,1.0,0.0,destroy_low_demand_stores,repair_random,1.0
470,5298604998592.097,5298604998592.097,4493932149976.395,91098457543.1135,1.0,0.0,destroy_random_period,repair_regret2,1.0
471,5306413095103.097,5306413095103.097,4493932149976.395,90916260628.02727,1.0,0.0,destroy_worst_delivery,repair_regret2,1.0
472,5306413095097.797,5306413095097.797,4493932149976.395,90734428106.77121,1.0,0.0,destroy_low_demand_stores,repair_random,1.0
473,5316348477036.797,5316348477036.797,4493932149976.395,90552959250.55766,1.0,0.0,destroy_worst_delivery,repair_regret2,1.0
474,5300415571690.797,5300415571690.797,4493932149976.395,90371853332.05655,1.0,0.0,destroy_random_delivery,repair_regret2,1.0
475,5300415571690.797,5300415571690.797,4493932149976.395,90191109625.39244,1.0,0.0,destroy_shaw_stores,repair_random,1.0
476,5300415571690.797,5300415571690.797,4493932149976.395,90010727406.14166,1.0,0.0,destroy_random_delivery,repair_regret2,1.0
477,5300415571690.797,5300415571690.797,4493932149976.395,89830705951.32938,1.0,0.0,destroy_random_period,repair_regret2,1.0
478,5300415571690.797,5300415571690.797,4493932149976.395,89651044539.42671,1.0,0.0,destroy_random_delivery,repair_regret2,1.0
479,5300415571690.797,5300415571690.797,4493932149976.395,89471742450.34785,1.0,0.0,destroy_low_demand_stores,repair_regret2,1.0
480,5300415571690.797,5300415571690.797,4493932149976.395,89292798965.44716,1.0,0.0,destroy_random_period,repair_regret2,1.0
481,5300415571616.397,5300415571616.397,4493932149976.395,89114213367.51627,1.0,0.0,destroy_low_demand_stores,repair_random,1.0
482,5307697884340.397,5307697884340.397,4493932149976.395,88935984940.78123,1.0,0.0,destroy_random_delivery,repair_greedy,1.0
483,5313027155972.497,5313027155972.497,4493932149976.395,88758112970.89967,1.0,0.0,destroy_random_route,repair_greedy,1.0
484,5313027156126.597,5313027156126.597,4493932149976.395,88580596744.95787,1.0,0.0,destroy_low_demand_stores,repair_random,1.0
485,5313027156052.196,5313027156052.196,4493932149976.395,88403435551.46796,1.0,0.0,destroy_random_period,repair_greedy,1.0
486,5318322070526.196,5318322070526.196,4493932149976.395,88226628680.36502,1.0,0.0,destroy_worst_delivery,repair_regret2,1.0
487,5326289618404.196,5326289618404.196,4493932149976.395,88050175423.00429,1.0,0.0,destroy_worst_delivery,repair_greedy,1.0
488,5326289618478.596,5326289618478.596,4493932149976.395,87874075072.15828,1.0,0.0,destroy_shaw_stores,repair_random,1.0
489,5326289618478.596,5326289618478.596,4493932149976.395,87698326922.01396,1.0,0.0,destroy_random_period,repair_greedy,1.0
490,5326289618398.896,5326289618398.896,4493932149976.395,87522930268.16994,1.0,0.0,destroy_low_demand_stores,repair_random,1.0
491,5310356712904.098,5310356712904.098,4493932149976.395,87347884407.63359,1.0,0.0,destroy_random_route,repair_regret2,1.0
492,5310356712978.499,5310356712978.499,4493932149976.395,87173188638.81833,1.0,0.0,destroy_shaw_stores,repair_random,1.0
493,5310356712978.499,5310356712978.499,4493932149976.395,86998842261.5407,1.0,0.0,destroy_random_delivery,repair_greedy,1.0
494,5300415571714.598,5300415571714.598,4493932149976.395,86824844577.01761,1.0,0.0,destroy_low_demand_stores,repair_random,1.0
495,5300415571634.898,5300415571634.898,4493932149976.395,86651194887.86357,1.0,0.0,destroy_low_demand_stores,repair_greedy,1.0
496,5300415571560.497,5300415571560.497,4493932149976.395,86477892498.08784,1.0,0.0,destroy_random_route,repair_regret2,1.0
497,5300415571560.497,5300415571560.497,4493932149976.395,86304936713.09167,1.0,0.0,destroy_random_route,repair_regret2,1.0
498,5300415571560.497,5300415571560.497,4493932149976.395,86132326839.6655,1.0,0.0,destroy_low_demand_stores,repair_regret2,1.0
499,5300415571640.196,5300415571640.196,4493932149976.395,85960062185.98616,1.0,0.0,destroy_random_period,repair_random,1.0
500,5302820193893.097,5302820193893.097,4493932149976.395,85788142061.61418,1.0,0.0,destroy_worst_delivery,repair_random,1.0
501,5302820193893.097,5302820193893.097,4493932149976.395,85616565777.49095,1.0,0.0,destroy_random_period,repair_greedy,1.0
502,5302820193893.097,5302820193893.097,4493932149976.395,85445332645.93597,1.0,0.0,destroy_shaw_stores,repair_greedy,1.0
503,5302820193813.397,5302820193813.397,4493932149976.395,85274441980.6441,1.0,0.0,destroy_low_demand_stores,repair_regret2,1.0
504,5295013263248.196,5295013263248.196,4493932149976.395,85103893096.68282,1.0,0.0,destroy_random_route,repair_random,1.0
505,5299539695713.496,5299539695713.496,4493932149976.395,84933685310.48946,1.0,0.0,destroy_random_route,repair_regret2,1.0
506,5288966589642.195,5288966589642.195,4493932149976.395,84763817939.86848,1.0,0.0,destroy_worst_delivery,repair_random,1.0
507,5288966589642.195,5288966589642.195,4493932149976.395,84594290303.98875,1.0,0.0,destroy_random_delivery,repair_regret2,1.0
508,5298907730854.896,5298907730854.896,4493932149976.395,84425101723.38078,1.0,0.0,destroy_random_route,repair_greedy,1.0
509,5305830280447.197,5305830280447.197,4493932149976.395,84256251519.93402,1.0,0.0,destroy_random_route,repair_regret2,1.0
510,5305830280447.197,5305830280447.197,4493932149976.395,84087739016.89415,1.0,0.0,destroy_shaw_stores,repair_random,1.0
511,5305830280447.197,5305830280447.197,4493932149976.395,83919563538.86037,1.0,0.0,destroy_low_demand_stores,repair_greedy,1.0
512,5300775335093.696,5300775335093.696,4493932149976.395,83751724411.78264,1.0,0.0,destroy_worst_delivery,repair_random,1.0
513,5300775335173.3955,5300775335173.3955,4493932149976.395,83584220962.95908,1.0,0.0,destroy_low_demand_stores,repair_random,1.0
514,5300775335173.3955,5300775335173.3955,4493932149976.395,83417052521.03316,1.0,0.0,destroy_random_delivery,repair_random,1.0
515,5310716476157.597,5310716476157.597,4493932149976.395,83250218415.99109,1.0,0.0,destroy_random_route,repair_greedy,1.0
516,5310716476157.597,5310716476157.597,4493932149976.395,83083717979.1591,1.0,0.0,destroy_shaw_stores,repair_regret2,1.0
517,5310716476017.697,5310716476017.697,4493932149976.395,82917550543.20079,1.0,0.0,destroy_random_route,repair_regret2,1.0
518,5310716476017.697,5310716476017.697,4493932149976.395,82751715442.1144,1.0,0.0,destroy_low_demand_stores,repair_regret2,1.0
519,5298907730902.696,5298907730902.696,4493932149976.395,82586212011.23016,1.0,0.0,destroy_random_delivery,repair_random,1.0
520,5309296988581.496,5309296988581.496,4493932149976.395,82421039587.2077,1.0,0.0,destroy_random_route,repair_greedy,1.0
521,5309296988581.496,5309296988581.496,4493932149976.395,82256197508.0333,1.0,0.0,destroy_random_delivery,repair_regret2,1.0
522,5310458096893.496,5310458096893.496,4493932149976.395,82091685113.01723,1.0,0.0,destroy_random_route,repair_greedy,1.0
523,5314389042076.496,5314389042076.496,4493932149976.395,81927501742.7912,1.0,0.0,destroy_worst_delivery,repair_regret2,1.0
524,5314389042151.796,5314389042151.796,4493932149976.395,81763646739.30562,1.0,0.0,destroy_shaw_stores,repair_random,1.0
525,5314389042072.097,5314389042072.097,4493932149976.395,81600119445.82701,1.0,0.0,destroy_low_demand_stores,repair_regret2,1.0
526,5312324546965.098,5312324546965.098,4493932149976.395,81436919206.93536,1.0,0.0,destroy_random_route,repair_regret2,1.0
527,5312324546965.098,5312324546965.098,4493932149976.395,81274045368.5215,1.0,0.0,destroy_shaw_stores,repair_regret2,1.0
528,5312421207856.098,5312421207856.098,4493932149976.395,81111497277.78445,1.0,0.0,destroy_random_delivery,repair_greedy,1.0
529,5298604998456.497,5298604998456.497,4493932149976.395,80949274283.22888,1.0,0.0,destroy_random_delivery,repair_regret2,1.0
530,5298604998456.497,5298604998456.497,4493932149976.395,80787375734.66243,1.0,0.0,destroy_random_period,repair_regret2,1.0
531,5298604998456.497,5298604998456.497,4493932149976.395,80625800983.1931,1.0,0.0,destroy_low_demand_stores,repair_greedy,1.0
532,5298604998456.497,5298604998456.497,4493932149976.395,80464549381.22672,1.0,0.0,destroy_worst_delivery,repair_regret2,1.0
533,5298604998456.497,5298604998456.497,4493932149976.395,80303620282.46426,1.0,0.0,destroy_shaw_stores,repair_regret2,1.0
534,5298604998456.497,5298604998456.497,4493932149976.395,80143013041.89934,1.0,0.0,destroy_shaw_stores,repair_random,1.0
535,5288966589329.097,5288966589329.097,4493932149976.395,79982727015.81554,1.0,0.0,destroy_worst_delivery,repair_random,1.0
536,5288966589329.097,5288966589329.097,4493932149976.395,79822761561.7839,1.0,0.0,destroy_shaw_stores,repair_regret2,1.0
537,5306413094967.497,5306413094967.497,4493932149976.395,79663116038.66034,1.0,0.0,destroy_worst_delivery,repair_greedy,1.0
538,5306413094948.997,5306413094948.997,4493932149976.395,79503789806.58302,1.0,0.0,destroy_random_period,repair_regret2,1.0
539,5306413094948.997,5306413094948.997,4493932149976.395,79344782226.96986,1.0,0.0,destroy_worst_delivery,repair_regret2,1.0
540,5306413094948.997,5306413094948.997,4493932149976.395,79186092662.51593,1.0,0.0,destroy_shaw_stores,repair_regret2,1.0
541,5306413094948.997,5306413094948.997,4493932149976.395,79027720477.1909,1.0,0.0,destroy_shaw_stores,repair_regret2,1.0
542,5298604998437.997,5298604998437.997,4493932149976.395,78869665036.23653,1.0,0.0,destroy_random_delivery,repair_regret2,1.0
543,5298604998437.997,5298604998437.997,4493932149976.395,78711925706.16405,1.0,0.0,destroy_random_period,repair_greedy,1.0
544,5316348477032.098,5316348477032.098,4493932149976.395,78554501854.75172,1.0,0.0,destroy_random_delivery,repair_random,1.0
545,5300415571686.098,5300415571686.098,4493932149976.395,78397392851.04222,1.0,0.0,destroy_random_delivery,repair_regret2,1.0
546,5300415572371.396,5300415572371.396,4493932149976.395,78240598065.34013,1.0,0.0,destroy_random_route,repair_random,1.0
547,5300415572371.396,5300415572371.396,4493932149976.395,78084116869.20946,1.0,0.0,destroy_random_period,repair_random,1.0
548,5312324547771.097,5312324547771.097,4493932149976.395,77927948635.47104,1.0,0.0,destroy_worst_delivery,repair_regret2,1.0
549,5312324547771.097,5312324547771.097,4493932149976.395,77772092738.2001,1.0,0.0,destroy_shaw_stores,repair_random,1.0
550,5312324547771.097,5312324547771.097,4493932149976.395,77616548552.72371,1.0,0.0,destroy_shaw_stores,repair_regret2,1.0
551,5312324547687.097,5312324547687.097,4493932149976.395,77461315455.61826,1.0,0.0,destroy_shaw_stores,repair_greedy,1.0
552,5312324547687.097,5312324547687.097,4493932149976.395,77306392824.70702,1.0,0.0,destroy_random_period,repair_greedy,1.0
553,5308946919901.197,5308946919901.197,4493932149976.395,77151780039.0576,1.0,0.0,destroy_random_route,repair_greedy,1.0
554,5298422964003.398,5298422964003.398,4493932149976.395,76997476478.97949,1.0,0.0,destroy_random_route,repair_random,1.0
555,5302024370489.896,5302024370489.896,4493932149976.395,76843481526.02153,1.0,0.0,destroy_worst_delivery,repair_random,1.0
556,5302024370489.896,5302024370489.896,4493932149976.395,76689794562.96948,1.0,0.0,destroy_shaw_stores,repair_greedy,1.0
557,5316348477651.197,5316348477651.197,4493932149976.395,76536414973.84354,1.0,0.0,destroy_worst_delivery,repair_random,1.0
558,5316348477651.197,5316348477651.197,4493932149976.395,76383342143.89584,1.0,0.0,destroy_shaw_stores,repair_regret2,1.0
559,5316348477595.298,5316348477595.298,4493932149976.395,76230575459.60805,1.0,0.0,destroy_random_period,repair_greedy,1.0
560,5316348477595.298,5316348477595.298,4493932149976.395,76078114308.68883,1.0,0.0,destroy_low_demand_stores,repair_regret2,1.0
561,5316348477595.298,5316348477595.298,4493932149976.395,75925958080.07146,1.0,0.0,destroy_low_demand_stores,repair_regret2,1.0
562,5302820194519.996,5302820194519.996,4493932149976.395,75774106163.91132,1.0,0.0,destroy_worst_delivery,repair_random,1.0
563,5302820194599.696,5302820194599.696,4493932149976.395,75622557951.5835,1.0,0.0,destroy_random_period,repair_random,1.0
564,5302820194604.396,5302820194604.396,4493932149976.395,75471312835.68033,1.0,0.0,destroy_shaw_stores,repair_random,1.0
565,5302820194604.396,5302820194604.396,4493932149976.395,75320370210.00897,1.0,0.0,destroy_low_demand_stores,repair_random,1.0
566,5308149465919.097,5308149465919.097,4493932149976.395,75169729469.58896,1.0,0.0,destroy_random_route,repair_greedy,1.0
567,5313344150026.396,5313344150026.396,4493932149976.395,75019390010.64978,1.0,0.0,destroy_random_route,repair_regret2,1.0
568,5304449983976.396,5304449983976.396,4493932149976.395,74869351230.62848,1.0,0.0,destroy_random_period,repair_greedy,1.0
569,5304449983976.396,5316348477037.396,4493932149976.395,74719612528.16722,0.0,0.0,destroy_worst_delivery,repair_regret2,1.0
570,5306413095088.798,5306413095088.798,4493932149976.395,74570173303.11089,1.0,0.0,destroy_worst_delivery,repair_regret2,1.0
571,5306413095303.497,5306413095303.497,4493932149976.395,74421032956.50467,1.0,0.0,destroy_random_route,repair_random,1.0
572,5306413095233.797,5306413095233.797,4493932149976.395,74272190890.59166,1.0,0.0,destroy_random_period,repair_regret2,1.0
573,5306413095303.897,5306413095303.897,4493932149976.395,74123646508.81047,1.0,0.0,destroy_shaw_stores,repair_random,1.0
574,5306413095234.197,5306413095234.197,4493932149976.395,73975399215.79285,1.0,0.0,destroy_random_route,repair_regret2,1.0
575,5306413095318.197,5306413095318.197,4493932149976.395,73827448417.36127,1.0,0.0,destroy_shaw_stores,repair_random,1.0
576,5306413095318.197,5306413095318.197,4493932149976.395,73679793520.52655,1.0,0.0,destroy_random_period,repair_random,1.0
577,5298604998807.197,5298604998807.197,4493932149976.395,73532433933.4855,1.0,0.0,destroy_random_delivery,repair_regret2,1.0
578,5298604998662.197,5298604998662.197,4493932149976.395,73385369065.61853,1.0,0.0,destroy_random_route,repair_greedy,1.0
579,5298604998662.197,5298604998662.197,4493932149976.395,73238598327.48729,1.0,0.0,destroy_shaw_stores,repair_regret2,1.0
580,5300415571766.197,5300415571766.197,4493932149976.395,73092121130.83232,1.0,0.0,destroy_shaw_stores,repair_regret2,1.0
581,5300415571766.197,5300415571766.197,4493932149976.395,72945936888.57066,1.0,0.0,destroy_shaw_stores,repair_regret2,1.0
582,5300415572117.198,5300415572117.198,4493932149976.395,72800045014.79352,1.0,0.0,destroy_random_route,repair_random,1.0
583,5300415572117.198,5300415572117.198,4493932149976.395,72654444924.76393,1.0,0.0,destroy_worst_delivery,repair_regret2,1.0
584,5300415572196.897,5300415572196.897,4493932149976.395,72509136034.9144,1.0,0.0,destroy_low_demand_stores,repair_random,1.0
585,5300415572196.897,5300415572196.897,4493932149976.395,72364117762.84457,1.0,0.0,destroy_shaw_stores,repair_regret2,1.0
586,5300415572117.198,5300415572117.198,4493932149976.395,72219389527.31888,1.0,0.0,destroy_low_demand_stores,repair_random,1.0
587,5300415572117.198,5300415572117.198,4493932149976.395,72074950748.26424,1.0,0.0,destroy_worst_delivery,repair_regret2,1.0
588,5300415572130.997,5300415572130.997,4493932149976.395,71930800846.76772,1.0,0.0,destroy_shaw_stores,repair_random,1.0
589,5298594601844.098,5298594601844.098,4493932149976.395,71786939245.07417,1.0,0.0,destroy_random_route,repair_greedy,1.0
590,5300557712966.098,5300557712966.098,4493932149976.395,71643365366.58403,1.0,0.0,destroy_shaw_stores,repair_regret2,1.0
591,5316348477276.098,5316348477276.098,4493932149976.395,71500078635.85086,1.0,0.0,destroy_worst_delivery,repair_regret2,1.0
592,5302820194247.097,5302820194247.097,4493932149976.395,71357078478.57916,1.0,0.0,destroy_worst_delivery,repair_random,1.0
593,5302820194177.396,5302820194177.396,4493932149976.395,71214364321.62201,1.0,0.0,destroy_worst_delivery,repair_greedy,1.0
594,5323279532204.098,5323279532204.098,4493932149976.395,71071935592.97876,1.0,0.0,destroy_worst_delivery,repair_greedy,1.0
595,5323279532204.098,5323279532204.098,4493932149976.395,70929791721.7928,1.0,0.0,destroy_random_period,repair_regret2,1.0
596,5323279532204.098,5323279532204.098,4493932149976.395,70787932138.34921,1.0,0.0,destroy_low_demand_stores,repair_regret2,1.0
597,5323279532204.098,5323279532204.098,4493932149976.395,70646356274.07251,1.0,0.0,destroy_random_period,repair_greedy,1.0
598,5316348477276.098,5316348477276.098,4493932149976.395,70505063561.52437,1.0,0.0,destroy_random_delivery,repair_regret2,1.0
599,5316348477276.098,5316348477276.098,4493932149976.395,70364053434.40132,1.0,0.0,destroy_low_demand_stores,repair_greedy,1.0
600,5295889139319.097,5295889139319.097,4493932149976.395,70223325327.53252,1.0,0.0,destroy_worst_delivery,repair_random,1.0
601,5295889139458.996,5295889139458.996,4493932149976.395,70082878676.87746,1.0,0.0,destroy_random_delivery,repair_random,1.0
602,5288966589708.797,5288966589708.797,4493932149976.395,69942712919.5237,1.0,0.0,destroy_worst_delivery,repair_random,1.0
603,5288966589708.797,5288966589708.797,4493932149976.395,69802827493.68465,1.0,0.0,destroy_shaw_stores,repair_regret2,1.0
604,5306413095476.997,5306413095476.997,4493932149976.395,69663221838.69728,1.0,0.0,destroy_worst_delivery,repair_regret2,1.0
605,5300557713260.099,5300557713260.099,4493932149976.395,69523895395.01988,1.0,0.0,destroy_random_delivery,repair_random,1.0
606,5300557713260.099,5306413095631.099,4493932149976.395,69384847604.22984,0.0,0.0,destroy_worst_delivery,repair_regret2,1.0
607,5300557712872.299,5300557712872.299,4493932149976.395,69246077909.02138,1.0,0.0,destroy_random_route,repair_regret2,1.0
608,5300557712666.599,5300557712666.599,4493932149976.395,69107585753.20334,1.0,0.0,destroy_random_route,repair_regret2,1.0
609,5293926028098.498,5293926028098.498,4493932149976.395,68969370581.69693,1.0,0.0,destroy_worst_delivery,repair_random,1.0
610,5288966589544.198,5288966589544.198,4493932149976.395,68831431840.53354,1.0,0.0,destroy_random_delivery,repair_regret2,1.0
611,5299490545435.896,5299490545435.896,4493932149976.395,68693768976.85247,1.0,0.0,destroy_random_route,repair_greedy,1.0
612,5299490545435.896,5299490545435.896,4493932149976.395,68556381438.898766,1.0,0.0,destroy_random_period,repair_random,1.0
613,5299490545515.597,5299490545515.597,4493932149976.395,68419268676.020966,1.0,0.0,destroy_shaw_stores,repair_random,1.0
614,5299490545515.597,5299490545515.597,4493932149976.395,68282430138.66892,1.0,0.0,destroy_random_period,repair_greedy,1.0
615,5299490545515.597,5299490545515.597,4493932149976.395,68145865278.39159,1.0,0.0,destroy_random_delivery,repair_random,1.0
616,5299490545515.597,5299490545515.597,4493932149976.395,68009573547.8348,1.0,0.0,destroy_shaw_stores,repair_regret2,1.0
617,5293493022178.696,5293493022178.696,4493932149976.395,67873554400.73913,1.0,0.0,destroy_random_delivery,repair_random,1.0
618,5293493022258.396,5293493022258.396,4493932149976.395,67737807291.93765,1.0,0.0,destroy_random_period,repair_random,1.0
619,5293493022154.896,5293493022154.896,4493932149976.395,67602331677.353775,1.0,0.0,destroy_random_route,repair_regret2,1.0
620,5293493022366.195,5293493022366.195,4493932149976.395,67467127013.99907,1.0,0.0,destroy_random_route,repair_random,1.0
621,5293493022366.195,5293493022366.195,4493932149976.395,67332192759.97107,1.0,0.0,destroy_worst_delivery,repair_greedy,1.0
622,5293493022366.195,5293493022366.195,4493932149976.395,67197528374.451126,1.0,0.0,destroy_random_delivery,repair_greedy,1.0
623,5293493022366.195,5312992099332.994,4493932149976.395,67063133317.702225,0.0,0.0,destroy_random_delivery,repair_random,1.0
624,5293493022296.495,5293493022296.495,4493932149976.395,66929007051.06682,1.0,0.0,destroy_random_period,repair_regret2,1.0
625,5293493022296.495,5293493022296.495,4493932149976.395,66795149036.96468,1.0,0.0,destroy_random_delivery,repair_greedy,1.0
626,5293493022366.195,5293493022366.195,4493932149976.395,66661558738.890755,1.0,0.0,destroy_shaw_stores,repair_random,1.0
627,5293493022366.195,5293493022366.195,4493932149976.395,66528235621.41297,1.0,0.0,destroy_shaw_stores,repair_random,1.0
628,5293493022226.3955,5293493022226.3955,4493932149976.395,66395179150.17014,1.0,0.0,destroy_random_route,repair_greedy,1.0
629,5293493022226.3955,5293493022226.3955,4493932149976.395,66262388791.869804,1.0,0.0,destroy_shaw_stores,repair_regret2,1.0
630,5293493022296.095,5293493022296.095,4493932149976.395,66129864014.286064,1.0,0.0,destroy_random_period,repair_random,1.0
631,5293493022296.095,5293493022296.095,4493932149976.395,65997604286.25749,1.0,0.0,destroy_random_period,repair_greedy,1.0
632,5300415571761.496,5300415571761.496,4493932149976.395,65865609077.684975,1.0,0.0,destroy_random_route,repair_regret2,1.0
633,5312675898671.195,5312675898671.195,4493932149976.395,65733877859.5296,1.0,0.0,destroy_random_route,repair_random,1.0
634,5312675898670.796,5312675898670.796,4493932149976.395,65602410103.81054,1.0,0.0,destroy_random_delivery,repair_regret2,1.0
635,5312675898670.796,5312675898670.796,4493932149976.395,65471205283.60292,1.0,0.0,destroy_low_demand_stores,repair_regret2,1.0
636,5312675898670.796,5312675898670.796,4493932149976.395,65340262873.03571,1.0,0.0,destroy_random_period,repair_regret2,1.0
637,5293493022374.195,5293493022374.195,4493932149976.395,65209582347.28964,1.0,0.0,destroy_worst_delivery,repair_random,1.0
638,5312324547189.296,5312324547189.296,4493932149976.395,65079163182.59506,1.0,0.0,destroy_random_route,repair_regret2,1.0
639,5312324547119.196,5312324547119.196,4493932149976.395,64949004856.22987,1.0,0.0,destroy_random_route,repair_greedy,1.0
640,5310356713137.896,5310356713137.896,4493932149976.395,64819106846.51741,1.0,0.0,destroy_random_delivery,repair_random,1.0
641,5320658648273.697,5320658648273.697,4493932149976.395,64689468632.82438,1.0,0.0,destroy_worst_delivery,repair_greedy,1.0
642,5320658648203.598,5320658648203.598,4493932149976.395,64560089695.55873,1.0,0.0,destroy_random_route,repair_regret2,1.0
643,5320658648203.598,5320658648203.598,4493932149976.395,64430969516.16761,1.0,0.0,destroy_shaw_stores,repair_regret2,1.0
644,5320658648283.297,5320658648283.297,4493932149976.395,64302107577.13528,1.0,0.0,destroy_low_demand_stores,repair_random,1.0
645,5309425927505.598,5309425927505.598,4493932149976.395,64173503361.981,1.0,0.0,destroy_worst_delivery,repair_random,1.0
646,5318322070596.297,5318322070596.297,4493932149976.395,64045156355.25704,1.0,0.0,destroy_worst_delivery,repair_regret2,1.0
647,5318322070596.297,5318322070596.297,4493932149976.395,63917066042.546524,1.0,0.0,destroy_low_demand_stores,repair_random,1.0
648,5318322070596.297,5318322070596.297,4493932149976.395,63789231910.46143,1.0,0.0,destroy_random_period,repair_greedy,1.0
649,5318322070596.297,5318322070596.297,4493932149976.395,63661653446.64051,1.0,0.0,destroy_shaw_stores,repair_greedy,1.0
650,5305830280573.197,5305830280573.197,4493932149976.395,63534330139.74723,1.0,0.0,destroy_worst_delivery,repair_random,1.0
651,5295889139229.597,5295889139229.597,4493932149976.395,63407261479.467735,1.0,0.0,destroy_random_delivery,repair_random,1.0
652,5295889139229.597,5295889139229.597,4493932149976.395,63280446956.5088,1.0,0.0,destroy_shaw_stores,repair_regret2,1.0
653,5295889139309.297,5295889139309.297,4493932149976.395,63153886062.59578,1.0,0.0,destroy_shaw_stores,repair_random,1.0
654,5295889139309.297,5295889139309.297,4493932149976.395,63027578290.47059,1.0,0.0,destroy_random_period,repair_regret2,1.0
655,5295889139309.297,5295889139309.297,4493932149976.395,62901523133.88965,1.0,0.0,destroy_random_period,repair_regret2,1.0
656,5295889139145.598,5295889139145.598,4493932149976.395,62775720087.62187,1.0,0.0,destroy_random_route,repair_greedy,1.0
657,5295889139065.897,5295889139065.897,4493932149976.395,62650168647.446625,1.0,0.0,destroy_shaw_stores,repair_regret2,1.0
658,5295889139065.897,5306413095107.298,4493932149976.395,62524868310.15173,0.0,0.0,destroy_random_route,repair_regret2,1.0
659,5302820193933.798,5302820193933.798,4493932149976.395,62399818573.53143,1.0,0.0,destroy_worst_delivery,repair_random,1.0
660,5302820193933.798,5302820193933.798,4493932149976.395,62275018936.38437,1.0,0.0,destroy_random_period,repair_random,1.0
661,5302820193933.798,5302820193933.798,4493932149976.395,62150468898.5116,1.0,0.0,destroy_low_demand_stores,repair_regret2,1.0
662,5314628939338.497,5314628939338.497,4493932149976.395,62026167960.71458,1.0,0.0,destroy_worst_delivery,repair_greedy,1.0
663,5314628939412.897,5314628939412.897,4493932149976.395,61902115624.793144,1.0,0.0,destroy_random_period,repair_random,1.0
664,5314628939412.897,5314628939412.897,4493932149976.395,61778311393.54356,1.0,0.0,destroy_low_demand_stores,repair_greedy,1.0
665,5314628939492.597,5314628939492.597,4493932149976.395,61654754770.75647,1.0,0.0,destroy_random_delivery,repair_random,1.0
666,5307346626768.597,5307346626768.597,4493932149976.395,61531445261.21496,1.0,0.0,destroy_shaw_stores,repair_regret2,1.0
667,5307346626852.597,5307346626852.597,4493932149976.395,61408382370.69253,1.0,0.0,destroy_random_period,repair_random,1.0
668,5307346626922.296,5307346626922.296,4493932149976.395,61285565605.95114,1.0,0.0,destroy_random_period,repair_random,1.0
669,5307346626922.296,5307346626922.296,4493932149976.395,61162994474.73924,1.0,0.0,destroy_low_demand_stores,repair_greedy,1.0
670,5307346626922.296,5307346626922.296,4493932149976.395,61040668485.789764,1.0,0.0,destroy_random_delivery,repair_greedy,1.0
671,5307346626997.596,5307346626997.596,4493932149976.395,60918587148.818184,1.0,0.0,destroy_random_period,repair_random,1.0
672,5309411121949.596,5309411121949.596,4493932149976.395,60796749974.520546,1.0,0.0,destroy_random_delivery,repair_regret2,1.0
673,5309411121920.598,5309411121920.598,4493932149976.395,60675156474.5715,1.0,0.0,destroy_random_delivery,repair_greedy,1.0
674,5305536053864.598,5305536053864.598,4493932149976.395,60553806161.62236,1.0,0.0,destroy_random_delivery,repair_greedy,1.0
675,5305536054297.999,5305536054297.999,4493932149976.395,60432698549.29912,1.0,0.0,destroy_random_route,repair_random,1.0
676,5305536054242.099,5305536054242.099,4493932149976.395,60311833152.20052,1.0,0.0,destroy_random_period,repair_regret2,1.0
677,5306413095759.599,5306413095759.599,4493932149976.395,60191209485.896126,1.0,0.0,destroy_worst_delivery,repair_regret2,1.0
678,5306413095839.298,5306413095839.298,4493932149976.395,60070827066.92433,1.0,0.0,destroy_low_demand_stores,repair_random,1.0
679,5306413095843.598,5306413095843.598,4493932149976.395,59950685412.79048,1.0,0.0,destroy_shaw_stores,repair_random,1.0
680,5306413095763.898,5306413095763.898,4493932149976.395,59830784041.9649,1.0,0.0,destroy_low_demand_stores,repair_greedy,1.0
681,5306413095689.497,5306413095689.497,4493932149976.395,59711122473.88097,1.0,0.0,destroy_shaw_stores,repair_regret2,1.0
682,5323279532556.497,5323279532556.497,4493932149976.395,59591700228.933205,1.0,0.0,destroy_worst_delivery,repair_greedy,1.0
683,5323279532710.597,5323279532710.597,4493932149976.395,59472516828.47534,1.0,0.0,destroy_low_demand_stores,repair_random,1.0
684,5323279532766.496,5323279532766.496,4493932149976.395,59353571794.81839,1.0,0.0,destroy_shaw_stores,repair_random,1.0
685,5323279532686.797,5323279532686.797,4493932149976.395,59234864651.22875,1.0,0.0,destroy_low_demand_stores,repair_regret2,1.0
686,5323279532747.896,5323279532747.896,4493932149976.395,59116394921.92629,1.0,0.0,destroy_random_route,repair_random,1.0
687,5316348477507.797,5316348477507.797,4493932149976.395,58998162132.08244,1.0,0.0,destroy_random_route,repair_regret2,1.0
688,5316348477493.997,5316348477493.997,4493932149976.395,58880165807.818275,1.0,0.0,destroy_shaw_stores,repair_random,1.0
689,5316348477493.997,5316348477493.997,4493932149976.395,58762405476.20264,1.0,0.0,destroy_random_delivery,repair_regret2,1.0
690,5316348477493.997,5316348477493.997,4493932149976.395,58644880665.25023,1.0,0.0,destroy_random_period,repair_regret2,1.0
691,5313344150482.997,5313344150482.997,4493932149976.395,58527590903.91973,1.0,0.0,destroy_worst_delivery,repair_greedy,1.0
692,5313344150482.997,5313344150482.997,4493932149976.395,58410535722.11189,1.0,0.0,destroy_random_delivery,repair_regret2,1.0
693,5299490546081.396,5299490546081.396,4493932149976.395,58293714650.66767,1.0,0.0,destroy_random_route,repair_random,1.0
694,5299490546081.396,5299490546081.396,4493932149976.395,58177127221.36633,1.0,0.0,destroy_random_period,repair_regret2,1.0
695,5299490546081.396,5299490546081.396,4493932149976.395,58060772966.9236,1.0,0.0,destroy_random_period,repair_greedy,1.0
696,5299490546081.396,5299490546081.396,4493932149976.395,57944651420.98975,1.0,0.0,destroy_low_demand_stores,repair_greedy,1.0
697,5299490545907.896,5299490545907.896,4493932149976.395,57828762118.14777,1.0,0.0,destroy_random_route,repair_regret2,1.0
698,5299490545828.197,5299490545828.197,4493932149976.395,57713104593.911476,1.0,0.0,destroy_random_route,repair_greedy,1.0
699,5306413095364.197,5306413095364.197,4493932149976.395,57597678384.723656,1.0,0.0,destroy_random_route,repair_regret2,1.0
700,5306413095364.197,5306413095364.197,4493932149976.395,57482483027.95421,1.0,0.0,destroy_shaw_stores,repair_regret2,1.0
701,5306413095364.197,5306413095364.197,4493932149976.395,57367518061.8983,1.0,0.0,destroy_low_demand_stores,repair_greedy,1.0
702,5306413095438.598,5306413095438.598,4493932149976.395,57252783025.774506,1.0,0.0,destroy_random_period,repair_random,1.0
703,5306413095382.697,5306413095382.697,4493932149976.395,57138277459.72295,1.0,0.0,destroy_random_route,repair_regret2,1.0
704,5306413095382.697,5306413095382.697,4493932149976.395,57024000904.803505,1.0,0.0,destroy_random_period,repair_regret2,1.0
705,5306413095382.697,5306413095382.697,4493932149976.395,56909952902.9939,1.0,0.0,destroy_low_demand_stores,repair_greedy,1.0
706,5306413095382.697,5306413095382.697,4493932149976.395,56796132997.18791,1.0,0.0,destroy_low_demand_stores,repair_greedy,1.0
707,5288966589664.996,5288966589664.996,4493932149976.395,56682540731.193535,1.0,0.0,destroy_worst_delivery,repair_random,1.0
708,5306413095382.697,5306413095382.697,4493932149976.395,56569175649.73115,1.0,0.0,destroy_worst_delivery,repair_regret2,1.0
709,5306413095382.697,5306413095382.697,4493932149976.395,56456037298.43169,1.0,0.0,destroy_shaw_stores,repair_greedy,1.0
710,5306413095382.697,5306413095382.697,4493932149976.395,56343125223.83482,1.0,0.0,destroy_low_demand_stores,repair_regret2,1.0
711,5306413095382.697,5306413095382.697,4493932149976.395,56230438973.38715,1.0,0.0,destroy_shaw_stores,repair_greedy,1.0
712,5306413095382.697,5306413095382.697,4493932149976.395,56117978095.44038,1.0,0.0,destroy_shaw_stores,repair_greedy,1.0
713,5306413095466.697,5306413095466.697,4493932149976.395,56005742139.2495,1.0,0.0,destroy_random_period,repair_random,1.0
714,5300415572040.298,5300415572040.298,4493932149976.395,55893730654.971,1.0,0.0,destroy_random_delivery,repair_regret2,1.0
715,5299490545813.097,5299490545813.097,4493932149976.395,55781943193.66106,1.0,0.0,destroy_worst_delivery,repair_random,1.0
716,5300775334864.597,5300775334864.597,4493932149976.395,55670379307.273735,1.0,0.0,destroy_random_route,repair_greedy,1.0
717,5293493022140.597,5293493022140.597,4493932149976.395,55559038548.65919,1.0,0.0,destroy_random_delivery,repair_greedy,1.0
718,5300415571672.297,5300415571672.297,4493932149976.395,55447920471.56187,1.0,0.0,destroy_random_route,repair_regret2,1.0
719,5300415571672.297,5300415571672.297,4493932149976.395,55337024630.618744,1.0,0.0,destroy_low_demand_stores,repair_regret2,1.0
720,5300415571747.597,5300415571747.597,4493932149976.395,55226350581.357506,1.0,0.0,destroy_shaw_stores,repair_random,1.0
721,5300415571957.597,5300415571957.597,4493932149976.395,55115897880.19479,1.0,0.0,destroy_random_route,repair_random,1.0
722,5300415571957.597,5300415571957.597,4493932149976.395,55005666084.4344,1.0,0.0,destroy_shaw_stores,repair_random,1.0
723,5300415572037.296,5300415572037.296,4493932149976.395,54895654752.26553,1.0,0.0,destroy_low_demand_stores,repair_random,1.0
724,5300415572093.195,5300415572093.195,4493932149976.395,54785863442.761,1.0,0.0,destroy_random_period,repair_random,1.0
725,5300415572102.796,5300415572102.796,4493932149976.395,54676291715.87548,1.0,0.0,destroy_random_delivery,repair_random,1.0
726,5298452460789.297,5298452460789.297,4493932149976.395,54566939132.44373,1.0,0.0,destroy_random_route,repair_greedy,1.0
727,5298452460868.996,5298452460868.996,4493932149976.395,54457805254.17885,1.0,0.0,destroy_random_period,repair_random,1.0
728,5300415571981.396,5300415571981.396,4493932149976.395,54348889643.670494,1.0,0.0,destroy_worst_delivery,repair_regret2,1.0
729,5300415571981.396,5300415571981.396,4493932149976.395,54240191864.383156,1.0,0.0,destroy_low_demand_stores,repair_greedy,1.0
730,5300415571981.396,5300415571981.396,4493932149976.395,54131711480.65439,1.0,0.0,destroy_low_demand_stores,repair_regret2,1.0
731,5300415571981.396,5305744844038.096,4493932149976.395,54023448057.69308,0.0,0.0,destroy_random_route,repair_random,1.0
732,5300415571771.396,5300415571771.396,4493932149976.395,53915401161.57769,1.0,0.0,destroy_random_route,repair_regret2,1.0
733,5300415571771.396,5300415571771.396,4493932149976.395,53807570359.25453,1.0,0.0,destroy_worst_delivery,repair_regret2,1.0
734,5300415571687.396,5300415571687.396,4493932149976.395,53699955218.536026,1.0,0.0,destroy_random_route,repair_greedy,1.0
735,5300415571687.396,5300415571687.396,4493932149976.395,53592555308.09895,1.0,0.0,destroy_worst_delivery,repair_regret2,1.0
736,5300415571687.396,5300415571687.396,4493932149976.395,53485370197.48276,1.0,0.0,destroy_random_delivery,repair_regret2,1.0
737,5300415571687.396,5300415571687.396,4493932149976.395,53378399457.08779,1.0,0.0,destroy_low_demand_stores,repair_regret2,1.0
738,5300415571687.396,5300415571687.396,4493932149976.395,53271642658.173615,1.0,0.0,destroy_shaw_stores,repair_regret2,1.0
739,5300415571687.396,5300415571687.396,4493932149976.395,53165099372.85727,1.0,0.0,destroy_random_delivery,repair_regret2,1.0
740,5300415571687.396,5300415571687.396,4493932149976.395,53058769174.11156,1.0,0.0,destroy_worst_delivery,repair_regret2,1.0
741,5314385365911.396,5314385365911.396,4493932149976.395,52952651635.763336,1.0,0.0,destroy_worst_delivery,repair_greedy,1.0
742,5314385366550.396,5314385366550.396,4493932149976.395,52846746332.491806,1.0,0.0,destroy_random_route,repair_random,1.0
743,5314385366550.396,5314385366550.396,4493932149976.395,52741052839.82682,1.0,0.0,destroy_random_delivery,repair_greedy,1.0
744,5288966590044.896,5288966590044.896,4493932149976.395,52635570734.14716,1.0,0.0,destroy_worst_delivery,repair_random,1.0
745,5288966589973.896,5288966589973.896,4493932149976.395,52530299592.67887,1.0,0.0,destroy_random_delivery,repair_regret2,1.0
746,5288966589973.896,5288966589973.896,4493932149976.395,52425238993.493515,1.0,0.0,destroy_random_period,repair_regret2,1.0
747,5288966589974.296,5288966589974.296,4493932149976.395,52320388515.50653,1.0,0.0,destroy_random_period,repair_random,1.0
748,5291682449354.597,5291682449354.597,4493932149976.395,52215747738.47552,1.0,0.0,destroy_random_route,repair_greedy,1.0
749,5291682449354.597,5291682449354.597,4493932149976.395,52111316242.998566,1.0,0.0,destroy_low_demand_stores,repair_random,1.0
750,5300775335322.496,5300775335322.496,4493932149976.395,52007093610.512566,1.0,0.0,destroy_random_delivery,repair_random,1.0
751,5295557517550.496,5295557517550.496,4493932149976.395,51903079423.29154,1.0,0.0,destroy_random_delivery,repair_random,1.0
752,5295557517554.896,5295557517554.896,4493932149976.395,51799273264.44496,1.0,0.0,destroy_low_demand_stores,repair_random,1.0
753,5295557517554.896,5295557517554.896,4493932149976.395,51695674717.91607,1.0,0.0,destroy_random_period,repair_greedy,1.0
754,5302480067165.297,5302480067165.297,4493932149976.395,51592283368.48024,1.0,0.0,destroy_random_delivery,repair_regret2,1.0
755,5302480067081.297,5302480067081.297,4493932149976.395,51489098801.74328,1.0,0.0,destroy_random_period,repair_regret2,1.0
756,5302480067001.597,5302480067001.597,4493932149976.395,51386120604.13979,1.0,0.0,destroy_random_period,repair_greedy,1.0
757,5302480067001.597,5302480067001.597,4493932149976.395,51283348362.93151,1.0,0.0,destroy_low_demand_stores,repair_regret2,1.0
758,5302480067150.996,5302480067150.996,4493932149976.395,51180781666.20565,1.0,0.0,destroy_random_route,repair_random,1.0
759,5302480067150.996,5306413095516.896,4493932149976.395,51078420102.87324,0.0,0.0,destroy_worst_delivery,repair_regret2,1.0
760,5314628939761.896,5314628939761.896,4493932149976.395,50976263262.66749,1.0,0.0,destroy_worst_delivery,repair_greedy,1.0
761,5314628939543.396,5314628939543.396,4493932149976.395,50874310736.14215,1.0,0.0,destroy_random_route,repair_regret2,1.0
762,5314628939543.396,5314628939543.396,4493932149976.395,50772562114.66987,1.0,0.0,destroy_low_demand_stores,repair_greedy,1.0
763,5314628939543.396,5314628939543.396,4493932149976.395,50671016990.44053,1.0,0.0,destroy_low_demand_stores,repair_greedy,1.0
764,5314628939543.396,5314628939543.396,4493932149976.395,50569674956.45965,1.0,0.0,destroy_random_delivery,repair_random,1.0
765,5306413095242.496,5306413095242.496,4493932149976.395,50468535606.54673,1.0,0.0,destroy_worst_delivery,repair_regret2,1.0
766,5306413095242.496,5306413095242.496,4493932149976.395,50367598535.33363,1.0,0.0,destroy_random_delivery,repair_greedy,1.0
767,5323279532109.496,5323279532109.496,4493932149976.395,50266863338.26296,1.0,0.0,destroy_worst_delivery,repair_greedy,1.0
768,5323279532314.796,5323279532314.796,4493932149976.395,50166329611.58643,1.0,0.0,destroy_random_route,repair_random,1.0
769,5323279532314.796,5323279532314.796,4493932149976.395,50065996952.36326,1.0,0.0,destroy_random_route,repair_greedy,1.0
770,5323279532543.796,5323279532543.796,4493932149976.395,49965864958.458534,1.0,0.0,destroy_random_route,repair_random,1.0
771,5323279532543.796,5323279532543.796,4493932149976.395,49865933228.54162,1.0,0.0,destroy_low_demand_stores,repair_greedy,1.0
772,5295889139598.8955,5295889139598.8955,4493932149976.395,49766201362.08453,1.0,0.0,destroy_worst_delivery,repair_random,1.0
773,5295889139598.8955,5295889139598.8955,4493932149976.395,49666668959.36037,1.0,0.0,destroy_low_demand_stores,repair_random,1.0
774,5305830280583.498,5305830280583.498,4493932149976.395,49567335621.44164,1.0,0.0,destroy_random_route,repair_greedy,1.0
775,5305830281032.599,5305830281032.599,4493932149976.395,49468200950.19876,1.0,0.0,destroy_random_route,repair_random,1.0
776,5305830281032.599,5305830281032.599,4493932149976.395,49369264548.29836,1.0,0.0,destroy_random_period,repair_greedy,1.0
777,5288966590069.498,5288966590069.498,4493932149976.395,49270526019.20177,1.0,0.0,destroy_worst_delivery,repair_random,1.0
778,5288966590004.498,5288966590004.498,4493932149976.395,49171984967.16336,1.0,0.0,destroy_random_route,repair_random,1.0
779,5288966589924.798,5288966589924.798,4493932149976.395,49073640997.229034,1.0,0.0,destroy_random_period,repair_regret2,1.0
780,5288966589924.798,5288966589924.798,4493932149976.395,48975493715.23457,1.0,0.0,destroy_random_period,repair_greedy,1.0
781,5288966589924.798,5288966589924.798,4493932149976.395,48877542727.80411,1.0,0.0,destroy_shaw_stores,repair_regret2,1.0
782,5288966589924.798,5288966589924.798,4493932149976.395,48779787642.3485,1.0,0.0,destroy_shaw_stores,repair_regret2,1.0
783,5288966589979.797,5288966589979.797,4493932149976.395,48682228067.063805,1.0,0.0,destroy_random_delivery,repair_random,1.0
784,5288966589965.598,5288966589965.598,4493932149976.395,48584863610.92968,1.0,0.0,destroy_random_period,repair_random,1.0
785,5288966589965.598,5300775335468.1,4493932149976.395,48487693883.70782,0.0,0.0,destroy_random_delivery,repair_random,1.0
786,5288966590031.497,5288966590031.497,4493932149976.395,48390718495.9404,1.0,0.0,destroy_random_route,repair_random,1.0
787,5288966589961.396,5288966589961.396,4493932149976.395,48293937058.94852,1.0,0.0,destroy_shaw_stores,repair_greedy,1.0
788,5295889139684.697,5295889139684.697,4493932149976.395,48197349184.83062,1.0,0.0,destroy_worst_delivery,repair_random,1.0
789,5295889139684.697,5295889139684.697,4493932149976.395,48100954486.46096,1.0,0.0,destroy_shaw_stores,repair_greedy,1.0
790,5295889139842.498,5295889139842.498,4493932149976.395,48004752577.48804,1.0,0.0,destroy_random_route,repair_random,1.0
791,5295889139768.099,5295889139768.099,4493932149976.395,47908743072.33306,1.0,0.0,destroy_shaw_stores,repair_greedy,1.0
792,5295889139712.198,5295889139712.198,4493932149976.395,47812925586.18839,1.0,0.0,destroy_random_period,repair_regret2,1.0
793,5295889139684.099,5295889139684.099,4493932149976.395,47717299735.016014,1.0,0.0,destroy_low_demand_stores,repair_regret2,1.0
794,5295889139684.099,5295889139684.099,4493932149976.395,47621865135.54598,1.0,0.0,destroy_random_period,repair_greedy,1.0
795,5295889139675.197,5295889139675.197,4493932149976.395,47526621405.27489,1.0,0.0,destroy_random_route,repair_random,1.0
796,5305835003923.898,5305835003923.898,4493932149976.395,47431568162.46434,1.0,0.0,destroy_worst_delivery,repair_greedy,1.0
797,5300875565631.996,5300875565631.996,4493932149976.395,47336705026.13941,1.0,0.0,destroy_random_route,repair_random,1.0
798,5300875565631.996,5300875565631.996,4493932149976.395,47242031616.087135,1.0,0.0,destroy_random_delivery,repair_random,1.0
799,5300875565627.597,5300875565627.597,4493932149976.395,47147547552.85496,1.0,0.0,destroy_low_demand_stores,repair_greedy,1.0
800,5300875565617.597,5300875565617.597,4493932149976.395,47053252457.749245,1.0,0.0,destroy_random_route,repair_random,1.0
801,5303212143259.695,5303212143259.695,4493932149976.395,46959145952.83375,1.0,0.0,destroy_worst_delivery,repair_random,1.0
802,5303212143189.996,5303212143189.996,4493932149976.395,46865227660.92808,1.0,0.0,destroy_random_delivery,repair_regret2,1.0
803,5300875565449.197,5300875565449.197,4493932149976.395,46771497205.606224,1.0,0.0,destroy_worst_delivery,repair_regret2,1.0
804,5300875565449.197,5300875565449.197,4493932149976.395,46677954211.195015,1.0,0.0,destroy_low_demand_stores,repair_regret2,1.0
805,5298907731388.197,5298907731388.197,4493932149976.395,46584598302.77262,1.0,0.0,destroy_shaw_stores,repair_greedy,1.0
806,5298907731388.197,5298907731388.197,4493932149976.395,46491429106.167076,1.0,0.0,destroy_random_delivery,repair_greedy,1.0
807,5298907731368.798,5298907731368.798,4493932149976.395,46398446247.95474,1.0,0.0,destroy_random_route,repair_random,1.0
808,5298907731312.897,5298907731312.897,4493932149976.395,46305649355.45883,1.0,0.0,destroy_random_delivery,repair_regret2,1.0
809,5298907731312.897,5298907731312.897,4493932149976.395,46213038056.74792,1.0,0.0,destroy_shaw_stores,repair_greedy,1.0
810,5298907731312.897,5298907731312.897,4493932149976.395,46120611980.63442,1.0,0.0,destroy_random_delivery,repair_greedy,1.0
811,5298907731312.897,5298907731312.897,4493932149976.395,46028370756.67316,1.0,0.0,destroy_shaw_stores,repair_greedy,1.0
812,5298907731237.598,5298907731237.598,4493932149976.395,45936314015.15981,1.0,0.0,destroy_random_period,repair_regret2,1.0
813,5298907731251.898,5298907731251.898,4493932149976.395,45844441387.12949,1.0,0.0,destroy_random_period,repair_random,1.0
814,5298907731103.097,5298907731103.097,4493932149976.395,45752752504.35523,1.0,0.0,destroy_random_route,repair_regret2,1.0
815,5303867169507.597,5303867169507.597,4493932149976.395,45661246999.34652,1.0,0.0,destroy_random_route,repair_greedy,1.0
816,5303867169577.297,5303867169577.297,4493932149976.395,45569924505.347824,1.0,0.0,destroy_random_period,repair_random,1.0
817,5293926028233.696,5293926028233.696,4493932149976.395,45478784656.33713,1.0,0.0,destroy_low_demand_stores,repair_regret2,1.0
818,5295889139057.497,5295889139057.497,4493932149976.395,45387827087.02445,1.0,0.0,destroy_random_route,repair_regret2,1.0
819,5295889139282.197,5295889139282.197,4493932149976.395,45297051432.8504,1.0,0.0,destroy_random_route,repair_random,1.0
820,5295889138973.497,5295889138973.497,4493932149976.395,45206457329.9847,1.0,0.0,destroy_random_route,repair_regret2,1.0
821,5295889138973.497,5302820193901.497,4493932149976.395,45116044415.32473,0.0,0.0,destroy_worst_delivery,repair_greedy,1.0
822,5293926028109.196,5293926028109.196,4493932149976.395,45025812326.49408,1.0,0.0,destroy_worst_delivery,repair_random,1.0
823,5293926028109.196,5293926028109.196,4493932149976.395,44935760701.841095,1.0,0.0,destroy_shaw_stores,repair_greedy,1.0
824,5293926028109.196,5293926028109.196,4493932149976.395,44845889180.437416,1.0,0.0,destroy_random_period,repair_greedy,1.0
825,5293926028109.196,5295889139172.997,4493932149976.395,44756197402.07654,0.0,0.0,destroy_worst_delivery,repair_regret2,1.0
826,5293926028109.196,5293926028109.196,4493932149976.395,44666685007.272385,1.0,0.0,destroy_random_delivery,repair_random,1.0
827,5304449984200.896,5304449984200.896,4493932149976.395,44577351637.25784,1.0,0.0,destroy_shaw_stores,repair_greedy,1.0
828,5304449984200.896,5304449984200.896,4493932149976.395,44488196933.98333,1.0,0.0,destroy_shaw_stores,repair_greedy,1.0
829,5304449984200.896,5314385366139.896,4493932149976.395,44399220540.115364,0.0,0.0,destroy_random_period,repair_greedy,1.0
830,5304449984280.596,5304449984280.596,4493932149976.395,44310422099.03513,1.0,0.0,destroy_shaw_stores,repair_random,1.0
831,5307912430724.196,5307912430724.196,4493932149976.395,44221801254.83707,1.0,0.0,destroy_random_route,repair_greedy,1.0
832,5302820194518.497,5302820194518.497,4493932149976.395,44133357652.32739,1.0,0.0,destroy_random_route,repair_random,1.0
833,5302820194518.096,5302820194518.096,4493932149976.395,44045090937.022736,1.0,0.0,destroy_low_demand_stores,repair_regret2,1.0
834,5302820194518.497,5302820194518.497,4493932149976.395,43957000755.14869,1.0,0.0,destroy_low_demand_stores,repair_random,1.0
835,5308171581564.797,5308171581564.797,4493932149976.395,43869086753.63839,1.0,0.0,destroy_worst_delivery,repair_greedy,1.0
836,5308171581564.797,5308171581564.797,4493932149976.395,43781348580.13111,1.0,0.0,destroy_random_period,repair_random,1.0
837,5308171581495.097,5308171581495.097,4493932149976.395,43693785882.97085,1.0,0.0,destroy_shaw_stores,repair_greedy,1.0
838,5308171581495.097,5308171581495.097,4493932149976.395,43606398311.2049,1.0,0.0,destroy_shaw_stores,repair_regret2,1.0
839,5308171581495.097,5308171581495.097,4493932149976.395,43519185514.58249,1.0,0.0,destroy_random_delivery,repair_greedy,1.0
840,5318695537362.597,5318695537362.597,4493932149976.395,43432147143.55332,1.0,0.0,destroy_random_route,repair_regret2,1.0
841,5313263817839.696,5313263817839.696,4493932149976.395,43345282849.26621,1.0,0.0,destroy_random_route,repair_greedy,1.0
842,5313263817923.696,5313263817923.696,4493932149976.395,43258592283.56768,1.0,0.0,destroy_random_period,repair_random,1.0
843,5313263817923.696,5313263817923.696,4493932149976.395,43172075099.00054,1.0,0.0,destroy_random_period,repair_greedy,1.0
844,5313263818003.3955,5313263818003.3955,4493932149976.395,43085730948.80254,1.0,0.0,destroy_low_demand_stores,repair_random,1.0
845,5313263817923.696,5313263817923.696,4493932149976.395,42999559486.90494,1.0,0.0,destroy_low_demand_stores,repair_regret2,1.0
846,5308550863037.696,5308550863037.696,4493932149976.395,42913560367.93113,1.0,0.0,destroy_random_delivery,repair_regret2,1.0
847,5293926028116.896,5293926028116.896,4493932149976.395,42827733247.19527,1.0,0.0,destroy_random_delivery,repair_random,1.0
848,5293926028116.896,5293926028116.896,4493932149976.395,42742077780.700874,1.0,0.0,destroy_low_demand_stores,repair_greedy,1.0
849,5293926028116.896,5307798114648.196,4493932149976.395,42656593625.13947,0.0,0.0,destroy_worst_delivery,repair_regret2,1.0
850,5293926028116.896,5307798114648.196,4493932149976.395,42571280437.88919,0.0,0.0,destroy_worst_delivery,repair_regret2,1.0
851,5300875565027.796,5300875565027.796,4493932149976.395,42486137877.01341,1.0,0.0,destroy_worst_delivery,repair_random,1.0
852,5303591424455.296,5303591424455.296,4493932149976.395,42401165601.259384,1.0,0.0,destroy_random_route,repair_regret2,1.0
853,5303591424455.296,5303591424455.296,4493932149976.395,42316363270.05686,1.0,0.0,destroy_shaw_stores,repair_random,1.0
854,5324326507412.3955,5324326507412.3955,4493932149976.395,42231730543.51675,1.0,0.0,destroy_worst_delivery,repair_greedy,1.0
855,5324326507268.296,5324326507268.296,4493932149976.395,42147267082.42971,1.0,0.0,destroy_random_route,repair_greedy,1.0
856,5314385365924.696,5314385365924.696,4493932149976.395,42062972548.264854,1.0,0.0,destroy_low_demand_stores,repair_greedy,1.0
857,5314385365924.696,5314385365924.696,4493932149976.395,41978846603.16833,1.0,0.0,destroy_low_demand_stores,repair_greedy,1.0
858,5314385365924.696,5314385365924.696,4493932149976.395,41894888909.96199,1.0,0.0,destroy_low_demand_stores,repair_greedy,1.0
859,5298594601614.696,5298594601614.696,4493932149976.395,41811099132.14207,1.0,0.0,destroy_random_delivery,repair_greedy,1.0
860,5300557712736.696,5300557712736.696,4493932149976.395,41727476933.877785,1.0,0.0,destroy_worst_delivery,repair_greedy,1.0
861,5300557712736.696,5300557712736.696,4493932149976.395,41644021980.01003,1.0,0.0,destroy_shaw_stores,repair_greedy,1.0
862,5300557712736.696,5300557712736.696,4493932149976.395,41560733936.05001,1.0,0.0,destroy_random_period,repair_regret2,1.0
863,5300557712736.696,5310498854080.297,4493932149976.395,41477612468.17791,0.0,0.0,destroy_random_route,repair_greedy,1.0
864,5300557712736.696,5300557712736.696,4493932149976.395,41394657243.241554,1.0,0.0,destroy_random_delivery,repair_regret2,1.0
865,5300557712806.797,5300557712806.797,4493932149976.395,41311867928.75507,1.0,0.0,destroy_random_period,repair_random,1.0
866,5300557712806.797,5300557712806.797,4493932149976.395,41229244192.89756,1.0,0.0,destroy_low_demand_stores,repair_greedy,1.0
867,5300557712816.396,5300557712816.396,4493932149976.395,41146785704.511765,1.0,0.0,destroy_shaw_stores,repair_random,1.0
868,5310498853940.098,5310498853940.098,4493932149976.395,41064492133.10274,1.0,0.0,destroy_random_route,repair_greedy,1.0
869,5310498853940.098,5310498853940.098,4493932149976.395,40982363148.83653,1.0,0.0,destroy_random_period,repair_greedy,1.0
870,5303091537092.098,5303091537092.098,4493932149976.395,40900398422.53886,1.0,0.0,destroy_random_route,repair_greedy,1.0
871,5303091537176.098,5303091537176.098,4493932149976.395,40818597625.69378,1.0,0.0,destroy_random_period,repair_random,1.0
872,5303091537255.798,5303091537255.798,4493932149976.395,40736960430.44239,1.0,0.0,destroy_shaw_stores,repair_random,1.0
873,5303091537330.197,5303091537330.197,4493932149976.395,40655486509.581505,1.0,0.0,destroy_random_period,repair_random,1.0
874,5303091537601.297,5303091537601.297,4493932149976.395,40574175536.56234,1.0,0.0,destroy_random_route,repair_random,1.0
875,5303091537521.597,5303091537521.597,4493932149976.395,40493027185.48921,1.0,0.0,destroy_shaw_stores,repair_random,1.0
876,5303091537301.697,5303091537301.697,4493932149976.395,40412041131.11823,1.0,0.0,destroy_random_route,repair_regret2,1.0
877,5303091537231.997,5303091537231.997,4493932149976.395,40331217048.855995,1.0,0.0,destroy_random_route,repair_greedy,1.0
878,5303091537386.097,5303091537386.097,4493932149976.395,40250554614.758286,1.0,0.0,destroy_low_demand_stores,repair_random,1.0
879,5303091537609.8955,5303091537609.8955,4493932149976.395,40170053505.52877,1.0,0.0,destroy_random_delivery,repair_random,1.0
880,5303091537609.8955,5303091537609.8955,4493932149976.395,40089713398.517715,1.0,0.0,destroy_random_period,repair_greedy,1.0
881,5306413095397.096,5306413095397.096,4493932149976.395,40009533971.72068,1.0,0.0,destroy_worst_delivery,repair_regret2,1.0
882,5306413095761.195,5306413095761.195,4493932149976.395,39929514903.77724,1.0,0.0,destroy_random_route,repair_random,1.0
883,5316348477700.195,5316348477700.195,4493932149976.395,39849655873.96968,1.0,0.0,destroy_worst_delivery,repair_regret2,1.0
884,5300981376421.096,5300981376421.096,4493932149976.395,39769956562.22174,1.0,0.0,destroy_random_delivery,repair_regret2,1.0
885,5300981376421.096,5300981376421.096,4493932149976.395,39690416649.0973,1.0,0.0,destroy_random_period,repair_greedy,1.0
886,5304449984680.795,5304449984680.795,4493932149976.395,39611035815.7991,1.0,0.0,destroy_worst_delivery,repair_random,1.0
887,5304449984601.096,5304449984601.096,4493932149976.395,39531813744.1675,1.0,0.0,destroy_low_demand_stores,repair_greedy,1.0
888,5293926028513.395,5293926028513.395,4493932149976.395,39452750116.67917,1.0,0.0,destroy_worst_delivery,repair_random,1.0
889,5304449984336.295,5304449984336.295,4493932149976.395,39373844616.44581,1.0,0.0,destroy_random_route,repair_regret2,1.0
890,5310496657926.3955,5310496657926.3955,4493932149976.395,39295096927.21291,1.0,0.0,destroy_shaw_stores,repair_greedy,1.0
891,5310496657926.3955,5310496657926.3955,4493932149976.395,39216506733.35849,1.0,0.0,destroy_shaw_stores,repair_greedy,1.0
892,5310496657949.196,5310496657949.196,4493932149976.395,39138073719.89177,1.0,0.0,destroy_random_delivery,repair_random,1.0
893,5310496657949.196,5310496657949.196,4493932149976.395,39059797572.45199,1.0,0.0,destroy_shaw_stores,repair_regret2,1.0
894,5304449984126.296,5304449984126.296,4493932149976.395,38981677977.30708,1.0,0.0,destroy_random_route,repair_regret2,1.0
895,5312425930879.098,5312425930879.098,4493932149976.395,38903714621.35247,1.0,0.0,destroy_random_route,repair_greedy,1.0
896,5312425930879.098,5312425930879.098,4493932149976.395,38825907192.109764,1.0,0.0,destroy_low_demand_stores,repair_regret2,1.0
897,5312425930795.098,5312425930795.098,4493932149976.395,38748255377.72555,1.0,0.0,destroy_random_route,repair_regret2,1.0
898,5312425930795.098,5312425930795.098,4493932149976.395,38670758866.9701,1.0,0.0,destroy_low_demand_stores,repair_greedy,1.0
899,5312425930865.198,5312425930865.198,4493932149976.395,38593417349.23616,1.0,0.0,destroy_random_period,repair_random,1.0
900,5312425930864.797,5312425930864.797,4493932149976.395,38516230514.53769,1.0,0.0,destroy_low_demand_stores,repair_greedy,1.0
901,5305835003698.297,5305835003698.297,4493932149976.395,38439198053.50861,1.0,0.0,destroy_random_route,repair_random,1.0
902,5300875565055.796,5300875565055.796,4493932149976.395,38362319657.401596,1.0,0.0,destroy_random_delivery,repair_random,1.0
903,5298907730925.096,5298907730925.096,4493932149976.395,38285595018.08679,1.0,0.0,destroy_random_delivery,repair_greedy,1.0
904,5298907730925.096,5305830280415.197,4493932149976.395,38209023828.05062,0.0,0.0,destroy_random_route,repair_greedy,1.0
905,5298907730925.096,5298907730925.096,4493932149976.395,38132605780.394516,1.0,0.0,destroy_low_demand_stores,repair_greedy,1.0
906,5298907730925.096,5298907730925.096,4493932149976.395,38056340568.833725,1.0,0.0,destroy_random_delivery,repair_regret2,1.0
907,5298907731070.195,5298907731070.195,4493932149976.395,37980227887.69606,1.0,0.0,destroy_random_delivery,repair_random,1.0
908,5309064830011.097,5309064830011.097,4493932149976.395,37904267431.92067,1.0,0.0,destroy_random_route,repair_greedy,1.0
909,5309064829936.697,5309064829936.697,4493932149976.395,37828458897.05683,1.0,0.0,destroy_shaw_stores,repair_regret2,1.0
910,5309064829936.697,5318322070652.697,4493932149976.395,37752801979.26272,0.0,0.0,destroy_worst_delivery,repair_regret2,1.0
911,5309064829936.697,5309064829936.697,4493932149976.395,37677296375.30419,1.0,0.0,destroy_random_period,repair_regret2,1.0
912,5319352262853.797,5319352262853.797,4493932149976.395,37601941782.55358,1.0,0.0,destroy_random_route,repair_greedy,1.0
913,5323285291308.797,5323285291308.797,4493932149976.395,37526737898.98847,1.0,0.0,destroy_random_delivery,repair_greedy,1.0
914,5308866867529.197,5308866867529.197,4493932149976.395,37451684423.1905,1.0,0.0,destroy_random_delivery,repair_random,1.0
915,5308866867529.197,5308866867529.197,4493932149976.395,37376781054.34412,1.0,0.0,destroy_random_period,repair_greedy,1.0
916,5301935812521.497,5301935812521.497,4493932149976.395,37302027492.23543,1.0,0.0,destroy_random_period,repair_regret2,1.0
917,5310134692031.897,5310134692031.897,4493932149976.395,37227423437.25095,1.0,0.0,destroy_worst_delivery,repair_greedy,1.0
918,5310134692031.897,5310134692031.897,4493932149976.395,37152968590.37645,1.0,0.0,destroy_random_period,repair_regret2,1.0
919,5310134692031.897,5310134692031.897,4493932149976.395,37078662653.195694,1.0,0.0,destroy_random_delivery,repair_greedy,1.0
920,5310134692031.897,5310134692031.897,4493932149976.395,37004505327.889305,1.0,0.0,destroy_random_route,repair_regret2,1.0
921,5308171580909.897,5308171580909.897,4493932149976.395,36930496317.23353,1.0,0.0,destroy_worst_delivery,repair_greedy,1.0
922,5308171581063.996,5308171581063.996,4493932149976.395,36856635324.59906,1.0,0.0,destroy_low_demand_stores,repair_random,1.0
923,5303212142565.596,5303212142565.596,4493932149976.395,36782922053.94986,1.0,0.0,destroy_worst_delivery,repair_random,1.0
924,5299490545328.597,5299490545328.597,4493932149976.395,36709356209.84196,1.0,0.0,destroy_random_route,repair_regret2,1.0
925,5299490545328.597,5299490545328.597,4493932149976.395,36635937497.42227,1.0,0.0,destroy_low_demand_stores,repair_greedy,1.0
926,5299490545538.597,5299490545538.597,4493932149976.395,36562665622.42743,1.0,0.0,destroy_random_route,repair_random,1.0
927,5294058826142.597,5294058826142.597,4493932149976.395,36489540291.18257,1.0,0.0,destroy_random_route,repair_greedy,1.0
928,5291682448943.597,5291682448943.597,4493932149976.395,36416561210.600204,1.0,0.0,destroy_random_delivery,repair_regret2,1.0
929,5293493022196.997,5293493022196.997,4493932149976.395,36343728088.179,1.0,0.0,destroy_random_delivery,repair_random,1.0
930,5293493022272.297,5293493022272.297,4493932149976.395,36271040632.00264,1.0,0.0,destroy_random_period,repair_random,1.0
931,5291682449149.697,5291682449149.697,4493932149976.395,36198498550.73863,1.0,0.0,destroy_random_delivery,repair_regret2,1.0
932,5306413095281.098,5306413095281.098,4493932149976.395,36126101553.63715,1.0,0.0,destroy_worst_delivery,repair_regret2,1.0
933,5302480066826.098,5302480066826.098,4493932149976.395,36053849350.52988,1.0,0.0,destroy_random_delivery,repair_greedy,1.0
934,5288966589526.897,5288966589526.897,4493932149976.395,35981741651.82882,1.0,0.0,destroy_worst_delivery,repair_random,1.0
935,5288966589507.497,5288966589507.497,4493932149976.395,35909778168.52516,1.0,0.0,destroy_random_delivery,repair_regret2,1.0
936,5288966589507.497,5288966589507.497,4493932149976.395,35837958612.18811,1.0,0.0,destroy_random_period,repair_greedy,1.0
937,5288966589507.497,5288966589507.497,4493932149976.395,35766282694.96374,1.0,0.0,destroy_low_demand_stores,repair_regret2,1.0
938,5295889139543.097,5295889139543.097,4493932149976.395,35694750129.57381,1.0,0.0,destroy_random_route,repair_random,1.0
939,5306413095168.397,5306413095168.397,4493932149976.395,35623360629.31466,1.0,0.0,destroy_random_route,repair_regret2,1.0
940,5306413095248.997,5306413095248.997,4493932149976.395,35552113908.05603,1.0,0.0,destroy_random_route,repair_random,1.0
941,5306413095248.997,5306413095248.997,4493932149976.395,35481009680.23992,1.0,0.0,destroy_shaw_stores,repair_regret2,1.0
942,5306413096132.494,5306413096132.494,4493932149976.395,35410047660.87944,1.0,0.0,destroy_random_route,repair_random,1.0
943,5306413096132.494,5306413096132.494,4493932149976.395,35339227565.55768,1.0,0.0,destroy_low_demand_stores,repair_regret2,1.0
944,5306413096136.794,5306413096136.794,4493932149976.395,35268549110.42656,1.0,0.0,destroy_shaw_stores,repair_random,1.0
945,5306413096211.194,5306413096211.194,4493932149976.395,35198012012.2057,1.0,0.0,destroy_low_demand_stores,repair_random,1.0
946,5306413096211.194,5306413096211.194,4493932149976.395,35127615988.18129,1.0,0.0,destroy_random_period,repair_greedy,1.0
947,5306413096211.194,5306413096211.194,4493932149976.395,35057360756.204926,1.0,0.0,destroy_low_demand_stores,repair_random,1.0
948,5300516956633.794,5300516956633.794,4493932149976.395,34987246034.69251,1.0,0.0,destroy_random_delivery,repair_random,1.0
949,5302480067755.794,5302480067755.794,4493932149976.395,34917271542.62313,1.0,0.0,destroy_random_period,repair_regret2,1.0
950,5306413096177.494,5306413096177.494,4493932149976.395,34847436999.53789,1.0,0.0,destroy_worst_delivery,repair_regret2,1.0
951,5304819818100.094,5304819818100.094,4493932149976.395,34777742125.53881,1.0,0.0,destroy_random_route,repair_random,1.0
952,5299388098749.994,5299388098749.994,4493932149976.395,34708186641.287735,1.0,0.0,destroy_random_delivery,repair_greedy,1.0
953,5299388098409.695,5299388098409.695,4493932149976.395,34638770268.00516,1.0,0.0,destroy_random_route,repair_regret2,1.0
954,5299388098408.8955,5299388098408.8955,4493932149976.395,34569492727.46915,1.0,0.0,destroy_random_delivery,repair_random,1.0
955,5300415572226.8955,5300415572226.8955,4493932149976.395,34500353742.014206,1.0,0.0,destroy_random_route,repair_regret2,1.0
956,5300415572226.8955,5300415572226.8955,4493932149976.395,34431353034.530174,1.0,0.0,destroy_shaw_stores,repair_random,1.0
957,5300415572226.8955,5300415572226.8955,4493932149976.395,34362490328.46111,1.0,0.0,destroy_low_demand_stores,repair_regret2,1.0
958,5295889139550.8955,5295889139550.8955,4493932149976.395,34293765347.80419,1.0,0.0,destroy_shaw_stores,repair_random,1.0
959,5295889139550.8955,5295889139550.8955,4493932149976.395,34225177817.10858,1.0,0.0,destroy_random_delivery,repair_greedy,1.0
960,5295889139550.8955,5295889139550.8955,4493932149976.395,34156727461.474365,1.0,0.0,destroy_low_demand_stores,repair_random,1.0
961,5295889139481.195,5295889139481.195,4493932149976.395,34088414006.55142,1.0,0.0,destroy_shaw_stores,repair_greedy,1.0
962,5295889139401.496,5295889139401.496,4493932149976.395,34020237178.538315,1.0,0.0,destroy_shaw_stores,repair_regret2,1.0
963,5295889139475.8955,5295889139475.8955,4493932149976.395,33952196704.181236,1.0,0.0,destroy_shaw_stores,repair_random,1.0
964,5288966589730.796,5288966589730.796,4493932149976.395,33884292310.772873,1.0,0.0,destroy_random_delivery,repair_regret2,1.0
965,5288966589730.796,5288966589730.796,4493932149976.395,33816523726.151325,1.0,0.0,destroy_random_period,repair_greedy,1.0
966,5288966589730.796,5288966589730.796,4493932149976.395,33748890678.699024,1.0,0.0,destroy_random_period,repair_greedy,1.0
967,5288966589810.496,5288966589810.496,4493932149976.395,33681392897.341625,1.0,0.0,destroy_shaw_stores,repair_random,1.0
968,5288966589736.096,5288966589736.096,4493932149976.395,33614030111.546944,1.0,0.0,destroy_random_delivery,repair_regret2,1.0
969,5288966589735.696,5288966589735.696,4493932149976.395,33546802051.32385,1.0,0.0,destroy_random_delivery,repair_greedy,1.0
970,5288966589810.497,5288966589810.497,4493932149976.395,33479708447.221203,1.0,0.0,destroy_low_demand_stores,repair_random,1.0
971,5288966589864.997,5288966589864.997,4493932149976.395,33412749030.32676,1.0,0.0,destroy_worst_delivery,repair_random,1.0
972,5288966589864.997,5288966589864.997,4493932149976.395,33345923532.266106,1.0,0.0,destroy_random_period,repair_random,1.0
973,5300105500091.598,5300105500091.598,4493932149976.395,33279231685.201572,1.0,0.0,destroy_random_route,repair_greedy,1.0
974,5300105500288.295,5300105500288.295,4493932149976.395,33212673221.83117,1.0,0.0,destroy_random_route,repair_random,1.0
975,5312684310740.695,5312684310740.695,4493932149976.395,33146247875.38751,1.0,0.0,destroy_worst_delivery,repair_greedy,1.0
976,5312684310740.695,5312684310740.695,4493932149976.395,33079955379.636734,1.0,0.0,destroy_random_delivery,repair_regret2,1.0
977,5298907731350.596,5298907731350.596,4493932149976.395,33013795468.87746,1.0,0.0,destroy_worst_delivery,repair_random,1.0
978,5298907731350.596,5298907731350.596,4493932149976.395,32947767877.939705,1.0,0.0,destroy_shaw_stores,repair_greedy,1.0
979,5298907731364.496,5298907731364.496,4493932149976.395,32881872342.183826,1.0,0.0,destroy_random_period,repair_random,1.0
980,5288966589629.096,5288966589629.096,4493932149976.395,32816108597.49946,1.0,0.0,destroy_random_route,repair_regret2,1.0
981,5288966589629.497,5288966589629.497,4493932149976.395,32750476380.30446,1.0,0.0,destroy_low_demand_stores,repair_random,1.0
982,5288966589629.497,5288966589629.497,4493932149976.395,32684975427.54385,1.0,0.0,destroy_random_period,repair_regret2,1.0
983,5288966589629.497,5300775335459.697,4493932149976.395,32619605476.688763,0.0,0.0,destroy_random_route,repair_random,1.0
984,5288966589605.697,5288966589605.697,4493932149976.395,32554366265.735386,1.0,0.0,destroy_random_delivery,repair_greedy,1.0
985,5288966589605.296,5288966589605.296,4493932149976.395,32489257533.203915,1.0,0.0,destroy_low_demand_stores,repair_regret2,1.0
986,5291682448971.297,5291682448971.297,4493932149976.395,32424279018.13751,1.0,0.0,destroy_random_route,repair_greedy,1.0
987,5291682448971.297,5291682448971.297,4493932149976.395,32359430460.101234,1.0,0.0,destroy_shaw_stores,repair_random,1.0
988,5291682448911.097,5291682448911.097,4493932149976.395,32294711599.18103,1.0,0.0,destroy_random_delivery,repair_regret2,1.0
989,5291682448911.097,5291682448911.097,4493932149976.395,32230122175.98267,1.0,0.0,destroy_shaw_stores,repair_regret2,1.0
990,5291682448831.396,5291682448831.396,4493932149976.395,32165661931.630703,1.0,0.0,destroy_random_route,repair_regret2,1.0
991,5291682448905.797,5291682448905.797,4493932149976.395,32101330607.76744,1.0,0.0,destroy_low_demand_stores,repair_random,1.0
992,5299490545347.097,5299490545347.097,4493932149976.395,32037127946.551907,1.0,0.0,destroy_worst_delivery,repair_greedy,1.0
993,5299490545347.097,5299490545347.097,4493932149976.395,31973053690.658802,1.0,0.0,destroy_random_period,repair_regret2,1.0
994,5300105499625.197,5300105499625.197,4493932149976.395,31909107583.277485,1.0,0.0,destroy_random_delivery,repair_greedy,1.0
995,5300105499625.197,5300105499625.197,4493932149976.395,31845289368.11093,1.0,0.0,destroy_shaw_stores,repair_greedy,1.0
996,5300105499550.797,5300105499550.797,4493932149976.395,31781598789.37471,1.0,0.0,destroy_random_route,repair_greedy,1.0
997,5300105499550.797,5300105499550.797,4493932149976.395,31718035591.79596,1.0,0.0,destroy_low_demand_stores,repair_regret2,1.0
998,5300105499550.797,5300105499550.797,4493932149976.395,31654599520.612366,1.0,0.0,destroy_shaw_stores,repair_greedy,1.0
999,5300105499550.797,5300105499550.797,4493932149976.395,31591290321.57114,1.0,0.0,destroy_random_period,repair_greedy,1.0
1000,5300105499550.797,5300105499550.797,4493932149976.395,31528107740.927998,1.0,0.0,destroy_random_period,repair_regret2,1.0
1001,5300105499550.797,5300105499550.797,4493932149976.395,31465051525.44614,1.0,0.0,destroy_random_delivery,repair_greedy,1.0
1002,5306104606221.797,5306104606221.797,4493932149976.395,31402121422.39525,1.0,0.0,destroy_random_delivery,repair_greedy,1.0
1003,5306104606221.797,5306104606221.797,4493932149976.395,31339317179.550457,1.0,0.0,destroy_shaw_stores,repair_regret2,1.0
1004,5306104606221.797,5306104606221.797,4493932149976.395,31276638545.191357,1.0,0.0,destroy_low_demand_stores,repair_regret2,1.0
1005,5300775334589.697,5300775334589.697,4493932149976.395,31214085268.100975,1.0,0.0,destroy_random_delivery,repair_regret2,1.0
1006,5288966589390.097,5288966589390.097,4493932149976.395,31151657097.564774,1.0,0.0,destroy_worst_delivery,repair_random,1.0
1007,5288966589390.097,5288966589390.097,4493932149976.395,31089353783.369644,1.0,0.0,destroy_random_delivery,repair_regret2,1.0
1008,5294058826175.396,5294058826175.396,4493932149976.395,31027175075.802906,1.0,0.0,destroy_random_delivery,repair_greedy,1.0
1009,5294058826255.097,5294058826255.097,4493932149976.395,30965120725.6513,1.0,0.0,destroy_shaw_stores,repair_random,1.0
1010,5299490545352.396,5299490545352.396,4493932149976.395,30903190484.199997,1.0,0.0,destroy_worst_delivery,repair_regret2,1.0
1011,5299490545352.396,5299490545352.396,4493932149976.395,30841384103.231598,1.0,0.0,destroy_worst_delivery,repair_regret2,1.0
1012,5299490545352.396,5299490545352.396,4493932149976.395,30779701335.025135,1.0,0.0,destroy_random_delivery,repair_regret2,1.0
1013,5299490545352.396,5299490545352.396,4493932149976.395,30718141932.355083,1.0,0.0,destroy_worst_delivery,repair_regret2,1.0
1014,5299490545501.196,5299490545501.196,4493932149976.395,30656705648.49037,1.0,0.0,destroy_random_delivery,repair_random,1.0
1015,5299490545426.797,5299490545426.797,4493932149976.395,30595392237.19339,1.0,0.0,destroy_random_route,repair_regret2,1.0
1016,5299490545482.696,5299490545482.696,4493932149976.395,30534201452.719,1.0,0.0,destroy_shaw_stores,repair_random,1.0
1017,5299490545482.696,5309425927421.696,4493932149976.395,30473133049.813564,0.0,0.0,destroy_worst_delivery,repair_greedy,1.0
1018,5299490545496.896,5299490545496.896,4493932149976.395,30412186783.713936,1.0,0.0,destroy_shaw_stores,repair_random,1.0
1019,5299490545897.295,5299490545897.295,4493932149976.395,30351362410.146507,1.0,0.0,destroy_random_route,repair_random,1.0
1020,5299490545966.995,5299490545966.995,4493932149976.395,30290659685.326214,1.0,0.0,destroy_worst_delivery,repair_random,1.0
1021,5299490545966.995,5299490545966.995,4493932149976.395,30230078365.955563,1.0,0.0,destroy_shaw_stores,repair_greedy,1.0
1022,5301623590393.497,5301623590393.497,4493932149976.395,30169618209.22365,1.0,0.0,destroy_random_route,repair_greedy,1.0
1023,5291682448887.297,5291682448887.297,4493932149976.395,30109278972.805206,1.0,0.0,destroy_random_route,repair_regret2,1.0
1024,5291682448831.397,5291682448831.397,4493932149976.395,30049060414.859596,1.0,0.0,destroy_random_route,repair_greedy,1.0
1025,5291682448831.397,5291682448831.397,4493932149976.395,29988962294.029877,1.0,0.0,destroy_low_demand_stores,repair_random,1.0
1026,5291682448906.697,5291682448906.697,4493932149976.395,29928984369.44182,1.0,0.0,destroy_random_period,repair_random,1.0
1027,5305928002016.797,5305928002016.797,4493932149976.395,29869126400.702934,1.0,0.0,destroy_random_period,repair_greedy,1.0
1028,5310716476007.697,5310716476007.697,4493932149976.395,29809388147.901527,1.0,0.0,destroy_worst_delivery,repair_greedy,1.0
1029,5310716476007.697,5310716476007.697,4493932149976.395,29749769371.605724,1.0,0.0,destroy_random_delivery,repair_regret2,1.0
1030,5310716476007.697,5310716476007.697,4493932149976.395,29690269832.862514,1.0,0.0,destroy_random_period,repair_greedy,1.0
1031,5310716476007.697,5310716476007.697,4493932149976.395,29630889293.19679,1.0,0.0,destroy_random_period,repair_greedy,1.0
1032,5307697885168.597,5307697885168.597,4493932149976.395,29571627514.610394,1.0,0.0,destroy_random_route,repair_random,1.0
1033,5307697885168.597,5307697885168.597,4493932149976.395,29512484259.581173,1.0,0.0,destroy_random_period,repair_greedy,1.0
1034,5307697885168.597,5307697885168.597,4493932149976.395,29453459291.06201,1.0,0.0,destroy_random_period,repair_regret2,1.0
1035,5307697885084.597,5307697885084.597,4493932149976.395,29394552372.47989,1.0,0.0,destroy_random_period,repair_greedy,1.0
1036,5307697885084.597,5307697885084.597,4493932149976.395,29335763267.73493,1.0,0.0,destroy_random_period,repair_greedy,1.0
1037,5299490545997.896,5299490545997.896,4493932149976.395,29277091741.19946,1.0,0.0,destroy_worst_delivery,repair_regret2,1.0
1038,5299490545997.896,5299490545997.896,4493932149976.395,29218537557.71706,1.0,0.0,destroy_worst_delivery,repair_greedy,1.0
1039,5299490546067.996,5299490546067.996,4493932149976.395,29160100482.601627,1.0,0.0,destroy_shaw_stores,repair_random,1.0
1040,5299490545773.697,5299490545773.697,4493932149976.395,29101780281.636425,1.0,0.0,destroy_random_route,repair_greedy,1.0
1041,5299490545965.396,5299490545965.396,4493932149976.395,29043576721.07315,1.0,0.0,destroy_random_route,repair_random,1.0
1042,5299490545965.396,5299490545965.396,4493932149976.395,28985489567.631004,1.0,0.0,destroy_worst_delivery,repair_regret2,1.0
1043,5299490545965.396,5299490545965.396,4493932149976.395,28927518588.495743,1.0,0.0,destroy_shaw_stores,repair_regret2,1.0
1044,5299490545965.396,5299490545965.396,4493932149976.395,28869663551.318752,1.0,0.0,destroy_random_period,repair_regret2,1.0
1045,5299490545965.396,5299490545965.396,4493932149976.395,28811924224.216114,1.0,0.0,destroy_random_period,repair_regret2,1.0
1046,5306413095585.397,5306413095585.397,4493932149976.395,28754300375.76768,1.0,0.0,destroy_random_route,repair_regret2,1.0
1047,5323279532452.396,5323279532452.396,4493932149976.395,28696791775.016148,1.0,0.0,destroy_worst_delivery,repair_greedy,1.0
1048,5323279532452.396,5323279532452.396,4493932149976.395,28639398191.466114,1.0,0.0,destroy_random_period,repair_greedy,1.0
1049,5323279532452.396,5323279532452.396,4493932149976.395,28582119395.083183,1.0,0.0,destroy_shaw_stores,repair_greedy,1.0
1050,5316348477524.396,5316348477524.396,4493932149976.395,28524955156.29302,1.0,0.0,destroy_random_period,repair_regret2,1.0
1051,5316348477524.396,5316348477524.396,4493932149976.395,28467905245.98043,1.0,0.0,destroy_random_delivery,repair_regret2,1.0
1052,5316348477580.297,5316348477580.297,4493932149976.395,28410969435.48847,1.0,0.0,destroy_random_period,repair_random,1.0
1053,5316348477580.297,5316348477580.297,4493932149976.395,28354147496.617493,1.0,0.0,destroy_low_demand_stores,repair_greedy,1.0
1054,5316348477580.297,5316348477580.297,4493932149976.395,28297439201.624256,1.0,0.0,destroy_random_period,repair_regret2,1.0
1055,5316348477580.297,5316348477580.297,4493932149976.395,28240844323.22101,1.0,0.0,destroy_low_demand_stores,repair_regret2,1.0
1056,5316348477426.196,5316348477426.196,4493932149976.395,28184362634.574566,1.0,0.0,destroy_random_route,repair_regret2,1.0
1057,5316348477426.196,5316348477426.196,4493932149976.395,28127993909.305416,1.0,0.0,destroy_shaw_stores,repair_regret2,1.0
1058,5306413095487.196,5306413095487.196,4493932149976.395,28071737921.486805,1.0,0.0,destroy_worst_delivery,repair_regret2,1.0
1059,5306413095487.196,5306413095487.196,4493932149976.395,28015594445.643833,1.0,0.0,destroy_random_delivery,repair_greedy,1.0
1060,5306413095431.297,5306413095431.297,4493932149976.395,27959563256.752544,1.0,0.0,destroy_random_period,repair_greedy,1.0
1061,5306413095500.996,5306413095500.996,4493932149976.395,27903644130.23904,1.0,0.0,destroy_random_period,repair_random,1.0
1062,5298604998989.996,5298604998989.996,4493932149976.395,27847836841.97856,1.0,0.0,destroy_random_delivery,repair_regret2,1.0
1063,5298604999059.696,5298604999059.696,4493932149976.395,27792141168.294605,1.0,0.0,destroy_random_period,repair_random,1.0
1064,5298604999298.194,5298604999298.194,4493932149976.395,27736556885.958015,1.0,0.0,destroy_random_delivery,repair_random,1.0
1065,5298604999218.495,5298604999218.495,4493932149976.395,27681083772.1861,1.0,0.0,destroy_random_delivery,repair_regret2,1.0
1066,5298604999218.495,5298604999218.495,4493932149976.395,27625721604.641727,1.0,0.0,destroy_random_period,repair_greedy,1.0
1067,5298604999218.495,5298604999218.495,4493932149976.395,27570470161.432446,1.0,0.0,destroy_worst_delivery,repair_regret2,1.0
1068,5298604999143.195,5298604999143.195,4493932149976.395,27515329221.10958,1.0,0.0,destroy_random_period,repair_regret2,1.0
1069,5298604999143.195,5298604999143.195,4493932149976.395,27460298562.667362,1.0,0.0,destroy_random_period,repair_greedy,1.0
1070,5298604999217.595,5298604999217.595,4493932149976.395,27405377965.542027,1.0,0.0,destroy_shaw_stores,repair_random,1.0
1071,5298604999217.595,5298604999217.595,4493932149976.395,27350567209.610943,1.0,0.0,destroy_random_period,repair_regret2,1.0
1072,5298604999217.595,5298604999217.595,4493932149976.395,27295866075.19172,1.0,0.0,destroy_low_demand_stores,repair_regret2,1.0
1073,5313344150656.595,5313344150656.595,4493932149976.395,27241274343.041336,1.0,0.0,destroy_worst_delivery,repair_greedy,1.0
1074,5313344150600.694,5313344150600.694,4493932149976.395,27186791794.355255,1.0,0.0,destroy_shaw_stores,repair_regret2,1.0
1075,5313344150600.694,5323279532539.694,4493932149976.395,27132418210.766544,0.0,0.0,destroy_worst_delivery,repair_greedy,1.0
1076,5313344150530.595,5313344150530.595,4493932149976.395,27078153374.345013,1.0,0.0,destroy_random_period,repair_greedy,1.0
1077,5313344150479.596,5313344150479.596,4493932149976.395,27023997067.59632,1.0,0.0,destroy_random_route,repair_random,1.0
1078,5313344150479.596,5313344150479.596,4493932149976.395,26969949073.46113,1.0,0.0,destroy_low_demand_stores,repair_greedy,1.0
1079,5313344150479.596,5313344150479.596,4493932149976.395,26916009175.314205,1.0,0.0,destroy_shaw_stores,repair_regret2,1.0
1080,5313344150479.596,5313344150479.596,4493932149976.395,26862177156.963577,1.0,0.0,destroy_low_demand_stores,repair_random,1.0
1081,5313344150479.596,5313344150479.596,4493932149976.395,26808452802.64965,1.0,0.0,destroy_random_period,repair_regret2,1.0
1082,5313344150479.596,5313344150479.596,4493932149976.395,26754835897.04435,1.0,0.0,destroy_low_demand_stores,repair_greedy,1.0
1083,5307346627072.596,5307346627072.596,4493932149976.395,26701326225.25026,1.0,0.0,destroy_random_delivery,repair_greedy,1.0
1084,5307346627072.596,5307346627072.596,4493932149976.395,26647923572.79976,1.0,0.0,destroy_shaw_stores,repair_greedy,1.0
1085,5307346627072.596,5307346627072.596,4493932149976.395,26594627725.65416,1.0,0.0,destroy_shaw_stores,repair_random,1.0
1086,5307346627072.596,5307346627072.596,4493932149976.395,26541438470.20285,1.0,0.0,destroy_random_period,repair_greedy,1.0
1087,5307346627072.596,5307346627072.596,4493932149976.395,26488355593.262444,1.0,0.0,destroy_shaw_stores,repair_greedy,1.0
1088,5307346627072.596,5307346627072.596,4493932149976.395,26435378882.07592,1.0,0.0,destroy_random_period,repair_greedy,1.0
1089,5307346627082.596,5307346627082.596,4493932149976.395,26382508124.311768,1.0,0.0,destroy_random_period,repair_random,1.0
1090,5307346627330.597,5307346627330.597,4493932149976.395,26329743108.063145,1.0,0.0,destroy_random_route,repair_random,1.0
1091,5323279532672.296,5323279532672.296,4493932149976.395,26277083621.84702,1.0,0.0,destroy_random_delivery,repair_greedy,1.0
1092,5305536054222.297,5305536054222.297,4493932149976.395,26224529454.603325,1.0,0.0,destroy_random_delivery,repair_greedy,1.0
1093,5305536054152.196,5305536054152.196,4493932149976.395,26172080395.69412,1.0,0.0,destroy_random_period,repair_regret2,1.0
1094,5305536054222.297,5305536054222.297,4493932149976.395,26119736234.90273,1.0,0.0,destroy_shaw_stores,repair_random,1.0
1095,5299490546204.297,5299490546204.297,4493932149976.395,26067496762.432922,1.0,0.0,destroy_worst_delivery,repair_random,1.0
1096,5299490546124.597,5299490546124.597,4493932149976.395,26015361768.90806,1.0,0.0,destroy_random_delivery,repair_greedy,1.0
1097,5299490546124.597,5316348477645.398,4493932149976.395,25963331045.370243,0.0,0.0,destroy_worst_delivery,repair_greedy,1.0
1098,5298604999283.798,5298604999283.798,4493932149976.395,25911404383.279503,1.0,0.0,destroy_random_route,repair_random,1.0
1099,5298604999339.697,5298604999339.697,4493932149976.395,25859581574.512943,1.0,0.0,destroy_shaw_stores,repair_random,1.0
1100,5298604999255.697,5298604999255.697,4493932149976.395,25807862411.36392,1.0,0.0,destroy_shaw_stores,repair_regret2,1.0
1101,5298604999255.697,5298604999255.697,4493932149976.395,25756246686.54119,1.0,0.0,destroy_random_period,repair_regret2,1.0
1102,5298604999255.697,5298604999255.697,4493932149976.395,25704734193.16811,1.0,0.0,destroy_low_demand_stores,repair_greedy,1.0
1103,5298604999279.497,5298604999279.497,4493932149976.395,25653324724.781773,1.0,0.0,destroy_shaw_stores,repair_random,1.0
1104,5298604999279.497,5298604999279.497,4493932149976.395,25602018075.33221,1.0,0.0,destroy_random_period,repair_greedy,1.0
1105,5298604999418.896,5298604999418.896,4493932149976.395,25550814039.181545,1.0,0.0,destroy_random_route,repair_random,1.0
1106,5298604999418.896,5316348477868.896,4493932149976.395,25499712411.103184,0.0,0.0,destroy_random_delivery,repair_random,1.0
1107,5298604999418.896,5305536054193.097,4493932149976.395,25448712986.28098,0.0,0.0,destroy_random_delivery,repair_greedy,1.0
1108,5298604999418.896,5298604999418.896,4493932149976.395,25397815560.30842,1.0,0.0,destroy_low_demand_stores,repair_random,1.0
1109,5298604999704.596,5298604999704.596,4493932149976.395,25347019929.1878,1.0,0.0,destroy_random_route,repair_random,1.0
1110,5291682449958.596,5291682449958.596,4493932149976.395,25296325889.329426,1.0,0.0,destroy_random_delivery,repair_regret2,1.0
1111,5297729123534.8955,5297729123534.8955,4493932149976.395,25245733237.550766,1.0,0.0,destroy_shaw_stores,repair_greedy,1.0
1112,5297729123534.8955,5297729123534.8955,4493932149976.395,25195241771.075665,1.0,0.0,destroy_random_delivery,repair_random,1.0
1113,5297729123534.8955,5297729123534.8955,4493932149976.395,25144851287.533512,1.0,0.0,destroy_shaw_stores,repair_greedy,1.0
1114,5297729123155.596,5297729123155.596,4493932149976.395,25094561584.958447,1.0,0.0,destroy_random_route,repair_regret2,1.0
1115,5297729123235.295,5297729123235.295,4493932149976.395,25044372461.78853,1.0,0.0,destroy_low_demand_stores,repair_random,1.0
1116,5291682449976.796,5291682449976.796,4493932149976.395,24994283716.864952,1.0,0.0,destroy_random_delivery,repair_random,1.0
1117,5291682450115.8955,5291682450115.8955,4493932149976.395,24944295149.43122,1.0,0.0,destroy_random_route,repair_random,1.0
1118,5291682450036.196,5291682450036.196,4493932149976.395,24894406559.13236,1.0,0.0,destroy_low_demand_stores,repair_greedy,1.0
1119,5291682449956.496,5291682449956.496,4493932149976.395,24844617746.014095,1.0,0.0,destroy_shaw_stores,repair_regret2,1.0
1120,5288966590454.596,5288966590454.596,4493932149976.395,24794928510.522068,1.0,0.0,destroy_random_delivery,repair_random,1.0
1121,5288966590454.596,5288966590454.596,4493932149976.395,24745338653.501022,1.0,0.0,destroy_low_demand_stores,repair_greedy,1.0
1122,5288966590454.596,5288966590454.596,4493932149976.395,24695847976.19402,1.0,0.0,destroy_low_demand_stores,repair_greedy,1.0
1123,5288966590450.296,5288966590450.296,4493932149976.395,24646456280.24163,1.0,0.0,destroy_shaw_stores,repair_random,1.0
1124,5288966590529.995,5288966590529.995,4493932149976.395,24597163367.68115,1.0,0.0,destroy_low_demand_stores,repair_random,1.0
1125,5288966590529.995,5288966590529.995,4493932149976.395,24547969040.945786,1.0,0.0,destroy_shaw_stores,repair_regret2,1.0
1126,5288966590530.396,5288966590530.396,4493932149976.395,24498873102.863895,1.0,0.0,destroy_shaw_stores,repair_random,1.0
1127,5288966590450.697,5288966590450.697,4493932149976.395,24449875356.65817,1.0,0.0,destroy_low_demand_stores,repair_regret2,1.0
1128,5288966590147.197,5288966590147.197,4493932149976.395,24400975605.94485,1.0,0.0,destroy_random_route,repair_regret2,1.0
1129,5288966590104.498,5288966590104.498,4493932149976.395,24352173654.73296,1.0,0.0,destroy_worst_delivery,repair_greedy,1.0
1130,5288966590104.498,5288966590104.498,4493932149976.395,24303469307.423492,1.0,0.0,destroy_low_demand_stores,repair_regret2,1.0
1131,5288966590103.696,5288966590103.696,4493932149976.395,24254862368.808647,1.0,0.0,destroy_random_delivery,repair_regret2,1.0
1132,5288966590183.3955,5288966590183.3955,4493932149976.395,24206352644.07103,1.0,0.0,destroy_low_demand_stores,repair_random,1.0
1133,5288966590108.096,5288966590108.096,4493932149976.395,24157939938.782887,1.0,0.0,destroy_shaw_stores,repair_greedy,1.0
1134,5288966590108.096,5299490546200.695,4493932149976.395,24109624058.90532,0.0,0.0,destroy_random_delivery,repair_greedy,1.0
1135,5288966590123.295,5288966590123.295,4493932149976.395,24061404810.78751,1.0,0.0,destroy_worst_delivery,repair_random,1.0
1136,5288966590123.295,5288966590123.295,4493932149976.395,24013282001.165936,1.0,0.0,destroy_low_demand_stores,repair_random,1.0
1137,5288966590053.595,5288966590053.595,4493932149976.395,23965255437.163605,1.0,0.0,destroy_shaw_stores,repair_greedy,1.0
1138,5288966589983.895,5288966589983.895,4493932149976.395,23917324926.289276,1.0,0.0,destroy_random_delivery,repair_regret2,1.0
1139,5288966590058.295,5288966590058.295,4493932149976.395,23869490276.4367,1.0,0.0,destroy_shaw_stores,repair_random,1.0
1140,5288966590044.095,5288966590044.095,4493932149976.395,23821751295.883827,1.0,0.0,destroy_random_delivery,repair_regret2,1.0
1141,5288966589954.995,5288966589954.995,4493932149976.395,23774107793.29206,1.0,0.0,destroy_random_delivery,repair_greedy,1.0
1142,5288966589954.995,5288966589954.995,4493932149976.395,23726559577.705475,1.0,0.0,destroy_shaw_stores,repair_random,1.0
1143,5288966589940.895,5288966589940.895,4493932149976.395,23679106458.550064,1.0,0.0,destroy_random_route,repair_random,1.0
1144,5288966589754.694,5288966589754.694,4493932149976.395,23631748245.632965,1.0,0.0,destroy_random_route,repair_regret2,1.0
1145,5309425927771.796,5309425927771.796,4493932149976.395,23584484749.1417,1.0,0.0,destroy_worst_delivery,repair_greedy,1.0
1146,5309425927697.3955,5309425927697.3955,4493932149976.395,23537315779.643417,1.0,0.0,destroy_random_period,repair_regret2,1.0
1147,5309425927631.997,5309425927631.997,4493932149976.395,23490241148.08413,1.0,0.0,destroy_low_demand_stores,repair_random,1.0
1148,5294058826380.997,5294058826380.997,4493932149976.395,23443260665.78796,1.0,0.0,destroy_random_delivery,repair_random,1.0
1149,5294058826325.097,5294058826325.097,4493932149976.395,23396374144.456383,1.0,0.0,destroy_shaw_stores,repair_greedy,1.0
1150,5299490545637.097,5299490545637.097,4493932149976.395,23349581396.16747,1.0,0.0,destroy_worst_delivery,repair_regret2,1.0
1151,5299490545637.097,5299490545637.097,4493932149976.395,23302882233.375134,1.0,0.0,destroy_random_delivery,repair_regret2,1.0
1152,5299490545712.396,5299490545712.396,4493932149976.395,23256276468.908382,1.0,0.0,destroy_shaw_stores,repair_random,1.0
1153,5299490545712.396,5299490545712.396,4493932149976.395,23209763915.970566,1.0,0.0,destroy_low_demand_stores,repair_regret2,1.0
1154,5299490545712.396,5299490545712.396,4493932149976.395,23163344388.138626,1.0,0.0,destroy_shaw_stores,repair_regret2,1.0
1155,5299490545712.396,5299490545712.396,4493932149976.395,23117017699.36235,1.0,0.0,destroy_shaw_stores,repair_greedy,1.0
1156,5313344150746.996,5313344150746.996,4493932149976.395,23070783663.963627,1.0,0.0,destroy_random_route,repair_random,1.0
1157,5313344150306.497,5313344150306.497,4493932149976.395,23024642096.6357,1.0,0.0,destroy_random_route,repair_greedy,1.0
1158,5313344150306.497,5313344150306.497,4493932149976.395,22978592812.44243,1.0,0.0,destroy_low_demand_stores,repair_greedy,1.0
1159,5314385366139.597,5314385366139.597,4493932149976.395,22932635626.817543,1.0,0.0,destroy_worst_delivery,repair_greedy,1.0
1160,5309425927511.197,5309425927511.197,4493932149976.395,22886770355.563908,1.0,0.0,destroy_random_delivery,repair_greedy,1.0
1161,5309425927511.197,5309425927511.197,4493932149976.395,22840996814.85278,1.0,0.0,destroy_low_demand_stores,repair_greedy,1.0
1162,5309425927586.497,5309425927586.497,4493932149976.395,22795314821.223072,1.0,0.0,destroy_random_period,repair_random,1.0
1163,5309425927586.497,5323671480696.597,4493932149976.395,22749724191.580627,0.0,0.0,destroy_random_route,repair_greedy,1.0
1164,5309425927674.896,5309425927674.896,4493932149976.395,22704224743.197468,1.0,0.0,destroy_random_route,repair_random,1.0
1165,5309425927744.996,5309425927744.996,4493932149976.395,22658816293.71107,1.0,0.0,destroy_shaw_stores,repair_random,1.0
1166,5309425927824.695,5309425927824.695,4493932149976.395,22613498661.12365,1.0,0.0,destroy_low_demand_stores,repair_random,1.0
1167,5309425927744.996,5309425927744.996,4493932149976.395,22568271663.801403,1.0,0.0,destroy_low_demand_stores,repair_random,1.0
1168,5311959752230.996,5311959752230.996,4493932149976.395,22523135120.4738,1.0,0.0,destroy_shaw_stores,repair_random,1.0
1169,5311959752230.996,5311959752230.996,4493932149976.395,22478088850.232853,1.0,0.0,destroy_low_demand_stores,repair_greedy,1.0
1170,5305537219362.396,5305537219362.396,4493932149976.395,22433132672.532387,1.0,0.0,destroy_worst_delivery,repair_greedy,1.0
1171,5305537219362.396,5305537219362.396,4493932149976.395,22388266407.18732,1.0,0.0,destroy_random_period,repair_regret2,1.0
1172,5311399521195.396,5311399521195.396,4493932149976.395,22343489874.372948,1.0,0.0,destroy_worst_delivery,repair_greedy,1.0
1173,5309425927794.797,5309425927794.797,4493932149976.395,22298802894.624203,1.0,0.0,destroy_worst_delivery,repair_random,1.0
1174,5311399521195.396,5311399521195.396,4493932149976.395,22254205288.834953,1.0,0.0,destroy_worst_delivery,repair_regret2,1.0
1175,5311399521190.996,5311399521190.996,4493932149976.395,22209696878.257282,1.0,0.0,destroy_random_period,repair_random,1.0
1176,5318322070867.297,5318322070867.297,4493932149976.395,22165277484.500767,1.0,0.0,destroy_random_period,repair_regret2,1.0
1177,5318322070791.997,5318322070791.997,4493932149976.395,22120946929.531765,1.0,0.0,destroy_shaw_stores,repair_greedy,1.0
1178,5316354236730.997,5316354236730.997,4493932149976.395,22076705035.672703,1.0,0.0,destroy_worst_delivery,repair_greedy,1.0
1179,5316354236702.597,5316354236702.597,4493932149976.395,22032551625.601357,1.0,0.0,destroy_random_delivery,repair_regret2,1.0
1180,5316354236776.996,5316354236776.996,4493932149976.395,21988486522.350155,1.0,0.0,destroy_random_delivery,repair_random,1.0
1181,5316354236776.996,5316354236776.996,4493932149976.395,21944509549.305454,1.0,0.0,destroy_random_period,repair_regret2,1.0
1182,5316354236776.996,5316354236776.996,4493932149976.395,21900620530.206844,1.0,0.0,destroy_low_demand_stores,repair_greedy,1.0
1183,5319255602102.697,5319255602102.697,4493932149976.395,21856819289.14643,1.0,0.0,destroy_random_route,repair_greedy,1.0
1184,5319255602102.697,5319255602102.697,4493932149976.395,21813105650.56814,1.0,0.0,destroy_low_demand_stores,repair_greedy,1.0
1185,5312324547174.697,5312324547174.697,4493932149976.395,21769479439.267002,1.0,0.0,destroy_random_delivery,repair_regret2,1.0
1186,5312324547174.697,5312324547174.697,4493932149976.395,21725940480.38847,1.0,0.0,destroy_low_demand_stores,repair_greedy,1.0
1187,5312324547174.697,5312324547174.697,4493932149976.395,21682488599.427692,1.0,0.0,destroy_random_delivery,repair_regret2,1.0
1188,5312324547249.997,5312324547249.997,4493932149976.395,21639123622.228836,1.0,0.0,destroy_random_period,repair_random,1.0
1189,5312324547333.997,5312324547333.997,4493932149976.395,21595845374.98438,1.0,0.0,destroy_shaw_stores,repair_random,1.0
1190,5312324547333.997,5312324547333.997,4493932149976.395,21552653684.23441,1.0,0.0,destroy_worst_delivery,repair_regret2,1.0
1191,5312324547333.997,5312324547333.997,4493932149976.395,21509548376.86594,1.0,0.0,destroy_shaw_stores,repair_regret2,1.0
1192,5312890351414.696,5312890351414.696,4493932149976.395,21466529280.11221,1.0,0.0,destroy_random_delivery,repair_greedy,1.0
1193,5312890351414.696,5318322070726.696,4493932149976.395,21423596221.551987,0.0,0.0,destroy_worst_delivery,repair_regret2,1.0
1194,5328257452665.696,5328257452665.696,4493932149976.395,21380749029.108883,1.0,0.0,destroy_worst_delivery,repair_regret2,1.0
1195,5328257452665.696,5328257452665.696,4493932149976.395,21337987531.050667,1.0,0.0,destroy_low_demand_stores,repair_regret2,1.0
1196,5328257452665.696,5328257452665.696,4493932149976.395,21295311555.988564,1.0,0.0,destroy_shaw_stores,repair_regret2,1.0
1197,5328257452772.297,5328257452772.297,4493932149976.395,21252720932.876587,1.0,0.0,destroy_random_route,repair_random,1.0
1198,5328257452772.297,5328257452772.297,4493932149976.395,21210215491.010834,1.0,0.0,destroy_low_demand_stores,repair_regret2,1.0
1199,5328257452772.297,5328257452772.297,4493932149976.395,21167795060.028812,1.0,0.0,destroy_random_period,repair_regret2,1.0
1200,5318322070833.297,5318322070833.297,4493932149976.395,21125459469.908756,1.0,0.0,destroy_worst_delivery,repair_regret2,1.0
1201,5318322070833.297,5318322070833.297,4493932149976.395,21083208550.968937,1.0,0.0,destroy_low_demand_stores,repair_greedy,1.0
1202,5318322070651.798,5318322070651.798,4493932149976.395,21041042133.867,1.0,0.0,destroy_random_route,repair_greedy,1.0
1203,5321943437655.798,5321943437655.798,4493932149976.395,20998960049.599266,1.0,0.0,destroy_random_delivery,repair_greedy,1.0
1204,5321943437655.798,5321943437655.798,4493932149976.395,20956962129.50007,1.0,0.0,destroy_low_demand_stores,repair_random,1.0
1205,5314803265967.798,5314803265967.798,4493932149976.395,20915048205.24107,1.0,0.0,destroy_random_delivery,repair_regret2,1.0
1206,5314803265967.798,5314803265967.798,4493932149976.395,20873218108.83059,1.0,0.0,destroy_random_period,repair_regret2,1.0
1207,5314803265967.798,5314803265967.798,4493932149976.395,20831471672.612926,1.0,0.0,destroy_low_demand_stores,repair_random,1.0
1208,5312466688280.798,5312466688280.798,4493932149976.395,20789808729.2677,1.0,0.0,destroy_random_delivery,repair_regret2,1.0
1209,5312466688131.397,5312466688131.397,4493932149976.395,20748229111.809166,1.0,0.0,destroy_random_route,repair_regret2,1.0
1210,5306413095097.797,5306413095097.797,4493932149976.395,20706732653.58555,1.0,0.0,destroy_random_delivery,repair_regret2,1.0
1211,5306413095041.896,5306413095041.896,4493932149976.395,20665319188.278378,1.0,0.0,destroy_random_route,repair_regret2,1.0
1212,5306413094967.497,5306413094967.497,4493932149976.395,20623988549.90182,1.0,0.0,destroy_shaw_stores,repair_regret2,1.0
1213,5306413094967.497,5306413094967.497,4493932149976.395,20582740572.802017,1.0,0.0,destroy_worst_delivery,repair_regret2,1.0
1214,5309425927235.797,5309425927235.797,4493932149976.395,20541575091.656414,1.0,0.0,destroy_random_delivery,repair_regret2,1.0
1215,5309425927311.097,5309425927311.097,4493932149976.395,20500491941.473103,1.0,0.0,destroy_random_period,repair_random,1.0
1216,5309425927454.496,5309425927454.496,4493932149976.395,20459490957.590157,1.0,0.0,destroy_worst_delivery,repair_random,1.0
1217,5309425927650.296,5309425927650.296,4493932149976.395,20418571975.674976,1.0,0.0,destroy_random_route,repair_random,1.0
1218,5309425927524.696,5309425927524.696,4493932149976.395,20377734831.723625,1.0,0.0,destroy_random_route,repair_regret2,1.0
1219,5309425927744.996,5309425927744.996,4493932149976.395,20336979362.060177,1.0,0.0,destroy_worst_delivery,repair_random,1.0
1220,5309425927735.3955,5309425927735.3955,4493932149976.395,20296305403.336056,1.0,0.0,destroy_worst_delivery,repair_random,1.0
1221,5309425927805.496,5309425927805.496,4493932149976.395,20255712792.529385,1.0,0.0,destroy_random_period,repair_random,1.0
1222,5300775335117.797,5300775335117.797,4493932149976.395,20215201366.944324,1.0,0.0,destroy_worst_delivery,repair_random,1.0
1223,5300775335117.797,5300775335117.797,4493932149976.395,20174770964.210434,1.0,0.0,destroy_low_demand_stores,repair_greedy,1.0
1224,5300775335192.196,5300775335192.196,4493932149976.395,20134421422.282013,1.0,0.0,destroy_shaw_stores,repair_random,1.0
1225,5299490545631.497,5299490545631.497,4493932149976.395,20094152579.43745,1.0,0.0,destroy_worst_delivery,repair_regret2,1.0
1226,5299490545631.497,5299490545631.497,4493932149976.395,20053964274.278576,1.0,0.0,destroy_shaw_stores,repair_greedy,1.0
1227,5300775335097.496,5300775335097.496,4493932149976.395,20013856345.73002,1.0,0.0,destroy_worst_delivery,repair_random,1.0
1228,5288966589758.496,5288966589758.496,4493932149976.395,19973828633.03856,1.0,0.0,destroy_worst_delivery,repair_random,1.0
1229,5288966589758.496,5288966589758.496,4493932149976.395,19933880975.77248,1.0,0.0,destroy_worst_delivery,repair_random,1.0
1230,5288966589758.496,5288966589758.496,4493932149976.395,19894013213.820934,1.0,0.0,destroy_shaw_stores,repair_greedy,1.0
1231,5288966589702.597,5288966589702.597,4493932149976.395,19854225187.39329,1.0,0.0,destroy_shaw_stores,repair_greedy,1.0
1232,5288966589702.597,5288966589702.597,4493932149976.395,19814516737.018505,1.0,0.0,destroy_low_demand_stores,repair_regret2,1.0
1233,5288966589702.597,5288966589702.597,4493932149976.395,19774887703.544468,1.0,0.0,destroy_low_demand_stores,repair_greedy,1.0
1234,5288966589782.296,5288966589782.296,4493932149976.395,19735337928.13738,1.0,0.0,destroy_random_period,repair_random,1.0
1235,5288966589782.296,5288966589782.296,4493932149976.395,19695867252.281105,1.0,0.0,destroy_low_demand_stores,repair_greedy,1.0
1236,5288966589857.597,5288966589857.597,4493932149976.395,19656475517.776543,1.0,0.0,destroy_random_period,repair_random,1.0
1237,5300775335047.597,5300775335047.597,4493932149976.395,19617162566.74099,1.0,0.0,destroy_worst_delivery,repair_greedy,1.0
1238,5299490545730.597,5299490545730.597,4493932149976.395,19577928241.607506,1.0,0.0,destroy_worst_delivery,repair_greedy,1.0
1239,5299490545726.197,5299490545726.197,4493932149976.395,19538772385.12429,1.0,0.0,destroy_random_delivery,repair_greedy,1.0
1240,5299490545726.197,5318322070591.897,4493932149976.395,19499694840.354042,0.0,0.0,destroy_random_route,repair_greedy,1.0
1241,5299490545642.197,5299490545642.197,4493932149976.395,19460695450.673332,1.0,0.0,destroy_random_period,repair_regret2,1.0
1242,5299490545642.197,5299490545642.197,4493932149976.395,19421774059.771984,1.0,0.0,destroy_low_demand_stores,repair_greedy,1.0
1243,5294058826324.597,5294058826324.597,4493932149976.395,19382930511.65244,1.0,0.0,destroy_random_delivery,repair_greedy,1.0
1244,5294058826324.597,5294058826324.597,4493932149976.395,19344164650.629135,1.0,0.0,destroy_low_demand_stores,repair_regret2,1.0
1245,5294058826324.597,5294058826324.597,4493932149976.395,19305476321.327877,1.0,0.0,destroy_low_demand_stores,repair_greedy,1.0
1246,5294058826324.597,5294058826324.597,4493932149976.395,19266865368.685223,1.0,0.0,destroy_random_delivery,repair_greedy,1.0
1247,5294058826254.496,5294058826254.496,4493932149976.395,19228331637.947853,1.0,0.0,destroy_random_route,repair_regret2,1.0
1248,5294058826324.196,5294058826324.196,4493932149976.395,19189874974.67196,1.0,0.0,destroy_shaw_stores,repair_random,1.0
1249,5300981375655.497,5300981375655.497,4493932149976.395,19151495224.722614,1.0,0.0,destroy_random_route,repair_regret2,1.0
1250,5300981375655.497,5300981375655.497,4493932149976.395,19113192234.27317,1.0,0.0,destroy_random_period,repair_regret2,1.0
1251,5300981375739.497,5300981375739.497,4493932149976.395,19074965849.804623,1.0,0.0,destroy_shaw_stores,repair_random,1.0
1252,5300981375739.497,5300981375739.497,4493932149976.395,19036815918.105015,1.0,0.0,destroy_random_period,repair_greedy,1.0
1253,5300981375809.196,5300981375809.196,4493932149976.395,18998742286.268806,1.0,0.0,destroy_random_period,repair_random,1.0
1254,5295889139275.096,5295889139275.096,4493932149976.395,18960744801.69627,1.0,0.0,destroy_worst_delivery,repair_random,1.0
1255,5295889139275.096,5295889139275.096,4493932149976.395,18922823312.092876,1.0,0.0,destroy_random_period,repair_greedy,1.0
1256,5295889139079.296,5295889139079.296,4493932149976.395,18884977665.46869,1.0,0.0,destroy_random_route,repair_greedy,1.0
1257,5295889139079.296,5306413095176.596,4493932149976.395,18847207710.137753,0.0,0.0,destroy_random_period,repair_greedy,1.0
1258,5302820194082.996,5302820194082.996,4493932149976.395,18809513294.717476,1.0,0.0,destroy_random_delivery,repair_random,1.0
1259,5295889139085.297,5295889139085.297,4493932149976.395,18771894268.12804,1.0,0.0,destroy_worst_delivery,repair_regret2,1.0
1260,5295889139085.297,5314385365980.197,4493932149976.395,18734350479.591785,0.0,0.0,destroy_worst_delivery,repair_greedy,1.0
1261,5295889139085.297,5306413095163.197,4493932149976.395,18696881778.632603,0.0,0.0,destroy_worst_delivery,repair_regret2,1.0
1262,5295889139085.297,5295889139085.297,4493932149976.395,18659488015.075336,1.0,0.0,destroy_shaw_stores,repair_greedy,1.0
1263,5293926027963.297,5293926027963.297,4493932149976.395,18622169039.045185,1.0,0.0,destroy_random_delivery,repair_greedy,1.0
1264,5293926028042.996,5293926028042.996,4493932149976.395,18584924700.967094,1.0,0.0,destroy_low_demand_stores,repair_random,1.0
1265,5293926028117.3955,5293926028117.3955,4493932149976.395,18547754851.56516,1.0,0.0,destroy_random_period,repair_random,1.0
1266,5298452460732.3955,5298452460732.3955,4493932149976.395,18510659341.86203,1.0,0.0,destroy_random_route,repair_regret2,1.0
1267,5298452460732.3955,5298452460732.3955,4493932149976.395,18473638023.178307,1.0,0.0,destroy_shaw_stores,repair_regret2,1.0
1268,5298452460722.797,5298452460722.797,4493932149976.395,18436690747.13195,1.0,0.0,destroy_shaw_stores,repair_random,1.0
1269,5298452460722.797,5298452460722.797,4493932149976.395,18399817365.637688,1.0,0.0,destroy_shaw_stores,repair_greedy,1.0
1270,5298452460792.497,5298452460792.497,4493932149976.395,18363017730.906414,1.0,0.0,destroy_random_delivery,repair_random,1.0
1271,5312698013884.098,5312698013884.098,4493932149976.395,18326291695.444603,1.0,0.0,destroy_shaw_stores,repair_random,1.0
1272,5293493022420.097,5293493022420.097,4493932149976.395,18289639112.053715,1.0,0.0,destroy_random_delivery,repair_random,1.0
1273,5293493022419.695,5293493022419.695,4493932149976.395,18253059833.82961,1.0,0.0,destroy_low_demand_stores,repair_random,1.0
1274,5293493022419.695,5293493022419.695,4493932149976.395,18216553714.16195,1.0,0.0,destroy_shaw_stores,repair_greedy,1.0
1275,5293493022494.096,5293493022494.096,4493932149976.395,18180120606.733624,1.0,0.0,destroy_shaw_stores,repair_random,1.0
1276,5293493022494.096,5293493022494.096,4493932149976.395,18143760365.520157,1.0,0.0,destroy_random_period,repair_greedy,1.0
1277,5293493022494.096,5293493022494.096,4493932149976.395,18107472844.789116,1.0,0.0,destroy_low_demand_stores,repair_greedy,1.0
1278,5293493022494.096,5293493022494.096,4493932149976.395,18071257899.099537,1.0,0.0,destroy_random_period,repair_regret2,1.0
1279,5293493022774.796,5293493022774.796,4493932149976.395,18035115383.30134,1.0,0.0,destroy_random_route,repair_random,1.0
1280,5293493022774.796,5300415572119.796,4493932149976.395,17999045152.534737,0.0,0.0,destroy_random_route,repair_regret2,1.0
1281,5293493022704.696,5293493022704.696,4493932149976.395,17963047062.229668,1.0,0.0,destroy_random_period,repair_greedy,1.0
1282,5293493022704.696,5304505425665.8955,4493932149976.395,17927120968.10521,0.0,0.0,destroy_random_delivery,repair_random,1.0
1283,5293493022704.696,5293493022704.696,4493932149976.395,17891266726.169,1.0,0.0,destroy_random_period,repair_regret2,1.0
1284,5293493022634.597,5293493022634.597,4493932149976.395,17855484192.71666,1.0,0.0,destroy_shaw_stores,repair_greedy,1.0
1285,5293493022634.597,5293493022634.597,4493932149976.395,17819773224.331226,1.0,0.0,destroy_shaw_stores,repair_greedy,1.0
1286,5293493022634.597,5293493022634.597,4493932149976.395,17784133677.882565,1.0,0.0,destroy_shaw_stores,repair_greedy,1.0
1287,5300775335348.996,5300775335348.996,4493932149976.395,17748565410.5268,1.0,0.0,destroy_worst_delivery,repair_greedy,1.0
1288,5293493022624.996,5293493022624.996,4493932149976.395,17713068279.705746,1.0,0.0,destroy_random_delivery,repair_regret2,1.0
1289,5293493022624.996,5300415572520.696,4493932149976.395,17677642143.146336,0.0,0.0,destroy_random_route,repair_random,1.0
1290,5293493022624.996,5293493022624.996,4493932149976.395,17642286858.860043,1.0,0.0,destroy_random_period,repair_regret2,1.0
1291,5293493022298.996,5293493022298.996,4493932149976.395,17607002285.142323,1.0,0.0,destroy_random_route,repair_regret2,1.0
1292,5300415571616.396,5300415571616.396,4493932149976.395,17571788280.572037,1.0,0.0,destroy_random_route,repair_regret2,1.0
1293,5300415571616.396,5300415571616.396,4493932149976.395,17536644704.01089,1.0,0.0,destroy_shaw_stores,repair_greedy,1.0
1294,5300415571616.396,5300415571616.396,4493932149976.395,17501571414.60287,1.0,0.0,destroy_random_period,repair_regret2,1.0
1295,5300415571560.497,5300415571560.497,4493932149976.395,17466568271.773666,1.0,0.0,destroy_random_route,repair_greedy,1.0
1296,5300415571560.497,5300415571560.497,4493932149976.395,17431635135.230118,1.0,0.0,destroy_low_demand_stores,repair_random,1.0
1297,5300415571560.497,5300415571560.497,4493932149976.395,17396771864.959656,1.0,0.0,destroy_shaw_stores,repair_greedy,1.0
1298,5300415571560.497,5300415571560.497,4493932149976.395,17361978321.229736,1.0,0.0,destroy_random_delivery,repair_regret2,1.0
1299,5300415571560.497,5300415571560.497,4493932149976.395,17327254364.587276,1.0,0.0,destroy_random_delivery,repair_regret2,1.0
1300,5300415571560.497,5300415571560.497,4493932149976.395,17292599855.8581,1.0,0.0,destroy_low_demand_stores,repair_random,1.0
1301,5300415571560.497,5307697884428.597,4493932149976.395,17258014656.146385,0.0,0.0,destroy_random_delivery,repair_random,1.0
1302,5300415571560.497,5300415571560.497,4493932149976.395,17223498626.83409,1.0,0.0,destroy_worst_delivery,repair_regret2,1.0
1303,5300415571616.397,5300415571616.397,4493932149976.395,17189051629.58042,1.0,0.0,destroy_shaw_stores,repair_random,1.0
1304,5300415571616.397,5300415571616.397,4493932149976.395,17154673526.32126,1.0,0.0,destroy_random_delivery,repair_random,1.0
1305,5307346626544.397,5307346626544.397,4493932149976.395,17120364179.268618,1.0,0.0,destroy_worst_delivery,repair_greedy,1.0
1306,5307346626544.397,5307346626544.397,4493932149976.395,17086123450.91008,1.0,0.0,destroy_shaw_stores,repair_greedy,1.0
1307,5307346626488.497,5307346626488.497,4493932149976.395,17051951204.008259,1.0,0.0,destroy_random_period,repair_regret2,1.0
1308,5307346626572.497,5307346626572.497,4493932149976.395,17017847301.600243,1.0,0.0,destroy_random_period,repair_random,1.0
1309,5304449983929.497,5304449983929.497,4493932149976.395,16983811606.997042,1.0,0.0,destroy_worst_delivery,repair_greedy,1.0
1310,5298594601530.397,5298594601530.397,4493932149976.395,16949843983.783047,1.0,0.0,destroy_random_delivery,repair_greedy,1.0
1311,5298650042426.397,5298650042426.397,4493932149976.395,16915944295.815481,1.0,0.0,destroy_random_delivery,repair_greedy,1.0
1312,5293493021940.097,5293493021940.097,4493932149976.395,16882112407.22385,1.0,0.0,destroy_random_delivery,repair_regret2,1.0
1313,5295557516892.097,5295557516892.097,4493932149976.395,16848348182.409403,1.0,0.0,destroy_random_delivery,repair_greedy,1.0
1314,5288966589254.497,5288966589254.497,4493932149976.395,16814651486.044584,1.0,0.0,destroy_random_period,repair_random,1.0
1315,5288966589260.098,5288966589260.098,4493932149976.395,16781022183.072495,1.0,0.0,destroy_worst_delivery,repair_random,1.0
1316,5288966589413.797,5288966589413.797,4493932149976.395,16747460138.70635,1.0,0.0,destroy_random_route,repair_random,1.0
1317,5288966589399.497,5288966589399.497,4493932149976.395,16713965218.428938,1.0,0.0,destroy_low_demand_stores,repair_regret2,1.0
1318,5288966589399.497,5291682448823.197,4493932149976.395,16680537287.99208,0.0,0.0,destroy_random_route,repair_regret2,1.0
1319,5288966589399.497,5288966589399.497,4493932149976.395,16647176213.416096,1.0,0.0,destroy_low_demand_stores,repair_random,1.0
1320,5288966589558.097,5288966589558.097,4493932149976.395,16613881860.989264,1.0,0.0,destroy_worst_delivery,repair_random,1.0
1321,5288966589558.097,5288966589558.097,4493932149976.395,16580654097.267284,1.0,0.0,destroy_shaw_stores,repair_regret2,1.0
1322,5288966589642.097,5288966589642.097,4493932149976.395,16547492789.07275,1.0,0.0,destroy_random_period,repair_random,1.0
1323,5288966589642.097,5288966589642.097,4493932149976.395,16514397803.494604,1.0,0.0,destroy_random_delivery,repair_greedy,1.0
1324,5288966589642.097,5288966589642.097,4493932149976.395,16481369007.887615,1.0,0.0,destroy_random_period,repair_regret2,1.0
1325,5288966589586.196,5288966589586.196,4493932149976.395,16448406269.87184,1.0,0.0,destroy_shaw_stores,repair_regret2,1.0
1326,5288966589501.297,5288966589501.297,4493932149976.395,16415509457.332096,1.0,0.0,destroy_worst_delivery,repair_regret2,1.0
1327,5288966589361.896,5288966589361.896,4493932149976.395,16382678438.417433,1.0,0.0,destroy_random_route,repair_greedy,1.0
1328,5288966589361.896,5288966589361.896,4493932149976.395,16349913081.540598,1.0,0.0,destroy_random_period,repair_random,1.0
1329,5288966589478.296,5288966589478.296,4493932149976.395,16317213255.377516,1.0,0.0,destroy_random_route,repair_random,1.0
1330,5288966589478.296,5288966589478.296,4493932149976.395,16284578828.86676,1.0,0.0,destroy_low_demand_stores,repair_random,1.0
1331,5288966589478.296,5301623590393.497,4493932149976.395,16252009671.209026,0.0,0.0,destroy_random_route,repair_greedy,1.0
1332,5288966589478.296,5288966589478.296,4493932149976.395,16219505651.866608,1.0,0.0,destroy_shaw_stores,repair_greedy,1.0
1333,5288966589478.296,5288966589478.296,4493932149976.395,16187066640.562874,1.0,0.0,destroy_low_demand_stores,repair_regret2,1.0
1334,5288966589478.296,5288966589478.296,4493932149976.395,16154692507.281748,1.0,0.0,destroy_low_demand_stores,repair_random,1.0
1335,5288966589478.296,5288966589478.296,4493932149976.395,16122383122.267185,1.0,0.0,destroy_low_demand_stores,repair_regret2,1.0
1336,5288966589478.296,5288966589478.296,4493932149976.395,16090138356.022652,1.0,0.0,destroy_shaw_stores,repair_regret2,1.0
1337,5288966589547.996,5288966589547.996,4493932149976.395,16057958079.310606,1.0,0.0,destroy_worst_delivery,repair_random,1.0
1338,5288966589547.996,5288966589547.996,4493932149976.395,16025842163.151985,1.0,0.0,destroy_random_period,repair_greedy,1.0
1339,5288966589627.695,5288966589627.695,4493932149976.395,15993790478.825682,1.0,0.0,destroy_low_demand_stores,repair_random,1.0
1340,5288966589687.795,5288966589687.795,4493932149976.395,15961802897.86803,1.0,0.0,destroy_worst_delivery,repair_random,1.0
1341,5288966589687.795,5288966589687.795,4493932149976.395,15929879292.072294,1.0,0.0,destroy_random_period,repair_greedy,1.0
1342,5288966589348.3955,5288966589348.3955,4493932149976.395,15898019533.48815,1.0,0.0,destroy_random_route,repair_regret2,1.0
1343,5288966589348.3955,5288966589348.3955,4493932149976.395,15866223494.421173,1.0,0.0,destroy_random_delivery,repair_regret2,1.0
1344,5288966589348.3955,5288966589348.3955,4493932149976.395,15834491047.432331,1.0,0.0,destroy_random_delivery,repair_regret2,1.0
1345,5288966589418.096,5288966589418.096,4493932149976.395,15802822065.337467,1.0,0.0,destroy_random_period,repair_random,1.0
1346,5288966589418.096,5288966589418.096,4493932149976.395,15771216421.206793,1.0,0.0,destroy_worst_delivery,repair_greedy,1.0
1347,5288966589418.096,5288966589418.096,4493932149976.395,15739673988.36438,1.0,0.0,destroy_random_period,repair_greedy,1.0
1348,5288966589418.096,5295889139093.996,4493932149976.395,15708194640.387651,0.0,0.0,destroy_shaw_stores,repair_regret2,1.0
1349,5288966589418.096,5288966589418.096,4493932149976.395,15676778251.106876,1.0,0.0,destroy_low_demand_stores,repair_random,1.0
1350,5288966589418.096,5288966589418.096,4493932149976.395,15645424694.604662,1.0,0.0,destroy_shaw_stores,repair_regret2,1.0
1351,5288966589418.096,5288966589418.096,4493932149976.395,15614133845.215452,1.0,0.0,destroy_random_period,repair_greedy,1.0
1352,5288966589418.096,5288966589418.096,4493932149976.395,15582905577.52502,1.0,0.0,destroy_random_period,repair_regret2,1.0
1353,5288966589268.297,5288966589268.297,4493932149976.395,15551739766.36997,1.0,0.0,destroy_random_route,repair_regret2,1.0
1354,5288966589619.096,5288966589619.096,4493932149976.395,15520636286.83723,1.0,0.0,destroy_random_route,repair_random,1.0
1355,5288966589624.396,5288966589624.396,4493932149976.395,15489595014.263556,1.0,0.0,destroy_random_period,repair_random,1.0
1356,5288966589704.096,5288966589704.096,4493932149976.395,15458615824.23503,1.0,0.0,destroy_shaw_stores,repair_random,1.0
1357,5288966589704.096,5288966589704.096,4493932149976.395,15427698592.58656,1.0,0.0,destroy_random_delivery,repair_random,1.0
1358,5288966589704.096,5288966589704.096,4493932149976.395,15396843195.401386,1.0,0.0,destroy_shaw_stores,repair_regret2,1.0
1359,5288966589704.096,5302820194312.596,4493932149976.395,15366049509.010584,0.0,0.0,destroy_worst_delivery,repair_greedy,1.0
1360,5288966589704.096,5288966589704.096,4493932149976.395,15335317409.992563,1.0,0.0,destroy_low_demand_stores,repair_regret2,1.0
1361,5288966589704.096,5288966589704.096,4493932149976.395,15304646775.172579,1.0,0.0,destroy_random_delivery,repair_greedy,1.0
1362,5288966589704.096,5300775334954.297,4493932149976.395,15274037481.622234,0.0,0.0,destroy_random_route,repair_greedy,1.0
1363,5288966589704.096,5288966589704.096,4493932149976.395,15243489406.658989,1.0,0.0,destroy_random_period,repair_greedy,1.0
1364,5288966589704.096,5288966589704.096,4493932149976.395,15213002427.84567,1.0,0.0,destroy_random_delivery,repair_random,1.0
1365,5288966589704.096,5295889139369.3955,4493932149976.395,15182576422.989979,0.0,0.0,destroy_worst_delivery,repair_regret2,1.0
1366,5288966589704.096,5288966589704.096,4493932149976.395,15152211270.144,1.0,0.0,destroy_low_demand_stores,repair_regret2,1.0
1367,5288966589704.096,5288966589704.096,4493932149976.395,15121906847.60371,1.0,0.0,destroy_random_delivery,repair_greedy,1.0
1368,5288966589703.196,5288966589703.196,4493932149976.395,15091663033.908503,1.0,0.0,destroy_random_delivery,repair_regret2,1.0
1369,5288966589703.196,5295889139383.696,4493932149976.395,15061479707.840685,0.0,0.0,destroy_worst_delivery,repair_regret2,1.0
1370,5302820194311.696,5302820194311.696,4493932149976.395,15031356748.425003,1.0,0.0,destroy_worst_delivery,repair_greedy,1.0
1371,5302820194381.3955,5302820194381.3955,4493932149976.395,15001294034.928152,1.0,0.0,destroy_random_period,repair_random,1.0
1372,5302820194147.996,5302820194147.996,4493932149976.395,14971291446.858295,1.0,0.0,destroy_random_route,repair_regret2,1.0
1373,5302820194017.696,5302820194017.696,4493932149976.395,14941348863.964579,1.0,0.0,destroy_random_route,repair_greedy,1.0
1374,5302820194017.696,5302820194017.696,4493932149976.395,14911466166.236649,1.0,0.0,destroy_shaw_stores,repair_regret2,1.0
1375,5295889139089.696,5295889139089.696,4493932149976.395,14881643233.904175,1.0,0.0,destroy_worst_delivery,repair_random,1.0
1376,5295889139089.696,5295889139089.696,4493932149976.395,14851879947.436367,1.0,0.0,destroy_random_delivery,repair_regret2,1.0
1377,5295889139089.696,5302820194096.995,4493932149976.395,14822176187.541494,0.0,0.0,destroy_worst_delivery,repair_random,1.0
1378,5295889139089.696,5295889139089.696,4493932149976.395,14792531835.16641,1.0,0.0,destroy_shaw_stores,repair_greedy,1.0
1379,5295889139089.696,5295889139089.696,4493932149976.395,14762946771.496078,1.0,0.0,destroy_shaw_stores,repair_regret2,1.0
1380,5295889139089.696,5295889139089.696,4493932149976.395,14733420877.953087,1.0,0.0,destroy_low_demand_stores,repair_regret2,1.0
1381,5295889139364.295,5295889139364.295,4493932149976.395,14703954036.19718,1.0,0.0,destroy_worst_delivery,repair_random,1.0
1382,5295889139294.596,5295889139294.596,4493932149976.395,14674546128.124784,1.0,0.0,destroy_random_route,repair_greedy,1.0
1383,5295889139224.8955,5295889139224.8955,4493932149976.395,14645197035.868534,1.0,0.0,destroy_worst_delivery,repair_regret2,1.0
1384,5302480066643.797,5302480066643.797,4493932149976.395,14615906641.796797,1.0,0.0,destroy_random_route,repair_greedy,1.0
1385,5302480066643.797,5302480066643.797,4493932149976.395,14586674828.513203,1.0,0.0,destroy_random_route,repair_regret2,1.0
1386,5302480066643.797,5302480066643.797,4493932149976.395,14557501478.856176,1.0,0.0,destroy_low_demand_stores,repair_regret2,1.0
1387,5302480066587.896,5302480066587.896,4493932149976.395,14528386475.898464,1.0,0.0,destroy_random_route,repair_greedy,1.0
1388,5302480066667.596,5302480066667.596,4493932149976.395,14499329702.946667,1.0,0.0,destroy_low_demand_stores,repair_random,1.0
1389,5302480066667.596,5306413095122.596,4493932149976.395,14470331043.540773,0.0,0.0,destroy_worst_delivery,repair_regret2,1.0
1390,5307809338285.496,5307809338285.496,4493932149976.395,14441390381.453691,1.0,0.0,destroy_random_period,repair_greedy,1.0
1391,5307809338205.797,5307809338205.797,4493932149976.395,14412507600.690784,1.0,0.0,destroy_low_demand_stores,repair_regret2,1.0
1392,5316725619683.797,5316725619683.797,4493932149976.395,14383682585.489403,1.0,0.0,destroy_worst_delivery,repair_greedy,1.0
1393,5316725619758.197,5316725619758.197,4493932149976.395,14354915220.318424,1.0,0.0,destroy_low_demand_stores,repair_random,1.0
1394,5307809338270.597,5307809338270.597,4493932149976.395,14326205389.877787,1.0,0.0,destroy_random_delivery,repair_regret2,1.0
1395,5307809338270.597,5307809338270.597,4493932149976.395,14297552979.09803,1.0,0.0,destroy_random_period,repair_regret2,1.0
1396,5307809338270.597,5321677748664.597,4493932149976.395,14268957873.139833,0.0,0.0,destroy_worst_delivery,repair_greedy,1.0
1397,5307809338275.896,5307809338275.896,4493932149976.395,14240419957.393555,1.0,0.0,destroy_shaw_stores,repair_random,1.0
1398,5307809338275.896,5307809338275.896,4493932149976.395,14211939117.478767,1.0,0.0,destroy_shaw_stores,repair_regret2,1.0
1399,5300886789080.695,5300886789080.695,4493932149976.395,14183515239.24381,1.0,0.0,destroy_random_route,repair_random,1.0
1400,5300886789080.695,5300886789080.695,4493932149976.395,14155148208.765324,1.0,0.0,destroy_shaw_stores,repair_greedy,1.0
1401,5300886789080.695,5300886789080.695,4493932149976.395,14126837912.347794,1.0,0.0,destroy_low_demand_stores,repair_regret2,1.0
1402,5300886789080.695,5300886789080.695,4493932149976.395,14098584236.523098,1.0,0.0,destroy_low_demand_stores,repair_greedy,1.0
1403,5300886789080.695,5311399521326.695,4493932149976.395,14070387068.050053,0.0,0.0,destroy_worst_delivery,repair_regret2,1.0
1404,5300886789024.795,5300886789024.795,4493932149976.395,14042246293.913952,1.0,0.0,destroy_shaw_stores,repair_greedy,1.0
1405,5300886788945.095,5300886788945.095,4493932149976.395,14014161801.326124,1.0,0.0,destroy_random_route,repair_greedy,1.0
1406,5300886788945.095,5300886788945.095,4493932149976.395,13986133477.723473,1.0,0.0,destroy_random_period,repair_regret2,1.0
1407,5300886788945.095,5300886788945.095,4493932149976.395,13958161210.768026,1.0,0.0,destroy_low_demand_stores,repair_regret2,1.0
1408,5300886789000.995,5300886789000.995,4493932149976.395,13930244888.34649,1.0,0.0,destroy_random_period,repair_random,1.0
1409,5305498658725.395,5305498658725.395,4493932149976.395,13902384398.569798,1.0,0.0,destroy_random_delivery,repair_greedy,1.0
1410,5312421208401.694,5312421208401.694,4493932149976.395,13874579629.772657,1.0,0.0,destroy_random_period,repair_greedy,1.0
1411,5305498658730.995,5305498658730.995,4493932149976.395,13846830470.513111,1.0,0.0,destroy_random_route,repair_random,1.0
1412,5311399521241.395,5311399521241.395,4493932149976.395,13819136809.572084,1.0,0.0,destroy_worst_delivery,repair_regret2,1.0
1413,5300775335280.295,5300775335280.295,4493932149976.395,13791498535.95294,1.0,0.0,destroy_worst_delivery,repair_random,1.0
1414,5300775335280.295,5300775335280.295,4493932149976.395,13763915538.881035,1.0,0.0,destroy_low_demand_stores,repair_regret2,1.0
1415,5305734773618.096,5305734773618.096,4493932149976.395,13736387707.803272,1.0,0.0,destroy_random_route,repair_greedy,1.0
1416,5305734773618.096,5305734773618.096,4493932149976.395,13708914932.387665,1.0,0.0,destroy_shaw_stores,repair_greedy,1.0
1417,5305734773422.796,5305734773422.796,4493932149976.395,13681497102.52289,1.0,0.0,destroy_random_route,repair_greedy,1.0
1418,5305734773353.097,5305734773353.097,4493932149976.395,13654134108.317844,1.0,0.0,destroy_random_period,repair_regret2,1.0
1419,5305734773353.097,5305734773353.097,4493932149976.395,13626825840.101208,1.0,0.0,destroy_random_period,repair_regret2,1.0
1420,5299490545481.796,5299490545481.796,4493932149976.395,13599572188.421005,1.0,0.0,destroy_random_delivery,repair_regret2,1.0
1421,5306413095232.496,5306413095232.496,4493932149976.395,13572373044.044163,1.0,0.0,destroy_shaw_stores,repair_random,1.0
1422,5306413095232.496,5321334902830.495,4493932149976.395,13545228297.956074,0.0,0.0,destroy_worst_delivery,repair_regret2,1.0
1423,5306413095396.196,5306413095396.196,4493932149976.395,13518137841.36016,1.0,0.0,destroy_random_route,repair_random,1.0
1424,5300415571974.896,5300415571974.896,4493932149976.395,13491101565.67744,1.0,0.0,destroy_random_delivery,repair_regret2,1.0
1425,5300415572322.196,5300415572322.196,4493932149976.395,13464119362.546085,1.0,0.0,destroy_random_route,repair_random,1.0
1426,5300415572322.196,5300415572322.196,4493932149976.395,13437191123.820993,1.0,0.0,destroy_shaw_stores,repair_greedy,1.0
1427,5300415572322.196,5300415572322.196,4493932149976.395,13410316741.57335,1.0,0.0,destroy_random_period,repair_greedy,1.0
1428,5300415572266.296,5300415572266.296,4493932149976.395,13383496108.090204,1.0,0.0,destroy_shaw_stores,repair_greedy,1.0
1429,5300415572210.396,5300415572210.396,4493932149976.395,13356729115.874023,1.0,0.0,destroy_random_delivery,repair_regret2,1.0
1430,5300415572140.696,5300415572140.696,4493932149976.395,13330015657.642275,1.0,0.0,destroy_random_delivery,repair_greedy,1.0
1431,5300415572140.696,5300415572140.696,4493932149976.395,13303355626.32699,1.0,0.0,destroy_random_period,repair_regret2,1.0
1432,5300415572210.796,5300415572210.796,4493932149976.395,13276748915.074337,1.0,0.0,destroy_random_period,repair_random,1.0
1433,5300415572210.796,5300415572210.796,4493932149976.395,13250195417.244188,1.0,0.0,destroy_low_demand_stores,repair_greedy,1.0
1434,5295889139772.896,5295889139772.896,4493932149976.395,13223695026.4097,1.0,0.0,destroy_random_route,repair_random,1.0
1435,5295889139772.896,5295889139772.896,4493932149976.395,13197247636.35688,1.0,0.0,destroy_random_delivery,repair_random,1.0
1436,5295889139698.497,5295889139698.497,4493932149976.395,13170853141.084166,1.0,0.0,destroy_shaw_stores,repair_regret2,1.0
1437,5295889139698.497,5295889139698.497,4493932149976.395,13144511434.801998,1.0,0.0,destroy_random_period,repair_greedy,1.0
1438,5295889139698.497,5295889139698.497,4493932149976.395,13118222411.932394,1.0,0.0,destroy_random_period,repair_regret2,1.0
1439,5295889139688.898,5295889139688.898,4493932149976.395,13091985967.10853,1.0,0.0,destroy_random_delivery,repair_greedy,1.0
1440,5295889139655.798,5295889139655.798,4493932149976.395,13065801995.174313,1.0,0.0,destroy_worst_delivery,repair_regret2,1.0
1441,5295889139641.598,5295889139641.598,4493932149976.395,13039670391.183964,1.0,0.0,destroy_low_demand_stores,repair_greedy,1.0
1442,5295889139749.598,5295889139749.598,4493932149976.395,13013591050.401596,1.0,0.0,destroy_random_route,repair_random,1.0
1443,5295889139777.698,5295889139777.698,4493932149976.395,12987563868.300793,1.0,0.0,destroy_shaw_stores,repair_random,1.0
1444,5307798115107.698,5307798115107.698,4493932149976.395,12961588740.564192,1.0,0.0,destroy_worst_delivery,repair_regret2,1.0
1445,5307798115107.698,5307798115107.698,4493932149976.395,12935665563.083063,1.0,0.0,destroy_low_demand_stores,repair_random,1.0
1446,5303212143123.797,5303212143123.797,4493932149976.395,12909794231.956898,1.0,0.0,destroy_worst_delivery,repair_random,1.0
1447,5303212143044.098,5303212143044.098,4493932149976.395,12883974643.492985,1.0,0.0,destroy_low_demand_stores,repair_random,1.0
1448,5303212143044.098,5303212143044.098,4493932149976.395,12858206694.206,1.0,0.0,destroy_low_demand_stores,repair_greedy,1.0
1449,5303212143113.797,5303212143113.797,4493932149976.395,12832490280.817587,1.0,0.0,destroy_shaw_stores,repair_random,1.0
1450,5303212143189.097,5303212143189.097,4493932149976.395,12806825300.25595,1.0,0.0,destroy_random_period,repair_random,1.0
1451,5303212143189.498,5303212143189.498,4493932149976.395,12781211649.65544,1.0,0.0,destroy_low_demand_stores,repair_random,1.0
1452,5303212143189.498,5303212143189.498,4493932149976.395,12755649226.356129,1.0,0.0,destroy_shaw_stores,repair_random,1.0
1453,5303212143109.798,5303212143109.798,4493932149976.395,12730137927.903416,1.0,0.0,destroy_random_period,repair_greedy,1.0
1454,5303212143109.798,5303212143109.798,4493932149976.395,12704677652.04761,1.0,0.0,destroy_random_period,repair_regret2,1.0
1455,5303212143109.798,5303212143109.798,4493932149976.395,12679268296.743515,1.0,0.0,destroy_random_period,repair_greedy,1.0
1456,5288966590023.097,5288966590023.097,4493932149976.395,12653909760.150028,1.0,0.0,destroy_random_delivery,repair_random,1.0
1457,5288966590022.695,5288966590022.695,4493932149976.395,12628601940.629728,1.0,0.0,destroy_low_demand_stores,repair_regret2,1.0
1458,5288966590077.694,5288966590077.694,4493932149976.395,12603344736.748468,1.0,0.0,destroy_random_delivery,repair_random,1.0
1459,5288966590077.694,5288966590077.694,4493932149976.395,12578138047.274971,1.0,0.0,destroy_random_delivery,repair_regret2,1.0
1460,5293981469541.795,5293981469541.795,4493932149976.395,12552981771.180422,1.0,0.0,destroy_random_route,repair_greedy,1.0
1461,5293981469541.795,5293981469541.795,4493932149976.395,12527875807.638062,1.0,0.0,destroy_low_demand_stores,repair_regret2,1.0
1462,5293981469626.194,5293981469626.194,4493932149976.395,12502820056.022785,1.0,0.0,destroy_random_route,repair_random,1.0
1463,5288966590190.994,5288966590190.994,4493932149976.395,12477814415.91074,1.0,0.0,destroy_random_route,repair_random,1.0
1464,5288966590190.096,5288966590190.096,4493932149976.395,12452858787.078918,1.0,0.0,destroy_low_demand_stores,repair_greedy,1.0
1465,5288966590190.096,5288966590190.096,4493932149976.395,12427953069.50476,1.0,0.0,destroy_worst_delivery,repair_random,1.0
1466,5288966590152.599,5288966590152.599,4493932149976.395,12403097163.365751,1.0,0.0,destroy_random_route,repair_random,1.0
1467,5288966590082.898,5288966590082.898,4493932149976.395,12378290969.03902,1.0,0.0,destroy_shaw_stores,repair_greedy,1.0
1468,5288966590008.497,5288966590008.497,4493932149976.395,12353534387.100943,1.0,0.0,destroy_random_period,repair_greedy,1.0
1469,5288966590008.497,5288966590008.497,4493932149976.395,12328827318.32674,1.0,0.0,destroy_low_demand_stores,repair_random,1.0
1470,5295889139750.196,5295889139750.196,4493932149976.395,12304169663.690086,1.0,0.0,destroy_worst_delivery,repair_regret2,1.0
1471,5295889139207.396,5295889139207.396,4493932149976.395,12279561324.362705,1.0,0.0,destroy_random_route,repair_greedy,1.0
1472,5295889139201.796,5295889139201.796,4493932149976.395,12255002201.71398,1.0,0.0,destroy_worst_delivery,repair_regret2,1.0
1473,5295889138926.497,5295889138926.497,4493932149976.395,12230492197.310553,1.0,0.0,destroy_random_route,repair_greedy,1.0
1474,5295889138926.497,5295889138926.497,4493932149976.395,12206031212.915932,1.0,0.0,destroy_shaw_stores,repair_regret2,1.0
1475,5295889139010.497,5295889139010.497,4493932149976.395,12181619150.490099,1.0,0.0,destroy_shaw_stores,repair_random,1.0
1476,5295889139010.497,5295889139010.497,4493932149976.395,12157255912.18912,1.0,0.0,destroy_shaw_stores,repair_regret2,1.0
1477,5302820193938.497,5302820193938.497,4493932149976.395,12132941400.36474,1.0,0.0,destroy_worst_delivery,repair_greedy,1.0
1478,5307346626642.597,5307346626642.597,4493932149976.395,12108675517.56401,1.0,0.0,destroy_random_route,repair_regret2,1.0
1479,5307346626572.497,5307346626572.497,4493932149976.395,12084458166.528883,1.0,0.0,destroy_random_route,repair_regret2,1.0
1480,5316348476980.896,5316348476980.896,4493932149976.395,12060289250.195826,1.0,0.0,destroy_worst_delivery,repair_greedy,1.0
1481,5316348476980.896,5316348476980.896,4493932149976.395,12036168671.695435,1.0,0.0,destroy_low_demand_stores,repair_greedy,1.0
1482,5316348476980.896,5316348476980.896,4493932149976.395,12012096334.352043,1.0,0.0,destroy_shaw_stores,repair_greedy,1.0
1483,5316348476980.896,5316348476980.896,4493932149976.395,11988072141.683338,1.0,0.0,destroy_random_delivery,repair_greedy,1.0
1484,5316348476980.896,5316348476980.896,4493932149976.395,11964095997.399971,1.0,0.0,destroy_low_demand_stores,repair_regret2,1.0
1485,5316348477060.596,5316348477060.596,4493932149976.395,11940167805.40517,1.0,0.0,destroy_low_demand_stores,repair_random,1.0
1486,5316348477060.596,5316348477060.596,4493932149976.395,11916287469.79436,1.0,0.0,destroy_shaw_stores,repair_regret2,1.0
1487,5316348477064.896,5316348477064.896,4493932149976.395,11892454894.85477,1.0,0.0,destroy_random_delivery,repair_random,1.0
1488,5316348477213.696,5316348477213.696,4493932149976.395,11868669985.065062,1.0,0.0,destroy_random_delivery,repair_random,1.0
1489,5316348477213.696,5316348477213.696,4493932149976.395,11844932645.09493,1.0,0.0,destroy_low_demand_stores,repair_random,1.0
1490,5316348477213.696,5316348477213.696,4493932149976.395,11821242779.80474,1.0,0.0,destroy_random_period,repair_regret2,1.0
1491,5316348477213.696,5316348477213.696,4493932149976.395,11797600294.24513,1.0,0.0,destroy_random_delivery,repair_random,1.0
1492,5316348477213.696,5316348477213.696,4493932149976.395,11774005093.656641,1.0,0.0,destroy_shaw_stores,repair_regret2,1.0
1493,5316348477213.696,5316348477213.696,4493932149976.395,11750457083.469328,1.0,0.0,destroy_shaw_stores,repair_regret2,1.0
1494,5307697884591.697,5307697884591.697,4493932149976.395,11726956169.30239,1.0,0.0,destroy_random_delivery,repair_greedy,1.0
1495,5300415571793.297,5300415571793.297,4493932149976.395,11703502256.963785,1.0,0.0,destroy_random_route,repair_regret2,1.0
1496,5300415571839.597,5300415571839.597,4493932149976.395,11680095252.449858,1.0,0.0,destroy_low_demand_stores,repair_random,1.0
1497,5300415571765.197,5300415571765.197,4493932149976.395,11656735061.944958,1.0,0.0,destroy_shaw_stores,repair_regret2,1.0
1498,5300415571765.197,5300415571765.197,4493932149976.395,11633421591.821068,1.0,0.0,destroy_shaw_stores,repair_regret2,1.0
1499,5293926028204.096,5293926028204.096,4493932149976.395,11610154748.637426,1.0,0.0,destroy_worst_delivery,repair_random,1.0
1500,5293926028204.096,5293926028204.096,4493932149976.395,11586934439.140152,1.0,0.0,destroy_shaw_stores,repair_regret2,1.0
1501,5293926028204.096,5293926028204.096,4493932149976.395,11563760570.261871,1.0,0.0,destroy_shaw_stores,repair_greedy,1.0
1502,5293926028129.696,5293926028129.696,4493932149976.395,11540633049.121347,1.0,0.0,destroy_low_demand_stores,repair_greedy,1.0
1503,5293926028073.796,5293926028073.796,4493932149976.395,11517551783.023106,1.0,0.0,destroy_random_delivery,repair_regret2,1.0
1504,5293926028073.796,5293926028073.796,4493932149976.395,11494516679.45706,1.0,0.0,destroy_low_demand_stores,repair_regret2,1.0
1505,5293926028073.796,5293926028073.796,4493932149976.395,11471527646.098146,1.0,0.0,destroy_shaw_stores,repair_regret2,1.0
1506,5293926028073.796,5314385366721.796,4493932149976.395,11448584590.80595,0.0,0.0,destroy_random_route,repair_random,1.0
1507,5293926027999.396,5293926027999.396,4493932149976.395,11425687421.624338,1.0,0.0,destroy_random_period,repair_greedy,1.0
1508,5293926027929.696,5293926027929.696,4493932149976.395,11402836046.78109,1.0,0.0,destroy_shaw_stores,repair_greedy,1.0
1509,5293926027929.696,5293926027929.696,4493932149976.395,11380030374.687527,1.0,0.0,destroy_random_period,repair_regret2,1.0
1510,5299018264672.8955,5299018264672.8955,4493932149976.395,11357270313.938152,1.0,0.0,destroy_random_route,repair_greedy,1.0
1511,5299018264603.196,5299018264603.196,4493932149976.395,11334555773.310276,1.0,0.0,destroy_random_route,repair_regret2,1.0
1512,5299018264603.196,5299018264603.196,4493932149976.395,11311886661.763655,1.0,0.0,destroy_shaw_stores,repair_regret2,1.0
1513,5299018264603.196,5299018264603.196,4493932149976.395,11289262888.440128,1.0,0.0,destroy_random_period,repair_regret2,1.0
1514,5295557516836.196,5295557516836.196,4493932149976.395,11266684362.663248,1.0,0.0,destroy_random_route,repair_greedy,1.0
1515,5295557516836.196,5295557516836.196,4493932149976.395,11244150993.937922,1.0,0.0,destroy_shaw_stores,repair_random,1.0
1516,5295557516836.196,5300775334817.297,4493932149976.395,11221662691.950047,0.0,0.0,destroy_worst_delivery,repair_random,1.0
1517,5302480066512.497,5302480066512.497,4493932149976.395,11199219366.566147,1.0,0.0,destroy_random_period,repair_greedy,1.0
1518,5302480066512.497,5302480066512.497,4493932149976.395,11176820927.833015,1.0,0.0,destroy_random_route,repair_greedy,1.0
1519,5300516955464.896,5300516955464.896,4493932149976.395,11154467285.97735,1.0,0.0,destroy_random_period,repair_random,1.0
1520,5300516955464.896,5300516955464.896,4493932149976.395,11132158351.405396,1.0,0.0,destroy_shaw_stores,repair_regret2,1.0
1521,5300516955464.896,5300516955464.896,4493932149976.395,11109894034.702585,1.0,0.0,destroy_random_route,repair_greedy,1.0
1522,5296439263606.896,5296439263606.896,4493932149976.395,11087674246.63318,1.0,0.0,destroy_random_delivery,repair_greedy,1.0
1523,5296439263606.896,5302436787013.896,4493932149976.395,11065498898.139914,0.0,0.0,destroy_random_delivery,repair_regret2,1.0
1524,5293493021884.597,5293493021884.597,4493932149976.395,11043367900.343634,1.0,0.0,destroy_worst_delivery,repair_greedy,1.0
1525,5293493021884.597,5309425927230.597,4493932149976.395,11021281164.542946,0.0,0.0,destroy_worst_delivery,repair_greedy,1.0
1526,5293493021958.997,5293493021958.997,4493932149976.395,10999238602.21386,1.0,0.0,destroy_random_period,repair_random,1.0
1527,5293493021958.997,5293493021958.997,4493932149976.395,10977240125.009432,1.0,0.0,destroy_random_period,repair_greedy,1.0
1528,5293493021958.997,5293493021958.997,4493932149976.395,10955285644.759413,1.0,0.0,destroy_worst_delivery,repair_regret2,1.0
1529,5294058826053.997,5294058826053.997,4493932149976.395,10933375073.469894,1.0,0.0,destroy_random_delivery,repair_regret2,1.0
1530,5294058826053.997,5294058826053.997,4493932149976.395,10911508323.322954,1.0,0.0,destroy_random_period,repair_greedy,1.0
1531,5291682448854.997,5291682448854.997,4493932149976.395,10889685306.676308,1.0,0.0,destroy_random_delivery,repair_regret2,1.0
1532,5291682448925.097,5291682448925.097,4493932149976.395,10867905936.062956,1.0,0.0,destroy_shaw_stores,repair_random,1.0
1533,5291682448925.097,5291682448925.097,4493932149976.395,10846170124.19083,1.0,0.0,destroy_random_delivery,repair_greedy,1.0
1534,5291682448925.097,5291682448925.097,4493932149976.395,10824477783.942448,1.0,0.0,destroy_random_route,repair_regret2,1.0
1535,5291682449009.097,5291682449009.097,4493932149976.395,10802828828.374563,1.0,0.0,destroy_random_period,repair_random,1.0
1536,5291682449014.397,5291682449014.397,4493932149976.395,10781223170.717813,1.0,0.0,destroy_random_period,repair_random,1.0
1537,5291682449005.697,5291682449005.697,4493932149976.395,10759660724.376377,1.0,0.0,destroy_random_period,repair_random,1.0
1538,5291682449005.697,5291912831848.598,4493932149976.395,10738141402.927624,0.0,0.0,destroy_random_route,repair_random,1.0
1539,5291682449085.396,5291682449085.396,4493932149976.395,10716665120.121769,1.0,0.0,destroy_low_demand_stores,repair_random,1.0
1540,5291682449702.795,5291682449702.795,4493932149976.395,10695231789.881525,1.0,0.0,destroy_random_route,repair_random,1.0
1541,5288966590116.494,5288966590116.494,4493932149976.395,10673841326.301762,1.0,0.0,destroy_worst_delivery,repair_random,1.0
1542,5288966590122.095,5288966590122.095,4493932149976.395,10652493643.649158,1.0,0.0,destroy_shaw_stores,repair_random,1.0
1543,5288966590093.595,5288966590093.595,4493932149976.395,10631188656.36186,1.0,0.0,destroy_random_delivery,repair_regret2,1.0
1544,5288966590009.496,5288966590009.496,4493932149976.395,10609926279.049137,1.0,0.0,destroy_low_demand_stores,repair_regret2,1.0
1545,5288966590154.896,5288966590154.896,4493932149976.395,10588706426.49104,1.0,0.0,destroy_random_route,repair_random,1.0
1546,5288966590084.796,5288966590084.796,4493932149976.395,10567529013.638058,1.0,0.0,destroy_random_period,repair_regret2,1.0
1547,5288966590009.495,5288966590009.495,4493932149976.395,10546393955.61078,1.0,0.0,destroy_random_delivery,repair_greedy,1.0
1548,5288966589934.195,5288966589934.195,4493932149976.395,10525301167.699558,1.0,0.0,destroy_random_period,repair_greedy,1.0
1549,5288966589934.195,5300775335273.196,4493932149976.395,10504250565.364159,0.0,0.0,destroy_worst_delivery,repair_greedy,1.0
1550,5299490545956.196,5299490545956.196,4493932149976.395,10483242064.23343,1.0,0.0,destroy_worst_delivery,repair_greedy,1.0
1551,5299490545857.496,5299490545857.496,4493932149976.395,10462275580.104963,1.0,0.0,destroy_worst_delivery,repair_regret2,1.0
1552,5299490545782.196,5299490545782.196,4493932149976.395,10441351028.944754,1.0,0.0,destroy_random_route,repair_regret2,1.0
1553,5299490545782.196,5299490545782.196,4493932149976.395,10420468326.886864,1.0,0.0,destroy_low_demand_stores,repair_greedy,1.0
1554,5299490545851.8955,5299490545851.8955,4493932149976.395,10399627390.23309,1.0,0.0,destroy_shaw_stores,repair_random,1.0
1555,5288966589858.8955,5288966589858.8955,4493932149976.395,10378828135.452623,1.0,0.0,destroy_worst_delivery,repair_random,1.0
1556,5288966589858.8955,5288966589858.8955,4493932149976.395,10358070479.181719,1.0,0.0,destroy_random_period,repair_random,1.0
1557,5288966589858.8955,5306413095500.8955,4493932149976.395,10337354338.223356,0.0,0.0,destroy_random_route,repair_regret2,1.0
1558,5288966589858.8955,5288966589858.8955,4493932149976.395,10316679629.54691,1.0,0.0,destroy_low_demand_stores,repair_regret2,1.0
1559,5288966589858.8955,5288966589858.8955,4493932149976.395,10296046270.287815,1.0,0.0,destroy_random_period,repair_greedy,1.0
1560,5288966589858.8955,5288966589858.8955,4493932149976.395,10275454177.74724,1.0,0.0,destroy_low_demand_stores,repair_greedy,1.0
1561,5288966589858.8955,5288966589858.8955,4493932149976.395,10254903269.391747,1.0,0.0,destroy_random_delivery,repair_regret2,1.0
1562,5288966589858.8955,5288966589858.8955,4493932149976.395,10234393462.852962,1.0,0.0,destroy_random_delivery,repair_regret2,1.0
1563,5288966589783.596,5288966589783.596,4493932149976.395,10213924675.927256,1.0,0.0,destroy_random_delivery,repair_regret2,1.0
1564,5288966589863.295,5288966589863.295,4493932149976.395,10193496826.575401,1.0,0.0,destroy_low_demand_stores,repair_random,1.0
1565,5288966589783.596,5288966589783.596,4493932149976.395,10173109832.92225,1.0,0.0,destroy_low_demand_stores,repair_greedy,1.0
1566,5288966589708.296,5288966589708.296,4493932149976.395,10152763613.256407,1.0,0.0,destroy_shaw_stores,repair_regret2,1.0
1567,5288966589708.296,5288966589708.296,4493932149976.395,10132458086.029894,1.0,0.0,destroy_low_demand_stores,repair_greedy,1.0
1568,5288966589708.296,5299490545790.3955,4493932149976.395,10112193169.857834,0.0,0.0,destroy_worst_delivery,repair_regret2,1.0
1569,5288966589792.296,5288966589792.296,4493932149976.395,10091968783.518118,1.0,0.0,destroy_random_period,repair_random,1.0
1570,5288966589792.296,5309425927828.596,4493932149976.395,10071784845.951082,0.0,0.0,destroy_random_period,repair_greedy,1.0
1571,5288966589792.296,5288966589792.296,4493932149976.395,10051641276.25918,1.0,0.0,destroy_random_period,repair_regret2,1.0
1572,5288966590002.795,5288966590002.795,4493932149976.395,10031537993.706661,1.0,0.0,destroy_random_route,repair_random,1.0
1573,5288966590147.794,5288966590147.794,4493932149976.395,10011474917.719248,1.0,0.0,destroy_worst_delivery,repair_random,1.0
1574,5288966589868.096,5288966589868.096,4493932149976.395,9991451967.88381,1.0,0.0,destroy_random_route,repair_regret2,1.0
1575,5288966589868.096,5288966589868.096,4493932149976.395,9971469063.948042,1.0,0.0,destroy_low_demand_stores,repair_random,1.0
1576,5288966589868.096,5288966589868.096,4493932149976.395,9951526125.820147,1.0,0.0,destroy_low_demand_stores,repair_greedy,1.0
1577,5288966589868.096,5288966589868.096,4493932149976.395,9931623073.568506,1.0,0.0,destroy_random_delivery,repair_regret2,1.0
1578,5288966589763.796,5288966589763.796,4493932149976.395,9911759827.42137,1.0,0.0,destroy_worst_delivery,repair_greedy,1.0
1579,5288966589763.796,5288966589763.796,4493932149976.395,9891936307.766527,1.0,0.0,destroy_low_demand_stores,repair_greedy,1.0
1580,5288966589763.796,5288966589763.796,4493932149976.395,9872152435.150993,1.0,0.0,destroy_random_period,repair_regret2,1.0
1581,5288966589758.195,5288966589758.195,4493932149976.395,9852408130.280691,1.0,0.0,destroy_random_delivery,repair_regret2,1.0
1582,5288966589758.195,5288966589758.195,4493932149976.395,9832703314.02013,1.0,0.0,destroy_low_demand_stores,repair_regret2,1.0
1583,5288966589944.3955,5288966589944.3955,4493932149976.395,9813037907.39209,1.0,0.0,destroy_random_route,repair_random,1.0
1584,5288966589958.596,5288966589958.596,4493932149976.395,9793411831.577305,1.0,0.0,destroy_low_demand_stores,repair_random,1.0
1585,5288966589958.596,5288966589958.596,4493932149976.395,9773825007.91415,1.0,0.0,destroy_random_period,repair_random,1.0
1586,5288966589958.596,5288966589958.596,4493932149976.395,9754277357.898321,1.0,0.0,destroy_low_demand_stores,repair_random,1.0
1587,5288966589986.695,5288966589986.695,4493932149976.395,9734768803.182524,1.0,0.0,destroy_shaw_stores,repair_random,1.0
1588,5288966589921.196,5288966589921.196,4493932149976.395,9715299265.576159,1.0,0.0,destroy_random_route,repair_random,1.0
1589,5300415572063.997,5300415572063.997,4493932149976.395,9695868667.045006,1.0,0.0,destroy_random_route,repair_regret2,1.0
1590,5300415571924.097,5300415571924.097,4493932149976.395,9676476929.710917,1.0,0.0,destroy_random_route,repair_regret2,1.0
1591,5300415571924.097,5318695537305.396,4493932149976.395,9657123975.851494,0.0,0.0,destroy_worst_delivery,repair_greedy,1.0
1592,5288966589609.196,5288966589609.196,4493932149976.395,9637809727.899792,1.0,0.0,destroy_worst_delivery,repair_random,1.0
1593,5288966589609.196,5307798114811.098,4493932149976.395,9618534108.443993,0.0,0.0,destroy_random_route,repair_random,1.0
1594,5288966589594.997,5288966589594.997,4493932149976.395,9599297040.227104,1.0,0.0,destroy_low_demand_stores,repair_regret2,1.0
1595,5288966589581.097,5288966589581.097,4493932149976.395,9580098446.14665,1.0,0.0,destroy_random_delivery,repair_greedy,1.0
1596,5288966589660.796,5288966589660.796,4493932149976.395,9560938249.254356,1.0,0.0,destroy_low_demand_stores,repair_random,1.0
1597,5288966589660.796,5288966589660.796,4493932149976.395,9541816372.755848,1.0,0.0,destroy_random_period,repair_greedy,1.0
1598,5288966589744.796,5288966589744.796,4493932149976.395,9522732740.010336,1.0,0.0,destroy_random_period,repair_random,1.0
1599,5288966589744.796,5288966589744.796,4493932149976.395,9503687274.530315,1.0,0.0,destroy_random_period,repair_random,1.0
1600,5288966589744.796,5303212142827.296,4493932149976.395,9484679899.981255,0.0,0.0,destroy_random_route,repair_random,1.0
1601,5288966589730.495,5288966589730.495,4493932149976.395,9465710540.181292,1.0,0.0,destroy_random_delivery,repair_greedy,1.0
1602,5288966589730.495,5303212142892.495,4493932149976.395,9446779119.10093,0.0,0.0,destroy_worst_delivery,repair_random,1.0
1603,5288966589730.495,5288966589730.495,4493932149976.395,9427885560.862728,1.0,0.0,destroy_random_period,repair_regret2,1.0
1604,5288966589730.495,5288966589730.495,4493932149976.395,9409029789.741003,1.0,0.0,destroy_random_delivery,repair_greedy,1.0
1605,5288966589730.495,5307798114750.595,4493932149976.395,9390211730.161522,0.0,0.0,destroy_worst_delivery,repair_regret2,1.0
1606,5288966589650.796,5288966589650.796,4493932149976.395,9371431306.701199,1.0,0.0,destroy_low_demand_stores,repair_greedy,1.0
1607,5288966589581.097,5288966589581.097,4493932149976.395,9352688444.087795,1.0,0.0,destroy_random_period,repair_greedy,1.0
1608,5288966589581.097,5295557517237.196,4493932149976.395,9333983067.19962,0.0,0.0,destroy_random_route,repair_greedy,1.0
1609,5288966589511.396,5288966589511.396,4493932149976.395,9315315101.06522,1.0,0.0,destroy_random_period,repair_regret2,1.0
1610,5288966589511.396,5288966589511.396,4493932149976.395,9296684470.863089,1.0,0.0,destroy_random_period,repair_regret2,1.0
1611,5288966589511.396,5288966589511.396,4493932149976.395,9278091101.921362,1.0,0.0,destroy_low_demand_stores,repair_greedy,1.0
1612,5300875564794.697,5300875564794.697,4493932149976.395,9259534919.71752,1.0,0.0,destroy_random_route,repair_regret2,1.0
1613,5300875564794.697,5300875564794.697,4493932149976.395,9241015849.878084,1.0,0.0,destroy_random_period,repair_regret2,1.0
1614,5300875564794.697,5300875564794.697,4493932149976.395,9222533818.178328,1.0,0.0,destroy_random_delivery,repair_greedy,1.0
1615,5300875564794.697,5311399520765.997,4493932149976.395,9204088750.541971,0.0,0.0,destroy_random_route,repair_regret2,1.0
1616,5317065747020.497,5317065747020.497,4493932149976.395,9185680573.040888,1.0,0.0,destroy_worst_delivery,repair_greedy,1.0
1617,5317065747249.496,5317065747249.496,4493932149976.395,9167309211.894806,1.0,0.0,destroy_random_route,repair_random,1.0
1618,5295013263362.595,5295013263362.595,4493932149976.395,9148974593.471016,1.0,0.0,destroy_worst_delivery,repair_random,1.0
1619,5295013263362.595,5307798114796.596,4493932149976.395,9130676644.284075,0.0,0.0,destroy_worst_delivery,repair_regret2,1.0
1620,5295013263367.396,5295013263367.396,4493932149976.395,9112415290.995506,1.0,0.0,destroy_random_route,repair_random,1.0
1621,5295013263437.097,5295013263437.097,4493932149976.395,9094190460.413515,1.0,0.0,destroy_random_delivery,repair_random,1.0
1622,5295013263437.097,5295013263437.097,4493932149976.395,9076002079.492687,1.0,0.0,destroy_random_delivery,repair_regret2,1.0
1623,5295013263437.097,5300875565293.495,4493932149976.395,9057850075.333702,0.0,0.0,destroy_worst_delivery,repair_random,1.0
1624,5298907731209.097,5298907731209.097,4493932149976.395,9039734375.183035,1.0,0.0,destroy_random_delivery,repair_regret2,1.0
1625,5298907731139.396,5298907731139.396,4493932149976.395,9021654906.432669,1.0,0.0,destroy_random_delivery,repair_random,1.0
1626,5298907731139.396,5312761335431.496,4493932149976.395,9003611596.619802,0.0,0.0,destroy_random_route,repair_greedy,1.0
1627,5303867169572.297,5303867169572.297,4493932149976.395,8985604373.426563,1.0,0.0,destroy_worst_delivery,repair_greedy,1.0
1628,5303867169572.297,5314391125529.297,4493932149976.395,8967633164.67971,0.0,0.0,destroy_random_route,repair_regret2,1.0
1629,5303867169572.297,5303867169572.297,4493932149976.395,8949697898.350351,1.0,0.0,destroy_random_delivery,repair_regret2,1.0
1630,5303867169572.297,5303867169572.297,4493932149976.395,8931798502.55365,1.0,0.0,destroy_random_period,repair_greedy,1.0
1631,5303867169572.297,5307798114755.297,4493932149976.395,8913934905.548542,0.0,0.0,destroy_worst_delivery,repair_regret2,1.0
1632,5307798114755.297,5307798114755.297,4493932149976.395,8896107035.737446,1.0,0.0,destroy_worst_delivery,repair_regret2,1.0
1633,5307798114909.396,5307798114909.396,4493932149976.395,8878314821.665972,1.0,0.0,destroy_random_route,repair_random,1.0
1634,5307798114909.396,5307798114909.396,4493932149976.395,8860558192.02264,1.0,0.0,destroy_low_demand_stores,repair_random,1.0
1635,5307798114909.396,5307798114909.396,4493932149976.395,8842837075.638596,1.0,0.0,destroy_shaw_stores,repair_regret2,1.0
1636,5307798114909.798,5307798114909.798,4493932149976.395,8825151401.487318,1.0,0.0,destroy_low_demand_stores,repair_random,1.0
1637,5307798114909.798,5317065747524.798,4493932149976.395,8807501098.684343,0.0,0.0,destroy_worst_delivery,repair_greedy,1.0
1638,5307798114909.798,5307798114909.798,4493932149976.395,8789886096.486975,1.0,0.0,destroy_worst_delivery,repair_regret2,1.0
1639,5307798114909.798,5307798114909.798,4493932149976.395,8772306324.294,1.0,0.0,destroy_worst_delivery,repair_greedy,1.0
1640,5307798114909.397,5307798114909.397,4493932149976.395,8754761711.645412,1.0,0.0,destroy_random_delivery,repair_regret2,1.0
1641,5307798114839.298,5307798114839.298,4493932149976.395,8737252188.222122,1.0,0.0,destroy_random_period,repair_greedy,1.0
1642,5307798114839.298,5307798114839.298,4493932149976.395,8719777683.845678,1.0,0.0,destroy_shaw_stores,repair_regret2,1.0
1643,5307798114838.896,5307798114838.896,4493932149976.395,8702338128.477987,1.0,0.0,destroy_low_demand_stores,repair_greedy,1.0
1644,5307798114866.997,5307798114866.997,4493932149976.395,8684933452.221031,1.0,0.0,destroy_shaw_stores,repair_random,1.0
1645,5295889139229.597,5295889139229.597,4493932149976.395,8667563585.31659,1.0,0.0,destroy_random_route,repair_regret2,1.0
1646,5295889139229.597,5301218411507.496,4493932149976.395,8650228458.145956,0.0,0.0,destroy_random_route,repair_random,1.0
1647,5295889139299.296,5295889139299.296,4493932149976.395,8632928001.229664,1.0,0.0,destroy_random_period,repair_random,1.0
1648,5295889139299.296,5295889139299.296,4493932149976.395,8615662145.227205,1.0,0.0,destroy_random_period,repair_greedy,1.0
1649,5295889139299.296,5295889139299.296,4493932149976.395,8598430820.93675,1.0,0.0,destroy_shaw_stores,repair_greedy,1.0
1650,5295889139299.296,5295889139299.296,4493932149976.395,8581233959.294877,1.0,0.0,destroy_low_demand_stores,repair_regret2,1.0
1651,5295889139383.296,5295889139383.296,4493932149976.395,8564071491.376287,1.0,0.0,destroy_shaw_stores,repair_random,1.0
1652,5295889139383.296,5295889139383.296,4493932149976.395,8546943348.393535,1.0,0.0,destroy_random_delivery,repair_greedy,1.0
1653,5295889139617.194,5295889139617.194,4493932149976.395,8529849461.696748,1.0,0.0,destroy_worst_delivery,repair_random,1.0
1654,5295889139601.996,5295889139601.996,4493932149976.395,8512789762.773355,1.0,0.0,destroy_worst_delivery,repair_random,1.0
1655,5300415571835.097,5300415571835.097,4493932149976.395,8495764183.2478075,1.0,0.0,destroy_random_route,repair_greedy,1.0
1656,5300415571835.097,5300415571835.097,4493932149976.395,8478772654.881311,1.0,0.0,destroy_random_delivery,repair_regret2,1.0
1657,5300415571765.396,5300415571765.396,4493932149976.395,8461815109.571548,1.0,0.0,destroy_worst_delivery,repair_regret2,1.0
1658,5300415571751.597,5300415571751.597,4493932149976.395,8444891479.352406,1.0,0.0,destroy_shaw_stores,repair_random,1.0
1659,5300415571751.597,5300415571751.597,4493932149976.395,8428001696.393701,1.0,0.0,destroy_low_demand_stores,repair_regret2,1.0
1660,5300415571751.597,5300415571751.597,4493932149976.395,8411145693.000914,1.0,0.0,destroy_low_demand_stores,repair_regret2,1.0
1661,5300415571751.597,5300415571751.597,4493932149976.395,8394323401.614912,1.0,0.0,destroy_low_demand_stores,repair_greedy,1.0
1662,5300415571751.597,5323279532025.597,4493932149976.395,8377534754.811682,0.0,0.0,destroy_worst_delivery,repair_greedy,1.0
1663,5300415571751.597,5300415571751.597,4493932149976.395,8360779685.302058,1.0,0.0,destroy_random_period,repair_greedy,1.0
1664,5298604998647.597,5298604998647.597,4493932149976.395,8344058125.931454,1.0,0.0,destroy_random_delivery,repair_regret2,1.0
1665,5295889139047.496,5295889139047.496,4493932149976.395,8327370009.679591,1.0,0.0,destroy_shaw_stores,repair_random,1.0
1666,5295889139047.496,5295889139047.496,4493932149976.395,8310715269.660232,1.0,0.0,destroy_shaw_stores,repair_greedy,1.0
1667,5300557712703.597,5300557712703.597,4493932149976.395,8294093839.120911,1.0,0.0,destroy_random_route,repair_greedy,1.0
1668,5300557712773.297,5300557712773.297,4493932149976.395,8277505651.442669,1.0,0.0,destroy_shaw_stores,repair_random,1.0
1669,5300557712829.196,5300557712829.196,4493932149976.395,8260950640.139784,1.0,0.0,destroy_random_period,repair_random,1.0
1670,5300557712647.697,5300557712647.697,4493932149976.395,8244428738.859505,1.0,0.0,destroy_random_route,repair_greedy,1.0
1671,5300557712647.697,5300557712647.697,4493932149976.395,8227939881.381785,1.0,0.0,destroy_random_period,repair_greedy,1.0
1672,5293635162976.997,5293635162976.997,4493932149976.395,8211484001.619021,1.0,0.0,destroy_worst_delivery,repair_random,1.0
1673,5298594601624.797,5298594601624.797,4493932149976.395,8195061033.615784,1.0,0.0,destroy_shaw_stores,repair_random,1.0
1674,5298594601624.797,5298594601624.797,4493932149976.395,8178670911.5485525,1.0,0.0,destroy_shaw_stores,repair_regret2,1.0
1675,5298594601624.797,5300557712746.797,4493932149976.395,8162313569.725455,0.0,0.0,destroy_random_delivery,repair_regret2,1.0
1676,5298594601624.797,5298594601624.797,4493932149976.395,8145988942.586004,1.0,0.0,destroy_random_period,repair_greedy,1.0
1677,5298594601624.797,5298594601624.797,4493932149976.395,8129696964.700832,1.0,0.0,destroy_shaw_stores,repair_regret2,1.0
1678,5304449983995.797,5304449983995.797,4493932149976.395,8113437570.771431,1.0,0.0,destroy_random_delivery,repair_regret2,1.0
1679,5298452460519.097,5298452460519.097,4493932149976.395,8097210695.629889,1.0,0.0,destroy_random_route,repair_regret2,1.0
1680,5298452460519.097,5298452460519.097,4493932149976.395,8081016274.238628,1.0,0.0,destroy_random_delivery,repair_random,1.0
1681,5300415571621.697,5300415571621.697,4493932149976.395,8064854241.690151,1.0,0.0,destroy_worst_delivery,repair_regret2,1.0
1682,5300415571621.697,5300415571621.697,4493932149976.395,8048724533.206771,1.0,0.0,destroy_low_demand_stores,repair_regret2,1.0
1683,5300981375716.697,5300981375716.697,4493932149976.395,8032627084.140357,1.0,0.0,destroy_random_delivery,repair_random,1.0
1684,5300981375716.697,5316348476967.697,4493932149976.395,8016561829.972076,0.0,0.0,destroy_worst_delivery,repair_regret2,1.0
1685,5307912430644.697,5307912430644.697,4493932149976.395,8000528706.312132,1.0,0.0,destroy_random_delivery,repair_greedy,1.0
1686,5306413095028.697,5306413095028.697,4493932149976.395,7984527648.8995075,1.0,0.0,destroy_worst_delivery,repair_regret2,1.0
1687,5306413095028.697,5306413095028.697,4493932149976.395,7968558593.601708,1.0,0.0,destroy_low_demand_stores,repair_regret2,1.0
1688,5306413095028.697,5306413095028.697,4493932149976.395,7952621476.414505,1.0,0.0,destroy_low_demand_stores,repair_regret2,1.0
1689,5306413095028.697,5306413095028.697,4493932149976.395,7936716233.461676,1.0,0.0,destroy_random_period,repair_regret2,1.0
1690,5298604998517.697,5298604998517.697,4493932149976.395,7920842800.994752,1.0,0.0,destroy_random_delivery,repair_greedy,1.0
1691,5298604998517.697,5298604998517.697,4493932149976.395,7905001115.392762,1.0,0.0,destroy_low_demand_stores,repair_regret2,1.0
1692,5298604998517.697,5298604998517.697,4493932149976.395,7889191113.161977,1.0,0.0,destroy_shaw_stores,repair_regret2,1.0
1693,5298604998587.797,5298604998587.797,4493932149976.395,7873412730.935653,1.0,0.0,destroy_shaw_stores,repair_random,1.0
1694,5298604998587.797,5306413095098.797,4493932149976.395,7857665905.473782,0.0,0.0,destroy_worst_delivery,repair_regret2,1.0
1695,5298604998587.797,5298604998587.797,4493932149976.395,7841950573.662834,1.0,0.0,destroy_shaw_stores,repair_greedy,1.0
1696,5299490545482.696,5299490545482.696,4493932149976.395,7826266672.515509,1.0,0.0,destroy_worst_delivery,repair_random,1.0
1697,5299490545482.696,5299490545482.696,4493932149976.395,7810614139.170478,1.0,0.0,destroy_random_delivery,repair_greedy,1.0
1698,5299490545482.696,5299490545482.696,4493932149976.395,7794992910.892137,1.0,0.0,destroy_random_period,repair_greedy,1.0
1699,5299490545482.696,5299490545482.696,4493932149976.395,7779402925.070353,1.0,0.0,destroy_shaw_stores,repair_greedy,1.0
1700,5299490545482.696,5299490545482.696,4493932149976.395,7763844119.220212,1.0,0.0,destroy_random_period,repair_regret2,1.0
1701,5299490545552.797,5299490545552.797,4493932149976.395,7748316430.981771,1.0,0.0,destroy_random_period,repair_random,1.0
1702,5299490545628.097,5299490545628.097,4493932149976.395,7732819798.119808,1.0,0.0,destroy_random_period,repair_random,1.0
1703,5299490545628.097,5299490545628.097,4493932149976.395,7717354158.523568,1.0,0.0,destroy_shaw_stores,repair_random,1.0
1704,5309425927530.597,5309425927530.597,4493932149976.395,7701919450.206521,1.0,0.0,destroy_worst_delivery,repair_random,1.0
1705,5309425927530.597,5309425927530.597,4493932149976.395,7686515611.3061075,1.0,0.0,destroy_shaw_stores,repair_regret2,1.0
1706,5309425927530.597,5309425927530.597,4493932149976.395,7671142580.083495,1.0,0.0,destroy_random_delivery,repair_greedy,1.0
1707,5309425927530.597,5309425927530.597,4493932149976.395,7655800294.923328,1.0,0.0,destroy_shaw_stores,repair_regret2,1.0
1708,5304449984122.196,5304449984122.196,4493932149976.395,7640488694.333482,1.0,0.0,destroy_worst_delivery,repair_greedy,1.0
1709,5304449984122.196,5306413095244.196,4493932149976.395,7625207716.944815,0.0,0.0,destroy_worst_delivery,repair_greedy,1.0
1710,5304449984107.997,5304449984107.997,4493932149976.395,7609957301.510925,1.0,0.0,destroy_random_delivery,repair_greedy,1.0
1711,5304449984032.697,5304449984032.697,4493932149976.395,7594737386.907904,1.0,0.0,destroy_shaw_stores,repair_random,1.0
1712,5288966589524.797,5288966589524.797,4493932149976.395,7579547912.134088,1.0,0.0,destroy_worst_delivery,repair_random,1.0
1713,5288966589474.497,5288966589474.497,4493932149976.395,7564388816.309819,1.0,0.0,destroy_worst_delivery,repair_random,1.0
1714,5288966589474.497,5288966589474.497,4493932149976.395,7549260038.677199,1.0,0.0,destroy_shaw_stores,repair_greedy,1.0
1715,5288966590076.496,5288966590076.496,4493932149976.395,7534161518.599845,1.0,0.0,destroy_random_route,repair_random,1.0
1716,5288966590020.597,5288966590020.597,4493932149976.395,7519093195.562645,1.0,0.0,destroy_shaw_stores,repair_regret2,1.0
1717,5288966590020.597,5302820194620.597,4493932149976.395,7504055009.171519,0.0,0.0,destroy_worst_delivery,repair_random,1.0
1718,5288966590020.597,5309425928196.295,4493932149976.395,7489046899.153176,0.0,0.0,destroy_worst_delivery,repair_random,1.0
1719,5288966589964.696,5288966589964.696,4493932149976.395,7474068805.35487,1.0,0.0,destroy_random_period,repair_greedy,1.0
1720,5288966589727.297,5288966589727.297,4493932149976.395,7459120667.74416,1.0,0.0,destroy_random_route,repair_greedy,1.0
1721,5288966589727.297,5288966589727.297,4493932149976.395,7444202426.408671,1.0,0.0,destroy_shaw_stores,repair_regret2,1.0
1722,5288966589787.398,5288966589787.398,4493932149976.395,7429314021.555854,1.0,0.0,destroy_random_delivery,repair_random,1.0
1723,5288966589857.098,5288966589857.098,4493932149976.395,7414455393.512742,1.0,0.0,destroy_random_period,repair_random,1.0
1724,5288966589996.497,5288966589996.497,4493932149976.395,7399626482.725717,1.0,0.0,destroy_worst_delivery,repair_random,1.0
1725,5288966589996.497,5288966589996.497,4493932149976.395,7384827229.760265,1.0,0.0,destroy_worst_delivery,repair_random,1.0
1726,5295889139658.896,5295889139658.896,4493932149976.395,7370057575.300745,1.0,0.0,destroy_worst_delivery,repair_regret2,1.0
1727,5295889139804.795,5295889139804.795,4493932149976.395,7355317460.150144,1.0,0.0,destroy_random_route,repair_random,1.0
1728,5295889139804.795,5295889139804.795,4493932149976.395,7340606825.229843,1.0,0.0,destroy_low_demand_stores,repair_greedy,1.0
1729,5295889139804.795,5295889139804.795,4493932149976.395,7325925611.579384,1.0,0.0,destroy_shaw_stores,repair_regret2,1.0
1730,5295889139734.695,5295889139734.695,4493932149976.395,7311273760.356225,1.0,0.0,destroy_shaw_stores,repair_greedy,1.0
1731,5295889139734.695,5295889139734.695,4493932149976.395,7296651212.835512,1.0,0.0,destroy_shaw_stores,repair_greedy,1.0
1732,5293926028523.596,5293926028523.596,4493932149976.395,7282057910.409842,1.0,0.0,destroy_worst_delivery,repair_greedy,1.0
1733,5293981469143.796,5293981469143.796,4493932149976.395,7267493794.589022,1.0,0.0,destroy_random_route,repair_greedy,1.0
1734,5293981469073.696,5293981469073.696,4493932149976.395,7252958806.999844,1.0,0.0,destroy_shaw_stores,repair_greedy,1.0
1735,5293981469073.696,5302820194157.996,4493932149976.395,7238452889.385844,0.0,0.0,destroy_worst_delivery,repair_greedy,1.0
1736,5293981469073.696,5293981469073.696,4493932149976.395,7223975983.607073,1.0,0.0,destroy_shaw_stores,repair_greedy,1.0
1737,5288966589623.3955,5288966589623.3955,4493932149976.395,7209528031.639858,1.0,0.0,destroy_random_delivery,repair_regret2,1.0
1738,5288966589623.3955,5288966589623.3955,4493932149976.395,7195108975.576578,1.0,0.0,destroy_shaw_stores,repair_greedy,1.0
1739,5288966589697.796,5288966589697.796,4493932149976.395,7180718757.625425,1.0,0.0,destroy_random_delivery,repair_random,1.0
1740,5288966589628.096,5288966589628.096,4493932149976.395,7166357320.110174,1.0,0.0,destroy_random_period,repair_greedy,1.0
1741,5288966589697.796,5288966589697.796,4493932149976.395,7152024605.469954,1.0,0.0,destroy_random_period,repair_random,1.0
1742,5288966589877.3955,5288966589877.3955,4493932149976.395,7137720556.259013,1.0,0.0,destroy_worst_delivery,repair_random,1.0
1743,5288966589877.3955,5288966589877.3955,4493932149976.395,7123445115.146495,1.0,0.0,destroy_low_demand_stores,repair_greedy,1.0
1744,5288966590142.195,5288966590142.195,4493932149976.395,7109198224.916202,1.0,0.0,destroy_random_route,repair_random,1.0
1745,5288966590142.195,5288966590142.195,4493932149976.395,7094979828.46637,1.0,0.0,destroy_random_period,repair_regret2,1.0
1746,5288966590136.595,5288966590136.595,4493932149976.395,7080789868.809437,1.0,0.0,destroy_random_delivery,repair_regret2,1.0
1747,5288966589564.096,5288966589564.096,4493932149976.395,7066628289.071818,1.0,0.0,destroy_random_route,repair_greedy,1.0
1748,5288966589772.796,5288966589772.796,4493932149976.395,7052495032.493674,1.0,0.0,destroy_random_delivery,repair_random,1.0
1749,5288966589772.796,5288966589772.796,4493932149976.395,7038390042.428687,1.0,0.0,destroy_low_demand_stores,repair_regret2,1.0
1750,5288966589703.096,5288966589703.096,4493932149976.395,7024313262.34383,1.0,0.0,destroy_shaw_stores,repair_regret2,1.0
1751,5295889139379.396,5295889139379.396,4493932149976.395,7010264635.819142,1.0,0.0,destroy_shaw_stores,repair_greedy,1.0
1752,5295889139518.796,5295889139518.796,4493932149976.395,6996244106.547504,1.0,0.0,destroy_random_delivery,repair_random,1.0
1753,5295889139518.796,5295889139518.796,4493932149976.395,6982251618.33441,1.0,0.0,destroy_random_delivery,repair_greedy,1.0
1754,5295889139518.796,5295889139518.796,4493932149976.395,6968287115.097741,1.0,0.0,destroy_random_period,repair_greedy,1.0
1755,5295889139518.796,5295889139518.796,4493932149976.395,6954350540.867546,1.0,0.0,destroy_random_route,repair_regret2,1.0
1756,5295889139518.796,5295889139518.796,4493932149976.395,6940441839.785811,1.0,0.0,destroy_shaw_stores,repair_regret2,1.0
1757,5295889139518.796,5295889139518.796,4493932149976.395,6926560956.106239,1.0,0.0,destroy_random_delivery,repair_regret2,1.0
1758,5295889139509.195,5295889139509.195,4493932149976.395,6912707834.194027,1.0,0.0,destroy_random_delivery,repair_regret2,1.0
1759,5295889139509.195,5295889139509.195,4493932149976.395,6898882418.525639,1.0,0.0,destroy_low_demand_stores,repair_greedy,1.0
1760,5295889139290.696,5295889139290.696,4493932149976.395,6885084653.688587,1.0,0.0,destroy_random_route,repair_regret2,1.0
1761,5295889139290.696,5295889139290.696,4493932149976.395,6871314484.38121,1.0,0.0,destroy_random_delivery,repair_greedy,1.0
1762,5295889139290.696,5304449984265.996,4493932149976.395,6857571855.412448,0.0,0.0,destroy_worst_delivery,repair_greedy,1.0
1763,5295889139220.996,5295889139220.996,4493932149976.395,6843856711.701623,1.0,0.0,destroy_random_delivery,repair_regret2,1.0
1764,5295889139220.996,5295889139220.996,4493932149976.395,6830168998.27822,1.0,0.0,destroy_low_demand_stores,repair_greedy,1.0
1765,5295889139220.996,5295889139220.996,4493932149976.395,6816508660.281664,1.0,0.0,destroy_low_demand_stores,repair_regret2,1.0
1766,5295889139220.996,5295889139220.996,4493932149976.395,6802875642.961101,1.0,0.0,destroy_random_delivery,repair_greedy,1.0
1767,5295889139595.496,5295889139595.496,4493932149976.395,6789269891.675179,1.0,0.0,destroy_random_route,repair_random,1.0
1768,5295889139511.496,5295889139511.496,4493932149976.395,6775691351.891829,1.0,0.0,destroy_random_period,repair_greedy,1.0
1769,5302820194429.8955,5302820194429.8955,4493932149976.395,6762139969.188045,1.0,0.0,destroy_worst_delivery,repair_greedy,1.0
1770,5302820194424.695,5302820194424.695,4493932149976.395,6748615689.249668,1.0,0.0,destroy_shaw_stores,repair_random,1.0
1771,5302820194424.695,5302820194424.695,4493932149976.395,6735118457.871169,1.0,0.0,destroy_worst_delivery,repair_greedy,1.0
1772,5295889139496.695,5295889139496.695,4493932149976.395,6721648220.955427,1.0,0.0,destroy_worst_delivery,repair_regret2,1.0
1773,5295889139426.996,5295889139426.996,4493932149976.395,6708204924.513516,1.0,0.0,destroy_random_route,repair_random,1.0
1774,5295889139455.096,5295889139455.096,4493932149976.395,6694788514.66449,1.0,0.0,destroy_low_demand_stores,repair_random,1.0
1775,5295889139529.496,5295889139529.496,4493932149976.395,6681398937.63516,1.0,0.0,destroy_low_demand_stores,repair_random,1.0
1776,5295889139515.195,5295889139515.195,4493932149976.395,6668036139.759891,1.0,0.0,destroy_random_delivery,repair_greedy,1.0
1777,5295889139515.195,5295889139515.195,4493932149976.395,6654700067.4803705,1.0,0.0,destroy_random_period,repair_regret2,1.0
1778,5295889139445.495,5295889139445.495,4493932149976.395,6641390667.345409,1.0,0.0,destroy_random_route,repair_regret2,1.0
1779,5295889139445.495,5295889139445.495,4493932149976.395,6628107886.010718,1.0,0.0,destroy_random_delivery,repair_greedy,1.0
1780,5295889139371.096,5295889139371.096,4493932149976.395,6614851670.238697,1.0,0.0,destroy_shaw_stores,repair_regret2,1.0
1781,5295889139441.195,5295889139441.195,4493932149976.395,6601621966.89822,1.0,0.0,destroy_shaw_stores,repair_random,1.0
1782,5295889139235.496,5295889139235.496,4493932149976.395,6588418722.964423,1.0,0.0,destroy_random_route,repair_regret2,1.0
1783,5295889139235.897,5295889139235.897,4493932149976.395,6575241885.518495,1.0,0.0,destroy_low_demand_stores,repair_random,1.0
1784,5295889139235.897,5295889139235.897,4493932149976.395,6562091401.7474575,1.0,0.0,destroy_random_period,repair_greedy,1.0
1785,5295889139235.897,5295889139235.897,4493932149976.395,6548967218.943963,1.0,0.0,destroy_shaw_stores,repair_regret2,1.0
1786,5295889139203.197,5295889139203.197,4493932149976.395,6535869284.506075,1.0,0.0,destroy_random_delivery,repair_regret2,1.0
1787,5295889139462.596,5295889139462.596,4493932149976.395,6522797545.937063,1.0,0.0,destroy_worst_delivery,repair_random,1.0
1788,5295889139518.496,5295889139518.496,4493932149976.395,6509751950.845189,1.0,0.0,destroy_random_period,repair_random,1.0
1789,5295889139448.796,5295889139448.796,4493932149976.395,6496732446.943499,1.0,0.0,destroy_random_period,repair_greedy,1.0
1790,5295889139448.796,5306413095774.995,4493932149976.395,6483738982.049612,0.0,0.0,destroy_random_route,repair_random,1.0
1791,5293926028326.796,5293926028326.796,4493932149976.395,6470771504.085513,1.0,0.0,destroy_random_delivery,repair_greedy,1.0
1792,5293926028326.395,5293926028326.395,4493932149976.395,6457829961.077342,1.0,0.0,destroy_low_demand_stores,repair_random,1.0
1793,5302820194306.695,5302820194306.695,4493932149976.395,6444914301.155188,1.0,0.0,destroy_worst_delivery,repair_greedy,1.0
1794,5288966589698.195,5288966589698.195,4493932149976.395,6432024472.552877,1.0,0.0,destroy_worst_delivery,repair_random,1.0
1795,5288966589783.495,5288966589783.495,4493932149976.395,6419160423.607772,1.0,0.0,destroy_random_route,repair_random,1.0
1796,5288966589633.696,5288966589633.696,4493932149976.395,6406322102.760556,1.0,0.0,destroy_random_route,repair_regret2,1.0
1797,5288966589633.696,5288966589633.696,4493932149976.395,6393509458.555035,1.0,0.0,destroy_random_period,repair_greedy,1.0
1798,5288966589633.696,5288966589633.696,4493932149976.395,6380722439.637924,1.0,0.0,destroy_low_demand_stores,repair_regret2,1.0
1799,5288966589642.396,5288966589642.396,4493932149976.395,6367960994.758648,1.0,0.0,destroy_shaw_stores,repair_random,1.0
1800,5288966589642.396,5288966589642.396,4493932149976.395,6355225072.769131,1.0,0.0,destroy_low_demand_stores,repair_random,1.0
1801,5288966589642.396,5299490545468.497,4493932149976.395,6342514622.623592,0.0,0.0,destroy_random_route,repair_regret2,1.0
1802,5288966589642.396,5288966589642.396,4493932149976.395,6329829593.3783455,1.0,0.0,destroy_shaw_stores,repair_random,1.0
1803,5288966589562.696,5288966589562.696,4493932149976.395,6317169934.191588,1.0,0.0,destroy_random_period,repair_regret2,1.0
1804,5288966589562.696,5288966589562.696,4493932149976.395,6304535594.323205,1.0,0.0,destroy_low_demand_stores,repair_regret2,1.0
1805,5288966589492.996,5288966589492.996,4493932149976.395,6291926523.134559,1.0,0.0,destroy_random_period,repair_regret2,1.0
1806,5288966589492.996,5288966589492.996,4493932149976.395,6279342670.088289,1.0,0.0,destroy_random_delivery,repair_regret2,1.0
1807,5288966589492.996,5288966589492.996,4493932149976.395,6266783984.748113,1.0,0.0,destroy_random_period,repair_regret2,1.0
1808,5288966589493.397,5288966589493.397,4493932149976.395,6254250416.778617,1.0,0.0,destroy_low_demand_stores,repair_random,1.0
1809,5295889139117.998,5295889139117.998,4493932149976.395,6241741915.94506,1.0,0.0,destroy_worst_delivery,repair_regret2,1.0
1810,5295889139197.697,5295889139197.697,4493932149976.395,6229258432.11317,1.0,0.0,destroy_shaw_stores,repair_random,1.0
1811,5295889139197.296,5295889139197.296,4493932149976.395,6216799915.248943,1.0,0.0,destroy_low_demand_stores,repair_regret2,1.0
1812,5295889139440.997,5295889139440.997,4493932149976.395,6204366315.418446,1.0,0.0,destroy_random_route,repair_random,1.0
1813,5295889139515.397,5295889139515.397,4493932149976.395,6191957582.787609,1.0,0.0,destroy_shaw_stores,repair_random,1.0
1814,5295889139514.499,5295889139514.499,4493932149976.395,6179573667.622034,1.0,0.0,destroy_low_demand_stores,repair_greedy,1.0
1815,5295889139365.697,5295889139365.697,4493932149976.395,6167214520.28679,1.0,0.0,destroy_random_route,repair_greedy,1.0
1816,5295889139361.397,5295889139361.397,4493932149976.395,6154880091.246217,1.0,0.0,destroy_shaw_stores,repair_random,1.0
1817,5295889139085.897,5295889139085.897,4493932149976.395,6142570331.0637245,1.0,0.0,destroy_random_route,repair_regret2,1.0
1818,5295889138931.798,5295889138931.798,4493932149976.395,6130285190.401597,1.0,0.0,destroy_random_route,repair_greedy,1.0
1819,5295889139379.8955,5295889139379.8955,4493932149976.395,6118024620.020794,1.0,0.0,destroy_random_route,repair_random,1.0
1820,5295889139379.8955,5295889139379.8955,4493932149976.395,6105788570.780752,1.0,0.0,destroy_random_delivery,repair_greedy,1.0
1821,5295889139379.8955,5295889139379.8955,4493932149976.395,6093576993.639191,1.0,0.0,destroy_random_period,repair_regret2,1.0
1822,5295889139305.8955,5295889139305.8955,4493932149976.395,6081389839.651913,1.0,0.0,destroy_worst_delivery,repair_regret2,1.0
1823,5295889139305.8955,5295889139305.8955,4493932149976.395,6069227059.972609,1.0,0.0,destroy_random_period,repair_regret2,1.0
1824,5295889139305.8955,5295889139305.8955,4493932149976.395,6057088605.852663,1.0,0.0,destroy_low_demand_stores,repair_greedy,1.0
1825,5295889139305.8955,5295889139305.8955,4493932149976.395,6044974428.640958,1.0,0.0,destroy_random_delivery,repair_regret2,1.0
1826,5295889139305.8955,5295889139305.8955,4493932149976.395,6032884479.783676,1.0,0.0,destroy_random_delivery,repair_regret2,1.0
1827,5295889139305.8955,5295889139305.8955,4493932149976.395,6020818710.824109,1.0,0.0,destroy_shaw_stores,repair_greedy,1.0
1828,5293926028332.8955,5293926028332.8955,4493932149976.395,6008777073.402461,1.0,0.0,destroy_worst_delivery,repair_random,1.0
1829,5293926028332.8955,5293926028332.8955,4493932149976.395,5996759519.255656,1.0,0.0,destroy_low_demand_stores,repair_greedy,1.0
1830,5293926028332.8955,5295889139305.8955,4493932149976.395,5984766000.217145,0.0,0.0,destroy_worst_delivery,repair_regret2,1.0
1831,5293926028388.795,5293926028388.795,4493932149976.395,5972796468.216711,1.0,0.0,destroy_random_delivery,repair_random,1.0
1832,5293926028388.795,5299018265187.8955,4493932149976.395,5960850875.280277,0.0,0.0,destroy_shaw_stores,repair_greedy,1.0
1833,5295889139136.696,5295889139136.696,4493932149976.395,5948929173.5297165,1.0,0.0,destroy_random_route,repair_regret2,1.0
1834,5295889139066.996,5295889139066.996,4493932149976.395,5937031315.182657,1.0,0.0,destroy_random_route,repair_greedy,1.0
1835,5295889139141.396,5295889139141.396,4493932149976.395,5925157252.552292,1.0,0.0,destroy_low_demand_stores,repair_random,1.0
1836,5295889139141.396,5295889139141.396,4493932149976.395,5913306938.047187,1.0,0.0,destroy_random_route,repair_regret2,1.0
1837,5295889139141.396,5295889139141.396,4493932149976.395,5901480324.171092,1.0,0.0,destroy_low_demand_stores,repair_greedy,1.0
1838,5293926027953.896,5293926027953.896,4493932149976.395,5889677363.52275,1.0,0.0,destroy_worst_delivery,repair_greedy,1.0
1839,5295889139075.896,5295889139075.896,4493932149976.395,5877898008.795705,1.0,0.0,destroy_worst_delivery,repair_regret2,1.0
1840,5293926028168.595,5293926028168.595,4493932149976.395,5866142212.778113,1.0,0.0,destroy_worst_delivery,repair_random,1.0
1841,5293926028168.595,5293926028168.595,4493932149976.395,5854409928.352557,1.0,0.0,destroy_random_period,repair_regret2,1.0
1842,5293926028168.595,5293926028168.595,4493932149976.395,5842701108.495852,1.0,0.0,destroy_low_demand_stores,repair_greedy,1.0
1843,5293926028238.694,5293926028238.694,4493932149976.395,5831015706.278861,1.0,0.0,destroy_random_period,repair_random,1.0
1844,5293926028168.595,5293926028168.595,4493932149976.395,5819353674.866303,1.0,0.0,destroy_shaw_stores,repair_regret2,1.0
1845,5288966590003.595,5288966590003.595,4493932149976.395,5807714967.516571,1.0,0.0,destroy_random_route,repair_random,1.0
1846,5293926028477.995,5293926028477.995,4493932149976.395,5796099537.581538,1.0,0.0,destroy_random_route,repair_random,1.0
1847,5295889139445.396,5295889139445.396,4493932149976.395,5784507338.506375,1.0,0.0,destroy_worst_delivery,repair_regret2,1.0
1848,5295889139525.096,5295889139525.096,4493932149976.395,5772938323.829363,1.0,0.0,destroy_low_demand_stores,repair_random,1.0
1849,5295889139525.096,5295889139525.096,4493932149976.395,5761392447.1817045,1.0,0.0,destroy_random_period,repair_regret2,1.0
1850,5295889139441.096,5295889139441.096,4493932149976.395,5749869662.287341,1.0,0.0,destroy_random_period,repair_regret2,1.0
1851,5295889139441.096,5295889139441.096,4493932149976.395,5738369922.962767,1.0,0.0,destroy_shaw_stores,repair_regret2,1.0
1852,5295889139286.996,5295889139286.996,4493932149976.395,5726893183.116841,1.0,0.0,destroy_low_demand_stores,repair_greedy,1.0
1853,5295889139286.996,5295889139286.996,4493932149976.395,5715439396.7506075,1.0,0.0,destroy_shaw_stores,repair_greedy,1.0
1854,5295889139286.996,5295889139286.996,4493932149976.395,5704008517.957107,1.0,0.0,destroy_random_delivery,repair_regret2,1.0
1855,5295889139053.196,5295889139053.196,4493932149976.395,5692600500.921192,1.0,0.0,destroy_random_route,repair_greedy,1.0
1856,5295889139053.196,5295889139053.196,4493932149976.395,5681215299.91935,1.0,0.0,destroy_random_period,repair_regret2,1.0
1857,5295889139132.896,5295889139132.896,4493932149976.395,5669852869.319511,1.0,0.0,destroy_random_period,repair_random,1.0
1858,5295889139132.896,5295889139132.896,4493932149976.395,5658513163.580873,1.0,0.0,destroy_random_period,repair_greedy,1.0
1859,5295889139132.896,5295889139132.896,4493932149976.395,5647196137.253711,1.0,0.0,destroy_random_delivery,repair_greedy,1.0
1860,5295889139202.596,5295889139202.596,4493932149976.395,5635901744.979203,1.0,0.0,destroy_shaw_stores,repair_random,1.0
1861,5295889139202.596,5295889139202.596,4493932149976.395,5624629941.489244,1.0,0.0,destroy_shaw_stores,repair_greedy,1.0
1862,5295889139202.596,5295889139202.596,4493932149976.395,5613380681.606266,1.0,0.0,destroy_random_delivery,repair_greedy,1.0
1863,5295889139703.097,5295889139703.097,4493932149976.395,5602153920.243053,1.0,0.0,destroy_random_route,repair_random,1.0
1864,5295889139703.097,5295889139703.097,4493932149976.395,5590949612.402567,1.0,0.0,destroy_random_delivery,repair_greedy,1.0
1865,5295889139623.397,5295889139623.397,4493932149976.395,5579767713.177762,1.0,0.0,destroy_shaw_stores,repair_regret2,1.0
1866,5295889139623.397,5295889139623.397,4493932149976.395,5568608177.751407,1.0,0.0,destroy_low_demand_stores,repair_greedy,1.0
1867,5295889139623.397,5295889139623.397,4493932149976.395,5557470961.395904,1.0,0.0,destroy_random_delivery,repair_regret2,1.0
1868,5295889139623.397,5306413095342.896,4493932149976.395,5546356019.473112,0.0,0.0,destroy_random_route,repair_regret2,1.0
1869,5295889139548.098,5295889139548.098,4493932149976.395,5535263307.434166,1.0,0.0,destroy_shaw_stores,repair_greedy,1.0
1870,5295889139603.997,5295889139603.997,4493932149976.395,5524192780.819298,1.0,0.0,destroy_shaw_stores,repair_random,1.0
1871,5295889139590.098,5295889139590.098,4493932149976.395,5513144395.257659,1.0,0.0,destroy_random_delivery,repair_regret2,1.0
1872,5295889139534.198,5295889139534.198,4493932149976.395,5502118106.467144,1.0,0.0,destroy_shaw_stores,repair_random,1.0
1873,5295889139714.298,5295889139714.298,4493932149976.395,5491113870.2542095,1.0,0.0,destroy_random_route,repair_random,1.0
1874,5295889139714.298,5295889139714.298,4493932149976.395,5480131642.513701,1.0,0.0,destroy_low_demand_stores,repair_regret2,1.0
1875,5295889139708.697,5295889139708.697,4493932149976.395,5469171379.228674,1.0,0.0,destroy_random_delivery,repair_greedy,1.0
1876,5295889139783.098,5295889139783.098,4493932149976.395,5458233036.470217,1.0,0.0,destroy_random_period,repair_random,1.0
1877,5298422963863.998,5298422963863.998,4493932149976.395,5447316570.397276,1.0,0.0,destroy_random_route,repair_greedy,1.0
1878,5298422963863.998,5298422963863.998,4493932149976.395,5436421937.256481,1.0,0.0,destroy_shaw_stores,repair_greedy,1.0
1879,5298422963943.697,5298422963943.697,4493932149976.395,5425549093.3819685,1.0,0.0,destroy_low_demand_stores,repair_random,1.0
1880,5298422963943.697,5307798114843.098,4493932149976.395,5414697995.195205,0.0,0.0,destroy_worst_delivery,repair_regret2,1.0
1881,5298422964357.496,5298422964357.496,4493932149976.395,5403868599.204814,1.0,0.0,destroy_random_route,repair_random,1.0
1882,5298422964277.796,5298422964277.796,4493932149976.395,5393060862.006404,1.0,0.0,destroy_random_period,repair_greedy,1.0
1883,5298422964277.796,5302949396425.197,4493932149976.395,5382274740.282392,0.0,0.0,destroy_random_route,repair_regret2,1.0
1884,5298422964277.796,5307798115177.196,4493932149976.395,5371510190.8018265,0.0,0.0,destroy_worst_delivery,repair_regret2,1.0
1885,5298422964695.496,5298422964695.496,4493932149976.395,5360767170.420223,1.0,0.0,destroy_random_route,repair_random,1.0
1886,5298422964769.8955,5298422964769.8955,4493932149976.395,5350045636.079383,1.0,0.0,destroy_shaw_stores,repair_random,1.0
1887,5298422964769.8955,5298422964769.8955,4493932149976.395,5339345544.807224,1.0,0.0,destroy_random_delivery,repair_regret2,1.0
1888,5298422964695.496,5298422964695.496,4493932149976.395,5328666853.717609,1.0,0.0,destroy_shaw_stores,repair_regret2,1.0
1889,5296459853534.8955,5296459853534.8955,4493932149976.395,5318009520.010174,1.0,0.0,destroy_worst_delivery,repair_greedy,1.0
1890,5295298744563.097,5295298744563.097,4493932149976.395,5307373500.970154,1.0,0.0,destroy_random_route,repair_greedy,1.0
1891,5295298744507.196,5295298744507.196,4493932149976.395,5296758753.968213,1.0,0.0,destroy_random_period,repair_greedy,1.0
1892,5295298744502.896,5295298744502.896,4493932149976.395,5286165236.460277,1.0,0.0,destroy_random_delivery,repair_random,1.0
1893,5295298744143.297,5295298744143.297,4493932149976.395,5275592905.987356,1.0,0.0,destroy_random_route,repair_greedy,1.0
1894,5298422963661.297,5298422963661.297,4493932149976.395,5265041720.175382,1.0,0.0,destroy_random_period,repair_regret2,1.0
1895,5298422963891.597,5298422963891.597,4493932149976.395,5254511636.735031,1.0,0.0,destroy_random_route,repair_random,1.0
1896,5298422963821.497,5298422963821.497,4493932149976.395,5244002613.461561,1.0,0.0,destroy_random_period,repair_random,1.0
1897,5298422963901.196,5298422963901.196,4493932149976.395,5233514608.234638,1.0,0.0,destroy_low_demand_stores,repair_random,1.0
1898,5295889139387.097,5295889139387.097,4493932149976.395,5223047579.018169,1.0,0.0,destroy_shaw_stores,repair_regret2,1.0
1899,5295889139387.097,5295889139387.097,4493932149976.395,5212601483.860133,1.0,0.0,destroy_random_delivery,repair_random,1.0
1900,5295889139387.097,5307798114734.896,4493932149976.395,5202176280.892413,0.0,0.0,destroy_random_route,repair_regret2,1.0
1901,5295889139387.097,5295889139387.097,4493932149976.395,5191771928.330628,1.0,0.0,destroy_random_period,repair_greedy,1.0
1902,5295889139456.797,5295889139456.797,4493932149976.395,5181388384.473968,1.0,0.0,destroy_random_period,repair_random,1.0
1903,5295889139526.896,5295889139526.896,4493932149976.395,5171025607.70502,1.0,0.0,destroy_random_period,repair_random,1.0
1904,5295889139526.896,5295889139526.896,4493932149976.395,5160683556.48961,1.0,0.0,destroy_worst_delivery,repair_regret2,1.0
1905,5295889139526.896,5295889139526.896,4493932149976.395,5150362189.376631,1.0,0.0,destroy_shaw_stores,repair_greedy,1.0
1906,5295889139451.597,5295889139451.597,4493932149976.395,5140061464.997877,1.0,0.0,destroy_random_period,repair_regret2,1.0
1907,5295889139377.196,5295889139377.196,4493932149976.395,5129781342.067882,1.0,0.0,destroy_random_period,repair_regret2,1.0
1908,5293926028185.496,5293926028185.496,4493932149976.395,5119521779.383746,1.0,0.0,destroy_worst_delivery,repair_greedy,1.0
1909,5293926028185.496,5293926028185.496,4493932149976.395,5109282735.824979,1.0,0.0,destroy_shaw_stores,repair_regret2,1.0
1910,5293926028110.196,5293926028110.196,4493932149976.395,5099064170.353329,1.0,0.0,destroy_random_period,repair_regret2,1.0
1911,5293926028110.196,5293926028110.196,4493932149976.395,5088866042.012622,1.0,0.0,destroy_random_delivery,repair_random,1.0
1912,5293926028030.497,5293926028030.497,4493932149976.395,5078688309.9285965,1.0,0.0,destroy_low_demand_stores,repair_greedy,1.0
1913,5293926028030.497,5293926028030.497,4493932149976.395,5068530933.30874,1.0,0.0,destroy_shaw_stores,repair_regret2,1.0
1914,5293926028104.898,5293926028104.898,4493932149976.395,5058393871.442122,1.0,0.0,destroy_random_period,repair_random,1.0
1915,5293926028029.599,5293926028029.599,4493932149976.395,5048277083.699238,1.0,0.0,destroy_random_period,repair_greedy,1.0
1916,5293926028029.599,5293926028029.599,4493932149976.395,5038180529.531839,1.0,0.0,destroy_random_period,repair_greedy,1.0
1917,5293926028029.599,5293926028029.599,4493932149976.395,5028104168.472775,1.0,0.0,destroy_random_delivery,repair_greedy,1.0
1918,5293926028029.599,5293926028029.599,4493932149976.395,5018047960.13583,1.0,0.0,destroy_random_period,repair_greedy,1.0
1919,5293926028029.599,5293926028029.599,4493932149976.395,5008011864.215558,1.0,0.0,destroy_random_delivery,repair_random,1.0
1920,5293926028029.599,5293926028029.599,4493932149976.395,4997995840.487127,1.0,0.0,destroy_shaw_stores,repair_greedy,1.0
1921,5293926028029.599,5293926028029.599,4493932149976.395,4987999848.806153,1.0,0.0,destroy_random_delivery,repair_random,1.0
1922,5293926028029.599,5293926028029.599,4493932149976.395,4978023849.108541,1.0,0.0,destroy_low_demand_stores,repair_random,1.0
1923,5293926027954.299,5293926027954.299,4493932149976.395,4968067801.410323,1.0,0.0,destroy_random_route,repair_regret2,1.0
1924,5293926027940.099,5293926027940.099,4493932149976.395,4958131665.807503,1.0,0.0,destroy_low_demand_stores,repair_greedy,1.0
1925,5288966589461.099,5288966589461.099,4493932149976.395,4948215402.475887,1.0,0.0,destroy_worst_delivery,repair_random,1.0
1926,5288966589461.099,5288966589461.099,4493932149976.395,4938318971.670936,1.0,0.0,destroy_random_period,repair_greedy,1.0
1927,5288966589381.398,5288966589381.398,4493932149976.395,4928442333.727593,1.0,0.0,destroy_random_delivery,repair_regret2,1.0
1928,5288966589461.099,5288966589461.099,4493932149976.395,4918585449.060139,1.0,0.0,destroy_shaw_stores,repair_random,1.0
1929,5288966589461.099,5295889139062.099,4493932149976.395,4908748278.162019,0.0,0.0,destroy_worst_delivery,repair_regret2,1.0
1930,5288966589461.099,5288966589461.099,4493932149976.395,4898930781.605695,1.0,0.0,destroy_random_delivery,repair_greedy,1.0
1931,5288966589516.998,5288966589516.998,4493932149976.395,4889132920.042483,1.0,0.0,destroy_shaw_stores,repair_random,1.0
1932,5288966589507.398,5288966589507.398,4493932149976.395,4879354654.202398,1.0,0.0,destroy_random_delivery,repair_greedy,1.0
1933,5288966589507.398,5288966589507.398,4493932149976.395,4869595944.893993,1.0,0.0,destroy_shaw_stores,repair_regret2,1.0
1934,5288966589507.398,5288966589507.398,4493932149976.395,4859856753.004206,1.0,0.0,destroy_shaw_stores,repair_regret2,1.0
1935,5288966589507.398,5288966589507.398,4493932149976.395,4850137039.498198,1.0,0.0,destroy_random_period,repair_greedy,1.0
1936,5288966589507.398,5288966589507.398,4493932149976.395,4840436765.419201,1.0,0.0,destroy_low_demand_stores,repair_regret2,1.0
1937,5288966589507.398,5295889139108.398,4493932149976.395,4830755891.888363,0.0,0.0,destroy_worst_delivery,repair_regret2,1.0
1938,5293926028145.197,5293926028145.197,4493932149976.395,4821094380.104587,1.0,0.0,destroy_worst_delivery,repair_random,1.0
1939,5293926028145.197,5293926028145.197,4493932149976.395,4811452191.3443775,1.0,0.0,destroy_random_period,repair_regret2,1.0
1940,5295889139276.798,5295889139276.798,4493932149976.395,4801829286.961689,1.0,0.0,destroy_worst_delivery,repair_random,1.0
1941,5302820194334.797,5302820194334.797,4493932149976.395,4792225628.387766,1.0,0.0,destroy_random_delivery,repair_random,1.0
1942,5302820194334.797,5307912430904.397,4493932149976.395,4782641177.13099,0.0,0.0,destroy_random_route,repair_regret2,1.0
1943,5302820194334.797,5302820194334.797,4493932149976.395,4773075894.776728,1.0,0.0,destroy_random_delivery,repair_random,1.0
1944,5302820194334.797,5302820194334.797,4493932149976.395,4763529742.987174,1.0,0.0,destroy_random_delivery,repair_greedy,1.0
1945,5302820194334.797,5305835003545.098,4493932149976.395,4754002683.5012,0.0,0.0,destroy_worst_delivery,repair_greedy,1.0
1946,5302820194334.797,5302820194334.797,4493932149976.395,4744494678.134197,1.0,0.0,destroy_shaw_stores,repair_greedy,1.0
1947,5302820194334.797,5307346627015.097,4493932149976.395,4735005688.777929,0.0,0.0,destroy_shaw_stores,repair_regret2,1.0
1948,5302820194613.597,5302820194613.597,4493932149976.395,4725535677.400373,1.0,0.0,destroy_worst_delivery,repair_random,1.0
1949,5302820194613.597,5302820194613.597,4493932149976.395,4716084606.045572,1.0,0.0,destroy_shaw_stores,repair_greedy,1.0
1950,5302820194613.597,5302820194613.597,4493932149976.395,4706652436.833481,1.0,0.0,destroy_random_delivery,repair_regret2,1.0
1951,5308227022560.599,5308227022560.599,4493932149976.395,4697239131.959814,1.0,0.0,destroy_random_route,repair_random,1.0
1952,5308227022560.599,5312895595937.498,4493932149976.395,4687844653.695894,0.0,0.0,destroy_random_route,repair_greedy,1.0
1953,5308227022560.599,5308227022560.599,4493932149976.395,4678468964.388502,1.0,0.0,destroy_low_demand_stores,repair_greedy,1.0
1954,5310134692646.799,5310134692646.799,4493932149976.395,4669112026.459725,1.0,0.0,destroy_random_route,repair_regret2,1.0
1955,5310134692646.799,5310134692646.799,4493932149976.395,4659773802.406806,1.0,0.0,destroy_low_demand_stores,repair_greedy,1.0
1956,5310134692646.799,5310134692646.799,4493932149976.395,4650454254.801992,1.0,0.0,destroy_low_demand_stores,repair_regret2,1.0
1957,5310134692577.099,5310134692577.099,4493932149976.395,4641153346.292388,1.0,0.0,destroy_shaw_stores,repair_regret2,1.0
1958,5303867169488.399,5303867169488.399,4493932149976.395,4631871039.599803,1.0,0.0,destroy_worst_delivery,repair_greedy,1.0
1959,5303867169488.399,5305835003553.7,4493932149976.395,4622607297.520603,0.0,0.0,destroy_random_delivery,repair_random,1.0
1960,5303867169488.399,5303867169488.399,4493932149976.395,4613362082.925562,1.0,0.0,destroy_low_demand_stores,repair_random,1.0
1961,5303867169488.399,5314391125510.898,4493932149976.395,4604135358.75971,0.0,0.0,destroy_random_route,repair_greedy,1.0
1962,5303867169562.8,5303867169562.8,4493932149976.395,4594927088.042191,1.0,0.0,destroy_shaw_stores,repair_random,1.0
1963,5303867169506.899,5303867169506.899,4493932149976.395,4585737233.866106,1.0,0.0,destroy_random_period,repair_greedy,1.0
1964,5303867169506.899,5303867169506.899,4493932149976.395,4576565759.398374,1.0,0.0,destroy_low_demand_stores,repair_greedy,1.0
1965,5303867169562.8,5303867169562.8,4493932149976.395,4567412627.879577,1.0,0.0,destroy_random_delivery,repair_random,1.0
1966,5303867169562.8,5303867169562.8,4493932149976.395,4558277802.623817,1.0,0.0,destroy_shaw_stores,repair_random,1.0
1967,5303867169562.8,5314729169673.8,4493932149976.395,4549161247.01857,0.0,0.0,destroy_worst_delivery,repair_greedy,1.0
1968,5303867169562.8,5303867169562.8,4493932149976.395,4540062924.524533,1.0,0.0,destroy_low_demand_stores,repair_greedy,1.0
1969,5303867169562.8,5303867169562.8,4493932149976.395,4530982798.675485,1.0,0.0,destroy_low_demand_stores,repair_greedy,1.0
1970,5303867169562.8,5312761335612.8,4493932149976.395,4521920833.078134,0.0,0.0,destroy_worst_delivery,repair_greedy,1.0
1971,5303867169586.6,5303867169586.6,4493932149976.395,4512876991.411978,1.0,0.0,destroy_shaw_stores,repair_random,1.0
1972,5303867169586.6,5303867169586.6,4493932149976.395,4503851237.429153,1.0,0.0,destroy_random_period,repair_greedy,1.0
1973,5303867169586.6,5324326507566.6,4493932149976.395,4494843534.954295,0.0,0.0,destroy_random_route,repair_greedy,1.0
1974,5303867169586.6,5303867169586.6,4493932149976.395,4485853847.884387,1.0,0.0,destroy_low_demand_stores,repair_greedy,1.0
1975,5302820194293.0,5302820194293.0,4493932149976.395,4476882140.188619,1.0,0.0,destroy_random_delivery,repair_regret2,1.0
1976,5302820194708.899,5302820194708.899,4493932149976.395,4467928375.908241,1.0,0.0,destroy_random_route,repair_random,1.0
1977,5302820194704.2,5302820194704.2,4493932149976.395,4458992519.1564245,1.0,0.0,destroy_shaw_stores,repair_random,1.0
1978,5293926028644.6,5293926028644.6,4493932149976.395,4450074534.118112,1.0,0.0,destroy_worst_delivery,repair_greedy,1.0
1979,5293926028724.3,5293926028724.3,4493932149976.395,4441174385.049875,1.0,0.0,destroy_random_period,repair_random,1.0
1980,5293926028724.3,5304449984522.997,4493932149976.395,4432292036.279776,0.0,0.0,destroy_random_route,repair_regret2,1.0
1981,5295889139995.1,5295889139995.1,4493932149976.395,4423427452.207216,1.0,0.0,destroy_random_delivery,repair_random,1.0
1982,5295889140027.2,5295889140027.2,4493932149976.395,4414580597.302802,1.0,0.0,destroy_random_delivery,repair_random,1.0
1983,5295889140027.2,5302820194955.2,4493932149976.395,4405751436.108196,0.0,0.0,destroy_shaw_stores,repair_random,1.0
1984,5295889140027.2,5316348477322.198,4493932149976.395,4396939933.23598,0.0,0.0,destroy_random_route,repair_greedy,1.0
1985,5295889139947.5,5295889139947.5,4493932149976.395,4388146053.369508,1.0,0.0,destroy_random_period,repair_random,1.0
1986,5295889139919.4,5295889139919.4,4493932149976.395,4379369761.262769,1.0,0.0,destroy_random_delivery,repair_greedy,1.0
1987,5295889139919.4,5295889139919.4,4493932149976.395,4370611021.740243,1.0,0.0,destroy_random_period,repair_greedy,1.0
1988,5293926028895.899,5293926028895.899,4493932149976.395,4361869799.696762,1.0,0.0,destroy_worst_delivery,repair_random,1.0
1989,5288966590314.0,5288966590314.0,4493932149976.395,4353146060.097368,1.0,0.0,destroy_worst_delivery,repair_random,1.0
1990,5288966590314.0,5302820194912.9,4493932149976.395,4344439767.977174,0.0,0.0,destroy_worst_delivery,repair_random,1.0
1991,5288966590314.0,5288966590314.0,4493932149976.395,4335750888.441219,1.0,0.0,destroy_low_demand_stores,repair_regret2,1.0
1992,5288966590314.0,5294058826813.8,4493932149976.395,4327079386.664337,0.0,0.0,destroy_random_route,repair_regret2,1.0
1993,5288966590314.0,5293926028876.7,4493932149976.395,4318425227.891008,0.0,0.0,destroy_worst_delivery,repair_random,1.0
1994,5288966590314.0,5291500414809.601,4493932149976.395,4309788377.435226,0.0,0.0,destroy_random_delivery,repair_greedy,1.0
1995,5288966590314.0,5302820195001.801,4493932149976.395,4301168800.680356,0.0,0.0,destroy_worst_delivery,repair_random,1.0
1996,5288966590314.0,5288966590314.0,4493932149976.395,4292566463.078995,1.0,0.0,destroy_random_period,repair_greedy,1.0
1997,5288966590314.0,5288966590314.0,4493932149976.395,4283981330.1528373,1.0,0.0,destroy_shaw_stores,repair_regret2,1.0
1998,5288966590258.101,5288966590258.101,4493932149976.395,4275413367.492532,1.0,0.0,destroy_random_delivery,repair_regret2,1.0
1999,5288966590258.101,5288966590258.101,4493932149976.395,4266862540.757547,1.0,0.0,destroy_low_demand_stores,repair_random,1.0
2000,5288966590258.101,5295889140017.899,4493932149976.395,4258328815.6760316,0.0,0.0,destroy_worst_delivery,repair_random,1.0
