iteration,current_cost,candidate_cost,best_cost,temperature,accepted,new_best,destroy_op,repair_op,feasible
0,9267893559557.607,9267893559557.607,9267893559557.607,463394677978.8804,1.0,1.0,initial,initial,1.0
1,9025597217001.004,9025597217001.004,9025597217001.004,463394677978.8804,1.0,1.0,destroy_random_route,repair_random,1.0
2,9025597217001.004,9317870333697.205,9025597217001.004,462467888622.9226,0.0,0.0,destroy_random_route,repair_random,1.0
3,9083763590660.902,9083763590660.902,9025597217001.004,461542952845.67676,1.0,0.0,destroy_low_demand_stores,repair_greedy,1.0
4,9083763590660.902,9441700979053.9,9025597217001.004,460619866939.9854,0.0,0.0,destroy_random_route,repair_random,1.0
5,9090943307218.404,9090943307218.404,9025597217001.004,459698627206.10547,1.0,0.0,destroy_low_demand_stores,repair_greedy,1.0
6,9424614771065.203,9424614771065.203,9025597217001.004,458779229951.69324,1.0,0.0,destroy_worst_delivery,repair_random,1.0
7,9430415314914.502,9430415314914.502,9025597217001.004,457861671491.78986,1.0,0.0,destroy_shaw_stores,repair_greedy,1.0
8,9438470863645.602,9438470863645.602,9025597217001.004,456945948148.8063,1.0,0.0,destroy_shaw_stores,repair_random,1.0
9,9489991538812.004,9489991538812.004,9025597217001.004,456032056252.50867,1.0,0.0,destroy_random_delivery,repair_greedy,1.0
10,9489991538812.004,9544253593700.504,9025597217001.004,455119992140.00366,0.0,0.0,destroy_shaw_stores,repair_greedy,1.0
11,9558272188555.805,9558272188555.805,9025597217001.004,454209752155.72363,1.0,0.0,destroy_random_delivery,repair_regret2,1.0
12,9558272188555.805,9789280242004.805,9025597217001.004,453301332651.4122,0.0,0.0,destroy_worst_delivery,repair_regret2,1.0
13,9559326008811.904,9559326008811.904,9025597217001.004,452394729986.1094,1.0,0.0,destroy_shaw_stores,repair_regret2,1.0
14,9560431685828.104,9560431685828.104,9025597217001.004,451489940526.13715,1.0,0.0,destroy_low_demand_stores,repair_random,1.0
15,9746126304817.402,9746126304817.402,9025597217001.004,450586960645.0849,1.0,0.0,destroy_worst_delivery,repair_greedy,1.0
16,9758313950061.303,9758313950061.303,9025597217001.004,449685786723.79474,1.0,0.0,destroy_random_delivery,repair_regret2,1.0
17,9758313950142.904,9758313950142.904,9025597217001.004,448786415150.34717,1.0,0.0,destroy_low_demand_stores,repair_random,1.0
18,9803754346626.402,9803754346626.402,9025597217001.004,447888842320.04645,1.0,0.0,destroy_random_route,repair_random,1.0
19,9803754346624.8,9803754346624.8,9025597217001.004,446993064635.4064,1.0,0.0,destroy_shaw_stores,repair_random,1.0
20,9803754346632.102,9803754346632.102,9025597217001.004,446099078506.13556,1.0,0.0,destroy_shaw_stores,repair_random,1.0
21,9803754346632.102,9827451290359.1,9025597217001.004,445206880349.1233,0.0,0.0,destroy_random_route,repair_regret2,1.0
22,9803754346634.902,9803754346634.902,9025597217001.004,444316466588.42505,1.0,0.0,destroy_random_period,repair_random,1.0
23,9884129842648.396,9884129842648.396,9025597217001.004,443427833655.24817,1.0,0.0,destroy_random_route,repair_greedy,1.0
24,9884129842648.396,9884129842648.396,9025597217001.004,442540977987.9377,1.0,0.0,destroy_shaw_stores,repair_regret2,1.0
25,9908717098823.996,9908717098823.996,9025597217001.004,441655896031.9618,1.0,0.0,destroy_worst_delivery,repair_random,1.0
26,9897717709711.098,9897717709711.098,9025597217001.004,440772584239.8979,1.0,0.0,destroy_random_period,repair_regret2,1.0
27,9873266228162.998,9873266228162.998,9025597217001.004,439891039071.4181,1.0,0.0,destroy_random_route,repair_regret2,1.0
28,9861357252665.295,9861357252665.295,9025597217001.004,439011256993.27527,1.0,0.0,destroy_shaw_stores,repair_regret2,1.0
29,9804926124584.396,9804926124584.396,9025597217001.004,438133234479.2887,1.0,0.0,destroy_random_route,repair_regret2,1.0
30,9804926124584.396,9804926124584.396,9025597217001.004,437256968010.33014,1.0,0.0,destroy_shaw_stores,repair_regret2,1.0
31,9805265623332.496,9805265623332.496,9025597217001.004,436382454074.30945,1.0,0.0,destroy_random_period,repair_regret2,1.0
32,9801687169277.795,9801687169277.795,9025597217001.004,435509689166.1608,1.0,0.0,destroy_random_delivery,repair_random,1.0
33,9801687169359.396,9801687169359.396,9025597217001.004,434638669787.8285,1.0,0.0,destroy_low_demand_stores,repair_random,1.0
34,9851035013816.498,9851035013816.498,9025597217001.004,433769392448.2528,1.0,0.0,destroy_random_route,repair_greedy,1.0
35,9846636238231.197,9846636238231.197,9025597217001.004,432901853663.3563,1.0,0.0,destroy_random_route,repair_random,1.0
36,9852050003564.197,9852050003564.197,9025597217001.004,432036049956.0296,1.0,0.0,destroy_random_delivery,repair_greedy,1.0
37,9852050003652.998,9852050003652.998,9025597217001.004,431171977856.11755,1.0,0.0,destroy_random_period,repair_random,1.0
38,9852050003759.7,9852050003759.7,9025597217001.004,430309633900.40533,1.0,0.0,destroy_random_period,repair_random,1.0
39,9849403909352.0,9849403909352.0,9025597217001.004,429449014632.60455,1.0,0.0,destroy_low_demand_stores,repair_greedy,1.0
40,9849403909352.0,9849403909352.0,9025597217001.004,428590116603.33936,1.0,0.0,destroy_low_demand_stores,repair_regret2,1.0
41,9871254026185.1,9871254026185.1,9025597217001.004,427732936370.1327,1.0,0.0,destroy_random_period,repair_greedy,1.0
42,9856104613892.598,9856104613892.598,9025597217001.004,426877470497.3924,1.0,0.0,destroy_random_route,repair_regret2,1.0
43,9856104613892.598,9856104613892.598,9025597217001.004,426023715556.3976,1.0,0.0,destroy_low_demand_stores,repair_regret2,1.0
44,9860889517407.598,9860889517407.598,9025597217001.004,425171668125.2848,1.0,0.0,destroy_worst_delivery,repair_greedy,1.0
45,9860889517407.598,9860889517407.598,9025597217001.004,424321324789.03424,1.0,0.0,destroy_shaw_stores,repair_regret2,1.0
46,9852623294576.598,9852623294576.598,9025597217001.004,423472682139.4562,1.0,0.0,destroy_worst_delivery,repair_regret2,1.0
47,9841644805891.0,9841644805891.0,9025597217001.004,422625736775.17725,1.0,0.0,destroy_random_period,repair_regret2,1.0
48,9880641719936.7,9880641719936.7,9025597217001.004,421780485301.6269,1.0,0.0,destroy_worst_delivery,repair_random,1.0
49,9880641719966.7,9880641719966.7,9025597217001.004,420936924331.0236,1.0,0.0,destroy_shaw_stores,repair_random,1.0
50,9880641719966.7,9880641719966.7,9025597217001.004,420095050482.3616,1.0,0.0,destroy_low_demand_stores,repair_greedy,1.0
51,9880334982928.7,9880334982928.7,9025597217001.004,419254860381.39685,1.0,0.0,destroy_shaw_stores,repair_greedy,1.0
52,9875633124962.805,9875633124962.805,9025597217001.004,418416350660.63403,1.0,0.0,destroy_random_route,repair_random,1.0
53,9844987272387.305,9844987272387.305,9025597217001.004,417579517959.31274,1.0,0.0,destroy_worst_delivery,repair_regret2,1.0
54,9857818803003.203,9857818803003.203,9025597217001.004,416744358923.3941,1.0,0.0,destroy_random_route,repair_random,1.0
55,9858045577753.197,9858045577753.197,9025597217001.004,415910870205.5473,1.0,0.0,destroy_random_route,repair_random,1.0
56,9851447375074.197,9851447375074.197,9025597217001.004,415079048465.1362,1.0,0.0,destroy_random_delivery,repair_random,1.0
57,9837016623362.896,9837016623362.896,9025597217001.004,414248890368.20593,1.0,0.0,destroy_random_route,repair_regret2,1.0
58,9890405999578.594,9890405999578.594,9025597217001.004,413420392587.46954,1.0,0.0,destroy_random_route,repair_greedy,1.0
59,9890405999578.594,9890405999578.594,9025597217001.004,412593551802.2946,1.0,0.0,destroy_shaw_stores,repair_regret2,1.0
60,9890405999578.594,9890405999578.594,9025597217001.004,411768364698.69,1.0,0.0,destroy_shaw_stores,repair_regret2,1.0
61,9900146663279.895,9900146663279.895,9025597217001.004,410944827969.2926,1.0,0.0,destroy_worst_delivery,repair_random,1.0
62,9895843262008.895,9895843262008.895,9025597217001.004,410122938313.354,1.0,0.0,destroy_random_delivery,repair_regret2,1.0
63,9895843261992.994,9895843261992.994,9025597217001.004,409302692436.7273,1.0,0.0,destroy_random_period,repair_greedy,1.0
64,9895843261992.994,9907799895423.295,9025597217001.004,408484087051.8538,0.0,0.0,destroy_worst_delivery,repair_greedy,1.0
65,9888281063193.395,9888281063193.395,9025597217001.004,407667118877.7501,1.0,0.0,destroy_shaw_stores,repair_regret2,1.0
66,9888281063260.695,9888281063260.695,9025597217001.004,406851784639.9946,1.0,0.0,destroy_low_demand_stores,repair_random,1.0
67,9888281063260.695,9888281063260.695,9025597217001.004,406038081070.71466,1.0,0.0,destroy_low_demand_stores,repair_random,1.0
68,9855048284088.795,9855048284088.795,9025597217001.004,405226004908.57324,1.0,0.0,destroy_random_route,repair_regret2,1.0
69,9855048284088.795,9855048284088.795,9025597217001.004,404415552898.7561,1.0,0.0,destroy_shaw_stores,repair_regret2,1.0
70,9854212909107.795,9854212909107.795,9025597217001.004,403606721792.9586,1.0,0.0,destroy_random_delivery,repair_random,1.0
71,9854518922339.895,9854518922339.895,9025597217001.004,402799508349.3727,1.0,0.0,destroy_random_delivery,repair_random,1.0
72,9854518922272.596,9854518922272.596,9025597217001.004,401993909332.67395,1.0,0.0,destroy_low_demand_stores,repair_greedy,1.0
73,9854518922272.596,9854518922272.596,9025597217001.004,401189921514.0086,1.0,0.0,destroy_low_demand_stores,repair_regret2,1.0
74,9873970633317.994,9873970633317.994,9025597217001.004,400387541670.9806,1.0,0.0,destroy_worst_delivery,repair_random,1.0
75,9875240063518.193,9875240063518.193,9025597217001.004,399586766587.6386,1.0,0.0,destroy_random_route,repair_regret2,1.0
76,9862879443137.193,9862879443137.193,9025597217001.004,398787593054.4633,1.0,0.0,destroy_random_delivery,repair_regret2,1.0
77,9848187634766.793,9848187634766.793,9025597217001.004,397990017868.3544,1.0,0.0,destroy_random_delivery,repair_regret2,1.0
78,9848187634766.793,9848187634766.793,9025597217001.004,397194037832.6177,1.0,0.0,destroy_random_period,repair_greedy,1.0
79,9903367854824.094,9903367854824.094,9025597217001.004,396399649756.95245,1.0,0.0,destroy_random_route,repair_greedy,1.0
80,9908264249133.094,9908264249133.094,9025597217001.004,395606850457.43854,1.0,0.0,destroy_worst_delivery,repair_regret2,1.0
81,9899070414155.893,9899070414155.893,9025597217001.004,394815636756.5237,1.0,0.0,destroy_random_route,repair_regret2,1.0
82,9939318274751.594,9939318274751.594,9025597217001.004,394026005483.0106,1.0,0.0,destroy_random_route,repair_greedy,1.0
83,9931302403733.695,9931302403733.695,9025597217001.004,393237953472.0446,1.0,0.0,destroy_random_period,repair_regret2,1.0
84,9936971500872.695,9936971500872.695,9025597217001.004,392451477565.1005,1.0,0.0,destroy_worst_delivery,repair_random,1.0
85,9936971500872.695,9936971500872.695,9025597217001.004,391666574609.97034,1.0,0.0,destroy_low_demand_stores,repair_regret2,1.0
86,9874603732366.791,9874603732366.791,9025597217001.004,390883241460.75037,1.0,0.0,destroy_random_delivery,repair_greedy,1.0
87,9874603732360.994,9874603732360.994,9025597217001.004,390101474977.82886,1.0,0.0,destroy_shaw_stores,repair_regret2,1.0
88,9866427583417.693,9866427583417.693,9025597217001.004,389321272027.87317,1.0,0.0,destroy_random_delivery,repair_greedy,1.0
89,9834167371793.592,9834167371793.592,9025597217001.004,388542629483.81744,1.0,0.0,destroy_random_route,repair_regret2,1.0
90,9834167371793.592,9834167371793.592,9025597217001.004,387765544224.8498,1.0,0.0,destroy_low_demand_stores,repair_regret2,1.0
91,9839123120232.592,9839123120232.592,9025597217001.004,386990013136.4001,1.0,0.0,destroy_worst_delivery,repair_greedy,1.0
92,9829341941420.094,9829341941420.094,9025597217001.004,386216033110.12726,1.0,0.0,destroy_random_delivery,repair_random,1.0
93,9829341941420.094,9847874951904.094,9025597217001.004,385443601043.907,0.0,0.0,destroy_shaw_stores,repair_random,1.0
94,9829341941414.293,9829341941414.293,9025597217001.004,384672713841.81915,1.0,0.0,destroy_shaw_stores,repair_regret2,1.0
95,9835088194895.193,9835088194895.193,9025597217001.004,383903368414.1355,1.0,0.0,destroy_worst_delivery,repair_greedy,1.0
96,9848038451936.193,9848038451936.193,9025597217001.004,383135561677.30725,1.0,0.0,destroy_worst_delivery,repair_random,1.0
97,9842189787217.193,9842189787217.193,9025597217001.004,382369290553.95264,1.0,0.0,destroy_worst_delivery,repair_random,1.0
98,9843462750505.393,9843462750505.393,9025597217001.004,381604551972.8447,1.0,0.0,destroy_worst_delivery,repair_random,1.0
99,9843462750505.393,9843462750505.393,9025597217001.004,380841342868.89905,1.0,0.0,destroy_low_demand_stores,repair_random,1.0
100,9843462750516.893,9843462750516.893,9025597217001.004,380079660183.16125,1.0,0.0,destroy_random_period,repair_random,1.0
101,9843462750516.893,9843462750516.893,9025597217001.004,379319500862.7949,1.0,0.0,destroy_shaw_stores,repair_regret2,1.0
102,9840816656187.295,9840816656187.295,9025597217001.004,378560861861.06934,1.0,0.0,destroy_low_demand_stores,repair_random,1.0
103,9840816656271.596,9840816656271.596,9025597217001.004,377803740137.34717,1.0,0.0,destroy_shaw_stores,repair_random,1.0
104,9836537954682.795,9836537954682.795,9025597217001.004,377048132657.07245,1.0,0.0,destroy_random_delivery,repair_greedy,1.0
105,9829379100143.195,9829379100143.195,9025597217001.004,376294036391.7583,1.0,0.0,destroy_random_route,repair_random,1.0
106,9850517403105.596,9850517403105.596,9025597217001.004,375541448318.9748,1.0,0.0,destroy_random_period,repair_greedy,1.0
107,9843371017111.195,9843371017111.195,9025597217001.004,374790365422.33685,1.0,0.0,destroy_random_period,repair_random,1.0
108,9843371017111.195,9843371017111.195,9025597217001.004,374040784691.4922,1.0,0.0,destroy_shaw_stores,repair_regret2,1.0
109,9843371017111.195,9850787152803.195,9025597217001.004,373292703122.1092,0.0,0.0,destroy_worst_delivery,repair_regret2,1.0
110,9834227929966.693,9834227929966.693,9025597217001.004,372546117715.865,1.0,0.0,destroy_random_delivery,repair_random,1.0
111,9834227929953.693,9834227929953.693,9025597217001.004,371801025480.4333,1.0,0.0,destroy_low_demand_stores,repair_random,1.0
112,9812464482475.793,9812464482475.793,9025597217001.004,371057423429.4724,1.0,0.0,destroy_worst_delivery,repair_regret2,1.0
113,9812464482448.893,9812464482448.893,9025597217001.004,370315308582.61346,1.0,0.0,destroy_random_delivery,repair_regret2,1.0
114,9812464482448.893,9812464482448.893,9025597217001.004,369574677965.44824,1.0,0.0,destroy_random_delivery,repair_greedy,1.0
115,9801485993779.992,9801485993779.992,9025597217001.004,368835528609.51733,1.0,0.0,destroy_random_delivery,repair_regret2,1.0
116,9788997384349.393,9788997384349.393,9025597217001.004,368097857552.2983,1.0,0.0,destroy_random_route,repair_regret2,1.0
117,9789773138535.896,9789773138535.896,9025597217001.004,367361661837.19366,1.0,0.0,destroy_random_route,repair_regret2,1.0
118,9789773138707.098,9789773138707.098,9025597217001.004,366626938513.5193,1.0,0.0,destroy_low_demand_stores,repair_random,1.0
119,9795624295358.998,9795624295358.998,9025597217001.004,365893684636.49225,1.0,0.0,destroy_worst_delivery,repair_regret2,1.0
120,9795624295264.297,9795624295264.297,9025597217001.004,365161897267.21924,1.0,0.0,destroy_low_demand_stores,repair_greedy,1.0
121,9818165774298.197,9818165774298.197,9025597217001.004,364431573472.6848,1.0,0.0,destroy_worst_delivery,repair_greedy,1.0
122,9815777724597.098,9815777724597.098,9025597217001.004,363702710325.73944,1.0,0.0,destroy_random_delivery,repair_random,1.0
123,9815777724597.098,9815777724597.098,9025597217001.004,362975304905.08795,1.0,0.0,destroy_low_demand_stores,repair_regret2,1.0
124,9815777724597.098,9815777724597.098,9025597217001.004,362249354295.2778,1.0,0.0,destroy_random_period,repair_greedy,1.0
125,9818621461011.896,9818621461011.896,9025597217001.004,361524855586.6872,1.0,0.0,destroy_random_delivery,repair_random,1.0
126,9818621460933.797,9818621460933.797,9025597217001.004,360801805875.5138,1.0,0.0,destroy_low_demand_stores,repair_random,1.0
127,9818621460933.797,9818621460933.797,9025597217001.004,360080202263.76276,1.0,0.0,destroy_random_period,repair_regret2,1.0
128,9818054440698.797,9818054440698.797,9025597217001.004,359360041859.2352,1.0,0.0,destroy_random_delivery,repair_greedy,1.0
129,9816239275840.695,9816239275840.695,9025597217001.004,358641321775.5168,1.0,0.0,destroy_low_demand_stores,repair_greedy,1.0
130,9816239275840.695,9816239275840.695,9025597217001.004,357924039131.96576,1.0,0.0,destroy_random_period,repair_regret2,1.0
131,9807811878523.496,9807811878523.496,9025597217001.004,357208191053.70184,1.0,0.0,destroy_random_route,repair_random,1.0
132,9807811878523.496,9807811878523.496,9025597217001.004,356493774671.5944,1.0,0.0,destroy_random_period,repair_greedy,1.0
133,9807811878373.395,9807811878373.395,9025597217001.004,355780787122.2512,1.0,0.0,destroy_random_route,repair_regret2,1.0
134,9807811878393.994,9807811878393.994,9025597217001.004,355069225548.0067,1.0,0.0,destroy_random_period,repair_random,1.0
135,9807811878393.994,9896786652823.594,9025597217001.004,354359087096.9107,0.0,0.0,destroy_random_route,repair_greedy,1.0
136,9807811878424.496,9807811878424.496,9025597217001.004,353650368922.71686,1.0,0.0,destroy_random_period,repair_random,1.0
137,9807811878424.496,9807811878424.496,9025597217001.004,352943068184.8714,1.0,0.0,destroy_worst_delivery,repair_regret2,1.0
138,9807811878488.396,9807811878488.396,9025597217001.004,352237182048.50165,1.0,0.0,destroy_random_period,repair_random,1.0
139,9807811878488.396,9807811878488.396,9025597217001.004,351532707684.40466,1.0,0.0,destroy_shaw_stores,repair_greedy,1.0
140,9807811878474.197,9807811878474.197,9025597217001.004,350829642269.0358,1.0,0.0,destroy_random_period,repair_regret2,1.0
141,9870519687830.297,9870519687830.297,9025597217001.004,350127982984.49774,1.0,0.0,destroy_random_route,repair_random,1.0
142,9869228248110.998,9869228248110.998,9025597217001.004,349427727018.52875,1.0,0.0,destroy_random_delivery,repair_random,1.0
143,9888253870843.6,9888253870843.6,9025597217001.004,348728871564.4917,1.0,0.0,destroy_random_route,repair_random,1.0
144,9888041422070.6,9888041422070.6,9025597217001.004,348031413821.36273,1.0,0.0,destroy_random_delivery,repair_greedy,1.0
145,9888041422070.6,9888041422070.6,9025597217001.004,347335350993.72003,1.0,0.0,destroy_random_period,repair_regret2,1.0
146,9888041422064.398,9888041422064.398,9025597217001.004,346640680291.7326,1.0,0.0,destroy_shaw_stores,repair_regret2,1.0
147,9882365377981.6,9882365377981.6,9025597217001.004,345947398931.1491,1.0,0.0,destroy_random_delivery,repair_regret2,1.0
148,9820489702464.693,9820489702464.693,9025597217001.004,345255504133.2868,1.0,0.0,destroy_random_route,repair_random,1.0
149,9843308837261.795,9843308837261.795,9025597217001.004,344564993125.0202,1.0,0.0,destroy_worst_delivery,repair_greedy,1.0
150,9832428023699.795,9832428023699.795,9025597217001.004,343875863138.77014,1.0,0.0,destroy_random_delivery,repair_greedy,1.0
151,9876052246284.295,9876052246284.295,9025597217001.004,343188111412.4926,1.0,0.0,destroy_worst_delivery,repair_greedy,1.0
152,9862746542399.297,9862746542399.297,9025597217001.004,342501735189.6676,1.0,0.0,destroy_random_period,repair_random,1.0
153,9845508936908.398,9845508936908.398,9025597217001.004,341816731719.28827,1.0,0.0,destroy_random_delivery,repair_random,1.0
154,9840542606420.096,9840542606420.096,9025597217001.004,341133098255.8497,1.0,0.0,destroy_random_route,repair_random,1.0
155,9840542606565.496,9840542606565.496,9025597217001.004,340450832059.33795,1.0,0.0,destroy_low_demand_stores,repair_random,1.0
156,9840629163894.096,9840629163894.096,9025597217001.004,339769930395.2193,1.0,0.0,destroy_random_delivery,repair_random,1.0
157,9840629163748.697,9840629163748.697,9025597217001.004,339090390534.42883,1.0,0.0,destroy_low_demand_stores,repair_greedy,1.0
158,9840629163651.096,9840629163651.096,9025597217001.004,338412209753.36,1.0,0.0,destroy_random_period,repair_regret2,1.0
159,9840629163398.996,9840629163398.996,9025597217001.004,337735385333.8533,1.0,0.0,destroy_random_route,repair_regret2,1.0
160,9846821513613.697,9846821513613.697,9025597217001.004,337059914563.18555,1.0,0.0,destroy_random_delivery,repair_random,1.0
161,9846821513613.697,9846821513613.697,9025597217001.004,336385794734.0592,1.0,0.0,destroy_low_demand_stores,repair_random,1.0
162,9854855786856.697,9854855786856.697,9025597217001.004,335713023144.59106,1.0,0.0,destroy_worst_delivery,repair_random,1.0
163,9857158394701.896,9857158394701.896,9025597217001.004,335041597098.3019,1.0,0.0,destroy_random_period,repair_greedy,1.0
164,9856046802390.896,9856046802390.896,9025597217001.004,334371513904.1053,1.0,0.0,destroy_worst_delivery,repair_random,1.0
165,9853171062568.896,9853171062568.896,9025597217001.004,333702770876.29706,1.0,0.0,destroy_random_delivery,repair_regret2,1.0
166,9878029614284.297,9878029614284.297,9025597217001.004,333035365334.54443,1.0,0.0,destroy_shaw_stores,repair_greedy,1.0
167,9870467415487.098,9870467415487.098,9025597217001.004,332369294603.87537,1.0,0.0,destroy_random_period,repair_regret2,1.0
168,9877651817018.398,9877651817018.398,9025597217001.004,331704556014.6676,1.0,0.0,destroy_shaw_stores,repair_regret2,1.0
169,9877651816938.598,9877651816938.598,9025597217001.004,331041146902.63824,1.0,0.0,destroy_shaw_stores,repair_greedy,1.0
170,9806542157349.094,9806542157349.094,9025597217001.004,330379064608.83295,1.0,0.0,destroy_random_route,repair_regret2,1.0
171,9824125607725.395,9824125607725.395,9025597217001.004,329718306479.6153,1.0,0.0,destroy_worst_delivery,repair_random,1.0
172,9816584451067.395,9816584451067.395,9025597217001.004,329058869866.65607,1.0,0.0,destroy_random_delivery,repair_greedy,1.0
173,9820101629330.299,9820101629330.299,9025597217001.004,328400752126.9227,1.0,0.0,destroy_random_route,repair_random,1.0
174,9794312714838.098,9794312714838.098,9025597217001.004,327743950622.6689,1.0,0.0,destroy_random_delivery,repair_random,1.0
175,9794312714836.998,9794312714836.998,9025597217001.004,327088462721.4235,1.0,0.0,destroy_low_demand_stores,repair_regret2,1.0
176,9842402011667.805,9842402011667.805,9025597217001.004,326434285795.98065,1.0,0.0,destroy_random_route,repair_random,1.0
177,9842402011749.404,9842402011749.404,9025597217001.004,325781417224.3887,1.0,0.0,destroy_shaw_stores,repair_random,1.0
178,9811088113617.0,9811088113617.0,9025597217001.004,325129854389.9399,1.0,0.0,destroy_random_route,repair_regret2,1.0
179,9811088113612.398,9811088113612.398,9025597217001.004,324479594681.16,1.0,0.0,destroy_random_period,repair_random,1.0
180,9805212867734.898,9805212867734.898,9025597217001.004,323830635491.79767,1.0,0.0,destroy_random_delivery,repair_regret2,1.0
181,9808821148273.4,9808821148273.4,9025597217001.004,323182974220.8141,1.0,0.0,destroy_random_delivery,repair_random,1.0
182,9829324060950.5,9829324060950.5,9025597217001.004,322536608272.37244,1.0,0.0,destroy_shaw_stores,repair_greedy,1.0
183,9815694051354.7,9815694051354.7,9025597217001.004,321891535055.8277,1.0,0.0,destroy_random_delivery,repair_regret2,1.0
184,9851321838813.002,9851321838813.002,9025597217001.004,321247751985.71606,1.0,0.0,destroy_random_route,repair_random,1.0
185,9855388208701.3,9855388208701.3,9025597217001.004,320605256481.7446,1.0,0.0,destroy_worst_delivery,repair_greedy,1.0
186,9855388208701.3,9855388208701.3,9025597217001.004,319964045968.7811,1.0,0.0,destroy_low_demand_stores,repair_greedy,1.0
187,9820751113128.697,9820751113128.697,9025597217001.004,319324117876.84357,1.0,0.0,destroy_random_route,repair_regret2,1.0
188,9843490490591.2,9843490490591.2,9025597217001.004,318685469641.0899,1.0,0.0,destroy_random_period,repair_random,1.0
189,9819401052343.996,9819401052343.996,9025597217001.004,318048098701.80774,1.0,0.0,destroy_worst_delivery,repair_random,1.0
190,9819401052343.996,9819401052343.996,9025597217001.004,317412002504.4041,1.0,0.0,destroy_low_demand_stores,repair_regret2,1.0
191,9819401052358.195,9819401052358.195,9025597217001.004,316777178499.3953,1.0,0.0,destroy_random_period,repair_random,1.0
192,9819401052358.195,9819401052358.195,9025597217001.004,316143624142.39655,1.0,0.0,destroy_random_delivery,repair_greedy,1.0
193,9817758233724.195,9817758233724.195,9025597217001.004,315511336894.11176,1.0,0.0,destroy_random_period,repair_regret2,1.0
194,9817758233724.195,9817758233724.195,9025597217001.004,314880314220.32355,1.0,0.0,destroy_low_demand_stores,repair_regret2,1.0
195,9819491177961.195,9819491177961.195,9025597217001.004,314250553591.8829,1.0,0.0,destroy_random_delivery,repair_greedy,1.0
196,9808462358847.096,9808462358847.096,9025597217001.004,313622052484.6991,1.0,0.0,destroy_worst_delivery,repair_regret2,1.0
197,9818360423247.096,9818360423247.096,9025597217001.004,312994808379.7297,1.0,0.0,destroy_random_delivery,repair_greedy,1.0
198,9818360423247.096,9818360423247.096,9025597217001.004,312368818762.9702,1.0,0.0,destroy_low_demand_stores,repair_regret2,1.0
199,9808462358847.096,9808462358847.096,9025597217001.004,311744081125.4443,1.0,0.0,destroy_worst_delivery,repair_regret2,1.0
200,9808462358847.096,9808462358847.096,9025597217001.004,311120592963.19336,1.0,0.0,destroy_worst_delivery,repair_regret2,1.0
201,9808462359155.793,9808462359155.793,9025597217001.004,310498351777.26697,1.0,0.0,destroy_random_route,repair_random,1.0
202,9810171077833.793,9810171077833.793,9025597217001.004,309877355073.71246,1.0,0.0,destroy_worst_delivery,repair_random,1.0
203,9790318117300.596,9790318117300.596,9025597217001.004,309257600363.56506,1.0,0.0,destroy_random_route,repair_regret2,1.0
204,9790318117300.596,9790318117300.596,9025597217001.004,308639085162.83795,1.0,0.0,destroy_low_demand_stores,repair_greedy,1.0
205,9803581187918.896,9803581187918.896,9025597217001.004,308021806992.51227,1.0,0.0,destroy_random_period,repair_random,1.0
206,9806208042521.598,9806208042521.598,9025597217001.004,307405763378.5272,1.0,0.0,destroy_random_period,repair_greedy,1.0
207,9806208042521.598,9806208042521.598,9025597217001.004,306790951851.77014,1.0,0.0,destroy_shaw_stores,repair_greedy,1.0
208,9811707431411.396,9811707431411.396,9025597217001.004,306177369948.0666,1.0,0.0,destroy_worst_delivery,repair_greedy,1.0
209,9822749383754.396,9822749383754.396,9025597217001.004,305565015208.1705,1.0,0.0,destroy_worst_delivery,repair_random,1.0
210,9822749383738.496,9822749383738.496,9025597217001.004,304953885177.75415,1.0,0.0,destroy_random_period,repair_regret2,1.0
211,9828943333300.996,9828943333300.996,9025597217001.004,304343977407.3986,1.0,0.0,destroy_shaw_stores,repair_greedy,1.0
212,9824325040884.996,9824325040884.996,9025597217001.004,303735289452.5838,1.0,0.0,destroy_random_delivery,repair_regret2,1.0
213,9824325040884.996,9824325040884.996,9025597217001.004,303127818873.67865,1.0,0.0,destroy_low_demand_stores,repair_greedy,1.0
214,9852148794887.896,9852148794887.896,9025597217001.004,302521563235.9313,1.0,0.0,destroy_random_route,repair_greedy,1.0
215,9880171958809.195,9880171958809.195,9025597217001.004,301916520109.4594,1.0,0.0,destroy_worst_delivery,repair_random,1.0
216,9880171958809.195,9880171958809.195,9025597217001.004,301312687069.2405,1.0,0.0,destroy_random_period,repair_random,1.0
217,9854459131431.396,9854459131431.396,9025597217001.004,300710061695.102,1.0,0.0,destroy_random_route,repair_regret2,1.0
218,9854459131431.396,9854459131431.396,9025597217001.004,300108641571.7118,1.0,0.0,destroy_low_demand_stores,repair_regret2,1.0
219,9854459131431.396,9854459131431.396,9025597217001.004,299508424288.56836,1.0,0.0,destroy_random_period,repair_greedy,1.0
220,9856195953434.998,9856195953434.998,9025597217001.004,298909407439.9912,1.0,0.0,destroy_random_route,repair_regret2,1.0
221,9856195953434.998,9856195953434.998,9025597217001.004,298311588625.1112,1.0,0.0,destroy_shaw_stores,repair_regret2,1.0
222,9856195953532.596,9856195953532.596,9025597217001.004,297714965447.86096,1.0,0.0,destroy_shaw_stores,repair_random,1.0
223,9855350534012.299,9855350534012.299,9025597217001.004,297119535516.9652,1.0,0.0,destroy_random_delivery,repair_random,1.0
224,9855350533982.098,9855350533982.098,9025597217001.004,296525296445.9313,1.0,0.0,destroy_shaw_stores,repair_regret2,1.0
225,9854114775640.197,9854114775640.197,9025597217001.004,295932245853.0394,1.0,0.0,destroy_worst_delivery,repair_regret2,1.0
226,9854114775640.197,9854114775640.197,9025597217001.004,295340381361.3334,1.0,0.0,destroy_shaw_stores,repair_regret2,1.0
227,9854114775640.197,9854114775640.197,9025597217001.004,294749700598.6107,1.0,0.0,destroy_low_demand_stores,repair_random,1.0
228,9854114775640.197,9854114775640.197,9025597217001.004,294160201197.4135,1.0,0.0,destroy_random_period,repair_regret2,1.0
229,9847672019288.297,9847672019288.297,9025597217001.004,293571880795.0187,1.0,0.0,destroy_random_delivery,repair_random,1.0
230,9846794451430.297,9846794451430.297,9025597217001.004,292984737033.42865,1.0,0.0,destroy_worst_delivery,repair_greedy,1.0
231,9870466082769.896,9870466082769.896,9025597217001.004,292398767559.3618,1.0,0.0,destroy_random_route,repair_greedy,1.0
232,9862087588822.896,9862087588822.896,9025597217001.004,291813970024.2431,1.0,0.0,destroy_worst_delivery,repair_random,1.0
233,9862087588822.896,9862087588822.896,9025597217001.004,291230342084.19464,1.0,0.0,destroy_shaw_stores,repair_greedy,1.0
234,9865086646636.896,9865086646636.896,9025597217001.004,290647881400.02625,1.0,0.0,destroy_random_delivery,repair_greedy,1.0
235,9863826472342.896,9863826472342.896,9025597217001.004,290066585637.2262,1.0,0.0,destroy_random_delivery,repair_greedy,1.0
236,9863826472245.297,9863826472245.297,9025597217001.004,289486452465.9517,1.0,0.0,destroy_random_period,repair_regret2,1.0
237,9863826472245.297,9863826472245.297,9025597217001.004,288907479561.01984,1.0,0.0,destroy_shaw_stores,repair_regret2,1.0
238,9875708460545.197,9875708460545.197,9025597217001.004,288329664601.89777,1.0,0.0,destroy_shaw_stores,repair_greedy,1.0
239,9875708460470.496,9875708460470.496,9025597217001.004,287753005272.694,1.0,0.0,destroy_shaw_stores,repair_regret2,1.0
240,9844944368501.996,9844944368501.996,9025597217001.004,287177499262.14856,1.0,0.0,destroy_random_route,repair_regret2,1.0
241,9819914219391.295,9819914219391.295,9025597217001.004,286603144263.62427,1.0,0.0,destroy_random_route,repair_regret2,1.0
242,9819914219391.295,9819914219391.295,9025597217001.004,286029937975.09705,1.0,0.0,destroy_shaw_stores,repair_greedy,1.0
243,9802334959200.701,9802334959200.701,9025597217001.004,285457878099.14685,1.0,0.0,destroy_random_route,repair_random,1.0
244,9802944949151.6,9802944949151.6,9025597217001.004,284886962342.94855,1.0,0.0,destroy_worst_delivery,repair_random,1.0
245,9802946479408.793,9802946479408.793,9025597217001.004,284317188418.26263,1.0,0.0,destroy_random_route,repair_regret2,1.0
246,9804957590342.994,9804957590342.994,9025597217001.004,283748554041.4261,1.0,0.0,destroy_worst_delivery,repair_random,1.0
247,9805370713190.895,9805370713190.895,9025597217001.004,283181056933.34326,1.0,0.0,destroy_random_period,repair_greedy,1.0
248,9801189464372.094,9801189464372.094,9025597217001.004,282614694819.47656,1.0,0.0,destroy_low_demand_stores,repair_regret2,1.0
249,9801189464378.293,9801189464378.293,9025597217001.004,282049465429.8376,1.0,0.0,destroy_random_period,repair_random,1.0
250,9801189464387.094,9801189464387.094,9025597217001.004,281485366498.9779,1.0,0.0,destroy_low_demand_stores,repair_random,1.0
251,9801189464387.094,9811369724324.494,9025597217001.004,280922395765.9799,0.0,0.0,destroy_random_period,repair_greedy,1.0
252,9801775805264.795,9801775805264.795,9025597217001.004,280360550974.44794,1.0,0.0,destroy_shaw_stores,repair_greedy,1.0
253,9801632702567.195,9801632702567.195,9025597217001.004,279799829872.499,1.0,0.0,destroy_random_period,repair_regret2,1.0
254,9801632702726.896,9801632702726.896,9025597217001.004,279240230212.754,1.0,0.0,destroy_random_delivery,repair_random,1.0
255,9802505652933.896,9802505652933.896,9025597217001.004,278681749752.3285,1.0,0.0,destroy_worst_delivery,repair_regret2,1.0
256,9802505652864.795,9802505652864.795,9025597217001.004,278124386252.82385,1.0,0.0,destroy_random_period,repair_greedy,1.0
257,9802505652895.695,9802505652895.695,9025597217001.004,277568137480.3182,1.0,0.0,destroy_shaw_stores,repair_random,1.0
258,9802505652886.895,9802505652886.895,9025597217001.004,277013001205.35754,1.0,0.0,destroy_low_demand_stores,repair_greedy,1.0
259,9802505652856.596,9802505652856.596,9025597217001.004,276458975202.94684,1.0,0.0,destroy_random_period,repair_regret2,1.0
260,9802505652856.596,9802505652856.596,9025597217001.004,275906057252.54095,1.0,0.0,destroy_random_delivery,repair_regret2,1.0
261,9802505652856.596,9802505652856.596,9025597217001.004,275354245138.0359,1.0,0.0,destroy_low_demand_stores,repair_greedy,1.0
262,9787019016527.496,9787019016527.496,9025597217001.004,274803536647.75983,1.0,0.0,destroy_random_delivery,repair_regret2,1.0
263,9787019016536.297,9787019016536.297,9025597217001.004,274253929574.4643,1.0,0.0,destroy_random_delivery,repair_random,1.0
264,9787532405040.297,9787532405040.297,9025597217001.004,273705421715.31537,1.0,0.0,destroy_random_delivery,repair_greedy,1.0
265,9787532405034.896,9787532405034.896,9025597217001.004,273158010871.88474,1.0,0.0,destroy_low_demand_stores,repair_greedy,1.0
266,9787532404967.598,9787532404967.598,9025597217001.004,272611694850.14096,1.0,0.0,destroy_shaw_stores,repair_greedy,1.0
267,9824287709956.197,9824287709956.197,9025597217001.004,272066471460.44067,1.0,0.0,destroy_random_route,repair_random,1.0
268,9824287709972.898,9824287709972.898,9025597217001.004,271522338517.5198,1.0,0.0,destroy_low_demand_stores,repair_random,1.0
269,9808951781667.299,9808951781667.299,9025597217001.004,270979293840.48477,1.0,0.0,destroy_random_delivery,repair_greedy,1.0
270,9830859018702.299,9830859018702.299,9025597217001.004,270437335252.8038,1.0,0.0,destroy_worst_delivery,repair_greedy,1.0
271,9830859018702.299,9830859018702.299,9025597217001.004,269896460582.2982,1.0,0.0,destroy_random_period,repair_greedy,1.0
272,9818632037502.299,9818632037502.299,9025597217001.004,269356667661.13358,1.0,0.0,destroy_random_delivery,repair_greedy,1.0
273,9832485642106.6,9832485642106.6,9025597217001.004,268817954325.8113,1.0,0.0,destroy_shaw_stores,repair_greedy,1.0
274,9832485642092.7,9832485642092.7,9025597217001.004,268280318417.1597,1.0,0.0,destroy_low_demand_stores,repair_regret2,1.0
275,9832485642097.2,9832485642097.2,9025597217001.004,267743757780.32538,1.0,0.0,destroy_shaw_stores,repair_random,1.0
276,9832485642097.2,9832485642097.2,9025597217001.004,267208270264.76474,1.0,0.0,destroy_low_demand_stores,repair_random,1.0
277,9832485642012.898,9832485642012.898,9025597217001.004,266673853724.2352,1.0,0.0,destroy_shaw_stores,repair_regret2,1.0
278,9832485642012.898,9832485642012.898,9025597217001.004,266140506016.78674,1.0,0.0,destroy_low_demand_stores,repair_greedy,1.0
279,9832708936184.898,9832708936184.898,9025597217001.004,265608225004.75317,1.0,0.0,destroy_worst_delivery,repair_regret2,1.0
280,9849343066393.0,9849343066393.0,9025597217001.004,265077008554.74365,1.0,0.0,destroy_random_delivery,repair_regret2,1.0
281,9849343066393.0,9849343066393.0,9025597217001.004,264546854537.63416,1.0,0.0,destroy_random_delivery,repair_regret2,1.0
282,9830299260338.898,9830299260338.898,9025597217001.004,264017760828.5589,1.0,0.0,destroy_worst_delivery,repair_random,1.0
283,9851007515881.7,9851007515881.7,9025597217001.004,263489725306.9018,1.0,0.0,destroy_random_period,repair_greedy,1.0
284,9851007515881.7,9851007515881.7,9025597217001.004,262962745856.288,1.0,0.0,destroy_low_demand_stores,repair_greedy,1.0
285,9848993215747.7,9848993215747.7,9025597217001.004,262436820364.5754,1.0,0.0,destroy_random_delivery,repair_regret2,1.0
286,9848993215680.4,9848993215680.4,9025597217001.004,261911946723.84625,1.0,0.0,destroy_random_period,repair_greedy,1.0
287,9848993215580.2,9848993215580.2,9025597217001.004,261388122830.39856,1.0,0.0,destroy_random_period,repair_greedy,1.0
288,9848993215479.799,9848993215479.799,9025597217001.004,260865346584.73776,1.0,0.0,destroy_shaw_stores,repair_greedy,1.0
289,9848944053392.1,9848944053392.1,9025597217001.004,260343615891.5683,1.0,0.0,destroy_random_delivery,repair_random,1.0
290,9848944053392.5,9848944053392.5,9025597217001.004,259822928659.78516,1.0,0.0,destroy_random_period,repair_regret2,1.0
291,9850404227694.5,9850404227694.5,9025597217001.004,259303282802.46558,1.0,0.0,destroy_worst_delivery,repair_greedy,1.0
292,9850404227783.0,9850404227783.0,9025597217001.004,258784676236.86066,1.0,0.0,destroy_shaw_stores,repair_random,1.0
293,9850404227783.0,9850404227783.0,9025597217001.004,258267106884.38693,1.0,0.0,destroy_low_demand_stores,repair_regret2,1.0
294,9860339609722.0,9860339609722.0,9025597217001.004,257750572670.61816,1.0,0.0,destroy_worst_delivery,repair_regret2,1.0
295,9862199683167.0,9862199683167.0,9025597217001.004,257235071525.27692,1.0,0.0,destroy_worst_delivery,repair_regret2,1.0
296,9880481890652.098,9880481890652.098,9025597217001.004,256720601382.22635,1.0,0.0,destroy_shaw_stores,repair_greedy,1.0
297,9880481890652.098,9880481890652.098,9025597217001.004,256207160179.46188,1.0,0.0,destroy_low_demand_stores,repair_greedy,1.0
298,9877975594384.098,9877975594384.098,9025597217001.004,255694745859.10297,1.0,0.0,destroy_random_delivery,repair_greedy,1.0
299,9877975594384.098,9877975594384.098,9025597217001.004,255183356367.38477,1.0,0.0,destroy_low_demand_stores,repair_regret2,1.0
300,9866455209844.7,9866455209844.7,9025597217001.004,254672989654.65,1.0,0.0,destroy_random_delivery,repair_regret2,1.0
301,9865513596164.7,9865513596164.7,9025597217001.004,254163643675.3407,1.0,0.0,destroy_random_delivery,repair_random,1.0
302,9865513596146.3,9865513596146.3,9025597217001.004,253655316387.99002,1.0,0.0,destroy_random_period,repair_random,1.0
303,9865513596146.3,9865513596146.3,9025597217001.004,253148005755.21405,1.0,0.0,destroy_low_demand_stores,repair_greedy,1.0
304,9866235113375.3,9866235113375.3,9025597217001.004,252641709743.7036,1.0,0.0,destroy_random_delivery,repair_greedy,1.0
305,9847966984789.7,9847966984789.7,9025597217001.004,252136426324.21622,1.0,0.0,destroy_random_route,repair_random,1.0
306,9847966984684.898,9847966984684.898,9025597217001.004,251632153471.56778,1.0,0.0,destroy_shaw_stores,repair_greedy,1.0
307,9853619003090.295,9853619003090.295,9025597217001.004,251128889164.62463,1.0,0.0,destroy_random_route,repair_regret2,1.0
308,9854688093532.393,9854688093532.393,9025597217001.004,250626631386.29538,1.0,0.0,destroy_random_route,repair_random,1.0
309,9884950427051.893,9884950427051.893,9025597217001.004,250125378123.5228,1.0,0.0,destroy_random_route,repair_greedy,1.0
310,9884950427126.596,9884950427126.596,9025597217001.004,249625127367.27576,1.0,0.0,destroy_shaw_stores,repair_random,1.0
311,9881722398783.396,9881722398783.396,9025597217001.004,249125877112.5412,1.0,0.0,destroy_random_delivery,repair_random,1.0
312,9881722398783.396,9881722398783.396,9025597217001.004,248627625358.3161,1.0,0.0,destroy_low_demand_stores,repair_regret2,1.0
313,9888966316594.395,9888966316594.395,9025597217001.004,248130370107.59946,1.0,0.0,destroy_worst_delivery,repair_regret2,1.0
314,9888966316594.395,9888966316594.395,9025597217001.004,247634109367.38425,1.0,0.0,destroy_shaw_stores,repair_regret2,1.0
315,9879228271021.996,9879228271021.996,9025597217001.004,247138841148.64948,1.0,0.0,destroy_random_delivery,repair_regret2,1.0
316,9881334550072.596,9881334550072.596,9025597217001.004,246644563466.35217,1.0,0.0,destroy_random_route,repair_regret2,1.0
317,9881334550148.496,9881334550148.496,9025597217001.004,246151274339.41946,1.0,0.0,destroy_low_demand_stores,repair_random,1.0
318,9881334550148.496,9881334550148.496,9025597217001.004,245658971790.74063,1.0,0.0,destroy_low_demand_stores,repair_greedy,1.0
319,9860841192626.295,9860841192626.295,9025597217001.004,245167653847.15915,1.0,0.0,destroy_worst_delivery,repair_random,1.0
320,9858089881259.295,9858089881259.295,9025597217001.004,244677318539.46484,1.0,0.0,destroy_worst_delivery,repair_random,1.0
321,9866466779799.99,9866466779799.99,9025597217001.004,244187963902.38593,1.0,0.0,destroy_random_route,repair_random,1.0
322,9920322764187.992,9920322764187.992,9025597217001.004,243699587974.58115,1.0,0.0,destroy_random_route,repair_greedy,1.0
323,9927157225595.293,9927157225595.293,9025597217001.004,243212188798.632,1.0,0.0,destroy_worst_delivery,repair_greedy,1.0
324,9929919357340.297,9929919357340.297,9025597217001.004,242725764421.03473,1.0,0.0,destroy_random_route,repair_greedy,1.0
325,9929919357340.297,9929919357340.297,9025597217001.004,242240312892.19266,1.0,0.0,destroy_random_period,repair_regret2,1.0
326,9914462209945.398,9914462209945.398,9025597217001.004,241755832266.40826,1.0,0.0,destroy_worst_delivery,repair_random,1.0
327,9907114200079.996,9907114200079.996,9025597217001.004,241272320601.87546,1.0,0.0,destroy_random_delivery,repair_regret2,1.0
328,9894103377342.297,9894103377342.297,9025597217001.004,240789775960.6717,1.0,0.0,destroy_random_route,repair_random,1.0
329,9882194401857.096,9882194401857.096,9025597217001.004,240308196408.75034,1.0,0.0,destroy_random_period,repair_regret2,1.0
330,9882194401857.096,9882194401857.096,9025597217001.004,239827580015.93283,1.0,0.0,destroy_random_delivery,repair_greedy,1.0
331,9882194401857.096,9882194401857.096,9025597217001.004,239347924855.90097,1.0,0.0,destroy_low_demand_stores,repair_regret2,1.0
332,9882194401850.797,9882194401850.797,9025597217001.004,238869229006.18918,1.0,0.0,destroy_random_period,repair_random,1.0
333,9882194401850.797,9882194401850.797,9025597217001.004,238391490548.1768,1.0,0.0,destroy_low_demand_stores,repair_greedy,1.0
334,9882194401842.096,9882194401842.096,9025597217001.004,237914707567.08044,1.0,0.0,destroy_shaw_stores,repair_random,1.0
335,9882927300728.195,9882927300728.195,9025597217001.004,237438878151.9463,1.0,0.0,destroy_random_delivery,repair_random,1.0
336,9858467377509.496,9858467377509.496,9025597217001.004,236964000395.6424,1.0,0.0,destroy_worst_delivery,repair_regret2,1.0
337,9876568638706.795,9876568638706.795,9025597217001.004,236490072394.8511,1.0,0.0,destroy_shaw_stores,repair_greedy,1.0
338,9892192400951.396,9892192400951.396,9025597217001.004,236017092250.0614,1.0,0.0,destroy_worst_delivery,repair_greedy,1.0
339,9890928513219.396,9890928513219.396,9025597217001.004,235545058065.56128,1.0,0.0,destroy_worst_delivery,repair_regret2,1.0
340,9915545939098.697,9915545939098.697,9025597217001.004,235073967949.43015,1.0,0.0,destroy_worst_delivery,repair_greedy,1.0
341,9903146004911.996,9903146004911.996,9025597217001.004,234603820013.53128,1.0,0.0,destroy_random_period,repair_random,1.0
342,9903146005070.395,9903146005070.395,9025597217001.004,234134612373.5042,1.0,0.0,destroy_low_demand_stores,repair_random,1.0
343,9864907312298.098,9864907312298.098,9025597217001.004,233666343148.7572,1.0,0.0,destroy_random_delivery,repair_random,1.0
344,9864907312382.396,9864907312382.396,9025597217001.004,233199010462.4597,1.0,0.0,destroy_shaw_stores,repair_random,1.0
345,9865392376933.396,9865392376933.396,9025597217001.004,232732612441.53476,1.0,0.0,destroy_random_delivery,repair_regret2,1.0
346,9865392376933.396,9865392376933.396,9025597217001.004,232267147216.6517,1.0,0.0,destroy_low_demand_stores,repair_random,1.0
347,9865392376940.396,9865392376940.396,9025597217001.004,231802612922.2184,1.0,0.0,destroy_shaw_stores,repair_random,1.0
348,9865392376940.396,9865392376940.396,9025597217001.004,231339007696.37396,1.0,0.0,destroy_low_demand_stores,repair_random,1.0
349,9867733724424.396,9867733724424.396,9025597217001.004,230876329680.9812,1.0,0.0,destroy_worst_delivery,repair_regret2,1.0
350,9856000125909.096,9856000125909.096,9025597217001.004,230414577021.61923,1.0,0.0,destroy_random_delivery,repair_random,1.0
351,9832579550074.896,9832579550074.896,9025597217001.004,229953747867.576,1.0,0.0,destroy_worst_delivery,repair_regret2,1.0
352,9832579550085.596,9832579550085.596,9025597217001.004,229493840371.84085,1.0,0.0,destroy_shaw_stores,repair_random,1.0
353,9835363968252.596,9835363968252.596,9025597217001.004,229034852691.09717,1.0,0.0,destroy_worst_delivery,repair_random,1.0
354,9835363968175.697,9835363968175.697,9025597217001.004,228576782985.71497,1.0,0.0,destroy_low_demand_stores,repair_greedy,1.0
355,9853495706323.096,9853495706323.096,9025597217001.004,228119629419.74353,1.0,0.0,destroy_worst_delivery,repair_random,1.0
356,9849035292639.697,9849035292639.697,9025597217001.004,227663390160.90405,1.0,0.0,destroy_random_delivery,repair_regret2,1.0
357,9833584542920.1,9833584542920.1,9025597217001.004,227208063380.58224,1.0,0.0,destroy_worst_delivery,repair_random,1.0
358,9841192662770.297,9841192662770.297,9025597217001.004,226753647253.82108,1.0,0.0,destroy_worst_delivery,repair_random,1.0
359,9839209413302.396,9839209413302.396,9025597217001.004,226300139959.31345,1.0,0.0,destroy_random_route,repair_regret2,1.0
360,9835155099635.396,9835155099635.396,9025597217001.004,225847539679.3948,1.0,0.0,destroy_random_delivery,repair_random,1.0
361,9910395003748.393,9910395003748.393,9025597217001.004,225395844600.036,1.0,0.0,destroy_random_route,repair_greedy,1.0
362,9911908087129.393,9911908087129.393,9025597217001.004,224945052910.83594,1.0,0.0,destroy_random_period,repair_greedy,1.0
363,9911908087038.094,9911908087038.094,9025597217001.004,224495162805.01425,1.0,0.0,destroy_random_period,repair_greedy,1.0
364,9873315702236.895,9873315702236.895,9025597217001.004,224046172479.40424,1.0,0.0,destroy_worst_delivery,repair_regret2,1.0
365,9929515435663.793,9929515435663.793,9025597217001.004,223598080134.44543,1.0,0.0,destroy_random_route,repair_greedy,1.0
366,9929515435663.793,9929515435663.793,9025597217001.004,223150883974.17654,1.0,0.0,destroy_shaw_stores,repair_greedy,1.0
367,9926745298079.094,9926745298079.094,9025597217001.004,222704582206.22818,1.0,0.0,destroy_shaw_stores,repair_regret2,1.0
368,9893967030623.793,9893967030623.793,9025597217001.004,222259173041.81573,1.0,0.0,destroy_random_delivery,repair_random,1.0
369,9893967030623.793,9893967030623.793,9025597217001.004,221814654695.73212,1.0,0.0,destroy_low_demand_stores,repair_regret2,1.0
370,9893967030623.793,9893967030623.793,9025597217001.004,221371025386.34064,1.0,0.0,destroy_low_demand_stores,repair_greedy,1.0
371,9896519684669.092,9896519684669.092,9025597217001.004,220928283335.56796,1.0,0.0,destroy_random_delivery,repair_greedy,1.0
372,9890274354144.092,9890274354144.092,9025597217001.004,220486426768.89682,1.0,0.0,destroy_worst_delivery,repair_greedy,1.0
373,9887628259873.793,9887628259873.793,9025597217001.004,220045453915.35904,1.0,0.0,destroy_low_demand_stores,repair_random,1.0
374,9887628259873.793,9907264893142.092,9025597217001.004,219605363007.52832,0.0,0.0,destroy_random_period,repair_greedy,1.0
375,9887628259878.795,9887628259878.795,9025597217001.004,219166152281.51328,1.0,0.0,destroy_random_period,repair_greedy,1.0
376,9883077800394.795,9883077800394.795,9025597217001.004,218727819976.95026,1.0,0.0,destroy_worst_delivery,repair_greedy,1.0
377,9862194729977.695,9862194729977.695,9025597217001.004,218290364336.99637,1.0,0.0,destroy_random_delivery,repair_random,1.0
378,9862630985527.895,9862630985527.895,9025597217001.004,217853783608.3224,1.0,0.0,destroy_random_period,repair_regret2,1.0
379,9862630985528.295,9862630985528.295,9025597217001.004,217418076041.10574,1.0,0.0,destroy_random_period,repair_regret2,1.0
380,9864089994658.395,9864089994658.395,9025597217001.004,216983239889.02353,1.0,0.0,destroy_random_delivery,repair_random,1.0
381,9864089994658.395,9864089994658.395,9025597217001.004,216549273409.24548,1.0,0.0,destroy_shaw_stores,repair_regret2,1.0
382,9865625245174.395,9865625245174.395,9025597217001.004,216116174862.427,1.0,0.0,destroy_random_delivery,repair_greedy,1.0
383,9865625245174.395,9865625245174.395,9025597217001.004,215683942512.70215,1.0,0.0,destroy_low_demand_stores,repair_regret2,1.0
384,9842544039273.293,9842544039273.293,9025597217001.004,215252574627.67676,1.0,0.0,destroy_random_route,repair_random,1.0
385,9814985190719.693,9814985190719.693,9025597217001.004,214822069478.42142,1.0,0.0,destroy_worst_delivery,repair_regret2,1.0
386,9814985190719.693,9814985190719.693,9025597217001.004,214392425339.46457,1.0,0.0,destroy_worst_delivery,repair_regret2,1.0
387,9814985190820.693,9814985190820.693,9025597217001.004,213963640488.78564,1.0,0.0,destroy_random_period,repair_random,1.0
388,9847073279304.195,9847073279304.195,9025597217001.004,213535713207.80807,1.0,0.0,destroy_random_route,repair_random,1.0
389,9847073279207.195,9847073279207.195,9025597217001.004,213108641781.39246,1.0,0.0,destroy_random_period,repair_regret2,1.0
390,9847073279207.195,9937376481033.592,9025597217001.004,212682424497.82968,0.0,0.0,destroy_random_route,repair_greedy,1.0
391,9847073279207.195,9847073279207.195,9025597217001.004,212257059648.834,1.0,0.0,destroy_random_delivery,repair_greedy,1.0
392,9847073279207.195,9847073279207.195,9025597217001.004,211832545529.53635,1.0,0.0,destroy_low_demand_stores,repair_greedy,1.0
393,9855379566924.797,9855379566924.797,9025597217001.004,211408880438.47726,1.0,0.0,destroy_worst_delivery,repair_random,1.0
394,9854699268300.195,9854699268300.195,9025597217001.004,210986062677.6003,1.0,0.0,destroy_worst_delivery,repair_random,1.0
395,9882997986276.498,9882997986276.498,9025597217001.004,210564090552.24512,1.0,0.0,destroy_worst_delivery,repair_greedy,1.0
396,9890587789353.197,9890587789353.197,9025597217001.004,210142962371.14062,1.0,0.0,destroy_random_delivery,repair_random,1.0
397,9885399690423.197,9885399690423.197,9025597217001.004,209722676446.39835,1.0,0.0,destroy_shaw_stores,repair_greedy,1.0
398,9885399690423.197,9885399690423.197,9025597217001.004,209303231093.50555,1.0,0.0,destroy_low_demand_stores,repair_greedy,1.0
399,9867215831612.299,9867215831612.299,9025597217001.004,208884624631.31854,1.0,0.0,destroy_random_period,repair_regret2,1.0
400,9858914541446.2,9858914541446.2,9025597217001.004,208466855382.0559,1.0,0.0,destroy_random_delivery,repair_regret2,1.0
401,9859980709250.2,9859980709250.2,9025597217001.004,208049921671.2918,1.0,0.0,destroy_random_delivery,repair_greedy,1.0
402,9875970594147.0,9875970594147.0,9025597217001.004,207633821827.94922,1.0,0.0,destroy_random_route,repair_random,1.0
403,9837318413385.0,9837318413385.0,9025597217001.004,207218554184.29333,1.0,0.0,destroy_worst_delivery,repair_regret2,1.0
404,9837318413317.7,9837318413317.7,9025597217001.004,206804117075.92474,1.0,0.0,destroy_random_period,repair_regret2,1.0
405,9837318413228.797,9837318413228.797,9025597217001.004,206390508841.7729,1.0,0.0,destroy_random_period,repair_greedy,1.0
406,9837318413310.0,9837318413310.0,9025597217001.004,205977727824.08936,1.0,0.0,destroy_low_demand_stores,repair_random,1.0
407,9843100889321.898,9843100889321.898,9025597217001.004,205565772368.44116,1.0,0.0,destroy_random_period,repair_greedy,1.0
408,9818968791820.299,9818968791820.299,9025597217001.004,205154640823.70428,1.0,0.0,destroy_worst_delivery,repair_greedy,1.0
409,9828737952381.393,9828737952381.393,9025597217001.004,204744331542.0569,1.0,0.0,destroy_random_route,repair_regret2,1.0
410,9828049127878.693,9828049127878.693,9025597217001.004,204334842878.97278,1.0,0.0,destroy_shaw_stores,repair_regret2,1.0
411,9828049127878.693,9828049127878.693,9025597217001.004,203926173193.21484,1.0,0.0,destroy_random_period,repair_regret2,1.0
412,9828049127864.793,9828049127864.793,9025597217001.004,203518320846.8284,1.0,0.0,destroy_low_demand_stores,repair_random,1.0
413,9833730443977.191,9833730443977.191,9025597217001.004,203111284205.13474,1.0,0.0,destroy_random_delivery,repair_regret2,1.0
414,9833730443977.191,9833730443977.191,9025597217001.004,202705061636.72446,1.0,0.0,destroy_random_delivery,repair_regret2,1.0
415,9833730443977.191,9833730443977.191,9025597217001.004,202299651513.45102,1.0,0.0,destroy_low_demand_stores,repair_regret2,1.0
416,9833730443973.793,9833730443973.793,9025597217001.004,201895052210.4241,1.0,0.0,destroy_low_demand_stores,repair_regret2,1.0
417,9833730443973.793,9833730443973.793,9025597217001.004,201491262106.00327,1.0,0.0,destroy_low_demand_stores,repair_regret2,1.0
418,9836603396152.793,9836603396152.793,9025597217001.004,201088279581.79126,1.0,0.0,destroy_worst_delivery,repair_greedy,1.0
419,9829087699760.793,9829087699760.793,9025597217001.004,200686103022.6277,1.0,0.0,destroy_shaw_stores,repair_random,1.0
420,9829087699776.293,9829087699776.293,9025597217001.004,200284730816.58243,1.0,0.0,destroy_random_period,repair_random,1.0
421,9822416120796.094,9822416120796.094,9025597217001.004,199884161354.94925,1.0,0.0,destroy_random_delivery,repair_regret2,1.0
422,9821692840665.094,9821692840665.094,9025597217001.004,199484393032.23935,1.0,0.0,destroy_shaw_stores,repair_regret2,1.0
423,9821692840665.094,9821692840665.094,9025597217001.004,199085424246.17487,1.0,0.0,destroy_random_delivery,repair_regret2,1.0
424,9821692840665.094,9926549340342.592,9025597217001.004,198687253397.68253,0.0,0.0,destroy_random_route,repair_greedy,1.0
425,9821692840649.193,9821692840649.193,9025597217001.004,198289878890.88715,1.0,0.0,destroy_low_demand_stores,repair_greedy,1.0
426,9817785133224.893,9817785133224.893,9025597217001.004,197893299133.10538,1.0,0.0,destroy_random_delivery,repair_random,1.0
427,9823190628397.893,9823190628397.893,9025597217001.004,197497512534.83917,1.0,0.0,destroy_worst_delivery,repair_regret2,1.0
428,9826486136916.592,9826486136916.592,9025597217001.004,197102517509.7695,1.0,0.0,destroy_random_period,repair_greedy,1.0
429,9818170794969.193,9818170794969.193,9025597217001.004,196708312474.74997,1.0,0.0,destroy_random_delivery,repair_random,1.0
430,9818643731799.893,9818643731799.893,9025597217001.004,196314895849.80048,1.0,0.0,destroy_random_period,repair_greedy,1.0
431,9818643731799.893,9818643731799.893,9025597217001.004,195922266058.10086,1.0,0.0,destroy_random_period,repair_regret2,1.0
432,9820379886727.893,9820379886727.893,9025597217001.004,195530421525.98465,1.0,0.0,destroy_random_delivery,repair_regret2,1.0
433,9807891530618.992,9807891530618.992,9025597217001.004,195139360682.93268,1.0,0.0,destroy_worst_delivery,repair_random,1.0
434,9804968029802.992,9804968029802.992,9025597217001.004,194749081961.5668,1.0,0.0,destroy_random_delivery,repair_random,1.0
435,9802321935354.193,9802321935354.193,9025597217001.004,194359583797.64368,1.0,0.0,destroy_low_demand_stores,repair_regret2,1.0
436,9802321935354.193,9802321935354.193,9025597217001.004,193970864630.0484,1.0,0.0,destroy_low_demand_stores,repair_regret2,1.0
437,9803043653732.193,9803043653732.193,9025597217001.004,193582922900.7883,1.0,0.0,destroy_worst_delivery,repair_regret2,1.0
438,9803479909282.393,9803479909282.393,9025597217001.004,193195757054.98672,1.0,0.0,destroy_random_period,repair_regret2,1.0
439,9802703706138.691,9802703706138.691,9025597217001.004,192809365540.87674,1.0,0.0,destroy_random_delivery,repair_greedy,1.0
440,9802703706138.691,9843598860409.598,9025597217001.004,192423746809.79498,0.0,0.0,destroy_random_route,repair_random,1.0
441,9806206145913.293,9806206145913.293,9025597217001.004,192038899316.17538,1.0,0.0,destroy_shaw_stores,repair_random,1.0
442,9808393249764.893,9808393249764.893,9025597217001.004,191654821517.54303,1.0,0.0,destroy_random_delivery,repair_greedy,1.0
443,9805049980275.496,9805049980275.496,9025597217001.004,191271511874.50793,1.0,0.0,destroy_shaw_stores,repair_random,1.0
444,9805049980275.496,9805049980275.496,9025597217001.004,190888968850.7589,1.0,0.0,destroy_low_demand_stores,repair_random,1.0
445,9816444111953.494,9816444111953.494,9025597217001.004,190507190913.0574,1.0,0.0,destroy_worst_delivery,repair_greedy,1.0
446,9816444112031.596,9816444112031.596,9025597217001.004,190126176531.2313,1.0,0.0,destroy_low_demand_stores,repair_random,1.0
447,9816266982203.596,9816266982203.596,9025597217001.004,189745924178.16882,1.0,0.0,destroy_shaw_stores,repair_regret2,1.0
448,9810075365129.596,9810075365129.596,9025597217001.004,189366432329.8125,1.0,0.0,destroy_random_delivery,repair_random,1.0
449,9805841842735.596,9805841842735.596,9025597217001.004,188987699465.15286,1.0,0.0,destroy_random_delivery,repair_regret2,1.0
450,9805664712907.596,9805664712907.596,9025597217001.004,188609724066.22256,1.0,0.0,destroy_random_period,repair_regret2,1.0
451,9805664712829.496,9805664712829.496,9025597217001.004,188232504618.09012,1.0,0.0,destroy_low_demand_stores,repair_random,1.0
452,9801150261247.693,9801150261247.693,9025597217001.004,187856039608.85394,1.0,0.0,destroy_random_route,repair_regret2,1.0
453,9801150261247.693,9801150261247.693,9025597217001.004,187480327529.63623,1.0,0.0,destroy_random_delivery,repair_random,1.0
454,9801223885343.693,9801223885343.693,9025597217001.004,187105366874.57697,1.0,0.0,destroy_random_delivery,repair_regret2,1.0
455,9801223885343.693,9801223885343.693,9025597217001.004,186731156140.82782,1.0,0.0,destroy_random_period,repair_regret2,1.0
456,9801223885413.795,9801223885413.795,9025597217001.004,186357693828.54617,1.0,0.0,destroy_random_period,repair_random,1.0
457,9801223885413.795,9801223885413.795,9025597217001.004,185984978440.88907,1.0,0.0,destroy_shaw_stores,repair_regret2,1.0
458,9801223885413.795,9833762034953.197,9025597217001.004,185613008484.0073,0.0,0.0,destroy_worst_delivery,repair_greedy,1.0
459,9798120089849.596,9798120089849.596,9025597217001.004,185241782467.03928,1.0,0.0,destroy_worst_delivery,repair_random,1.0
460,9907880621745.092,9907880621745.092,9025597217001.004,184871298902.1052,1.0,0.0,destroy_random_route,repair_greedy,1.0
461,9907880621745.092,9907880621745.092,9025597217001.004,184501556304.301,1.0,0.0,destroy_low_demand_stores,repair_regret2,1.0
462,9907880621834.691,9907880621834.691,9025597217001.004,184132553191.69238,1.0,0.0,destroy_random_period,repair_random,1.0
463,9926256392204.992,9926256392204.992,9025597217001.004,183764288085.309,1.0,0.0,destroy_worst_delivery,repair_regret2,1.0
464,9936804627104.691,9936804627104.691,9025597217001.004,183396759509.13837,1.0,0.0,destroy_random_delivery,repair_greedy,1.0
465,9936804627104.691,9936804627104.691,9025597217001.004,183029965990.1201,1.0,0.0,destroy_low_demand_stores,repair_greedy,1.0
466,9930585617769.992,9930585617769.992,9025597217001.004,182663906058.13983,1.0,0.0,destroy_random_period,repair_regret2,1.0
467,9930585617769.992,9930585617769.992,9025597217001.004,182298578246.02356,1.0,0.0,destroy_shaw_stores,repair_greedy,1.0
468,9904213134128.99,9904213134128.99,9025597217001.004,181933981089.53152,1.0,0.0,destroy_random_delivery,repair_random,1.0
469,9896052570395.092,9896052570395.092,9025597217001.004,181570113127.35245,1.0,0.0,destroy_shaw_stores,repair_regret2,1.0
470,9895857543437.092,9895857543437.092,9025597217001.004,181206972901.09775,1.0,0.0,destroy_low_demand_stores,repair_greedy,1.0
471,9867243341441.791,9867243341441.791,9025597217001.004,180844558955.29556,1.0,0.0,destroy_worst_delivery,repair_random,1.0
472,9845324157102.59,9845324157102.59,9025597217001.004,180482869837.38498,1.0,0.0,destroy_random_route,repair_regret2,1.0
473,9839311766562.29,9839311766562.29,9025597217001.004,180121904097.7102,1.0,0.0,destroy_random_delivery,repair_regret2,1.0
474,9813760191665.19,9813760191665.19,9025597217001.004,179761660289.51477,1.0,0.0,destroy_shaw_stores,repair_regret2,1.0
475,9812282523819.59,9812282523819.59,9025597217001.004,179402136968.93573,1.0,0.0,destroy_random_period,repair_regret2,1.0
476,9801304035152.291,9801304035152.291,9025597217001.004,179043332694.99786,1.0,0.0,destroy_random_period,repair_random,1.0
477,9801304035152.291,9801304035152.291,9025597217001.004,178685246029.60788,1.0,0.0,destroy_random_period,repair_regret2,1.0
478,9801304035170.592,9801304035170.592,9025597217001.004,178327875537.54868,1.0,0.0,destroy_random_period,repair_greedy,1.0
479,9806771456866.893,9806771456866.893,9025597217001.004,177971219786.47357,1.0,0.0,destroy_random_delivery,repair_regret2,1.0
480,9807087867945.893,9807087867945.893,9025597217001.004,177615277346.90063,1.0,0.0,destroy_random_delivery,repair_random,1.0
481,9820067109154.492,9820067109154.492,9025597217001.004,177260046792.20685,1.0,0.0,destroy_random_period,repair_greedy,1.0
482,9819819055458.592,9819819055458.592,9025597217001.004,176905526698.62244,1.0,0.0,destroy_random_delivery,repair_random,1.0
483,9819819055458.592,9819819055458.592,9025597217001.004,176551715645.2252,1.0,0.0,destroy_shaw_stores,repair_regret2,1.0
484,9819819055380.492,9819819055380.492,9025597217001.004,176198612213.93475,1.0,0.0,destroy_random_period,repair_greedy,1.0
485,9826744638627.291,9826744638627.291,9025597217001.004,175846214989.5069,1.0,0.0,destroy_worst_delivery,repair_random,1.0
486,9826744638627.291,9826744638627.291,9025597217001.004,175494522559.5279,1.0,0.0,destroy_shaw_stores,repair_regret2,1.0
487,9826744638608.99,9826744638608.99,9025597217001.004,175143533514.40884,1.0,0.0,destroy_random_period,repair_regret2,1.0
488,9826744638704.19,9826744638704.19,9025597217001.004,174793246447.38004,1.0,0.0,destroy_shaw_stores,repair_random,1.0
489,9824068674866.29,9824068674866.29,9025597217001.004,174443659954.48526,1.0,0.0,destroy_worst_delivery,repair_regret2,1.0
490,9824068674944.39,9824068674944.39,9025597217001.004,174094772634.5763,1.0,0.0,destroy_low_demand_stores,repair_random,1.0
491,9824068674866.29,9824068674866.29,9025597217001.004,173746583089.30713,1.0,0.0,destroy_low_demand_stores,repair_regret2,1.0
492,9824068674866.29,9824068674866.29,9025597217001.004,173399089923.1285,1.0,0.0,destroy_shaw_stores,repair_regret2,1.0
493,9857222421494.797,9857222421494.797,9025597217001.004,173052291743.28226,1.0,0.0,destroy_random_route,repair_random,1.0
494,9854487602715.297,9854487602715.297,9025597217001.004,172706187159.7957,1.0,0.0,destroy_shaw_stores,repair_regret2,1.0
495,9854487602715.297,9935870069550.998,9025597217001.004,172360774785.4761,0.0,0.0,destroy_random_route,repair_greedy,1.0
496,9854487602640.596,9854487602640.596,9025597217001.004,172016053235.90515,1.0,0.0,destroy_shaw_stores,repair_greedy,1.0
497,9822593014310.797,9822593014310.797,9025597217001.004,171672021129.43335,1.0,0.0,destroy_worst_delivery,repair_regret2,1.0
498,9822593014411.797,9822593014411.797,9025597217001.004,171328677087.17447,1.0,0.0,destroy_random_period,repair_random,1.0
499,9822593014411.797,9822593014411.797,9025597217001.004,170986019733.00012,1.0,0.0,destroy_low_demand_stores,repair_regret2,1.0
500,9821441970725.797,9821441970725.797,9025597217001.004,170644047693.53412,1.0,0.0,destroy_worst_delivery,repair_random,1.0
501,9821441970804.496,9821441970804.496,9025597217001.004,170302759598.14706,1.0,0.0,destroy_random_period,repair_random,1.0
502,9821441970788.596,9821441970788.596,9025597217001.004,169962154078.95078,1.0,0.0,destroy_low_demand_stores,repair_regret2,1.0
503,9866412213245.896,9866412213245.896,9025597217001.004,169622229770.79288,1.0,0.0,destroy_random_route,repair_greedy,1.0
504,9878229625577.996,9878229625577.996,9025597217001.004,169282985311.25128,1.0,0.0,destroy_random_period,repair_greedy,1.0
505,9868666674245.096,9868666674245.096,9025597217001.004,168944419340.62878,1.0,0.0,destroy_low_demand_stores,repair_greedy,1.0
506,9868666674327.697,9868666674327.697,9025597217001.004,168606530501.94754,1.0,0.0,destroy_shaw_stores,repair_random,1.0
507,9868666674363.898,9868666674363.898,9025597217001.004,168269317440.94363,1.0,0.0,destroy_shaw_stores,repair_random,1.0
508,9868666674363.898,9868666674363.898,9025597217001.004,167932778806.06174,1.0,0.0,destroy_low_demand_stores,repair_random,1.0
509,9817142205132.996,9817142205132.996,9025597217001.004,167596913248.44962,1.0,0.0,destroy_random_route,repair_regret2,1.0
510,9817142205132.996,9817142205132.996,9025597217001.004,167261719421.95273,1.0,0.0,destroy_low_demand_stores,repair_greedy,1.0
511,9817142205224.297,9817142205224.297,9025597217001.004,166927195983.10883,1.0,0.0,destroy_random_period,repair_random,1.0
512,9832072405220.39,9832072405220.39,9025597217001.004,166593341591.1426,1.0,0.0,destroy_random_route,repair_random,1.0
513,9827295829023.39,9827295829023.39,9025597217001.004,166260154907.96033,1.0,0.0,destroy_random_delivery,repair_regret2,1.0
514,9827295828941.191,9827295828941.191,9025597217001.004,165927634598.1444,1.0,0.0,destroy_shaw_stores,repair_regret2,1.0
515,9827295828941.191,9827295828941.191,9025597217001.004,165595779328.94812,1.0,0.0,destroy_random_delivery,repair_greedy,1.0
516,9823697211924.492,9823697211924.492,9025597217001.004,165264587770.29022,1.0,0.0,destroy_random_delivery,repair_random,1.0
517,9842337465803.492,9842337465803.492,9025597217001.004,164934058594.74963,1.0,0.0,destroy_worst_delivery,repair_greedy,1.0
518,9804535176843.592,9804535176843.592,9025597217001.004,164604190477.56012,1.0,0.0,destroy_random_route,repair_regret2,1.0
519,9802798274939.893,9802798274939.893,9025597217001.004,164274982096.605,1.0,0.0,destroy_random_period,repair_regret2,1.0
520,9806929160360.893,9806929160360.893,9025597217001.004,163946432132.4118,1.0,0.0,destroy_random_delivery,repair_greedy,1.0
521,9803097412173.393,9803097412173.393,9025597217001.004,163618539268.14697,1.0,0.0,destroy_worst_delivery,repair_random,1.0
522,9805571468969.297,9805571468969.297,9025597217001.004,163291302189.6107,1.0,0.0,destroy_random_route,repair_regret2,1.0
523,9800549704561.297,9800549704561.297,9025597217001.004,162964719585.23148,1.0,0.0,destroy_random_delivery,repair_random,1.0
524,9800549704561.297,9800549704561.297,9025597217001.004,162638790146.061,1.0,0.0,destroy_low_demand_stores,repair_greedy,1.0
525,9800549704635.998,9800549704635.998,9025597217001.004,162313512565.7689,1.0,0.0,destroy_random_period,repair_random,1.0
526,9797673964813.998,9797673964813.998,9025597217001.004,161988885540.63736,1.0,0.0,destroy_worst_delivery,repair_regret2,1.0
527,9923378111963.697,9923378111963.697,9025597217001.004,161664907769.5561,1.0,0.0,destroy_random_route,repair_greedy,1.0
528,9891050347987.396,9891050347987.396,9025597217001.004,161341577954.01697,1.0,0.0,destroy_random_delivery,repair_regret2,1.0
529,9891050347971.496,9891050347971.496,9025597217001.004,161018894798.10895,1.0,0.0,destroy_shaw_stores,repair_regret2,1.0
530,9889877729273.496,9889877729273.496,9025597217001.004,160696857008.51273,1.0,0.0,destroy_random_delivery,repair_greedy,1.0
531,9853453387997.896,9853453387997.896,9025597217001.004,160375463294.4957,1.0,0.0,destroy_random_delivery,repair_regret2,1.0
532,9864169611898.295,9864169611898.295,9025597217001.004,160054712367.9067,1.0,0.0,destroy_random_period,repair_greedy,1.0
533,9862605612122.295,9862605612122.295,9025597217001.004,159734602943.1709,1.0,0.0,destroy_shaw_stores,repair_greedy,1.0
534,9892979063309.295,9892979063309.295,9025597217001.004,159415133737.28455,1.0,0.0,destroy_worst_delivery,repair_random,1.0
535,9892979063409.496,9892979063409.496,9025597217001.004,159096303469.80997,1.0,0.0,destroy_shaw_stores,repair_random,1.0
536,9892979063409.496,9892979063409.496,9025597217001.004,158778110862.87036,1.0,0.0,destroy_low_demand_stores,repair_greedy,1.0
537,9892979063409.496,9892979063409.496,9025597217001.004,158460554641.14462,1.0,0.0,destroy_random_period,repair_greedy,1.0
538,9892979063396.994,9892979063396.994,9025597217001.004,158143633531.86234,1.0,0.0,destroy_shaw_stores,repair_regret2,1.0
539,9892979063497.994,9892979063497.994,9025597217001.004,157827346264.7986,1.0,0.0,destroy_random_period,repair_random,1.0
540,9882408339195.994,9882408339195.994,9025597217001.004,157511691572.269,1.0,0.0,destroy_random_delivery,repair_regret2,1.0
541,9932085959369.994,9932085959369.994,9025597217001.004,157196668189.12448,1.0,0.0,destroy_random_route,repair_greedy,1.0
542,9932085959459.594,9932085959459.594,9025597217001.004,156882274852.74625,1.0,0.0,destroy_shaw_stores,repair_random,1.0
543,9948891632059.795,9948891632059.795,9025597217001.004,156568510303.04074,1.0,0.0,destroy_random_route,repair_greedy,1.0
544,9931773734857.293,9931773734857.293,9025597217001.004,156255373282.43466,1.0,0.0,destroy_random_delivery,repair_regret2,1.0
545,9968428242115.295,9968428242115.295,9025597217001.004,155942862535.86978,1.0,0.0,destroy_worst_delivery,repair_greedy,1.0
546,9959894247983.293,9959894247983.293,9025597217001.004,155630976810.79803,1.0,0.0,destroy_worst_delivery,repair_greedy,1.0
547,9959894248074.594,9959894248074.594,9025597217001.004,155319714857.17645,1.0,0.0,destroy_random_period,repair_random,1.0
548,9930293706117.293,9930293706117.293,9025597217001.004,155009075427.4621,1.0,0.0,destroy_worst_delivery,repair_regret2,1.0
549,9920629943289.992,9920629943289.992,9025597217001.004,154699057276.60718,1.0,0.0,destroy_random_delivery,repair_regret2,1.0
550,9919405058233.594,9919405058233.594,9025597217001.004,154389659162.05396,1.0,0.0,destroy_random_route,repair_greedy,1.0
551,9923989715823.594,9923989715823.594,9025597217001.004,154080879843.72986,1.0,0.0,destroy_worst_delivery,repair_regret2,1.0
552,9923989715823.594,9923989715823.594,9025597217001.004,153772718084.0424,1.0,0.0,destroy_low_demand_stores,repair_random,1.0
553,9877902797877.598,9877902797877.598,9025597217001.004,153465172647.8743,1.0,0.0,destroy_random_route,repair_random,1.0
554,9878306465442.498,9878306465442.498,9025597217001.004,153158242302.57855,1.0,0.0,destroy_random_period,repair_random,1.0
555,9878306465415.197,9878306465415.197,9025597217001.004,152851925817.9734,1.0,0.0,destroy_random_period,repair_random,1.0
556,9878306465375.598,9878306465375.598,9025597217001.004,152546221966.33743,1.0,0.0,destroy_random_period,repair_regret2,1.0
557,9878306465365.797,9878306465365.797,9025597217001.004,152241129522.40475,1.0,0.0,destroy_random_period,repair_random,1.0
558,9878306465365.797,9903989276558.994,9025597217001.004,151936647263.35995,0.0,0.0,destroy_random_route,repair_greedy,1.0
559,9899300233681.197,9899300233681.197,9025597217001.004,151632773968.83322,1.0,0.0,destroy_random_route,repair_greedy,1.0
560,9895956964168.496,9895956964168.496,9025597217001.004,151329508420.89557,1.0,0.0,destroy_random_period,repair_random,1.0
561,9905801955421.496,9905801955421.496,9025597217001.004,151026849404.05377,1.0,0.0,destroy_random_delivery,repair_greedy,1.0
562,9876425495810.098,9876425495810.098,9025597217001.004,150724795705.24567,1.0,0.0,destroy_random_delivery,repair_regret2,1.0
563,9876425495866.596,9876425495866.596,9025597217001.004,150423346113.83517,1.0,0.0,destroy_low_demand_stores,repair_random,1.0
564,9838210916225.295,9838210916225.295,9025597217001.004,150122499421.6075,1.0,0.0,destroy_worst_delivery,repair_regret2,1.0
565,9846966936441.295,9846966936441.295,9025597217001.004,149822254422.7643,1.0,0.0,destroy_worst_delivery,repair_greedy,1.0
566,9862494708320.295,9862494708320.295,9025597217001.004,149522609913.9188,1.0,0.0,destroy_worst_delivery,repair_greedy,1.0
567,9862494708336.195,9862494708336.195,9025597217001.004,149223564694.09094,1.0,0.0,destroy_shaw_stores,repair_random,1.0
568,9839384325228.297,9839384325228.297,9025597217001.004,148925117564.70276,1.0,0.0,destroy_random_period,repair_regret2,1.0
569,9839384325272.297,9839384325272.297,9025597217001.004,148627267329.57336,1.0,0.0,destroy_random_period,repair_random,1.0
570,9835203076446.395,9835203076446.395,9025597217001.004,148330012794.9142,1.0,0.0,destroy_low_demand_stores,repair_greedy,1.0
571,9835203076446.395,9835203076446.395,9025597217001.004,148033352769.32437,1.0,0.0,destroy_low_demand_stores,repair_regret2,1.0
572,9835203076446.395,9835203076446.395,9025597217001.004,147737286063.78574,1.0,0.0,destroy_shaw_stores,repair_regret2,1.0
573,9835203076446.395,9835203076446.395,9025597217001.004,147441811491.65817,1.0,0.0,destroy_low_demand_stores,repair_regret2,1.0
574,9835203076446.395,9835203076446.395,9025597217001.004,147146927868.67487,1.0,0.0,destroy_low_demand_stores,repair_regret2,1.0
575,9874926174862.496,9874926174862.496,9025597217001.004,146852634012.93753,1.0,0.0,destroy_random_route,repair_random,1.0
576,9874926174862.496,9874926174862.496,9025597217001.004,146558928744.91165,1.0,0.0,destroy_random_period,repair_regret2,1.0
577,9870710195193.496,9870710195193.496,9025597217001.004,146265810887.4218,1.0,0.0,destroy_random_delivery,repair_regret2,1.0
578,9846017576818.492,9846017576818.492,9025597217001.004,145973279265.64697,1.0,0.0,destroy_random_route,repair_regret2,1.0
579,9850300276862.492,9850300276862.492,9025597217001.004,145681332707.1157,1.0,0.0,destroy_worst_delivery,repair_greedy,1.0
580,9850300276950.893,9850300276950.893,9025597217001.004,145389970041.70145,1.0,0.0,destroy_shaw_stores,repair_random,1.0
581,9850300276950.893,9850300276950.893,9025597217001.004,145099190101.61804,1.0,0.0,destroy_low_demand_stores,repair_regret2,1.0
582,9850300276950.893,9850300276950.893,9025597217001.004,144808991721.4148,1.0,0.0,destroy_shaw_stores,repair_regret2,1.0
583,9850300276950.893,9850300276950.893,9025597217001.004,144519373737.97195,1.0,0.0,destroy_low_demand_stores,repair_greedy,1.0
584,9800800991051.293,9800800991051.293,9025597217001.004,144230334990.496,1.0,0.0,destroy_random_route,repair_regret2,1.0
585,9800800991140.094,9800800991140.094,9025597217001.004,143941874320.515,1.0,0.0,destroy_shaw_stores,repair_random,1.0
586,9813224896238.293,9813224896238.293,9025597217001.004,143653990571.874,1.0,0.0,destroy_random_delivery,repair_random,1.0
587,9809574955643.592,9809574955643.592,9025597217001.004,143366682590.73026,1.0,0.0,destroy_random_route,repair_random,1.0
588,9809574955643.592,9809574955643.592,9025597217001.004,143079949225.5488,1.0,0.0,destroy_random_delivery,repair_regret2,1.0
589,9795265268016.992,9795265268016.992,9025597217001.004,142793789327.0977,1.0,0.0,destroy_worst_delivery,repair_regret2,1.0
590,9795265267946.89,9795265267946.89,9025597217001.004,142508201748.44348,1.0,0.0,destroy_random_period,repair_regret2,1.0
591,9795265267946.89,9795265267946.89,9025597217001.004,142223185344.9466,1.0,0.0,destroy_worst_delivery,repair_regret2,1.0
592,9795640048667.293,9795640048667.293,9025597217001.004,141938738974.2567,1.0,0.0,destroy_random_period,repair_greedy,1.0
593,9789123695144.494,9789123695144.494,9025597217001.004,141654861496.3082,1.0,0.0,destroy_random_route,repair_regret2,1.0
594,9789123695144.494,9789123695144.494,9025597217001.004,141371551773.31558,1.0,0.0,destroy_worst_delivery,repair_regret2,1.0
595,9789197319240.494,9789197319240.494,9025597217001.004,141088808669.76895,1.0,0.0,destroy_random_delivery,repair_greedy,1.0
596,9789197319240.494,9789197319240.494,9025597217001.004,140806631052.4294,1.0,0.0,destroy_low_demand_stores,repair_greedy,1.0
597,9803255095096.193,9803255095096.193,9025597217001.004,140525017790.32455,1.0,0.0,destroy_random_route,repair_regret2,1.0
598,9803255095096.193,9803255095096.193,9025597217001.004,140243967754.7439,1.0,0.0,destroy_low_demand_stores,repair_greedy,1.0
599,9800185432055.193,9800185432055.193,9025597217001.004,139963479819.2344,1.0,0.0,destroy_random_route,repair_regret2,1.0
600,9800185432055.193,9807094848231.193,9025597217001.004,139683552859.59595,0.0,0.0,destroy_worst_delivery,repair_regret2,1.0
601,9805289994016.297,9805289994016.297,9025597217001.004,139404185753.87677,1.0,0.0,destroy_random_route,repair_random,1.0
602,9805289994016.297,9810501295393.695,9025597217001.004,139125377382.36902,0.0,0.0,destroy_random_delivery,repair_greedy,1.0
603,9805289994025.297,9805289994025.297,9025597217001.004,138847126627.60428,1.0,0.0,destroy_random_period,repair_random,1.0
604,9808334070653.295,9808334070653.295,9025597217001.004,138569432374.34906,1.0,0.0,destroy_random_delivery,repair_greedy,1.0
605,9820283350394.895,9820283350394.895,9025597217001.004,138292293509.60037,1.0,0.0,destroy_worst_delivery,repair_random,1.0
606,9821027520242.895,9821027520242.895,9025597217001.004,138015708922.58118,1.0,0.0,destroy_random_delivery,repair_greedy,1.0
607,9821027520236.695,9821027520236.695,9025597217001.004,137739677504.73602,1.0,0.0,destroy_low_demand_stores,repair_regret2,1.0
608,9821027520306.795,9821027520306.795,9025597217001.004,137464198149.72656,1.0,0.0,destroy_random_period,repair_random,1.0
609,9821027520306.795,9836931990290.793,9025597217001.004,137189269753.42711,0.0,0.0,destroy_worst_delivery,repair_greedy,1.0
610,9818111300504.795,9818111300504.795,9025597217001.004,136914891213.92026,1.0,0.0,destroy_worst_delivery,repair_greedy,1.0
611,9818111300504.795,9818111300504.795,9025597217001.004,136641061431.49242,1.0,0.0,destroy_shaw_stores,repair_regret2,1.0
612,9818111300522.494,9818111300522.494,9025597217001.004,136367779308.62943,1.0,0.0,destroy_low_demand_stores,repair_random,1.0
613,9818111300522.494,9818111300522.494,9025597217001.004,136095043750.01216,1.0,0.0,destroy_shaw_stores,repair_greedy,1.0
614,9815957514370.295,9815957514370.295,9025597217001.004,135822853662.51213,1.0,0.0,destroy_worst_delivery,repair_regret2,1.0
615,9810307387748.295,9810307387748.295,9025597217001.004,135551207955.1871,1.0,0.0,destroy_random_delivery,repair_random,1.0
616,9828251061253.697,9828251061253.697,9025597217001.004,135280105539.27673,1.0,0.0,destroy_worst_delivery,repair_greedy,1.0
617,9845138995342.898,9845138995342.898,9025597217001.004,135009545328.19818,1.0,0.0,destroy_random_route,repair_random,1.0
618,9903035893634.594,9903035893634.594,9025597217001.004,134739526237.54178,1.0,0.0,destroy_random_route,repair_greedy,1.0
619,9903035893534.191,9903035893534.191,9025597217001.004,134470047185.0667,1.0,0.0,destroy_shaw_stores,repair_regret2,1.0
620,9876319410969.594,9876319410969.594,9025597217001.004,134201107090.69656,1.0,0.0,destroy_worst_delivery,repair_regret2,1.0
621,9892858837750.992,9892858837750.992,9025597217001.004,133932704876.51517,1.0,0.0,destroy_worst_delivery,repair_random,1.0
622,9892858837750.992,9892858837750.992,9025597217001.004,133664839466.76213,1.0,0.0,destroy_shaw_stores,repair_regret2,1.0
623,9876060417423.994,9876060417423.994,9025597217001.004,133397509787.82861,1.0,0.0,destroy_random_delivery,repair_regret2,1.0
624,9864711808446.793,9864711808446.793,9025597217001.004,133130714768.25296,1.0,0.0,destroy_random_route,repair_regret2,1.0
625,9875538077322.793,9875538077322.793,9025597217001.004,132864453338.71646,1.0,0.0,destroy_worst_delivery,repair_regret2,1.0
626,9875538077322.793,9875538077322.793,9025597217001.004,132598724432.03903,1.0,0.0,destroy_random_period,repair_random,1.0
627,9875538077315.994,9875538077315.994,9025597217001.004,132333526983.17496,1.0,0.0,destroy_shaw_stores,repair_random,1.0
628,9875538077411.193,9875538077411.193,9025597217001.004,132068859929.2086,1.0,0.0,destroy_shaw_stores,repair_random,1.0
629,9875538077493.895,9875538077493.895,9025597217001.004,131804722209.35019,1.0,0.0,destroy_low_demand_stores,repair_random,1.0
630,9872865237107.895,9872865237107.895,9025597217001.004,131541112764.93149,1.0,0.0,destroy_random_delivery,repair_regret2,1.0
631,9872865237107.895,9872865237107.895,9025597217001.004,131278030539.40163,1.0,0.0,destroy_shaw_stores,repair_regret2,1.0
632,9843791090330.594,9843791090330.594,9025597217001.004,131015474478.32283,1.0,0.0,destroy_shaw_stores,repair_random,1.0
633,9843791090235.395,9843791090235.395,9025597217001.004,130753443529.36618,1.0,0.0,destroy_shaw_stores,repair_regret2,1.0
634,9857644694839.695,9857644694839.695,9025597217001.004,130491936642.30745,1.0,0.0,destroy_shaw_stores,repair_greedy,1.0
635,9831132804648.195,9831132804648.195,9025597217001.004,130230952769.02283,1.0,0.0,destroy_random_route,repair_regret2,1.0
636,9831826899263.195,9831826899263.195,9025597217001.004,129970490863.48479,1.0,0.0,destroy_worst_delivery,repair_random,1.0
637,9831826899257.395,9831826899257.395,9025597217001.004,129710549881.75781,1.0,0.0,destroy_random_period,repair_regret2,1.0
638,9830611643565.094,9830611643565.094,9025597217001.004,129451128781.9943,1.0,0.0,destroy_random_route,repair_regret2,1.0
639,9830788773393.094,9830788773393.094,9025597217001.004,129192226524.4303,1.0,0.0,destroy_shaw_stores,repair_greedy,1.0
640,9825799807747.395,9825799807747.395,9025597217001.004,128933842071.38144,1.0,0.0,destroy_random_delivery,repair_random,1.0
641,9825799807825.494,9825799807825.494,9025597217001.004,128675974387.23868,1.0,0.0,destroy_low_demand_stores,repair_random,1.0
642,9813588516294.195,9813588516294.195,9025597217001.004,128418622438.4642,1.0,0.0,destroy_random_delivery,repair_regret2,1.0
643,9813588516403.896,9813588516403.896,9025597217001.004,128161785193.58728,1.0,0.0,destroy_shaw_stores,repair_random,1.0
644,9813588516403.896,9813588516403.896,9025597217001.004,127905461623.2001,1.0,0.0,destroy_random_period,repair_regret2,1.0
645,9819773069922.096,9819773069922.096,9025597217001.004,127649650699.9537,1.0,0.0,destroy_random_route,repair_regret2,1.0
646,9818169454493.896,9818169454493.896,9025597217001.004,127394351398.5538,1.0,0.0,destroy_worst_delivery,repair_random,1.0
647,9818169454493.896,9818169454493.896,9025597217001.004,127139562695.7567,1.0,0.0,destroy_random_period,repair_regret2,1.0
648,9813710652668.795,9813710652668.795,9025597217001.004,126885283570.36519,1.0,0.0,destroy_random_delivery,repair_greedy,1.0
649,9813710652754.795,9813710652754.795,9025597217001.004,126631513003.22446,1.0,0.0,destroy_random_period,repair_random,1.0
650,9813710652754.795,9813710652754.795,9025597217001.004,126378249977.218,1.0,0.0,destroy_random_period,repair_regret2,1.0
651,9813710652834.596,9813710652834.596,9025597217001.004,126125493477.26357,1.0,0.0,destroy_shaw_stores,repair_random,1.0
652,9813710652925.896,9813710652925.896,9025597217001.004,125873242490.30904,1.0,0.0,destroy_random_period,repair_random,1.0
653,9813710652925.896,9813710652925.896,9025597217001.004,125621496005.32841,1.0,0.0,destroy_low_demand_stores,repair_greedy,1.0
654,9813710652925.896,9813710652925.896,9025597217001.004,125370253013.31776,1.0,0.0,destroy_low_demand_stores,repair_regret2,1.0
655,9824584869098.896,9824584869098.896,9025597217001.004,125119512507.29112,1.0,0.0,destroy_worst_delivery,repair_regret2,1.0
656,9824584869098.896,9824584869098.896,9025597217001.004,124869273482.27654,1.0,0.0,destroy_low_demand_stores,repair_random,1.0
657,9819269591913.896,9819269591913.896,9025597217001.004,124619534935.31198,1.0,0.0,destroy_random_delivery,repair_random,1.0
658,9819269591994.396,9819269591994.396,9025597217001.004,124370295865.44136,1.0,0.0,destroy_shaw_stores,repair_random,1.0
659,9803852186016.098,9803852186016.098,9025597217001.004,124121555273.71048,1.0,0.0,destroy_random_delivery,repair_random,1.0
660,9803852186031.998,9803852186031.998,9025597217001.004,123873312163.16306,1.0,0.0,destroy_low_demand_stores,repair_random,1.0
661,9803852186022.297,9803852186022.297,9025597217001.004,123625565538.83673,1.0,0.0,destroy_random_period,repair_regret2,1.0
662,9803128905891.297,9803128905891.297,9025597217001.004,123378314407.75906,1.0,0.0,destroy_shaw_stores,repair_regret2,1.0
663,9803128905811.496,9803128905811.496,9025597217001.004,123131557778.94354,1.0,0.0,destroy_shaw_stores,repair_regret2,1.0
664,9803128905822.996,9803128905822.996,9025597217001.004,122885294663.38565,1.0,0.0,destroy_low_demand_stores,repair_random,1.0
665,9801496343064.697,9801496343064.697,9025597217001.004,122639524074.05888,1.0,0.0,destroy_random_route,repair_regret2,1.0
666,9844906892726.398,9844906892726.398,9025597217001.004,122394245025.91077,1.0,0.0,destroy_random_route,repair_random,1.0
667,9844906892757.7,9844906892757.7,9025597217001.004,122149456535.85895,1.0,0.0,destroy_random_period,repair_random,1.0
668,9844906892690.4,9844906892690.4,9025597217001.004,121905157622.78723,1.0,0.0,destroy_random_period,repair_greedy,1.0
669,9850003237341.797,9850003237341.797,9025597217001.004,121661347307.54166,1.0,0.0,destroy_random_route,repair_regret2,1.0
670,9850003237319.496,9850003237319.496,9025597217001.004,121418024612.92657,1.0,0.0,destroy_low_demand_stores,repair_random,1.0
671,9851801291959.896,9851801291959.896,9025597217001.004,121175188563.70071,1.0,0.0,destroy_random_delivery,repair_greedy,1.0
672,9863086713000.797,9863086713000.797,9025597217001.004,120932838186.57332,1.0,0.0,destroy_worst_delivery,repair_greedy,1.0
673,9856724577337.797,9856724577337.797,9025597217001.004,120690972510.20016,1.0,0.0,destroy_random_delivery,repair_regret2,1.0
674,9853033057758.2,9853033057758.2,9025597217001.004,120449590565.17976,1.0,0.0,destroy_random_period,repair_regret2,1.0
675,9848177856264.2,9848177856264.2,9025597217001.004,120208691384.04941,1.0,0.0,destroy_random_delivery,repair_regret2,1.0
676,9840993454732.898,9840993454732.898,9025597217001.004,119968274001.28131,1.0,0.0,destroy_random_period,repair_random,1.0
677,9840993454716.996,9840993454716.996,9025597217001.004,119728337453.27875,1.0,0.0,destroy_low_demand_stores,repair_greedy,1.0
678,9838335335279.398,9838335335279.398,9025597217001.004,119488880778.3722,1.0,0.0,destroy_random_delivery,repair_regret2,1.0
679,9838130663997.5,9838130663997.5,9025597217001.004,119249903016.81544,1.0,0.0,destroy_low_demand_stores,repair_regret2,1.0
680,9843314728079.496,9843314728079.496,9025597217001.004,119011403210.78181,1.0,0.0,destroy_random_route,repair_random,1.0
681,9843314728079.496,9843314728079.496,9025597217001.004,118773380404.36024,1.0,0.0,destroy_shaw_stores,repair_regret2,1.0
682,9868628006411.896,9868628006411.896,9025597217001.004,118535833643.55153,1.0,0.0,destroy_random_delivery,repair_greedy,1.0
683,9859807544116.896,9859807544116.896,9025597217001.004,118298761976.26442,1.0,0.0,destroy_random_delivery,repair_regret2,1.0
684,9873994819489.596,9873994819489.596,9025597217001.004,118062164452.31189,1.0,0.0,destroy_shaw_stores,repair_greedy,1.0
685,9852977236279.895,9852977236279.895,9025597217001.004,117826040123.40727,1.0,0.0,destroy_random_route,repair_regret2,1.0
686,9882508762484.996,9882508762484.996,9025597217001.004,117590388043.16046,1.0,0.0,destroy_random_route,repair_random,1.0
687,9880022285086.996,9880022285086.996,9025597217001.004,117355207267.07414,1.0,0.0,destroy_random_delivery,repair_regret2,1.0
688,9865835009700.098,9865835009700.098,9025597217001.004,117120496852.54,1.0,0.0,destroy_shaw_stores,repair_regret2,1.0
689,9865835009700.098,9865835009700.098,9025597217001.004,116886255858.83492,1.0,0.0,destroy_shaw_stores,repair_greedy,1.0
690,9847703700816.697,9847703700816.697,9025597217001.004,116652483347.11725,1.0,0.0,destroy_random_delivery,repair_regret2,1.0
691,9843110228032.092,9843110228032.092,9025597217001.004,116419178380.42302,1.0,0.0,destroy_random_route,repair_random,1.0
692,9843110227934.494,9843110227934.494,9025597217001.004,116186340023.66217,1.0,0.0,destroy_random_period,repair_regret2,1.0
693,9843110227844.893,9843110227844.893,9025597217001.004,115953967343.61485,1.0,0.0,destroy_random_period,repair_greedy,1.0
694,9845081844148.893,9845081844148.893,9025597217001.004,115722059408.92763,1.0,0.0,destroy_worst_delivery,repair_regret2,1.0
695,9844463862060.793,9844463862060.793,9025597217001.004,115490615290.10977,1.0,0.0,destroy_random_delivery,repair_regret2,1.0
696,9844463862060.793,9844463862060.793,9025597217001.004,115259634059.52956,1.0,0.0,destroy_shaw_stores,repair_regret2,1.0
697,9843765169477.893,9843765169477.893,9025597217001.004,115029114791.41049,1.0,0.0,destroy_random_delivery,repair_greedy,1.0
698,9844183644401.893,9844183644401.893,9025597217001.004,114799056561.82767,1.0,0.0,destroy_random_delivery,repair_regret2,1.0
699,9844183644401.893,9877251026226.793,9025597217001.004,114569458448.70401,0.0,0.0,destroy_worst_delivery,repair_greedy,1.0
700,9837252589562.494,9837252589562.494,9025597217001.004,114340319531.8066,1.0,0.0,destroy_random_period,repair_random,1.0
701,9831276727014.096,9831276727014.096,9025597217001.004,114111638892.74298,1.0,0.0,destroy_low_demand_stores,repair_regret2,1.0
702,9831276726998.193,9831276726998.193,9025597217001.004,113883415614.95749,1.0,0.0,destroy_shaw_stores,repair_random,1.0
703,9831276726998.193,9831276726998.193,9025597217001.004,113655648783.72757,1.0,0.0,destroy_worst_delivery,repair_regret2,1.0
704,9833297693410.193,9833297693410.193,9025597217001.004,113428337486.16011,1.0,0.0,destroy_random_delivery,repair_random,1.0
705,9856229835795.596,9856229835795.596,9025597217001.004,113201480811.18779,1.0,0.0,destroy_shaw_stores,repair_greedy,1.0
706,9856405855550.596,9856405855550.596,9025597217001.004,112975077849.56541,1.0,0.0,destroy_random_delivery,repair_greedy,1.0
707,9856405855544.795,9856405855544.795,9025597217001.004,112749127693.86629,1.0,0.0,destroy_random_period,repair_regret2,1.0
708,9843034119083.799,9843034119083.799,9025597217001.004,112523629438.47856,1.0,0.0,destroy_random_delivery,repair_greedy,1.0
709,9870383815070.398,9870383815070.398,9025597217001.004,112298582179.60161,1.0,0.0,destroy_worst_delivery,repair_random,1.0
710,9840159974576.998,9840159974576.998,9025597217001.004,112073985015.2424,1.0,0.0,destroy_worst_delivery,repair_regret2,1.0
711,9803932176245.498,9803932176245.498,9025597217001.004,111849837045.21191,1.0,0.0,destroy_random_route,repair_random,1.0
712,9803932176331.498,9803932176331.498,9025597217001.004,111626137371.12149,1.0,0.0,destroy_random_period,repair_random,1.0
713,9803932176331.498,9803932176331.498,9025597217001.004,111402885096.37924,1.0,0.0,destroy_low_demand_stores,repair_regret2,1.0
714,9803932176359.898,9803932176359.898,9025597217001.004,111180079326.18648,1.0,0.0,destroy_random_period,repair_random,1.0
715,9774250411866.793,9774250411866.793,9025597217001.004,110957719167.5341,1.0,0.0,destroy_random_route,repair_regret2,1.0
716,9772655081793.293,9772655081793.293,9025597217001.004,110735803729.19904,1.0,0.0,destroy_low_demand_stores,repair_regret2,1.0
717,9776836330603.293,9776836330603.293,9025597217001.004,110514332121.74063,1.0,0.0,destroy_worst_delivery,repair_greedy,1.0
718,9811736144307.092,9811736144307.092,9025597217001.004,110293303457.49715,1.0,0.0,destroy_random_route,repair_random,1.0
719,9822164012040.89,9822164012040.89,9025597217001.004,110072716850.58215,1.0,0.0,destroy_worst_delivery,repair_random,1.0
720,9822164012184.691,9822164012184.691,9025597217001.004,109852571416.88098,1.0,0.0,destroy_low_demand_stores,repair_random,1.0
721,9830370606572.295,9830370606572.295,9025597217001.004,109632866274.04723,1.0,0.0,destroy_random_route,repair_random,1.0
722,9827138605642.795,9827138605642.795,9025597217001.004,109413600541.49913,1.0,0.0,destroy_low_demand_stores,repair_greedy,1.0
723,9827138605642.795,9827138605642.795,9025597217001.004,109194773340.41614,1.0,0.0,destroy_random_period,repair_greedy,1.0
724,9828853665515.695,9828853665515.695,9025597217001.004,108976383793.7353,1.0,0.0,destroy_random_delivery,repair_greedy,1.0
725,9848602271923.695,9848602271923.695,9025597217001.004,108758431026.14784,1.0,0.0,destroy_worst_delivery,repair_greedy,1.0
726,9843745075508.797,9843745075508.797,9025597217001.004,108540914164.09555,1.0,0.0,destroy_random_delivery,repair_random,1.0
727,9848478380211.297,9848478380211.297,9025597217001.004,108323832335.76736,1.0,0.0,destroy_worst_delivery,repair_random,1.0
728,9833777889989.697,9833777889989.697,9025597217001.004,108107184671.09583,1.0,0.0,destroy_worst_delivery,repair_regret2,1.0
729,9833777889989.697,9862099251476.797,9025597217001.004,107890970301.75363,0.0,0.0,destroy_shaw_stores,repair_greedy,1.0
730,9825858714381.496,9825858714381.496,9025597217001.004,107675188361.15013,1.0,0.0,destroy_worst_delivery,repair_random,1.0
731,9825971643664.195,9825971643664.195,9025597217001.004,107459837984.42783,1.0,0.0,destroy_random_delivery,repair_regret2,1.0
732,9825971643664.195,9825971643664.195,9025597217001.004,107244918308.45897,1.0,0.0,destroy_random_delivery,repair_regret2,1.0
733,9837664986962.096,9837664986962.096,9025597217001.004,107030428471.84206,1.0,0.0,destroy_random_period,repair_greedy,1.0
734,9838869199428.297,9838869199428.297,9025597217001.004,106816367614.89838,1.0,0.0,destroy_worst_delivery,repair_greedy,1.0
735,9827271694124.396,9827271694124.396,9025597217001.004,106602734879.66858,1.0,0.0,destroy_random_delivery,repair_random,1.0
736,9823878654123.697,9823878654123.697,9025597217001.004,106389529409.90924,1.0,0.0,destroy_worst_delivery,repair_random,1.0
737,9827826717025.102,9827826717025.102,9025597217001.004,106176750351.08942,1.0,0.0,destroy_random_route,repair_random,1.0
738,9825056579427.9,9825056579427.9,9025597217001.004,105964396850.38724,1.0,0.0,destroy_random_period,repair_regret2,1.0
739,9825396078194.8,9825396078194.8,9025597217001.004,105752468056.68646,1.0,0.0,destroy_random_period,repair_regret2,1.0
740,9843256665793.701,9843256665793.701,9025597217001.004,105540963120.57309,1.0,0.0,destroy_worst_delivery,repair_random,1.0
741,9846557559123.7,9846557559123.7,9025597217001.004,105329881194.33194,1.0,0.0,destroy_worst_delivery,repair_greedy,1.0
742,9846557559050.0,9846557559050.0,9025597217001.004,105119221431.94328,1.0,0.0,destroy_shaw_stores,repair_greedy,1.0
743,9847488823651.8,9847488823651.8,9025597217001.004,104908982989.07939,1.0,0.0,destroy_worst_delivery,repair_greedy,1.0
744,9828512950840.799,9828512950840.799,9025597217001.004,104699165023.10123,1.0,0.0,destroy_worst_delivery,repair_random,1.0
745,9901452732549.094,9901452732549.094,9025597217001.004,104489766693.05502,1.0,0.0,destroy_random_route,repair_greedy,1.0
746,9901452732459.494,9901452732459.494,9025597217001.004,104280787159.66891,1.0,0.0,destroy_shaw_stores,repair_greedy,1.0
747,9901452732459.494,9901452732459.494,9025597217001.004,104072225585.34958,1.0,0.0,destroy_low_demand_stores,repair_greedy,1.0
748,9901452732389.793,9901452732389.793,9025597217001.004,103864081134.17888,1.0,0.0,destroy_shaw_stores,repair_regret2,1.0
749,9901452732389.793,9901452732389.793,9025597217001.004,103656352971.91052,1.0,0.0,destroy_low_demand_stores,repair_regret2,1.0
750,9901452732389.793,9901452732389.793,9025597217001.004,103449040265.9667,1.0,0.0,destroy_shaw_stores,repair_regret2,1.0
751,9901452732467.895,9901452732467.895,9025597217001.004,103242142185.43477,1.0,0.0,destroy_random_period,repair_random,1.0
752,9901452732467.895,9901452732467.895,9025597217001.004,103035657901.0639,1.0,0.0,destroy_low_demand_stores,repair_greedy,1.0
753,9901452732467.895,9932580201937.092,9025597217001.004,102829586585.26178,0.0,0.0,destroy_random_route,repair_greedy,1.0
754,9880314429511.795,9880314429511.795,9025597217001.004,102623927412.09126,1.0,0.0,destroy_shaw_stores,repair_regret2,1.0
755,9874207156053.994,9874207156053.994,9025597217001.004,102418679557.26707,1.0,0.0,destroy_worst_delivery,repair_regret2,1.0
756,9939777872308.494,9939777872308.494,9025597217001.004,102213842198.15254,1.0,0.0,destroy_random_route,repair_greedy,1.0
757,9939777872308.494,9939777872308.494,9025597217001.004,102009414513.75624,1.0,0.0,destroy_shaw_stores,repair_regret2,1.0
758,9938132456281.494,9938132456281.494,9025597217001.004,101805395684.72873,1.0,0.0,destroy_random_delivery,repair_regret2,1.0
759,9938132456281.494,9938132456281.494,9025597217001.004,101601784893.35927,1.0,0.0,destroy_shaw_stores,repair_greedy,1.0
760,9946247318446.494,9946247318446.494,9025597217001.004,101398581323.57256,1.0,0.0,destroy_random_delivery,repair_greedy,1.0
761,9904611958205.89,9904611958205.89,9025597217001.004,101195784160.92542,1.0,0.0,destroy_random_delivery,repair_greedy,1.0
762,9902453758779.89,9902453758779.89,9025597217001.004,100993392592.60356,1.0,0.0,destroy_random_delivery,repair_regret2,1.0
763,9900280601316.39,9900280601316.39,9025597217001.004,100791405807.41835,1.0,0.0,destroy_random_period,repair_random,1.0
764,9891763697546.49,9891763697546.49,9025597217001.004,100589822995.80351,1.0,0.0,destroy_random_delivery,repair_greedy,1.0
765,9891763697546.49,9891763697546.49,9025597217001.004,100388643349.8119,1.0,0.0,destroy_shaw_stores,repair_regret2,1.0
766,9908173845887.19,9908173845887.19,9025597217001.004,100187866063.11227,1.0,0.0,destroy_worst_delivery,repair_random,1.0
767,9908173845965.291,9908173845965.291,9025597217001.004,99987490330.98605,1.0,0.0,destroy_low_demand_stores,repair_random,1.0
768,9908173845965.291,9908173845965.291,9025597217001.004,99787515350.32408,1.0,0.0,destroy_random_period,repair_regret2,1.0
769,9908173845965.291,9908173845965.291,9025597217001.004,99587940319.62343,1.0,0.0,destroy_shaw_stores,repair_random,1.0
770,9895246148832.691,9895246148832.691,9025597217001.004,99388764438.98418,1.0,0.0,destroy_random_period,repair_regret2,1.0
771,9895246148754.59,9895246148754.59,9025597217001.004,99189986910.1062,1.0,0.0,destroy_low_demand_stores,repair_greedy,1.0
772,9895246148754.59,9895246148754.59,9025597217001.004,98991606936.286,1.0,0.0,destroy_random_period,repair_regret2,1.0
773,9880905622991.096,9880905622991.096,9025597217001.004,98793623722.41342,1.0,0.0,destroy_random_route,repair_random,1.0
774,9879348106772.096,9879348106772.096,9025597217001.004,98596036474.9686,1.0,0.0,destroy_random_delivery,repair_regret2,1.0
775,9897432283203.79,9897432283203.79,9025597217001.004,98398844402.01866,1.0,0.0,destroy_random_route,repair_greedy,1.0
776,9897432283295.09,9897432283295.09,9025597217001.004,98202046713.21463,1.0,0.0,destroy_random_period,repair_random,1.0
777,9874743571354.191,9874743571354.191,9025597217001.004,98005642619.78821,1.0,0.0,destroy_worst_delivery,repair_regret2,1.0
778,9874743571442.994,9874743571442.994,9025597217001.004,97809631334.54863,1.0,0.0,destroy_random_period,repair_random,1.0
779,9874743571442.994,9955468263447.693,9025597217001.004,97614012071.87953,0.0,0.0,destroy_random_route,repair_greedy,1.0
780,9874743571523.994,9874743571523.994,9025597217001.004,97418784047.73578,1.0,0.0,destroy_shaw_stores,repair_random,1.0
781,9874743571523.994,9874743571523.994,9025597217001.004,97223946479.6403,1.0,0.0,destroy_random_period,repair_greedy,1.0
782,9870977369376.994,9870977369376.994,9025597217001.004,97029498586.68103,1.0,0.0,destroy_random_delivery,repair_greedy,1.0
783,9867718027957.195,9867718027957.195,9025597217001.004,96835439589.50768,1.0,0.0,destroy_random_route,repair_regret2,1.0
784,9867718027957.195,9867718027957.195,9025597217001.004,96641768710.32866,1.0,0.0,destroy_random_period,repair_regret2,1.0
785,9867718027957.195,9979576504615.693,9025597217001.004,96448485172.908,0.0,0.0,destroy_random_route,repair_greedy,1.0
786,9853864423353.295,9853864423353.295,9025597217001.004,96255588202.5622,1.0,0.0,destroy_random_period,repair_regret2,1.0
787,9853864423353.295,9853864423353.295,9025597217001.004,96063077026.15707,1.0,0.0,destroy_shaw_stores,repair_regret2,1.0
788,9853562890601.094,9853562890601.094,9025597217001.004,95870950872.10477,1.0,0.0,destroy_worst_delivery,repair_greedy,1.0
789,9853562890601.094,9853562890601.094,9025597217001.004,95679208970.36055,1.0,0.0,destroy_shaw_stores,repair_regret2,1.0
790,9850916796327.297,9850916796327.297,9025597217001.004,95487850552.41983,1.0,0.0,destroy_low_demand_stores,repair_random,1.0
791,9845224010741.094,9845224010741.094,9025597217001.004,95296874851.31499,1.0,0.0,destroy_random_delivery,repair_regret2,1.0
792,9845224010662.994,9845224010662.994,9025597217001.004,95106281101.61235,1.0,0.0,destroy_low_demand_stores,repair_regret2,1.0
793,9872824007755.994,9872824007755.994,9025597217001.004,94916068539.40912,1.0,0.0,destroy_worst_delivery,repair_greedy,1.0
794,9858647538067.994,9858647538067.994,9025597217001.004,94726236402.3303,1.0,0.0,destroy_worst_delivery,repair_regret2,1.0
795,9855052909939.994,9855052909939.994,9025597217001.004,94536783929.52565,1.0,0.0,destroy_random_delivery,repair_greedy,1.0
796,9856094447733.994,9856094447733.994,9025597217001.004,94347710361.6666,1.0,0.0,destroy_random_delivery,repair_greedy,1.0
797,9852104627251.994,9852104627251.994,9025597217001.004,94159014940.94327,1.0,0.0,destroy_random_delivery,repair_regret2,1.0
798,9852104627251.994,9852104627251.994,9025597217001.004,93970696911.06139,1.0,0.0,destroy_low_demand_stores,repair_greedy,1.0
799,9844690486615.496,9844690486615.496,9025597217001.004,93782755517.23926,1.0,0.0,destroy_random_period,repair_random,1.0
800,9820470137676.494,9820470137676.494,9025597217001.004,93595190006.20477,1.0,0.0,destroy_random_period,repair_random,1.0
801,9932169450047.996,9932169450047.996,9025597217001.004,93407999626.19237,1.0,0.0,destroy_random_route,repair_greedy,1.0
802,9955069368813.996,9955069368813.996,9025597217001.004,93221183626.93999,1.0,0.0,destroy_worst_delivery,repair_greedy,1.0
803,9903329720338.797,9903329720338.797,9025597217001.004,93034741259.68611,1.0,0.0,destroy_random_route,repair_regret2,1.0
804,9903329720338.797,9903329720338.797,9025597217001.004,92848671777.16673,1.0,0.0,destroy_random_period,repair_regret2,1.0
805,9898003385319.195,9898003385319.195,9025597217001.004,92662974433.6124,1.0,0.0,destroy_random_route,repair_random,1.0
806,9898461745326.994,9898461745326.994,9025597217001.004,92477648484.74518,1.0,0.0,destroy_worst_delivery,repair_regret2,1.0
807,9898461745326.994,9898461745326.994,9025597217001.004,92292693187.77568,1.0,0.0,destroy_shaw_stores,repair_regret2,1.0
808,9898343372425.994,9898343372425.994,9025597217001.004,92108107801.40013,1.0,0.0,destroy_random_delivery,repair_greedy,1.0
809,9898343372517.295,9898343372517.295,9025597217001.004,91923891585.79733,1.0,0.0,destroy_random_period,repair_random,1.0
810,9898343372517.295,9898343372517.295,9025597217001.004,91740043802.62573,1.0,0.0,destroy_shaw_stores,repair_regret2,1.0
811,9898343372436.295,9898343372436.295,9025597217001.004,91556563715.02048,1.0,0.0,destroy_shaw_stores,repair_greedy,1.0
812,9831310509472.297,9831310509472.297,9025597217001.004,91373450587.59044,1.0,0.0,destroy_random_route,repair_random,1.0
813,9911896416424.191,9911896416424.191,9025597217001.004,91190703686.41525,1.0,0.0,destroy_random_route,repair_greedy,1.0
814,9911896416424.191,9911896416424.191,9025597217001.004,91008322279.04242,1.0,0.0,destroy_random_period,repair_greedy,1.0
815,9911896416424.191,9911896416424.191,9025597217001.004,90826305634.48433,1.0,0.0,destroy_random_period,repair_regret2,1.0
816,9911735293389.191,9911735293389.191,9025597217001.004,90644653023.21536,1.0,0.0,destroy_low_demand_stores,repair_greedy,1.0
817,9911735293467.291,9911735293467.291,9025597217001.004,90463363717.16893,1.0,0.0,destroy_low_demand_stores,repair_random,1.0
818,9900596939645.59,9900596939645.59,9025597217001.004,90282436989.73459,1.0,0.0,destroy_random_delivery,repair_random,1.0
819,9882145811222.191,9882145811222.191,9025597217001.004,90101872115.75511,1.0,0.0,destroy_low_demand_stores,repair_regret2,1.0
820,9877041249789.191,9877041249789.191,9025597217001.004,89921668371.5236,1.0,0.0,destroy_random_period,repair_regret2,1.0
821,9877041249789.191,9877041249789.191,9025597217001.004,89741825034.78056,1.0,0.0,destroy_low_demand_stores,repair_regret2,1.0
822,9944756978465.297,9944756978465.297,9025597217001.004,89562341384.711,1.0,0.0,destroy_random_route,repair_greedy,1.0
823,9930861783694.492,9930861783694.492,9025597217001.004,89383216701.94157,1.0,0.0,destroy_random_route,repair_random,1.0
824,9930861783620.992,9930861783620.992,9025597217001.004,89204450268.53769,1.0,0.0,destroy_low_demand_stores,repair_regret2,1.0
825,9942039921832.994,9942039921832.994,9025597217001.004,89026041368.00061,1.0,0.0,destroy_worst_delivery,repair_greedy,1.0
826,9923827939808.994,9923827939808.994,9025597217001.004,88847989285.2646,1.0,0.0,destroy_random_period,repair_random,1.0
827,9923827939876.293,9923827939876.293,9025597217001.004,88670293306.69408,1.0,0.0,destroy_shaw_stores,repair_random,1.0
828,9923827939876.293,9923827939876.293,9025597217001.004,88492952720.08069,1.0,0.0,destroy_random_period,repair_greedy,1.0
829,9923827939794.094,9923827939794.094,9025597217001.004,88315966814.64053,1.0,0.0,destroy_random_period,repair_regret2,1.0
830,9923827939794.094,9923827939794.094,9025597217001.004,88139334881.01125,1.0,0.0,destroy_shaw_stores,repair_greedy,1.0
831,9924026968588.094,9924026968588.094,9025597217001.004,87963056211.24922,1.0,0.0,destroy_random_delivery,repair_regret2,1.0
832,9924026968675.695,9924026968675.695,9025597217001.004,87787130098.82672,1.0,0.0,destroy_random_period,repair_random,1.0
833,9924463224240.094,9924463224240.094,9025597217001.004,87611555838.62907,1.0,0.0,destroy_shaw_stores,repair_regret2,1.0
834,9924463224172.793,9924463224172.793,9025597217001.004,87436332726.95181,1.0,0.0,destroy_low_demand_stores,repair_regret2,1.0
835,9928126429464.793,9928126429464.793,9025597217001.004,87261460061.49791,1.0,0.0,destroy_random_delivery,repair_random,1.0
836,9926753467323.793,9926753467323.793,9025597217001.004,87086937141.37491,1.0,0.0,destroy_random_period,repair_greedy,1.0
837,9926753467323.793,9926753467323.793,9025597217001.004,86912763267.09216,1.0,0.0,destroy_shaw_stores,repair_regret2,1.0
838,9869250449987.994,9869250449987.994,9025597217001.004,86738937740.55798,1.0,0.0,destroy_random_route,repair_regret2,1.0
839,9869250449987.994,9869250449987.994,9025597217001.004,86565459865.07687,1.0,0.0,destroy_shaw_stores,repair_regret2,1.0
840,9873477127646.896,9873477127646.896,9025597217001.004,86392328945.34673,1.0,0.0,destroy_worst_delivery,repair_random,1.0
841,9873477127646.896,9873477127646.896,9025597217001.004,86219544287.45604,1.0,0.0,destroy_random_period,repair_regret2,1.0
842,9889853378827.992,9889853378827.992,9025597217001.004,86047105198.88113,1.0,0.0,destroy_random_route,repair_greedy,1.0
843,9889853378916.393,9889853378916.393,9025597217001.004,85875010988.48337,1.0,0.0,destroy_random_period,repair_random,1.0
844,9886213013248.393,9886213013248.393,9025597217001.004,85703260966.5064,1.0,0.0,destroy_random_delivery,repair_greedy,1.0
845,9870001673200.494,9870001673200.494,9025597217001.004,85531854444.57338,1.0,0.0,destroy_random_period,repair_regret2,1.0
846,9870001673200.494,9931680868364.598,9025597217001.004,85360790735.68423,0.0,0.0,destroy_random_route,repair_greedy,1.0
847,9869655829247.494,9869655829247.494,9025597217001.004,85190069154.21286,1.0,0.0,destroy_random_delivery,repair_regret2,1.0
848,9835271601999.594,9835271601999.594,9025597217001.004,85019689015.90443,1.0,0.0,destroy_worst_delivery,repair_regret2,1.0
849,9842482206711.594,9842482206711.594,9025597217001.004,84849649637.87262,1.0,0.0,destroy_random_delivery,repair_random,1.0
850,9842482206737.094,9842482206737.094,9025597217001.004,84679950338.59688,1.0,0.0,destroy_shaw_stores,repair_random,1.0
851,9839389342452.094,9839389342452.094,9025597217001.004,84510590437.91968,1.0,0.0,destroy_worst_delivery,repair_regret2,1.0
852,9839389342452.094,9839389342452.094,9025597217001.004,84341569257.04384,1.0,0.0,destroy_low_demand_stores,repair_regret2,1.0
853,9839389342452.094,9839389342452.094,9025597217001.004,84172886118.52975,1.0,0.0,destroy_low_demand_stores,repair_regret2,1.0
854,9858383895384.094,9858383895384.094,9025597217001.004,84004540346.2927,1.0,0.0,destroy_worst_delivery,repair_random,1.0
855,9849323743047.893,9849323743047.893,9025597217001.004,83836531265.60011,1.0,0.0,destroy_random_delivery,repair_random,1.0
856,9851808366915.893,9851808366915.893,9025597217001.004,83668858203.06891,1.0,0.0,destroy_random_delivery,repair_regret2,1.0
857,9817804383948.691,9817804383948.691,9025597217001.004,83501520486.66277,1.0,0.0,destroy_random_route,repair_regret2,1.0
858,9817804383948.691,9817804383948.691,9025597217001.004,83334517445.68944,1.0,0.0,destroy_low_demand_stores,repair_regret2,1.0
859,9824147774359.39,9824147774359.39,9025597217001.004,83167848410.79807,1.0,0.0,destroy_random_delivery,repair_regret2,1.0
860,9817141355906.691,9817141355906.691,9025597217001.004,83001512713.97647,1.0,0.0,destroy_random_delivery,repair_random,1.0
861,9817141355906.691,9817141355906.691,9025597217001.004,82835509688.54852,1.0,0.0,destroy_low_demand_stores,repair_regret2,1.0
862,9824129068120.39,9824129068120.39,9025597217001.004,82669838669.17143,1.0,0.0,destroy_random_delivery,repair_regret2,1.0
863,9824129068120.39,9855112362323.693,9025597217001.004,82504498991.83308,0.0,0.0,destroy_random_period,repair_greedy,1.0
864,9824129068198.492,9824129068198.492,9025597217001.004,82339489993.84941,1.0,0.0,destroy_low_demand_stores,repair_random,1.0
865,9824862974429.291,9824862974429.291,9025597217001.004,82174811013.86171,1.0,0.0,destroy_random_delivery,repair_random,1.0
866,9841695822268.293,9841695822268.293,9025597217001.004,82010461391.83398,1.0,0.0,destroy_worst_delivery,repair_greedy,1.0
867,9845142431338.592,9845142431338.592,9025597217001.004,81846440469.05032,1.0,0.0,destroy_random_delivery,repair_random,1.0
868,9845142431338.592,9845142431338.592,9025597217001.004,81682747588.11223,1.0,0.0,destroy_random_period,repair_regret2,1.0
869,9828466250579.191,9828466250579.191,9025597217001.004,81519382092.936,1.0,0.0,destroy_worst_delivery,repair_random,1.0
870,9828466250547.893,9828466250547.893,9025597217001.004,81356343328.75014,1.0,0.0,destroy_random_period,repair_regret2,1.0
871,9829591330331.096,9829591330331.096,9025597217001.004,81193630642.09264,1.0,0.0,destroy_random_route,repair_regret2,1.0
872,9829591330331.096,9829591330331.096,9025597217001.004,81031243380.80846,1.0,0.0,destroy_low_demand_stores,repair_regret2,1.0
873,9827044897335.096,9827044897335.096,9025597217001.004,80869180894.04684,1.0,0.0,destroy_low_demand_stores,repair_regret2,1.0
874,9821782756353.494,9821782756353.494,9025597217001.004,80707442532.25874,1.0,0.0,destroy_random_delivery,repair_regret2,1.0
875,9821782756353.494,9821782756353.494,9025597217001.004,80546027647.19423,1.0,0.0,destroy_random_period,repair_regret2,1.0
876,9821782756353.494,9821782756353.494,9025597217001.004,80384935591.89984,1.0,0.0,destroy_low_demand_stores,repair_greedy,1.0
877,9821782756423.193,9821782756423.193,9025597217001.004,80224165720.71603,1.0,0.0,destroy_shaw_stores,repair_random,1.0
878,9828451849347.994,9828451849347.994,9025597217001.004,80063717389.2746,1.0,0.0,destroy_random_delivery,repair_random,1.0
879,9827932300547.295,9827932300547.295,9025597217001.004,79903589954.49605,1.0,0.0,destroy_worst_delivery,repair_regret2,1.0
880,9827932300547.295,9827932300547.295,9025597217001.004,79743782774.58705,1.0,0.0,destroy_low_demand_stores,repair_greedy,1.0
881,9827932300631.596,9827932300631.596,9025597217001.004,79584295209.03787,1.0,0.0,destroy_random_period,repair_random,1.0
882,9824779440020.994,9824779440020.994,9025597217001.004,79425126618.6198,1.0,0.0,destroy_worst_delivery,repair_regret2,1.0
883,9803462353912.49,9803462353912.49,9025597217001.004,79266276365.38255,1.0,0.0,destroy_random_route,repair_random,1.0
884,9803462353912.49,9803462353912.49,9025597217001.004,79107743812.6518,1.0,0.0,destroy_low_demand_stores,repair_greedy,1.0
885,9803462353886.791,9803462353886.791,9025597217001.004,78949528325.02649,1.0,0.0,destroy_low_demand_stores,repair_regret2,1.0
886,9786649382801.992,9786649382801.992,9025597217001.004,78791629268.37643,1.0,0.0,destroy_random_route,repair_regret2,1.0
887,9792145111730.793,9792145111730.793,9025597217001.004,78634046009.83968,1.0,0.0,destroy_random_route,repair_regret2,1.0
888,9842894507299.496,9842894507299.496,9025597217001.004,78476777917.81999,1.0,0.0,destroy_random_route,repair_greedy,1.0
889,9842994469470.496,9842994469470.496,9025597217001.004,78319824361.98434,1.0,0.0,destroy_low_demand_stores,repair_greedy,1.0
890,9842994469559.096,9842994469559.096,9025597217001.004,78163184713.26038,1.0,0.0,destroy_random_period,repair_random,1.0
891,9842994469559.096,9842994469559.096,9025597217001.004,78006858343.83386,1.0,0.0,destroy_low_demand_stores,repair_greedy,1.0
892,9838924670178.594,9838924670178.594,9025597217001.004,77850844627.1462,1.0,0.0,destroy_worst_delivery,repair_regret2,1.0
893,9837799590117.693,9837799590117.693,9025597217001.004,77695142937.8919,1.0,0.0,destroy_random_period,repair_random,1.0
894,9839479035300.793,9839479035300.793,9025597217001.004,77539752652.01613,1.0,0.0,destroy_random_route,repair_regret2,1.0
895,9827187417584.994,9827187417584.994,9025597217001.004,77384673146.7121,1.0,0.0,destroy_low_demand_stores,repair_random,1.0
896,9827187417496.494,9827187417496.494,9025597217001.004,77229903800.41867,1.0,0.0,destroy_low_demand_stores,repair_random,1.0
897,9828498336060.393,9828498336060.393,9025597217001.004,77075443992.81784,1.0,0.0,destroy_random_delivery,repair_greedy,1.0
898,9828498336060.393,9828498336060.393,9025597217001.004,76921293104.8322,1.0,0.0,destroy_shaw_stores,repair_random,1.0
899,9828498336060.393,9828498336060.393,9025597217001.004,76767450518.62253,1.0,0.0,destroy_low_demand_stores,repair_random,1.0
900,9801448070323.994,9801448070323.994,9025597217001.004,76613915617.58528,1.0,0.0,destroy_shaw_stores,repair_greedy,1.0
901,9801448070324.393,9801448070324.393,9025597217001.004,76460687786.35011,1.0,0.0,destroy_shaw_stores,repair_regret2,1.0
902,9801448070243.893,9801448070243.893,9025597217001.004,76307766410.77742,1.0,0.0,destroy_low_demand_stores,repair_greedy,1.0
903,9801448070332.793,9801448070332.793,9025597217001.004,76155150877.95587,1.0,0.0,destroy_shaw_stores,repair_random,1.0
904,9801376966378.793,9801376966378.793,9025597217001.004,76002840576.19997,1.0,0.0,destroy_random_delivery,repair_greedy,1.0
905,9801376966378.793,9915846727739.094,9025597217001.004,75850834895.04756,0.0,0.0,destroy_random_route,repair_greedy,1.0
906,9801426289125.793,9801426289125.793,9025597217001.004,75699133225.25746,1.0,0.0,destroy_random_delivery,repair_random,1.0
907,9801426289125.793,9801426289125.793,9025597217001.004,75547734958.80695,1.0,0.0,destroy_low_demand_stores,repair_greedy,1.0
908,9801450590552.895,9801450590552.895,9025597217001.004,75396639488.88933,1.0,0.0,destroy_random_delivery,repair_random,1.0
909,9870230250871.592,9870230250871.592,9025597217001.004,75245846209.91154,1.0,0.0,destroy_random_route,repair_greedy,1.0
910,9870230250853.89,9870230250853.89,9025597217001.004,75095354517.49171,1.0,0.0,destroy_random_period,repair_regret2,1.0
911,9879539273069.791,9879539273069.791,9025597217001.004,74945163808.45673,1.0,0.0,destroy_shaw_stores,repair_random,1.0
912,9879539273158.191,9879539273158.191,9025597217001.004,74795273480.83981,1.0,0.0,destroy_random_period,repair_random,1.0
913,9856285776159.592,9856285776159.592,9025597217001.004,74645682933.87813,1.0,0.0,destroy_random_route,repair_regret2,1.0
914,9856285776159.592,9856285776159.592,9025597217001.004,74496391568.01038,1.0,0.0,destroy_low_demand_stores,repair_random,1.0
915,9856285776153.39,9856285776153.39,9025597217001.004,74347398784.87436,1.0,0.0,destroy_low_demand_stores,repair_greedy,1.0
916,9857010122663.39,9857010122663.39,9025597217001.004,74198703987.30461,1.0,0.0,destroy_random_delivery,repair_regret2,1.0
917,9857010122650.893,9857010122650.893,9025597217001.004,74050306579.33,1.0,0.0,destroy_shaw_stores,repair_greedy,1.0
918,9859360316683.893,9859360316683.893,9025597217001.004,73902205966.17134,1.0,0.0,destroy_worst_delivery,repair_regret2,1.0
919,9859360316748.193,9859360316748.193,9025597217001.004,73754401554.239,1.0,0.0,destroy_shaw_stores,repair_random,1.0
920,9834484311616.592,9834484311616.592,9025597217001.004,73606892751.13052,1.0,0.0,destroy_random_route,repair_regret2,1.0
921,9840678261194.092,9840678261194.092,9025597217001.004,73459678965.62827,1.0,0.0,destroy_shaw_stores,repair_random,1.0
922,9834702398726.193,9834702398726.193,9025597217001.004,73312759607.697,1.0,0.0,destroy_low_demand_stores,repair_random,1.0
923,9834702398726.193,9834702398726.193,9025597217001.004,73166134088.48161,1.0,0.0,destroy_low_demand_stores,repair_greedy,1.0
924,9847279739888.193,9847279739888.193,9025597217001.004,73019801820.30466,1.0,0.0,destroy_worst_delivery,repair_random,1.0
925,9847279739885.791,9847279739885.791,9025597217001.004,72873762216.66405,1.0,0.0,destroy_low_demand_stores,repair_random,1.0
926,9819875103774.49,9819875103774.49,9025597217001.004,72728014692.23071,1.0,0.0,destroy_worst_delivery,repair_regret2,1.0
927,9816267880339.992,9816267880339.992,9025597217001.004,72582558662.84625,1.0,0.0,destroy_random_period,repair_greedy,1.0
928,9816267880339.992,9885924475336.492,9025597217001.004,72437393545.52055,0.0,0.0,destroy_random_route,repair_greedy,1.0
929,9820025916077.39,9820025916077.39,9025597217001.004,72292518758.42952,1.0,0.0,destroy_shaw_stores,repair_greedy,1.0
930,9819497766804.49,9819497766804.49,9025597217001.004,72147933720.91266,1.0,0.0,destroy_random_delivery,repair_random,1.0
931,9819497766816.992,9819497766816.992,9025597217001.004,72003637853.47084,1.0,0.0,destroy_shaw_stores,repair_greedy,1.0
932,9821015628266.992,9821015628266.992,9025597217001.004,71859630577.7639,1.0,0.0,destroy_random_delivery,repair_greedy,1.0
933,9833686651866.592,9833686651866.592,9025597217001.004,71715911316.60837,1.0,0.0,destroy_worst_delivery,repair_greedy,1.0
934,9833686651866.592,9833686651866.592,9025597217001.004,71572479493.97514,1.0,0.0,destroy_shaw_stores,repair_greedy,1.0
935,9833686651866.592,9833686651866.592,9025597217001.004,71429334534.9872,1.0,0.0,destroy_shaw_stores,repair_regret2,1.0
936,9821640309179.893,9821640309179.893,9025597217001.004,71286475865.91722,1.0,0.0,destroy_worst_delivery,repair_regret2,1.0
937,9821640309179.893,9821640309179.893,9025597217001.004,71143902914.18538,1.0,0.0,destroy_random_period,repair_greedy,1.0
938,9799770833426.096,9799770833426.096,9025597217001.004,71001615108.35701,1.0,0.0,destroy_random_route,repair_regret2,1.0
939,9794964268429.895,9794964268429.895,9025597217001.004,70859611878.14029,1.0,0.0,destroy_random_route,repair_regret2,1.0
940,9794964268429.895,9794964268429.895,9025597217001.004,70717892654.384,1.0,0.0,destroy_low_demand_stores,repair_regret2,1.0
941,9794964268429.895,9794964268429.895,9025597217001.004,70576456869.07524,1.0,0.0,destroy_random_route,repair_regret2,1.0
942,9798676235239.895,9798676235239.895,9025597217001.004,70435303955.3371,1.0,0.0,destroy_random_delivery,repair_regret2,1.0
943,9793818240415.492,9793818240415.492,9025597217001.004,70294433347.42642,1.0,0.0,destroy_worst_delivery,repair_random,1.0
944,9793818240455.393,9793818240455.393,9025597217001.004,70153844480.73157,1.0,0.0,destroy_shaw_stores,repair_random,1.0
945,9793818240455.393,9793818240455.393,9025597217001.004,70013536791.77011,1.0,0.0,destroy_random_period,repair_greedy,1.0
946,9793818240455.393,9793818240455.393,9025597217001.004,69873509718.18657,1.0,0.0,destroy_shaw_stores,repair_regret2,1.0
947,9793272090280.393,9793272090280.393,9025597217001.004,69733762698.7502,1.0,0.0,destroy_random_delivery,repair_random,1.0
948,9793272090280.393,9793272090280.393,9025597217001.004,69594295173.35269,1.0,0.0,destroy_random_period,repair_regret2,1.0
949,9792775053561.793,9792775053561.793,9025597217001.004,69455106583.00598,1.0,0.0,destroy_random_route,repair_random,1.0
950,9792775053561.793,9792775053561.793,9025597217001.004,69316196369.83997,1.0,0.0,destroy_low_demand_stores,repair_random,1.0
951,9792775053561.793,9792775053561.793,9025597217001.004,69177563977.10028,1.0,0.0,destroy_random_period,repair_regret2,1.0
952,9796084417250.895,9796084417250.895,9025597217001.004,69039208849.14609,1.0,0.0,destroy_random_route,repair_regret2,1.0
953,9796084417250.895,9796084417250.895,9025597217001.004,68901130431.4478,1.0,0.0,destroy_random_period,repair_greedy,1.0
954,9796773241820.895,9796773241820.895,9025597217001.004,68763328170.5849,1.0,0.0,destroy_random_delivery,repair_random,1.0
955,9821058896626.191,9821058896626.191,9025597217001.004,68625801514.24373,1.0,0.0,destroy_random_route,repair_greedy,1.0
956,9833350775479.99,9833350775479.99,9025597217001.004,68488549911.21524,1.0,0.0,destroy_worst_delivery,repair_regret2,1.0
957,9831362767779.99,9831362767779.99,9025597217001.004,68351572811.39281,1.0,0.0,destroy_random_delivery,repair_greedy,1.0
958,9831362767779.99,9884351619706.396,9025597217001.004,68214869665.77002,0.0,0.0,destroy_random_route,repair_random,1.0
959,9831362767850.092,9831362767850.092,9025597217001.004,68078439926.43848,1.0,0.0,destroy_low_demand_stores,repair_random,1.0
960,9831362767779.99,9831362767779.99,9025597217001.004,67942283046.5856,1.0,0.0,destroy_low_demand_stores,repair_random,1.0
961,9831362767779.99,9831362767779.99,9025597217001.004,67806398480.49243,1.0,0.0,destroy_low_demand_stores,repair_greedy,1.0
962,9831362767871.291,9831362767871.291,9025597217001.004,67670785683.53145,1.0,0.0,destroy_shaw_stores,repair_random,1.0
963,9831362767871.291,9858166962187.89,9025597217001.004,67535444112.16438,0.0,0.0,destroy_random_route,repair_greedy,1.0
964,9831362767871.291,9845243165424.691,9025597217001.004,67400373223.940056,0.0,0.0,destroy_shaw_stores,repair_greedy,1.0
965,9831362767871.291,9831362767871.291,9025597217001.004,67265572477.49217,1.0,0.0,destroy_low_demand_stores,repair_regret2,1.0
966,9831033254003.791,9831033254003.791,9025597217001.004,67131041332.537186,1.0,0.0,destroy_low_demand_stores,repair_random,1.0
967,9839909034722.99,9839909034722.99,9025597217001.004,66996779249.87211,1.0,0.0,destroy_shaw_stores,repair_random,1.0
968,9851787877479.99,9851787877479.99,9025597217001.004,66862785691.37237,1.0,0.0,destroy_worst_delivery,repair_greedy,1.0
969,9835800282280.291,9835800282280.291,9025597217001.004,66729060119.989624,1.0,0.0,destroy_random_delivery,repair_regret2,1.0
970,9840354387755.592,9840354387755.592,9025597217001.004,66595601999.74964,1.0,0.0,destroy_worst_delivery,repair_random,1.0
971,9838377299099.291,9838377299099.291,9025597217001.004,66462410795.750145,1.0,0.0,destroy_random_delivery,repair_random,1.0
972,9832398256161.59,9832398256161.59,9025597217001.004,66329485974.158646,1.0,0.0,destroy_random_delivery,repair_regret2,1.0
973,9846890080900.592,9846890080900.592,9025597217001.004,66196827002.21033,1.0,0.0,destroy_worst_delivery,repair_greedy,1.0
974,9846890080900.592,9846890080900.592,9025597217001.004,66064433348.20591,1.0,0.0,destroy_shaw_stores,repair_greedy,1.0
975,9846890080900.592,9846890080900.592,9025597217001.004,65932304481.5095,1.0,0.0,destroy_low_demand_stores,repair_greedy,1.0
976,9825830391422.393,9825830391422.393,9025597217001.004,65800439872.54648,1.0,0.0,destroy_random_route,repair_regret2,1.0
977,9825830391422.393,9825830391422.393,9025597217001.004,65668838992.801384,1.0,0.0,destroy_random_period,repair_regret2,1.0
978,9844363401887.994,9844363401887.994,9025597217001.004,65537501314.81578,1.0,0.0,destroy_shaw_stores,repair_random,1.0
979,9844363401887.994,9844363401887.994,9025597217001.004,65406426312.18615,1.0,0.0,destroy_low_demand_stores,repair_random,1.0
980,9841717307477.494,9841717307477.494,9025597217001.004,65275613459.561775,1.0,0.0,destroy_low_demand_stores,repair_regret2,1.0
981,9841717307477.494,9939055399560.297,9025597217001.004,65145062232.642654,0.0,0.0,destroy_random_route,repair_greedy,1.0
982,9841717307404.393,9841717307404.393,9025597217001.004,65014772108.17737,1.0,0.0,destroy_shaw_stores,repair_greedy,1.0
983,9836445936737.393,9836445936737.393,9025597217001.004,64884742563.96101,1.0,0.0,destroy_worst_delivery,repair_regret2,1.0
984,9836445936737.393,9865082154341.2,9025597217001.004,64754973078.83309,0.0,0.0,destroy_random_route,repair_random,1.0
985,9836445936737.393,9836445936737.393,9025597217001.004,64625463132.67542,1.0,0.0,destroy_random_delivery,repair_regret2,1.0
986,9830428013136.393,9830428013136.393,9025597217001.004,64496212206.41007,1.0,0.0,destroy_random_delivery,repair_random,1.0
987,9830428013142.191,9830428013142.191,9025597217001.004,64367219781.99725,1.0,0.0,destroy_shaw_stores,repair_random,1.0
988,9830428013212.293,9830428013212.293,9025597217001.004,64238485342.43326,1.0,0.0,destroy_low_demand_stores,repair_random,1.0
989,9834090017303.293,9834090017303.293,9025597217001.004,64110008371.74839,1.0,0.0,destroy_worst_delivery,repair_regret2,1.0
990,9834090017303.293,9834090017303.293,9025597217001.004,63981788355.00489,1.0,0.0,destroy_random_delivery,repair_regret2,1.0
991,9797383964661.395,9797383964661.395,9025597217001.004,63853824778.29488,1.0,0.0,destroy_random_route,repair_regret2,1.0
992,9797383964661.395,9815339613722.494,9025597217001.004,63726117128.7383,0.0,0.0,destroy_shaw_stores,repair_greedy,1.0
993,9797383964661.395,9797383964661.395,9025597217001.004,63598664894.48082,1.0,0.0,destroy_shaw_stores,repair_regret2,1.0
994,9797383964648.895,9797383964648.895,9025597217001.004,63471467564.69186,1.0,0.0,destroy_random_period,repair_regret2,1.0
995,9797383964648.895,9797383964648.895,9025597217001.004,63344524629.56247,1.0,0.0,destroy_random_period,repair_greedy,1.0
996,9797383964648.895,9797383964648.895,9025597217001.004,63217835580.303345,1.0,0.0,destroy_shaw_stores,repair_regret2,1.0
997,9797383964648.895,9797383964648.895,9025597217001.004,63091399909.14274,1.0,0.0,destroy_shaw_stores,repair_greedy,1.0
998,9797383964648.895,9797383964648.895,9025597217001.004,62965217109.324455,1.0,0.0,destroy_random_period,repair_regret2,1.0
999,9797383964643.096,9797383964643.096,9025597217001.004,62839286675.105804,1.0,0.0,destroy_random_period,repair_regret2,1.0
1000,9797383964630.594,9797383964630.594,9025597217001.004,62713608101.75559,1.0,0.0,destroy_shaw_stores,repair_greedy,1.0
1001,9796820372242.893,9796820372242.893,9025597217001.004,62588180885.55208,1.0,0.0,destroy_random_route,repair_regret2,1.0
1002,9796820372242.893,9796820372242.893,9025597217001.004,62463004523.780975,1.0,0.0,destroy_random_period,repair_regret2,1.0
1003,9794165682225.895,9794165682225.895,9025597217001.004,62338078514.73341,1.0,0.0,destroy_random_delivery,repair_random,1.0
1004,9781870073448.494,9781870073448.494,9025597217001.004,62213402357.70395,1.0,0.0,destroy_worst_delivery,repair_regret2,1.0
1005,9778084237488.494,9778084237488.494,9025597217001.004,62088975552.98854,1.0,0.0,destroy_random_delivery,repair_random,1.0
1006,9814102166365.793,9814102166365.793,9025597217001.004,61964797601.88256,1.0,0.0,destroy_random_period,repair_greedy,1.0
1007,9814102166365.793,9814102166365.793,9025597217001.004,61840868006.678795,1.0,0.0,destroy_shaw_stores,repair_random,1.0
1008,9862510791029.295,9862510791029.295,9025597217001.004,61717186270.665436,1.0,0.0,destroy_random_route,repair_greedy,1.0
1009,9862510791029.295,9862510791029.295,9025597217001.004,61593751898.12411,1.0,0.0,destroy_low_demand_stores,repair_regret2,1.0
1010,9870900619356.295,9870900619356.295,9025597217001.004,61470564394.32786,1.0,0.0,destroy_random_delivery,repair_regret2,1.0
1011,9870900619356.295,9870900619356.295,9025597217001.004,61347623265.5392,1.0,0.0,destroy_shaw_stores,repair_regret2,1.0
1012,9870900619356.295,9870900619356.295,9025597217001.004,61224928019.00812,1.0,0.0,destroy_random_period,repair_greedy,1.0
1013,9870900619453.895,9870900619453.895,9025597217001.004,61102478162.9701,1.0,0.0,destroy_random_period,repair_random,1.0
1014,9821160740779.896,9821160740779.896,9025597217001.004,60980273206.64416,1.0,0.0,destroy_random_route,repair_regret2,1.0
1015,9833851791446.896,9833851791446.896,9025597217001.004,60858312660.230865,1.0,0.0,destroy_worst_delivery,repair_greedy,1.0
1016,9811519089859.795,9811519089859.795,9025597217001.004,60736596034.9104,1.0,0.0,destroy_random_route,repair_regret2,1.0
1017,9811519089859.795,9811519089859.795,9025597217001.004,60615122842.840576,1.0,0.0,destroy_low_demand_stores,repair_greedy,1.0
1018,9796549203709.895,9796549203709.895,9025597217001.004,60493892597.15489,1.0,0.0,destroy_random_route,repair_regret2,1.0
1019,9808204549626.895,9808204549626.895,9025597217001.004,60372904811.96058,1.0,0.0,destroy_worst_delivery,repair_greedy,1.0
1020,9797818335099.895,9797818335099.895,9025597217001.004,60252159002.336655,1.0,0.0,destroy_random_delivery,repair_regret2,1.0
1021,9797818335099.895,9797818335099.895,9025597217001.004,60131654684.33198,1.0,0.0,destroy_random_period,repair_regret2,1.0
1022,9875552434403.293,9875552434403.293,9025597217001.004,60011391374.96331,1.0,0.0,destroy_random_route,repair_greedy,1.0
1023,9875552434403.293,9875552434403.293,9025597217001.004,59891368592.21339,1.0,0.0,destroy_low_demand_stores,repair_regret2,1.0
1024,9868368032837.893,9868368032837.893,9025597217001.004,59771585855.02896,1.0,0.0,destroy_random_route,repair_regret2,1.0
1025,9880454343204.893,9880454343204.893,9025597217001.004,59652042683.3189,1.0,0.0,destroy_worst_delivery,repair_greedy,1.0
1026,9862668868389.39,9862668868389.39,9025597217001.004,59532738597.95226,1.0,0.0,destroy_worst_delivery,repair_random,1.0
1027,9875367498696.592,9875367498696.592,9025597217001.004,59413673120.756355,1.0,0.0,destroy_worst_delivery,repair_regret2,1.0
1028,9844905579162.99,9844905579162.99,9025597217001.004,59294845774.51484,1.0,0.0,destroy_worst_delivery,repair_regret2,1.0
1029,9814610136905.094,9814610136905.094,9025597217001.004,59176256082.96581,1.0,0.0,destroy_random_route,repair_regret2,1.0
1030,9814610136905.094,9814610136905.094,9025597217001.004,59057903570.79988,1.0,0.0,destroy_low_demand_stores,repair_regret2,1.0
1031,9805841451960.094,9805841451960.094,9025597217001.004,58939787763.65828,1.0,0.0,destroy_random_delivery,repair_regret2,1.0
1032,9803967687979.893,9803967687979.893,9025597217001.004,58821908188.13097,1.0,0.0,destroy_worst_delivery,repair_random,1.0
1033,9802222068662.893,9802222068662.893,9025597217001.004,58704264371.75471,1.0,0.0,destroy_random_delivery,repair_regret2,1.0
1034,9833044849626.393,9833044849626.393,9025597217001.004,58586855843.0112,1.0,0.0,destroy_random_route,repair_greedy,1.0
1035,9833044849626.393,9833044849626.393,9025597217001.004,58469682131.32518,1.0,0.0,destroy_shaw_stores,repair_greedy,1.0
1036,9833044849694.795,9833044849694.795,9025597217001.004,58352742767.06253,1.0,0.0,destroy_random_period,repair_random,1.0
1037,9832893963130.293,9832893963130.293,9025597217001.004,58236037281.528404,1.0,0.0,destroy_random_period,repair_greedy,1.0
1038,9832893963130.293,9832893963130.293,9025597217001.004,58119565206.96535,1.0,0.0,destroy_shaw_stores,repair_random,1.0
1039,9831254539235.594,9831254539235.594,9025597217001.004,58003326076.551414,1.0,0.0,destroy_worst_delivery,repair_greedy,1.0
1040,9825094447215.693,9825094447215.693,9025597217001.004,57887319424.39831,1.0,0.0,destroy_random_delivery,repair_random,1.0
1041,9825094447215.693,9825094447215.693,9025597217001.004,57771544785.549515,1.0,0.0,destroy_low_demand_stores,repair_random,1.0
1042,9825094447215.693,9831894367117.693,9025597217001.004,57656001695.97842,0.0,0.0,destroy_random_delivery,repair_greedy,1.0
1043,9838049051251.197,9838049051251.197,9025597217001.004,57540689692.58646,1.0,0.0,destroy_random_route,repair_random,1.0
1044,9838049051241.6,9838049051241.6,9025597217001.004,57425608313.20129,1.0,0.0,destroy_random_period,repair_random,1.0
1045,9829724124720.598,9829724124720.598,9025597217001.004,57310757096.57488,1.0,0.0,destroy_random_route,repair_regret2,1.0
1046,9841806194647.893,9841806194647.893,9025597217001.004,57196135582.38173,1.0,0.0,destroy_random_route,repair_regret2,1.0
1047,9862932956099.893,9862932956099.893,9025597217001.004,57081743311.216965,1.0,0.0,destroy_worst_delivery,repair_greedy,1.0
1048,9858037346523.893,9858037346523.893,9025597217001.004,56967579824.59453,1.0,0.0,destroy_random_delivery,repair_greedy,1.0
1049,9858037346523.893,9858037346523.893,9025597217001.004,56853644664.945335,1.0,0.0,destroy_low_demand_stores,repair_greedy,1.0
1050,9858037346524.291,9858037346524.291,9025597217001.004,56739937375.61545,1.0,0.0,destroy_shaw_stores,repair_random,1.0
1051,9847347391274.193,9847347391274.193,9025597217001.004,56626457500.86422,1.0,0.0,destroy_shaw_stores,repair_random,1.0
1052,9828648312526.4,9828648312526.4,9025597217001.004,56513204585.86249,1.0,0.0,destroy_random_route,repair_random,1.0
1053,9792480122174.201,9792480122174.201,9025597217001.004,56400178176.690765,1.0,0.0,destroy_worst_delivery,repair_regret2,1.0
1054,9792480122160.1,9792480122160.1,9025597217001.004,56287377820.33739,1.0,0.0,destroy_random_period,repair_random,1.0
1055,9792480122148.6,9792480122148.6,9025597217001.004,56174803064.69671,1.0,0.0,destroy_low_demand_stores,repair_regret2,1.0
1056,9792273470664.299,9792273470664.299,9025597217001.004,56062453458.567314,1.0,0.0,destroy_worst_delivery,repair_regret2,1.0
1057,9817104248301.502,9817104248301.502,9025597217001.004,55950328551.65018,1.0,0.0,destroy_worst_delivery,repair_greedy,1.0
1058,9817396854527.502,9817396854527.502,9025597217001.004,55838427894.546875,1.0,0.0,destroy_random_delivery,repair_regret2,1.0
1059,9813136331866.502,9813136331866.502,9025597217001.004,55726751038.75778,1.0,0.0,destroy_worst_delivery,repair_random,1.0
1060,9813136331898.3,9813136331898.3,9025597217001.004,55615297536.68027,1.0,0.0,destroy_random_delivery,repair_random,1.0
1061,9813136331858.6,9813136331858.6,9025597217001.004,55504066941.6069,1.0,0.0,destroy_random_route,repair_random,1.0
1062,9827556175645.3,9827556175645.3,9025597217001.004,55393058807.72369,1.0,0.0,destroy_random_delivery,repair_random,1.0
1063,9901345005032.596,9901345005032.596,9025597217001.004,55282272690.10824,1.0,0.0,destroy_random_route,repair_greedy,1.0
1064,9862486235201.797,9862486235201.797,9025597217001.004,55171708144.72802,1.0,0.0,destroy_random_delivery,repair_greedy,1.0
1065,9862486235221.297,9862486235221.297,9025597217001.004,55061364728.43856,1.0,0.0,destroy_shaw_stores,repair_random,1.0
1066,9854108367376.498,9854108367376.498,9025597217001.004,54951241998.98168,1.0,0.0,destroy_random_period,repair_regret2,1.0
1067,9854433105394.498,9854433105394.498,9025597217001.004,54841339514.98372,1.0,0.0,destroy_shaw_stores,repair_greedy,1.0
1068,9854174790147.592,9854174790147.592,9025597217001.004,54731656835.95375,1.0,0.0,destroy_random_route,repair_regret2,1.0
1069,9842101818909.29,9842101818909.29,9025597217001.004,54622193522.281845,1.0,0.0,destroy_random_route,repair_regret2,1.0
1070,9840506488847.29,9840506488847.29,9025597217001.004,54512949135.23728,1.0,0.0,destroy_low_demand_stores,repair_greedy,1.0
1071,9840506488847.29,9840506488847.29,9025597217001.004,54403923236.966805,1.0,0.0,destroy_shaw_stores,repair_regret2,1.0
1072,9840506489074.291,9840506489074.291,9025597217001.004,54295115390.492874,1.0,0.0,destroy_low_demand_stores,repair_random,1.0
1073,9802177449801.592,9802177449801.592,9025597217001.004,54186525159.71189,1.0,0.0,destroy_worst_delivery,repair_regret2,1.0
1074,9802177449801.592,9862576360816.492,9025597217001.004,54078152109.39246,0.0,0.0,destroy_worst_delivery,repair_greedy,1.0
1075,9802177449801.592,9802177449801.592,9025597217001.004,53969995805.173676,1.0,0.0,destroy_random_period,repair_greedy,1.0
1076,9805798727234.992,9805798727234.992,9025597217001.004,53862055813.56333,1.0,0.0,destroy_random_route,repair_random,1.0
1077,9805798727145.393,9805798727145.393,9025597217001.004,53754331701.9362,1.0,0.0,destroy_random_period,repair_greedy,1.0
1078,9805798727248.395,9805798727248.395,9025597217001.004,53646823038.53233,1.0,0.0,destroy_shaw_stores,repair_random,1.0
1079,9805798727232.494,9805798727232.494,9025597217001.004,53539529392.45527,1.0,0.0,destroy_low_demand_stores,repair_random,1.0
1080,9805798727232.494,9805798727232.494,9025597217001.004,53432450333.67036,1.0,0.0,destroy_shaw_stores,repair_regret2,1.0
1081,9809037699643.494,9809037699643.494,9025597217001.004,53325585433.00301,1.0,0.0,destroy_worst_delivery,repair_regret2,1.0
1082,9805489282761.494,9805489282761.494,9025597217001.004,53218934262.13701,1.0,0.0,destroy_low_demand_stores,repair_random,1.0
1083,9878660173194.494,9878660173194.494,9025597217001.004,53112496393.61273,1.0,0.0,destroy_random_route,repair_greedy,1.0
1084,9828650952958.393,9828650952958.393,9025597217001.004,53006271400.82551,1.0,0.0,destroy_random_delivery,repair_regret2,1.0
1085,9828500066422.293,9828500066422.293,9025597217001.004,52900258858.02386,1.0,0.0,destroy_shaw_stores,repair_greedy,1.0
1086,9838013503532.197,9838013503532.197,9025597217001.004,52794458340.30781,1.0,0.0,destroy_random_route,repair_random,1.0
1087,9838013503593.697,9838013503593.697,9025597217001.004,52688869423.62719,1.0,0.0,destroy_random_period,repair_random,1.0
1088,9821651741958.896,9821651741958.896,9025597217001.004,52583491684.77994,1.0,0.0,destroy_worst_delivery,repair_regret2,1.0
1089,9820707094618.195,9820707094618.195,9025597217001.004,52478324701.41038,1.0,0.0,destroy_random_delivery,repair_random,1.0
1090,9820707094520.695,9820707094520.695,9025597217001.004,52373368052.00755,1.0,0.0,destroy_low_demand_stores,repair_regret2,1.0
1091,9814954801330.695,9814954801330.695,9025597217001.004,52268621315.90354,1.0,0.0,destroy_random_delivery,repair_regret2,1.0
1092,9814954801314.795,9814954801314.795,9025597217001.004,52164084073.271736,1.0,0.0,destroy_random_period,repair_regret2,1.0
1093,9815294299820.193,9815294299820.193,9025597217001.004,52059755905.12519,1.0,0.0,destroy_random_route,repair_regret2,1.0
1094,9815294299820.193,9815294299820.193,9025597217001.004,51955636393.31494,1.0,0.0,destroy_low_demand_stores,repair_regret2,1.0
1095,9815294299820.193,9815294299820.193,9025597217001.004,51851725120.52831,1.0,0.0,destroy_low_demand_stores,repair_regret2,1.0
1096,9822184700513.893,9822184700513.893,9025597217001.004,51748021670.287254,1.0,0.0,destroy_worst_delivery,repair_random,1.0
1097,9822184700672.494,9822184700672.494,9025597217001.004,51644525626.94668,1.0,0.0,destroy_low_demand_stores,repair_random,1.0
1098,9816456803893.494,9816456803893.494,9025597217001.004,51541236575.69279,1.0,0.0,destroy_random_delivery,repair_regret2,1.0
1099,9816456803893.494,9816456803893.494,9025597217001.004,51438154102.541405,1.0,0.0,destroy_random_period,repair_greedy,1.0
1100,9816456803876.893,9816456803876.893,9025597217001.004,51335277794.33632,1.0,0.0,destroy_random_delivery,repair_regret2,1.0
1101,9816456803876.893,9816456803876.893,9025597217001.004,51232607238.74764,1.0,0.0,destroy_shaw_stores,repair_greedy,1.0
1102,9816456803882.693,9816456803882.693,9025597217001.004,51130142024.27015,1.0,0.0,destroy_shaw_stores,repair_greedy,1.0
1103,9819742231362.494,9819742231362.494,9025597217001.004,51027881740.22161,1.0,0.0,destroy_random_delivery,repair_greedy,1.0
1104,9821348648571.295,9821348648571.295,9025597217001.004,50925825976.741165,1.0,0.0,destroy_shaw_stores,repair_greedy,1.0
1105,9821348648571.295,9847796080582.295,9025597217001.004,50823974324.78768,0.0,0.0,destroy_worst_delivery,repair_greedy,1.0
1106,9821348648493.193,9821348648493.193,9025597217001.004,50722326376.13811,1.0,0.0,destroy_low_demand_stores,repair_greedy,1.0
1107,9821348648493.193,9821348648493.193,9025597217001.004,50620881723.38583,1.0,0.0,destroy_shaw_stores,repair_greedy,1.0
1108,9821348648599.895,9821348648599.895,9025597217001.004,50519639959.939064,1.0,0.0,destroy_random_period,repair_random,1.0
1109,9821348648505.695,9821348648505.695,9025597217001.004,50418600680.01919,1.0,0.0,destroy_shaw_stores,repair_greedy,1.0
1110,9820072927136.596,9820072927136.596,9025597217001.004,50317763478.65915,1.0,0.0,destroy_random_delivery,repair_random,1.0
1111,9822087917814.596,9822087917814.596,9025597217001.004,50217127951.70183,1.0,0.0,destroy_random_delivery,repair_random,1.0
1112,9822087917814.596,9856604518978.496,9025597217001.004,50116693695.79842,0.0,0.0,destroy_random_route,repair_greedy,1.0
1113,9822087917814.596,9892620906527.193,9025597217001.004,50016460308.40683,0.0,0.0,destroy_random_route,repair_greedy,1.0
1114,9817821804789.596,9817821804789.596,9025597217001.004,49916427387.790016,1.0,0.0,destroy_random_delivery,repair_random,1.0
1115,9817821804789.596,9817821804789.596,9025597217001.004,49816594533.014435,1.0,0.0,destroy_shaw_stores,repair_regret2,1.0
1116,9817821804789.596,9817821804789.596,9025597217001.004,49716961343.9484,1.0,0.0,destroy_low_demand_stores,repair_regret2,1.0
1117,9818362238361.494,9818362238361.494,9025597217001.004,49617527421.260506,1.0,0.0,destroy_random_delivery,repair_regret2,1.0
1118,9818362238429.994,9818362238429.994,9025597217001.004,49518292366.417984,1.0,0.0,destroy_shaw_stores,repair_random,1.0
1119,9818362238366.094,9818362238366.094,9025597217001.004,49419255781.68515,1.0,0.0,destroy_shaw_stores,repair_greedy,1.0
1120,9818362238457.395,9818362238457.395,9025597217001.004,49320417270.12178,1.0,0.0,destroy_random_period,repair_random,1.0
1121,9818362238445.895,9818362238445.895,9025597217001.004,49221776435.581535,1.0,0.0,destroy_shaw_stores,repair_random,1.0
1122,9818362238445.895,9818362238445.895,9025597217001.004,49123332882.71037,1.0,0.0,destroy_low_demand_stores,repair_regret2,1.0
1123,9817299459562.195,9817299459562.195,9025597217001.004,49025086216.944954,1.0,0.0,destroy_random_period,repair_random,1.0
1124,9832798270538.895,9832798270538.895,9025597217001.004,48927036044.51106,1.0,0.0,destroy_worst_delivery,repair_random,1.0
1125,9832798270538.895,9832798270538.895,9025597217001.004,48829181972.42204,1.0,0.0,destroy_low_demand_stores,repair_greedy,1.0
1126,9832798270538.895,9832798270538.895,9025597217001.004,48731523608.477196,1.0,0.0,destroy_random_period,repair_regret2,1.0
1127,9832798270538.895,9836737766551.195,9025597217001.004,48634060561.26024,0.0,0.0,destroy_shaw_stores,repair_greedy,1.0
1128,9885553228243.5,9885553228243.5,9025597217001.004,48536792440.13772,1.0,0.0,destroy_random_route,repair_random,1.0
1129,9885553228226.9,9885553228226.9,9025597217001.004,48439718855.25745,1.0,0.0,destroy_low_demand_stores,repair_regret2,1.0
1130,9885553228145.197,9885553228145.197,9025597217001.004,48342839417.54693,1.0,0.0,destroy_random_period,repair_greedy,1.0
1131,9864676460293.697,9864676460293.697,9025597217001.004,48246153738.71184,1.0,0.0,destroy_worst_delivery,repair_random,1.0
1132,9819681049945.797,9819681049945.797,9025597217001.004,48149661431.23441,1.0,0.0,destroy_random_delivery,repair_random,1.0
1133,9819681049945.797,9858255593884.297,9025597217001.004,48053362108.37194,0.0,0.0,destroy_random_route,repair_random,1.0
1134,9819681049957.297,9819681049957.297,9025597217001.004,47957255384.1552,1.0,0.0,destroy_low_demand_stores,repair_random,1.0
1135,9819681049942.695,9819681049942.695,9025597217001.004,47861340873.38689,1.0,0.0,destroy_shaw_stores,repair_greedy,1.0
1136,9824328026662.896,9824328026662.896,9025597217001.004,47765618191.640114,1.0,0.0,destroy_random_delivery,repair_random,1.0
1137,9824651712875.598,9824651712875.598,9025597217001.004,47670086955.256836,1.0,0.0,destroy_random_delivery,repair_regret2,1.0
1138,9831574262634.098,9831574262634.098,9025597217001.004,47574746781.34632,1.0,0.0,destroy_shaw_stores,repair_greedy,1.0
1139,9831574262554.396,9831574262554.396,9025597217001.004,47479597287.78363,1.0,0.0,destroy_random_period,repair_regret2,1.0
1140,9831574262463.098,9831574262463.098,9025597217001.004,47384638093.20806,1.0,0.0,destroy_random_period,repair_regret2,1.0
1141,9845732757134.998,9845732757134.998,9025597217001.004,47289868817.021645,1.0,0.0,destroy_worst_delivery,repair_regret2,1.0
1142,9845732757134.998,9845732757134.998,9025597217001.004,47195289079.3876,1.0,0.0,destroy_worst_delivery,repair_regret2,1.0
1143,9845732757134.998,9916681166069.893,9025597217001.004,47100898501.22883,0.0,0.0,destroy_random_route,repair_greedy,1.0
1144,9845732757056.896,9845732757056.896,9025597217001.004,47006696704.22637,1.0,0.0,destroy_low_demand_stores,repair_regret2,1.0
1145,9844029834427.896,9844029834427.896,9025597217001.004,46912683310.81792,1.0,0.0,destroy_random_delivery,repair_random,1.0
1146,9843595266475.193,9843595266475.193,9025597217001.004,46818857944.19628,1.0,0.0,destroy_random_route,repair_regret2,1.0
1147,9843595266475.193,9843595266475.193,9025597217001.004,46725220228.30789,1.0,0.0,destroy_random_period,repair_greedy,1.0
1148,9927060219818.291,9927060219818.291,9025597217001.004,46631769787.85127,1.0,0.0,destroy_random_route,repair_greedy,1.0
1149,9914592041157.092,9914592041157.092,9025597217001.004,46538506248.27557,1.0,0.0,destroy_random_period,repair_regret2,1.0
1150,9914592041157.092,9960616647794.492,9025597217001.004,46445429235.77902,0.0,0.0,destroy_random_route,repair_greedy,1.0
1151,9914337319169.092,9914337319169.092,9025597217001.004,46352538377.307465,1.0,0.0,destroy_low_demand_stores,repair_regret2,1.0
1152,9851970635105.193,9851970635105.193,9025597217001.004,46259833300.55285,1.0,0.0,destroy_worst_delivery,repair_regret2,1.0
1153,9851970635105.193,9851970635105.193,9025597217001.004,46167313633.951744,1.0,0.0,destroy_worst_delivery,repair_regret2,1.0
1154,9851970635105.193,9851970635105.193,9025597217001.004,46074979006.68384,1.0,0.0,destroy_low_demand_stores,repair_greedy,1.0
1155,9870503645570.795,9870503645570.795,9025597217001.004,45982829048.67047,1.0,0.0,destroy_shaw_stores,repair_random,1.0
1156,9868330488367.996,9868330488367.996,9025597217001.004,45890863390.57313,1.0,0.0,destroy_random_route,repair_random,1.0
1157,9868330488461.996,9868330488461.996,9025597217001.004,45799081663.791985,1.0,0.0,destroy_low_demand_stores,repair_random,1.0
1158,9841280222707.896,9841280222707.896,9025597217001.004,45707483500.4644,1.0,0.0,destroy_shaw_stores,repair_regret2,1.0
1159,9841280222738.295,9841280222738.295,9025597217001.004,45616068533.46347,1.0,0.0,destroy_random_period,repair_random,1.0
1160,9841280222747.996,9841280222747.996,9025597217001.004,45524836396.396545,1.0,0.0,destroy_random_period,repair_random,1.0
1161,9839635165207.793,9839635165207.793,9025597217001.004,45433786723.60375,1.0,0.0,destroy_random_route,repair_regret2,1.0
1162,9835863001471.695,9835863001471.695,9025597217001.004,45342919150.15655,1.0,0.0,destroy_random_period,repair_regret2,1.0
1163,9827847130453.795,9827847130453.795,9025597217001.004,45252233311.85623,1.0,0.0,destroy_shaw_stores,repair_regret2,1.0
1164,9827847130453.795,9939996016260.895,9025597217001.004,45161728845.23252,0.0,0.0,destroy_random_route,repair_greedy,1.0
1165,9834402118372.795,9834402118372.795,9025597217001.004,45071405387.54205,1.0,0.0,destroy_worst_delivery,repair_greedy,1.0
1166,9834402118372.795,9848255722979.496,9025597217001.004,44981262576.76697,0.0,0.0,destroy_shaw_stores,repair_greedy,1.0
1167,9834402118372.795,9834402118372.795,9025597217001.004,44891300051.613434,1.0,0.0,destroy_random_delivery,repair_greedy,1.0
1168,9837941911396.598,9837941911396.598,9025597217001.004,44801517451.51021,1.0,0.0,destroy_shaw_stores,repair_greedy,1.0
1169,9837941911318.496,9837941911318.496,9025597217001.004,44711914416.607185,1.0,0.0,destroy_low_demand_stores,repair_greedy,1.0
1170,9829332759082.195,9829332759082.195,9025597217001.004,44622490587.77397,1.0,0.0,destroy_worst_delivery,repair_random,1.0
1171,9825795624291.094,9825795624291.094,9025597217001.004,44533245606.59843,1.0,0.0,destroy_random_route,repair_regret2,1.0
1172,9829225435730.494,9829225435730.494,9025597217001.004,44444179115.38523,1.0,0.0,destroy_random_delivery,repair_random,1.0
1173,9829225435570.793,9829225435570.793,9025597217001.004,44355290757.15446,1.0,0.0,destroy_low_demand_stores,repair_regret2,1.0
1174,9829225435570.793,9829225435570.793,9025597217001.004,44266580175.640144,1.0,0.0,destroy_shaw_stores,repair_greedy,1.0
1175,9821163979148.895,9821163979148.895,9025597217001.004,44178047015.288864,1.0,0.0,destroy_random_delivery,repair_regret2,1.0
1176,9821163979132.996,9821163979132.996,9025597217001.004,44089690921.258286,1.0,0.0,destroy_random_period,repair_regret2,1.0
1177,9821163979132.996,9821163979132.996,9025597217001.004,44001511539.41577,1.0,0.0,destroy_low_demand_stores,repair_regret2,1.0
1178,9819472599933.596,9819472599933.596,9025597217001.004,43913508516.33694,1.0,0.0,destroy_shaw_stores,repair_regret2,1.0
1179,9819472599933.596,9819472599933.596,9025597217001.004,43825681499.30426,1.0,0.0,destroy_low_demand_stores,repair_regret2,1.0
1180,9818702427279.996,9818702427279.996,9025597217001.004,43738030136.30565,1.0,0.0,destroy_random_period,repair_random,1.0
1181,9829051882674.096,9829051882674.096,9025597217001.004,43650554076.033035,1.0,0.0,destroy_worst_delivery,repair_random,1.0
1182,9829051882589.797,9829051882589.797,9025597217001.004,43563252967.88097,1.0,0.0,destroy_shaw_stores,repair_regret2,1.0
1183,9817703273693.697,9817703273693.697,9025597217001.004,43476126461.945206,1.0,0.0,destroy_shaw_stores,repair_regret2,1.0
1184,9808144808463.996,9808144808463.996,9025597217001.004,43389174209.02132,1.0,0.0,destroy_worst_delivery,repair_regret2,1.0
1185,9830764857806.297,9830764857806.297,9025597217001.004,43302395860.60327,1.0,0.0,destroy_shaw_stores,repair_greedy,1.0
1186,9830764857806.297,9830764857806.297,9025597217001.004,43215791068.882065,1.0,0.0,destroy_random_delivery,repair_regret2,1.0
1187,9830764857806.297,9830764857806.297,9025597217001.004,43129359486.7443,1.0,0.0,destroy_random_period,repair_random,1.0
1188,9830764857884.398,9830764857884.398,9025597217001.004,43043100767.77081,1.0,0.0,destroy_low_demand_stores,repair_random,1.0
1189,9826777043851.695,9826777043851.695,9025597217001.004,42957014566.23527,1.0,0.0,destroy_random_route,repair_random,1.0
1190,9826777043845.494,9826777043845.494,9025597217001.004,42871100537.1028,1.0,0.0,destroy_low_demand_stores,repair_random,1.0
1191,9818721860641.594,9818721860641.594,9025597217001.004,42785358336.028595,1.0,0.0,destroy_random_delivery,repair_regret2,1.0
1192,9818721860641.594,9818721860641.594,9025597217001.004,42699787619.35654,1.0,0.0,destroy_shaw_stores,repair_greedy,1.0
1193,9816417550242.295,9816417550242.295,9025597217001.004,42614388044.11782,1.0,0.0,destroy_random_delivery,repair_random,1.0
1194,9815073301835.693,9815073301835.693,9025597217001.004,42529159268.02959,1.0,0.0,destroy_random_delivery,repair_random,1.0
1195,9812338483077.295,9812338483077.295,9025597217001.004,42444100949.49353,1.0,0.0,destroy_random_delivery,repair_random,1.0
1196,9812338483077.295,9812338483077.295,9025597217001.004,42359212747.59454,1.0,0.0,destroy_random_period,repair_greedy,1.0
1197,9823069388325.295,9823069388325.295,9025597217001.004,42274494322.09936,1.0,0.0,destroy_worst_delivery,repair_greedy,1.0
1198,9823069388331.094,9823069388331.094,9025597217001.004,42189945333.45516,1.0,0.0,destroy_shaw_stores,repair_greedy,1.0
1199,9823069388329.893,9823069388329.893,9025597217001.004,42105565442.78825,1.0,0.0,destroy_random_delivery,repair_random,1.0
1200,9823069388329.893,9837611143697.898,9025597217001.004,42021354311.90268,0.0,0.0,destroy_random_route,repair_random,1.0
1201,9823069388329.893,9823069388329.893,9025597217001.004,41937311603.27888,1.0,0.0,destroy_random_period,repair_regret2,1.0
1202,9823038410066.793,9823038410066.793,9025597217001.004,41853436980.07232,1.0,0.0,destroy_worst_delivery,repair_regret2,1.0
1203,9823038410024.094,9823038410024.094,9025597217001.004,41769730106.112175,1.0,0.0,destroy_shaw_stores,repair_regret2,1.0
1204,9818392009222.094,9818392009222.094,9025597217001.004,41686190645.89995,1.0,0.0,destroy_random_delivery,repair_greedy,1.0
1205,9802419889232.195,9802419889232.195,9025597217001.004,41602818264.60815,1.0,0.0,destroy_random_delivery,repair_random,1.0
1206,9802419889232.195,9812613608027.094,9025597217001.004,41519612628.07893,0.0,0.0,destroy_worst_delivery,repair_regret2,1.0
1207,9802165857303.193,9802165857303.193,9025597217001.004,41436573402.82278,1.0,0.0,destroy_worst_delivery,repair_regret2,1.0
1208,9802165857213.594,9802165857213.594,9025597217001.004,41353700256.01713,1.0,0.0,destroy_random_period,repair_regret2,1.0
1209,9802165857213.594,9802165857213.594,9025597217001.004,41270992855.5051,1.0,0.0,destroy_random_delivery,repair_regret2,1.0
1210,9804339014638.895,9804339014638.895,9025597217001.004,41188450869.79408,1.0,0.0,destroy_random_period,repair_greedy,1.0
1211,9804009500639.793,9804009500639.793,9025597217001.004,41106073968.0545,1.0,0.0,destroy_low_demand_stores,repair_regret2,1.0
1212,9804595841584.793,9804595841584.793,9025597217001.004,41023861820.118385,1.0,0.0,destroy_random_delivery,repair_greedy,1.0
1213,9801389943048.693,9801389943048.693,9025597217001.004,40941814096.47815,1.0,0.0,destroy_random_delivery,repair_random,1.0
1214,9801685244831.895,9801685244831.895,9025597217001.004,40859930468.285194,1.0,0.0,destroy_worst_delivery,repair_greedy,1.0
1215,9799512087374.594,9799512087374.594,9025597217001.004,40778210607.348625,1.0,0.0,destroy_random_delivery,repair_regret2,1.0
1216,9802949277666.293,9802949277666.293,9025597217001.004,40696654186.13393,1.0,0.0,destroy_random_period,repair_greedy,1.0
1217,9802949277588.193,9802949277588.193,9025597217001.004,40615260877.76166,1.0,0.0,destroy_shaw_stores,repair_greedy,1.0
1218,9802949277563.494,9802949277563.494,9025597217001.004,40534030356.006134,1.0,0.0,destroy_random_period,repair_regret2,1.0
1219,9802949277499.594,9802949277499.594,9025597217001.004,40452962295.29412,1.0,0.0,destroy_shaw_stores,repair_regret2,1.0
1220,9802949277597.195,9802949277597.195,9025597217001.004,40372056370.70353,1.0,0.0,destroy_low_demand_stores,repair_random,1.0
1221,9802949277493.395,9802949277493.395,9025597217001.004,40291312257.96212,1.0,0.0,destroy_low_demand_stores,repair_regret2,1.0
1222,9802949277571.494,9802949277571.494,9025597217001.004,40210729633.4462,1.0,0.0,destroy_low_demand_stores,repair_random,1.0
1223,9802949277571.494,9802949277571.494,9025597217001.004,40130308174.179306,1.0,0.0,destroy_low_demand_stores,repair_random,1.0
1224,9802949277539.492,9802949277539.492,9025597217001.004,40050047557.83095,1.0,0.0,destroy_low_demand_stores,repair_random,1.0
1225,9802949277539.492,9802949277539.492,9025597217001.004,39969947462.71529,1.0,0.0,destroy_shaw_stores,repair_random,1.0
1226,9802949277539.492,9805122434996.793,9025597217001.004,39890007567.789856,0.0,0.0,destroy_random_period,repair_greedy,1.0
1227,9800047195843.594,9800047195843.594,9025597217001.004,39810227552.654274,1.0,0.0,destroy_random_delivery,repair_random,1.0
1228,9800047195765.494,9800047195765.494,9025597217001.004,39730607097.548965,1.0,0.0,destroy_shaw_stores,repair_regret2,1.0
1229,9800047195765.494,9819922099523.193,9025597217001.004,39651145883.35387,0.0,0.0,destroy_shaw_stores,repair_greedy,1.0
1230,9807231597324.295,9807231597324.295,9025597217001.004,39571843591.58716,1.0,0.0,destroy_random_period,repair_regret2,1.0
1231,9807231597324.295,9857037534647.195,9025597217001.004,39492699904.403984,0.0,0.0,destroy_random_route,repair_random,1.0
1232,9807550326632.295,9807550326632.295,9025597217001.004,39413714504.59518,1.0,0.0,destroy_worst_delivery,repair_regret2,1.0
1233,9807986582185.893,9807986582185.893,9025597217001.004,39334887075.58598,1.0,0.0,destroy_random_period,repair_regret2,1.0
1234,9807986582176.893,9807986582176.893,9025597217001.004,39256217301.434814,1.0,0.0,destroy_random_delivery,repair_regret2,1.0
1235,9807986582145.594,9807986582145.594,9025597217001.004,39177704866.83195,1.0,0.0,destroy_low_demand_stores,repair_regret2,1.0
1236,9807986582145.594,9807986582145.594,9025597217001.004,39099349457.09828,1.0,0.0,destroy_low_demand_stores,repair_regret2,1.0
1237,9809798055729.992,9809798055729.992,9025597217001.004,39021150758.18408,1.0,0.0,destroy_shaw_stores,repair_regret2,1.0
1238,9810986509240.492,9810986509240.492,9025597217001.004,38943108456.66772,1.0,0.0,destroy_shaw_stores,repair_random,1.0
1239,9810986509240.492,9817730374759.492,9025597217001.004,38865222239.75438,0.0,0.0,destroy_worst_delivery,repair_random,1.0
1240,9835020373855.691,9835020373855.691,9025597217001.004,38787491795.27487,1.0,0.0,destroy_random_route,repair_random,1.0
1241,9835020373855.691,9835020373855.691,9025597217001.004,38709916811.68432,1.0,0.0,destroy_low_demand_stores,repair_regret2,1.0
1242,9843733772894.293,9843733772894.293,9025597217001.004,38632496978.06095,1.0,0.0,destroy_random_route,repair_regret2,1.0
1243,9858059038063.293,9858059038063.293,9025597217001.004,38555231984.10483,1.0,0.0,destroy_worst_delivery,repair_regret2,1.0
1244,9860622502785.992,9860622502785.992,9025597217001.004,38478121520.13662,1.0,0.0,destroy_worst_delivery,repair_regret2,1.0
1245,9832744081251.39,9832744081251.39,9025597217001.004,38401165277.096344,1.0,0.0,destroy_worst_delivery,repair_random,1.0
1246,9832744081253.293,9832744081253.293,9025597217001.004,38324362946.54215,1.0,0.0,destroy_random_period,repair_random,1.0
1247,9832744081253.293,9842843179812.094,9025597217001.004,38247714220.64907,0.0,0.0,destroy_random_delivery,repair_greedy,1.0
1248,9832744081253.293,9832744081253.293,9025597217001.004,38171218792.20777,1.0,0.0,destroy_random_period,repair_greedy,1.0
1249,9832744081253.293,9832744081253.293,9025597217001.004,38094876354.62335,1.0,0.0,destroy_low_demand_stores,repair_greedy,1.0
1250,9832744081253.293,9832744081253.293,9025597217001.004,38018686601.91411,1.0,0.0,destroy_low_demand_stores,repair_greedy,1.0
1251,9832744081163.693,9832744081163.693,9025597217001.004,37942649228.71028,1.0,0.0,destroy_random_period,repair_regret2,1.0
1252,9832744081157.895,9832744081157.895,9025597217001.004,37866763930.25286,1.0,0.0,destroy_random_period,repair_regret2,1.0
1253,9832055256587.895,9832055256587.895,9025597217001.004,37791030402.39236,1.0,0.0,destroy_random_period,repair_regret2,1.0
1254,9841990638526.895,9841990638526.895,9025597217001.004,37715448341.58757,1.0,0.0,destroy_worst_delivery,repair_greedy,1.0
1255,9825340957683.693,9825340957683.693,9025597217001.004,37640017444.904396,1.0,0.0,destroy_random_delivery,repair_regret2,1.0
1256,9825267333587.693,9825267333587.693,9025597217001.004,37564737410.01459,1.0,0.0,destroy_random_delivery,repair_random,1.0
1257,9827563687909.693,9827563687909.693,9025597217001.004,37489607935.19456,1.0,0.0,destroy_random_delivery,repair_regret2,1.0
1258,9823578874699.693,9823578874699.693,9025597217001.004,37414628719.324165,1.0,0.0,destroy_random_delivery,repair_greedy,1.0
1259,9823578874615.395,9823578874615.395,9025597217001.004,37339799461.88551,1.0,0.0,destroy_random_period,repair_regret2,1.0
1260,9822362324520.094,9822362324520.094,9025597217001.004,37265119862.96174,1.0,0.0,destroy_random_delivery,repair_random,1.0
1261,9822362324520.094,9822362324520.094,9025597217001.004,37190589623.23582,1.0,0.0,destroy_random_period,repair_regret2,1.0
1262,9830221047555.596,9830221047555.596,9025597217001.004,37116208443.98934,1.0,0.0,destroy_random_period,repair_random,1.0
1263,9830221047555.596,9830221047555.596,9025597217001.004,37041976027.101364,1.0,0.0,destroy_low_demand_stores,repair_regret2,1.0
1264,9830221047555.596,9844443888684.797,9025597217001.004,36967892075.047165,0.0,0.0,destroy_worst_delivery,repair_greedy,1.0
1265,9830613106753.803,9830613106753.803,9025597217001.004,36893956290.89707,1.0,0.0,destroy_random_route,repair_random,1.0
1266,9824093066745.803,9824093066745.803,9025597217001.004,36820168378.31528,1.0,0.0,destroy_worst_delivery,repair_regret2,1.0
1267,9784264858205.0,9784264858205.0,9025597217001.004,36746528041.55865,1.0,0.0,destroy_random_route,repair_regret2,1.0
1268,9784264858205.0,9784264858205.0,9025597217001.004,36673034985.47553,1.0,0.0,destroy_shaw_stores,repair_regret2,1.0
1269,9784264858205.0,9784264858205.0,9025597217001.004,36599688915.50458,1.0,0.0,destroy_worst_delivery,repair_regret2,1.0
1270,9784264858205.0,9784264858205.0,9025597217001.004,36526489537.67357,1.0,0.0,destroy_worst_delivery,repair_regret2,1.0
1271,9784264858119.0,9784264858119.0,9025597217001.004,36453436558.59822,1.0,0.0,destroy_random_period,repair_regret2,1.0
1272,9784264858140.201,9784264858140.201,9025597217001.004,36380529685.481026,1.0,0.0,destroy_random_period,repair_random,1.0
1273,9784264858140.201,9784264858140.201,9025597217001.004,36307768626.11006,1.0,0.0,destroy_random_period,repair_regret2,1.0
1274,9784264858140.201,9797070078052.4,9025597217001.004,36235153088.85784,0.0,0.0,destroy_random_period,repair_random,1.0
1275,9784264858140.201,9784264858140.201,9025597217001.004,36162682782.68012,1.0,0.0,destroy_low_demand_stores,repair_greedy,1.0
1276,9784264858218.3,9784264858218.3,9025597217001.004,36090357417.11476,1.0,0.0,destroy_low_demand_stores,repair_random,1.0
1277,9784264858218.3,9946036945334.197,9025597217001.004,36018176702.28053,0.0,0.0,destroy_random_route,repair_greedy,1.0
1278,9784264858140.201,9784264858140.201,9025597217001.004,35946140348.87597,1.0,0.0,destroy_low_demand_stores,repair_random,1.0
1279,9784264858140.201,9784264858140.201,9025597217001.004,35874248068.178215,1.0,0.0,destroy_low_demand_stores,repair_greedy,1.0
1280,9784264858156.102,9784264858156.102,9025597217001.004,35802499572.041855,1.0,0.0,destroy_shaw_stores,repair_greedy,1.0
1281,9784264858143.602,9784264858143.602,9025597217001.004,35730894572.89777,1.0,0.0,destroy_random_period,repair_regret2,1.0
1282,9784264858143.602,9784264858143.602,9025597217001.004,35659432783.751976,1.0,0.0,destroy_worst_delivery,repair_regret2,1.0
1283,9784264858143.602,9784264858143.602,9025597217001.004,35588113918.18447,1.0,0.0,destroy_random_delivery,repair_regret2,1.0
1284,9799825095663.5,9799825095663.5,9025597217001.004,35516937690.3481,1.0,0.0,destroy_worst_delivery,repair_regret2,1.0
1285,9801516474835.5,9801516474835.5,9025597217001.004,35445903814.9674,1.0,0.0,destroy_random_delivery,repair_greedy,1.0
1286,9814626423726.6,9814626423726.6,9025597217001.004,35375012007.33746,1.0,0.0,destroy_shaw_stores,repair_greedy,1.0
1287,9792640694141.402,9792640694141.402,9025597217001.004,35304261983.32279,1.0,0.0,destroy_worst_delivery,repair_regret2,1.0
1288,9792640694141.402,9792640694141.402,9025597217001.004,35233653459.35615,1.0,0.0,destroy_shaw_stores,repair_regret2,1.0
1289,9792640694095.3,9792640694095.3,9025597217001.004,35163186152.43744,1.0,0.0,destroy_random_period,repair_regret2,1.0
1290,9792640694095.3,9792640694095.3,9025597217001.004,35092859780.13256,1.0,0.0,destroy_random_delivery,repair_regret2,1.0
1291,9792640694095.3,9792640694095.3,9025597217001.004,35022674060.572296,1.0,0.0,destroy_random_delivery,repair_regret2,1.0
1292,9792546610758.3,9792546610758.3,9025597217001.004,34952628712.45115,1.0,0.0,destroy_random_delivery,repair_random,1.0
1293,9792546610758.3,9825672500283.201,9025597217001.004,34882723455.026245,0.0,0.0,destroy_random_route,repair_random,1.0
1294,9792640694095.3,9792640694095.3,9025597217001.004,34812958008.116196,1.0,0.0,destroy_worst_delivery,repair_regret2,1.0
1295,9790133195264.3,9790133195264.3,9025597217001.004,34743332092.09996,1.0,0.0,destroy_worst_delivery,repair_greedy,1.0
1296,9790133195264.3,9790133195264.3,9025597217001.004,34673845427.915764,1.0,0.0,destroy_shaw_stores,repair_greedy,1.0
1297,9790133195264.3,9790133195264.3,9025597217001.004,34604497737.05993,1.0,0.0,destroy_shaw_stores,repair_regret2,1.0
1298,9792640694095.3,9792640694095.3,9025597217001.004,34535288741.58581,1.0,0.0,destroy_worst_delivery,repair_regret2,1.0
1299,9792640694095.3,9792640694095.3,9025597217001.004,34466218164.10264,1.0,0.0,destroy_low_demand_stores,repair_regret2,1.0
1300,9792640694095.3,9930561878182.992,9025597217001.004,34397285727.77443,0.0,0.0,destroy_random_route,repair_greedy,1.0
1301,9792640694095.3,9792640694095.3,9025597217001.004,34328491156.318882,1.0,0.0,destroy_random_period,repair_greedy,1.0
1302,9802538141314.6,9802538141314.6,9025597217001.004,34259834174.006245,1.0,0.0,destroy_worst_delivery,repair_random,1.0
1303,9803712074661.6,9803712074661.6,9025597217001.004,34191314505.658234,1.0,0.0,destroy_random_delivery,repair_greedy,1.0
1304,9803712074661.6,9848950095388.096,9025597217001.004,34122931876.646915,0.0,0.0,destroy_random_route,repair_random,1.0
1305,9803712074661.6,9803712074661.6,9025597217001.004,34054686012.893623,1.0,0.0,destroy_random_period,repair_regret2,1.0
1306,9803712074731.299,9803712074731.299,9025597217001.004,33986576640.867836,1.0,0.0,destroy_shaw_stores,repair_random,1.0
1307,9803712074731.299,9803712074731.299,9025597217001.004,33918603487.5861,1.0,0.0,destroy_random_period,repair_regret2,1.0
1308,9803712074731.299,9803712074731.299,9025597217001.004,33850766280.610928,1.0,0.0,destroy_random_period,repair_greedy,1.0
1309,9803712074731.299,9830320922302.598,9025597217001.004,33783064748.049706,0.0,0.0,destroy_shaw_stores,repair_greedy,1.0
1310,9803712074731.299,9803712074731.299,9025597217001.004,33715498618.553608,1.0,0.0,destroy_low_demand_stores,repair_regret2,1.0
1311,9803712074731.299,9803712074731.299,9025597217001.004,33648067621.3165,1.0,0.0,destroy_shaw_stores,repair_regret2,1.0
1312,9854501204150.697,9854501204150.697,9025597217001.004,33580771486.073868,1.0,0.0,destroy_random_route,repair_greedy,1.0
1313,9854213289664.797,9854213289664.797,9025597217001.004,33513609943.10172,1.0,0.0,destroy_low_demand_stores,repair_random,1.0
1314,9854213289664.797,9854213289664.797,9025597217001.004,33446582723.215515,1.0,0.0,destroy_low_demand_stores,repair_random,1.0
1315,9860655840154.797,9860655840154.797,9025597217001.004,33379689557.769085,1.0,0.0,destroy_worst_delivery,repair_greedy,1.0
1316,9826445212420.297,9826445212420.297,9025597217001.004,33312930178.653545,1.0,0.0,destroy_random_delivery,repair_random,1.0
1317,9826445212508.697,9826445212508.697,9025597217001.004,33246304318.296238,1.0,0.0,destroy_shaw_stores,repair_random,1.0
1318,9829543567225.697,9829543567225.697,9025597217001.004,33179811709.659645,1.0,0.0,destroy_worst_delivery,repair_regret2,1.0
1319,9829543567225.697,9839919695157.7,9025597217001.004,33113452086.240326,0.0,0.0,destroy_worst_delivery,repair_random,1.0
1320,9826773429658.2,9826773429658.2,9025597217001.004,33047225182.067844,1.0,0.0,destroy_shaw_stores,repair_random,1.0
1321,9826773429658.2,9826773429658.2,9025597217001.004,32981130731.70371,1.0,0.0,destroy_worst_delivery,repair_regret2,1.0
1322,9826773429580.098,9826773429580.098,9025597217001.004,32915168470.240303,1.0,0.0,destroy_low_demand_stores,repair_greedy,1.0
1323,9826032143095.398,9826032143095.398,9025597217001.004,32849338133.299824,1.0,0.0,destroy_low_demand_stores,repair_random,1.0
1324,9828015310632.398,9828015310632.398,9025597217001.004,32783639457.033222,1.0,0.0,destroy_random_delivery,repair_regret2,1.0
1325,9828015310632.398,9856807366758.799,9025597217001.004,32718072178.119156,0.0,0.0,destroy_shaw_stores,repair_greedy,1.0
1326,9828015310632.398,9885519416140.195,9025597217001.004,32652636033.762917,0.0,0.0,destroy_random_route,repair_greedy,1.0
1327,9832022326176.0,9832022326176.0,9025597217001.004,32587330761.69539,1.0,0.0,destroy_random_delivery,repair_random,1.0
1328,9832017897732.0,9832017897732.0,9025597217001.004,32522156100.171997,1.0,0.0,destroy_worst_delivery,repair_greedy,1.0
1329,9832017897810.1,9832017897810.1,9025597217001.004,32457111787.971653,1.0,0.0,destroy_low_demand_stores,repair_random,1.0
1330,9832017897794.602,9832017897794.602,9025597217001.004,32392197564.39571,1.0,0.0,destroy_shaw_stores,repair_random,1.0
1331,9832017897761.5,9832017897761.5,9025597217001.004,32327413169.26692,1.0,0.0,destroy_shaw_stores,repair_regret2,1.0
1332,9832017897761.5,9926021111355.496,9025597217001.004,32262758342.928383,0.0,0.0,destroy_random_route,repair_greedy,1.0
1333,9832357396500.299,9832357396500.299,9025597217001.004,32198232826.242527,1.0,0.0,destroy_shaw_stores,repair_regret2,1.0
1334,9832788070393.799,9832788070393.799,9025597217001.004,32133836360.590042,1.0,0.0,destroy_random_delivery,repair_random,1.0
1335,9832788070323.7,9832788070323.7,9025597217001.004,32069568687.868862,1.0,0.0,destroy_shaw_stores,repair_regret2,1.0
1336,9832788070209.598,9832788070209.598,9025597217001.004,32005429550.493126,1.0,0.0,destroy_random_period,repair_greedy,1.0
1337,9847495621836.697,9847495621836.697,9025597217001.004,31941418691.39214,1.0,0.0,destroy_random_route,repair_greedy,1.0
1338,9847495621836.697,9847495621836.697,9025597217001.004,31877535854.009354,1.0,0.0,destroy_low_demand_stores,repair_greedy,1.0
1339,9847495621836.697,9847495621836.697,9025597217001.004,31813780782.301334,1.0,0.0,destroy_low_demand_stores,repair_greedy,1.0
1340,9847495621995.297,9847495621995.297,9025597217001.004,31750153220.736732,1.0,0.0,destroy_low_demand_stores,repair_random,1.0
1341,9840114495979.695,9840114495979.695,9025597217001.004,31686652914.295258,1.0,0.0,destroy_worst_delivery,repair_random,1.0
1342,9840114496015.896,9840114496015.896,9025597217001.004,31623279608.466667,1.0,0.0,destroy_random_period,repair_random,1.0
1343,9843454823218.195,9843454823218.195,9025597217001.004,31560033049.249733,1.0,0.0,destroy_worst_delivery,repair_regret2,1.0
1344,9841421465290.496,9841421465290.496,9025597217001.004,31496912983.151234,1.0,0.0,destroy_random_delivery,repair_random,1.0
1345,9848319427473.297,9848319427473.297,9025597217001.004,31433919157.184933,1.0,0.0,destroy_random_route,repair_random,1.0
1346,9832214404546.596,9832214404546.596,9025597217001.004,31371051318.870564,1.0,0.0,destroy_worst_delivery,repair_regret2,1.0
1347,9832214404561.197,9832214404561.197,9025597217001.004,31308309216.232822,1.0,0.0,destroy_random_period,repair_random,1.0
1348,9832214404665.998,9832214404665.998,9025597217001.004,31245692597.800358,1.0,0.0,destroy_random_period,repair_random,1.0
1349,9832214404665.998,9834780844194.2,9025597217001.004,31183201212.604755,0.0,0.0,destroy_random_route,repair_random,1.0
1350,9833595122873.502,9833595122873.502,9025597217001.004,31120834810.179546,1.0,0.0,destroy_random_route,repair_random,1.0
1351,9833595122862.002,9833595122862.002,9025597217001.004,31058593140.55919,1.0,0.0,destroy_low_demand_stores,repair_random,1.0
1352,9821517903130.594,9821517903130.594,9025597217001.004,30996475954.27807,1.0,0.0,destroy_random_route,repair_regret2,1.0
1353,9821954158657.895,9821954158657.895,9025597217001.004,30934483002.36951,1.0,0.0,destroy_random_period,repair_regret2,1.0
1354,9821954158657.895,9821954158657.895,9025597217001.004,30872614036.364773,1.0,0.0,destroy_shaw_stores,repair_random,1.0
1355,9825256486385.693,9825256486385.693,9025597217001.004,30810868808.29204,1.0,0.0,destroy_worst_delivery,repair_regret2,1.0
1356,9825256486463.795,9825256486463.795,9025597217001.004,30749247070.675457,1.0,0.0,destroy_low_demand_stores,repair_random,1.0
1357,9844198701465.195,9844198701465.195,9025597217001.004,30687748576.534107,1.0,0.0,destroy_shaw_stores,repair_random,1.0
1358,9843826712002.795,9843826712002.795,9025597217001.004,30626373079.38104,1.0,0.0,destroy_random_delivery,repair_random,1.0
1359,9846789240718.895,9846789240718.895,9025597217001.004,30565120333.222275,1.0,0.0,destroy_shaw_stores,repair_random,1.0
1360,9846789240800.492,9846789240800.492,9025597217001.004,30503990092.555832,1.0,0.0,destroy_shaw_stores,repair_random,1.0
1361,9846789240794.693,9846789240794.693,9025597217001.004,30442982112.37072,1.0,0.0,destroy_random_period,repair_regret2,1.0
1362,9846789240794.693,9846789240794.693,9025597217001.004,30382096148.145977,1.0,0.0,destroy_random_period,repair_regret2,1.0
1363,9846789240794.693,9846789240794.693,9025597217001.004,30321331955.849686,1.0,0.0,destroy_random_period,repair_greedy,1.0
1364,9846789240874.395,9846789240874.395,9025597217001.004,30260689291.937984,1.0,0.0,destroy_shaw_stores,repair_random,1.0
1365,9848089355398.395,9848089355398.395,9025597217001.004,30200167913.354107,1.0,0.0,destroy_random_delivery,repair_regret2,1.0
1366,9848089355320.295,9848089355320.295,9025597217001.004,30139767577.527397,1.0,0.0,destroy_low_demand_stores,repair_regret2,1.0
1367,9847985849575.793,9847985849575.793,9025597217001.004,30079488042.37234,1.0,0.0,destroy_shaw_stores,repair_greedy,1.0
1368,9847985849494.193,9847985849494.193,9025597217001.004,30019329066.287598,1.0,0.0,destroy_low_demand_stores,repair_regret2,1.0
1369,9847985849494.193,9847985849494.193,9025597217001.004,29959290408.15502,1.0,0.0,destroy_random_period,repair_regret2,1.0
1370,9845348800162.494,9845348800162.494,9025597217001.004,29899371827.33871,1.0,0.0,destroy_random_route,repair_random,1.0
1371,9845348800162.494,9863394966675.998,9025597217001.004,29839573083.684032,0.0,0.0,destroy_random_route,repair_random,1.0
1372,9850607360700.393,9850607360700.393,9025597217001.004,29779893937.516663,1.0,0.0,destroy_random_route,repair_random,1.0
1373,9850607360700.393,9850607360700.393,9025597217001.004,29720334149.64163,1.0,0.0,destroy_low_demand_stores,repair_regret2,1.0
1374,9872457477527.691,9872457477527.691,9025597217001.004,29660893481.342346,1.0,0.0,destroy_shaw_stores,repair_greedy,1.0
1375,9864531655655.992,9864531655655.992,9025597217001.004,29601571694.37966,1.0,0.0,destroy_shaw_stores,repair_random,1.0
1376,9864531655655.992,9864531655655.992,9025597217001.004,29542368550.990902,1.0,0.0,destroy_random_period,repair_regret2,1.0
1377,9864531655655.992,9864531655655.992,9025597217001.004,29483283813.88892,1.0,0.0,destroy_low_demand_stores,repair_random,1.0
1378,9868967639753.492,9868967639753.492,9025597217001.004,29424317246.261143,1.0,0.0,destroy_random_delivery,repair_greedy,1.0
1379,9868965839654.492,9868965839654.492,9025597217001.004,29365468611.76862,1.0,0.0,destroy_low_demand_stores,repair_regret2,1.0
1380,9858863843618.793,9858863843618.793,9025597217001.004,29306737674.545082,1.0,0.0,destroy_worst_delivery,repair_greedy,1.0
1381,9858863843618.793,9865893837883.793,9025597217001.004,29248124199.19599,0.0,0.0,destroy_worst_delivery,repair_random,1.0
1382,9858863843548.691,9858863843548.691,9025597217001.004,29189627950.7976,1.0,0.0,destroy_shaw_stores,repair_greedy,1.0
1383,9858863843548.691,9894655742292.092,9025597217001.004,29131248694.896004,0.0,0.0,destroy_shaw_stores,repair_greedy,1.0
1384,9857201780590.992,9857201780590.992,9025597217001.004,29072986197.50621,1.0,0.0,destroy_random_delivery,repair_random,1.0
1385,9857201780590.992,9857201780590.992,9025597217001.004,29014840225.1112,1.0,0.0,destroy_shaw_stores,repair_greedy,1.0
1386,9857201780590.992,9926851971161.393,9025597217001.004,28956810544.660976,0.0,0.0,destroy_random_route,repair_greedy,1.0
1387,9794771586320.193,9794771586320.193,9025597217001.004,28898896923.571655,1.0,0.0,destroy_random_route,repair_regret2,1.0
1388,9794771586332.693,9794771586332.693,9025597217001.004,28841099129.72451,1.0,0.0,destroy_shaw_stores,repair_greedy,1.0
1389,9794771586332.693,9794771586332.693,9025597217001.004,28783416931.46506,1.0,0.0,destroy_low_demand_stores,repair_regret2,1.0
1390,9794771586332.693,9794771586332.693,9025597217001.004,28725850097.60213,1.0,0.0,destroy_low_demand_stores,repair_regret2,1.0
1391,9794771586332.693,9794771586332.693,9025597217001.004,28668398397.406925,1.0,0.0,destroy_random_period,repair_greedy,1.0
1392,9795932493765.492,9795932493765.492,9025597217001.004,28611061600.61211,1.0,0.0,destroy_random_delivery,repair_random,1.0
1393,9795932493765.492,9795932493765.492,9025597217001.004,28553839477.410885,1.0,0.0,destroy_low_demand_stores,repair_random,1.0
1394,9791159536352.193,9791159536352.193,9025597217001.004,28496731798.456062,1.0,0.0,destroy_worst_delivery,repair_regret2,1.0
1395,9791159536352.193,9791159536352.193,9025597217001.004,28439738334.85915,1.0,0.0,destroy_random_delivery,repair_regret2,1.0
1396,9801833247512.395,9801833247512.395,9025597217001.004,28382858858.18943,1.0,0.0,destroy_random_delivery,repair_greedy,1.0
1397,9801833247512.395,9812084964490.395,9025597217001.004,28326093140.473053,0.0,0.0,destroy_random_period,repair_regret2,1.0
1398,9801833247587.096,9801833247587.096,9025597217001.004,28269440954.19211,1.0,0.0,destroy_shaw_stores,repair_random,1.0
1399,9801833247587.096,9801833247587.096,9025597217001.004,28212902072.283726,1.0,0.0,destroy_random_delivery,repair_regret2,1.0
1400,9801833247572.896,9801833247572.896,9025597217001.004,28156476268.139156,1.0,0.0,destroy_shaw_stores,repair_random,1.0
1401,9795619272187.996,9795619272187.996,9025597217001.004,28100163315.60288,1.0,0.0,destroy_random_route,repair_regret2,1.0
1402,9795619272206.797,9795619272206.797,9025597217001.004,28043962988.971672,1.0,0.0,destroy_random_period,repair_random,1.0
1403,9795619272218.297,9795619272218.297,9025597217001.004,27987875062.99373,1.0,0.0,destroy_low_demand_stores,repair_random,1.0
1404,9795619272206.797,9795619272206.797,9025597217001.004,27931899312.86774,1.0,0.0,destroy_low_demand_stores,repair_regret2,1.0
1405,9795619272284.898,9795619272284.898,9025597217001.004,27876035514.242004,1.0,0.0,destroy_low_demand_stores,repair_random,1.0
1406,9793238433608.396,9793238433608.396,9025597217001.004,27820283443.21352,1.0,0.0,destroy_random_route,repair_regret2,1.0
1407,9793238433608.396,9793238433608.396,9025597217001.004,27764642876.32709,1.0,0.0,destroy_random_period,repair_regret2,1.0
1408,9796116359424.396,9796116359424.396,9025597217001.004,27709113590.574436,1.0,0.0,destroy_worst_delivery,repair_regret2,1.0
1409,9796116359424.396,9796116359424.396,9025597217001.004,27653695363.393288,1.0,0.0,destroy_random_delivery,repair_greedy,1.0
1410,9795393079273.795,9795393079273.795,9025597217001.004,27598387972.6665,1.0,0.0,destroy_random_route,repair_regret2,1.0
1411,9795393079273.795,9795393079273.795,9025597217001.004,27543191196.72117,1.0,0.0,destroy_shaw_stores,repair_greedy,1.0
1412,9795393079273.795,9795393079273.795,9025597217001.004,27488104814.327724,1.0,0.0,destroy_random_period,repair_regret2,1.0
1413,9795393079362.596,9795393079362.596,9025597217001.004,27433128604.69907,1.0,0.0,destroy_shaw_stores,repair_random,1.0
1414,9795393079362.596,9795393079362.596,9025597217001.004,27378262347.489674,1.0,0.0,destroy_low_demand_stores,repair_greedy,1.0
1415,9795393079359.795,9795393079359.795,9025597217001.004,27323505822.794693,1.0,0.0,destroy_random_period,repair_random,1.0
1416,9797807738656.596,9797807738656.596,9025597217001.004,27268858811.149105,1.0,0.0,destroy_worst_delivery,repair_regret2,1.0
1417,9797807738656.596,9797807738656.596,9025597217001.004,27214321093.526806,1.0,0.0,destroy_low_demand_stores,repair_greedy,1.0
1418,9797807738656.596,9797807738656.596,9025597217001.004,27159892451.339752,1.0,0.0,destroy_shaw_stores,repair_regret2,1.0
1419,9797807738656.596,9797807738656.596,9025597217001.004,27105572666.437073,1.0,0.0,destroy_low_demand_stores,repair_regret2,1.0
1420,9797807738656.596,9797807738656.596,9025597217001.004,27051361521.1042,1.0,0.0,destroy_random_delivery,repair_regret2,1.0
1421,9797807738656.596,9797807738656.596,9025597217001.004,26997258798.06199,1.0,0.0,destroy_worst_delivery,repair_regret2,1.0
1422,9797807738656.596,9805587026996.396,9025597217001.004,26943264280.465866,0.0,0.0,destroy_shaw_stores,repair_greedy,1.0
1423,9797807738656.596,9797807738656.596,9025597217001.004,26889377751.904934,1.0,0.0,destroy_random_period,repair_greedy,1.0
1424,9797807738754.193,9797807738754.193,9025597217001.004,26835598996.401123,1.0,0.0,destroy_shaw_stores,repair_random,1.0
1425,9797807738754.193,9800563825907.193,9025597217001.004,26781927798.40832,0.0,0.0,destroy_worst_delivery,repair_random,1.0
1426,9797807738754.193,9832181744993.197,9025597217001.004,26728363942.811504,0.0,0.0,destroy_random_route,repair_greedy,1.0
1427,9797807738754.193,9797807738754.193,9025597217001.004,26674907214.92588,1.0,0.0,destroy_low_demand_stores,repair_regret2,1.0
1428,9797807738754.193,9797807738754.193,9025597217001.004,26621557400.49603,1.0,0.0,destroy_low_demand_stores,repair_greedy,1.0
1429,9797807738766.695,9797807738766.695,9025597217001.004,26568314285.695038,1.0,0.0,destroy_shaw_stores,repair_greedy,1.0
1430,9797807738861.896,9797807738861.896,9025597217001.004,26515177657.12365,1.0,0.0,destroy_random_period,repair_random,1.0
1431,9797807738861.896,9797807738861.896,9025597217001.004,26462147301.809402,1.0,0.0,destroy_shaw_stores,repair_regret2,1.0
1432,9797807738861.896,9814566055499.795,9025597217001.004,26409223007.205784,0.0,0.0,destroy_random_period,repair_greedy,1.0
1433,9797807738861.896,9797807738861.896,9025597217001.004,26356404561.191372,1.0,0.0,destroy_random_period,repair_regret2,1.0
1434,9797807738841.396,9797807738841.396,9025597217001.004,26303691752.06899,1.0,0.0,destroy_random_period,repair_random,1.0
1435,9796759661440.396,9796759661440.396,9025597217001.004,26251084368.56485,1.0,0.0,destroy_random_period,repair_greedy,1.0
1436,9796361119327.396,9796361119327.396,9025597217001.004,26198582199.82772,1.0,0.0,destroy_random_delivery,repair_greedy,1.0
1437,9806018349067.496,9806018349067.496,9025597217001.004,26146185035.428066,1.0,0.0,destroy_random_period,repair_random,1.0
1438,9796923939451.498,9796923939451.498,9025597217001.004,26093892665.35721,1.0,0.0,destroy_random_delivery,repair_regret2,1.0
1439,9807436640803.496,9807436640803.496,9025597217001.004,26041704880.026493,1.0,0.0,destroy_worst_delivery,repair_greedy,1.0
1440,9807436640881.598,9807436640881.598,9025597217001.004,25989621470.26644,1.0,0.0,destroy_low_demand_stores,repair_random,1.0
1441,9807436640803.496,9807436640803.496,9025597217001.004,25937642227.32591,1.0,0.0,destroy_low_demand_stores,repair_regret2,1.0
1442,9807436640803.496,9807436640803.496,9025597217001.004,25885766942.871258,1.0,0.0,destroy_random_period,repair_regret2,1.0
1443,9807436640819.998,9807436640819.998,9025597217001.004,25833995408.985516,1.0,0.0,destroy_shaw_stores,repair_random,1.0
1444,9799977485098.998,9799977485098.998,9025597217001.004,25782327418.167545,1.0,0.0,destroy_worst_delivery,repair_greedy,1.0
1445,9799977485098.998,9833467666435.299,9025597217001.004,25730762763.33121,0.0,0.0,destroy_random_period,repair_greedy,1.0
1446,9799977485098.998,9810209634009.193,9025597217001.004,25679301237.80455,0.0,0.0,destroy_random_route,repair_regret2,1.0
1447,9804718335966.098,9804718335966.098,9025597217001.004,25627942635.32894,1.0,0.0,destroy_shaw_stores,repair_greedy,1.0
1448,9804718336044.197,9804718336044.197,9025597217001.004,25576686750.058285,1.0,0.0,destroy_random_period,repair_random,1.0
1449,9801729938461.898,9801729938461.898,9025597217001.004,25525533376.558167,1.0,0.0,destroy_worst_delivery,repair_regret2,1.0
1450,9801729938447.998,9801729938447.998,9025597217001.004,25474482309.80505,1.0,0.0,destroy_random_delivery,repair_regret2,1.0
1451,9801729938447.998,9801729938447.998,9025597217001.004,25423533345.18544,1.0,0.0,destroy_worst_delivery,repair_regret2,1.0
1452,9801729938526.098,9801729938526.098,9025597217001.004,25372686278.495068,1.0,0.0,destroy_low_demand_stores,repair_random,1.0
1453,9807518989108.598,9807518989108.598,9025597217001.004,25321940905.938076,1.0,0.0,destroy_worst_delivery,repair_random,1.0
1454,9807518989030.498,9807518989030.498,9025597217001.004,25271297024.1262,1.0,0.0,destroy_low_demand_stores,repair_regret2,1.0
1455,9809552491920.498,9809552491920.498,9025597217001.004,25220754430.07795,1.0,0.0,destroy_random_delivery,repair_greedy,1.0
1456,9802065123139.799,9802065123139.799,9025597217001.004,25170312921.217793,1.0,0.0,destroy_worst_delivery,repair_regret2,1.0
1457,9802594471807.498,9802594471807.498,9025597217001.004,25119972295.37536,1.0,0.0,destroy_worst_delivery,repair_random,1.0
1458,9798080020531.598,9798080020531.598,9025597217001.004,25069732350.784607,1.0,0.0,destroy_random_period,repair_random,1.0
1459,9804359048452.896,9804359048452.896,9025597217001.004,25019592886.08304,1.0,0.0,destroy_random_delivery,repair_random,1.0
1460,9804359048383.197,9804359048383.197,9025597217001.004,24969553700.31087,1.0,0.0,destroy_random_period,repair_greedy,1.0
1461,9804019549644.697,9804019549644.697,9025597217001.004,24919614592.910248,1.0,0.0,destroy_shaw_stores,repair_random,1.0
1462,9804019549569.996,9804019549569.996,9025597217001.004,24869775363.724426,1.0,0.0,destroy_shaw_stores,repair_regret2,1.0
1463,9804019549569.996,9825817068489.592,9025597217001.004,24820035812.99698,0.0,0.0,destroy_random_route,repair_random,1.0
1464,9804359048102.695,9804359048102.695,9025597217001.004,24770395741.370983,1.0,0.0,destroy_random_route,repair_regret2,1.0
1465,9798246220178.396,9798246220178.396,9025597217001.004,24720854949.88824,1.0,0.0,destroy_worst_delivery,repair_random,1.0
1466,9798246220178.396,9832982060721.197,9025597217001.004,24671413239.988464,0.0,0.0,destroy_random_route,repair_random,1.0
1467,9798246220178.396,9798246220178.396,9025597217001.004,24622070413.508488,1.0,0.0,destroy_shaw_stores,repair_regret2,1.0
1468,9798246220256.498,9798246220256.498,9025597217001.004,24572826272.68147,1.0,0.0,destroy_low_demand_stores,repair_random,1.0
1469,9798246220258.096,9798246220258.096,9025597217001.004,24523680620.136105,1.0,0.0,destroy_shaw_stores,repair_random,1.0
1470,9795600125909.697,9795600125909.697,9025597217001.004,24474633258.895832,1.0,0.0,destroy_low_demand_stores,repair_random,1.0
1471,9794743818505.596,9794743818505.596,9025597217001.004,24425683992.37804,1.0,0.0,destroy_random_delivery,repair_random,1.0
1472,9794743818427.494,9794743818427.494,9025597217001.004,24376832624.393284,1.0,0.0,destroy_random_period,repair_regret2,1.0
1473,9789927852265.494,9789927852265.494,9025597217001.004,24328078959.144497,1.0,0.0,destroy_random_delivery,repair_regret2,1.0
1474,9789927852265.494,9812176704889.494,9025597217001.004,24279422801.226208,0.0,0.0,destroy_shaw_stores,repair_random,1.0
1475,9794743818427.494,9794743818427.494,9025597217001.004,24230863955.623756,1.0,0.0,destroy_worst_delivery,repair_random,1.0
1476,9788072239465.896,9788072239465.896,9025597217001.004,24182402227.71251,1.0,0.0,destroy_shaw_stores,repair_random,1.0
1477,9788072239465.896,9788072239465.896,9025597217001.004,24134037423.257084,1.0,0.0,destroy_random_period,repair_regret2,1.0
1478,9788072239489.896,9788072239489.896,9025597217001.004,24085769348.41057,1.0,0.0,destroy_random_period,repair_random,1.0
1479,9788072239567.998,9788072239567.998,9025597217001.004,24037597809.71375,1.0,0.0,destroy_low_demand_stores,repair_random,1.0
1480,9788072239567.998,9807594951973.896,9025597217001.004,23989522614.094322,0.0,0.0,destroy_random_delivery,repair_random,1.0
1481,9788072239464.197,9788072239464.197,9025597217001.004,23941543568.866135,1.0,0.0,destroy_low_demand_stores,repair_greedy,1.0
1482,9788072239464.197,9799050728164.396,9025597217001.004,23893660481.7284,0.0,0.0,destroy_random_period,repair_random,1.0
1483,9788072239464.197,9788072239464.197,9025597217001.004,23845873160.764946,1.0,0.0,destroy_worst_delivery,repair_random,1.0
1484,9788072239464.197,9788072239464.197,9025597217001.004,23798181414.443417,1.0,0.0,destroy_random_delivery,repair_random,1.0
1485,9788072239464.197,9802259514837.596,9025597217001.004,23750585051.61453,0.0,0.0,destroy_worst_delivery,repair_greedy,1.0
1486,9788072239464.197,9788072239464.197,9025597217001.004,23703083881.5113,1.0,0.0,destroy_low_demand_stores,repair_greedy,1.0
1487,9788072239464.197,9788072239464.197,9025597217001.004,23655677713.748276,1.0,0.0,destroy_shaw_stores,repair_regret2,1.0
1488,9788072239464.197,9788072239464.197,9025597217001.004,23608366358.320778,1.0,0.0,destroy_low_demand_stores,repair_greedy,1.0
1489,9788072239451.697,9788072239451.697,9025597217001.004,23561149625.604137,1.0,0.0,destroy_shaw_stores,repair_regret2,1.0
1490,9788072239451.697,9804282133001.094,9025597217001.004,23514027326.35293,0.0,0.0,destroy_worst_delivery,repair_regret2,1.0
1491,9788721895486.697,9788721895486.697,9025597217001.004,23466999271.700222,1.0,0.0,destroy_random_delivery,repair_regret2,1.0
1492,9787945692422.697,9787945692422.697,9025597217001.004,23420065273.156822,1.0,0.0,destroy_random_delivery,repair_greedy,1.0
1493,9787945692422.697,9872363332013.197,9025597217001.004,23373225142.610508,0.0,0.0,destroy_random_route,repair_greedy,1.0
1494,9787945692537.996,9787945692537.996,9025597217001.004,23326478692.325287,1.0,0.0,destroy_low_demand_stores,repair_random,1.0
1495,9804795521695.195,9804795521695.195,9025597217001.004,23279825734.940636,1.0,0.0,destroy_worst_delivery,repair_random,1.0
1496,9804795521695.195,9804795521695.195,9025597217001.004,23233266083.470753,1.0,0.0,destroy_shaw_stores,repair_greedy,1.0
1497,9804795521695.195,9804795521695.195,9025597217001.004,23186799551.30381,1.0,0.0,destroy_shaw_stores,repair_regret2,1.0
1498,9802470659581.496,9802470659581.496,9025597217001.004,23140425952.201202,1.0,0.0,destroy_random_delivery,repair_regret2,1.0
1499,9802470659581.496,9802470659581.496,9025597217001.004,23094145100.2968,1.0,0.0,destroy_shaw_stores,repair_regret2,1.0
1500,9802470659490.197,9802470659490.197,9025597217001.004,23047956810.096207,1.0,0.0,destroy_shaw_stores,repair_greedy,1.0
1501,9802470659412.096,9802470659412.096,9025597217001.004,23001860896.476013,1.0,0.0,destroy_random_period,repair_regret2,1.0
1502,9813449148091.895,9813449148091.895,9025597217001.004,22955857174.68306,1.0,0.0,destroy_random_period,repair_random,1.0
1503,9813449148237.295,9813449148237.295,9025597217001.004,22909945460.333694,1.0,0.0,destroy_low_demand_stores,repair_random,1.0
1504,9813449148237.295,9813449148237.295,9025597217001.004,22864125569.41303,1.0,0.0,destroy_random_period,repair_regret2,1.0
1505,9813449148237.697,9813449148237.697,9025597217001.004,22818397318.274204,1.0,0.0,destroy_random_period,repair_regret2,1.0
1506,9813449148159.596,9813449148159.596,9025597217001.004,22772760523.637657,1.0,0.0,destroy_low_demand_stores,repair_regret2,1.0
1507,9813449148263.396,9813449148263.396,9025597217001.004,22727215002.59038,1.0,0.0,destroy_low_demand_stores,repair_random,1.0
1508,9813449148333.098,9813449148333.098,9025597217001.004,22681760572.5852,1.0,0.0,destroy_random_period,repair_random,1.0
1509,9813449148254.996,9813449148254.996,9025597217001.004,22636397051.44003,1.0,0.0,destroy_low_demand_stores,repair_regret2,1.0
1510,9816744656749.695,9816744656749.695,9025597217001.004,22591124257.33715,1.0,0.0,destroy_shaw_stores,repair_greedy,1.0
1511,9816744656749.695,9816744656749.695,9025597217001.004,22545942008.822475,1.0,0.0,destroy_low_demand_stores,repair_regret2,1.0
1512,9817518992360.697,9817518992360.697,9025597217001.004,22500850124.80483,1.0,0.0,destroy_random_delivery,repair_greedy,1.0
1513,9809381525435.695,9809381525435.695,9025597217001.004,22455848424.555218,1.0,0.0,destroy_random_delivery,repair_greedy,1.0
1514,9807161073735.996,9807161073735.996,9025597217001.004,22410936727.70611,1.0,0.0,destroy_low_demand_stores,repair_random,1.0
1515,9813268488971.996,9813268488971.996,9025597217001.004,22366114854.250694,1.0,0.0,destroy_worst_delivery,repair_greedy,1.0
1516,9813268488971.996,9813268488971.996,9025597217001.004,22321382624.542194,1.0,0.0,destroy_low_demand_stores,repair_regret2,1.0
1517,9813126641109.996,9813126641109.996,9025597217001.004,22276739859.29311,1.0,0.0,destroy_random_delivery,repair_greedy,1.0
1518,9810263761209.896,9810263761209.896,9025597217001.004,22232186379.574524,1.0,0.0,destroy_random_delivery,repair_random,1.0
1519,9810263761209.896,9810263761209.896,9025597217001.004,22187722006.815376,1.0,0.0,destroy_shaw_stores,repair_regret2,1.0
1520,9810263761142.598,9810263761142.598,9025597217001.004,22143346562.801746,1.0,0.0,destroy_low_demand_stores,repair_regret2,1.0
1521,9796463416902.797,9796463416902.797,9025597217001.004,22099059869.676144,1.0,0.0,destroy_random_route,repair_regret2,1.0
1522,9797929841979.098,9797929841979.098,9025597217001.004,22054861749.93679,1.0,0.0,destroy_worst_delivery,repair_regret2,1.0
1523,9797401692689.098,9797401692689.098,9025597217001.004,22010752026.436916,1.0,0.0,destroy_shaw_stores,repair_greedy,1.0
1524,9797401692689.098,9797401692689.098,9025597217001.004,21966730522.38404,1.0,0.0,destroy_low_demand_stores,repair_regret2,1.0
1525,9797401692699.996,9797401692699.996,9025597217001.004,21922797061.33927,1.0,0.0,destroy_random_period,repair_random,1.0
1526,9797401692699.996,9829602985790.096,9025597217001.004,21878951467.216595,0.0,0.0,destroy_worst_delivery,repair_greedy,1.0
1527,9795600266779.797,9795600266779.797,9025597217001.004,21835193564.28216,1.0,0.0,destroy_worst_delivery,repair_regret2,1.0
1528,9795600266779.797,9795600266779.797,9025597217001.004,21791523177.1536,1.0,0.0,destroy_random_period,repair_regret2,1.0
1529,9795600266710.096,9795600266710.096,9025597217001.004,21747940130.79929,1.0,0.0,destroy_random_period,repair_regret2,1.0
1530,9795600266710.096,9795600266710.096,9025597217001.004,21704444250.53769,1.0,0.0,destroy_low_demand_stores,repair_regret2,1.0
1531,9798196193380.096,9798196193380.096,9025597217001.004,21661035362.036613,1.0,0.0,destroy_worst_delivery,repair_greedy,1.0
1532,9798196193380.096,9798196193380.096,9025597217001.004,21617713291.312542,1.0,0.0,destroy_shaw_stores,repair_regret2,1.0
1533,9798196193380.096,9877251362165.893,9025597217001.004,21574477864.729916,0.0,0.0,destroy_random_route,repair_greedy,1.0
1534,9803481983293.896,9803481983293.896,9025597217001.004,21531328909.000454,1.0,0.0,destroy_random_route,repair_random,1.0
1535,9802212553362.398,9802212553362.398,9025597217001.004,21488266251.182453,1.0,0.0,destroy_random_route,repair_random,1.0
1536,9800134221195.498,9800134221195.498,9025597217001.004,21445289718.680088,1.0,0.0,destroy_random_delivery,repair_random,1.0
1537,9800277323893.498,9800277323893.498,9025597217001.004,21402399139.24273,1.0,0.0,destroy_random_delivery,repair_regret2,1.0
1538,9800277323973.2,9800277323973.2,9025597217001.004,21359594340.964245,1.0,0.0,destroy_shaw_stores,repair_random,1.0
1539,9800277323973.2,9832059863676.2,9025597217001.004,21316875152.28232,0.0,0.0,destroy_worst_delivery,repair_greedy,1.0
1540,9801267845967.701,9801267845967.701,9025597217001.004,21274241401.977753,1.0,0.0,destroy_random_route,repair_random,1.0
1541,9801267845979.701,9801267845979.701,9025597217001.004,21231692919.173798,1.0,0.0,destroy_random_period,repair_random,1.0
1542,9801267845979.701,9801267845979.701,9025597217001.004,21189229533.33545,1.0,0.0,destroy_random_period,repair_greedy,1.0
1543,9801267845893.7,9801267845893.7,9025597217001.004,21146851074.26878,1.0,0.0,destroy_random_period,repair_greedy,1.0
1544,9801267845893.7,9801267845893.7,9025597217001.004,21104557372.120243,1.0,0.0,destroy_random_delivery,repair_regret2,1.0
1545,9801267845893.7,9801267845893.7,9025597217001.004,21062348257.376003,1.0,0.0,destroy_shaw_stores,repair_regret2,1.0
1546,9801267845893.7,9828948560264.297,9025597217001.004,21020223560.86125,0.0,0.0,destroy_random_route,repair_random,1.0
1547,9801267845893.7,9801267845893.7,9025597217001.004,20978183113.73953,1.0,0.0,destroy_random_delivery,repair_regret2,1.0
1548,9801267845993.8,9801267845993.8,9025597217001.004,20936226747.51205,1.0,0.0,destroy_random_period,repair_random,1.0
1549,9801267845896.2,9801267845896.2,9025597217001.004,20894354294.017025,1.0,0.0,destroy_random_period,repair_regret2,1.0
1550,9801267845866.2,9801267845866.2,9025597217001.004,20852565585.42899,1.0,0.0,destroy_random_delivery,repair_greedy,1.0
1551,9801267845903.299,9801267845903.299,9025597217001.004,20810860454.258133,1.0,0.0,destroy_shaw_stores,repair_random,1.0
1552,9801267845881.299,9801267845881.299,9025597217001.004,20769238733.349617,1.0,0.0,destroy_shaw_stores,repair_random,1.0
1553,9801267845881.299,9834096261993.1,9025597217001.004,20727700255.88292,0.0,0.0,destroy_random_period,repair_greedy,1.0
1554,9799767138274.197,9799767138274.197,9025597217001.004,20686244855.371155,1.0,0.0,destroy_random_route,repair_regret2,1.0
1555,9796697474871.797,9796697474871.797,9025597217001.004,20644872365.66041,1.0,0.0,destroy_random_route,repair_regret2,1.0
1556,9796697474871.797,9796697474871.797,9025597217001.004,20603582620.929092,1.0,0.0,destroy_random_delivery,repair_random,1.0
1557,9796697474871.797,9796697474871.797,9025597217001.004,20562375455.687233,1.0,0.0,destroy_low_demand_stores,repair_greedy,1.0
1558,9796697474852.297,9796697474852.297,9025597217001.004,20521250704.77586,1.0,0.0,destroy_random_period,repair_regret2,1.0
1559,9802266933731.697,9802266933731.697,9025597217001.004,20480208203.366306,1.0,0.0,destroy_random_delivery,repair_random,1.0
1560,9802266933732.598,9802266933732.598,9025597217001.004,20439247786.95957,1.0,0.0,destroy_random_delivery,repair_random,1.0
1561,9804913028087.896,9804913028087.896,9025597217001.004,20398369291.385654,1.0,0.0,destroy_random_period,repair_greedy,1.0
1562,9804913028087.896,9822513681267.795,9025597217001.004,20357572552.802883,0.0,0.0,destroy_worst_delivery,repair_random,1.0
1563,9804913028184.896,9804913028184.896,9025597217001.004,20316857407.697277,1.0,0.0,destroy_random_period,repair_random,1.0
1564,9802095758067.896,9802095758067.896,9025597217001.004,20276223692.88188,1.0,0.0,destroy_random_delivery,repair_greedy,1.0
1565,9823155186467.795,9823155186467.795,9025597217001.004,20235671245.496117,1.0,0.0,destroy_shaw_stores,repair_greedy,1.0
1566,9823155186467.795,9834315593557.596,9025597217001.004,20195199903.005123,0.0,0.0,destroy_shaw_stores,repair_random,1.0
1567,9823155186467.795,9894640363612.693,9025597217001.004,20154809503.199112,0.0,0.0,destroy_random_route,repair_greedy,1.0
1568,9823155186542.494,9823155186542.494,9025597217001.004,20114499884.192715,1.0,0.0,destroy_shaw_stores,repair_random,1.0
1569,9813291998034.494,9813291998034.494,9025597217001.004,20074270884.424328,1.0,0.0,destroy_worst_delivery,repair_regret2,1.0
1570,9813291998034.494,9837032999821.395,9025597217001.004,20034122342.65548,0.0,0.0,destroy_random_period,repair_greedy,1.0
1571,9813291998034.494,9813291998034.494,9025597217001.004,19994054097.97017,1.0,0.0,destroy_low_demand_stores,repair_greedy,1.0
1572,9813291998034.494,9829959057698.793,9025597217001.004,19954065989.774227,0.0,0.0,destroy_random_delivery,repair_greedy,1.0
1573,9813291998034.494,9813291998034.494,9025597217001.004,19914157857.794678,1.0,0.0,destroy_low_demand_stores,repair_greedy,1.0
1574,9813291998034.494,9813291998034.494,9025597217001.004,19874329542.07909,1.0,0.0,destroy_random_delivery,repair_regret2,1.0
1575,9813291998034.494,9813291998034.494,9025597217001.004,19834580882.99493,1.0,0.0,destroy_random_period,repair_regret2,1.0
1576,9813291998028.195,9813291998028.195,9025597217001.004,19794911721.22894,1.0,0.0,destroy_shaw_stores,repair_random,1.0
1577,9813291998028.195,9841784141051.494,9025597217001.004,19755321897.78648,0.0,0.0,destroy_random_route,repair_random,1.0
1578,9815186130341.695,9815186130341.695,9025597217001.004,19715811253.990906,1.0,0.0,destroy_random_period,repair_random,1.0
1579,9816820548687.695,9816820548687.695,9025597217001.004,19676379631.482925,1.0,0.0,destroy_random_period,repair_greedy,1.0
1580,9816820548687.695,9829710188706.197,9025597217001.004,19637026872.21996,0.0,0.0,destroy_random_route,repair_random,1.0
1581,9817074894208.695,9817074894208.695,9025597217001.004,19597752818.47552,1.0,0.0,destroy_worst_delivery,repair_regret2,1.0
1582,9817074894208.695,9911280573064.098,9025597217001.004,19558557312.83857,0.0,0.0,destroy_random_route,repair_greedy,1.0
1583,9803551352683.994,9803551352683.994,9025597217001.004,19519440198.21289,1.0,0.0,destroy_random_delivery,repair_regret2,1.0
1584,9808415682770.695,9808415682770.695,9025597217001.004,19480401317.816463,1.0,0.0,destroy_worst_delivery,repair_random,1.0
1585,9808415682860.295,9808415682860.295,9025597217001.004,19441440515.180832,1.0,0.0,destroy_shaw_stores,repair_random,1.0
1586,9808415682860.295,9808415682860.295,9025597217001.004,19402557634.15047,1.0,0.0,destroy_random_period,repair_regret2,1.0
1587,9803551352773.594,9803551352773.594,9025597217001.004,19363752518.88217,1.0,0.0,destroy_worst_delivery,repair_regret2,1.0
1588,9803551352773.594,9808689556941.594,9025597217001.004,19325025013.844406,0.0,0.0,destroy_worst_delivery,repair_greedy,1.0
1589,9803551352773.594,9839878083961.797,9025597217001.004,19286374963.81672,0.0,0.0,destroy_worst_delivery,repair_greedy,1.0
1590,9803551352786.096,9803551352786.096,9025597217001.004,19247802213.889084,1.0,0.0,destroy_shaw_stores,repair_greedy,1.0
1591,9803551352856.195,9803551352856.195,9025597217001.004,19209306609.461308,1.0,0.0,destroy_low_demand_stores,repair_random,1.0
1592,9803551352775.195,9803551352775.195,9025597217001.004,19170887996.242386,1.0,0.0,destroy_shaw_stores,repair_greedy,1.0
1593,9802975353235.797,9802975353235.797,9025597217001.004,19132546220.2499,1.0,0.0,destroy_random_delivery,repair_random,1.0
1594,9802975353235.797,9950178974956.898,9025597217001.004,19094281127.809402,0.0,0.0,destroy_random_route,repair_greedy,1.0
1595,9801792588989.797,9801792588989.797,9025597217001.004,19056092565.553783,1.0,0.0,destroy_random_period,repair_greedy,1.0
1596,9800502997340.195,9800502997340.195,9025597217001.004,19017980380.422676,1.0,0.0,destroy_random_delivery,repair_regret2,1.0
1597,9800733050101.195,9800733050101.195,9025597217001.004,18979944419.66183,1.0,0.0,destroy_random_delivery,repair_random,1.0
1598,9791156672239.496,9791156672239.496,9025597217001.004,18941984530.822506,1.0,0.0,destroy_worst_delivery,repair_random,1.0
1599,9791156672169.396,9791156672169.396,9025597217001.004,18904100561.76086,1.0,0.0,destroy_low_demand_stores,repair_random,1.0
1600,9788472613505.098,9788472613505.098,9025597217001.004,18866292360.63734,1.0,0.0,destroy_random_delivery,repair_random,1.0
1601,9788472613586.697,9788472613586.697,9025597217001.004,18828559775.916065,1.0,0.0,destroy_random_period,repair_random,1.0
1602,9788472613516.596,9788472613516.596,9025597217001.004,18790902656.364235,1.0,0.0,destroy_shaw_stores,repair_random,1.0
1603,9788472613510.396,9788472613510.396,9025597217001.004,18753320851.051506,1.0,0.0,destroy_shaw_stores,repair_regret2,1.0
1604,9788472613502.295,9788472613502.295,9025597217001.004,18715814209.349403,1.0,0.0,destroy_random_period,repair_random,1.0
1605,9781550063788.295,9781550063788.295,9025597217001.004,18678382580.930706,1.0,0.0,destroy_random_period,repair_random,1.0
1606,9781565833991.295,9781565833991.295,9025597217001.004,18641025815.768845,1.0,0.0,destroy_random_delivery,repair_random,1.0
1607,9781565833913.195,9781565833913.195,9025597217001.004,18603743764.137306,1.0,0.0,destroy_low_demand_stores,repair_regret2,1.0
1608,9782876877760.695,9782876877760.695,9025597217001.004,18566536276.60903,1.0,0.0,destroy_random_delivery,repair_regret2,1.0
1609,9782876877760.695,9782876877760.695,9025597217001.004,18529403204.055813,1.0,0.0,destroy_low_demand_stores,repair_regret2,1.0
1610,9782876877760.695,9782876877760.695,9025597217001.004,18492344397.6477,1.0,0.0,destroy_low_demand_stores,repair_random,1.0
1611,9784262593945.695,9784262593945.695,9025597217001.004,18455359708.852406,1.0,0.0,destroy_worst_delivery,repair_greedy,1.0
1612,9784262593946.096,9784262593946.096,9025597217001.004,18418448989.4347,1.0,0.0,destroy_shaw_stores,repair_regret2,1.0
1613,9784262593946.096,9784262593946.096,9025597217001.004,18381612091.45583,1.0,0.0,destroy_random_period,repair_regret2,1.0
1614,9784262593946.096,9784262593946.096,9025597217001.004,18344848867.27292,1.0,0.0,destroy_shaw_stores,repair_regret2,1.0
1615,9784262593946.096,9798449869332.996,9025597217001.004,18308159169.538372,0.0,0.0,destroy_random_period,repair_greedy,1.0
1616,9784943018262.994,9784943018262.994,9025597217001.004,18271542851.199295,1.0,0.0,destroy_random_delivery,repair_random,1.0
1617,9781308425768.596,9781308425768.596,9025597217001.004,18234999765.496895,1.0,0.0,destroy_random_delivery,repair_regret2,1.0
1618,9781308425768.596,9781308425768.596,9025597217001.004,18198529765.9659,1.0,0.0,destroy_low_demand_stores,repair_random,1.0
1619,9781308425768.596,9781308425768.596,9025597217001.004,18162132706.433968,1.0,0.0,destroy_low_demand_stores,repair_greedy,1.0
1620,9781308425768.596,9781308425768.596,9025597217001.004,18125808441.0211,1.0,0.0,destroy_low_demand_stores,repair_regret2,1.0
1621,9782842185963.396,9782842185963.396,9025597217001.004,18089556824.139057,1.0,0.0,destroy_worst_delivery,repair_greedy,1.0
1622,9782842185963.396,9782842185963.396,9025597217001.004,18053377710.49078,1.0,0.0,destroy_random_delivery,repair_random,1.0
1623,9782842185963.396,9782842185963.396,9025597217001.004,18017270955.069798,1.0,0.0,destroy_random_period,repair_regret2,1.0
1624,9785314521970.396,9785314521970.396,9025597217001.004,17981236413.159657,1.0,0.0,destroy_worst_delivery,repair_regret2,1.0
1625,9785314521970.396,9785314521970.396,9025597217001.004,17945273940.333336,1.0,0.0,destroy_low_demand_stores,repair_regret2,1.0
1626,9785314521888.797,9785314521888.797,9025597217001.004,17909383392.45267,1.0,0.0,destroy_random_period,repair_greedy,1.0
1627,9785314521799.197,9785314521799.197,9025597217001.004,17873564625.667767,1.0,0.0,destroy_random_period,repair_greedy,1.0
1628,9785827910303.197,9785827910303.197,9025597217001.004,17837817496.41643,1.0,0.0,destroy_random_delivery,repair_random,1.0
1629,9785827910309.396,9785827910309.396,9025597217001.004,17802141861.4236,1.0,0.0,destroy_random_period,repair_regret2,1.0
1630,9785314521805.396,9785314521805.396,9025597217001.004,17766537577.700752,1.0,0.0,destroy_worst_delivery,repair_regret2,1.0
1631,9786200980298.396,9786200980298.396,9025597217001.004,17731004502.54535,1.0,0.0,destroy_worst_delivery,repair_greedy,1.0
1632,9785314521805.396,9785314521805.396,9025597217001.004,17695542493.540257,1.0,0.0,destroy_worst_delivery,repair_regret2,1.0
1633,9793714582755.496,9793714582755.496,9025597217001.004,17660151408.553177,1.0,0.0,destroy_worst_delivery,repair_random,1.0
1634,9793714582666.596,9793714582666.596,9025597217001.004,17624831105.73607,1.0,0.0,destroy_shaw_stores,repair_regret2,1.0
1635,9793714582666.596,9793714582666.596,9025597217001.004,17589581443.524597,1.0,0.0,destroy_low_demand_stores,repair_random,1.0
1636,9793714582666.596,9793714582666.596,9025597217001.004,17554402280.637547,1.0,0.0,destroy_random_delivery,repair_random,1.0
1637,9793714582817.197,9793714582817.197,9025597217001.004,17519293476.07627,1.0,0.0,destroy_low_demand_stores,repair_random,1.0
1638,9793714582817.197,9793714582817.197,9025597217001.004,17484254889.12412,1.0,0.0,destroy_random_delivery,repair_regret2,1.0
1639,9793714582817.197,9793714582817.197,9025597217001.004,17449286379.34587,1.0,0.0,destroy_random_period,repair_greedy,1.0
1640,9777775485979.195,9777775485979.195,9025597217001.004,17414387806.58718,1.0,0.0,destroy_shaw_stores,repair_random,1.0
1641,9777775485979.195,9797965226709.496,9025597217001.004,17379559030.974007,0.0,0.0,destroy_random_period,repair_greedy,1.0
1642,9789797865410.494,9789797865410.494,9025597217001.004,17344799912.91206,1.0,0.0,destroy_random_delivery,repair_greedy,1.0
1643,9789797865410.494,9789797865410.494,9025597217001.004,17310110313.086235,1.0,0.0,destroy_low_demand_stores,repair_regret2,1.0
1644,9787903733133.496,9787903733133.496,9025597217001.004,17275490092.460064,1.0,0.0,destroy_shaw_stores,repair_random,1.0
1645,9787903733133.496,9787903733133.496,9025597217001.004,17240939112.275143,1.0,0.0,destroy_worst_delivery,repair_regret2,1.0
1646,9789860621411.197,9789860621411.197,9025597217001.004,17206457234.05059,1.0,0.0,destroy_worst_delivery,repair_random,1.0
1647,9788123719507.496,9788123719507.496,9025597217001.004,17172044319.582489,1.0,0.0,destroy_shaw_stores,repair_regret2,1.0
1648,9790446962353.795,9790446962353.795,9025597217001.004,17137700230.943323,1.0,0.0,destroy_worst_delivery,repair_greedy,1.0
1649,9790446962366.293,9790446962366.293,9025597217001.004,17103424830.481436,1.0,0.0,destroy_random_period,repair_greedy,1.0
1650,9790446962366.293,9790446962366.293,9025597217001.004,17069217980.820473,1.0,0.0,destroy_low_demand_stores,repair_greedy,1.0
1651,9790446962366.293,9813141916596.395,9025597217001.004,17035079544.858831,0.0,0.0,destroy_random_period,repair_greedy,1.0
1652,9790446962291.594,9790446962291.594,9025597217001.004,17001009385.769114,1.0,0.0,destroy_shaw_stores,repair_regret2,1.0
1653,9790446962291.594,9790446962291.594,9025597217001.004,16967007366.997576,1.0,0.0,destroy_random_period,repair_regret2,1.0
1654,9790446962291.594,9790446962291.594,9025597217001.004,16933073352.26358,1.0,0.0,destroy_low_demand_stores,repair_regret2,1.0
1655,9790446962291.594,9834661089871.797,9025597217001.004,16899207205.559053,0.0,0.0,destroy_random_route,repair_random,1.0
1656,9789947704599.594,9789947704599.594,9025597217001.004,16865408791.147936,1.0,0.0,destroy_random_delivery,repair_regret2,1.0
1657,9787317392193.594,9787317392193.594,9025597217001.004,16831677973.56564,1.0,0.0,destroy_worst_delivery,repair_regret2,1.0
1658,9818300686402.693,9818300686402.693,9025597217001.004,16798014617.618507,1.0,0.0,destroy_random_period,repair_greedy,1.0
1659,9818300686402.693,9841690608835.197,9025597217001.004,16764418588.38327,0.0,0.0,destroy_random_route,repair_random,1.0
1660,9810012346445.793,9810012346445.793,9025597217001.004,16730889751.206503,1.0,0.0,destroy_random_delivery,repair_random,1.0
1661,9810012346445.393,9810012346445.393,9025597217001.004,16697427971.70409,1.0,0.0,destroy_random_delivery,repair_regret2,1.0
1662,9810012346445.393,9816106090710.691,9025597217001.004,16664033115.760681,0.0,0.0,destroy_random_delivery,repair_regret2,1.0
1663,9810012346445.393,9810012346445.393,9025597217001.004,16630705049.52916,1.0,0.0,destroy_random_period,repair_greedy,1.0
1664,9810012346457.893,9810012346457.893,9025597217001.004,16597443639.430101,1.0,0.0,destroy_shaw_stores,repair_greedy,1.0
1665,9810012346472.494,9810012346472.494,9025597217001.004,16564248752.151241,1.0,0.0,destroy_shaw_stores,repair_random,1.0
1666,9814336697977.693,9814336697977.693,9025597217001.004,16531120254.646938,1.0,0.0,destroy_shaw_stores,repair_random,1.0
1667,9814336697977.693,9814336697977.693,9025597217001.004,16498058014.137644,1.0,0.0,destroy_low_demand_stores,repair_regret2,1.0
1668,9814336697977.693,9814336697977.693,9025597217001.004,16465061898.10937,1.0,0.0,destroy_shaw_stores,repair_regret2,1.0
1669,9840188339742.695,9840188339742.695,9025597217001.004,16432131774.31315,1.0,0.0,destroy_worst_delivery,repair_greedy,1.0
1670,9840188339742.695,9840188339742.695,9025597217001.004,16399267510.764524,1.0,0.0,destroy_random_period,repair_greedy,1.0
1671,9840188339706.094,9840188339706.094,9025597217001.004,16366468975.742996,1.0,0.0,destroy_random_period,repair_regret2,1.0
1672,9841813532587.094,9841813532587.094,9025597217001.004,16333736037.79151,1.0,0.0,destroy_random_delivery,repair_regret2,1.0
1673,9820372537744.793,9820372537744.793,9025597217001.004,16301068565.715927,1.0,0.0,destroy_worst_delivery,repair_regret2,1.0
1674,9820372537744.793,9820372537744.793,9025597217001.004,16268466428.584496,1.0,0.0,destroy_random_period,repair_regret2,1.0
1675,9820372537744.793,9820372537744.793,9025597217001.004,16235929495.727327,1.0,0.0,destroy_shaw_stores,repair_regret2,1.0
1676,9820372537744.793,9832065881056.895,9025597217001.004,16203457636.735872,0.0,0.0,destroy_shaw_stores,repair_greedy,1.0
1677,9806002402498.293,9806002402498.293,9025597217001.004,16171050721.4624,1.0,0.0,destroy_random_route,repair_regret2,1.0
1678,9821489038765.393,9821489038765.393,9025597217001.004,16138708620.019476,1.0,0.0,destroy_shaw_stores,repair_regret2,1.0
1679,9821489038765.393,9821489038765.393,9025597217001.004,16106431202.779436,1.0,0.0,destroy_low_demand_stores,repair_regret2,1.0
1680,9821489038765.393,9821489038765.393,9025597217001.004,16074218340.373877,1.0,0.0,destroy_low_demand_stores,repair_regret2,1.0
1681,9821489038765.393,9821489038765.393,9025597217001.004,16042069903.693129,1.0,0.0,destroy_shaw_stores,repair_regret2,1.0
1682,9868788642841.598,9868788642841.598,9025597217001.004,16009985763.885742,1.0,0.0,destroy_random_route,repair_random,1.0
1683,9851064984505.299,9851064984505.299,9025597217001.004,15977965792.357971,1.0,0.0,destroy_shaw_stores,repair_random,1.0
1684,9851064984505.299,9855144037342.805,9025597217001.004,15946009860.773254,0.0,0.0,destroy_random_route,repair_random,1.0
1685,9844933028154.396,9844933028154.396,9025597217001.004,15914117841.051708,1.0,0.0,destroy_random_delivery,repair_regret2,1.0
1686,9844933028154.396,9844933028154.396,9025597217001.004,15882289605.369604,1.0,0.0,destroy_shaw_stores,repair_regret2,1.0
1687,9844933028154.396,9844933028154.396,9025597217001.004,15850525026.158865,1.0,0.0,destroy_shaw_stores,repair_regret2,1.0
1688,9844933028154.396,9844933028154.396,9025597217001.004,15818823976.106546,1.0,0.0,destroy_random_delivery,repair_regret2,1.0
1689,9845272526888.396,9845272526888.396,9025597217001.004,15787186328.154333,1.0,0.0,destroy_shaw_stores,repair_regret2,1.0
1690,9849765734233.396,9849765734233.396,9025597217001.004,15755611955.498024,1.0,0.0,destroy_random_delivery,repair_greedy,1.0
1691,9849765734233.396,9849765734233.396,9025597217001.004,15724100731.587029,1.0,0.0,destroy_random_period,repair_regret2,1.0
1692,9849765734333.596,9849765734333.596,9025597217001.004,15692652530.123854,1.0,0.0,destroy_shaw_stores,repair_random,1.0
1693,9861637336060.297,9861637336060.297,9025597217001.004,15661267225.063606,1.0,0.0,destroy_worst_delivery,repair_random,1.0
1694,9860654481530.297,9860654481530.297,9025597217001.004,15629944690.61348,1.0,0.0,destroy_random_delivery,repair_greedy,1.0
1695,9855142920094.295,9855142920094.295,9025597217001.004,15598684801.232252,1.0,0.0,destroy_random_delivery,repair_regret2,1.0
1696,9832471604581.893,9832471604581.893,9025597217001.004,15567487431.629787,1.0,0.0,destroy_random_route,repair_random,1.0
1697,9832471604514.592,9832471604514.592,9025597217001.004,15536352456.766527,1.0,0.0,destroy_random_period,repair_regret2,1.0
1698,9832471604514.592,9844279785594.592,9025597217001.004,15505279751.852995,0.0,0.0,destroy_random_delivery,repair_greedy,1.0
1699,9838487521445.295,9838487521445.295,9025597217001.004,15474269192.349289,1.0,0.0,destroy_random_route,repair_random,1.0
1700,9838487521463.596,9838487521463.596,9025597217001.004,15443320653.96459,1.0,0.0,destroy_shaw_stores,repair_random,1.0
1701,9838487521463.596,9892789895054.295,9025597217001.004,15412434012.65666,0.0,0.0,destroy_random_route,repair_greedy,1.0
1702,9838487521463.596,9857894677415.596,9025597217001.004,15381609144.631348,0.0,0.0,destroy_worst_delivery,repair_greedy,1.0
1703,9836729092888.795,9836729092888.795,9025597217001.004,15350845926.342085,1.0,0.0,destroy_random_delivery,repair_regret2,1.0
1704,9836729092888.795,9847362580174.795,9025597217001.004,15320144234.4894,0.0,0.0,destroy_worst_delivery,repair_regret2,1.0
1705,9831283554845.795,9831283554845.795,9025597217001.004,15289503946.020422,1.0,0.0,destroy_random_delivery,repair_regret2,1.0
1706,9831283554845.795,9831283554845.795,9025597217001.004,15258924938.128382,1.0,0.0,destroy_low_demand_stores,repair_greedy,1.0
1707,9831990058164.795,9831990058164.795,9025597217001.004,15228407088.252125,1.0,0.0,destroy_random_delivery,repair_random,1.0
1708,9831990058164.795,9864436672424.596,9025597217001.004,15197950274.07562,0.0,0.0,destroy_worst_delivery,repair_regret2,1.0
1709,9831990058164.795,9862065732382.795,9025597217001.004,15167554373.52747,0.0,0.0,destroy_worst_delivery,repair_regret2,1.0
1710,9825080747292.596,9825080747292.596,9025597217001.004,15137219264.780415,1.0,0.0,destroy_random_delivery,repair_regret2,1.0
1711,9825080747368.494,9825080747368.494,9025597217001.004,15106944826.250854,1.0,0.0,destroy_shaw_stores,repair_random,1.0
1712,9825080747368.494,9852767279725.994,9025597217001.004,15076730936.598352,0.0,0.0,destroy_worst_delivery,repair_greedy,1.0
1713,9825080747381.596,9825080747381.596,9025597217001.004,15046577474.725155,1.0,0.0,destroy_low_demand_stores,repair_random,1.0
1714,9838465381198.596,9838465381198.596,9025597217001.004,15016484319.775705,1.0,0.0,destroy_worst_delivery,repair_regret2,1.0
1715,9837066731318.398,9837066731318.398,9025597217001.004,14986451351.136154,1.0,0.0,destroy_random_period,repair_random,1.0
1716,9837066731318.398,9837066731318.398,9025597217001.004,14956478448.433882,1.0,0.0,destroy_low_demand_stores,repair_greedy,1.0
1717,9832639233392.998,9832639233392.998,9025597217001.004,14926565491.537014,1.0,0.0,destroy_random_delivery,repair_random,1.0
1718,9832639233377.098,9832639233377.098,9025597217001.004,14896712360.55394,1.0,0.0,destroy_random_delivery,repair_regret2,1.0
1719,9822280918813.498,9822280918813.498,9025597217001.004,14866918935.832832,1.0,0.0,destroy_worst_delivery,repair_random,1.0
1720,9822280918800.996,9822280918800.996,9025597217001.004,14837185097.961166,1.0,0.0,destroy_shaw_stores,repair_regret2,1.0
1721,9829045966288.295,9829045966288.295,9025597217001.004,14807510727.765244,1.0,0.0,destroy_shaw_stores,repair_random,1.0
1722,9829045966288.295,9829045966288.295,9025597217001.004,14777895706.309713,1.0,0.0,destroy_low_demand_stores,repair_random,1.0
1723,9823310676813.695,9823310676813.695,9025597217001.004,14748339914.897095,1.0,0.0,destroy_random_delivery,repair_greedy,1.0
1724,9823310676732.695,9823310676732.695,9025597217001.004,14718843235.0673,1.0,0.0,destroy_shaw_stores,repair_regret2,1.0
1725,9823310676732.695,9829677869925.695,9025597217001.004,14689405548.597166,0.0,0.0,destroy_random_delivery,repair_regret2,1.0
1726,9823310676732.695,9823310676732.695,9025597217001.004,14660026737.499971,1.0,0.0,destroy_random_period,repair_greedy,1.0
1727,9828594581194.094,9828594581194.094,9025597217001.004,14630706684.024971,1.0,0.0,destroy_shaw_stores,repair_greedy,1.0
1728,9828594581194.094,9836471876299.992,9025597217001.004,14601445270.656921,0.0,0.0,destroy_random_route,repair_random,1.0
1729,9828594581194.094,9849227468053.795,9025597217001.004,14572242380.115608,0.0,0.0,destroy_worst_delivery,repair_greedy,1.0
1730,9828797045040.795,9828797045040.795,9025597217001.004,14543097895.355377,1.0,0.0,destroy_random_delivery,repair_random,1.0
1731,9829233300568.992,9829233300568.992,9025597217001.004,14514011699.564667,1.0,0.0,destroy_shaw_stores,repair_regret2,1.0
1732,9802298480078.992,9802298480078.992,9025597217001.004,14484983676.165537,1.0,0.0,destroy_random_route,repair_regret2,1.0
1733,9802298480051.693,9802298480051.693,9025597217001.004,14456013708.813206,1.0,0.0,destroy_shaw_stores,repair_random,1.0
1734,9802298480051.693,9919752302512.393,9025597217001.004,14427101681.395578,0.0,0.0,destroy_random_route,repair_greedy,1.0
1735,9790421090379.893,9790421090379.893,9025597217001.004,14398247478.032787,1.0,0.0,destroy_random_delivery,repair_regret2,1.0
1736,9786204432196.492,9786204432196.492,9025597217001.004,14369450983.076721,1.0,0.0,destroy_shaw_stores,repair_regret2,1.0
1737,9786204432196.492,9797456891678.492,9025597217001.004,14340712081.110567,0.0,0.0,destroy_random_delivery,repair_regret2,1.0
1738,9790311051639.492,9790311051639.492,9025597217001.004,14312030656.948345,1.0,0.0,destroy_random_delivery,repair_random,1.0
1739,9790311051645.693,9790311051645.693,9025597217001.004,14283406595.634449,1.0,0.0,destroy_low_demand_stores,repair_random,1.0
1740,9790311051727.293,9790311051727.293,9025597217001.004,14254839782.44318,1.0,0.0,destroy_random_period,repair_random,1.0
1741,9790311051727.293,9801424697843.693,9025597217001.004,14226330102.878294,0.0,0.0,destroy_random_period,repair_random,1.0
1742,9790311051739.795,9790311051739.795,9025597217001.004,14197877442.672537,1.0,0.0,destroy_shaw_stores,repair_greedy,1.0
1743,9790311051659.994,9790311051659.994,9025597217001.004,14169481687.787191,1.0,0.0,destroy_shaw_stores,repair_regret2,1.0
1744,9790311051589.893,9790311051589.893,9025597217001.004,14141142724.411617,1.0,0.0,destroy_shaw_stores,repair_regret2,1.0
1745,9788912401698.494,9788912401698.494,9025597217001.004,14112860438.962793,1.0,0.0,destroy_random_period,repair_random,1.0
1746,9789348657237.893,9789348657237.893,9025597217001.004,14084634718.084867,1.0,0.0,destroy_shaw_stores,repair_regret2,1.0
1747,9789348657249.895,9789348657249.895,9025597217001.004,14056465448.648697,1.0,0.0,destroy_shaw_stores,repair_random,1.0
1748,9789348657249.895,9798326393324.895,9025597217001.004,14028352517.7514,0.0,0.0,destroy_worst_delivery,repair_random,1.0
1749,9788912401699.695,9788912401699.695,9025597217001.004,14000295812.715897,1.0,0.0,destroy_random_period,repair_random,1.0
1750,9788064234655.795,9788064234655.795,9025597217001.004,13972295221.090466,1.0,0.0,destroy_random_delivery,repair_random,1.0
1751,9799075328657.795,9799075328657.795,9025597217001.004,13944350630.648285,1.0,0.0,destroy_worst_delivery,repair_regret2,1.0
1752,9798031208990.795,9798031208990.795,9025597217001.004,13916461929.386988,1.0,0.0,destroy_random_delivery,repair_regret2,1.0
1753,9798031208990.795,9818481614382.895,9025597217001.004,13888629005.528214,0.0,0.0,destroy_worst_delivery,repair_greedy,1.0
1754,9798031208974.895,9798031208974.895,9025597217001.004,13860851747.517157,1.0,0.0,destroy_low_demand_stores,repair_random,1.0
1755,9798031208974.895,9813034618098.895,9025597217001.004,13833130044.022121,0.0,0.0,destroy_worst_delivery,repair_random,1.0
1756,9798031208977.596,9798031208977.596,9025597217001.004,13805463783.934076,1.0,0.0,destroy_shaw_stores,repair_random,1.0
1757,9790896608462.596,9790896608462.596,9025597217001.004,13777852856.366209,1.0,0.0,destroy_random_delivery,repair_greedy,1.0
1758,9790896608387.896,9790896608387.896,9025597217001.004,13750297150.653477,1.0,0.0,destroy_random_period,repair_greedy,1.0
1759,9790896608387.896,9790896608387.896,9025597217001.004,13722796556.352169,1.0,0.0,destroy_random_delivery,repair_regret2,1.0
1760,9790896608387.896,9832807469579.396,9025597217001.004,13695350963.239464,0.0,0.0,destroy_worst_delivery,repair_greedy,1.0
1761,9790896608374.896,9790896608374.896,9025597217001.004,13667960261.312984,1.0,0.0,destroy_low_demand_stores,repair_regret2,1.0
1762,9790896608449.596,9790896608449.596,9025597217001.004,13640624340.790358,1.0,0.0,destroy_random_period,repair_random,1.0
1763,9795257937924.596,9795257937924.596,9025597217001.004,13613343092.108776,1.0,0.0,destroy_random_delivery,repair_random,1.0
1764,9798797731011.797,9798797731011.797,9025597217001.004,13586116405.924559,1.0,0.0,destroy_shaw_stores,repair_greedy,1.0
1765,9798797730974.697,9798797730974.697,9025597217001.004,13558944173.112709,1.0,0.0,destroy_random_period,repair_regret2,1.0
1766,9786021445852.795,9786021445852.795,9025597217001.004,13531826284.766483,1.0,0.0,destroy_random_delivery,repair_random,1.0
1767,9786021445852.795,9791672384455.795,9025597217001.004,13504762632.19695,0.0,0.0,destroy_random_delivery,repair_regret2,1.0
1768,9786021445852.795,9805150936020.697,9025597217001.004,13477753106.932556,0.0,0.0,destroy_worst_delivery,repair_random,1.0
1769,9801508082141.096,9801508082141.096,9025597217001.004,13450797600.71869,1.0,0.0,destroy_random_period,repair_regret2,1.0
1770,9815527183754.096,9815527183754.096,9025597217001.004,13423896005.517254,1.0,0.0,destroy_random_delivery,repair_greedy,1.0
1771,9815527183754.096,9815527183754.096,9025597217001.004,13397048213.50622,1.0,0.0,destroy_shaw_stores,repair_greedy,1.0
1772,9815527183744.096,9815527183744.096,9025597217001.004,13370254117.079206,1.0,0.0,destroy_shaw_stores,repair_random,1.0
1773,9815527183744.096,9823255524326.596,9025597217001.004,13343513608.845049,0.0,0.0,destroy_random_period,repair_greedy,1.0
1774,9815527183778.797,9815527183778.797,9025597217001.004,13316826581.62736,1.0,0.0,destroy_low_demand_stores,repair_random,1.0
1775,9811919434787.797,9811919434787.797,9025597217001.004,13290192928.464104,1.0,0.0,destroy_worst_delivery,repair_regret2,1.0
1776,9811919434806.895,9811919434806.895,9025597217001.004,13263612542.607176,1.0,0.0,destroy_shaw_stores,repair_random,1.0
1777,9811919434806.895,9836969344932.994,9025597217001.004,13237085317.521961,0.0,0.0,destroy_worst_delivery,repair_greedy,1.0
1778,9811919434806.895,9811919434806.895,9025597217001.004,13210611146.886917,1.0,0.0,destroy_random_delivery,repair_greedy,1.0
1779,9811919434788.094,9811919434788.094,9025597217001.004,13184189924.593143,1.0,0.0,destroy_random_delivery,repair_greedy,1.0
1780,9811919434806.895,9811919434806.895,9025597217001.004,13157821544.743958,1.0,0.0,destroy_low_demand_stores,repair_random,1.0
1781,9811346302878.895,9811346302878.895,9025597217001.004,13131505901.65447,1.0,0.0,destroy_random_delivery,repair_regret2,1.0
1782,9812734685220.895,9812734685220.895,9025597217001.004,13105242889.851162,1.0,0.0,destroy_worst_delivery,repair_greedy,1.0
1783,9811346302878.895,9811346302878.895,9025597217001.004,13079032404.071459,1.0,0.0,destroy_worst_delivery,repair_regret2,1.0
1784,9811346302878.895,9821036114449.895,9025597217001.004,13052874339.263315,0.0,0.0,destroy_worst_delivery,repair_random,1.0
1785,9811346302878.895,9823434942725.893,9025597217001.004,13026768590.58479,0.0,0.0,destroy_worst_delivery,repair_random,1.0
1786,9811346302844.193,9811346302844.193,9025597217001.004,13000715053.40362,1.0,0.0,destroy_low_demand_stores,repair_random,1.0
1787,9811346302847.594,9811346302847.594,9025597217001.004,12974713623.296812,1.0,0.0,destroy_shaw_stores,repair_random,1.0
1788,9811346302847.594,9811346302847.594,9025597217001.004,12948764196.050219,1.0,0.0,destroy_low_demand_stores,repair_regret2,1.0
1789,9811346302867.992,9811346302867.992,9025597217001.004,12922866667.658117,1.0,0.0,destroy_shaw_stores,repair_random,1.0
1790,9787998615089.393,9787998615089.393,9025597217001.004,12897020934.322802,1.0,0.0,destroy_random_route,repair_regret2,1.0
1791,9787998615089.393,9787998615089.393,9025597217001.004,12871226892.454157,1.0,0.0,destroy_random_delivery,repair_random,1.0
1792,9787998615170.994,9787998615170.994,9025597217001.004,12845484438.669249,1.0,0.0,destroy_low_demand_stores,repair_random,1.0
1793,9788175744997.893,9788175744997.893,9025597217001.004,12819793469.79191,1.0,0.0,destroy_random_delivery,repair_regret2,1.0
1794,9788175744997.893,9788175744997.893,9025597217001.004,12794153882.852325,1.0,0.0,destroy_random_delivery,repair_greedy,1.0
1795,9788175745016.693,9788175745016.693,9025597217001.004,12768565575.08662,1.0,0.0,destroy_low_demand_stores,repair_random,1.0
1796,9788175744995.494,9788175744995.494,9025597217001.004,12743028443.936447,1.0,0.0,destroy_low_demand_stores,repair_random,1.0
1797,9788072239263.494,9788072239263.494,9025597217001.004,12717542387.048574,1.0,0.0,destroy_random_delivery,repair_regret2,1.0
1798,9788072239185.393,9788072239185.393,9025597217001.004,12692107302.274477,1.0,0.0,destroy_low_demand_stores,repair_greedy,1.0
1799,9788072239185.393,9788072239185.393,9025597217001.004,12666723087.669928,1.0,0.0,destroy_low_demand_stores,repair_random,1.0
1800,9788721895287.693,9788721895287.693,9025597217001.004,12641389641.494587,1.0,0.0,destroy_random_delivery,repair_random,1.0
1801,9804282132828.494,9804282132828.494,9025597217001.004,12616106862.211597,1.0,0.0,destroy_random_period,repair_random,1.0
1802,9804282132758.393,9804282132758.393,9025597217001.004,12590874648.487175,1.0,0.0,destroy_shaw_stores,repair_regret2,1.0
1803,9804282132758.393,9804282132758.393,9025597217001.004,12565692899.1902,1.0,0.0,destroy_random_period,repair_regret2,1.0
1804,9804282132847.994,9804282132847.994,9025597217001.004,12540561513.39182,1.0,0.0,destroy_random_period,repair_random,1.0
1805,9804282132847.994,9804282132847.994,9025597217001.004,12515480390.365038,1.0,0.0,destroy_random_delivery,repair_regret2,1.0
1806,9804282132847.994,9818700696264.693,9025597217001.004,12490449429.584309,0.0,0.0,destroy_random_route,repair_regret2,1.0
1807,9804282132916.393,9804282132916.393,9025597217001.004,12465468530.72514,1.0,0.0,destroy_low_demand_stores,repair_random,1.0
1808,9804282132847.994,9804282132847.994,9025597217001.004,12440537593.663689,1.0,0.0,destroy_low_demand_stores,repair_random,1.0
1809,9804282132948.395,9804282132948.395,9025597217001.004,12415656518.47636,1.0,0.0,destroy_shaw_stores,repair_random,1.0
1810,9804282132948.395,9831753707266.295,9025597217001.004,12390825205.439407,0.0,0.0,destroy_shaw_stores,repair_random,1.0
1811,9804282132948.395,9804282132948.395,9025597217001.004,12366043555.028528,1.0,0.0,destroy_shaw_stores,repair_regret2,1.0
1812,9803219354075.594,9803219354075.594,9025597217001.004,12341311467.91847,1.0,0.0,destroy_random_period,repair_random,1.0
1813,9803219354094.793,9803219354094.793,9025597217001.004,12316628844.982634,1.0,0.0,destroy_random_period,repair_random,1.0
1814,9803219354094.793,9803219354094.793,9025597217001.004,12291995587.292667,1.0,0.0,destroy_random_period,repair_greedy,1.0
1815,9803219354094.793,9823511580817.895,9025597217001.004,12267411596.118082,0.0,0.0,destroy_shaw_stores,repair_greedy,1.0
1816,9803219354194.994,9803219354194.994,9025597217001.004,12242876772.925846,1.0,0.0,destroy_random_period,repair_random,1.0
1817,9803219354283.393,9803219354283.393,9025597217001.004,12218391019.379993,1.0,0.0,destroy_random_period,repair_random,1.0
1818,9803219354216.094,9803219354216.094,9025597217001.004,12193954237.341234,1.0,0.0,destroy_random_delivery,repair_greedy,1.0
1819,9794526558012.494,9794526558012.494,9025597217001.004,12169566328.866552,1.0,0.0,destroy_random_route,repair_random,1.0
1820,9794526558012.494,9794526558012.494,9025597217001.004,12145227196.208818,1.0,0.0,destroy_low_demand_stores,repair_regret2,1.0
1821,9794121467384.893,9794121467384.893,9025597217001.004,12120936741.8164,1.0,0.0,destroy_random_delivery,repair_greedy,1.0
1822,9794121467393.195,9794121467393.195,9025597217001.004,12096694868.332767,1.0,0.0,destroy_shaw_stores,repair_random,1.0
1823,9794121467294.994,9794121467294.994,9025597217001.004,12072501478.596102,1.0,0.0,destroy_shaw_stores,repair_regret2,1.0
1824,9800315416763.994,9800315416763.994,9025597217001.004,12048356475.63891,1.0,0.0,destroy_shaw_stores,repair_greedy,1.0
1825,9800315416739.494,9800315416739.494,9025597217001.004,12024259762.687632,1.0,0.0,destroy_random_period,repair_regret2,1.0
1826,9800315416739.494,9820588646903.395,9025597217001.004,12000211243.162256,0.0,0.0,destroy_random_period,repair_greedy,1.0
1827,9800315416739.494,9800315416739.494,9025597217001.004,11976210820.675932,1.0,0.0,destroy_worst_delivery,repair_regret2,1.0
1828,9804829868029.994,9804829868029.994,9025597217001.004,11952258399.03458,1.0,0.0,destroy_random_period,repair_random,1.0
1829,9804829868014.096,9804829868014.096,9025597217001.004,11928353882.236511,1.0,0.0,destroy_low_demand_stores,repair_regret2,1.0
1830,9804829868092.195,9804829868092.195,9025597217001.004,11904497174.472038,1.0,0.0,destroy_low_demand_stores,repair_random,1.0
1831,9804829868061.295,9804829868061.295,9025597217001.004,11880688180.123095,1.0,0.0,destroy_random_period,repair_regret2,1.0
1832,9804829868061.295,9818848427213.1,9025597217001.004,11856926803.762848,0.0,0.0,destroy_worst_delivery,repair_regret2,1.0
1833,9804829868061.295,9804829868061.295,9025597217001.004,11833212950.155323,1.0,0.0,destroy_random_delivery,repair_greedy,1.0
1834,9804829868152.596,9804829868152.596,9025597217001.004,11809546524.255013,1.0,0.0,destroy_shaw_stores,repair_random,1.0
1835,9804829868133.896,9804829868133.896,9025597217001.004,11785927431.206503,1.0,0.0,destroy_random_period,repair_regret2,1.0
1836,9819734885798.094,9819734885798.094,9025597217001.004,11762355576.34409,1.0,0.0,destroy_random_delivery,repair_random,1.0
1837,9790681363188.596,9790681363188.596,9025597217001.004,11738830865.1914,1.0,0.0,destroy_random_delivery,repair_regret2,1.0
1838,9790681363097.295,9790681363097.295,9025597217001.004,11715353203.461018,1.0,0.0,destroy_random_period,repair_greedy,1.0
1839,9790681363097.295,9809655988325.596,9025597217001.004,11691922497.054096,0.0,0.0,destroy_worst_delivery,repair_random,1.0
1840,9790681363097.295,9790681363097.295,9025597217001.004,11668538652.059988,1.0,0.0,destroy_random_delivery,repair_greedy,1.0
1841,9790681363127.295,9790681363127.295,9025597217001.004,11645201574.755869,1.0,0.0,destroy_shaw_stores,repair_random,1.0
1842,9784292768389.795,9784292768389.795,9025597217001.004,11621911171.606358,1.0,0.0,destroy_random_delivery,repair_regret2,1.0
1843,9788013450622.396,9788013450622.396,9025597217001.004,11598667349.263145,1.0,0.0,destroy_random_delivery,repair_regret2,1.0
1844,9788013450622.396,9849737347569.793,9025597217001.004,11575470014.56462,0.0,0.0,destroy_random_route,repair_greedy,1.0
1845,9788013450573.197,9788013450573.197,9025597217001.004,11552319074.53549,1.0,0.0,destroy_random_delivery,repair_regret2,1.0
1846,9788013450573.197,9810100910746.197,9025597217001.004,11529214436.38642,0.0,0.0,destroy_worst_delivery,repair_greedy,1.0
1847,9803627704804.197,9803627704804.197,9025597217001.004,11506156007.513647,1.0,0.0,destroy_worst_delivery,repair_random,1.0
1848,9803627704816.7,9803627704816.7,9025597217001.004,11483143695.49862,1.0,0.0,destroy_random_period,repair_random,1.0
1849,9803627704816.7,9803627704816.7,9025597217001.004,11460177408.107622,1.0,0.0,destroy_shaw_stores,repair_regret2,1.0
1850,9795810191395.7,9795810191395.7,9025597217001.004,11437257053.291407,1.0,0.0,destroy_random_delivery,repair_regret2,1.0
1851,9795810191395.7,9795810191395.7,9025597217001.004,11414382539.184824,1.0,0.0,destroy_low_demand_stores,repair_random,1.0
1852,9795810191395.7,9798457591308.297,9025597217001.004,11391553774.106455,0.0,0.0,destroy_random_period,repair_random,1.0
1853,9795810191389.498,9795810191389.498,9025597217001.004,11368770666.558243,1.0,0.0,destroy_random_period,repair_random,1.0
1854,9802973261336.697,9802973261336.697,9025597217001.004,11346033125.225126,1.0,0.0,destroy_worst_delivery,repair_regret2,1.0
1855,9802973261336.697,9802973261336.697,9025597217001.004,11323341058.974676,1.0,0.0,destroy_low_demand_stores,repair_regret2,1.0
1856,9802973261431.898,9802973261431.898,9025597217001.004,11300694376.856728,1.0,0.0,destroy_shaw_stores,repair_random,1.0
1857,9796050711665.396,9796050711665.396,9025597217001.004,11278092988.103014,1.0,0.0,destroy_random_period,repair_regret2,1.0
1858,9804965848964.195,9804965848964.195,9025597217001.004,11255536802.126808,1.0,0.0,destroy_random_period,repair_greedy,1.0
1859,9790471425484.898,9790471425484.898,9025597217001.004,11233025728.522554,1.0,0.0,destroy_random_route,repair_random,1.0
1860,9790471425484.898,9806619601619.7,9025597217001.004,11210559677.06551,0.0,0.0,destroy_random_route,repair_regret2,1.0
1861,9790471425484.898,9790471425484.898,9025597217001.004,11188138557.711378,1.0,0.0,destroy_shaw_stores,repair_regret2,1.0
1862,9799498202584.295,9799498202584.295,9025597217001.004,11165762280.595955,1.0,0.0,destroy_random_route,repair_regret2,1.0
1863,9799498202495.395,9799498202495.395,9025597217001.004,11143430756.034763,1.0,0.0,destroy_random_period,repair_regret2,1.0
1864,9799498202495.395,9824659007429.793,9025597217001.004,11121143894.522694,0.0,0.0,destroy_worst_delivery,repair_random,1.0
1865,9799498202495.395,9799498202495.395,9025597217001.004,11098901606.733648,1.0,0.0,destroy_shaw_stores,repair_regret2,1.0
1866,9797662284597.994,9797662284597.994,9025597217001.004,11076703803.520182,1.0,0.0,destroy_random_delivery,repair_random,1.0
1867,9798362772549.994,9798362772549.994,9025597217001.004,11054550395.913141,1.0,0.0,destroy_random_delivery,repair_greedy,1.0
1868,9799146209653.994,9799146209653.994,9025597217001.004,11032441295.121315,1.0,0.0,destroy_worst_delivery,repair_greedy,1.0
1869,9809323187893.695,9809323187893.695,9025597217001.004,11010376412.531073,1.0,0.0,destroy_random_delivery,repair_random,1.0
1870,9799578040676.396,9799578040676.396,9025597217001.004,10988355659.70601,1.0,0.0,destroy_random_delivery,repair_random,1.0
1871,9799578040594.895,9799578040594.895,9025597217001.004,10966378948.386599,1.0,0.0,destroy_low_demand_stores,repair_regret2,1.0
1872,9792646985666.895,9792646985666.895,9025597217001.004,10944446190.489826,1.0,0.0,destroy_random_delivery,repair_regret2,1.0
1873,9792646985712.594,9792646985712.594,9025597217001.004,10922557298.108847,1.0,0.0,destroy_low_demand_stores,repair_random,1.0
1874,9792646985712.594,9798141384021.797,9025597217001.004,10900712183.512629,0.0,0.0,destroy_random_route,repair_regret2,1.0
1875,9792646985712.594,9792646985712.594,9025597217001.004,10878910759.145603,1.0,0.0,destroy_shaw_stores,repair_greedy,1.0
1876,9792646985687.297,9792646985687.297,9025597217001.004,10857152937.627312,1.0,0.0,destroy_low_demand_stores,repair_regret2,1.0
1877,9793036479589.297,9793036479589.297,9025597217001.004,10835438631.752056,1.0,0.0,destroy_random_delivery,repair_random,1.0
1878,9792711741571.297,9792711741571.297,9025597217001.004,10813767754.488552,1.0,0.0,destroy_random_period,repair_regret2,1.0
1879,9792711741571.297,9792711741571.297,9025597217001.004,10792140218.979574,1.0,0.0,destroy_low_demand_stores,repair_regret2,1.0
1880,9792711741571.297,9806009849310.594,9025597217001.004,10770555938.541615,0.0,0.0,destroy_worst_delivery,repair_regret2,1.0
1881,9792711741571.297,9802456888941.598,9025597217001.004,10749014826.664532,0.0,0.0,destroy_random_route,repair_random,1.0
1882,9792522436280.695,9792522436280.695,9025597217001.004,10727516797.011202,1.0,0.0,destroy_random_delivery,repair_regret2,1.0
1883,9792522436280.695,9792522436280.695,9025597217001.004,10706061763.41718,1.0,0.0,destroy_shaw_stores,repair_regret2,1.0
1884,9792522436293.094,9792522436293.094,9025597217001.004,10684649639.890345,1.0,0.0,destroy_shaw_stores,repair_random,1.0
1885,9792773550194.695,9792773550194.695,9025597217001.004,10663280340.610563,1.0,0.0,destroy_random_delivery,repair_regret2,1.0
1886,9792773550229.695,9792773550229.695,9025597217001.004,10641953779.929342,1.0,0.0,destroy_shaw_stores,repair_random,1.0
1887,9794187244885.193,9794187244885.193,9025597217001.004,10620669872.369484,1.0,0.0,destroy_random_route,repair_regret2,1.0
1888,9794187244885.193,9794187244885.193,9025597217001.004,10599428532.624744,1.0,0.0,destroy_low_demand_stores,repair_greedy,1.0
1889,9813449365853.193,9813449365853.193,9025597217001.004,10578229675.559494,1.0,0.0,destroy_worst_delivery,repair_greedy,1.0
1890,9809429240078.193,9809429240078.193,9025597217001.004,10557073216.208376,1.0,0.0,destroy_random_delivery,repair_greedy,1.0
1891,9810665908713.193,9810665908713.193,9025597217001.004,10535959069.775959,1.0,0.0,destroy_random_period,repair_greedy,1.0
1892,9810665908713.193,9826960725025.293,9025597217001.004,10514887151.636408,0.0,0.0,destroy_worst_delivery,repair_greedy,1.0
1893,9809701368774.693,9809701368774.693,9025597217001.004,10493857377.333136,1.0,0.0,destroy_worst_delivery,repair_regret2,1.0
1894,9808638589907.693,9808638589907.693,9025597217001.004,10472869662.57847,1.0,0.0,destroy_shaw_stores,repair_random,1.0
1895,9804792051655.693,9804792051655.693,9025597217001.004,10451923923.253313,1.0,0.0,destroy_worst_delivery,repair_regret2,1.0
1896,9804792051668.195,9804792051668.195,9025597217001.004,10431020075.406807,1.0,0.0,destroy_shaw_stores,repair_greedy,1.0
1897,9803087725768.195,9803087725768.195,9025597217001.004,10410158035.255993,1.0,0.0,destroy_random_delivery,repair_regret2,1.0
1898,9803087725768.195,9803087725768.195,9025597217001.004,10389337719.18548,1.0,0.0,destroy_low_demand_stores,repair_regret2,1.0
1899,9803087725768.195,9803087725768.195,9025597217001.004,10368559043.747108,1.0,0.0,destroy_low_demand_stores,repair_regret2,1.0
1900,9803087725762.395,9803087725762.395,9025597217001.004,10347821925.659615,1.0,0.0,destroy_random_period,repair_regret2,1.0
1901,9800914568300.496,9800914568300.496,9025597217001.004,10327126281.808296,1.0,0.0,destroy_random_period,repair_random,1.0
1902,9800914568300.496,9800914568300.496,9025597217001.004,10306472029.24468,1.0,0.0,destroy_random_period,repair_regret2,1.0
1903,9799580003171.795,9799580003171.795,9025597217001.004,10285859085.186192,1.0,0.0,destroy_low_demand_stores,repair_random,1.0
1904,9803328124136.395,9803328124136.395,9025597217001.004,10265287367.01582,1.0,0.0,destroy_random_route,repair_random,1.0
1905,9803328124120.494,9803328124120.494,9025597217001.004,10244756792.281788,1.0,0.0,destroy_low_demand_stores,repair_regret2,1.0
1906,9803328124120.494,9820972958313.693,9025597217001.004,10224267278.697224,0.0,0.0,destroy_worst_delivery,repair_random,1.0
1907,9802417264054.494,9802417264054.494,9025597217001.004,10203818744.13983,1.0,0.0,destroy_worst_delivery,repair_regret2,1.0
1908,9797798971638.494,9797798971638.494,9025597217001.004,10183411106.65155,1.0,0.0,destroy_random_delivery,repair_regret2,1.0
1909,9797798971638.494,9797798971638.494,9025597217001.004,10163044284.438248,1.0,0.0,destroy_random_delivery,repair_regret2,1.0
1910,9797798971607.594,9797798971607.594,9025597217001.004,10142718195.869371,1.0,0.0,destroy_random_period,repair_regret2,1.0
1911,9797798971607.594,9797798971607.594,9025597217001.004,10122432759.477633,1.0,0.0,destroy_low_demand_stores,repair_regret2,1.0
1912,9797798971607.594,9797798971607.594,9025597217001.004,10102187893.958677,1.0,0.0,destroy_random_period,repair_regret2,1.0
1913,9802434906735.594,9802434906735.594,9025597217001.004,10081983518.17076,1.0,0.0,destroy_worst_delivery,repair_greedy,1.0
1914,9798253657925.594,9798253657925.594,9025597217001.004,10061819551.134418,1.0,0.0,destroy_low_demand_stores,repair_regret2,1.0
1915,9799104627611.594,9799104627611.594,9025597217001.004,10041695912.03215,1.0,0.0,destroy_random_delivery,repair_greedy,1.0
1916,9799104627681.695,9799104627681.695,9025597217001.004,10021612520.208086,1.0,0.0,destroy_random_period,repair_random,1.0
1917,9799104627681.695,9799104627681.695,9025597217001.004,10001569295.16767,1.0,0.0,destroy_random_period,repair_greedy,1.0
1918,9799104627681.695,9799104627681.695,9025597217001.004,9981566156.577333,1.0,0.0,destroy_low_demand_stores,repair_random,1.0
1919,9799104627681.695,9799104627681.695,9025597217001.004,9961603024.26418,1.0,0.0,destroy_shaw_stores,repair_regret2,1.0
1920,9799104627678.295,9799104627678.295,9025597217001.004,9941679818.21565,1.0,0.0,destroy_low_demand_stores,repair_regret2,1.0
1921,9799104627678.295,9799104627678.295,9025597217001.004,9921796458.57922,1.0,0.0,destroy_low_demand_stores,repair_regret2,1.0
1922,9800439192826.295,9800439192826.295,9025597217001.004,9901952865.662062,1.0,0.0,destroy_random_delivery,repair_greedy,1.0
1923,9800439192840.395,9800439192840.395,9025597217001.004,9882148959.930738,1.0,0.0,destroy_random_period,repair_random,1.0
1924,9800439192773.094,9800439192773.094,9025597217001.004,9862384662.010878,1.0,0.0,destroy_shaw_stores,repair_regret2,1.0
1925,9801802074821.094,9801802074821.094,9025597217001.004,9842659892.686855,1.0,0.0,destroy_random_delivery,repair_greedy,1.0
1926,9801802074821.094,9801802074821.094,9025597217001.004,9822974572.901482,1.0,0.0,destroy_low_demand_stores,repair_greedy,1.0
1927,9801802074821.094,9801802074821.094,9025597217001.004,9803328623.755678,1.0,0.0,destroy_worst_delivery,repair_regret2,1.0
1928,9801802074722.594,9801802074722.594,9025597217001.004,9783721966.508167,1.0,0.0,destroy_shaw_stores,repair_greedy,1.0
1929,9801802074708.094,9801802074708.094,9025597217001.004,9764154522.575151,1.0,0.0,destroy_shaw_stores,repair_random,1.0
1930,9798571869595.992,9798571869595.992,9025597217001.004,9744626213.53,1.0,0.0,destroy_random_route,repair_regret2,1.0
1931,9798571869595.992,9798571869595.992,9025597217001.004,9725136961.102942,1.0,0.0,destroy_shaw_stores,repair_greedy,1.0
1932,9794163457867.992,9794163457867.992,9025597217001.004,9705686687.180737,1.0,0.0,destroy_random_delivery,repair_regret2,1.0
1933,9800308771566.992,9800308771566.992,9025597217001.004,9686275313.806376,1.0,0.0,destroy_worst_delivery,repair_random,1.0
1934,9800308771503.092,9800308771503.092,9025597217001.004,9666902763.178762,1.0,0.0,destroy_shaw_stores,repair_regret2,1.0
1935,9800308771503.092,9814584293626.092,9025597217001.004,9647568957.652405,0.0,0.0,destroy_worst_delivery,repair_random,1.0
1936,9800308771503.092,9800308771503.092,9025597217001.004,9628273819.7371,1.0,0.0,destroy_low_demand_stores,repair_greedy,1.0
1937,9800308771503.092,9800308771503.092,9025597217001.004,9609017272.097626,1.0,0.0,destroy_random_delivery,repair_regret2,1.0
1938,9796859899753.092,9796859899753.092,9025597217001.004,9589799237.55343,1.0,0.0,destroy_worst_delivery,repair_regret2,1.0
1939,9796859899753.092,9796859899753.092,9025597217001.004,9570619639.078323,1.0,0.0,destroy_random_delivery,repair_regret2,1.0
1940,9796859899753.092,9796859899753.092,9025597217001.004,9551478399.800167,1.0,0.0,destroy_shaw_stores,repair_regret2,1.0
1941,9796859899753.092,9824967593850.092,9025597217001.004,9532375443.000566,0.0,0.0,destroy_random_route,repair_random,1.0
1942,9796859899753.092,9796859899753.092,9025597217001.004,9513310692.114565,1.0,0.0,destroy_worst_delivery,repair_regret2,1.0
1943,9796859899753.092,9796859899753.092,9025597217001.004,9494284070.730335,1.0,0.0,destroy_low_demand_stores,repair_greedy,1.0
1944,9796859899727.992,9796859899727.992,9025597217001.004,9475295502.588875,1.0,0.0,destroy_random_period,repair_regret2,1.0
1945,9796859899727.992,9796859899727.992,9025597217001.004,9456344911.583696,1.0,0.0,destroy_random_period,repair_greedy,1.0
1946,9798785083384.693,9798785083384.693,9025597217001.004,9437432221.760529,1.0,0.0,destroy_random_period,repair_random,1.0
1947,9798785083384.693,9798785083384.693,9025597217001.004,9418557357.317007,1.0,0.0,destroy_shaw_stores,repair_regret2,1.0
1948,9798785083384.693,9798785083384.693,9025597217001.004,9399720242.602373,1.0,0.0,destroy_shaw_stores,repair_regret2,1.0
1949,9798785083384.693,9798785083384.693,9025597217001.004,9380920802.117168,1.0,0.0,destroy_random_period,repair_greedy,1.0
1950,9798785083462.795,9798785083462.795,9025597217001.004,9362158960.512934,1.0,0.0,destroy_low_demand_stores,repair_random,1.0
1951,9798785083462.795,9894413684702.594,9025597217001.004,9343434642.591908,0.0,0.0,destroy_random_route,repair_greedy,1.0
1952,9798785083462.795,9798785083462.795,9025597217001.004,9324747773.306725,1.0,0.0,destroy_random_period,repair_greedy,1.0
1953,9798785083462.795,9798785083462.795,9025597217001.004,9306098277.76011,1.0,0.0,destroy_random_delivery,repair_greedy,1.0
1954,9798785083462.795,9798785083462.795,9025597217001.004,9287486081.20459,1.0,0.0,destroy_random_period,repair_regret2,1.0
1955,9798785083384.693,9798785083384.693,9025597217001.004,9268911109.042181,1.0,0.0,destroy_low_demand_stores,repair_regret2,1.0
1956,9798785083384.693,9798785083384.693,9025597217001.004,9250373286.824097,1.0,0.0,destroy_random_period,repair_regret2,1.0
1957,9798785083384.693,9798785083384.693,9025597217001.004,9231872540.250448,1.0,0.0,destroy_random_period,repair_regret2,1.0
1958,9798785083397.193,9798785083397.193,9025597217001.004,9213408795.169947,1.0,0.0,destroy_random_period,repair_greedy,1.0
1959,9802010886201.895,9802010886201.895,9025597217001.004,9194981977.579607,1.0,0.0,destroy_random_delivery,repair_random,1.0
1960,9802010886295.896,9802010886295.896,9025597217001.004,9176592013.624447,1.0,0.0,destroy_low_demand_stores,repair_random,1.0
1961,9802010886295.896,9802010886295.896,9025597217001.004,9158238829.597198,1.0,0.0,destroy_random_delivery,repair_random,1.0
1962,9802010886217.795,9802010886217.795,9025597217001.004,9139922351.938004,1.0,0.0,destroy_low_demand_stores,repair_greedy,1.0
1963,9799594718604.795,9799594718604.795,9025597217001.004,9121642507.234127,1.0,0.0,destroy_worst_delivery,repair_regret2,1.0
1964,9813034377705.494,9813034377705.494,9025597217001.004,9103399222.219658,1.0,0.0,destroy_worst_delivery,repair_random,1.0
1965,9805487125871.992,9805487125871.992,9025597217001.004,9085192423.775219,1.0,0.0,destroy_random_route,repair_regret2,1.0
1966,9805487125871.992,9805487125871.992,9025597217001.004,9067022038.927668,1.0,0.0,destroy_random_period,repair_greedy,1.0
1967,9805487125871.992,9805487125871.992,9025597217001.004,9048887994.849812,1.0,0.0,destroy_random_period,repair_regret2,1.0
1968,9805487125860.492,9805487125860.492,9025597217001.004,9030790218.860111,1.0,0.0,destroy_low_demand_stores,repair_regret2,1.0
1969,9804023336811.492,9804023336811.492,9025597217001.004,9012728638.422392,1.0,0.0,destroy_worst_delivery,repair_regret2,1.0
1970,9804023336893.092,9804023336893.092,9025597217001.004,8994703181.145548,1.0,0.0,destroy_random_period,repair_random,1.0
1971,9804023336893.092,9830206982626.293,9025597217001.004,8976713774.783257,0.0,0.0,destroy_random_route,repair_random,1.0
1972,9804023336893.092,9834253907818.795,9025597217001.004,8958760347.23369,0.0,0.0,destroy_random_route,repair_random,1.0
1973,9804023336893.092,9804023336893.092,9025597217001.004,8940842826.539223,1.0,0.0,destroy_low_demand_stores,repair_regret2,1.0
1974,9804023336893.092,9829779469261.092,9025597217001.004,8922961140.886145,0.0,0.0,destroy_shaw_stores,repair_greedy,1.0
1975,9804023336893.092,9804023336893.092,9025597217001.004,8905115218.604372,1.0,0.0,destroy_low_demand_stores,repair_regret2,1.0
1976,9804023336893.092,9804023336893.092,9025597217001.004,8887304988.167164,1.0,0.0,destroy_shaw_stores,repair_greedy,1.0
1977,9804023336893.092,9804023336893.092,9025597217001.004,8869530378.19083,1.0,0.0,destroy_low_demand_stores,repair_greedy,1.0
1978,9804023336893.492,9804023336893.492,9025597217001.004,8851791317.434448,1.0,0.0,destroy_shaw_stores,repair_random,1.0
1979,9800940945605.492,9800940945605.492,9025597217001.004,8834087734.79958,1.0,0.0,destroy_worst_delivery,repair_random,1.0
1980,9800940945605.492,9800940945605.492,9025597217001.004,8816419559.32998,1.0,0.0,destroy_low_demand_stores,repair_regret2,1.0
1981,9800940945609.492,9800940945609.492,9025597217001.004,8798786720.21132,1.0,0.0,destroy_random_period,repair_random,1.0
1982,9800164742545.492,9800164742545.492,9025597217001.004,8781189146.770899,1.0,0.0,destroy_random_delivery,repair_greedy,1.0
1983,9800164742545.492,9800164742545.492,9025597217001.004,8763626768.477358,1.0,0.0,destroy_low_demand_stores,repair_greedy,1.0
1984,9799718157646.492,9799718157646.492,9025597217001.004,8746099514.940403,1.0,0.0,destroy_random_delivery,repair_greedy,1.0
1985,9799718157571.793,9799718157571.793,9025597217001.004,8728607315.910522,1.0,0.0,destroy_random_delivery,repair_regret2,1.0
1986,9799718157571.793,9806605249854.998,9025597217001.004,8711150101.278702,0.0,0.0,destroy_random_route,repair_random,1.0
1987,9799718157641.492,9799718157641.492,9025597217001.004,8693727801.076145,1.0,0.0,destroy_shaw_stores,repair_random,1.0
1988,9799718157641.492,9799718157641.492,9025597217001.004,8676340345.473993,1.0,0.0,destroy_random_period,repair_regret2,1.0
1989,9799644533545.492,9799644533545.492,9025597217001.004,8658987664.783045,1.0,0.0,destroy_shaw_stores,repair_regret2,1.0
1990,9799644533545.492,9799644533545.492,9025597217001.004,8641669689.453478,1.0,0.0,destroy_low_demand_stores,repair_regret2,1.0
1991,9802314483842.691,9802314483842.691,9025597217001.004,8624386350.074572,1.0,0.0,destroy_random_route,repair_regret2,1.0
1992,9802314483842.691,9802314483842.691,9025597217001.004,8607137577.374422,1.0,0.0,destroy_low_demand_stores,repair_greedy,1.0
1993,9802314483842.691,9802314483842.691,9025597217001.004,8589923302.219673,1.0,0.0,destroy_low_demand_stores,repair_regret2,1.0
1994,9802314483842.691,9813987303631.691,9025597217001.004,8572743455.615233,0.0,0.0,destroy_worst_delivery,repair_random,1.0
1995,9802314483842.691,9802314483842.691,9025597217001.004,8555597968.704003,1.0,0.0,destroy_random_delivery,repair_random,1.0
1996,9802491613670.691,9802491613670.691,9025597217001.004,8538486772.766595,1.0,0.0,destroy_random_delivery,repair_regret2,1.0
1997,9802491613670.691,9807258627825.691,9025597217001.004,8521409799.221062,0.0,0.0,destroy_random_delivery,repair_regret2,1.0
1998,9802491613670.691,9827192561080.5,9025597217001.004,8504366979.62262,0.0,0.0,destroy_random_route,repair_random,1.0
1999,9802491613670.691,9802491613670.691,9025597217001.004,8487358245.663374,1.0,0.0,destroy_low_demand_stores,repair_regret2,1.0
2000,9802491613670.691,9802491613670.691,9025597217001.004,8470383529.172048,1.0,0.0,destroy_shaw_stores,repair_regret2,1.0
