source,period,vehicle,from_store,to_store,sku,lt_qty,lt_unit_cost,lt_fixed_cost,lt_total_cost,pattern_id,lambda_value
CG_LT,100,,MM BINH PHU,MM DA NANG,AN RICE CRACKER SEAWEED 111.3G,6.954814,0.6,2.0,6.172889,LT_AN RICE CRACKER SEAWEED 111.3G_T100_2,1.0
CG_LT,100,,MM BINH PHU,MM DA NANG,AN RICE CRACKER SEAWEED 111.3G,9.306922,0.6,2.0,7.584153,LT_AN RICE CRACKER SEAWEED 111.3G_T100_4,1.0
CG_LT,100,,MM HIEP PHU,MM DA NANG,AN RICE CRACKER SEAWEED 111.3G,7.842284,0.6,2.0,6.70537,LT_AN RICE CRACKER SEAWEED 111.3G_T100_4,1.0
CG_LT,103,,MM BINH PHU,MM AN PHU,AN RICE CRACKER SEAWEED 111.3G,1.227215,0.6,0.908641,1.64497,LT_AN RICE CRACKER SEAWEED 111.3G_T103_2,0.45432
CG_LT,103,,MM BINH PHU,MM DA NANG,AN RICE CRACKER SEAWEED 111.3G,4.281749,0.6,0.908641,3.47769,LT_AN RICE CRACKER SEAWEED 111.3G_T103_2,0.45432
CG_LT,103,,MM HIEP PHU,MM AN PHU,AN RICE CRACKER SEAWEED 111.3G,0.764611,0.6,0.908641,1.367407,LT_AN RICE CRACKER SEAWEED 111.3G_T103_2,0.45432
CG_LT,103,,MM HIEP PHU,MM DA NANG,AN RICE CRACKER SEAWEED 111.3G,1.806638,0.6,0.908641,1.992623,LT_AN RICE CRACKER SEAWEED 111.3G_T103_2,0.45432
CG_LT,103,,MM BINH PHU,MM AN PHU,AN RICE CRACKER SEAWEED 111.3G,5.138499,0.6,2.0,5.083099,LT_AN RICE CRACKER SEAWEED 111.3G_T103_3,1.0
CG_LT,103,,MM BINH PHU,MM DA NANG,AN RICE CRACKER SEAWEED 111.3G,8.208197,0.6,2.0,6.924918,LT_AN RICE CRACKER SEAWEED 111.3G_T103_3,1.0
CG_LT,103,,MM HIEP PHU,MM DA NANG,AN RICE CRACKER SEAWEED 111.3G,3.835844,0.6,2.0,4.301507,LT_AN RICE CRACKER SEAWEED 111.3G_T103_3,1.0
CG_LT,103,,MM BINH PHU,MM AN PHU,AN RICE CRACKER SEAWEED 111.3G,7.822822,0.6,2.0,6.693693,LT_AN RICE CRACKER SEAWEED 111.3G_T103_4,1.0
CG_LT,103,,MM HIEP PHU,MM AN PHU,AN RICE CRACKER SEAWEED 111.3G,4.419981,0.6,2.0,4.651989,LT_AN RICE CRACKER SEAWEED 111.3G_T103_4,1.0
CG_LT,103,,MM BINH PHU,MM AN PHU,AN RICE CRACKER SEAWEED 111.3G,7.626872,0.6,2.0,6.576123,LT_AN RICE CRACKER SEAWEED 111.3G_T103_5,1.0
CG_LT,103,,MM BINH PHU,MM DA NANG,AN RICE CRACKER SEAWEED 111.3G,1.638804,0.6,2.0,2.983283,LT_AN RICE CRACKER SEAWEED 111.3G_T103_5,1.0
CG_LT,103,,MM HIEP PHU,MM DA NANG,AN RICE CRACKER SEAWEED 111.3G,7.623503,0.6,2.0,6.574102,LT_AN RICE CRACKER SEAWEED 111.3G_T103_5,1.0
CG_LT,104,,MM BINH PHU,MM AN PHU,AN RICE CRACKER SEAWEED 111.3G,1.604181,0.6,1.945156,2.907664,LT_AN RICE CRACKER SEAWEED 111.3G_T104_3,0.972578
CG_LT,104,,MM BINH PHU,MM DA NANG,AN RICE CRACKER SEAWEED 111.3G,5.313729,0.6,1.945156,5.133393,LT_AN RICE CRACKER SEAWEED 111.3G_T104_3,0.972578
CG_LT,104,,MM HIEP PHU,MM AN PHU,AN RICE CRACKER SEAWEED 111.3G,1.412327,0.6,1.945156,2.792552,LT_AN RICE CRACKER SEAWEED 111.3G_T104_3,0.972578
CG_LT,104,,MM HIEP PHU,MM DA NANG,AN RICE CRACKER SEAWEED 111.3G,6.988541,0.6,1.945156,6.13828,LT_AN RICE CRACKER SEAWEED 111.3G_T104_3,0.972578
CG_LT,104,,MM BINH PHU,MM DA NANG,AN RICE CRACKER SEAWEED 111.3G,5.777899,0.6,2.0,5.46674,LT_AN RICE CRACKER SEAWEED 111.3G_T104_5,1.0
CG_LT,105,,MM BINH PHU,MM AN PHU,AN RICE CRACKER SEAWEED 111.3G,7.405292,0.6,1.753084,6.196259,LT_AN RICE CRACKER SEAWEED 111.3G_T105_1,0.876542
CG_LT,105,,MM BINH PHU,MM DA NANG,AN RICE CRACKER SEAWEED 111.3G,4.462243,0.6,1.753084,4.43043,LT_AN RICE CRACKER SEAWEED 111.3G_T105_1,0.876542
CG_LT,105,,MM BINH PHU,MM AN PHU,AN RICE CRACKER SEAWEED 111.3G,8.056697,0.6,2.0,6.834018,LT_AN RICE CRACKER SEAWEED 111.3G_T105_2,1.0
CG_LT,105,,MM BINH PHU,MM DA NANG,AN RICE CRACKER SEAWEED 111.3G,8.649658,0.6,2.0,7.189795,LT_AN RICE CRACKER SEAWEED 111.3G_T105_2,1.0
CG_LT,105,,MM HIEP PHU,MM AN PHU,AN RICE CRACKER SEAWEED 111.3G,7.110969,0.6,2.0,6.266581,LT_AN RICE CRACKER SEAWEED 111.3G_T105_2,1.0
CG_LT,105,,MM BINH PHU,MM AN PHU,AN RICE CRACKER SEAWEED 111.3G,6.026828,0.6,2.0,5.616097,LT_AN RICE CRACKER SEAWEED 111.3G_T105_3,1.0
CG_LT,105,,MM BINH PHU,MM DA NANG,AN RICE CRACKER SEAWEED 111.3G,4.148242,0.6,2.0,4.488945,LT_AN RICE CRACKER SEAWEED 111.3G_T105_3,1.0
CG_LT,105,,MM HIEP PHU,MM AN PHU,AN RICE CRACKER SEAWEED 111.3G,2.916266,0.6,2.0,3.749759,LT_AN RICE CRACKER SEAWEED 111.3G_T105_3,1.0
CG_LT,105,,MM HIEP PHU,MM DA NANG,AN RICE CRACKER SEAWEED 111.3G,6.610122,0.6,2.0,5.966073,LT_AN RICE CRACKER SEAWEED 111.3G_T105_3,1.0
CG_LT,105,,MM BINH PHU,MM AN PHU,AN RICE CRACKER SEAWEED 111.3G,3.632484,0.6,2.0,4.17949,LT_AN RICE CRACKER SEAWEED 111.3G_T105_4,1.0
CG_LT,105,,MM BINH PHU,MM DA NANG,AN RICE CRACKER SEAWEED 111.3G,8.04937,0.6,2.0,6.829622,LT_AN RICE CRACKER SEAWEED 111.3G_T105_4,1.0
CG_LT,106,,MM BINH PHU,MM DA NANG,AN RICE CRACKER SEAWEED 111.3G,9.269504,0.6,2.0,7.561703,LT_AN RICE CRACKER SEAWEED 111.3G_T106_4,1.0
CG_LT,107,,MM BINH PHU,MM AN PHU,AN RICE CRACKER SEAWEED 111.3G,7.538031,0.6,2.0,6.522819,LT_AN RICE CRACKER SEAWEED 111.3G_T107_1,1.0
CG_LT,107,,MM HIEP PHU,MM DA NANG,AN RICE CRACKER SEAWEED 111.3G,4.94221,0.6,2.0,4.965326,LT_AN RICE CRACKER SEAWEED 111.3G_T107_1,1.0
CG_LT,107,,MM BINH PHU,MM AN PHU,AN RICE CRACKER SEAWEED 111.3G,6.97266,0.6,2.0,6.183596,LT_AN RICE CRACKER SEAWEED 111.3G_T107_2,1.0
CG_LT,107,,MM BINH PHU,MM DA NANG,AN RICE CRACKER SEAWEED 111.3G,9.53349,0.6,2.0,7.720094,LT_AN RICE CRACKER SEAWEED 111.3G_T107_2,1.0
CG_LT,107,,MM BINH PHU,MM AN PHU,AN RICE CRACKER SEAWEED 111.3G,2.568385,0.6,2.0,3.541031,LT_AN RICE CRACKER SEAWEED 111.3G_T107_3,1.0
CG_LT,107,,MM BINH PHU,MM DA NANG,AN RICE CRACKER SEAWEED 111.3G,4.185177,0.6,2.0,4.511106,LT_AN RICE CRACKER SEAWEED 111.3G_T107_3,1.0
CG_LT,107,,MM HIEP PHU,MM AN PHU,AN RICE CRACKER SEAWEED 111.3G,4.416039,0.6,2.0,4.649623,LT_AN RICE CRACKER SEAWEED 111.3G_T107_3,1.0
CG_LT,107,,MM HIEP PHU,MM DA NANG,AN RICE CRACKER SEAWEED 111.3G,6.197587,0.6,2.0,5.718552,LT_AN RICE CRACKER SEAWEED 111.3G_T107_3,1.0
CG_LT,107,,MM HIEP PHU,MM DA NANG,AN RICE CRACKER SEAWEED 111.3G,6.767364,0.6,2.0,6.060418,LT_AN RICE CRACKER SEAWEED 111.3G_T107_5,1.0
CG_LT,108,,MM BINH PHU,MM DA NANG,AN RICE CRACKER SEAWEED 111.3G,3.957766,0.6,2.0,4.374659,LT_AN RICE CRACKER SEAWEED 111.3G_T108_1,1.0
CG_LT,108,,MM BINH PHU,MM AN PHU,AN RICE CRACKER SEAWEED 111.3G,2.653464,0.6,2.0,3.592079,LT_AN RICE CRACKER SEAWEED 111.3G_T108_2,1.0
CG_LT,108,,MM BINH PHU,MM DA NANG,AN RICE CRACKER SEAWEED 111.3G,8.804461,0.6,2.0,7.282676,LT_AN RICE CRACKER SEAWEED 111.3G_T108_2,1.0
CG_LT,108,,MM HIEP PHU,MM AN PHU,AN RICE CRACKER SEAWEED 111.3G,3.835135,0.6,2.0,4.301081,LT_AN RICE CRACKER SEAWEED 111.3G_T108_2,1.0
CG_LT,108,,MM HIEP PHU,MM DA NANG,AN RICE CRACKER SEAWEED 111.3G,9.041403,0.6,2.0,7.424842,LT_AN RICE CRACKER SEAWEED 111.3G_T108_2,1.0
CG_LT,108,,MM BINH PHU,MM AN PHU,AN RICE CRACKER SEAWEED 111.3G,3.651111,0.6,2.0,4.190666,LT_AN RICE CRACKER SEAWEED 111.3G_T108_3,1.0
CG_LT,108,,MM BINH PHU,MM DA NANG,AN RICE CRACKER SEAWEED 111.3G,7.763995,0.6,2.0,6.658397,LT_AN RICE CRACKER SEAWEED 111.3G_T108_3,1.0
CG_LT,108,,MM BINH PHU,MM AN PHU,AN RICE CRACKER SEAWEED 111.3G,4.792088,0.6,2.0,4.875253,LT_AN RICE CRACKER SEAWEED 111.3G_T108_4,1.0
CG_LT,108,,MM HIEP PHU,MM DA NANG,AN RICE CRACKER SEAWEED 111.3G,2.035934,0.6,2.0,3.221561,LT_AN RICE CRACKER SEAWEED 111.3G_T108_4,1.0
CG_LT,108,,MM BINH PHU,MM AN PHU,AN RICE CRACKER SEAWEED 111.3G,5.921324,0.6,2.0,5.552794,LT_AN RICE CRACKER SEAWEED 111.3G_T108_5,1.0
CG_LT,108,,MM BINH PHU,MM DA NANG,AN RICE CRACKER SEAWEED 111.3G,6.121528,0.6,2.0,5.672917,LT_AN RICE CRACKER SEAWEED 111.3G_T108_5,1.0
CG_LT,108,,MM HIEP PHU,MM AN PHU,AN RICE CRACKER SEAWEED 111.3G,7.001535,0.6,2.0,6.200921,LT_AN RICE CRACKER SEAWEED 111.3G_T108_5,1.0
CG_LT,108,,MM HIEP PHU,MM DA NANG,AN RICE CRACKER SEAWEED 111.3G,8.085377,0.6,2.0,6.851226,LT_AN RICE CRACKER SEAWEED 111.3G_T108_5,1.0
CG_LT,109,,MM BINH PHU,MM DA NANG,AN RICE CRACKER SEAWEED 111.3G,7.972991,0.6,2.0,6.783795,LT_AN RICE CRACKER SEAWEED 111.3G_T109_3,1.0
CG_LT,109,,MM BINH PHU,MM AN PHU,AN RICE CRACKER SEAWEED 111.3G,1.849984,0.6,1.103236,2.213227,LT_AN RICE CRACKER SEAWEED 111.3G_T109_5,0.551618
CG_LT,109,,MM BINH PHU,MM DA NANG,AN RICE CRACKER SEAWEED 111.3G,5.027009,0.6,1.103236,4.119442,LT_AN RICE CRACKER SEAWEED 111.3G_T109_5,0.551618
CG_LT,110,,MM HIEP PHU,MM DA NANG,AN RICE CRACKER SEAWEED 111.3G,3.056059,0.6,2.0,3.833635,LT_AN RICE CRACKER SEAWEED 111.3G_T110_4,1.0
CG_LT,110,,MM BINH PHU,MM AN PHU,AN RICE CRACKER SEAWEED 111.3G,3.430908,0.6,0.958798,3.017343,LT_AN RICE CRACKER SEAWEED 111.3G_T110_5,0.479399
CG_LT,110,,MM BINH PHU,MM DA NANG,AN RICE CRACKER SEAWEED 111.3G,0.614055,0.6,0.958798,1.327231,LT_AN RICE CRACKER SEAWEED 111.3G_T110_5,0.479399
CG_LT,110,,MM HIEP PHU,MM DA NANG,AN RICE CRACKER SEAWEED 111.3G,2.129886,0.6,0.958798,2.23673,LT_AN RICE CRACKER SEAWEED 111.3G_T110_5,0.479399
CG_LT,111,,MM HIEP PHU,MM AN PHU,AN RICE CRACKER SEAWEED 111.3G,9.805753,0.6,2.0,7.883452,LT_AN RICE CRACKER SEAWEED 111.3G_T111_2,1.0
CG_LT,111,,MM BINH PHU,MM AN PHU,AN RICE CRACKER SEAWEED 111.3G,4.800953,0.6,0.9962,3.876772,LT_AN RICE CRACKER SEAWEED 111.3G_T111_4,0.4981
CG_LT,111,,MM DA NANG,MM AN PHU,AN RICE CRACKER SEAWEED 111.3G,3.054094,0.6,0.9962,2.828657,LT_AN RICE CRACKER SEAWEED 111.3G_T111_4,0.4981
CG_LT,113,,MM HIEP PHU,MM AN PHU,AN RICE CRACKER SEAWEED 111.3G,3.649244,0.6,2.0,4.189546,LT_AN RICE CRACKER SEAWEED 111.3G_T113_1,1.0
CG_LT,113,,MM DA NANG,MM BINH PHU,AN RICE CRACKER SEAWEED 111.3G,4.452379,0.6,2.0,4.671427,LT_AN RICE CRACKER SEAWEED 111.3G_T113_2,1.0
CG_LT,113,,MM HIEP PHU,MM AN PHU,AN RICE CRACKER SEAWEED 111.3G,5.858997,0.6,2.0,5.515398,LT_AN RICE CRACKER SEAWEED 111.3G_T113_2,1.0
CG_LT,113,,MM HIEP PHU,MM BINH PHU,AN RICE CRACKER SEAWEED 111.3G,4.971262,0.6,2.0,4.982757,LT_AN RICE CRACKER SEAWEED 111.3G_T113_2,1.0
CG_LT,113,,MM DA NANG,MM BINH PHU,AN RICE CRACKER SEAWEED 111.3G,6.654821,0.6,1.502769,5.495662,LT_AN RICE CRACKER SEAWEED 111.3G_T113_4,0.751385
CG_LT,113,,MM HIEP PHU,MM AN PHU,AN RICE CRACKER SEAWEED 111.3G,6.617777,0.6,1.502769,5.473436,LT_AN RICE CRACKER SEAWEED 111.3G_T113_4,0.751385
CG_LT,113,,MM HIEP PHU,MM BINH PHU,AN RICE CRACKER SEAWEED 111.3G,3.337595,0.6,1.502769,3.505326,LT_AN RICE CRACKER SEAWEED 111.3G_T113_4,0.751385
CG_LT,114,,MM HIEP PHU,MM AN PHU,AN RICE CRACKER SEAWEED 111.3G,1.57502,0.6,2.0,2.945012,LT_AN RICE CRACKER SEAWEED 111.3G_T114_1,1.0
CG_LT,114,,MM HIEP PHU,MM BINH PHU,AN RICE CRACKER SEAWEED 111.3G,8.4285,0.6,2.0,7.0571,LT_AN RICE CRACKER SEAWEED 111.3G_T114_1,1.0
CG_LT,114,,MM DA NANG,MM AN PHU,AN RICE CRACKER SEAWEED 111.3G,0.453038,0.6,0.160944,0.432767,LT_AN RICE CRACKER SEAWEED 111.3G_T114_2,0.080472
CG_LT,114,,MM DA NANG,MM BINH PHU,AN RICE CRACKER SEAWEED 111.3G,0.279096,0.6,0.160944,0.328401,LT_AN RICE CRACKER SEAWEED 111.3G_T114_2,0.080472
CG_LT,114,,MM HIEP PHU,MM AN PHU,AN RICE CRACKER SEAWEED 111.3G,0.157716,0.6,0.160944,0.255573,LT_AN RICE CRACKER SEAWEED 111.3G_T114_2,0.080472
CG_LT,114,,MM HIEP PHU,MM BINH PHU,AN RICE CRACKER SEAWEED 111.3G,0.280735,0.6,0.160944,0.329384,LT_AN RICE CRACKER SEAWEED 111.3G_T114_2,0.080472
CG_LT,114,,MM HIEP PHU,MM BINH PHU,AN RICE CRACKER SEAWEED 111.3G,7.558984,0.6,2.0,6.53539,LT_AN RICE CRACKER SEAWEED 111.3G_T114_3,1.0
CG_LT,114,,MM HIEP PHU,MM BINH PHU,AN RICE CRACKER SEAWEED 111.3G,7.277754,0.6,2.0,6.366653,LT_AN RICE CRACKER SEAWEED 111.3G_T114_4,1.0
CG_LT,114,,MM DA NANG,MM AN PHU,AN RICE CRACKER SEAWEED 111.3G,1.561329,0.6,2.0,2.936797,LT_AN RICE CRACKER SEAWEED 111.3G_T114_5,1.0
CG_LT,114,,MM DA NANG,MM BINH PHU,AN RICE CRACKER SEAWEED 111.3G,8.799337,0.6,2.0,7.279602,LT_AN RICE CRACKER SEAWEED 111.3G_T114_5,1.0
CG_LT,114,,MM HIEP PHU,MM AN PHU,AN RICE CRACKER SEAWEED 111.3G,9.176074,0.6,2.0,7.505644,LT_AN RICE CRACKER SEAWEED 111.3G_T114_5,1.0
CG_LT,114,,MM HIEP PHU,MM BINH PHU,AN RICE CRACKER SEAWEED 111.3G,6.67839,0.6,2.0,6.007034,LT_AN RICE CRACKER SEAWEED 111.3G_T114_5,1.0
CG_LT,115,,MM DA NANG,MM BINH PHU,AN RICE CRACKER SEAWEED 111.3G,6.435165,0.6,2.0,5.861099,LT_AN RICE CRACKER SEAWEED 111.3G_T115_1,1.0
CG_LT,115,,MM HIEP PHU,MM BINH PHU,AN RICE CRACKER SEAWEED 111.3G,7.715886,0.6,2.0,6.629532,LT_AN RICE CRACKER SEAWEED 111.3G_T115_1,1.0
CG_LT,115,,MM HIEP PHU,MM DA NANG,AN RICE CRACKER SEAWEED 111.3G,0.979596,0.6,2.0,2.587758,LT_AN RICE CRACKER SEAWEED 111.3G_T115_1,1.0
CG_LT,115,,MM DA NANG,MM BINH PHU,AN RICE CRACKER SEAWEED 111.3G,3.283473,0.6,0.825864,2.795948,LT_AN RICE CRACKER SEAWEED 111.3G_T115_2,0.412932
CG_LT,115,,MM HIEP PHU,MM BINH PHU,AN RICE CRACKER SEAWEED 111.3G,1.33071,0.6,0.825864,1.62429,LT_AN RICE CRACKER SEAWEED 111.3G_T115_2,0.412932
CG_LT,115,,MM HIEP PHU,MM DA NANG,AN RICE CRACKER SEAWEED 111.3G,0.411437,0.6,0.825864,1.072727,LT_AN RICE CRACKER SEAWEED 111.3G_T115_2,0.412932
CG_LT,115,,MM DA NANG,MM BINH PHU,AN RICE CRACKER SEAWEED 111.3G,1.319762,0.6,2.0,2.791857,LT_AN RICE CRACKER SEAWEED 111.3G_T115_3,1.0
CG_LT,115,,MM HIEP PHU,MM BINH PHU,AN RICE CRACKER SEAWEED 111.3G,4.174191,0.6,2.0,4.504515,LT_AN RICE CRACKER SEAWEED 111.3G_T115_3,1.0
CG_LT,115,,MM HIEP PHU,MM DA NANG,AN RICE CRACKER SEAWEED 111.3G,0.969796,0.6,2.0,2.581877,LT_AN RICE CRACKER SEAWEED 111.3G_T115_3,1.0
CG_LT,119,,MM DA NANG,MM AN PHU,AN RICE CRACKER SEAWEED 111.3G,2.234966,0.6,1.767369,3.108349,LT_AN RICE CRACKER SEAWEED 111.3G_T119_2,0.883685
CG_LT,119,,MM HIEP PHU,MM BINH PHU,AN RICE CRACKER SEAWEED 111.3G,5.306474,0.6,1.767369,4.951254,LT_AN RICE CRACKER SEAWEED 111.3G_T119_2,0.883685
CG_LT,119,,MM DA NANG,MM AN PHU,AN RICE CRACKER SEAWEED 111.3G,2.846634,0.6,2.0,3.70798,LT_AN RICE CRACKER SEAWEED 111.3G_T119_3,1.0
CG_LT,119,,MM HIEP PHU,MM AN PHU,AN RICE CRACKER SEAWEED 111.3G,4.629451,0.6,2.0,4.777671,LT_AN RICE CRACKER SEAWEED 111.3G_T119_3,1.0
CG_LT,119,,MM HIEP PHU,MM BINH PHU,AN RICE CRACKER SEAWEED 111.3G,4.239868,0.6,2.0,4.543921,LT_AN RICE CRACKER SEAWEED 111.3G_T119_3,1.0
CG_LT,119,,MM HIEP PHU,MM DA NANG,AN RICE CRACKER SEAWEED 111.3G,0.931441,0.6,2.0,2.558865,LT_AN RICE CRACKER SEAWEED 111.3G_T119_3,1.0
CG_LT,120,,MM BINH PHU,MM AN PHU,AN RICE CRACKER SEAWEED 111.3G,5.582657,0.6,1.436878,4.786472,LT_AN RICE CRACKER SEAWEED 111.3G_T120_2,0.718439
CG_LT,120,,MM HIEP PHU,MM AN PHU,AN RICE CRACKER SEAWEED 111.3G,2.711187,0.6,1.436878,3.063589,LT_AN RICE CRACKER SEAWEED 111.3G_T120_2,0.718439
CG_LT,120,,MM BINH PHU,MM AN PHU,AN RICE CRACKER SEAWEED 111.3G,0.117963,0.6,0.107631,0.178409,LT_AN RICE CRACKER SEAWEED 111.3G_T120_3,0.053815
CG_LT,120,,MM DA NANG,MM AN PHU,AN RICE CRACKER SEAWEED 111.3G,0.055986,0.6,0.107631,0.141223,LT_AN RICE CRACKER SEAWEED 111.3G_T120_3,0.053815
CG_LT,120,,MM HIEP PHU,MM AN PHU,AN RICE CRACKER SEAWEED 111.3G,0.181033,0.6,0.107631,0.216251,LT_AN RICE CRACKER SEAWEED 111.3G_T120_3,0.053815
CG_LT,120,,MM BINH PHU,MM AN PHU,AN RICE CRACKER SEAWEED 111.3G,6.25938,0.6,2.0,5.755628,LT_AN RICE CRACKER SEAWEED 111.3G_T120_4,1.0
CG_LT,120,,MM DA NANG,MM AN PHU,AN RICE CRACKER SEAWEED 111.3G,1.025614,0.6,2.0,2.615368,LT_AN RICE CRACKER SEAWEED 111.3G_T120_4,1.0
CG_LT,120,,MM HIEP PHU,MM AN PHU,AN RICE CRACKER SEAWEED 111.3G,9.507944,0.6,2.0,7.704767,LT_AN RICE CRACKER SEAWEED 111.3G_T120_4,1.0
CG_LT,122,,MM DA NANG,MM AN PHU,AN RICE CRACKER SEAWEED 111.3G,6.041228,0.6,1.218034,4.842771,LT_AN RICE CRACKER SEAWEED 111.3G_T122_1,0.609017
CG_LT,122,,MM HIEP PHU,MM AN PHU,AN RICE CRACKER SEAWEED 111.3G,4.876252,0.6,1.218034,4.143785,LT_AN RICE CRACKER SEAWEED 111.3G_T122_1,0.609017
CG_LT,123,,MM HIEP PHU,MM AN PHU,AN RICE CRACKER SEAWEED 111.3G,7.517762,0.6,2.0,6.510657,LT_AN RICE CRACKER SEAWEED 111.3G_T123_1,1.0
CG_LT,123,,MM DA NANG,MM AN PHU,AN RICE CRACKER SEAWEED 111.3G,5.987174,0.6,2.0,5.592305,LT_AN RICE CRACKER SEAWEED 111.3G_T123_2,1.0
CG_LT,123,,MM HIEP PHU,MM AN PHU,AN RICE CRACKER SEAWEED 111.3G,5.913655,0.6,2.0,5.548193,LT_AN RICE CRACKER SEAWEED 111.3G_T123_3,1.0
CG_LT,123,,MM BINH PHU,MM AN PHU,AN RICE CRACKER SEAWEED 111.3G,2.370372,0.6,0.504339,1.926563,LT_AN RICE CRACKER SEAWEED 111.3G_T123_4,0.25217
CG_LT,123,,MM DA NANG,MM AN PHU,AN RICE CRACKER SEAWEED 111.3G,0.483979,0.6,0.504339,0.794726,LT_AN RICE CRACKER SEAWEED 111.3G_T123_4,0.25217
CG_LT,123,,MM DA NANG,MM AN PHU,AN RICE CRACKER SEAWEED 111.3G,8.727057,0.6,2.0,7.236234,LT_AN RICE CRACKER SEAWEED 111.3G_T123_5,1.0
CG_LT,124,,MM BINH PHU,MM AN PHU,AN RICE CRACKER SEAWEED 111.3G,6.453027,0.6,1.707341,5.579157,LT_AN RICE CRACKER SEAWEED 111.3G_T124_1,0.85367
CG_LT,124,,MM DA NANG,MM AN PHU,AN RICE CRACKER SEAWEED 111.3G,5.324445,0.6,1.707341,4.902008,LT_AN RICE CRACKER SEAWEED 111.3G_T124_1,0.85367
CG_LT,124,,MM BINH PHU,MM AN PHU,AN RICE CRACKER SEAWEED 111.3G,8.770603,0.6,2.0,7.262362,LT_AN RICE CRACKER SEAWEED 111.3G_T124_2,1.0
CG_LT,124,,MM DA NANG,MM AN PHU,AN RICE CRACKER SEAWEED 111.3G,9.965762,0.6,2.0,7.979457,LT_AN RICE CRACKER SEAWEED 111.3G_T124_2,1.0
CG_LT,124,,MM HIEP PHU,MM AN PHU,AN RICE CRACKER SEAWEED 111.3G,6.473363,0.6,2.0,5.884018,LT_AN RICE CRACKER SEAWEED 111.3G_T124_2,1.0
CG_LT,126,,MM DA NANG,MM AN PHU,AN RICE CRACKER SEAWEED 111.3G,7.716162,0.6,2.0,6.629697,LT_AN RICE CRACKER SEAWEED 111.3G_T126_1,1.0
CG_LT,126,,MM BINH PHU,MM AN PHU,AN RICE CRACKER SEAWEED 111.3G,2.456242,0.6,0.562104,2.03585,LT_AN RICE CRACKER SEAWEED 111.3G_T126_3,0.281052
CG_LT,126,,MM DA NANG,MM AN PHU,AN RICE CRACKER SEAWEED 111.3G,1.099702,0.6,0.562104,1.221926,LT_AN RICE CRACKER SEAWEED 111.3G_T126_3,0.281052
CG_LT,126,,MM HIEP PHU,MM AN PHU,AN RICE CRACKER SEAWEED 111.3G,2.54037,0.6,0.562104,2.086326,LT_AN RICE CRACKER SEAWEED 111.3G_T126_3,0.281052
CG_LT,130,,MM BINH PHU,MM AN PHU,AN RICE CRACKER SEAWEED 111.3G,1.450581,0.6,1.880323,2.750671,LT_AN RICE CRACKER SEAWEED 111.3G_T130_1,0.940161
CG_LT,130,,MM DA NANG,MM AN PHU,AN RICE CRACKER SEAWEED 111.3G,3.540658,0.6,1.880323,4.004718,LT_AN RICE CRACKER SEAWEED 111.3G_T130_1,0.940161
CG_LT,130,,MM HIEP PHU,MM AN PHU,AN RICE CRACKER SEAWEED 111.3G,9.05005,0.6,1.880323,7.310352,LT_AN RICE CRACKER SEAWEED 111.3G_T130_1,0.940161
CG_LT,130,,MM BINH PHU,MM AN PHU,AN RICE CRACKER SEAWEED 111.3G,5.464322,0.6,2.0,5.278593,LT_AN RICE CRACKER SEAWEED 111.3G_T130_2,1.0
CG_LT,130,,MM BINH PHU,MM AN PHU,AN RICE CRACKER SEAWEED 111.3G,9.861437,0.6,2.0,7.916862,LT_AN RICE CRACKER SEAWEED 111.3G_T130_3,1.0
CG_LT,130,,MM BINH PHU,MM AN PHU,AN RICE CRACKER SEAWEED 111.3G,7.694935,0.6,2.0,6.616961,LT_AN RICE CRACKER SEAWEED 111.3G_T130_4,1.0
CG_LT,130,,MM DA NANG,MM AN PHU,AN RICE CRACKER SEAWEED 111.3G,8.881766,0.6,2.0,7.329059,LT_AN RICE CRACKER SEAWEED 111.3G_T130_4,1.0
CG_LT,130,,MM HIEP PHU,MM AN PHU,AN RICE CRACKER SEAWEED 111.3G,1.029052,0.6,2.0,2.617431,LT_AN RICE CRACKER SEAWEED 111.3G_T130_4,1.0
CG_LT,131,,MM BINH PHU,MM AN PHU,AN RICE CRACKER SEAWEED 111.3G,5.836732,0.6,2.0,5.502039,LT_AN RICE CRACKER SEAWEED 111.3G_T131_1,1.0
CG_LT,131,,MM HIEP PHU,MM AN PHU,AN RICE CRACKER SEAWEED 111.3G,8.044736,0.6,2.0,6.826842,LT_AN RICE CRACKER SEAWEED 111.3G_T131_1,1.0
CG_LT,131,,MM DA NANG,MM AN PHU,AN RICE CRACKER SEAWEED 111.3G,4.216371,0.6,2.0,4.529822,LT_AN RICE CRACKER SEAWEED 111.3G_T131_5,1.0
CG_LT,131,,MM HIEP PHU,MM AN PHU,AN RICE CRACKER SEAWEED 111.3G,9.02968,0.6,2.0,7.417808,LT_AN RICE CRACKER SEAWEED 111.3G_T131_5,1.0
CG_LT,132,,MM DA NANG,MM AN PHU,AN RICE CRACKER SEAWEED 111.3G,4.013528,0.6,1.844305,4.252422,LT_AN RICE CRACKER SEAWEED 111.3G_T132_2,0.922153
CG_LT,132,,MM HIEP PHU,MM AN PHU,AN RICE CRACKER SEAWEED 111.3G,5.525466,0.6,1.844305,5.159585,LT_AN RICE CRACKER SEAWEED 111.3G_T132_2,0.922153
CG_LT,132,,MM BINH PHU,MM AN PHU,AN RICE CRACKER SEAWEED 111.3G,9.935755,0.6,2.0,7.961453,LT_AN RICE CRACKER SEAWEED 111.3G_T132_3,1.0
CG_LT,132,,MM DA NANG,MM AN PHU,AN RICE CRACKER SEAWEED 111.3G,6.944135,0.6,2.0,6.166481,LT_AN RICE CRACKER SEAWEED 111.3G_T132_3,1.0
CG_LT,132,,MM HIEP PHU,MM AN PHU,AN RICE CRACKER SEAWEED 111.3G,6.707639,0.6,2.0,6.024583,LT_AN RICE CRACKER SEAWEED 111.3G_T132_3,1.0
CG_LT,132,,MM BINH PHU,MM AN PHU,AN RICE CRACKER SEAWEED 111.3G,4.545133,0.6,2.0,4.72708,LT_AN RICE CRACKER SEAWEED 111.3G_T132_4,1.0
CG_LT,132,,MM DA NANG,MM AN PHU,AN RICE CRACKER SEAWEED 111.3G,9.665057,0.6,2.0,7.799034,LT_AN RICE CRACKER SEAWEED 111.3G_T132_4,1.0
CG_LT,132,,MM HIEP PHU,MM AN PHU,AN RICE CRACKER SEAWEED 111.3G,3.123588,0.6,2.0,3.874153,LT_AN RICE CRACKER SEAWEED 111.3G_T132_4,1.0
CG_LT,142,,MM BINH PHU,MM AN PHU,AN RICE CRACKER SEAWEED 111.3G,1.936518,0.6,1.361173,2.523083,LT_AN RICE CRACKER SEAWEED 111.3G_T142_1,0.680586
CG_LT,142,,MM BINH PHU,MM DA NANG,AN RICE CRACKER SEAWEED 111.3G,4.160491,0.6,1.361173,3.857467,LT_AN RICE CRACKER SEAWEED 111.3G_T142_1,0.680586
CG_LT,142,,MM HIEP PHU,MM AN PHU,AN RICE CRACKER SEAWEED 111.3G,3.843363,0.6,1.361173,3.667191,LT_AN RICE CRACKER SEAWEED 111.3G_T142_1,0.680586
CG_LT,142,,MM HIEP PHU,MM DA NANG,AN RICE CRACKER SEAWEED 111.3G,2.080644,0.6,1.361173,2.609559,LT_AN RICE CRACKER SEAWEED 111.3G_T142_1,0.680586
CG_LT,142,,MM BINH PHU,MM AN PHU,AN RICE CRACKER SEAWEED 111.3G,5.786113,0.6,2.0,5.471668,LT_AN RICE CRACKER SEAWEED 111.3G_T142_2,1.0
CG_LT,142,,MM BINH PHU,MM DA NANG,AN RICE CRACKER SEAWEED 111.3G,8.474889,0.6,2.0,7.084933,LT_AN RICE CRACKER SEAWEED 111.3G_T142_2,1.0
CG_LT,142,,MM HIEP PHU,MM AN PHU,AN RICE CRACKER SEAWEED 111.3G,1.339221,0.6,2.0,2.803533,LT_AN RICE CRACKER SEAWEED 111.3G_T142_2,1.0
CG_LT,142,,MM BINH PHU,MM DA NANG,AN RICE CRACKER SEAWEED 111.3G,9.535597,0.6,2.0,7.721358,LT_AN RICE CRACKER SEAWEED 111.3G_T142_4,1.0
CG_LT,142,,MM BINH PHU,MM AN PHU,AN RICE CRACKER SEAWEED 111.3G,6.27274,0.6,2.0,5.763644,LT_AN RICE CRACKER SEAWEED 111.3G_T142_5,1.0
CG_LT,142,,MM BINH PHU,MM DA NANG,AN RICE CRACKER SEAWEED 111.3G,5.382859,0.6,2.0,5.229715,LT_AN RICE CRACKER SEAWEED 111.3G_T142_5,1.0
CG_LT,142,,MM HIEP PHU,MM AN PHU,AN RICE CRACKER SEAWEED 111.3G,8.115975,0.6,2.0,6.869585,LT_AN RICE CRACKER SEAWEED 111.3G_T142_5,1.0
CG_LT,142,,MM HIEP PHU,MM DA NANG,AN RICE CRACKER SEAWEED 111.3G,5.092384,0.6,2.0,5.05543,LT_AN RICE CRACKER SEAWEED 111.3G_T142_5,1.0
CG_LT,143,,MM BINH PHU,MM AN PHU,AN RICE CRACKER SEAWEED 111.3G,7.208334,0.6,2.0,6.325,LT_AN RICE CRACKER SEAWEED 111.3G_T143_1,1.0
CG_LT,143,,MM BINH PHU,MM DA NANG,AN RICE CRACKER SEAWEED 111.3G,8.993236,0.6,2.0,7.395942,LT_AN RICE CRACKER SEAWEED 111.3G_T143_1,1.0
CG_LT,143,,MM HIEP PHU,MM DA NANG,AN RICE CRACKER SEAWEED 111.3G,7.600405,0.6,2.0,6.560243,LT_AN RICE CRACKER SEAWEED 111.3G_T143_1,1.0
CG_LT,143,,MM BINH PHU,MM DA NANG,AN RICE CRACKER SEAWEED 111.3G,3.965523,0.6,2.0,4.379314,LT_AN RICE CRACKER SEAWEED 111.3G_T143_2,1.0
CG_LT,143,,MM HIEP PHU,MM AN PHU,AN RICE CRACKER SEAWEED 111.3G,1.896046,0.6,2.0,3.137627,LT_AN RICE CRACKER SEAWEED 111.3G_T143_3,1.0
CG_LT,143,,MM HIEP PHU,MM DA NANG,AN RICE CRACKER SEAWEED 111.3G,3.822797,0.6,2.0,4.293678,LT_AN RICE CRACKER SEAWEED 111.3G_T143_3,1.0
CG_LT,143,,MM BINH PHU,MM AN PHU,AN RICE CRACKER SEAWEED 111.3G,4.800663,0.6,2.0,4.880398,LT_AN RICE CRACKER SEAWEED 111.3G_T143_4,1.0
CG_LT,143,,MM BINH PHU,MM DA NANG,AN RICE CRACKER SEAWEED 111.3G,8.515199,0.6,2.0,7.109119,LT_AN RICE CRACKER SEAWEED 111.3G_T143_4,1.0
CG_LT,143,,MM HIEP PHU,MM DA NANG,AN RICE CRACKER SEAWEED 111.3G,4.570276,0.6,2.0,4.742166,LT_AN RICE CRACKER SEAWEED 111.3G_T143_4,1.0
CG_LT,143,,MM HIEP PHU,MM AN PHU,AN RICE CRACKER SEAWEED 111.3G,6.21613,0.6,2.0,5.729678,LT_AN RICE CRACKER SEAWEED 111.3G_T143_5,1.0
CG_LT,143,,MM HIEP PHU,MM DA NANG,AN RICE CRACKER SEAWEED 111.3G,1.595906,0.6,2.0,2.957543,LT_AN RICE CRACKER SEAWEED 111.3G_T143_5,1.0
CG_LT,144,,MM BINH PHU,MM AN PHU,AN RICE CRACKER SEAWEED 111.3G,1.876413,0.6,2.0,3.125848,LT_AN RICE CRACKER SEAWEED 111.3G_T144_1,1.0
CG_LT,144,,MM BINH PHU,MM DA NANG,AN RICE CRACKER SEAWEED 111.3G,4.326889,0.6,2.0,4.596133,LT_AN RICE CRACKER SEAWEED 111.3G_T144_1,1.0
CG_LT,144,,MM HIEP PHU,MM AN PHU,AN RICE CRACKER SEAWEED 111.3G,8.602635,0.6,2.0,7.161581,LT_AN RICE CRACKER SEAWEED 111.3G_T144_1,1.0
CG_LT,144,,MM HIEP PHU,MM DA NANG,AN RICE CRACKER SEAWEED 111.3G,5.365914,0.6,2.0,5.219548,LT_AN RICE CRACKER SEAWEED 111.3G_T144_1,1.0
CG_LT,144,,MM BINH PHU,MM AN PHU,AN RICE CRACKER SEAWEED 111.3G,2.61877,0.6,2.0,3.571262,LT_AN RICE CRACKER SEAWEED 111.3G_T144_2,1.0
CG_LT,144,,MM HIEP PHU,MM DA NANG,AN RICE CRACKER SEAWEED 111.3G,8.038108,0.6,2.0,6.822865,LT_AN RICE CRACKER SEAWEED 111.3G_T144_2,1.0
CG_LT,144,,MM BINH PHU,MM AN PHU,AN RICE CRACKER SEAWEED 111.3G,1.354878,0.6,2.0,2.812927,LT_AN RICE CRACKER SEAWEED 111.3G_T144_3,1.0
CG_LT,144,,MM BINH PHU,MM DA NANG,AN RICE CRACKER SEAWEED 111.3G,4.416527,0.6,2.0,4.649916,LT_AN RICE CRACKER SEAWEED 111.3G_T144_3,1.0
CG_LT,144,,MM HIEP PHU,MM DA NANG,AN RICE CRACKER SEAWEED 111.3G,6.697167,0.6,2.0,6.0183,LT_AN RICE CRACKER SEAWEED 111.3G_T144_3,1.0
CG_LT,144,,MM BINH PHU,MM AN PHU,AN RICE CRACKER SEAWEED 111.3G,5.666747,0.6,2.0,5.400048,LT_AN RICE CRACKER SEAWEED 111.3G_T144_4,1.0
CG_LT,144,,MM BINH PHU,MM DA NANG,AN RICE CRACKER SEAWEED 111.3G,6.754347,0.6,2.0,6.052608,LT_AN RICE CRACKER SEAWEED 111.3G_T144_4,1.0
CG_LT,144,,MM HIEP PHU,MM DA NANG,AN RICE CRACKER SEAWEED 111.3G,8.440998,0.6,2.0,7.064599,LT_AN RICE CRACKER SEAWEED 111.3G_T144_4,1.0
CG_LT,144,,MM BINH PHU,MM DA NANG,AN RICE CRACKER SEAWEED 111.3G,5.156222,0.6,2.0,5.093733,LT_AN RICE CRACKER SEAWEED 111.3G_T144_5,1.0
CG_LT,144,,MM HIEP PHU,MM DA NANG,AN RICE CRACKER SEAWEED 111.3G,8.790476,0.6,2.0,7.274286,LT_AN RICE CRACKER SEAWEED 111.3G_T144_5,1.0
CG_LT,145,,MM BINH PHU,MM AN PHU,AN RICE CRACKER SEAWEED 111.3G,7.1983,0.6,2.0,6.31898,LT_AN RICE CRACKER SEAWEED 111.3G_T145_1,1.0
CG_LT,145,,MM BINH PHU,MM DA NANG,AN RICE CRACKER SEAWEED 111.3G,2.912879,0.6,2.0,3.747727,LT_AN RICE CRACKER SEAWEED 111.3G_T145_1,1.0
CG_LT,145,,MM HIEP PHU,MM AN PHU,AN RICE CRACKER SEAWEED 111.3G,5.636988,0.6,2.0,5.382193,LT_AN RICE CRACKER SEAWEED 111.3G_T145_1,1.0
CG_LT,145,,MM HIEP PHU,MM DA NANG,AN RICE CRACKER SEAWEED 111.3G,3.596718,0.6,2.0,4.158031,LT_AN RICE CRACKER SEAWEED 111.3G_T145_1,1.0
CG_LT,145,,MM BINH PHU,MM AN PHU,AN RICE CRACKER SEAWEED 111.3G,9.417137,0.6,2.0,7.650282,LT_AN RICE CRACKER SEAWEED 111.3G_T145_2,1.0
CG_LT,145,,MM BINH PHU,MM DA NANG,AN RICE CRACKER SEAWEED 111.3G,8.293435,0.6,2.0,6.976061,LT_AN RICE CRACKER SEAWEED 111.3G_T145_2,1.0
CG_LT,145,,MM HIEP PHU,MM AN PHU,AN RICE CRACKER SEAWEED 111.3G,1.864585,0.6,2.0,3.118751,LT_AN RICE CRACKER SEAWEED 111.3G_T145_2,1.0
CG_LT,145,,MM BINH PHU,MM DA NANG,AN RICE CRACKER SEAWEED 111.3G,7.004119,0.6,2.0,6.202471,LT_AN RICE CRACKER SEAWEED 111.3G_T145_3,1.0
CG_LT,145,,MM HIEP PHU,MM AN PHU,AN RICE CRACKER SEAWEED 111.3G,6.203548,0.6,2.0,5.722129,LT_AN RICE CRACKER SEAWEED 111.3G_T145_3,1.0
CG_LT,145,,MM HIEP PHU,MM DA NANG,AN RICE CRACKER SEAWEED 111.3G,2.24103,0.6,2.0,3.344618,LT_AN RICE CRACKER SEAWEED 111.3G_T145_3,1.0
CG_LT,145,,MM HIEP PHU,MM DA NANG,AN RICE CRACKER SEAWEED 111.3G,6.020097,0.6,2.0,5.612058,LT_AN RICE CRACKER SEAWEED 111.3G_T145_4,1.0
CG_LT,145,,MM BINH PHU,MM AN PHU,AN RICE CRACKER SEAWEED 111.3G,6.247417,0.6,2.0,5.74845,LT_AN RICE CRACKER SEAWEED 111.3G_T145_5,1.0
CG_LT,145,,MM HIEP PHU,MM AN PHU,AN RICE CRACKER SEAWEED 111.3G,6.414035,0.6,2.0,5.848421,LT_AN RICE CRACKER SEAWEED 111.3G_T145_5,1.0
CG_LT,145,,MM HIEP PHU,MM DA NANG,AN RICE CRACKER SEAWEED 111.3G,9.525296,0.6,2.0,7.715177,LT_AN RICE CRACKER SEAWEED 111.3G_T145_5,1.0
CG_LT,146,,MM HIEP PHU,MM BINH PHU,AN RICE CRACKER SEAWEED 111.3G,6.701602,0.6,2.0,6.020961,LT_AN RICE CRACKER SEAWEED 111.3G_T146_1,1.0
CG_LT,146,,MM HIEP PHU,MM DA NANG,AN RICE CRACKER SEAWEED 111.3G,9.632964,0.6,2.0,7.779778,LT_AN RICE CRACKER SEAWEED 111.3G_T146_1,1.0
CG_LT,146,,MM AN PHU,MM BINH PHU,AN RICE CRACKER SEAWEED 111.3G,7.519403,0.6,2.0,6.511642,LT_AN RICE CRACKER SEAWEED 111.3G_T146_2,1.0
CG_LT,146,,MM HIEP PHU,MM DA NANG,AN RICE CRACKER SEAWEED 111.3G,5.026919,0.6,2.0,5.016151,LT_AN RICE CRACKER SEAWEED 111.3G_T146_2,1.0
CG_LT,146,,MM AN PHU,MM BINH PHU,AN RICE CRACKER SEAWEED 111.3G,8.602174,0.6,2.0,7.161304,LT_AN RICE CRACKER SEAWEED 111.3G_T146_3,1.0
CG_LT,146,,MM HIEP PHU,MM BINH PHU,AN RICE CRACKER SEAWEED 111.3G,7.066489,0.6,2.0,6.239893,LT_AN RICE CRACKER SEAWEED 111.3G_T146_3,1.0
CG_LT,146,,MM AN PHU,MM BINH PHU,AN RICE CRACKER SEAWEED 111.3G,6.963132,0.6,1.419476,5.597355,LT_AN RICE CRACKER SEAWEED 111.3G_T146_4,0.709738
CG_LT,146,,MM AN PHU,MM DA NANG,AN RICE CRACKER SEAWEED 111.3G,6.373138,0.6,1.419476,5.243359,LT_AN RICE CRACKER SEAWEED 111.3G_T146_4,0.709738
CG_LT,146,,MM BINH PHU,MM DA NANG,AN RICE CRACKER SEAWEED 111.3G,0.759204,0.6,1.419476,1.874999,LT_AN RICE CRACKER SEAWEED 111.3G_T146_4,0.709738
CG_LT,146,,MM HIEP PHU,MM DA NANG,AN RICE CRACKER SEAWEED 111.3G,1.319979,0.6,1.419476,2.211463,LT_AN RICE CRACKER SEAWEED 111.3G_T146_4,0.709738
CG_LT,147,,MM AN PHU,MM BINH PHU,AN RICE CRACKER SEAWEED 111.3G,1.274497,0.6,0.347414,1.112112,LT_AN RICE CRACKER SEAWEED 111.3G_T147_1,0.173707
CG_LT,147,,MM AN PHU,MM DA NANG,AN RICE CRACKER SEAWEED 111.3G,0.903394,0.6,0.347414,0.889451,LT_AN RICE CRACKER SEAWEED 111.3G_T147_1,0.173707
CG_LT,147,,MM HIEP PHU,MM BINH PHU,AN RICE CRACKER SEAWEED 111.3G,0.6932,0.6,0.347414,0.763334,LT_AN RICE CRACKER SEAWEED 111.3G_T147_1,0.173707
CG_LT,147,,MM HIEP PHU,MM DA NANG,AN RICE CRACKER SEAWEED 111.3G,1.026446,0.6,0.347414,0.963282,LT_AN RICE CRACKER SEAWEED 111.3G_T147_1,0.173707
CG_LT,147,,MM AN PHU,MM BINH PHU,AN RICE CRACKER SEAWEED 111.3G,2.712455,0.6,2.0,3.627473,LT_AN RICE CRACKER SEAWEED 111.3G_T147_5,1.0
CG_LT,147,,MM AN PHU,MM DA NANG,AN RICE CRACKER SEAWEED 111.3G,4.402961,0.6,2.0,4.641777,LT_AN RICE CRACKER SEAWEED 111.3G_T147_5,1.0
CG_LT,147,,MM HIEP PHU,MM BINH PHU,AN RICE CRACKER SEAWEED 111.3G,8.653395,0.6,2.0,7.192037,LT_AN RICE CRACKER SEAWEED 111.3G_T147_5,1.0
CG_LT,147,,MM HIEP PHU,MM DA NANG,AN RICE CRACKER SEAWEED 111.3G,9.667199,0.6,2.0,7.800319,LT_AN RICE CRACKER SEAWEED 111.3G_T147_5,1.0
CG_LT,148,,MM AN PHU,MM BINH PHU,AN RICE CRACKER SEAWEED 111.3G,2.113362,0.6,2.0,3.268017,LT_AN RICE CRACKER SEAWEED 111.3G_T148_1,1.0
CG_LT,148,,MM HIEP PHU,MM DA NANG,AN RICE CRACKER SEAWEED 111.3G,8.298282,0.6,2.0,6.978969,LT_AN RICE CRACKER SEAWEED 111.3G_T148_1,1.0
CG_LT,148,,MM AN PHU,MM DA NANG,AN RICE CRACKER SEAWEED 111.3G,6.205835,0.6,1.916222,5.639723,LT_AN RICE CRACKER SEAWEED 111.3G_T148_2,0.958111
CG_LT,148,,MM HIEP PHU,MM DA NANG,AN RICE CRACKER SEAWEED 111.3G,1.161104,0.6,1.916222,2.612884,LT_AN RICE CRACKER SEAWEED 111.3G_T148_2,0.958111
CG_LT,148,,MM AN PHU,MM BINH PHU,AN RICE CRACKER SEAWEED 111.3G,6.790031,0.6,2.0,6.074018,LT_AN RICE CRACKER SEAWEED 111.3G_T148_5,1.0
CG_LT,148,,MM HIEP PHU,MM DA NANG,AN RICE CRACKER SEAWEED 111.3G,9.670995,0.6,2.0,7.802597,LT_AN RICE CRACKER SEAWEED 111.3G_T148_5,1.0
CG_LT,149,,MM HIEP PHU,MM BINH PHU,AN RICE CRACKER SEAWEED 111.3G,3.771097,0.6,2.0,4.262658,LT_AN RICE CRACKER SEAWEED 111.3G_T149_1,1.0
CG_LT,149,,MM AN PHU,MM BINH PHU,AN RICE CRACKER SEAWEED 111.3G,3.370328,0.6,1.774694,3.796891,LT_AN RICE CRACKER SEAWEED 111.3G_T149_2,0.887347
CG_LT,149,,MM AN PHU,MM DA NANG,AN RICE CRACKER SEAWEED 111.3G,8.800899,0.6,1.774694,7.055234,LT_AN RICE CRACKER SEAWEED 111.3G_T149_2,0.887347
CG_LT,149,,MM HIEP PHU,MM AN PHU,AN RICE CRACKER SEAWEED 111.3G,5.564788,0.6,1.774694,5.113567,LT_AN RICE CRACKER SEAWEED 111.3G_T149_2,0.887347
CG_LT,149,,MM HIEP PHU,MM BINH PHU,AN RICE CRACKER SEAWEED 111.3G,8.270964,0.6,1.774694,6.737273,LT_AN RICE CRACKER SEAWEED 111.3G_T149_2,0.887347
CG_LT,149,,MM AN PHU,MM BINH PHU,AN RICE CRACKER SEAWEED 111.3G,1.743333,0.6,2.0,3.046,LT_AN RICE CRACKER SEAWEED 111.3G_T149_4,1.0
CG_LT,149,,MM HIEP PHU,MM DA NANG,AN RICE CRACKER SEAWEED 111.3G,2.767206,0.6,2.0,3.660324,LT_AN RICE CRACKER SEAWEED 111.3G_T149_4,1.0
CG_LT,149,,MM HIEP PHU,MM AN PHU,AN RICE CRACKER SEAWEED 111.3G,1.920424,0.6,2.0,3.152255,LT_AN RICE CRACKER SEAWEED 111.3G_T149_5,1.0
CG_LT,149,,MM HIEP PHU,MM BINH PHU,AN RICE CRACKER SEAWEED 111.3G,1.057637,0.6,2.0,2.634582,LT_AN RICE CRACKER SEAWEED 111.3G_T149_5,1.0
CG_LT,149,,MM HIEP PHU,MM DA NANG,AN RICE CRACKER SEAWEED 111.3G,5.143871,0.6,2.0,5.086323,LT_AN RICE CRACKER SEAWEED 111.3G_T149_5,1.0
CG_LT,150,,MM HIEP PHU,MM BINH PHU,AN RICE CRACKER SEAWEED 111.3G,2.475537,0.6,2.0,3.485322,LT_AN RICE CRACKER SEAWEED 111.3G_T150_2,1.0
CG_LT,150,,MM HIEP PHU,MM DA NANG,AN RICE CRACKER SEAWEED 111.3G,2.461826,0.6,2.0,3.477096,LT_AN RICE CRACKER SEAWEED 111.3G_T150_2,1.0
CG_LT,150,,MM HIEP PHU,MM AN PHU,AN RICE CRACKER SEAWEED 111.3G,3.007039,0.6,2.0,3.804223,LT_AN RICE CRACKER SEAWEED 111.3G_T150_3,1.0
CG_LT,150,,MM HIEP PHU,MM DA NANG,AN RICE CRACKER SEAWEED 111.3G,2.128845,0.6,2.0,3.277307,LT_AN RICE CRACKER SEAWEED 111.3G_T150_3,1.0
CG_LT,150,,MM HIEP PHU,MM BINH PHU,AN RICE CRACKER SEAWEED 111.3G,7.92825,0.6,2.0,6.75695,LT_AN RICE CRACKER SEAWEED 111.3G_T150_4,1.0
CG_LT,150,,MM HIEP PHU,MM DA NANG,AN RICE CRACKER SEAWEED 111.3G,7.647341,0.6,2.0,6.588404,LT_AN RICE CRACKER SEAWEED 111.3G_T150_4,1.0
CG_LT,150,,MM HIEP PHU,MM AN PHU,AN RICE CRACKER SEAWEED 111.3G,4.681906,0.6,2.0,4.809144,LT_AN RICE CRACKER SEAWEED 111.3G_T150_5,1.0
CG_LT,150,,MM HIEP PHU,MM BINH PHU,AN RICE CRACKER SEAWEED 111.3G,5.309589,0.6,2.0,5.185754,LT_AN RICE CRACKER SEAWEED 111.3G_T150_5,1.0
CG_LT,150,,MM HIEP PHU,MM DA NANG,AN RICE CRACKER SEAWEED 111.3G,3.939556,0.6,2.0,4.363734,LT_AN RICE CRACKER SEAWEED 111.3G_T150_5,1.0
CG_LT,152,,MM AN PHU,MM BINH PHU,AN RICE CRACKER SEAWEED 111.3G,1.831541,0.6,0.386976,1.4859,LT_AN RICE CRACKER SEAWEED 111.3G_T152_3,0.193488
CG_LT,152,,MM AN PHU,MM DA NANG,AN RICE CRACKER SEAWEED 111.3G,0.749962,0.6,0.386976,0.836953,LT_AN RICE CRACKER SEAWEED 111.3G_T152_3,0.193488
CG_LT,152,,MM HIEP PHU,MM BINH PHU,AN RICE CRACKER SEAWEED 111.3G,1.172876,0.6,0.386976,1.090701,LT_AN RICE CRACKER SEAWEED 111.3G_T152_3,0.193488
CG_LT,153,,MM DA NANG,MM BINH PHU,AN RICE CRACKER SEAWEED 111.3G,0.64643,0.6,1.154095,1.541953,LT_AN RICE CRACKER SEAWEED 111.3G_T153_3,0.577047
CG_LT,153,,MM HIEP PHU,MM AN PHU,AN RICE CRACKER SEAWEED 111.3G,4.606124,0.6,1.154095,3.917769,LT_AN RICE CRACKER SEAWEED 111.3G_T153_3,0.577047
CG_LT,153,,MM HIEP PHU,MM BINH PHU,AN RICE CRACKER SEAWEED 111.3G,0.55357,0.6,1.154095,1.486237,LT_AN RICE CRACKER SEAWEED 111.3G_T153_3,0.577047
CG_LT,15,,MM HIEP PHU,MM DA NANG,AN RICE CRACKER SEAWEED 111.3G,1.541367,0.6,2.0,2.92482,LT_AN RICE CRACKER SEAWEED 111.3G_T15_5,1.0
CG_LT,16,,MM BINH PHU,MM DA NANG,AN RICE CRACKER SEAWEED 111.3G,8.986884,0.6,1.923457,7.315588,LT_AN RICE CRACKER SEAWEED 111.3G_T16_4,0.961729
CG_LT,16,,MM HIEP PHU,MM AN PHU,AN RICE CRACKER SEAWEED 111.3G,3.407339,0.6,1.923457,3.96786,LT_AN RICE CRACKER SEAWEED 111.3G_T16_4,0.961729
CG_LT,16,,MM HIEP PHU,MM DA NANG,AN RICE CRACKER SEAWEED 111.3G,3.594616,0.6,1.923457,4.080227,LT_AN RICE CRACKER SEAWEED 111.3G_T16_4,0.961729
CG_LT,16,,MM BINH PHU,MM AN PHU,AN RICE CRACKER SEAWEED 111.3G,5.193059,0.6,2.0,5.115836,LT_AN RICE CRACKER SEAWEED 111.3G_T16_5,1.0
CG_LT,16,,MM BINH PHU,MM DA NANG,AN RICE CRACKER SEAWEED 111.3G,4.728595,0.6,2.0,4.837157,LT_AN RICE CRACKER SEAWEED 111.3G_T16_5,1.0
CG_LT,16,,MM HIEP PHU,MM DA NANG,AN RICE CRACKER SEAWEED 111.3G,8.074692,0.6,2.0,6.844815,LT_AN RICE CRACKER SEAWEED 111.3G_T16_5,1.0
CG_LT,17,,MM HIEP PHU,MM AN PHU,AN RICE CRACKER SEAWEED 111.3G,7.580988,0.6,2.0,6.548593,LT_AN RICE CRACKER SEAWEED 111.3G_T17_2,1.0
CG_LT,17,,MM HIEP PHU,MM DA NANG,AN RICE CRACKER SEAWEED 111.3G,2.253004,0.6,2.0,3.351802,LT_AN RICE CRACKER SEAWEED 111.3G_T17_2,1.0
CG_LT,17,,MM HIEP PHU,MM AN PHU,AN RICE CRACKER SEAWEED 111.3G,2.812849,0.6,1.094294,2.782003,LT_AN RICE CRACKER SEAWEED 111.3G_T17_3,0.547147
CG_LT,17,,MM HIEP PHU,MM AN PHU,AN RICE CRACKER SEAWEED 111.3G,3.598809,0.6,2.0,4.159286,LT_AN RICE CRACKER SEAWEED 111.3G_T17_4,1.0
CG_LT,17,,MM HIEP PHU,MM DA NANG,AN RICE CRACKER SEAWEED 111.3G,5.68785,0.6,2.0,5.41271,LT_AN RICE CRACKER SEAWEED 111.3G_T17_4,1.0
CG_LT,18,,MM BINH PHU,MM DA NANG,AN RICE CRACKER SEAWEED 111.3G,5.3171,0.6,1.226013,4.416273,LT_AN RICE CRACKER SEAWEED 111.3G_T18_1,0.613007
CG_LT,18,,MM HIEP PHU,MM DA NANG,AN RICE CRACKER SEAWEED 111.3G,1.604955,0.6,1.226013,2.188986,LT_AN RICE CRACKER SEAWEED 111.3G_T18_1,0.613007
CG_LT,18,,MM BINH PHU,MM DA NANG,AN RICE CRACKER SEAWEED 111.3G,2.606568,0.6,2.0,3.563941,LT_AN RICE CRACKER SEAWEED 111.3G_T18_3,1.0
CG_LT,18,,MM HIEP PHU,MM AN PHU,AN RICE CRACKER SEAWEED 111.3G,4.641992,0.6,2.0,4.785195,LT_AN RICE CRACKER SEAWEED 111.3G_T18_3,1.0
CG_LT,18,,MM HIEP PHU,MM BINH PHU,AN RICE CRACKER SEAWEED 111.3G,4.871848,0.6,2.0,4.923109,LT_AN RICE CRACKER SEAWEED 111.3G_T18_3,1.0
CG_LT,18,,MM HIEP PHU,MM DA NANG,AN RICE CRACKER SEAWEED 111.3G,1.507328,0.6,2.0,2.904397,LT_AN RICE CRACKER SEAWEED 111.3G_T18_3,1.0
CG_LT,18,,MM BINH PHU,MM DA NANG,AN RICE CRACKER SEAWEED 111.3G,1.076332,0.6,2.0,2.645799,LT_AN RICE CRACKER SEAWEED 111.3G_T18_5,1.0
CG_LT,18,,MM HIEP PHU,MM AN PHU,AN RICE CRACKER SEAWEED 111.3G,7.044274,0.6,2.0,6.226564,LT_AN RICE CRACKER SEAWEED 111.3G_T18_5,1.0
CG_LT,18,,MM HIEP PHU,MM DA NANG,AN RICE CRACKER SEAWEED 111.3G,1.804628,0.6,2.0,3.082777,LT_AN RICE CRACKER SEAWEED 111.3G_T18_5,1.0
CG_LT,19,,MM HIEP PHU,MM AN PHU,AN RICE CRACKER SEAWEED 111.3G,8.082031,0.6,2.0,6.849219,LT_AN RICE CRACKER SEAWEED 111.3G_T19_1,1.0
CG_LT,19,,MM HIEP PHU,MM DA NANG,AN RICE CRACKER SEAWEED 111.3G,8.33187,0.6,2.0,6.999122,LT_AN RICE CRACKER SEAWEED 111.3G_T19_1,1.0
CG_LT,19,,MM HIEP PHU,MM DA NANG,AN RICE CRACKER SEAWEED 111.3G,9.322999,0.6,2.0,7.593799,LT_AN RICE CRACKER SEAWEED 111.3G_T19_2,1.0
CG_LT,19,,MM HIEP PHU,MM AN PHU,AN RICE CRACKER SEAWEED 111.3G,6.016021,0.6,2.0,5.609612,LT_AN RICE CRACKER SEAWEED 111.3G_T19_3,1.0
CG_LT,19,,MM HIEP PHU,MM BINH PHU,AN RICE CRACKER SEAWEED 111.3G,9.788584,0.6,2.0,7.873151,LT_AN RICE CRACKER SEAWEED 111.3G_T19_4,1.0
CG_LT,19,,MM HIEP PHU,MM DA NANG,AN RICE CRACKER SEAWEED 111.3G,5.996626,0.6,2.0,5.597976,LT_AN RICE CRACKER SEAWEED 111.3G_T19_4,1.0
CG_LT,19,,MM HIEP PHU,MM AN PHU,AN RICE CRACKER SEAWEED 111.3G,8.891296,0.6,2.0,7.334778,LT_AN RICE CRACKER SEAWEED 111.3G_T19_5,1.0
CG_LT,19,,MM HIEP PHU,MM BINH PHU,AN RICE CRACKER SEAWEED 111.3G,6.423884,0.6,2.0,5.85433,LT_AN RICE CRACKER SEAWEED 111.3G_T19_5,1.0
CG_LT,20,,MM HIEP PHU,MM AN PHU,AN RICE CRACKER SEAWEED 111.3G,8.574844,0.6,2.0,7.144906,LT_AN RICE CRACKER SEAWEED 111.3G_T20_1,1.0
CG_LT,20,,MM HIEP PHU,MM BINH PHU,AN RICE CRACKER SEAWEED 111.3G,3.038413,0.6,2.0,3.823048,LT_AN RICE CRACKER SEAWEED 111.3G_T20_1,1.0
CG_LT,20,,MM HIEP PHU,MM DA NANG,AN RICE CRACKER SEAWEED 111.3G,8.20425,0.6,2.0,6.92255,LT_AN RICE CRACKER SEAWEED 111.3G_T20_1,1.0
CG_LT,20,,MM HIEP PHU,MM AN PHU,AN RICE CRACKER SEAWEED 111.3G,8.740964,0.6,2.0,7.244578,LT_AN RICE CRACKER SEAWEED 111.3G_T20_3,1.0
CG_LT,20,,MM HIEP PHU,MM DA NANG,AN RICE CRACKER SEAWEED 111.3G,7.600889,0.6,2.0,6.560533,LT_AN RICE CRACKER SEAWEED 111.3G_T20_3,1.0
CG_LT,20,,MM HIEP PHU,MM AN PHU,AN RICE CRACKER SEAWEED 111.3G,1.635476,0.6,2.0,2.981286,LT_AN RICE CRACKER SEAWEED 111.3G_T20_4,1.0
CG_LT,20,,MM HIEP PHU,MM DA NANG,AN RICE CRACKER SEAWEED 111.3G,6.71415,0.6,2.0,6.02849,LT_AN RICE CRACKER SEAWEED 111.3G_T20_4,1.0
CG_LT,20,,MM HIEP PHU,MM AN PHU,AN RICE CRACKER SEAWEED 111.3G,3.549696,0.6,2.0,4.129818,LT_AN RICE CRACKER SEAWEED 111.3G_T20_5,1.0
CG_LT,20,,MM HIEP PHU,MM BINH PHU,AN RICE CRACKER SEAWEED 111.3G,4.132,0.6,2.0,4.4792,LT_AN RICE CRACKER SEAWEED 111.3G_T20_5,1.0
CG_LT,21,,MM BINH PHU,MM AN PHU,AN RICE CRACKER SEAWEED 111.3G,4.441216,0.6,1.127305,3.792034,LT_AN RICE CRACKER SEAWEED 111.3G_T21_1,0.563652
CG_LT,21,,MM HIEP PHU,MM AN PHU,AN RICE CRACKER SEAWEED 111.3G,4.260359,0.6,1.127305,3.68352,LT_AN RICE CRACKER SEAWEED 111.3G_T21_1,0.563652
CG_LT,21,,MM HIEP PHU,MM DA NANG,AN RICE CRACKER SEAWEED 111.3G,5.133915,0.6,1.127305,4.207654,LT_AN RICE CRACKER SEAWEED 111.3G_T21_1,0.563652
CG_LT,21,,MM BINH PHU,MM DA NANG,AN RICE CRACKER SEAWEED 111.3G,9.99922,0.6,2.0,7.999532,LT_AN RICE CRACKER SEAWEED 111.3G_T21_2,1.0
CG_LT,21,,MM HIEP PHU,MM DA NANG,AN RICE CRACKER SEAWEED 111.3G,1.90732,0.6,2.0,3.144392,LT_AN RICE CRACKER SEAWEED 111.3G_T21_2,1.0
CG_LT,22,,MM BINH PHU,MM DA NANG,AN RICE CRACKER SEAWEED 111.3G,4.738235,0.6,2.0,4.842941,LT_AN RICE CRACKER SEAWEED 111.3G_T22_3,1.0
CG_LT,22,,MM BINH PHU,MM AN PHU,AN RICE CRACKER SEAWEED 111.3G,1.36327,0.6,1.72101,2.538972,LT_AN RICE CRACKER SEAWEED 111.3G_T22_5,0.860505
CG_LT,22,,MM BINH PHU,MM DA NANG,AN RICE CRACKER SEAWEED 111.3G,6.988252,0.6,1.72101,5.913961,LT_AN RICE CRACKER SEAWEED 111.3G_T22_5,0.860505
CG_LT,22,,MM HIEP PHU,MM AN PHU,AN RICE CRACKER SEAWEED 111.3G,1.045037,0.6,1.72101,2.348033,LT_AN RICE CRACKER SEAWEED 111.3G_T22_5,0.860505
CG_LT,22,,MM HIEP PHU,MM DA NANG,AN RICE CRACKER SEAWEED 111.3G,7.273513,0.6,1.72101,6.085118,LT_AN RICE CRACKER SEAWEED 111.3G_T22_5,0.860505
CG_LT,23,,MM BINH PHU,MM AN PHU,AN RICE CRACKER SEAWEED 111.3G,3.295045,0.6,1.849089,3.826116,LT_AN RICE CRACKER SEAWEED 111.3G_T23_2,0.924545
CG_LT,23,,MM HIEP PHU,MM AN PHU,AN RICE CRACKER SEAWEED 111.3G,4.477369,0.6,1.849089,4.535511,LT_AN RICE CRACKER SEAWEED 111.3G_T23_2,0.924545
CG_LT,23,,MM HIEP PHU,MM DA NANG,AN RICE CRACKER SEAWEED 111.3G,8.922375,0.6,1.849089,7.202514,LT_AN RICE CRACKER SEAWEED 111.3G_T23_2,0.924545
CG_LT,23,,MM BINH PHU,MM AN PHU,AN RICE CRACKER SEAWEED 111.3G,1.564579,0.6,2.0,2.938747,LT_AN RICE CRACKER SEAWEED 111.3G_T23_4,1.0
CG_LT,23,,MM BINH PHU,MM DA NANG,AN RICE CRACKER SEAWEED 111.3G,9.077625,0.6,2.0,7.446575,LT_AN RICE CRACKER SEAWEED 111.3G_T23_4,1.0
CG_LT,24,,MM BINH PHU,MM DA NANG,AN RICE CRACKER SEAWEED 111.3G,8.537052,0.6,2.0,7.122231,LT_AN RICE CRACKER SEAWEED 111.3G_T24_2,1.0
CG_LT,24,,MM BINH PHU,MM AN PHU,AN RICE CRACKER SEAWEED 111.3G,4.95125,0.6,1.45919,4.429941,LT_AN RICE CRACKER SEAWEED 111.3G_T24_3,0.729595
CG_LT,24,,MM BINH PHU,MM DA NANG,AN RICE CRACKER SEAWEED 111.3G,5.07592,0.6,1.45919,4.504742,LT_AN RICE CRACKER SEAWEED 111.3G_T24_3,0.729595
CG_LT,24,,MM HIEP PHU,MM DA NANG,AN RICE CRACKER SEAWEED 111.3G,3.387028,0.6,1.45919,3.491407,LT_AN RICE CRACKER SEAWEED 111.3G_T24_3,0.729595
CG_LT,25,,MM BINH PHU,MM AN PHU,AN RICE CRACKER SEAWEED 111.3G,3.739525,0.6,0.913537,3.157252,LT_AN RICE CRACKER SEAWEED 111.3G_T25_2,0.456768
CG_LT,25,,MM BINH PHU,MM DA NANG,AN RICE CRACKER SEAWEED 111.3G,0.77253,0.6,0.913537,1.377055,LT_AN RICE CRACKER SEAWEED 111.3G_T25_2,0.456768
CG_LT,25,,MM HIEP PHU,MM AN PHU,AN RICE CRACKER SEAWEED 111.3G,2.722818,0.6,0.913537,2.547227,LT_AN RICE CRACKER SEAWEED 111.3G_T25_2,0.456768
CG_LT,25,,MM HIEP PHU,MM DA NANG,AN RICE CRACKER SEAWEED 111.3G,4.199155,0.6,0.913537,3.43303,LT_AN RICE CRACKER SEAWEED 111.3G_T25_2,0.456768
CG_LT,25,,MM BINH PHU,MM AN PHU,AN RICE CRACKER SEAWEED 111.3G,4.374046,0.6,2.0,4.624428,LT_AN RICE CRACKER SEAWEED 111.3G_T25_4,1.0
CG_LT,25,,MM BINH PHU,MM AN PHU,AN RICE CRACKER SEAWEED 111.3G,6.562419,0.6,2.0,5.937452,LT_AN RICE CRACKER SEAWEED 111.3G_T25_5,1.0
CG_LT,25,,MM BINH PHU,MM DA NANG,AN RICE CRACKER SEAWEED 111.3G,6.969683,0.6,2.0,6.18181,LT_AN RICE CRACKER SEAWEED 111.3G_T25_5,1.0
CG_LT,25,,MM HIEP PHU,MM AN PHU,AN RICE CRACKER SEAWEED 111.3G,9.138503,0.6,2.0,7.483102,LT_AN RICE CRACKER SEAWEED 111.3G_T25_5,1.0
CG_LT,25,,MM HIEP PHU,MM DA NANG,AN RICE CRACKER SEAWEED 111.3G,5.914116,0.6,2.0,5.54847,LT_AN RICE CRACKER SEAWEED 111.3G_T25_5,1.0
CG_LT,26,,MM BINH PHU,MM AN PHU,AN RICE CRACKER SEAWEED 111.3G,5.558322,0.6,2.0,5.334993,LT_AN RICE CRACKER SEAWEED 111.3G_T26_1,1.0
CG_LT,26,,MM HIEP PHU,MM DA NANG,AN RICE CRACKER SEAWEED 111.3G,7.415338,0.6,2.0,6.449203,LT_AN RICE CRACKER SEAWEED 111.3G_T26_1,1.0
CG_LT,26,,MM BINH PHU,MM AN PHU,AN RICE CRACKER SEAWEED 111.3G,9.439994,0.6,2.0,7.663996,LT_AN RICE CRACKER SEAWEED 111.3G_T26_2,1.0
CG_LT,26,,MM BINH PHU,MM DA NANG,AN RICE CRACKER SEAWEED 111.3G,4.746326,0.6,2.0,4.847796,LT_AN RICE CRACKER SEAWEED 111.3G_T26_2,1.0
CG_LT,26,,MM HIEP PHU,MM AN PHU,AN RICE CRACKER SEAWEED 111.3G,6.684665,0.6,2.0,6.010799,LT_AN RICE CRACKER SEAWEED 111.3G_T26_2,1.0
CG_LT,26,,MM HIEP PHU,MM DA NANG,AN RICE CRACKER SEAWEED 111.3G,4.017232,0.6,2.0,4.410339,LT_AN RICE CRACKER SEAWEED 111.3G_T26_2,1.0
CG_LT,26,,MM BINH PHU,MM AN PHU,AN RICE CRACKER SEAWEED 111.3G,8.265134,0.6,2.0,6.95908,LT_AN RICE CRACKER SEAWEED 111.3G_T26_4,1.0
CG_LT,26,,MM BINH PHU,MM DA NANG,AN RICE CRACKER SEAWEED 111.3G,9.399649,0.6,2.0,7.63979,LT_AN RICE CRACKER SEAWEED 111.3G_T26_4,1.0
CG_LT,26,,MM HIEP PHU,MM AN PHU,AN RICE CRACKER SEAWEED 111.3G,2.262728,0.6,2.0,3.357637,LT_AN RICE CRACKER SEAWEED 111.3G_T26_4,1.0
CG_LT,26,,MM BINH PHU,MM DA NANG,AN RICE CRACKER SEAWEED 111.3G,4.500975,0.6,1.133387,3.833971,LT_AN RICE CRACKER SEAWEED 111.3G_T26_5,0.566693
CG_LT,26,,MM HIEP PHU,MM DA NANG,AN RICE CRACKER SEAWEED 111.3G,5.058826,0.6,1.133387,4.168682,LT_AN RICE CRACKER SEAWEED 111.3G_T26_5,0.566693
CG_LT,27,,MM BINH PHU,MM AN PHU,AN RICE CRACKER SEAWEED 111.3G,2.412256,0.6,1.016126,2.463479,LT_AN RICE CRACKER SEAWEED 111.3G_T27_2,0.508063
CG_LT,27,,MM BINH PHU,MM DA NANG,AN RICE CRACKER SEAWEED 111.3G,0.724258,0.6,1.016126,1.450681,LT_AN RICE CRACKER SEAWEED 111.3G_T27_2,0.508063
CG_LT,27,,MM HIEP PHU,MM AN PHU,AN RICE CRACKER SEAWEED 111.3G,2.471431,0.6,1.016126,2.498985,LT_AN RICE CRACKER SEAWEED 111.3G_T27_2,0.508063
CG_LT,27,,MM HIEP PHU,MM DA NANG,AN RICE CRACKER SEAWEED 111.3G,2.320214,0.6,1.016126,2.408254,LT_AN RICE CRACKER SEAWEED 111.3G_T27_2,0.508063
CG_LT,27,,MM BINH PHU,MM AN PHU,AN RICE CRACKER SEAWEED 111.3G,6.990161,0.6,2.0,6.194096,LT_AN RICE CRACKER SEAWEED 111.3G_T27_4,1.0
CG_LT,27,,MM BINH PHU,MM DA NANG,AN RICE CRACKER SEAWEED 111.3G,2.140036,0.6,2.0,3.284022,LT_AN RICE CRACKER SEAWEED 111.3G_T27_4,1.0
CG_LT,27,,MM HIEP PHU,MM DA NANG,AN RICE CRACKER SEAWEED 111.3G,1.293951,0.6,2.0,2.776371,LT_AN RICE CRACKER SEAWEED 111.3G_T27_4,1.0
CG_LT,27,,MM BINH PHU,MM AN PHU,AN RICE CRACKER SEAWEED 111.3G,9.514538,0.6,2.0,7.708723,LT_AN RICE CRACKER SEAWEED 111.3G_T27_5,1.0
CG_LT,27,,MM BINH PHU,MM DA NANG,AN RICE CRACKER SEAWEED 111.3G,6.754212,0.6,2.0,6.052527,LT_AN RICE CRACKER SEAWEED 111.3G_T27_5,1.0
CG_LT,27,,MM HIEP PHU,MM AN PHU,AN RICE CRACKER SEAWEED 111.3G,9.362242,0.6,2.0,7.617345,LT_AN RICE CRACKER SEAWEED 111.3G_T27_5,1.0
CG_LT,27,,MM HIEP PHU,MM DA NANG,AN RICE CRACKER SEAWEED 111.3G,1.128216,0.6,2.0,2.676929,LT_AN RICE CRACKER SEAWEED 111.3G_T27_5,1.0
CG_LT,28,,MM HIEP PHU,MM DA NANG,AN RICE CRACKER SEAWEED 111.3G,6.399509,0.6,2.0,5.839705,LT_AN RICE CRACKER SEAWEED 111.3G_T28_2,1.0
CG_LT,28,,MM HIEP PHU,MM DA NANG,AN RICE CRACKER SEAWEED 111.3G,8.187125,0.6,2.0,6.912275,LT_AN RICE CRACKER SEAWEED 111.3G_T28_3,1.0
CG_LT,28,,MM BINH PHU,MM AN PHU,AN RICE CRACKER SEAWEED 111.3G,0.607357,0.6,0.591769,0.956184,LT_AN RICE CRACKER SEAWEED 111.3G_T28_4,0.295885
CG_LT,28,,MM BINH PHU,MM DA NANG,AN RICE CRACKER SEAWEED 111.3G,2.154586,0.6,0.591769,1.884521,LT_AN RICE CRACKER SEAWEED 111.3G_T28_4,0.295885
CG_LT,28,,MM HIEP PHU,MM DA NANG,AN RICE CRACKER SEAWEED 111.3G,2.258781,0.6,0.591769,1.947038,LT_AN RICE CRACKER SEAWEED 111.3G_T28_4,0.295885
CG_LT,29,,MM BINH PHU,MM AN PHU,AN RICE CRACKER SEAWEED 111.3G,3.692123,0.6,2.0,4.215274,LT_AN RICE CRACKER SEAWEED 111.3G_T29_2,1.0
CG_LT,29,,MM BINH PHU,MM DA NANG,AN RICE CRACKER SEAWEED 111.3G,7.431683,0.6,2.0,6.45901,LT_AN RICE CRACKER SEAWEED 111.3G_T29_2,1.0
CG_LT,29,,MM HIEP PHU,MM AN PHU,AN RICE CRACKER SEAWEED 111.3G,1.845262,0.6,2.0,3.107157,LT_AN RICE CRACKER SEAWEED 111.3G_T29_2,1.0
CG_LT,29,,MM HIEP PHU,MM DA NANG,AN RICE CRACKER SEAWEED 111.3G,4.731509,0.6,2.0,4.838905,LT_AN RICE CRACKER SEAWEED 111.3G_T29_2,1.0
CG_LT,29,,MM BINH PHU,MM AN PHU,AN RICE CRACKER SEAWEED 111.3G,7.725318,0.6,1.75755,6.392741,LT_AN RICE CRACKER SEAWEED 111.3G_T29_5,0.878775
CG_LT,29,,MM BINH PHU,MM DA NANG,AN RICE CRACKER SEAWEED 111.3G,3.731531,0.6,1.75755,3.996469,LT_AN RICE CRACKER SEAWEED 111.3G_T29_5,0.878775
CG_LT,29,,MM HIEP PHU,MM AN PHU,AN RICE CRACKER SEAWEED 111.3G,5.747808,0.6,1.75755,5.206235,LT_AN RICE CRACKER SEAWEED 111.3G_T29_5,0.878775
CG_LT,29,,MM HIEP PHU,MM DA NANG,AN RICE CRACKER SEAWEED 111.3G,5.105276,0.6,1.75755,4.820716,LT_AN RICE CRACKER SEAWEED 111.3G_T29_5,0.878775
CG_LT,30,,MM HIEP PHU,MM AN PHU,AN RICE CRACKER SEAWEED 111.3G,7.30218,0.6,2.0,6.381308,LT_AN RICE CRACKER SEAWEED 111.3G_T30_1,1.0
CG_LT,30,,MM HIEP PHU,MM DA NANG,AN RICE CRACKER SEAWEED 111.3G,6.023018,0.6,2.0,5.613811,LT_AN RICE CRACKER SEAWEED 111.3G_T30_1,1.0
CG_LT,30,,MM BINH PHU,MM AN PHU,AN RICE CRACKER SEAWEED 111.3G,5.169177,0.6,2.0,5.101506,LT_AN RICE CRACKER SEAWEED 111.3G_T30_2,1.0
CG_LT,30,,MM BINH PHU,MM DA NANG,AN RICE CRACKER SEAWEED 111.3G,3.977371,0.6,2.0,4.386422,LT_AN RICE CRACKER SEAWEED 111.3G_T30_2,1.0
CG_LT,30,,MM HIEP PHU,MM AN PHU,AN RICE CRACKER SEAWEED 111.3G,6.637984,0.6,2.0,5.98279,LT_AN RICE CRACKER SEAWEED 111.3G_T30_2,1.0
CG_LT,30,,MM HIEP PHU,MM DA NANG,AN RICE CRACKER SEAWEED 111.3G,5.340776,0.6,2.0,5.204466,LT_AN RICE CRACKER SEAWEED 111.3G_T30_2,1.0
CG_LT,30,,MM BINH PHU,MM AN PHU,AN RICE CRACKER SEAWEED 111.3G,6.514239,0.6,2.0,5.908543,LT_AN RICE CRACKER SEAWEED 111.3G_T30_4,1.0
CG_LT,30,,MM BINH PHU,MM DA NANG,AN RICE CRACKER SEAWEED 111.3G,6.096065,0.6,2.0,5.657639,LT_AN RICE CRACKER SEAWEED 111.3G_T30_4,1.0
CG_LT,30,,MM HIEP PHU,MM AN PHU,AN RICE CRACKER SEAWEED 111.3G,7.968106,0.6,2.0,6.780864,LT_AN RICE CRACKER SEAWEED 111.3G_T30_4,1.0
CG_LT,30,,MM HIEP PHU,MM DA NANG,AN RICE CRACKER SEAWEED 111.3G,2.163853,0.6,2.0,3.298312,LT_AN RICE CRACKER SEAWEED 111.3G_T30_4,1.0
CG_LT,30,,MM BINH PHU,MM AN PHU,AN RICE CRACKER SEAWEED 111.3G,1.402168,0.6,0.775723,1.617024,LT_AN RICE CRACKER SEAWEED 111.3G_T30_5,0.387862
CG_LT,30,,MM BINH PHU,MM DA NANG,AN RICE CRACKER SEAWEED 111.3G,2.75138,0.6,0.775723,2.426551,LT_AN RICE CRACKER SEAWEED 111.3G_T30_5,0.387862
CG_LT,30,,MM HIEP PHU,MM AN PHU,AN RICE CRACKER SEAWEED 111.3G,1.339827,0.6,0.775723,1.579619,LT_AN RICE CRACKER SEAWEED 111.3G_T30_5,0.387862
CG_LT,30,,MM HIEP PHU,MM DA NANG,AN RICE CRACKER SEAWEED 111.3G,1.20841,0.6,0.775723,1.500769,LT_AN RICE CRACKER SEAWEED 111.3G_T30_5,0.387862
CG_LT,38,,MM BINH PHU,MM DA NANG,AN RICE CRACKER SEAWEED 111.3G,6.879963,0.6,2.0,6.127978,LT_AN RICE CRACKER SEAWEED 111.3G_T38_1,1.0
CG_LT,38,,MM HIEP PHU,MM DA NANG,AN RICE CRACKER SEAWEED 111.3G,7.027516,0.6,2.0,6.21651,LT_AN RICE CRACKER SEAWEED 111.3G_T38_1,1.0
CG_LT,39,,MM BINH PHU,MM DA NANG,AN RICE CRACKER SEAWEED 111.3G,9.634939,0.6,2.0,7.780963,LT_AN RICE CRACKER SEAWEED 111.3G_T39_2,1.0
CG_LT,39,,MM HIEP PHU,MM DA NANG,AN RICE CRACKER SEAWEED 111.3G,1.178853,0.6,2.0,2.707312,LT_AN RICE CRACKER SEAWEED 111.3G_T39_2,1.0
CG_LT,39,,MM BINH PHU,MM AN PHU,AN RICE CRACKER SEAWEED 111.3G,1.034476,0.6,0.571606,1.192291,LT_AN RICE CRACKER SEAWEED 111.3G_T39_3,0.285803
CG_LT,39,,MM BINH PHU,MM DA NANG,AN RICE CRACKER SEAWEED 111.3G,2.68435,0.6,0.571606,2.182216,LT_AN RICE CRACKER SEAWEED 111.3G_T39_3,0.285803
CG_LT,39,,MM HIEP PHU,MM AN PHU,AN RICE CRACKER SEAWEED 111.3G,1.11995,0.6,0.571606,1.243575,LT_AN RICE CRACKER SEAWEED 111.3G_T39_3,0.285803
CG_LT,39,,MM HIEP PHU,MM DA NANG,AN RICE CRACKER SEAWEED 111.3G,1.294841,0.6,0.571606,1.34851,LT_AN RICE CRACKER SEAWEED 111.3G_T39_3,0.285803
CG_LT,39,,MM BINH PHU,MM DA NANG,AN RICE CRACKER SEAWEED 111.3G,3.582428,0.6,2.0,4.149457,LT_AN RICE CRACKER SEAWEED 111.3G_T39_5,1.0
CG_LT,39,,MM HIEP PHU,MM AN PHU,AN RICE CRACKER SEAWEED 111.3G,5.849803,0.6,2.0,5.509882,LT_AN RICE CRACKER SEAWEED 111.3G_T39_5,1.0
CG_LT,39,,MM HIEP PHU,MM DA NANG,AN RICE CRACKER SEAWEED 111.3G,8.747421,0.6,2.0,7.248453,LT_AN RICE CRACKER SEAWEED 111.3G_T39_5,1.0
CG_LT,40,,MM BINH PHU,MM AN PHU,AN RICE CRACKER SEAWEED 111.3G,9.548151,0.6,2.0,7.728891,LT_AN RICE CRACKER SEAWEED 111.3G_T40_1,1.0
CG_LT,40,,MM HIEP PHU,MM AN PHU,AN RICE CRACKER SEAWEED 111.3G,2.37366,0.6,2.0,3.424196,LT_AN RICE CRACKER SEAWEED 111.3G_T40_1,1.0
CG_LT,40,,MM BINH PHU,MM AN PHU,AN RICE CRACKER SEAWEED 111.3G,0.614345,0.6,0.246465,0.615072,LT_AN RICE CRACKER SEAWEED 111.3G_T40_4,0.123232
CG_LT,40,,MM HIEP PHU,MM AN PHU,AN RICE CRACKER SEAWEED 111.3G,0.817184,0.6,0.246465,0.736775,LT_AN RICE CRACKER SEAWEED 111.3G_T40_4,0.123232
CG_LT,44,,MM BINH PHU,MM DA NANG,AN RICE CRACKER SEAWEED 111.3G,4.981241,0.6,2.0,4.988745,LT_AN RICE CRACKER SEAWEED 111.3G_T44_1,1.0
CG_LT,44,,MM AN PHU,MM DA NANG,AN RICE CRACKER SEAWEED 111.3G,0.729013,0.6,0.36761,0.805018,LT_AN RICE CRACKER SEAWEED 111.3G_T44_2,0.183805
CG_LT,44,,MM BINH PHU,MM DA NANG,AN RICE CRACKER SEAWEED 111.3G,0.411922,0.6,0.36761,0.614763,LT_AN RICE CRACKER SEAWEED 111.3G_T44_2,0.183805
CG_LT,44,,MM HIEP PHU,MM DA NANG,AN RICE CRACKER SEAWEED 111.3G,0.543381,0.6,0.36761,0.693639,LT_AN RICE CRACKER SEAWEED 111.3G_T44_2,0.183805
CG_LT,44,,MM AN PHU,MM DA NANG,AN RICE CRACKER SEAWEED 111.3G,9.876776,0.6,2.0,7.926066,LT_AN RICE CRACKER SEAWEED 111.3G_T44_3,1.0
CG_LT,44,,MM BINH PHU,MM DA NANG,AN RICE CRACKER SEAWEED 111.3G,5.308983,0.6,2.0,5.18539,LT_AN RICE CRACKER SEAWEED 111.3G_T44_3,1.0
CG_LT,44,,MM HIEP PHU,MM DA NANG,AN RICE CRACKER SEAWEED 111.3G,6.598366,0.6,2.0,5.959019,LT_AN RICE CRACKER SEAWEED 111.3G_T44_3,1.0
CG_LT,44,,MM HIEP PHU,MM DA NANG,AN RICE CRACKER SEAWEED 111.3G,5.152401,0.6,2.0,5.091441,LT_AN RICE CRACKER SEAWEED 111.3G_T44_4,1.0
CG_LT,44,,MM AN PHU,MM DA NANG,AN RICE CRACKER SEAWEED 111.3G,2.284044,0.6,2.0,3.370427,LT_AN RICE CRACKER SEAWEED 111.3G_T44_5,1.0
CG_LT,44,,MM BINH PHU,MM DA NANG,AN RICE CRACKER SEAWEED 111.3G,5.059984,0.6,2.0,5.035991,LT_AN RICE CRACKER SEAWEED 111.3G_T44_5,1.0
CG_LT,44,,MM HIEP PHU,MM DA NANG,AN RICE CRACKER SEAWEED 111.3G,8.881088,0.6,2.0,7.328653,LT_AN RICE CRACKER SEAWEED 111.3G_T44_5,1.0
CG_LT,45,,MM AN PHU,MM DA NANG,AN RICE CRACKER SEAWEED 111.3G,9.256846,0.6,2.0,7.554107,LT_AN RICE CRACKER SEAWEED 111.3G_T45_3,1.0
CG_LT,45,,MM HIEP PHU,MM DA NANG,AN RICE CRACKER SEAWEED 111.3G,9.735634,0.6,2.0,7.84138,LT_AN RICE CRACKER SEAWEED 111.3G_T45_3,1.0
CG_LT,45,,MM HIEP PHU,MM DA NANG,AN RICE CRACKER SEAWEED 111.3G,3.007521,0.6,0.756713,2.561225,LT_AN RICE CRACKER SEAWEED 111.3G_T45_5,0.378356
CG_LT,46,,MM HIEP PHU,MM DA NANG,AN RICE CRACKER SEAWEED 111.3G,9.102054,0.6,2.0,7.461233,LT_AN RICE CRACKER SEAWEED 111.3G_T46_3,1.0
CG_LT,46,,MM AN PHU,MM DA NANG,AN RICE CRACKER SEAWEED 111.3G,5.669231,0.6,1.325886,4.727425,LT_AN RICE CRACKER SEAWEED 111.3G_T46_4,0.662943
CG_LT,46,,MM BINH PHU,MM DA NANG,AN RICE CRACKER SEAWEED 111.3G,4.407301,0.6,1.325886,3.970267,LT_AN RICE CRACKER SEAWEED 111.3G_T46_4,0.662943
CG_LT,46,,MM HIEP PHU,MM DA NANG,AN RICE CRACKER SEAWEED 111.3G,3.821413,0.6,1.325886,3.618734,LT_AN RICE CRACKER SEAWEED 111.3G_T46_4,0.662943
CG_LT,47,,MM AN PHU,MM DA NANG,AN RICE CRACKER SEAWEED 111.3G,4.293924,0.6,1.268645,3.844999,LT_AN RICE CRACKER SEAWEED 111.3G_T47_1,0.634322
CG_LT,47,,MM BINH PHU,MM DA NANG,AN RICE CRACKER SEAWEED 111.3G,5.604306,0.6,1.268645,4.631228,LT_AN RICE CRACKER SEAWEED 111.3G_T47_1,0.634322
CG_LT,47,,MM HIEP PHU,MM DA NANG,AN RICE CRACKER SEAWEED 111.3G,2.361891,0.6,1.268645,2.68578,LT_AN RICE CRACKER SEAWEED 111.3G_T47_1,0.634322
CG_LT,47,,MM AN PHU,MM DA NANG,AN RICE CRACKER SEAWEED 111.3G,7.66434,0.6,2.0,6.598604,LT_AN RICE CRACKER SEAWEED 111.3G_T47_5,1.0
CG_LT,47,,MM BINH PHU,MM DA NANG,AN RICE CRACKER SEAWEED 111.3G,8.95588,0.6,2.0,7.373528,LT_AN RICE CRACKER SEAWEED 111.3G_T47_5,1.0
CG_LT,47,,MM HIEP PHU,MM DA NANG,AN RICE CRACKER SEAWEED 111.3G,9.11966,0.6,2.0,7.471796,LT_AN RICE CRACKER SEAWEED 111.3G_T47_5,1.0
CG_LT,48,,MM BINH PHU,MM DA NANG,AN RICE CRACKER SEAWEED 111.3G,8.051331,0.6,2.0,6.830798,LT_AN RICE CRACKER SEAWEED 111.3G_T48_1,1.0
CG_LT,48,,MM HIEP PHU,MM DA NANG,AN RICE CRACKER SEAWEED 111.3G,5.092731,0.6,2.0,5.055638,LT_AN RICE CRACKER SEAWEED 111.3G_T48_1,1.0
CG_LT,48,,MM BINH PHU,MM AN PHU,AN RICE CRACKER SEAWEED 111.3G,5.00952,0.6,2.0,5.005712,LT_AN RICE CRACKER SEAWEED 111.3G_T48_2,1.0
CG_LT,48,,MM HIEP PHU,MM DA NANG,AN RICE CRACKER SEAWEED 111.3G,3.111719,0.6,2.0,3.867031,LT_AN RICE CRACKER SEAWEED 111.3G_T48_2,1.0
CG_LT,48,,MM BINH PHU,MM AN PHU,AN RICE CRACKER SEAWEED 111.3G,7.019768,0.6,2.0,6.211861,LT_AN RICE CRACKER SEAWEED 111.3G_T48_3,1.0
CG_LT,48,,MM HIEP PHU,MM AN PHU,AN RICE CRACKER SEAWEED 111.3G,5.952509,0.6,2.0,5.571506,LT_AN RICE CRACKER SEAWEED 111.3G_T48_3,1.0
CG_LT,48,,MM HIEP PHU,MM DA NANG,AN RICE CRACKER SEAWEED 111.3G,5.941011,0.6,2.0,5.564607,LT_AN RICE CRACKER SEAWEED 111.3G_T48_3,1.0
CG_LT,48,,MM BINH PHU,MM AN PHU,AN RICE CRACKER SEAWEED 111.3G,2.248868,0.6,2.0,3.349321,LT_AN RICE CRACKER SEAWEED 111.3G_T48_4,1.0
CG_LT,48,,MM BINH PHU,MM DA NANG,AN RICE CRACKER SEAWEED 111.3G,2.249185,0.6,2.0,3.349511,LT_AN RICE CRACKER SEAWEED 111.3G_T48_4,1.0
CG_LT,48,,MM HIEP PHU,MM AN PHU,AN RICE CRACKER SEAWEED 111.3G,7.146875,0.6,2.0,6.288125,LT_AN RICE CRACKER SEAWEED 111.3G_T48_4,1.0
CG_LT,48,,MM HIEP PHU,MM DA NANG,AN RICE CRACKER SEAWEED 111.3G,8.974482,0.6,2.0,7.384689,LT_AN RICE CRACKER SEAWEED 111.3G_T48_4,1.0
CG_LT,48,,MM BINH PHU,MM DA NANG,AN RICE CRACKER SEAWEED 111.3G,2.26075,0.6,2.0,3.35645,LT_AN RICE CRACKER SEAWEED 111.3G_T48_5,1.0
CG_LT,48,,MM HIEP PHU,MM AN PHU,AN RICE CRACKER SEAWEED 111.3G,3.230947,0.6,2.0,3.938568,LT_AN RICE CRACKER SEAWEED 111.3G_T48_5,1.0
CG_LT,48,,MM HIEP PHU,MM DA NANG,AN RICE CRACKER SEAWEED 111.3G,1.892288,0.6,2.0,3.135373,LT_AN RICE CRACKER SEAWEED 111.3G_T48_5,1.0
CG_LT,49,,MM BINH PHU,MM AN PHU,AN RICE CRACKER SEAWEED 111.3G,4.933209,0.6,2.0,4.959925,LT_AN RICE CRACKER SEAWEED 111.3G_T49_1,1.0
CG_LT,49,,MM BINH PHU,MM DA NANG,AN RICE CRACKER SEAWEED 111.3G,1.710942,0.6,2.0,3.026565,LT_AN RICE CRACKER SEAWEED 111.3G_T49_1,1.0
CG_LT,49,,MM HIEP PHU,MM DA NANG,AN RICE CRACKER SEAWEED 111.3G,9.348157,0.6,2.0,7.608894,LT_AN RICE CRACKER SEAWEED 111.3G_T49_1,1.0
CG_LT,49,,MM BINH PHU,MM DA NANG,AN RICE CRACKER SEAWEED 111.3G,2.889386,0.6,2.0,3.733632,LT_AN RICE CRACKER SEAWEED 111.3G_T49_3,1.0
CG_LT,49,,MM HIEP PHU,MM AN PHU,AN RICE CRACKER SEAWEED 111.3G,5.113048,0.6,2.0,5.067829,LT_AN RICE CRACKER SEAWEED 111.3G_T49_3,1.0
CG_LT,49,,MM BINH PHU,MM AN PHU,AN RICE CRACKER SEAWEED 111.3G,7.77028,0.6,2.0,6.662168,LT_AN RICE CRACKER SEAWEED 111.3G_T49_5,1.0
CG_LT,49,,MM BINH PHU,MM DA NANG,AN RICE CRACKER SEAWEED 111.3G,1.070088,0.6,2.0,2.642053,LT_AN RICE CRACKER SEAWEED 111.3G_T49_5,1.0
CG_LT,49,,MM HIEP PHU,MM AN PHU,AN RICE CRACKER SEAWEED 111.3G,8.32899,0.6,2.0,6.997394,LT_AN RICE CRACKER SEAWEED 111.3G_T49_5,1.0
CG_LT,49,,MM HIEP PHU,MM DA NANG,AN RICE CRACKER SEAWEED 111.3G,9.559295,0.6,2.0,7.735577,LT_AN RICE CRACKER SEAWEED 111.3G_T49_5,1.0
CG_LT,50,,MM BINH PHU,MM AN PHU,AN RICE CRACKER SEAWEED 111.3G,7.927554,0.6,2.0,6.756532,LT_AN RICE CRACKER SEAWEED 111.3G_T50_1,1.0
CG_LT,50,,MM BINH PHU,MM DA NANG,AN RICE CRACKER SEAWEED 111.3G,4.922515,0.6,2.0,4.953509,LT_AN RICE CRACKER SEAWEED 111.3G_T50_1,1.0
CG_LT,50,,MM HIEP PHU,MM AN PHU,AN RICE CRACKER SEAWEED 111.3G,3.809919,0.6,2.0,4.285952,LT_AN RICE CRACKER SEAWEED 111.3G_T50_1,1.0
CG_LT,50,,MM HIEP PHU,MM DA NANG,AN RICE CRACKER SEAWEED 111.3G,8.324464,0.6,2.0,6.994678,LT_AN RICE CRACKER SEAWEED 111.3G_T50_1,1.0
CG_LT,50,,MM BINH PHU,MM AN PHU,AN RICE CRACKER SEAWEED 111.3G,8.696607,0.6,2.0,7.217964,LT_AN RICE CRACKER SEAWEED 111.3G_T50_2,1.0
CG_LT,50,,MM BINH PHU,MM DA NANG,AN RICE CRACKER SEAWEED 111.3G,8.579126,0.6,2.0,7.147476,LT_AN RICE CRACKER SEAWEED 111.3G_T50_2,1.0
CG_LT,50,,MM HIEP PHU,MM AN PHU,AN RICE CRACKER SEAWEED 111.3G,4.278506,0.6,2.0,4.567104,LT_AN RICE CRACKER SEAWEED 111.3G_T50_2,1.0
CG_LT,50,,MM HIEP PHU,MM DA NANG,AN RICE CRACKER SEAWEED 111.3G,3.030639,0.6,2.0,3.818383,LT_AN RICE CRACKER SEAWEED 111.3G_T50_2,1.0
CG_LT,50,,MM HIEP PHU,MM AN PHU,AN RICE CRACKER SEAWEED 111.3G,7.885987,0.6,2.0,6.731592,LT_AN RICE CRACKER SEAWEED 111.3G_T50_3,1.0
CG_LT,50,,MM HIEP PHU,MM DA NANG,AN RICE CRACKER SEAWEED 111.3G,8.469302,0.6,2.0,7.081581,LT_AN RICE CRACKER SEAWEED 111.3G_T50_3,1.0
CG_LT,50,,MM HIEP PHU,MM DA NANG,AN RICE CRACKER SEAWEED 111.3G,2.307373,0.6,2.0,3.384424,LT_AN RICE CRACKER SEAWEED 111.3G_T50_4,1.0
CG_LT,50,,MM BINH PHU,MM AN PHU,AN RICE CRACKER SEAWEED 111.3G,5.183927,0.6,2.0,5.110356,LT_AN RICE CRACKER SEAWEED 111.3G_T50_5,1.0
CG_LT,50,,MM BINH PHU,MM DA NANG,AN RICE CRACKER SEAWEED 111.3G,5.312229,0.6,2.0,5.187337,LT_AN RICE CRACKER SEAWEED 111.3G_T50_5,1.0
CG_LT,52,,MM BINH PHU,MM AN PHU,AN RICE CRACKER SEAWEED 111.3G,9.606091,0.6,2.0,7.763655,LT_AN RICE CRACKER SEAWEED 111.3G_T52_1,1.0
CG_LT,52,,MM BINH PHU,MM DA NANG,AN RICE CRACKER SEAWEED 111.3G,3.675217,0.6,2.0,4.20513,LT_AN RICE CRACKER SEAWEED 111.3G_T52_1,1.0
CG_LT,52,,MM BINH PHU,MM DA NANG,AN RICE CRACKER SEAWEED 111.3G,2.778894,0.6,2.0,3.667336,LT_AN RICE CRACKER SEAWEED 111.3G_T52_3,1.0
CG_LT,52,,MM HIEP PHU,MM DA NANG,AN RICE CRACKER SEAWEED 111.3G,2.974986,0.6,2.0,3.784991,LT_AN RICE CRACKER SEAWEED 111.3G_T52_3,1.0
CG_LT,52,,MM BINH PHU,MM AN PHU,AN RICE CRACKER SEAWEED 111.3G,3.575441,0.6,2.0,4.145265,LT_AN RICE CRACKER SEAWEED 111.3G_T52_4,1.0
CG_LT,52,,MM BINH PHU,MM DA NANG,AN RICE CRACKER SEAWEED 111.3G,7.083976,0.6,2.0,6.250386,LT_AN RICE CRACKER SEAWEED 111.3G_T52_4,1.0
CG_LT,52,,MM HIEP PHU,MM AN PHU,AN RICE CRACKER SEAWEED 111.3G,6.930163,0.6,2.0,6.158098,LT_AN RICE CRACKER SEAWEED 111.3G_T52_4,1.0
CG_LT,52,,MM HIEP PHU,MM DA NANG,AN RICE CRACKER SEAWEED 111.3G,6.260939,0.6,2.0,5.756563,LT_AN RICE CRACKER SEAWEED 111.3G_T52_4,1.0
CG_LT,52,,MM BINH PHU,MM AN PHU,AN RICE CRACKER SEAWEED 111.3G,4.661922,0.6,2.0,4.797153,LT_AN RICE CRACKER SEAWEED 111.3G_T52_5,1.0
CG_LT,52,,MM BINH PHU,MM DA NANG,AN RICE CRACKER SEAWEED 111.3G,1.128001,0.6,2.0,2.6768,LT_AN RICE CRACKER SEAWEED 111.3G_T52_5,1.0
CG_LT,52,,MM HIEP PHU,MM AN PHU,AN RICE CRACKER SEAWEED 111.3G,7.001447,0.6,2.0,6.200868,LT_AN RICE CRACKER SEAWEED 111.3G_T52_5,1.0
CG_LT,52,,MM HIEP PHU,MM DA NANG,AN RICE CRACKER SEAWEED 111.3G,6.991863,0.6,2.0,6.195118,LT_AN RICE CRACKER SEAWEED 111.3G_T52_5,1.0
CG_LT,53,,MM HIEP PHU,MM DA NANG,AN RICE CRACKER SEAWEED 111.3G,4.267285,0.6,2.0,4.560371,LT_AN RICE CRACKER SEAWEED 111.3G_T53_2,1.0
CG_LT,53,,MM BINH PHU,MM DA NANG,AN RICE CRACKER SEAWEED 111.3G,3.585688,0.6,2.0,4.151413,LT_AN RICE CRACKER SEAWEED 111.3G_T53_5,1.0
CG_LT,53,,MM HIEP PHU,MM AN PHU,AN RICE CRACKER SEAWEED 111.3G,4.502926,0.6,2.0,4.701755,LT_AN RICE CRACKER SEAWEED 111.3G_T53_5,1.0
CG_LT,53,,MM HIEP PHU,MM DA NANG,AN RICE CRACKER SEAWEED 111.3G,6.882318,0.6,2.0,6.129391,LT_AN RICE CRACKER SEAWEED 111.3G_T53_5,1.0
CG_LT,54,,MM HIEP PHU,MM AN PHU,AN RICE CRACKER SEAWEED 111.3G,2.149331,0.6,0.480075,1.769673,LT_AN RICE CRACKER SEAWEED 111.3G_T54_2,0.240037
CG_LT,54,,MM HIEP PHU,MM DA NANG,AN RICE CRACKER SEAWEED 111.3G,0.853488,0.6,0.480075,0.992167,LT_AN RICE CRACKER SEAWEED 111.3G_T54_2,0.240037
CG_LT,54,,MM HIEP PHU,MM AN PHU,AN RICE CRACKER SEAWEED 111.3G,9.850669,0.6,2.0,7.910401,LT_AN RICE CRACKER SEAWEED 111.3G_T54_5,1.0
CG_LT,55,,MM BINH PHU,MM DA NANG,AN RICE CRACKER SEAWEED 111.3G,4.24839,0.6,2.0,4.549034,LT_AN RICE CRACKER SEAWEED 111.3G_T55_2,1.0
CG_LT,55,,MM HIEP PHU,MM DA NANG,AN RICE CRACKER SEAWEED 111.3G,7.245724,0.6,2.0,6.347435,LT_AN RICE CRACKER SEAWEED 111.3G_T55_2,1.0
CG_LT,55,,MM BINH PHU,MM DA NANG,AN RICE CRACKER SEAWEED 111.3G,0.093691,0.6,0.056964,0.113179,LT_AN RICE CRACKER SEAWEED 111.3G_T55_4,0.028482
CG_LT,55,,MM HIEP PHU,MM DA NANG,AN RICE CRACKER SEAWEED 111.3G,0.159808,0.6,0.056964,0.152849,LT_AN RICE CRACKER SEAWEED 111.3G_T55_4,0.028482
CG_LT,55,,MM BINH PHU,MM DA NANG,AN RICE CRACKER SEAWEED 111.3G,5.252387,0.6,2.0,5.151432,LT_AN RICE CRACKER SEAWEED 111.3G_T55_5,1.0
CG_LT,56,,MM BINH PHU,MM AN PHU,AN RICE CRACKER SEAWEED 111.3G,7.754237,0.6,2.0,6.652542,LT_AN RICE CRACKER SEAWEED 111.3G_T56_5,1.0
CG_LT,62,,MM BINH PHU,MM AN PHU,AN RICE CRACKER SEAWEED 111.3G,0.17195,0.6,0.183999,0.287169,LT_AN RICE CRACKER SEAWEED 111.3G_T62_1,0.092
CG_LT,62,,MM BINH PHU,MM AN PHU,AN RICE CRACKER SEAWEED 111.3G,8.349944,0.6,2.0,7.009966,LT_AN RICE CRACKER SEAWEED 111.3G_T62_2,1.0
CG_LT,62,,MM BINH PHU,MM AN PHU,AN RICE CRACKER SEAWEED 111.3G,6.619296,0.6,2.0,5.971578,LT_AN RICE CRACKER SEAWEED 111.3G_T62_5,1.0
CG_LT,62,,MM BINH PHU,MM DA NANG,AN RICE CRACKER SEAWEED 111.3G,4.204916,0.6,2.0,4.52295,LT_AN RICE CRACKER SEAWEED 111.3G_T62_5,1.0
CG_LT,62,,MM HIEP PHU,MM AN PHU,AN RICE CRACKER SEAWEED 111.3G,4.050118,0.6,2.0,4.430071,LT_AN RICE CRACKER SEAWEED 111.3G_T62_5,1.0
CG_LT,63,,MM BINH PHU,MM DA NANG,AN RICE CRACKER SEAWEED 111.3G,1.2891,0.6,0.321012,1.094472,LT_AN RICE CRACKER SEAWEED 111.3G_T63_1,0.160506
CG_LT,64,,MM BINH PHU,MM DA NANG,AN RICE CRACKER SEAWEED 111.3G,1.0,0.6,2.0,2.6,LT_AN RICE CRACKER SEAWEED 111.3G_T64_1,1.0
CG_LT,66,,MM BINH PHU,MM AN PHU,AN RICE CRACKER SEAWEED 111.3G,0.065563,0.6,0.020062,0.059399,LT_AN RICE CRACKER SEAWEED 111.3G_T66_3,0.010031
CG_LT,66,,MM DA NANG,MM AN PHU,AN RICE CRACKER SEAWEED 111.3G,0.087611,0.6,0.020062,0.072628,LT_AN RICE CRACKER SEAWEED 111.3G_T66_3,0.010031
CG_LT,66,,MM HIEP PHU,MM AN PHU,AN RICE CRACKER SEAWEED 111.3G,0.058208,0.6,0.020062,0.054987,LT_AN RICE CRACKER SEAWEED 111.3G_T66_3,0.010031
CG_LT,67,,MM BINH PHU,MM AN PHU,AN RICE CRACKER SEAWEED 111.3G,6.604069,0.6,2.0,5.962442,LT_AN RICE CRACKER SEAWEED 111.3G_T67_1,1.0
CG_LT,67,,MM DA NANG,MM AN PHU,AN RICE CRACKER SEAWEED 111.3G,7.621684,0.6,2.0,6.57301,LT_AN RICE CRACKER SEAWEED 111.3G_T67_1,1.0
CG_LT,67,,MM HIEP PHU,MM AN PHU,AN RICE CRACKER SEAWEED 111.3G,2.43017,0.6,2.0,3.458102,LT_AN RICE CRACKER SEAWEED 111.3G_T67_1,1.0
CG_LT,67,,MM DA NANG,MM AN PHU,AN RICE CRACKER SEAWEED 111.3G,8.002124,0.6,2.0,6.801274,LT_AN RICE CRACKER SEAWEED 111.3G_T67_2,1.0
CG_LT,67,,MM DA NANG,MM AN PHU,AN RICE CRACKER SEAWEED 111.3G,3.687028,0.6,2.0,4.212217,LT_AN RICE CRACKER SEAWEED 111.3G_T67_3,1.0
CG_LT,67,,MM DA NANG,MM AN PHU,AN RICE CRACKER SEAWEED 111.3G,8.799375,0.6,2.0,7.279625,LT_AN RICE CRACKER SEAWEED 111.3G_T67_4,1.0
CG_LT,67,,MM HIEP PHU,MM AN PHU,AN RICE CRACKER SEAWEED 111.3G,6.552723,0.6,2.0,5.931634,LT_AN RICE CRACKER SEAWEED 111.3G_T67_4,1.0
CG_LT,67,,MM DA NANG,MM AN PHU,AN RICE CRACKER SEAWEED 111.3G,1.739974,0.6,1.044706,2.088691,LT_AN RICE CRACKER SEAWEED 111.3G_T67_5,0.522353
CG_LT,67,,MM HIEP PHU,MM AN PHU,AN RICE CRACKER SEAWEED 111.3G,0.543653,0.6,1.044706,1.370898,LT_AN RICE CRACKER SEAWEED 111.3G_T67_5,0.522353
CG_LT,75,,MM BINH PHU,MM AN PHU,AN RICE CRACKER SEAWEED 111.3G,7.036924,0.6,2.0,6.222154,LT_AN RICE CRACKER SEAWEED 111.3G_T75_1,1.0
CG_LT,75,,MM DA NANG,MM AN PHU,AN RICE CRACKER SEAWEED 111.3G,6.331659,0.6,2.0,5.798995,LT_AN RICE CRACKER SEAWEED 111.3G_T75_1,1.0
CG_LT,75,,MM HIEP PHU,MM DA NANG,AN RICE CRACKER SEAWEED 111.3G,0.48342,0.6,2.0,2.290052,LT_AN RICE CRACKER SEAWEED 111.3G_T75_1,1.0
CG_LT,75,,MM BINH PHU,MM AN PHU,AN RICE CRACKER SEAWEED 111.3G,1.944023,0.6,1.89381,3.060224,LT_AN RICE CRACKER SEAWEED 111.3G_T75_2,0.946905
CG_LT,75,,MM HIEP PHU,MM DA NANG,AN RICE CRACKER SEAWEED 111.3G,0.727197,0.6,1.89381,2.330128,LT_AN RICE CRACKER SEAWEED 111.3G_T75_2,0.946905
CG_LT,75,,MM BINH PHU,MM DA NANG,AN RICE CRACKER SEAWEED 111.3G,0.64645,0.6,2.0,2.38787,LT_AN RICE CRACKER SEAWEED 111.3G_T75_3,1.0
CG_LT,75,,MM DA NANG,MM AN PHU,AN RICE CRACKER SEAWEED 111.3G,5.306184,0.6,2.0,5.183711,LT_AN RICE CRACKER SEAWEED 111.3G_T75_3,1.0
CG_LT,75,,MM BINH PHU,MM AN PHU,AN RICE CRACKER SEAWEED 111.3G,7.964606,0.6,2.0,6.778764,LT_AN RICE CRACKER SEAWEED 111.3G_T75_4,1.0
CG_LT,75,,MM BINH PHU,MM DA NANG,AN RICE CRACKER SEAWEED 111.3G,0.478821,0.6,2.0,2.287293,LT_AN RICE CRACKER SEAWEED 111.3G_T75_4,1.0
CG_LT,75,,MM DA NANG,MM AN PHU,AN RICE CRACKER SEAWEED 111.3G,3.028504,0.6,2.0,3.817102,LT_AN RICE CRACKER SEAWEED 111.3G_T75_4,1.0
CG_LT,75,,MM BINH PHU,MM AN PHU,AN RICE CRACKER SEAWEED 111.3G,6.553425,0.6,2.0,5.932055,LT_AN RICE CRACKER SEAWEED 111.3G_T75_5,1.0
CG_LT,75,,MM DA NANG,MM AN PHU,AN RICE CRACKER SEAWEED 111.3G,8.436275,0.6,2.0,7.061765,LT_AN RICE CRACKER SEAWEED 111.3G_T75_5,1.0
CG_LT,75,,MM HIEP PHU,MM DA NANG,AN RICE CRACKER SEAWEED 111.3G,0.603694,0.6,2.0,2.362216,LT_AN RICE CRACKER SEAWEED 111.3G_T75_5,1.0
CG_LT,76,,MM AN PHU,MM DA NANG,AN RICE CRACKER SEAWEED 111.3G,4.174555,0.6,0.91699,3.421723,LT_AN RICE CRACKER SEAWEED 111.3G_T76_4,0.458495
CG_LT,76,,MM BINH PHU,MM DA NANG,AN RICE CRACKER SEAWEED 111.3G,3.077126,0.6,0.91699,2.763266,LT_AN RICE CRACKER SEAWEED 111.3G_T76_4,0.458495
CG_LT,76,,MM HIEP PHU,MM DA NANG,AN RICE CRACKER SEAWEED 111.3G,3.208383,0.6,0.91699,2.84202,LT_AN RICE CRACKER SEAWEED 111.3G_T76_4,0.458495
CG_LT,80,,MM AN PHU,MM DA NANG,AN RICE CRACKER SEAWEED 111.3G,8.800956,0.6,2.0,7.280573,LT_AN RICE CRACKER SEAWEED 111.3G_T80_1,1.0
CG_LT,80,,MM BINH PHU,MM DA NANG,AN RICE CRACKER SEAWEED 111.3G,8.469134,0.6,2.0,7.08148,LT_AN RICE CRACKER SEAWEED 111.3G_T80_1,1.0
CG_LT,80,,MM HIEP PHU,MM DA NANG,AN RICE CRACKER SEAWEED 111.3G,1.565527,0.6,2.0,2.939316,LT_AN RICE CRACKER SEAWEED 111.3G_T80_2,1.0
CG_LT,80,,MM HIEP PHU,MM DA NANG,AN RICE CRACKER SEAWEED 111.3G,6.343071,0.6,2.0,5.805842,LT_AN RICE CRACKER SEAWEED 111.3G_T80_3,1.0
CG_LT,80,,MM AN PHU,MM DA NANG,AN RICE CRACKER SEAWEED 111.3G,7.896856,0.6,2.0,6.738114,LT_AN RICE CRACKER SEAWEED 111.3G_T80_4,1.0
CG_LT,80,,MM BINH PHU,MM DA NANG,AN RICE CRACKER SEAWEED 111.3G,8.423202,0.6,2.0,7.053921,LT_AN RICE CRACKER SEAWEED 111.3G_T80_4,1.0
CG_LT,80,,MM HIEP PHU,MM DA NANG,AN RICE CRACKER SEAWEED 111.3G,1.300097,0.6,2.0,2.780058,LT_AN RICE CRACKER SEAWEED 111.3G_T80_4,1.0
CG_LT,80,,MM AN PHU,MM DA NANG,AN RICE CRACKER SEAWEED 111.3G,8.124075,0.6,2.0,6.874445,LT_AN RICE CRACKER SEAWEED 111.3G_T80_5,1.0
CG_LT,80,,MM BINH PHU,MM DA NANG,AN RICE CRACKER SEAWEED 111.3G,4.863152,0.6,2.0,4.917891,LT_AN RICE CRACKER SEAWEED 111.3G_T80_5,1.0
CG_LT,80,,MM HIEP PHU,MM DA NANG,AN RICE CRACKER SEAWEED 111.3G,9.725352,0.6,2.0,7.835211,LT_AN RICE CRACKER SEAWEED 111.3G_T80_5,1.0
CG_LT,82,,MM HIEP PHU,MM AN PHU,AN RICE CRACKER SEAWEED 111.3G,9.542604,0.6,2.0,7.725563,LT_AN RICE CRACKER SEAWEED 111.3G_T82_1,1.0
CG_LT,82,,MM DA NANG,MM AN PHU,AN RICE CRACKER SEAWEED 111.3G,5.192116,0.6,1.917394,5.032664,LT_AN RICE CRACKER SEAWEED 111.3G_T82_3,0.958697
CG_LT,83,,MM AN PHU,MM DA NANG,AN RICE CRACKER SEAWEED 111.3G,8.99547,0.6,2.0,7.397282,LT_AN RICE CRACKER SEAWEED 111.3G_T83_2,1.0
CG_LT,83,,MM BINH PHU,MM DA NANG,AN RICE CRACKER SEAWEED 111.3G,8.395879,0.6,2.0,7.037528,LT_AN RICE CRACKER SEAWEED 111.3G_T83_2,1.0
CG_LT,83,,MM HIEP PHU,MM AN PHU,AN RICE CRACKER SEAWEED 111.3G,9.723689,0.6,2.0,7.834214,LT_AN RICE CRACKER SEAWEED 111.3G_T83_2,1.0
CG_LT,83,,MM BINH PHU,MM DA NANG,AN RICE CRACKER SEAWEED 111.3G,5.338205,0.6,2.0,5.202923,LT_AN RICE CRACKER SEAWEED 111.3G_T83_3,1.0
CG_LT,83,,MM AN PHU,MM DA NANG,AN RICE CRACKER SEAWEED 111.3G,8.132574,0.6,2.0,6.879544,LT_AN RICE CRACKER SEAWEED 111.3G_T83_4,1.0
CG_LT,83,,MM BINH PHU,MM DA NANG,AN RICE CRACKER SEAWEED 111.3G,8.073358,0.6,2.0,6.844015,LT_AN RICE CRACKER SEAWEED 111.3G_T83_4,1.0
CG_LT,83,,MM HIEP PHU,MM DA NANG,AN RICE CRACKER SEAWEED 111.3G,5.609534,0.6,2.0,5.36572,LT_AN RICE CRACKER SEAWEED 111.3G_T83_4,1.0
CG_LT,89,,MM BINH PHU,MM AN PHU,AN RICE CRACKER SEAWEED 111.3G,2.266044,0.6,2.0,3.359627,LT_AN RICE CRACKER SEAWEED 111.3G_T89_2,1.0
CG_LT,89,,MM BINH PHU,MM DA NANG,AN RICE CRACKER SEAWEED 111.3G,1.567362,0.6,2.0,2.940417,LT_AN RICE CRACKER SEAWEED 111.3G_T89_2,1.0
CG_LT,89,,MM HIEP PHU,MM AN PHU,AN RICE CRACKER SEAWEED 111.3G,9.784415,0.6,2.0,7.870649,LT_AN RICE CRACKER SEAWEED 111.3G_T89_2,1.0
CG_LT,89,,MM HIEP PHU,MM DA NANG,AN RICE CRACKER SEAWEED 111.3G,5.456883,0.6,2.0,5.27413,LT_AN RICE CRACKER SEAWEED 111.3G_T89_2,1.0
CG_LT,90,,MM BINH PHU,MM AN PHU,AN RICE CRACKER SEAWEED 111.3G,3.864419,0.6,2.0,4.318651,LT_AN RICE CRACKER SEAWEED 111.3G_T90_1,1.0
CG_LT,90,,MM BINH PHU,MM DA NANG,AN RICE CRACKER SEAWEED 111.3G,5.402472,0.6,2.0,5.241483,LT_AN RICE CRACKER SEAWEED 111.3G_T90_1,1.0
CG_LT,90,,MM HIEP PHU,MM AN PHU,AN RICE CRACKER SEAWEED 111.3G,8.81674,0.6,2.0,7.290044,LT_AN RICE CRACKER SEAWEED 111.3G_T90_1,1.0
CG_LT,90,,MM HIEP PHU,MM DA NANG,AN RICE CRACKER SEAWEED 111.3G,9.372835,0.6,2.0,7.623701,LT_AN RICE CRACKER SEAWEED 111.3G_T90_1,1.0
CG_LT,90,,MM HIEP PHU,MM AN PHU,AN RICE CRACKER SEAWEED 111.3G,5.644472,0.6,2.0,5.386683,LT_AN RICE CRACKER SEAWEED 111.3G_T90_2,1.0
CG_LT,90,,MM HIEP PHU,MM DA NANG,AN RICE CRACKER SEAWEED 111.3G,8.515248,0.6,2.0,7.109149,LT_AN RICE CRACKER SEAWEED 111.3G_T90_2,1.0
CG_LT,90,,MM BINH PHU,MM AN PHU,AN RICE CRACKER SEAWEED 111.3G,9.637705,0.6,2.0,7.782623,LT_AN RICE CRACKER SEAWEED 111.3G_T90_3,1.0
CG_LT,90,,MM BINH PHU,MM AN PHU,AN RICE CRACKER SEAWEED 111.3G,4.276239,0.6,2.0,4.565743,LT_AN RICE CRACKER SEAWEED 111.3G_T90_4,1.0
CG_LT,90,,MM BINH PHU,MM DA NANG,AN RICE CRACKER SEAWEED 111.3G,5.296601,0.6,2.0,5.177961,LT_AN RICE CRACKER SEAWEED 111.3G_T90_4,1.0
CG_LT,90,,MM HIEP PHU,MM AN PHU,AN RICE CRACKER SEAWEED 111.3G,4.591886,0.6,2.0,4.755131,LT_AN RICE CRACKER SEAWEED 111.3G_T90_4,1.0
CG_LT,90,,MM HIEP PHU,MM DA NANG,AN RICE CRACKER SEAWEED 111.3G,4.692452,0.6,2.0,4.815471,LT_AN RICE CRACKER SEAWEED 111.3G_T90_4,1.0
CG_LT,90,,MM HIEP PHU,MM AN PHU,AN RICE CRACKER SEAWEED 111.3G,2.509703,0.6,2.0,3.505822,LT_AN RICE CRACKER SEAWEED 111.3G_T90_5,1.0
CG_LT,90,,MM HIEP PHU,MM DA NANG,AN RICE CRACKER SEAWEED 111.3G,7.780243,0.6,2.0,6.668146,LT_AN RICE CRACKER SEAWEED 111.3G_T90_5,1.0
CG_LT,92,,MM HIEP PHU,MM DA NANG,AN RICE CRACKER SEAWEED 111.3G,0.114528,0.6,0.10769,0.176407,LT_AN RICE CRACKER SEAWEED 111.3G_T92_1,0.053845
CG_LT,92,,MM HIEP PHU,MM DA NANG,AN RICE CRACKER SEAWEED 111.3G,3.736348,0.6,2.0,4.241809,LT_AN RICE CRACKER SEAWEED 111.3G_T92_2,1.0
CG_LT,92,,MM BINH PHU,MM DA NANG,AN RICE CRACKER SEAWEED 111.3G,4.603831,0.6,2.0,4.762298,LT_AN RICE CRACKER SEAWEED 111.3G_T92_5,1.0
CG_LT,92,,MM HIEP PHU,MM AN PHU,AN RICE CRACKER SEAWEED 111.3G,2.941008,0.6,2.0,3.764605,LT_AN RICE CRACKER SEAWEED 111.3G_T92_5,1.0
CG_LT,92,,MM HIEP PHU,MM DA NANG,AN RICE CRACKER SEAWEED 111.3G,3.545293,0.6,2.0,4.127176,LT_AN RICE CRACKER SEAWEED 111.3G_T92_5,1.0
CG_LT,93,,MM HIEP PHU,MM DA NANG,AN RICE CRACKER SEAWEED 111.3G,4.856991,0.6,2.0,4.914195,LT_AN RICE CRACKER SEAWEED 111.3G_T93_1,1.0
CG_LT,93,,MM BINH PHU,MM DA NANG,AN RICE CRACKER SEAWEED 111.3G,8.840108,0.6,2.0,7.304065,LT_AN RICE CRACKER SEAWEED 111.3G_T93_2,1.0
CG_LT,93,,MM HIEP PHU,MM DA NANG,AN RICE CRACKER SEAWEED 111.3G,2.455769,0.6,2.0,3.473462,LT_AN RICE CRACKER SEAWEED 111.3G_T93_2,1.0
CG_LT,93,,MM BINH PHU,MM DA NANG,AN RICE CRACKER SEAWEED 111.3G,2.240693,0.6,1.235325,2.579741,LT_AN RICE CRACKER SEAWEED 111.3G_T93_4,0.617662
CG_LT,93,,MM HIEP PHU,MM AN PHU,AN RICE CRACKER SEAWEED 111.3G,4.134167,0.6,1.235325,3.715825,LT_AN RICE CRACKER SEAWEED 111.3G_T93_4,0.617662
CG_LT,93,,MM BINH PHU,MM AN PHU,AN RICE CRACKER SEAWEED 111.3G,5.9027,0.6,2.0,5.54162,LT_AN RICE CRACKER SEAWEED 111.3G_T93_5,1.0
CG_LT,93,,MM HIEP PHU,MM AN PHU,AN RICE CRACKER SEAWEED 111.3G,3.652232,0.6,2.0,4.191339,LT_AN RICE CRACKER SEAWEED 111.3G_T93_5,1.0
CG_LT,93,,MM HIEP PHU,MM DA NANG,AN RICE CRACKER SEAWEED 111.3G,9.15812,0.6,2.0,7.494872,LT_AN RICE CRACKER SEAWEED 111.3G_T93_5,1.0
CG_LT,94,,MM BINH PHU,MM AN PHU,AN RICE CRACKER SEAWEED 111.3G,6.470128,0.6,2.0,5.882077,LT_AN RICE CRACKER SEAWEED 111.3G_T94_1,1.0
CG_LT,94,,MM HIEP PHU,MM DA NANG,AN RICE CRACKER SEAWEED 111.3G,3.528208,0.6,2.0,4.116925,LT_AN RICE CRACKER SEAWEED 111.3G_T94_1,1.0
CG_LT,94,,MM BINH PHU,MM DA NANG,AN RICE CRACKER SEAWEED 111.3G,7.13143,0.6,2.0,6.278858,LT_AN RICE CRACKER SEAWEED 111.3G_T94_2,1.0
CG_LT,94,,MM BINH PHU,MM AN PHU,AN RICE CRACKER SEAWEED 111.3G,9.255458,0.6,2.0,7.553275,LT_AN RICE CRACKER SEAWEED 111.3G_T94_3,1.0
CG_LT,94,,MM HIEP PHU,MM AN PHU,AN RICE CRACKER SEAWEED 111.3G,8.420595,0.6,2.0,7.052357,LT_AN RICE CRACKER SEAWEED 111.3G_T94_3,1.0
CG_LT,94,,MM HIEP PHU,MM DA NANG,AN RICE CRACKER SEAWEED 111.3G,7.293718,0.6,2.0,6.376231,LT_AN RICE CRACKER SEAWEED 111.3G_T94_3,1.0
CG_LT,94,,MM BINH PHU,MM DA NANG,AN RICE CRACKER SEAWEED 111.3G,2.657419,0.6,2.0,3.594451,LT_AN RICE CRACKER SEAWEED 111.3G_T94_4,1.0
CG_LT,94,,MM HIEP PHU,MM AN PHU,AN RICE CRACKER SEAWEED 111.3G,4.901161,0.6,2.0,4.940697,LT_AN RICE CRACKER SEAWEED 111.3G_T94_4,1.0
CG_LT,94,,MM HIEP PHU,MM DA NANG,AN RICE CRACKER SEAWEED 111.3G,1.732006,0.6,2.0,3.039203,LT_AN RICE CRACKER SEAWEED 111.3G_T94_4,1.0
CG_LT,94,,MM HIEP PHU,MM DA NANG,AN RICE CRACKER SEAWEED 111.3G,9.918095,0.6,2.0,7.950857,LT_AN RICE CRACKER SEAWEED 111.3G_T94_5,1.0
CG_LT,95,,MM HIEP PHU,MM AN PHU,AN RICE CRACKER SEAWEED 111.3G,4.591509,0.6,2.0,4.754905,LT_AN RICE CRACKER SEAWEED 111.3G_T95_5,1.0
CG_LT,97,,MM BINH PHU,MM AN PHU,AN RICE CRACKER SEAWEED 111.3G,3.146984,0.6,0.637208,2.525399,LT_AN RICE CRACKER SEAWEED 111.3G_T97_1,0.318604
CG_LT,98,,MM BINH PHU,MM AN PHU,AN RICE CRACKER SEAWEED 111.3G,7.035834,0.6,2.0,6.221501,LT_AN RICE CRACKER SEAWEED 111.3G_T98_1,1.0
CG_LT,98,,MM BINH PHU,MM DA NANG,AN RICE CRACKER SEAWEED 111.3G,5.956731,0.6,2.0,5.574039,LT_AN RICE CRACKER SEAWEED 111.3G_T98_1,1.0
CG_LT,98,,MM HIEP PHU,MM AN PHU,AN RICE CRACKER SEAWEED 111.3G,2.72613,0.6,2.0,3.635678,LT_AN RICE CRACKER SEAWEED 111.3G_T98_1,1.0
CG_LT,98,,MM HIEP PHU,MM DA NANG,AN RICE CRACKER SEAWEED 111.3G,6.189747,0.6,2.0,5.713848,LT_AN RICE CRACKER SEAWEED 111.3G_T98_1,1.0
CG_LT,98,,MM BINH PHU,MM AN PHU,AN RICE CRACKER SEAWEED 111.3G,9.926231,0.6,2.0,7.955739,LT_AN RICE CRACKER SEAWEED 111.3G_T98_2,1.0
CG_LT,98,,MM BINH PHU,MM DA NANG,AN RICE CRACKER SEAWEED 111.3G,9.218916,0.6,2.0,7.53135,LT_AN RICE CRACKER SEAWEED 111.3G_T98_2,1.0
CG_LT,98,,MM HIEP PHU,MM AN PHU,AN RICE CRACKER SEAWEED 111.3G,2.537924,0.6,2.0,3.522754,LT_AN RICE CRACKER SEAWEED 111.3G_T98_2,1.0
CG_LT,98,,MM HIEP PHU,MM DA NANG,AN RICE CRACKER SEAWEED 111.3G,7.852133,0.6,2.0,6.71128,LT_AN RICE CRACKER SEAWEED 111.3G_T98_2,1.0
CG_LT,98,,MM BINH PHU,MM AN PHU,AN RICE CRACKER SEAWEED 111.3G,5.216875,0.6,2.0,5.130125,LT_AN RICE CRACKER SEAWEED 111.3G_T98_3,1.0
CG_LT,98,,MM BINH PHU,MM DA NANG,AN RICE CRACKER SEAWEED 111.3G,8.933887,0.6,2.0,7.360332,LT_AN RICE CRACKER SEAWEED 111.3G_T98_3,1.0
CG_LT,98,,MM HIEP PHU,MM AN PHU,AN RICE CRACKER SEAWEED 111.3G,3.565906,0.6,2.0,4.139543,LT_AN RICE CRACKER SEAWEED 111.3G_T98_3,1.0
CG_LT,98,,MM HIEP PHU,MM DA NANG,AN RICE CRACKER SEAWEED 111.3G,8.716636,0.6,2.0,7.229981,LT_AN RICE CRACKER SEAWEED 111.3G_T98_3,1.0
CG_LT,98,,MM BINH PHU,MM AN PHU,AN RICE CRACKER SEAWEED 111.3G,5.892584,0.6,2.0,5.535551,LT_AN RICE CRACKER SEAWEED 111.3G_T98_4,1.0
CG_LT,98,,MM HIEP PHU,MM DA NANG,AN RICE CRACKER SEAWEED 111.3G,2.777984,0.6,2.0,3.666791,LT_AN RICE CRACKER SEAWEED 111.3G_T98_4,1.0
CG_LT,98,,MM BINH PHU,MM AN PHU,AN RICE CRACKER SEAWEED 111.3G,1.01046,0.6,2.0,2.606276,LT_AN RICE CRACKER SEAWEED 111.3G_T98_5,1.0
CG_LT,98,,MM BINH PHU,MM DA NANG,AN RICE CRACKER SEAWEED 111.3G,7.424933,0.6,2.0,6.45496,LT_AN RICE CRACKER SEAWEED 111.3G_T98_5,1.0
CG_LT,98,,MM HIEP PHU,MM AN PHU,AN RICE CRACKER SEAWEED 111.3G,7.035855,0.6,2.0,6.221513,LT_AN RICE CRACKER SEAWEED 111.3G_T98_5,1.0
CG_LT,98,,MM HIEP PHU,MM DA NANG,AN RICE CRACKER SEAWEED 111.3G,2.353809,0.6,2.0,3.412285,LT_AN RICE CRACKER SEAWEED 111.3G_T98_5,1.0
CG_LT,99,,MM BINH PHU,MM AN PHU,AN RICE CRACKER SEAWEED 111.3G,5.479791,0.6,2.0,5.287874,LT_AN RICE CRACKER SEAWEED 111.3G_T99_2,1.0
CG_LT,99,,MM BINH PHU,MM DA NANG,AN RICE CRACKER SEAWEED 111.3G,2.603985,0.6,2.0,3.562391,LT_AN RICE CRACKER SEAWEED 111.3G_T99_2,1.0
CG_LT,99,,MM HIEP PHU,MM DA NANG,AN RICE CRACKER SEAWEED 111.3G,9.377456,0.6,2.0,7.626474,LT_AN RICE CRACKER SEAWEED 111.3G_T99_2,1.0
CG_LT,99,,MM BINH PHU,MM AN PHU,AN RICE CRACKER SEAWEED 111.3G,4.23552,0.6,2.0,4.541312,LT_AN RICE CRACKER SEAWEED 111.3G_T99_3,1.0
CG_LT,99,,MM HIEP PHU,MM DA NANG,AN RICE CRACKER SEAWEED 111.3G,8.135458,0.6,2.0,6.881275,LT_AN RICE CRACKER SEAWEED 111.3G_T99_3,1.0
CG_LT,99,,MM BINH PHU,MM DA NANG,AN RICE CRACKER SEAWEED 111.3G,9.670162,0.6,2.0,7.802097,LT_AN RICE CRACKER SEAWEED 111.3G_T99_4,1.0
CG_LT,99,,MM HIEP PHU,MM DA NANG,AN RICE CRACKER SEAWEED 111.3G,1.385156,0.6,2.0,2.831094,LT_AN RICE CRACKER SEAWEED 111.3G_T99_4,1.0
CG_LT,99,,MM BINH PHU,MM AN PHU,AN RICE CRACKER SEAWEED 111.3G,8.01481,0.6,2.0,6.808886,LT_AN RICE CRACKER SEAWEED 111.3G_T99_5,1.0
CG_LT,99,,MM BINH PHU,MM DA NANG,AN RICE CRACKER SEAWEED 111.3G,6.429987,0.6,2.0,5.857992,LT_AN RICE CRACKER SEAWEED 111.3G_T99_5,1.0
CG_LT,100,,MM BINH PHU,MM DA NANG,OREO VANILLA 110.4/105G,2.64922,0.6,1.472581,3.062113,LT_OREO VANILLA 110.4/105G_T100_1,0.736291
CG_LT,100,,MM HIEP PHU,MM AN PHU,OREO VANILLA 110.4/105G,5.3569,0.6,1.472581,4.686721,LT_OREO VANILLA 110.4/105G_T100_1,0.736291
CG_LT,100,,MM HIEP PHU,MM DA NANG,OREO VANILLA 110.4/105G,3.019907,0.6,1.472581,3.284525,LT_OREO VANILLA 110.4/105G_T100_1,0.736291
CG_LT,100,,MM BINH PHU,MM DA NANG,OREO VANILLA 110.4/105G,7.119429,0.6,2.0,6.271657,LT_OREO VANILLA 110.4/105G_T100_2,1.0
CG_LT,100,,MM BINH PHU,MM AN PHU,OREO VANILLA 110.4/105G,2.937929,0.6,2.0,3.762757,LT_OREO VANILLA 110.4/105G_T100_4,1.0
CG_LT,100,,MM BINH PHU,MM DA NANG,OREO VANILLA 110.4/105G,3.074693,0.6,2.0,3.844816,LT_OREO VANILLA 110.4/105G_T100_4,1.0
CG_LT,100,,MM HIEP PHU,MM AN PHU,OREO VANILLA 110.4/105G,4.641064,0.6,2.0,4.784638,LT_OREO VANILLA 110.4/105G_T100_4,1.0
CG_LT,100,,MM HIEP PHU,MM DA NANG,OREO VANILLA 110.4/105G,7.584832,0.6,2.0,6.550899,LT_OREO VANILLA 110.4/105G_T100_4,1.0
CG_LT,100,,MM BINH PHU,MM AN PHU,OREO VANILLA 110.4/105G,1.441151,0.6,2.0,2.864691,LT_OREO VANILLA 110.4/105G_T100_5,1.0
CG_LT,100,,MM BINH PHU,MM DA NANG,OREO VANILLA 110.4/105G,8.558382,0.6,2.0,7.135029,LT_OREO VANILLA 110.4/105G_T100_5,1.0
CG_LT,102,,MM BINH PHU,MM AN PHU,OREO VANILLA 110.4/105G,6.152311,0.6,1.55041,5.241797,LT_OREO VANILLA 110.4/105G_T102_3,0.775205
CG_LT,102,,MM BINH PHU,MM DA NANG,OREO VANILLA 110.4/105G,5.903425,0.6,1.55041,5.092466,LT_OREO VANILLA 110.4/105G_T102_3,0.775205
CG_LT,102,,MM HIEP PHU,MM AN PHU,OREO VANILLA 110.4/105G,4.892087,0.6,1.55041,4.485662,LT_OREO VANILLA 110.4/105G_T102_3,0.775205
CG_LT,102,,MM HIEP PHU,MM DA NANG,OREO VANILLA 110.4/105G,5.569411,0.6,1.55041,4.892057,LT_OREO VANILLA 110.4/105G_T102_3,0.775205
CG_LT,102,,MM BINH PHU,MM AN PHU,OREO VANILLA 110.4/105G,1.916766,0.6,2.0,3.15006,LT_OREO VANILLA 110.4/105G_T102_4,1.0
CG_LT,102,,MM BINH PHU,MM DA NANG,OREO VANILLA 110.4/105G,8.405412,0.6,2.0,7.043247,LT_OREO VANILLA 110.4/105G_T102_4,1.0
CG_LT,103,,MM HIEP PHU,MM DA NANG,OREO VANILLA 110.4/105G,5.60629,0.6,2.0,5.363774,LT_OREO VANILLA 110.4/105G_T103_4,1.0
CG_LT,104,,MM BINH PHU,MM AN PHU,OREO VANILLA 110.4/105G,0.277378,0.6,0.113525,0.279952,LT_OREO VANILLA 110.4/105G_T104_1,0.056762
CG_LT,104,,MM BINH PHU,MM DA NANG,OREO VANILLA 110.4/105G,0.291087,0.6,0.113525,0.288177,LT_OREO VANILLA 110.4/105G_T104_1,0.056762
CG_LT,104,,MM HIEP PHU,MM AN PHU,OREO VANILLA 110.4/105G,0.515311,0.6,0.113525,0.422711,LT_OREO VANILLA 110.4/105G_T104_1,0.056762
CG_LT,104,,MM HIEP PHU,MM DA NANG,OREO VANILLA 110.4/105G,0.363849,0.6,0.113525,0.331835,LT_OREO VANILLA 110.4/105G_T104_1,0.056762
CG_LT,104,,MM HIEP PHU,MM AN PHU,OREO VANILLA 110.4/105G,4.743995,0.6,2.0,4.846397,LT_OREO VANILLA 110.4/105G_T104_3,1.0
CG_LT,104,,MM HIEP PHU,MM DA NANG,OREO VANILLA 110.4/105G,5.846466,0.6,2.0,5.507879,LT_OREO VANILLA 110.4/105G_T104_3,1.0
CG_LT,104,,MM BINH PHU,MM AN PHU,OREO VANILLA 110.4/105G,3.315404,0.6,2.0,3.989242,LT_OREO VANILLA 110.4/105G_T104_4,1.0
CG_LT,104,,MM BINH PHU,MM DA NANG,OREO VANILLA 110.4/105G,5.031658,0.6,2.0,5.018995,LT_OREO VANILLA 110.4/105G_T104_4,1.0
CG_LT,104,,MM HIEP PHU,MM AN PHU,OREO VANILLA 110.4/105G,1.394237,0.6,2.0,2.836542,LT_OREO VANILLA 110.4/105G_T104_4,1.0
CG_LT,104,,MM HIEP PHU,MM DA NANG,OREO VANILLA 110.4/105G,8.9601,0.6,2.0,7.37606,LT_OREO VANILLA 110.4/105G_T104_4,1.0
CG_LT,104,,MM BINH PHU,MM AN PHU,OREO VANILLA 110.4/105G,1.793378,0.6,2.0,3.076027,LT_OREO VANILLA 110.4/105G_T104_5,1.0
CG_LT,104,,MM BINH PHU,MM DA NANG,OREO VANILLA 110.4/105G,9.50684,0.6,2.0,7.704104,LT_OREO VANILLA 110.4/105G_T104_5,1.0
CG_LT,104,,MM HIEP PHU,MM AN PHU,OREO VANILLA 110.4/105G,4.630453,0.6,2.0,4.778272,LT_OREO VANILLA 110.4/105G_T104_5,1.0
CG_LT,105,,MM HIEP PHU,MM DA NANG,OREO VANILLA 110.4/105G,6.430787,0.6,2.0,5.858472,LT_OREO VANILLA 110.4/105G_T105_2,1.0
CG_LT,105,,MM BINH PHU,MM DA NANG,OREO VANILLA 110.4/105G,6.554442,0.6,1.892068,5.824733,LT_OREO VANILLA 110.4/105G_T105_4,0.946034
CG_LT,105,,MM HIEP PHU,MM AN PHU,OREO VANILLA 110.4/105G,7.857904,0.6,1.892068,6.60681,LT_OREO VANILLA 110.4/105G_T105_4,0.946034
CG_LT,105,,MM HIEP PHU,MM DA NANG,OREO VANILLA 110.4/105G,1.479315,0.6,1.892068,2.779657,LT_OREO VANILLA 110.4/105G_T105_4,0.946034
CG_LT,105,,MM BINH PHU,MM AN PHU,OREO VANILLA 110.4/105G,3.616865,0.6,2.0,4.170119,LT_OREO VANILLA 110.4/105G_T105_5,1.0
CG_LT,105,,MM BINH PHU,MM DA NANG,OREO VANILLA 110.4/105G,9.273738,0.6,2.0,7.564243,LT_OREO VANILLA 110.4/105G_T105_5,1.0
CG_LT,105,,MM HIEP PHU,MM AN PHU,OREO VANILLA 110.4/105G,2.003987,0.6,2.0,3.202392,LT_OREO VANILLA 110.4/105G_T105_5,1.0
CG_LT,105,,MM HIEP PHU,MM DA NANG,OREO VANILLA 110.4/105G,4.181369,0.6,2.0,4.508822,LT_OREO VANILLA 110.4/105G_T105_5,1.0
CG_LT,107,,MM HIEP PHU,MM DA NANG,OREO VANILLA 110.4/105G,8.970533,0.6,2.0,7.38232,LT_OREO VANILLA 110.4/105G_T107_1,1.0
CG_LT,107,,MM BINH PHU,MM DA NANG,OREO VANILLA 110.4/105G,4.479443,0.6,1.839487,4.527153,LT_OREO VANILLA 110.4/105G_T107_3,0.919744
CG_LT,107,,MM HIEP PHU,MM DA NANG,OREO VANILLA 110.4/105G,6.979001,0.6,1.839487,6.026888,LT_OREO VANILLA 110.4/105G_T107_3,0.919744
CG_LT,108,,MM BINH PHU,MM AN PHU,OREO VANILLA 110.4/105G,0.779618,0.6,1.19269,1.660461,LT_OREO VANILLA 110.4/105G_T108_2,0.596345
CG_LT,108,,MM BINH PHU,MM DA NANG,OREO VANILLA 110.4/105G,1.079467,0.6,1.19269,1.84037,LT_OREO VANILLA 110.4/105G_T108_2,0.596345
CG_LT,108,,MM HIEP PHU,MM AN PHU,OREO VANILLA 110.4/105G,0.83924,0.6,1.19269,1.696234,LT_OREO VANILLA 110.4/105G_T108_2,0.596345
CG_LT,108,,MM HIEP PHU,MM DA NANG,OREO VANILLA 110.4/105G,3.511876,0.6,1.19269,3.299816,LT_OREO VANILLA 110.4/105G_T108_2,0.596345
CG_LT,108,,MM BINH PHU,MM AN PHU,OREO VANILLA 110.4/105G,2.410391,0.6,2.0,3.446235,LT_OREO VANILLA 110.4/105G_T108_4,1.0
CG_LT,108,,MM HIEP PHU,MM AN PHU,OREO VANILLA 110.4/105G,5.893694,0.6,2.0,5.536216,LT_OREO VANILLA 110.4/105G_T108_4,1.0
CG_LT,108,,MM HIEP PHU,MM DA NANG,OREO VANILLA 110.4/105G,9.224194,0.6,2.0,7.534516,LT_OREO VANILLA 110.4/105G_T108_4,1.0
CG_LT,108,,MM BINH PHU,MM DA NANG,OREO VANILLA 110.4/105G,4.20195,0.6,2.0,4.52117,LT_OREO VANILLA 110.4/105G_T108_5,1.0
CG_LT,109,,MM BINH PHU,MM DA NANG,OREO VANILLA 110.4/105G,2.540626,0.6,2.0,3.524376,LT_OREO VANILLA 110.4/105G_T109_1,1.0
CG_LT,109,,MM HIEP PHU,MM AN PHU,OREO VANILLA 110.4/105G,6.557553,0.6,2.0,5.934532,LT_OREO VANILLA 110.4/105G_T109_1,1.0
CG_LT,109,,MM HIEP PHU,MM DA NANG,OREO VANILLA 110.4/105G,5.781703,0.6,2.0,5.469022,LT_OREO VANILLA 110.4/105G_T109_1,1.0
CG_LT,109,,MM HIEP PHU,MM DA NANG,OREO VANILLA 110.4/105G,7.644473,0.6,2.0,6.586684,LT_OREO VANILLA 110.4/105G_T109_2,1.0
CG_LT,109,,MM BINH PHU,MM DA NANG,OREO VANILLA 110.4/105G,6.440522,0.6,2.0,5.864313,LT_OREO VANILLA 110.4/105G_T109_3,1.0
CG_LT,109,,MM HIEP PHU,MM AN PHU,OREO VANILLA 110.4/105G,9.492008,0.6,2.0,7.695205,LT_OREO VANILLA 110.4/105G_T109_3,1.0
CG_LT,109,,MM HIEP PHU,MM DA NANG,OREO VANILLA 110.4/105G,8.572865,0.6,2.0,7.143719,LT_OREO VANILLA 110.4/105G_T109_3,1.0
CG_LT,109,,MM BINH PHU,MM AN PHU,OREO VANILLA 110.4/105G,3.094122,0.6,1.643341,3.499814,LT_OREO VANILLA 110.4/105G_T109_4,0.821671
CG_LT,109,,MM BINH PHU,MM DA NANG,OREO VANILLA 110.4/105G,5.244107,0.6,1.643341,4.789806,LT_OREO VANILLA 110.4/105G_T109_4,0.821671
CG_LT,109,,MM HIEP PHU,MM AN PHU,OREO VANILLA 110.4/105G,4.058576,0.6,1.643341,4.078487,LT_OREO VANILLA 110.4/105G_T109_4,0.821671
CG_LT,109,,MM HIEP PHU,MM DA NANG,OREO VANILLA 110.4/105G,2.775702,0.6,1.643341,3.308762,LT_OREO VANILLA 110.4/105G_T109_4,0.821671
CG_LT,10,,MM HIEP PHU,MM AN PHU,OREO VANILLA 110.4/105G,6.691462,0.6,2.0,6.014877,LT_OREO VANILLA 110.4/105G_T10_1,1.0
CG_LT,10,,MM HIEP PHU,MM BINH PHU,OREO VANILLA 110.4/105G,7.958498,0.6,2.0,6.775099,LT_OREO VANILLA 110.4/105G_T10_2,1.0
CG_LT,10,,MM HIEP PHU,MM AN PHU,OREO VANILLA 110.4/105G,6.926026,0.6,2.0,6.155615,LT_OREO VANILLA 110.4/105G_T10_3,1.0
CG_LT,10,,MM DA NANG,MM AN PHU,OREO VANILLA 110.4/105G,1.255449,0.6,2.0,2.753269,LT_OREO VANILLA 110.4/105G_T10_4,1.0
CG_LT,10,,MM DA NANG,MM BINH PHU,OREO VANILLA 110.4/105G,7.816068,0.6,2.0,6.689641,LT_OREO VANILLA 110.4/105G_T10_4,1.0
CG_LT,10,,MM HIEP PHU,MM BINH PHU,OREO VANILLA 110.4/105G,7.829901,0.6,2.0,6.697941,LT_OREO VANILLA 110.4/105G_T10_4,1.0
CG_LT,10,,MM DA NANG,MM BINH PHU,OREO VANILLA 110.4/105G,5.59053,0.6,2.0,5.354318,LT_OREO VANILLA 110.4/105G_T10_5,1.0
CG_LT,10,,MM HIEP PHU,MM AN PHU,OREO VANILLA 110.4/105G,1.294124,0.6,2.0,2.776475,LT_OREO VANILLA 110.4/105G_T10_5,1.0
CG_LT,10,,MM HIEP PHU,MM BINH PHU,OREO VANILLA 110.4/105G,5.168285,0.6,2.0,5.100971,LT_OREO VANILLA 110.4/105G_T10_5,1.0
CG_LT,110,,MM BINH PHU,MM AN PHU,OREO VANILLA 110.4/105G,3.048899,0.6,1.542937,3.372276,LT_OREO VANILLA 110.4/105G_T110_4,0.771468
CG_LT,110,,MM BINH PHU,MM DA NANG,OREO VANILLA 110.4/105G,1.533668,0.6,1.542937,2.463138,LT_OREO VANILLA 110.4/105G_T110_4,0.771468
CG_LT,110,,MM HIEP PHU,MM DA NANG,OREO VANILLA 110.4/105G,7.045971,0.6,1.542937,5.770519,LT_OREO VANILLA 110.4/105G_T110_4,0.771468
CG_LT,110,,MM BINH PHU,MM DA NANG,OREO VANILLA 110.4/105G,6.279528,0.6,2.0,5.767717,LT_OREO VANILLA 110.4/105G_T110_5,1.0
CG_LT,110,,MM HIEP PHU,MM DA NANG,OREO VANILLA 110.4/105G,1.340833,0.6,2.0,2.8045,LT_OREO VANILLA 110.4/105G_T110_5,1.0
CG_LT,111,,MM HIEP PHU,MM AN PHU,OREO VANILLA 110.4/105G,2.564356,0.6,0.941093,2.479707,LT_OREO VANILLA 110.4/105G_T111_2,0.470546
CG_LT,111,,MM BINH PHU,MM AN PHU,OREO VANILLA 110.4/105G,5.680856,0.6,2.0,5.408514,LT_OREO VANILLA 110.4/105G_T111_3,1.0
CG_LT,111,,MM HIEP PHU,MM AN PHU,OREO VANILLA 110.4/105G,5.553073,0.6,2.0,5.331844,LT_OREO VANILLA 110.4/105G_T111_3,1.0
CG_LT,112,,MM BINH PHU,MM AN PHU,OREO VANILLA 110.4/105G,1.162275,0.6,2.0,2.697365,LT_OREO VANILLA 110.4/105G_T112_1,1.0
CG_LT,112,,MM BINH PHU,MM DA NANG,OREO VANILLA 110.4/105G,3.187286,0.6,2.0,3.912372,LT_OREO VANILLA 110.4/105G_T112_1,1.0
CG_LT,112,,MM DA NANG,MM AN PHU,OREO VANILLA 110.4/105G,0.401841,0.6,0.217786,0.458891,LT_OREO VANILLA 110.4/105G_T112_3,0.108893
CG_LT,112,,MM HIEP PHU,MM AN PHU,OREO VANILLA 110.4/105G,0.127769,0.6,0.217786,0.294447,LT_OREO VANILLA 110.4/105G_T112_3,0.108893
CG_LT,112,,MM BINH PHU,MM AN PHU,OREO VANILLA 110.4/105G,7.141507,0.6,2.0,6.284904,LT_OREO VANILLA 110.4/105G_T112_4,1.0
CG_LT,112,,MM DA NANG,MM AN PHU,OREO VANILLA 110.4/105G,4.369359,0.6,2.0,4.621615,LT_OREO VANILLA 110.4/105G_T112_4,1.0
CG_LT,112,,MM HIEP PHU,MM DA NANG,OREO VANILLA 110.4/105G,3.089018,0.6,2.0,3.853411,LT_OREO VANILLA 110.4/105G_T112_4,1.0
CG_LT,112,,MM BINH PHU,MM DA NANG,OREO VANILLA 110.4/105G,1.510419,0.6,2.0,2.906252,LT_OREO VANILLA 110.4/105G_T112_5,1.0
CG_LT,112,,MM HIEP PHU,MM AN PHU,OREO VANILLA 110.4/105G,1.211905,0.6,2.0,2.727143,LT_OREO VANILLA 110.4/105G_T112_5,1.0
CG_LT,113,,MM BINH PHU,MM DA NANG,OREO VANILLA 110.4/105G,9.444707,0.6,2.0,7.666824,LT_OREO VANILLA 110.4/105G_T113_3,1.0
CG_LT,113,,MM HIEP PHU,MM AN PHU,OREO VANILLA 110.4/105G,2.640648,0.6,2.0,3.584389,LT_OREO VANILLA 110.4/105G_T113_3,1.0
CG_LT,113,,MM HIEP PHU,MM DA NANG,OREO VANILLA 110.4/105G,8.220638,0.6,2.0,6.932383,LT_OREO VANILLA 110.4/105G_T113_4,1.0
CG_LT,113,,MM BINH PHU,MM AN PHU,OREO VANILLA 110.4/105G,6.985888,0.6,1.69631,5.887843,LT_OREO VANILLA 110.4/105G_T113_5,0.848155
CG_LT,113,,MM BINH PHU,MM DA NANG,OREO VANILLA 110.4/105G,5.257673,0.6,1.69631,4.850913,LT_OREO VANILLA 110.4/105G_T113_5,0.848155
CG_LT,113,,MM HIEP PHU,MM DA NANG,OREO VANILLA 110.4/105G,1.921706,0.6,1.69631,2.849333,LT_OREO VANILLA 110.4/105G_T113_5,0.848155
CG_LT,114,,MM BINH PHU,MM DA NANG,OREO VANILLA 110.4/105G,9.361467,0.6,2.0,7.61688,LT_OREO VANILLA 110.4/105G_T114_1,1.0
CG_LT,114,,MM HIEP PHU,MM DA NANG,OREO VANILLA 110.4/105G,9.693322,0.6,2.0,7.815993,LT_OREO VANILLA 110.4/105G_T114_1,1.0
CG_LT,114,,MM BINH PHU,MM AN PHU,OREO VANILLA 110.4/105G,3.178328,0.6,2.0,3.906997,LT_OREO VANILLA 110.4/105G_T114_2,1.0
CG_LT,114,,MM BINH PHU,MM DA NANG,OREO VANILLA 110.4/105G,8.684344,0.6,2.0,7.210606,LT_OREO VANILLA 110.4/105G_T114_2,1.0
CG_LT,114,,MM HIEP PHU,MM AN PHU,OREO VANILLA 110.4/105G,7.508011,0.6,2.0,6.504807,LT_OREO VANILLA 110.4/105G_T114_2,1.0
CG_LT,114,,MM HIEP PHU,MM DA NANG,OREO VANILLA 110.4/105G,7.384528,0.6,2.0,6.430717,LT_OREO VANILLA 110.4/105G_T114_2,1.0
CG_LT,114,,MM BINH PHU,MM AN PHU,OREO VANILLA 110.4/105G,6.822146,0.6,2.0,6.093288,LT_OREO VANILLA 110.4/105G_T114_3,1.0
CG_LT,114,,MM BINH PHU,MM DA NANG,OREO VANILLA 110.4/105G,6.391484,0.6,2.0,5.834891,LT_OREO VANILLA 110.4/105G_T114_3,1.0
CG_LT,114,,MM HIEP PHU,MM AN PHU,OREO VANILLA 110.4/105G,8.642222,0.6,2.0,7.185333,LT_OREO VANILLA 110.4/105G_T114_3,1.0
CG_LT,114,,MM HIEP PHU,MM DA NANG,OREO VANILLA 110.4/105G,7.633062,0.6,2.0,6.579837,LT_OREO VANILLA 110.4/105G_T114_3,1.0
CG_LT,114,,MM BINH PHU,MM AN PHU,OREO VANILLA 110.4/105G,3.675017,0.6,1.640201,3.845211,LT_OREO VANILLA 110.4/105G_T114_4,0.820101
CG_LT,114,,MM BINH PHU,MM DA NANG,OREO VANILLA 110.4/105G,4.858682,0.6,1.640201,4.55541,LT_OREO VANILLA 110.4/105G_T114_4,0.820101
CG_LT,114,,MM HIEP PHU,MM DA NANG,OREO VANILLA 110.4/105G,0.936774,0.6,1.640201,2.202265,LT_OREO VANILLA 110.4/105G_T114_4,0.820101
CG_LT,114,,MM BINH PHU,MM DA NANG,OREO VANILLA 110.4/105G,5.035537,0.6,2.0,5.021322,LT_OREO VANILLA 110.4/105G_T114_5,1.0
CG_LT,115,,MM BINH PHU,MM AN PHU,OREO VANILLA 110.4/105G,3.198284,0.6,2.0,3.918971,LT_OREO VANILLA 110.4/105G_T115_1,1.0
CG_LT,115,,MM HIEP PHU,MM AN PHU,OREO VANILLA 110.4/105G,1.823952,0.6,2.0,3.094371,LT_OREO VANILLA 110.4/105G_T115_1,1.0
CG_LT,115,,MM HIEP PHU,MM DA NANG,OREO VANILLA 110.4/105G,7.374923,0.6,2.0,6.424954,LT_OREO VANILLA 110.4/105G_T115_1,1.0
CG_LT,115,,MM BINH PHU,MM AN PHU,OREO VANILLA 110.4/105G,5.592283,0.6,2.0,5.35537,LT_OREO VANILLA 110.4/105G_T115_2,1.0
CG_LT,115,,MM BINH PHU,MM DA NANG,OREO VANILLA 110.4/105G,8.985496,0.6,2.0,7.391297,LT_OREO VANILLA 110.4/105G_T115_2,1.0
CG_LT,115,,MM HIEP PHU,MM DA NANG,OREO VANILLA 110.4/105G,9.466396,0.6,2.0,7.679838,LT_OREO VANILLA 110.4/105G_T115_2,1.0
CG_LT,115,,MM BINH PHU,MM AN PHU,OREO VANILLA 110.4/105G,1.075678,0.6,1.133592,1.778999,LT_OREO VANILLA 110.4/105G_T115_3,0.566796
CG_LT,115,,MM HIEP PHU,MM AN PHU,OREO VANILLA 110.4/105G,0.664861,0.6,1.133592,1.532509,LT_OREO VANILLA 110.4/105G_T115_3,0.566796
CG_LT,115,,MM HIEP PHU,MM DA NANG,OREO VANILLA 110.4/105G,3.5733,0.6,1.133592,3.277572,LT_OREO VANILLA 110.4/105G_T115_3,0.566796
CG_LT,115,,MM HIEP PHU,MM DA NANG,OREO VANILLA 110.4/105G,7.603085,0.6,2.0,6.561851,LT_OREO VANILLA 110.4/105G_T115_4,1.0
CG_LT,119,,MM BINH PHU,MM AN PHU,OREO VANILLA 110.4/105G,5.805908,0.6,2.0,5.483545,LT_OREO VANILLA 110.4/105G_T119_2,1.0
CG_LT,119,,MM DA NANG,MM AN PHU,OREO VANILLA 110.4/105G,9.646145,0.6,2.0,7.787687,LT_OREO VANILLA 110.4/105G_T119_2,1.0
CG_LT,119,,MM BINH PHU,MM AN PHU,OREO VANILLA 110.4/105G,8.486526,0.6,2.0,7.091916,LT_OREO VANILLA 110.4/105G_T119_3,1.0
CG_LT,119,,MM BINH PHU,MM AN PHU,OREO VANILLA 110.4/105G,0.20159,0.6,0.068941,0.189895,LT_OREO VANILLA 110.4/105G_T119_4,0.034471
CG_LT,119,,MM DA NANG,MM AN PHU,OREO VANILLA 110.4/105G,0.213718,0.6,0.068941,0.197172,LT_OREO VANILLA 110.4/105G_T119_4,0.034471
CG_LT,119,,MM DA NANG,MM AN PHU,OREO VANILLA 110.4/105G,8.893285,0.6,2.0,7.335971,LT_OREO VANILLA 110.4/105G_T119_5,1.0
CG_LT,11,,MM DA NANG,MM AN PHU,OREO VANILLA 110.4/105G,4.467269,0.6,1.222033,3.902395,LT_OREO VANILLA 110.4/105G_T11_1,0.611017
CG_LT,11,,MM HIEP PHU,MM AN PHU,OREO VANILLA 110.4/105G,3.480624,0.6,1.222033,3.310408,LT_OREO VANILLA 110.4/105G_T11_1,0.611017
CG_LT,13,,MM HIEP PHU,MM DA NANG,OREO VANILLA 110.4/105G,0.383686,0.6,0.10649,0.336702,LT_OREO VANILLA 110.4/105G_T13_2,0.053245
CG_LT,13,,MM HIEP PHU,MM DA NANG,OREO VANILLA 110.4/105G,7.845114,0.6,2.0,6.707068,LT_OREO VANILLA 110.4/105G_T13_3,1.0
CG_LT,148,,MM AN PHU,MM DA NANG,OREO VANILLA 110.4/105G,4.744567,0.6,1.649363,4.496104,LT_OREO VANILLA 110.4/105G_T148_1,0.824682
CG_LT,148,,MM BINH PHU,MM DA NANG,OREO VANILLA 110.4/105G,6.858311,0.6,1.649363,5.76435,LT_OREO VANILLA 110.4/105G_T148_1,0.824682
CG_LT,148,,MM HIEP PHU,MM DA NANG,OREO VANILLA 110.4/105G,5.67575,0.6,1.649363,5.054813,LT_OREO VANILLA 110.4/105G_T148_1,0.824682
CG_LT,148,,MM AN PHU,MM DA NANG,OREO VANILLA 110.4/105G,8.190845,0.6,2.0,6.914507,LT_OREO VANILLA 110.4/105G_T148_3,1.0
CG_LT,148,,MM HIEP PHU,MM DA NANG,OREO VANILLA 110.4/105G,9.861524,0.6,2.0,7.916914,LT_OREO VANILLA 110.4/105G_T148_3,1.0
CG_LT,150,,MM AN PHU,MM DA NANG,OREO VANILLA 110.4/105G,3.519412,0.6,2.0,4.111647,LT_OREO VANILLA 110.4/105G_T150_2,1.0
CG_LT,150,,MM BINH PHU,MM DA NANG,OREO VANILLA 110.4/105G,9.201908,0.6,2.0,7.521145,LT_OREO VANILLA 110.4/105G_T150_2,1.0
CG_LT,150,,MM HIEP PHU,MM DA NANG,OREO VANILLA 110.4/105G,4.267744,0.6,2.0,4.560647,LT_OREO VANILLA 110.4/105G_T150_2,1.0
CG_LT,150,,MM BINH PHU,MM DA NANG,OREO VANILLA 110.4/105G,8.939001,0.6,2.0,7.3634,LT_OREO VANILLA 110.4/105G_T150_3,1.0
CG_LT,150,,MM HIEP PHU,MM DA NANG,OREO VANILLA 110.4/105G,8.146504,0.6,2.0,6.887902,LT_OREO VANILLA 110.4/105G_T150_3,1.0
CG_LT,150,,MM AN PHU,MM DA NANG,OREO VANILLA 110.4/105G,0.613342,0.6,0.14147,0.509475,LT_OREO VANILLA 110.4/105G_T150_4,0.070735
CG_LT,150,,MM BINH PHU,MM DA NANG,OREO VANILLA 110.4/105G,0.193411,0.6,0.14147,0.257516,LT_OREO VANILLA 110.4/105G_T150_4,0.070735
CG_LT,150,,MM HIEP PHU,MM DA NANG,OREO VANILLA 110.4/105G,0.286117,0.6,0.14147,0.31314,LT_OREO VANILLA 110.4/105G_T150_4,0.070735
CG_LT,15,,MM BINH PHU,MM AN PHU,OREO VANILLA 110.4/105G,1.129815,0.6,2.0,2.677889,LT_OREO VANILLA 110.4/105G_T15_1,1.0
CG_LT,15,,MM BINH PHU,MM DA NANG,OREO VANILLA 110.4/105G,6.625222,0.6,2.0,5.975133,LT_OREO VANILLA 110.4/105G_T15_1,1.0
CG_LT,15,,MM HIEP PHU,MM AN PHU,OREO VANILLA 110.4/105G,9.721503,0.6,2.0,7.832902,LT_OREO VANILLA 110.4/105G_T15_1,1.0
CG_LT,15,,MM HIEP PHU,MM DA NANG,OREO VANILLA 110.4/105G,7.056698,0.6,2.0,6.234019,LT_OREO VANILLA 110.4/105G_T15_1,1.0
CG_LT,15,,MM BINH PHU,MM AN PHU,OREO VANILLA 110.4/105G,7.500343,0.6,2.0,6.500206,LT_OREO VANILLA 110.4/105G_T15_3,1.0
CG_LT,15,,MM BINH PHU,MM DA NANG,OREO VANILLA 110.4/105G,8.47883,0.6,2.0,7.087298,LT_OREO VANILLA 110.4/105G_T15_3,1.0
CG_LT,15,,MM HIEP PHU,MM AN PHU,OREO VANILLA 110.4/105G,6.796391,0.6,2.0,6.077834,LT_OREO VANILLA 110.4/105G_T15_3,1.0
CG_LT,15,,MM HIEP PHU,MM AN PHU,OREO VANILLA 110.4/105G,1.748996,0.6,2.0,3.049398,LT_OREO VANILLA 110.4/105G_T15_4,1.0
CG_LT,15,,MM BINH PHU,MM DA NANG,OREO VANILLA 110.4/105G,3.303081,0.6,1.090338,3.072187,LT_OREO VANILLA 110.4/105G_T15_5,0.545169
CG_LT,15,,MM HIEP PHU,MM DA NANG,OREO VANILLA 110.4/105G,1.52791,0.6,1.090338,2.007084,LT_OREO VANILLA 110.4/105G_T15_5,0.545169
CG_LT,17,,MM BINH PHU,MM DA NANG,OREO VANILLA 110.4/105G,6.809873,0.6,2.0,6.085924,LT_OREO VANILLA 110.4/105G_T17_2,1.0
CG_LT,17,,MM BINH PHU,MM DA NANG,OREO VANILLA 110.4/105G,1.671271,0.6,2.0,3.002762,LT_OREO VANILLA 110.4/105G_T17_3,1.0
CG_LT,17,,MM BINH PHU,MM AN PHU,OREO VANILLA 110.4/105G,2.964024,0.6,2.0,3.778414,LT_OREO VANILLA 110.4/105G_T17_5,1.0
CG_LT,17,,MM BINH PHU,MM DA NANG,OREO VANILLA 110.4/105G,9.621929,0.6,2.0,7.773157,LT_OREO VANILLA 110.4/105G_T17_5,1.0
CG_LT,17,,MM HIEP PHU,MM AN PHU,OREO VANILLA 110.4/105G,4.754113,0.6,2.0,4.852468,LT_OREO VANILLA 110.4/105G_T17_5,1.0
CG_LT,17,,MM HIEP PHU,MM DA NANG,OREO VANILLA 110.4/105G,8.065855,0.6,2.0,6.839513,LT_OREO VANILLA 110.4/105G_T17_5,1.0
CG_LT,18,,MM BINH PHU,MM AN PHU,OREO VANILLA 110.4/105G,9.248358,0.6,2.0,7.549015,LT_OREO VANILLA 110.4/105G_T18_2,1.0
CG_LT,18,,MM BINH PHU,MM DA NANG,OREO VANILLA 110.4/105G,5.712791,0.6,2.0,5.427674,LT_OREO VANILLA 110.4/105G_T18_2,1.0
CG_LT,18,,MM HIEP PHU,MM AN PHU,OREO VANILLA 110.4/105G,6.364209,0.6,2.0,5.818525,LT_OREO VANILLA 110.4/105G_T18_2,1.0
CG_LT,18,,MM HIEP PHU,MM DA NANG,OREO VANILLA 110.4/105G,8.709685,0.6,2.0,7.225811,LT_OREO VANILLA 110.4/105G_T18_2,1.0
CG_LT,18,,MM BINH PHU,MM AN PHU,OREO VANILLA 110.4/105G,7.344457,0.6,2.0,6.406674,LT_OREO VANILLA 110.4/105G_T18_3,1.0
CG_LT,18,,MM HIEP PHU,MM DA NANG,OREO VANILLA 110.4/105G,3.979572,0.6,2.0,4.387743,LT_OREO VANILLA 110.4/105G_T18_3,1.0
CG_LT,18,,MM HIEP PHU,MM AN PHU,OREO VANILLA 110.4/105G,4.635566,0.6,1.881131,4.662471,LT_OREO VANILLA 110.4/105G_T18_4,0.940566
CG_LT,18,,MM HIEP PHU,MM DA NANG,OREO VANILLA 110.4/105G,8.808921,0.6,1.881131,7.166484,LT_OREO VANILLA 110.4/105G_T18_4,0.940566
CG_LT,18,,MM BINH PHU,MM AN PHU,OREO VANILLA 110.4/105G,1.41944,0.6,0.34761,1.199274,LT_OREO VANILLA 110.4/105G_T18_5,0.173805
CG_LT,18,,MM BINH PHU,MM DA NANG,OREO VANILLA 110.4/105G,0.214166,0.6,0.34761,0.47611,LT_OREO VANILLA 110.4/105G_T18_5,0.173805
CG_LT,18,,MM HIEP PHU,MM AN PHU,OREO VANILLA 110.4/105G,0.18734,0.6,0.34761,0.460014,LT_OREO VANILLA 110.4/105G_T18_5,0.173805
CG_LT,18,,MM HIEP PHU,MM DA NANG,OREO VANILLA 110.4/105G,1.582956,0.6,0.34761,1.297384,LT_OREO VANILLA 110.4/105G_T18_5,0.173805
CG_LT,19,,MM BINH PHU,MM DA NANG,OREO VANILLA 110.4/105G,8.325498,0.6,2.0,6.995299,LT_OREO VANILLA 110.4/105G_T19_1,1.0
CG_LT,19,,MM BINH PHU,MM DA NANG,OREO VANILLA 110.4/105G,2.349059,0.6,2.0,3.409435,LT_OREO VANILLA 110.4/105G_T19_2,1.0
CG_LT,19,,MM HIEP PHU,MM AN PHU,OREO VANILLA 110.4/105G,9.496907,0.6,2.0,7.698144,LT_OREO VANILLA 110.4/105G_T19_2,1.0
CG_LT,19,,MM BINH PHU,MM DA NANG,OREO VANILLA 110.4/105G,2.299061,0.6,2.0,3.379436,LT_OREO VANILLA 110.4/105G_T19_3,1.0
CG_LT,19,,MM BINH PHU,MM AN PHU,OREO VANILLA 110.4/105G,3.366588,0.6,2.0,4.019953,LT_OREO VANILLA 110.4/105G_T19_4,1.0
CG_LT,19,,MM BINH PHU,MM DA NANG,OREO VANILLA 110.4/105G,4.022091,0.6,2.0,4.413255,LT_OREO VANILLA 110.4/105G_T19_4,1.0
CG_LT,19,,MM HIEP PHU,MM AN PHU,OREO VANILLA 110.4/105G,6.210156,0.6,2.0,5.726094,LT_OREO VANILLA 110.4/105G_T19_4,1.0
CG_LT,19,,MM BINH PHU,MM AN PHU,OREO VANILLA 110.4/105G,1.897869,0.6,2.0,3.138721,LT_OREO VANILLA 110.4/105G_T19_5,1.0
CG_LT,19,,MM BINH PHU,MM DA NANG,OREO VANILLA 110.4/105G,7.923107,0.6,2.0,6.753864,LT_OREO VANILLA 110.4/105G_T19_5,1.0
CG_LT,19,,MM HIEP PHU,MM DA NANG,OREO VANILLA 110.4/105G,1.54498,0.6,2.0,2.926988,LT_OREO VANILLA 110.4/105G_T19_5,1.0
CG_LT,21,,MM BINH PHU,MM AN PHU,OREO VANILLA 110.4/105G,9.459631,0.6,2.0,7.675779,LT_OREO VANILLA 110.4/105G_T21_5,1.0
CG_LT,22,,MM BINH PHU,MM AN PHU,OREO VANILLA 110.4/105G,2.906455,0.6,2.0,3.743873,LT_OREO VANILLA 110.4/105G_T22_3,1.0
CG_LT,22,,MM BINH PHU,MM DA NANG,OREO VANILLA 110.4/105G,9.51108,0.6,2.0,7.706648,LT_OREO VANILLA 110.4/105G_T22_3,1.0
CG_LT,22,,MM HIEP PHU,MM AN PHU,OREO VANILLA 110.4/105G,5.787877,0.6,2.0,5.472726,LT_OREO VANILLA 110.4/105G_T22_3,1.0
CG_LT,22,,MM HIEP PHU,MM DA NANG,OREO VANILLA 110.4/105G,9.663864,0.6,2.0,7.798318,LT_OREO VANILLA 110.4/105G_T22_3,1.0
CG_LT,22,,MM BINH PHU,MM DA NANG,OREO VANILLA 110.4/105G,6.547396,0.6,2.0,5.928438,LT_OREO VANILLA 110.4/105G_T22_4,1.0
CG_LT,22,,MM HIEP PHU,MM AN PHU,OREO VANILLA 110.4/105G,4.021649,0.6,2.0,4.412989,LT_OREO VANILLA 110.4/105G_T22_4,1.0
CG_LT,23,,MM BINH PHU,MM AN PHU,OREO VANILLA 110.4/105G,8.582355,0.6,2.0,7.149413,LT_OREO VANILLA 110.4/105G_T23_1,1.0
CG_LT,23,,MM HIEP PHU,MM AN PHU,OREO VANILLA 110.4/105G,9.241002,0.6,2.0,7.544601,LT_OREO VANILLA 110.4/105G_T23_1,1.0
CG_LT,23,,MM HIEP PHU,MM DA NANG,OREO VANILLA 110.4/105G,4.842748,0.6,2.0,4.905649,LT_OREO VANILLA 110.4/105G_T23_1,1.0
CG_LT,23,,MM BINH PHU,MM AN PHU,OREO VANILLA 110.4/105G,9.744238,0.6,2.0,7.846543,LT_OREO VANILLA 110.4/105G_T23_2,1.0
CG_LT,23,,MM BINH PHU,MM DA NANG,OREO VANILLA 110.4/105G,6.407507,0.6,2.0,5.844504,LT_OREO VANILLA 110.4/105G_T23_2,1.0
CG_LT,23,,MM HIEP PHU,MM AN PHU,OREO VANILLA 110.4/105G,9.942473,0.6,2.0,7.965484,LT_OREO VANILLA 110.4/105G_T23_2,1.0
CG_LT,23,,MM BINH PHU,MM AN PHU,OREO VANILLA 110.4/105G,4.604287,0.6,1.925058,4.68763,LT_OREO VANILLA 110.4/105G_T23_4,0.962529
CG_LT,23,,MM BINH PHU,MM DA NANG,OREO VANILLA 110.4/105G,1.581725,0.6,1.925058,2.874093,LT_OREO VANILLA 110.4/105G_T23_4,0.962529
CG_LT,23,,MM HIEP PHU,MM AN PHU,OREO VANILLA 110.4/105G,8.654134,0.6,1.925058,7.117539,LT_OREO VANILLA 110.4/105G_T23_4,0.962529
CG_LT,23,,MM HIEP PHU,MM DA NANG,OREO VANILLA 110.4/105G,5.932026,0.6,1.925058,5.484274,LT_OREO VANILLA 110.4/105G_T23_4,0.962529
CG_LT,24,,MM HIEP PHU,MM DA NANG,OREO VANILLA 110.4/105G,6.459084,0.6,1.478422,5.353873,LT_OREO VANILLA 110.4/105G_T24_1,0.739211
CG_LT,27,,MM BINH PHU,MM DA NANG,OREO VANILLA 110.4/105G,6.97118,0.6,2.0,6.182708,LT_OREO VANILLA 110.4/105G_T27_2,1.0
CG_LT,27,,MM HIEP PHU,MM DA NANG,OREO VANILLA 110.4/105G,6.781691,0.6,2.0,6.069014,LT_OREO VANILLA 110.4/105G_T27_2,1.0
CG_LT,27,,MM BINH PHU,MM AN PHU,OREO VANILLA 110.4/105G,8.139236,0.6,1.865405,6.748947,LT_OREO VANILLA 110.4/105G_T27_3,0.932703
CG_LT,27,,MM BINH PHU,MM DA NANG,OREO VANILLA 110.4/105G,7.380825,0.6,1.865405,6.293901,LT_OREO VANILLA 110.4/105G_T27_3,0.932703
CG_LT,27,,MM HIEP PHU,MM AN PHU,OREO VANILLA 110.4/105G,5.382963,0.6,1.865405,5.095183,LT_OREO VANILLA 110.4/105G_T27_3,0.932703
CG_LT,27,,MM BINH PHU,MM DA NANG,OREO VANILLA 110.4/105G,5.159491,0.6,2.0,5.095695,LT_OREO VANILLA 110.4/105G_T27_4,1.0
CG_LT,27,,MM HIEP PHU,MM DA NANG,OREO VANILLA 110.4/105G,8.313642,0.6,2.0,6.988185,LT_OREO VANILLA 110.4/105G_T27_4,1.0
CG_LT,27,,MM BINH PHU,MM AN PHU,OREO VANILLA 110.4/105G,3.87005,0.6,2.0,4.32203,LT_OREO VANILLA 110.4/105G_T27_5,1.0
CG_LT,27,,MM HIEP PHU,MM DA NANG,OREO VANILLA 110.4/105G,7.467205,0.6,2.0,6.480323,LT_OREO VANILLA 110.4/105G_T27_5,1.0
CG_LT,28,,MM HIEP PHU,MM AN PHU,OREO VANILLA 110.4/105G,6.58451,0.6,2.0,5.950706,LT_OREO VANILLA 110.4/105G_T28_1,1.0
CG_LT,28,,MM HIEP PHU,MM DA NANG,OREO VANILLA 110.4/105G,9.105938,0.6,2.0,7.463563,LT_OREO VANILLA 110.4/105G_T28_1,1.0
CG_LT,28,,MM BINH PHU,MM DA NANG,OREO VANILLA 110.4/105G,3.722159,0.6,2.0,4.233295,LT_OREO VANILLA 110.4/105G_T28_2,1.0
CG_LT,28,,MM HIEP PHU,MM DA NANG,OREO VANILLA 110.4/105G,8.280118,0.6,2.0,6.968071,LT_OREO VANILLA 110.4/105G_T28_2,1.0
CG_LT,28,,MM BINH PHU,MM DA NANG,OREO VANILLA 110.4/105G,2.548202,0.6,2.0,3.528921,LT_OREO VANILLA 110.4/105G_T28_3,1.0
CG_LT,28,,MM HIEP PHU,MM AN PHU,OREO VANILLA 110.4/105G,7.070247,0.6,2.0,6.242148,LT_OREO VANILLA 110.4/105G_T28_3,1.0
CG_LT,28,,MM HIEP PHU,MM DA NANG,OREO VANILLA 110.4/105G,9.428547,0.6,2.0,7.657128,LT_OREO VANILLA 110.4/105G_T28_4,1.0
CG_LT,28,,MM BINH PHU,MM AN PHU,OREO VANILLA 110.4/105G,1.85317,0.6,2.0,3.111902,LT_OREO VANILLA 110.4/105G_T28_5,1.0
CG_LT,28,,MM HIEP PHU,MM DA NANG,OREO VANILLA 110.4/105G,3.07728,0.6,2.0,3.846368,LT_OREO VANILLA 110.4/105G_T28_5,1.0
CG_LT,29,,MM BINH PHU,MM AN PHU,OREO VANILLA 110.4/105G,3.292554,0.6,1.176214,3.151746,LT_OREO VANILLA 110.4/105G_T29_1,0.588107
CG_LT,29,,MM BINH PHU,MM DA NANG,OREO VANILLA 110.4/105G,2.888489,0.6,1.176214,2.909307,LT_OREO VANILLA 110.4/105G_T29_1,0.588107
CG_LT,29,,MM HIEP PHU,MM AN PHU,OREO VANILLA 110.4/105G,1.720901,0.6,1.176214,2.208754,LT_OREO VANILLA 110.4/105G_T29_1,0.588107
CG_LT,29,,MM BINH PHU,MM AN PHU,OREO VANILLA 110.4/105G,8.911508,0.6,2.0,7.346905,LT_OREO VANILLA 110.4/105G_T29_3,1.0
CG_LT,29,,MM BINH PHU,MM DA NANG,OREO VANILLA 110.4/105G,5.543211,0.6,2.0,5.325927,LT_OREO VANILLA 110.4/105G_T29_3,1.0
CG_LT,29,,MM HIEP PHU,MM AN PHU,OREO VANILLA 110.4/105G,2.860288,0.6,2.0,3.716173,LT_OREO VANILLA 110.4/105G_T29_3,1.0
CG_LT,29,,MM BINH PHU,MM DA NANG,OREO VANILLA 110.4/105G,5.012758,0.6,2.0,5.007655,LT_OREO VANILLA 110.4/105G_T29_4,1.0
CG_LT,29,,MM HIEP PHU,MM DA NANG,OREO VANILLA 110.4/105G,9.928686,0.6,2.0,7.957211,LT_OREO VANILLA 110.4/105G_T29_4,1.0
CG_LT,30,,MM BINH PHU,MM DA NANG,OREO VANILLA 110.4/105G,1.011336,0.6,2.0,2.606801,LT_OREO VANILLA 110.4/105G_T30_1,1.0
CG_LT,30,,MM HIEP PHU,MM DA NANG,OREO VANILLA 110.4/105G,6.845326,0.6,2.0,6.107195,LT_OREO VANILLA 110.4/105G_T30_1,1.0
CG_LT,30,,MM BINH PHU,MM AN PHU,OREO VANILLA 110.4/105G,5.629247,0.6,2.0,5.377548,LT_OREO VANILLA 110.4/105G_T30_2,1.0
CG_LT,30,,MM BINH PHU,MM DA NANG,OREO VANILLA 110.4/105G,2.855099,0.6,2.0,3.71306,LT_OREO VANILLA 110.4/105G_T30_2,1.0
CG_LT,30,,MM HIEP PHU,MM AN PHU,OREO VANILLA 110.4/105G,3.33227,0.6,2.0,3.999362,LT_OREO VANILLA 110.4/105G_T30_2,1.0
CG_LT,30,,MM HIEP PHU,MM DA NANG,OREO VANILLA 110.4/105G,9.152469,0.6,2.0,7.491482,LT_OREO VANILLA 110.4/105G_T30_2,1.0
CG_LT,30,,MM BINH PHU,MM AN PHU,OREO VANILLA 110.4/105G,5.607556,0.6,1.339383,4.703916,LT_OREO VANILLA 110.4/105G_T30_3,0.669691
CG_LT,30,,MM BINH PHU,MM DA NANG,OREO VANILLA 110.4/105G,6.262817,0.6,1.339383,5.097073,LT_OREO VANILLA 110.4/105G_T30_3,0.669691
CG_LT,30,,MM HIEP PHU,MM AN PHU,OREO VANILLA 110.4/105G,3.391888,0.6,1.339383,3.374516,LT_OREO VANILLA 110.4/105G_T30_3,0.669691
CG_LT,30,,MM HIEP PHU,MM DA NANG,OREO VANILLA 110.4/105G,1.918255,0.6,1.339383,2.490336,LT_OREO VANILLA 110.4/105G_T30_3,0.669691
CG_LT,30,,MM BINH PHU,MM AN PHU,OREO VANILLA 110.4/105G,2.407679,0.6,2.0,3.444607,LT_OREO VANILLA 110.4/105G_T30_4,1.0
CG_LT,30,,MM BINH PHU,MM DA NANG,OREO VANILLA 110.4/105G,7.918783,0.6,2.0,6.75127,LT_OREO VANILLA 110.4/105G_T30_4,1.0
CG_LT,30,,MM HIEP PHU,MM DA NANG,OREO VANILLA 110.4/105G,1.547194,0.6,2.0,2.928316,LT_OREO VANILLA 110.4/105G_T30_4,1.0
CG_LT,34,,MM BINH PHU,MM DA NANG,OREO VANILLA 110.4/105G,0.59263,0.6,0.653477,1.009055,LT_OREO VANILLA 110.4/105G_T34_1,0.326739
CG_LT,34,,MM BINH PHU,MM HIEP PHU,OREO VANILLA 110.4/105G,1.270056,0.6,0.653477,1.415511,LT_OREO VANILLA 110.4/105G_T34_1,0.326739
CG_LT,34,,MM DA NANG,MM AN PHU,OREO VANILLA 110.4/105G,2.207006,0.6,0.653477,1.977681,LT_OREO VANILLA 110.4/105G_T34_1,0.326739
CG_LT,34,,MM DA NANG,MM HIEP PHU,OREO VANILLA 110.4/105G,2.445787,0.6,0.653477,2.120949,LT_OREO VANILLA 110.4/105G_T34_1,0.326739
CG_LT,35,,MM BINH PHU,MM DA NANG,OREO VANILLA 110.4/105G,5.514103,0.6,2.0,5.308462,LT_OREO VANILLA 110.4/105G_T35_1,1.0
CG_LT,35,,MM BINH PHU,MM HIEP PHU,OREO VANILLA 110.4/105G,3.525631,0.6,2.0,4.115378,LT_OREO VANILLA 110.4/105G_T35_1,1.0
CG_LT,35,,MM BINH PHU,MM AN PHU,OREO VANILLA 110.4/105G,2.954885,0.6,2.0,3.772931,LT_OREO VANILLA 110.4/105G_T35_2,1.0
CG_LT,35,,MM BINH PHU,MM HIEP PHU,OREO VANILLA 110.4/105G,1.369649,0.6,2.0,2.821789,LT_OREO VANILLA 110.4/105G_T35_2,1.0
CG_LT,35,,MM BINH PHU,MM AN PHU,OREO VANILLA 110.4/105G,7.626866,0.6,2.0,6.576119,LT_OREO VANILLA 110.4/105G_T35_3,1.0
CG_LT,35,,MM BINH PHU,MM DA NANG,OREO VANILLA 110.4/105G,9.888397,0.6,2.0,7.933038,LT_OREO VANILLA 110.4/105G_T35_3,1.0
CG_LT,35,,MM BINH PHU,MM AN PHU,OREO VANILLA 110.4/105G,1.414404,0.6,2.0,2.848643,LT_OREO VANILLA 110.4/105G_T35_4,1.0
CG_LT,35,,MM BINH PHU,MM DA NANG,OREO VANILLA 110.4/105G,8.144019,0.6,2.0,6.886412,LT_OREO VANILLA 110.4/105G_T35_4,1.0
CG_LT,35,,MM BINH PHU,MM HIEP PHU,OREO VANILLA 110.4/105G,3.5724,0.6,2.0,4.14344,LT_OREO VANILLA 110.4/105G_T35_4,1.0
CG_LT,35,,MM BINH PHU,MM AN PHU,OREO VANILLA 110.4/105G,5.56661,0.6,2.0,5.339966,LT_OREO VANILLA 110.4/105G_T35_5,1.0
CG_LT,35,,MM BINH PHU,MM DA NANG,OREO VANILLA 110.4/105G,9.212877,0.6,2.0,7.527726,LT_OREO VANILLA 110.4/105G_T35_5,1.0
CG_LT,35,,MM BINH PHU,MM HIEP PHU,OREO VANILLA 110.4/105G,3.836299,0.6,2.0,4.30178,LT_OREO VANILLA 110.4/105G_T35_5,1.0
CG_LT,37,,MM BINH PHU,MM DA NANG,OREO VANILLA 110.4/105G,0.730303,0.6,0.151547,0.589729,LT_OREO VANILLA 110.4/105G_T37_1,0.075773
CG_LT,37,,MM HIEP PHU,MM DA NANG,OREO VANILLA 110.4/105G,0.470174,0.6,0.151547,0.433651,LT_OREO VANILLA 110.4/105G_T37_1,0.075773
CG_LT,38,,MM BINH PHU,MM AN PHU,OREO VANILLA 110.4/105G,2.24071,0.6,2.0,3.344426,LT_OREO VANILLA 110.4/105G_T38_1,1.0
CG_LT,38,,MM BINH PHU,MM DA NANG,OREO VANILLA 110.4/105G,5.926229,0.6,2.0,5.555738,LT_OREO VANILLA 110.4/105G_T38_1,1.0
CG_LT,38,,MM HIEP PHU,MM DA NANG,OREO VANILLA 110.4/105G,8.190723,0.6,2.0,6.914434,LT_OREO VANILLA 110.4/105G_T38_1,1.0
CG_LT,38,,MM HIEP PHU,MM AN PHU,OREO VANILLA 110.4/105G,3.937226,0.6,1.177045,3.539381,LT_OREO VANILLA 110.4/105G_T38_2,0.588523
CG_LT,38,,MM HIEP PHU,MM DA NANG,OREO VANILLA 110.4/105G,4.424131,0.6,1.177045,3.831524,LT_OREO VANILLA 110.4/105G_T38_2,0.588523
CG_LT,38,,MM BINH PHU,MM AN PHU,OREO VANILLA 110.4/105G,6.544792,0.6,2.0,5.926875,LT_OREO VANILLA 110.4/105G_T38_3,1.0
CG_LT,38,,MM BINH PHU,MM DA NANG,OREO VANILLA 110.4/105G,3.993372,0.6,2.0,4.396023,LT_OREO VANILLA 110.4/105G_T38_3,1.0
CG_LT,38,,MM HIEP PHU,MM AN PHU,OREO VANILLA 110.4/105G,3.29312,0.6,2.0,3.975872,LT_OREO VANILLA 110.4/105G_T38_3,1.0
CG_LT,38,,MM HIEP PHU,MM DA NANG,OREO VANILLA 110.4/105G,1.913043,0.6,2.0,3.147826,LT_OREO VANILLA 110.4/105G_T38_3,1.0
CG_LT,38,,MM BINH PHU,MM DA NANG,OREO VANILLA 110.4/105G,6.854452,0.6,2.0,6.112671,LT_OREO VANILLA 110.4/105G_T38_4,1.0
CG_LT,38,,MM HIEP PHU,MM AN PHU,OREO VANILLA 110.4/105G,2.862457,0.6,2.0,3.717474,LT_OREO VANILLA 110.4/105G_T38_4,1.0
CG_LT,38,,MM BINH PHU,MM DA NANG,OREO VANILLA 110.4/105G,9.885939,0.6,2.0,7.931564,LT_OREO VANILLA 110.4/105G_T38_5,1.0
CG_LT,38,,MM HIEP PHU,MM AN PHU,OREO VANILLA 110.4/105G,2.379299,0.6,2.0,3.427579,LT_OREO VANILLA 110.4/105G_T38_5,1.0
CG_LT,39,,MM BINH PHU,MM AN PHU,OREO VANILLA 110.4/105G,5.322297,0.6,2.0,5.193378,LT_OREO VANILLA 110.4/105G_T39_1,1.0
CG_LT,39,,MM BINH PHU,MM DA NANG,OREO VANILLA 110.4/105G,4.338736,0.6,2.0,4.603242,LT_OREO VANILLA 110.4/105G_T39_1,1.0
CG_LT,39,,MM HIEP PHU,MM AN PHU,OREO VANILLA 110.4/105G,3.936777,0.6,2.0,4.362066,LT_OREO VANILLA 110.4/105G_T39_1,1.0
CG_LT,39,,MM HIEP PHU,MM DA NANG,OREO VANILLA 110.4/105G,7.477784,0.6,2.0,6.48667,LT_OREO VANILLA 110.4/105G_T39_1,1.0
CG_LT,39,,MM BINH PHU,MM AN PHU,OREO VANILLA 110.4/105G,1.922193,0.6,2.0,3.153316,LT_OREO VANILLA 110.4/105G_T39_2,1.0
CG_LT,39,,MM BINH PHU,MM DA NANG,OREO VANILLA 110.4/105G,9.927937,0.6,2.0,7.956762,LT_OREO VANILLA 110.4/105G_T39_2,1.0
CG_LT,39,,MM HIEP PHU,MM AN PHU,OREO VANILLA 110.4/105G,8.29749,0.6,2.0,6.978494,LT_OREO VANILLA 110.4/105G_T39_2,1.0
CG_LT,39,,MM HIEP PHU,MM DA NANG,OREO VANILLA 110.4/105G,3.642991,0.6,2.0,4.185794,LT_OREO VANILLA 110.4/105G_T39_2,1.0
CG_LT,39,,MM BINH PHU,MM DA NANG,OREO VANILLA 110.4/105G,6.472211,0.6,2.0,5.883326,LT_OREO VANILLA 110.4/105G_T39_4,1.0
CG_LT,39,,MM BINH PHU,MM AN PHU,OREO VANILLA 110.4/105G,0.962011,0.6,0.885843,1.46305,LT_OREO VANILLA 110.4/105G_T39_5,0.442922
CG_LT,39,,MM BINH PHU,MM DA NANG,OREO VANILLA 110.4/105G,3.015727,0.6,0.885843,2.695279,LT_OREO VANILLA 110.4/105G_T39_5,0.442922
CG_LT,39,,MM HIEP PHU,MM AN PHU,OREO VANILLA 110.4/105G,3.701448,0.6,0.885843,3.106712,LT_OREO VANILLA 110.4/105G_T39_5,0.442922
CG_LT,39,,MM HIEP PHU,MM DA NANG,OREO VANILLA 110.4/105G,2.943511,0.6,0.885843,2.65195,LT_OREO VANILLA 110.4/105G_T39_5,0.442922
CG_LT,40,,MM BINH PHU,MM DA NANG,OREO VANILLA 110.4/105G,2.63883,0.6,2.0,3.583298,LT_OREO VANILLA 110.4/105G_T40_1,1.0
CG_LT,40,,MM BINH PHU,MM HIEP PHU,OREO VANILLA 110.4/105G,6.807766,0.6,2.0,6.08466,LT_OREO VANILLA 110.4/105G_T40_1,1.0
CG_LT,40,,MM BINH PHU,MM AN PHU,OREO VANILLA 110.4/105G,7.946321,0.6,2.0,6.767793,LT_OREO VANILLA 110.4/105G_T40_2,1.0
CG_LT,40,,MM BINH PHU,MM DA NANG,OREO VANILLA 110.4/105G,1.98768,0.6,2.0,3.192608,LT_OREO VANILLA 110.4/105G_T40_2,1.0
CG_LT,40,,MM BINH PHU,MM HIEP PHU,OREO VANILLA 110.4/105G,3.556493,0.6,2.0,4.133896,LT_OREO VANILLA 110.4/105G_T40_2,1.0
CG_LT,40,,MM BINH PHU,MM DA NANG,OREO VANILLA 110.4/105G,9.990028,0.6,2.0,7.994017,LT_OREO VANILLA 110.4/105G_T40_3,1.0
CG_LT,40,,MM BINH PHU,MM DA NANG,OREO VANILLA 110.4/105G,8.157774,0.6,2.0,6.894665,LT_OREO VANILLA 110.4/105G_T40_4,1.0
CG_LT,40,,MM BINH PHU,MM AN PHU,OREO VANILLA 110.4/105G,6.68457,0.6,2.0,6.010742,LT_OREO VANILLA 110.4/105G_T40_5,1.0
CG_LT,40,,MM BINH PHU,MM DA NANG,OREO VANILLA 110.4/105G,5.511636,0.6,2.0,5.306982,LT_OREO VANILLA 110.4/105G_T40_5,1.0
CG_LT,40,,MM BINH PHU,MM HIEP PHU,OREO VANILLA 110.4/105G,1.774331,0.6,2.0,3.064599,LT_OREO VANILLA 110.4/105G_T40_5,1.0
CG_LT,44,,MM BINH PHU,MM DA NANG,OREO VANILLA 110.4/105G,1.578678,0.6,2.0,2.947207,LT_OREO VANILLA 110.4/105G_T44_1,1.0
CG_LT,44,,MM BINH PHU,MM DA NANG,OREO VANILLA 110.4/105G,5.527899,0.6,2.0,5.316739,LT_OREO VANILLA 110.4/105G_T44_2,1.0
CG_LT,44,,MM AN PHU,MM DA NANG,OREO VANILLA 110.4/105G,8.288513,0.6,2.0,6.973108,LT_OREO VANILLA 110.4/105G_T44_4,1.0
CG_LT,44,,MM BINH PHU,MM DA NANG,OREO VANILLA 110.4/105G,8.796205,0.6,2.0,7.277723,LT_OREO VANILLA 110.4/105G_T44_4,1.0
CG_LT,44,,MM AN PHU,MM DA NANG,OREO VANILLA 110.4/105G,2.711487,0.6,0.565794,2.192686,LT_OREO VANILLA 110.4/105G_T44_5,0.282897
CG_LT,44,,MM BINH PHU,MM DA NANG,OREO VANILLA 110.4/105G,1.322174,0.6,0.565794,1.359098,LT_OREO VANILLA 110.4/105G_T44_5,0.282897
CG_LT,44,,MM BINH PHU,MM HIEP PHU,OREO VANILLA 110.4/105G,2.678836,0.6,0.565794,2.173095,LT_OREO VANILLA 110.4/105G_T44_5,0.282897
CG_LT,45,,MM AN PHU,MM DA NANG,OREO VANILLA 110.4/105G,4.369838,0.6,1.225116,3.847018,LT_OREO VANILLA 110.4/105G_T45_1,0.612558
CG_LT,45,,MM AN PHU,MM HIEP PHU,OREO VANILLA 110.4/105G,4.262612,0.6,1.225116,3.782683,LT_OREO VANILLA 110.4/105G_T45_1,0.612558
CG_LT,45,,MM BINH PHU,MM DA NANG,OREO VANILLA 110.4/105G,0.732254,0.6,1.225116,1.664468,LT_OREO VANILLA 110.4/105G_T45_1,0.612558
CG_LT,45,,MM BINH PHU,MM DA NANG,OREO VANILLA 110.4/105G,4.02762,0.6,2.0,4.416572,LT_OREO VANILLA 110.4/105G_T45_2,1.0
CG_LT,45,,MM AN PHU,MM HIEP PHU,OREO VANILLA 110.4/105G,1.613454,0.6,0.423795,1.391868,LT_OREO VANILLA 110.4/105G_T45_3,0.211898
CG_LT,45,,MM BINH PHU,MM DA NANG,OREO VANILLA 110.4/105G,1.88899,0.6,0.423795,1.557189,LT_OREO VANILLA 110.4/105G_T45_3,0.211898
CG_LT,45,,MM BINH PHU,MM HIEP PHU,OREO VANILLA 110.4/105G,0.357876,0.6,0.423795,0.638521,LT_OREO VANILLA 110.4/105G_T45_3,0.211898
CG_LT,45,,MM AN PHU,MM DA NANG,OREO VANILLA 110.4/105G,8.334592,0.6,2.0,7.000755,LT_OREO VANILLA 110.4/105G_T45_5,1.0
CG_LT,45,,MM BINH PHU,MM DA NANG,OREO VANILLA 110.4/105G,9.35719,0.6,2.0,7.614314,LT_OREO VANILLA 110.4/105G_T45_5,1.0
CG_LT,45,,MM BINH PHU,MM HIEP PHU,OREO VANILLA 110.4/105G,3.767659,0.6,2.0,4.260595,LT_OREO VANILLA 110.4/105G_T45_5,1.0
CG_LT,46,,MM HIEP PHU,MM DA NANG,OREO VANILLA 110.4/105G,2.223296,0.6,2.0,3.333977,LT_OREO VANILLA 110.4/105G_T46_2,1.0
CG_LT,46,,MM BINH PHU,MM DA NANG,OREO VANILLA 110.4/105G,2.573845,0.6,2.0,3.544307,LT_OREO VANILLA 110.4/105G_T46_5,1.0
CG_LT,47,,MM BINH PHU,MM AN PHU,OREO VANILLA 110.4/105G,4.661928,0.6,2.0,4.797157,LT_OREO VANILLA 110.4/105G_T47_1,1.0
CG_LT,47,,MM BINH PHU,MM DA NANG,OREO VANILLA 110.4/105G,6.102536,0.6,2.0,5.661522,LT_OREO VANILLA 110.4/105G_T47_1,1.0
CG_LT,47,,MM BINH PHU,MM HIEP PHU,OREO VANILLA 110.4/105G,2.658507,0.6,2.0,3.595104,LT_OREO VANILLA 110.4/105G_T47_1,1.0
CG_LT,47,,MM BINH PHU,MM HIEP PHU,OREO VANILLA 110.4/105G,5.282605,0.6,2.0,5.169563,LT_OREO VANILLA 110.4/105G_T47_2,1.0
CG_LT,47,,MM BINH PHU,MM AN PHU,OREO VANILLA 110.4/105G,9.074491,0.6,2.0,7.444694,LT_OREO VANILLA 110.4/105G_T47_3,1.0
CG_LT,47,,MM BINH PHU,MM DA NANG,OREO VANILLA 110.4/105G,8.877319,0.6,2.0,7.326391,LT_OREO VANILLA 110.4/105G_T47_3,1.0
CG_LT,47,,MM BINH PHU,MM HIEP PHU,OREO VANILLA 110.4/105G,1.39016,0.6,2.0,2.834096,LT_OREO VANILLA 110.4/105G_T47_3,1.0
CG_LT,47,,MM BINH PHU,MM AN PHU,OREO VANILLA 110.4/105G,6.215044,0.6,2.0,5.729027,LT_OREO VANILLA 110.4/105G_T47_4,1.0
CG_LT,47,,MM BINH PHU,MM DA NANG,OREO VANILLA 110.4/105G,2.640128,0.6,2.0,3.584077,LT_OREO VANILLA 110.4/105G_T47_4,1.0
CG_LT,47,,MM BINH PHU,MM HIEP PHU,OREO VANILLA 110.4/105G,8.118125,0.6,2.0,6.870875,LT_OREO VANILLA 110.4/105G_T47_4,1.0
CG_LT,47,,MM BINH PHU,MM AN PHU,OREO VANILLA 110.4/105G,9.170073,0.6,2.0,7.502044,LT_OREO VANILLA 110.4/105G_T47_5,1.0
CG_LT,47,,MM BINH PHU,MM DA NANG,OREO VANILLA 110.4/105G,6.672736,0.6,2.0,6.003641,LT_OREO VANILLA 110.4/105G_T47_5,1.0
CG_LT,47,,MM BINH PHU,MM HIEP PHU,OREO VANILLA 110.4/105G,7.149297,0.6,2.0,6.289578,LT_OREO VANILLA 110.4/105G_T47_5,1.0
CG_LT,48,,MM BINH PHU,MM AN PHU,OREO VANILLA 110.4/105G,3.191179,0.6,2.0,3.914708,LT_OREO VANILLA 110.4/105G_T48_1,1.0
CG_LT,48,,MM BINH PHU,MM DA NANG,OREO VANILLA 110.4/105G,1.046463,0.6,2.0,2.627878,LT_OREO VANILLA 110.4/105G_T48_1,1.0
CG_LT,48,,MM HIEP PHU,MM AN PHU,OREO VANILLA 110.4/105G,6.956009,0.6,2.0,6.173605,LT_OREO VANILLA 110.4/105G_T48_1,1.0
CG_LT,48,,MM HIEP PHU,MM DA NANG,OREO VANILLA 110.4/105G,5.143402,0.6,2.0,5.086041,LT_OREO VANILLA 110.4/105G_T48_1,1.0
CG_LT,48,,MM HIEP PHU,MM AN PHU,OREO VANILLA 110.4/105G,7.240742,0.6,2.0,6.344445,LT_OREO VANILLA 110.4/105G_T48_2,1.0
CG_LT,48,,MM BINH PHU,MM AN PHU,OREO VANILLA 110.4/105G,8.755017,0.6,2.0,7.25301,LT_OREO VANILLA 110.4/105G_T48_3,1.0
CG_LT,48,,MM BINH PHU,MM DA NANG,OREO VANILLA 110.4/105G,6.964281,0.6,2.0,6.178568,LT_OREO VANILLA 110.4/105G_T48_3,1.0
CG_LT,48,,MM HIEP PHU,MM AN PHU,OREO VANILLA 110.4/105G,8.684452,0.6,2.0,7.210671,LT_OREO VANILLA 110.4/105G_T48_3,1.0
CG_LT,48,,MM HIEP PHU,MM DA NANG,OREO VANILLA 110.4/105G,9.327612,0.6,2.0,7.596567,LT_OREO VANILLA 110.4/105G_T48_3,1.0
CG_LT,48,,MM HIEP PHU,MM AN PHU,OREO VANILLA 110.4/105G,0.287911,0.6,0.117147,0.289894,LT_OREO VANILLA 110.4/105G_T48_4,0.058574
CG_LT,48,,MM HIEP PHU,MM DA NANG,OREO VANILLA 110.4/105G,0.177142,0.6,0.117147,0.223432,LT_OREO VANILLA 110.4/105G_T48_4,0.058574
CG_LT,48,,MM BINH PHU,MM DA NANG,OREO VANILLA 110.4/105G,7.491633,0.6,2.0,6.49498,LT_OREO VANILLA 110.4/105G_T48_5,1.0
CG_LT,48,,MM HIEP PHU,MM AN PHU,OREO VANILLA 110.4/105G,8.976814,0.6,2.0,7.386088,LT_OREO VANILLA 110.4/105G_T48_5,1.0
CG_LT,48,,MM HIEP PHU,MM DA NANG,OREO VANILLA 110.4/105G,4.185117,0.6,2.0,4.51107,LT_OREO VANILLA 110.4/105G_T48_5,1.0
CG_LT,49,,MM BINH PHU,MM AN PHU,OREO VANILLA 110.4/105G,6.353614,0.6,1.676113,5.488281,LT_OREO VANILLA 110.4/105G_T49_2,0.838056
CG_LT,49,,MM BINH PHU,MM DA NANG,OREO VANILLA 110.4/105G,6.729434,0.6,1.676113,5.713773,LT_OREO VANILLA 110.4/105G_T49_2,0.838056
CG_LT,49,,MM HIEP PHU,MM AN PHU,OREO VANILLA 110.4/105G,2.990623,0.6,1.676113,3.470486,LT_OREO VANILLA 110.4/105G_T49_2,0.838056
CG_LT,49,,MM HIEP PHU,MM DA NANG,OREO VANILLA 110.4/105G,7.417113,0.6,1.676113,6.126381,LT_OREO VANILLA 110.4/105G_T49_2,0.838056
CG_LT,49,,MM HIEP PHU,MM DA NANG,OREO VANILLA 110.4/105G,4.853452,0.6,2.0,4.912071,LT_OREO VANILLA 110.4/105G_T49_4,1.0
CG_LT,50,,MM BINH PHU,MM DA NANG,OREO VANILLA 110.4/105G,1.26502,0.6,1.600436,2.359448,LT_OREO VANILLA 110.4/105G_T50_1,0.800218
CG_LT,50,,MM BINH PHU,MM AN PHU,OREO VANILLA 110.4/105G,8.505142,0.6,2.0,7.103085,LT_OREO VANILLA 110.4/105G_T50_2,1.0
CG_LT,50,,MM BINH PHU,MM DA NANG,OREO VANILLA 110.4/105G,8.026344,0.6,2.0,6.815806,LT_OREO VANILLA 110.4/105G_T50_2,1.0
CG_LT,50,,MM HIEP PHU,MM AN PHU,OREO VANILLA 110.4/105G,5.611468,0.6,2.0,5.366881,LT_OREO VANILLA 110.4/105G_T50_2,1.0
CG_LT,50,,MM BINH PHU,MM AN PHU,OREO VANILLA 110.4/105G,4.403705,0.6,2.0,4.642223,LT_OREO VANILLA 110.4/105G_T50_3,1.0
CG_LT,50,,MM BINH PHU,MM DA NANG,OREO VANILLA 110.4/105G,7.119558,0.6,2.0,6.271735,LT_OREO VANILLA 110.4/105G_T50_3,1.0
CG_LT,50,,MM HIEP PHU,MM AN PHU,OREO VANILLA 110.4/105G,4.017042,0.6,2.0,4.410225,LT_OREO VANILLA 110.4/105G_T50_3,1.0
CG_LT,50,,MM HIEP PHU,MM DA NANG,OREO VANILLA 110.4/105G,7.204598,0.6,2.0,6.322759,LT_OREO VANILLA 110.4/105G_T50_3,1.0
CG_LT,50,,MM BINH PHU,MM AN PHU,OREO VANILLA 110.4/105G,8.539572,0.6,2.0,7.123743,LT_OREO VANILLA 110.4/105G_T50_5,1.0
CG_LT,50,,MM BINH PHU,MM DA NANG,OREO VANILLA 110.4/105G,3.715462,0.6,2.0,4.229277,LT_OREO VANILLA 110.4/105G_T50_5,1.0
CG_LT,50,,MM HIEP PHU,MM AN PHU,OREO VANILLA 110.4/105G,7.876057,0.6,2.0,6.725634,LT_OREO VANILLA 110.4/105G_T50_5,1.0
CG_LT,50,,MM HIEP PHU,MM DA NANG,OREO VANILLA 110.4/105G,4.543768,0.6,2.0,4.726261,LT_OREO VANILLA 110.4/105G_T50_5,1.0
CG_LT,51,,MM HIEP PHU,MM AN PHU,OREO VANILLA 110.4/105G,3.796177,0.6,0.988921,3.266627,LT_OREO VANILLA 110.4/105G_T51_4,0.49446
CG_LT,52,,MM BINH PHU,MM AN PHU,OREO VANILLA 110.4/105G,5.723114,0.6,1.89013,5.323998,LT_OREO VANILLA 110.4/105G_T52_1,0.945065
CG_LT,52,,MM HIEP PHU,MM AN PHU,OREO VANILLA 110.4/105G,9.776629,0.6,2.0,7.865977,LT_OREO VANILLA 110.4/105G_T52_4,1.0
CG_LT,52,,MM HIEP PHU,MM AN PHU,OREO VANILLA 110.4/105G,6.918793,0.6,2.0,6.151276,LT_OREO VANILLA 110.4/105G_T52_5,1.0
CG_LT,53,,MM BINH PHU,MM DA NANG,OREO VANILLA 110.4/105G,3.747858,0.6,1.710086,3.958801,LT_OREO VANILLA 110.4/105G_T53_2,0.855043
CG_LT,53,,MM HIEP PHU,MM AN PHU,OREO VANILLA 110.4/105G,7.94558,0.6,1.710086,6.477434,LT_OREO VANILLA 110.4/105G_T53_2,0.855043
CG_LT,53,,MM HIEP PHU,MM DA NANG,OREO VANILLA 110.4/105G,1.910129,0.6,1.710086,2.856163,LT_OREO VANILLA 110.4/105G_T53_2,0.855043
CG_LT,53,,MM BINH PHU,MM DA NANG,OREO VANILLA 110.4/105G,8.241105,0.6,2.0,6.944663,LT_OREO VANILLA 110.4/105G_T53_3,1.0
CG_LT,53,,MM BINH PHU,MM DA NANG,OREO VANILLA 110.4/105G,4.119003,0.6,2.0,4.471402,LT_OREO VANILLA 110.4/105G_T53_4,1.0
CG_LT,53,,MM HIEP PHU,MM DA NANG,OREO VANILLA 110.4/105G,6.141536,0.6,2.0,5.684922,LT_OREO VANILLA 110.4/105G_T53_4,1.0
CG_LT,53,,MM BINH PHU,MM AN PHU,OREO VANILLA 110.4/105G,1.270996,0.6,2.0,2.762597,LT_OREO VANILLA 110.4/105G_T53_5,1.0
CG_LT,53,,MM BINH PHU,MM DA NANG,OREO VANILLA 110.4/105G,5.774935,0.6,2.0,5.464961,LT_OREO VANILLA 110.4/105G_T53_5,1.0
CG_LT,53,,MM HIEP PHU,MM AN PHU,OREO VANILLA 110.4/105G,1.573836,0.6,2.0,2.944302,LT_OREO VANILLA 110.4/105G_T53_5,1.0
CG_LT,53,,MM HIEP PHU,MM DA NANG,OREO VANILLA 110.4/105G,2.157316,0.6,2.0,3.29439,LT_OREO VANILLA 110.4/105G_T53_5,1.0
CG_LT,54,,MM HIEP PHU,MM DA NANG,OREO VANILLA 110.4/105G,9.880688,0.6,2.0,7.928413,LT_OREO VANILLA 110.4/105G_T54_2,1.0
CG_LT,54,,MM BINH PHU,MM AN PHU,OREO VANILLA 110.4/105G,7.624344,0.6,1.526174,6.100781,LT_OREO VANILLA 110.4/105G_T54_3,0.763087
CG_LT,54,,MM BINH PHU,MM DA NANG,OREO VANILLA 110.4/105G,7.326818,0.6,1.526174,5.922265,LT_OREO VANILLA 110.4/105G_T54_3,0.763087
CG_LT,54,,MM HIEP PHU,MM AN PHU,OREO VANILLA 110.4/105G,6.222578,0.6,1.526174,5.259721,LT_OREO VANILLA 110.4/105G_T54_3,0.763087
CG_LT,54,,MM HIEP PHU,MM DA NANG,OREO VANILLA 110.4/105G,4.204115,0.6,1.526174,4.048643,LT_OREO VANILLA 110.4/105G_T54_3,0.763087
CG_LT,54,,MM BINH PHU,MM DA NANG,OREO VANILLA 110.4/105G,7.251627,0.6,2.0,6.350976,LT_OREO VANILLA 110.4/105G_T54_5,1.0
CG_LT,54,,MM HIEP PHU,MM AN PHU,OREO VANILLA 110.4/105G,2.167767,0.6,2.0,3.30066,LT_OREO VANILLA 110.4/105G_T54_5,1.0
CG_LT,54,,MM HIEP PHU,MM DA NANG,OREO VANILLA 110.4/105G,8.309553,0.6,2.0,6.985732,LT_OREO VANILLA 110.4/105G_T54_5,1.0
CG_LT,55,,MM BINH PHU,MM DA NANG,OREO VANILLA 110.4/105G,6.039797,0.6,2.0,5.623878,LT_OREO VANILLA 110.4/105G_T55_1,1.0
CG_LT,55,,MM HIEP PHU,MM AN PHU,OREO VANILLA 110.4/105G,6.499809,0.6,2.0,5.899885,LT_OREO VANILLA 110.4/105G_T55_1,1.0
CG_LT,55,,MM BINH PHU,MM AN PHU,OREO VANILLA 110.4/105G,3.166219,0.6,1.488244,3.387976,LT_OREO VANILLA 110.4/105G_T55_2,0.744122
CG_LT,55,,MM BINH PHU,MM DA NANG,OREO VANILLA 110.4/105G,4.272812,0.6,1.488244,4.051932,LT_OREO VANILLA 110.4/105G_T55_2,0.744122
CG_LT,55,,MM HIEP PHU,MM AN PHU,OREO VANILLA 110.4/105G,2.609978,0.6,1.488244,3.054231,LT_OREO VANILLA 110.4/105G_T55_2,0.744122
CG_LT,55,,MM HIEP PHU,MM DA NANG,OREO VANILLA 110.4/105G,6.492646,0.6,1.488244,5.383832,LT_OREO VANILLA 110.4/105G_T55_2,0.744122
CG_LT,55,,MM BINH PHU,MM AN PHU,OREO VANILLA 110.4/105G,6.600147,0.6,2.0,5.960088,LT_OREO VANILLA 110.4/105G_T55_3,1.0
CG_LT,55,,MM BINH PHU,MM DA NANG,OREO VANILLA 110.4/105G,2.479872,0.6,2.0,3.487923,LT_OREO VANILLA 110.4/105G_T55_3,1.0
CG_LT,55,,MM HIEP PHU,MM AN PHU,OREO VANILLA 110.4/105G,7.619914,0.6,2.0,6.571949,LT_OREO VANILLA 110.4/105G_T55_3,1.0
CG_LT,55,,MM HIEP PHU,MM DA NANG,OREO VANILLA 110.4/105G,3.633561,0.6,2.0,4.180137,LT_OREO VANILLA 110.4/105G_T55_3,1.0
CG_LT,55,,MM HIEP PHU,MM AN PHU,OREO VANILLA 110.4/105G,9.662221,0.6,2.0,7.797333,LT_OREO VANILLA 110.4/105G_T55_4,1.0
CG_LT,55,,MM BINH PHU,MM AN PHU,OREO VANILLA 110.4/105G,3.841849,0.6,2.0,4.30511,LT_OREO VANILLA 110.4/105G_T55_5,1.0
CG_LT,55,,MM HIEP PHU,MM AN PHU,OREO VANILLA 110.4/105G,5.617349,0.6,2.0,5.37041,LT_OREO VANILLA 110.4/105G_T55_5,1.0
CG_LT,55,,MM HIEP PHU,MM DA NANG,OREO VANILLA 110.4/105G,6.070112,0.6,2.0,5.642067,LT_OREO VANILLA 110.4/105G_T55_5,1.0
CG_LT,5,,MM BINH PHU,MM AN PHU,OREO VANILLA 110.4/105G,4.216102,0.6,2.0,4.529661,LT_OREO VANILLA 110.4/105G_T5_1,1.0
CG_LT,5,,MM BINH PHU,MM DA NANG,OREO VANILLA 110.4/105G,7.612031,0.6,2.0,6.567219,LT_OREO VANILLA 110.4/105G_T5_1,1.0
CG_LT,5,,MM HIEP PHU,MM AN PHU,OREO VANILLA 110.4/105G,5.98835,0.6,2.0,5.59301,LT_OREO VANILLA 110.4/105G_T5_1,1.0
CG_LT,5,,MM HIEP PHU,MM DA NANG,OREO VANILLA 110.4/105G,2.282088,0.6,2.0,3.369253,LT_OREO VANILLA 110.4/105G_T5_1,1.0
CG_LT,5,,MM BINH PHU,MM AN PHU,OREO VANILLA 110.4/105G,5.871751,0.6,2.0,5.523051,LT_OREO VANILLA 110.4/105G_T5_2,1.0
CG_LT,5,,MM BINH PHU,MM DA NANG,OREO VANILLA 110.4/105G,1.559125,0.6,2.0,2.935475,LT_OREO VANILLA 110.4/105G_T5_2,1.0
CG_LT,5,,MM HIEP PHU,MM AN PHU,OREO VANILLA 110.4/105G,5.802469,0.6,2.0,5.481481,LT_OREO VANILLA 110.4/105G_T5_2,1.0
CG_LT,5,,MM HIEP PHU,MM DA NANG,OREO VANILLA 110.4/105G,7.160838,0.6,2.0,6.296503,LT_OREO VANILLA 110.4/105G_T5_2,1.0
CG_LT,5,,MM BINH PHU,MM AN PHU,OREO VANILLA 110.4/105G,4.400556,0.6,1.223696,3.86403,LT_OREO VANILLA 110.4/105G_T5_3,0.611848
CG_LT,5,,MM BINH PHU,MM DA NANG,OREO VANILLA 110.4/105G,5.056564,0.6,1.223696,4.257635,LT_OREO VANILLA 110.4/105G_T5_3,0.611848
CG_LT,5,,MM HIEP PHU,MM AN PHU,OREO VANILLA 110.4/105G,3.298128,0.6,1.223696,3.202573,LT_OREO VANILLA 110.4/105G_T5_3,0.611848
CG_LT,5,,MM HIEP PHU,MM DA NANG,OREO VANILLA 110.4/105G,5.314772,0.6,1.223696,4.412559,LT_OREO VANILLA 110.4/105G_T5_3,0.611848
CG_LT,5,,MM BINH PHU,MM AN PHU,OREO VANILLA 110.4/105G,2.407665,0.6,2.0,3.444599,LT_OREO VANILLA 110.4/105G_T5_4,1.0
CG_LT,5,,MM BINH PHU,MM AN PHU,OREO VANILLA 110.4/105G,9.676206,0.6,2.0,7.805723,LT_OREO VANILLA 110.4/105G_T5_5,1.0
CG_LT,5,,MM HIEP PHU,MM AN PHU,OREO VANILLA 110.4/105G,8.573313,0.6,2.0,7.143988,LT_OREO VANILLA 110.4/105G_T5_5,1.0
CG_LT,5,,MM HIEP PHU,MM DA NANG,OREO VANILLA 110.4/105G,7.532127,0.6,2.0,6.519276,LT_OREO VANILLA 110.4/105G_T5_5,1.0
CG_LT,62,,MM HIEP PHU,MM AN PHU,OREO VANILLA 110.4/105G,4.658594,0.6,2.0,4.795156,LT_OREO VANILLA 110.4/105G_T62_2,1.0
CG_LT,62,,MM BINH PHU,MM AN PHU,OREO VANILLA 110.4/105G,1.531106,0.6,2.0,2.918663,LT_OREO VANILLA 110.4/105G_T62_3,1.0
CG_LT,62,,MM HIEP PHU,MM AN PHU,OREO VANILLA 110.4/105G,6.13585,0.6,2.0,5.68151,LT_OREO VANILLA 110.4/105G_T62_3,1.0
CG_LT,63,,MM BINH PHU,MM AN PHU,OREO VANILLA 110.4/105G,5.609708,0.6,1.214497,4.580321,LT_OREO VANILLA 110.4/105G_T63_5,0.607248
CG_LT,64,,MM BINH PHU,MM AN PHU,OREO VANILLA 110.4/105G,8.120557,0.6,2.0,6.872334,LT_OREO VANILLA 110.4/105G_T64_1,1.0
CG_LT,64,,MM BINH PHU,MM DA NANG,OREO VANILLA 110.4/105G,7.086877,0.6,2.0,6.252126,LT_OREO VANILLA 110.4/105G_T64_1,1.0
CG_LT,64,,MM HIEP PHU,MM DA NANG,OREO VANILLA 110.4/105G,5.439042,0.6,2.0,5.263425,LT_OREO VANILLA 110.4/105G_T64_1,1.0
CG_LT,64,,MM BINH PHU,MM AN PHU,OREO VANILLA 110.4/105G,7.7752,0.6,2.0,6.66512,LT_OREO VANILLA 110.4/105G_T64_2,1.0
CG_LT,64,,MM BINH PHU,MM DA NANG,OREO VANILLA 110.4/105G,7.877707,0.6,2.0,6.726624,LT_OREO VANILLA 110.4/105G_T64_2,1.0
CG_LT,64,,MM HIEP PHU,MM AN PHU,OREO VANILLA 110.4/105G,8.718634,0.6,2.0,7.231181,LT_OREO VANILLA 110.4/105G_T64_2,1.0
CG_LT,64,,MM HIEP PHU,MM DA NANG,OREO VANILLA 110.4/105G,7.419285,0.6,2.0,6.451571,LT_OREO VANILLA 110.4/105G_T64_2,1.0
CG_LT,68,,MM BINH PHU,MM AN PHU,OREO VANILLA 110.4/105G,5.061654,0.6,2.0,5.036992,LT_OREO VANILLA 110.4/105G_T68_2,1.0
CG_LT,68,,MM BINH PHU,MM AN PHU,OREO VANILLA 110.4/105G,0.05627,0.6,0.01861,0.052373,LT_OREO VANILLA 110.4/105G_T68_4,0.009305
CG_LT,68,,MM DA NANG,MM HIEP PHU,OREO VANILLA 110.4/105G,0.027782,0.6,0.01861,0.03528,LT_OREO VANILLA 110.4/105G_T68_4,0.009305
CG_LT,68,,MM BINH PHU,MM AN PHU,OREO VANILLA 110.4/105G,9.770079,0.6,2.0,7.862047,LT_OREO VANILLA 110.4/105G_T68_5,1.0
CG_LT,80,,MM AN PHU,MM DA NANG,OREO VANILLA 110.4/105G,0.315256,0.6,0.067178,0.256332,LT_OREO VANILLA 110.4/105G_T80_3,0.033589
CG_LT,80,,MM BINH PHU,MM DA NANG,OREO VANILLA 110.4/105G,0.197842,0.6,0.067178,0.185883,LT_OREO VANILLA 110.4/105G_T80_3,0.033589
CG_LT,80,,MM HIEP PHU,MM DA NANG,OREO VANILLA 110.4/105G,0.195381,0.6,0.067178,0.184407,LT_OREO VANILLA 110.4/105G_T80_3,0.033589
CG_LT,80,,MM AN PHU,MM DA NANG,OREO VANILLA 110.4/105G,3.999593,0.6,2.0,4.399756,LT_OREO VANILLA 110.4/105G_T80_4,1.0
CG_LT,80,,MM BINH PHU,MM DA NANG,OREO VANILLA 110.4/105G,8.106289,0.6,2.0,6.863774,LT_OREO VANILLA 110.4/105G_T80_4,1.0
CG_LT,80,,MM HIEP PHU,MM DA NANG,OREO VANILLA 110.4/105G,9.528998,0.6,2.0,7.717399,LT_OREO VANILLA 110.4/105G_T80_4,1.0
CG_LT,81,,MM HIEP PHU,MM AN PHU,OREO VANILLA 110.4/105G,9.735967,0.6,2.0,7.84158,LT_OREO VANILLA 110.4/105G_T81_1,1.0
CG_LT,81,,MM BINH PHU,MM AN PHU,OREO VANILLA 110.4/105G,6.595664,0.6,1.413796,5.371194,LT_OREO VANILLA 110.4/105G_T81_2,0.706898
CG_LT,81,,MM DA NANG,MM AN PHU,OREO VANILLA 110.4/105G,5.170947,0.6,1.413796,4.516364,LT_OREO VANILLA 110.4/105G_T81_2,0.706898
CG_LT,81,,MM HIEP PHU,MM AN PHU,OREO VANILLA 110.4/105G,1.494753,0.6,1.413796,2.310648,LT_OREO VANILLA 110.4/105G_T81_2,0.706898
CG_LT,8,,MM DA NANG,MM AN PHU,OREO VANILLA 110.4/105G,0.351768,0.6,0.096723,0.307783,LT_OREO VANILLA 110.4/105G_T8_3,0.048361
CG_LT,8,,MM DA NANG,MM BINH PHU,OREO VANILLA 110.4/105G,0.408144,0.6,0.096723,0.341609,LT_OREO VANILLA 110.4/105G_T8_3,0.048361
CG_LT,8,,MM HIEP PHU,MM BINH PHU,OREO VANILLA 110.4/105G,0.114338,0.6,0.096723,0.165325,LT_OREO VANILLA 110.4/105G_T8_3,0.048361
CG_LT,8,,MM DA NANG,MM BINH PHU,OREO VANILLA 110.4/105G,4.655029,0.6,2.0,4.793018,LT_OREO VANILLA 110.4/105G_T8_5,1.0
CG_LT,92,,MM BINH PHU,MM DA NANG,OREO VANILLA 110.4/105G,6.26253,0.6,2.0,5.757518,LT_OREO VANILLA 110.4/105G_T92_2,1.0
CG_LT,92,,MM HIEP PHU,MM AN PHU,OREO VANILLA 110.4/105G,1.058618,0.6,2.0,2.635171,LT_OREO VANILLA 110.4/105G_T92_2,1.0
CG_LT,92,,MM HIEP PHU,MM DA NANG,OREO VANILLA 110.4/105G,8.02135,0.6,2.0,6.81281,LT_OREO VANILLA 110.4/105G_T92_2,1.0
CG_LT,92,,MM BINH PHU,MM DA NANG,OREO VANILLA 110.4/105G,1.067561,0.6,1.49071,2.131246,LT_OREO VANILLA 110.4/105G_T92_3,0.745355
CG_LT,92,,MM HIEP PHU,MM DA NANG,OREO VANILLA 110.4/105G,4.932822,0.6,1.49071,4.450403,LT_OREO VANILLA 110.4/105G_T92_3,0.745355
CG_LT,92,,MM BINH PHU,MM AN PHU,OREO VANILLA 110.4/105G,5.392709,0.6,2.0,5.235625,LT_OREO VANILLA 110.4/105G_T92_5,1.0
CG_LT,92,,MM BINH PHU,MM DA NANG,OREO VANILLA 110.4/105G,9.670213,0.6,2.0,7.802128,LT_OREO VANILLA 110.4/105G_T92_5,1.0
CG_LT,92,,MM HIEP PHU,MM AN PHU,OREO VANILLA 110.4/105G,9.911693,0.6,2.0,7.947016,LT_OREO VANILLA 110.4/105G_T92_5,1.0
CG_LT,92,,MM HIEP PHU,MM DA NANG,OREO VANILLA 110.4/105G,6.045525,0.6,2.0,5.627315,LT_OREO VANILLA 110.4/105G_T92_5,1.0
CG_LT,93,,MM BINH PHU,MM DA NANG,OREO VANILLA 110.4/105G,7.543163,0.6,2.0,6.525898,LT_OREO VANILLA 110.4/105G_T93_1,1.0
CG_LT,93,,MM HIEP PHU,MM DA NANG,OREO VANILLA 110.4/105G,2.008294,0.6,2.0,3.204976,LT_OREO VANILLA 110.4/105G_T93_1,1.0
CG_LT,93,,MM BINH PHU,MM AN PHU,OREO VANILLA 110.4/105G,5.822106,0.6,2.0,5.493263,LT_OREO VANILLA 110.4/105G_T93_2,1.0
CG_LT,93,,MM HIEP PHU,MM DA NANG,OREO VANILLA 110.4/105G,8.800223,0.6,2.0,7.280134,LT_OREO VANILLA 110.4/105G_T93_2,1.0
CG_LT,93,,MM BINH PHU,MM AN PHU,OREO VANILLA 110.4/105G,9.825663,0.6,2.0,7.895398,LT_OREO VANILLA 110.4/105G_T93_3,1.0
CG_LT,93,,MM BINH PHU,MM DA NANG,OREO VANILLA 110.4/105G,3.258141,0.6,2.0,3.954885,LT_OREO VANILLA 110.4/105G_T93_3,1.0
CG_LT,93,,MM HIEP PHU,MM AN PHU,OREO VANILLA 110.4/105G,4.618136,0.6,2.0,4.770882,LT_OREO VANILLA 110.4/105G_T93_3,1.0
CG_LT,93,,MM HIEP PHU,MM DA NANG,OREO VANILLA 110.4/105G,5.045528,0.6,2.0,5.027317,LT_OREO VANILLA 110.4/105G_T93_3,1.0
CG_LT,93,,MM BINH PHU,MM AN PHU,OREO VANILLA 110.4/105G,1.56646,0.6,0.762321,1.702197,LT_OREO VANILLA 110.4/105G_T93_5,0.381161
CG_LT,93,,MM HIEP PHU,MM AN PHU,OREO VANILLA 110.4/105G,1.21425,0.6,0.762321,1.490871,LT_OREO VANILLA 110.4/105G_T93_5,0.381161
CG_LT,93,,MM HIEP PHU,MM DA NANG,OREO VANILLA 110.4/105G,1.696822,0.6,0.762321,1.780414,LT_OREO VANILLA 110.4/105G_T93_5,0.381161
CG_LT,94,,MM BINH PHU,MM DA NANG,OREO VANILLA 110.4/105G,6.534689,0.6,2.0,5.920813,LT_OREO VANILLA 110.4/105G_T94_1,1.0
CG_LT,94,,MM BINH PHU,MM AN PHU,OREO VANILLA 110.4/105G,7.571096,0.6,2.0,6.542658,LT_OREO VANILLA 110.4/105G_T94_2,1.0
CG_LT,94,,MM HIEP PHU,MM DA NANG,OREO VANILLA 110.4/105G,5.001461,0.6,2.0,5.000877,LT_OREO VANILLA 110.4/105G_T94_2,1.0
CG_LT,94,,MM BINH PHU,MM AN PHU,OREO VANILLA 110.4/105G,4.94557,0.6,1.474003,4.441345,LT_OREO VANILLA 110.4/105G_T94_3,0.737002
CG_LT,94,,MM BINH PHU,MM DA NANG,OREO VANILLA 110.4/105G,4.28723,0.6,1.474003,4.046341,LT_OREO VANILLA 110.4/105G_T94_3,0.737002
CG_LT,94,,MM HIEP PHU,MM AN PHU,OREO VANILLA 110.4/105G,1.032081,0.6,1.474003,2.093252,LT_OREO VANILLA 110.4/105G_T94_3,0.737002
CG_LT,94,,MM BINH PHU,MM AN PHU,OREO VANILLA 110.4/105G,7.569765,0.6,2.0,6.541859,LT_OREO VANILLA 110.4/105G_T94_4,1.0
CG_LT,94,,MM HIEP PHU,MM DA NANG,OREO VANILLA 110.4/105G,7.876123,0.6,2.0,6.725674,LT_OREO VANILLA 110.4/105G_T94_4,1.0
CG_LT,95,,MM BINH PHU,MM AN PHU,OREO VANILLA 110.4/105G,6.433282,0.6,2.0,5.859969,LT_OREO VANILLA 110.4/105G_T95_1,1.0
CG_LT,95,,MM BINH PHU,MM DA NANG,OREO VANILLA 110.4/105G,7.771632,0.6,2.0,6.662979,LT_OREO VANILLA 110.4/105G_T95_1,1.0
CG_LT,95,,MM HIEP PHU,MM AN PHU,OREO VANILLA 110.4/105G,9.087594,0.6,2.0,7.452556,LT_OREO VANILLA 110.4/105G_T95_1,1.0
CG_LT,95,,MM HIEP PHU,MM DA NANG,OREO VANILLA 110.4/105G,8.616739,0.6,2.0,7.170043,LT_OREO VANILLA 110.4/105G_T95_1,1.0
CG_LT,95,,MM HIEP PHU,MM DA NANG,OREO VANILLA 110.4/105G,0.658931,0.6,0.794344,1.189703,LT_OREO VANILLA 110.4/105G_T95_2,0.397172
CG_LT,95,,MM BINH PHU,MM DA NANG,OREO VANILLA 110.4/105G,3.426837,0.6,2.0,4.056102,LT_OREO VANILLA 110.4/105G_T95_4,1.0
CG_LT,95,,MM BINH PHU,MM AN PHU,OREO VANILLA 110.4/105G,4.219506,0.6,2.0,4.531704,LT_OREO VANILLA 110.4/105G_T95_5,1.0
CG_LT,95,,MM HIEP PHU,MM DA NANG,OREO VANILLA 110.4/105G,4.68604,0.6,2.0,4.811624,LT_OREO VANILLA 110.4/105G_T95_5,1.0
CG_LT,96,,MM BINH PHU,MM AN PHU,OREO VANILLA 110.4/105G,8.357149,0.6,2.0,7.014289,LT_OREO VANILLA 110.4/105G_T96_2,1.0
CG_LT,97,,MM HIEP PHU,MM DA NANG,OREO VANILLA 110.4/105G,9.119974,0.6,2.0,7.471985,LT_OREO VANILLA 110.4/105G_T97_2,1.0
CG_LT,97,,MM BINH PHU,MM DA NANG,OREO VANILLA 110.4/105G,1.958792,0.6,0.934339,2.109614,LT_OREO VANILLA 110.4/105G_T97_3,0.467169
CG_LT,97,,MM HIEP PHU,MM AN PHU,OREO VANILLA 110.4/105G,1.571975,0.6,0.934339,1.877523,LT_OREO VANILLA 110.4/105G_T97_3,0.467169
CG_LT,97,,MM HIEP PHU,MM DA NANG,OREO VANILLA 110.4/105G,1.249267,0.6,0.934339,1.683898,LT_OREO VANILLA 110.4/105G_T97_3,0.467169
CG_LT,97,,MM BINH PHU,MM AN PHU,OREO VANILLA 110.4/105G,4.0653,0.6,2.0,4.43918,LT_OREO VANILLA 110.4/105G_T97_5,1.0
CG_LT,97,,MM BINH PHU,MM DA NANG,OREO VANILLA 110.4/105G,8.919343,0.6,2.0,7.351606,LT_OREO VANILLA 110.4/105G_T97_5,1.0
CG_LT,97,,MM HIEP PHU,MM AN PHU,OREO VANILLA 110.4/105G,6.002388,0.6,2.0,5.601433,LT_OREO VANILLA 110.4/105G_T97_5,1.0
CG_LT,97,,MM HIEP PHU,MM DA NANG,OREO VANILLA 110.4/105G,1.894912,0.6,2.0,3.136947,LT_OREO VANILLA 110.4/105G_T97_5,1.0
CG_LT,98,,MM BINH PHU,MM AN PHU,OREO VANILLA 110.4/105G,7.549044,0.6,2.0,6.529427,LT_OREO VANILLA 110.4/105G_T98_1,1.0
CG_LT,98,,MM BINH PHU,MM DA NANG,OREO VANILLA 110.4/105G,7.097374,0.6,2.0,6.258424,LT_OREO VANILLA 110.4/105G_T98_1,1.0
CG_LT,98,,MM HIEP PHU,MM AN PHU,OREO VANILLA 110.4/105G,3.690062,0.6,2.0,4.214037,LT_OREO VANILLA 110.4/105G_T98_1,1.0
CG_LT,98,,MM HIEP PHU,MM DA NANG,OREO VANILLA 110.4/105G,5.359113,0.6,2.0,5.215468,LT_OREO VANILLA 110.4/105G_T98_1,1.0
CG_LT,98,,MM BINH PHU,MM DA NANG,OREO VANILLA 110.4/105G,3.750082,0.6,2.0,4.250049,LT_OREO VANILLA 110.4/105G_T98_3,1.0
CG_LT,98,,MM BINH PHU,MM AN PHU,OREO VANILLA 110.4/105G,8.757611,0.6,1.892069,7.146636,LT_OREO VANILLA 110.4/105G_T98_4,0.946035
CG_LT,98,,MM BINH PHU,MM DA NANG,OREO VANILLA 110.4/105G,5.195127,0.6,1.892069,5.009145,LT_OREO VANILLA 110.4/105G_T98_4,0.946035
CG_LT,98,,MM HIEP PHU,MM AN PHU,OREO VANILLA 110.4/105G,5.865385,0.6,1.892069,5.4113,LT_OREO VANILLA 110.4/105G_T98_4,0.946035
CG_LT,98,,MM HIEP PHU,MM DA NANG,OREO VANILLA 110.4/105G,6.391021,0.6,1.892069,5.726682,LT_OREO VANILLA 110.4/105G_T98_4,0.946035
CG_LT,98,,MM BINH PHU,MM AN PHU,OREO VANILLA 110.4/105G,2.299664,0.6,2.0,3.379798,LT_OREO VANILLA 110.4/105G_T98_5,1.0
CG_LT,98,,MM BINH PHU,MM DA NANG,OREO VANILLA 110.4/105G,6.342883,0.6,2.0,5.80573,LT_OREO VANILLA 110.4/105G_T98_5,1.0
CG_LT,99,,MM BINH PHU,MM DA NANG,OREO VANILLA 110.4/105G,7.626587,0.6,2.0,6.575952,LT_OREO VANILLA 110.4/105G_T99_1,1.0
CG_LT,99,,MM HIEP PHU,MM DA NANG,OREO VANILLA 110.4/105G,3.472446,0.6,2.0,4.083467,LT_OREO VANILLA 110.4/105G_T99_1,1.0
CG_LT,99,,MM BINH PHU,MM AN PHU,OREO VANILLA 110.4/105G,7.536862,0.6,2.0,6.522117,LT_OREO VANILLA 110.4/105G_T99_2,1.0
CG_LT,99,,MM BINH PHU,MM DA NANG,OREO VANILLA 110.4/105G,7.524273,0.6,2.0,6.514564,LT_OREO VANILLA 110.4/105G_T99_2,1.0
CG_LT,99,,MM HIEP PHU,MM AN PHU,OREO VANILLA 110.4/105G,8.134895,0.6,2.0,6.880937,LT_OREO VANILLA 110.4/105G_T99_2,1.0
CG_LT,99,,MM HIEP PHU,MM DA NANG,OREO VANILLA 110.4/105G,3.312073,0.6,2.0,3.987244,LT_OREO VANILLA 110.4/105G_T99_2,1.0
CG_LT,99,,MM BINH PHU,MM AN PHU,OREO VANILLA 110.4/105G,3.676845,0.6,2.0,4.206107,LT_OREO VANILLA 110.4/105G_T99_3,1.0
CG_LT,99,,MM BINH PHU,MM DA NANG,OREO VANILLA 110.4/105G,3.787505,0.6,2.0,4.272503,LT_OREO VANILLA 110.4/105G_T99_3,1.0
CG_LT,99,,MM HIEP PHU,MM AN PHU,OREO VANILLA 110.4/105G,9.587869,0.6,2.0,7.752721,LT_OREO VANILLA 110.4/105G_T99_3,1.0
CG_LT,99,,MM HIEP PHU,MM DA NANG,OREO VANILLA 110.4/105G,6.379481,0.6,2.0,5.827688,LT_OREO VANILLA 110.4/105G_T99_3,1.0
CG_LT,99,,MM BINH PHU,MM AN PHU,OREO VANILLA 110.4/105G,9.933335,0.6,2.0,7.960001,LT_OREO VANILLA 110.4/105G_T99_5,1.0
CG_LT,99,,MM BINH PHU,MM DA NANG,OREO VANILLA 110.4/105G,8.56352,0.6,2.0,7.138112,LT_OREO VANILLA 110.4/105G_T99_5,1.0
CG_LT,99,,MM HIEP PHU,MM AN PHU,OREO VANILLA 110.4/105G,7.744362,0.6,2.0,6.646617,LT_OREO VANILLA 110.4/105G_T99_5,1.0
CG_LT,99,,MM HIEP PHU,MM DA NANG,OREO VANILLA 110.4/105G,6.315,0.6,2.0,5.789,LT_OREO VANILLA 110.4/105G_T99_5,1.0
CG_LT,9,,MM DA NANG,MM AN PHU,OREO VANILLA 110.4/105G,2.614903,0.6,0.980471,2.549413,LT_OREO VANILLA 110.4/105G_T9_2,0.490236
CG_LT,9,,MM DA NANG,MM BINH PHU,OREO VANILLA 110.4/105G,2.654542,0.6,0.980471,2.573197,LT_OREO VANILLA 110.4/105G_T9_2,0.490236
CG_LT,9,,MM HIEP PHU,MM AN PHU,OREO VANILLA 110.4/105G,1.40283,0.6,0.980471,1.822169,LT_OREO VANILLA 110.4/105G_T9_2,0.490236
CG_LT,9,,MM HIEP PHU,MM BINH PHU,OREO VANILLA 110.4/105G,3.595453,0.6,0.980471,3.137743,LT_OREO VANILLA 110.4/105G_T9_2,0.490236
CG_LT,9,,MM DA NANG,MM BINH PHU,OREO VANILLA 110.4/105G,3.194019,0.6,2.0,3.916411,LT_OREO VANILLA 110.4/105G_T9_5,1.0
CG_LT,9,,MM HIEP PHU,MM BINH PHU,OREO VANILLA 110.4/105G,6.697624,0.6,2.0,6.018575,LT_OREO VANILLA 110.4/105G_T9_5,1.0
CG_LT,34,,MM DA NANG,MM AN PHU,OREO VANILLA 110.4/105G,0.679131,0.6,2.0,2.407479,PRICED_E10_shortage_ratio_OREO VANILLA 110.4/105G_T34_1,1.0
CG_LT,100,,MM BINH PHU,MM DA NANG,AN RICE CRACKER SEAWEED 111.3G,169.601464,0.6,2.0,103.760878,PRICED_E1_shortage_ratio_AN RICE CRACKER SEAWEED 111.3G_T100_1,1.0
CG_LT,100,,MM HIEP PHU,MM AN PHU,AN RICE CRACKER SEAWEED 111.3G,185.234138,0.6,2.0,113.140483,PRICED_E1_shortage_ratio_AN RICE CRACKER SEAWEED 111.3G_T100_1,1.0
CG_LT,100,,MM HIEP PHU,MM AN PHU,AN RICE CRACKER SEAWEED 111.3G,30.813385,0.6,0.332697,18.820727,PRICED_E1_shortage_ratio_AN RICE CRACKER SEAWEED 111.3G_T100_4,0.166348
CG_LT,100,,MM HIEP PHU,MM DA NANG,AN RICE CRACKER SEAWEED 111.3G,28.212916,0.6,0.332697,17.260446,PRICED_E1_shortage_ratio_AN RICE CRACKER SEAWEED 111.3G_T100_4,0.166348
CG_LT,101,,MM BINH PHU,MM DA NANG,AN RICE CRACKER SEAWEED 111.3G,34.027405,0.6,0.310987,20.72743,PRICED_E1_shortage_ratio_AN RICE CRACKER SEAWEED 111.3G_T101_1,0.155493
CG_LT,101,,MM HIEP PHU,MM DA NANG,AN RICE CRACKER SEAWEED 111.3G,218.834995,0.6,2.0,133.300997,PRICED_E1_shortage_ratio_AN RICE CRACKER SEAWEED 111.3G_T101_2,1.0
CG_LT,102,,MM BINH PHU,MM DA NANG,AN RICE CRACKER SEAWEED 111.3G,196.931059,0.6,2.0,120.158635,PRICED_E1_shortage_ratio_AN RICE CRACKER SEAWEED 111.3G_T102_1,1.0
CG_LT,102,,MM HIEP PHU,MM DA NANG,AN RICE CRACKER SEAWEED 111.3G,32.961741,0.6,0.334754,20.111799,PRICED_E1_shortage_ratio_AN RICE CRACKER SEAWEED 111.3G_T102_2,0.167377
CG_LT,103,,MM BINH PHU,MM DA NANG,AN RICE CRACKER SEAWEED 111.3G,21.097144,0.6,0.292257,12.950544,PRICED_E1_shortage_ratio_AN RICE CRACKER SEAWEED 111.3G_T103_1,0.146129
CG_LT,103,,MM HIEP PHU,MM DA NANG,AN RICE CRACKER SEAWEED 111.3G,144.373721,0.6,2.0,88.624233,PRICED_E1_shortage_ratio_AN RICE CRACKER SEAWEED 111.3G_T103_2,1.0
CG_LT,104,,MM BINH PHU,MM DA NANG,AN RICE CRACKER SEAWEED 111.3G,14.723608,0.6,0.408348,9.242513,PRICED_E1_shortage_ratio_AN RICE CRACKER SEAWEED 111.3G_T104_2,0.204174
CG_LT,104,,MM HIEP PHU,MM AN PHU,AN RICE CRACKER SEAWEED 111.3G,27.796668,0.6,0.408348,17.086349,PRICED_E1_shortage_ratio_AN RICE CRACKER SEAWEED 111.3G_T104_2,0.204174
CG_LT,104,,MM BINH PHU,MM AN PHU,AN RICE CRACKER SEAWEED 111.3G,136.142023,0.6,2.0,83.685214,PRICED_E1_shortage_ratio_AN RICE CRACKER SEAWEED 111.3G_T104_4,1.0
CG_LT,104,,MM HIEP PHU,MM DA NANG,AN RICE CRACKER SEAWEED 111.3G,72.113022,0.6,2.0,45.267813,PRICED_E1_shortage_ratio_AN RICE CRACKER SEAWEED 111.3G_T104_4,1.0
CG_LT,105,,MM BINH PHU,MM DA NANG,AN RICE CRACKER SEAWEED 111.3G,0.628492,0.6,0.148723,0.525818,PRICED_E1_shortage_ratio_AN RICE CRACKER SEAWEED 111.3G_T105_2,0.074361
CG_LT,105,,MM HIEP PHU,MM AN PHU,AN RICE CRACKER SEAWEED 111.3G,12.099137,0.6,0.148723,7.408204,PRICED_E1_shortage_ratio_AN RICE CRACKER SEAWEED 111.3G_T105_2,0.074361
CG_LT,105,,MM BINH PHU,MM AN PHU,AN RICE CRACKER SEAWEED 111.3G,162.707528,0.6,2.0,99.624517,PRICED_E1_shortage_ratio_AN RICE CRACKER SEAWEED 111.3G_T105_4,1.0
CG_LT,105,,MM HIEP PHU,MM DA NANG,AN RICE CRACKER SEAWEED 111.3G,8.451873,0.6,2.0,7.071124,PRICED_E1_shortage_ratio_AN RICE CRACKER SEAWEED 111.3G_T105_4,1.0
CG_LT,106,,MM BINH PHU,MM DA NANG,AN RICE CRACKER SEAWEED 111.3G,1.99137,0.6,0.117951,1.312772,PRICED_E1_shortage_ratio_AN RICE CRACKER SEAWEED 111.3G_T106_2,0.058975
CG_LT,106,,MM HIEP PHU,MM AN PHU,AN RICE CRACKER SEAWEED 111.3G,15.030846,0.6,0.117951,9.136458,PRICED_E1_shortage_ratio_AN RICE CRACKER SEAWEED 111.3G_T106_2,0.058975
CG_LT,106,,MM BINH PHU,MM AN PHU,AN RICE CRACKER SEAWEED 111.3G,254.866754,0.6,2.0,154.920053,PRICED_E1_shortage_ratio_AN RICE CRACKER SEAWEED 111.3G_T106_4,1.0
CG_LT,106,,MM HIEP PHU,MM DA NANG,AN RICE CRACKER SEAWEED 111.3G,33.766159,0.6,2.0,22.259696,PRICED_E1_shortage_ratio_AN RICE CRACKER SEAWEED 111.3G_T106_4,1.0
CG_LT,107,,MM BINH PHU,MM DA NANG,AN RICE CRACKER SEAWEED 111.3G,44.492908,0.6,2.0,28.695745,PRICED_E1_shortage_ratio_AN RICE CRACKER SEAWEED 111.3G_T107_1,1.0
CG_LT,107,,MM HIEP PHU,MM AN PHU,AN RICE CRACKER SEAWEED 111.3G,416.678474,0.6,2.0,252.007084,PRICED_E1_shortage_ratio_AN RICE CRACKER SEAWEED 111.3G_T107_1,1.0
CG_LT,107,,MM HIEP PHU,MM AN PHU,AN RICE CRACKER SEAWEED 111.3G,17.618145,0.6,0.084565,10.655452,PRICED_E1_shortage_ratio_AN RICE CRACKER SEAWEED 111.3G_T107_4,0.042282
CG_LT,107,,MM HIEP PHU,MM DA NANG,AN RICE CRACKER SEAWEED 111.3G,1.881265,0.6,0.084565,1.213324,PRICED_E1_shortage_ratio_AN RICE CRACKER SEAWEED 111.3G_T107_4,0.042282
CG_LT,108,,MM HIEP PHU,MM AN PHU,AN RICE CRACKER SEAWEED 111.3G,377.934143,0.6,2.0,228.760486,PRICED_E1_shortage_ratio_AN RICE CRACKER SEAWEED 111.3G_T108_4,1.0
CG_LT,108,,MM HIEP PHU,MM DA NANG,AN RICE CRACKER SEAWEED 111.3G,12.189537,0.6,2.0,9.313722,PRICED_E1_shortage_ratio_AN RICE CRACKER SEAWEED 111.3G_T108_4,1.0
CG_LT,109,,MM BINH PHU,MM AN PHU,AN RICE CRACKER SEAWEED 111.3G,31.221341,0.6,0.304807,19.037611,PRICED_E1_shortage_ratio_AN RICE CRACKER SEAWEED 111.3G_T109_1,0.152403
CG_LT,109,,MM HIEP PHU,MM AN PHU,AN RICE CRACKER SEAWEED 111.3G,204.859875,0.6,2.0,124.915925,PRICED_E1_shortage_ratio_AN RICE CRACKER SEAWEED 111.3G_T109_2,1.0
CG_LT,10,,MM DA NANG,MM AN PHU,AN RICE CRACKER SEAWEED 111.3G,171.529169,0.6,2.0,104.917501,PRICED_E1_shortage_ratio_AN RICE CRACKER SEAWEED 111.3G_T10_1,1.0
CG_LT,10,,MM DA NANG,MM AN PHU,AN RICE CRACKER SEAWEED 111.3G,54.778013,0.6,0.781941,33.648749,PRICED_E1_shortage_ratio_AN RICE CRACKER SEAWEED 111.3G_T10_3,0.39097
CG_LT,10,,MM DA NANG,MM HIEP PHU,AN RICE CRACKER SEAWEED 111.3G,12.284818,0.6,0.781941,8.152832,PRICED_E1_shortage_ratio_AN RICE CRACKER SEAWEED 111.3G_T10_3,0.39097
CG_LT,110,,MM BINH PHU,MM AN PHU,AN RICE CRACKER SEAWEED 111.3G,52.088524,0.6,2.0,33.253115,PRICED_E1_shortage_ratio_AN RICE CRACKER SEAWEED 111.3G_T110_1,1.0
CG_LT,110,,MM HIEP PHU,MM AN PHU,AN RICE CRACKER SEAWEED 111.3G,30.301368,0.6,1.163457,19.344277,PRICED_E1_shortage_ratio_AN RICE CRACKER SEAWEED 111.3G_T110_2,0.581728
CG_LT,112,,MM BINH PHU,MM AN PHU,AN RICE CRACKER SEAWEED 111.3G,215.325368,0.6,2.0,131.195221,PRICED_E1_shortage_ratio_AN RICE CRACKER SEAWEED 111.3G_T112_1,1.0
CG_LT,112,,MM HIEP PHU,MM AN PHU,AN RICE CRACKER SEAWEED 111.3G,38.655432,0.6,0.359042,23.552301,PRICED_E1_shortage_ratio_AN RICE CRACKER SEAWEED 111.3G_T112_2,0.179521
CG_LT,113,,MM HIEP PHU,MM AN PHU,AN RICE CRACKER SEAWEED 111.3G,446.873982,0.6,2.0,270.124389,PRICED_E1_shortage_ratio_AN RICE CRACKER SEAWEED 111.3G_T113_1,1.0
CG_LT,113,,MM HIEP PHU,MM BINH PHU,AN RICE CRACKER SEAWEED 111.3G,240.558344,0.6,2.0,146.335006,PRICED_E1_shortage_ratio_AN RICE CRACKER SEAWEED 111.3G_T113_1,1.0
CG_LT,114,,MM HIEP PHU,MM AN PHU,AN RICE CRACKER SEAWEED 111.3G,233.076823,0.6,2.0,141.846094,PRICED_E1_shortage_ratio_AN RICE CRACKER SEAWEED 111.3G_T114_1,1.0
CG_LT,114,,MM HIEP PHU,MM BINH PHU,AN RICE CRACKER SEAWEED 111.3G,165.708404,0.6,2.0,101.425043,PRICED_E1_shortage_ratio_AN RICE CRACKER SEAWEED 111.3G_T114_1,1.0
CG_LT,115,,MM HIEP PHU,MM BINH PHU,AN RICE CRACKER SEAWEED 111.3G,81.744013,0.6,2.0,51.046408,PRICED_E1_shortage_ratio_AN RICE CRACKER SEAWEED 111.3G_T115_1,1.0
CG_LT,116,,MM HIEP PHU,MM AN PHU,AN RICE CRACKER SEAWEED 111.3G,115.371258,0.6,2.0,71.222755,PRICED_E1_shortage_ratio_AN RICE CRACKER SEAWEED 111.3G_T116_1,1.0
CG_LT,116,,MM BINH PHU,MM AN PHU,AN RICE CRACKER SEAWEED 111.3G,40.614403,0.6,0.825023,25.193664,PRICED_E1_shortage_ratio_AN RICE CRACKER SEAWEED 111.3G_T116_2,0.412511
CG_LT,116,,MM DA NANG,MM AN PHU,AN RICE CRACKER SEAWEED 111.3G,6.977539,0.6,0.825023,5.011546,PRICED_E1_shortage_ratio_AN RICE CRACKER SEAWEED 111.3G_T116_2,0.412511
CG_LT,117,,MM HIEP PHU,MM AN PHU,AN RICE CRACKER SEAWEED 111.3G,371.162371,0.6,2.0,224.697423,PRICED_E1_shortage_ratio_AN RICE CRACKER SEAWEED 111.3G_T117_1,1.0
CG_LT,117,,MM BINH PHU,MM AN PHU,AN RICE CRACKER SEAWEED 111.3G,11.611728,0.6,0.230433,7.19747,PRICED_E1_shortage_ratio_AN RICE CRACKER SEAWEED 111.3G_T117_2,0.115216
CG_LT,117,,MM HIEP PHU,MM AN PHU,AN RICE CRACKER SEAWEED 111.3G,31.1523,0.6,0.230433,18.921813,PRICED_E1_shortage_ratio_AN RICE CRACKER SEAWEED 111.3G_T117_2,0.115216
CG_LT,118,,MM HIEP PHU,MM AN PHU,AN RICE CRACKER SEAWEED 111.3G,240.894158,0.6,2.0,146.536495,PRICED_E1_shortage_ratio_AN RICE CRACKER SEAWEED 111.3G_T118_1,1.0
CG_LT,118,,MM BINH PHU,MM AN PHU,AN RICE CRACKER SEAWEED 111.3G,23.391128,0.6,0.390547,14.425224,PRICED_E1_shortage_ratio_AN RICE CRACKER SEAWEED 111.3G_T118_2,0.195273
CG_LT,118,,MM HIEP PHU,MM AN PHU,AN RICE CRACKER SEAWEED 111.3G,23.649114,0.6,0.390547,14.580015,PRICED_E1_shortage_ratio_AN RICE CRACKER SEAWEED 111.3G_T118_2,0.195273
CG_LT,119,,MM HIEP PHU,MM AN PHU,AN RICE CRACKER SEAWEED 111.3G,77.229749,0.6,2.0,48.337849,PRICED_E1_shortage_ratio_AN RICE CRACKER SEAWEED 111.3G_T119_1,1.0
CG_LT,119,,MM HIEP PHU,MM BINH PHU,AN RICE CRACKER SEAWEED 111.3G,20.493658,0.6,2.0,14.296195,PRICED_E1_shortage_ratio_AN RICE CRACKER SEAWEED 111.3G_T119_1,1.0
CG_LT,11,,MM HIEP PHU,MM AN PHU,AN RICE CRACKER SEAWEED 111.3G,210.954945,0.6,2.0,128.572967,PRICED_E1_shortage_ratio_AN RICE CRACKER SEAWEED 111.3G_T11_1,1.0
CG_LT,11,,MM BINH PHU,MM AN PHU,AN RICE CRACKER SEAWEED 111.3G,6.510277,0.6,0.422914,4.32908,PRICED_E1_shortage_ratio_AN RICE CRACKER SEAWEED 111.3G_T11_2,0.211457
CG_LT,11,,MM DA NANG,MM AN PHU,AN RICE CRACKER SEAWEED 111.3G,38.097659,0.6,0.422914,23.281509,PRICED_E1_shortage_ratio_AN RICE CRACKER SEAWEED 111.3G_T11_2,0.211457
CG_LT,120,,MM HIEP PHU,MM AN PHU,AN RICE CRACKER SEAWEED 111.3G,39.527836,0.6,2.0,25.716702,PRICED_E1_shortage_ratio_AN RICE CRACKER SEAWEED 111.3G_T120_1,1.0
CG_LT,121,,MM HIEP PHU,MM AN PHU,AN RICE CRACKER SEAWEED 111.3G,100.961714,0.6,2.0,62.577028,PRICED_E1_shortage_ratio_AN RICE CRACKER SEAWEED 111.3G_T121_1,1.0
CG_LT,121,,MM BINH PHU,MM AN PHU,AN RICE CRACKER SEAWEED 111.3G,16.695994,0.6,0.49758,10.515177,PRICED_E1_shortage_ratio_AN RICE CRACKER SEAWEED 111.3G_T121_3,0.24879
CG_LT,121,,MM HIEP PHU,MM AN PHU,AN RICE CRACKER SEAWEED 111.3G,8.422292,0.6,0.49758,5.550955,PRICED_E1_shortage_ratio_AN RICE CRACKER SEAWEED 111.3G_T121_3,0.24879
CG_LT,122,,MM BINH PHU,MM AN PHU,AN RICE CRACKER SEAWEED 111.3G,40.72084,0.6,2.0,26.432504,PRICED_E1_shortage_ratio_AN RICE CRACKER SEAWEED 111.3G_T122_1,1.0
CG_LT,122,,MM DA NANG,MM AN PHU,AN RICE CRACKER SEAWEED 111.3G,40.72084,0.6,2.0,26.432504,PRICED_E1_shortage_ratio_AN RICE CRACKER SEAWEED 111.3G_T122_2,1.0
CG_LT,122,,MM HIEP PHU,MM AN PHU,AN RICE CRACKER SEAWEED 111.3G,40.72084,0.6,2.0,26.432504,PRICED_E1_shortage_ratio_AN RICE CRACKER SEAWEED 111.3G_T122_3,1.0
CG_LT,125,,MM BINH PHU,MM AN PHU,AN RICE CRACKER SEAWEED 111.3G,27.499909,0.6,2.0,18.499946,PRICED_E1_shortage_ratio_AN RICE CRACKER SEAWEED 111.3G_T125_1,1.0
CG_LT,125,,MM HIEP PHU,MM AN PHU,AN RICE CRACKER SEAWEED 111.3G,27.499909,0.6,2.0,18.499946,PRICED_E1_shortage_ratio_AN RICE CRACKER SEAWEED 111.3G_T125_2,1.0
CG_LT,125,,MM BINH PHU,MM AN PHU,AN RICE CRACKER SEAWEED 111.3G,0.64902,0.6,1.089995,1.479407,PRICED_E1_shortage_ratio_AN RICE CRACKER SEAWEED 111.3G_T125_3,0.544997
CG_LT,125,,MM DA NANG,MM AN PHU,AN RICE CRACKER SEAWEED 111.3G,14.338362,0.6,1.089995,9.693012,PRICED_E1_shortage_ratio_AN RICE CRACKER SEAWEED 111.3G_T125_3,0.544997
CG_LT,126,,MM BINH PHU,MM AN PHU,AN RICE CRACKER SEAWEED 111.3G,22.054508,0.6,2.0,15.232705,PRICED_E1_shortage_ratio_AN RICE CRACKER SEAWEED 111.3G_T126_1,1.0
CG_LT,126,,MM DA NANG,MM AN PHU,AN RICE CRACKER SEAWEED 111.3G,22.054508,0.6,2.0,15.232705,PRICED_E1_shortage_ratio_AN RICE CRACKER SEAWEED 111.3G_T126_2,1.0
CG_LT,126,,MM HIEP PHU,MM AN PHU,AN RICE CRACKER SEAWEED 111.3G,22.054508,0.6,2.0,15.232705,PRICED_E1_shortage_ratio_AN RICE CRACKER SEAWEED 111.3G_T126_3,1.0
CG_LT,127,,MM BINH PHU,MM AN PHU,AN RICE CRACKER SEAWEED 111.3G,73.422427,0.6,2.0,46.053456,PRICED_E1_shortage_ratio_AN RICE CRACKER SEAWEED 111.3G_T127_1,1.0
CG_LT,127,,MM DA NANG,MM AN PHU,AN RICE CRACKER SEAWEED 111.3G,33.503973,0.6,0.912636,21.01502,PRICED_E1_shortage_ratio_AN RICE CRACKER SEAWEED 111.3G_T127_2,0.456318
CG_LT,128,,MM HIEP PHU,MM AN PHU,AN RICE CRACKER SEAWEED 111.3G,83.899199,0.6,2.0,52.339519,PRICED_E1_shortage_ratio_AN RICE CRACKER SEAWEED 111.3G_T128_1,1.0
CG_LT,128,,MM BINH PHU,MM AN PHU,AN RICE CRACKER SEAWEED 111.3G,59.033999,0.6,1.501001,36.921401,PRICED_E1_shortage_ratio_AN RICE CRACKER SEAWEED 111.3G_T128_2,0.750501
CG_LT,128,,MM DA NANG,MM AN PHU,AN RICE CRACKER SEAWEED 111.3G,3.932402,0.6,1.501001,3.860442,PRICED_E1_shortage_ratio_AN RICE CRACKER SEAWEED 111.3G_T128_2,0.750501
CG_LT,129,,MM HIEP PHU,MM AN PHU,AN RICE CRACKER SEAWEED 111.3G,81.772379,0.6,2.0,51.063427,PRICED_E1_shortage_ratio_AN RICE CRACKER SEAWEED 111.3G_T129_1,1.0
CG_LT,129,,MM BINH PHU,MM AN PHU,AN RICE CRACKER SEAWEED 111.3G,13.123558,0.6,0.76103,8.635165,PRICED_E1_shortage_ratio_AN RICE CRACKER SEAWEED 111.3G_T129_3,0.380515
CG_LT,129,,MM HIEP PHU,MM AN PHU,AN RICE CRACKER SEAWEED 111.3G,17.992063,0.6,0.76103,11.556268,PRICED_E1_shortage_ratio_AN RICE CRACKER SEAWEED 111.3G_T129_3,0.380515
CG_LT,12,,MM DA NANG,MM AN PHU,AN RICE CRACKER SEAWEED 111.3G,58.759089,0.6,2.0,37.255453,PRICED_E1_shortage_ratio_AN RICE CRACKER SEAWEED 111.3G_T12_1,1.0
CG_LT,12,,MM HIEP PHU,MM AN PHU,AN RICE CRACKER SEAWEED 111.3G,58.759089,0.6,2.0,37.255453,PRICED_E1_shortage_ratio_AN RICE CRACKER SEAWEED 111.3G_T12_2,1.0
CG_LT,12,,MM BINH PHU,MM AN PHU,AN RICE CRACKER SEAWEED 111.3G,1.693967,0.6,0.615391,1.631771,PRICED_E1_shortage_ratio_AN RICE CRACKER SEAWEED 111.3G_T12_3,0.307695
CG_LT,12,,MM DA NANG,MM AN PHU,AN RICE CRACKER SEAWEED 111.3G,16.385935,0.6,0.615391,10.446952,PRICED_E1_shortage_ratio_AN RICE CRACKER SEAWEED 111.3G_T12_3,0.307695
CG_LT,131,,MM BINH PHU,MM AN PHU,AN RICE CRACKER SEAWEED 111.3G,6.545106,0.6,2.0,5.927064,PRICED_E1_shortage_ratio_AN RICE CRACKER SEAWEED 111.3G_T131_1,1.0
CG_LT,131,,MM HIEP PHU,MM AN PHU,AN RICE CRACKER SEAWEED 111.3G,6.309775,0.6,1.92809,5.713955,PRICED_E1_shortage_ratio_AN RICE CRACKER SEAWEED 111.3G_T131_3,0.964045
CG_LT,132,,MM BINH PHU,MM AN PHU,AN RICE CRACKER SEAWEED 111.3G,10.8279,0.6,2.0,8.49674,PRICED_E1_shortage_ratio_AN RICE CRACKER SEAWEED 111.3G_T132_1,1.0
CG_LT,132,,MM DA NANG,MM AN PHU,AN RICE CRACKER SEAWEED 111.3G,10.8279,0.6,2.0,8.49674,PRICED_E1_shortage_ratio_AN RICE CRACKER SEAWEED 111.3G_T132_2,1.0
CG_LT,132,,MM HIEP PHU,MM AN PHU,AN RICE CRACKER SEAWEED 111.3G,10.8279,0.6,2.0,8.49674,PRICED_E1_shortage_ratio_AN RICE CRACKER SEAWEED 111.3G_T132_3,1.0
CG_LT,133,,MM BINH PHU,MM AN PHU,AN RICE CRACKER SEAWEED 111.3G,43.016716,0.6,1.485074,27.295104,PRICED_E1_shortage_ratio_AN RICE CRACKER SEAWEED 111.3G_T133_1,0.742537
CG_LT,133,,MM DA NANG,MM AN PHU,AN RICE CRACKER SEAWEED 111.3G,57.932084,0.6,2.0,36.75925,PRICED_E1_shortage_ratio_AN RICE CRACKER SEAWEED 111.3G_T133_2,1.0
CG_LT,134,,MM HIEP PHU,MM AN PHU,AN RICE CRACKER SEAWEED 111.3G,112.869342,0.6,2.0,69.721605,PRICED_E1_shortage_ratio_AN RICE CRACKER SEAWEED 111.3G_T134_1,1.0
CG_LT,134,,MM BINH PHU,MM AN PHU,AN RICE CRACKER SEAWEED 111.3G,23.846733,0.6,0.903492,15.211532,PRICED_E1_shortage_ratio_AN RICE CRACKER SEAWEED 111.3G_T134_3,0.451746
CG_LT,134,,MM HIEP PHU,MM AN PHU,AN RICE CRACKER SEAWEED 111.3G,27.141524,0.6,0.903492,17.188406,PRICED_E1_shortage_ratio_AN RICE CRACKER SEAWEED 111.3G_T134_3,0.451746
CG_LT,135,,MM HIEP PHU,MM AN PHU,AN RICE CRACKER SEAWEED 111.3G,153.363572,0.6,2.0,94.018143,PRICED_E1_shortage_ratio_AN RICE CRACKER SEAWEED 111.3G_T135_1,1.0
CG_LT,135,,MM DA NANG,MM AN PHU,AN RICE CRACKER SEAWEED 111.3G,6.192835,0.6,0.684737,4.400438,PRICED_E1_shortage_ratio_AN RICE CRACKER SEAWEED 111.3G_T135_3,0.342368
CG_LT,135,,MM HIEP PHU,MM AN PHU,AN RICE CRACKER SEAWEED 111.3G,46.313993,0.6,0.684737,28.473132,PRICED_E1_shortage_ratio_AN RICE CRACKER SEAWEED 111.3G_T135_3,0.342368
CG_LT,136,,MM BINH PHU,MM AN PHU,AN RICE CRACKER SEAWEED 111.3G,52.005044,0.6,1.53025,32.733276,PRICED_E1_shortage_ratio_AN RICE CRACKER SEAWEED 111.3G_T136_1,0.765125
CG_LT,136,,MM HIEP PHU,MM AN PHU,AN RICE CRACKER SEAWEED 111.3G,67.969356,0.6,2.0,42.781614,PRICED_E1_shortage_ratio_AN RICE CRACKER SEAWEED 111.3G_T136_3,1.0
CG_LT,137,,MM DA NANG,MM AN PHU,AN RICE CRACKER SEAWEED 111.3G,62.352258,0.6,2.0,39.411355,PRICED_E1_shortage_ratio_AN RICE CRACKER SEAWEED 111.3G_T137_2,1.0
CG_LT,137,,MM HIEP PHU,MM AN PHU,AN RICE CRACKER SEAWEED 111.3G,58.373822,0.6,1.872388,36.896681,PRICED_E1_shortage_ratio_AN RICE CRACKER SEAWEED 111.3G_T137_3,0.936194
CG_LT,138,,MM BINH PHU,MM AN PHU,AN RICE CRACKER SEAWEED 111.3G,67.372064,0.6,2.0,42.423239,PRICED_E1_shortage_ratio_AN RICE CRACKER SEAWEED 111.3G_T138_1,1.0
CG_LT,138,,MM HIEP PHU,MM AN PHU,AN RICE CRACKER SEAWEED 111.3G,67.372064,0.6,2.0,42.423239,PRICED_E1_shortage_ratio_AN RICE CRACKER SEAWEED 111.3G_T138_2,1.0
CG_LT,138,,MM BINH PHU,MM AN PHU,AN RICE CRACKER SEAWEED 111.3G,2.870106,0.6,0.474581,2.196644,PRICED_E1_shortage_ratio_AN RICE CRACKER SEAWEED 111.3G_T138_3,0.237291
CG_LT,138,,MM DA NANG,MM AN PHU,AN RICE CRACKER SEAWEED 111.3G,13.116645,0.6,0.474581,8.344568,PRICED_E1_shortage_ratio_AN RICE CRACKER SEAWEED 111.3G_T138_3,0.237291
CG_LT,139,,MM BINH PHU,MM AN PHU,AN RICE CRACKER SEAWEED 111.3G,51.585925,0.6,2.0,32.951555,PRICED_E1_shortage_ratio_AN RICE CRACKER SEAWEED 111.3G_T139_1,1.0
CG_LT,139,,MM DA NANG,MM AN PHU,AN RICE CRACKER SEAWEED 111.3G,51.585925,0.6,2.0,32.951555,PRICED_E1_shortage_ratio_AN RICE CRACKER SEAWEED 111.3G_T139_2,1.0
CG_LT,139,,MM HIEP PHU,MM AN PHU,AN RICE CRACKER SEAWEED 111.3G,11.77535,0.6,0.456533,7.521743,PRICED_E1_shortage_ratio_AN RICE CRACKER SEAWEED 111.3G_T139_3,0.228267
CG_LT,13,,MM HIEP PHU,MM AN PHU,AN RICE CRACKER SEAWEED 111.3G,42.257769,0.6,2.0,27.354662,PRICED_E1_shortage_ratio_AN RICE CRACKER SEAWEED 111.3G_T13_1,1.0
CG_LT,13,,MM BINH PHU,MM AN PHU,AN RICE CRACKER SEAWEED 111.3G,4.112202,0.6,1.783181,4.250502,PRICED_E1_shortage_ratio_AN RICE CRACKER SEAWEED 111.3G_T13_3,0.891591
CG_LT,13,,MM HIEP PHU,MM AN PHU,AN RICE CRACKER SEAWEED 111.3G,33.564429,0.6,1.783181,21.921839,PRICED_E1_shortage_ratio_AN RICE CRACKER SEAWEED 111.3G_T13_3,0.891591
CG_LT,140,,MM HIEP PHU,MM AN PHU,AN RICE CRACKER SEAWEED 111.3G,113.887155,0.6,2.0,70.332293,PRICED_E1_shortage_ratio_AN RICE CRACKER SEAWEED 111.3G_T140_1,1.0
CG_LT,140,,MM BINH PHU,MM AN PHU,AN RICE CRACKER SEAWEED 111.3G,12.909311,0.6,0.774114,8.519701,PRICED_E1_shortage_ratio_AN RICE CRACKER SEAWEED 111.3G_T140_2,0.387057
CG_LT,140,,MM DA NANG,MM AN PHU,AN RICE CRACKER SEAWEED 111.3G,31.171534,0.6,0.774114,19.477035,PRICED_E1_shortage_ratio_AN RICE CRACKER SEAWEED 111.3G_T140_2,0.387057
CG_LT,141,,MM BINH PHU,MM DA NANG,AN RICE CRACKER SEAWEED 111.3G,20.754981,0.6,2.0,14.452989,PRICED_E1_shortage_ratio_AN RICE CRACKER SEAWEED 111.3G_T141_1,1.0
CG_LT,141,,MM HIEP PHU,MM AN PHU,AN RICE CRACKER SEAWEED 111.3G,209.170154,0.6,2.0,127.502093,PRICED_E1_shortage_ratio_AN RICE CRACKER SEAWEED 111.3G_T141_1,1.0
CG_LT,141,,MM HIEP PHU,MM AN PHU,AN RICE CRACKER SEAWEED 111.3G,35.738646,0.6,0.341718,21.784906,PRICED_E1_shortage_ratio_AN RICE CRACKER SEAWEED 111.3G_T141_5,0.170859
CG_LT,141,,MM HIEP PHU,MM DA NANG,AN RICE CRACKER SEAWEED 111.3G,3.54618,0.6,0.341718,2.469426,PRICED_E1_shortage_ratio_AN RICE CRACKER SEAWEED 111.3G_T141_5,0.170859
CG_LT,142,,MM HIEP PHU,MM AN PHU,AN RICE CRACKER SEAWEED 111.3G,410.708421,0.6,2.0,248.425052,PRICED_E1_shortage_ratio_AN RICE CRACKER SEAWEED 111.3G_T142_1,1.0
CG_LT,142,,MM HIEP PHU,MM DA NANG,AN RICE CRACKER SEAWEED 111.3G,94.344041,0.6,2.0,58.606425,PRICED_E1_shortage_ratio_AN RICE CRACKER SEAWEED 111.3G_T142_1,1.0
CG_LT,142,,MM BINH PHU,MM AN PHU,AN RICE CRACKER SEAWEED 111.3G,2.152725,0.6,0.062094,1.353729,PRICED_E1_shortage_ratio_AN RICE CRACKER SEAWEED 111.3G_T142_2,0.031047
CG_LT,142,,MM HIEP PHU,MM AN PHU,AN RICE CRACKER SEAWEED 111.3G,10.598525,0.6,0.062094,6.421209,PRICED_E1_shortage_ratio_AN RICE CRACKER SEAWEED 111.3G_T142_2,0.031047
CG_LT,142,,MM HIEP PHU,MM DA NANG,AN RICE CRACKER SEAWEED 111.3G,2.929096,0.6,0.062094,1.819552,PRICED_E1_shortage_ratio_AN RICE CRACKER SEAWEED 111.3G_T142_2,0.031047
CG_LT,143,,MM HIEP PHU,MM AN PHU,AN RICE CRACKER SEAWEED 111.3G,429.686827,0.6,2.0,259.812096,PRICED_E1_shortage_ratio_AN RICE CRACKER SEAWEED 111.3G_T143_1,1.0
CG_LT,143,,MM HIEP PHU,MM DA NANG,AN RICE CRACKER SEAWEED 111.3G,52.936658,0.6,2.0,33.761995,PRICED_E1_shortage_ratio_AN RICE CRACKER SEAWEED 111.3G_T143_1,1.0
CG_LT,144,,MM BINH PHU,MM DA NANG,AN RICE CRACKER SEAWEED 111.3G,2.013352,0.6,2.0,3.208011,PRICED_E1_shortage_ratio_AN RICE CRACKER SEAWEED 111.3G_T144_1,1.0
CG_LT,144,,MM HIEP PHU,MM AN PHU,AN RICE CRACKER SEAWEED 111.3G,186.821357,0.6,2.0,114.092814,PRICED_E1_shortage_ratio_AN RICE CRACKER SEAWEED 111.3G_T144_1,1.0
CG_LT,145,,MM BINH PHU,MM DA NANG,AN RICE CRACKER SEAWEED 111.3G,4.406428,0.6,2.0,4.643857,PRICED_E1_shortage_ratio_AN RICE CRACKER SEAWEED 111.3G_T145_1,1.0
CG_LT,145,,MM HIEP PHU,MM AN PHU,AN RICE CRACKER SEAWEED 111.3G,65.99559,0.6,2.0,41.597354,PRICED_E1_shortage_ratio_AN RICE CRACKER SEAWEED 111.3G_T145_1,1.0
CG_LT,147,,MM AN PHU,MM BINH PHU,AN RICE CRACKER SEAWEED 111.3G,1.865414,0.6,0.06162,1.180868,PRICED_E1_shortage_ratio_AN RICE CRACKER SEAWEED 111.3G_T147_1,0.03081
CG_LT,147,,MM HIEP PHU,MM BINH PHU,AN RICE CRACKER SEAWEED 111.3G,60.545998,0.6,2.0,38.327599,PRICED_E1_shortage_ratio_AN RICE CRACKER SEAWEED 111.3G_T147_2,1.0
CG_LT,148,,MM AN PHU,MM DA NANG,AN RICE CRACKER SEAWEED 111.3G,0.322085,0.6,0.068956,0.262208,PRICED_E1_shortage_ratio_AN RICE CRACKER SEAWEED 111.3G_T148_1,0.034478
CG_LT,148,,MM HIEP PHU,MM BINH PHU,AN RICE CRACKER SEAWEED 111.3G,10.064165,0.6,0.068956,6.107455,PRICED_E1_shortage_ratio_AN RICE CRACKER SEAWEED 111.3G_T148_1,0.034478
CG_LT,148,,MM HIEP PHU,MM BINH PHU,AN RICE CRACKER SEAWEED 111.3G,291.899002,0.6,2.0,177.139401,PRICED_E1_shortage_ratio_AN RICE CRACKER SEAWEED 111.3G_T148_4,1.0
CG_LT,148,,MM HIEP PHU,MM DA NANG,AN RICE CRACKER SEAWEED 111.3G,9.341699,0.6,2.0,7.605019,PRICED_E1_shortage_ratio_AN RICE CRACKER SEAWEED 111.3G_T148_4,1.0
CG_LT,149,,MM HIEP PHU,MM AN PHU,AN RICE CRACKER SEAWEED 111.3G,28.08544,0.6,2.0,18.851264,PRICED_E1_shortage_ratio_AN RICE CRACKER SEAWEED 111.3G_T149_1,1.0
CG_LT,149,,MM HIEP PHU,MM BINH PHU,AN RICE CRACKER SEAWEED 111.3G,271.738641,0.6,2.0,165.043184,PRICED_E1_shortage_ratio_AN RICE CRACKER SEAWEED 111.3G_T149_1,1.0
CG_LT,149,,MM HIEP PHU,MM DA NANG,AN RICE CRACKER SEAWEED 111.3G,89.206424,0.6,2.0,55.523854,PRICED_E1_shortage_ratio_AN RICE CRACKER SEAWEED 111.3G_T149_1,1.0
CG_LT,14,,MM DA NANG,MM BINH PHU,AN RICE CRACKER SEAWEED 111.3G,10.0,0.6,2.0,8.0,PRICED_E1_shortage_ratio_AN RICE CRACKER SEAWEED 111.3G_T14_1,1.0
CG_LT,14,,MM HIEP PHU,MM AN PHU,AN RICE CRACKER SEAWEED 111.3G,103.54699,0.6,2.0,64.128194,PRICED_E1_shortage_ratio_AN RICE CRACKER SEAWEED 111.3G_T14_1,1.0
CG_LT,14,,MM HIEP PHU,MM DA NANG,AN RICE CRACKER SEAWEED 111.3G,43.286146,0.6,2.0,27.971687,PRICED_E1_shortage_ratio_AN RICE CRACKER SEAWEED 111.3G_T14_1,1.0
CG_LT,150,,MM HIEP PHU,MM BINH PHU,AN RICE CRACKER SEAWEED 111.3G,10.286623,0.6,2.0,8.171974,PRICED_E1_shortage_ratio_AN RICE CRACKER SEAWEED 111.3G_T150_1,1.0
CG_LT,150,,MM HIEP PHU,MM DA NANG,AN RICE CRACKER SEAWEED 111.3G,64.740832,0.6,2.0,40.844499,PRICED_E1_shortage_ratio_AN RICE CRACKER SEAWEED 111.3G_T150_1,1.0
CG_LT,151,,MM AN PHU,MM BINH PHU,AN RICE CRACKER SEAWEED 111.3G,23.760482,0.6,2.0,16.256289,PRICED_E1_shortage_ratio_AN RICE CRACKER SEAWEED 111.3G_T151_1,1.0
CG_LT,151,,MM DA NANG,MM BINH PHU,AN RICE CRACKER SEAWEED 111.3G,23.760482,0.6,2.0,16.256289,PRICED_E1_shortage_ratio_AN RICE CRACKER SEAWEED 111.3G_T151_2,1.0
CG_LT,151,,MM HIEP PHU,MM BINH PHU,AN RICE CRACKER SEAWEED 111.3G,2.839036,0.6,0.238971,1.942393,PRICED_E1_shortage_ratio_AN RICE CRACKER SEAWEED 111.3G_T151_3,0.119486
CG_LT,152,,MM AN PHU,MM BINH PHU,AN RICE CRACKER SEAWEED 111.3G,24.777792,0.6,2.0,16.866675,PRICED_E1_shortage_ratio_AN RICE CRACKER SEAWEED 111.3G_T152_1,1.0
CG_LT,152,,MM HIEP PHU,MM BINH PHU,AN RICE CRACKER SEAWEED 111.3G,24.777792,0.6,2.0,16.866675,PRICED_E1_shortage_ratio_AN RICE CRACKER SEAWEED 111.3G_T152_2,1.0
CG_LT,153,,MM HIEP PHU,MM AN PHU,AN RICE CRACKER SEAWEED 111.3G,70.559082,0.6,2.0,44.335449,PRICED_E1_shortage_ratio_AN RICE CRACKER SEAWEED 111.3G_T153_1,1.0
CG_LT,153,,MM DA NANG,MM AN PHU,AN RICE CRACKER SEAWEED 111.3G,0.247521,0.6,0.097015,0.245528,PRICED_E1_shortage_ratio_AN RICE CRACKER SEAWEED 111.3G_T153_2,0.048507
CG_LT,153,,MM HIEP PHU,MM AN PHU,AN RICE CRACKER SEAWEED 111.3G,3.175113,0.6,0.097015,2.002083,PRICED_E1_shortage_ratio_AN RICE CRACKER SEAWEED 111.3G_T153_2,0.048507
CG_LT,15,,MM HIEP PHU,MM DA NANG,AN RICE CRACKER SEAWEED 111.3G,208.507932,0.6,2.0,127.104759,PRICED_E1_shortage_ratio_AN RICE CRACKER SEAWEED 111.3G_T15_1,1.0
CG_LT,15,,MM HIEP PHU,MM AN PHU,AN RICE CRACKER SEAWEED 111.3G,15.522475,0.6,0.224053,9.537538,PRICED_E1_shortage_ratio_AN RICE CRACKER SEAWEED 111.3G_T15_2,0.112027
CG_LT,15,,MM HIEP PHU,MM BINH PHU,AN RICE CRACKER SEAWEED 111.3G,1.45094,0.6,0.224053,1.094617,PRICED_E1_shortage_ratio_AN RICE CRACKER SEAWEED 111.3G_T15_2,0.112027
CG_LT,15,,MM HIEP PHU,MM DA NANG,AN RICE CRACKER SEAWEED 111.3G,6.385023,0.6,0.224053,4.055067,PRICED_E1_shortage_ratio_AN RICE CRACKER SEAWEED 111.3G_T15_2,0.112027
CG_LT,15,,MM HIEP PHU,MM BINH PHU,AN RICE CRACKER SEAWEED 111.3G,2.352665,0.6,0.363297,1.774896,PRICED_E1_shortage_ratio_AN RICE CRACKER SEAWEED 111.3G_T15_3,0.181648
CG_LT,15,,MM HIEP PHU,MM DA NANG,AN RICE CRACKER SEAWEED 111.3G,35.522478,0.6,0.363297,21.676784,PRICED_E1_shortage_ratio_AN RICE CRACKER SEAWEED 111.3G_T15_3,0.181648
CG_LT,16,,MM BINH PHU,MM AN PHU,AN RICE CRACKER SEAWEED 111.3G,32.761584,0.6,2.0,21.65695,PRICED_E1_shortage_ratio_AN RICE CRACKER SEAWEED 111.3G_T16_1,1.0
CG_LT,16,,MM HIEP PHU,MM AN PHU,AN RICE CRACKER SEAWEED 111.3G,94.733138,0.6,2.0,58.839883,PRICED_E1_shortage_ratio_AN RICE CRACKER SEAWEED 111.3G_T16_1,1.0
CG_LT,16,,MM HIEP PHU,MM DA NANG,AN RICE CRACKER SEAWEED 111.3G,200.86596,0.6,2.0,122.519576,PRICED_E1_shortage_ratio_AN RICE CRACKER SEAWEED 111.3G_T16_1,1.0
CG_LT,16,,MM BINH PHU,MM DA NANG,AN RICE CRACKER SEAWEED 111.3G,2.2887,0.6,0.139719,1.512939,PRICED_E1_shortage_ratio_AN RICE CRACKER SEAWEED 111.3G_T16_2,0.069859
CG_LT,16,,MM HIEP PHU,MM AN PHU,AN RICE CRACKER SEAWEED 111.3G,17.189783,0.6,0.139719,10.453588,PRICED_E1_shortage_ratio_AN RICE CRACKER SEAWEED 111.3G_T16_2,0.069859
CG_LT,16,,MM HIEP PHU,MM DA NANG,AN RICE CRACKER SEAWEED 111.3G,3.460552,0.6,0.139719,2.21605,PRICED_E1_shortage_ratio_AN RICE CRACKER SEAWEED 111.3G_T16_2,0.069859
CG_LT,17,,MM HIEP PHU,MM AN PHU,AN RICE CRACKER SEAWEED 111.3G,308.478094,0.6,2.0,187.086857,PRICED_E1_shortage_ratio_AN RICE CRACKER SEAWEED 111.3G_T17_1,1.0
CG_LT,17,,MM HIEP PHU,MM DA NANG,AN RICE CRACKER SEAWEED 111.3G,35.820044,0.6,2.0,23.492027,PRICED_E1_shortage_ratio_AN RICE CRACKER SEAWEED 111.3G_T17_1,1.0
CG_LT,17,,MM HIEP PHU,MM AN PHU,AN RICE CRACKER SEAWEED 111.3G,8.37246,0.6,0.074838,5.098314,PRICED_E1_shortage_ratio_AN RICE CRACKER SEAWEED 111.3G_T17_2,0.037419
CG_LT,17,,MM HIEP PHU,MM BINH PHU,AN RICE CRACKER SEAWEED 111.3G,0.804102,0.6,0.074838,0.557299,PRICED_E1_shortage_ratio_AN RICE CRACKER SEAWEED 111.3G_T17_2,0.037419
CG_LT,17,,MM HIEP PHU,MM DA NANG,AN RICE CRACKER SEAWEED 111.3G,3.70668,0.6,0.074838,2.298845,PRICED_E1_shortage_ratio_AN RICE CRACKER SEAWEED 111.3G_T17_2,0.037419
CG_LT,18,,MM HIEP PHU,MM AN PHU,AN RICE CRACKER SEAWEED 111.3G,189.262534,0.6,2.0,115.55752,PRICED_E1_shortage_ratio_AN RICE CRACKER SEAWEED 111.3G_T18_1,1.0
CG_LT,18,,MM HIEP PHU,MM BINH PHU,AN RICE CRACKER SEAWEED 111.3G,19.0,0.6,2.0,13.4,PRICED_E1_shortage_ratio_AN RICE CRACKER SEAWEED 111.3G_T18_1,1.0
CG_LT,18,,MM HIEP PHU,MM DA NANG,AN RICE CRACKER SEAWEED 111.3G,129.028689,0.6,2.0,79.417213,PRICED_E1_shortage_ratio_AN RICE CRACKER SEAWEED 111.3G_T18_1,1.0
CG_LT,19,,MM HIEP PHU,MM AN PHU,AN RICE CRACKER SEAWEED 111.3G,62.001052,0.6,2.0,39.200631,PRICED_E1_shortage_ratio_AN RICE CRACKER SEAWEED 111.3G_T19_1,1.0
CG_LT,19,,MM HIEP PHU,MM BINH PHU,AN RICE CRACKER SEAWEED 111.3G,16.787532,0.6,2.0,12.072519,PRICED_E1_shortage_ratio_AN RICE CRACKER SEAWEED 111.3G_T19_1,1.0
CG_LT,19,,MM HIEP PHU,MM DA NANG,AN RICE CRACKER SEAWEED 111.3G,100.294106,0.6,2.0,62.176463,PRICED_E1_shortage_ratio_AN RICE CRACKER SEAWEED 111.3G_T19_1,1.0
CG_LT,20,,MM HIEP PHU,MM AN PHU,AN RICE CRACKER SEAWEED 111.3G,53.46382,0.6,2.0,34.078292,PRICED_E1_shortage_ratio_AN RICE CRACKER SEAWEED 111.3G_T20_1,1.0
CG_LT,21,,MM BINH PHU,MM AN PHU,AN RICE CRACKER SEAWEED 111.3G,35.630813,0.6,2.0,23.378488,PRICED_E1_shortage_ratio_AN RICE CRACKER SEAWEED 111.3G_T21_1,1.0
CG_LT,21,,MM HIEP PHU,MM AN PHU,AN RICE CRACKER SEAWEED 111.3G,35.630813,0.6,2.0,23.378488,PRICED_E1_shortage_ratio_AN RICE CRACKER SEAWEED 111.3G_T21_2,1.0
CG_LT,22,,MM BINH PHU,MM AN PHU,AN RICE CRACKER SEAWEED 111.3G,60.29694,0.6,2.0,38.178164,PRICED_E1_shortage_ratio_AN RICE CRACKER SEAWEED 111.3G_T22_1,1.0
CG_LT,22,,MM HIEP PHU,MM AN PHU,AN RICE CRACKER SEAWEED 111.3G,27.265953,0.6,0.904389,17.263961,PRICED_E1_shortage_ratio_AN RICE CRACKER SEAWEED 111.3G_T22_2,0.452195
CG_LT,23,,MM BINH PHU,MM AN PHU,AN RICE CRACKER SEAWEED 111.3G,30.585547,0.6,0.754835,19.106163,PRICED_E1_shortage_ratio_AN RICE CRACKER SEAWEED 111.3G_T23_1,0.377417
CG_LT,23,,MM HIEP PHU,MM AN PHU,AN RICE CRACKER SEAWEED 111.3G,81.03906,0.6,2.0,50.623436,PRICED_E1_shortage_ratio_AN RICE CRACKER SEAWEED 111.3G_T23_2,1.0
CG_LT,24,,MM BINH PHU,MM AN PHU,AN RICE CRACKER SEAWEED 111.3G,60.842528,0.6,2.0,38.505517,PRICED_E1_shortage_ratio_AN RICE CRACKER SEAWEED 111.3G_T24_1,1.0
CG_LT,24,,MM HIEP PHU,MM AN PHU,AN RICE CRACKER SEAWEED 111.3G,15.171022,0.6,0.498698,9.601311,PRICED_E1_shortage_ratio_AN RICE CRACKER SEAWEED 111.3G_T24_2,0.249349
CG_LT,25,,MM BINH PHU,MM AN PHU,AN RICE CRACKER SEAWEED 111.3G,19.708144,0.6,2.0,13.824886,PRICED_E1_shortage_ratio_AN RICE CRACKER SEAWEED 111.3G_T25_1,1.0
CG_LT,25,,MM HIEP PHU,MM AN PHU,AN RICE CRACKER SEAWEED 111.3G,19.708144,0.6,2.0,13.824886,PRICED_E1_shortage_ratio_AN RICE CRACKER SEAWEED 111.3G_T25_2,1.0
CG_LT,26,,MM HIEP PHU,MM AN PHU,AN RICE CRACKER SEAWEED 111.3G,44.757157,0.6,2.0,28.854294,PRICED_E1_shortage_ratio_AN RICE CRACKER SEAWEED 111.3G_T26_1,1.0
CG_LT,26,,MM HIEP PHU,MM DA NANG,AN RICE CRACKER SEAWEED 111.3G,71.824854,0.6,2.0,45.094912,PRICED_E1_shortage_ratio_AN RICE CRACKER SEAWEED 111.3G_T26_1,1.0
CG_LT,27,,MM BINH PHU,MM AN PHU,AN RICE CRACKER SEAWEED 111.3G,28.469295,0.6,2.0,19.081577,PRICED_E1_shortage_ratio_AN RICE CRACKER SEAWEED 111.3G_T27_1,1.0
CG_LT,27,,MM HIEP PHU,MM DA NANG,AN RICE CRACKER SEAWEED 111.3G,63.785423,0.6,2.0,40.271254,PRICED_E1_shortage_ratio_AN RICE CRACKER SEAWEED 111.3G_T27_1,1.0
CG_LT,27,,MM HIEP PHU,MM AN PHU,AN RICE CRACKER SEAWEED 111.3G,13.754477,0.6,0.966267,9.218954,PRICED_E1_shortage_ratio_AN RICE CRACKER SEAWEED 111.3G_T27_4,0.483134
CG_LT,27,,MM HIEP PHU,MM DA NANG,AN RICE CRACKER SEAWEED 111.3G,30.81689,0.6,0.966267,19.456402,PRICED_E1_shortage_ratio_AN RICE CRACKER SEAWEED 111.3G_T27_4,0.483134
CG_LT,28,,MM BINH PHU,MM AN PHU,AN RICE CRACKER SEAWEED 111.3G,59.029764,0.6,2.0,37.417859,PRICED_E1_shortage_ratio_AN RICE CRACKER SEAWEED 111.3G_T28_1,1.0
CG_LT,28,,MM HIEP PHU,MM AN PHU,AN RICE CRACKER SEAWEED 111.3G,8.322879,0.6,0.281989,5.275716,PRICED_E1_shortage_ratio_AN RICE CRACKER SEAWEED 111.3G_T28_2,0.140995
CG_LT,29,,MM HIEP PHU,MM AN PHU,AN RICE CRACKER SEAWEED 111.3G,112.562121,0.6,2.0,69.537273,PRICED_E1_shortage_ratio_AN RICE CRACKER SEAWEED 111.3G_T29_1,1.0
CG_LT,29,,MM BINH PHU,MM AN PHU,AN RICE CRACKER SEAWEED 111.3G,4.350863,0.6,0.21899,2.829507,PRICED_E1_shortage_ratio_AN RICE CRACKER SEAWEED 111.3G_T29_2,0.109495
CG_LT,29,,MM HIEP PHU,MM AN PHU,AN RICE CRACKER SEAWEED 111.3G,7.974105,0.6,0.21899,5.003453,PRICED_E1_shortage_ratio_AN RICE CRACKER SEAWEED 111.3G_T29_2,0.109495
CG_LT,30,,MM HIEP PHU,MM AN PHU,AN RICE CRACKER SEAWEED 111.3G,158.555919,0.6,2.0,97.133551,PRICED_E1_shortage_ratio_AN RICE CRACKER SEAWEED 111.3G_T30_1,1.0
CG_LT,31,,MM BINH PHU,MM AN PHU,AN RICE CRACKER SEAWEED 111.3G,56.221753,0.6,1.043782,34.776833,PRICED_E1_shortage_ratio_AN RICE CRACKER SEAWEED 111.3G_T31_1,0.521891
CG_LT,31,,MM HIEP PHU,MM AN PHU,AN RICE CRACKER SEAWEED 111.3G,107.727047,0.6,2.0,66.636228,PRICED_E1_shortage_ratio_AN RICE CRACKER SEAWEED 111.3G_T31_2,1.0
CG_LT,32,,MM BINH PHU,MM AN PHU,AN RICE CRACKER SEAWEED 111.3G,127.532637,0.6,2.0,78.519582,PRICED_E1_shortage_ratio_AN RICE CRACKER SEAWEED 111.3G_T32_1,1.0
CG_LT,32,,MM HIEP PHU,MM AN PHU,AN RICE CRACKER SEAWEED 111.3G,23.414563,0.6,0.367193,14.415931,PRICED_E1_shortage_ratio_AN RICE CRACKER SEAWEED 111.3G_T32_2,0.183597
CG_LT,33,,MM BINH PHU,MM AN PHU,AN RICE CRACKER SEAWEED 111.3G,49.067361,0.6,1.787914,31.22833,PRICED_E1_shortage_ratio_AN RICE CRACKER SEAWEED 111.3G_T33_1,0.893957
CG_LT,33,,MM DA NANG,MM AN PHU,AN RICE CRACKER SEAWEED 111.3G,54.887839,0.6,2.0,34.932703,PRICED_E1_shortage_ratio_AN RICE CRACKER SEAWEED 111.3G_T33_2,1.0
CG_LT,34,,MM HIEP PHU,MM AN PHU,AN RICE CRACKER SEAWEED 111.3G,103.180745,0.6,2.0,63.908447,PRICED_E1_shortage_ratio_AN RICE CRACKER SEAWEED 111.3G_T34_1,1.0
CG_LT,34,,MM BINH PHU,MM AN PHU,AN RICE CRACKER SEAWEED 111.3G,59.499203,0.6,1.254499,36.954021,PRICED_E1_shortage_ratio_AN RICE CRACKER SEAWEED 111.3G_T34_2,0.627249
CG_LT,34,,MM DA NANG,MM AN PHU,AN RICE CRACKER SEAWEED 111.3G,5.220851,0.6,1.254499,4.38701,PRICED_E1_shortage_ratio_AN RICE CRACKER SEAWEED 111.3G_T34_2,0.627249
CG_LT,35,,MM HIEP PHU,MM AN PHU,AN RICE CRACKER SEAWEED 111.3G,184.516604,0.6,2.0,112.709962,PRICED_E1_shortage_ratio_AN RICE CRACKER SEAWEED 111.3G_T35_1,1.0
CG_LT,35,,MM BINH PHU,MM AN PHU,AN RICE CRACKER SEAWEED 111.3G,5.970208,0.6,0.383326,3.965451,PRICED_E1_shortage_ratio_AN RICE CRACKER SEAWEED 111.3G_T35_3,0.191663
CG_LT,35,,MM HIEP PHU,MM AN PHU,AN RICE CRACKER SEAWEED 111.3G,29.394788,0.6,0.383326,18.020199,PRICED_E1_shortage_ratio_AN RICE CRACKER SEAWEED 111.3G_T35_3,0.191663
CG_LT,36,,MM HIEP PHU,MM AN PHU,AN RICE CRACKER SEAWEED 111.3G,139.962659,0.6,2.0,85.977595,PRICED_E1_shortage_ratio_AN RICE CRACKER SEAWEED 111.3G_T36_1,1.0
CG_LT,36,,MM BINH PHU,MM AN PHU,AN RICE CRACKER SEAWEED 111.3G,41.65084,0.6,0.698914,25.689418,PRICED_E1_shortage_ratio_AN RICE CRACKER SEAWEED 111.3G_T36_2,0.349457
CG_LT,36,,MM DA NANG,MM AN PHU,AN RICE CRACKER SEAWEED 111.3G,7.260102,0.6,0.698914,5.054975,PRICED_E1_shortage_ratio_AN RICE CRACKER SEAWEED 111.3G_T36_2,0.349457
CG_LT,37,,MM HIEP PHU,MM AN PHU,AN RICE CRACKER SEAWEED 111.3G,206.665765,0.6,2.0,125.999459,PRICED_E1_shortage_ratio_AN RICE CRACKER SEAWEED 111.3G_T37_1,1.0
CG_LT,37,,MM DA NANG,MM AN PHU,AN RICE CRACKER SEAWEED 111.3G,0.44809,0.6,0.31152,0.580374,PRICED_E1_shortage_ratio_AN RICE CRACKER SEAWEED 111.3G_T37_3,0.15576
CG_LT,37,,MM HIEP PHU,MM AN PHU,AN RICE CRACKER SEAWEED 111.3G,31.742145,0.6,0.31152,19.356807,PRICED_E1_shortage_ratio_AN RICE CRACKER SEAWEED 111.3G_T37_3,0.15576
CG_LT,38,,MM HIEP PHU,MM AN PHU,AN RICE CRACKER SEAWEED 111.3G,109.994535,0.6,2.0,67.996721,PRICED_E1_shortage_ratio_AN RICE CRACKER SEAWEED 111.3G_T38_1,1.0
CG_LT,38,,MM HIEP PHU,MM DA NANG,AN RICE CRACKER SEAWEED 111.3G,34.790202,0.6,2.0,22.874121,PRICED_E1_shortage_ratio_AN RICE CRACKER SEAWEED 111.3G_T38_1,1.0
CG_LT,38,,MM BINH PHU,MM DA NANG,AN RICE CRACKER SEAWEED 111.3G,16.688681,0.6,1.035467,11.048676,PRICED_E1_shortage_ratio_AN RICE CRACKER SEAWEED 111.3G_T38_4,0.517734
CG_LT,38,,MM HIEP PHU,MM AN PHU,AN RICE CRACKER SEAWEED 111.3G,56.947865,0.6,1.035467,35.204186,PRICED_E1_shortage_ratio_AN RICE CRACKER SEAWEED 111.3G_T38_4,0.517734
CG_LT,39,,MM HIEP PHU,MM AN PHU,AN RICE CRACKER SEAWEED 111.3G,99.31491,0.6,2.0,61.588946,PRICED_E1_shortage_ratio_AN RICE CRACKER SEAWEED 111.3G_T39_1,1.0
CG_LT,39,,MM HIEP PHU,MM DA NANG,AN RICE CRACKER SEAWEED 111.3G,51.6001,0.6,2.0,32.96006,PRICED_E1_shortage_ratio_AN RICE CRACKER SEAWEED 111.3G_T39_1,1.0
CG_LT,39,,MM BINH PHU,MM AN PHU,AN RICE CRACKER SEAWEED 111.3G,8.624742,0.6,0.436351,5.611196,PRICED_E1_shortage_ratio_AN RICE CRACKER SEAWEED 111.3G_T39_2,0.218175
CG_LT,39,,MM HIEP PHU,MM AN PHU,AN RICE CRACKER SEAWEED 111.3G,13.043319,0.6,0.436351,8.262342,PRICED_E1_shortage_ratio_AN RICE CRACKER SEAWEED 111.3G_T39_2,0.218175
CG_LT,39,,MM HIEP PHU,MM DA NANG,AN RICE CRACKER SEAWEED 111.3G,11.257868,0.6,0.436351,7.191071,PRICED_E1_shortage_ratio_AN RICE CRACKER SEAWEED 111.3G_T39_2,0.218175
CG_LT,40,,MM HIEP PHU,MM AN PHU,AN RICE CRACKER SEAWEED 111.3G,46.764252,0.6,2.0,30.058551,PRICED_E1_shortage_ratio_AN RICE CRACKER SEAWEED 111.3G_T40_1,1.0
CG_LT,40,,MM HIEP PHU,MM DA NANG,AN RICE CRACKER SEAWEED 111.3G,29.216617,0.6,2.0,19.52997,PRICED_E1_shortage_ratio_AN RICE CRACKER SEAWEED 111.3G_T40_1,1.0
CG_LT,40,,MM BINH PHU,MM DA NANG,AN RICE CRACKER SEAWEED 111.3G,9.178133,0.6,1.833435,7.340315,PRICED_E1_shortage_ratio_AN RICE CRACKER SEAWEED 111.3G_T40_4,0.916717
CG_LT,40,,MM HIEP PHU,MM AN PHU,AN RICE CRACKER SEAWEED 111.3G,42.869608,0.6,1.833435,27.5552,PRICED_E1_shortage_ratio_AN RICE CRACKER SEAWEED 111.3G_T40_4,0.916717
CG_LT,40,,MM HIEP PHU,MM DA NANG,AN RICE CRACKER SEAWEED 111.3G,17.60525,0.6,1.833435,12.396585,PRICED_E1_shortage_ratio_AN RICE CRACKER SEAWEED 111.3G_T40_4,0.916717
CG_LT,41,,MM AN PHU,MM DA NANG,AN RICE CRACKER SEAWEED 111.3G,37.791986,0.6,2.0,24.675192,PRICED_E1_shortage_ratio_AN RICE CRACKER SEAWEED 111.3G_T41_1,1.0
CG_LT,41,,MM BINH PHU,MM DA NANG,AN RICE CRACKER SEAWEED 111.3G,18.164814,0.6,0.961305,11.860193,PRICED_E1_shortage_ratio_AN RICE CRACKER SEAWEED 111.3G_T41_2,0.480653
CG_LT,42,,MM BINH PHU,MM DA NANG,AN RICE CRACKER SEAWEED 111.3G,75.171034,0.6,1.891476,46.994096,PRICED_E1_shortage_ratio_AN RICE CRACKER SEAWEED 111.3G_T42_2,0.945738
CG_LT,42,,MM HIEP PHU,MM DA NANG,AN RICE CRACKER SEAWEED 111.3G,79.484006,0.6,2.0,49.690403,PRICED_E1_shortage_ratio_AN RICE CRACKER SEAWEED 111.3G_T42_3,1.0
CG_LT,43,,MM AN PHU,MM DA NANG,AN RICE CRACKER SEAWEED 111.3G,103.027324,0.6,2.0,63.816394,PRICED_E1_shortage_ratio_AN RICE CRACKER SEAWEED 111.3G_T43_1,1.0
CG_LT,43,,MM HIEP PHU,MM DA NANG,AN RICE CRACKER SEAWEED 111.3G,56.498116,0.6,1.09676,34.995629,PRICED_E1_shortage_ratio_AN RICE CRACKER SEAWEED 111.3G_T43_2,0.54838
CG_LT,48,,MM BINH PHU,MM AN PHU,AN RICE CRACKER SEAWEED 111.3G,126.776472,0.6,2.0,78.065883,PRICED_E1_shortage_ratio_AN RICE CRACKER SEAWEED 111.3G_T48_1,1.0
CG_LT,48,,MM BINH PHU,MM DA NANG,AN RICE CRACKER SEAWEED 111.3G,9.426504,0.6,2.0,7.655902,PRICED_E1_shortage_ratio_AN RICE CRACKER SEAWEED 111.3G_T48_1,1.0
CG_LT,49,,MM BINH PHU,MM DA NANG,AN RICE CRACKER SEAWEED 111.3G,1.314027,0.6,0.200491,0.988907,PRICED_E1_shortage_ratio_AN RICE CRACKER SEAWEED 111.3G_T49_1,0.100245
CG_LT,49,,MM HIEP PHU,MM AN PHU,AN RICE CRACKER SEAWEED 111.3G,21.568594,0.6,0.200491,13.141647,PRICED_E1_shortage_ratio_AN RICE CRACKER SEAWEED 111.3G_T49_1,0.100245
CG_LT,49,,MM HIEP PHU,MM AN PHU,AN RICE CRACKER SEAWEED 111.3G,215.15798,0.6,2.0,131.094788,PRICED_E1_shortage_ratio_AN RICE CRACKER SEAWEED 111.3G_T49_4,1.0
CG_LT,49,,MM HIEP PHU,MM DA NANG,AN RICE CRACKER SEAWEED 111.3G,13.108105,0.6,2.0,9.864863,PRICED_E1_shortage_ratio_AN RICE CRACKER SEAWEED 111.3G_T49_4,1.0
CG_LT,50,,MM HIEP PHU,MM AN PHU,AN RICE CRACKER SEAWEED 111.3G,319.9679,0.6,2.0,193.98074,PRICED_E1_shortage_ratio_AN RICE CRACKER SEAWEED 111.3G_T50_1,1.0
CG_LT,50,,MM HIEP PHU,MM DA NANG,AN RICE CRACKER SEAWEED 111.3G,35.054353,0.6,2.0,23.032612,PRICED_E1_shortage_ratio_AN RICE CRACKER SEAWEED 111.3G_T50_1,1.0
CG_LT,51,,MM BINH PHU,MM DA NANG,AN RICE CRACKER SEAWEED 111.3G,74.777156,0.6,2.0,46.866294,PRICED_E1_shortage_ratio_AN RICE CRACKER SEAWEED 111.3G_T51_1,1.0
CG_LT,51,,MM HIEP PHU,MM AN PHU,AN RICE CRACKER SEAWEED 111.3G,387.245903,0.6,2.0,234.347542,PRICED_E1_shortage_ratio_AN RICE CRACKER SEAWEED 111.3G_T51_1,1.0
CG_LT,51,,MM HIEP PHU,MM AN PHU,AN RICE CRACKER SEAWEED 111.3G,58.461297,0.6,0.301934,35.378712,PRICED_E1_shortage_ratio_AN RICE CRACKER SEAWEED 111.3G_T51_4,0.150967
CG_LT,51,,MM HIEP PHU,MM DA NANG,AN RICE CRACKER SEAWEED 111.3G,11.288872,0.6,0.301934,7.075257,PRICED_E1_shortage_ratio_AN RICE CRACKER SEAWEED 111.3G_T51_4,0.150967
CG_LT,52,,MM BINH PHU,MM DA NANG,AN RICE CRACKER SEAWEED 111.3G,47.026115,0.6,2.0,30.215669,PRICED_E1_shortage_ratio_AN RICE CRACKER SEAWEED 111.3G_T52_1,1.0
CG_LT,52,,MM HIEP PHU,MM AN PHU,AN RICE CRACKER SEAWEED 111.3G,244.37993,0.6,2.0,148.627958,PRICED_E1_shortage_ratio_AN RICE CRACKER SEAWEED 111.3G_T52_1,1.0
CG_LT,52,,MM HIEP PHU,MM AN PHU,AN RICE CRACKER SEAWEED 111.3G,26.399212,0.6,0.216051,16.055578,PRICED_E1_shortage_ratio_AN RICE CRACKER SEAWEED 111.3G_T52_4,0.108025
CG_LT,52,,MM HIEP PHU,MM DA NANG,AN RICE CRACKER SEAWEED 111.3G,5.08001,0.6,0.216051,3.264056,PRICED_E1_shortage_ratio_AN RICE CRACKER SEAWEED 111.3G_T52_4,0.108025
CG_LT,53,,MM BINH PHU,MM AN PHU,AN RICE CRACKER SEAWEED 111.3G,43.473014,0.6,2.0,28.083808,PRICED_E1_shortage_ratio_AN RICE CRACKER SEAWEED 111.3G_T53_1,1.0
CG_LT,53,,MM BINH PHU,MM DA NANG,AN RICE CRACKER SEAWEED 111.3G,23.451896,0.6,2.0,16.071138,PRICED_E1_shortage_ratio_AN RICE CRACKER SEAWEED 111.3G_T53_1,1.0
CG_LT,53,,MM BINH PHU,MM DA NANG,AN RICE CRACKER SEAWEED 111.3G,23.451896,0.6,2.0,16.071138,PRICED_E1_shortage_ratio_AN RICE CRACKER SEAWEED 111.3G_T53_2,1.0
CG_LT,53,,MM HIEP PHU,MM AN PHU,AN RICE CRACKER SEAWEED 111.3G,43.473014,0.6,2.0,28.083808,PRICED_E1_shortage_ratio_AN RICE CRACKER SEAWEED 111.3G_T53_2,1.0
CG_LT,53,,MM BINH PHU,MM AN PHU,AN RICE CRACKER SEAWEED 111.3G,9.872336,0.6,0.454182,6.377584,PRICED_E1_shortage_ratio_AN RICE CRACKER SEAWEED 111.3G_T53_4,0.227091
CG_LT,53,,MM HIEP PHU,MM DA NANG,AN RICE CRACKER SEAWEED 111.3G,5.325718,0.6,0.454182,3.649613,PRICED_E1_shortage_ratio_AN RICE CRACKER SEAWEED 111.3G_T53_4,0.227091
CG_LT,54,,MM BINH PHU,MM DA NANG,AN RICE CRACKER SEAWEED 111.3G,21.946585,0.6,1.505009,14.67296,PRICED_E1_shortage_ratio_AN RICE CRACKER SEAWEED 111.3G_T54_1,0.752504
CG_LT,54,,MM HIEP PHU,MM DA NANG,AN RICE CRACKER SEAWEED 111.3G,29.164727,0.6,2.0,19.498836,PRICED_E1_shortage_ratio_AN RICE CRACKER SEAWEED 111.3G_T54_2,1.0
CG_LT,57,,MM BINH PHU,MM AN PHU,AN RICE CRACKER SEAWEED 111.3G,30.600703,0.6,2.0,20.360422,PRICED_E1_shortage_ratio_AN RICE CRACKER SEAWEED 111.3G_T57_1,1.0
CG_LT,57,,MM DA NANG,MM AN PHU,AN RICE CRACKER SEAWEED 111.3G,30.600703,0.6,2.0,20.360422,PRICED_E1_shortage_ratio_AN RICE CRACKER SEAWEED 111.3G_T57_2,1.0
CG_LT,57,,MM HIEP PHU,MM AN PHU,AN RICE CRACKER SEAWEED 111.3G,24.792194,0.6,1.620368,16.495684,PRICED_E1_shortage_ratio_AN RICE CRACKER SEAWEED 111.3G_T57_3,0.810184
CG_LT,58,,MM BINH PHU,MM AN PHU,AN RICE CRACKER SEAWEED 111.3G,52.405048,0.6,0.983935,32.426964,PRICED_E1_shortage_ratio_AN RICE CRACKER SEAWEED 111.3G_T58_1,0.491968
CG_LT,58,,MM HIEP PHU,MM AN PHU,AN RICE CRACKER SEAWEED 111.3G,106.521352,0.6,2.0,65.912811,PRICED_E1_shortage_ratio_AN RICE CRACKER SEAWEED 111.3G_T58_2,1.0
CG_LT,59,,MM BINH PHU,MM AN PHU,AN RICE CRACKER SEAWEED 111.3G,46.510317,0.6,2.0,29.90619,PRICED_E1_shortage_ratio_AN RICE CRACKER SEAWEED 111.3G_T59_1,1.0
CG_LT,59,,MM HIEP PHU,MM AN PHU,AN RICE CRACKER SEAWEED 111.3G,46.510317,0.6,2.0,29.90619,PRICED_E1_shortage_ratio_AN RICE CRACKER SEAWEED 111.3G_T59_2,1.0
CG_LT,59,,MM BINH PHU,MM AN PHU,AN RICE CRACKER SEAWEED 111.3G,5.018627,0.6,0.814691,3.825867,PRICED_E1_shortage_ratio_AN RICE CRACKER SEAWEED 111.3G_T59_3,0.407345
CG_LT,59,,MM DA NANG,MM AN PHU,AN RICE CRACKER SEAWEED 111.3G,13.92714,0.6,0.814691,9.170975,PRICED_E1_shortage_ratio_AN RICE CRACKER SEAWEED 111.3G_T59_3,0.407345
CG_LT,5,,MM DA NANG,MM AN PHU,AN RICE CRACKER SEAWEED 111.3G,85.988327,0.6,2.0,53.592996,PRICED_E1_shortage_ratio_AN RICE CRACKER SEAWEED 111.3G_T5_1,1.0
CG_LT,5,,MM DA NANG,MM AN PHU,AN RICE CRACKER SEAWEED 111.3G,7.351644,0.6,0.207183,4.618169,PRICED_E1_shortage_ratio_AN RICE CRACKER SEAWEED 111.3G_T5_3,0.103592
CG_LT,5,,MM HIEP PHU,MM AN PHU,AN RICE CRACKER SEAWEED 111.3G,1.55603,0.6,0.207183,1.140801,PRICED_E1_shortage_ratio_AN RICE CRACKER SEAWEED 111.3G_T5_3,0.103592
CG_LT,60,,MM BINH PHU,MM AN PHU,AN RICE CRACKER SEAWEED 111.3G,60.994456,0.6,2.0,38.596674,PRICED_E1_shortage_ratio_AN RICE CRACKER SEAWEED 111.3G_T60_1,1.0
CG_LT,60,,MM HIEP PHU,MM AN PHU,AN RICE CRACKER SEAWEED 111.3G,22.963944,0.6,0.752985,14.531351,PRICED_E1_shortage_ratio_AN RICE CRACKER SEAWEED 111.3G_T60_2,0.376492
CG_LT,61,,MM BINH PHU,MM AN PHU,AN RICE CRACKER SEAWEED 111.3G,22.030749,0.6,0.565578,13.784028,PRICED_E1_shortage_ratio_AN RICE CRACKER SEAWEED 111.3G_T61_1,0.282789
CG_LT,61,,MM HIEP PHU,MM AN PHU,AN RICE CRACKER SEAWEED 111.3G,77.905251,0.6,2.0,48.74315,PRICED_E1_shortage_ratio_AN RICE CRACKER SEAWEED 111.3G_T61_2,1.0
CG_LT,62,,MM BINH PHU,MM AN PHU,AN RICE CRACKER SEAWEED 111.3G,7.624428,0.6,0.266796,4.841453,PRICED_E1_shortage_ratio_AN RICE CRACKER SEAWEED 111.3G_T62_2,0.133398
CG_LT,62,,MM HIEP PHU,MM DA NANG,AN RICE CRACKER SEAWEED 111.3G,19.980871,0.6,0.266796,12.255319,PRICED_E1_shortage_ratio_AN RICE CRACKER SEAWEED 111.3G_T62_2,0.133398
CG_LT,62,,MM BINH PHU,MM DA NANG,AN RICE CRACKER SEAWEED 111.3G,149.783813,0.6,2.0,91.870288,PRICED_E1_shortage_ratio_AN RICE CRACKER SEAWEED 111.3G_T62_4,1.0
CG_LT,62,,MM HIEP PHU,MM AN PHU,AN RICE CRACKER SEAWEED 111.3G,57.155463,0.6,2.0,36.293278,PRICED_E1_shortage_ratio_AN RICE CRACKER SEAWEED 111.3G_T62_4,1.0
CG_LT,63,,MM BINH PHU,MM AN PHU,AN RICE CRACKER SEAWEED 111.3G,70.022839,0.6,2.0,44.013704,PRICED_E1_shortage_ratio_AN RICE CRACKER SEAWEED 111.3G_T63_1,1.0
CG_LT,63,,MM BINH PHU,MM DA NANG,AN RICE CRACKER SEAWEED 111.3G,113.78376,0.6,2.0,70.270256,PRICED_E1_shortage_ratio_AN RICE CRACKER SEAWEED 111.3G_T63_1,1.0
CG_LT,63,,MM BINH PHU,MM DA NANG,AN RICE CRACKER SEAWEED 111.3G,38.89674,0.6,0.683696,24.02174,PRICED_E1_shortage_ratio_AN RICE CRACKER SEAWEED 111.3G_T63_4,0.341848
CG_LT,63,,MM HIEP PHU,MM AN PHU,AN RICE CRACKER SEAWEED 111.3G,23.937161,0.6,0.683696,15.045992,PRICED_E1_shortage_ratio_AN RICE CRACKER SEAWEED 111.3G_T63_4,0.341848
CG_LT,64,,MM BINH PHU,MM AN PHU,AN RICE CRACKER SEAWEED 111.3G,41.026003,0.6,1.467573,26.083175,PRICED_E1_shortage_ratio_AN RICE CRACKER SEAWEED 111.3G_T64_1,0.733787
CG_LT,64,,MM HIEP PHU,MM AN PHU,AN RICE CRACKER SEAWEED 111.3G,55.909997,0.6,2.0,35.545998,PRICED_E1_shortage_ratio_AN RICE CRACKER SEAWEED 111.3G_T64_2,1.0
CG_LT,65,,MM BINH PHU,MM AN PHU,AN RICE CRACKER SEAWEED 111.3G,83.986446,0.6,2.0,52.391868,PRICED_E1_shortage_ratio_AN RICE CRACKER SEAWEED 111.3G_T65_1,1.0
CG_LT,65,,MM HIEP PHU,MM AN PHU,AN RICE CRACKER SEAWEED 111.3G,42.925554,0.6,1.022202,26.777534,PRICED_E1_shortage_ratio_AN RICE CRACKER SEAWEED 111.3G_T65_2,0.511101
CG_LT,66,,MM BINH PHU,MM AN PHU,AN RICE CRACKER SEAWEED 111.3G,33.573273,0.6,2.0,22.143964,PRICED_E1_shortage_ratio_AN RICE CRACKER SEAWEED 111.3G_T66_1,1.0
CG_LT,66,,MM DA NANG,MM AN PHU,AN RICE CRACKER SEAWEED 111.3G,33.573273,0.6,2.0,22.143964,PRICED_E1_shortage_ratio_AN RICE CRACKER SEAWEED 111.3G_T66_2,1.0
CG_LT,66,,MM HIEP PHU,MM AN PHU,AN RICE CRACKER SEAWEED 111.3G,33.573273,0.6,2.0,22.143964,PRICED_E1_shortage_ratio_AN RICE CRACKER SEAWEED 111.3G_T66_3,1.0
CG_LT,68,,MM BINH PHU,MM AN PHU,AN RICE CRACKER SEAWEED 111.3G,45.271012,0.6,2.0,29.162607,PRICED_E1_shortage_ratio_AN RICE CRACKER SEAWEED 111.3G_T68_1,1.0
CG_LT,68,,MM DA NANG,MM AN PHU,AN RICE CRACKER SEAWEED 111.3G,2.422776,0.6,0.107034,1.5607,PRICED_E1_shortage_ratio_AN RICE CRACKER SEAWEED 111.3G_T68_2,0.053517
CG_LT,68,,MM HIEP PHU,MM AN PHU,AN RICE CRACKER SEAWEED 111.3G,45.271012,0.6,2.0,29.162607,PRICED_E1_shortage_ratio_AN RICE CRACKER SEAWEED 111.3G_T68_3,1.0
CG_LT,69,,MM BINH PHU,MM AN PHU,AN RICE CRACKER SEAWEED 111.3G,34.718725,0.6,2.0,22.831235,PRICED_E1_shortage_ratio_AN RICE CRACKER SEAWEED 111.3G_T69_1,1.0
CG_LT,69,,MM DA NANG,MM AN PHU,AN RICE CRACKER SEAWEED 111.3G,23.54015,0.6,1.356049,15.480139,PRICED_E1_shortage_ratio_AN RICE CRACKER SEAWEED 111.3G_T69_2,0.678025
CG_LT,69,,MM HIEP PHU,MM AN PHU,AN RICE CRACKER SEAWEED 111.3G,34.718725,0.6,2.0,22.831235,PRICED_E1_shortage_ratio_AN RICE CRACKER SEAWEED 111.3G_T69_3,1.0
CG_LT,6,,MM DA NANG,MM AN PHU,AN RICE CRACKER SEAWEED 111.3G,42.031205,0.6,0.716633,25.935356,PRICED_E1_shortage_ratio_AN RICE CRACKER SEAWEED 111.3G_T6_1,0.358316
CG_LT,6,,MM DA NANG,MM BINH PHU,AN RICE CRACKER SEAWEED 111.3G,11.291839,0.6,0.716633,7.491736,PRICED_E1_shortage_ratio_AN RICE CRACKER SEAWEED 111.3G_T6_1,0.358316
CG_LT,6,,MM DA NANG,MM AN PHU,AN RICE CRACKER SEAWEED 111.3G,108.906395,0.6,2.0,67.343837,PRICED_E1_shortage_ratio_AN RICE CRACKER SEAWEED 111.3G_T6_2,1.0
CG_LT,6,,MM DA NANG,MM BINH PHU,AN RICE CRACKER SEAWEED 111.3G,39.909125,0.6,2.0,25.945475,PRICED_E1_shortage_ratio_AN RICE CRACKER SEAWEED 111.3G_T6_2,1.0
CG_LT,70,,MM BINH PHU,MM AN PHU,AN RICE CRACKER SEAWEED 111.3G,172.12354,0.6,2.0,105.274124,PRICED_E1_shortage_ratio_AN RICE CRACKER SEAWEED 111.3G_T70_1,1.0
CG_LT,70,,MM HIEP PHU,MM AN PHU,AN RICE CRACKER SEAWEED 111.3G,66.85246,0.6,0.776796,40.888272,PRICED_E1_shortage_ratio_AN RICE CRACKER SEAWEED 111.3G_T70_2,0.388398
CG_LT,71,,MM BINH PHU,MM AN PHU,AN RICE CRACKER SEAWEED 111.3G,210.06353,0.6,2.0,128.038118,PRICED_E1_shortage_ratio_AN RICE CRACKER SEAWEED 111.3G_T71_1,1.0
CG_LT,71,,MM HIEP PHU,MM AN PHU,AN RICE CRACKER SEAWEED 111.3G,53.88527,0.6,0.513038,32.8442,PRICED_E1_shortage_ratio_AN RICE CRACKER SEAWEED 111.3G_T71_2,0.256519
CG_LT,72,,MM BINH PHU,MM AN PHU,AN RICE CRACKER SEAWEED 111.3G,46.58311,0.6,0.919226,28.869092,PRICED_E1_shortage_ratio_AN RICE CRACKER SEAWEED 111.3G_T72_1,0.459613
CG_LT,72,,MM HIEP PHU,MM AN PHU,AN RICE CRACKER SEAWEED 111.3G,101.35289,0.6,2.0,62.811734,PRICED_E1_shortage_ratio_AN RICE CRACKER SEAWEED 111.3G_T72_2,1.0
CG_LT,73,,MM BINH PHU,MM AN PHU,AN RICE CRACKER SEAWEED 111.3G,48.614271,0.6,1.402311,30.570873,PRICED_E1_shortage_ratio_AN RICE CRACKER SEAWEED 111.3G_T73_1,0.701155
CG_LT,73,,MM HIEP PHU,MM AN PHU,AN RICE CRACKER SEAWEED 111.3G,69.334529,0.6,2.0,43.600717,PRICED_E1_shortage_ratio_AN RICE CRACKER SEAWEED 111.3G_T73_2,1.0
CG_LT,74,,MM BINH PHU,MM AN PHU,AN RICE CRACKER SEAWEED 111.3G,32.270904,0.6,2.0,21.362542,PRICED_E1_shortage_ratio_AN RICE CRACKER SEAWEED 111.3G_T74_1,1.0
CG_LT,74,,MM HIEP PHU,MM AN PHU,AN RICE CRACKER SEAWEED 111.3G,32.270904,0.6,2.0,21.362542,PRICED_E1_shortage_ratio_AN RICE CRACKER SEAWEED 111.3G_T74_2,1.0
CG_LT,74,,MM BINH PHU,MM AN PHU,AN RICE CRACKER SEAWEED 111.3G,2.491703,0.6,0.520828,2.015849,PRICED_E1_shortage_ratio_AN RICE CRACKER SEAWEED 111.3G_T74_3,0.260414
CG_LT,74,,MM DA NANG,MM AN PHU,AN RICE CRACKER SEAWEED 111.3G,5.91209,0.6,0.520828,4.068082,PRICED_E1_shortage_ratio_AN RICE CRACKER SEAWEED 111.3G_T74_3,0.260414
CG_LT,76,,MM AN PHU,MM DA NANG,AN RICE CRACKER SEAWEED 111.3G,16.077472,0.6,2.0,11.646483,PRICED_E1_shortage_ratio_AN RICE CRACKER SEAWEED 111.3G_T76_1,1.0
CG_LT,76,,MM BINH PHU,MM DA NANG,AN RICE CRACKER SEAWEED 111.3G,16.077472,0.6,2.0,11.646483,PRICED_E1_shortage_ratio_AN RICE CRACKER SEAWEED 111.3G_T76_2,1.0
CG_LT,76,,MM HIEP PHU,MM DA NANG,AN RICE CRACKER SEAWEED 111.3G,16.077472,0.6,2.0,11.646483,PRICED_E1_shortage_ratio_AN RICE CRACKER SEAWEED 111.3G_T76_3,1.0
CG_LT,77,,MM AN PHU,MM DA NANG,AN RICE CRACKER SEAWEED 111.3G,37.660754,0.6,2.0,24.596452,PRICED_E1_shortage_ratio_AN RICE CRACKER SEAWEED 111.3G_T77_1,1.0
CG_LT,77,,MM BINH PHU,MM DA NANG,AN RICE CRACKER SEAWEED 111.3G,18.556573,0.6,0.985459,12.119403,PRICED_E1_shortage_ratio_AN RICE CRACKER SEAWEED 111.3G_T77_2,0.49273
CG_LT,77,,MM HIEP PHU,MM DA NANG,AN RICE CRACKER SEAWEED 111.3G,37.660754,0.6,2.0,24.596452,PRICED_E1_shortage_ratio_AN RICE CRACKER SEAWEED 111.3G_T77_3,1.0
CG_LT,78,,MM AN PHU,MM DA NANG,AN RICE CRACKER SEAWEED 111.3G,64.634268,0.6,2.0,40.780561,PRICED_E1_shortage_ratio_AN RICE CRACKER SEAWEED 111.3G_T78_1,1.0
CG_LT,78,,MM BINH PHU,MM DA NANG,AN RICE CRACKER SEAWEED 111.3G,45.182052,0.6,1.398084,28.507315,PRICED_E1_shortage_ratio_AN RICE CRACKER SEAWEED 111.3G_T78_2,0.699042
CG_LT,79,,MM AN PHU,MM DA NANG,AN RICE CRACKER SEAWEED 111.3G,81.969962,0.6,2.0,51.181977,PRICED_E1_shortage_ratio_AN RICE CRACKER SEAWEED 111.3G_T79_1,1.0
CG_LT,79,,MM HIEP PHU,MM DA NANG,AN RICE CRACKER SEAWEED 111.3G,38.790678,0.6,0.946461,24.220867,PRICED_E1_shortage_ratio_AN RICE CRACKER SEAWEED 111.3G_T79_3,0.47323
CG_LT,7,,MM DA NANG,MM AN PHU,AN RICE CRACKER SEAWEED 111.3G,155.551834,0.6,2.0,95.3311,PRICED_E1_shortage_ratio_AN RICE CRACKER SEAWEED 111.3G_T7_1,1.0
CG_LT,7,,MM DA NANG,MM AN PHU,AN RICE CRACKER SEAWEED 111.3G,37.214958,0.6,0.775934,23.104909,PRICED_E1_shortage_ratio_AN RICE CRACKER SEAWEED 111.3G_T7_2,0.387967
CG_LT,7,,MM DA NANG,MM BINH PHU,AN RICE CRACKER SEAWEED 111.3G,7.348424,0.6,0.775934,5.184989,PRICED_E1_shortage_ratio_AN RICE CRACKER SEAWEED 111.3G_T7_2,0.387967
CG_LT,7,,MM DA NANG,MM HIEP PHU,AN RICE CRACKER SEAWEED 111.3G,15.785629,0.6,0.775934,10.247312,PRICED_E1_shortage_ratio_AN RICE CRACKER SEAWEED 111.3G_T7_2,0.387967
CG_LT,7,,MM DA NANG,MM AN PHU,AN RICE CRACKER SEAWEED 111.3G,20.105208,0.6,0.294342,12.357467,PRICED_E1_shortage_ratio_AN RICE CRACKER SEAWEED 111.3G_T7_3,0.147171
CG_LT,7,,MM DA NANG,MM BINH PHU,AN RICE CRACKER SEAWEED 111.3G,2.787547,0.6,0.294342,1.96687,PRICED_E1_shortage_ratio_AN RICE CRACKER SEAWEED 111.3G_T7_3,0.147171
CG_LT,80,,MM BINH PHU,MM DA NANG,AN RICE CRACKER SEAWEED 111.3G,0.413698,0.6,2.0,2.248219,PRICED_E1_shortage_ratio_AN RICE CRACKER SEAWEED 111.3G_T80_3,1.0
CG_LT,81,,MM BINH PHU,MM AN PHU,AN RICE CRACKER SEAWEED 111.3G,5.8176,0.6,2.0,5.49056,PRICED_E1_shortage_ratio_AN RICE CRACKER SEAWEED 111.3G_T81_1,1.0
CG_LT,83,,MM BINH PHU,MM AN PHU,AN RICE CRACKER SEAWEED 111.3G,33.087511,0.6,1.992959,21.845465,PRICED_E1_shortage_ratio_AN RICE CRACKER SEAWEED 111.3G_T83_4,0.996479
CG_LT,83,,MM BINH PHU,MM DA NANG,AN RICE CRACKER SEAWEED 111.3G,13.493388,0.6,1.992959,10.088992,PRICED_E1_shortage_ratio_AN RICE CRACKER SEAWEED 111.3G_T83_4,0.996479
CG_LT,84,,MM BINH PHU,MM AN PHU,AN RICE CRACKER SEAWEED 111.3G,35.676671,0.6,1.127921,22.533924,PRICED_E1_shortage_ratio_AN RICE CRACKER SEAWEED 111.3G_T84_1,0.563961
CG_LT,84,,MM HIEP PHU,MM AN PHU,AN RICE CRACKER SEAWEED 111.3G,63.260929,0.6,2.0,39.956558,PRICED_E1_shortage_ratio_AN RICE CRACKER SEAWEED 111.3G_T84_2,1.0
CG_LT,85,,MM BINH PHU,MM AN PHU,AN RICE CRACKER SEAWEED 111.3G,45.844667,0.6,1.290873,28.797673,PRICED_E1_shortage_ratio_AN RICE CRACKER SEAWEED 111.3G_T85_1,0.645437
CG_LT,85,,MM HIEP PHU,MM AN PHU,AN RICE CRACKER SEAWEED 111.3G,71.028933,0.6,2.0,44.61736,PRICED_E1_shortage_ratio_AN RICE CRACKER SEAWEED 111.3G_T85_2,1.0
CG_LT,86,,MM BINH PHU,MM AN PHU,AN RICE CRACKER SEAWEED 111.3G,35.415842,0.6,0.54353,21.793035,PRICED_E1_shortage_ratio_AN RICE CRACKER SEAWEED 111.3G_T86_1,0.271765
CG_LT,86,,MM HIEP PHU,MM AN PHU,AN RICE CRACKER SEAWEED 111.3G,130.317918,0.6,2.0,80.190751,PRICED_E1_shortage_ratio_AN RICE CRACKER SEAWEED 111.3G_T86_2,1.0
CG_LT,87,,MM HIEP PHU,MM AN PHU,AN RICE CRACKER SEAWEED 111.3G,213.537105,0.6,2.0,130.122263,PRICED_E1_shortage_ratio_AN RICE CRACKER SEAWEED 111.3G_T87_1,1.0
CG_LT,87,,MM BINH PHU,MM AN PHU,AN RICE CRACKER SEAWEED 111.3G,42.29924,0.6,0.423809,25.803353,PRICED_E1_shortage_ratio_AN RICE CRACKER SEAWEED 111.3G_T87_2,0.211904
CG_LT,87,,MM DA NANG,MM AN PHU,AN RICE CRACKER SEAWEED 111.3G,2.950215,0.6,0.423809,2.193938,PRICED_E1_shortage_ratio_AN RICE CRACKER SEAWEED 111.3G_T87_2,0.211904
CG_LT,88,,MM BINH PHU,MM AN PHU,AN RICE CRACKER SEAWEED 111.3G,15.666548,0.6,0.154153,9.554082,PRICED_E1_shortage_ratio_AN RICE CRACKER SEAWEED 111.3G_T88_1,0.077076
CG_LT,88,,MM HIEP PHU,MM AN PHU,AN RICE CRACKER SEAWEED 111.3G,203.259852,0.6,2.0,123.955911,PRICED_E1_shortage_ratio_AN RICE CRACKER SEAWEED 111.3G_T88_2,1.0
CG_LT,89,,MM BINH PHU,MM AN PHU,AN RICE CRACKER SEAWEED 111.3G,5.753536,0.6,0.224863,3.676985,PRICED_E1_shortage_ratio_AN RICE CRACKER SEAWEED 111.3G_T89_4,0.112432
CG_LT,89,,MM HIEP PHU,MM DA NANG,AN RICE CRACKER SEAWEED 111.3G,21.358876,0.6,0.224863,13.040189,PRICED_E1_shortage_ratio_AN RICE CRACKER SEAWEED 111.3G_T89_4,0.112432
CG_LT,8,,MM DA NANG,MM AN PHU,AN RICE CRACKER SEAWEED 111.3G,204.088598,0.6,2.0,124.453159,PRICED_E1_shortage_ratio_AN RICE CRACKER SEAWEED 111.3G_T8_1,1.0
CG_LT,8,,MM DA NANG,MM AN PHU,AN RICE CRACKER SEAWEED 111.3G,28.676447,0.6,0.339423,17.545291,PRICED_E1_shortage_ratio_AN RICE CRACKER SEAWEED 111.3G_T8_3,0.169712
CG_LT,8,,MM DA NANG,MM BINH PHU,AN RICE CRACKER SEAWEED 111.3G,5.959755,0.6,0.339423,3.915276,PRICED_E1_shortage_ratio_AN RICE CRACKER SEAWEED 111.3G_T8_3,0.169712
CG_LT,90,,MM BINH PHU,MM AN PHU,AN RICE CRACKER SEAWEED 111.3G,35.658837,0.6,2.0,23.395302,PRICED_E1_shortage_ratio_AN RICE CRACKER SEAWEED 111.3G_T90_1,1.0
CG_LT,90,,MM HIEP PHU,MM DA NANG,AN RICE CRACKER SEAWEED 111.3G,383.864948,0.6,2.0,232.318969,PRICED_E1_shortage_ratio_AN RICE CRACKER SEAWEED 111.3G_T90_1,1.0
CG_LT,91,,MM BINH PHU,MM DA NANG,AN RICE CRACKER SEAWEED 111.3G,187.155854,0.6,2.0,114.293512,PRICED_E1_shortage_ratio_AN RICE CRACKER SEAWEED 111.3G_T91_4,1.0
CG_LT,91,,MM HIEP PHU,MM AN PHU,AN RICE CRACKER SEAWEED 111.3G,96.555807,0.6,2.0,59.933484,PRICED_E1_shortage_ratio_AN RICE CRACKER SEAWEED 111.3G_T91_4,1.0
CG_LT,92,,MM BINH PHU,MM AN PHU,AN RICE CRACKER SEAWEED 111.3G,131.932351,0.6,2.0,81.15941,PRICED_E1_shortage_ratio_AN RICE CRACKER SEAWEED 111.3G_T92_1,1.0
CG_LT,92,,MM HIEP PHU,MM AN PHU,AN RICE CRACKER SEAWEED 111.3G,16.974001,0.6,0.257314,10.441714,PRICED_E1_shortage_ratio_AN RICE CRACKER SEAWEED 111.3G_T92_2,0.128657
CG_LT,93,,MM BINH PHU,MM DA NANG,AN RICE CRACKER SEAWEED 111.3G,1.387005,0.6,0.131711,0.963914,PRICED_E1_shortage_ratio_AN RICE CRACKER SEAWEED 111.3G_T93_2,0.065856
CG_LT,93,,MM HIEP PHU,MM AN PHU,AN RICE CRACKER SEAWEED 111.3G,12.55042,0.6,0.131711,7.661963,PRICED_E1_shortage_ratio_AN RICE CRACKER SEAWEED 111.3G_T93_2,0.065856
CG_LT,93,,MM BINH PHU,MM AN PHU,AN RICE CRACKER SEAWEED 111.3G,190.574881,0.6,2.0,116.344929,PRICED_E1_shortage_ratio_AN RICE CRACKER SEAWEED 111.3G_T93_4,1.0
CG_LT,93,,MM HIEP PHU,MM DA NANG,AN RICE CRACKER SEAWEED 111.3G,21.061314,0.6,2.0,14.636788,PRICED_E1_shortage_ratio_AN RICE CRACKER SEAWEED 111.3G_T93_4,1.0
CG_LT,94,,MM BINH PHU,MM AN PHU,AN RICE CRACKER SEAWEED 111.3G,162.784658,0.6,2.0,99.670795,PRICED_E1_shortage_ratio_AN RICE CRACKER SEAWEED 111.3G_T94_4,1.0
CG_LT,94,,MM HIEP PHU,MM DA NANG,AN RICE CRACKER SEAWEED 111.3G,29.739125,0.6,2.0,19.843475,PRICED_E1_shortage_ratio_AN RICE CRACKER SEAWEED 111.3G_T94_4,1.0
CG_LT,95,,MM BINH PHU,MM AN PHU,AN RICE CRACKER SEAWEED 111.3G,21.86855,0.6,0.65767,13.7788,PRICED_E1_shortage_ratio_AN RICE CRACKER SEAWEED 111.3G_T95_2,0.328835
CG_LT,95,,MM HIEP PHU,MM DA NANG,AN RICE CRACKER SEAWEED 111.3G,26.938837,0.6,0.65767,16.820972,PRICED_E1_shortage_ratio_AN RICE CRACKER SEAWEED 111.3G_T95_2,0.328835
CG_LT,95,,MM BINH PHU,MM DA NANG,AN RICE CRACKER SEAWEED 111.3G,81.922088,0.6,2.0,51.153253,PRICED_E1_shortage_ratio_AN RICE CRACKER SEAWEED 111.3G_T95_4,1.0
CG_LT,95,,MM HIEP PHU,MM AN PHU,AN RICE CRACKER SEAWEED 111.3G,66.503141,0.6,2.0,41.901885,PRICED_E1_shortage_ratio_AN RICE CRACKER SEAWEED 111.3G_T95_4,1.0
CG_LT,96,,MM BINH PHU,MM AN PHU,AN RICE CRACKER SEAWEED 111.3G,10.404814,0.6,0.262919,6.505807,PRICED_E1_shortage_ratio_AN RICE CRACKER SEAWEED 111.3G_T96_2,0.13146
CG_LT,96,,MM HIEP PHU,MM DA NANG,AN RICE CRACKER SEAWEED 111.3G,29.724232,0.6,0.262919,18.097458,PRICED_E1_shortage_ratio_AN RICE CRACKER SEAWEED 111.3G_T96_2,0.13146
CG_LT,96,,MM BINH PHU,MM DA NANG,AN RICE CRACKER SEAWEED 111.3G,226.109368,0.6,2.0,137.665621,PRICED_E1_shortage_ratio_AN RICE CRACKER SEAWEED 111.3G_T96_4,1.0
CG_LT,96,,MM HIEP PHU,MM AN PHU,AN RICE CRACKER SEAWEED 111.3G,79.148415,0.6,2.0,49.489049,PRICED_E1_shortage_ratio_AN RICE CRACKER SEAWEED 111.3G_T96_4,1.0
CG_LT,97,,MM BINH PHU,MM AN PHU,AN RICE CRACKER SEAWEED 111.3G,36.064829,0.6,0.300958,21.939856,PRICED_E1_shortage_ratio_AN RICE CRACKER SEAWEED 111.3G_T97_4,0.150479
CG_LT,97,,MM HIEP PHU,MM DA NANG,AN RICE CRACKER SEAWEED 111.3G,31.505742,0.6,0.300958,19.204404,PRICED_E1_shortage_ratio_AN RICE CRACKER SEAWEED 111.3G_T97_4,0.150479
CG_LT,98,,MM BINH PHU,MM DA NANG,AN RICE CRACKER SEAWEED 111.3G,33.575224,0.6,2.0,22.145134,PRICED_E1_shortage_ratio_AN RICE CRACKER SEAWEED 111.3G_T98_1,1.0
CG_LT,98,,MM HIEP PHU,MM AN PHU,AN RICE CRACKER SEAWEED 111.3G,257.889001,0.6,2.0,156.7334,PRICED_E1_shortage_ratio_AN RICE CRACKER SEAWEED 111.3G_T98_1,1.0
CG_LT,99,,MM BINH PHU,MM AN PHU,AN RICE CRACKER SEAWEED 111.3G,12.209537,0.6,0.103895,7.429617,PRICED_E1_shortage_ratio_AN RICE CRACKER SEAWEED 111.3G_T99_4,0.051948
CG_LT,99,,MM HIEP PHU,MM DA NANG,AN RICE CRACKER SEAWEED 111.3G,4.019619,0.6,0.103895,2.515667,PRICED_E1_shortage_ratio_AN RICE CRACKER SEAWEED 111.3G_T99_4,0.051948
CG_LT,9,,MM DA NANG,MM AN PHU,AN RICE CRACKER SEAWEED 111.3G,190.909912,0.6,2.0,116.545947,PRICED_E1_shortage_ratio_AN RICE CRACKER SEAWEED 111.3G_T9_1,1.0
CG_LT,9,,MM DA NANG,MM AN PHU,AN RICE CRACKER SEAWEED 111.3G,34.172119,0.6,0.500128,21.003399,PRICED_E1_shortage_ratio_AN RICE CRACKER SEAWEED 111.3G_T9_3,0.250064
CG_LT,9,,MM DA NANG,MM BINH PHU,AN RICE CRACKER SEAWEED 111.3G,13.56757,0.6,0.500128,8.64067,PRICED_E1_shortage_ratio_AN RICE CRACKER SEAWEED 111.3G_T9_3,0.250064
CG_LT,100,,MM BINH PHU,MM AN PHU,OREO VANILLA 110.4/105G,240.295521,0.6,2.0,146.177313,PRICED_E1_shortage_ratio_OREO VANILLA 110.4/105G_T100_1,1.0
CG_LT,100,,MM BINH PHU,MM DA NANG,OREO VANILLA 110.4/105G,52.963085,0.6,2.0,33.777851,PRICED_E1_shortage_ratio_OREO VANILLA 110.4/105G_T100_1,1.0
CG_LT,100,,MM BINH PHU,MM DA NANG,OREO VANILLA 110.4/105G,2.030452,0.6,0.076674,1.294945,PRICED_E1_shortage_ratio_OREO VANILLA 110.4/105G_T100_2,0.038337
CG_LT,100,,MM HIEP PHU,MM AN PHU,OREO VANILLA 110.4/105G,9.212236,0.6,0.076674,5.604016,PRICED_E1_shortage_ratio_OREO VANILLA 110.4/105G_T100_2,0.038337
CG_LT,101,,MM BINH PHU,MM AN PHU,OREO VANILLA 110.4/105G,267.064722,0.6,2.0,162.238833,PRICED_E1_shortage_ratio_OREO VANILLA 110.4/105G_T101_1,1.0
CG_LT,101,,MM BINH PHU,MM DA NANG,OREO VANILLA 110.4/105G,22.383417,0.6,2.0,15.43005,PRICED_E1_shortage_ratio_OREO VANILLA 110.4/105G_T101_1,1.0
CG_LT,101,,MM BINH PHU,MM AN PHU,OREO VANILLA 110.4/105G,26.855278,0.6,0.201114,16.314281,PRICED_E1_shortage_ratio_OREO VANILLA 110.4/105G_T101_4,0.100557
CG_LT,101,,MM HIEP PHU,MM DA NANG,OREO VANILLA 110.4/105G,2.250813,0.6,0.201114,1.551602,PRICED_E1_shortage_ratio_OREO VANILLA 110.4/105G_T101_4,0.100557
CG_LT,102,,MM BINH PHU,MM AN PHU,OREO VANILLA 110.4/105G,192.851633,0.6,2.0,117.71098,PRICED_E1_shortage_ratio_OREO VANILLA 110.4/105G_T102_1,1.0
CG_LT,102,,MM BINH PHU,MM DA NANG,OREO VANILLA 110.4/105G,63.108255,0.6,2.0,39.864953,PRICED_E1_shortage_ratio_OREO VANILLA 110.4/105G_T102_1,1.0
CG_LT,102,,MM BINH PHU,MM DA NANG,OREO VANILLA 110.4/105G,5.946296,0.6,0.188447,3.756225,PRICED_E1_shortage_ratio_OREO VANILLA 110.4/105G_T102_2,0.094224
CG_LT,102,,MM HIEP PHU,MM AN PHU,OREO VANILLA 110.4/105G,18.171204,0.6,0.188447,11.09117,PRICED_E1_shortage_ratio_OREO VANILLA 110.4/105G_T102_2,0.094224
CG_LT,103,,MM BINH PHU,MM DA NANG,OREO VANILLA 110.4/105G,64.650262,0.6,2.0,40.790157,PRICED_E1_shortage_ratio_OREO VANILLA 110.4/105G_T103_2,1.0
CG_LT,103,,MM HIEP PHU,MM AN PHU,OREO VANILLA 110.4/105G,72.205217,0.6,2.0,45.32313,PRICED_E1_shortage_ratio_OREO VANILLA 110.4/105G_T103_2,1.0
CG_LT,103,,MM BINH PHU,MM AN PHU,OREO VANILLA 110.4/105G,32.027322,0.6,0.887119,20.103512,PRICED_E1_shortage_ratio_OREO VANILLA 110.4/105G_T103_4,0.44356
CG_LT,103,,MM HIEP PHU,MM DA NANG,OREO VANILLA 110.4/105G,28.676248,0.6,0.887119,18.092868,PRICED_E1_shortage_ratio_OREO VANILLA 110.4/105G_T103_4,0.44356
CG_LT,104,,MM BINH PHU,MM AN PHU,OREO VANILLA 110.4/105G,252.833745,0.6,2.0,153.700247,PRICED_E1_shortage_ratio_OREO VANILLA 110.4/105G_T104_1,1.0
CG_LT,104,,MM HIEP PHU,MM AN PHU,OREO VANILLA 110.4/105G,21.420899,0.6,0.169447,13.021986,PRICED_E1_shortage_ratio_OREO VANILLA 110.4/105G_T104_2,0.084723
CG_LT,105,,MM BINH PHU,MM DA NANG,OREO VANILLA 110.4/105G,0.458282,0.6,0.044446,0.319415,PRICED_E1_shortage_ratio_OREO VANILLA 110.4/105G_T105_2,0.022223
CG_LT,105,,MM HIEP PHU,MM AN PHU,OREO VANILLA 110.4/105G,8.270907,0.6,0.044446,5.00699,PRICED_E1_shortage_ratio_OREO VANILLA 110.4/105G_T105_2,0.022223
CG_LT,105,,MM BINH PHU,MM AN PHU,OREO VANILLA 110.4/105G,372.179937,0.6,2.0,225.307962,PRICED_E1_shortage_ratio_OREO VANILLA 110.4/105G_T105_4,1.0
CG_LT,105,,MM HIEP PHU,MM DA NANG,OREO VANILLA 110.4/105G,20.622068,0.6,2.0,14.373241,PRICED_E1_shortage_ratio_OREO VANILLA 110.4/105G_T105_4,1.0
CG_LT,106,,MM BINH PHU,MM AN PHU,OREO VANILLA 110.4/105G,220.881388,0.6,2.0,134.528833,PRICED_E1_shortage_ratio_OREO VANILLA 110.4/105G_T106_1,1.0
CG_LT,106,,MM BINH PHU,MM DA NANG,OREO VANILLA 110.4/105G,28.11385,0.6,2.0,18.86831,PRICED_E1_shortage_ratio_OREO VANILLA 110.4/105G_T106_1,1.0
CG_LT,106,,MM BINH PHU,MM DA NANG,OREO VANILLA 110.4/105G,4.332037,0.6,0.308178,2.907401,PRICED_E1_shortage_ratio_OREO VANILLA 110.4/105G_T106_2,0.154089
CG_LT,106,,MM HIEP PHU,MM AN PHU,OREO VANILLA 110.4/105G,34.035412,0.6,0.308178,20.729425,PRICED_E1_shortage_ratio_OREO VANILLA 110.4/105G_T106_2,0.154089
CG_LT,107,,MM BINH PHU,MM DA NANG,OREO VANILLA 110.4/105G,50.802954,0.6,2.0,32.481773,PRICED_E1_shortage_ratio_OREO VANILLA 110.4/105G_T107_2,1.0
CG_LT,107,,MM HIEP PHU,MM AN PHU,OREO VANILLA 110.4/105G,171.969843,0.6,2.0,105.181906,PRICED_E1_shortage_ratio_OREO VANILLA 110.4/105G_T107_2,1.0
CG_LT,107,,MM BINH PHU,MM AN PHU,OREO VANILLA 110.4/105G,22.910157,0.6,0.266444,14.012538,PRICED_E1_shortage_ratio_OREO VANILLA 110.4/105G_T107_4,0.133222
CG_LT,107,,MM HIEP PHU,MM DA NANG,OREO VANILLA 110.4/105G,6.768068,0.6,0.266444,4.327285,PRICED_E1_shortage_ratio_OREO VANILLA 110.4/105G_T107_4,0.133222
CG_LT,108,,MM BINH PHU,MM AN PHU,OREO VANILLA 110.4/105G,311.076678,0.6,2.0,188.646007,PRICED_E1_shortage_ratio_OREO VANILLA 110.4/105G_T108_1,1.0
CG_LT,108,,MM BINH PHU,MM DA NANG,OREO VANILLA 110.4/105G,46.87472,0.6,2.0,30.124832,PRICED_E1_shortage_ratio_OREO VANILLA 110.4/105G_T108_1,1.0
CG_LT,108,,MM BINH PHU,MM AN PHU,OREO VANILLA 110.4/105G,20.62438,0.6,0.1326,12.507228,PRICED_E1_shortage_ratio_OREO VANILLA 110.4/105G_T108_4,0.0663
CG_LT,108,,MM HIEP PHU,MM DA NANG,OREO VANILLA 110.4/105G,3.107793,0.6,0.1326,1.997276,PRICED_E1_shortage_ratio_OREO VANILLA 110.4/105G_T108_4,0.0663
CG_LT,109,,MM BINH PHU,MM AN PHU,OREO VANILLA 110.4/105G,322.096632,0.6,2.0,195.257979,PRICED_E1_shortage_ratio_OREO VANILLA 110.4/105G_T109_1,1.0
CG_LT,109,,MM HIEP PHU,MM AN PHU,OREO VANILLA 110.4/105G,8.371509,0.6,0.051981,5.074887,PRICED_E1_shortage_ratio_OREO VANILLA 110.4/105G_T109_2,0.025991
CG_LT,10,,MM DA NANG,MM AN PHU,OREO VANILLA 110.4/105G,66.109154,0.6,2.0,41.665492,PRICED_E1_shortage_ratio_OREO VANILLA 110.4/105G_T10_1,1.0
CG_LT,10,,MM HIEP PHU,MM AN PHU,OREO VANILLA 110.4/105G,47.032504,0.6,2.0,30.219502,PRICED_E1_shortage_ratio_OREO VANILLA 110.4/105G_T10_1,1.0
CG_LT,110,,MM BINH PHU,MM AN PHU,OREO VANILLA 110.4/105G,135.235817,0.6,2.0,83.14149,PRICED_E1_shortage_ratio_OREO VANILLA 110.4/105G_T110_1,1.0
CG_LT,110,,MM HIEP PHU,MM AN PHU,OREO VANILLA 110.4/105G,23.505684,0.6,0.347625,14.451036,PRICED_E1_shortage_ratio_OREO VANILLA 110.4/105G_T110_2,0.173813
CG_LT,111,,MM BINH PHU,MM AN PHU,OREO VANILLA 110.4/105G,30.993657,0.6,2.0,20.596194,PRICED_E1_shortage_ratio_OREO VANILLA 110.4/105G_T111_1,1.0
CG_LT,111,,MM HIEP PHU,MM AN PHU,OREO VANILLA 110.4/105G,30.993657,0.6,2.0,20.596194,PRICED_E1_shortage_ratio_OREO VANILLA 110.4/105G_T111_2,1.0
CG_LT,113,,MM BINH PHU,MM DA NANG,OREO VANILLA 110.4/105G,1.285325,0.6,0.527859,1.299054,PRICED_E1_shortage_ratio_OREO VANILLA 110.4/105G_T113_2,0.26393
CG_LT,113,,MM HIEP PHU,MM AN PHU,OREO VANILLA 110.4/105G,18.242373,0.6,0.527859,11.473283,PRICED_E1_shortage_ratio_OREO VANILLA 110.4/105G_T113_2,0.26393
CG_LT,113,,MM BINH PHU,MM AN PHU,OREO VANILLA 110.4/105G,69.11829,0.6,2.0,43.470974,PRICED_E1_shortage_ratio_OREO VANILLA 110.4/105G_T113_4,1.0
CG_LT,113,,MM HIEP PHU,MM DA NANG,OREO VANILLA 110.4/105G,4.869951,0.6,2.0,4.921971,PRICED_E1_shortage_ratio_OREO VANILLA 110.4/105G_T113_4,1.0
CG_LT,114,,MM BINH PHU,MM AN PHU,OREO VANILLA 110.4/105G,0.806162,0.6,0.043158,0.526855,PRICED_E1_shortage_ratio_OREO VANILLA 110.4/105G_T114_1,0.021579
CG_LT,114,,MM HIEP PHU,MM AN PHU,OREO VANILLA 110.4/105G,37.358514,0.6,2.0,24.415108,PRICED_E1_shortage_ratio_OREO VANILLA 110.4/105G_T114_2,1.0
CG_LT,115,,MM BINH PHU,MM AN PHU,OREO VANILLA 110.4/105G,53.965651,0.6,2.0,34.37939,PRICED_E1_shortage_ratio_OREO VANILLA 110.4/105G_T115_1,1.0
CG_LT,115,,MM HIEP PHU,MM AN PHU,OREO VANILLA 110.4/105G,18.655291,0.6,0.691376,11.884551,PRICED_E1_shortage_ratio_OREO VANILLA 110.4/105G_T115_2,0.345688
CG_LT,116,,MM BINH PHU,MM AN PHU,OREO VANILLA 110.4/105G,871.852191,0.6,2.0,525.111315,PRICED_E1_shortage_ratio_OREO VANILLA 110.4/105G_T116_1,1.0
CG_LT,116,,MM BINH PHU,MM AN PHU,OREO VANILLA 110.4/105G,42.00112,0.6,0.10802,25.308692,PRICED_E1_shortage_ratio_OREO VANILLA 110.4/105G_T116_3,0.05401
CG_LT,116,,MM DA NANG,MM AN PHU,OREO VANILLA 110.4/105G,5.087489,0.6,0.10802,3.160513,PRICED_E1_shortage_ratio_OREO VANILLA 110.4/105G_T116_3,0.05401
CG_LT,117,,MM BINH PHU,MM AN PHU,OREO VANILLA 110.4/105G,818.324291,0.6,2.0,492.994575,PRICED_E1_shortage_ratio_OREO VANILLA 110.4/105G_T117_1,1.0
CG_LT,117,,MM BINH PHU,MM AN PHU,OREO VANILLA 110.4/105G,82.264115,0.6,0.223928,49.582397,PRICED_E1_shortage_ratio_OREO VANILLA 110.4/105G_T117_3,0.111964
CG_LT,117,,MM DA NANG,MM AN PHU,OREO VANILLA 110.4/105G,9.358794,0.6,0.223928,5.839204,PRICED_E1_shortage_ratio_OREO VANILLA 110.4/105G_T117_3,0.111964
CG_LT,118,,MM BINH PHU,MM AN PHU,OREO VANILLA 110.4/105G,38.350679,0.6,2.0,25.010407,PRICED_E1_shortage_ratio_OREO VANILLA 110.4/105G_T118_1,1.0
CG_LT,118,,MM HIEP PHU,MM AN PHU,OREO VANILLA 110.4/105G,38.350679,0.6,2.0,25.010407,PRICED_E1_shortage_ratio_OREO VANILLA 110.4/105G_T118_2,1.0
CG_LT,118,,MM BINH PHU,MM AN PHU,OREO VANILLA 110.4/105G,11.273183,0.6,0.692193,7.456103,PRICED_E1_shortage_ratio_OREO VANILLA 110.4/105G_T118_3,0.346097
CG_LT,118,,MM DA NANG,MM AN PHU,OREO VANILLA 110.4/105G,1.999859,0.6,0.692193,1.892109,PRICED_E1_shortage_ratio_OREO VANILLA 110.4/105G_T118_3,0.346097
CG_LT,119,,MM BINH PHU,MM AN PHU,OREO VANILLA 110.4/105G,21.370815,0.6,2.0,14.822489,PRICED_E1_shortage_ratio_OREO VANILLA 110.4/105G_T119_1,1.0
CG_LT,119,,MM HIEP PHU,MM AN PHU,OREO VANILLA 110.4/105G,21.370815,0.6,2.0,14.822489,PRICED_E1_shortage_ratio_OREO VANILLA 110.4/105G_T119_2,1.0
CG_LT,11,,MM BINH PHU,MM AN PHU,OREO VANILLA 110.4/105G,114.03933,0.6,2.0,70.423598,PRICED_E1_shortage_ratio_OREO VANILLA 110.4/105G_T11_2,1.0
CG_LT,11,,MM DA NANG,MM AN PHU,OREO VANILLA 110.4/105G,59.70083,0.6,2.0,37.820498,PRICED_E1_shortage_ratio_OREO VANILLA 110.4/105G_T11_2,1.0
CG_LT,11,,MM HIEP PHU,MM AN PHU,OREO VANILLA 110.4/105G,24.524563,0.6,2.0,16.714738,PRICED_E1_shortage_ratio_OREO VANILLA 110.4/105G_T11_2,1.0
CG_LT,11,,MM BINH PHU,MM AN PHU,OREO VANILLA 110.4/105G,35.96067,0.6,0.522067,22.098469,PRICED_E1_shortage_ratio_OREO VANILLA 110.4/105G_T11_3,0.261034
CG_LT,11,,MM DA NANG,MM AN PHU,OREO VANILLA 110.4/105G,9.391376,0.6,0.522067,6.156893,PRICED_E1_shortage_ratio_OREO VANILLA 110.4/105G_T11_3,0.261034
CG_LT,11,,MM HIEP PHU,MM AN PHU,OREO VANILLA 110.4/105G,6.401739,0.6,0.522067,4.363111,PRICED_E1_shortage_ratio_OREO VANILLA 110.4/105G_T11_3,0.261034
CG_LT,120,,MM BINH PHU,MM AN PHU,OREO VANILLA 110.4/105G,39.360119,0.6,2.0,25.616071,PRICED_E1_shortage_ratio_OREO VANILLA 110.4/105G_T120_1,1.0
CG_LT,120,,MM HIEP PHU,MM AN PHU,OREO VANILLA 110.4/105G,39.360119,0.6,2.0,25.616071,PRICED_E1_shortage_ratio_OREO VANILLA 110.4/105G_T120_2,1.0
CG_LT,120,,MM BINH PHU,MM AN PHU,OREO VANILLA 110.4/105G,28.804577,0.6,1.485512,18.768258,PRICED_E1_shortage_ratio_OREO VANILLA 110.4/105G_T120_3,0.742756
CG_LT,120,,MM DA NANG,MM AN PHU,OREO VANILLA 110.4/105G,0.430385,0.6,1.485512,1.743743,PRICED_E1_shortage_ratio_OREO VANILLA 110.4/105G_T120_3,0.742756
CG_LT,121,,MM BINH PHU,MM AN PHU,OREO VANILLA 110.4/105G,17.831958,0.6,1.248596,11.94777,PRICED_E1_shortage_ratio_OREO VANILLA 110.4/105G_T121_1,0.624298
CG_LT,121,,MM DA NANG,MM AN PHU,OREO VANILLA 110.4/105G,28.563221,0.6,2.0,19.137933,PRICED_E1_shortage_ratio_OREO VANILLA 110.4/105G_T121_2,1.0
CG_LT,121,,MM HIEP PHU,MM AN PHU,OREO VANILLA 110.4/105G,28.563221,0.6,2.0,19.137933,PRICED_E1_shortage_ratio_OREO VANILLA 110.4/105G_T121_3,1.0
CG_LT,122,,MM BINH PHU,MM AN PHU,OREO VANILLA 110.4/105G,143.481771,0.6,2.0,88.089063,PRICED_E1_shortage_ratio_OREO VANILLA 110.4/105G_T122_1,1.0
CG_LT,122,,MM HIEP PHU,MM AN PHU,OREO VANILLA 110.4/105G,37.518229,0.6,0.522969,23.033906,PRICED_E1_shortage_ratio_OREO VANILLA 110.4/105G_T122_2,0.261484
CG_LT,123,,MM BINH PHU,MM AN PHU,OREO VANILLA 110.4/105G,319.939843,0.6,2.0,193.963906,PRICED_E1_shortage_ratio_OREO VANILLA 110.4/105G_T123_1,1.0
CG_LT,123,,MM BINH PHU,MM AN PHU,OREO VANILLA 110.4/105G,44.962143,0.6,0.319086,27.296372,PRICED_E1_shortage_ratio_OREO VANILLA 110.4/105G_T123_3,0.159543
CG_LT,123,,MM HIEP PHU,MM AN PHU,OREO VANILLA 110.4/105G,6.082015,0.6,0.319086,3.968295,PRICED_E1_shortage_ratio_OREO VANILLA 110.4/105G_T123_3,0.159543
CG_LT,124,,MM BINH PHU,MM AN PHU,OREO VANILLA 110.4/105G,178.399248,0.6,2.0,109.039549,PRICED_E1_shortage_ratio_OREO VANILLA 110.4/105G_T124_1,1.0
CG_LT,124,,MM HIEP PHU,MM AN PHU,OREO VANILLA 110.4/105G,52.571952,0.6,0.589374,32.132545,PRICED_E1_shortage_ratio_OREO VANILLA 110.4/105G_T124_2,0.294687
CG_LT,125,,MM BINH PHU,MM AN PHU,OREO VANILLA 110.4/105G,45.559595,0.6,2.0,29.335757,PRICED_E1_shortage_ratio_OREO VANILLA 110.4/105G_T125_1,1.0
CG_LT,125,,MM HIEP PHU,MM AN PHU,OREO VANILLA 110.4/105G,45.559595,0.6,2.0,29.335757,PRICED_E1_shortage_ratio_OREO VANILLA 110.4/105G_T125_2,1.0
CG_LT,125,,MM BINH PHU,MM AN PHU,OREO VANILLA 110.4/105G,5.254308,0.6,0.256263,3.408848,PRICED_E1_shortage_ratio_OREO VANILLA 110.4/105G_T125_3,0.128131
CG_LT,125,,MM DA NANG,MM AN PHU,OREO VANILLA 110.4/105G,0.583301,0.6,0.256263,0.606243,PRICED_E1_shortage_ratio_OREO VANILLA 110.4/105G_T125_3,0.128131
CG_LT,126,,MM BINH PHU,MM AN PHU,OREO VANILLA 110.4/105G,41.831355,0.6,0.994481,26.093293,PRICED_E1_shortage_ratio_OREO VANILLA 110.4/105G_T126_1,0.49724
CG_LT,126,,MM DA NANG,MM AN PHU,OREO VANILLA 110.4/105G,84.127045,0.6,2.0,52.476227,PRICED_E1_shortage_ratio_OREO VANILLA 110.4/105G_T126_2,1.0
CG_LT,127,,MM DA NANG,MM AN PHU,OREO VANILLA 110.4/105G,40.22744,0.6,1.224003,25.360467,PRICED_E1_shortage_ratio_OREO VANILLA 110.4/105G_T127_2,0.612001
CG_LT,127,,MM HIEP PHU,MM AN PHU,OREO VANILLA 110.4/105G,65.73096,0.6,2.0,41.438576,PRICED_E1_shortage_ratio_OREO VANILLA 110.4/105G_T127_3,1.0
CG_LT,128,,MM BINH PHU,MM AN PHU,OREO VANILLA 110.4/105G,46.939122,0.6,2.0,30.163473,PRICED_E1_shortage_ratio_OREO VANILLA 110.4/105G_T128_1,1.0
CG_LT,128,,MM DA NANG,MM AN PHU,OREO VANILLA 110.4/105G,41.003278,0.6,1.747083,26.34905,PRICED_E1_shortage_ratio_OREO VANILLA 110.4/105G_T128_2,0.873542
CG_LT,129,,MM BINH PHU,MM AN PHU,OREO VANILLA 110.4/105G,40.536207,0.6,0.408602,24.730326,PRICED_E1_shortage_ratio_OREO VANILLA 110.4/105G_T129_1,0.204301
CG_LT,129,,MM DA NANG,MM AN PHU,OREO VANILLA 110.4/105G,198.414193,0.6,2.0,121.048516,PRICED_E1_shortage_ratio_OREO VANILLA 110.4/105G_T129_2,1.0
CG_LT,12,,MM BINH PHU,MM AN PHU,OREO VANILLA 110.4/105G,104.989501,0.6,1.539193,64.532893,PRICED_E1_shortage_ratio_OREO VANILLA 110.4/105G_T12_1,0.769596
CG_LT,12,,MM BINH PHU,MM AN PHU,OREO VANILLA 110.4/105G,55.943299,0.6,1.392192,34.958172,PRICED_E1_shortage_ratio_OREO VANILLA 110.4/105G_T12_2,0.696096
CG_LT,12,,MM DA NANG,MM AN PHU,OREO VANILLA 110.4/105G,1.204546,0.6,1.392192,2.11492,PRICED_E1_shortage_ratio_OREO VANILLA 110.4/105G_T12_2,0.696096
CG_LT,12,,MM HIEP PHU,MM AN PHU,OREO VANILLA 110.4/105G,37.814654,0.6,1.392192,24.080985,PRICED_E1_shortage_ratio_OREO VANILLA 110.4/105G_T12_2,0.696096
CG_LT,130,,MM BINH PHU,MM AN PHU,OREO VANILLA 110.4/105G,382.170016,0.6,2.0,231.30201,PRICED_E1_shortage_ratio_OREO VANILLA 110.4/105G_T130_1,1.0
CG_LT,130,,MM DA NANG,MM AN PHU,OREO VANILLA 110.4/105G,9.234407,0.6,0.333462,5.874106,PRICED_E1_shortage_ratio_OREO VANILLA 110.4/105G_T130_2,0.166731
CG_LT,130,,MM HIEP PHU,MM AN PHU,OREO VANILLA 110.4/105G,54.485177,0.6,0.333462,33.024568,PRICED_E1_shortage_ratio_OREO VANILLA 110.4/105G_T130_2,0.166731
CG_LT,131,,MM BINH PHU,MM AN PHU,OREO VANILLA 110.4/105G,63.43418,0.6,0.532007,38.592515,PRICED_E1_shortage_ratio_OREO VANILLA 110.4/105G_T131_1,0.266003
CG_LT,131,,MM HIEP PHU,MM AN PHU,OREO VANILLA 110.4/105G,238.47142,0.6,2.0,145.082852,PRICED_E1_shortage_ratio_OREO VANILLA 110.4/105G_T131_2,1.0
CG_LT,132,,MM BINH PHU,MM AN PHU,OREO VANILLA 110.4/105G,37.932457,0.6,1.222737,23.982212,PRICED_E1_shortage_ratio_OREO VANILLA 110.4/105G_T132_1,0.611369
CG_LT,132,,MM HIEP PHU,MM AN PHU,OREO VANILLA 110.4/105G,62.045143,0.6,2.0,39.227086,PRICED_E1_shortage_ratio_OREO VANILLA 110.4/105G_T132_3,1.0
CG_LT,133,,MM BINH PHU,MM AN PHU,OREO VANILLA 110.4/105G,58.778088,0.6,1.804041,37.070894,PRICED_E1_shortage_ratio_OREO VANILLA 110.4/105G_T133_1,0.90202
CG_LT,133,,MM DA NANG,MM AN PHU,OREO VANILLA 110.4/105G,65.162712,0.6,2.0,41.097627,PRICED_E1_shortage_ratio_OREO VANILLA 110.4/105G_T133_2,1.0
CG_LT,134,,MM BINH PHU,MM AN PHU,OREO VANILLA 110.4/105G,56.088565,0.6,1.182791,34.83593,PRICED_E1_shortage_ratio_OREO VANILLA 110.4/105G_T134_1,0.591396
CG_LT,134,,MM DA NANG,MM AN PHU,OREO VANILLA 110.4/105G,94.841035,0.6,2.0,58.904621,PRICED_E1_shortage_ratio_OREO VANILLA 110.4/105G_T134_2,1.0
CG_LT,135,,MM BINH PHU,MM AN PHU,OREO VANILLA 110.4/105G,192.208505,0.6,2.0,117.325103,PRICED_E1_shortage_ratio_OREO VANILLA 110.4/105G_T135_1,1.0
CG_LT,135,,MM HIEP PHU,MM AN PHU,OREO VANILLA 110.4/105G,37.649095,0.6,0.391753,22.98121,PRICED_E1_shortage_ratio_OREO VANILLA 110.4/105G_T135_2,0.195876
CG_LT,136,,MM BINH PHU,MM AN PHU,OREO VANILLA 110.4/105G,233.238851,0.6,2.0,141.94331,PRICED_E1_shortage_ratio_OREO VANILLA 110.4/105G_T136_1,1.0
CG_LT,136,,MM HIEP PHU,MM AN PHU,OREO VANILLA 110.4/105G,62.546749,0.6,0.536332,38.064382,PRICED_E1_shortage_ratio_OREO VANILLA 110.4/105G_T136_2,0.268166
CG_LT,137,,MM DA NANG,MM AN PHU,OREO VANILLA 110.4/105G,30.487602,0.6,0.364265,18.656826,PRICED_E1_shortage_ratio_OREO VANILLA 110.4/105G_T137_2,0.182133
CG_LT,137,,MM HIEP PHU,MM AN PHU,OREO VANILLA 110.4/105G,167.392398,0.6,2.0,102.435439,PRICED_E1_shortage_ratio_OREO VANILLA 110.4/105G_T137_3,1.0
CG_LT,138,,MM BINH PHU,MM AN PHU,OREO VANILLA 110.4/105G,58.501962,0.6,1.815511,36.916688,PRICED_E1_shortage_ratio_OREO VANILLA 110.4/105G_T138_1,0.907755
CG_LT,138,,MM HIEP PHU,MM AN PHU,OREO VANILLA 110.4/105G,64.446838,0.6,2.0,40.668103,PRICED_E1_shortage_ratio_OREO VANILLA 110.4/105G_T138_2,1.0
CG_LT,139,,MM BINH PHU,MM AN PHU,OREO VANILLA 110.4/105G,66.863906,0.6,2.0,42.118344,PRICED_E1_shortage_ratio_OREO VANILLA 110.4/105G_T139_1,1.0
CG_LT,139,,MM DA NANG,MM AN PHU,OREO VANILLA 110.4/105G,24.217787,0.6,0.72439,15.255063,PRICED_E1_shortage_ratio_OREO VANILLA 110.4/105G_T139_2,0.362195
CG_LT,139,,MM HIEP PHU,MM AN PHU,OREO VANILLA 110.4/105G,66.863906,0.6,2.0,42.118344,PRICED_E1_shortage_ratio_OREO VANILLA 110.4/105G_T139_3,1.0
CG_LT,13,,MM BINH PHU,MM AN PHU,OREO VANILLA 110.4/105G,99.014661,0.6,2.0,61.408796,PRICED_E1_shortage_ratio_OREO VANILLA 110.4/105G_T13_1,1.0
CG_LT,13,,MM BINH PHU,MM AN PHU,OREO VANILLA 110.4/105G,13.25565,0.6,0.361961,8.315352,PRICED_E1_shortage_ratio_OREO VANILLA 110.4/105G_T13_3,0.180981
CG_LT,13,,MM DA NANG,MM AN PHU,OREO VANILLA 110.4/105G,4.664089,0.6,0.361961,3.160415,PRICED_E1_shortage_ratio_OREO VANILLA 110.4/105G_T13_3,0.180981
CG_LT,140,,MM BINH PHU,MM AN PHU,OREO VANILLA 110.4/105G,23.662774,0.6,0.40688,14.604545,PRICED_E1_shortage_ratio_OREO VANILLA 110.4/105G_T140_1,0.20344
CG_LT,140,,MM HIEP PHU,MM AN PHU,OREO VANILLA 110.4/105G,116.313226,0.6,2.0,71.787936,PRICED_E1_shortage_ratio_OREO VANILLA 110.4/105G_T140_2,1.0
CG_LT,141,,MM BINH PHU,MM AN PHU,OREO VANILLA 110.4/105G,98.127272,0.6,2.0,60.876363,PRICED_E1_shortage_ratio_OREO VANILLA 110.4/105G_T141_1,1.0
CG_LT,141,,MM HIEP PHU,MM AN PHU,OREO VANILLA 110.4/105G,17.848728,0.6,0.363787,11.073024,PRICED_E1_shortage_ratio_OREO VANILLA 110.4/105G_T141_2,0.181894
CG_LT,142,,MM BINH PHU,MM AN PHU,OREO VANILLA 110.4/105G,37.311072,0.6,0.505605,22.892248,PRICED_E1_shortage_ratio_OREO VANILLA 110.4/105G_T142_1,0.252803
CG_LT,142,,MM HIEP PHU,MM AN PHU,OREO VANILLA 110.4/105G,147.589728,0.6,2.0,90.553837,PRICED_E1_shortage_ratio_OREO VANILLA 110.4/105G_T142_2,1.0
CG_LT,143,,MM BINH PHU,MM AN PHU,OREO VANILLA 110.4/105G,71.968031,0.6,0.594911,43.775729,PRICED_E1_shortage_ratio_OREO VANILLA 110.4/105G_T143_1,0.297455
CG_LT,143,,MM HIEP PHU,MM AN PHU,OREO VANILLA 110.4/105G,241.945569,0.6,2.0,147.167342,PRICED_E1_shortage_ratio_OREO VANILLA 110.4/105G_T143_2,1.0
CG_LT,144,,MM BINH PHU,MM AN PHU,OREO VANILLA 110.4/105G,417.772435,0.6,2.0,252.663461,PRICED_E1_shortage_ratio_OREO VANILLA 110.4/105G_T144_1,1.0
CG_LT,144,,MM HIEP PHU,MM AN PHU,OREO VANILLA 110.4/105G,51.109165,0.6,0.244675,30.910173,PRICED_E1_shortage_ratio_OREO VANILLA 110.4/105G_T144_2,0.122337
CG_LT,145,,MM BINH PHU,MM AN PHU,OREO VANILLA 110.4/105G,38.890078,0.6,0.269133,23.60318,PRICED_E1_shortage_ratio_OREO VANILLA 110.4/105G_T145_1,0.134566
CG_LT,145,,MM HIEP PHU,MM AN PHU,OREO VANILLA 110.4/105G,289.002722,0.6,2.0,175.401633,PRICED_E1_shortage_ratio_OREO VANILLA 110.4/105G_T145_2,1.0
CG_LT,146,,MM BINH PHU,MM DA NANG,OREO VANILLA 110.4/105G,144.927264,0.6,2.0,88.956358,PRICED_E1_shortage_ratio_OREO VANILLA 110.4/105G_T146_2,1.0
CG_LT,146,,MM HIEP PHU,MM DA NANG,OREO VANILLA 110.4/105G,29.221536,0.6,0.403258,17.93618,PRICED_E1_shortage_ratio_OREO VANILLA 110.4/105G_T146_3,0.201629
CG_LT,147,,MM AN PHU,MM DA NANG,OREO VANILLA 110.4/105G,63.780124,0.6,1.018951,39.287025,PRICED_E1_shortage_ratio_OREO VANILLA 110.4/105G_T147_1,0.509475
CG_LT,147,,MM HIEP PHU,MM DA NANG,OREO VANILLA 110.4/105G,125.187876,0.6,2.0,77.112725,PRICED_E1_shortage_ratio_OREO VANILLA 110.4/105G_T147_3,1.0
CG_LT,148,,MM AN PHU,MM DA NANG,OREO VANILLA 110.4/105G,15.869935,0.6,2.0,11.521961,PRICED_E1_shortage_ratio_OREO VANILLA 110.4/105G_T148_1,1.0
CG_LT,148,,MM BINH PHU,MM DA NANG,OREO VANILLA 110.4/105G,15.869935,0.6,2.0,11.521961,PRICED_E1_shortage_ratio_OREO VANILLA 110.4/105G_T148_2,1.0
CG_LT,148,,MM HIEP PHU,MM DA NANG,OREO VANILLA 110.4/105G,15.869935,0.6,2.0,11.521961,PRICED_E1_shortage_ratio_OREO VANILLA 110.4/105G_T148_3,1.0
CG_LT,149,,MM AN PHU,MM DA NANG,OREO VANILLA 110.4/105G,81.278086,0.6,2.0,50.766851,PRICED_E1_shortage_ratio_OREO VANILLA 110.4/105G_T149_1,1.0
CG_LT,149,,MM HIEP PHU,MM DA NANG,OREO VANILLA 110.4/105G,49.611514,0.6,1.220785,30.987693,PRICED_E1_shortage_ratio_OREO VANILLA 110.4/105G_T149_3,0.610392
CG_LT,14,,MM BINH PHU,MM AN PHU,OREO VANILLA 110.4/105G,102.038613,0.6,1.46316,62.686328,PRICED_E1_shortage_ratio_OREO VANILLA 110.4/105G_T14_1,0.73158
CG_LT,14,,MM HIEP PHU,MM AN PHU,OREO VANILLA 110.4/105G,31.967478,0.6,1.46316,20.643647,PRICED_E1_shortage_ratio_OREO VANILLA 110.4/105G_T14_1,0.73158
CG_LT,14,,MM BINH PHU,MM AN PHU,OREO VANILLA 110.4/105G,58.810987,0.6,0.843307,36.1299,PRICED_E1_shortage_ratio_OREO VANILLA 110.4/105G_T14_4,0.421654
CG_LT,14,,MM HIEP PHU,MM AN PHU,OREO VANILLA 110.4/105G,3.027722,0.6,0.843307,2.65994,PRICED_E1_shortage_ratio_OREO VANILLA 110.4/105G_T14_4,0.421654
CG_LT,14,,MM HIEP PHU,MM DA NANG,OREO VANILLA 110.4/105G,15.397057,0.6,0.843307,10.081541,PRICED_E1_shortage_ratio_OREO VANILLA 110.4/105G_T14_4,0.421654
CG_LT,150,,MM AN PHU,MM DA NANG,OREO VANILLA 110.4/105G,13.260454,0.6,2.0,9.956272,PRICED_E1_shortage_ratio_OREO VANILLA 110.4/105G_T150_1,1.0
CG_LT,150,,MM BINH PHU,MM DA NANG,OREO VANILLA 110.4/105G,13.260454,0.6,2.0,9.956272,PRICED_E1_shortage_ratio_OREO VANILLA 110.4/105G_T150_2,1.0
CG_LT,150,,MM HIEP PHU,MM DA NANG,OREO VANILLA 110.4/105G,13.260454,0.6,2.0,9.956272,PRICED_E1_shortage_ratio_OREO VANILLA 110.4/105G_T150_3,1.0
CG_LT,15,,MM BINH PHU,MM AN PHU,OREO VANILLA 110.4/105G,8.087287,0.6,0.128811,4.981183,PRICED_E1_shortage_ratio_OREO VANILLA 110.4/105G_T15_1,0.064406
CG_LT,15,,MM HIEP PHU,MM AN PHU,OREO VANILLA 110.4/105G,1.274725,0.6,0.128811,0.893646,PRICED_E1_shortage_ratio_OREO VANILLA 110.4/105G_T15_1,0.064406
CG_LT,15,,MM BINH PHU,MM AN PHU,OREO VANILLA 110.4/105G,125.568223,0.6,2.0,77.340934,PRICED_E1_shortage_ratio_OREO VANILLA 110.4/105G_T15_4,1.0
CG_LT,15,,MM HIEP PHU,MM DA NANG,OREO VANILLA 110.4/105G,19.792176,0.6,2.0,13.875306,PRICED_E1_shortage_ratio_OREO VANILLA 110.4/105G_T15_4,1.0
CG_LT,16,,MM BINH PHU,MM AN PHU,OREO VANILLA 110.4/105G,223.379711,0.6,2.0,136.027826,PRICED_E1_shortage_ratio_OREO VANILLA 110.4/105G_T16_2,1.0
CG_LT,16,,MM HIEP PHU,MM AN PHU,OREO VANILLA 110.4/105G,8.347418,0.6,2.0,7.008451,PRICED_E1_shortage_ratio_OREO VANILLA 110.4/105G_T16_2,1.0
CG_LT,16,,MM HIEP PHU,MM DA NANG,OREO VANILLA 110.4/105G,87.070365,0.6,2.0,54.242219,PRICED_E1_shortage_ratio_OREO VANILLA 110.4/105G_T16_2,1.0
CG_LT,16,,MM BINH PHU,MM AN PHU,OREO VANILLA 110.4/105G,10.769153,0.6,0.243024,6.704516,PRICED_E1_shortage_ratio_OREO VANILLA 110.4/105G_T16_4,0.121512
CG_LT,16,,MM HIEP PHU,MM AN PHU,OREO VANILLA 110.4/105G,17.388518,0.6,0.243024,10.676135,PRICED_E1_shortage_ratio_OREO VANILLA 110.4/105G_T16_4,0.121512
CG_LT,16,,MM HIEP PHU,MM DA NANG,OREO VANILLA 110.4/105G,10.580111,0.6,0.243024,6.591091,PRICED_E1_shortage_ratio_OREO VANILLA 110.4/105G_T16_4,0.121512
CG_LT,17,,MM BINH PHU,MM AN PHU,OREO VANILLA 110.4/105G,148.909029,0.6,2.0,91.345418,PRICED_E1_shortage_ratio_OREO VANILLA 110.4/105G_T17_2,1.0
CG_LT,17,,MM HIEP PHU,MM AN PHU,OREO VANILLA 110.4/105G,168.810258,0.6,2.0,103.286155,PRICED_E1_shortage_ratio_OREO VANILLA 110.4/105G_T17_2,1.0
CG_LT,17,,MM HIEP PHU,MM DA NANG,OREO VANILLA 110.4/105G,64.200743,0.6,2.0,40.520446,PRICED_E1_shortage_ratio_OREO VANILLA 110.4/105G_T17_2,1.0
CG_LT,17,,MM BINH PHU,MM AN PHU,OREO VANILLA 110.4/105G,5.459428,0.6,0.081941,3.357597,PRICED_E1_shortage_ratio_OREO VANILLA 110.4/105G_T17_4,0.04097
CG_LT,17,,MM HIEP PHU,MM AN PHU,OREO VANILLA 110.4/105G,7.557654,0.6,0.081941,4.616533,PRICED_E1_shortage_ratio_OREO VANILLA 110.4/105G_T17_4,0.04097
CG_LT,17,,MM HIEP PHU,MM DA NANG,OREO VANILLA 110.4/105G,2.630329,0.6,0.081941,1.660138,PRICED_E1_shortage_ratio_OREO VANILLA 110.4/105G_T17_4,0.04097
CG_LT,18,,MM BINH PHU,MM AN PHU,OREO VANILLA 110.4/105G,157.092134,0.6,2.0,96.25528,PRICED_E1_shortage_ratio_OREO VANILLA 110.4/105G_T18_2,1.0
CG_LT,18,,MM HIEP PHU,MM AN PHU,OREO VANILLA 110.4/105G,202.770778,0.6,2.0,123.662467,PRICED_E1_shortage_ratio_OREO VANILLA 110.4/105G_T18_2,1.0
CG_LT,18,,MM HIEP PHU,MM DA NANG,OREO VANILLA 110.4/105G,14.892534,0.6,2.0,10.93552,PRICED_E1_shortage_ratio_OREO VANILLA 110.4/105G_T18_2,1.0
CG_LT,18,,MM BINH PHU,MM AN PHU,OREO VANILLA 110.4/105G,7.02928,0.6,0.098865,4.316433,PRICED_E1_shortage_ratio_OREO VANILLA 110.4/105G_T18_3,0.049432
CG_LT,18,,MM BINH PHU,MM DA NANG,OREO VANILLA 110.4/105G,0.736175,0.6,0.098865,0.54057,PRICED_E1_shortage_ratio_OREO VANILLA 110.4/105G_T18_3,0.049432
CG_LT,18,,MM HIEP PHU,MM AN PHU,OREO VANILLA 110.4/105G,10.759639,0.6,0.098865,6.554648,PRICED_E1_shortage_ratio_OREO VANILLA 110.4/105G_T18_3,0.049432
CG_LT,19,,MM BINH PHU,MM AN PHU,OREO VANILLA 110.4/105G,56.613528,0.6,2.0,35.968117,PRICED_E1_shortage_ratio_OREO VANILLA 110.4/105G_T19_2,1.0
CG_LT,19,,MM HIEP PHU,MM AN PHU,OREO VANILLA 110.4/105G,169.798953,0.6,2.0,103.879372,PRICED_E1_shortage_ratio_OREO VANILLA 110.4/105G_T19_2,1.0
CG_LT,19,,MM HIEP PHU,MM DA NANG,OREO VANILLA 110.4/105G,75.510604,0.6,2.0,47.306363,PRICED_E1_shortage_ratio_OREO VANILLA 110.4/105G_T19_2,1.0
CG_LT,20,,MM BINH PHU,MM AN PHU,OREO VANILLA 110.4/105G,83.874107,0.6,2.0,52.324464,PRICED_E1_shortage_ratio_OREO VANILLA 110.4/105G_T20_1,1.0
CG_LT,20,,MM HIEP PHU,MM DA NANG,OREO VANILLA 110.4/105G,108.382806,0.6,2.0,67.029684,PRICED_E1_shortage_ratio_OREO VANILLA 110.4/105G_T20_1,1.0
CG_LT,20,,MM HIEP PHU,MM AN PHU,OREO VANILLA 110.4/105G,37.125893,0.6,0.885277,23.160813,PRICED_E1_shortage_ratio_OREO VANILLA 110.4/105G_T20_4,0.442638
CG_LT,20,,MM HIEP PHU,MM DA NANG,OREO VANILLA 110.4/105G,47.974383,0.6,0.885277,29.669906,PRICED_E1_shortage_ratio_OREO VANILLA 110.4/105G_T20_4,0.442638
CG_LT,21,,MM BINH PHU,MM DA NANG,OREO VANILLA 110.4/105G,12.100048,0.6,0.232917,7.492946,PRICED_E1_shortage_ratio_OREO VANILLA 110.4/105G_T21_2,0.116459
CG_LT,21,,MM HIEP PHU,MM AN PHU,OREO VANILLA 110.4/105G,13.509695,0.6,0.232917,8.338734,PRICED_E1_shortage_ratio_OREO VANILLA 110.4/105G_T21_2,0.116459
CG_LT,22,,MM BINH PHU,MM DA NANG,OREO VANILLA 110.4/105G,65.177654,0.6,2.0,41.106592,PRICED_E1_shortage_ratio_OREO VANILLA 110.4/105G_T22_2,1.0
CG_LT,22,,MM HIEP PHU,MM AN PHU,OREO VANILLA 110.4/105G,142.317394,0.6,2.0,87.390436,PRICED_E1_shortage_ratio_OREO VANILLA 110.4/105G_T22_2,1.0
CG_LT,23,,MM BINH PHU,MM AN PHU,OREO VANILLA 110.4/105G,10.931557,0.6,0.302595,6.86153,PRICED_E1_shortage_ratio_OREO VANILLA 110.4/105G_T23_1,0.151298
CG_LT,23,,MM HIEP PHU,MM DA NANG,OREO VANILLA 110.4/105G,20.786586,0.6,0.302595,12.774547,PRICED_E1_shortage_ratio_OREO VANILLA 110.4/105G_T23_1,0.151298
CG_LT,23,,MM HIEP PHU,MM AN PHU,OREO VANILLA 110.4/105G,72.251953,0.6,2.0,45.351172,PRICED_E1_shortage_ratio_OREO VANILLA 110.4/105G_T23_4,1.0
CG_LT,23,,MM HIEP PHU,MM DA NANG,OREO VANILLA 110.4/105G,137.388608,0.6,2.0,84.433165,PRICED_E1_shortage_ratio_OREO VANILLA 110.4/105G_T23_4,1.0
CG_LT,24,,MM BINH PHU,MM AN PHU,OREO VANILLA 110.4/105G,12.541063,0.6,0.274245,7.798882,PRICED_E1_shortage_ratio_OREO VANILLA 110.4/105G_T24_1,0.137122
CG_LT,24,,MM HIEP PHU,MM DA NANG,OREO VANILLA 110.4/105G,28.391823,0.6,0.274245,17.309338,PRICED_E1_shortage_ratio_OREO VANILLA 110.4/105G_T24_1,0.137122
CG_LT,24,,MM HIEP PHU,MM AN PHU,OREO VANILLA 110.4/105G,91.458937,0.6,2.0,56.875362,PRICED_E1_shortage_ratio_OREO VANILLA 110.4/105G_T24_4,1.0
CG_LT,24,,MM HIEP PHU,MM DA NANG,OREO VANILLA 110.4/105G,207.054693,0.6,2.0,126.232816,PRICED_E1_shortage_ratio_OREO VANILLA 110.4/105G_T24_4,1.0
CG_LT,25,,MM BINH PHU,MM DA NANG,OREO VANILLA 110.4/105G,2.079844,0.6,1.609459,2.857366,PRICED_E1_shortage_ratio_OREO VANILLA 110.4/105G_T25_1,0.80473
CG_LT,25,,MM HIEP PHU,MM AN PHU,OREO VANILLA 110.4/105G,180.569182,0.6,1.609459,109.950968,PRICED_E1_shortage_ratio_OREO VANILLA 110.4/105G_T25_1,0.80473
CG_LT,25,,MM HIEP PHU,MM DA NANG,OREO VANILLA 110.4/105G,120.122266,0.6,1.609459,73.682819,PRICED_E1_shortage_ratio_OREO VANILLA 110.4/105G_T25_1,0.80473
CG_LT,25,,MM BINH PHU,MM AN PHU,OREO VANILLA 110.4/105G,38.78197,0.6,0.826635,24.095817,PRICED_E1_shortage_ratio_OREO VANILLA 110.4/105G_T25_2,0.413318
CG_LT,25,,MM HIEP PHU,MM AN PHU,OREO VANILLA 110.4/105G,53.960262,0.6,0.826635,33.202792,PRICED_E1_shortage_ratio_OREO VANILLA 110.4/105G_T25_2,0.413318
CG_LT,25,,MM HIEP PHU,MM DA NANG,OREO VANILLA 110.4/105G,62.76429,0.6,0.826635,38.485209,PRICED_E1_shortage_ratio_OREO VANILLA 110.4/105G_T25_2,0.413318
CG_LT,26,,MM BINH PHU,MM AN PHU,OREO VANILLA 110.4/105G,26.047813,0.6,0.242415,15.871103,PRICED_E1_shortage_ratio_OREO VANILLA 110.4/105G_T26_4,0.121208
CG_LT,26,,MM HIEP PHU,MM DA NANG,OREO VANILLA 110.4/105G,5.124789,0.6,0.242415,3.317288,PRICED_E1_shortage_ratio_OREO VANILLA 110.4/105G_T26_4,0.121208
CG_LT,27,,MM BINH PHU,MM DA NANG,OREO VANILLA 110.4/105G,0.532549,0.6,0.113388,0.432917,PRICED_E1_shortage_ratio_OREO VANILLA 110.4/105G_T27_2,0.056694
CG_LT,27,,MM HIEP PHU,MM AN PHU,OREO VANILLA 110.4/105G,9.148738,0.6,0.113388,5.60263,PRICED_E1_shortage_ratio_OREO VANILLA 110.4/105G_T27_2,0.056694
CG_LT,27,,MM BINH PHU,MM AN PHU,OREO VANILLA 110.4/105G,161.371013,0.6,2.0,98.822608,PRICED_E1_shortage_ratio_OREO VANILLA 110.4/105G_T27_4,1.0
CG_LT,27,,MM HIEP PHU,MM DA NANG,OREO VANILLA 110.4/105G,9.393417,0.6,2.0,7.63605,PRICED_E1_shortage_ratio_OREO VANILLA 110.4/105G_T27_4,1.0
CG_LT,28,,MM BINH PHU,MM AN PHU,OREO VANILLA 110.4/105G,203.444073,0.6,2.0,124.066444,PRICED_E1_shortage_ratio_OREO VANILLA 110.4/105G_T28_4,1.0
CG_LT,28,,MM HIEP PHU,MM DA NANG,OREO VANILLA 110.4/105G,23.837756,0.6,2.0,16.302654,PRICED_E1_shortage_ratio_OREO VANILLA 110.4/105G_T28_4,1.0
CG_LT,29,,MM BINH PHU,MM DA NANG,OREO VANILLA 110.4/105G,3.616955,0.6,0.16437,2.334543,PRICED_E1_shortage_ratio_OREO VANILLA 110.4/105G_T29_1,0.082185
CG_LT,29,,MM HIEP PHU,MM AN PHU,OREO VANILLA 110.4/105G,19.982184,0.6,0.16437,12.15368,PRICED_E1_shortage_ratio_OREO VANILLA 110.4/105G_T29_1,0.082185
CG_LT,29,,MM HIEP PHU,MM AN PHU,OREO VANILLA 110.4/105G,243.136565,0.6,2.0,147.881939,PRICED_E1_shortage_ratio_OREO VANILLA 110.4/105G_T29_4,1.0
CG_LT,29,,MM HIEP PHU,MM DA NANG,OREO VANILLA 110.4/105G,44.009901,0.6,2.0,28.405941,PRICED_E1_shortage_ratio_OREO VANILLA 110.4/105G_T29_4,1.0
CG_LT,30,,MM BINH PHU,MM AN PHU,OREO VANILLA 110.4/105G,1.190142,0.6,0.153854,0.86794,PRICED_E1_shortage_ratio_OREO VANILLA 110.4/105G_T30_1,0.076927
CG_LT,30,,MM BINH PHU,MM DA NANG,OREO VANILLA 110.4/105G,4.035109,0.6,0.153854,2.57492,PRICED_E1_shortage_ratio_OREO VANILLA 110.4/105G_T30_1,0.076927
CG_LT,30,,MM HIEP PHU,MM AN PHU,OREO VANILLA 110.4/105G,19.700795,0.6,0.153854,11.974331,PRICED_E1_shortage_ratio_OREO VANILLA 110.4/105G_T30_1,0.076927
CG_LT,30,,MM BINH PHU,MM AN PHU,OREO VANILLA 110.4/105G,234.07343,0.6,2.0,142.444058,PRICED_E1_shortage_ratio_OREO VANILLA 110.4/105G_T30_2,1.0
CG_LT,30,,MM HIEP PHU,MM AN PHU,OREO VANILLA 110.4/105G,37.494194,0.6,2.0,24.496516,PRICED_E1_shortage_ratio_OREO VANILLA 110.4/105G_T30_2,1.0
CG_LT,30,,MM HIEP PHU,MM DA NANG,OREO VANILLA 110.4/105G,52.453612,0.6,2.0,33.472167,PRICED_E1_shortage_ratio_OREO VANILLA 110.4/105G_T30_2,1.0
CG_LT,31,,MM BINH PHU,MM AN PHU,OREO VANILLA 110.4/105G,230.199978,0.6,2.0,140.119987,PRICED_E1_shortage_ratio_OREO VANILLA 110.4/105G_T31_1,1.0
CG_LT,31,,MM HIEP PHU,MM AN PHU,OREO VANILLA 110.4/105G,71.595222,0.6,0.622026,43.57916,PRICED_E1_shortage_ratio_OREO VANILLA 110.4/105G_T31_2,0.311013
CG_LT,32,,MM BINH PHU,MM AN PHU,OREO VANILLA 110.4/105G,49.091406,0.6,0.375138,29.829981,PRICED_E1_shortage_ratio_OREO VANILLA 110.4/105G_T32_1,0.187569
CG_LT,32,,MM HIEP PHU,MM AN PHU,OREO VANILLA 110.4/105G,261.724594,0.6,2.0,159.034757,PRICED_E1_shortage_ratio_OREO VANILLA 110.4/105G_T32_2,1.0
CG_LT,33,,MM BINH PHU,MM AN PHU,OREO VANILLA 110.4/105G,28.981182,0.6,0.276073,17.664782,PRICED_E1_shortage_ratio_OREO VANILLA 110.4/105G_T33_1,0.138036
CG_LT,33,,MM BINH PHU,MM HIEP PHU,OREO VANILLA 110.4/105G,9.183063,0.6,0.276073,5.785911,PRICED_E1_shortage_ratio_OREO VANILLA 110.4/105G_T33_1,0.138036
CG_LT,33,,MM BINH PHU,MM HIEP PHU,OREO VANILLA 110.4/105G,66.5264,0.6,2.0,41.91584,PRICED_E1_shortage_ratio_OREO VANILLA 110.4/105G_T33_2,1.0
CG_LT,33,,MM HIEP PHU,MM AN PHU,OREO VANILLA 110.4/105G,209.953218,0.6,2.0,127.971931,PRICED_E1_shortage_ratio_OREO VANILLA 110.4/105G_T33_2,1.0
CG_LT,34,,MM BINH PHU,MM AN PHU,OREO VANILLA 110.4/105G,97.872254,0.6,2.0,60.723353,PRICED_E1_shortage_ratio_OREO VANILLA 110.4/105G_T34_1,1.0
CG_LT,34,,MM BINH PHU,MM HIEP PHU,OREO VANILLA 110.4/105G,354.429557,0.6,2.0,214.657734,PRICED_E1_shortage_ratio_OREO VANILLA 110.4/105G_T34_1,1.0
CG_LT,34,,MM BINH PHU,MM AN PHU,OREO VANILLA 110.4/105G,6.556485,0.6,0.071281,4.005172,PRICED_E1_shortage_ratio_OREO VANILLA 110.4/105G_T34_2,0.035641
CG_LT,34,,MM BINH PHU,MM HIEP PHU,OREO VANILLA 110.4/105G,9.563818,0.6,0.071281,5.809572,PRICED_E1_shortage_ratio_OREO VANILLA 110.4/105G_T34_2,0.035641
CG_LT,35,,MM BINH PHU,MM AN PHU,OREO VANILLA 110.4/105G,140.347635,0.6,2.0,86.208581,PRICED_E1_shortage_ratio_OREO VANILLA 110.4/105G_T35_1,1.0
CG_LT,35,,MM BINH PHU,MM HIEP PHU,OREO VANILLA 110.4/105G,39.696021,0.6,2.0,25.817613,PRICED_E1_shortage_ratio_OREO VANILLA 110.4/105G_T35_1,1.0
CG_LT,36,,MM BINH PHU,MM AN PHU,OREO VANILLA 110.4/105G,195.764074,0.6,2.0,119.458444,PRICED_E1_shortage_ratio_OREO VANILLA 110.4/105G_T36_1,1.0
CG_LT,36,,MM BINH PHU,MM DA NANG,OREO VANILLA 110.4/105G,8.50277,0.6,2.0,7.101662,PRICED_E1_shortage_ratio_OREO VANILLA 110.4/105G_T36_1,1.0
CG_LT,36,,MM BINH PHU,MM AN PHU,OREO VANILLA 110.4/105G,49.87784,0.6,0.521648,30.448351,PRICED_E1_shortage_ratio_OREO VANILLA 110.4/105G_T36_2,0.260824
CG_LT,36,,MM BINH PHU,MM DA NANG,OREO VANILLA 110.4/105G,2.217725,0.6,0.521648,1.852282,PRICED_E1_shortage_ratio_OREO VANILLA 110.4/105G_T36_2,0.260824
CG_LT,36,,MM HIEP PHU,MM AN PHU,OREO VANILLA 110.4/105G,1.182087,0.6,0.521648,1.230899,PRICED_E1_shortage_ratio_OREO VANILLA 110.4/105G_T36_2,0.260824
CG_LT,37,,MM BINH PHU,MM AN PHU,OREO VANILLA 110.4/105G,180.269751,0.6,2.0,110.16185,PRICED_E1_shortage_ratio_OREO VANILLA 110.4/105G_T37_1,1.0
CG_LT,37,,MM BINH PHU,MM DA NANG,OREO VANILLA 110.4/105G,180.978639,0.6,2.0,110.587184,PRICED_E1_shortage_ratio_OREO VANILLA 110.4/105G_T37_1,1.0
CG_LT,37,,MM BINH PHU,MM AN PHU,OREO VANILLA 110.4/105G,31.592649,0.6,0.350504,19.306094,PRICED_E1_shortage_ratio_OREO VANILLA 110.4/105G_T37_2,0.175252
CG_LT,37,,MM BINH PHU,MM DA NANG,OREO VANILLA 110.4/105G,29.369683,0.6,0.350504,17.972314,PRICED_E1_shortage_ratio_OREO VANILLA 110.4/105G_T37_2,0.175252
CG_LT,37,,MM HIEP PHU,MM DA NANG,OREO VANILLA 110.4/105G,2.347201,0.6,0.350504,1.758825,PRICED_E1_shortage_ratio_OREO VANILLA 110.4/105G_T37_2,0.175252
CG_LT,38,,MM BINH PHU,MM AN PHU,OREO VANILLA 110.4/105G,197.718394,0.6,2.0,120.631037,PRICED_E1_shortage_ratio_OREO VANILLA 110.4/105G_T38_1,1.0
CG_LT,38,,MM BINH PHU,MM DA NANG,OREO VANILLA 110.4/105G,172.70811,0.6,2.0,105.624866,PRICED_E1_shortage_ratio_OREO VANILLA 110.4/105G_T38_1,1.0
CG_LT,39,,MM BINH PHU,MM AN PHU,OREO VANILLA 110.4/105G,423.752184,0.6,2.0,256.25131,PRICED_E1_shortage_ratio_OREO VANILLA 110.4/105G_T39_1,1.0
CG_LT,39,,MM BINH PHU,MM DA NANG,OREO VANILLA 110.4/105G,7.181105,0.6,2.0,6.308663,PRICED_E1_shortage_ratio_OREO VANILLA 110.4/105G_T39_1,1.0
CG_LT,3,,MM DA NANG,MM AN PHU,OREO VANILLA 110.4/105G,10.8336,0.6,2.0,8.50016,PRICED_E1_shortage_ratio_OREO VANILLA 110.4/105G_T3_2,1.0
CG_LT,40,,MM BINH PHU,MM AN PHU,OREO VANILLA 110.4/105G,293.287509,0.6,2.0,177.972505,PRICED_E1_shortage_ratio_OREO VANILLA 110.4/105G_T40_1,1.0
CG_LT,40,,MM BINH PHU,MM DA NANG,OREO VANILLA 110.4/105G,88.667651,0.6,2.0,55.20059,PRICED_E1_shortage_ratio_OREO VANILLA 110.4/105G_T40_1,1.0
CG_LT,40,,MM BINH PHU,MM HIEP PHU,OREO VANILLA 110.4/105G,13.861409,0.6,2.0,10.316845,PRICED_E1_shortage_ratio_OREO VANILLA 110.4/105G_T40_1,1.0
CG_LT,41,,MM BINH PHU,MM DA NANG,OREO VANILLA 110.4/105G,143.993958,0.6,2.0,88.396375,PRICED_E1_shortage_ratio_OREO VANILLA 110.4/105G_T41_1,1.0
CG_LT,41,,MM BINH PHU,MM DA NANG,OREO VANILLA 110.4/105G,21.434604,0.6,0.345832,13.206594,PRICED_E1_shortage_ratio_OREO VANILLA 110.4/105G_T41_3,0.172916
CG_LT,41,,MM HIEP PHU,MM DA NANG,OREO VANILLA 110.4/105G,3.464238,0.6,0.345832,2.424374,PRICED_E1_shortage_ratio_OREO VANILLA 110.4/105G_T41_3,0.172916
CG_LT,42,,MM AN PHU,MM DA NANG,OREO VANILLA 110.4/105G,62.198476,0.6,2.0,39.319086,PRICED_E1_shortage_ratio_OREO VANILLA 110.4/105G_T42_1,1.0
CG_LT,42,,MM BINH PHU,MM DA NANG,OREO VANILLA 110.4/105G,53.721524,0.6,1.727422,33.960337,PRICED_E1_shortage_ratio_OREO VANILLA 110.4/105G_T42_2,0.863711
CG_LT,43,,MM AN PHU,MM DA NANG,OREO VANILLA 110.4/105G,65.018683,0.6,2.0,41.01121,PRICED_E1_shortage_ratio_OREO VANILLA 110.4/105G_T43_1,1.0
CG_LT,43,,MM BINH PHU,MM DA NANG,OREO VANILLA 110.4/105G,56.888517,0.6,1.749913,35.883023,PRICED_E1_shortage_ratio_OREO VANILLA 110.4/105G_T43_2,0.874956
CG_LT,44,,MM BINH PHU,MM DA NANG,OREO VANILLA 110.4/105G,69.701444,0.6,2.0,43.820866,PRICED_E1_shortage_ratio_OREO VANILLA 110.4/105G_T44_1,1.0
CG_LT,44,,MM BINH PHU,MM HIEP PHU,OREO VANILLA 110.4/105G,10.321164,0.6,2.0,8.192699,PRICED_E1_shortage_ratio_OREO VANILLA 110.4/105G_T44_1,1.0
CG_LT,45,,MM BINH PHU,MM DA NANG,OREO VANILLA 110.4/105G,17.143958,0.6,2.0,12.286375,PRICED_E1_shortage_ratio_OREO VANILLA 110.4/105G_T45_1,1.0
CG_LT,45,,MM AN PHU,MM DA NANG,OREO VANILLA 110.4/105G,8.372065,0.6,2.0,7.023239,PRICED_E1_shortage_ratio_OREO VANILLA 110.4/105G_T45_2,1.0
CG_LT,45,,MM BINH PHU,MM DA NANG,OREO VANILLA 110.4/105G,8.771893,0.6,2.0,7.263136,PRICED_E1_shortage_ratio_OREO VANILLA 110.4/105G_T45_2,1.0
CG_LT,46,,MM BINH PHU,MM AN PHU,OREO VANILLA 110.4/105G,27.779359,0.6,0.622022,17.289638,PRICED_E1_shortage_ratio_OREO VANILLA 110.4/105G_T46_1,0.311011
CG_LT,46,,MM BINH PHU,MM DA NANG,OREO VANILLA 110.4/105G,16.179379,0.6,0.622022,10.329649,PRICED_E1_shortage_ratio_OREO VANILLA 110.4/105G_T46_1,0.311011
CG_LT,46,,MM BINH PHU,MM DA NANG,OREO VANILLA 110.4/105G,52.021881,0.6,2.0,33.213129,PRICED_E1_shortage_ratio_OREO VANILLA 110.4/105G_T46_4,1.0
CG_LT,46,,MM HIEP PHU,MM AN PHU,OREO VANILLA 110.4/105G,89.319532,0.6,2.0,55.591719,PRICED_E1_shortage_ratio_OREO VANILLA 110.4/105G_T46_4,1.0
CG_LT,47,,MM BINH PHU,MM AN PHU,OREO VANILLA 110.4/105G,110.856064,0.6,2.0,68.513638,PRICED_E1_shortage_ratio_OREO VANILLA 110.4/105G_T47_1,1.0
CG_LT,47,,MM BINH PHU,MM DA NANG,OREO VANILLA 110.4/105G,32.707281,0.6,2.0,21.624369,PRICED_E1_shortage_ratio_OREO VANILLA 110.4/105G_T47_1,1.0
CG_LT,47,,MM BINH PHU,MM HIEP PHU,OREO VANILLA 110.4/105G,43.412506,0.6,2.0,28.047504,PRICED_E1_shortage_ratio_OREO VANILLA 110.4/105G_T47_1,1.0
CG_LT,48,,MM BINH PHU,MM AN PHU,OREO VANILLA 110.4/105G,58.853477,0.6,2.0,37.312086,PRICED_E1_shortage_ratio_OREO VANILLA 110.4/105G_T48_1,1.0
CG_LT,49,,MM BINH PHU,MM AN PHU,OREO VANILLA 110.4/105G,67.216209,0.6,2.0,42.329725,PRICED_E1_shortage_ratio_OREO VANILLA 110.4/105G_T49_1,1.0
CG_LT,49,,MM BINH PHU,MM AN PHU,OREO VANILLA 110.4/105G,33.692044,0.6,1.082488,21.297714,PRICED_E1_shortage_ratio_OREO VANILLA 110.4/105G_T49_2,0.541244
CG_LT,49,,MM HIEP PHU,MM AN PHU,OREO VANILLA 110.4/105G,2.68831,0.6,1.082488,2.695474,PRICED_E1_shortage_ratio_OREO VANILLA 110.4/105G_T49_2,0.541244
CG_LT,4,,MM DA NANG,MM AN PHU,OREO VANILLA 110.4/105G,3.74922,0.6,0.03007,2.279602,PRICED_E1_shortage_ratio_OREO VANILLA 110.4/105G_T4_1,0.015035
CG_LT,4,,MM HIEP PHU,MM AN PHU,OREO VANILLA 110.4/105G,0.209875,0.6,0.03007,0.155995,PRICED_E1_shortage_ratio_OREO VANILLA 110.4/105G_T4_1,0.015035
CG_LT,4,,MM BINH PHU,MM AN PHU,OREO VANILLA 110.4/105G,2.330199,0.6,0.23208,1.630199,PRICED_E1_shortage_ratio_OREO VANILLA 110.4/105G_T4_2,0.11604
CG_LT,4,,MM DA NANG,MM AN PHU,OREO VANILLA 110.4/105G,15.847069,0.6,0.23208,9.740321,PRICED_E1_shortage_ratio_OREO VANILLA 110.4/105G_T4_2,0.11604
CG_LT,4,,MM HIEP PHU,MM AN PHU,OREO VANILLA 110.4/105G,12.378921,0.6,0.23208,7.659432,PRICED_E1_shortage_ratio_OREO VANILLA 110.4/105G_T4_2,0.11604
CG_LT,4,,MM BINH PHU,MM AN PHU,OREO VANILLA 110.4/105G,20.081005,0.6,2.0,14.048603,PRICED_E1_shortage_ratio_OREO VANILLA 110.4/105G_T4_3,1.0
CG_LT,4,,MM DA NANG,MM AN PHU,OREO VANILLA 110.4/105G,243.243711,0.6,2.0,147.946227,PRICED_E1_shortage_ratio_OREO VANILLA 110.4/105G_T4_3,1.0
CG_LT,50,,MM BINH PHU,MM AN PHU,OREO VANILLA 110.4/105G,149.105825,0.6,2.0,91.463495,PRICED_E1_shortage_ratio_OREO VANILLA 110.4/105G_T50_1,1.0
CG_LT,50,,MM BINH PHU,MM DA NANG,OREO VANILLA 110.4/105G,6.809427,0.6,2.0,6.085656,PRICED_E1_shortage_ratio_OREO VANILLA 110.4/105G_T50_1,1.0
CG_LT,50,,MM BINH PHU,MM AN PHU,OREO VANILLA 110.4/105G,6.915588,0.6,0.092761,4.242114,PRICED_E1_shortage_ratio_OREO VANILLA 110.4/105G_T50_4,0.04638
CG_LT,50,,MM HIEP PHU,MM DA NANG,OREO VANILLA 110.4/105G,0.315824,0.6,0.092761,0.282255,PRICED_E1_shortage_ratio_OREO VANILLA 110.4/105G_T50_4,0.04638
CG_LT,51,,MM BINH PHU,MM AN PHU,OREO VANILLA 110.4/105G,33.588678,0.6,0.581099,20.734306,PRICED_E1_shortage_ratio_OREO VANILLA 110.4/105G_T51_1,0.29055
CG_LT,51,,MM BINH PHU,MM DA NANG,OREO VANILLA 110.4/105G,21.15669,0.6,0.581099,13.275113,PRICED_E1_shortage_ratio_OREO VANILLA 110.4/105G_T51_1,0.29055
CG_LT,51,,MM BINH PHU,MM DA NANG,OREO VANILLA 110.4/105G,72.81611,0.6,2.0,45.689666,PRICED_E1_shortage_ratio_OREO VANILLA 110.4/105G_T51_2,1.0
CG_LT,51,,MM HIEP PHU,MM AN PHU,OREO VANILLA 110.4/105G,115.603945,0.6,2.0,71.362367,PRICED_E1_shortage_ratio_OREO VANILLA 110.4/105G_T51_2,1.0
CG_LT,52,,MM BINH PHU,MM AN PHU,OREO VANILLA 110.4/105G,149.551624,0.6,2.0,91.730974,PRICED_E1_shortage_ratio_OREO VANILLA 110.4/105G_T52_1,1.0
CG_LT,52,,MM BINH PHU,MM DA NANG,OREO VANILLA 110.4/105G,121.699965,0.6,2.0,75.019979,PRICED_E1_shortage_ratio_OREO VANILLA 110.4/105G_T52_1,1.0
CG_LT,52,,MM BINH PHU,MM DA NANG,OREO VANILLA 110.4/105G,3.272835,0.6,0.053785,2.017486,PRICED_E1_shortage_ratio_OREO VANILLA 110.4/105G_T52_2,0.026893
CG_LT,52,,MM HIEP PHU,MM AN PHU,OREO VANILLA 110.4/105G,4.02184,0.6,0.053785,2.46689,PRICED_E1_shortage_ratio_OREO VANILLA 110.4/105G_T52_2,0.026893
CG_LT,53,,MM BINH PHU,MM AN PHU,OREO VANILLA 110.4/105G,242.271241,0.6,2.0,147.362744,PRICED_E1_shortage_ratio_OREO VANILLA 110.4/105G_T53_1,1.0
CG_LT,53,,MM BINH PHU,MM DA NANG,OREO VANILLA 110.4/105G,27.864266,0.6,2.0,18.718559,PRICED_E1_shortage_ratio_OREO VANILLA 110.4/105G_T53_1,1.0
CG_LT,53,,MM BINH PHU,MM AN PHU,OREO VANILLA 110.4/105G,17.770668,0.6,0.146701,10.809101,PRICED_E1_shortage_ratio_OREO VANILLA 110.4/105G_T53_4,0.07335
CG_LT,53,,MM HIEP PHU,MM DA NANG,OREO VANILLA 110.4/105G,2.043852,0.6,0.146701,1.373012,PRICED_E1_shortage_ratio_OREO VANILLA 110.4/105G_T53_4,0.07335
CG_LT,54,,MM BINH PHU,MM AN PHU,OREO VANILLA 110.4/105G,31.499187,0.6,1.044291,19.943804,PRICED_E1_shortage_ratio_OREO VANILLA 110.4/105G_T54_1,0.522146
CG_LT,54,,MM HIEP PHU,MM AN PHU,OREO VANILLA 110.4/105G,60.326443,0.6,2.0,38.195866,PRICED_E1_shortage_ratio_OREO VANILLA 110.4/105G_T54_2,1.0
CG_LT,55,,MM BINH PHU,MM AN PHU,OREO VANILLA 110.4/105G,3.38028,0.6,2.0,4.028168,PRICED_E1_shortage_ratio_OREO VANILLA 110.4/105G_T55_1,1.0
CG_LT,55,,MM HIEP PHU,MM AN PHU,OREO VANILLA 110.4/105G,1.986233,0.6,1.175188,2.366928,PRICED_E1_shortage_ratio_OREO VANILLA 110.4/105G_T55_2,0.587594
CG_LT,56,,MM BINH PHU,MM AN PHU,OREO VANILLA 110.4/105G,97.51463,0.6,2.0,60.508778,PRICED_E1_shortage_ratio_OREO VANILLA 110.4/105G_T56_1,1.0
CG_LT,56,,MM HIEP PHU,MM AN PHU,OREO VANILLA 110.4/105G,38.39577,0.6,0.787487,23.824949,PRICED_E1_shortage_ratio_OREO VANILLA 110.4/105G_T56_3,0.393744
CG_LT,57,,MM BINH PHU,MM AN PHU,OREO VANILLA 110.4/105G,64.916912,0.6,0.806751,39.756898,PRICED_E1_shortage_ratio_OREO VANILLA 110.4/105G_T57_1,0.403375
CG_LT,57,,MM HIEP PHU,MM AN PHU,OREO VANILLA 110.4/105G,160.934288,0.6,2.0,98.560573,PRICED_E1_shortage_ratio_OREO VANILLA 110.4/105G_T57_3,1.0
CG_LT,58,,MM BINH PHU,MM AN PHU,OREO VANILLA 110.4/105G,218.366242,0.6,2.0,133.019745,PRICED_E1_shortage_ratio_OREO VANILLA 110.4/105G_T58_1,1.0
CG_LT,58,,MM DA NANG,MM AN PHU,OREO VANILLA 110.4/105G,39.470558,0.6,0.361508,24.043843,PRICED_E1_shortage_ratio_OREO VANILLA 110.4/105G_T58_2,0.180754
CG_LT,59,,MM BINH PHU,MM AN PHU,OREO VANILLA 110.4/105G,253.0732,0.6,2.0,153.84392,PRICED_E1_shortage_ratio_OREO VANILLA 110.4/105G_T59_1,1.0
CG_LT,59,,MM DA NANG,MM AN PHU,OREO VANILLA 110.4/105G,44.734821,0.6,0.361676,27.202568,PRICED_E1_shortage_ratio_OREO VANILLA 110.4/105G_T59_2,0.180838
CG_LT,59,,MM HIEP PHU,MM AN PHU,OREO VANILLA 110.4/105G,1.030379,0.6,0.361676,0.979903,PRICED_E1_shortage_ratio_OREO VANILLA 110.4/105G_T59_2,0.180838
CG_LT,5,,MM HIEP PHU,MM AN PHU,OREO VANILLA 110.4/105G,78.929516,0.6,2.0,49.357709,PRICED_E1_shortage_ratio_OREO VANILLA 110.4/105G_T5_1,1.0
CG_LT,60,,MM BINH PHU,MM AN PHU,OREO VANILLA 110.4/105G,111.189787,0.6,2.0,68.713872,PRICED_E1_shortage_ratio_OREO VANILLA 110.4/105G_T60_1,1.0
CG_LT,60,,MM DA NANG,MM AN PHU,OREO VANILLA 110.4/105G,84.736613,0.6,1.52418,52.366147,PRICED_E1_shortage_ratio_OREO VANILLA 110.4/105G_T60_2,0.76209
CG_LT,61,,MM BINH PHU,MM AN PHU,OREO VANILLA 110.4/105G,22.258048,0.6,0.580305,13.935134,PRICED_E1_shortage_ratio_OREO VANILLA 110.4/105G_T61_1,0.290152
CG_LT,61,,MM HIEP PHU,MM AN PHU,OREO VANILLA 110.4/105G,76.711552,0.6,2.0,48.026931,PRICED_E1_shortage_ratio_OREO VANILLA 110.4/105G_T61_3,1.0
CG_LT,62,,MM BINH PHU,MM DA NANG,OREO VANILLA 110.4/105G,10.271035,0.6,0.219644,6.382265,PRICED_E1_shortage_ratio_OREO VANILLA 110.4/105G_T62_2,0.109822
CG_LT,62,,MM DA NANG,MM AN PHU,OREO VANILLA 110.4/105G,10.849796,0.6,0.219644,6.729522,PRICED_E1_shortage_ratio_OREO VANILLA 110.4/105G_T62_2,0.109822
CG_LT,62,,MM BINH PHU,MM DA NANG,OREO VANILLA 110.4/105G,93.524265,0.6,2.0,58.114559,PRICED_E1_shortage_ratio_OREO VANILLA 110.4/105G_T62_3,1.0
CG_LT,62,,MM HIEP PHU,MM AN PHU,OREO VANILLA 110.4/105G,98.794254,0.6,2.0,61.276552,PRICED_E1_shortage_ratio_OREO VANILLA 110.4/105G_T62_3,1.0
CG_LT,63,,MM BINH PHU,MM AN PHU,OREO VANILLA 110.4/105G,252.512936,0.6,2.0,153.507762,PRICED_E1_shortage_ratio_OREO VANILLA 110.4/105G_T63_1,1.0
CG_LT,63,,MM BINH PHU,MM DA NANG,OREO VANILLA 110.4/105G,236.52538,0.6,2.0,143.915228,PRICED_E1_shortage_ratio_OREO VANILLA 110.4/105G_T63_1,1.0
CG_LT,63,,MM BINH PHU,MM AN PHU,OREO VANILLA 110.4/105G,4.810938,0.6,0.299775,3.186338,PRICED_E1_shortage_ratio_OREO VANILLA 110.4/105G_T63_2,0.149888
CG_LT,63,,MM BINH PHU,MM DA NANG,OREO VANILLA 110.4/105G,35.45222,0.6,0.299775,21.571107,PRICED_E1_shortage_ratio_OREO VANILLA 110.4/105G_T63_2,0.149888
CG_LT,63,,MM HIEP PHU,MM AN PHU,OREO VANILLA 110.4/105G,33.037618,0.6,0.299775,20.122346,PRICED_E1_shortage_ratio_OREO VANILLA 110.4/105G_T63_2,0.149888
CG_LT,64,,MM BINH PHU,MM AN PHU,OREO VANILLA 110.4/105G,29.51714,0.6,0.204977,17.915261,PRICED_E1_shortage_ratio_OREO VANILLA 110.4/105G_T64_1,0.102488
CG_LT,64,,MM BINH PHU,MM DA NANG,OREO VANILLA 110.4/105G,14.971714,0.6,0.204977,9.188005,PRICED_E1_shortage_ratio_OREO VANILLA 110.4/105G_T64_1,0.102488
CG_LT,64,,MM BINH PHU,MM AN PHU,OREO VANILLA 110.4/105G,288.004964,0.6,2.0,174.802978,PRICED_E1_shortage_ratio_OREO VANILLA 110.4/105G_T64_4,1.0
CG_LT,64,,MM HIEP PHU,MM DA NANG,OREO VANILLA 110.4/105G,146.082175,0.6,2.0,89.649305,PRICED_E1_shortage_ratio_OREO VANILLA 110.4/105G_T64_4,1.0
CG_LT,65,,MM BINH PHU,MM AN PHU,OREO VANILLA 110.4/105G,179.922848,0.6,2.0,109.953709,PRICED_E1_shortage_ratio_OREO VANILLA 110.4/105G_T65_1,1.0
CG_LT,65,,MM BINH PHU,MM DA NANG,OREO VANILLA 110.4/105G,196.113198,0.6,2.0,119.667919,PRICED_E1_shortage_ratio_OREO VANILLA 110.4/105G_T65_1,1.0
CG_LT,65,,MM BINH PHU,MM AN PHU,OREO VANILLA 110.4/105G,12.008137,0.6,0.344328,7.54921,PRICED_E1_shortage_ratio_OREO VANILLA 110.4/105G_T65_4,0.172164
CG_LT,65,,MM BINH PHU,MM DA NANG,OREO VANILLA 110.4/105G,33.763602,0.6,0.344328,20.602489,PRICED_E1_shortage_ratio_OREO VANILLA 110.4/105G_T65_4,0.172164
CG_LT,65,,MM HIEP PHU,MM AN PHU,OREO VANILLA 110.4/105G,18.968073,0.6,0.344328,11.725171,PRICED_E1_shortage_ratio_OREO VANILLA 110.4/105G_T65_4,0.172164
CG_LT,66,,MM BINH PHU,MM AN PHU,OREO VANILLA 110.4/105G,47.295829,0.6,0.338252,28.71575,PRICED_E1_shortage_ratio_OREO VANILLA 110.4/105G_T66_1,0.169126
CG_LT,66,,MM HIEP PHU,MM AN PHU,OREO VANILLA 110.4/105G,279.648171,0.6,2.0,169.788903,PRICED_E1_shortage_ratio_OREO VANILLA 110.4/105G_T66_2,1.0
CG_LT,67,,MM BINH PHU,MM AN PHU,OREO VANILLA 110.4/105G,221.717554,0.6,2.0,135.030533,PRICED_E1_shortage_ratio_OREO VANILLA 110.4/105G_T67_1,1.0
CG_LT,67,,MM HIEP PHU,MM AN PHU,OREO VANILLA 110.4/105G,41.226446,0.6,0.371883,25.10775,PRICED_E1_shortage_ratio_OREO VANILLA 110.4/105G_T67_2,0.185941
CG_LT,68,,MM BINH PHU,MM AN PHU,OREO VANILLA 110.4/105G,7.692012,0.6,0.293029,4.908236,PRICED_E1_shortage_ratio_OREO VANILLA 110.4/105G_T68_1,0.146515
CG_LT,68,,MM BINH PHU,MM HIEP PHU,OREO VANILLA 110.4/105G,13.442913,0.6,0.293029,8.358777,PRICED_E1_shortage_ratio_OREO VANILLA 110.4/105G_T68_1,0.146515
CG_LT,68,,MM BINH PHU,MM HIEP PHU,OREO VANILLA 110.4/105G,91.751385,0.6,2.0,57.050831,PRICED_E1_shortage_ratio_OREO VANILLA 110.4/105G_T68_2,1.0
CG_LT,68,,MM DA NANG,MM AN PHU,OREO VANILLA 110.4/105G,52.499985,0.6,2.0,33.499991,PRICED_E1_shortage_ratio_OREO VANILLA 110.4/105G_T68_2,1.0
CG_LT,69,,MM BINH PHU,MM AN PHU,OREO VANILLA 110.4/105G,67.878377,0.6,1.369045,42.096072,PRICED_E1_shortage_ratio_OREO VANILLA 110.4/105G_T69_1,0.684523
CG_LT,69,,MM HIEP PHU,MM AN PHU,OREO VANILLA 110.4/105G,99.161623,0.6,2.0,61.496974,PRICED_E1_shortage_ratio_OREO VANILLA 110.4/105G_T69_2,1.0
CG_LT,6,,MM DA NANG,MM AN PHU,OREO VANILLA 110.4/105G,31.410234,0.6,2.0,20.846141,PRICED_E1_shortage_ratio_OREO VANILLA 110.4/105G_T6_1,1.0
CG_LT,6,,MM HIEP PHU,MM AN PHU,OREO VANILLA 110.4/105G,31.410234,0.6,2.0,20.846141,PRICED_E1_shortage_ratio_OREO VANILLA 110.4/105G_T6_2,1.0
CG_LT,6,,MM BINH PHU,MM AN PHU,OREO VANILLA 110.4/105G,2.97193,0.6,1.530936,3.314094,PRICED_E1_shortage_ratio_OREO VANILLA 110.4/105G_T6_3,0.765468
CG_LT,6,,MM DA NANG,MM AN PHU,OREO VANILLA 110.4/105G,21.071601,0.6,1.530936,14.173897,PRICED_E1_shortage_ratio_OREO VANILLA 110.4/105G_T6_3,0.765468
CG_LT,70,,MM BINH PHU,MM AN PHU,OREO VANILLA 110.4/105G,194.843377,0.6,2.0,118.906026,PRICED_E1_shortage_ratio_OREO VANILLA 110.4/105G_T70_1,1.0
CG_LT,70,,MM DA NANG,MM AN PHU,OREO VANILLA 110.4/105G,13.692218,0.6,0.626405,8.841736,PRICED_E1_shortage_ratio_OREO VANILLA 110.4/105G_T70_2,0.313202
CG_LT,70,,MM HIEP PHU,MM AN PHU,OREO VANILLA 110.4/105G,47.333205,0.6,0.626405,29.026328,PRICED_E1_shortage_ratio_OREO VANILLA 110.4/105G_T70_2,0.313202
CG_LT,71,,MM BINH PHU,MM AN PHU,OREO VANILLA 110.4/105G,65.941368,0.6,0.597132,40.161953,PRICED_E1_shortage_ratio_OREO VANILLA 110.4/105G_T71_1,0.298566
CG_LT,71,,MM DA NANG,MM AN PHU,OREO VANILLA 110.4/105G,220.860232,0.6,2.0,134.516139,PRICED_E1_shortage_ratio_OREO VANILLA 110.4/105G_T71_2,1.0
CG_LT,72,,MM BINH PHU,MM AN PHU,OREO VANILLA 110.4/105G,233.013777,0.6,2.0,141.808266,PRICED_E1_shortage_ratio_OREO VANILLA 110.4/105G_T72_1,1.0
CG_LT,72,,MM DA NANG,MM AN PHU,OREO VANILLA 110.4/105G,58.776623,0.6,0.504491,35.770464,PRICED_E1_shortage_ratio_OREO VANILLA 110.4/105G_T72_2,0.252245
CG_LT,73,,MM BINH PHU,MM AN PHU,OREO VANILLA 110.4/105G,189.273374,0.6,2.0,115.564025,PRICED_E1_shortage_ratio_OREO VANILLA 110.4/105G_T73_1,1.0
CG_LT,73,,MM DA NANG,MM AN PHU,OREO VANILLA 110.4/105G,46.568226,0.6,0.492074,28.433009,PRICED_E1_shortage_ratio_OREO VANILLA 110.4/105G_T73_2,0.246037
CG_LT,74,,MM BINH PHU,MM AN PHU,OREO VANILLA 110.4/105G,146.090944,0.6,2.0,89.654567,PRICED_E1_shortage_ratio_OREO VANILLA 110.4/105G_T74_1,1.0
CG_LT,74,,MM DA NANG,MM AN PHU,OREO VANILLA 110.4/105G,59.610496,0.6,0.816074,36.582371,PRICED_E1_shortage_ratio_OREO VANILLA 110.4/105G_T74_2,0.408037
CG_LT,75,,MM BINH PHU,MM AN PHU,OREO VANILLA 110.4/105G,40.392268,0.6,2.0,26.235361,PRICED_E1_shortage_ratio_OREO VANILLA 110.4/105G_T75_1,1.0
CG_LT,75,,MM DA NANG,MM AN PHU,OREO VANILLA 110.4/105G,40.392268,0.6,2.0,26.235361,PRICED_E1_shortage_ratio_OREO VANILLA 110.4/105G_T75_2,1.0
CG_LT,75,,MM HIEP PHU,MM AN PHU,OREO VANILLA 110.4/105G,22.972904,0.6,1.13749,14.921233,PRICED_E1_shortage_ratio_OREO VANILLA 110.4/105G_T75_3,0.568745
CG_LT,7,,MM DA NANG,MM AN PHU,OREO VANILLA 110.4/105G,12.586273,0.6,0.26477,7.816534,PRICED_E1_shortage_ratio_OREO VANILLA 110.4/105G_T7_4,0.132385
CG_LT,7,,MM DA NANG,MM BINH PHU,OREO VANILLA 110.4/105G,9.109581,0.6,0.26477,5.730519,PRICED_E1_shortage_ratio_OREO VANILLA 110.4/105G_T7_4,0.132385
CG_LT,7,,MM HIEP PHU,MM AN PHU,OREO VANILLA 110.4/105G,6.934013,0.6,0.26477,4.425178,PRICED_E1_shortage_ratio_OREO VANILLA 110.4/105G_T7_4,0.132385
CG_LT,7,,MM DA NANG,MM AN PHU,OREO VANILLA 110.4/105G,147.450914,0.6,2.0,90.470549,PRICED_E1_shortage_ratio_OREO VANILLA 110.4/105G_T7_5,1.0
CG_LT,7,,MM HIEP PHU,MM BINH PHU,OREO VANILLA 110.4/105G,68.811292,0.6,2.0,43.286775,PRICED_E1_shortage_ratio_OREO VANILLA 110.4/105G_T7_5,1.0
CG_LT,81,,MM BINH PHU,MM AN PHU,OREO VANILLA 110.4/105G,11.393956,0.6,2.0,8.836374,PRICED_E1_shortage_ratio_OREO VANILLA 110.4/105G_T81_1,1.0
CG_LT,81,,MM DA NANG,MM AN PHU,OREO VANILLA 110.4/105G,11.393956,0.6,2.0,8.836374,PRICED_E1_shortage_ratio_OREO VANILLA 110.4/105G_T81_2,1.0
CG_LT,81,,MM HIEP PHU,MM AN PHU,OREO VANILLA 110.4/105G,11.393956,0.6,2.0,8.836374,PRICED_E1_shortage_ratio_OREO VANILLA 110.4/105G_T81_3,1.0
CG_LT,82,,MM BINH PHU,MM AN PHU,OREO VANILLA 110.4/105G,143.37711,0.6,2.0,88.026266,PRICED_E1_shortage_ratio_OREO VANILLA 110.4/105G_T82_1,1.0
CG_LT,82,,MM DA NANG,MM AN PHU,OREO VANILLA 110.4/105G,77.499057,0.6,1.165805,47.665239,PRICED_E1_shortage_ratio_OREO VANILLA 110.4/105G_T82_2,0.582903
CG_LT,82,,MM HIEP PHU,MM AN PHU,OREO VANILLA 110.4/105G,6.075833,0.6,1.165805,4.811305,PRICED_E1_shortage_ratio_OREO VANILLA 110.4/105G_T82_2,0.582903
CG_LT,83,,MM BINH PHU,MM AN PHU,OREO VANILLA 110.4/105G,100.560697,0.6,2.0,62.336418,PRICED_E1_shortage_ratio_OREO VANILLA 110.4/105G_T83_1,1.0
CG_LT,83,,MM HIEP PHU,MM AN PHU,OREO VANILLA 110.4/105G,41.416903,0.6,0.82372,25.673862,PRICED_E1_shortage_ratio_OREO VANILLA 110.4/105G_T83_3,0.41186
CG_LT,84,,MM BINH PHU,MM AN PHU,OREO VANILLA 110.4/105G,108.963966,0.6,2.0,67.378379,PRICED_E1_shortage_ratio_OREO VANILLA 110.4/105G_T84_1,1.0
CG_LT,84,,MM DA NANG,MM AN PHU,OREO VANILLA 110.4/105G,65.992834,0.6,1.211278,40.806979,PRICED_E1_shortage_ratio_OREO VANILLA 110.4/105G_T84_2,0.605639
CG_LT,85,,MM BINH PHU,MM AN PHU,OREO VANILLA 110.4/105G,104.684309,0.6,2.0,64.810585,PRICED_E1_shortage_ratio_OREO VANILLA 110.4/105G_T85_1,1.0
CG_LT,85,,MM DA NANG,MM AN PHU,OREO VANILLA 110.4/105G,39.285291,0.6,0.750548,24.321723,PRICED_E1_shortage_ratio_OREO VANILLA 110.4/105G_T85_2,0.375274
CG_LT,86,,MM BINH PHU,MM AN PHU,OREO VANILLA 110.4/105G,29.451815,0.6,2.0,19.671089,PRICED_E1_shortage_ratio_OREO VANILLA 110.4/105G_T86_1,1.0
CG_LT,86,,MM DA NANG,MM AN PHU,OREO VANILLA 110.4/105G,26.065971,0.6,1.770076,17.409658,PRICED_E1_shortage_ratio_OREO VANILLA 110.4/105G_T86_2,0.885038
CG_LT,86,,MM HIEP PHU,MM AN PHU,OREO VANILLA 110.4/105G,29.451815,0.6,2.0,19.671089,PRICED_E1_shortage_ratio_OREO VANILLA 110.4/105G_T86_3,1.0
CG_LT,87,,MM BINH PHU,MM AN PHU,OREO VANILLA 110.4/105G,96.945916,0.6,2.0,60.16755,PRICED_E1_shortage_ratio_OREO VANILLA 110.4/105G_T87_1,1.0
CG_LT,87,,MM HIEP PHU,MM AN PHU,OREO VANILLA 110.4/105G,46.009284,0.6,0.949174,28.554745,PRICED_E1_shortage_ratio_OREO VANILLA 110.4/105G_T87_2,0.474587
CG_LT,88,,MM BINH PHU,MM AN PHU,OREO VANILLA 110.4/105G,67.293861,0.6,2.0,42.376317,PRICED_E1_shortage_ratio_OREO VANILLA 110.4/105G_T88_1,1.0
CG_LT,88,,MM HIEP PHU,MM AN PHU,OREO VANILLA 110.4/105G,48.685339,0.6,1.446947,30.658151,PRICED_E1_shortage_ratio_OREO VANILLA 110.4/105G_T88_2,0.723474
CG_LT,89,,MM BINH PHU,MM AN PHU,OREO VANILLA 110.4/105G,62.858119,0.6,2.0,39.714871,PRICED_E1_shortage_ratio_OREO VANILLA 110.4/105G_T89_1,1.0
CG_LT,89,,MM HIEP PHU,MM AN PHU,OREO VANILLA 110.4/105G,46.082681,0.6,1.466244,29.115853,PRICED_E1_shortage_ratio_OREO VANILLA 110.4/105G_T89_2,0.733122
CG_LT,8,,MM DA NANG,MM AN PHU,OREO VANILLA 110.4/105G,76.613525,0.6,1.897784,47.865899,PRICED_E1_shortage_ratio_OREO VANILLA 110.4/105G_T8_1,0.948892
CG_LT,8,,MM HIEP PHU,MM AN PHU,OREO VANILLA 110.4/105G,76.948664,0.6,1.897784,48.066982,PRICED_E1_shortage_ratio_OREO VANILLA 110.4/105G_T8_1,0.948892
CG_LT,8,,MM DA NANG,MM AN PHU,OREO VANILLA 110.4/105G,25.755534,0.6,0.637987,16.091307,PRICED_E1_shortage_ratio_OREO VANILLA 110.4/105G_T8_2,0.318994
CG_LT,8,,MM HIEP PHU,MM AN PHU,OREO VANILLA 110.4/105G,0.31291,0.6,0.637987,0.825733,PRICED_E1_shortage_ratio_OREO VANILLA 110.4/105G_T8_2,0.318994
CG_LT,8,,MM HIEP PHU,MM BINH PHU,OREO VANILLA 110.4/105G,25.555289,0.6,0.637987,15.971161,PRICED_E1_shortage_ratio_OREO VANILLA 110.4/105G_T8_2,0.318994
CG_LT,90,,MM BINH PHU,MM AN PHU,OREO VANILLA 110.4/105G,145.733055,0.6,2.0,89.439833,PRICED_E1_shortage_ratio_OREO VANILLA 110.4/105G_T90_1,1.0
CG_LT,90,,MM BINH PHU,MM DA NANG,OREO VANILLA 110.4/105G,96.22866,0.6,2.0,59.737196,PRICED_E1_shortage_ratio_OREO VANILLA 110.4/105G_T90_1,1.0
CG_LT,90,,MM BINH PHU,MM AN PHU,OREO VANILLA 110.4/105G,36.214145,0.6,0.496993,22.22548,PRICED_E1_shortage_ratio_OREO VANILLA 110.4/105G_T90_4,0.248496
CG_LT,90,,MM HIEP PHU,MM DA NANG,OREO VANILLA 110.4/105G,23.912479,0.6,0.496993,14.84448,PRICED_E1_shortage_ratio_OREO VANILLA 110.4/105G_T90_4,0.248496
CG_LT,91,,MM BINH PHU,MM AN PHU,OREO VANILLA 110.4/105G,95.087496,0.6,2.0,59.052497,PRICED_E1_shortage_ratio_OREO VANILLA 110.4/105G_T91_1,1.0
CG_LT,91,,MM BINH PHU,MM DA NANG,OREO VANILLA 110.4/105G,112.818461,0.6,2.0,69.691077,PRICED_E1_shortage_ratio_OREO VANILLA 110.4/105G_T91_1,1.0
CG_LT,91,,MM BINH PHU,MM DA NANG,OREO VANILLA 110.4/105G,43.168739,0.6,0.765278,26.666521,PRICED_E1_shortage_ratio_OREO VANILLA 110.4/105G_T91_4,0.382639
CG_LT,91,,MM HIEP PHU,MM AN PHU,OREO VANILLA 110.4/105G,36.384181,0.6,0.765278,22.595786,PRICED_E1_shortage_ratio_OREO VANILLA 110.4/105G_T91_4,0.382639
CG_LT,92,,MM BINH PHU,MM AN PHU,OREO VANILLA 110.4/105G,83.810172,0.6,2.0,52.286103,PRICED_E1_shortage_ratio_OREO VANILLA 110.4/105G_T92_1,1.0
CG_LT,92,,MM HIEP PHU,MM AN PHU,OREO VANILLA 110.4/105G,20.798008,0.6,0.496312,12.975117,PRICED_E1_shortage_ratio_OREO VANILLA 110.4/105G_T92_2,0.248156
CG_LT,93,,MM BINH PHU,MM AN PHU,OREO VANILLA 110.4/105G,13.648649,0.6,0.204879,8.394069,PRICED_E1_shortage_ratio_OREO VANILLA 110.4/105G_T93_1,0.10244
CG_LT,93,,MM BINH PHU,MM DA NANG,OREO VANILLA 110.4/105G,2.754903,0.6,0.204879,1.857821,PRICED_E1_shortage_ratio_OREO VANILLA 110.4/105G_T93_1,0.10244
CG_LT,93,,MM BINH PHU,MM DA NANG,OREO VANILLA 110.4/105G,26.892926,0.6,2.0,18.135756,PRICED_E1_shortage_ratio_OREO VANILLA 110.4/105G_T93_2,1.0
CG_LT,93,,MM HIEP PHU,MM AN PHU,OREO VANILLA 110.4/105G,133.235937,0.6,2.0,81.941562,PRICED_E1_shortage_ratio_OREO VANILLA 110.4/105G_T93_2,1.0
CG_LT,94,,MM BINH PHU,MM AN PHU,OREO VANILLA 110.4/105G,11.559228,0.6,0.066851,7.002387,PRICED_E1_shortage_ratio_OREO VANILLA 110.4/105G_T94_1,0.033425
CG_LT,94,,MM BINH PHU,MM DA NANG,OREO VANILLA 110.4/105G,1.529895,0.6,0.066851,0.984787,PRICED_E1_shortage_ratio_OREO VANILLA 110.4/105G_T94_1,0.033425
CG_LT,94,,MM BINH PHU,MM AN PHU,OREO VANILLA 110.4/105G,345.82306,0.6,2.0,209.493836,PRICED_E1_shortage_ratio_OREO VANILLA 110.4/105G_T94_4,1.0
CG_LT,94,,MM HIEP PHU,MM DA NANG,OREO VANILLA 110.4/105G,45.770602,0.6,2.0,29.462361,PRICED_E1_shortage_ratio_OREO VANILLA 110.4/105G_T94_4,1.0
CG_LT,95,,MM BINH PHU,MM AN PHU,OREO VANILLA 110.4/105G,5.127253,0.6,0.033438,3.109789,PRICED_E1_shortage_ratio_OREO VANILLA 110.4/105G_T95_1,0.016719
CG_LT,95,,MM BINH PHU,MM DA NANG,OREO VANILLA 110.4/105G,1.000125,0.6,0.033438,0.633513,PRICED_E1_shortage_ratio_OREO VANILLA 110.4/105G_T95_1,0.016719
CG_LT,95,,MM BINH PHU,MM AN PHU,OREO VANILLA 110.4/105G,306.676364,0.6,2.0,186.005819,PRICED_E1_shortage_ratio_OREO VANILLA 110.4/105G_T95_4,1.0
CG_LT,95,,MM HIEP PHU,MM DA NANG,OREO VANILLA 110.4/105G,59.820496,0.6,2.0,37.892298,PRICED_E1_shortage_ratio_OREO VANILLA 110.4/105G_T95_4,1.0
CG_LT,96,,MM BINH PHU,MM AN PHU,OREO VANILLA 110.4/105G,16.273134,0.6,0.356599,10.12048,PRICED_E1_shortage_ratio_OREO VANILLA 110.4/105G_T96_2,0.1783
CG_LT,96,,MM HIEP PHU,MM DA NANG,OREO VANILLA 110.4/105G,16.642226,0.6,0.356599,10.341935,PRICED_E1_shortage_ratio_OREO VANILLA 110.4/105G_T96_2,0.1783
CG_LT,96,,MM BINH PHU,MM DA NANG,OREO VANILLA 110.4/105G,93.338574,0.6,2.0,58.003144,PRICED_E1_shortage_ratio_OREO VANILLA 110.4/105G_T96_4,1.0
CG_LT,96,,MM HIEP PHU,MM AN PHU,OREO VANILLA 110.4/105G,91.268508,0.6,2.0,56.761105,PRICED_E1_shortage_ratio_OREO VANILLA 110.4/105G_T96_4,1.0
CG_LT,97,,MM BINH PHU,MM AN PHU,OREO VANILLA 110.4/105G,17.818155,0.6,0.177747,10.86864,PRICED_E1_shortage_ratio_OREO VANILLA 110.4/105G_T97_1,0.088873
CG_LT,97,,MM BINH PHU,MM DA NANG,OREO VANILLA 110.4/105G,5.538513,0.6,0.177747,3.500855,PRICED_E1_shortage_ratio_OREO VANILLA 110.4/105G_T97_1,0.088873
CG_LT,97,,MM BINH PHU,MM DA NANG,OREO VANILLA 110.4/105G,62.319198,0.6,2.0,39.391519,PRICED_E1_shortage_ratio_OREO VANILLA 110.4/105G_T97_2,1.0
CG_LT,97,,MM HIEP PHU,MM AN PHU,OREO VANILLA 110.4/105G,200.489383,0.6,2.0,122.29363,PRICED_E1_shortage_ratio_OREO VANILLA 110.4/105G_T97_2,1.0
CG_LT,98,,MM BINH PHU,MM AN PHU,OREO VANILLA 110.4/105G,7.406292,0.6,0.086943,4.530718,PRICED_E1_shortage_ratio_OREO VANILLA 110.4/105G_T98_1,0.043472
CG_LT,98,,MM BINH PHU,MM DA NANG,OREO VANILLA 110.4/105G,0.660918,0.6,0.086943,0.483494,PRICED_E1_shortage_ratio_OREO VANILLA 110.4/105G_T98_1,0.043472
CG_LT,98,,MM BINH PHU,MM DA NANG,OREO VANILLA 110.4/105G,15.203481,0.6,2.0,11.122089,PRICED_E1_shortage_ratio_OREO VANILLA 110.4/105G_T98_2,1.0
CG_LT,98,,MM HIEP PHU,MM AN PHU,OREO VANILLA 110.4/105G,170.371143,0.6,2.0,104.222686,PRICED_E1_shortage_ratio_OREO VANILLA 110.4/105G_T98_2,1.0
CG_LT,99,,MM BINH PHU,MM AN PHU,OREO VANILLA 110.4/105G,157.71103,0.6,2.0,96.626618,PRICED_E1_shortage_ratio_OREO VANILLA 110.4/105G_T99_1,1.0
CG_LT,99,,MM BINH PHU,MM DA NANG,OREO VANILLA 110.4/105G,17.929303,0.6,2.0,12.757582,PRICED_E1_shortage_ratio_OREO VANILLA 110.4/105G_T99_1,1.0
CG_LT,99,,MM BINH PHU,MM DA NANG,OREO VANILLA 110.4/105G,2.089814,0.6,0.233117,1.487006,PRICED_E1_shortage_ratio_OREO VANILLA 110.4/105G_T99_2,0.116559
CG_LT,99,,MM HIEP PHU,MM AN PHU,OREO VANILLA 110.4/105G,18.382575,0.6,0.233117,11.262662,PRICED_E1_shortage_ratio_OREO VANILLA 110.4/105G_T99_2,0.116559
CG_LT,9,,MM DA NANG,MM AN PHU,OREO VANILLA 110.4/105G,21.484007,0.6,0.514785,13.405189,PRICED_E1_shortage_ratio_OREO VANILLA 110.4/105G_T9_1,0.257393
CG_LT,9,,MM DA NANG,MM BINH PHU,OREO VANILLA 110.4/105G,7.545033,0.6,0.514785,5.041805,PRICED_E1_shortage_ratio_OREO VANILLA 110.4/105G_T9_1,0.257393
CG_LT,9,,MM DA NANG,MM AN PHU,OREO VANILLA 110.4/105G,83.46786,0.6,2.0,52.080716,PRICED_E1_shortage_ratio_OREO VANILLA 110.4/105G_T9_4,1.0
CG_LT,9,,MM HIEP PHU,MM BINH PHU,OREO VANILLA 110.4/105G,29.313329,0.6,2.0,19.587997,PRICED_E1_shortage_ratio_OREO VANILLA 110.4/105G_T9_4,1.0
CG_LT,14,,MM HIEP PHU,MM AN PHU,AN RICE CRACKER SEAWEED 111.3G,18.38741,0.6,0.355151,11.387597,PRICED_E1_surplus_ratio_AN RICE CRACKER SEAWEED 111.3G_T14_1,0.177576
CG_LT,14,,MM HIEP PHU,MM BINH PHU,AN RICE CRACKER SEAWEED 111.3G,1.775755,0.6,0.355151,1.420604,PRICED_E1_surplus_ratio_AN RICE CRACKER SEAWEED 111.3G_T14_1,0.177576
CG_LT,14,,MM HIEP PHU,MM DA NANG,AN RICE CRACKER SEAWEED 111.3G,7.686559,0.6,0.355151,4.967087,PRICED_E1_surplus_ratio_AN RICE CRACKER SEAWEED 111.3G_T14_1,0.177576
CG_LT,89,,MM HIEP PHU,MM AN PHU,AN RICE CRACKER SEAWEED 111.3G,51.173605,0.6,2.0,32.704163,PRICED_E1_surplus_ratio_AN RICE CRACKER SEAWEED 111.3G_T89_1,1.0
CG_LT,89,,MM HIEP PHU,MM DA NANG,AN RICE CRACKER SEAWEED 111.3G,189.971992,0.6,2.0,115.983195,PRICED_E1_surplus_ratio_AN RICE CRACKER SEAWEED 111.3G_T89_1,1.0
CG_LT,91,,MM HIEP PHU,MM AN PHU,AN RICE CRACKER SEAWEED 111.3G,17.976486,0.6,0.372354,11.158246,PRICED_E1_surplus_ratio_AN RICE CRACKER SEAWEED 111.3G_T91_1,0.186177
CG_LT,91,,MM HIEP PHU,MM DA NANG,AN RICE CRACKER SEAWEED 111.3G,34.844146,0.6,0.372354,21.278842,PRICED_E1_surplus_ratio_AN RICE CRACKER SEAWEED 111.3G_T91_1,0.186177
CG_LT,97,,MM HIEP PHU,MM AN PHU,AN RICE CRACKER SEAWEED 111.3G,239.666587,0.6,2.0,145.799952,PRICED_E1_surplus_ratio_AN RICE CRACKER SEAWEED 111.3G_T97_1,1.0
CG_LT,97,,MM HIEP PHU,MM DA NANG,AN RICE CRACKER SEAWEED 111.3G,209.369458,0.6,2.0,127.621675,PRICED_E1_surplus_ratio_AN RICE CRACKER SEAWEED 111.3G_T97_1,1.0
CG_LT,99,,MM HIEP PHU,MM AN PHU,AN RICE CRACKER SEAWEED 111.3G,235.035157,0.6,2.0,143.021094,PRICED_E1_surplus_ratio_AN RICE CRACKER SEAWEED 111.3G_T99_1,1.0
CG_LT,99,,MM HIEP PHU,MM DA NANG,AN RICE CRACKER SEAWEED 111.3G,77.378177,0.6,2.0,48.426906,PRICED_E1_surplus_ratio_AN RICE CRACKER SEAWEED 111.3G_T99_1,1.0
CG_LT,21,,MM HIEP PHU,MM AN PHU,OREO VANILLA 110.4/105G,116.004228,0.6,2.0,71.602537,PRICED_E1_surplus_ratio_OREO VANILLA 110.4/105G_T21_1,1.0
CG_LT,21,,MM HIEP PHU,MM DA NANG,OREO VANILLA 110.4/105G,103.899952,0.6,2.0,64.339971,PRICED_E1_surplus_ratio_OREO VANILLA 110.4/105G_T21_1,1.0
CG_LT,22,,MM HIEP PHU,MM AN PHU,OREO VANILLA 110.4/105G,24.237204,0.6,0.340608,14.88293,PRICED_E1_surplus_ratio_OREO VANILLA 110.4/105G_T22_1,0.170304
CG_LT,22,,MM HIEP PHU,MM DA NANG,OREO VANILLA 110.4/105G,11.100007,0.6,0.340608,7.000612,PRICED_E1_surplus_ratio_OREO VANILLA 110.4/105G_T22_1,0.170304
CG_LT,26,,MM HIEP PHU,MM AN PHU,OREO VANILLA 110.4/105G,214.902587,0.6,2.0,130.941552,PRICED_E1_surplus_ratio_OREO VANILLA 110.4/105G_T26_1,1.0
CG_LT,26,,MM HIEP PHU,MM DA NANG,OREO VANILLA 110.4/105G,42.281106,0.6,2.0,27.368664,PRICED_E1_surplus_ratio_OREO VANILLA 110.4/105G_T26_1,1.0
CG_LT,101,,MM HIEP PHU,MM AN PHU,AN RICE CRACKER SEAWEED 111.3G,51.0,0.6,2.0,32.6,PRICED_E2_shortage_ratio_AN RICE CRACKER SEAWEED 111.3G_T101_2,1.0
CG_LT,141,,MM HIEP PHU,MM DA NANG,AN RICE CRACKER SEAWEED 111.3G,13.71804,0.6,2.0,10.230824,PRICED_E2_shortage_ratio_AN RICE CRACKER SEAWEED 111.3G_T141_2,1.0
CG_LT,37,,MM BINH PHU,MM DA NANG,AN RICE CRACKER SEAWEED 111.3G,18.675313,0.6,2.0,13.205188,PRICED_E2_shortage_ratio_AN RICE CRACKER SEAWEED 111.3G_T37_1,1.0
CG_LT,37,,MM HIEP PHU,MM DA NANG,AN RICE CRACKER SEAWEED 111.3G,9.447887,0.6,1.011805,6.680537,PRICED_E2_shortage_ratio_AN RICE CRACKER SEAWEED 111.3G_T37_2,0.505902
CG_LT,38,,MM HIEP PHU,MM DA NANG,AN RICE CRACKER SEAWEED 111.3G,6.717637,0.6,2.0,6.030582,PRICED_E2_shortage_ratio_AN RICE CRACKER SEAWEED 111.3G_T38_2,1.0
CG_LT,51,,MM BINH PHU,MM DA NANG,AN RICE CRACKER SEAWEED 111.3G,27.933972,0.6,2.0,18.760383,PRICED_E2_shortage_ratio_AN RICE CRACKER SEAWEED 111.3G_T51_1,1.0
CG_LT,60,,MM HIEP PHU,MM DA NANG,AN RICE CRACKER SEAWEED 111.3G,9.0272,0.6,2.0,7.41632,PRICED_E2_shortage_ratio_AN RICE CRACKER SEAWEED 111.3G_T60_2,1.0
CG_LT,61,,MM HIEP PHU,MM DA NANG,AN RICE CRACKER SEAWEED 111.3G,16.0272,0.6,2.0,11.61632,PRICED_E2_shortage_ratio_AN RICE CRACKER SEAWEED 111.3G_T61_2,1.0
CG_LT,6,,MM DA NANG,MM HIEP PHU,AN RICE CRACKER SEAWEED 111.3G,18.779837,0.6,2.0,13.267902,PRICED_E2_shortage_ratio_AN RICE CRACKER SEAWEED 111.3G_T6_1,1.0
CG_LT,91,,MM HIEP PHU,MM AN PHU,AN RICE CRACKER SEAWEED 111.3G,5.369467,0.6,2.0,5.22168,PRICED_E2_shortage_ratio_AN RICE CRACKER SEAWEED 111.3G_T91_2,1.0
CG_LT,96,,MM BINH PHU,MM AN PHU,AN RICE CRACKER SEAWEED 111.3G,5.222081,0.6,0.449701,3.58295,PRICED_E2_shortage_ratio_AN RICE CRACKER SEAWEED 111.3G_T96_1,0.22485
CG_LT,96,,MM HIEP PHU,MM AN PHU,AN RICE CRACKER SEAWEED 111.3G,23.22469,0.6,2.0,15.934814,PRICED_E2_shortage_ratio_AN RICE CRACKER SEAWEED 111.3G_T96_2,1.0
CG_LT,101,,MM BINH PHU,MM DA NANG,OREO VANILLA 110.4/105G,18.36577,0.6,2.0,13.019462,PRICED_E2_shortage_ratio_OREO VANILLA 110.4/105G_T101_1,1.0
CG_LT,106,,MM BINH PHU,MM DA NANG,OREO VANILLA 110.4/105G,7.638266,0.6,0.547235,5.130195,PRICED_E2_shortage_ratio_OREO VANILLA 110.4/105G_T106_1,0.273618
CG_LT,106,,MM HIEP PHU,MM DA NANG,OREO VANILLA 110.4/105G,27.915846,0.6,2.0,18.749508,PRICED_E2_shortage_ratio_OREO VANILLA 110.4/105G_T106_2,1.0
CG_LT,145,,MM BINH PHU,MM DA NANG,OREO VANILLA 110.4/105G,7.1808,0.6,2.0,6.30848,PRICED_E2_shortage_ratio_OREO VANILLA 110.4/105G_T145_1,1.0
CG_LT,14,,MM HIEP PHU,MM DA NANG,OREO VANILLA 110.4/105G,9.526143,0.6,2.0,7.715686,PRICED_E2_shortage_ratio_OREO VANILLA 110.4/105G_T14_1,1.0
CG_LT,16,,MM HIEP PHU,MM DA NANG,OREO VANILLA 110.4/105G,14.349525,0.6,2.0,10.609715,PRICED_E2_shortage_ratio_OREO VANILLA 110.4/105G_T16_1,1.0
CG_LT,26,,MM BINH PHU,MM DA NANG,OREO VANILLA 110.4/105G,25.594105,0.6,2.0,17.356463,PRICED_E2_shortage_ratio_OREO VANILLA 110.4/105G_T26_1,1.0
CG_LT,34,,MM DA NANG,MM AN PHU,OREO VANILLA 110.4/105G,2.161921,0.6,2.0,3.297153,PRICED_E2_shortage_ratio_OREO VANILLA 110.4/105G_T34_1,1.0
CG_LT,36,,MM BINH PHU,MM DA NANG,OREO VANILLA 110.4/105G,28.279505,0.6,2.0,18.967703,PRICED_E2_shortage_ratio_OREO VANILLA 110.4/105G_T36_1,1.0
CG_LT,7,,MM DA NANG,MM BINH PHU,OREO VANILLA 110.4/105G,9.279127,0.6,2.0,7.567476,PRICED_E2_shortage_ratio_OREO VANILLA 110.4/105G_T7_1,1.0
CG_LT,90,,MM HIEP PHU,MM DA NANG,OREO VANILLA 110.4/105G,12.299821,0.6,2.0,9.379893,PRICED_E2_shortage_ratio_OREO VANILLA 110.4/105G_T90_2,1.0
CG_LT,34,,MM DA NANG,MM AN PHU,OREO VANILLA 110.4/105G,1.762567,0.6,2.0,3.05754,PRICED_E3_shortage_ratio_OREO VANILLA 110.4/105G_T34_1,1.0
CG_LT,34,,MM DA NANG,MM AN PHU,OREO VANILLA 110.4/105G,1.538068,0.6,2.0,2.922841,PRICED_E4_shortage_ratio_OREO VANILLA 110.4/105G_T34_1,1.0
CG_LT,34,,MM DA NANG,MM AN PHU,OREO VANILLA 110.4/105G,1.342163,0.6,2.0,2.805298,PRICED_E5_shortage_ratio_OREO VANILLA 110.4/105G_T34_1,1.0
CG_LT,34,,MM DA NANG,MM AN PHU,OREO VANILLA 110.4/105G,1.17121,0.6,2.0,2.702726,PRICED_E6_shortage_ratio_OREO VANILLA 110.4/105G_T34_1,1.0
CG_LT,34,,MM DA NANG,MM AN PHU,OREO VANILLA 110.4/105G,1.022032,0.6,2.0,2.613219,PRICED_E7_shortage_ratio_OREO VANILLA 110.4/105G_T34_1,1.0
CG_LT,34,,MM DA NANG,MM AN PHU,OREO VANILLA 110.4/105G,0.891855,0.6,2.0,2.535113,PRICED_E8_shortage_ratio_OREO VANILLA 110.4/105G_T34_1,1.0
CG_LT,34,,MM DA NANG,MM AN PHU,OREO VANILLA 110.4/105G,0.778259,0.6,2.0,2.466955,PRICED_E9_shortage_ratio_OREO VANILLA 110.4/105G_T34_1,1.0
